SessionID,ExperimentType,FileName,FileTrialIndex,Attempt,GoodTrialIndexBefore,Block,BlockAttempt,BlockGoodBefore,ExpectedTrialsInBlock,ExpectedChoiceTrialsInBlock,ExpectedInstructionTrialsInBlock,TotalBlocksTarget,BlockRichTarget,TrialType,ConditionID,SchedulePhase,CurrentScheduleRow,TrialSeed,NStim,SingleTargetID,T1Side,T2Side,RichTarget,RichSide,HighSalienceTarget,HighSalienceSide,ChosenTarget,ChosenSide,Outcome,OutcomeCode,TrialEndState,GoodTrial,TrialRepeatFlag,MissedFrames,PassEye,PassJoy,MouseEyeSim,RewardT1Ms,RewardT2Ms,ActualRichRewardMs,ActualPoorRewardMs,RewardDifferenceT1MinusT2Ms,ChosenRewardMs,SalienceType,BackgroundHueDeg,HueT1Deg,HueT2Deg,HueContrastT1Deg,HueContrastT2Deg,HueContrastDifferenceT1MinusT2Deg,HueContrastMagnitudeDeg,MeasuredLuminanceT1CdM2,MeasuredLuminanceT2CdM2,MeasuredLuminanceDifferenceT1MinusT2CdM2,TrialStartPTB,TrialStartDP,TrialDurationSec,FixOnSec,FixAcquiredSec,FixHoldReqMetSec,FixOffSec,SaccadeOnsetSec,SaccadeOffsetSec,TargetAcquiredSec,JoyPressSec,JoyReleaseSec,RewardTimeSec,FixAcquisitionLatencyMs,ReactionTimeMs,SaccadeDurationMs,TargetAcquisitionLatencyMs,TrialTypeLabel,T1SideLabel,T2SideLabel,ChosenSideLabel,RichSideLabel,HighSalienceSideLabel,IsInstruction,IsChoice,IsCongruent,IsConflict,GoodChoice,ChoseRight,ChoseT1,ChoseRich,ChoseHighSalience,ChoseLeft,ChoseT2,ChosePoor,ChoseLowSalience,T1OnRight,RichOnRight,HighSalienceOnRight,T1IsRich,T1IsHighSalience,ChoiceMappingValid,GoodTrialOrdinal,ChoiceOrdinal,BlockUID,GoodTrialInBlock,ChoiceInBlock,SessionElapsedMin,PreTrialIntervalSec,PreviousChosenTarget,PreviousChosenSide,PreviousRewardMs,PreviousChoiceSameBlock,SwitchedTarget,SwitchedSide,StayedTarget,StayedSide,RealEyeChoice
20260729_t1546_srsSmooth_direct_rgb_training,srs_direct_rgb_training,trial0001.mat,1,1,0,1,1,0,100,80,20,8,1,0,2,1,10,24117,1,1,2,1,1,2,1,2,1,2,SINGLE_T1_CORRECT,10,455,1,0,1,0,0,0,98,46,98,46,52,98,3,NaN,NaN,NaN,NaN,NaN,NaN,NaN,12.0521650314331,0.229538261890411,11.8226267695427,1785354587.37123,20191.82737596,2.04890894889832,0.0200996398925781,0.245527029037476,0.770557880401611,1.10347557067871,1.32098293304443,1.37086749076843,1.37086749076843,-1,-1,1.64853262901306,225.427389144897,217.507362365723,49.884557723999,267.391920089722,Instruction,Left,Right,Left,Left,Left,1,0,0,0,0,NaN,NaN,NaN,NaN,NaN,NaN,NaN,NaN,0,0,0,1,1,0,1,NaN,20260729_t1546_srsSmooth_direct_rgb_training_B001,1,NaN,0,NaN,NaN,NaN,NaN,0,NaN,NaN,NaN,NaN,0
20260729_t1546_srsSmooth_direct_rgb_training,srs_direct_rgb_training,trial0002.mat,2,2,1,1,2,1,100,80,20,8,1,0,3,1,11,28541,1,2,2,1,1,2,2,1,2,1,SINGLE_T2_CORRECT,11,455,1,0,0,0,0,0,100,61,100,61,39,61,3,NaN,NaN,NaN,NaN,NaN,NaN,NaN,0.229538261890411,12.0521650314331,-11.8226267695427,1785354606.99655,20211.452284,2.08224964141846,0.0122253894805908,0.1959388256073,0.829419612884521,1.16227149963379,1.41278982162476,1.45425939559937,1.45425939559937,-1,-1,1.71530222892761,183.713436126709,250.518321990967,41.4695739746094,291.987895965576,Instruction,Left,Right,Right,Left,Right,1,0,0,0,0,NaN,NaN,NaN,NaN,NaN,NaN,NaN,NaN,0,0,1,1,0,0,2,NaN,20260729_t1546_srsSmooth_direct_rgb_training_B001,2,NaN,0.327088602383932,17.5764071941376,NaN,NaN,NaN,0,NaN,NaN,NaN,NaN,0
20260729_t1546_srsSmooth_direct_rgb_training,srs_direct_rgb_training,trial0003.mat,3,3,2,1,3,2,100,80,20,8,1,0,1,1,4,23642,1,1,1,2,1,1,1,1,1,1,SINGLE_T1_CORRECT,10,455,1,0,0,0,0,0,117,51,117,51,66,117,3,NaN,NaN,NaN,NaN,NaN,NaN,NaN,12.0521650314331,0.229538261890411,11.8226267695427,1785354610.42534,20214.88091884,2.29562664031982,0.0169038772583008,0.192360639572144,0.925871849060059,1.25861883163452,1.53412342071533,1.57581472396851,1.57581472396851,-1,-1,1.87812781333923,175.456762313843,275.504589080811,41.6913032531738,317.195892333984,Instruction,Right,Left,Right,Right,Right,1,0,0,0,0,NaN,NaN,NaN,NaN,NaN,NaN,NaN,NaN,1,1,1,1,1,0,3,NaN,20260729_t1546_srsSmooth_direct_rgb_training_B001,3,NaN,0.384235111872355,1.34654092788696,NaN,NaN,NaN,0,NaN,NaN,NaN,NaN,0
20260729_t1546_srsSmooth_direct_rgb_training,srs_direct_rgb_training,trial0004.mat,4,4,3,1,4,3,100,80,20,8,1,0,3,1,12,28413,1,2,2,1,1,2,2,1,0,0,,0,11,0,1,0,0,0,0,75,46,75,46,29,NaN,3,NaN,NaN,NaN,NaN,NaN,NaN,NaN,0.229538261890411,12.0521650314331,-11.8226267695427,1785354614.00914,20218.46465932,0.269039154052734,0.0165801048278809,0.209002256393433,-1,-1,-1,-1,-1,-1,-1,-1,192.422151565552,NaN,NaN,NaN,Instruction,Left,Right,None,Left,Right,1,0,0,0,0,NaN,NaN,NaN,NaN,NaN,NaN,NaN,NaN,0,0,1,1,0,0,3,NaN,20260729_t1546_srsSmooth_direct_rgb_training_B001,NaN,NaN,0.443965073426565,1.28817105293274,NaN,NaN,NaN,0,NaN,NaN,NaN,NaN,0
20260729_t1546_srsSmooth_direct_rgb_training,srs_direct_rgb_training,trial0005.mat,5,5,3,1,5,3,100,80,20,8,1,0,3,1,15,13432,1,2,2,1,1,2,2,1,2,1,SINGLE_T2_CORRECT,11,455,1,0,0,0,0,0,109,63,109,63,46,63,3,NaN,NaN,NaN,NaN,NaN,NaN,NaN,0.229538261890411,12.0521650314331,-11.8226267695427,1785354615.5364,20219.99196484,2.36085724830627,0.0143804550170898,0.206456899642944,0.973089218139648,1.30609846115112,1.64048767089844,1.68207454681396,1.68207454681396,-1,-1,1.9848518371582,192.076444625854,334.389209747314,41.5868759155273,375.976085662842,Instruction,Left,Right,Right,Left,Right,1,0,0,0,0,NaN,NaN,NaN,NaN,NaN,NaN,NaN,NaN,0,0,1,1,0,0,4,NaN,20260729_t1546_srsSmooth_direct_rgb_training_B001,4,NaN,0.469419399897258,1.25822043418884,NaN,NaN,NaN,0,NaN,NaN,NaN,NaN,0
20260729_t1546_srsSmooth_direct_rgb_training,srs_direct_rgb_training,trial0006.mat,6,6,4,1,6,4,100,80,20,8,1,0,2,1,7,23931,1,1,2,1,1,2,1,2,1,2,SINGLE_T1_CORRECT,10,455,1,0,0,0,0,0,82,58,82,58,24,82,3,NaN,NaN,NaN,NaN,NaN,NaN,NaN,12.0521650314331,0.229538261890411,11.8226267695427,1785354619.20798,20223.66347124,2.12933850288391,0.0179429054260254,0.243516683578491,0.826705932617188,1.15965390205383,1.49374103546143,1.52679491043091,1.52679491043091,-1,-1,1.74690008163452,225.573778152466,334.087133407593,33.0538749694824,367.141008377075,Instruction,Left,Right,Left,Left,Left,1,0,0,0,0,NaN,NaN,NaN,NaN,NaN,NaN,NaN,NaN,0,0,0,1,1,0,5,NaN,20260729_t1546_srsSmooth_direct_rgb_training_B001,5,NaN,0.530612444877624,1.31072545051575,NaN,NaN,NaN,0,NaN,NaN,NaN,NaN,0
20260729_t1546_srsSmooth_direct_rgb_training,srs_direct_rgb_training,trial0017.mat,17,17,5,1,17,5,100,80,20,8,1,0,1,1,2,10425,1,1,1,2,1,1,1,1,1,1,SINGLE_T1_CORRECT,10,455,1,0,0,0,0,0,96,65,96,65,31,96,3,NaN,NaN,NaN,NaN,NaN,NaN,NaN,12.0521650314331,0.229538261890411,11.8226267695427,1785354637.1634,20241.61841372,2.27448439598083,0.0132203102111816,0.23072338104248,0.93047571182251,1.26326823234558,1.55533766746521,1.5970356464386,1.5970356464386,-1,-1,1.88214445114136,217.503070831299,292.069435119629,41.6979789733887,333.767414093018,Instruction,Right,Left,Right,Right,Right,1,0,0,0,0,NaN,NaN,NaN,NaN,NaN,NaN,NaN,NaN,1,1,1,1,1,0,6,NaN,20260729_t1546_srsSmooth_direct_rgb_training_B001,6,NaN,0.829869488875071,15.8260841369629,NaN,NaN,NaN,0,NaN,NaN,NaN,NaN,0
20260729_t1546_srsSmooth_direct_rgb_training,srs_direct_rgb_training,trial0018.mat,18,18,6,1,18,6,100,80,20,8,1,0,4,1,16,6303,1,2,1,2,1,1,2,2,2,2,SINGLE_T2_CORRECT,11,455,1,0,1,0,0,0,117,58,117,58,59,58,3,NaN,NaN,NaN,NaN,NaN,NaN,NaN,0.229538261890411,12.0521650314331,-11.8226267695427,1785354640.66205,20245.11710044,1.99252605438232,0.01470947265625,0.231779336929321,0.74003529548645,1.06474947929382,1.34011077880859,1.3653929233551,1.3653929233551,-1,-1,1.63374543190002,217.069864273071,275.361299514771,25.2821445465088,300.643444061279,Instruction,Right,Left,Left,Right,Left,1,0,0,0,0,NaN,NaN,NaN,NaN,NaN,NaN,NaN,NaN,1,1,0,1,0,0,7,NaN,20260729_t1546_srsSmooth_direct_rgb_training_B001,7,NaN,0.888180267810821,1.22416234016418,NaN,NaN,NaN,0,NaN,NaN,NaN,NaN,0
20260729_t1546_srsSmooth_direct_rgb_training,srs_direct_rgb_training,trial0019.mat,19,19,7,1,19,7,100,80,20,8,1,0,4,1,20,30496,1,2,1,2,1,1,2,2,2,2,SINGLE_T2_CORRECT,11,455,1,0,0,0,0,0,91,61,91,61,30,61,3,NaN,NaN,NaN,NaN,NaN,NaN,NaN,0.229538261890411,12.0521650314331,-11.8226267695427,1785354643.88806,20248.34299864,2.20848059654236,0.0138235092163086,0.247952461242676,0.914187431335449,1.24720454216003,1.55588126182556,1.58087658882141,1.58087658882141,-1,-1,1.84942269325256,234.128952026367,308.676719665527,24.9953269958496,333.672046661377,Instruction,Right,Left,Left,Right,Left,1,0,0,0,0,NaN,NaN,NaN,NaN,NaN,NaN,NaN,NaN,1,1,0,1,0,0,8,NaN,20260729_t1546_srsSmooth_direct_rgb_training_B001,8,NaN,0.941947118441264,1.23348498344421,NaN,NaN,NaN,0,NaN,NaN,NaN,NaN,0
20260729_t1546_srsSmooth_direct_rgb_training,srs_direct_rgb_training,trial0020.mat,20,20,8,1,20,8,100,80,20,8,1,0,1,1,3,30327,1,1,1,2,1,1,1,1,1,1,SINGLE_T1_CORRECT,10,455,1,0,0,0,0,0,120,61,120,61,59,120,3,NaN,NaN,NaN,NaN,NaN,NaN,NaN,12.0521650314331,0.229538261890411,11.8226267695427,1785354647.33344,20251.78823188,2.26351118087769,0.010239839553833,0.235993385314941,0.910928010940552,1.24362087249756,1.54425811767578,1.59445571899414,1.59445571899414,-1,-1,1.84635782241821,225.753545761108,300.637245178223,50.1976013183594,350.834846496582,Instruction,Right,Left,Right,Right,Right,1,0,0,0,0,NaN,NaN,NaN,NaN,NaN,NaN,NaN,NaN,1,1,1,1,1,0,9,NaN,20260729_t1546_srsSmooth_direct_rgb_training_B001,9,NaN,0.999370177586873,1.23690295219421,NaN,NaN,NaN,0,NaN,NaN,NaN,NaN,0
20260729_t1546_srsSmooth_direct_rgb_training,srs_direct_rgb_training,trial0021.mat,21,21,9,1,21,9,100,80,20,8,1,0,3,1,14,9865,1,2,2,1,1,2,2,1,2,1,SINGLE_T2_CORRECT,11,455,1,0,0,0,0,0,125,73,125,73,52,73,3,NaN,NaN,NaN,NaN,NaN,NaN,NaN,0.229538261890411,12.0521650314331,-11.8226267695427,1785354650.83052,20255.28525672,2.3666787147522,0.0132942199707031,0.288659572601318,1.0557279586792,1.38834691047668,1.70574426651001,1.74741864204407,1.74741864204407,-1,-1,1.99096059799194,275.365352630615,317.397356033325,41.6743755340576,359.071731567383,Instruction,Left,Right,Right,Left,Right,1,0,0,0,0,NaN,NaN,NaN,NaN,NaN,NaN,NaN,NaN,0,0,1,1,0,0,10,NaN,20260729_t1546_srsSmooth_direct_rgb_training_B001,10,NaN,1.05765487353007,1.23357057571411,NaN,NaN,NaN,0,NaN,NaN,NaN,NaN,0
20260729_t1546_srsSmooth_direct_rgb_training,srs_direct_rgb_training,trial0022.mat,22,22,10,1,22,10,100,80,20,8,1,0,4,1,19,28023,1,2,1,2,1,1,2,2,2,2,SINGLE_T2_CORRECT,11,455,1,0,0,0,0,0,92,61,92,61,31,61,3,NaN,NaN,NaN,NaN,NaN,NaN,NaN,0.229538261890411,12.0521650314331,-11.8226267695427,1785354654.45059,20258.90526804,2.33006978034973,0.0100352764129639,0.244042873382568,1.0443058013916,1.37675499916077,1.66079902648926,1.7025043964386,1.7025043964386,-1,-1,1.97095608711243,234.007596969604,284.044027328491,41.7053699493408,325.749397277832,Instruction,Right,Left,Left,Right,Left,1,0,0,0,0,NaN,NaN,NaN,NaN,NaN,NaN,NaN,NaN,1,1,0,1,0,0,11,NaN,20260729_t1546_srsSmooth_direct_rgb_training_B001,11,NaN,1.11798928976059,1.25338625907898,NaN,NaN,NaN,0,NaN,NaN,NaN,NaN,0
20260729_t1546_srsSmooth_direct_rgb_training,srs_direct_rgb_training,trial0023.mat,23,23,11,1,23,11,100,80,20,8,1,0,3,1,13,7500,1,2,2,1,1,2,2,1,2,1,SINGLE_T2_CORRECT,11,455,1,0,0,0,0,0,112,54,112,54,58,54,3,NaN,NaN,NaN,NaN,NaN,NaN,NaN,0.229538261890411,12.0521650314331,-11.8226267695427,1785354658.00663,20262.46124232,2.29955410957336,0.012470006942749,0.229564666748047,1.01295971870422,1.34585499763489,1.64629721641541,1.68807935714722,1.68807935714722,-1,-1,1.94842600822449,217.094659805298,300.442218780518,41.7821407318115,342.224359512329,Instruction,Left,Right,Right,Left,Right,1,0,0,0,0,NaN,NaN,NaN,NaN,NaN,NaN,NaN,NaN,0,0,1,1,0,0,12,NaN,20260729_t1546_srsSmooth_direct_rgb_training_B001,12,NaN,1.17725656032562,1.22596645355225,NaN,NaN,NaN,0,NaN,NaN,NaN,NaN,0
20260729_t1546_srsSmooth_direct_rgb_training,srs_direct_rgb_training,trial0024.mat,24,24,12,1,24,12,100,80,20,8,1,0,3,1,12,28413,1,2,2,1,1,2,2,1,2,1,SINGLE_T2_CORRECT,11,455,1,0,0,0,0,0,98,46,98,46,52,46,3,NaN,NaN,NaN,NaN,NaN,NaN,NaN,0.229538261890411,12.0521650314331,-11.8226267695427,1785354661.54094,20265.99544224,2.33185696601868,0.011627197265625,0.212376117706299,0.970729112625122,1.30334305763245,1.64581537246704,1.6871063709259,1.6871063709259,-1,-1,1.9890513420105,200.748920440674,342.472314834595,41.2909984588623,383.763313293457,Instruction,Left,Right,Right,Left,Right,1,0,0,0,0,NaN,NaN,NaN,NaN,NaN,NaN,NaN,NaN,0,0,1,1,0,0,13,NaN,20260729_t1546_srsSmooth_direct_rgb_training_B001,13,NaN,1.23616178830465,1.23475956916809,NaN,NaN,NaN,0,NaN,NaN,NaN,NaN,0
20260729_t1546_srsSmooth_direct_rgb_training,srs_direct_rgb_training,trial0025.mat,25,25,13,1,25,13,100,80,20,8,1,0,2,1,8,17102,1,1,2,1,1,2,1,2,1,2,SINGLE_T1_CORRECT,10,455,1,0,0,0,0,0,106,56,106,56,50,106,3,NaN,NaN,NaN,NaN,NaN,NaN,NaN,12.0521650314331,0.229538261890411,11.8226267695427,1785354665.11107,20269.5654958,2.21135377883911,0.0166378021240234,0.234198093414307,0.817460536956787,1.15001487731934,1.47553443908691,1.51750516891479,1.51750516891479,-1,-1,1.80261635780334,217.560291290283,325.519561767578,41.9707298278809,367.490291595459,Instruction,Left,Right,Left,Left,Left,1,0,0,0,0,NaN,NaN,NaN,NaN,NaN,NaN,NaN,NaN,0,0,0,1,1,0,14,NaN,20260729_t1546_srsSmooth_direct_rgb_training_B001,14,NaN,1.29566391309102,1.23827052116394,NaN,NaN,NaN,0,NaN,NaN,NaN,NaN,0
20260729_t1546_srsSmooth_direct_rgb_training,srs_direct_rgb_training,trial0026.mat,26,26,14,1,26,14,100,80,20,8,1,0,4,1,17,6375,1,2,1,2,1,1,2,2,2,2,SINGLE_T2_CORRECT,11,455,1,0,0,0,0,0,107,62,107,62,45,62,3,NaN,NaN,NaN,NaN,NaN,NaN,NaN,0.229538261890411,12.0521650314331,-11.8226267695427,1785354668.54518,20272.99964496,2.09454011917114,0.0159869194030762,0.291470050811768,0.85814356803894,1.19103288650513,1.48329997062683,1.51667761802673,1.51667761802673,-1,-1,1.7351770401001,275.483131408691,292.267084121704,33.3776473999023,325.644731521606,Instruction,Right,Left,Left,Right,Left,1,0,0,0,0,NaN,NaN,NaN,NaN,NaN,NaN,NaN,NaN,1,1,0,1,0,0,15,NaN,20260729_t1546_srsSmooth_direct_rgb_training_B001,15,NaN,1.35289919376373,1.22276306152344,NaN,NaN,NaN,0,NaN,NaN,NaN,NaN,0
20260729_t1546_srsSmooth_direct_rgb_training,srs_direct_rgb_training,trial0027.mat,27,27,15,1,27,15,100,80,20,8,1,0,1,1,1,14918,1,1,1,2,1,1,1,1,1,1,SINGLE_T1_CORRECT,10,455,1,0,0,0,0,0,93,70,93,70,23,93,3,NaN,NaN,NaN,NaN,NaN,NaN,NaN,12.0521650314331,0.229538261890411,11.8226267695427,1785354671.85647,20276.31087736,2.03281807899475,0.0131587982177734,0.113843441009521,0.663894891738892,0.996529817581177,1.33039164543152,1.37195253372192,1.37195253372192,-1,-1,1.64051008224487,100.684642791748,333.861827850342,41.5608882904053,375.422716140747,Instruction,Right,Left,Right,Right,Right,1,0,0,0,0,NaN,NaN,NaN,NaN,NaN,NaN,NaN,NaN,1,1,1,1,1,0,16,NaN,20260729_t1546_srsSmooth_direct_rgb_training_B001,16,NaN,1.40808736085892,1.21674990653992,NaN,NaN,NaN,0,NaN,NaN,NaN,NaN,0
20260729_t1546_srsSmooth_direct_rgb_training,srs_direct_rgb_training,trial0028.mat,28,28,16,1,28,16,100,80,20,8,1,0,1,1,5,20859,1,1,1,2,1,1,1,1,1,1,SINGLE_T1_CORRECT,10,455,1,0,0,0,0,0,106,50,106,50,56,106,3,NaN,NaN,NaN,NaN,NaN,NaN,NaN,12.0521650314331,0.229538261890411,11.8226267695427,1785354675.12041,20279.57461484,2.29465174674988,0.01601243019104,0.241375207901001,0.974973678588867,1.30772948265076,1.59152364730835,1.63319230079651,1.63319230079651,-1,-1,1.88512897491455,225.362777709961,283.794164657593,41.6686534881592,325.462818145752,Instruction,Right,Left,Right,Right,Right,1,0,0,0,0,NaN,NaN,NaN,NaN,NaN,NaN,NaN,NaN,1,1,1,1,1,0,17,NaN,20260729_t1546_srsSmooth_direct_rgb_training_B001,17,NaN,1.46248635053635,1.231121301651,NaN,NaN,NaN,0,NaN,NaN,NaN,NaN,0
20260729_t1546_srsSmooth_direct_rgb_training,srs_direct_rgb_training,trial0029.mat,29,29,17,1,29,17,100,80,20,8,1,0,4,1,18,4904,1,2,1,2,1,1,2,2,2,2,SINGLE_T2_CORRECT,11,455,1,0,0,0,0,0,101,63,101,63,38,63,3,NaN,NaN,NaN,NaN,NaN,NaN,NaN,0.229538261890411,12.0521650314331,-11.8226267695427,1785354678.65016,20283.10432136,2.09001398086548,0.0114066600799561,0.178979158401489,0.778461217880249,1.11144852638245,1.39539241790771,1.43703556060791,1.43703556060791,-1,-1,1.73039269447327,167.572498321533,283.943891525269,41.6431427001953,325.587034225464,Instruction,Right,Left,Left,Right,Left,1,0,0,0,0,NaN,NaN,NaN,NaN,NaN,NaN,NaN,NaN,1,1,0,1,0,0,18,NaN,20260729_t1546_srsSmooth_direct_rgb_training_B001,18,NaN,1.5213153998057,1.23509120941162,NaN,NaN,NaN,0,NaN,NaN,NaN,NaN,0
20260729_t1546_srsSmooth_direct_rgb_training,srs_direct_rgb_training,trial0030.mat,30,30,18,1,30,18,100,80,20,8,1,0,2,1,6,30992,1,1,2,1,1,2,1,2,1,2,SINGLE_T1_CORRECT,10,455,1,0,0,0,0,0,99,65,99,65,34,99,3,NaN,NaN,NaN,NaN,NaN,NaN,NaN,12.0521650314331,0.229538261890411,11.8226267695427,1785354681.9683,20286.42249136,2.08054375648499,0.0100584030151367,0.210396289825439,0.769102573394775,1.10176753997803,1.37738251686096,1.41039776802063,1.41039776802063,-1,-1,1.67950987815857,200.337886810303,275.614976882935,33.015251159668,308.630228042603,Instruction,Left,Right,Left,Left,Left,1,0,0,0,0,NaN,NaN,NaN,NaN,NaN,NaN,NaN,NaN,0,0,0,1,1,0,19,NaN,20260729_t1546_srsSmooth_direct_rgb_training_B001,19,NaN,1.57661778529485,1.22812914848328,NaN,NaN,NaN,0,NaN,NaN,NaN,NaN,0
20260729_t1546_srsSmooth_direct_rgb_training,srs_direct_rgb_training,trial0031.mat,31,31,19,1,31,19,100,80,20,8,1,0,2,1,9,21209,1,1,2,1,1,2,1,2,1,2,SINGLE_T1_CORRECT,10,455,1,0,0,0,0,0,81,70,81,70,11,81,3,NaN,NaN,NaN,NaN,NaN,NaN,NaN,12.0521650314331,0.229538261890411,11.8226267695427,1785354685.27979,20289.73377632,2.04391956329346,0.0153670310974121,0.190618515014648,0.799460411071777,1.12374305725098,1.39931702613831,1.43269681930542,1.43269681930542,-1,-1,1.65951085090637,175.251483917236,275.573968887329,33.3797931671143,308.953762054443,Instruction,Left,Right,Left,Left,Left,1,0,0,0,0,NaN,NaN,NaN,NaN,NaN,NaN,NaN,NaN,0,0,0,1,1,0,20,NaN,20260729_t1546_srsSmooth_direct_rgb_training_B001,20,NaN,1.63180924256643,1.23094367980957,NaN,NaN,NaN,0,NaN,NaN,NaN,NaN,0
20260729_t1546_srsSmooth_direct_rgb_training,srs_direct_rgb_training,trial0033.mat,33,33,20,1,33,20,100,80,20,8,1,1,5,2,30,24642,2,0,1,2,1,1,1,1,1,1,CHOSE_HIGH_SAL,1,455,1,0,0,0,0,0,83,38,83,38,45,83,3,NaN,NaN,NaN,NaN,NaN,NaN,NaN,10.7148523330688,1.6594420671463,9.0554102659225,1785354690.00391,20294.45791812,2.06950306892395,0.0164234638214111,0.216748476028442,0.808492422103882,1.13313364982605,1.40851759910583,1.4421648979187,1.4421648979187,-1,-1,1.68610763549805,200.325012207031,275.383949279785,33.6472988128662,309.031248092651,Congruent,Right,Left,Right,Right,Right,0,1,1,0,1,1,1,1,1,0,0,0,0,1,1,1,1,1,1,21,1,20260729_t1546_srsSmooth_direct_rgb_training_B001,21,1,1.71054468154907,2.68020677566528,NaN,NaN,NaN,0,NaN,NaN,NaN,NaN,1
20260729_t1546_srsSmooth_direct_rgb_training,srs_direct_rgb_training,trial0034.mat,34,34,21,1,34,21,100,80,20,8,1,2,7,2,77,22960,2,0,1,2,1,1,2,2,1,1,CHOSE_LOW_SAL,2,455,1,0,0,0,0,0,85,71,85,71,14,85,3,NaN,NaN,NaN,NaN,NaN,NaN,NaN,0.93046361207962,10.7148523330688,-9.78438872098918,1785354693.3294,20297.7834128,2.26138782501221,0.0160632133483887,0.27500581741333,0.866807699203491,1.19944190979004,1.53362536430359,1.58323287963867,1.58323287963867,-1,-1,1.86082100868225,258.942604064941,334.18345451355,49.607515335083,383.790969848633,Conflict,Right,Left,Right,Right,Left,0,1,0,1,1,1,1,1,0,0,0,0,1,1,1,0,1,0,1,22,2,20260729_t1546_srsSmooth_direct_rgb_training_B001,22,2,1.76596950689952,1.25598645210266,1,1,83,1,0,0,1,1,1
20260729_t1546_srsSmooth_direct_rgb_training,srs_direct_rgb_training,trial0035.mat,35,35,22,1,35,22,100,80,20,8,1,2,8,2,86,8432,2,0,2,1,1,2,2,1,2,1,CHOSE_HIGH_SAL,1,455,1,0,0,0,0,0,110,84,110,84,26,84,3,NaN,NaN,NaN,NaN,NaN,NaN,NaN,3.45859241485596,8.26335430145264,-4.80476188659668,1785354696.86013,20301.3140374,2.23032164573669,0.0104718208312988,0.210862874984741,0.944378614425659,1.27718782424927,1.56927275657654,1.61096739768982,1.61096739768982,-1,-1,1.84632015228271,200.391054153442,292.084932327271,41.6946411132812,333.779573440552,Conflict,Left,Right,Right,Left,Right,0,1,0,1,1,1,0,0,1,0,1,1,0,0,0,1,1,0,1,23,3,20260729_t1546_srsSmooth_direct_rgb_training_B001,23,3,1.82481497923533,1.26934051513672,1,1,85,1,1,0,0,1,1
20260729_t1546_srsSmooth_direct_rgb_training,srs_direct_rgb_training,trial0036.mat,36,36,23,1,36,23,100,80,20,8,1,2,8,2,100,27658,2,0,2,1,1,2,2,1,2,1,CHOSE_HIGH_SAL,1,455,1,0,0,0,0,0,108,65,108,65,43,65,3,NaN,NaN,NaN,NaN,NaN,NaN,NaN,2.77822589874268,9.43528938293457,-6.65706348419189,1785354700.37688,20304.8306832,2.78993821144104,0.010521411895752,0.169131994247437,0.84433388710022,1.17723345756531,1.47758460044861,1.5108597278595,1.5108597278595,-1,-1,1.73763561248779,158.610582351685,300.351142883301,33.2751274108887,333.626270294189,Conflict,Left,Right,Right,Left,Right,0,1,0,1,1,1,0,0,1,0,1,1,0,0,0,1,1,0,1,24,4,20260729_t1546_srsSmooth_direct_rgb_training_B001,24,4,1.88342753648758,1.28643178939819,2,1,84,1,0,0,1,1,1
20260729_t1546_srsSmooth_direct_rgb_training,srs_direct_rgb_training,trial0037.mat,37,37,24,1,37,24,100,80,20,8,1,2,8,2,95,16257,2,0,2,1,1,2,2,1,2,1,CHOSE_HIGH_SAL,1,455,1,0,0,0,0,0,102,33,102,33,69,33,3,NaN,NaN,NaN,NaN,NaN,NaN,NaN,2.1699333190918,9.43528938293457,-7.26535606384277,1785354704.52563,20308.97939552,2.01481795310974,0.0119378566741943,0.254008531570435,0.7875657081604,1.11198091506958,1.40396356582642,1.44566440582275,1.44566440582275,-1,-1,1.68111801147461,242.07067489624,291.982650756836,41.7008399963379,333.683490753174,Conflict,Left,Right,Right,Left,Right,0,1,0,1,1,1,0,0,1,0,1,1,0,0,0,1,1,0,1,25,5,20260729_t1546_srsSmooth_direct_rgb_training_B001,25,5,1.95257329543432,1.35880732536316,2,1,65,1,0,0,1,1,1
20260729_t1546_srsSmooth_direct_rgb_training,srs_direct_rgb_training,trial0038.mat,38,38,25,1,38,25,100,80,20,8,1,2,7,2,69,1410,2,0,1,2,1,1,2,2,1,1,CHOSE_LOW_SAL,2,455,1,0,0,0,0,0,106,61,106,61,45,106,3,NaN,NaN,NaN,NaN,NaN,NaN,NaN,0.644606947898865,12.0521650314331,-11.4075580835342,1785354707.88001,20312.33355436,2.29407453536987,0.0160183906555176,0.233070611953735,0.891403675079346,1.2243983745575,1.55806946754456,1.59976696968079,1.59976696968079,-1,-1,1.88485455513,217.052221298218,333.671092987061,41.6975021362305,375.368595123291,Conflict,Right,Left,Right,Right,Left,0,1,0,1,1,1,1,1,0,0,0,0,1,1,1,0,1,0,1,26,6,20260729_t1546_srsSmooth_direct_rgb_training_B001,26,6,2.00847968657811,1.33956551551819,2,1,33,1,1,0,0,1,1
20260729_t1546_srsSmooth_direct_rgb_training,srs_direct_rgb_training,trial0039.mat,39,39,26,1,39,26,100,80,20,8,1,1,5,2,29,20919,2,0,1,2,1,1,1,1,1,1,CHOSE_HIGH_SAL,1,455,1,0,0,0,0,0,103,27,103,27,76,103,3,NaN,NaN,NaN,NaN,NaN,NaN,NaN,10.7148523330688,1.6594420671463,9.0554102659225,1785354711.42701,20315.88059484,2.34742593765259,0.0108382701873779,0.194527864456177,0.978275775909424,1.31087636947632,1.61116766929626,1.65290832519531,1.65290832519531,-1,-1,1.94666123390198,183.689594268799,300.291299819946,41.7406558990479,342.031955718994,Congruent,Right,Left,Right,Right,Right,0,1,1,0,1,1,1,1,1,0,0,0,0,1,1,1,1,1,1,27,7,20260729_t1546_srsSmooth_direct_rgb_training_B001,27,7,2.06759630441666,1.25292253494263,1,1,106,1,0,0,1,1,1
20260729_t1546_srsSmooth_direct_rgb_training,srs_direct_rgb_training,trial0040.mat,40,40,27,1,40,27,100,80,20,8,1,1,6,2,53,6940,2,0,2,1,1,2,1,2,0,0,,0,11,0,1,0,0,0,0,99,65,99,65,34,NaN,3,NaN,NaN,NaN,NaN,NaN,NaN,NaN,10.7148523330688,1.6594420671463,9.0554102659225,1785354715.0445,20319.49809484,1.05399036407471,0.0101406574249268,0.202510833740234,0.768890380859375,-1,-1,-1,-1,-1,-1,-1,192.370176315308,NaN,NaN,NaN,Congruent,Left,Right,None,Left,Left,0,1,1,0,0,NaN,NaN,NaN,NaN,NaN,NaN,NaN,NaN,0,0,0,1,1,0,27,NaN,20260729_t1546_srsSmooth_direct_rgb_training_B001,NaN,NaN,2.12788784901301,1.27006673812866,NaN,NaN,NaN,0,NaN,NaN,NaN,NaN,0
20260729_t1546_srsSmooth_direct_rgb_training,srs_direct_rgb_training,trial0041.mat,41,41,27,1,41,27,100,80,20,8,1,1,6,2,41,15237,2,0,2,1,1,2,1,2,1,2,CHOSE_HIGH_SAL,1,455,1,0,0,0,0,0,97,77,97,77,20,97,3,NaN,NaN,NaN,NaN,NaN,NaN,NaN,12.0521650314331,0.444662034511566,11.6075029969215,1785354717.25584,20321.70927656,1.84427762031555,0.0155608654022217,0.265935897827148,0.833103656768799,1.16560578346252,1.19141530990601,1.22450256347656,1.22450256347656,-1,-1,1.44337916374207,250.375032424927,25.8095264434814,33.0872535705566,58.8967800140381,Congruent,Left,Right,Left,Left,Left,0,1,1,0,1,0,1,1,1,1,0,0,0,0,0,0,1,1,1,28,8,20260729_t1546_srsSmooth_direct_rgb_training_B001,28,8,2.16474339564641,1.15734243392944,1,1,103,1,0,1,1,0,1
20260729_t1546_srsSmooth_direct_rgb_training,srs_direct_rgb_training,trial0042.mat,42,42,28,1,42,28,100,80,20,8,1,1,5,2,27,4318,2,0,1,2,1,1,1,1,1,1,CHOSE_HIGH_SAL,1,455,1,0,0,0,0,0,108,46,108,46,62,108,3,NaN,NaN,NaN,NaN,NaN,NaN,NaN,12.0521650314331,0.444662034511566,11.6075029969215,1785354720.37658,20324.83007124,2.60745930671692,0.0116043090820312,0.262006521224976,0.88706636428833,1.21998500823975,1.54552793502808,1.5871102809906,1.5871102809906,-1,-1,1.89110064506531,250.402212142944,325.54292678833,41.5823459625244,367.125272750854,Congruent,Right,Left,Right,Right,Right,0,1,1,0,1,1,1,1,1,0,0,0,0,1,1,1,1,1,1,29,9,20260729_t1546_srsSmooth_direct_rgb_training_B001,29,9,2.21675580342611,1.27646684646606,1,2,97,1,0,1,1,0,1
20260729_t1546_srsSmooth_direct_rgb_training,srs_direct_rgb_training,trial0043.mat,43,43,29,1,43,29,100,80,20,8,1,2,7,2,71,49,2,0,1,2,1,1,2,2,2,2,CHOSE_HIGH_SAL,1,455,1,0,0,0,0,0,98,50,98,50,48,50,3,NaN,NaN,NaN,NaN,NaN,NaN,NaN,0.93046361207962,10.7148523330688,-9.78438872098918,1785354724.22446,20328.67774456,2.31735372543335,0.013873815536499,0.230929613113403,1.00598549842834,1.33892488479614,1.70598983764648,1.74771213531494,1.74771213531494,-1,-1,1.96620965003967,217.055797576904,367.064952850342,41.722297668457,408.787250518799,Conflict,Right,Left,Left,Right,Left,0,1,0,1,1,0,0,0,1,1,1,1,0,1,1,0,1,0,1,30,10,20260729_t1546_srsSmooth_direct_rgb_training_B001,30,10,2.28088716268539,1.24042224884033,1,1,108,1,1,1,0,0,1
20260729_t1546_srsSmooth_direct_rgb_training,srs_direct_rgb_training,trial0044.mat,44,44,30,1,44,30,100,80,20,8,1,1,6,2,52,25975,2,0,2,1,1,2,1,2,2,1,CHOSE_LOW_SAL,2,455,1,0,0,0,0,0,115,56,115,56,59,56,3,NaN,NaN,NaN,NaN,NaN,NaN,NaN,10.7148523330688,0.644606947898865,10.0702453851699,1785354727.80573,20332.25905148,2.16120457649231,0.0160822868347168,0.241411924362183,0.866512775421143,1.19112849235535,1.53326416015625,1.57487559318542,1.57487559318542,-1,-1,1.79332447052002,225.329637527466,342.135667800903,41.6114330291748,383.747100830078,Congruent,Left,Right,Right,Left,Left,0,1,1,0,1,1,0,0,0,0,1,1,1,0,0,0,1,1,1,31,11,20260729_t1546_srsSmooth_direct_rgb_training_B001,31,11,2.34057490030924,1.26391053199768,2,2,50,1,0,1,1,0,1
20260729_t1546_srsSmooth_direct_rgb_training,srs_direct_rgb_training,trial0045.mat,45,45,31,1,45,31,100,80,20,8,1,1,5,2,35,19841,2,0,1,2,1,1,1,1,1,1,CHOSE_HIGH_SAL,1,455,1,0,0,0,0,0,116,39,116,39,77,116,3,NaN,NaN,NaN,NaN,NaN,NaN,NaN,10.7148523330688,0.644606947898865,10.0702453851699,1785354731.24957,20335.70284496,2.14233231544495,0.0140378475189209,0.23945689201355,0.80609393119812,1.13908195495605,1.41487669944763,1.46455025672913,1.46455025672913,-1,-1,1.72525548934937,225.419044494629,275.794744491577,49.6735572814941,325.468301773071,Congruent,Right,Left,Right,Right,Right,0,1,1,0,1,1,1,1,1,0,0,0,0,1,1,1,1,1,1,32,12,20260729_t1546_srsSmooth_direct_rgb_training_B001,32,12,2.39797232548396,1.28264093399048,2,1,56,1,1,0,0,1,1
20260729_t1546_srsSmooth_direct_rgb_training,srs_direct_rgb_training,trial0047.mat,47,47,32,1,47,32,100,80,20,8,1,2,7,2,74,12201,2,0,1,2,1,1,2,2,1,1,CHOSE_LOW_SAL,2,455,1,0,0,0,0,0,85,64,85,64,21,85,3,NaN,NaN,NaN,NaN,NaN,NaN,NaN,0.444662034511566,12.0521650314331,-11.6075029969215,1785354736.05745,20340.51062816,2.25167036056519,0.0146796703338623,0.240253210067749,0.940441846847534,1.27306246757507,1.57381200790405,1.61562466621399,1.61562466621399,-1,-1,1.8674144744873,225.573539733887,300.749540328979,41.8126583099365,342.562198638916,Conflict,Right,Left,Right,Right,Left,0,1,0,1,1,1,1,1,0,0,0,0,1,1,1,0,1,0,1,33,13,20260729_t1546_srsSmooth_direct_rgb_training_B001,33,13,2.47810364961624,2.66554713249207,1,1,116,1,0,0,1,1,1
20260729_t1546_srsSmooth_direct_rgb_training,srs_direct_rgb_training,trial0050.mat,50,50,33,1,50,33,100,80,20,8,1,2,7,2,76,1807,2,0,1,2,1,1,2,2,0,0,,0,11,0,1,0,0,0,0,115,48,115,48,67,NaN,3,NaN,NaN,NaN,NaN,NaN,NaN,NaN,0.93046361207962,10.7148523330688,-9.78438872098918,1785354742.44859,20346.90152964,0.350988864898682,0.0154597759246826,0.299546003341675,-1,-1,-1,-1,-1,-1,-1,-1,284.086227416992,NaN,NaN,NaN,Conflict,Right,Left,None,Right,Left,0,1,0,1,0,NaN,NaN,NaN,NaN,NaN,NaN,NaN,NaN,1,1,0,1,0,0,33,NaN,20260729_t1546_srsSmooth_direct_rgb_training_B001,NaN,NaN,2.5846225976944,4.13946652412415,NaN,NaN,NaN,0,NaN,NaN,NaN,NaN,0
20260729_t1546_srsSmooth_direct_rgb_training,srs_direct_rgb_training,trial0055.mat,55,55,33,1,55,33,100,80,20,8,1,1,6,2,59,13635,2,0,2,1,1,2,1,2,1,2,CHOSE_HIGH_SAL,1,455,1,0,0,0,0,0,83,53,83,53,30,83,3,NaN,NaN,NaN,NaN,NaN,NaN,NaN,9.43528938293457,2.77822589874268,6.65706348419189,1785354749.74205,20354.19484628,2.20931720733643,0.0139544010162354,0.239675998687744,0.981327533721924,1.31400537490845,1.57312607765198,1.60639262199402,1.60639262199402,-1,-1,1.82494187355042,225.721597671509,259.12070274353,33.266544342041,292.387247085571,Congruent,Left,Right,Left,Left,Left,0,1,1,0,1,0,1,1,1,1,0,0,0,0,0,0,1,1,1,34,14,20260729_t1546_srsSmooth_direct_rgb_training_B001,34,14,2.7061802148819,6.94246816635132,1,1,85,1,0,1,1,0,1
20260729_t1546_srsSmooth_direct_rgb_training,srs_direct_rgb_training,trial0056.mat,56,56,34,1,56,34,100,80,20,8,1,2,7,2,67,32578,2,0,1,2,1,1,2,2,0,0,,0,11,0,1,0,0,0,0,107,30,107,30,77,NaN,3,NaN,NaN,NaN,NaN,NaN,NaN,NaN,0.644606947898865,12.0521650314331,-11.4075580835342,1785354753.20685,20357.65957968,0.317829608917236,0.0159573554992676,0.266833543777466,-1,-1,-1,-1,-1,-1,-1,-1,250.876188278198,NaN,NaN,NaN,Conflict,Right,Left,None,Right,Left,0,1,0,1,0,NaN,NaN,NaN,NaN,NaN,NaN,NaN,NaN,1,1,0,1,0,0,34,NaN,20260729_t1546_srsSmooth_direct_rgb_training_B001,NaN,NaN,2.76392688751221,1.25548315048218,NaN,NaN,NaN,0,NaN,NaN,NaN,NaN,0
20260729_t1546_srsSmooth_direct_rgb_training,srs_direct_rgb_training,trial0057.mat,57,57,34,1,57,34,100,80,20,8,1,2,7,2,75,9639,2,0,1,2,1,1,2,2,2,2,CHOSE_HIGH_SAL,1,455,1,0,0,0,0,0,129,72,129,72,57,72,3,NaN,NaN,NaN,NaN,NaN,NaN,NaN,2.77822589874268,9.43528938293457,-6.65706348419189,1785354754.67579,20359.12852648,2.08379721641541,0.0137379169464111,0.297872066497803,0.814640283584595,1.14711570739746,1.43086242675781,1.4646155834198,1.4646155834198,-1,-1,1.69119930267334,284.134149551392,283.746719360352,33.7531566619873,317.499876022339,Conflict,Right,Left,Left,Right,Left,0,1,0,1,1,0,0,0,1,1,1,1,0,1,1,0,1,0,1,35,15,20260729_t1546_srsSmooth_direct_rgb_training_B001,35,15,2.78840927680333,1.15111374855042,1,2,83,1,1,0,0,1,1
20260729_t1546_srsSmooth_direct_rgb_training,srs_direct_rgb_training,trial0058.mat,58,58,35,1,58,35,100,80,20,8,1,1,5,2,39,14049,2,0,1,2,1,1,1,1,1,1,CHOSE_HIGH_SAL,1,455,1,0,0,0,0,0,97,64,97,64,33,97,3,NaN,NaN,NaN,NaN,NaN,NaN,NaN,10.7148523330688,0.644606947898865,10.0702453851699,1785354758.0338,20362.48646408,2.16742205619812,0.0141952037811279,0.223100185394287,0.881467342376709,1.21424245834351,1.47329878807068,1.51488399505615,1.51488399505615,-1,-1,1.76673889160156,208.904981613159,259.056329727173,41.5852069854736,300.641536712646,Congruent,Right,Left,Right,Right,Right,0,1,1,0,1,1,1,1,1,0,0,0,0,1,1,1,1,1,1,36,16,20260729_t1546_srsSmooth_direct_rgb_training_B001,36,16,2.84437606732051,1.27421021461487,2,2,72,1,1,1,0,0,1
20260729_t1546_srsSmooth_direct_rgb_training,srs_direct_rgb_training,trial0059.mat,59,59,36,1,59,36,100,80,20,8,1,2,8,2,84,15955,2,0,2,1,1,2,2,1,2,1,CHOSE_HIGH_SAL,1,455,1,0,0,0,0,0,99,42,99,42,57,42,3,NaN,NaN,NaN,NaN,NaN,NaN,NaN,0.644606947898865,12.0521650314331,-11.4075580835342,1785354761.45637,20365.90893808,2.2535240650177,0.016751766204834,0.233707189559937,0.958738803863525,1.2834677696228,1.56732773780823,1.60916948318481,1.60916948318481,-1,-1,1.91136789321899,216.955423355103,283.859968185425,41.8417453765869,325.701713562012,Conflict,Left,Right,Right,Left,Right,0,1,0,1,1,1,0,0,1,0,1,1,0,0,0,1,1,0,1,37,17,20260729_t1546_srsSmooth_direct_rgb_training_B001,37,17,2.90141903162003,1.25515580177307,1,1,97,1,1,0,0,1,1
20260729_t1546_srsSmooth_direct_rgb_training,srs_direct_rgb_training,trial0060.mat,60,60,37,1,60,37,100,80,20,8,1,1,6,2,54,1051,2,0,2,1,1,2,1,2,2,1,CHOSE_LOW_SAL,2,455,1,0,0,0,0,0,108,54,108,54,54,54,3,NaN,NaN,NaN,NaN,NaN,NaN,NaN,9.43528938293457,2.1699333190918,7.26535606384277,1785354764.95638,20369.40888248,2.11999249458313,0.0168793201446533,0.167379140853882,0.884292602539062,1.21692633628845,1.4923107624054,1.53393507003784,1.53393507003784,-1,-1,1.76886510848999,150.499820709229,275.384426116943,41.6243076324463,317.00873374939,Congruent,Left,Right,Right,Left,Left,0,1,1,0,1,1,0,0,0,0,1,1,1,0,0,0,1,1,1,38,18,20260729_t1546_srsSmooth_direct_rgb_training_B001,38,18,2.95975251992544,1.24648523330688,2,1,42,1,0,0,1,1,1
20260729_t1546_srsSmooth_direct_rgb_training,srs_direct_rgb_training,trial0061.mat,61,61,38,1,61,38,100,80,20,8,1,2,8,2,99,562,2,0,2,1,1,2,2,1,2,1,CHOSE_HIGH_SAL,1,455,1,0,0,0,0,0,79,73,79,73,6,73,3,NaN,NaN,NaN,NaN,NaN,NaN,NaN,0.644606947898865,10.7148523330688,-10.0702453851699,1785354768.30517,20372.75753684,2.09601354598999,0.0182290077209473,0.227050542831421,0.827097177505493,1.15994024276733,1.40197539329529,1.44361639022827,1.44361639022827,-1,-1,1.72033596038818,208.821535110474,242.035150527954,41.6409969329834,283.676147460938,Conflict,Left,Right,Right,Left,Right,0,1,0,1,1,1,0,0,1,0,1,1,0,0,0,1,1,0,1,39,19,20260729_t1546_srsSmooth_direct_rgb_training_B001,39,19,3.01556555430094,1.22878956794739,2,1,54,1,0,0,1,1,1
20260729_t1546_srsSmooth_direct_rgb_training,srs_direct_rgb_training,trial0062.mat,62,62,39,1,62,39,100,80,20,8,1,1,5,2,21,25545,2,0,1,2,1,1,1,1,1,1,CHOSE_HIGH_SAL,1,455,1,0,0,0,0,0,107,54,107,54,53,107,3,NaN,NaN,NaN,NaN,NaN,NaN,NaN,10.7148523330688,1.6594420671463,9.0554102659225,1785354771.64152,20376.09397152,2.23552632331848,0.0153408050537109,0.240729331970215,0.874055147171021,1.20705461502075,1.49093627929688,1.53260111808777,1.53260111808777,-1,-1,1.82605648040771,225.388526916504,283.881664276123,41.6648387908936,325.546503067017,Congruent,Right,Left,Right,Right,Right,0,1,1,0,1,1,1,1,1,0,0,0,0,1,1,1,1,1,1,40,20,20260729_t1546_srsSmooth_direct_rgb_training_B001,40,20,3.07117143074671,1.24033904075623,2,1,73,1,1,0,0,1,1
20260729_t1546_srsSmooth_direct_rgb_training,srs_direct_rgb_training,trial0063.mat,63,63,40,1,63,40,100,80,20,8,1,2,7,2,78,29260,2,0,1,2,1,1,2,2,1,1,CHOSE_LOW_SAL,2,455,1,0,0,0,0,0,126,48,126,48,78,126,3,NaN,NaN,NaN,NaN,NaN,NaN,NaN,2.77822589874268,9.43528938293457,-6.65706348419189,1785354775.11629,20379.5685916,2.38599443435669,0.0157010555267334,0.216289520263672,0.824712038040161,1.15741205215454,1.44137024879456,1.49150848388672,1.49150848388672,-1,-1,1.77651166915894,200.588464736938,283.958196640015,50.1382350921631,334.096431732178,Conflict,Right,Left,Right,Right,Left,0,1,0,1,1,1,1,1,0,0,0,0,1,1,1,0,1,0,1,41,21,20260729_t1546_srsSmooth_direct_rgb_training_B001,41,21,3.12908437649409,1.23925042152405,1,1,107,1,0,0,1,1,1
20260729_t1546_srsSmooth_direct_rgb_training,srs_direct_rgb_training,trial0064.mat,64,64,41,1,64,41,100,80,20,8,1,2,8,2,96,16153,2,0,2,1,1,2,2,1,2,1,CHOSE_HIGH_SAL,1,455,1,0,0,0,0,0,97,59,97,59,38,59,3,NaN,NaN,NaN,NaN,NaN,NaN,NaN,5.1128396987915,7.10280227661133,-1.98996257781983,1785354778.79294,20383.24505664,2.25093674659729,0.014204740524292,0.264738321304321,0.864758968353271,1.19758462905884,1.58158922195435,1.62328124046326,1.62328124046326,-1,-1,1.88405680656433,250.533580780029,384.004592895508,41.6920185089111,425.696611404419,Conflict,Left,Right,Right,Left,Right,0,1,0,1,1,1,0,0,1,0,1,1,0,0,0,1,1,0,1,42,22,20260729_t1546_srsSmooth_direct_rgb_training_B001,42,22,3.1903617143631,1.29064583778381,1,1,126,1,1,0,0,1,1
20260729_t1546_srsSmooth_direct_rgb_training,srs_direct_rgb_training,trial0065.mat,65,65,42,1,65,42,100,80,20,8,1,1,6,2,48,3441,2,0,2,1,1,2,1,2,2,1,CHOSE_LOW_SAL,2,455,1,0,0,0,0,0,115,49,115,49,66,49,3,NaN,NaN,NaN,NaN,NaN,NaN,NaN,9.43528938293457,2.1699333190918,7.26535606384277,1785354782.306,20386.758249,2.26388144493103,0.0179424285888672,0.23488187789917,0.909909248352051,1.22632336616516,1.61831307411194,1.66009116172791,1.66009116172791,-1,-1,1.91251468658447,216.939449310303,391.989707946777,41.7780876159668,433.767795562744,Congruent,Left,Right,Right,Left,Left,0,1,1,0,1,1,0,0,0,0,1,1,1,0,0,0,1,1,1,43,23,20260729_t1546_srsSmooth_direct_rgb_training_B001,43,23,3.24891283512115,1.26213049888611,2,1,59,1,0,0,1,1,1
20260729_t1546_srsSmooth_direct_rgb_training,srs_direct_rgb_training,trial0066.mat,66,66,43,1,66,43,100,80,20,8,1,1,5,2,25,15014,2,0,1,2,1,1,1,1,1,1,CHOSE_HIGH_SAL,1,455,1,0,0,0,0,0,102,77,102,77,25,102,3,NaN,NaN,NaN,NaN,NaN,NaN,NaN,12.0521650314331,0.644606947898865,11.4075580835342,1785354785.8183,20390.27046032,2.27553820610046,0.0141146183013916,0.256272077560425,0.948129892349243,1.28083157539368,1.58975291252136,1.62299561500549,1.62299561500549,-1,-1,1.87433838844299,242.157459259033,308.921337127686,33.2427024841309,342.164039611816,Congruent,Right,Left,Right,Right,Right,0,1,1,0,1,1,1,1,1,0,0,0,0,1,1,1,1,1,1,44,24,20260729_t1546_srsSmooth_direct_rgb_training_B001,44,24,3.30745114882787,1.24841737747192,2,1,49,1,1,0,0,1,1
20260729_t1546_srsSmooth_direct_rgb_training,srs_direct_rgb_training,trial0067.mat,67,67,44,1,67,44,100,80,20,8,1,2,8,2,93,2559,2,0,2,1,1,2,2,1,2,1,CHOSE_HIGH_SAL,1,455,1,0,0,0,0,0,134,61,134,61,73,61,3,NaN,NaN,NaN,NaN,NaN,NaN,NaN,0.644606947898865,10.7148523330688,-10.0702453851699,1785354789.34074,20393.79279624,2.06149935722351,0.0168192386627197,0.234091281890869,0.775417804718018,1.10019516944885,1.3925154209137,1.42576384544373,1.42576384544373,-1,-1,1.70288395881653,217.272043228149,292.320251464844,33.2484245300293,325.568675994873,Conflict,Left,Right,Right,Left,Right,0,1,0,1,1,1,0,0,1,0,1,1,0,0,0,1,1,0,1,45,25,20260729_t1546_srsSmooth_direct_rgb_training_B001,45,25,3.36615839004517,1.24689626693726,1,1,102,1,1,0,0,1,1
20260729_t1546_srsSmooth_direct_rgb_training,srs_direct_rgb_training,trial0068.mat,68,68,45,1,68,45,100,80,20,8,1,2,7,2,67,32578,2,0,1,2,1,1,2,2,1,1,CHOSE_LOW_SAL,2,455,1,0,0,0,0,0,104,66,104,66,38,104,3,NaN,NaN,NaN,NaN,NaN,NaN,NaN,4.26528787612915,8.26335430145264,-3.99806642532349,1785354792.64188,20397.09369152,2.17743730545044,0.015800952911377,0.249768018722534,0.808039665222168,1.14084506034851,1.46611905097961,1.4998345375061,1.4998345375061,-1,-1,1.77648854255676,233.967065811157,325.273990631104,33.7154865264893,358.989477157593,Conflict,Right,Left,Right,Right,Left,0,1,0,1,1,1,1,1,0,0,0,0,1,1,1,0,1,0,1,46,26,20260729_t1546_srsSmooth_direct_rgb_training_B001,46,26,3.42117752631505,1.23964881896973,2,1,61,1,1,0,0,1,1
20260729_t1546_srsSmooth_direct_rgb_training,srs_direct_rgb_training,trial0069.mat,69,69,46,1,69,46,100,80,20,8,1,2,7,2,73,20276,2,0,1,2,1,1,2,2,0,0,,0,453,0,1,0,0,0,0,110,57,110,57,53,NaN,3,NaN,NaN,NaN,NaN,NaN,NaN,NaN,0.320143043994904,12.0521650314331,-11.7320219874382,1785354796.05725,20400.50914376,1.62932777404785,0.0172338485717773,0.250820636749268,0.801301002502441,1.13394498825073,-1,-1,-1,-1,-1,-1,233.58678817749,NaN,NaN,NaN,Conflict,Right,Left,None,Right,Left,0,1,0,1,0,NaN,NaN,NaN,NaN,NaN,NaN,NaN,NaN,1,1,0,1,0,0,46,NaN,20260729_t1546_srsSmooth_direct_rgb_training_B001,NaN,NaN,3.47810032765071,1.23793077468872,NaN,NaN,NaN,0,NaN,NaN,NaN,NaN,0
20260729_t1546_srsSmooth_direct_rgb_training,srs_direct_rgb_training,trial0070.mat,70,70,46,1,70,46,100,80,20,8,1,1,6,2,51,19892,2,0,2,1,1,2,1,2,0,0,,0,453,0,1,0,0,0,0,103,50,103,50,53,NaN,3,NaN,NaN,NaN,NaN,NaN,NaN,NaN,12.0521650314331,0.320143043994904,11.7320219874382,1785354798.78764,20403.23943964,1.656001329422,0.011951208114624,0.262462377548218,0.837384462356567,1.16199731826782,-1,-1,-1,-1,-1,-1,250.511169433594,NaN,NaN,NaN,Congruent,Left,Right,None,Left,Left,0,1,1,0,0,NaN,NaN,NaN,NaN,NaN,NaN,NaN,NaN,0,0,0,1,1,0,46,NaN,20260729_t1546_srsSmooth_direct_rgb_training_B001,NaN,NaN,3.52360682090124,1.10106182098389,NaN,NaN,NaN,0,NaN,NaN,NaN,NaN,0
20260729_t1546_srsSmooth_direct_rgb_training,srs_direct_rgb_training,trial0071.mat,71,71,46,1,71,46,100,80,20,8,1,1,6,2,60,6351,2,0,2,1,1,2,1,2,2,1,CHOSE_LOW_SAL,2,455,1,0,0,0,0,0,110,49,110,49,61,49,3,NaN,NaN,NaN,NaN,NaN,NaN,NaN,10.7148523330688,0.93046361207962,9.78438872098918,1785354801.55328,20406.00514256,2.14939284324646,0.0130863189697266,0.255056858062744,0.821708917617798,1.13813138008118,1.48847270011902,1.52184581756592,1.52184581756592,-1,-1,1.79868054389954,241.970539093018,350.341320037842,33.3731174468994,383.714437484741,Congruent,Left,Right,Right,Left,Left,0,1,1,0,1,1,0,0,0,0,1,1,1,0,0,0,1,1,1,47,27,20260729_t1546_srsSmooth_direct_rgb_training_B001,47,27,3.56970083713531,1.1096396446228,1,1,104,1,1,0,0,1,1
20260729_t1546_srsSmooth_direct_rgb_training,srs_direct_rgb_training,trial0072.mat,72,72,47,1,72,47,100,80,20,8,1,1,5,2,28,20115,2,0,1,2,1,1,1,1,1,1,CHOSE_HIGH_SAL,1,455,1,0,0,0,0,0,87,53,87,53,34,87,3,NaN,NaN,NaN,NaN,NaN,NaN,NaN,8.26335430145264,4.26528787612915,3.99806642532349,1785354804.95699,20409.40877584,2.25406217575073,0.0178470611572266,0.234891653060913,0.976568222045898,1.30123114585876,1.6098735332489,1.64320516586304,1.64320516586304,-1,-1,1.87038707733154,217.044591903687,308.642387390137,33.3316326141357,341.974020004272,Congruent,Right,Left,Right,Right,Right,0,1,1,0,1,1,1,1,1,0,0,0,0,1,1,1,1,1,1,48,28,20260729_t1546_srsSmooth_direct_rgb_training_B001,48,28,3.62642929156621,1.25431442260742,2,1,49,1,1,0,0,1,1
20260729_t1546_srsSmooth_direct_rgb_training,srs_direct_rgb_training,trial0073.mat,73,73,48,1,73,48,100,80,20,8,1,2,7,2,63,15380,2,0,1,2,1,1,2,2,1,1,CHOSE_LOW_SAL,2,455,1,0,0,0,0,0,110,57,110,57,53,110,3,NaN,NaN,NaN,NaN,NaN,NaN,NaN,2.77822589874268,9.43528938293457,-6.65706348419189,1785354808.47102,20412.92274328,2.18219184875488,0.0122897624969482,0.262590646743774,0.837857246398926,1.17066884040833,1.49622631072998,1.52943158149719,1.52943158149719,-1,-1,1.77293181419373,250.300884246826,325.557470321655,33.2052707672119,358.762741088867,Conflict,Right,Left,Right,Right,Left,0,1,0,1,1,1,1,1,0,0,0,0,1,1,1,0,1,0,1,49,29,20260729_t1546_srsSmooth_direct_rgb_training_B001,49,29,3.68499644597371,1.25996708869934,1,1,87,1,0,0,1,1,1
20260729_t1546_srsSmooth_direct_rgb_training,srs_direct_rgb_training,trial0074.mat,74,74,49,1,74,49,100,80,20,8,1,2,7,2,70,17948,2,0,1,2,1,1,2,2,1,1,CHOSE_LOW_SAL,2,455,1,0,0,0,0,0,120,29,120,29,91,120,3,NaN,NaN,NaN,NaN,NaN,NaN,NaN,1.24210262298584,10.7148523330688,-9.47274971008296,1785354811.90271,20416.3543598,2.06711745262146,0.0140693187713623,0.156283378601074,0.731110811233521,1.05577635765076,1.3811240196228,1.42278575897217,1.42278575897217,-1,-1,1.64960789680481,142.214059829712,325.347661972046,41.6617393493652,367.009401321411,Conflict,Right,Left,Right,Right,Left,0,1,0,1,1,1,1,1,0,0,0,0,1,1,1,0,1,0,1,50,30,20260729_t1546_srsSmooth_direct_rgb_training_B001,50,30,3.74219127098719,1.24949765205383,1,1,110,1,0,0,1,1,1
20260729_t1546_srsSmooth_direct_rgb_training,srs_direct_rgb_training,trial0075.mat,75,75,50,1,75,50,100,80,20,8,1,2,8,2,83,2991,2,0,2,1,1,2,2,1,0,0,,0,453,0,1,0,0,0,0,118,42,118,42,76,NaN,3,NaN,NaN,NaN,NaN,NaN,NaN,NaN,1.6594420671463,10.7148523330688,-9.0554102659225,1785354815.22564,20419.67713468,1.55244040489197,0.0162661075592041,0.017204761505127,0.724993944168091,1.05797410011292,-1,-1,-1,-1,-1,-1,0.938653945922852,NaN,NaN,NaN,Conflict,Left,Right,None,Left,Right,0,1,0,1,0,NaN,NaN,NaN,NaN,NaN,NaN,NaN,NaN,0,0,1,1,0,0,50,NaN,20260729_t1546_srsSmooth_direct_rgb_training_B001,NaN,NaN,3.79757350683212,1.25581669807434,NaN,NaN,NaN,0,NaN,NaN,NaN,NaN,0
20260729_t1546_srsSmooth_direct_rgb_training,srs_direct_rgb_training,trial0076.mat,76,76,50,1,76,50,100,80,20,8,1,1,5,2,34,31131,2,0,1,2,1,1,1,1,1,1,CHOSE_HIGH_SAL,1,455,1,0,0,0,0,0,98,49,98,49,49,98,3,NaN,NaN,NaN,NaN,NaN,NaN,NaN,10.7148523330688,1.24210262298584,9.47274971008296,1785354817.8861,20422.3375356,2.24250173568726,0.0142483711242676,0.23145604133606,0.873167753219604,1.20596241950989,1.59811997413635,1.6232705116272,1.6232705116272,-1,-1,1.84157276153564,217.207670211792,392.157554626465,25.1505374908447,417.30809211731,Congruent,Right,Left,Right,Right,Right,0,1,1,0,1,1,1,1,1,0,0,0,0,1,1,1,1,1,1,51,31,20260729_t1546_srsSmooth_direct_rgb_training_B001,51,31,3.84191443522771,1.10801529884338,1,1,120,1,0,0,1,1,1
20260729_t1546_srsSmooth_direct_rgb_training,srs_direct_rgb_training,trial0077.mat,77,77,51,1,77,51,100,80,20,8,1,1,5,2,36,26560,2,0,1,2,1,1,1,1,0,0,,0,453,0,1,0,0,0,0,135,55,135,55,80,NaN,3,NaN,NaN,NaN,NaN,NaN,NaN,NaN,10.7148523330688,1.6594420671463,9.0554102659225,1785354821.37756,20425.82894904,1.80147480964661,0.0145878791809082,0.248492002487183,0.973521947860718,1.30630493164062,-1,-1,-1,-1,-1,-1,233.904123306274,NaN,NaN,NaN,Congruent,Right,Left,None,Right,Right,0,1,1,0,0,NaN,NaN,NaN,NaN,NaN,NaN,NaN,NaN,1,1,1,1,1,0,51,NaN,20260729_t1546_srsSmooth_direct_rgb_training_B001,NaN,NaN,3.90010552803675,1.24896383285522,NaN,NaN,NaN,0,NaN,NaN,NaN,NaN,0
20260729_t1546_srsSmooth_direct_rgb_training,srs_direct_rgb_training,trial0078.mat,78,78,51,1,78,51,100,80,20,8,1,1,5,2,23,23893,2,0,1,2,1,1,1,1,1,1,CHOSE_HIGH_SAL,1,455,1,0,0,0,0,0,119,47,119,47,72,119,3,NaN,NaN,NaN,NaN,NaN,NaN,NaN,12.0521650314331,0.229538261890411,11.8226267695427,1785354824.27867,20428.7299974,2.40872383117676,0.0135958194732666,0.230748653411865,1.03076791763306,1.36365008354187,1.68079566955566,1.72256851196289,1.72256851196289,-1,-1,1.99163842201233,217.152833938599,317.145586013794,41.7728424072266,358.918428421021,Congruent,Right,Left,Right,Right,Right,0,1,1,0,1,1,1,1,1,0,0,0,0,1,1,1,1,1,1,52,32,20260729_t1546_srsSmooth_direct_rgb_training_B001,52,32,3.94845729271571,1.0996310710907,1,1,98,1,0,0,1,1,1
20260729_t1546_srsSmooth_direct_rgb_training,srs_direct_rgb_training,trial0079.mat,79,79,52,1,79,52,100,80,20,8,1,2,7,2,62,4442,2,0,1,2,1,1,2,2,1,1,CHOSE_LOW_SAL,2,455,1,0,0,0,0,0,99,71,99,71,28,99,3,NaN,NaN,NaN,NaN,NaN,NaN,NaN,1.24210262298584,10.7148523330688,-9.47274971008296,1785354827.96289,20432.41398992,2.25737428665161,0.0128579139709473,0.296705007553101,0.83008337020874,1.16290402412415,1.50526666641235,1.53860354423523,1.53860354423523,-1,-1,1.84873366355896,283.847093582153,342.362642288208,33.336877822876,375.699520111084,Conflict,Right,Left,Right,Right,Left,0,1,0,1,1,1,1,1,0,0,0,0,1,1,1,0,1,0,1,53,33,20260729_t1546_srsSmooth_direct_rgb_training_B001,53,33,4.00986090898514,1.27549314498901,1,1,119,1,0,0,1,1,1
20260729_t1546_srsSmooth_direct_rgb_training,srs_direct_rgb_training,trial0080.mat,80,80,53,1,80,53,100,80,20,8,1,2,8,2,90,514,2,0,2,1,1,2,2,1,2,1,CHOSE_HIGH_SAL,1,455,1,0,0,0,0,0,102,53,102,53,49,53,3,NaN,NaN,NaN,NaN,NaN,NaN,NaN,2.77822589874268,9.43528938293457,-6.65706348419189,1785354831.63523,20436.08648664,2.93629860877991,0.0156557559967041,0.216271162033081,0.799388647079468,1.1323664188385,1.51622581481934,1.55783319473267,1.55783319473267,-1,-1,1.84341311454773,200.615406036377,383.859395980835,41.6073799133301,425.466775894165,Conflict,Left,Right,Right,Left,Right,0,1,0,1,1,1,0,0,1,0,1,1,0,0,0,1,1,0,1,54,34,20260729_t1546_srsSmooth_direct_rgb_training_B001,54,34,4.07106669743856,1.41497302055359,1,1,99,1,1,0,0,1,1
20260729_t1546_srsSmooth_direct_rgb_training,srs_direct_rgb_training,trial0081.mat,81,81,54,1,81,54,100,80,20,8,1,2,8,2,91,4055,2,0,2,1,1,2,2,1,2,1,CHOSE_HIGH_SAL,1,455,1,0,0,0,0,0,97,53,97,53,44,53,3,NaN,NaN,NaN,NaN,NaN,NaN,NaN,3.45859241485596,8.26335430145264,-4.80476188659668,1785354835.85713,20440.30820068,2.28910517692566,0.0105888843536377,0.269569873809814,0.986369848251343,1.31897401809692,1.63639497756958,1.67803883552551,1.67803883552551,-1,-1,1.93830966949463,258.980989456177,317.420959472656,41.6438579559326,359.064817428589,Conflict,Left,Right,Right,Left,Right,0,1,0,1,1,1,0,0,1,0,1,1,0,0,0,1,1,0,1,55,35,20260729_t1546_srsSmooth_direct_rgb_training_B001,55,35,4.1414317091306,1.28560209274292,2,1,53,1,0,0,1,1,1
20260729_t1546_srsSmooth_direct_rgb_training,srs_direct_rgb_training,trial0083.mat,83,83,55,1,83,55,100,80,20,8,1,2,7,2,64,27896,2,0,1,2,1,1,2,2,1,1,CHOSE_LOW_SAL,2,455,1,0,0,0,0,0,113,64,113,64,49,113,3,NaN,NaN,NaN,NaN,NaN,NaN,NaN,0.444662034511566,12.0521650314331,-11.6075029969215,1785354840.81306,20445.2640614,2.40871977806091,0.0131959915161133,0.288948535919189,0.947326898574829,1.2799129486084,1.64745306968689,1.68052506446838,1.68052506446838,-1,-1,1.99164628982544,275.752544403076,367.540121078491,33.0719947814941,400.612115859985,Conflict,Right,Left,Right,Right,Left,0,1,0,1,1,1,1,1,0,0,0,0,1,1,1,0,1,0,1,56,36,20260729_t1546_srsSmooth_direct_rgb_training_B001,56,36,4.22403041124344,2.66681694984436,2,1,53,1,1,0,0,1,1
20260729_t1546_srsSmooth_direct_rgb_training,srs_direct_rgb_training,trial0084.mat,84,84,56,1,84,56,100,80,20,8,1,2,8,2,82,11821,2,0,2,1,1,2,2,1,2,1,CHOSE_HIGH_SAL,1,455,1,0,0,0,0,0,103,66,103,66,37,66,3,NaN,NaN,NaN,NaN,NaN,NaN,NaN,0.644606947898865,10.7148523330688,-10.0702453851699,1785354844.45966,20448.9105868,2.20298004150391,0.0167331695556641,0.192155361175537,0.892121553421021,1.22511434555054,1.58371067047119,1.60870790481567,1.60870790481567,-1,-1,1.83573603630066,175.422191619873,358.596324920654,24.9972343444824,383.593559265137,Conflict,Left,Right,Right,Left,Right,0,1,0,1,1,1,0,0,1,0,1,1,0,0,0,1,1,0,1,57,37,20260729_t1546_srsSmooth_direct_rgb_training_B001,57,37,4.2848072052002,1.23788785934448,1,1,113,1,1,0,0,1,1
20260729_t1546_srsSmooth_direct_rgb_training,srs_direct_rgb_training,trial0085.mat,85,85,57,1,85,57,100,80,20,8,1,2,8,2,92,2636,2,0,2,1,1,2,2,1,2,1,CHOSE_HIGH_SAL,1,455,1,0,0,0,0,0,101,47,101,47,54,47,3,NaN,NaN,NaN,NaN,NaN,NaN,NaN,5.1128396987915,7.10280227661133,-1.98996257781983,1785354847.89963,20452.35044528,2.31321692466736,0.0102367401123047,0.244231224060059,0.944337606430054,1.27695369720459,1.62763166427612,1.66098260879517,1.66098260879517,-1,-1,1.96335530281067,233.994483947754,350.677967071533,33.350944519043,384.028911590576,Conflict,Left,Right,Right,Left,Right,0,1,0,1,1,1,0,0,1,0,1,1,0,0,0,1,1,0,1,58,38,20260729_t1546_srsSmooth_direct_rgb_training_B001,58,38,4.34213996330897,1.23698544502258,2,1,66,1,0,0,1,1,1
20260729_t1546_srsSmooth_direct_rgb_training,srs_direct_rgb_training,trial0086.mat,86,86,58,1,86,58,100,80,20,8,1,1,5,2,36,26560,2,0,1,2,1,1,1,1,0,0,,0,453,0,1,0,0,0,0,95,55,95,55,40,NaN,3,NaN,NaN,NaN,NaN,NaN,NaN,NaN,12.0521650314331,0.444662034511566,11.6075029969215,1785354851.44964,20455.90039392,1.64677262306213,0.0103695392608643,0.210903882980347,0.81940746307373,1.15208172798157,-1,-1,-1,-1,-1,-1,200.534343719482,NaN,NaN,NaN,Congruent,Right,Left,None,Right,Right,0,1,1,0,0,NaN,NaN,NaN,NaN,NaN,NaN,NaN,NaN,1,1,1,1,1,0,58,NaN,20260729_t1546_srsSmooth_direct_rgb_training_B001,NaN,NaN,4.4013067483902,1.2367901802063,NaN,NaN,NaN,0,NaN,NaN,NaN,NaN,0
20260729_t1546_srsSmooth_direct_rgb_training,srs_direct_rgb_training,trial0087.mat,87,87,58,1,87,58,100,80,20,8,1,2,7,2,66,14136,2,0,1,2,1,1,2,2,1,1,CHOSE_LOW_SAL,2,455,1,0,0,0,0,0,102,60,102,60,42,102,3,NaN,NaN,NaN,NaN,NaN,NaN,NaN,0.444662034511566,12.0521650314331,-11.6075029969215,1785354854.19018,20458.64091368,2.23968195915222,0.0116050243377686,0.245198488235474,0.853869438171387,1.18665099143982,1.56227517127991,1.60390734672546,1.60390734672546,-1,-1,1.83908247947693,233.593463897705,375.624179840088,41.6321754455566,417.256355285645,Conflict,Right,Left,Right,Right,Left,0,1,0,1,1,1,1,1,0,0,0,0,1,1,1,0,1,0,1,59,39,20260729_t1546_srsSmooth_direct_rgb_training_B001,59,39,4.44698240756989,1.09376692771912,2,1,47,1,1,0,0,1,1
20260729_t1546_srsSmooth_direct_rgb_training,srs_direct_rgb_training,trial0088.mat,88,88,59,1,88,59,100,80,20,8,1,2,8,2,81,31202,2,0,2,1,1,2,2,1,0,0,,0,11,0,1,0,0,0,0,115,45,115,45,70,NaN,3,NaN,NaN,NaN,NaN,NaN,NaN,NaN,0.93046361207962,10.7148523330688,-9.78438872098918,1785354857.66136,20462.11198428,0.125244140625,0.0155632495880127,0.0164625644683838,-1,-1,-1,-1,-1,-1,-1,-1,0.899314880371094,NaN,NaN,NaN,Conflict,Left,Right,None,Left,Right,0,1,0,1,0,NaN,NaN,NaN,NaN,NaN,NaN,NaN,NaN,0,0,1,1,0,0,59,NaN,20260729_t1546_srsSmooth_direct_rgb_training_B001,NaN,NaN,4.50483538707097,1.23149681091309,NaN,NaN,NaN,0,NaN,NaN,NaN,NaN,0
20260729_t1546_srsSmooth_direct_rgb_training,srs_direct_rgb_training,trial0090.mat,90,90,59,1,90,59,100,80,20,8,1,2,8,2,85,5426,2,0,2,1,1,2,2,1,2,1,CHOSE_HIGH_SAL,1,455,1,0,0,0,0,0,128,69,128,69,59,69,3,NaN,NaN,NaN,NaN,NaN,NaN,NaN,0.320143043994904,12.0521650314331,-11.7320219874382,1785354860.365,20464.8154866,2.17330312728882,0.0120289325714111,0.262686491012573,0.920888900756836,1.25374484062195,1.54585194587708,1.5791027545929,1.5791027545929,-1,-1,1.80585217475891,250.657558441162,292.107105255127,33.2508087158203,325.357913970947,Conflict,Left,Right,Right,Left,Right,0,1,0,1,1,1,0,0,1,0,1,1,0,0,0,1,1,0,1,60,40,20260729_t1546_srsSmooth_direct_rgb_training_B001,60,40,4.54989606142044,2.57839632034302,1,1,102,1,1,0,0,1,1
20260729_t1546_srsSmooth_direct_rgb_training,srs_direct_rgb_training,trial0092.mat,92,92,60,1,92,60,100,80,20,8,1,2,8,2,97,21240,2,0,2,1,1,2,2,1,2,1,CHOSE_HIGH_SAL,1,455,1,0,0,0,0,0,97,57,97,57,40,57,3,NaN,NaN,NaN,NaN,NaN,NaN,NaN,0.93046361207962,10.7148523330688,-9.78438872098918,1785354865.24611,20469.69666576,2.25961923599243,0.0144433975219727,0.181680679321289,0.956939935684204,1.28949356079102,1.57366371154785,1.60696387290955,1.60696387290955,-1,-1,1.90067577362061,167.237281799316,284.170150756836,33.3001613616943,317.47031211853,Conflict,Left,Right,Right,Left,Right,0,1,0,1,1,1,0,0,1,0,1,1,0,0,0,1,1,0,1,61,41,20260729_t1546_srsSmooth_direct_rgb_training_B001,61,41,4.63124791781108,2.70780825614929,2,1,69,1,0,0,1,1,1
20260729_t1546_srsSmooth_direct_rgb_training,srs_direct_rgb_training,trial0093.mat,93,93,61,1,93,61,100,80,20,8,1,2,7,2,72,23749,2,0,1,2,1,1,2,2,0,0,,0,453,0,1,0,0,0,0,95,72,95,72,23,NaN,3,NaN,NaN,NaN,NaN,NaN,NaN,NaN,0.229538261890411,12.0521650314331,-11.8226267695427,1785354868.74041,20473.19082204,1.74073076248169,0.0119457244873047,0.221047401428223,0.912774324417114,1.24532771110535,-1,-1,-1,-1,-1,-1,209.101676940918,NaN,NaN,NaN,Conflict,Right,Left,None,Right,Left,0,1,0,1,0,NaN,NaN,NaN,NaN,NaN,NaN,NaN,NaN,1,1,0,1,0,0,61,NaN,20260729_t1546_srsSmooth_direct_rgb_training_B001,NaN,NaN,4.6894862651825,1.23468160629272,NaN,NaN,NaN,0,NaN,NaN,NaN,NaN,0
20260729_t1546_srsSmooth_direct_rgb_training,srs_direct_rgb_training,trial0094.mat,94,94,61,1,94,61,100,80,20,8,1,2,7,2,61,31033,2,0,1,2,1,1,2,2,1,1,CHOSE_LOW_SAL,2,455,1,0,0,0,0,0,110,82,110,82,28,110,3,NaN,NaN,NaN,NaN,NaN,NaN,NaN,1.6594420671463,10.7148523330688,-9.0554102659225,1785354871.58137,20476.03178944,2.09897947311401,0.0127577781677246,0.205065965652466,0.754974603652954,1.08779978752136,1.40492224693298,1.44654893875122,1.44654893875122,-1,-1,1.6820125579834,192.308187484741,317.122459411621,41.6266918182373,358.749151229858,Conflict,Right,Left,Right,Right,Left,0,1,0,1,1,1,1,1,0,0,0,0,1,1,1,0,1,0,1,62,42,20260729_t1546_srsSmooth_direct_rgb_training_B001,62,42,4.73683569431305,1.10023498535156,2,1,57,1,1,0,0,1,1
20260729_t1546_srsSmooth_direct_rgb_training,srs_direct_rgb_training,trial0095.mat,95,95,62,1,95,62,100,80,20,8,1,1,6,2,55,26327,2,0,2,1,1,2,1,2,2,1,CHOSE_LOW_SAL,2,455,1,0,0,0,0,0,123,56,123,56,67,56,3,NaN,NaN,NaN,NaN,NaN,NaN,NaN,7.10280227661133,4.26528787612915,2.83751440048218,1785354874.94014,20479.39052764,2.28264427185059,0.0124542713165283,0.246249437332153,1.02989292144775,1.36250615119934,1.65476369857788,1.68825745582581,1.68825745582581,-1,-1,1.9240505695343,233.795166015625,292.25754737854,33.4937572479248,325.751304626465,Congruent,Left,Right,Right,Left,Left,0,1,1,0,1,1,0,0,0,0,1,1,1,0,0,0,1,1,1,63,43,20260729_t1546_srsSmooth_direct_rgb_training_B001,63,43,4.79281517267227,1.25978922843933,1,1,110,1,1,0,0,1,1
20260729_t1546_srsSmooth_direct_rgb_training,srs_direct_rgb_training,trial0096.mat,96,96,63,1,96,63,100,80,20,8,1,2,8,2,94,19374,2,0,2,1,1,2,2,1,2,1,CHOSE_HIGH_SAL,1,455,1,0,0,0,0,0,130,86,130,86,44,86,3,NaN,NaN,NaN,NaN,NaN,NaN,NaN,2.77822589874268,9.43528938293457,-6.65706348419189,1785354878.48056,20482.93089184,2.21713209152222,0.0138368606567383,0.205871820449829,0.914254188537598,1.24721884727478,1.54766535758972,1.58100175857544,1.58100175857544,-1,-1,1.83285737037659,192.034959793091,300.446510314941,33.3364009857178,333.782911300659,Conflict,Left,Right,Right,Left,Right,0,1,0,1,1,1,0,0,1,0,1,1,0,0,0,1,1,0,1,64,44,20260729_t1546_srsSmooth_direct_rgb_training_B001,64,44,4.85182219346364,1.25777697563171,2,1,56,1,0,0,1,1,1
20260729_t1546_srsSmooth_direct_rgb_training,srs_direct_rgb_training,trial0097.mat,97,97,64,1,97,64,100,80,20,8,1,1,5,2,31,8411,2,0,1,2,1,1,1,1,1,1,CHOSE_HIGH_SAL,1,455,1,0,0,0,0,0,108,54,108,54,54,108,3,NaN,NaN,NaN,NaN,NaN,NaN,NaN,12.0521650314331,0.229538261890411,11.8226267695427,1785354881.92548,20486.3757268,2.288907289505,0.0190603733062744,0.228132486343384,0.961530208587646,1.29410934448242,1.61998724937439,1.65307950973511,1.65307950973511,-1,-1,1.88002133369446,209.072113037109,325.877904891968,33.0922603607178,358.970165252686,Congruent,Right,Left,Right,Right,Right,0,1,1,0,1,1,1,1,1,0,0,0,0,1,1,1,1,1,1,65,45,20260729_t1546_srsSmooth_direct_rgb_training_B001,65,45,4.90923738479614,1.22777938842773,2,1,86,1,1,0,0,1,1
20260729_t1546_srsSmooth_direct_rgb_training,srs_direct_rgb_training,trial0098.mat,98,98,65,1,98,65,100,80,20,8,1,1,6,2,51,19892,2,0,2,1,1,2,1,2,0,0,,0,453,0,1,0,0,0,0,104,34,104,34,70,NaN,3,NaN,NaN,NaN,NaN,NaN,NaN,NaN,12.0521650314331,0.229538261890411,11.8226267695427,1785354885.49411,20489.94415008,1.69495368003845,0.0172338485717773,0.192514181137085,0.867760181427002,1.20061278343201,-1,-1,-1,-1,-1,-1,175.280332565308,NaN,NaN,NaN,Congruent,Left,Right,None,Left,Left,0,1,1,0,0,NaN,NaN,NaN,NaN,NaN,NaN,NaN,NaN,0,0,0,1,1,0,65,NaN,20260729_t1546_srsSmooth_direct_rgb_training_B001,NaN,NaN,4.96871457894643,1.27972435951233,NaN,NaN,NaN,0,NaN,NaN,NaN,NaN,0
20260729_t1546_srsSmooth_direct_rgb_training,srs_direct_rgb_training,trial0099.mat,99,99,65,1,99,65,100,80,20,8,1,1,6,2,58,11119,2,0,2,1,1,2,1,2,2,1,CHOSE_LOW_SAL,2,455,1,0,0,0,0,0,105,87,105,87,18,87,3,NaN,NaN,NaN,NaN,NaN,NaN,NaN,7.10280227661133,5.1128396987915,1.98996257781983,1785354888.30316,20492.75314408,2.3285186290741,0.0166254043579102,0.200351715087891,0.992034673690796,1.32500958442688,1.69241428375244,1.725426197052,1.725426197052,-1,-1,1.9442093372345,183.72631072998,367.404699325562,33.0119132995605,400.416612625122,Congruent,Left,Right,Right,Left,Left,0,1,1,0,1,1,0,0,0,0,1,1,1,0,0,0,1,1,1,66,46,20260729_t1546_srsSmooth_direct_rgb_training_B001,66,46,5.01553208430608,1.11409664154053,1,1,108,1,1,0,0,1,1
20260729_t1546_srsSmooth_direct_rgb_training,srs_direct_rgb_training,trial0100.mat,100,100,66,1,100,66,100,80,20,8,1,1,6,2,56,1288,2,0,2,1,1,2,1,2,2,1,CHOSE_LOW_SAL,2,455,1,0,0,0,0,0,72,65,72,65,7,65,3,NaN,NaN,NaN,NaN,NaN,NaN,NaN,10.7148523330688,0.93046361207962,9.78438872098918,1785354891.87738,20496.32729372,2.40470457077026,0.0175380706787109,0.293056726455688,1.08474564552307,1.4175922870636,1.73470854759216,1.77631950378418,1.77631950378418,-1,-1,2.03771710395813,275.518655776978,317.116260528564,41.6109561920166,358.727216720581,Congruent,Left,Right,Right,Left,Left,0,1,1,0,1,1,0,0,0,0,1,1,1,0,0,0,1,1,1,67,47,20260729_t1546_srsSmooth_direct_rgb_training_B001,67,47,5.07510251998901,1.24570751190186,2,1,87,1,0,0,1,1,1
20260729_t1546_srsSmooth_direct_rgb_training,srs_direct_rgb_training,trial0101.mat,101,101,67,1,101,67,100,80,20,8,1,1,6,2,51,19892,2,0,2,1,1,2,1,2,2,1,CHOSE_LOW_SAL,2,455,1,0,0,0,0,0,102,44,102,44,58,44,3,NaN,NaN,NaN,NaN,NaN,NaN,NaN,10.7148523330688,0.93046361207962,9.78438872098918,1785354895.55329,20500.0032048,2.10372853279114,0.0167739391326904,0.233968019485474,0.82553505897522,1.1584849357605,1.45086860656738,1.48413252830505,1.48413252830505,-1,-1,1.76109051704407,217.194080352783,292.383670806885,33.2639217376709,325.647592544556,Congruent,Left,Right,Right,Left,Left,0,1,1,0,1,1,0,0,0,0,1,1,1,0,0,0,1,1,1,68,48,20260729_t1546_srsSmooth_direct_rgb_training_B001,68,48,5.13636762698491,1.27120184898376,2,1,65,1,0,0,1,1,1
20260729_t1546_srsSmooth_direct_rgb_training,srs_direct_rgb_training,trial0102.mat,102,102,68,1,102,68,100,80,20,8,1,1,6,2,47,28193,2,0,2,1,1,2,1,2,2,1,CHOSE_LOW_SAL,2,455,1,0,5,0,0,0,120,58,120,58,62,58,3,NaN,NaN,NaN,NaN,NaN,NaN,NaN,12.0521650314331,0.444662034511566,11.6075029969215,1785354898.92425,20503.37401372,2.21636152267456,0.01261305809021,0.238044500350952,0.838164329528809,1.17099118232727,1.52984023094177,1.57139801979065,1.57139801979065,-1,-1,1.85743618011475,225.431442260742,358.849048614502,41.557788848877,400.406837463379,Congruent,Left,Right,Right,Left,Left,0,1,1,0,1,1,0,0,0,0,1,1,1,0,0,0,1,1,1,69,49,20260729_t1546_srsSmooth_direct_rgb_training_B001,69,49,5.19255025784175,1.26722931861877,2,1,44,1,0,0,1,1,1
20260729_t1546_srsSmooth_direct_rgb_training,srs_direct_rgb_training,trial0103.mat,103,103,69,1,103,69,100,80,20,8,1,1,5,2,22,5187,2,0,1,2,1,1,1,1,1,1,CHOSE_HIGH_SAL,1,455,1,0,0,0,0,0,103,59,103,59,44,103,3,NaN,NaN,NaN,NaN,NaN,NaN,NaN,10.7148523330688,1.6594420671463,9.0554102659225,1785354902.38606,20506.8356882,2.07989168167114,0.0175979137420654,0.201641798019409,0.734864950180054,1.06763887405396,1.3598461151123,1.39323043823242,1.39323043823242,-1,-1,1.67883586883545,184.043884277344,292.20724105835,33.3843231201172,325.591564178467,Congruent,Right,Left,Right,Right,Right,0,1,1,0,1,1,1,1,1,0,0,0,0,1,1,1,1,1,1,70,50,20260729_t1546_srsSmooth_direct_rgb_training_B001,70,50,5.25024719238281,1.24545454978943,2,1,58,1,1,0,0,1,1
20260729_t1546_srsSmooth_direct_rgb_training,srs_direct_rgb_training,trial0104.mat,104,104,70,1,104,70,100,80,20,8,1,1,6,2,53,6940,2,0,2,1,1,2,1,2,0,0,,0,453,0,1,0,0,0,0,117,64,117,64,53,NaN,3,NaN,NaN,NaN,NaN,NaN,NaN,NaN,12.0521650314331,0.320143043994904,11.7320219874382,1785354905.7139,20510.16365972,1.675856590271,0.0148904323577881,0.190612316131592,0.848612785339355,1.18160247802734,-1,-1,-1,-1,-1,-1,175.721883773804,NaN,NaN,NaN,Congruent,Left,Right,None,Left,Left,0,1,1,0,0,NaN,NaN,NaN,NaN,NaN,NaN,NaN,NaN,0,0,0,1,1,0,70,NaN,20260729_t1546_srsSmooth_direct_rgb_training_B001,NaN,NaN,5.3057111342748,1.24794483184814,NaN,NaN,NaN,0,NaN,NaN,NaN,NaN,0
20260729_t1546_srsSmooth_direct_rgb_training,srs_direct_rgb_training,trial0105.mat,105,105,70,1,105,70,100,80,20,8,1,1,6,2,53,6940,2,0,2,1,1,2,1,2,0,0,,0,453,0,1,0,0,0,0,97,45,97,45,52,NaN,3,NaN,NaN,NaN,NaN,NaN,NaN,NaN,12.0521650314331,0.320143043994904,11.7320219874382,1785354908.50414,20512.95372244,1.5442259311676,0.0164294242858887,0.192049264907837,0.717134237289429,1.0498034954071,-1,-1,-1,-1,-1,-1,175.619840621948,NaN,NaN,NaN,Congruent,Left,Right,None,Left,Left,0,1,1,0,0,NaN,NaN,NaN,NaN,NaN,NaN,NaN,NaN,0,0,0,1,1,0,70,NaN,20260729_t1546_srsSmooth_direct_rgb_training_B001,NaN,NaN,5.352215051651,1.11437845230103,NaN,NaN,NaN,0,NaN,NaN,NaN,NaN,0
20260729_t1546_srsSmooth_direct_rgb_training,srs_direct_rgb_training,trial0113.mat,113,113,70,1,113,70,100,80,20,8,1,2,8,2,89,25028,2,0,2,1,1,2,2,1,2,1,CHOSE_HIGH_SAL,1,455,1,0,0,0,0,0,114,64,114,64,50,64,3,NaN,NaN,NaN,NaN,NaN,NaN,NaN,2.1699333190918,9.43528938293457,-7.26535606384277,1785354924.50347,20528.95285228,2.16296744346619,0.0177133083343506,0.24312424659729,0.793110847473145,1.12608909606934,1.44347023963928,1.48504519462585,1.48504519462585,-1,-1,1.79532814025879,225.410938262939,317.381143569946,41.5749549865723,358.956098556519,Conflict,Left,Right,Right,Left,Right,0,1,0,1,1,1,0,0,1,0,1,1,0,0,0,1,1,0,1,71,51,20260729_t1546_srsSmooth_direct_rgb_training_B001,71,51,5.6188706556956,14.4551103115082,1,1,103,1,1,0,0,1,1
20260729_t1546_srsSmooth_direct_rgb_training,srs_direct_rgb_training,trial0115.mat,115,115,71,1,115,71,100,80,20,8,1,1,6,2,45,5853,2,0,2,1,1,2,1,2,0,0,,0,11,0,1,0,0,0,0,121,45,121,45,76,NaN,3,NaN,NaN,NaN,NaN,NaN,NaN,NaN,12.0521650314331,0.444662034511566,11.6075029969215,1785354929.35286,20533.8019804,0.486879348754883,0.010183572769165,0.260592937469482,-1,-1,-1,-1,-1,-1,-1,-1,250.409364700317,NaN,NaN,NaN,Congruent,Left,Right,None,Left,Left,0,1,1,0,0,NaN,NaN,NaN,NaN,NaN,NaN,NaN,NaN,0,0,0,1,1,0,71,NaN,20260729_t1546_srsSmooth_direct_rgb_training_B001,NaN,NaN,5.69969371557236,2.6864161491394,NaN,NaN,NaN,0,NaN,NaN,NaN,NaN,0
20260729_t1546_srsSmooth_direct_rgb_training,srs_direct_rgb_training,trial0117.mat,117,117,71,1,117,71,100,80,20,8,1,2,8,2,81,31202,2,0,2,1,1,2,2,1,0,0,,0,453,0,1,0,0,0,0,108,56,108,56,52,NaN,3,NaN,NaN,NaN,NaN,NaN,NaN,NaN,1.6594420671463,10.7148523330688,-9.0554102659225,1785354932.45052,20536.89956796,1.55737924575806,0.0126357078552246,0.188107967376709,0.729951858520508,1.0626757144928,-1,-1,-1,-1,-1,-1,175.472259521484,NaN,NaN,NaN,Conflict,Left,Right,None,Left,Right,0,1,0,1,0,NaN,NaN,NaN,NaN,NaN,NaN,NaN,NaN,0,0,1,1,0,0,71,NaN,20260729_t1546_srsSmooth_direct_rgb_training_B001,NaN,NaN,5.75132151444753,2.61078858375549,NaN,NaN,NaN,0,NaN,NaN,NaN,NaN,0
20260729_t1546_srsSmooth_direct_rgb_training,srs_direct_rgb_training,trial0122.mat,122,122,71,1,122,71,100,80,20,8,1,1,6,2,44,10547,2,0,2,1,1,2,1,2,2,1,CHOSE_LOW_SAL,2,455,1,0,0,0,0,0,116,66,116,66,50,66,3,NaN,NaN,NaN,NaN,NaN,NaN,NaN,7.10280227661133,5.1128396987915,1.98996257781983,1785354941.00523,20545.45423864,2.23660945892334,0.0165903568267822,0.242024421691895,0.917089462280273,1.24997138977051,1.58374357223511,1.61710381507874,1.61710381507874,-1,-1,1.8691577911377,225.434064865112,333.7721824646,33.3602428436279,367.132425308228,Congruent,Left,Right,Right,Left,Left,0,1,1,0,1,1,0,0,0,0,1,1,1,0,0,0,1,1,1,72,52,20260729_t1546_srsSmooth_direct_rgb_training_B001,72,52,5.89390002091726,6.99733114242554,2,1,64,1,0,0,1,1,1
20260729_t1546_srsSmooth_direct_rgb_training,srs_direct_rgb_training,trial0123.mat,123,123,72,1,123,72,100,80,20,8,1,2,7,2,76,1807,2,0,1,2,1,1,2,2,1,1,CHOSE_LOW_SAL,2,455,1,0,0,0,0,0,100,52,100,52,48,100,3,NaN,NaN,NaN,NaN,NaN,NaN,NaN,1.6594420671463,10.7148523330688,-9.0554102659225,1785354944.50326,20548.95228104,2.33830618858337,0.0103640556335449,0.210983037948608,0.96081280708313,1.29374694824219,1.61085796356201,1.64430284500122,1.64430284500122,-1,-1,1.93787622451782,200.618982315063,317.111015319824,33.444881439209,350.555896759033,Conflict,Right,Left,Right,Right,Left,0,1,0,1,1,1,1,1,0,0,0,0,1,1,1,0,1,0,1,73,53,20260729_t1546_srsSmooth_direct_rgb_training_B001,73,53,5.9522004922231,1.26141881942749,2,1,66,1,1,0,0,1,1
20260729_t1546_srsSmooth_direct_rgb_training,srs_direct_rgb_training,trial0124.mat,124,124,73,1,124,73,100,80,20,8,1,1,5,2,24,6341,2,0,1,2,1,1,1,1,1,1,CHOSE_HIGH_SAL,1,455,1,0,0,0,0,0,97,68,97,68,29,97,3,NaN,NaN,NaN,NaN,NaN,NaN,NaN,8.26335430145264,3.45859241485596,4.80476188659668,1785354948.10283,20552.55163784,2.18918466567993,0.0109360218048096,0.195013999938965,0.853203296661377,1.18598198890686,1.47834920883179,1.51979660987854,1.51979660987854,-1,-1,1.78893733024597,184.077978134155,292.367219924927,41.4474010467529,333.81462097168,Congruent,Right,Left,Right,Right,Right,0,1,1,0,1,1,1,1,1,0,0,0,0,1,1,1,1,1,1,74,54,20260729_t1546_srsSmooth_direct_rgb_training_B001,74,54,6.01219327449799,1.26126074790955,1,1,100,1,0,0,1,1,1
20260729_t1546_srsSmooth_direct_rgb_training,srs_direct_rgb_training,trial0125.mat,125,125,74,1,125,74,100,80,20,8,1,2,8,2,83,2991,2,0,2,1,1,2,2,1,2,1,CHOSE_HIGH_SAL,1,455,1,0,0,0,0,0,84,66,84,66,18,66,3,NaN,NaN,NaN,NaN,NaN,NaN,NaN,0.93046361207962,10.7148523330688,-9.78438872098918,1785354951.54126,20555.98993836,2.25916242599487,0.0143074989318848,0.214958667755127,0.889827728271484,1.22268748283386,1.54827046394348,1.58168005943298,1.58168005943298,-1,-1,1.89205813407898,200.651168823242,325.582981109619,33.409595489502,358.992576599121,Conflict,Left,Right,Right,Left,Right,0,1,0,1,1,1,0,0,1,0,1,1,0,0,0,1,1,0,1,75,55,20260729_t1546_srsSmooth_direct_rgb_training_B001,75,55,6.06950043439865,1.24924492835999,1,1,97,1,1,0,0,1,1
20260729_t1546_srsSmooth_direct_rgb_training,srs_direct_rgb_training,trial0126.mat,126,126,75,1,126,75,100,80,20,8,1,1,6,2,46,28024,2,0,2,1,1,2,1,2,2,1,CHOSE_LOW_SAL,2,455,1,0,0,0,0,0,109,42,109,42,67,42,3,NaN,NaN,NaN,NaN,NaN,NaN,NaN,7.10280227661133,5.1128396987915,1.98996257781983,1785354955.03253,20559.48127916,2.35163950920105,0.0148391723632812,0.240446805953979,1.04028820991516,1.37322521209717,1.66547846794128,1.70710182189941,1.70710182189941,-1,-1,2.00930786132812,225.607633590698,292.253255844116,41.6233539581299,333.876609802246,Congruent,Left,Right,Right,Left,Left,0,1,1,0,1,1,0,0,0,0,1,1,1,0,0,0,1,1,1,76,56,20260729_t1546_srsSmooth_direct_rgb_training_B001,76,56,6.12768827279409,1.23210787773132,2,1,66,1,0,0,1,1,1
20260729_t1546_srsSmooth_direct_rgb_training,srs_direct_rgb_training,trial0127.mat,127,127,76,1,127,76,100,80,20,8,1,1,6,2,45,5853,2,0,2,1,1,2,1,2,2,1,CHOSE_LOW_SAL,2,455,1,0,0,0,0,0,131,35,131,35,96,35,3,NaN,NaN,NaN,NaN,NaN,NaN,NaN,7.10280227661133,4.26528787612915,2.83751440048218,1785354958.62726,20563.07584852,2.18213558197021,0.0119144916534424,0.204160690307617,0.912355422973633,1.24529552459717,1.52094125747681,1.55434703826904,1.55434703826904,-1,-1,1.84811305999756,192.246198654175,275.645732879639,33.4057807922363,309.051513671875,Congruent,Left,Right,Right,Left,Left,0,1,1,0,1,1,0,0,0,0,1,1,1,0,0,0,1,1,1,77,57,20260729_t1546_srsSmooth_direct_rgb_training_B001,77,57,6.18760044972102,1.24309110641479,2,1,42,1,0,0,1,1,1
20260729_t1546_srsSmooth_direct_rgb_training,srs_direct_rgb_training,trial0128.mat,128,128,77,1,128,77,100,80,20,8,1,1,5,2,33,30737,2,0,1,2,1,1,1,1,1,1,CHOSE_HIGH_SAL,1,455,1,0,0,0,0,0,112,74,112,74,38,112,3,NaN,NaN,NaN,NaN,NaN,NaN,NaN,12.0521650314331,0.320143043994904,11.7320219874382,1785354962.05877,20566.5073962,2.3921959400177,0.0138700008392334,0.239266633987427,1.00604915618896,1.3389208316803,1.67272877693176,1.70636749267578,1.70636749267578,-1,-1,1.98285484313965,225.396633148193,333.807945251465,33.6387157440186,367.446660995483,Congruent,Right,Left,Right,Right,Right,0,1,1,0,1,1,1,1,1,0,0,0,0,1,1,1,1,1,1,78,58,20260729_t1546_srsSmooth_direct_rgb_training_B001,78,58,6.24479231039683,1.24937605857849,2,1,35,1,1,0,0,1,1
20260729_t1546_srsSmooth_direct_rgb_training,srs_direct_rgb_training,trial0129.mat,129,129,78,1,129,78,100,80,20,8,1,2,8,2,98,27549,2,0,2,1,1,2,2,1,2,1,CHOSE_HIGH_SAL,1,455,1,0,0,0,0,0,92,74,92,74,18,74,3,NaN,NaN,NaN,NaN,NaN,NaN,NaN,0.320143043994904,12.0521650314331,-11.7320219874382,1785354965.70601,20570.15447784,2.1706178188324,0.0167703628540039,0.217587947845459,0.918363571166992,1.25015139579773,1.53401517868042,1.56746625900269,1.56746625900269,-1,-1,1.79430294036865,200.817584991455,283.86378288269,33.4510803222656,317.314863204956,Conflict,Left,Right,Right,Left,Right,0,1,0,1,1,1,0,0,1,0,1,1,0,0,0,1,1,0,1,79,59,20260729_t1546_srsSmooth_direct_rgb_training_B001,79,59,6.30557967027028,1.25504565238953,1,1,112,1,1,0,0,1,1
20260729_t1546_srsSmooth_direct_rgb_training,srs_direct_rgb_training,trial0130.mat,130,130,79,1,130,79,100,80,20,8,1,1,6,2,57,24281,2,0,2,1,1,2,1,2,2,1,CHOSE_LOW_SAL,2,455,1,0,0,0,0,0,84,61,84,61,23,61,3,NaN,NaN,NaN,NaN,NaN,NaN,NaN,9.43528938293457,2.1699333190918,7.26535606384277,1785354969.12274,20573.57118776,2.24524521827698,0.0168378353118896,0.208758592605591,0.933905601501465,1.26688671112061,1.55079483985901,1.5843243598938,1.5843243598938,-1,-1,1.88606595993042,191.920757293701,283.908128738403,33.52952003479,317.437648773193,Congruent,Left,Right,Right,Left,Left,0,1,1,0,1,1,0,0,0,0,1,1,1,0,0,0,1,1,1,80,60,20260729_t1546_srsSmooth_direct_rgb_training_B001,80,60,6.36252519687017,1.24611377716064,2,1,74,1,0,0,1,1,1
20260729_t1546_srsSmooth_direct_rgb_training,srs_direct_rgb_training,trial0131.mat,131,131,80,1,131,80,100,80,20,8,1,1,6,2,50,4559,2,0,2,1,1,2,1,2,2,1,CHOSE_LOW_SAL,2,455,1,0,0,0,0,0,77,45,77,45,32,45,3,NaN,NaN,NaN,NaN,NaN,NaN,NaN,10.7148523330688,1.6594420671463,9.0554102659225,1785354972.64455,20577.09287744,2.2740421295166,0.0118393898010254,0.304149150848389,0.98715615272522,1.31189036369324,1.61236023902893,1.64567923545837,1.64567923545837,-1,-1,1.93088889122009,292.309761047363,300.469875335693,33.3189964294434,333.788871765137,Congruent,Left,Right,Right,Left,Left,0,1,1,0,1,1,0,0,0,0,1,1,1,0,0,0,1,1,1,81,61,20260729_t1546_srsSmooth_direct_rgb_training_B001,81,61,6.42122190395991,1.27655720710754,2,1,61,1,0,0,1,1,1
20260729_t1546_srsSmooth_direct_rgb_training,srs_direct_rgb_training,trial0132.mat,132,132,81,1,132,81,100,80,20,8,1,1,5,2,37,10326,2,0,1,2,1,1,1,1,1,1,CHOSE_HIGH_SAL,1,455,1,0,0,0,0,0,130,89,130,89,41,130,3,NaN,NaN,NaN,NaN,NaN,NaN,NaN,12.0521650314331,0.444662034511566,11.6075029969215,1785354976.1731,20580.62137084,2.05366396903992,0.016761302947998,0.184349060058594,0.717444896697998,1.05013537406921,1.33404970169067,1.3587441444397,1.3587441444397,-1,-1,1.61933732032776,167.587757110596,283.91432762146,24.6944427490234,308.608770370483,Congruent,Right,Left,Right,Right,Right,0,1,1,0,1,1,1,1,1,0,0,0,0,1,1,1,1,1,1,82,62,20260729_t1546_srsSmooth_direct_rgb_training_B001,82,62,6.4800310532252,1.25450682640076,2,1,45,1,1,0,0,1,1
20260729_t1546_srsSmooth_direct_rgb_training,srs_direct_rgb_training,trial0133.mat,133,133,82,1,133,82,100,80,20,8,1,2,7,2,72,23749,2,0,1,2,1,1,2,2,1,1,CHOSE_LOW_SAL,2,455,1,0,0,0,0,0,113,62,113,62,51,113,3,NaN,NaN,NaN,NaN,NaN,NaN,NaN,2.1699333190918,9.43528938293457,-7.26535606384277,1785354979.47884,20583.92703596,2.36526823043823,0.0111439228057861,0.261595726013184,0.969942808151245,1.30286073684692,1.62007713317871,1.65337014198303,1.65337014198303,-1,-1,1.94754695892334,250.451803207397,317.216396331787,33.2930088043213,350.509405136108,Conflict,Right,Left,Right,Right,Left,0,1,0,1,1,1,1,1,0,0,0,0,1,1,1,0,1,0,1,83,63,20260729_t1546_srsSmooth_direct_rgb_training_B001,83,63,6.5351268251737,1.25208234786987,1,1,130,1,0,0,1,1,1
20260729_t1546_srsSmooth_direct_rgb_training,srs_direct_rgb_training,trial0135.mat,135,135,83,1,135,83,100,80,20,8,1,1,5,2,40,24486,2,0,1,2,1,1,1,1,1,1,CHOSE_HIGH_SAL,1,455,1,0,0,0,0,0,101,57,101,57,44,101,3,NaN,NaN,NaN,NaN,NaN,NaN,NaN,8.26335430145264,4.26528787612915,3.99806642532349,1785354984.53362,20588.98179632,2.22647595405579,0.0148911476135254,0.248711824417114,0.807037353515625,1.13993525505066,1.49891304969788,1.54066848754883,1.54066848754883,-1,-1,1.82572650909424,233.820676803589,358.977794647217,41.7554378509521,400.733232498169,Congruent,Right,Left,Right,Right,Right,0,1,1,0,1,1,1,1,1,0,0,0,0,1,1,1,1,1,1,84,64,20260729_t1546_srsSmooth_direct_rgb_training_B001,84,64,6.61937320629756,2.68951463699341,1,1,113,1,0,0,1,1,1
20260729_t1546_srsSmooth_direct_rgb_training,srs_direct_rgb_training,trial0136.mat,136,136,84,1,136,84,100,80,20,8,1,2,8,2,81,31202,2,0,2,1,1,2,2,1,2,1,CHOSE_HIGH_SAL,1,455,1,0,0,0,0,0,108,56,108,56,52,56,3,NaN,NaN,NaN,NaN,NaN,NaN,NaN,2.77822589874268,9.43528938293457,-6.65706348419189,1785354988.01347,20592.46161668,2.33849096298218,0.0101833343505859,0.227264404296875,1.02733016014099,1.36023640632629,1.685786485672,1.7272617816925,1.7272617816925,-1,-1,1.97935390472412,217.081069946289,325.550079345703,41.4752960205078,367.025375366211,Conflict,Left,Right,Right,Left,Right,0,1,0,1,1,1,0,0,1,0,1,1,0,0,0,1,1,0,1,85,65,20260729_t1546_srsSmooth_direct_rgb_training_B001,85,65,6.67737060387929,1.25336790084839,1,1,101,1,1,0,0,1,1
20260729_t1546_srsSmooth_direct_rgb_training,srs_direct_rgb_training,trial0137.mat,137,137,85,1,137,85,100,80,20,8,1,1,5,2,32,17978,2,0,1,2,1,1,1,1,1,1,CHOSE_HIGH_SAL,1,455,1,0,0,0,0,0,112,46,112,46,66,112,3,NaN,NaN,NaN,NaN,NaN,NaN,NaN,9.43528938293457,2.77822589874268,6.65706348419189,1785354991.60487,20596.052939,2.3725152015686,0.0105905532836914,0.261165857315063,1.02768039703369,1.3606436252594,1.71120810508728,1.74451661109924,1.74451661109924,-1,-1,1.96321368217468,250.575304031372,350.564479827881,33.3085060119629,383.872985839844,Congruent,Right,Left,Right,Right,Right,0,1,1,0,1,1,1,1,1,0,0,0,0,1,1,1,1,1,1,86,66,20260729_t1546_srsSmooth_direct_rgb_training_B001,86,66,6.73722726504008,1.25290870666504,2,1,56,1,1,0,0,1,1
20260729_t1546_srsSmooth_direct_rgb_training,srs_direct_rgb_training,trial0138.mat,138,138,86,1,138,86,100,80,20,8,1,2,7,2,73,20276,2,0,1,2,1,1,2,2,1,1,CHOSE_LOW_SAL,2,455,1,0,0,0,0,0,106,51,106,51,55,106,3,NaN,NaN,NaN,NaN,NaN,NaN,NaN,0.644606947898865,10.7148523330688,-10.0702453851699,1785354995.22225,20599.6701032,2.18895220756531,0.010012149810791,0.169040441513062,0.810956239700317,1.14338898658752,1.51102495193481,1.54425644874573,1.54425644874573,-1,-1,1.78023505210876,159.028291702271,367.63596534729,33.2314968109131,400.867462158203,Conflict,Right,Left,Right,Right,Left,0,1,0,1,1,1,1,1,0,0,0,0,1,1,1,0,1,0,1,87,67,20260729_t1546_srsSmooth_direct_rgb_training_B001,87,67,6.79751704136531,1.24487137794495,1,1,112,1,0,0,1,1,1
20260729_t1546_srsSmooth_direct_rgb_training,srs_direct_rgb_training,trial0139.mat,139,139,87,1,139,87,100,80,20,8,1,2,8,2,87,58,2,0,2,1,1,2,2,1,2,1,CHOSE_HIGH_SAL,1,455,1,0,0,0,0,0,102,85,102,85,17,85,3,NaN,NaN,NaN,NaN,NaN,NaN,NaN,0.444662034511566,12.0521650314331,-11.6075029969215,1785354998.67734,20603.12507364,2.17541527748108,0.0133945941925049,0.289275407791138,0.814233779907227,1.14677262306213,1.49758744239807,1.53929853439331,1.53929853439331,-1,-1,1.79122924804688,275.880813598633,350.814819335938,41.7110919952393,392.525911331177,Conflict,Left,Right,Right,Left,Right,0,1,0,1,1,1,0,0,1,0,1,1,0,0,0,1,1,0,1,88,68,20260729_t1546_srsSmooth_direct_rgb_training_B001,88,68,6.8551017999649,1.26613330841064,1,1,106,1,1,0,0,1,1
20260729_t1546_srsSmooth_direct_rgb_training,srs_direct_rgb_training,trial0140.mat,140,140,88,1,140,88,100,80,20,8,1,2,8,2,88,25010,2,0,2,1,1,2,2,1,2,1,CHOSE_HIGH_SAL,1,455,1,0,0,0,0,0,118,65,118,65,53,65,3,NaN,NaN,NaN,NaN,NaN,NaN,NaN,3.45859241485596,8.26335430145264,-4.80476188659668,1785355002.17149,20606.61928068,2.23992705345154,0.0110483169555664,0.203445911407471,0.969953298568726,1.3027651309967,1.59494161605835,1.62821269035339,1.62821269035339,-1,-1,1.87229132652283,192.397594451904,292.176485061646,33.2710742950439,325.447559356689,Conflict,Left,Right,Right,Left,Right,0,1,0,1,1,1,0,0,1,0,1,1,0,0,0,1,1,0,1,89,69,20260729_t1546_srsSmooth_direct_rgb_training_B001,89,69,6.91333763599396,1.31873488426208,2,1,85,1,0,0,1,1,1
20260729_t1546_srsSmooth_direct_rgb_training,srs_direct_rgb_training,trial0141.mat,141,141,89,1,141,89,100,80,20,8,1,1,5,2,26,28030,2,0,1,2,1,1,1,1,1,1,CHOSE_HIGH_SAL,1,455,1,0,0,0,0,0,116,60,116,60,56,116,3,NaN,NaN,NaN,NaN,NaN,NaN,NaN,12.0521650314331,0.229538261890411,11.8226267695427,1785355005.65652,20610.1042002,2.41264700889587,0.0178182125091553,0.268447399139404,1.06849455833435,1.40120506286621,1.67663431167603,1.71820616722107,1.71820616722107,-1,-1,1.99582004547119,250.629186630249,275.429248809814,41.5718555450439,317.001104354858,Congruent,Right,Left,Right,Right,Right,0,1,1,0,1,1,1,1,1,0,0,0,0,1,1,1,1,1,1,90,70,20260729_t1546_srsSmooth_direct_rgb_training_B001,90,70,6.97142152388891,1.24510622024536,2,1,65,1,1,0,0,1,1
20260729_t1546_srsSmooth_direct_rgb_training,srs_direct_rgb_training,trial0142.mat,142,142,90,1,142,90,100,80,20,8,1,2,7,2,65,8088,2,0,1,2,1,1,2,2,1,1,CHOSE_LOW_SAL,2,455,1,0,0,0,0,0,117,41,117,41,76,117,3,NaN,NaN,NaN,NaN,NaN,NaN,NaN,1.24210262298584,10.7148523330688,-9.47274971008296,1785355009.31857,20613.76613784,2.35964202880859,0.0142529010772705,0.223065853118896,0.98166561126709,1.31430292129517,1.65671443939209,1.69005823135376,1.69005823135376,-1,-1,1.94184136390686,208.812952041626,342.411518096924,33.3437919616699,375.755310058594,Conflict,Right,Left,Right,Right,Left,0,1,0,1,1,1,1,1,0,0,0,0,1,1,1,0,1,0,1,91,71,20260729_t1546_srsSmooth_direct_rgb_training_B001,91,71,7.03245555957158,1.24939513206482,1,1,116,1,0,0,1,1,1
20260729_t1546_srsSmooth_direct_rgb_training,srs_direct_rgb_training,trial0143.mat,143,143,91,1,143,91,100,80,20,8,1,2,7,2,79,23790,2,0,1,2,1,1,2,2,1,1,CHOSE_LOW_SAL,2,455,1,0,0,0,0,0,105,63,105,63,42,105,3,NaN,NaN,NaN,NaN,NaN,NaN,NaN,2.1699333190918,9.43528938293457,-7.26535606384277,1785355012.95062,20617.39814228,2.16143941879272,0.0156726837158203,0.207754135131836,0.841078758239746,1.17405152320862,1.47454404830933,1.51637554168701,1.51637554168701,-1,-1,1.75171637535095,192.081451416016,300.492525100708,41.8314933776855,342.324018478394,Conflict,Right,Left,Right,Right,Left,0,1,0,1,1,1,1,1,0,0,0,0,1,1,1,0,1,0,1,92,72,20260729_t1546_srsSmooth_direct_rgb_training_B001,92,72,7.09298981428146,1.27241325378418,1,1,117,1,0,0,1,1,1
20260729_t1546_srsSmooth_direct_rgb_training,srs_direct_rgb_training,trial0144.mat,144,144,92,1,144,92,100,80,20,8,1,1,5,2,38,8918,2,0,1,2,1,1,1,1,1,1,CHOSE_HIGH_SAL,1,455,1,0,0,0,0,0,96,59,96,59,37,96,3,NaN,NaN,NaN,NaN,NaN,NaN,NaN,9.43528938293457,2.1699333190918,7.26535606384277,1785355016.4162,20620.86377968,2.27888417243958,0.0168981552124023,0.242461442947388,0.90087628364563,1.23361206054688,1.57591819763184,1.61784839630127,1.61784839630127,-1,-1,1.88657307624817,225.563287734985,342.306137084961,41.9301986694336,384.236335754395,Congruent,Right,Left,Right,Right,Right,0,1,1,0,1,1,1,1,1,0,0,0,0,1,1,1,1,1,1,93,73,20260729_t1546_srsSmooth_direct_rgb_training_B001,93,73,7.15074944098791,1.30413818359375,1,1,105,1,0,0,1,1,1
20260729_t1546_srsSmooth_direct_rgb_training,srs_direct_rgb_training,trial0145.mat,145,145,93,1,145,93,100,80,20,8,1,2,7,2,80,19186,2,0,1,2,1,1,2,2,0,0,,0,453,0,1,0,0,0,0,75,61,75,61,14,NaN,3,NaN,NaN,NaN,NaN,NaN,NaN,NaN,0.444662034511566,12.0521650314331,-11.6075029969215,1785355019.93456,20624.38196424,1.64357209205627,0.0153453350067139,0.240989208221436,0.816077470779419,1.14872336387634,-1,-1,-1,-1,-1,-1,225.643873214722,NaN,NaN,NaN,Conflict,Right,Left,None,Right,Left,0,1,0,1,0,NaN,NaN,NaN,NaN,NaN,NaN,NaN,NaN,1,1,0,1,0,0,93,NaN,20260729_t1546_srsSmooth_direct_rgb_training_B001,NaN,NaN,7.20938872098923,1.23947262763977,NaN,NaN,NaN,0,NaN,NaN,NaN,NaN,0
20260729_t1546_srsSmooth_direct_rgb_training,srs_direct_rgb_training,trial0146.mat,146,146,93,1,146,93,100,80,20,8,1,1,6,2,49,24921,2,0,2,1,1,2,1,2,2,1,CHOSE_LOW_SAL,2,455,1,0,0,0,0,0,100,66,100,66,34,66,3,NaN,NaN,NaN,NaN,NaN,NaN,NaN,7.10280227661133,5.1128396987915,1.98996257781983,1785355022.67145,20627.1188356,2.20719933509827,0.0118892192840576,0.220859050750732,0.846068382263184,1.17860126495361,1.53727149963379,1.5708155632019,1.5708155632019,-1,-1,1.83949542045593,208.969831466675,358.670234680176,33.5440635681152,392.214298248291,Congruent,Left,Right,Right,Left,Left,0,1,1,0,1,1,0,0,0,0,1,1,1,0,0,0,1,1,1,94,74,20260729_t1546_srsSmooth_direct_rgb_training_B001,94,74,7.25500367085139,1.09332489967346,1,1,96,1,1,0,0,1,1
20260729_t1546_srsSmooth_direct_rgb_training,srs_direct_rgb_training,trial0147.mat,147,147,94,1,147,94,100,80,20,8,1,1,6,2,53,6940,2,0,2,1,1,2,1,2,2,1,CHOSE_LOW_SAL,2,455,1,0,0,0,0,0,103,59,103,59,44,59,3,NaN,NaN,NaN,NaN,NaN,NaN,NaN,12.0521650314331,0.320143043994904,11.7320219874382,1785355026.12561,20630.5729652,2.18654298782349,0.0161962509155273,0.22541356086731,0.775243282318115,1.10790514945984,1.53344893455505,1.56686449050903,1.56686449050903,-1,-1,1.82706570625305,209.217309951782,425.543785095215,33.4155559539795,458.959341049194,Congruent,Left,Right,Right,Left,Left,0,1,1,0,1,1,0,0,0,0,1,1,1,0,0,0,1,1,1,95,75,20260729_t1546_srsSmooth_direct_rgb_training_B001,95,75,7.31257303953171,1.24696278572083,2,1,66,1,0,0,1,1,1
20260729_t1546_srsSmooth_direct_rgb_training,srs_direct_rgb_training,trial0148.mat,148,148,95,1,148,95,100,80,20,8,1,1,5,2,36,26560,2,0,1,2,1,1,1,1,1,1,CHOSE_HIGH_SAL,1,455,1,0,1,0,0,0,129,59,129,59,70,129,3,NaN,NaN,NaN,NaN,NaN,NaN,NaN,7.10280227661133,5.1128396987915,1.98996257781983,1785355029.55067,20633.99788832,2.23619031906128,0.0162770748138428,0.23356032371521,0.933588027954102,1.26632595062256,1.51672458648682,1.54997253417969,1.54997253417969,-1,-1,1.81088805198669,217.283248901367,250.398635864258,33.2479476928711,283.646583557129,Congruent,Right,Left,Right,Right,Right,0,1,1,0,1,1,1,1,1,0,0,0,0,1,1,1,1,1,1,96,76,20260729_t1546_srsSmooth_direct_rgb_training_B001,96,76,7.3696572581927,1.23851013183594,2,1,59,1,1,0,0,1,1
20260729_t1546_srsSmooth_direct_rgb_training,srs_direct_rgb_training,trial0149.mat,149,149,96,1,149,96,100,80,20,8,1,1,6,2,43,27808,2,0,2,1,1,2,1,2,2,1,CHOSE_LOW_SAL,2,455,1,0,0,0,0,0,93,62,93,62,31,62,3,NaN,NaN,NaN,NaN,NaN,NaN,NaN,9.43528938293457,2.77822589874268,6.65706348419189,1785355033.05905,20637.506101,2.06955814361572,0.0163640975952148,0.208909511566162,0.716813325881958,1.04973816871643,1.40860295295715,1.4419858455658,1.4419858455658,-1,-1,1.71008515357971,192.545413970947,358.864784240723,33.3828926086426,392.247676849365,Congruent,Left,Right,Right,Left,Left,0,1,1,0,1,1,0,0,0,0,1,1,1,0,0,0,1,1,1,97,77,20260729_t1546_srsSmooth_direct_rgb_training_B001,97,77,7.42813032070796,1.27219343185425,1,1,129,1,1,0,0,1,1
20260729_t1546_srsSmooth_direct_rgb_training,srs_direct_rgb_training,trial0150.mat,150,150,97,1,150,97,100,80,20,8,1,2,7,2,68,30397,2,0,1,2,1,1,2,2,1,1,CHOSE_LOW_SAL,2,455,1,0,0,0,0,0,99,55,99,55,44,99,3,NaN,NaN,NaN,NaN,NaN,NaN,NaN,1.24210262298584,10.7148523330688,-9.47274971008296,1785355036.37338,20640.82056448,2.18091583251953,0.0104951858520508,0.219321012496948,0.794360876083374,1.12720513343811,1.45276093482971,1.49424839019775,1.49424839019775,-1,-1,1.78007864952087,208.825826644897,325.555801391602,41.487455368042,367.043256759644,Conflict,Right,Left,Right,Right,Left,0,1,0,1,1,1,1,1,0,0,0,0,1,1,1,0,1,0,1,98,78,20260729_t1546_srsSmooth_direct_rgb_training_B001,98,78,7.4833692073822,1.24477505683899,2,1,62,1,1,0,0,1,1
20260729_t1546_srsSmooth_direct_rgb_training,srs_direct_rgb_training,trial0151.mat,151,151,98,1,151,98,100,80,20,8,1,1,6,2,42,32235,2,0,2,1,1,2,1,2,2,1,CHOSE_LOW_SAL,2,455,1,0,0,0,0,0,109,44,109,44,65,44,3,NaN,NaN,NaN,NaN,NaN,NaN,NaN,7.10280227661133,5.1128396987915,1.98996257781983,1785355039.80817,20644.25528516,2.21273183822632,0.0175082683563232,0.176355600357056,0.884526014328003,1.21755480766296,1.51791334152222,1.55977964401245,1.55977964401245,-1,-1,1.87045311927795,158.847332000732,300.358533859253,41.8663024902344,342.224836349487,Congruent,Left,Right,Right,Left,Left,0,1,1,0,1,1,0,0,0,0,1,1,1,0,0,0,1,1,1,99,79,20260729_t1546_srsSmooth_direct_rgb_training_B001,99,79,7.54061568975449,1.2538731098175,1,1,99,1,1,0,0,1,1
20260729_t1546_srsSmooth_direct_rgb_training,srs_direct_rgb_training,trial0152.mat,152,152,99,1,152,99,100,80,20,8,1,2,7,2,80,19186,2,0,1,2,1,1,2,2,1,1,CHOSE_LOW_SAL,2,455,1,0,0,0,0,0,155,38,155,38,117,155,3,NaN,NaN,NaN,NaN,NaN,NaN,NaN,4.26528787612915,8.26335430145264,-3.99806642532349,1785355043.28433,20647.7313626,2.45329403877258,0.0164878368377686,0.258506536483765,1.02525067329407,1.3582079410553,1.66709613800049,1.70036792755127,1.70036792755127,-1,-1,1.9940140247345,242.018699645996,308.88819694519,33.2717895507812,342.159986495972,Conflict,Right,Left,Right,Right,Left,0,1,0,1,1,1,1,1,0,0,0,0,1,1,1,0,1,0,1,100,80,20260729_t1546_srsSmooth_direct_rgb_training_B001,100,80,7.59855162700017,1.26342439651489,2,1,44,1,1,0,0,1,1
20260729_t1546_srsSmooth_direct_rgb_training,srs_direct_rgb_training,trial0153.mat,153,153,100,2,1,0,96,76,20,8,2,0,1,1,4,6232,1,1,1,2,2,2,1,1,1,1,SINGLE_T1_CORRECT,10,455,1,0,0,0,0,0,57,173,173,57,-116,57,3,NaN,NaN,NaN,NaN,NaN,NaN,NaN,12.0521650314331,0.229538261890411,11.8226267695427,1785355046.99094,20651.43781444,2.03827595710754,0.0100209712982178,0.210555553436279,0.718842744827271,1.05172896385193,1.34376573562622,1.38563966751099,1.38563966751099,-1,-1,1.67963266372681,200.534582138062,292.036771774292,41.8739318847656,333.910703659058,Instruction,Right,Left,Right,Left,Right,1,0,0,0,0,NaN,NaN,NaN,NaN,NaN,NaN,NaN,NaN,1,0,1,0,1,0,101,NaN,20260729_t1546_srsSmooth_direct_rgb_training_B002,1,NaN,7.66032851139704,1.25331902503967,NaN,NaN,NaN,0,NaN,NaN,NaN,NaN,0
20260729_t1546_srsSmooth_direct_rgb_training,srs_direct_rgb_training,trial0154.mat,154,154,101,2,2,1,96,76,20,8,2,0,1,1,5,21916,1,1,1,2,2,2,1,1,1,1,SINGLE_T1_CORRECT,10,455,1,0,0,0,0,0,58,187,187,58,-129,58,3,NaN,NaN,NaN,NaN,NaN,NaN,NaN,12.0521650314331,0.229538261890411,11.8226267695427,1785355050.27842,20654.72532028,2.15115737915039,0.01434326171875,0.248356819152832,0.89827561378479,1.23105812072754,1.54006624221802,1.57331871986389,1.57331871986389,-1,-1,1.79228758811951,234.013557434082,309.008121490479,33.252477645874,342.260599136353,Instruction,Right,Left,Right,Left,Right,1,0,0,0,0,NaN,NaN,NaN,NaN,NaN,NaN,NaN,NaN,1,0,1,0,1,0,102,NaN,20260729_t1546_srsSmooth_direct_rgb_training_B002,2,NaN,7.71511973937352,1.24919772148132,NaN,NaN,NaN,0,NaN,NaN,NaN,NaN,0
20260729_t1546_srsSmooth_direct_rgb_training,srs_direct_rgb_training,trial0155.mat,155,155,102,2,3,2,96,76,20,8,2,0,2,1,10,15159,1,1,2,1,2,1,1,2,1,2,SINGLE_T1_CORRECT,10,455,1,0,0,0,0,0,49,157,157,49,-108,49,3,NaN,NaN,NaN,NaN,NaN,NaN,NaN,12.0521650314331,0.229538261890411,11.8226267695427,1785355053.69308,20658.13985876,2.28621602058411,0.0164828300476074,0.258685111999512,0.900430917739868,1.2331976890564,1.67532324790955,1.71737456321716,1.71737456321716,-1,-1,1.93530416488647,242.202281951904,442.125558853149,42.0513153076172,484.176874160767,Instruction,Left,Right,Left,Right,Left,1,0,0,0,0,NaN,NaN,NaN,NaN,NaN,NaN,NaN,NaN,0,1,0,0,1,0,103,NaN,20260729_t1546_srsSmooth_direct_rgb_training_B002,3,NaN,7.77203076283137,1.26350402832031,NaN,NaN,NaN,0,NaN,NaN,NaN,NaN,0
20260729_t1546_srsSmooth_direct_rgb_training,srs_direct_rgb_training,trial0156.mat,156,156,103,2,4,3,96,76,20,8,2,0,4,1,16,25297,1,2,1,2,2,2,2,2,2,2,SINGLE_T2_CORRECT,11,455,1,0,0,0,0,0,64,173,173,64,-109,173,3,NaN,NaN,NaN,NaN,NaN,NaN,NaN,0.229538261890411,12.0521650314331,-11.8226267695427,1785355057.23948,20661.68622852,2.25686597824097,0.0118908882141113,0.196064949035645,0.729086637496948,1.06193280220032,1.47100591659546,1.50420522689819,1.50420522689819,-1,-1,1.78088808059692,184.174060821533,409.073114395142,33.1993103027344,442.272424697876,Instruction,Right,Left,Left,Left,Left,1,0,0,0,0,NaN,NaN,NaN,NaN,NaN,NaN,NaN,NaN,1,0,0,0,0,0,104,NaN,20260729_t1546_srsSmooth_direct_rgb_training_B002,4,NaN,7.83113739490509,1.26018190383911,NaN,NaN,NaN,0,NaN,NaN,NaN,NaN,0
20260729_t1546_srsSmooth_direct_rgb_training,srs_direct_rgb_training,trial0157.mat,157,157,104,2,5,4,96,76,20,8,2,0,2,1,9,13885,1,1,2,1,2,1,1,2,1,2,SINGLE_T1_CORRECT,10,455,1,0,0,0,0,0,77,178,178,77,-101,77,3,NaN,NaN,NaN,NaN,NaN,NaN,NaN,12.0521650314331,0.229538261890411,11.8226267695427,1785355060.74643,20665.19305836,2.4172477722168,0.0134062767028809,0.263935089111328,1.02241992950439,1.35512518882751,1.70565748214722,1.74734210968018,1.74734210968018,-1,-1,2.04169082641602,250.528812408447,350.532293319702,41.684627532959,392.216920852661,Instruction,Left,Right,Left,Right,Left,1,0,0,0,0,NaN,NaN,NaN,NaN,NaN,NaN,NaN,NaN,0,1,0,0,1,0,105,NaN,20260729_t1546_srsSmooth_direct_rgb_training_B002,5,NaN,7.88958667119344,1.25009059906006,NaN,NaN,NaN,0,NaN,NaN,NaN,NaN,0
20260729_t1546_srsSmooth_direct_rgb_training,srs_direct_rgb_training,trial0158.mat,158,158,105,2,6,5,96,76,20,8,2,0,4,1,18,10217,1,2,1,2,2,2,2,2,2,2,SINGLE_T2_CORRECT,11,455,1,0,0,0,0,0,41,190,190,41,-149,190,3,NaN,NaN,NaN,NaN,NaN,NaN,NaN,0.229538261890411,12.0521650314331,-11.8226267695427,1785355064.4105,20668.8569812,2.35330748558044,0.0161471366882324,0.20002555847168,0.958405494689941,1.2911970615387,1.58370471000671,1.61689448356628,1.61689448356628,-1,-1,1.86129140853882,183.878421783447,292.507648468018,33.1897735595703,325.697422027588,Instruction,Right,Left,Left,Left,Left,1,0,0,0,0,NaN,NaN,NaN,NaN,NaN,NaN,NaN,NaN,1,0,0,0,0,0,106,NaN,20260729_t1546_srsSmooth_direct_rgb_training_B002,6,NaN,7.95065450668335,1.24682235717773,NaN,NaN,NaN,0,NaN,NaN,NaN,NaN,0
20260729_t1546_srsSmooth_direct_rgb_training,srs_direct_rgb_training,trial0159.mat,159,159,106,2,7,6,96,76,20,8,2,0,1,1,3,29807,1,1,1,2,2,2,1,1,0,0,,0,11,0,1,0,0,0,0,87,188,188,87,-101,NaN,3,NaN,NaN,NaN,NaN,NaN,NaN,NaN,12.0521650314331,0.229538261890411,11.8226267695427,1785355067.99128,20672.43783328,0.32105541229248,0.0105137825012207,0.261138200759888,-1,-1,-1,-1,-1,-1,-1,-1,250.624418258667,NaN,NaN,NaN,Instruction,Right,Left,None,Left,Right,1,0,0,0,0,NaN,NaN,NaN,NaN,NaN,NaN,NaN,NaN,1,0,1,0,1,0,106,NaN,20260729_t1546_srsSmooth_direct_rgb_training_B002,NaN,NaN,8.01033407847087,1.22746682167053,NaN,NaN,NaN,0,NaN,NaN,NaN,NaN,0
20260729_t1546_srsSmooth_direct_rgb_training,srs_direct_rgb_training,trial0160.mat,160,160,106,2,8,6,96,76,20,8,2,0,3,1,14,28816,1,2,2,1,2,1,2,1,2,1,SINGLE_T2_CORRECT,11,455,1,0,0,0,0,0,77,171,171,77,-94,171,3,NaN,NaN,NaN,NaN,NaN,NaN,NaN,0.229538261890411,12.0521650314331,-11.8226267695427,1785355069.44649,20673.8930238,2.45083427429199,0.0136873722076416,0.214458227157593,0.997845411300659,1.33040547370911,1.64793014526367,1.68114614486694,1.68114614486694,-1,-1,1.98265075683594,200.770854949951,317.524671554565,33.2159996032715,350.740671157837,Instruction,Left,Right,Right,Right,Right,1,0,0,0,0,NaN,NaN,NaN,NaN,NaN,NaN,NaN,NaN,0,1,1,0,0,0,107,NaN,20260729_t1546_srsSmooth_direct_rgb_training_B002,7,NaN,8.0345877011617,1.13416194915771,NaN,NaN,NaN,0,NaN,NaN,NaN,NaN,0
20260729_t1546_srsSmooth_direct_rgb_training,srs_direct_rgb_training,trial0161.mat,161,161,107,2,9,7,96,76,20,8,2,0,3,1,11,30726,1,2,2,1,2,1,2,1,0,0,,0,11,0,1,0,0,0,0,71,201,201,71,-130,NaN,3,NaN,NaN,NaN,NaN,NaN,NaN,NaN,0.229538261890411,12.0521650314331,-11.8226267695427,1785355073.13397,20677.58033752,0.311969041824341,0.0180232524871826,0.260387659072876,-1,-1,-1,-1,-1,-1,-1,-1,242.364406585693,NaN,NaN,NaN,Instruction,Left,Right,None,Right,Right,1,0,0,0,0,NaN,NaN,NaN,NaN,NaN,NaN,NaN,NaN,0,1,1,0,0,0,107,NaN,20260729_t1546_srsSmooth_direct_rgb_training_B002,NaN,NaN,8.09604563713074,1.2366418838501,NaN,NaN,NaN,0,NaN,NaN,NaN,NaN,0
20260729_t1546_srsSmooth_direct_rgb_training,srs_direct_rgb_training,trial0162.mat,162,162,107,2,10,7,96,76,20,8,2,0,1,1,2,15349,1,1,1,2,2,2,1,1,1,1,SINGLE_T1_CORRECT,10,455,1,0,0,0,0,0,59,174,174,59,-115,59,3,NaN,NaN,NaN,NaN,NaN,NaN,NaN,12.0521650314331,0.229538261890411,11.8226267695427,1785355074.58021,20679.02652764,2.24993276596069,0.0135068893432617,0.222411155700684,0.914366722106934,1.2468888759613,1.59770178794861,1.63107705116272,1.63107705116272,-1,-1,1.89155864715576,208.904266357422,350.812911987305,33.3752632141113,384.188175201416,Instruction,Right,Left,Right,Left,Right,1,0,0,0,0,NaN,NaN,NaN,NaN,NaN,NaN,NaN,NaN,1,0,1,0,1,0,108,NaN,20260729_t1546_srsSmooth_direct_rgb_training_B002,8,NaN,8.12014962832133,1.13427042961121,NaN,NaN,NaN,0,NaN,NaN,NaN,NaN,0
20260729_t1546_srsSmooth_direct_rgb_training,srs_direct_rgb_training,trial0163.mat,163,163,108,2,11,8,96,76,20,8,2,0,3,1,13,19844,1,2,2,1,2,1,2,1,0,0,,0,11,0,1,0,0,0,0,69,178,178,69,-109,NaN,3,NaN,NaN,NaN,NaN,NaN,NaN,NaN,0.229538261890411,12.0521650314331,-11.8226267695427,1785355078.09253,20682.53872756,0.336450815200806,0.0179963111877441,0.28542423248291,-1,-1,-1,-1,-1,-1,-1,-1,267.427921295166,NaN,NaN,NaN,Instruction,Left,Right,None,Right,Right,1,0,0,0,0,NaN,NaN,NaN,NaN,NaN,NaN,NaN,NaN,0,1,1,0,0,0,108,NaN,20260729_t1546_srsSmooth_direct_rgb_training_B002,NaN,NaN,8.17868823607763,1.26238369941711,NaN,NaN,NaN,0,NaN,NaN,NaN,NaN,0
20260729_t1546_srsSmooth_direct_rgb_training,srs_direct_rgb_training,trial0164.mat,164,164,108,2,12,8,96,76,20,8,2,0,2,1,8,20004,1,1,2,1,2,1,1,2,1,2,SINGLE_T1_CORRECT,10,455,1,0,0,0,0,0,76,156,156,76,-80,76,3,NaN,NaN,NaN,NaN,NaN,NaN,NaN,12.0521650314331,0.229538261890411,11.8226267695427,1785355079.61633,20684.06240168,2.21406388282776,0.0109164714813232,0.269718885421753,0.869820594787598,1.20263075828552,1.53660917282104,1.57820773124695,1.57820773124695,-1,-1,1.83872771263123,258.80241394043,333.978414535522,41.5985584259033,375.576972961426,Instruction,Left,Right,Left,Right,Left,1,0,0,0,0,NaN,NaN,NaN,NaN,NaN,NaN,NaN,NaN,0,1,0,0,1,0,109,NaN,20260729_t1546_srsSmooth_direct_rgb_training_B002,9,NaN,8.2040849963824,1.18735480308533,NaN,NaN,NaN,0,NaN,NaN,NaN,NaN,0
20260729_t1546_srsSmooth_direct_rgb_training,srs_direct_rgb_training,trial0165.mat,165,165,109,2,13,9,96,76,20,8,2,0,3,1,15,10587,1,2,2,1,2,1,2,1,2,1,SINGLE_T2_CORRECT,11,455,1,0,0,0,0,0,49,174,174,49,-125,174,3,NaN,NaN,NaN,NaN,NaN,NaN,NaN,0.229538261890411,12.0521650314331,-11.8226267695427,1785355083.08622,20687.5324042,2.25283885002136,0.0161690711975098,0.225075244903564,0.891712427139282,1.22455024719238,1.50011038780212,1.53331017494202,1.53331017494202,-1,-1,1.7765634059906,208.906173706055,275.560140609741,33.1997871398926,308.759927749634,Instruction,Left,Right,Right,Right,Right,1,0,0,0,0,NaN,NaN,NaN,NaN,NaN,NaN,NaN,NaN,0,1,1,0,0,0,110,NaN,20260729_t1546_srsSmooth_direct_rgb_training_B002,10,NaN,8.26191642284393,1.2558217048645,NaN,NaN,NaN,0,NaN,NaN,NaN,NaN,0
20260729_t1546_srsSmooth_direct_rgb_training,srs_direct_rgb_training,trial0166.mat,166,166,110,2,14,10,96,76,20,8,2,0,2,1,7,26249,1,1,2,1,2,1,1,2,1,2,SINGLE_T1_CORRECT,10,455,1,0,0,0,0,0,35,160,160,35,-125,35,3,NaN,NaN,NaN,NaN,NaN,NaN,NaN,12.0521650314331,0.229538261890411,11.8226267695427,1785355086.58006,20691.02600348,2.20106959342957,0.0141310691833496,0.24804949760437,0.981464385986328,1.31418204307556,1.57297468185425,1.6064133644104,1.6064133644104,-1,-1,1.8673357963562,233.918428421021,258.792638778687,33.4386825561523,292.231321334839,Instruction,Left,Right,Left,Right,Left,1,0,0,0,0,NaN,NaN,NaN,NaN,NaN,NaN,NaN,NaN,0,1,0,0,1,0,111,NaN,20260729_t1546_srsSmooth_direct_rgb_training_B002,11,NaN,8.32014712492625,1.2410032749176,NaN,NaN,NaN,0,NaN,NaN,NaN,NaN,0
20260729_t1546_srsSmooth_direct_rgb_training,srs_direct_rgb_training,trial0167.mat,167,167,111,2,15,11,96,76,20,8,2,0,3,1,13,19844,1,2,2,1,2,1,2,1,2,1,SINGLE_T2_CORRECT,11,455,1,0,0,0,0,0,51,185,185,51,-134,185,3,NaN,NaN,NaN,NaN,NaN,NaN,NaN,0.229538261890411,12.0521650314331,-11.8226267695427,1785355090.04635,20694.49219292,2.22696113586426,0.0146467685699463,0.248653650283813,0.84892201423645,1.1813588142395,1.4570643901825,1.49060535430908,1.49060535430908,-1,-1,1.74255704879761,234.006881713867,275.705575942993,33.5409641265869,309.24654006958,Instruction,Left,Right,Right,Right,Right,1,0,0,0,0,NaN,NaN,NaN,NaN,NaN,NaN,NaN,NaN,0,1,1,0,0,0,112,NaN,20260729_t1546_srsSmooth_direct_rgb_training_B002,12,NaN,8.37791859706243,1.26521873474121,NaN,NaN,NaN,0,NaN,NaN,NaN,NaN,0
20260729_t1546_srsSmooth_direct_rgb_training,srs_direct_rgb_training,trial0168.mat,168,168,112,2,16,12,96,76,20,8,2,0,4,1,20,17200,1,2,1,2,2,2,2,2,2,2,SINGLE_T2_CORRECT,11,455,1,0,0,0,0,0,67,170,170,67,-103,170,3,NaN,NaN,NaN,NaN,NaN,NaN,NaN,0.229538261890411,12.0521650314331,-11.8226267695427,1785355093.5158,20697.96167572,2.15737724304199,0.0119950771331787,0.212660789489746,0.720848560333252,1.05370306968689,1.34630870819092,1.38771224021912,1.38771224021912,-1,-1,1.68914103507996,200.665712356567,292.605638504028,41.4035320281982,334.009170532227,Instruction,Right,Left,Left,Left,Left,1,0,0,0,0,NaN,NaN,NaN,NaN,NaN,NaN,NaN,NaN,1,0,0,0,0,0,113,NaN,20260729_t1546_srsSmooth_direct_rgb_training_B002,13,NaN,8.43574284315109,1.24249362945557,NaN,NaN,NaN,0,NaN,NaN,NaN,NaN,0
20260729_t1546_srsSmooth_direct_rgb_training,srs_direct_rgb_training,trial0169.mat,169,169,113,2,17,13,96,76,20,8,2,0,4,1,19,26518,1,2,1,2,2,2,2,2,2,2,SINGLE_T2_CORRECT,11,455,1,0,0,0,0,0,59,169,169,59,-110,169,3,NaN,NaN,NaN,NaN,NaN,NaN,NaN,0.229538261890411,12.0521650314331,-11.8226267695427,1785355096.94129,20701.38719488,2.17359757423401,0.0116405487060547,0.245406150817871,0.787162303924561,1.12001752853394,1.42903542518616,1.4704577922821,1.4704577922821,-1,-1,1.70611381530762,233.765602111816,309.017896652222,41.4223670959473,350.440263748169,Instruction,Right,Left,Left,Left,Left,1,0,0,0,0,NaN,NaN,NaN,NaN,NaN,NaN,NaN,NaN,1,0,0,0,0,0,114,NaN,20260729_t1546_srsSmooth_direct_rgb_training_B002,14,NaN,8.49283433357875,1.26811218261719,NaN,NaN,NaN,0,NaN,NaN,NaN,NaN,0
20260729_t1546_srsSmooth_direct_rgb_training,srs_direct_rgb_training,trial0170.mat,170,170,114,2,18,14,96,76,20,8,2,0,4,1,17,11534,1,2,1,2,2,2,2,2,2,2,SINGLE_T2_CORRECT,11,455,1,0,0,0,0,0,74,185,185,74,-111,185,3,NaN,NaN,NaN,NaN,NaN,NaN,NaN,0.229538261890411,12.0521650314331,-11.8226267695427,1785355100.40798,20704.85374312,2.19872403144836,0.0117545127868652,0.220801115036011,0.762583017349243,1.09513020515442,1.41236162185669,1.44572591781616,1.44572591781616,-1,-1,1.71404719352722,209.046602249146,317.231416702271,33.3642959594727,350.595712661743,Instruction,Right,Left,Left,Left,Left,1,0,0,0,0,NaN,NaN,NaN,NaN,NaN,NaN,NaN,NaN,1,0,0,0,0,0,115,NaN,20260729_t1546_srsSmooth_direct_rgb_training_B002,15,NaN,8.55061248540878,1.29309153556824,NaN,NaN,NaN,0,NaN,NaN,NaN,NaN,0
20260729_t1546_srsSmooth_direct_rgb_training,srs_direct_rgb_training,trial0171.mat,171,171,115,2,19,15,96,76,20,8,2,0,1,1,1,4968,1,1,1,2,2,2,1,1,1,1,SINGLE_T1_CORRECT,10,455,1,0,0,0,0,0,72,155,155,72,-83,72,3,NaN,NaN,NaN,NaN,NaN,NaN,NaN,12.0521650314331,0.229538261890411,11.8226267695427,1785355103.93292,20708.37865152,2.27415156364441,0.0119502544403076,0.237496852874756,0.987538576126099,1.32033538818359,1.61259508132935,1.64575886726379,1.64575886726379,-1,-1,1.8984317779541,225.546598434448,292.259693145752,33.1637859344482,325.4234790802,Instruction,Right,Left,Right,Left,Right,1,0,0,0,0,NaN,NaN,NaN,NaN,NaN,NaN,NaN,NaN,1,0,1,0,1,0,116,NaN,20260729_t1546_srsSmooth_direct_rgb_training_B002,16,NaN,8.60936153729757,1.32621908187866,NaN,NaN,NaN,0,NaN,NaN,NaN,NaN,0
20260729_t1546_srsSmooth_direct_rgb_training,srs_direct_rgb_training,trial0172.mat,172,172,116,2,20,16,96,76,20,8,2,0,3,1,11,30726,1,2,2,1,2,1,2,1,2,1,SINGLE_T2_CORRECT,11,455,1,0,0,0,0,0,84,196,196,84,-112,196,3,NaN,NaN,NaN,NaN,NaN,NaN,NaN,0.229538261890411,12.0521650314331,-11.8226267695427,1785355107.44232,20711.887942,2.21434283256531,0.0110278129577637,0.245151042938232,0.803261756896973,1.13607287406921,1.47001719474792,1.50311231613159,1.50311231613159,-1,-1,1.72219705581665,234.123229980469,333.944320678711,33.095121383667,367.039442062378,Instruction,Left,Right,Right,Right,Right,1,0,0,0,0,NaN,NaN,NaN,NaN,NaN,NaN,NaN,NaN,0,1,1,0,0,0,117,NaN,20260729_t1546_srsSmooth_direct_rgb_training_B002,17,NaN,8.66785142819087,1.23524188995361,NaN,NaN,NaN,0,NaN,NaN,NaN,NaN,0
20260729_t1546_srsSmooth_direct_rgb_training,srs_direct_rgb_training,trial0173.mat,173,173,117,2,21,17,96,76,20,8,2,0,2,1,6,14742,1,1,2,1,2,1,1,2,1,2,SINGLE_T1_CORRECT,10,455,1,0,0,0,0,0,85,163,163,85,-78,85,3,NaN,NaN,NaN,NaN,NaN,NaN,NaN,12.0521650314331,0.229538261890411,11.8226267695427,1785355110.90784,20715.35345416,2.04099082946777,0.0123112201690674,0.204498291015625,0.746179580688477,1.07902026176453,1.35454869270325,1.39613676071167,1.39613676071167,-1,-1,1.65649104118347,192.187070846558,275.528430938721,41.5880680084229,317.116498947144,Instruction,Left,Right,Left,Right,Left,1,0,0,0,0,NaN,NaN,NaN,NaN,NaN,NaN,NaN,NaN,0,1,0,0,1,0,118,NaN,20260729_t1546_srsSmooth_direct_rgb_training_B002,18,NaN,8.72561008930206,1.25117683410645,NaN,NaN,NaN,0,NaN,NaN,NaN,NaN,0
20260729_t1546_srsSmooth_direct_rgb_training,srs_direct_rgb_training,trial0174.mat,174,174,118,2,22,18,96,76,20,8,2,0,3,1,12,29905,1,2,2,1,2,1,2,1,2,1,SINGLE_T2_CORRECT,11,455,1,0,0,0,0,0,75,156,156,75,-81,156,3,NaN,NaN,NaN,NaN,NaN,NaN,NaN,0.229538261890411,12.0521650314331,-11.8226267695427,1785355114.19573,20718.64121136,2.34477710723877,0.0162131786346436,0.249961137771606,0.891891479492188,1.22459316253662,1.54179072380066,1.58363747596741,1.58363747596741,-1,-1,1.88566303253174,233.747959136963,317.197561264038,41.846752166748,359.044313430786,Instruction,Left,Right,Right,Right,Right,1,0,0,0,0,NaN,NaN,NaN,NaN,NaN,NaN,NaN,NaN,0,1,1,0,0,0,119,NaN,20260729_t1546_srsSmooth_direct_rgb_training_B002,19,NaN,8.78040832281113,1.24690318107605,NaN,NaN,NaN,0,NaN,NaN,NaN,NaN,0
20260729_t1546_srsSmooth_direct_rgb_training,srs_direct_rgb_training,trial0175.mat,175,175,119,2,23,19,96,76,20,8,2,0,1,1,3,29807,1,1,1,2,2,2,1,1,1,1,SINGLE_T1_CORRECT,10,455,1,0,0,0,0,0,62,191,191,62,-129,62,3,NaN,NaN,NaN,NaN,NaN,NaN,NaN,12.0521650314331,0.229538261890411,11.8226267695427,1785355117.787,20722.23247108,2.40356206893921,0.0167498588562012,0.258882999420166,1.05884623527527,1.39180397987366,1.69209098815918,1.73379254341125,1.73379254341125,-1,-1,2.04430985450745,242.133140563965,300.287008285522,41.7015552520752,341.988563537598,Instruction,Right,Left,Right,Left,Right,1,0,0,0,0,NaN,NaN,NaN,NaN,NaN,NaN,NaN,NaN,1,0,1,0,1,0,120,NaN,20260729_t1546_srsSmooth_direct_rgb_training_B002,20,NaN,8.84026282628377,1.24649310112,NaN,NaN,NaN,0,NaN,NaN,NaN,NaN,0
20260729_t1546_srsSmooth_direct_rgb_training,srs_direct_rgb_training,trial0176.mat,176,176,120,2,24,20,96,76,20,8,2,1,6,2,55,3780,2,0,2,1,2,1,2,1,2,1,CHOSE_HIGH_SAL,1,455,1,0,0,0,0,0,72,207,207,72,-135,207,3,NaN,NaN,NaN,NaN,NaN,NaN,NaN,0.444662034511566,12.0521650314331,-11.6075029969215,1785355121.4551,20725.9004808,2.12692952156067,0.0154643058776855,0.190896511077881,0.890821695327759,1.22384428977966,1.33260703086853,1.36582326889038,1.36582326889038,-1,-1,1.61810636520386,175.432205200195,108.762741088867,33.2162380218506,141.978979110718,Congruent,Left,Right,Right,Right,Right,0,1,1,0,1,1,0,1,1,0,1,0,0,0,1,1,0,0,1,121,81,20260729_t1546_srsSmooth_direct_rgb_training_B002,21,1,8.90139775276184,1.26453351974487,1,1,155,0,1,0,0,1,1
20260729_t1546_srsSmooth_direct_rgb_training,srs_direct_rgb_training,trial0177.mat,177,177,121,2,25,21,96,76,20,8,2,1,5,2,29,13864,2,0,1,2,2,2,2,2,1,1,CHOSE_LOW_SAL,2,455,1,0,0,0,0,0,50,201,201,50,-151,50,3,NaN,NaN,NaN,NaN,NaN,NaN,NaN,0.93046361207962,10.7148523330688,-9.78438872098918,1785355124.82734,20729.27275104,2.05514907836914,0.0100188255310059,0.227227926254272,0.835785627365112,1.16839647293091,1.43567609786987,1.47759532928467,1.47759532928467,-1,-1,1.70426177978516,217.209100723267,267.279624938965,41.9192314147949,309.19885635376,Congruent,Right,Left,Right,Left,Left,0,1,1,0,1,1,1,0,0,0,0,1,1,1,0,0,0,0,1,122,82,20260729_t1546_srsSmooth_direct_rgb_training_B002,22,2,8.95760181347529,1.24531412124634,2,1,207,1,1,0,0,1,1
20260729_t1546_srsSmooth_direct_rgb_training,srs_direct_rgb_training,trial0178.mat,178,178,122,2,26,22,96,76,20,8,2,1,5,2,23,6358,2,0,1,2,2,2,2,2,1,1,CHOSE_LOW_SAL,2,455,1,0,0,0,0,0,48,181,181,48,-133,48,3,NaN,NaN,NaN,NaN,NaN,NaN,NaN,5.1128396987915,7.10280227661133,-1.98996257781983,1785355128.12334,20732.56856168,2.13393092155457,0.0141458511352539,0.248245239257812,0.831441164016724,1.16418981552124,1.44831109046936,1.48983907699585,1.48983907699585,-1,-1,1.78319215774536,234.099388122559,284.12127494812,41.5279865264893,325.649261474609,Congruent,Right,Left,Right,Left,Left,0,1,1,0,1,1,1,0,0,0,0,1,1,1,0,0,0,0,1,123,83,20260729_t1546_srsSmooth_direct_rgb_training_B002,23,3,9.01253516276677,1.24085187911987,1,1,50,1,0,0,1,1,1
20260729_t1546_srsSmooth_direct_rgb_training,srs_direct_rgb_training,trial0179.mat,179,179,123,2,27,23,96,76,20,8,2,1,5,2,32,21545,2,0,1,2,2,2,2,2,1,1,CHOSE_LOW_SAL,2,455,1,0,0,0,0,0,86,202,202,86,-116,86,3,NaN,NaN,NaN,NaN,NaN,NaN,NaN,1.6594420671463,10.7148523330688,-9.0554102659225,1785355131.50564,20735.95092148,2.11921525001526,0.0153079032897949,0.26576828956604,0.857416868209839,1.19035387039185,1.43251299858093,1.46590971946716,1.46590971946716,-1,-1,1.73493027687073,250.460386276245,242.159128189087,33.3967208862305,275.555849075317,Congruent,Right,Left,Right,Left,Left,0,1,1,0,1,1,1,0,0,0,0,1,1,1,0,0,0,0,1,124,84,20260729_t1546_srsSmooth_direct_rgb_training_B002,24,4,9.06890685955683,1.248370885849,1,1,48,1,0,0,1,1,1
20260729_t1546_srsSmooth_direct_rgb_training,srs_direct_rgb_training,trial0180.mat,180,180,124,2,28,24,96,76,20,8,2,2,8,2,86,7914,2,0,2,1,2,1,1,2,2,1,CHOSE_LOW_SAL,2,455,1,0,0,0,0,0,35,162,162,35,-127,162,3,NaN,NaN,NaN,NaN,NaN,NaN,NaN,9.43528938293457,2.1699333190918,7.26535606384277,1785355134.87276,20739.31787716,2.14319276809692,0.0149872303009033,0.22383189201355,0.732025146484375,1.05669403076172,1.35712766647339,1.39057159423828,1.39057159423828,-1,-1,1.68390130996704,208.844661712646,300.43363571167,33.4439277648926,333.877563476562,Conflict,Left,Right,Right,Right,Left,0,1,0,1,1,1,0,1,0,0,1,0,1,0,1,0,0,1,1,125,85,20260729_t1546_srsSmooth_direct_rgb_training_B002,25,5,9.12502550681432,1.24790358543396,1,1,86,1,1,0,0,1,1
20260729_t1546_srsSmooth_direct_rgb_training,srs_direct_rgb_training,trial0181.mat,181,181,125,2,29,25,96,76,20,8,2,1,6,2,43,30116,2,0,2,1,2,1,2,1,2,1,CHOSE_HIGH_SAL,1,455,1,0,0,0,0,0,38,183,183,38,-145,183,3,NaN,NaN,NaN,NaN,NaN,NaN,NaN,2.1699333190918,9.43528938293457,-7.26535606384277,1785355138.27118,20742.71617708,2.23636198043823,0.016704797744751,0.242277145385742,0.775449514389038,1.10841369628906,1.40060424804688,1.4338972568512,1.4338972568512,-1,-1,1.73614573478699,225.572347640991,292.190551757812,33.2930088043213,325.483560562134,Congruent,Left,Right,Right,Right,Right,0,1,1,0,1,1,0,1,1,0,1,0,0,0,1,1,0,0,1,126,86,20260729_t1546_srsSmooth_direct_rgb_training_B002,26,6,9.18166573047638,1.25522065162659,2,1,162,1,0,0,1,1,1
