SessionID,ExperimentType,FileName,FileTrialIndex,Attempt,GoodTrialIndexBefore,Block,BlockAttempt,BlockGoodBefore,ExpectedTrialsInBlock,ExpectedChoiceTrialsInBlock,ExpectedInstructionTrialsInBlock,TotalBlocksTarget,BlockRichTarget,TrialType,ConditionID,SchedulePhase,CurrentScheduleRow,TrialSeed,NStim,SingleTargetID,T1Side,T2Side,RichTarget,RichSide,HighSalienceTarget,HighSalienceSide,ChosenTarget,ChosenSide,Outcome,OutcomeCode,TrialEndState,GoodTrial,TrialRepeatFlag,MissedFrames,PassEye,PassJoy,MouseEyeSim,RewardT1Ms,RewardT2Ms,ActualRichRewardMs,ActualPoorRewardMs,RewardDifferenceT1MinusT2Ms,ChosenRewardMs,SalienceType,BackgroundHueDeg,HueT1Deg,HueT2Deg,HueContrastT1Deg,HueContrastT2Deg,HueContrastDifferenceT1MinusT2Deg,HueContrastMagnitudeDeg,MeasuredLuminanceT1CdM2,MeasuredLuminanceT2CdM2,MeasuredLuminanceDifferenceT1MinusT2CdM2,TrialStartPTB,TrialStartDP,TrialDurationSec,FixOnSec,FixAcquiredSec,FixHoldReqMetSec,FixOffSec,SaccadeOnsetSec,SaccadeOffsetSec,TargetAcquiredSec,JoyPressSec,JoyReleaseSec,RewardTimeSec,FixAcquisitionLatencyMs,ReactionTimeMs,SaccadeDurationMs,TargetAcquisitionLatencyMs,TrialTypeLabel,T1SideLabel,T2SideLabel,ChosenSideLabel,RichSideLabel,HighSalienceSideLabel,IsInstruction,IsChoice,IsCongruent,IsConflict,GoodChoice,ChoseRight,ChoseT1,ChoseRich,ChoseHighSalience,ChoseLeft,ChoseT2,ChosePoor,ChoseLowSalience,T1OnRight,RichOnRight,HighSalienceOnRight,T1IsRich,T1IsHighSalience,ChoiceMappingValid,GoodTrialOrdinal,ChoiceOrdinal,BlockUID,GoodTrialInBlock,ChoiceInBlock,SessionElapsedMin,PreTrialIntervalSec,PreviousChosenTarget,PreviousChosenSide,PreviousRewardMs,PreviousChoiceSameBlock,SwitchedTarget,SwitchedSide,StayedTarget,StayedSide,RealEyeChoice
20260728_t1405_srsSmooth_training,srs_smooth_training,trial0001.mat,1,1,0,1,1,0,96,76,20,8,1,0,2,1,7,815,1,1,2,1,1,2,1,2,1,2,SINGLE_T1_CORRECT,10,455,1,0,1,0,0,0,185,118,185,118,67,185,1,0,180,10,180,10,170,170,NaN,NaN,NaN,1785262046.45602,14373.5557562,2.16374230384827,0.0255541801452637,0.234635353088379,0.84295392036438,1.17559909820557,1.39298057556152,1.44298505783081,1.44298505783081,-1,-1,1.68055605888367,209.081172943115,217.381477355957,50.0044822692871,267.385959625244,Instruction,Left,Right,Left,Left,Left,1,0,0,0,0,NaN,NaN,NaN,NaN,NaN,NaN,NaN,NaN,0,0,0,1,1,0,1,NaN,20260728_t1405_srsSmooth_training_B001,1,NaN,0,NaN,NaN,NaN,NaN,0,NaN,NaN,NaN,NaN,0
20260728_t1405_srsSmooth_training,srs_smooth_training,trial0002.mat,2,2,1,1,2,1,96,76,20,8,1,0,3,1,13,12460,1,2,2,1,1,2,2,1,2,1,SINGLE_T2_CORRECT,11,455,1,0,0,0,0,0,169,80,169,80,89,80,1,0,10,180,10,180,-170,170,NaN,NaN,NaN,1785262052.18843,14379.28828472,2.23019218444824,0.0183744430541992,0.185427188873291,0.985581159591675,1.31842541694641,1.54415202140808,1.58562135696411,1.58562135696411,-1,-1,1.84726715087891,167.052745819092,225.72660446167,41.4693355560303,267.1959400177,Instruction,Left,Right,Right,Left,Right,1,0,0,0,0,NaN,NaN,NaN,NaN,NaN,NaN,NaN,NaN,0,0,1,1,0,0,2,NaN,20260728_t1405_srsSmooth_training_B001,2,NaN,0.0955400625864665,3.56866145133972,NaN,NaN,NaN,0,NaN,NaN,NaN,NaN,0
20260728_t1405_srsSmooth_training,srs_smooth_training,trial0004.mat,4,4,2,1,4,2,96,76,20,8,1,0,2,1,9,22480,1,1,2,1,1,2,1,2,1,2,SINGLE_T1_CORRECT,10,455,1,0,0,0,0,0,181,110,181,110,71,181,1,0,180,10,180,10,170,170,NaN,NaN,NaN,1785262057.83345,14384.93319052,2.34377670288086,0.0152449607849121,0.216069936752319,0.98286771774292,1.31529569625854,1.56595659255981,1.60772848129272,1.60772848129272,-1,-1,1.86036968231201,200.824975967407,250.66089630127,41.7718887329102,292.43278503418,Instruction,Left,Right,Left,Left,Left,1,0,0,0,0,NaN,NaN,NaN,NaN,NaN,NaN,NaN,NaN,0,0,0,1,1,0,3,NaN,20260728_t1405_srsSmooth_training_B001,3,NaN,0.189623689651489,3.41482543945312,NaN,NaN,NaN,0,NaN,NaN,NaN,NaN,0
20260728_t1405_srsSmooth_training,srs_smooth_training,trial0005.mat,5,5,3,1,5,3,96,76,20,8,1,0,3,1,15,23680,1,2,2,1,1,2,2,1,2,1,SINGLE_T2_CORRECT,11,455,1,0,0,0,0,0,172,100,172,100,72,100,1,0,10,180,10,180,-170,170,NaN,NaN,NaN,1785262061.84974,14388.94939128,2.22832083702087,0.015777587890625,0.207822799682617,0.966289043426514,1.29916048049927,1.51682424545288,1.55830860137939,1.55830860137939,-1,-1,1.82740378379822,192.045211791992,217.663764953613,41.4843559265137,259.148120880127,Instruction,Left,Right,Right,Left,Right,1,0,0,0,0,NaN,NaN,NaN,NaN,NaN,NaN,NaN,NaN,0,0,1,1,0,0,4,NaN,20260728_t1405_srsSmooth_training_B001,4,NaN,0.256561891237895,1.67251539230347,NaN,NaN,NaN,0,NaN,NaN,NaN,NaN,0
20260728_t1405_srsSmooth_training,srs_smooth_training,trial0006.mat,6,6,4,1,6,4,96,76,20,8,1,0,1,1,3,24051,1,1,1,2,1,1,1,1,1,1,SINGLE_T1_CORRECT,10,455,1,0,0,0,0,0,185,94,185,94,91,185,1,0,180,10,180,10,170,170,NaN,NaN,NaN,1785262065.70741,14392.80678128,2.17922782897949,0.0165925025939941,0.250343561172485,0.817398309707642,1.14997053146362,1.34245085716248,1.39236974716187,1.39236974716187,-1,-1,1.69668698310852,233.751058578491,192.480325698853,49.9188899993896,242.399215698242,Instruction,Right,Left,Right,Right,Right,1,0,0,0,0,NaN,NaN,NaN,NaN,NaN,NaN,NaN,NaN,1,1,1,1,1,0,5,NaN,20260728_t1405_srsSmooth_training_B001,5,NaN,0.320856392383575,1.62934923171997,NaN,NaN,NaN,0,NaN,NaN,NaN,NaN,0
20260728_t1405_srsSmooth_training,srs_smooth_training,trial0007.mat,7,7,5,1,7,5,96,76,20,8,1,0,4,1,19,24979,1,2,1,2,1,1,2,2,2,2,SINGLE_T2_CORRECT,11,455,1,0,0,0,0,0,156,121,156,121,35,121,1,180,190,0,10,180,-170,170,NaN,NaN,NaN,1785262069.47696,14396.57646164,2.23482298851013,0.0138490200042725,0.222721815109253,0.90612268447876,1.23889803886414,1.4562668800354,1.50630140304565,1.50630140304565,-1,-1,1.81668853759766,208.87279510498,217.368841171265,50.0345230102539,267.403364181519,Instruction,Right,Left,Left,Right,Left,1,0,0,0,0,NaN,NaN,NaN,NaN,NaN,NaN,NaN,NaN,1,1,0,1,0,0,6,NaN,20260728_t1405_srsSmooth_training_B001,6,NaN,0.383682350317637,1.59032964706421,NaN,NaN,NaN,0,NaN,NaN,NaN,NaN,0
20260728_t1405_srsSmooth_training,srs_smooth_training,trial0008.mat,8,8,6,1,8,6,96,76,20,8,1,0,4,1,17,22717,1,2,1,2,1,1,2,2,2,2,SINGLE_T2_CORRECT,11,455,1,0,0,0,0,0,168,107,168,107,61,107,1,0,10,180,10,180,-170,170,NaN,NaN,NaN,1785262073.48129,14400.5806478,2.02149343490601,0.0180115699768066,0.201952457427979,0.751741647720337,1.08472061157227,1.31845617294312,1.36896800994873,1.36896800994873,-1,-1,1.61242461204529,183.940887451172,233.73556137085,50.5118370056152,284.247398376465,Instruction,Right,Left,Left,Right,Left,1,0,0,0,0,NaN,NaN,NaN,NaN,NaN,NaN,NaN,NaN,1,1,0,1,0,0,7,NaN,20260728_t1405_srsSmooth_training_B001,7,NaN,0.450421158472697,1.76950550079346,NaN,NaN,NaN,0,NaN,NaN,NaN,NaN,0
20260728_t1405_srsSmooth_training,srs_smooth_training,trial0009.mat,9,9,7,1,9,7,96,76,20,8,1,0,1,1,5,9573,1,1,1,2,1,1,1,1,1,1,SINGLE_T1_CORRECT,10,455,1,0,0,0,0,0,172,72,172,72,100,172,1,0,180,10,180,10,170,170,NaN,NaN,NaN,1785262077.18251,14404.2818478,2.23729419708252,0.0169367790222168,0.217535972595215,0.876113891601562,1.20864987373352,1.46801376342773,1.50913953781128,1.50913953781128,-1,-1,1.76107883453369,200.599193572998,259.363889694214,41.1257743835449,300.489664077759,Instruction,Right,Left,Right,Right,Right,1,0,0,0,0,NaN,NaN,NaN,NaN,NaN,NaN,NaN,NaN,1,1,1,1,1,0,8,NaN,20260728_t1405_srsSmooth_training_B001,8,NaN,0.512108170986176,1.67972731590271,NaN,NaN,NaN,0,NaN,NaN,NaN,NaN,0
20260728_t1405_srsSmooth_training,srs_smooth_training,trial0010.mat,10,10,8,1,10,8,96,76,20,8,1,0,2,1,10,7677,1,1,2,1,1,2,1,2,1,2,SINGLE_T1_CORRECT,10,455,1,0,0,0,0,0,160,84,160,84,76,160,1,0,180,10,180,10,170,170,NaN,NaN,NaN,1785262080.99891,14408.09810648,2.11232662200928,0.0173616409301758,0.176418542861938,0.809569835662842,1.14240574836731,1.3762149810791,1.42629671096802,1.42629671096802,-1,-1,1.65301132202148,159.056901931763,233.809232711792,50.081729888916,283.890962600708,Instruction,Left,Right,Left,Left,Left,1,0,0,0,0,NaN,NaN,NaN,NaN,NaN,NaN,NaN,NaN,0,0,0,1,1,0,9,NaN,20260728_t1405_srsSmooth_training_B001,9,NaN,0.575714707374573,1.57909798622131,NaN,NaN,NaN,0,NaN,NaN,NaN,NaN,0
20260728_t1405_srsSmooth_training,srs_smooth_training,trial0011.mat,11,11,9,1,11,9,96,76,20,8,1,0,4,1,16,25324,1,2,1,2,1,1,2,2,2,2,SINGLE_T2_CORRECT,11,455,1,0,0,0,0,0,191,130,191,130,61,130,1,0,10,180,10,180,-170,170,NaN,NaN,NaN,1785262084.69216,14411.79122148,2.03585338592529,0.0159211158752441,0.216705083847046,0.725054502487183,1.05762815475464,1.30841588973999,1.35837316513062,1.35837316513062,-1,-1,1.60149002075195,200.783967971802,250.787734985352,49.957275390625,300.745010375977,Instruction,Right,Left,Left,Right,Left,1,0,0,0,0,NaN,NaN,NaN,NaN,NaN,NaN,NaN,NaN,1,1,0,1,0,0,10,NaN,20260728_t1405_srsSmooth_training_B001,10,NaN,0.637268916765849,1.58092594146729,NaN,NaN,NaN,0,NaN,NaN,NaN,NaN,0
20260728_t1405_srsSmooth_training,srs_smooth_training,trial0012.mat,12,12,10,1,12,10,96,76,20,8,1,0,2,1,8,30075,1,1,2,1,1,2,1,2,1,2,SINGLE_T1_CORRECT,10,455,1,0,0,0,0,0,183,126,183,126,57,183,1,180,0,190,180,10,170,170,NaN,NaN,NaN,1785262088.31728,14415.41626704,2.19493269920349,0.0159409046173096,0.200057983398438,0.891426801681519,1.2243218421936,1.43318200111389,1.48350644111633,1.48350644111633,-1,-1,1.71038818359375,184.117078781128,208.860158920288,50.3244400024414,259.184598922729,Instruction,Left,Right,Left,Left,Left,1,0,0,0,0,NaN,NaN,NaN,NaN,NaN,NaN,NaN,NaN,0,0,0,1,1,0,11,NaN,20260728_t1405_srsSmooth_training_B001,11,NaN,0.697687621911367,1.58926892280579,NaN,NaN,NaN,0,NaN,NaN,NaN,NaN,0
20260728_t1405_srsSmooth_training,srs_smooth_training,trial0013.mat,13,13,11,1,13,11,96,76,20,8,1,0,1,1,4,9525,1,1,1,2,1,1,1,1,1,1,SINGLE_T1_CORRECT,10,455,1,0,0,0,0,0,189,104,189,104,85,189,1,0,180,10,180,10,170,170,NaN,NaN,NaN,1785262092.10102,14419.2000288,2.26104831695557,0.0156829357147217,0.20778489112854,0.924623489379883,1.25739812850952,1.47460699081421,1.51645255088806,1.51645255088806,-1,-1,1.76903128623962,192.101955413818,217.208862304688,41.8455600738525,259.05442237854,Instruction,Right,Left,Right,Right,Right,1,0,0,0,0,NaN,NaN,NaN,NaN,NaN,NaN,NaN,NaN,1,1,1,1,1,0,12,NaN,20260728_t1405_srsSmooth_training_B001,12,NaN,0.760749967892965,1.58880805969238,NaN,NaN,NaN,0,NaN,NaN,NaN,NaN,0
20260728_t1405_srsSmooth_training,srs_smooth_training,trial0014.mat,14,14,12,1,14,12,96,76,20,8,1,0,1,1,1,27315,1,1,1,2,1,1,1,1,0,0,,0,11,0,1,0,0,0,0,145,94,145,94,51,NaN,1,0,180,10,180,10,170,170,NaN,NaN,NaN,1785262095.96032,14423.05929076,0.0664887428283691,0.0148708820343018,0.0157730579376221,-1,-1,-1,-1,-1,-1,-1,-1,0.902175903320312,NaN,NaN,NaN,Instruction,Right,Left,None,Right,Right,1,0,0,0,0,NaN,NaN,NaN,NaN,NaN,NaN,NaN,NaN,1,1,1,1,1,0,12,NaN,20260728_t1405_srsSmooth_training_B001,NaN,NaN,0.825071589152018,1.59824895858765,NaN,NaN,NaN,0,NaN,NaN,NaN,NaN,0
20260728_t1405_srsSmooth_training,srs_smooth_training,trial0015.mat,15,15,12,1,15,12,96,76,20,8,1,0,1,1,1,27315,1,1,1,2,1,1,1,1,1,1,SINGLE_T1_CORRECT,10,455,1,0,0,0,0,0,172,90,172,90,82,172,1,0,180,10,180,10,170,170,NaN,NaN,NaN,1785262097.52371,14424.62264932,2.02986216545105,0.0182087421417236,0.177247524261475,0.73554539680481,1.06825065612793,1.28555846214294,1.3270959854126,1.3270959854126,-1,-1,1.55417418479919,159.038782119751,217.307806015015,41.5375232696533,258.845329284668,Instruction,Right,Left,Right,Right,Right,1,0,0,0,0,NaN,NaN,NaN,NaN,NaN,NaN,NaN,NaN,1,1,1,1,1,0,13,NaN,20260728_t1405_srsSmooth_training_B001,13,NaN,0.851128089427948,1.49690127372742,NaN,NaN,NaN,0,NaN,NaN,NaN,NaN,0
20260728_t1405_srsSmooth_training,srs_smooth_training,trial0016.mat,16,16,13,1,16,13,96,76,20,8,1,0,3,1,11,16297,1,2,2,1,1,2,2,1,2,1,SINGLE_T2_CORRECT,11,455,1,0,0,0,0,0,190,82,190,82,108,82,1,0,10,180,10,180,-170,170,NaN,NaN,NaN,1785262101.13867,14428.23753836,2.12344789505005,0.0117223262786865,0.195616960525513,0.870709896087646,1.20343518257141,1.4373950958252,1.4873411655426,1.4873411655426,-1,-1,1.73940467834473,183.894634246826,233.959913253784,49.9460697174072,283.905982971191,Instruction,Left,Right,Right,Left,Right,1,0,0,0,0,NaN,NaN,NaN,NaN,NaN,NaN,NaN,NaN,0,0,1,1,0,0,14,NaN,20260728_t1405_srsSmooth_training_B001,14,NaN,0.911377461751302,1.5851001739502,NaN,NaN,NaN,0,NaN,NaN,NaN,NaN,0
20260728_t1405_srsSmooth_training,srs_smooth_training,trial0017.mat,17,17,14,1,17,14,96,76,20,8,1,0,4,1,20,16760,1,2,1,2,1,1,2,2,2,2,SINGLE_T2_CORRECT,11,455,1,0,0,0,0,0,162,124,162,124,38,124,1,180,190,0,10,180,-170,170,NaN,NaN,NaN,1785262104.84078,14431.9394386,2.06407070159912,0.0180928707122803,0.218808889389038,0.785514116287231,1.11813688278198,1.36061882972717,1.41063833236694,1.41063833236694,-1,-1,1.63757014274597,200.716018676758,242.48194694519,50.0195026397705,292.501449584961,Instruction,Right,Left,Left,Right,Left,1,0,0,0,0,NaN,NaN,NaN,NaN,NaN,NaN,NaN,NaN,1,1,0,1,0,0,15,NaN,20260728_t1405_srsSmooth_training_B001,15,NaN,0.973079272111257,1.57866072654724,NaN,NaN,NaN,0,NaN,NaN,NaN,NaN,0
20260728_t1405_srsSmooth_training,srs_smooth_training,trial0018.mat,18,18,15,1,18,15,96,76,20,8,1,0,4,1,18,20305,1,2,1,2,1,1,2,2,2,2,SINGLE_T2_CORRECT,11,455,1,0,0,0,0,0,173,100,173,100,73,100,1,180,190,0,10,180,-170,170,NaN,NaN,NaN,1785262108.50692,14435.6054768,2.06336259841919,0.0187687873840332,0.219435691833496,0.811083078384399,1.14381265640259,1.37784171104431,1.42801761627197,1.42801761627197,-1,-1,1.66323828697205,200.666904449463,234.029054641724,50.1759052276611,284.204959869385,Instruction,Right,Left,Left,Right,Left,1,0,0,0,0,NaN,NaN,NaN,NaN,NaN,NaN,NaN,NaN,1,1,0,1,0,0,16,NaN,20260728_t1405_srsSmooth_training_B001,16,NaN,1.03418153921763,1.60206532478333,NaN,NaN,NaN,0,NaN,NaN,NaN,NaN,0
20260728_t1405_srsSmooth_training,srs_smooth_training,trial0019.mat,19,19,16,1,19,16,96,76,20,8,1,0,3,1,12,25905,1,2,2,1,1,2,2,1,2,1,SINGLE_T2_CORRECT,11,455,1,0,0,0,0,0,175,116,175,116,59,116,1,0,10,180,10,180,-170,170,NaN,NaN,NaN,1785262112.15228,14439.25079092,2.12714886665344,0.0152103900909424,0.215648889541626,0.799080848693848,1.1319215297699,1.37410640716553,1.42411184310913,1.42411184310913,-1,-1,1.70966815948486,200.438499450684,242.18487739563,50.0054359436035,292.190313339233,Instruction,Left,Right,Right,Left,Right,1,0,0,0,0,NaN,NaN,NaN,NaN,NaN,NaN,NaN,NaN,0,0,1,1,0,0,17,NaN,20260728_t1405_srsSmooth_training_B001,17,NaN,1.09493767817815,1.58200573921204,NaN,NaN,NaN,0,NaN,NaN,NaN,NaN,0
20260728_t1405_srsSmooth_training,srs_smooth_training,trial0020.mat,20,20,17,1,20,17,96,76,20,8,1,0,2,1,6,9726,1,1,2,1,1,2,1,2,1,2,SINGLE_T1_CORRECT,10,455,1,0,0,0,0,0,189,114,189,114,75,189,1,180,0,190,180,10,170,170,NaN,NaN,NaN,1785262115.85384,14442.95233752,2.23452615737915,0.0138049125671387,0.22266149520874,0.847691059112549,1.18051791191101,1.41441345214844,1.46435356140137,1.46435356140137,-1,-1,1.74121189117432,208.856582641602,233.895540237427,49.9401092529297,283.835649490356,Instruction,Left,Right,Left,Left,Left,1,0,0,0,0,NaN,NaN,NaN,NaN,NaN,NaN,NaN,NaN,0,0,0,1,1,0,18,NaN,20260728_t1405_srsSmooth_training_B001,18,NaN,1.15663020213445,1.57440257072449,NaN,NaN,NaN,0,NaN,NaN,NaN,NaN,0
20260728_t1405_srsSmooth_training,srs_smooth_training,trial0021.mat,21,21,18,1,21,18,96,76,20,8,1,0,1,1,2,12825,1,1,1,2,1,1,1,1,1,1,SINGLE_T1_CORRECT,10,455,1,0,0,0,0,0,174,114,174,114,60,174,1,180,0,190,180,10,170,170,NaN,NaN,NaN,1785262119.66062,14446.7588792,2.00223112106323,0.0155029296875,0.1413733959198,0.707934617996216,1.04054284095764,1.2412416934967,1.29098701477051,1.29098701477051,-1,-1,1.52647686004639,125.8704662323,200.698852539062,49.7453212738037,250.444173812866,Instruction,Right,Left,Right,Right,Right,1,0,0,0,0,NaN,NaN,NaN,NaN,NaN,NaN,NaN,NaN,1,1,1,1,1,0,19,NaN,20260728_t1405_srsSmooth_training_B001,19,NaN,1.22007663647334,1.5722599029541,NaN,NaN,NaN,0,NaN,NaN,NaN,NaN,0
20260728_t1405_srsSmooth_training,srs_smooth_training,trial0022.mat,22,22,19,1,22,19,96,76,20,8,1,0,3,1,14,7163,1,2,2,1,1,2,2,1,2,1,SINGLE_T2_CORRECT,11,455,1,0,0,0,0,0,214,97,214,97,117,97,1,0,10,180,10,180,-170,170,NaN,NaN,NaN,1785262123.25032,14450.34860548,2.04668927192688,0.0176174640655518,0.226780652999878,0.801751375198364,1.13432836532593,1.37675595283508,1.42673063278198,1.42673063278198,-1,-1,1.64546394348145,209.163188934326,242.427587509155,49.9746799468994,292.402267456055,Instruction,Left,Right,Right,Left,Right,1,0,0,0,0,NaN,NaN,NaN,NaN,NaN,NaN,NaN,NaN,0,0,1,1,0,0,20,NaN,20260728_t1405_srsSmooth_training_B001,20,NaN,1.27990486224492,1.58746242523193,NaN,NaN,NaN,0,NaN,NaN,NaN,NaN,0
20260728_t1405_srsSmooth_training,srs_smooth_training,trial0023.mat,23,23,20,1,23,20,96,76,20,8,1,1,6,2,51,18928,2,0,2,1,1,2,1,2,1,2,CHOSE_HIGH_SAL,1,455,1,0,0,0,0,0,193,89,193,89,104,193,1,180,352.664579604088,197.335420395912,172.664579604088,17.3354203959122,155.329159208176,155.329159208176,NaN,NaN,NaN,1785262126.86757,14453.96585116,2.16256237030029,0.0171716213226318,0.0183095932006836,0.775969266891479,1.10888171195984,1.34275460243225,1.3925678730011,1.3925678730011,-1,-1,1.67003130912781,1.13797187805176,233.872890472412,49.8132705688477,283.68616104126,Congruent,Left,Right,Left,Left,Left,0,1,1,0,1,0,1,1,1,1,0,0,0,0,0,0,1,1,1,21,1,20260728_t1405_srsSmooth_training_B001,21,1,1.34019245704015,1.57056641578674,NaN,NaN,NaN,0,NaN,NaN,NaN,NaN,1
20260728_t1405_srsSmooth_training,srs_smooth_training,trial0024.mat,24,24,21,1,24,21,96,76,20,8,1,1,6,2,43,17794,2,0,2,1,1,2,1,2,1,2,CHOSE_HIGH_SAL,1,455,1,0,0,0,0,0,185,128,185,128,57,185,1,0,175.122409702865,14.877590297135,175.122409702865,14.877590297135,160.24481940573,160.24481940573,NaN,NaN,NaN,1785262130.70967,14457.8078498,2.20363593101501,0.0168921947479248,0.250910997390747,0.817424535751343,1.15027022361755,1.38411664962769,1.42575716972351,1.42575716972351,-1,-1,1.71961355209351,234.018802642822,233.846426010132,41.6405200958252,275.486946105957,Congruent,Left,Right,Left,Left,Left,0,1,1,0,1,0,1,1,1,1,0,0,0,0,0,0,1,1,1,22,2,20260728_t1405_srsSmooth_training_B001,22,2,1.40422741572062,1.67953515052795,1,2,193,1,0,0,1,1,1
20260728_t1405_srsSmooth_training,srs_smooth_training,trial0025.mat,25,25,22,1,25,22,96,76,20,8,1,2,7,2,63,20802,2,0,1,2,1,1,2,2,2,2,CHOSE_HIGH_SAL,1,455,1,0,0,0,0,0,147,102,147,102,45,102,1,0,47.8438394168794,142.156160583121,47.8438394168794,142.156160583121,-94.3123211662412,94.3123211662412,NaN,NaN,NaN,1785262134.48915,14461.58720484,2.24129891395569,0.0125606060028076,0.229932308197021,0.82980751991272,1.16260552406311,1.54674816131592,1.59670996665955,1.59670996665955,-1,-1,1.84046030044556,217.371702194214,384.142637252808,49.9618053436279,434.104442596436,Conflict,Right,Left,Left,Right,Left,0,1,0,1,1,0,0,0,1,1,1,1,0,1,1,0,1,0,1,23,3,20260728_t1405_srsSmooth_training_B001,23,3,1.46721876064936,1.57584476470947,1,2,185,1,1,0,0,1,1
20260728_t1405_srsSmooth_training,srs_smooth_training,trial0026.mat,26,26,23,1,26,23,96,76,20,8,1,2,7,2,60,30649,2,0,1,2,1,1,2,2,1,1,CHOSE_LOW_SAL,2,455,1,0,0,0,0,0,174,101,174,101,73,174,1,0,18.7147682770194,171.285231722981,18.7147682770194,171.285231722981,-152.570463445961,152.570463445961,NaN,NaN,NaN,1785262138.31425,14465.4123428,2.14152383804321,0.0126054286956787,0.171365737915039,0.788373947143555,1.12098264694214,1.33016896247864,1.37185168266296,1.37185168266296,-1,-1,1.66534686088562,158.76030921936,209.186315536499,41.6827201843262,250.869035720825,Conflict,Right,Left,Right,Right,Left,0,1,0,1,1,1,1,1,0,0,0,0,1,1,1,0,1,0,1,24,4,20260728_t1405_srsSmooth_training_B001,24,4,1.53097050984701,1.58380603790283,2,2,102,1,1,1,0,0,1
20260728_t1405_srsSmooth_training,srs_smooth_training,trial0027.mat,27,27,24,1,27,24,96,76,20,8,1,2,8,2,90,16971,2,0,2,1,1,2,2,1,2,1,CHOSE_HIGH_SAL,1,455,1,0,0,0,0,0,158,104,158,104,54,104,1,180,256.972235187998,293.027764812002,76.9722351879983,113.027764812002,-36.0555296240034,36.0555296240034,NaN,NaN,NaN,1785262142.02517,14469.12318916,1.97981572151184,0.0185000896453857,0.152338266372681,0.760675668716431,1.09354209899902,1.31060171127319,1.35239195823669,1.35239195823669,-1,-1,1.5790581703186,133.838176727295,217.05961227417,41.790246963501,258.849859237671,Conflict,Left,Right,Right,Left,Right,0,1,0,1,1,1,0,0,1,0,1,1,0,0,0,1,1,0,1,25,5,20260728_t1405_srsSmooth_training_B001,25,5,1.5928191502889,1.56939458847046,1,1,174,1,1,0,0,1,1
20260728_t1405_srsSmooth_training,srs_smooth_training,trial0028.mat,28,28,25,1,28,25,96,76,20,8,1,1,5,2,25,6387,2,0,1,2,1,1,1,1,1,1,CHOSE_HIGH_SAL,1,455,1,0,0,0,0,0,148,105,148,105,43,148,1,0,136.098988132039,53.9010118679607,136.098988132039,53.9010118679607,82.1979762640786,82.1979762640786,NaN,NaN,NaN,1785262145.60978,14472.70772088,1.97036814689636,0.0173640251159668,0.184524536132812,0.701320648193359,1.03407120704651,1.24281549453735,1.29293274879456,1.29293274879456,-1,-1,1.51988458633423,167.160511016846,208.744287490845,50.1172542572021,258.861541748047,Congruent,Right,Left,Right,Right,Right,0,1,1,0,1,1,1,1,1,0,0,0,0,1,1,1,1,1,1,26,6,20260728_t1405_srsSmooth_training_B001,26,6,1.65256265004476,1.60479426383972,2,1,104,1,1,0,0,1,1
20260728_t1405_srsSmooth_training,srs_smooth_training,trial0029.mat,29,29,26,1,29,26,96,76,20,8,1,2,8,2,80,20769,2,0,2,1,1,2,2,1,2,1,CHOSE_HIGH_SAL,1,455,1,0,0,0,0,0,171,99,171,99,72,99,1,180,265.677298357036,284.322701642964,85.6772983570356,104.322701642964,-18.6454032859288,18.6454032859288,NaN,NaN,NaN,1785262149.16517,14476.26292212,2.09877443313599,0.0121173858642578,0.0128388404846191,0.804185628890991,1.13716125488281,1.34602880477905,1.3876941204071,1.3876941204071,-1,-1,1.69765067100525,0.721454620361328,208.86754989624,41.6653156280518,250.532865524292,Conflict,Left,Right,Right,Left,Right,0,1,0,1,1,1,0,0,1,0,1,1,0,0,0,1,1,0,1,27,7,20260728_t1405_srsSmooth_training_B001,27,7,1.71181908051173,1.58501768112183,1,1,148,1,1,0,0,1,1
20260728_t1405_srsSmooth_training,srs_smooth_training,trial0030.mat,30,30,27,1,30,27,96,76,20,8,1,1,6,2,44,11703,2,0,2,1,1,2,1,2,1,2,CHOSE_HIGH_SAL,1,455,1,0,0,0,0,0,189,99,189,99,90,189,1,0,148.448106728435,41.5518932715647,148.448106728435,41.5518932715647,106.896213456871,106.896213456871,NaN,NaN,NaN,1785262152.85779,14479.95554008,2.2059600353241,0.0113084316253662,0.203274488449097,0.83671236038208,1.16968750953674,1.40364933013916,1.45348429679871,1.45348429679871,-1,-1,1.71363210678101,191.96605682373,233.961820602417,49.8349666595459,283.796787261963,Congruent,Left,Right,Left,Left,Left,0,1,1,0,1,0,1,1,1,1,0,0,0,0,0,0,1,1,1,28,8,20260728_t1405_srsSmooth_training_B001,28,8,1.77336274385452,1.59384536743164,2,1,99,1,1,1,0,0,1
20260728_t1405_srsSmooth_training,srs_smooth_training,trial0031.mat,31,31,28,1,31,28,96,76,20,8,1,1,5,2,37,8063,2,0,1,2,1,1,1,1,1,1,CHOSE_HIGH_SAL,1,455,1,0,0,0,0,0,178,131,178,131,47,178,1,180,323.349870230397,226.650129769603,143.349870230397,46.6501297696035,96.699740460793,96.699740460793,NaN,NaN,NaN,1785262156.64382,14483.74152632,2.40339756011963,0.0170948505401611,0.242711305618286,0.917665481567383,1.25047588348389,1.59279084205627,1.64285755157471,1.64285755157471,-1,-1,1.92784070968628,225.616455078125,342.314958572388,50.0667095184326,392.38166809082,Congruent,Right,Left,Right,Right,Right,0,1,1,0,1,1,1,1,1,0,0,0,0,1,1,1,1,1,1,29,9,20260728_t1405_srsSmooth_training_B001,29,9,1.8364632209142,1.58006858825684,1,2,189,1,0,1,1,0,1
20260728_t1405_srsSmooth_training,srs_smooth_training,trial0032.mat,32,32,29,1,32,29,96,76,20,8,1,2,8,2,82,2061,2,0,2,1,1,2,2,1,2,1,CHOSE_HIGH_SAL,1,455,1,0,0,0,0,0,198,106,198,106,92,106,1,0,16.2614006227661,173.738599377234,16.2614006227661,173.738599377234,-157.477198754468,157.477198754468,NaN,NaN,NaN,1785262160.62608,14487.72362524,1.8466215133667,0.0183174610137939,0.0191957950592041,0.552239894866943,0.885018110275269,1.08547902107239,1.13558793067932,1.13558793067932,-1,-1,1.43776917457581,0.878334045410156,200.460910797119,50.1089096069336,250.569820404053,Conflict,Left,Right,Right,Left,Right,0,1,0,1,1,1,0,0,1,0,1,1,0,0,0,1,1,0,1,30,10,20260728_t1405_srsSmooth_training_B001,30,10,1.90283431212107,1.57886791229248,1,1,178,1,1,0,0,1,1
20260728_t1405_srsSmooth_training,srs_smooth_training,trial0033.mat,33,33,30,1,33,30,96,76,20,8,1,2,8,2,84,31121,2,0,2,1,1,2,2,1,2,1,CHOSE_HIGH_SAL,1,455,1,0,0,0,0,0,170,132,170,132,38,132,1,0,43.2955121051259,146.704487894874,43.2955121051259,146.704487894874,-103.408975789748,103.408975789748,NaN,NaN,NaN,1785262164.05336,14491.15083936,1.81928062438965,0.0161736011505127,0.175023078918457,0.708331108093262,1.04121351242065,1.05845022201538,1.10004377365112,1.10004377365112,-1,-1,1.38514566421509,158.849477767944,17.2367095947266,41.5935516357422,58.8302612304688,Conflict,Left,Right,Right,Left,Right,0,1,0,1,1,1,0,0,1,0,1,1,0,0,0,1,1,0,1,31,11,20260728_t1405_srsSmooth_training_B001,31,11,1.95995559295019,1.58065533638,2,1,106,1,0,0,1,1,1
20260728_t1405_srsSmooth_training,srs_smooth_training,trial0034.mat,34,34,31,1,34,31,96,76,20,8,1,1,6,2,55,9662,2,0,2,1,1,2,1,2,1,2,CHOSE_HIGH_SAL,1,455,1,0,0,0,0,0,183,125,183,125,58,183,1,180,341.554098750405,208.445901249595,161.554098750405,28.4459012495951,133.10819750081,133.10819750081,NaN,NaN,NaN,1785262167.4749,14494.57236684,2.35860824584961,0.0114355087280273,0.24552059173584,0.978759050369263,1.31148529052734,1.57035326957703,1.62035202980042,1.62035202980042,-1,-1,1.87246155738831,234.085083007812,258.867979049683,49.9987602233887,308.866739273071,Congruent,Left,Right,Left,Left,Left,0,1,1,0,1,0,1,1,1,1,0,0,0,0,0,0,1,1,1,32,12,20260728_t1405_srsSmooth_training_B001,32,12,2.01698123216629,1.60225772857666,2,1,132,1,1,1,0,0,1
20260728_t1405_srsSmooth_training,srs_smooth_training,trial0035.mat,35,35,32,1,35,32,96,76,20,8,1,1,6,2,45,21679,2,0,2,1,1,2,1,2,2,1,CHOSE_LOW_SAL,2,455,1,0,0,0,0,0,187,108,187,108,79,108,1,180,336.26674262573,213.73325737427,156.26674262573,33.7332573742702,122.53348525146,122.53348525146,NaN,NaN,NaN,1785262171.4509,14498.54823292,2.08054757118225,0.0189211368560791,0.194658279418945,0.828068494796753,1.16063117980957,1.37780284881592,1.41955542564392,1.41955542564392,-1,-1,1.67194581031799,175.737142562866,217.171669006348,41.7525768280029,258.924245834351,Congruent,Left,Right,Right,Left,Left,0,1,1,0,1,1,0,0,0,0,1,1,1,0,0,0,1,1,1,33,13,20260728_t1405_srsSmooth_training_B001,33,13,2.0832479317983,1.61739373207092,1,2,183,1,1,1,0,0,1
20260728_t1405_srsSmooth_training,srs_smooth_training,trial0036.mat,36,36,33,1,36,33,96,76,20,8,1,1,6,2,49,30710,2,0,2,1,1,2,1,2,2,1,CHOSE_LOW_SAL,2,455,1,0,0,0,0,0,186,118,186,118,68,118,1,0,115.245219767169,74.7547802328313,115.245219767169,74.7547802328313,40.4904395343374,40.4904395343374,NaN,NaN,NaN,1785262175.11401,14502.21115088,2.10923719406128,0.0142843723297119,0.214872121810913,0.814790725708008,1.14766144752502,1.35648322105408,1.398273229599,1.398273229599,-1,-1,1.69201827049255,200.587749481201,208.821773529053,41.7900085449219,250.611782073975,Congruent,Left,Right,Right,Left,Left,0,1,1,0,1,1,0,0,0,0,1,1,1,0,0,0,1,1,1,34,14,20260728_t1405_srsSmooth_training_B001,34,14,2.14429979324341,1.58256411552429,2,1,108,1,0,0,1,1,1
20260728_t1405_srsSmooth_training,srs_smooth_training,trial0037.mat,37,37,34,1,37,34,96,76,20,8,1,1,5,2,30,1510,2,0,1,2,1,1,1,1,1,1,CHOSE_HIGH_SAL,1,455,1,0,0,0,0,0,196,138,196,138,58,196,1,0,120.99745152252,69.0025484774795,120.99745152252,69.0025484774795,51.9949030450409,51.9949030450409,NaN,NaN,NaN,1785262178.79453,14505.89185,2.29596710205078,0.0172381401062012,0.200941801071167,0.942902565002441,1.27562022209167,1.4929358959198,1.53476166725159,1.53476166725159,-1,-1,1.8027503490448,183.703660964966,217.315673828125,41.8257713317871,259.141445159912,Congruent,Right,Left,Right,Right,Right,0,1,1,0,1,1,1,1,1,0,0,0,0,1,1,1,1,1,1,35,15,20260728_t1405_srsSmooth_training_B001,35,15,2.20564181407293,1.57128405570984,2,1,118,1,1,0,0,1,1
20260728_t1405_srsSmooth_training,srs_smooth_training,trial0038.mat,38,38,35,1,38,35,96,76,20,8,1,1,5,2,21,10794,2,0,1,2,1,1,1,1,1,1,CHOSE_HIGH_SAL,1,455,1,0,0,0,0,0,177,79,177,79,98,177,1,0,166.497386972936,23.5026130270638,166.497386972936,23.5026130270638,142.994773945872,142.994773945872,NaN,NaN,NaN,1785262182.72246,14509.81960716,2.16009211540222,0.0144617557525635,0.21502947807312,0.807015895843506,1.1395058631897,1.36530804634094,1.41525888442993,1.41525888442993,-1,-1,1.68363690376282,200.567722320557,225.802183151245,49.9508380889893,275.753021240234,Congruent,Right,Left,Right,Right,Right,0,1,1,0,1,1,1,1,1,0,0,0,0,1,1,1,1,1,1,36,16,20260728_t1405_srsSmooth_training_B001,36,16,2.27110728820165,1.63196134567261,1,1,196,1,0,0,1,1,1
20260728_t1405_srsSmooth_training,srs_smooth_training,trial0039.mat,39,39,36,1,39,36,96,76,20,8,1,2,8,2,94,24403,2,0,2,1,1,2,2,1,2,1,CHOSE_HIGH_SAL,1,455,1,0,0,0,0,0,187,129,187,129,58,129,1,180,270.421051014663,279.578948985337,90.4210510146631,99.5789489853369,-9.15789797067373,9.15789797067373,NaN,NaN,NaN,1785262186.4579,14513.55486108,2.17411828041077,0.0125012397766113,0.205066442489624,0.879911422729492,1.21254730224609,1.46322250366211,1.51292443275452,1.51292443275452,-1,-1,1.74812936782837,192.565202713013,250.675201416016,49.7019290924072,300.377130508423,Conflict,Left,Right,Right,Left,Right,0,1,0,1,1,1,0,0,1,0,1,1,0,0,0,1,1,0,1,37,17,20260728_t1405_srsSmooth_training_B001,37,17,2.33336459795634,1.57534646987915,1,1,177,1,1,0,0,1,1
20260728_t1405_srsSmooth_training,srs_smooth_training,trial0040.mat,40,40,37,1,40,37,96,76,20,8,1,2,8,2,81,30463,2,0,2,1,1,2,2,1,2,1,CHOSE_HIGH_SAL,1,455,1,0,0,0,0,0,188,113,188,113,75,113,1,0,12.5823489079682,177.417651092032,12.5823489079682,177.417651092032,-164.835302184064,164.835302184064,NaN,NaN,NaN,1785262190.24238,14517.33941268,2.098313331604,0.0115005970001221,0.228569507598877,0.828587293624878,1.16154456138611,1.37859654426575,1.42865395545959,1.42865395545959,-1,-1,1.68093252182007,217.068910598755,217.051982879639,50.0574111938477,267.109394073486,Conflict,Left,Right,Right,Left,Right,0,1,0,1,1,1,0,0,1,0,1,1,0,0,0,1,1,0,1,38,18,20260728_t1405_srsSmooth_training_B001,38,18,2.39643927415212,1.61036229133606,2,1,129,1,0,0,1,1,1
20260728_t1405_srsSmooth_training,srs_smooth_training,trial0041.mat,41,41,38,1,41,38,96,76,20,8,1,1,6,2,48,14406,2,0,2,1,1,2,1,2,2,1,CHOSE_LOW_SAL,2,455,1,0,0,0,0,0,176,80,176,80,96,80,1,0,120.696261462222,69.3037385377775,120.696261462222,69.3037385377775,51.3925229244449,51.3925229244449,NaN,NaN,NaN,1785262193.92392,14521.02073116,2.13333415985107,0.013439416885376,0.239373922348022,0.872426986694336,1.20515275001526,1.45572423934937,1.4974946975708,1.4974946975708,-1,-1,1.74957847595215,225.934505462646,250.571489334106,41.7704582214355,292.341947555542,Congruent,Left,Right,Right,Left,Left,0,1,1,0,1,1,0,0,0,0,1,1,1,0,0,0,1,1,1,39,19,20260728_t1405_srsSmooth_training_B001,39,19,2.45779820680618,1.58322262763977,2,1,113,1,0,0,1,1,1
20260728_t1405_srsSmooth_training,srs_smooth_training,trial0042.mat,42,42,39,1,42,39,96,76,20,8,1,1,5,2,38,11532,2,0,1,2,1,1,1,1,1,1,CHOSE_HIGH_SAL,1,455,1,0,0,0,0,0,168,98,168,98,70,168,1,180,359.946635950708,190.053364049292,179.946635950708,10.0533640492922,169.893271901416,169.893271901416,NaN,NaN,NaN,1785262197.65795,14524.754886,2.0998682975769,0.0128788948059082,0.213512659072876,0.80498480796814,1.13792300224304,1.33026075363159,1.37207293510437,1.37207293510437,-1,-1,1.62365698814392,200.633764266968,192.33775138855,41.8121814727783,234.149932861328,Congruent,Right,Left,Right,Right,Right,0,1,1,0,1,1,1,1,1,0,0,0,0,1,1,1,1,1,1,40,20,20260728_t1405_srsSmooth_training_B001,40,20,2.52003218730291,1.60070466995239,2,1,80,1,1,0,0,1,1
20260728_t1405_srsSmooth_training,srs_smooth_training,trial0043.mat,43,43,40,1,43,40,96,76,20,8,1,1,6,2,52,25054,2,0,2,1,1,2,1,2,2,1,CHOSE_LOW_SAL,2,455,1,0,0,0,0,0,159,92,159,92,67,92,1,0,173.88051322836,16.1194867716396,173.88051322836,16.1194867716396,157.761026456721,157.761026456721,NaN,NaN,NaN,1785262201.41049,14528.50711664,2.22236013412476,0.018826961517334,0.277917146682739,0.977603673934937,1.31054306030273,1.53643298149109,1.5864691734314,1.5864691734314,-1,-1,1.83101224899292,259.090185165405,225.889921188354,50.0361919403076,275.926113128662,Congruent,Left,Right,Right,Left,Left,0,1,1,0,1,1,0,0,0,0,1,1,1,0,0,0,1,1,1,41,21,20260728_t1405_srsSmooth_training_B001,41,21,2.58257436752319,1.65266251564026,1,1,168,1,1,0,0,1,1
20260728_t1405_srsSmooth_training,srs_smooth_training,trial0044.mat,44,44,41,1,44,41,96,76,20,8,1,2,8,2,83,10058,2,0,2,1,1,2,2,1,2,1,CHOSE_HIGH_SAL,1,455,1,0,0,0,0,0,185,103,185,103,82,103,1,180,192.333268714774,357.666731285226,12.3332687147743,177.666731285226,-165.333462570451,165.333462570451,NaN,NaN,NaN,1785262205.2124,14532.30907028,2.15418243408203,0.0170562267303467,0.167670011520386,0.834316730499268,1.16710019111633,1.40916204452515,1.45099353790283,1.45099353790283,-1,-1,1.75294780731201,150.613784790039,242.061853408813,41.8314933776855,283.893346786499,Conflict,Left,Right,Right,Left,Right,0,1,0,1,1,1,0,0,1,0,1,1,0,0,0,1,1,0,1,42,22,20260728_t1405_srsSmooth_training_B001,42,22,2.64593966404597,1.57955765724182,2,1,92,1,0,0,1,1,1
20260728_t1405_srsSmooth_training,srs_smooth_training,trial0045.mat,45,45,42,1,45,42,96,76,20,8,1,1,5,2,39,13405,2,0,1,2,1,1,1,1,1,1,CHOSE_HIGH_SAL,1,455,1,0,0,0,0,0,175,117,175,117,58,175,1,180,307.076996953557,242.923003046443,127.076996953557,62.9230030464427,64.1539939071145,64.1539939071145,NaN,NaN,NaN,1785262208.93852,14536.03523616,2.14532089233398,0.0160858631134033,0.20023250579834,0.791718482971191,1.12446212768555,1.38355803489685,1.43354153633118,1.43354153633118,-1,-1,1.66865110397339,184.146642684937,259.095907211304,49.9835014343262,309.07940864563,Congruent,Right,Left,Right,Right,Right,0,1,1,0,1,1,1,1,1,0,0,0,0,1,1,1,1,1,1,43,23,20260728_t1405_srsSmooth_training_B001,43,23,2.70804156859716,1.57193183898926,2,1,103,1,1,0,0,1,1
20260728_t1405_srsSmooth_training,srs_smooth_training,trial0046.mat,46,46,43,1,46,43,96,76,20,8,1,1,5,2,35,2797,2,0,1,2,1,1,1,1,1,1,CHOSE_HIGH_SAL,1,455,1,0,0,0,0,0,181,92,181,92,89,181,1,180,321.164637070967,228.835362929033,141.164637070967,48.8353629290329,92.3292741419342,92.3292741419342,NaN,NaN,NaN,1785262212.66095,14539.75740784,2.13105034828186,0.0187933444976807,0.0199100971221924,0.744787454605103,1.07716727256775,1.31131052970886,1.3613383769989,1.3613383769989,-1,-1,1.64653134346008,1.11675262451172,234.143257141113,50.0278472900391,284.171104431152,Congruent,Right,Left,Right,Right,Right,0,1,1,0,1,1,1,1,1,0,0,0,0,1,1,1,1,1,1,44,24,20260728_t1405_srsSmooth_training_B001,44,24,2.7700821797053,1.57711577415466,1,1,175,1,0,0,1,1,1
20260728_t1405_srsSmooth_training,srs_smooth_training,trial0047.mat,47,47,44,1,47,44,96,76,20,8,1,1,5,2,32,5360,2,0,1,2,1,1,1,1,1,1,CHOSE_HIGH_SAL,1,455,1,0,0,0,0,0,177,82,177,82,95,177,1,0,170.0423965662,19.9576034337999,170.0423965662,19.9576034337999,150.0847931324,150.0847931324,NaN,NaN,NaN,1785262216.35294,14543.44926832,2.12206649780273,0.018618106842041,0.186010837554932,0.786025524139404,1.11866021156311,1.35264086723328,1.40281414985657,1.40281414985657,-1,-1,1.64629364013672,167.392730712891,233.980655670166,50.173282623291,284.153938293457,Congruent,Right,Left,Right,Right,Right,0,1,1,0,1,1,1,1,1,0,0,0,0,1,1,1,1,1,1,45,25,20260728_t1405_srsSmooth_training_B001,45,25,2.83161526521047,1.5609347820282,1,1,181,1,0,0,1,1,1
20260728_t1405_srsSmooth_training,srs_smooth_training,trial0048.mat,48,48,45,1,48,45,96,76,20,8,1,2,7,2,66,5669,2,0,1,2,1,1,2,2,1,1,CHOSE_LOW_SAL,2,455,1,0,0,0,0,0,180,93,180,93,87,180,1,180,226.513426362417,323.486573637583,46.5134263624167,143.486573637583,-96.9731472751667,96.9731472751667,NaN,NaN,NaN,1785262220.12524,14547.22146656,2.43366813659668,0.0131320953369141,0.297411441802979,0.972176313400269,1.30484914779663,1.58890438079834,1.6388988494873,1.6388988494873,-1,-1,1.94912314414978,284.279346466064,284.055233001709,49.9944686889648,334.049701690674,Conflict,Right,Left,Right,Right,Left,0,1,0,1,1,1,1,1,0,0,0,0,1,1,1,0,1,0,1,46,26,20260728_t1405_srsSmooth_training_B001,46,26,2.89448690017064,1.65023159980774,1,1,177,1,0,0,1,1,1
20260728_t1405_srsSmooth_training,srs_smooth_training,trial0049.mat,49,49,46,1,49,46,96,76,20,8,1,1,5,2,28,570,2,0,1,2,1,1,1,1,1,1,CHOSE_HIGH_SAL,1,455,1,0,0,0,0,0,188,96,188,96,92,188,1,180,358.879854691235,191.120145308765,178.879854691235,11.120145308765,167.75970938247,167.75970938247,NaN,NaN,NaN,1785262224.14197,14551.23813332,1.96644020080566,0.0132274627685547,0.0141410827636719,0.622150897979736,0.954930543899536,1.17215442657471,1.21385669708252,1.21385669708252,-1,-1,1.47484850883484,0.913619995117188,217.223882675171,41.7022705078125,258.926153182983,Congruent,Right,Left,Right,Right,Right,0,1,1,0,1,1,1,1,1,0,0,0,0,1,1,1,1,1,1,47,27,20260728_t1405_srsSmooth_training_B001,47,27,2.96143236160278,1.58305954933167,1,1,180,1,0,0,1,1,1
20260728_t1405_srsSmooth_training,srs_smooth_training,trial0050.mat,50,50,47,1,50,47,96,76,20,8,1,2,8,2,95,28633,2,0,2,1,1,2,2,1,2,1,CHOSE_HIGH_SAL,1,455,1,0,0,0,0,0,189,100,189,100,89,100,1,0,11.4243887431651,178.575611256835,11.4243887431651,178.575611256835,-167.15122251367,167.15122251367,NaN,NaN,NaN,1785262227.69699,14554.79318684,2.16219615936279,0.0166785717010498,0.275723457336426,0.850809097290039,1.18339061737061,1.41764640808105,1.45920848846436,1.45920848846436,-1,-1,1.76095867156982,259.044885635376,234.255790710449,41.5620803833008,275.81787109375,Conflict,Left,Right,Right,Left,Right,0,1,0,1,1,1,0,0,1,0,1,1,0,0,0,1,1,0,1,48,28,20260728_t1405_srsSmooth_training_B001,48,28,3.02068269252777,1.5885796546936,1,1,188,1,1,0,0,1,1
20260728_t1405_srsSmooth_training,srs_smooth_training,trial0051.mat,51,51,48,1,51,48,96,76,20,8,1,2,7,2,61,14710,2,0,1,2,1,1,2,2,1,1,CHOSE_LOW_SAL,2,455,1,0,0,0,0,0,197,108,197,108,89,197,1,180,244.33479664977,305.66520335023,64.3347966497702,125.66520335023,-61.3304067004595,61.3304067004595,NaN,NaN,NaN,1785262231.45273,14558.54878084,2.28114867210388,0.0194129943847656,0.186644792556763,0.878811597824097,1.21112585067749,1.44511103630066,1.48667001724243,1.48667001724243,-1,-1,1.78047513961792,167.231798171997,233.985185623169,41.5589809417725,275.544166564941,Conflict,Right,Left,Right,Right,Left,0,1,0,1,1,1,1,1,0,0,0,0,1,1,1,0,1,0,1,49,29,20260728_t1405_srsSmooth_training_B001,49,29,3.0832784374555,1.59354853630066,2,1,100,1,1,0,0,1,1
20260728_t1405_srsSmooth_training,srs_smooth_training,trial0052.mat,52,52,49,1,52,49,96,76,20,8,1,1,5,2,24,5631,2,0,1,2,1,1,1,1,1,1,CHOSE_HIGH_SAL,1,455,1,0,0,0,0,0,158,95,158,95,63,158,1,0,116.930087008382,73.0699129916176,116.930087008382,73.0699129916176,43.8601740167647,43.8601740167647,NaN,NaN,NaN,1785262235.32469,14562.42088336,2.09218168258667,0.0142655372619629,0.0149393081665039,0.772924900054932,1.0976414680481,1.31465315818787,1.36467671394348,1.36467671394348,-1,-1,1.63306546211243,0.673770904541016,217.011690139771,50.0235557556152,267.035245895386,Congruent,Right,Left,Right,Right,Right,0,1,1,0,1,1,1,1,1,0,0,0,0,1,1,1,1,1,1,50,30,20260728_t1405_srsSmooth_training_B001,50,30,3.14781117836634,1.590815782547,1,1,197,1,0,0,1,1,1
20260728_t1405_srsSmooth_training,srs_smooth_training,trial0053.mat,53,53,50,1,53,50,96,76,20,8,1,2,7,2,70,20932,2,0,1,2,1,1,2,2,1,1,CHOSE_LOW_SAL,2,455,1,0,1,0,0,0,201,124,201,124,77,201,1,0,61.1501483584951,128.849851641505,61.1501483584951,128.849851641505,-67.6997032830097,67.6997032830097,NaN,NaN,NaN,1785262239.02278,14566.11881844,2.25336909294128,0.0163218975067139,0.200335264205933,0.916712284088135,1.24970293045044,1.47533845901489,1.51733064651489,1.51733064651489,-1,-1,1.75238704681396,184.013366699219,225.635528564453,41.9921875,267.627716064453,Conflict,Right,Left,Right,Right,Left,0,1,0,1,1,1,1,1,0,0,0,0,1,1,1,0,1,0,1,51,31,20260728_t1405_srsSmooth_training_B001,51,31,3.20944596529007,1.60590553283691,1,1,158,1,0,0,1,1,1
20260728_t1405_srsSmooth_training,srs_smooth_training,trial0054.mat,54,54,51,1,54,51,96,76,20,8,1,2,7,2,59,8156,2,0,1,2,1,1,2,2,1,1,CHOSE_LOW_SAL,2,455,1,0,0,0,0,0,174,90,174,90,84,174,1,180,264.679507187053,285.320492812947,84.6795071870525,105.320492812947,-20.6409856258949,20.6409856258949,NaN,NaN,NaN,1785262242.86052,14569.95647248,2.21543478965759,0.0120608806610107,0.254287481307983,0.854305744171143,1.18710684776306,1.41299390792847,1.4630868434906,1.4630868434906,-1,-1,1.73965239524841,242.226600646973,225.887060165405,50.0929355621338,275.979995727539,Conflict,Right,Left,Right,Right,Left,0,1,0,1,1,1,1,1,0,0,0,0,1,1,1,0,1,0,1,52,32,20260728_t1405_srsSmooth_training_B001,52,32,3.2734083533287,1.58437418937683,1,1,201,1,0,0,1,1,1
20260728_t1405_srsSmooth_training,srs_smooth_training,trial0055.mat,55,55,52,1,55,52,96,76,20,8,1,1,5,2,31,14492,2,0,1,2,1,1,1,1,1,1,CHOSE_HIGH_SAL,1,455,1,0,0,0,0,0,163,86,163,86,77,163,1,0,145.881486307369,44.1185136926311,145.881486307369,44.1185136926311,101.762972614738,101.762972614738,NaN,NaN,NaN,1785262246.6602,14573.75605,2.19082403182983,0.0125360488891602,0.229706764221191,0.838211297988892,1.17091417312622,1.39647936820984,1.44651770591736,1.44651770591736,-1,-1,1.72368240356445,217.170715332031,225.565195083618,50.0383377075195,275.603532791138,Congruent,Right,Left,Right,Right,Right,0,1,1,0,1,1,1,1,1,0,0,0,0,1,1,1,1,1,1,53,33,20260728_t1405_srsSmooth_training_B001,53,33,3.33673623402913,1.58423805236816,1,1,174,1,0,0,1,1,1
20260728_t1405_srsSmooth_training,srs_smooth_training,trial0056.mat,56,56,53,1,56,53,96,76,20,8,1,2,7,2,71,29153,2,0,1,2,1,1,2,2,1,1,CHOSE_LOW_SAL,2,455,1,0,0,0,0,0,178,94,178,94,84,178,1,0,56.1001285847706,133.899871415229,56.1001285847706,133.899871415229,-77.7997428304589,77.7997428304589,NaN,NaN,NaN,1785262250.45666,14577.55246816,1.91117548942566,0.0162200927734375,0.016934871673584,0.53333306312561,0.866253137588501,1.08336305618286,1.1250102519989,1.1250102519989,-1,-1,1.43509340286255,0.714778900146484,217.10991859436,41.64719581604,258.7571144104,Conflict,Right,Left,Right,Right,Left,0,1,0,1,1,1,1,1,0,0,0,0,1,1,1,0,1,0,1,54,34,20260728_t1405_srsSmooth_training_B001,54,34,3.40001063346863,1.60563993453979,1,1,163,1,0,0,1,1,1
20260728_t1405_srsSmooth_training,srs_smooth_training,trial0057.mat,57,57,54,1,57,54,96,76,20,8,1,1,5,2,36,7630,2,0,1,2,1,1,1,1,1,1,CHOSE_HIGH_SAL,1,455,1,0,0,0,0,0,177,116,177,116,61,177,1,0,167.352310077866,22.6476899221341,167.352310077866,22.6476899221341,144.704620155732,144.704620155732,NaN,NaN,NaN,1785262253.95026,14581.0458894,2.35973787307739,0.0144243240356445,0.265174865722656,1.02328443527222,1.35614347457886,1.59018278121948,1.63195013999939,1.63195013999939,-1,-1,1.88445425033569,250.750541687012,234.039306640625,41.7673587799072,275.806665420532,Congruent,Right,Left,Right,Right,Right,0,1,1,0,1,1,1,1,1,0,0,0,0,1,1,1,1,1,1,55,35,20260728_t1405_srsSmooth_training_B001,55,35,3.45823726256688,1.58242225646973,1,1,178,1,0,0,1,1,1
20260728_t1405_srsSmooth_training,srs_smooth_training,trial0058.mat,58,58,55,1,58,55,96,76,20,8,1,2,8,2,87,24749,2,0,2,1,1,2,2,1,2,1,CHOSE_HIGH_SAL,1,455,1,0,0,0,0,0,176,98,176,98,78,98,1,0,88.5475673364302,101.45243266357,88.5475673364302,101.45243266357,-12.9048653271396,12.9048653271396,NaN,NaN,NaN,1785262257.88465,14584.98037604,1.81675124168396,0.0135185718536377,0.0142984390258789,0.522188663482666,0.855217695236206,1.06394982337952,1.11433124542236,1.11433124542236,-1,-1,1.41584348678589,0.779867172241211,208.732128143311,50.3814220428467,259.113550186157,Conflict,Left,Right,Right,Left,Right,0,1,0,1,1,1,0,0,1,0,1,1,0,0,0,1,1,0,1,56,36,20260728_t1405_srsSmooth_training_B001,56,36,3.52381047407786,1.57465481758118,1,1,177,1,1,0,0,1,1
20260728_t1405_srsSmooth_training,srs_smooth_training,trial0059.mat,59,59,56,1,59,56,96,76,20,8,1,1,6,2,40,3744,2,0,2,1,1,2,1,2,2,1,CHOSE_LOW_SAL,2,455,1,0,1,0,0,0,176,86,176,86,90,86,1,0,131.009749997801,58.9902500021988,131.009749997801,58.9902500021988,72.0194999956023,72.0194999956023,NaN,NaN,NaN,1785262261.29237,14588.38790224,2.04299974441528,0.0142695903778076,0.248329877853394,0.789872884750366,1.12264537811279,1.33145236968994,1.38167953491211,1.38167953491211,-1,-1,1.65865325927734,234.060287475586,208.806991577148,50.227165222168,259.034156799316,Congruent,Left,Right,Right,Left,Left,0,1,1,0,1,1,0,0,0,0,1,1,1,0,0,0,1,1,1,57,37,20260728_t1405_srsSmooth_training_B001,57,37,3.58060572544734,1.59096384048462,2,1,98,1,0,0,1,1,1
20260728_t1405_srsSmooth_training,srs_smooth_training,trial0060.mat,60,60,57,1,60,57,96,76,20,8,1,2,8,2,86,5500,2,0,2,1,1,2,2,1,1,2,CHOSE_LOW_SAL,2,455,1,0,0,0,0,0,195,125,195,125,70,195,1,180,261.244322761739,288.755677238261,81.2443227617391,108.755677238261,-27.5113544765219,27.5113544765219,NaN,NaN,NaN,1785262264.93723,14592.032649,2.14051461219788,0.0112183094024658,0.0118892192840576,0.770572185516357,1.10292840003967,1.37034916877747,1.41219568252563,1.41219568252563,-1,-1,1.64695954322815,0.670909881591797,267.420768737793,41.8465137481689,309.267282485962,Conflict,Left,Right,Left,Left,Right,0,1,0,1,1,0,1,1,0,1,0,0,1,0,0,1,1,0,1,58,38,20260728_t1405_srsSmooth_training_B001,58,38,3.64135338068008,1.60185956954956,2,1,86,1,1,1,0,0,1
20260728_t1405_srsSmooth_training,srs_smooth_training,trial0061.mat,61,61,58,1,61,58,96,76,20,8,1,1,5,2,34,26814,2,0,1,2,1,1,1,1,1,1,CHOSE_HIGH_SAL,1,455,1,0,0,0,0,0,191,114,191,114,77,191,1,180,348.772799911422,201.227200088578,168.772799911422,21.2272000885779,147.545599822844,147.545599822844,NaN,NaN,NaN,1785262268.95898,14596.0542722,2.20145082473755,0.0146219730377197,0.132027149200439,0.856790065765381,1.18966770172119,1.4234733581543,1.46510457992554,1.46510457992554,-1,-1,1.70958399772644,117.40517616272,233.805656433105,41.6312217712402,275.436878204346,Congruent,Right,Left,Right,Right,Right,0,1,1,0,1,1,1,1,1,0,0,0,0,1,1,1,1,1,1,59,39,20260728_t1405_srsSmooth_training_B001,59,39,3.70838260650635,1.88123893737793,1,2,195,1,0,1,1,0,1
20260728_t1405_srsSmooth_training,srs_smooth_training,trial0062.mat,62,62,59,1,62,59,96,76,20,8,1,2,8,2,78,14606,2,0,2,1,1,2,2,1,0,0,,0,11,0,1,0,0,0,0,171,101,171,101,70,NaN,1,180,242.579722239357,307.420277760643,62.5797222393568,127.420277760643,-64.8405555212863,64.8405555212863,NaN,NaN,NaN,1785262272.74504,14599.8403558,1.10653376579285,0.0120387077331543,0.0129563808441162,0.779327630996704,-1,-1,-1,-1,-1,-1,-1,0.917673110961914,NaN,NaN,NaN,Conflict,Left,Right,None,Left,Right,0,1,0,1,0,NaN,NaN,NaN,NaN,NaN,NaN,NaN,NaN,0,0,1,1,0,0,59,NaN,20260728_t1405_srsSmooth_training_B001,NaN,NaN,3.77148367166519,1.58461308479309,NaN,NaN,NaN,0,NaN,NaN,NaN,NaN,0
20260728_t1405_srsSmooth_training,srs_smooth_training,trial0063.mat,63,63,59,1,63,59,96,76,20,8,1,2,7,2,65,14386,2,0,1,2,1,1,2,2,1,1,CHOSE_LOW_SAL,2,455,1,0,0,0,0,0,170,100,170,100,70,170,1,180,227.422834616108,322.577165383892,47.4228346161081,142.577165383892,-95.1543307677837,95.1543307677837,NaN,NaN,NaN,1785262275.36158,14602.45689264,2.26634097099304,0.0122759342193604,0.212772369384766,0.912920713424683,1.2456579208374,1.4880268573761,1.52956628799438,1.52956628799438,-1,-1,1.79859638214111,200.496435165405,242.368936538696,41.5394306182861,283.908367156982,Conflict,Right,Left,Right,Right,Left,0,1,0,1,1,1,1,1,0,0,0,0,1,1,1,0,1,0,1,60,40,20260728_t1405_srsSmooth_training_B001,60,40,3.81509253581365,1.50999808311462,1,1,191,1,0,0,1,1,1
20260728_t1405_srsSmooth_training,srs_smooth_training,trial0064.mat,64,64,60,1,64,60,96,76,20,8,1,1,6,2,57,20801,2,0,2,1,1,2,1,2,2,1,,0,11,0,1,0,0,0,0,190,96,190,96,94,96,1,0,175.469824172368,14.5301758276315,175.469824172368,14.5301758276315,160.939648344737,160.939648344737,NaN,NaN,NaN,1785262279.23395,14606.32906932,1.47621011734009,0.0150530338287354,0.257663726806641,0.815740823745728,1.14843082427979,1.38243246078491,1.42413759231567,1.42413759231567,-1,-1,-1,242.610692977905,234.001636505127,41.7051315307617,275.706768035889,Congruent,Left,Right,Right,Left,Left,0,1,1,0,0,NaN,NaN,NaN,NaN,NaN,NaN,NaN,NaN,0,0,0,1,1,0,60,NaN,20260728_t1405_srsSmooth_training_B001,NaN,NaN,3.87963210344315,1.60603308677673,NaN,NaN,NaN,0,NaN,NaN,NaN,NaN,0
20260728_t1405_srsSmooth_training,srs_smooth_training,trial0065.mat,65,65,60,1,65,60,96,76,20,8,1,2,8,2,92,24288,2,0,2,1,1,2,2,1,2,1,CHOSE_HIGH_SAL,1,455,1,0,0,0,0,0,170,112,170,112,58,112,1,180,205.383968688089,344.616031311911,25.3839686880887,164.616031311911,-139.232062623823,139.232062623823,NaN,NaN,NaN,1785262282.19332,14609.28838972,2.27587580680847,0.0141327381134033,0.214794635772705,0.93959903717041,1.27251577377319,1.52294135093689,1.56461429595947,1.56461429595947,-1,-1,1.86691331863403,200.661897659302,250.425577163696,41.672945022583,292.098522186279,Conflict,Left,Right,Right,Left,Right,0,1,0,1,1,1,0,0,1,0,1,1,0,0,0,1,1,0,1,61,41,20260728_t1405_srsSmooth_training_B001,61,41,3.92895492315292,1.48315906524658,1,1,170,1,1,0,0,1,1
20260728_t1405_srsSmooth_training,srs_smooth_training,trial0066.mat,66,66,61,1,66,61,96,76,20,8,1,1,5,2,22,45,2,0,1,2,1,1,1,1,1,1,CHOSE_HIGH_SAL,1,455,1,0,0,0,0,0,171,83,171,83,88,171,1,0,169.573004216156,20.4269957838444,169.573004216156,20.4269957838444,149.146008432311,149.146008432311,NaN,NaN,NaN,1785262286.10983,14613.2049282,1.90958189964294,0.0144369602203369,0.0153248310089111,0.565194845199585,0.897804975509644,1.12361907958984,1.16496562957764,1.16496562957764,-1,-1,1.43427610397339,0.887870788574219,225.8141040802,41.346549987793,267.160654067993,Congruent,Right,Left,Right,Right,Right,0,1,1,0,1,1,1,1,1,0,0,0,0,1,1,1,1,1,1,62,42,20260728_t1405_srsSmooth_training_B001,62,42,3.99423018693924,1.64064002037048,2,1,112,1,1,0,0,1,1
20260728_t1405_srsSmooth_training,srs_smooth_training,trial0067.mat,67,67,62,1,67,62,96,76,20,8,1,1,6,2,41,13344,2,0,2,1,1,2,1,2,2,1,CHOSE_LOW_SAL,2,455,1,0,0,0,0,0,186,123,186,123,63,123,1,180,311.944816972109,238.055183027891,131.944816972109,58.0551830278907,73.8896339442186,73.8896339442186,NaN,NaN,NaN,1785262289.62327,14616.7181888,2.22136688232422,0.0178060531616211,0.243338584899902,0.90195631980896,1.23451995849609,1.49367475509644,1.53552412986755,1.53552412986755,-1,-1,1.79508709907532,225.532531738281,259.154796600342,41.8493747711182,301.00417137146,Congruent,Left,Right,Right,Left,Left,0,1,1,0,1,1,0,0,0,0,1,1,1,0,0,0,1,1,1,63,43,20260728_t1405_srsSmooth_training_B001,63,43,4.05278743505478,1.60385298728943,1,1,171,1,1,0,0,1,1
20260728_t1405_srsSmooth_training,srs_smooth_training,trial0068.mat,68,68,63,1,68,63,96,76,20,8,1,1,6,2,42,22149,2,0,2,1,1,2,1,2,2,1,CHOSE_LOW_SAL,2,455,1,0,0,0,0,0,187,97,187,97,90,97,1,0,115.929334098433,74.070665901567,115.929334098433,74.0706659015669,41.8586681968661,41.8586681968661,NaN,NaN,NaN,1785262293.46938,14620.56433928,2.21751260757446,0.0135085582733154,0.189039707183838,0.972645044326782,1.30522561073303,1.51413989067078,1.55582070350647,1.55582070350647,-1,-1,1.81602811813354,175.531148910522,208.914279937744,41.6808128356934,250.595092773438,Congruent,Left,Right,Right,Left,Left,0,1,1,0,1,1,0,0,0,0,1,1,1,0,0,0,1,1,1,64,44,20260728_t1405_srsSmooth_training_B001,64,44,4.11688934167226,1.62474751472473,2,1,123,1,0,0,1,1,1
20260728_t1405_srsSmooth_training,srs_smooth_training,trial0069.mat,69,69,64,1,69,64,96,76,20,8,1,1,5,2,27,16562,2,0,1,2,1,1,1,1,1,1,CHOSE_HIGH_SAL,1,455,1,0,0,0,0,0,168,125,168,125,43,168,1,0,146.651974173471,43.3480258265293,146.651974173471,43.3480258265294,103.303948346941,103.303948346941,NaN,NaN,NaN,1785262297.34598,14624.44080216,2.16565418243408,0.0120680332183838,0.245771646499634,0.787931442260742,1.12044429779053,1.34581208229065,1.39589643478394,1.39589643478394,-1,-1,1.69787549972534,233.70361328125,225.367784500122,50.0843524932861,275.452136993408,Congruent,Right,Left,Right,Right,Right,0,1,1,0,1,1,1,1,1,0,0,0,0,1,1,1,1,1,1,65,45,20260728_t1405_srsSmooth_training_B001,65,45,4.18149921894073,1.65908002853394,2,1,97,1,1,0,0,1,1
20260728_t1405_srsSmooth_training,srs_smooth_training,trial0070.mat,70,70,65,1,70,65,96,76,20,8,1,1,6,2,58,13071,2,0,2,1,1,2,1,2,2,1,CHOSE_LOW_SAL,2,455,1,0,0,0,0,0,163,81,163,81,82,81,1,180,341.449503430194,208.550496569806,161.449503430194,28.550496569806,132.899006860388,132.899006860388,NaN,NaN,NaN,1785262301.11339,14628.2081376,1.93119192123413,0.0114662647247314,0.0125570297241211,0.603967666625977,0.93650221824646,1.19560837745667,1.24529719352722,1.24529719352722,-1,-1,1.54739046096802,1.09076499938965,259.106159210205,49.6888160705566,308.794975280762,Congruent,Left,Right,Right,Left,Left,0,1,1,0,1,1,0,0,0,0,1,1,1,0,0,0,1,1,1,66,46,20260728_t1405_srsSmooth_training_B001,66,46,4.24428948163986,1.60176157951355,1,1,168,1,1,0,0,1,1
20260728_t1405_srsSmooth_training,srs_smooth_training,trial0071.mat,71,71,66,1,71,66,96,76,20,8,1,2,7,2,64,21893,2,0,1,2,1,1,2,2,1,1,CHOSE_LOW_SAL,2,455,1,0,0,0,0,0,186,117,186,117,69,186,1,180,238.608130324463,311.391869675537,58.6081303244633,131.391869675537,-72.7837393510733,72.7837393510733,NaN,NaN,NaN,1785262304.63468,14631.72926864,2.02711987495422,0.0153155326843262,0.182577133178711,0.724151611328125,1.05702257156372,1.26597738265991,1.30790519714355,1.30790519714355,-1,-1,1.54294729232788,167.261600494385,208.954811096191,41.9278144836426,250.882625579834,Conflict,Right,Left,Right,Right,Left,0,1,0,1,1,1,1,1,0,0,0,0,1,1,1,0,1,0,1,67,47,20260728_t1405_srsSmooth_training_B001,67,47,4.30297762552897,1.59009671211243,2,1,81,1,1,0,0,1,1
20260728_t1405_srsSmooth_training,srs_smooth_training,trial0072.mat,72,72,67,1,72,67,96,76,20,8,1,2,7,2,62,17425,2,0,1,2,1,1,2,2,1,1,CHOSE_LOW_SAL,2,455,1,0,0,0,0,0,172,94,172,94,78,172,1,0,14.7709929945511,175.229007005449,14.7709929945511,175.229007005449,-160.458014010898,160.458014010898,NaN,NaN,NaN,1785262308.30975,14635.40423528,2.32725238800049,0.0153956413269043,0.266188621520996,0.982990503311157,1.3154468536377,1.54943132400513,1.59091520309448,1.59091520309448,-1,-1,1.85200023651123,250.792980194092,233.984470367432,41.4838790893555,275.468349456787,Conflict,Right,Left,Right,Right,Left,0,1,0,1,1,1,1,1,0,0,0,0,1,1,1,0,1,0,1,68,48,20260728_t1405_srsSmooth_training_B001,68,48,4.36422868967056,1.64794397354126,1,1,186,1,0,0,1,1,1
20260728_t1405_srsSmooth_training,srs_smooth_training,trial0073.mat,73,73,68,1,73,68,96,76,20,8,1,2,8,2,79,30764,2,0,2,1,1,2,2,1,2,1,CHOSE_HIGH_SAL,1,455,1,0,0,0,0,0,175,86,175,86,89,86,1,180,231.129631532935,318.870368467065,51.129631532935,138.870368467065,-87.74073693413,87.74073693413,NaN,NaN,NaN,1785262312.23617,14639.33068,1.89249610900879,0.0141270160675049,0.0150794982910156,0.664593935012817,0.997497797012329,1.23995494842529,1.28133845329285,1.28133845329285,-1,-1,1.50844240188599,0.952482223510742,242.457151412964,41.3835048675537,283.840656280518,Conflict,Left,Right,Right,Left,Right,0,1,0,1,1,1,0,0,1,0,1,1,0,0,0,1,1,0,1,69,49,20260728_t1405_srsSmooth_training_B001,69,49,4.42966907024384,1.59917044639587,1,1,172,1,1,0,0,1,1
20260728_t1405_srsSmooth_training,srs_smooth_training,trial0074.mat,74,74,69,1,74,69,96,76,20,8,1,1,5,2,23,19026,2,0,1,2,1,1,1,1,1,1,CHOSE_HIGH_SAL,1,455,1,0,0,0,0,0,178,89,178,89,89,178,1,180,285.457395799048,264.542604200952,105.457395799048,84.5426042009522,20.9147915980956,20.9147915980956,NaN,NaN,NaN,1785262315.71924,14642.8137824,2.20995664596558,0.0145246982574463,0.164994478225708,0.88997745513916,1.22290563583374,1.44036650657654,1.4903826713562,1.4903826713562,-1,-1,1.73363471031189,150.469779968262,217.460870742798,50.0161647796631,267.477035522461,Congruent,Right,Left,Right,Right,Right,0,1,1,0,1,1,1,1,1,0,0,0,0,1,1,1,1,1,1,70,50,20260728_t1405_srsSmooth_training_B001,70,50,4.48772025903066,1.59057521820068,2,1,86,1,1,0,0,1,1
20260728_t1405_srsSmooth_training,srs_smooth_training,trial0075.mat,75,75,70,1,75,70,96,76,20,8,1,2,7,2,69,12144,2,0,1,2,1,1,2,2,1,1,CHOSE_LOW_SAL,2,455,1,0,0,0,0,0,160,90,160,90,70,160,1,0,43.0168917554151,146.983108244585,43.0168917554151,146.983108244585,-103.96621648917,103.96621648917,NaN,NaN,NaN,1785262319.49607,14646.59042204,2.17460322380066,0.0128471851348877,0.238540649414062,0.813488721847534,1.1462242603302,1.37206983566284,1.41349911689758,1.41349911689758,-1,-1,1.71591424942017,225.693464279175,225.845575332642,41.4292812347412,267.274856567383,Conflict,Right,Left,Right,Right,Left,0,1,0,1,1,1,1,1,0,0,0,0,1,1,1,0,1,0,1,71,51,20260728_t1405_srsSmooth_training_B001,71,51,4.55066736539205,1.56686973571777,1,1,178,1,0,0,1,1,1
20260728_t1405_srsSmooth_training,srs_smooth_training,trial0076.mat,76,76,71,1,76,71,96,76,20,8,1,2,7,2,75,3578,2,0,1,2,1,1,2,2,1,1,CHOSE_LOW_SAL,2,455,1,0,0,0,0,0,196,114,196,114,82,196,1,180,204.78670081121,345.21329918879,24.7867008112102,165.21329918879,-140.42659837758,140.42659837758,NaN,NaN,NaN,1785262323.24528,14650.33947324,2.2339198589325,0.0137753486633301,0.247578620910645,0.889289140701294,1.22215604782104,1.43106389045715,1.47277569770813,1.47277569770813,-1,-1,1.74095702171326,233.803272247314,208.907842636108,41.7118072509766,250.619649887085,Conflict,Right,Left,Right,Right,Left,0,1,0,1,1,1,1,1,0,0,0,0,1,1,1,0,1,0,1,72,52,20260728_t1405_srsSmooth_training_B001,72,52,4.61315434773763,1.5746157169342,1,1,160,1,0,0,1,1,1
20260728_t1405_srsSmooth_training,srs_smooth_training,trial0077.mat,77,77,72,1,77,72,96,76,20,8,1,1,6,2,54,22736,2,0,2,1,1,2,1,2,2,1,CHOSE_LOW_SAL,2,455,1,0,0,0,0,0,195,111,195,111,84,111,1,0,95.2314453336978,94.7685546663022,95.2314453336978,94.7685546663022,0.462890667395641,0.462890667395641,NaN,NaN,NaN,1785262327.06582,14654.15993136,2.32236695289612,0.0183873176574707,0.268987894058228,1.05229187011719,1.38510727882385,1.6023097038269,1.64394450187683,1.64394450187683,-1,-1,1.91286301612854,250.600576400757,217.202425003052,41.6347980499268,258.837223052979,Congruent,Left,Right,Right,Left,Left,0,1,1,0,1,1,0,0,0,0,1,1,1,0,0,0,1,1,1,73,53,20260728_t1405_srsSmooth_training_B001,73,53,4.67682998180389,1.58661818504333,1,1,196,1,1,0,0,1,1
20260728_t1405_srsSmooth_training,srs_smooth_training,trial0078.mat,78,78,73,1,78,73,96,76,20,8,1,1,5,2,26,4926,2,0,1,2,1,1,1,1,1,1,CHOSE_HIGH_SAL,1,455,1,0,0,0,0,0,183,106,183,106,77,183,1,0,130.114519855263,59.8854801447366,130.114519855263,59.8854801447366,70.2290397105268,70.2290397105268,NaN,NaN,NaN,1785262330.96644,14658.06051224,2.13878703117371,0.0179240703582764,0.210297107696533,0.827032804489136,1.15963578224182,1.3771641254425,1.42725348472595,1.42725348472595,-1,-1,1.65397620201111,192.373037338257,217.528343200684,50.0893592834473,267.617702484131,Congruent,Right,Left,Right,Right,Right,0,1,1,0,1,1,1,1,1,0,0,0,0,1,1,1,1,1,1,74,54,20260728_t1405_srsSmooth_training_B001,74,54,4.74184025128682,1.57824921607971,2,1,111,1,1,0,0,1,1
20260728_t1405_srsSmooth_training,srs_smooth_training,trial0079.mat,79,79,74,1,79,74,96,76,20,8,1,1,6,2,50,18685,2,0,2,1,1,2,1,2,2,1,CHOSE_LOW_SAL,2,455,1,0,6,0,0,0,177,91,177,91,86,91,1,0,123.776794846597,66.2232051534026,123.776794846597,66.2232051534026,57.5535896931948,57.5535896931948,NaN,NaN,NaN,1785262334.69043,14661.7844578,2.20601320266724,0.0190830230712891,0.251716613769531,0.944731950759888,1.27746605873108,1.49467372894287,1.54493069648743,1.54493069648743,-1,-1,1.81310343742371,232.633590698242,217.207670211792,50.2569675445557,267.464637756348,Congruent,Left,Right,Right,Left,Left,0,1,1,0,1,1,0,0,0,0,1,1,1,0,0,0,1,1,1,75,55,20260728_t1405_srsSmooth_training_B001,75,55,4.80390671888987,1.58520102500916,1,1,183,1,1,0,0,1,1
20260728_t1405_srsSmooth_training,srs_smooth_training,trial0080.mat,80,80,75,1,80,75,96,76,20,8,1,1,6,2,53,8092,2,0,2,1,1,2,1,2,2,1,CHOSE_LOW_SAL,2,455,1,0,0,0,0,0,201,91,201,91,110,91,1,180,322.865953073476,227.134046926524,142.865953073476,47.1340469265241,95.7319061469518,95.7319061469518,NaN,NaN,NaN,1785262338.50449,14665.5984766,2.01662087440491,0.0135064125061035,0.280858755111694,0.789108753204346,1.12188339233398,1.36407351493835,1.40593123435974,1.40593123435974,-1,-1,1.62429428100586,267.352342605591,242.19012260437,41.8577194213867,284.047842025757,Congruent,Left,Right,Right,Left,Left,0,1,1,0,1,1,0,0,0,0,1,1,1,0,0,0,1,1,1,76,56,20260728_t1405_srsSmooth_training_B001,76,56,4.8674743771553,1.60804629325867,2,1,91,1,0,0,1,1,1
20260728_t1405_srsSmooth_training,srs_smooth_training,trial0081.mat,81,81,76,1,81,76,96,76,20,8,1,1,6,2,57,20801,2,0,2,1,1,2,1,2,2,1,CHOSE_LOW_SAL,2,455,1,0,0,0,0,0,182,110,182,110,72,110,1,0,170.331801827981,19.6681981720193,170.331801827981,19.6681981720193,150.663603655961,150.663603655961,NaN,NaN,NaN,1785262342.11253,14669.20649032,2.12539744377136,0.0139374732971191,0.206027030944824,0.831103086471558,1.163982629776,1.42280626296997,1.47287940979004,1.47287940979004,-1,-1,1.71630597114563,192.089557647705,258.82363319397,50.0731468200684,308.896780014038,Congruent,Left,Right,Right,Left,Left,0,1,1,0,1,1,0,0,0,0,1,1,1,0,0,0,1,1,1,77,57,20260728_t1405_srsSmooth_training_B001,77,57,4.92760844230652,1.59142303466797,2,1,91,1,0,0,1,1,1
20260728_t1405_srsSmooth_training,srs_smooth_training,trial0082.mat,82,82,77,1,82,77,96,76,20,8,1,2,8,2,93,22973,2,0,2,1,1,2,2,1,2,1,CHOSE_HIGH_SAL,1,455,1,0,0,0,0,0,173,103,173,103,70,103,1,180,224.279997121657,325.720002878343,44.2799971216573,145.720002878343,-101.440005756685,101.440005756685,NaN,NaN,NaN,1785262345.8198,14672.91371504,2.16076421737671,0.0151455402374268,0.182567596435547,0.80715274810791,1.1318564414978,1.39915251731873,1.44914484024048,1.44914484024048,-1,-1,1.75918936729431,167.42205619812,267.296075820923,49.9923229217529,317.288398742676,Conflict,Left,Right,Right,Left,Right,0,1,0,1,1,1,0,0,1,0,1,1,0,0,0,1,1,0,1,78,58,20260728_t1405_srsSmooth_training_B001,78,58,4.98939629395803,1.58187365531921,2,1,110,1,0,0,1,1,1
20260728_t1405_srsSmooth_training,srs_smooth_training,trial0083.mat,83,83,78,1,83,78,96,76,20,8,1,2,7,2,77,3536,2,0,1,2,1,1,2,2,2,2,CHOSE_HIGH_SAL,1,455,1,0,0,0,0,0,180,100,180,100,80,100,1,0,17.647596212492,172.352403787508,17.647596212492,172.352403787508,-154.704807575016,154.704807575016,NaN,NaN,NaN,1785262349.58596,14676.67980452,2.11094260215759,0.0158040523529053,0.199634790420532,0.85808277130127,1.19085121154785,1.40812945365906,1.45815944671631,1.45815944671631,-1,-1,1.71028161048889,183.830738067627,217.278242111206,50.029993057251,267.308235168457,Conflict,Right,Left,Left,Right,Left,0,1,0,1,1,0,0,0,1,1,1,1,0,1,1,0,1,0,1,79,59,20260728_t1405_srsSmooth_training_B001,79,59,5.05216556390127,1.60539197921753,2,1,103,1,0,1,1,0,1
20260728_t1405_srsSmooth_training,srs_smooth_training,trial0084.mat,84,84,79,1,84,79,96,76,20,8,1,1,6,2,56,18701,2,0,2,1,1,2,1,2,1,2,CHOSE_HIGH_SAL,1,455,1,0,0,0,0,0,156,95,156,95,61,156,1,180,291.774291944923,258.225708055077,111.774291944923,78.2257080550771,33.5485838898458,33.5485838898458,NaN,NaN,NaN,1785262353.27608,14680.36973288,2.44632005691528,0.0174911022186279,0.28459644317627,1.08467054367065,1.41754603385925,1.6514105796814,1.70158433914185,1.70158433914185,-1,-1,1.98645973205566,267.105340957642,233.864545822144,50.1737594604492,284.038305282593,Congruent,Left,Right,Left,Left,Left,0,1,1,0,1,0,1,1,1,1,0,0,0,0,0,0,1,1,1,80,60,20260728_t1405_srsSmooth_training_B001,80,60,5.11366766691208,1.57918357849121,2,2,100,1,1,0,0,1,1
20260728_t1405_srsSmooth_training,srs_smooth_training,trial0085.mat,85,85,80,1,85,80,96,76,20,8,1,2,8,2,91,30895,2,0,2,1,1,2,2,1,1,2,CHOSE_LOW_SAL,2,455,1,0,0,0,0,0,204,106,204,106,98,204,1,180,219.94808075183,330.05191924817,39.94808075183,150.05191924817,-110.10383849634,110.10383849634,NaN,NaN,NaN,1785262357.32844,14684.42217028,2.13547611236572,0.0152966976165771,0.183393955230713,0.690975904464722,1.02366971969604,1.2991681098938,1.3491325378418,1.3491325378418,-1,-1,1.63484954833984,168.097257614136,275.498390197754,49.964427947998,325.462818145752,Conflict,Left,Right,Left,Left,Right,0,1,0,1,1,0,1,1,0,1,0,0,1,0,0,1,1,0,1,81,61,20260728_t1405_srsSmooth_training_B001,81,61,5.18120688994726,1.60603332519531,1,2,156,1,0,0,1,1,1
20260728_t1405_srsSmooth_training,srs_smooth_training,trial0086.mat,86,86,81,1,86,81,96,76,20,8,1,2,7,2,67,22753,2,0,1,2,1,1,2,2,2,2,CHOSE_HIGH_SAL,1,455,1,0,0,0,0,0,168,107,168,107,61,107,1,180,259.633976574222,290.366023425778,79.6339765742223,110.366023425778,-30.7320468515554,30.7320468515554,NaN,NaN,NaN,1785262361.04819,14688.14182236,2.18239879608154,0.0123546123504639,0.287770748138428,0.904426097869873,1.23740363121033,1.46296358108521,1.5129714012146,1.5129714012146,-1,-1,1.77318048477173,275.416135787964,225.559949874878,50.0078201293945,275.567770004272,Conflict,Right,Left,Left,Right,Left,0,1,0,1,1,0,0,0,1,1,1,1,0,1,1,0,1,0,1,82,62,20260728_t1405_srsSmooth_training_B001,82,62,5.24320280949275,1.58427906036377,1,2,204,1,1,0,0,1,1
20260728_t1405_srsSmooth_training,srs_smooth_training,trial0087.mat,87,87,82,1,87,82,96,76,20,8,1,2,7,2,68,30308,2,0,1,2,1,1,2,2,2,2,CHOSE_HIGH_SAL,1,455,1,0,0,0,0,0,170,89,170,89,81,89,1,180,191.430706545939,358.569293454061,11.4307065459393,178.569293454061,-167.138586908121,167.138586908121,NaN,NaN,NaN,1785262364.82401,14691.91746652,2.09850978851318,0.0116856098175049,0.178787708282471,0.820773363113403,1.15339779853821,1.37060785293579,1.42051720619202,1.42051720619202,-1,-1,1.70568418502808,167.102098464966,217.210054397583,49.9093532562256,267.119407653809,Conflict,Right,Left,Left,Right,Left,0,1,0,1,1,0,0,0,1,1,1,1,0,1,1,0,1,0,1,83,63,20260728_t1405_srsSmooth_training_B001,83,63,5.30613310734431,1.59341907501221,2,2,107,1,0,0,1,1,1
20260728_t1405_srsSmooth_training,srs_smooth_training,trial0088.mat,88,88,83,1,88,83,96,76,20,8,1,2,7,2,74,15238,2,0,1,2,1,1,2,2,2,2,CHOSE_HIGH_SAL,1,455,1,0,0,0,0,0,170,87,170,87,83,87,1,180,206.489927541313,343.510072458687,26.4899275413129,163.510072458687,-137.020144917374,137.020144917374,NaN,NaN,NaN,1785262368.51902,14695.6123442,2.12093424797058,0.0168213844299316,0.234267473220825,0.77558159828186,1.10853171348572,1.44254660606384,1.48445248603821,1.48445248603821,-1,-1,1.72740745544434,217.446088790894,334.014892578125,41.9058799743652,375.92077255249,Conflict,Right,Left,Left,Right,Left,0,1,0,1,1,0,0,0,1,1,1,1,0,1,1,0,1,0,1,84,64,20260728_t1405_srsSmooth_training_B001,84,64,5.36771660645803,1.59650015830994,2,2,89,1,0,0,1,1,1
20260728_t1405_srsSmooth_training,srs_smooth_training,trial0089.mat,89,89,84,1,89,84,96,76,20,8,1,2,8,2,85,340,2,0,2,1,1,2,2,1,2,1,CHOSE_HIGH_SAL,1,455,1,0,0,0,0,0,155,102,155,102,53,102,1,0,76.3900155998085,113.609984400192,76.3900155998085,113.609984400191,-37.219968800383,37.219968800383,NaN,NaN,NaN,1785262372.24985,14699.34319552,2.08126950263977,0.0194756984710693,0.219974279403687,0.794941425323486,1.12785267829895,1.36189436912537,1.41169619560242,1.41169619560242,-1,-1,1.68019819259644,200.498580932617,234.041690826416,49.8018264770508,283.843517303467,Conflict,Left,Right,Right,Left,Right,0,1,0,1,1,1,0,0,1,0,1,1,0,0,0,1,1,0,1,85,65,20260728_t1405_srsSmooth_training_B001,85,65,5.4298970580101,1.60989284515381,2,2,87,1,0,1,1,0,1
20260728_t1405_srsSmooth_training,srs_smooth_training,trial0090.mat,90,90,85,1,90,85,96,76,20,8,1,1,6,2,46,22240,2,0,2,1,1,2,1,2,2,1,CHOSE_LOW_SAL,2,455,1,0,0,0,0,0,187,134,187,134,53,134,1,180,285.968928060517,264.031071939483,105.968928060517,84.0310719394834,21.9378561210332,21.9378561210332,NaN,NaN,NaN,1785262375.93438,14703.02766332,2.13879418373108,0.0184240341186523,0.0192878246307373,0.81070351600647,1.14346814155579,1.41060280799866,1.46084070205688,1.46084070205688,-1,-1,1.70390796661377,0.863790512084961,267.134666442871,50.2378940582275,317.372560501099,Congruent,Left,Right,Right,Left,Left,0,1,1,0,1,1,0,0,0,0,1,1,1,0,0,0,1,1,1,86,66,20260728_t1405_srsSmooth_training_B001,86,66,5.49130588372548,1.6032600402832,2,1,102,1,0,0,1,1,1
20260728_t1405_srsSmooth_training,srs_smooth_training,trial0091.mat,91,91,86,1,91,86,96,76,20,8,1,1,5,2,29,15441,2,0,1,2,1,1,1,1,1,1,CHOSE_HIGH_SAL,1,455,1,0,0,0,0,0,181,102,181,102,79,181,1,180,333.583527026707,216.416472973293,153.583527026707,36.4164729732935,117.167054053413,117.167054053413,NaN,NaN,NaN,1785262379.67479,14706.76800024,2.30665731430054,0.0114877223968506,0.228792428970337,0.920994520187378,1.25320386886597,1.50369954109192,1.5452823638916,1.5452823638916,-1,-1,1.82230567932129,217.304706573486,250.495672225952,41.5828227996826,292.078495025635,Congruent,Right,Left,Right,Right,Right,0,1,1,0,1,1,1,1,1,0,0,0,0,1,1,1,1,1,1,87,67,20260728_t1405_srsSmooth_training_B001,87,67,5.55364615519842,1.60162210464478,2,1,134,1,1,0,0,1,1
20260728_t1405_srsSmooth_training,srs_smooth_training,trial0092.mat,92,92,87,1,92,87,96,76,20,8,1,2,7,2,76,3707,2,0,1,2,1,1,2,2,1,1,CHOSE_LOW_SAL,2,455,1,0,0,0,0,0,176,118,176,118,58,176,1,0,30.5089020608674,159.491097939133,30.5089020608675,159.491097939133,-128.982195878265,128.982195878265,NaN,NaN,NaN,1785262383.59268,14710.68590756,1.90529417991638,0.0187544822692871,0.0194814205169678,0.527530431747437,0.860454320907593,1.10246300697327,1.15263700485229,1.15263700485229,-1,-1,1.42945504188538,0.726938247680664,242.008686065674,50.1739978790283,292.182683944702,Conflict,Right,Left,Right,Right,Left,0,1,0,1,1,1,1,1,0,0,0,0,1,1,1,0,1,0,1,88,68,20260728_t1405_srsSmooth_training_B001,88,68,5.61894427935282,1.61123013496399,1,1,181,1,0,0,1,1,1
20260728_t1405_srsSmooth_training,srs_smooth_training,trial0093.mat,93,93,88,1,93,88,96,76,20,8,1,1,6,2,47,4311,2,0,2,1,1,2,1,2,2,1,CHOSE_LOW_SAL,2,455,1,0,0,0,0,0,173,101,173,101,72,101,1,180,359.916405235645,190.083594764355,179.916405235645,10.0835947643549,169.83281047129,169.83281047129,NaN,NaN,NaN,1785262387.0906,14714.1836654,1.93270826339722,0.0126404762268066,0.0154428482055664,0.62161111831665,0.954343557357788,1.19676518440247,1.24674344062805,1.24674344062805,-1,-1,1.53182291984558,2.80237197875977,242.421627044678,49.9782562255859,292.399883270264,Congruent,Left,Right,Right,Left,Left,0,1,1,0,1,1,0,0,0,0,1,1,1,0,0,0,1,1,1,89,69,20260728_t1405_srsSmooth_training_B001,89,69,5.67724291086197,1.59262371063232,1,1,176,1,1,0,0,1,1
20260728_t1405_srsSmooth_training,srs_smooth_training,trial0094.mat,94,94,89,1,94,89,96,76,20,8,1,2,8,2,78,14606,2,0,2,1,1,2,2,1,2,1,CHOSE_HIGH_SAL,1,455,1,0,0,0,0,0,175,99,175,99,76,99,1,0,18.8308571307613,171.169142869239,18.8308571307613,171.169142869239,-152.338285738477,152.338285738477,NaN,NaN,NaN,1785262390.60009,14717.69308064,2.24016356468201,0.0116214752197266,0.270535230636597,0.94553804397583,1.2783374786377,1.50377464294434,1.54546308517456,1.54546308517456,-1,-1,1.83898901939392,258.91375541687,225.437164306641,41.6884422302246,267.125606536865,Conflict,Left,Right,Right,Left,Right,0,1,0,1,1,1,0,0,1,0,1,1,0,0,0,1,1,0,1,90,70,20260728_t1405_srsSmooth_training_B001,90,70,5.73573441108068,1.57678174972534,2,1,101,1,0,0,1,1,1
20260728_t1405_srsSmooth_training,srs_smooth_training,trial0095.mat,95,95,90,1,95,90,96,76,20,8,1,2,7,2,72,15825,2,0,1,2,1,1,2,2,1,1,CHOSE_LOW_SAL,2,455,1,0,0,0,0,0,188,94,188,94,94,188,1,0,18.1276008551602,171.87239914484,18.1276008551602,171.87239914484,-153.74479828968,153.74479828968,NaN,NaN,NaN,1785262394.42944,14721.52230984,2.21073842048645,0.0157530307769775,0.241318225860596,0.833128929138184,1.16579794883728,1.38330507278442,1.42480301856995,1.42480301856995,-1,-1,1.71868252754211,225.565195083618,217.507123947144,41.4979457855225,259.005069732666,Conflict,Right,Left,Right,Right,Left,0,1,0,1,1,1,1,1,0,0,0,0,1,1,1,0,1,0,1,91,71,20260728_t1405_srsSmooth_training_B001,91,71,5.79955693483353,1.58918786048889,2,1,99,1,1,0,0,1,1
20260728_t1405_srsSmooth_training,srs_smooth_training,trial0096.mat,96,96,91,1,96,91,96,76,20,8,1,2,8,2,88,27322,2,0,2,1,1,2,2,1,2,1,CHOSE_HIGH_SAL,1,455,1,0,0,0,0,0,175,84,175,84,91,84,1,0,36.9480735160337,153.051926483966,36.9480735160337,153.051926483966,-116.103852967933,116.103852967933,NaN,NaN,NaN,1785262398.21901,14725.31194256,2.13808989524841,0.0180003643035889,0.151779651641846,0.893550395965576,1.22638130187988,1.45192384719849,1.49351739883423,1.49351739883423,-1,-1,1.75416779518127,133.779287338257,225.542545318604,41.5935516357422,267.136096954346,Conflict,Left,Right,Right,Left,Right,0,1,0,1,1,1,0,0,1,0,1,1,0,0,0,1,1,0,1,92,72,20260728_t1405_srsSmooth_training_B001,92,72,5.86271638075511,1.57882833480835,1,1,188,1,1,0,0,1,1
20260728_t1405_srsSmooth_training,srs_smooth_training,trial0097.mat,97,97,92,1,97,92,96,76,20,8,1,2,8,2,96,31592,2,0,2,1,1,2,2,1,2,1,CHOSE_HIGH_SAL,1,455,1,0,0,0,0,0,164,101,164,101,63,101,1,180,234.89584313154,315.10415686846,54.8958431315399,135.10415686846,-80.2083137369202,80.2083137369202,NaN,NaN,NaN,1785262401.9545,14729.04721324,2.25281310081482,0.0159850120544434,0.19146466255188,0.974902153015137,1.30770182609558,1.53319263458252,1.57589387893677,1.57589387893677,-1,-1,1.8520781993866,175.479650497437,225.490808486938,42.701244354248,268.192052841187,Conflict,Left,Right,Right,Left,Right,0,1,0,1,1,1,0,0,1,0,1,1,0,0,0,1,1,0,1,93,73,20260728_t1405_srsSmooth_training_B001,93,73,5.92497462034225,1.59740447998047,2,1,84,1,0,0,1,1,1
20260728_t1405_srsSmooth_training,srs_smooth_training,trial0098.mat,98,98,93,1,98,93,96,76,20,8,1,2,7,2,73,20638,2,0,1,2,1,1,2,2,0,0,,0,11,0,1,1,0,0,0,167,103,167,103,64,NaN,1,180,271.712096400866,278.287903599134,91.7120964008659,98.2879035991341,-6.57580719826819,6.57580719826819,NaN,NaN,NaN,1785262405.80999,14732.90252456,1.33022093772888,0.0189797878265381,0.0203604698181152,0.719788312911987,1.05235290527344,1.2450168132782,-1,-1,-1,-1,-1,1.38068199157715,192.663908004761,NaN,NaN,Conflict,Right,Left,None,Right,Left,0,1,0,1,0,NaN,NaN,NaN,NaN,NaN,NaN,NaN,NaN,1,1,0,1,0,0,93,NaN,20260728_t1405_srsSmooth_training_B001,NaN,NaN,5.98923275470734,1.60267496109009,NaN,NaN,NaN,0,NaN,NaN,NaN,NaN,0
20260728_t1405_srsSmooth_training,srs_smooth_training,trial0099.mat,99,99,93,1,99,93,96,76,20,8,1,2,7,2,73,20638,2,0,1,2,1,1,2,2,0,0,,0,454,0,1,0,0,0,0,165,104,165,104,61,NaN,1,0,12.3922814395971,177.607718560403,12.3922814395971,177.607718560403,-165.215437120806,165.215437120806,NaN,NaN,NaN,1785262408.62525,14735.7177942,1.52313542366028,0.0121650695800781,0.179637670516968,0.862569570541382,1.19554400444031,1.44603228569031,-1,-1,-1,-1,-1,167.47260093689,250.48828125,NaN,NaN,Conflict,Right,Left,None,Right,Left,0,1,0,1,0,NaN,NaN,NaN,NaN,NaN,NaN,NaN,NaN,1,1,0,1,0,0,93,NaN,20260728_t1405_srsSmooth_training_B001,NaN,NaN,6.03615370194117,1.48503589630127,NaN,NaN,NaN,0,NaN,NaN,NaN,NaN,0
20260728_t1405_srsSmooth_training,srs_smooth_training,trial0100.mat,100,100,93,1,100,93,96,76,20,8,1,2,7,2,73,20638,2,0,1,2,1,1,2,2,0,0,,0,454,0,1,0,0,0,0,171,91,171,91,80,NaN,1,180,245.629943317073,304.370056682927,65.6299433170731,124.370056682927,-58.7401133658539,58.7401133658539,NaN,NaN,NaN,1785262411.59513,14738.6877788,1.4532949924469,0.0174016952514648,0.301222562789917,0.809691190719604,1.1424446105957,1.35974287986755,-1,-1,-1,-1,-1,283.820867538452,217.298269271851,NaN,NaN,Conflict,Right,Left,None,Right,Left,0,1,0,1,0,NaN,NaN,NaN,NaN,NaN,NaN,NaN,NaN,1,1,0,1,0,0,93,NaN,20260728_t1405_srsSmooth_training_B001,NaN,NaN,6.08565169175466,1.44674396514893,NaN,NaN,NaN,0,NaN,NaN,NaN,NaN,0
20260728_t1405_srsSmooth_training,srs_smooth_training,trial0101.mat,101,101,93,1,101,93,96,76,20,8,1,2,7,2,73,20638,2,0,1,2,1,1,2,2,0,0,,0,11,0,1,0,0,0,0,170,113,170,113,57,NaN,1,180,241.672768729325,308.327231270675,61.6727687293252,128.327231270675,-66.6544625413497,66.6544625413497,NaN,NaN,NaN,1785262414.48136,14741.5738612,1.35931277275085,0.0146129131317139,0.232117652893066,0.739949226379395,1.06465291976929,1.28229641914368,-1,-1,-1,-1,-1,217.504739761353,217.64349937439,NaN,NaN,Conflict,Right,Left,None,Right,Left,0,1,0,1,0,NaN,NaN,NaN,NaN,NaN,NaN,NaN,NaN,1,1,0,1,0,0,93,NaN,20260728_t1405_srsSmooth_training_B001,NaN,NaN,6.13375558853149,1.43293881416321,NaN,NaN,NaN,0,NaN,NaN,NaN,NaN,0
20260728_t1405_srsSmooth_training,srs_smooth_training,trial0102.mat,102,102,93,1,102,93,96,76,20,8,1,2,7,2,73,20638,2,0,1,2,1,1,2,2,1,1,CHOSE_LOW_SAL,2,455,1,0,0,0,0,0,166,78,166,78,88,166,1,0,34.7910514018029,155.208948598197,34.7910514018029,155.208948598197,-120.417897196394,120.417897196394,NaN,NaN,NaN,1785262417.3298,14744.422121,2.16175746917725,0.0162787437438965,0.200448274612427,0.800470113754272,1.13298869132996,1.33373761177063,1.38385605812073,1.38385605812073,-1,-1,1.69427800178528,184.16953086853,200.748920440674,50.1184463500977,250.867366790771,Conflict,Right,Left,Right,Right,Left,0,1,0,1,1,1,1,1,0,0,0,0,1,1,1,0,1,0,1,94,74,20260728_t1405_srsSmooth_training_B001,94,74,6.18122965494792,1.4891312122345,2,1,101,1,1,0,0,1,1
20260728_t1405_srsSmooth_training,srs_smooth_training,trial0103.mat,103,103,94,1,103,94,96,76,20,8,1,1,5,2,33,18746,2,0,1,2,1,1,1,1,1,1,CHOSE_HIGH_SAL,1,455,1,0,0,0,0,0,185,90,185,90,95,185,1,0,103.224714483169,86.7752855168308,103.224714483169,86.7752855168309,16.4494289663382,16.4494289663382,NaN,NaN,NaN,1785262421.07573,14748.16803252,2.18218684196472,0.0121641159057617,0.187860250473022,0.871624946594238,1.20387721061707,1.42128586769104,1.46270155906677,1.46270155906677,-1,-1,1.69781160354614,175.696134567261,217.408657073975,41.4156913757324,258.824348449707,Congruent,Right,Left,Right,Right,Right,0,1,1,0,1,1,1,1,1,0,0,0,0,1,1,1,1,1,1,95,75,20260728_t1405_srsSmooth_training_B001,95,75,6.24366174936295,1.58416819572449,1,1,166,1,0,0,1,1,1
20260728_t1405_srsSmooth_training,srs_smooth_training,trial0104.mat,104,104,95,1,104,95,96,76,20,8,1,2,8,2,89,19853,2,0,2,1,1,2,2,1,2,1,CHOSE_HIGH_SAL,1,455,1,0,6,0,0,0,180,111,180,111,69,111,1,0,48.986091418794,141.013908581206,48.986091418794,141.013908581206,-92.027817162412,92.027817162412,NaN,NaN,NaN,1785262424.86861,14751.96100112,2.25606870651245,0.0111005306243896,0.228260040283203,1.02032732963562,1.35281944274902,1.58664298057556,1.62830638885498,1.62830638885498,-1,-1,1.84669208526611,217.159509658813,233.823537826538,41.6634082794189,275.486946105957,Conflict,Left,Right,Right,Left,Right,0,1,0,1,1,1,0,0,1,0,1,1,0,0,0,1,1,0,1,96,76,20260728_t1405_srsSmooth_training_B001,96,76,6.30687636137009,1.61068987846375,1,1,185,1,1,0,0,1,1
20260728_t1405_srsSmooth_training,srs_smooth_training,trial0105.mat,105,105,96,2,1,0,96,76,20,8,2,0,1,1,5,28005,1,1,1,2,2,2,1,1,1,1,SINGLE_T1_CORRECT,10,455,1,0,0,0,0,0,99,191,191,99,-92,99,1,0,180,10,180,10,170,170,NaN,NaN,NaN,1785262428.71402,14755.80626296,2.06891584396362,0.0158371925354004,0.174636125564575,0.791680574417114,1.12421321868896,1.34129786491394,1.39136266708374,1.39136266708374,-1,-1,1.66889500617981,158.798933029175,217.084646224976,50.0648021697998,267.149448394775,Instruction,Right,Left,Right,Left,Right,1,0,0,0,0,NaN,NaN,NaN,NaN,NaN,NaN,NaN,NaN,1,0,1,0,1,0,97,NaN,20260728_t1405_srsSmooth_training_B002,1,NaN,6.37096656560898,1.58934354782104,NaN,NaN,NaN,0,NaN,NaN,NaN,NaN,0
20260728_t1405_srsSmooth_training,srs_smooth_training,trial0106.mat,106,106,97,2,2,1,96,76,20,8,2,0,2,1,6,31931,1,1,2,1,2,1,1,2,0,0,,0,11,0,1,0,0,0,0,95,190,190,95,-95,NaN,1,180,0,190,180,10,170,170,NaN,NaN,NaN,1785262432.5913,14759.68336408,1.16661071777344,0.0137073993682861,0.0145173072814941,0.547881126403809,0.880407333374023,1.08964252471924,-1,-1,-1,-1,-1,0.809907913208008,209.235191345215,NaN,NaN,Instruction,Left,Right,None,Right,Left,1,0,0,0,0,NaN,NaN,NaN,NaN,NaN,NaN,NaN,NaN,0,1,0,0,1,0,97,NaN,20260728_t1405_srsSmooth_training_B002,NaN,NaN,6.43558789491653,1.80836391448975,NaN,NaN,NaN,0,NaN,NaN,NaN,NaN,0
20260728_t1405_srsSmooth_training,srs_smooth_training,trial0107.mat,107,107,97,2,3,1,96,76,20,8,2,0,1,1,3,4706,1,1,1,2,2,2,1,1,1,1,SINGLE_T1_CORRECT,10,455,1,0,0,0,0,0,61,199,199,61,-138,61,1,180,0,190,180,10,170,170,NaN,NaN,NaN,1785262435.25157,14762.34368196,2.10682463645935,0.0118684768676758,0.195796489715576,0.887366533279419,1.22024822235107,1.44569325447083,1.4875500202179,1.4875500202179,-1,-1,1.74795699119568,183.9280128479,225.445032119751,41.8567657470703,267.301797866821,Instruction,Right,Left,Right,Left,Right,1,0,0,0,0,NaN,NaN,NaN,NaN,NaN,NaN,NaN,NaN,1,0,1,0,1,0,98,NaN,20260728_t1405_srsSmooth_training_B002,2,NaN,6.47992581526438,1.49366450309753,NaN,NaN,NaN,0,NaN,NaN,NaN,NaN,0
20260728_t1405_srsSmooth_training,srs_smooth_training,trial0108.mat,108,108,98,2,4,2,96,76,20,8,2,0,4,1,18,48,1,2,1,2,2,2,2,2,0,0,,0,454,0,1,0,0,0,0,86,177,177,86,-91,NaN,1,0,10,180,10,180,-170,170,NaN,NaN,NaN,1785262438.9415,14766.03350376,1.44187235832214,0.0137457847595215,0.272675752639771,0.789219856262207,1.12212181091309,1.35631465911865,-1,-1,-1,-1,-1,258.929967880249,234.192848205566,NaN,NaN,Instruction,Right,Left,None,Left,Left,1,0,0,0,0,NaN,NaN,NaN,NaN,NaN,NaN,NaN,NaN,1,0,0,0,0,0,98,NaN,20260728_t1405_srsSmooth_training_B002,NaN,NaN,6.54142467180888,1.58310675621033,NaN,NaN,NaN,0,NaN,NaN,NaN,NaN,0
20260728_t1405_srsSmooth_training,srs_smooth_training,trial0109.mat,109,109,98,2,5,2,96,76,20,8,2,0,3,1,13,2716,1,2,2,1,2,1,2,1,2,1,SINGLE_T2_CORRECT,11,455,1,0,0,0,0,0,95,143,143,95,-48,143,1,0,10,180,10,180,-170,170,NaN,NaN,NaN,1785262441.81845,14768.91032132,2.29953598976135,0.0119137763977051,0.246054172515869,0.979038000106812,1.3119637966156,1.53731513023376,1.5791003704071,1.5791003704071,-1,-1,1.85584020614624,234.140396118164,225.351333618164,41.7852401733398,267.136573791504,Instruction,Left,Right,Right,Right,Right,1,0,0,0,0,NaN,NaN,NaN,NaN,NaN,NaN,NaN,NaN,0,1,1,0,0,0,99,NaN,20260728_t1405_srsSmooth_training_B002,3,NaN,6.58937372366587,1.43507075309753,NaN,NaN,NaN,0,NaN,NaN,NaN,NaN,0
20260728_t1405_srsSmooth_training,srs_smooth_training,trial0110.mat,110,110,99,2,6,3,96,76,20,8,2,0,1,1,1,17062,1,1,1,2,2,2,1,1,1,1,SINGLE_T1_CORRECT,10,455,1,0,0,0,0,0,86,147,147,86,-61,86,1,0,180,10,180,10,170,170,NaN,NaN,NaN,1785262445.70703,14772.79876632,2.11854290962219,0.0151505470275879,0.182627201080322,0.924294948577881,1.25686550140381,1.47401404380798,1.51563143730164,1.51563143730164,-1,-1,1.73426461219788,167.476654052734,217.148542404175,41.6173934936523,258.765935897827,Instruction,Right,Left,Right,Left,Right,1,0,0,0,0,NaN,NaN,NaN,NaN,NaN,NaN,NaN,NaN,1,0,1,0,1,0,100,NaN,20260728_t1405_srsSmooth_training_B002,4,NaN,6.65418339570363,1.58904433250427,NaN,NaN,NaN,0,NaN,NaN,NaN,NaN,0
20260728_t1405_srsSmooth_training,srs_smooth_training,trial0111.mat,111,111,100,2,7,4,96,76,20,8,2,0,4,1,18,48,1,2,1,2,2,2,2,2,2,2,SINGLE_T2_CORRECT,11,455,1,0,0,0,0,0,107,169,169,107,-62,169,1,180,190,0,10,180,-170,170,NaN,NaN,NaN,1785262449.43658,14776.52836932,2.21423578262329,0.019073486328125,0.262526273727417,0.93619704246521,1.26912140846252,1.4781756401062,1.51989054679871,1.51989054679871,-1,-1,1.74645829200745,243.452787399292,209.054231643677,41.7149066925049,250.769138336182,Instruction,Right,Left,Left,Left,Left,1,0,0,0,0,NaN,NaN,NaN,NaN,NaN,NaN,NaN,NaN,1,0,0,0,0,0,101,NaN,20260728_t1405_srsSmooth_training_B002,5,NaN,6.71634264389674,1.61101198196411,NaN,NaN,NaN,0,NaN,NaN,NaN,NaN,0
20260728_t1405_srsSmooth_training,srs_smooth_training,trial0112.mat,112,112,101,2,8,5,96,76,20,8,2,0,3,1,12,5500,1,2,2,1,2,1,2,1,2,1,SINGLE_T2_CORRECT,11,455,1,0,0,0,0,0,103,168,168,103,-65,168,1,0,10,180,10,180,-170,170,NaN,NaN,NaN,1785262453.24949,14780.34115596,2.07683157920837,0.0146489143371582,0.0156307220458984,0.756890296936035,1.0896909236908,1.31510090827942,1.35686612129211,1.35686612129211,-1,-1,1.60921859741211,0.981807708740234,225.409984588623,41.7652130126953,267.175197601318,Instruction,Left,Right,Right,Right,Right,1,0,0,0,0,NaN,NaN,NaN,NaN,NaN,NaN,NaN,NaN,0,1,1,0,0,0,102,NaN,20260728_t1405_srsSmooth_training_B002,6,NaN,6.77989105383555,1.59866881370544,NaN,NaN,NaN,0,NaN,NaN,NaN,NaN,0
20260728_t1405_srsSmooth_training,srs_smooth_training,trial0113.mat,113,113,102,2,9,6,96,76,20,8,2,0,4,1,16,15282,1,2,1,2,2,2,2,2,0,0,,0,11,0,1,0,0,0,0,103,209,209,103,-106,NaN,1,0,10,180,10,180,-170,170,NaN,NaN,NaN,1785262456.94847,14784.04016012,0.977070569992065,0.0158050060272217,0.0165295600891113,0.775016069412231,-1,-1,-1,-1,-1,-1,-1,0.724554061889648,NaN,NaN,NaN,Instruction,Right,Left,None,Left,Left,1,0,0,0,0,NaN,NaN,NaN,NaN,NaN,NaN,NaN,NaN,1,0,0,0,0,0,102,NaN,20260728_t1405_srsSmooth_training_B002,NaN,NaN,6.8415408372879,1.62215542793274,NaN,NaN,NaN,0,NaN,NaN,NaN,NaN,0
20260728_t1405_srsSmooth_training,srs_smooth_training,trial0114.mat,114,114,102,2,10,6,96,76,20,8,2,0,2,1,9,29544,1,1,2,1,2,1,1,2,1,2,SINGLE_T1_CORRECT,10,455,1,0,0,0,0,0,98,197,197,98,-99,98,1,180,0,190,180,10,170,170,NaN,NaN,NaN,1785262459.45394,14786.5455984,2.03056979179382,0.0187723636627197,0.219265460968018,0.80258584022522,1.13548231124878,1.3693745136261,1.41107130050659,1.41107130050659,-1,-1,1.62971901893616,200.493097305298,233.892202377319,41.6967868804932,275.588989257812,Instruction,Left,Right,Left,Right,Left,1,0,0,0,0,NaN,NaN,NaN,NaN,NaN,NaN,NaN,NaN,0,1,0,0,1,0,103,NaN,20260728_t1405_srsSmooth_training_B002,7,NaN,6.88329856395721,1.52839303016663,NaN,NaN,NaN,0,NaN,NaN,NaN,NaN,0
20260728_t1405_srsSmooth_training,srs_smooth_training,trial0115.mat,115,115,103,2,11,7,96,76,20,8,2,0,1,1,4,2099,1,1,1,2,2,2,1,1,1,1,SINGLE_T1_CORRECT,10,455,1,0,0,0,0,0,47,170,170,47,-123,47,1,180,0,190,180,10,170,170,NaN,NaN,NaN,1785262463.08463,14790.17626228,1.91600441932678,0.0132236480712891,0.180422067642212,0.705379247665405,1.03826355934143,1.26365780830383,1.31382441520691,1.31382441520691,-1,-1,1.56564497947693,167.198419570923,225.394248962402,50.1666069030762,275.560855865479,Instruction,Right,Left,Right,Left,Right,1,0,0,0,0,NaN,NaN,NaN,NaN,NaN,NaN,NaN,NaN,1,0,1,0,1,0,104,NaN,20260728_t1405_srsSmooth_training_B002,8,NaN,6.9438100417455,1.60011887550354,NaN,NaN,NaN,0,NaN,NaN,NaN,NaN,0
20260728_t1405_srsSmooth_training,srs_smooth_training,trial0116.mat,116,116,104,2,12,8,96,76,20,8,2,0,2,1,6,31931,1,1,2,1,2,1,1,2,1,2,SINGLE_T1_CORRECT,10,455,1,0,0,0,0,0,96,170,170,96,-74,96,1,180,0,190,180,10,170,170,NaN,NaN,NaN,1785262466.5833,14793.67472436,2.16801452636719,0.0146818161010742,0.215227365493774,0.873452663421631,1.20639491081238,1.4319806098938,1.48177099227905,1.48177099227905,-1,-1,1.77536082267761,200.5455493927,225.585699081421,49.7903823852539,275.376081466675,Instruction,Left,Right,Left,Right,Left,1,0,0,0,0,NaN,NaN,NaN,NaN,NaN,NaN,NaN,NaN,0,1,0,0,1,0,105,NaN,20260728_t1405_srsSmooth_training_B002,9,NaN,7.00212133725484,1.58267331123352,NaN,NaN,NaN,0,NaN,NaN,NaN,NaN,0
20260728_t1405_srsSmooth_training,srs_smooth_training,trial0117.mat,117,117,105,2,13,9,96,76,20,8,2,0,1,1,2,5316,1,1,1,2,2,2,1,1,1,1,SINGLE_T1_CORRECT,10,455,1,0,0,0,0,0,98,155,155,98,-57,98,1,180,0,190,180,10,170,170,NaN,NaN,NaN,1785262470.35759,14797.44883276,2.01924991607666,0.01554274559021,0.0164036750793457,0.724420070648193,1.0572497844696,1.29976677894592,1.34117150306702,1.34117150306702,-1,-1,1.61811399459839,0.860929489135742,242.516994476318,41.4047241210938,283.921718597412,Instruction,Right,Left,Right,Left,Right,1,0,0,0,0,NaN,NaN,NaN,NaN,NaN,NaN,NaN,NaN,1,0,1,0,1,0,106,NaN,20260728_t1405_srsSmooth_training_B002,10,NaN,7.06502608855565,1.60627055168152,NaN,NaN,NaN,0,NaN,NaN,NaN,NaN,0
20260728_t1405_srsSmooth_training,srs_smooth_training,trial0118.mat,118,118,106,2,14,10,96,76,20,8,2,0,2,1,7,30442,1,1,2,1,2,1,1,2,1,2,SINGLE_T1_CORRECT,10,455,1,0,0,0,0,0,105,202,202,105,-97,105,1,0,180,10,180,10,170,170,NaN,NaN,NaN,1785262473.99169,14801.082854,2.01868200302124,0.01491379737854,0.223827123641968,0.765557765960693,1.09828853607178,1.32395315170288,1.37424421310425,1.37424421310425,-1,-1,1.60981202125549,208.913326263428,225.664615631104,50.2910614013672,275.955677032471,Instruction,Left,Right,Left,Right,Left,1,0,0,0,0,NaN,NaN,NaN,NaN,NaN,NaN,NaN,NaN,0,1,0,0,1,0,107,NaN,20260728_t1405_srsSmooth_training_B002,11,NaN,7.12559447288513,1.61485314369202,NaN,NaN,NaN,0,NaN,NaN,NaN,NaN,0
20260728_t1405_srsSmooth_training,srs_smooth_training,trial0119.mat,119,119,107,2,15,11,96,76,20,8,2,0,2,1,10,15876,1,1,2,1,2,1,1,2,1,2,SINGLE_T1_CORRECT,10,455,1,0,0,0,0,0,94,172,172,94,-78,94,1,0,180,10,180,10,170,170,NaN,NaN,NaN,1785262477.59026,14804.68141228,2.36182403564453,0.016484260559082,0.234184503555298,1.03353023529053,1.36653637886047,1.61704683303833,1.66719937324524,1.66719937324524,-1,-1,1.96923971176147,217.700242996216,250.510454177856,50.1525402069092,300.662994384766,Instruction,Left,Right,Left,Right,Left,1,0,0,0,0,NaN,NaN,NaN,NaN,NaN,NaN,NaN,NaN,0,1,0,0,1,0,108,NaN,20260728_t1405_srsSmooth_training_B002,12,NaN,7.18557062943776,1.57988739013672,NaN,NaN,NaN,0,NaN,NaN,NaN,NaN,0
20260728_t1405_srsSmooth_training,srs_smooth_training,trial0120.mat,120,120,108,2,16,12,96,76,20,8,2,0,4,1,17,6917,1,2,1,2,2,2,2,2,2,2,SINGLE_T2_CORRECT,11,455,1,0,0,0,0,0,110,158,158,110,-48,158,1,180,190,0,10,180,-170,170,NaN,NaN,NaN,1785262481.54628,14808.63742664,2.32327675819397,0.0189499855041504,0.286280870437622,1.03633594512939,1.36900210380554,1.58641648292542,1.63646340370178,1.63646340370178,-1,-1,1.86341118812561,267.330884933472,217.414379119873,50.0469207763672,267.46129989624,Instruction,Right,Left,Left,Left,Left,1,0,0,0,0,NaN,NaN,NaN,NaN,NaN,NaN,NaN,NaN,1,0,0,0,0,0,109,NaN,20260728_t1405_srsSmooth_training_B002,13,NaN,7.25150431791941,1.59419727325439,NaN,NaN,NaN,0,NaN,NaN,NaN,NaN,0
20260728_t1405_srsSmooth_training,srs_smooth_training,trial0121.mat,121,121,109,2,17,13,96,76,20,8,2,0,2,1,8,13419,1,1,2,1,2,1,1,2,1,2,SINGLE_T1_CORRECT,10,455,1,0,0,0,0,0,83,195,195,83,-112,83,1,0,180,10,180,10,170,170,NaN,NaN,NaN,1785262485.45749,14812.548604,2.3531186580658,0.0162229537963867,0.233827114105225,1.02560710906982,1.35794186592102,1.65860486030579,1.70867085456848,1.70867085456848,-1,-1,1.96892976760864,217.604160308838,300.662994384766,50.0659942626953,350.728988647461,Instruction,Left,Right,Left,Right,Left,1,0,0,0,0,NaN,NaN,NaN,NaN,NaN,NaN,NaN,NaN,0,1,0,0,1,0,110,NaN,20260728_t1405_srsSmooth_training_B002,14,NaN,7.31669118801753,1.58793544769287,NaN,NaN,NaN,0,NaN,NaN,NaN,NaN,0
20260728_t1405_srsSmooth_training,srs_smooth_training,trial0122.mat,122,122,110,2,18,14,96,76,20,8,2,0,3,1,14,20747,1,2,2,1,2,1,2,1,2,1,SINGLE_T2_CORRECT,11,455,1,0,0,0,0,0,68,173,173,68,-105,173,1,0,10,180,10,180,-170,170,NaN,NaN,NaN,1785262489.39431,14816.48527032,2.06702971458435,0.0128943920135498,0.163604974746704,0.680121898651123,1.01293325424194,1.23845601081848,1.28842687606812,1.28842687606812,-1,-1,1.59077072143555,150.710582733154,225.522756576538,49.9708652496338,275.493621826172,Instruction,Left,Right,Right,Right,Right,1,0,0,0,0,NaN,NaN,NaN,NaN,NaN,NaN,NaN,NaN,0,1,1,0,0,0,111,NaN,20260728_t1405_srsSmooth_training_B002,15,NaN,7.38230476379394,1.58369588851929,NaN,NaN,NaN,0,NaN,NaN,NaN,NaN,0
20260728_t1405_srsSmooth_training,srs_smooth_training,trial0123.mat,123,123,111,2,19,15,96,76,20,8,2,0,3,1,11,15390,1,2,2,1,2,1,2,1,2,1,SINGLE_T2_CORRECT,11,455,1,0,0,0,0,0,112,185,185,112,-73,185,1,180,190,0,10,180,-170,170,NaN,NaN,NaN,1785262493.02101,14820.11190404,2.20682883262634,0.0113348960876465,0.29542088508606,0.836829900741577,1.16971278190613,1.37860822677612,1.42864990234375,1.42864990234375,-1,-1,1.72205829620361,284.085988998413,208.895444869995,50.041675567627,258.937120437622,Instruction,Left,Right,Right,Right,Right,1,0,0,0,0,NaN,NaN,NaN,NaN,NaN,NaN,NaN,NaN,0,1,1,0,0,0,112,NaN,20260728_t1405_srsSmooth_training_B002,16,NaN,7.44274977048238,1.5596706867218,NaN,NaN,NaN,0,NaN,NaN,NaN,NaN,0
20260728_t1405_srsSmooth_training,srs_smooth_training,trial0124.mat,124,124,112,2,20,16,96,76,20,8,2,0,4,1,16,15282,1,2,1,2,2,2,2,2,2,2,SINGLE_T2_CORRECT,11,455,1,0,0,0,0,0,81,162,162,81,-81,162,1,0,10,180,10,180,-170,170,NaN,NaN,NaN,1785262496.83833,14823.9291522,2.20560908317566,0.0108330249786377,0.202972412109375,0.811249256134033,1.14421010017395,1.38664174079895,1.43635702133179,1.43635702133179,-1,-1,1.7469322681427,192.139387130737,242.431640625,49.7152805328369,292.146921157837,Instruction,Right,Left,Left,Left,Left,1,0,0,0,0,NaN,NaN,NaN,NaN,NaN,NaN,NaN,NaN,1,0,0,0,0,0,113,NaN,20260728_t1405_srsSmooth_training_B002,17,NaN,7.50637171665827,1.61048793792725,NaN,NaN,NaN,0,NaN,NaN,NaN,NaN,0
20260728_t1405_srsSmooth_training,srs_smooth_training,trial0125.mat,125,125,113,2,21,17,96,76,20,8,2,0,3,1,15,10190,1,2,2,1,2,1,2,1,2,1,SINGLE_T2_CORRECT,11,455,1,0,1,0,0,0,54,174,174,54,-120,174,1,180,190,0,10,180,-170,170,NaN,NaN,NaN,1785262500.67627,14827.76704736,2.35166883468628,0.0147099494934082,0.273900508880615,0.990508556365967,1.3230938911438,1.53226065635681,1.57363724708557,1.57363724708557,-1,-1,1.87550163269043,259.190559387207,209.166765213013,41.3765907287598,250.543355941772,Instruction,Left,Right,Right,Right,Right,1,0,0,0,0,NaN,NaN,NaN,NaN,NaN,NaN,NaN,NaN,0,1,1,0,0,0,114,NaN,20260728_t1405_srsSmooth_training_B002,18,NaN,7.57033737103144,1.63233017921448,NaN,NaN,NaN,0,NaN,NaN,NaN,NaN,0
20260728_t1405_srsSmooth_training,srs_smooth_training,trial0126.mat,126,126,114,2,22,18,96,76,20,8,2,0,4,1,20,12060,1,2,1,2,2,2,2,2,2,2,SINGLE_T2_CORRECT,11,455,1,0,0,0,0,0,79,194,194,79,-115,194,1,0,10,180,10,180,-170,170,NaN,NaN,NaN,1785262504.61969,14831.71047904,2.35815572738647,0.0131039619445801,0.230358839035034,0.963586330413818,1.29648804664612,1.53860831260681,1.58866786956787,1.58866786956787,-1,-1,1.86540818214417,217.254877090454,242.120265960693,50.0595569610596,292.179822921753,Instruction,Right,Left,Left,Left,Left,1,0,0,0,0,NaN,NaN,NaN,NaN,NaN,NaN,NaN,NaN,1,0,0,0,0,0,115,NaN,20260728_t1405_srsSmooth_training_B002,19,NaN,7.63606113592784,1.59175705909729,NaN,NaN,NaN,0,NaN,NaN,NaN,NaN,0
20260728_t1405_srsSmooth_training,srs_smooth_training,trial0127.mat,127,127,115,2,23,19,96,76,20,8,2,0,4,1,19,26136,1,2,1,2,2,2,2,2,2,2,SINGLE_T2_CORRECT,11,455,1,0,0,0,0,0,85,176,176,85,-91,176,1,180,190,0,10,180,-170,170,NaN,NaN,NaN,1785262508.56097,14835.65153368,2.31694746017456,0.0136494636535645,0.272568464279175,0.955859899520874,1.28869962692261,1.51438927650452,1.55595326423645,1.55595326423645,-1,-1,1.84143400192261,258.91900062561,225.689649581909,41.5639877319336,267.253637313843,Instruction,Right,Left,Left,Left,Left,1,0,0,0,0,NaN,NaN,NaN,NaN,NaN,NaN,NaN,NaN,1,0,0,0,0,0,116,NaN,20260728_t1405_srsSmooth_training_B002,20,NaN,7.70174904266993,1.58311867713928,NaN,NaN,NaN,0,NaN,NaN,NaN,NaN,0
20260728_t1405_srsSmooth_training,srs_smooth_training,trial0128.mat,128,128,116,2,24,20,96,76,20,8,2,2,7,2,68,333,2,0,1,2,2,2,1,1,1,1,CHOSE_HIGH_SAL,1,455,1,0,0,0,0,0,62,199,199,62,-137,62,1,0,179.685684930721,10.3143150692787,179.685684930721,10.3143150692787,169.371369861443,169.371369861443,NaN,NaN,NaN,1785262512.50944,14839.60001064,1.97707581520081,0.015331506729126,0.182625770568848,0.799182176589966,1.13204264640808,1.34919214248657,1.39912009239197,1.39912009239197,-1,-1,1.61808156967163,167.294263839722,217.149496078491,49.9279499053955,267.077445983887,Conflict,Right,Left,Right,Left,Right,0,1,0,1,1,1,1,0,1,0,0,1,0,1,0,1,0,1,1,117,77,20260728_t1405_srsSmooth_training_B002,21,1,7.7675569097201,1.63152456283569,2,1,111,0,1,0,0,1,1
20260728_t1405_srsSmooth_training,srs_smooth_training,trial0129.mat,129,129,117,2,25,21,96,76,20,8,2,2,8,2,95,22408,2,0,2,1,2,1,1,2,1,2,CHOSE_HIGH_SAL,1,455,1,0,0,0,0,0,64,197,197,64,-133,64,1,0,176.515838761883,13.4841612381172,176.515838761883,13.4841612381172,163.031677523766,163.031677523766,NaN,NaN,NaN,1785262516.09492,14843.18524964,1.99212169647217,0.0133254528045654,0.122037172317505,0.730377435684204,1.06336665153503,1.2886803150177,1.33891129493713,1.33891129493713,-1,-1,1.62405037879944,108.711719512939,225.313663482666,50.2309799194336,275.5446434021,Conflict,Left,Right,Left,Right,Left,0,1,0,1,1,0,1,0,1,1,0,1,0,0,1,0,0,1,1,118,78,20260728_t1405_srsSmooth_training_B002,22,2,7.82731490929921,1.6084041595459,1,1,62,1,0,1,1,0,1
20260728_t1405_srsSmooth_training,srs_smooth_training,trial0130.mat,130,130,118,2,26,22,96,76,20,8,2,1,6,2,50,20107,2,0,2,1,2,1,2,1,2,1,CHOSE_HIGH_SAL,1,455,1,0,0,0,0,0,95,163,163,95,-68,163,1,180,202.866072295316,347.133927704684,22.8660722953157,167.133927704684,-144.267855409369,144.267855409369,NaN,NaN,NaN,1785262519.71957,14846.80992668,2.22567391395569,0.0138185024261475,0.256010055541992,0.91444730758667,1.24719953536987,1.47290277481079,1.51444387435913,1.51444387435913,-1,-1,1.76626682281494,242.191553115845,225.703239440918,41.5410995483398,267.244338989258,Congruent,Left,Right,Right,Right,Right,0,1,1,0,1,1,0,1,1,0,1,0,0,0,1,1,0,0,1,119,79,20260728_t1405_srsSmooth_training_B002,23,3,7.88772571086884,1.63252639770508,1,2,64,1,1,1,0,0,1
20260728_t1405_srsSmooth_training,srs_smooth_training,trial0131.mat,131,131,119,2,27,23,96,76,20,8,2,1,5,2,33,14791,2,0,1,2,2,2,2,2,1,1,CHOSE_LOW_SAL,2,455,1,0,0,0,0,0,79,183,183,79,-104,79,1,180,203.797978873208,346.202021126792,23.7979788732079,166.202021126792,-142.404042253584,142.404042253584,NaN,NaN,NaN,1785262523.5583,14850.6486522,2.02039361000061,0.0168979167938232,0.134006500244141,0.734219551086426,1.06693887710571,1.34237790107727,1.39239239692688,1.39239239692688,-1,-1,1.6442186832428,117.108583450317,275.439023971558,50.0144958496094,325.453519821167,Congruent,Right,Left,Right,Left,Left,0,1,1,0,1,1,1,0,0,0,0,1,1,1,0,0,0,0,1,120,80,20260728_t1405_srsSmooth_training_B002,24,4,7.95170466899872,1.61306357383728,2,1,163,1,1,0,0,1,1
20260728_t1405_srsSmooth_training,srs_smooth_training,trial0132.mat,132,132,120,2,28,24,96,76,20,8,2,2,8,2,80,19749,2,0,2,1,2,1,1,2,2,1,CHOSE_LOW_SAL,2,455,1,0,0,0,0,0,67,155,155,67,-88,155,1,180,277.206085820842,272.793914179158,97.2060858208424,92.7939141791576,4.41217164168484,4.41217164168484,NaN,NaN,NaN,1785262527.1613,14854.25158096,2.14211630821228,0.0140442848205566,0.172848224639893,0.872916221618652,1.20575857162476,1.41443538665771,1.46448564529419,1.46448564529419,-1,-1,1.69128036499023,158.803939819336,208.676815032959,50.0502586364746,258.727073669434,Conflict,Left,Right,Right,Right,Left,0,1,0,1,1,1,0,1,0,0,1,0,1,0,1,0,0,1,1,121,81,20260728_t1405_srsSmooth_training_B002,25,5,8.01175456444422,1.58260011672974,1,1,79,1,1,0,0,1,1
20260728_t1405_srsSmooth_training,srs_smooth_training,trial0133.mat,133,133,121,2,29,25,96,76,20,8,2,2,8,2,79,8199,2,0,2,1,2,1,1,2,1,2,CHOSE_HIGH_SAL,1,455,1,0,0,0,0,0,68,182,182,68,-114,68,1,180,356.044712569425,193.955287430575,176.044712569425,13.9552874305749,162.08942513885,162.08942513885,NaN,NaN,NaN,1785262530.87402,14857.96421012,2.17163753509521,0.0181343555450439,0.210430383682251,0.943790435791016,1.27651739120483,1.51028966903687,1.56044125556946,1.56044125556946,-1,-1,1.80438160896301,192.296028137207,233.772277832031,50.1515865325928,283.923864364624,Conflict,Left,Right,Left,Right,Left,0,1,0,1,1,0,1,0,1,1,0,1,0,0,1,0,0,1,1,122,82,20260728_t1405_srsSmooth_training_B002,26,6,8.07363326152166,1.57060551643372,2,1,155,1,1,1,0,0,1
20260728_t1405_srsSmooth_training,srs_smooth_training,trial0134.mat,134,134,122,2,30,26,96,76,20,8,2,1,5,2,28,11279,2,0,1,2,2,2,2,2,1,1,CHOSE_LOW_SAL,2,455,1,0,0,0,0,0,73,182,182,73,-109,73,1,180,254.653308072715,295.346691927285,74.6533080727145,115.346691927285,-40.6933838545709,40.6933838545709,NaN,NaN,NaN,1785262534.68186,14861.77204728,2.21369481086731,0.0187761783599854,0.202914953231812,0.961094617843628,1.29382610321045,1.55289268493652,1.5945873260498,1.5945873260498,-1,-1,1.83772444725037,184.138774871826,259.066581726074,41.6946411132812,300.761222839355,Congruent,Right,Left,Right,Left,Left,0,1,1,0,1,1,1,0,0,0,0,1,1,1,0,0,0,0,1,123,83,20260728_t1405_srsSmooth_training_B002,27,7,8.13709726730982,1.63620281219482,1,2,68,1,0,1,1,0,1
20260728_t1405_srsSmooth_training,srs_smooth_training,trial0135.mat,135,135,123,2,31,27,96,76,20,8,2,2,7,2,76,29583,2,0,1,2,2,2,1,1,1,1,CHOSE_HIGH_SAL,1,455,1,0,0,0,0,0,99,199,199,99,-100,99,1,0,133.120442719201,56.8795572807987,133.120442719201,56.8795572807987,76.2408854384026,76.2408854384026,NaN,NaN,NaN,1785262538.82263,14865.91272056,1.97294950485229,0.0198392868041992,0.0208272933959961,0.737183570861816,1.06988024711609,1.29549789428711,1.34540748596191,1.34540748596191,-1,-1,1.57215070724487,0.988006591796875,225.617647171021,49.9095916748047,275.527238845825,Conflict,Right,Left,Right,Left,Right,0,1,0,1,1,1,1,0,1,0,0,1,0,1,0,1,0,1,1,124,84,20260728_t1405_srsSmooth_training_B002,28,8,8.2061100323995,1.92707109451294,1,1,73,1,0,0,1,1,1
20260728_t1405_srsSmooth_training,srs_smooth_training,trial0136.mat,136,136,124,2,32,28,96,76,20,8,2,1,6,2,51,8895,2,0,2,1,2,1,2,1,2,1,CHOSE_HIGH_SAL,1,455,1,0,0,0,0,0,74,184,184,74,-110,184,1,180,256.378288218096,293.621711781904,76.3782882180957,113.621711781904,-37.2434235638086,37.2434235638086,NaN,NaN,NaN,1785262542.43283,14869.52260544,2.29648566246033,0.0181114673614502,0.235299825668335,0.877151489257812,1.20982432365417,1.46029472351074,1.50210976600647,1.50210976600647,-1,-1,1.81298065185547,217.188358306885,250.470399856567,41.8150424957275,292.285442352295,Congruent,Left,Right,Right,Right,Right,0,1,1,0,1,1,0,1,1,0,1,0,0,0,1,1,0,0,1,125,85,20260728_t1405_srsSmooth_training_B002,29,9,8.26628007888794,1.63725328445435,1,1,99,1,1,0,0,1,1
20260728_t1405_srsSmooth_training,srs_smooth_training,trial0137.mat,137,137,125,2,33,29,96,76,20,8,2,1,5,2,37,20680,2,0,1,2,2,2,2,2,1,1,CHOSE_LOW_SAL,2,455,1,0,0,0,0,0,87,134,134,87,-47,87,1,0,50.2264877202577,139.773512279742,50.2264877202577,139.773512279742,-89.5470245594846,89.5470245594846,NaN,NaN,NaN,1785262546.33342,14873.42331516,2.01262974739075,0.0176677703857422,0.0186545848846436,0.718382835388184,1.05104184150696,1.28487038612366,1.32688117027283,1.32688117027283,-1,-1,1.62853813171387,0.986814498901367,233.828544616699,42.0107841491699,275.839328765869,Congruent,Right,Left,Right,Left,Left,0,1,1,0,1,1,1,0,0,0,0,1,1,1,0,0,0,0,1,126,86,20260728_t1405_srsSmooth_training_B002,30,10,8.33129000663757,1.6041100025177,2,1,184,1,1,0,0,1,1
20260728_t1405_srsSmooth_training,srs_smooth_training,trial0138.mat,138,138,126,2,34,30,96,76,20,8,2,1,6,2,43,20655,2,0,2,1,2,1,2,1,0,0,,0,11,0,1,0,0,0,0,97,171,171,97,-74,NaN,1,0,85.0961117626976,104.903888237302,85.0961117626976,104.903888237302,-19.8077764746048,19.8077764746048,NaN,NaN,NaN,1785262549.91754,14877.00728468,0.11890172958374,0.0170226097106934,0.0676617622375488,-1,-1,-1,-1,-1,-1,-1,-1,50.6391525268555,NaN,NaN,NaN,Congruent,Left,Right,None,Right,Right,0,1,1,0,0,NaN,NaN,NaN,NaN,NaN,NaN,NaN,NaN,0,1,1,0,0,0,126,NaN,20260728_t1405_srsSmooth_training_B002,NaN,NaN,8.39102532466253,1.57148933410645,NaN,NaN,NaN,0,NaN,NaN,NaN,NaN,0
20260728_t1405_srsSmooth_training,srs_smooth_training,trial0139.mat,139,139,126,2,35,30,96,76,20,8,2,2,7,2,65,11125,2,0,1,2,2,2,1,1,1,1,CHOSE_HIGH_SAL,1,455,1,0,0,0,0,0,91,165,165,91,-74,91,1,0,153.442131215958,36.5578687840424,153.442131215958,36.5578687840424,116.884262431915,116.884262431915,NaN,NaN,NaN,1785262551.52377,14878.61347108,2.19827365875244,0.0191924571990967,0.211626529693604,0.936643838882446,1.26924252510071,1.48658323287964,1.5283317565918,1.5283317565918,-1,-1,1.80553936958313,192.434072494507,217.340707778931,41.7485237121582,259.089231491089,Conflict,Right,Left,Right,Left,Right,0,1,0,1,1,1,1,0,1,0,0,1,0,1,0,1,0,1,1,127,87,20260728_t1405_srsSmooth_training_B002,31,11,8.41779576142629,1.48732447624207,1,1,87,1,0,0,1,1,1
20260728_t1405_srsSmooth_training,srs_smooth_training,trial0140.mat,140,140,127,2,36,31,96,76,20,8,2,2,7,2,61,24172,2,0,1,2,2,2,1,1,1,1,CHOSE_HIGH_SAL,1,455,1,0,0,0,0,0,79,184,184,79,-105,79,1,180,352.982953055249,197.017046944751,172.982953055249,17.0170469447511,155.965906110498,155.965906110498,NaN,NaN,NaN,1785262555.31085,14882.40050508,1.86919641494751,0.0155963897705078,0.0167169570922852,0.657642364501953,0.990634202957153,1.2246253490448,1.2661874294281,1.2661874294281,-1,-1,1.49293065071106,1.12056732177734,233.991146087646,41.5620803833008,275.553226470947,Conflict,Right,Left,Right,Left,Right,0,1,0,1,1,1,1,0,1,0,0,1,0,1,0,1,0,1,1,128,88,20260728_t1405_srsSmooth_training_B002,32,12,8.48091373046239,1.5888044834137,1,1,91,1,0,0,1,1,1
20260728_t1405_srsSmooth_training,srs_smooth_training,trial0141.mat,141,141,128,2,37,32,96,76,20,8,2,1,6,2,43,20655,2,0,2,1,2,1,2,1,2,1,CHOSE_HIGH_SAL,1,455,1,0,0,0,0,0,92,157,157,92,-65,157,1,0,52.7302108970282,137.269789102972,52.7302108970281,137.269789102972,-84.5395782059437,84.5395782059437,NaN,NaN,NaN,1785262558.73748,14885.82704408,2.11842346191406,0.0140962600708008,0.206253290176392,0.823038816452026,1.15580821037292,1.3897659778595,1.43128609657288,1.43128609657288,-1,-1,1.65833210945129,192.157030105591,233.957767486572,41.5201187133789,275.477886199951,Congruent,Left,Right,Right,Right,Right,0,1,1,0,1,1,0,1,1,0,1,0,0,0,1,1,0,0,1,129,89,20260728_t1405_srsSmooth_training_B002,33,13,8.53802429835002,1.55743765830994,1,1,79,1,1,0,0,1,1
20260728_t1405_srsSmooth_training,srs_smooth_training,trial0142.mat,142,142,129,2,38,33,96,76,20,8,2,2,8,2,81,20495,2,0,2,1,2,1,1,2,2,1,CHOSE_LOW_SAL,2,455,1,0,0,0,0,0,71,162,162,71,-91,162,1,0,176.663240178723,13.3367598212771,176.663240178723,13.3367598212771,163.326480357446,163.326480357446,NaN,NaN,NaN,1785262562.42596,14889.51537932,2.24578404426575,0.0174343585968018,0.193338394165039,0.868146657943726,1.20081400871277,1.47667241096497,1.52647614479065,1.52647614479065,-1,-1,1.78667736053467,175.904035568237,275.858402252197,49.8037338256836,325.662136077881,Conflict,Left,Right,Right,Right,Left,0,1,0,1,1,1,0,1,0,0,1,0,1,0,1,0,0,1,1,130,90,20260728_t1405_srsSmooth_training_B002,34,14,8.59949886401494,1.57005047798157,2,1,157,1,0,0,1,1,1
20260728_t1405_srsSmooth_training,srs_smooth_training,trial0143.mat,143,143,130,2,39,34,96,76,20,8,2,1,6,2,49,28550,2,0,2,1,2,1,2,1,2,1,CHOSE_HIGH_SAL,1,455,1,0,0,0,0,0,101,201,201,101,-100,201,1,0,55.6289812400818,134.371018759918,55.6289812400818,134.371018759918,-78.7420375198364,78.7420375198364,NaN,NaN,NaN,1785262566.24237,14893.33183568,2.17165875434875,0.0178322792053223,0.210012435913086,0.851758003234863,1.18454527854919,1.40195107460022,1.4434928894043,1.4434928894043,-1,-1,1.67079067230225,192.180156707764,217.405796051025,41.5418148040771,258.947610855103,Congruent,Left,Right,Right,Right,Right,0,1,1,0,1,1,0,1,1,0,1,0,0,0,1,1,0,0,1,131,91,20260728_t1405_srsSmooth_training_B002,35,15,8.66310582955678,1.57063388824463,2,1,162,1,0,0,1,1,1
20260728_t1405_srsSmooth_training,srs_smooth_training,trial0144.mat,144,144,131,2,40,35,96,76,20,8,2,1,6,2,46,17415,2,0,2,1,2,1,2,1,0,0,,0,11,0,1,0,0,0,0,94,192,192,94,-98,NaN,1,0,93.2754543584872,96.7245456415128,93.2754543584872,96.7245456415128,-3.44909128302561,3.44909128302561,NaN,NaN,NaN,1785262570.01127,14897.10068012,1.26895356178284,0.0157465934753418,0.0168957710266113,0.733101844787598,1.06578755378723,1.19152688980103,-1,-1,-1,-1,-1,1.14917755126953,125.739336013794,NaN,NaN,Congruent,Left,Right,None,Right,Right,0,1,1,0,0,NaN,NaN,NaN,NaN,NaN,NaN,NaN,NaN,0,1,1,0,0,0,131,NaN,20260728_t1405_srsSmooth_training_B002,NaN,NaN,8.72592084407806,1.5972421169281,NaN,NaN,NaN,0,NaN,NaN,NaN,NaN,0
20260728_t1405_srsSmooth_training,srs_smooth_training,trial0145.mat,145,145,131,2,41,35,96,76,20,8,2,2,8,2,93,31062,2,0,2,1,2,1,1,2,2,1,CHOSE_LOW_SAL,2,455,1,0,0,0,0,0,123,173,173,123,-50,173,1,0,137.442060229165,52.5579397708347,137.442060229165,52.5579397708347,84.8841204583307,84.8841204583307,NaN,NaN,NaN,1785262572.76913,14899.85842624,2.08620142936707,0.0163295269012451,0.225158929824829,0.741837501525879,1.07470440864563,1.31713128089905,1.35848689079285,1.35848689079285,-1,-1,1.61075353622437,208.829402923584,242.426872253418,41.3556098937988,283.782482147217,Conflict,Left,Right,Right,Right,Left,0,1,0,1,1,1,0,1,0,0,1,0,1,0,1,0,0,1,1,132,92,20260728_t1405_srsSmooth_training_B002,36,16,8.77188514471054,1.48890447616577,2,1,201,1,0,0,1,1,1
20260728_t1405_srsSmooth_training,srs_smooth_training,trial0146.mat,146,146,132,2,42,36,96,76,20,8,2,1,5,2,32,8077,2,0,1,2,2,2,2,2,0,0,,0,11,0,1,0,0,0,0,84,162,162,84,-78,NaN,1,180,248.105196929694,301.894803070306,68.1051969296938,121.894803070306,-53.7896061406125,53.7896061406125,NaN,NaN,NaN,1785262576.43037,14903.51959628,1.14164972305298,0.0135674476623535,0.19737720489502,0.839227914810181,-1,-1,-1,-1,-1,-1,-1,183.809757232666,NaN,NaN,NaN,Congruent,Right,Left,None,Left,Left,0,1,1,0,0,NaN,NaN,NaN,NaN,NaN,NaN,NaN,NaN,1,0,0,0,0,0,132,NaN,20260728_t1405_srsSmooth_training_B002,NaN,NaN,8.83290581305822,1.57503867149353,NaN,NaN,NaN,0,NaN,NaN,NaN,NaN,0
20260728_t1405_srsSmooth_training,srs_smooth_training,trial0147.mat,147,147,132,2,43,36,96,76,20,8,2,1,5,2,34,30514,2,0,1,2,2,2,2,2,1,1,CHOSE_LOW_SAL,2,455,1,0,0,0,0,0,81,189,189,81,-108,81,1,180,204.306857991037,345.693142008963,24.306857991037,165.693142008963,-141.386284017926,141.386284017926,NaN,NaN,NaN,1785262579.04146,14906.13067156,2.07252526283264,0.0192511081695557,0.244664192199707,0.861435651779175,1.19429707527161,1.42809200286865,1.46977472305298,1.46977472305298,-1,-1,1.68943619728088,225.413084030151,233.794927597046,41.6827201843262,275.477647781372,Congruent,Right,Left,Right,Left,Left,0,1,1,0,1,1,1,0,0,0,0,1,1,1,0,0,0,0,1,133,93,20260728_t1405_srsSmooth_training_B002,37,17,8.87642389933268,1.46943545341492,2,1,173,1,1,0,0,1,1
20260728_t1405_srsSmooth_training,srs_smooth_training,trial0148.mat,148,148,133,2,44,37,96,76,20,8,2,2,7,2,71,12522,2,0,1,2,2,2,1,1,1,1,CHOSE_HIGH_SAL,1,455,1,0,0,0,0,0,71,183,183,71,-112,71,1,0,122.263447303511,67.7365526964887,122.263447303511,67.7365526964887,54.5268946070226,54.5268946070226,NaN,NaN,NaN,1785262582.6846,14909.773794,2.00478386878967,0.0179202556610107,0.160088300704956,0.743664264678955,1.07629537582397,1.30202984809875,1.35203647613525,1.35203647613525,-1,-1,1.63668394088745,142.168045043945,225.73447227478,50.006628036499,275.741100311279,Conflict,Right,Left,Right,Left,Right,0,1,0,1,1,1,1,0,1,0,0,1,0,1,0,1,0,1,1,134,94,20260728_t1405_srsSmooth_training_B002,38,18,8.93714291254679,1.57061553001404,1,1,81,1,0,0,1,1,1
20260728_t1405_srsSmooth_training,srs_smooth_training,trial0149.mat,149,149,134,2,45,38,96,76,20,8,2,2,7,2,66,9921,2,0,1,2,2,2,1,1,1,1,CHOSE_HIGH_SAL,1,455,1,0,0,0,0,0,74,172,172,74,-98,74,1,0,157.864027545566,32.1359724544343,157.864027545566,32.1359724544344,125.728055091131,125.728055091131,NaN,NaN,NaN,1785262586.27924,14913.36826884,1.99384784698486,0.015082836151123,0.215907335281372,0.799182653427124,1.13182353973389,1.34062886238098,1.38226842880249,1.38226842880249,-1,-1,1.6179347038269,200.824499130249,208.805322647095,41.6395664215088,250.444889068604,Conflict,Right,Left,Right,Left,Right,0,1,0,1,1,1,1,0,1,0,0,1,0,1,0,1,0,1,1,135,95,20260728_t1405_srsSmooth_training_B002,39,19,8.99705367088318,1.58986163139343,1,1,71,1,0,0,1,1,1
20260728_t1405_srsSmooth_training,srs_smooth_training,trial0150.mat,150,150,135,2,46,39,96,76,20,8,2,1,5,2,38,22791,2,0,1,2,2,2,2,2,1,1,CHOSE_LOW_SAL,2,455,1,0,0,0,0,0,80,182,182,80,-102,80,1,180,273.43803765198,276.56196234802,93.4380376519797,96.5619623480203,-3.1239246960406,3.1239246960406,NaN,NaN,NaN,1785262589.85557,14916.9444504,2.00082349777222,0.0138933658599854,0.214355230331421,0.73946213722229,1.07226848602295,1.30620551109314,1.35620093345642,1.35620093345642,-1,-1,1.61715602874756,200.461864471436,233.93702507019,49.9954223632812,283.932447433472,Congruent,Right,Left,Right,Left,Left,0,1,1,0,1,1,1,0,0,0,0,1,1,1,0,0,0,0,1,136,96,20260728_t1405_srsSmooth_training_B002,40,20,9.05665916204453,1.58248162269592,1,1,74,1,0,0,1,1,1
20260728_t1405_srsSmooth_training,srs_smooth_training,trial0151.mat,151,151,136,2,47,40,96,76,20,8,2,2,7,2,63,8164,2,0,1,2,2,2,1,1,1,1,CHOSE_HIGH_SAL,1,455,1,0,0,0,0,0,105,174,174,105,-69,105,1,180,320.307065680806,229.692934319194,140.307065680806,49.6929343191937,90.6141313616126,90.6141313616126,NaN,NaN,NaN,1785262593.4503,14920.53927908,1.88910555839539,0.0109772682189941,0.0117919445037842,0.587001323699951,0.919346332550049,1.16189980506897,1.21185088157654,1.21185088157654,-1,-1,1.48023390769958,0.814676284790039,242.553472518921,49.9510765075684,292.504549026489,Conflict,Right,Left,Right,Left,Right,0,1,0,1,1,1,1,0,1,0,0,1,0,1,0,1,0,1,1,137,97,20260728_t1405_srsSmooth_training_B002,41,21,9.11657123168309,1.59390068054199,1,1,80,1,0,0,1,1,1
20260728_t1405_srsSmooth_training,srs_smooth_training,trial0152.mat,152,152,137,2,48,41,96,76,20,8,2,2,8,2,94,23895,2,0,2,1,2,1,1,2,2,1,CHOSE_LOW_SAL,2,455,1,0,0,0,0,0,87,184,184,87,-97,184,1,0,153.835418101478,36.1645818985217,153.835418101478,36.1645818985217,117.670836202957,117.670836202957,NaN,NaN,NaN,1785262596.93293,14924.0217692,2.29826164245605,0.0118193626403809,0.270735025405884,0.921148777008057,1.25353455543518,1.4628746509552,1.51261520385742,1.51261520385742,-1,-1,1.81428790092468,258.915662765503,209.34009552002,49.7405529022217,259.080648422241,Conflict,Left,Right,Right,Right,Left,0,1,0,1,1,1,0,1,0,0,1,0,1,0,1,0,0,1,1,138,98,20260728_t1405_srsSmooth_training_B002,42,22,9.1746150414149,1.5935230255127,1,1,105,1,1,0,0,1,1
20260728_t1405_srsSmooth_training,srs_smooth_training,trial0153.mat,153,153,138,2,49,42,96,76,20,8,2,2,7,2,75,6586,2,0,1,2,2,2,1,1,0,0,,0,11,0,1,0,0,0,0,101,175,175,101,-74,NaN,1,180,347.251575053996,202.748424946004,167.251575053996,22.7484249460041,144.503150107992,144.503150107992,NaN,NaN,NaN,1785262600.81099,14927.89972908,1.42866802215576,0.0172464847564697,0.184630870819092,0.792778491973877,1.12562322616577,1.35145139694214,-1,-1,-1,-1,-1,167.384386062622,225.828170776367,NaN,NaN,Conflict,Right,Left,None,Left,Right,0,1,0,1,0,NaN,NaN,NaN,NaN,NaN,NaN,NaN,NaN,1,0,1,0,1,0,138,NaN,20260728_t1405_srsSmooth_training_B002,NaN,NaN,9.23924936056137,1.5797975063324,NaN,NaN,NaN,0,NaN,NaN,NaN,NaN,0
20260728_t1405_srsSmooth_training,srs_smooth_training,trial0154.mat,154,154,138,2,50,42,96,76,20,8,2,2,7,2,74,4184,2,0,1,2,2,2,1,1,1,1,CHOSE_HIGH_SAL,1,455,1,0,0,0,0,0,98,192,192,98,-94,98,1,0,164.079846766697,25.9201532333032,164.079846766697,25.9201532333032,138.159693533394,138.159693533394,NaN,NaN,NaN,1785262603.72252,14930.811179,2.12641716003418,0.0141582489013672,0.223297119140625,0.823485374450684,1.15587019920349,1.38972973823547,1.43126273155212,1.43126273155212,-1,-1,1.72481894493103,209.138870239258,233.859539031982,41.5329933166504,275.392532348633,Conflict,Right,Left,Right,Left,Right,0,1,0,1,1,1,1,0,1,0,0,1,0,1,0,1,0,1,1,139,99,20260728_t1405_srsSmooth_training_B002,43,23,9.28777496417363,1.48286819458008,2,1,184,1,1,0,0,1,1
20260728_t1405_srsSmooth_training,srs_smooth_training,trial0155.mat,155,155,139,2,51,43,96,76,20,8,2,1,6,2,53,5160,2,0,2,1,2,1,2,1,2,1,CHOSE_HIGH_SAL,1,455,1,0,0,0,0,0,87,164,164,87,-77,164,1,180,197.362210271203,352.637789728797,17.3622102712032,172.637789728797,-155.275579457594,155.275579457594,NaN,NaN,NaN,1785262607.42756,14934.51622948,2.24621891975403,0.0175991058349609,0.226531267166138,0.934892177581787,1.26764798164368,1.49321818351746,1.53489804267883,1.53489804267883,-1,-1,1.77827906608582,208.932161331177,225.570201873779,41.679859161377,267.250061035156,Congruent,Left,Right,Right,Right,Right,0,1,1,0,1,1,0,1,1,0,1,0,0,0,1,1,0,0,1,140,100,20260728_t1405_srsSmooth_training_B002,44,24,9.34952561855316,1.57862210273743,1,1,98,1,1,0,0,1,1
20260728_t1405_srsSmooth_training,srs_smooth_training,trial0156.mat,156,156,140,2,52,44,96,76,20,8,2,2,8,2,85,29800,2,0,2,1,2,1,1,2,0,0,,0,11,0,1,0,0,0,0,89,200,200,89,-111,NaN,1,180,316.160024892017,233.839975107983,136.160024892017,53.8399751079826,82.3200497840348,82.3200497840348,NaN,NaN,NaN,1785262611.29187,14938.38039588,0.0805943012237549,0.0117733478546143,0.012831449508667,-1,-1,-1,-1,-1,-1,-1,-1,1.05810165405273,NaN,NaN,NaN,Conflict,Left,Right,None,Right,Left,0,1,0,1,0,NaN,NaN,NaN,NaN,NaN,NaN,NaN,NaN,0,1,0,0,1,0,140,NaN,20260728_t1405_srsSmooth_training_B002,NaN,NaN,9.4139307975769,1.61809182167053,NaN,NaN,NaN,0,NaN,NaN,NaN,NaN,0
20260728_t1405_srsSmooth_training,srs_smooth_training,trial0157.mat,157,157,140,2,53,44,96,76,20,8,2,2,8,2,96,21018,2,0,2,1,2,1,1,2,2,1,CHOSE_LOW_SAL,2,455,1,0,1,0,0,0,87,182,182,87,-95,182,1,0,147.892216109943,42.107783890057,147.892216109943,42.107783890057,105.784432219886,105.784432219886,NaN,NaN,NaN,1785262612.84755,14939.9359164,2.3094916343689,0.0144855976104736,0.182002544403076,0.889985084533691,1.22286653518677,1.47322463989258,1.51500535011292,1.51500535011292,-1,-1,1.82575654983521,167.516946792603,250.358104705811,41.7807102203369,292.138814926147,Conflict,Left,Right,Right,Right,Left,0,1,0,1,1,1,0,1,0,0,1,0,1,0,1,0,0,1,1,141,101,20260728_t1405_srsSmooth_training_B002,45,25,9.43985884189606,1.47508835792542,2,1,164,1,0,0,1,1,1
20260728_t1405_srsSmooth_training,srs_smooth_training,trial0158.mat,158,158,141,2,54,45,96,76,20,8,2,1,6,2,45,1423,2,0,2,1,2,1,2,1,2,1,CHOSE_HIGH_SAL,1,455,1,0,0,0,0,0,89,171,171,89,-82,171,1,180,203.991497856177,346.008502143823,23.9914978561773,166.008502143823,-142.017004287645,142.017004287645,NaN,NaN,NaN,1785262616.72369,14943.81208504,2.40076613426208,0.0135059356689453,0.238977909088135,1.02240443229675,1.35522484779358,1.58077812194824,1.63117718696594,1.63117718696594,-1,-1,1.93288660049438,225.471973419189,225.553274154663,50.3990650177002,275.952339172363,Congruent,Left,Right,Right,Right,Right,0,1,1,0,1,1,0,1,1,0,1,0,0,0,1,1,0,0,1,142,102,20260728_t1405_srsSmooth_training_B002,46,26,9.50446105400721,1.56664109230042,2,1,182,1,0,0,1,1,1
20260728_t1405_srsSmooth_training,srs_smooth_training,trial0159.mat,159,159,142,2,55,46,96,76,20,8,2,1,5,2,21,497,2,0,1,2,2,2,2,2,1,1,CHOSE_LOW_SAL,2,455,1,0,0,0,0,0,74,158,158,74,-84,74,1,180,206.51768524927,343.48231475073,26.5176852492705,163.48231475073,-136.964629501459,136.964629501459,NaN,NaN,NaN,1785262620.70061,14947.78893352,2.02333116531372,0.0117433071136475,0.0125963687896729,0.778875827789307,1.11178708076477,1.37049651145935,1.42087316513062,1.42087316513062,-1,-1,1.64791011810303,0.853061676025391,258.70943069458,50.3766536712646,309.086084365845,Congruent,Right,Left,Right,Left,Left,0,1,1,0,1,1,1,0,0,0,0,1,1,1,0,0,0,0,1,143,103,20260728_t1405_srsSmooth_training_B002,47,27,9.5707430322965,1.57615256309509,2,1,171,1,1,0,0,1,1
20260728_t1405_srsSmooth_training,srs_smooth_training,trial0160.mat,160,160,143,2,56,47,96,76,20,8,2,1,5,2,29,24720,2,0,1,2,2,2,2,2,1,1,CHOSE_LOW_SAL,2,455,1,0,0,0,0,0,86,163,163,86,-77,86,1,180,194.639685106631,355.360314893369,14.6396851066305,175.360314893369,-160.720629786739,160.720629786739,NaN,NaN,NaN,1785262624.33036,14951.41870312,2.17698955535889,0.0154669284820557,0.207773685455322,0.92431116104126,1.25718283653259,1.50769329071045,1.54962873458862,1.54962873458862,-1,-1,1.79318046569824,192.306756973267,250.510454177856,41.9354438781738,292.44589805603,Congruent,Right,Left,Right,Left,Left,0,1,1,0,1,1,1,0,0,0,0,1,1,1,0,0,0,0,1,144,104,20260728_t1405_srsSmooth_training_B002,48,28,9.63123892148336,1.60642218589783,1,1,74,1,0,0,1,1,1
20260728_t1405_srsSmooth_training,srs_smooth_training,trial0161.mat,161,161,144,2,57,48,96,76,20,8,2,2,8,2,89,3107,2,0,2,1,2,1,1,2,1,2,CHOSE_HIGH_SAL,1,455,1,0,0,0,0,0,78,175,175,78,-97,78,1,0,167.84337526713,22.1566247328701,167.84337526713,22.1566247328701,145.68675053426,145.68675053426,NaN,NaN,NaN,1785262628.08711,14955.17529616,1.93691635131836,0.017195463180542,0.184370517730713,0.70122241973877,1.03390145301819,1.2680652141571,1.31762480735779,1.31762480735779,-1,-1,1.56148195266724,167.175054550171,234.163761138916,49.5595932006836,283.7233543396,Conflict,Left,Right,Left,Right,Left,0,1,0,1,1,0,1,0,1,1,0,1,0,0,1,0,0,1,1,145,105,20260728_t1405_srsSmooth_training_B002,49,29,9.69385147889455,1.57976388931274,1,1,86,1,0,1,1,0,1
20260728_t1405_srsSmooth_training,srs_smooth_training,trial0162.mat,162,162,145,2,58,49,96,76,20,8,2,2,8,2,86,3887,2,0,2,1,2,1,1,2,2,1,CHOSE_LOW_SAL,2,455,1,0,0,0,0,0,118,190,190,118,-72,190,1,180,354.784640334206,195.215359665794,174.784640334206,15.2153596657941,159.569280668412,159.569280668412,NaN,NaN,NaN,1785262631.615,14958.70316696,2.16818451881409,0.0144486427307129,0.0155513286590576,0.773420095443726,1.10615873336792,1.37442445755005,1.41507172584534,1.41507172584534,-1,-1,1.67552018165588,1.10268592834473,268.265724182129,40.6472682952881,308.912992477417,Conflict,Left,Right,Right,Right,Left,0,1,0,1,1,1,0,1,0,0,1,0,1,0,1,0,0,1,1,146,106,20260728_t1405_srsSmooth_training_B002,50,30,9.75264955759048,1.59096837043762,1,2,78,1,1,1,0,0,1
20260728_t1405_srsSmooth_training,srs_smooth_training,trial0163.mat,163,163,146,2,59,50,96,76,20,8,2,1,6,2,56,7404,2,0,2,1,2,1,2,1,2,1,CHOSE_HIGH_SAL,1,455,1,0,0,0,0,0,78,184,184,78,-106,184,1,0,11.4384527561118,178.561547243888,11.4384527561118,178.561547243888,-167.123094487776,167.123094487776,NaN,NaN,NaN,1785262635.37364,14962.46167644,2.42685723304749,0.014291524887085,0.248471975326538,1.04013705253601,1.37267827987671,1.61517691612244,1.66501665115356,1.66501665115356,-1,-1,1.94212460517883,234.180450439453,242.498636245728,49.8397350311279,292.338371276855,Congruent,Left,Right,Right,Right,Right,0,1,1,0,1,1,0,1,1,0,1,0,0,0,1,1,0,0,1,147,107,20260728_t1405_srsSmooth_training_B002,51,31,9.81529352664947,1.59045362472534,2,1,190,1,0,0,1,1,1
20260728_t1405_srsSmooth_training,srs_smooth_training,trial0164.mat,164,164,147,2,60,51,96,76,20,8,2,2,7,2,75,6586,2,0,1,2,2,2,1,1,1,1,CHOSE_HIGH_SAL,1,455,1,0,0,0,0,0,61,171,171,61,-110,61,1,180,352.783130818267,197.216869181733,172.783130818267,17.216869181733,155.566261636534,155.566261636534,NaN,NaN,NaN,1785262639.38537,14966.47332836,2.1563892364502,0.0110483169555664,0.212027788162231,0.953450679779053,1.28609824180603,1.53674983978271,1.57853674888611,1.57853674888611,-1,-1,1.79690146446228,200.979471206665,250.651597976685,41.7869091033936,292.438507080078,Conflict,Right,Left,Right,Left,Right,0,1,0,1,1,1,1,0,1,0,0,1,0,1,0,1,0,1,1,148,108,20260728_t1405_srsSmooth_training_B002,52,32,9.88215576410294,1.58487701416016,2,1,184,1,1,0,0,1,1
20260728_t1405_srsSmooth_training,srs_smooth_training,trial0165.mat,165,165,148,2,61,52,96,76,20,8,2,2,8,2,83,26861,2,0,2,1,2,1,1,2,0,0,,0,454,0,1,0,0,0,0,49,186,186,49,-137,NaN,1,0,172.863211113251,17.1367888867494,172.863211113251,17.1367888867493,155.726422226501,155.726422226501,NaN,NaN,NaN,1785262643.14961,14970.2375636,1.68374395370483,0.0136203765869141,0.230845212936401,1.02248215675354,1.35533928871155,1.60572290420532,-1,-1,-1,-1,-1,217.224836349487,250.383615493774,NaN,NaN,Conflict,Left,Right,None,Right,Left,0,1,0,1,0,NaN,NaN,NaN,NaN,NaN,NaN,NaN,NaN,0,1,0,0,1,0,148,NaN,20260728_t1405_srsSmooth_training_B002,NaN,NaN,9.94489314556122,1.60785365104675,NaN,NaN,NaN,0,NaN,NaN,NaN,NaN,0
20260728_t1405_srsSmooth_training,srs_smooth_training,trial0166.mat,166,166,148,2,62,52,96,76,20,8,2,1,6,2,46,17415,2,0,2,1,2,1,2,1,2,1,CHOSE_HIGH_SAL,1,455,1,0,1,0,0,0,88,152,152,88,-64,152,1,180,208.925444442143,341.074555557857,28.9254444421434,161.074555557857,-132.149111115713,132.149111115713,NaN,NaN,NaN,1785262646.26732,14973.35528552,2.1493992805481,0.0126965045928955,0.205057382583618,0.780238151550293,1.11273956298828,1.35486078262329,1.40484404563904,1.40484404563904,-1,-1,1.69846534729004,192.360877990723,242.12121963501,49.9832630157471,292.104482650757,Congruent,Left,Right,Right,Right,Right,0,1,1,0,1,1,0,1,1,0,1,0,0,0,1,1,0,0,1,149,109,20260728_t1405_srsSmooth_training_B002,53,33,9.99685500860214,1.43396782875061,1,1,61,1,1,0,0,1,1
20260728_t1405_srsSmooth_training,srs_smooth_training,trial0167.mat,167,167,149,2,63,53,96,76,20,8,2,1,5,2,39,13227,2,0,1,2,2,2,2,2,1,1,CHOSE_LOW_SAL,2,455,1,0,0,0,0,0,81,166,166,81,-85,81,1,0,18.6080448878054,171.391955112195,18.6080448878054,171.391955112195,-152.783910224389,152.783910224389,NaN,NaN,NaN,1785262650.06849,14977.15629868,2.18170857429504,0.0116791725158691,0.220484018325806,0.895668029785156,1.22839307785034,1.51226615905762,1.56237101554871,1.56237101554871,-1,-1,1.79817271232605,208.804845809937,283.873081207275,50.1048564910889,333.977937698364,Congruent,Right,Left,Right,Left,Left,0,1,1,0,1,1,1,0,0,0,0,1,1,1,0,0,0,0,1,150,110,20260728_t1405_srsSmooth_training_B002,54,34,10.0602077841759,1.65176725387573,2,1,152,1,1,0,0,1,1
20260728_t1405_srsSmooth_training,srs_smooth_training,trial0168.mat,168,168,150,2,64,54,96,76,20,8,2,2,7,2,60,25025,2,0,1,2,2,2,1,1,1,1,CHOSE_HIGH_SAL,1,455,1,0,0,0,0,0,108,194,194,108,-86,108,1,180,319.614986051222,230.385013948778,139.614986051222,50.3850139487782,89.2299721024436,89.2299721024436,NaN,NaN,NaN,1785262653.83904,14980.92671092,2.07838344573975,0.0162806510925293,0.250217437744141,0.792069435119629,1.12465786933899,1.32553195953369,1.37558770179749,1.37558770179749,-1,-1,1.66967082023621,233.936786651611,200.874090194702,50.0557422637939,250.929832458496,Conflict,Right,Left,Right,Left,Right,0,1,0,1,1,1,1,0,1,0,0,1,0,1,0,1,0,1,1,151,111,20260728_t1405_srsSmooth_training_B002,55,35,10.1230502049128,1.58883666992188,1,1,81,1,0,0,1,1,1
20260728_t1405_srsSmooth_training,srs_smooth_training,trial0169.mat,169,169,151,2,65,55,96,76,20,8,2,2,7,2,70,29819,2,0,1,2,2,2,1,1,1,1,CHOSE_HIGH_SAL,1,455,1,0,0,0,0,0,88,166,166,88,-78,88,1,180,349.459943470524,200.540056529476,169.459943470524,20.5400565294757,148.919886941049,148.919886941049,NaN,NaN,NaN,1785262657.52029,14984.60786264,2.01315093040466,0.0185003280639648,0.169066667556763,0.777647495269775,1.11020922660828,1.32767128944397,1.3695170879364,1.3695170879364,-1,-1,1.62933778762817,150.566339492798,217.462062835693,41.8457984924316,259.307861328125,Conflict,Right,Left,Right,Left,Right,0,1,0,1,1,1,1,0,1,0,0,1,0,1,0,1,0,1,1,152,112,20260728_t1405_srsSmooth_training_B002,56,36,10.1844044963519,1.60287404060364,1,1,108,1,0,0,1,1,1
20260728_t1405_srsSmooth_training,srs_smooth_training,trial0170.mat,170,170,152,2,66,56,96,76,20,8,2,1,6,2,52,28001,2,0,2,1,2,1,2,1,2,1,CHOSE_HIGH_SAL,1,455,1,0,0,0,0,0,83,187,187,83,-104,187,1,0,50.2113314979851,139.788668502015,50.2113314979851,139.788668502015,-89.5773370040299,89.5773370040299,NaN,NaN,NaN,1785262661.11731,14988.20488608,2.29209113121033,0.0132944583892822,0.222465753555298,0.872283458709717,1.20500731468201,1.45576477050781,1.50575113296509,1.50575113296509,-1,-1,1.80802726745605,209.171295166016,250.757455825806,49.9863624572754,300.743818283081,Congruent,Left,Right,Right,Right,Right,0,1,1,0,1,1,0,1,1,0,1,0,0,0,1,1,0,0,1,153,113,20260728_t1405_srsSmooth_training_B002,57,37,10.2443546930949,1.58386087417603,1,1,88,1,1,0,0,1,1
20260728_t1405_srsSmooth_training,srs_smooth_training,trial0171.mat,171,171,153,2,67,57,96,76,20,8,2,2,8,2,85,29800,2,0,2,1,2,1,1,2,2,1,CHOSE_LOW_SAL,2,455,1,0,0,0,0,0,62,187,187,62,-125,187,1,0,132.300614335495,57.6993856645051,132.300614335495,57.6993856645051,74.6012286709898,74.6012286709898,NaN,NaN,NaN,1785262664.99879,14992.08628816,2.03515815734863,0.015289306640625,0.0161793231964111,0.649314165115356,0.981993198394775,1.19941329956055,1.24101567268372,1.24101567268372,-1,-1,1.55192899703979,0.890016555786133,217.420101165771,41.6023731231689,259.02247428894,Conflict,Left,Right,Right,Right,Left,0,1,0,1,1,1,0,1,0,0,1,0,1,0,1,0,0,1,1,154,114,20260728_t1405_srsSmooth_training_B002,58,38,10.309046181043,1.58939814567566,2,1,187,1,0,0,1,1,1
20260728_t1405_srsSmooth_training,srs_smooth_training,trial0172.mat,172,172,154,2,68,58,96,76,20,8,2,1,6,2,54,8501,2,0,2,1,2,1,2,1,2,1,CHOSE_HIGH_SAL,1,455,1,0,0,0,0,0,93,176,176,93,-83,176,1,180,212.989734559077,337.010265440923,32.9897345590774,157.010265440923,-124.020530881845,124.020530881845,NaN,NaN,NaN,1785262668.93534,14996.02276904,2.39942717552185,0.012232780456543,0.296118497848511,0.996205806732178,1.32894968986511,1.59618282318115,1.64614224433899,1.64614224433899,-1,-1,1.9227192401886,283.885717391968,267.23313331604,49.9594211578369,317.192554473877,Congruent,Left,Right,Right,Right,Right,0,1,1,0,1,1,0,1,1,0,1,0,0,0,1,1,0,0,1,155,115,20260728_t1405_srsSmooth_training_B002,59,39,10.3746552228928,1.9013843536377,2,1,187,1,0,0,1,1,1
20260728_t1405_srsSmooth_training,srs_smooth_training,trial0173.mat,173,173,155,2,69,59,96,76,20,8,2,1,6,2,41,10062,2,0,2,1,2,1,2,1,2,1,CHOSE_HIGH_SAL,1,455,1,0,0,0,0,0,73,175,175,73,-102,175,1,180,194.33300732115,355.66699267885,14.3330073211496,175.66699267885,-161.333985357701,161.333985357701,NaN,NaN,NaN,1785262672.9459,15000.03311392,2.00558161735535,0.0184905529022217,0.0192780494689941,0.677618980407715,1.0101957321167,1.22759890556335,1.27763366699219,1.27763366699219,-1,-1,1.52943825721741,0.787496566772461,217.403173446655,50.034761428833,267.437934875488,Congruent,Left,Right,Right,Right,Right,0,1,1,0,1,1,0,1,1,0,1,0,0,0,1,1,0,0,1,156,116,20260728_t1405_srsSmooth_training_B002,60,40,10.4414979577065,1.61113691329956,2,1,176,1,0,0,1,1,1
20260728_t1405_srsSmooth_training,srs_smooth_training,trial0174.mat,174,174,156,2,70,60,96,76,20,8,2,1,5,2,22,23428,2,0,1,2,2,2,2,2,1,1,CHOSE_LOW_SAL,2,455,1,0,0,0,0,0,100,191,191,100,-91,100,1,180,248.327369535192,301.672630464808,68.3273695351918,121.672630464808,-53.3452609296163,53.3452609296163,NaN,NaN,NaN,1785262676.52102,15003.60812416,1.98903775215149,0.0185115337371826,0.177663087844849,0.71106743812561,1.04355144500732,1.31103181838989,1.35261225700378,1.35261225700378,-1,-1,1.58744287490845,159.151554107666,267.480373382568,41.5804386138916,309.06081199646,Congruent,Right,Left,Right,Left,Left,0,1,1,0,1,1,1,0,0,0,0,1,1,1,0,0,0,0,1,157,117,20260728_t1405_srsSmooth_training_B002,61,41,10.5010832428932,1.56953549385071,2,1,175,1,1,0,0,1,1
20260728_t1405_srsSmooth_training,srs_smooth_training,trial0175.mat,175,175,157,2,71,61,96,76,20,8,2,1,6,2,55,21973,2,0,2,1,2,1,2,1,2,1,CHOSE_HIGH_SAL,1,455,1,0,0,0,0,0,74,177,177,74,-103,177,1,0,87.3082037089759,102.691796291024,87.308203708976,102.691796291024,-15.3835925820481,15.3835925820481,NaN,NaN,NaN,1785262680.11986,15007.20702504,2.23138523101807,0.0114803314208984,0.012728214263916,0.803918838500977,1.13652348518372,1.42076325416565,1.462069272995,1.462069272995,-1,-1,1.75549650192261,1.24788284301758,284.239768981934,41.3060188293457,325.545787811279,Congruent,Left,Right,Right,Right,Right,0,1,1,0,1,1,0,1,1,0,1,0,0,0,1,1,0,0,1,158,118,20260728_t1405_srsSmooth_training_B002,62,42,10.5610638618469,1.6097993850708,1,1,100,1,1,0,0,1,1
20260728_t1405_srsSmooth_training,srs_smooth_training,trial0176.mat,176,176,158,2,72,62,96,76,20,8,2,2,8,2,90,13607,2,0,2,1,2,1,1,2,2,1,CHOSE_LOW_SAL,2,455,1,0,0,0,0,0,104,183,183,104,-79,183,1,180,323.027461509682,226.972538490318,143.027461509682,46.9725384903177,96.0549230193645,96.0549230193645,NaN,NaN,NaN,1785262683.98182,15011.06881388,2.08599162101746,0.0163302421569824,0.191715240478516,0.700356006622314,1.03303599357605,1.29199981689453,1.34197211265564,1.34197211265564,-1,-1,1.60257577896118,175.384998321533,258.963823318481,49.9722957611084,308.93611907959,Conflict,Left,Right,Right,Right,Left,0,1,0,1,1,1,0,1,0,0,1,0,1,0,1,0,0,1,1,159,119,20260728_t1405_srsSmooth_training_B002,63,43,10.6254299640656,1.63058090209961,2,1,177,1,0,0,1,1,1
20260728_t1405_srsSmooth_training,srs_smooth_training,trial0177.mat,177,177,159,2,73,63,96,76,20,8,2,1,5,2,31,23279,2,0,1,2,2,2,2,2,0,0,,0,11,0,1,0,0,0,0,93,192,192,93,-99,NaN,1,180,224.764646334389,325.235353665611,44.7646463343885,145.235353665611,-100.470707331223,100.470707331223,NaN,NaN,NaN,1785262687.6564,15014.74345864,0.835510969161987,0.0168893337249756,0.0179121494293213,0.57563853263855,-1,-1,-1,-1,-1,-1,-1,1.0228157043457,NaN,NaN,NaN,Congruent,Right,Left,None,Left,Left,0,1,1,0,0,NaN,NaN,NaN,NaN,NaN,NaN,NaN,NaN,1,0,0,0,0,0,159,NaN,20260728_t1405_srsSmooth_training_B002,NaN,NaN,10.6866730133692,1.58859133720398,NaN,NaN,NaN,0,NaN,NaN,NaN,NaN,0
20260728_t1405_srsSmooth_training,srs_smooth_training,trial0178.mat,178,178,159,2,74,63,96,76,20,8,2,2,8,2,82,645,2,0,2,1,2,1,1,2,0,0,,0,454,0,1,0,0,0,0,85,177,177,85,-92,NaN,1,0,177.976496337765,12.0235036622348,177.976496337765,12.0235036622348,165.95299267553,165.95299267553,NaN,NaN,NaN,1785262689.97717,15017.0641556,1.58214426040649,0.0128836631774902,0.188690662384033,0.947021007537842,1.27959966659546,1.49663615226746,-1,-1,-1,-1,-1,175.806999206543,217.036485671997,NaN,NaN,Conflict,Left,Right,None,Right,Left,0,1,0,1,0,NaN,NaN,NaN,NaN,NaN,NaN,NaN,NaN,0,1,0,0,1,0,159,NaN,20260728_t1405_srsSmooth_training_B002,NaN,NaN,10.7253523747126,1.48525071144104,NaN,NaN,NaN,0,NaN,NaN,NaN,NaN,0
20260728_t1405_srsSmooth_training,srs_smooth_training,trial0180.mat,180,180,159,2,76,63,96,76,20,8,2,1,6,2,58,10620,2,0,2,1,2,1,2,1,2,1,CHOSE_HIGH_SAL,1,455,1,0,0,0,0,0,67,201,201,67,-134,201,1,0,88.3649904857338,101.635009514266,88.3649904857338,101.635009514266,-13.2700190285325,13.2700190285325,NaN,NaN,NaN,1785262694.78395,15021.87078484,2.45979428291321,0.0146167278289795,0.290083169937134,1.04833269119263,1.38133692741394,1.62335181236267,1.66503882408142,1.66503882408142,-1,-1,1.95857262611389,275.466442108154,242.01488494873,41.68701171875,283.70189666748,Congruent,Left,Right,Right,Right,Right,0,1,1,0,1,1,0,1,1,0,1,0,0,0,1,1,0,0,1,160,120,20260728_t1405_srsSmooth_training_B002,64,44,10.8054654717445,3.22464156150818,2,1,183,1,0,0,1,1,1
20260728_t1405_srsSmooth_training,srs_smooth_training,trial0181.mat,181,181,160,2,77,64,96,76,20,8,2,2,7,2,77,29223,2,0,1,2,2,2,1,1,1,1,CHOSE_HIGH_SAL,1,455,1,0,0,0,0,0,82,200,200,82,-118,82,1,180,343.602445847679,206.397554152321,163.602445847679,26.3975541523212,137.204891695358,137.204891695358,NaN,NaN,NaN,1785262698.82692,15025.91374776,2.04996681213379,0.0134763717651367,0.272495269775391,0.822489976882935,1.15518736839294,1.36396503448486,1.40572237968445,1.40572237968445,-1,-1,1.6657247543335,259.018898010254,208.777666091919,41.757345199585,250.535011291504,Conflict,Right,Left,Right,Left,Right,0,1,0,1,1,1,1,0,1,0,0,1,0,1,0,1,0,1,1,161,121,20260728_t1405_srsSmooth_training_B002,65,45,10.8728481968244,1.58316922187805,2,1,201,1,1,0,0,1,1
20260728_t1405_srsSmooth_training,srs_smooth_training,trial0182.mat,182,182,161,2,78,65,96,76,20,8,2,1,5,2,32,8077,2,0,1,2,2,2,2,2,1,1,CHOSE_LOW_SAL,2,455,1,0,0,0,0,0,83,183,183,83,-100,83,1,180,264.23646912264,285.76353087736,84.2364691226404,105.76353087736,-21.5270617547193,21.5270617547193,NaN,NaN,NaN,1785262702.48041,15029.56720688,2.15555667877197,0.0184605121612549,0.185821294784546,0.869063138961792,1.20183920860291,1.41909027099609,1.46915602684021,1.46915602684021,-1,-1,1.77074193954468,167.360782623291,217.251062393188,50.0657558441162,267.316818237305,Congruent,Right,Left,Right,Left,Left,0,1,1,0,1,1,1,0,0,0,0,1,1,1,0,0,0,0,1,162,122,20260728_t1405_srsSmooth_training_B002,66,46,10.9337397138278,1.60352420806885,1,1,82,1,0,0,1,1,1
20260728_t1405_srsSmooth_training,srs_smooth_training,trial0183.mat,183,183,162,2,79,66,96,76,20,8,2,1,6,2,57,27065,2,0,2,1,2,1,2,1,2,1,CHOSE_HIGH_SAL,1,455,1,0,0,0,0,0,77,162,162,77,-85,162,1,0,45.8495563355517,144.150443664448,45.8495563355517,144.150443664448,-98.3008873288966,98.3008873288966,NaN,NaN,NaN,1785262706.22196,15033.3087246,1.90517663955688,0.0187156200408936,0.0195605754852295,0.569417715072632,0.9020836353302,1.12762808799744,1.17769527435303,1.17769527435303,-1,-1,1.44642567634583,0.844955444335938,225.544452667236,50.0671863555908,275.611639022827,Congruent,Left,Right,Right,Right,Right,0,1,1,0,1,1,0,1,1,0,1,0,0,0,1,1,0,0,1,163,123,20260728_t1405_srsSmooth_training_B002,67,47,10.9960989753405,1.58599901199341,1,1,83,1,1,0,0,1,1
20260728_t1405_srsSmooth_training,srs_smooth_training,trial0184.mat,184,184,163,2,80,67,96,76,20,8,2,2,7,2,73,22031,2,0,1,2,2,2,1,1,1,1,CHOSE_HIGH_SAL,1,455,1,0,0,0,0,0,90,174,174,90,-84,90,1,180,343.625785696923,206.374214303077,163.625785696923,26.374214303077,137.251571393846,137.251571393846,NaN,NaN,NaN,1785262709.73299,15036.81948512,2.16141843795776,0.0161571502685547,0.225263833999634,0.917062044143677,1.24953818321228,1.47523736953735,1.51709938049316,1.51709938049316,-1,-1,1.76917433738708,209.106683731079,225.699186325073,41.8620109558105,267.561197280884,Conflict,Right,Left,Right,Left,Right,0,1,0,1,1,1,1,0,1,0,0,1,0,1,0,1,0,1,1,164,124,20260728_t1405_srsSmooth_training_B002,68,48,11.0546161174774,1.60585188865662,2,1,162,1,1,0,0,1,1
20260728_t1405_srsSmooth_training,srs_smooth_training,trial0185.mat,185,185,164,2,81,68,96,76,20,8,2,2,8,2,82,645,2,0,2,1,2,1,1,2,0,0,,0,454,0,1,0,0,0,0,67,167,167,67,-100,NaN,1,180,344.247516160981,205.752483839019,164.247516160981,25.7524838390194,138.495032321961,138.495032321961,NaN,NaN,NaN,1785262713.49691,15040.58336608,1.43076729774475,0.0190515518188477,0.136155843734741,0.802985191345215,1.13576173782349,1.36154007911682,-1,-1,-1,-1,-1,117.104291915894,225.778341293335,NaN,NaN,Conflict,Left,Right,None,Right,Left,0,1,0,1,0,NaN,NaN,NaN,NaN,NaN,NaN,NaN,NaN,0,1,0,0,1,0,164,NaN,20260728_t1405_srsSmooth_training_B002,NaN,NaN,11.117348074913,1.60249900817871,NaN,NaN,NaN,0,NaN,NaN,NaN,NaN,0
20260728_t1405_srsSmooth_training,srs_smooth_training,trial0186.mat,186,186,164,2,82,68,96,76,20,8,2,1,5,2,31,23279,2,0,1,2,2,2,2,2,1,1,CHOSE_LOW_SAL,2,455,1,0,0,0,0,0,105,169,169,105,-64,105,1,180,205.123993401029,344.876006598971,25.1239934010294,164.876006598971,-139.752013197941,139.752013197941,NaN,NaN,NaN,1785262716.36268,15043.44915988,2.04885292053223,0.0117268562316895,0.262468099594116,0.812297582626343,1.14510416984558,1.38748097419739,1.42924928665161,1.42924928665161,-1,-1,1.64746975898743,250.741243362427,242.376804351807,41.7683124542236,284.14511680603,Congruent,Right,Left,Right,Left,Left,0,1,1,0,1,1,1,0,0,0,0,1,1,1,0,0,0,0,1,165,125,20260728_t1405_srsSmooth_training_B002,69,49,11.1651108821233,1.43500113487244,1,1,90,1,0,0,1,1,1
20260728_t1405_srsSmooth_training,srs_smooth_training,trial0187.mat,187,187,165,2,83,69,96,76,20,8,2,1,5,2,30,29138,2,0,1,2,2,2,2,2,1,1,CHOSE_LOW_SAL,2,455,1,0,0,0,0,0,79,183,183,79,-104,79,1,0,49.4204364981656,140.579563501834,49.4204364981656,140.579563501834,-91.1591270036688,91.1591270036688,NaN,NaN,NaN,1785262720.01235,15047.09884312,2.02356123924255,0.0121963024139404,0.0129611492156982,0.67096734046936,1.00390148162842,1.32928395271301,1.37093496322632,1.37093496322632,-1,-1,1.64800667762756,0.764846801757812,325.382471084595,41.6510105133057,367.0334815979,Congruent,Right,Left,Right,Left,Left,0,1,1,0,1,1,1,0,0,0,0,1,1,1,0,0,0,0,1,166,126,20260728_t1405_srsSmooth_training_B002,70,50,11.2259387453397,1.60081887245178,1,1,105,1,0,0,1,1,1
20260728_t1405_srsSmooth_training,srs_smooth_training,trial0188.mat,188,188,166,2,84,70,96,76,20,8,2,1,6,2,47,5774,2,0,2,1,2,1,2,1,2,1,CHOSE_HIGH_SAL,1,455,1,0,0,0,0,0,88,177,177,88,-89,177,1,180,206.042241665207,343.957758334793,26.0422416652066,163.957758334793,-137.915516669587,137.915516669587,NaN,NaN,NaN,1785262723.62422,15050.71051084,2.19536519050598,0.0171360969543457,0.226405143737793,0.842936754226685,1.17551398277283,1.40124797821045,1.44326257705688,1.44326257705688,-1,-1,1.71964383125305,209.269046783447,225.733995437622,42.0145988464355,267.748594284058,Congruent,Left,Right,Right,Right,Right,0,1,1,0,1,1,0,1,1,0,1,0,0,0,1,1,0,0,1,167,127,20260728_t1405_srsSmooth_training_B002,71,51,11.2861365358035,1.58830618858337,1,1,79,1,1,0,0,1,1
20260728_t1405_srsSmooth_training,srs_smooth_training,trial0189.mat,189,189,167,2,85,71,96,76,20,8,2,1,5,2,23,7163,2,0,1,2,2,2,2,2,1,1,CHOSE_LOW_SAL,2,455,1,0,0,0,0,0,95,195,195,95,-100,95,1,180,257.823409442978,292.176590557022,77.8234094429779,112.176590557022,-34.3531811140441,34.3531811140441,NaN,NaN,NaN,1785262727.42993,15054.51616908,1.93200278282166,0.0115721225738525,0.0126028060913086,0.720460653305054,1.05327916145325,1.27075552940369,1.32069492340088,1.32069492340088,-1,-1,1.53960156440735,1.03068351745605,217.476367950439,49.9393939971924,267.415761947632,Congruent,Right,Left,Right,Left,Left,0,1,1,0,1,1,1,0,0,0,0,1,1,1,0,0,0,0,1,168,128,20260728_t1405_srsSmooth_training_B002,72,52,11.3495650649071,1.61034655570984,2,1,177,1,1,0,0,1,1
20260728_t1405_srsSmooth_training,srs_smooth_training,trial0190.mat,190,190,168,2,86,72,96,76,20,8,2,1,5,2,36,8464,2,0,1,2,2,2,2,2,1,1,CHOSE_LOW_SAL,2,455,1,0,0,0,0,0,81,173,173,81,-92,81,1,0,64.5569049384318,125.443095061568,64.5569049384318,125.443095061568,-60.8861901231363,60.8861901231363,NaN,NaN,NaN,1785262730.95343,15058.03957644,2.13358521461487,0.0132050514221191,0.188686370849609,0.897380590438843,1.22991919517517,1.47245335578918,1.51385688781738,1.51385688781738,-1,-1,1.74909591674805,175.48131942749,242.534160614014,41.4035320281982,283.937692642212,Congruent,Right,Left,Right,Left,Left,0,1,1,0,1,1,1,0,0,0,0,1,1,1,0,0,0,0,1,169,129,20260728_t1405_srsSmooth_training_B002,73,53,11.4082901159922,1.5915002822876,1,1,95,1,0,0,1,1,1
20260728_t1405_srsSmooth_training,srs_smooth_training,trial0191.mat,191,191,169,2,87,73,96,76,20,8,2,2,7,2,59,16003,2,0,1,2,2,2,1,1,1,1,CHOSE_HIGH_SAL,1,455,1,0,0,0,0,0,65,192,192,65,-127,65,1,180,346.867184970103,203.132815029897,166.867184970103,23.1328150298971,143.734369940206,143.734369940206,NaN,NaN,NaN,1785262734.66941,15061.75556932,2.07638120651245,0.0140380859375,0.239768743515015,0.814883708953857,1.14741492271423,1.38120675086975,1.42337584495544,1.42337584495544,-1,-1,1.7086398601532,225.730657577515,233.791828155518,42.1690940856934,275.960922241211,Conflict,Right,Left,Right,Left,Right,0,1,0,1,1,1,1,0,1,0,0,1,0,1,0,1,0,1,1,170,130,20260728_t1405_srsSmooth_training_B002,74,54,11.4702230850856,1.5823929309845,1,1,81,1,0,0,1,1,1
20260728_t1405_srsSmooth_training,srs_smooth_training,trial0192.mat,192,192,170,2,88,74,96,76,20,8,2,2,7,2,62,20841,2,0,1,2,2,2,1,1,1,1,CHOSE_HIGH_SAL,1,455,1,0,0,0,0,0,64,186,186,64,-122,64,1,180,343.532048735564,206.467951264436,163.532048735564,26.4679512644361,137.064097471128,137.064097471128,NaN,NaN,NaN,1785262738.39983,15065.4856936,2.07064604759216,0.0170960426330566,0.267658710479736,0.817701578140259,1.15047430992126,1.35953617095947,1.40966606140137,1.40966606140137,-1,-1,1.70358085632324,250.56266784668,209.061861038208,50.1298904418945,259.191751480103,Conflict,Right,Left,Right,Left,Right,0,1,0,1,1,1,1,0,1,0,0,1,0,1,0,1,0,1,1,171,131,20260728_t1405_srsSmooth_training_B002,75,55,11.5323967456818,1.65403842926025,1,1,65,1,0,0,1,1,1
20260728_t1405_srsSmooth_training,srs_smooth_training,trial0193.mat,193,193,171,2,89,75,96,76,20,8,2,1,6,2,44,8186,2,0,2,1,2,1,2,1,1,2,CHOSE_LOW_SAL,2,455,1,0,0,0,0,0,96,193,193,96,-97,96,1,180,250.818130084198,299.181869915801,70.8181300841985,119.181869915801,-48.363739831603,48.363739831603,NaN,NaN,NaN,1785262742.14,15069.2258388,2.12241530418396,0.0187375545501709,0.227667331695557,0.852593898773193,1.18544936180115,1.44437980651855,1.48601460456848,1.48601460456848,-1,-1,1.72963404655457,208.929777145386,258.930444717407,41.6347980499268,300.565242767334,Congruent,Left,Right,Left,Right,Right,0,1,1,0,1,0,1,0,0,1,0,1,1,0,1,1,0,0,1,172,132,20260728_t1405_srsSmooth_training_B002,76,56,11.5947329441706,1.66952586174011,1,1,64,1,0,1,1,0,1
20260728_t1405_srsSmooth_training,srs_smooth_training,trial0194.mat,194,194,172,2,90,76,96,76,20,8,2,1,6,2,42,22707,2,0,2,1,2,1,2,1,2,1,CHOSE_HIGH_SAL,1,455,1,0,6,0,0,0,73,175,175,73,-102,175,1,0,10.0207034085055,179.979296591494,10.0207034085055,179.979296591494,-169.958593182989,169.958593182989,NaN,NaN,NaN,1785262745.85717,15072.94302024,2.12223267555237,0.0183804035186768,0.186023235321045,0.802684307098389,1.13509011268616,1.3272590637207,1.37762475013733,1.37762475013733,-1,-1,1.64605236053467,167.642831802368,192.168951034546,50.365686416626,242.534637451172,Congruent,Left,Right,Right,Right,Right,0,1,1,0,1,1,0,1,1,0,1,0,0,0,1,1,0,0,1,173,133,20260728_t1405_srsSmooth_training_B002,77,57,11.6566857457161,1.5947527885437,1,2,96,1,1,1,0,0,1
20260728_t1405_srsSmooth_training,srs_smooth_training,trial0195.mat,195,195,173,2,91,77,96,76,20,8,2,2,7,2,67,4167,2,0,1,2,2,2,1,1,1,1,CHOSE_HIGH_SAL,1,455,1,0,0,0,0,0,88,181,181,88,-93,88,1,180,356.617225901929,193.382774098071,176.617225901929,13.3827740980715,163.234451803857,163.234451803857,NaN,NaN,NaN,1785262749.64688,15076.73261572,2.20737791061401,0.0121467113494873,0.271364212036133,0.954787969589233,1.28719663619995,1.50435495376587,1.55454111099243,1.55454111099243,-1,-1,1.81514143943787,259.217500686646,217.158317565918,50.1861572265625,267.34447479248,Conflict,Right,Left,Right,Left,Right,0,1,0,1,1,1,1,0,1,0,0,1,0,1,0,1,0,1,1,174,134,20260728_t1405_srsSmooth_training_B002,78,58,11.7198476433754,1.66748118400574,2,1,175,1,1,0,0,1,1
20260728_t1405_srsSmooth_training,srs_smooth_training,trial0196.mat,196,196,174,2,92,78,96,76,20,8,2,1,6,2,48,17102,2,0,2,1,2,1,2,1,2,1,CHOSE_HIGH_SAL,1,455,1,0,0,0,0,0,69,184,184,69,-115,184,1,180,213.315787795695,336.684212204305,33.3157877956952,156.684212204305,-123.36842440861,123.36842440861,NaN,NaN,NaN,1785262753.54229,15080.62802228,1.98731064796448,0.0168941020965576,0.017664909362793,0.63438892364502,0.966931104660034,1.20898127555847,1.25065135955811,1.25065135955811,-1,-1,1.50294947624207,0.770807266235352,242.050170898438,41.6700839996338,283.720254898071,Congruent,Left,Right,Right,Right,Right,0,1,1,0,1,1,0,1,1,0,1,0,0,0,1,1,0,0,1,175,135,20260728_t1405_srsSmooth_training_B002,79,59,11.7847710490227,1.68802642822266,1,1,88,1,1,0,0,1,1
20260728_t1405_srsSmooth_training,srs_smooth_training,trial0197.mat,197,197,175,2,93,79,96,76,20,8,2,2,8,2,88,30377,2,0,2,1,2,1,1,2,2,1,CHOSE_LOW_SAL,2,455,1,0,0,0,0,0,86,153,153,86,-67,153,1,0,124.786389426087,65.2136105739128,124.786389426087,65.2136105739128,59.5727788521743,59.5727788521743,NaN,NaN,NaN,1785262757.10659,15084.19219832,2.2230806350708,0.0110597610473633,0.203137159347534,0.861769914627075,1.19443869590759,1.44508504867554,1.48672032356262,1.48672032356262,-1,-1,1.77177333831787,192.077398300171,250.646352767944,41.635274887085,292.281627655029,Conflict,Left,Right,Right,Right,Left,0,1,0,1,1,1,0,1,0,0,1,0,1,0,1,0,0,1,1,176,136,20260728_t1405_srsSmooth_training_B002,80,60,11.8441761573156,1.57699584960938,2,1,184,1,0,0,1,1,1
20260728_t1405_srsSmooth_training,srs_smooth_training,trial0198.mat,198,198,176,2,94,80,96,76,20,8,2,1,5,2,27,4328,2,0,1,2,2,2,2,2,1,1,CHOSE_LOW_SAL,2,455,1,0,0,0,0,0,60,184,184,60,-124,60,1,180,269.546048970206,280.453951029794,89.5460489702061,100.453951029794,-10.9079020595877,10.9079020595877,NaN,NaN,NaN,1785262760.93434,15088.01981704,1.97875881195068,0.0167996883392334,0.250736236572266,0.775844097137451,1.10850858688354,1.34250688552856,1.3922803401947,1.3922803401947,-1,-1,1.61932277679443,233.936548233032,233.99829864502,49.7734546661377,283.771753311157,Congruent,Right,Left,Right,Left,Left,0,1,1,0,1,1,1,0,0,0,0,1,1,1,0,0,0,0,1,177,137,20260728_t1405_srsSmooth_training_B002,81,61,11.9079718748728,1.60466241836548,2,1,153,1,1,0,0,1,1
20260728_t1405_srsSmooth_training,srs_smooth_training,trial0199.mat,199,199,177,2,95,81,96,76,20,8,2,2,7,2,72,22983,2,0,1,2,2,2,1,1,1,1,CHOSE_HIGH_SAL,1,455,1,0,0,0,0,0,82,184,184,82,-102,82,1,0,152.856899680241,37.1431003197585,152.856899680241,37.1431003197585,115.713799360483,115.713799360483,NaN,NaN,NaN,1785262764.51039,15091.59574076,2.22769284248352,0.0158870220184326,0.208143472671509,0.95800256729126,1.2909369468689,1.49967622756958,1.54965114593506,1.54965114593506,-1,-1,1.84314298629761,192.256450653076,208.739280700684,49.9749183654785,258.714199066162,Conflict,Right,Left,Right,Left,Right,0,1,0,1,1,1,1,0,1,0,0,1,0,1,0,1,0,1,1,178,138,20260728_t1405_srsSmooth_training_B002,82,62,11.9675727367401,1.59729290008545,1,1,60,1,0,0,1,1,1
20260728_t1405_srsSmooth_training,srs_smooth_training,trial0200.mat,200,200,178,2,96,82,96,76,20,8,2,1,5,2,26,8719,2,0,1,2,2,2,2,2,1,1,CHOSE_LOW_SAL,2,455,1,0,0,0,0,0,48,164,164,48,-116,48,1,180,214.323897725686,335.676102274314,34.3238977256863,155.676102274314,-121.352204548627,121.352204548627,NaN,NaN,NaN,1785262768.38215,15095.46750556,2.23946166038513,0.0109438896179199,0.294718742370605,1.08678770065308,1.41933178901672,1.62828850746155,1.6699275970459,1.6699275970459,-1,-1,1.88835453987122,283.774852752686,208.956718444824,41.6390895843506,250.595808029175,Congruent,Right,Left,Right,Left,Left,0,1,1,0,1,1,1,0,0,0,0,1,1,1,0,0,0,0,1,179,139,20260728_t1405_srsSmooth_training_B002,83,63,12.0321020881335,1.64406824111938,1,1,82,1,0,0,1,1,1
20260728_t1405_srsSmooth_training,srs_smooth_training,trial0201.mat,201,201,179,2,97,83,96,76,20,8,2,2,8,2,83,26861,2,0,2,1,2,1,1,2,2,1,CHOSE_LOW_SAL,2,455,1,0,0,0,0,0,62,187,187,62,-125,187,1,180,299.148331533594,250.851668466406,119.148331533594,70.851668466406,48.2966630671881,48.2966630671881,NaN,NaN,NaN,1785262772.53251,15099.61781568,2.30559420585632,0.0190777778625488,0.236325740814209,0.894911289215088,1.22745871543884,1.47840642929077,1.52819490432739,1.52819490432739,-1,-1,1.82201910018921,217.24796295166,250.947713851929,49.7884750366211,300.73618888855,Conflict,Left,Right,Right,Right,Left,0,1,0,1,1,1,0,1,0,0,1,0,1,0,1,0,0,1,1,180,140,20260728_t1405_srsSmooth_training_B002,84,64,12.1012747724851,1.91089940071106,1,1,48,1,1,0,0,1,1
20260728_t1405_srsSmooth_training,srs_smooth_training,trial0202.mat,202,202,180,2,98,84,96,76,20,8,2,2,8,2,92,27730,2,0,2,1,2,1,1,2,2,1,CHOSE_LOW_SAL,2,455,1,0,0,0,0,0,71,167,167,71,-96,167,1,0,116.69767313905,73.3023268609498,116.69767313905,73.3023268609498,43.3953462781003,43.3953462781003,NaN,NaN,NaN,1785262776.60381,15103.68902548,2.36002635955811,0.0146052837371826,0.28212571144104,1.07381677627563,1.40632629394531,1.61553359031677,1.6571364402771,1.6571364402771,-1,-1,1.89258432388306,267.520427703857,209.20729637146,41.6028499603271,250.810146331787,Conflict,Left,Right,Right,Right,Left,0,1,0,1,1,1,0,1,0,0,1,0,1,0,1,0,0,1,1,181,141,20260728_t1405_srsSmooth_training_B002,85,65,12.1691297491392,1.76570439338684,2,1,187,1,0,0,1,1,1
20260728_t1405_srsSmooth_training,srs_smooth_training,trial0203.mat,203,203,181,2,99,85,96,76,20,8,2,1,5,2,25,8061,2,0,1,2,2,2,2,2,1,1,,0,11,0,1,0,0,0,0,98,172,172,98,-74,98,1,180,191.142773127792,358.857226872208,11.1427731277925,178.857226872208,-167.714453744415,167.714453744415,NaN,NaN,NaN,1785262780.56472,15107.64991772,1.58245444297791,0.0121781826019287,0.229610204696655,0.763074398040771,1.09555315971375,1.35484337806702,1.39645743370056,1.39645743370056,-1,-1,-1,217.432022094727,259.290218353271,41.6140556335449,300.904273986816,Congruent,Right,Left,Right,Left,Left,0,1,1,0,0,NaN,NaN,NaN,NaN,NaN,NaN,NaN,NaN,1,0,0,0,0,0,181,NaN,20260728_t1405_srsSmooth_training_B002,NaN,NaN,12.2351450006167,1.60088872909546,NaN,NaN,NaN,0,NaN,NaN,NaN,NaN,0
20260728_t1405_srsSmooth_training,srs_smooth_training,trial0204.mat,204,204,181,2,100,85,96,76,20,8,2,2,8,2,84,16972,2,0,2,1,2,1,1,2,2,1,CHOSE_LOW_SAL,2,455,1,0,0,0,0,0,91,165,165,91,-74,165,1,0,153.600074163821,36.3999258361789,153.600074163821,36.3999258361789,117.200148327642,117.200148327642,NaN,NaN,NaN,1785262783.64259,15110.72779736,2.20487928390503,0.0177698135375977,0.293385744094849,0.843517541885376,1.17614793777466,1.42694520950317,1.4770724773407,1.4770724773407,-1,-1,1.73757314682007,275.615930557251,250.797271728516,50.1272678375244,300.92453956604,Conflict,Left,Right,Right,Right,Left,0,1,0,1,1,1,0,1,0,0,1,0,1,0,1,0,0,1,1,182,142,20260728_t1405_srsSmooth_training_B002,86,66,12.2864427049955,1.49540781974792,2,1,167,1,0,0,1,1,1
20260728_t1405_srsSmooth_training,srs_smooth_training,trial0205.mat,205,205,182,2,101,86,96,76,20,8,2,2,7,2,64,24062,2,0,1,2,2,2,1,1,1,1,CHOSE_HIGH_SAL,1,455,1,0,0,0,0,0,83,157,157,83,-74,83,1,0,114.418286712442,75.581713287558,114.418286712442,75.581713287558,38.836573424884,38.836573424884,NaN,NaN,NaN,1785262787.42237,15114.5073542,2.04954814910889,0.0131351947784424,0.197107791900635,0.805603504180908,1.13817930221558,1.38051986694336,1.43066906929016,1.43066906929016,-1,-1,1.6658673286438,183.972597122192,242.340564727783,50.1492023468018,292.489767074585,Conflict,Right,Left,Right,Left,Right,0,1,0,1,1,1,1,0,1,0,0,1,0,1,0,1,0,1,1,183,143,20260728_t1405_srsSmooth_training_B002,87,67,12.3494390646617,1.57490229606628,2,1,165,1,1,0,0,1,1
20260728_t1405_srsSmooth_training,srs_smooth_training,trial0206.mat,206,206,183,2,102,87,96,76,20,8,2,2,7,2,69,30308,2,0,1,2,2,2,1,1,1,1,CHOSE_HIGH_SAL,1,455,1,0,0,0,0,0,72,187,187,72,-115,72,1,0,142.042210800625,47.9577891993753,142.042210800625,47.9577891993753,94.0844216012495,94.0844216012495,NaN,NaN,NaN,1785262791.0747,15118.15969092,2.01433825492859,0.0109484195709229,0.0118064880371094,0.769945621490479,1.10265827178955,1.30345177650452,1.36166024208069,1.36166024208069,-1,-1,1.63840651512146,0.858068466186523,200.793504714966,58.2084655761719,259.001970291138,Conflict,Right,Left,Right,Left,Right,0,1,0,1,1,1,1,0,1,0,0,1,0,1,0,1,0,1,1,184,144,20260728_t1405_srsSmooth_training_B002,88,68,12.4103112300237,1.60278177261353,1,1,83,1,0,0,1,1,1
20260728_t1405_srsSmooth_training,srs_smooth_training,trial0207.mat,207,207,184,2,103,88,96,76,20,8,2,2,8,2,78,12376,2,0,2,1,2,1,1,2,2,1,CHOSE_LOW_SAL,2,455,1,0,0,0,0,0,96,170,170,96,-74,170,1,0,130.743888705128,59.2561112948718,130.743888705128,59.2561112948718,71.4877774102565,71.4877774102565,NaN,NaN,NaN,1785262794.68283,15121.76773536,2.3573956489563,0.0112931728363037,0.212270498275757,0.995487689971924,1.32801103591919,1.5538113117218,1.59548926353455,1.59548926353455,-1,-1,1.88938212394714,200.977325439453,225.800275802612,41.6779518127441,267.478227615356,Conflict,Left,Right,Right,Right,Left,0,1,0,1,1,1,0,1,0,0,1,0,1,0,1,0,0,1,1,185,145,20260728_t1405_srsSmooth_training_B002,89,69,12.4704467336337,1.59379196166992,1,1,72,1,1,0,0,1,1
20260728_t1405_srsSmooth_training,srs_smooth_training,trial0208.mat,208,208,185,2,104,89,96,76,20,8,2,1,5,2,35,20174,2,0,1,2,2,2,2,2,1,1,CHOSE_LOW_SAL,2,455,1,0,0,0,0,0,99,166,166,99,-67,99,1,180,245.951470953303,304.048529046697,65.9514709533032,124.048529046697,-58.0970580933936,58.0970580933936,NaN,NaN,NaN,1785262798.63687,15125.72164672,2.03581571578979,0.0157425403594971,0.199652910232544,0.741254806518555,1.07411742210388,1.35793423652649,1.40794038772583,1.40794038772583,-1,-1,1.6347873210907,183.910369873047,283.816814422607,50.0061511993408,333.822965621948,Congruent,Right,Left,Right,Left,Left,0,1,1,0,1,1,1,0,0,0,0,1,1,1,0,0,0,0,1,186,146,20260728_t1405_srsSmooth_training_B002,90,70,12.5363473773003,1.59664297103882,2,1,170,1,1,0,0,1,1
20260728_t1405_srsSmooth_training,srs_smooth_training,trial0209.mat,209,209,186,2,105,90,96,76,20,8,2,2,8,2,87,31003,2,0,2,1,2,1,1,2,2,1,CHOSE_LOW_SAL,2,455,1,0,0,0,0,0,120,180,180,120,-60,180,1,180,289.208873425196,260.791126574804,109.208873425196,80.7911265748037,28.4177468503926,28.4177468503926,NaN,NaN,NaN,1785262802.25637,15129.34100996,2.14984321594238,0.0130441188812256,0.0141398906707764,0.755096673965454,1.08808612823486,1.33843088150024,1.38850808143616,1.38850808143616,-1,-1,1.66568899154663,1.09577178955078,250.344753265381,50.0771999359131,300.421953201294,Conflict,Left,Right,Right,Right,Left,0,1,0,1,1,1,0,1,0,0,1,0,1,0,1,0,0,1,1,187,147,20260728_t1405_srsSmooth_training_B002,91,71,12.5966724991798,1.58369159698486,1,1,99,1,1,0,0,1,1
20260728_t1405_srsSmooth_training,srs_smooth_training,trial0210.mat,210,210,187,2,106,91,96,76,20,8,2,2,8,2,82,645,2,0,2,1,2,1,1,2,2,1,CHOSE_LOW_SAL,2,455,1,0,0,0,0,0,89,171,171,89,-82,171,1,0,138.264092795303,51.7359072046968,138.264092795303,51.7359072046968,86.5281855906064,86.5281855906064,NaN,NaN,NaN,1785262806.00137,15133.0860854,2.11291718482971,0.0181941986083984,0.0189650058746338,0.752168416976929,1.08490228652954,1.3438892364502,1.385493516922,1.385493516922,-1,-1,1.63785672187805,0.770807266235352,258.986949920654,41.6042804718018,300.591230392456,Conflict,Left,Right,Right,Right,Left,0,1,0,1,1,1,0,1,0,0,1,0,1,0,1,0,0,1,1,188,148,20260728_t1405_srsSmooth_training_B002,92,72,12.6590891122818,1.59515357017517,2,1,180,1,0,0,1,1,1
20260728_t1405_srsSmooth_training,srs_smooth_training,trial0211.mat,211,211,188,2,107,92,96,76,20,8,2,1,5,2,25,8061,2,0,1,2,2,2,2,2,0,0,,0,454,0,1,0,0,0,0,85,184,184,85,-99,NaN,1,180,207.277758849407,342.722241150593,27.2777588494071,162.722241150593,-135.444482301186,135.444482301186,NaN,NaN,NaN,1785262809.70604,15136.79065388,1.68341565132141,0.0136713981628418,0.239489793777466,1.03079128265381,1.36372447013855,1.60593676567078,-1,-1,-1,-1,-1,225.818395614624,242.212295532227,NaN,NaN,Congruent,Right,Left,None,Left,Left,0,1,1,0,0,NaN,NaN,NaN,NaN,NaN,NaN,NaN,NaN,1,0,0,0,0,0,188,NaN,20260728_t1405_srsSmooth_training_B002,NaN,NaN,12.7208335757256,1.59175062179565,NaN,NaN,NaN,0,NaN,NaN,NaN,NaN,0
20260728_t1405_srsSmooth_training,srs_smooth_training,trial0212.mat,212,212,188,2,108,92,96,76,20,8,2,1,6,2,40,6340,2,0,2,1,2,1,2,1,2,1,CHOSE_HIGH_SAL,1,455,1,0,0,0,0,0,64,182,182,64,-118,182,1,0,32.0249310742538,157.975068925746,32.0249310742538,157.975068925746,-125.950137851492,125.950137851492,NaN,NaN,NaN,1785262812.83722,15139.92179176,2.09404397010803,0.0159432888031006,0.233164072036743,0.783042907714844,1.11598634719849,1.34177422523499,1.38338017463684,1.38338017463684,-1,-1,1.60227227210999,217.220783233643,225.787878036499,41.6059494018555,267.393827438354,Congruent,Left,Right,Right,Right,Right,0,1,1,0,1,1,0,1,1,0,1,0,0,0,1,1,0,0,1,189,149,20260728_t1405_srsSmooth_training_B002,93,73,12.7730199813843,1.4477686882019,2,1,171,1,0,0,1,1,1
20260728_t1405_srsSmooth_training,srs_smooth_training,trial0213.mat,213,213,189,2,109,93,96,76,20,8,2,1,5,2,25,8061,2,0,1,2,2,2,2,2,1,1,CHOSE_LOW_SAL,2,455,1,0,0,0,0,0,81,185,185,81,-104,81,1,180,215.146086994834,334.853913005166,35.1460869948343,154.853913005166,-119.707826010331,119.707826010331,NaN,NaN,NaN,1785262816.52326,15143.60761384,1.97562527656555,0.0133824348449707,0.18916392326355,0.730937719345093,1.06342339515686,1.28915309906006,1.35552978515625,1.35552978515625,-1,-1,1.59114503860474,175.781488418579,225.729703903198,66.3766860961914,292.10638999939,Congruent,Right,Left,Right,Left,Left,0,1,1,0,1,1,1,0,0,0,0,1,1,1,0,0,0,0,1,190,150,20260728_t1405_srsSmooth_training_B002,94,74,12.8344539602598,1.59199476242065,2,1,182,1,1,0,0,1,1
20260728_t1405_srsSmooth_training,srs_smooth_training,trial0214.mat,214,214,190,2,110,94,96,76,20,8,2,2,8,2,91,10580,2,0,2,1,2,1,1,2,2,1,CHOSE_LOW_SAL,2,455,1,0,0,0,0,0,89,146,146,89,-57,146,1,0,176.511547468787,13.4884525312134,176.511547468787,13.4884525312135,163.023094937573,163.023094937573,NaN,NaN,NaN,1785262820.14052,15147.22487036,2.17501616477966,0.0129282474517822,0.188586950302124,0.805043458938599,1.13797211647034,1.38846445083618,1.43028593063354,1.43028593063354,-1,-1,1.73236346244812,175.658702850342,250.492334365845,41.8214797973633,292.313814163208,Conflict,Left,Right,Right,Right,Left,0,1,0,1,1,1,0,1,0,0,1,0,1,0,1,0,0,1,1,191,151,20260728_t1405_srsSmooth_training_B002,95,75,12.8947416822116,1.6416380405426,1,1,81,1,1,0,0,1,1
20260728_t1405_srsSmooth_training,srs_smooth_training,trial0215.mat,215,215,191,2,111,95,96,76,20,8,2,1,5,2,24,22568,2,0,1,2,2,2,2,2,1,1,CHOSE_LOW_SAL,2,455,1,0,0,0,0,0,80,178,178,80,-98,80,1,0,72.8929321662301,117.10706783377,72.8929321662301,117.10706783377,-44.2141356675398,44.2141356675398,NaN,NaN,NaN,1785262823.90975,15150.99403312,2.12242531776428,0.0188512802124023,0.219313144683838,0.944389581680298,1.27723431587219,1.46947026252747,1.51169061660767,1.51169061660767,-1,-1,1.73796010017395,200.461864471436,192.235946655273,42.2203540802002,234.456300735474,Congruent,Right,Left,Right,Left,Left,0,1,1,0,1,1,1,0,0,0,0,1,1,1,0,0,0,0,1,192,152,20260728_t1405_srsSmooth_training_B002,96,76,12.9575620969137,1.59420871734619,2,1,146,1,1,0,0,1,1
20260728_t1405_srsSmooth_training,srs_smooth_training,trial0216.mat,216,216,192,3,1,0,88,68,20,8,1,0,1,1,2,23056,1,1,1,2,1,1,1,1,1,1,SINGLE_T1_CORRECT,10,455,1,0,0,0,0,0,174,95,174,95,79,174,1,0,180,10,180,10,170,170,NaN,NaN,NaN,1785262827.62482,15154.70901468,2.09924221038818,0.0122616291046143,0.154636859893799,0.712974786758423,1.04563570022583,1.31306409835815,1.36309838294983,1.36309838294983,-1,-1,1.62438750267029,142.375230789185,267.428398132324,50.0342845916748,317.462682723999,Instruction,Right,Left,Right,Right,Right,1,0,0,0,0,NaN,NaN,NaN,NaN,NaN,NaN,NaN,NaN,1,1,1,1,1,0,193,NaN,20260728_t1405_srsSmooth_training_B003,1,NaN,13.019479906559,1.59264326095581,NaN,NaN,NaN,0,NaN,NaN,NaN,NaN,0
20260728_t1405_srsSmooth_training,srs_smooth_training,trial0217.mat,217,217,193,3,2,1,88,68,20,8,1,0,2,1,9,9165,1,1,2,1,1,2,1,2,0,0,,0,453,0,1,0,0,0,0,139,91,139,91,48,NaN,1,0,180,10,180,10,170,170,NaN,NaN,NaN,1785262831.34822,15158.432413,1.76690626144409,0.0140063762664795,0.181130170822144,0.939488172531128,1.27238941192627,-1,-1,-1,-1,-1,-1,167.123794555664,NaN,NaN,NaN,Instruction,Left,Right,None,Left,Left,1,0,0,0,0,NaN,NaN,NaN,NaN,NaN,NaN,NaN,NaN,0,0,0,1,1,0,193,NaN,20260728_t1405_srsSmooth_training_B003,NaN,NaN,13.0815366109212,1.62416005134583,NaN,NaN,NaN,0,NaN,NaN,NaN,NaN,0
20260728_t1405_srsSmooth_training,srs_smooth_training,trial0218.mat,218,218,193,3,3,1,88,68,20,8,1,0,1,1,4,28447,1,1,1,2,1,1,1,1,1,1,SINGLE_T1_CORRECT,10,455,1,0,0,0,0,0,156,100,156,100,56,156,1,0,180,10,180,10,170,170,NaN,NaN,NaN,1785262834.54759,15161.6316024,2.27673077583313,0.0147585868835449,0.240399837493896,0.9404616355896,1.27314186096191,1.49882531166077,1.54059052467346,1.54059052467346,-1,-1,1.81739568710327,225.641250610352,225.683450698853,41.7652130126953,267.448663711548,Instruction,Right,Left,Right,Right,Right,1,0,0,0,0,NaN,NaN,NaN,NaN,NaN,NaN,NaN,NaN,1,1,1,1,1,0,194,NaN,20260728_t1405_srsSmooth_training_B003,2,NaN,13.1348595062892,1.43246746063232,NaN,NaN,NaN,0,NaN,NaN,NaN,NaN,0
20260728_t1405_srsSmooth_training,srs_smooth_training,trial0219.mat,219,219,194,3,4,2,88,68,20,8,1,0,3,1,12,18104,1,2,2,1,1,2,2,1,2,1,SINGLE_T2_CORRECT,11,455,1,0,0,0,0,0,173,106,173,106,67,106,1,0,10,180,10,180,-170,170,NaN,NaN,NaN,1785262838.42693,15165.51092376,2.2892529964447,0.0189046859741211,0.236236810684204,1.02796721458435,1.36062431335449,1.59437370300293,1.64438843727112,1.64438843727112,-1,-1,1.87994432449341,217.332124710083,233.749389648438,50.0147342681885,283.764123916626,Instruction,Left,Right,Right,Left,Right,1,0,0,0,0,NaN,NaN,NaN,NaN,NaN,NaN,NaN,NaN,0,0,1,1,0,0,195,NaN,20260728_t1405_srsSmooth_training_B003,3,NaN,13.1995151758194,1.60260939598083,NaN,NaN,NaN,0,NaN,NaN,NaN,NaN,0
20260728_t1405_srsSmooth_training,srs_smooth_training,trial0220.mat,220,220,195,3,5,3,88,68,20,8,1,0,1,1,1,7571,1,1,1,2,1,1,1,1,1,1,SINGLE_T1_CORRECT,10,455,1,0,0,0,0,0,178,112,178,112,66,178,1,180,0,190,180,10,170,170,NaN,NaN,NaN,1785262842.34958,15169.43362064,1.97553658485413,0.0130836963653564,0.0140841007232666,0.596993207931519,0.929786682128906,1.16392159461975,1.2053005695343,1.2053005695343,-1,-1,1.49938535690308,1.00040435791016,234.134912490845,41.3789749145508,275.513887405396,Instruction,Right,Left,Right,Right,Right,1,0,0,0,0,NaN,NaN,NaN,NaN,NaN,NaN,NaN,NaN,1,1,1,1,1,0,196,NaN,20260728_t1405_srsSmooth_training_B003,4,NaN,13.2648925423622,1.63338899612427,NaN,NaN,NaN,0,NaN,NaN,NaN,NaN,0
20260728_t1405_srsSmooth_training,srs_smooth_training,trial0221.mat,221,221,196,3,6,4,88,68,20,8,1,0,4,1,16,9867,1,2,1,2,1,1,2,2,0,0,,0,454,0,1,0,0,0,0,165,119,165,119,46,NaN,1,0,10,180,10,180,-170,170,NaN,NaN,NaN,1785262845.9061,15172.989824,1.43433284759521,0.0150365829467773,0.224255323410034,0.749234914779663,1.0817449092865,1.34048867225647,-1,-1,-1,-1,-1,209.218740463257,258.743762969971,NaN,NaN,Instruction,Right,Left,None,Right,Left,1,0,0,0,0,NaN,NaN,NaN,NaN,NaN,NaN,NaN,NaN,1,1,0,1,0,0,196,NaN,20260728_t1405_srsSmooth_training_B003,NaN,NaN,13.3241678873698,1.58098411560059,NaN,NaN,NaN,0,NaN,NaN,NaN,NaN,0
20260728_t1405_srsSmooth_training,srs_smooth_training,trial0222.mat,222,222,196,3,7,4,88,68,20,8,1,0,1,1,5,11396,1,1,1,2,1,1,1,1,1,1,SINGLE_T1_CORRECT,10,455,1,0,0,0,0,0,151,128,151,128,23,151,1,0,180,10,180,10,170,170,NaN,NaN,NaN,1785262848.77658,15175.86030752,2.3146333694458,0.0113284587860107,0.245121240615845,0.870071649551392,1.20304250717163,1.50358295440674,1.55357623100281,1.55357623100281,-1,-1,1.86408233642578,233.792781829834,300.540447235107,49.9932765960693,350.533723831177,Instruction,Right,Left,Right,Right,Right,1,0,0,0,0,NaN,NaN,NaN,NaN,NaN,NaN,NaN,NaN,1,1,1,1,1,0,197,NaN,20260728_t1405_srsSmooth_training_B003,5,NaN,13.3720093448957,1.43615460395813,NaN,NaN,NaN,0,NaN,NaN,NaN,NaN,0
20260728_t1405_srsSmooth_training,srs_smooth_training,trial0223.mat,223,223,197,3,8,5,88,68,20,8,1,0,2,1,6,10835,1,1,2,1,1,2,1,2,1,2,SINGLE_T1_CORRECT,10,455,1,0,0,0,0,0,145,99,145,99,46,145,1,0,180,10,180,10,170,170,NaN,NaN,NaN,1785262852.66481,15179.74853108,2.21800827980042,0.0149192810058594,0.240627288818359,0.873818635940552,1.2066330909729,1.42377877235413,1.47382140159607,1.47382140159607,-1,-1,1.7756187915802,225.7080078125,217.145681381226,50.0426292419434,267.188310623169,Instruction,Left,Right,Left,Left,Left,1,0,0,0,0,NaN,NaN,NaN,NaN,NaN,NaN,NaN,NaN,0,0,0,1,1,0,198,NaN,20260728_t1405_srsSmooth_training_B003,6,NaN,13.4368131637573,1.57359576225281,NaN,NaN,NaN,0,NaN,NaN,NaN,NaN,0
20260728_t1405_srsSmooth_training,srs_smooth_training,trial0224.mat,224,224,198,3,9,6,88,68,20,8,1,0,2,1,7,9626,1,1,2,1,1,2,1,2,1,2,SINGLE_T1_CORRECT,10,455,1,0,0,0,0,0,140,94,140,94,46,140,1,0,180,10,180,10,170,170,NaN,NaN,NaN,1785262856.47269,15183.55640188,2.2852611541748,0.0155291557312012,0.224455118179321,0.907630681991577,1.24057698249817,1.49943494796753,1.54106712341309,1.54106712341309,-1,-1,1.84305715560913,208.92596244812,258.85796546936,41.6321754455566,300.490140914917,Instruction,Left,Right,Left,Left,Left,1,0,0,0,0,NaN,NaN,NaN,NaN,NaN,NaN,NaN,NaN,0,0,0,1,1,0,199,NaN,20260728_t1405_srsSmooth_training_B003,7,NaN,13.5002777338028,1.58986592292786,NaN,NaN,NaN,0,NaN,NaN,NaN,NaN,0
20260728_t1405_srsSmooth_training,srs_smooth_training,trial0225.mat,225,225,199,3,10,7,88,68,20,8,1,0,3,1,11,4952,1,2,2,1,1,2,2,1,2,1,SINGLE_T2_CORRECT,11,455,1,0,0,0,0,0,189,108,189,108,81,108,1,180,190,0,10,180,-170,170,NaN,NaN,NaN,1785262860.36056,15187.44413004,2.30608558654785,0.0111379623413086,0.303324699401855,1.01179099082947,1.34452390670776,1.5532238483429,1.59493803977966,1.59493803977966,-1,-1,1.89698266983032,292.186737060547,208.699941635132,41.7141914367676,250.414133071899,Instruction,Left,Right,Right,Left,Right,1,0,0,0,0,NaN,NaN,NaN,NaN,NaN,NaN,NaN,NaN,0,0,1,1,0,0,200,NaN,20260728_t1405_srsSmooth_training_B003,8,NaN,13.5650756875674,1.60261607170105,NaN,NaN,NaN,0,NaN,NaN,NaN,NaN,0
20260728_t1405_srsSmooth_training,srs_smooth_training,trial0226.mat,226,226,200,3,11,8,88,68,20,8,1,0,1,1,3,21324,1,1,1,2,1,1,1,1,1,1,SINGLE_T1_CORRECT,10,455,1,0,0,0,0,0,182,117,182,117,65,182,1,180,0,190,180,10,170,170,NaN,NaN,NaN,1785262864.25455,15191.33813384,2.30383825302124,0.017310619354248,0.234550714492798,0.984389781951904,1.31736159324646,1.54291963577271,1.58455157279968,1.58455157279968,-1,-1,1.81985831260681,217.24009513855,225.558042526245,41.6319370269775,267.189979553223,Instruction,Right,Left,Right,Right,Right,1,0,0,0,0,NaN,NaN,NaN,NaN,NaN,NaN,NaN,NaN,1,1,1,1,1,0,201,NaN,20260728_t1405_srsSmooth_training_B003,9,NaN,13.6299753745397,1.58789563179016,NaN,NaN,NaN,0,NaN,NaN,NaN,NaN,0
20260728_t1405_srsSmooth_training,srs_smooth_training,trial0227.mat,227,227,201,3,12,9,88,68,20,8,1,0,3,1,15,31548,1,2,2,1,1,2,2,1,2,1,SINGLE_T2_CORRECT,11,455,1,0,0,0,0,0,182,115,182,115,67,115,1,180,190,0,10,180,-170,170,NaN,NaN,NaN,1785262868.30546,15195.3889186,2.00319242477417,0.0165610313415527,0.225316762924194,0.750582695007324,1.08327007293701,1.30048394203186,1.3420946598053,1.3420946598053,-1,-1,1.58624315261841,208.755731582642,217.213869094849,41.6107177734375,258.824586868286,Instruction,Left,Right,Right,Left,Right,1,0,0,0,0,NaN,NaN,NaN,NaN,NaN,NaN,NaN,NaN,0,0,1,1,0,0,202,NaN,20260728_t1405_srsSmooth_training_B003,10,NaN,13.697490533193,1.74707126617432,NaN,NaN,NaN,0,NaN,NaN,NaN,NaN,0
20260728_t1405_srsSmooth_training,srs_smooth_training,trial0228.mat,228,228,202,3,13,10,88,68,20,8,1,0,4,1,19,27595,1,2,1,2,1,1,2,2,0,0,,0,11,0,1,0,0,0,0,133,123,133,123,10,NaN,1,0,10,180,10,180,-170,170,NaN,NaN,NaN,1785262872.10198,15199.1852,0.0636122226715088,0.0118551254272461,0.0127966403961182,-1,-1,-1,-1,-1,-1,-1,-1,0.94151496887207,NaN,NaN,NaN,Instruction,Right,Left,None,Right,Left,1,0,0,0,0,NaN,NaN,NaN,NaN,NaN,NaN,NaN,NaN,1,1,0,1,0,0,202,NaN,20260728_t1405_srsSmooth_training_B003,NaN,NaN,13.7607658982277,1.79332947731018,NaN,NaN,NaN,0,NaN,NaN,NaN,NaN,0
20260728_t1405_srsSmooth_training,srs_smooth_training,trial0229.mat,229,229,202,3,14,10,88,68,20,8,1,0,2,1,10,28109,1,1,2,1,1,2,1,2,1,2,SINGLE_T1_CORRECT,10,455,1,0,0,0,0,0,190,120,190,120,70,190,1,0,180,10,180,10,170,170,NaN,NaN,NaN,1785262873.77889,15200.86224044,2.18022966384888,0.0183427333831787,0.277585506439209,0.793826580047607,1.12671947479248,1.36066889762878,1.40238428115845,1.40238428115845,-1,-1,1.68747019767761,259.24277305603,233.949422836304,41.7153835296631,275.664806365967,Instruction,Left,Right,Left,Left,Left,1,0,0,0,0,NaN,NaN,NaN,NaN,NaN,NaN,NaN,NaN,0,0,0,1,1,0,203,NaN,20260728_t1405_srsSmooth_training_B003,11,NaN,13.7887144406637,1.61330032348633,NaN,NaN,NaN,0,NaN,NaN,NaN,NaN,0
20260728_t1405_srsSmooth_training,srs_smooth_training,trial0230.mat,230,230,203,3,15,11,88,68,20,8,1,0,4,1,20,25552,1,2,1,2,1,1,2,2,2,2,SINGLE_T2_CORRECT,11,455,1,0,0,0,0,0,144,115,144,115,29,115,1,0,10,180,10,180,-170,170,NaN,NaN,NaN,1785262877.55433,15204.63759396,2.19706964492798,0.0180478096008301,0.176949501037598,0.918792009353638,1.25142979621887,1.50228095054626,1.54394793510437,1.54394793510437,-1,-1,1.77951693534851,158.901691436768,250.851154327393,41.6669845581055,292.518138885498,Instruction,Right,Left,Left,Right,Left,1,0,0,0,0,NaN,NaN,NaN,NaN,NaN,NaN,NaN,NaN,1,1,0,1,0,0,204,NaN,20260728_t1405_srsSmooth_training_B003,12,NaN,13.8516385038694,1.59521412849426,NaN,NaN,NaN,0,NaN,NaN,NaN,NaN,0
20260728_t1405_srsSmooth_training,srs_smooth_training,trial0231.mat,231,231,204,3,16,12,88,68,20,8,1,0,2,1,8,437,1,1,2,1,1,2,1,2,1,2,SINGLE_T1_CORRECT,10,455,1,0,0,0,0,0,149,123,149,123,26,149,1,0,180,10,180,10,170,170,NaN,NaN,NaN,1785262881.3346,15208.41771284,2.14968705177307,0.0129287242889404,0.0550267696380615,0.846796274185181,1.1796407699585,1.39684462547302,1.44684815406799,1.44684815406799,-1,-1,1.6989529132843,42.0980453491211,217.203855514526,50.0035285949707,267.207384109497,Instruction,Left,Right,Left,Left,Left,1,0,0,0,0,NaN,NaN,NaN,NaN,NaN,NaN,NaN,NaN,0,0,0,1,1,0,205,NaN,20260728_t1405_srsSmooth_training_B003,13,NaN,13.9146429737409,1.58319854736328,NaN,NaN,NaN,0,NaN,NaN,NaN,NaN,0
20260728_t1405_srsSmooth_training,srs_smooth_training,trial0232.mat,232,232,205,3,17,13,88,68,20,8,1,0,4,1,17,7642,1,2,1,2,1,1,2,2,2,2,SINGLE_T2_CORRECT,11,455,1,0,0,0,0,0,161,107,161,107,54,107,1,0,10,180,10,180,-170,170,NaN,NaN,NaN,1785262885.11598,15212.19894988,2.06818842887878,0.0150349140167236,0.182263135910034,0.783532857894897,1.11507773399353,1.39069795608521,1.43246054649353,1.43246054649353,-1,-1,1.65907859802246,167.228221893311,275.620222091675,41.7625904083252,317.3828125,Instruction,Right,Left,Left,Right,Left,1,0,0,0,0,NaN,NaN,NaN,NaN,NaN,NaN,NaN,NaN,1,1,0,1,0,0,206,NaN,20260728_t1405_srsSmooth_training_B003,14,NaN,13.9776659051577,1.63168883323669,NaN,NaN,NaN,0,NaN,NaN,NaN,NaN,0
20260728_t1405_srsSmooth_training,srs_smooth_training,trial0233.mat,233,233,206,3,18,14,88,68,20,8,1,0,4,1,18,30641,1,2,1,2,1,1,2,2,2,2,SINGLE_T2_CORRECT,11,455,1,0,0,0,0,0,139,86,139,86,53,86,1,0,10,180,10,180,-170,170,NaN,NaN,NaN,1785262888.76624,15215.84930628,2.29322671890259,0.01491379737854,0.19034218788147,0.982287406921387,1.31496453285217,1.5487642288208,1.59872150421143,1.59872150421143,-1,-1,1.90953278541565,175.42839050293,233.799695968628,49.957275390625,283.756971359253,Instruction,Right,Left,Left,Right,Left,1,0,0,0,0,NaN,NaN,NaN,NaN,NaN,NaN,NaN,NaN,1,1,0,1,0,0,207,NaN,20260728_t1405_srsSmooth_training_B003,15,NaN,14.0385036389033,1.58207559585571,NaN,NaN,NaN,0,NaN,NaN,NaN,NaN,0
20260728_t1405_srsSmooth_training,srs_smooth_training,trial0234.mat,234,234,207,3,19,15,88,68,20,8,1,0,4,1,19,27595,1,2,1,2,1,1,2,2,2,2,SINGLE_T2_CORRECT,11,455,1,0,0,0,0,0,174,119,174,119,55,119,1,0,10,180,10,180,-170,170,NaN,NaN,NaN,1785262892.65733,15219.74025008,2.0275776386261,0.0156471729278564,0.208049297332764,0.733096361160278,1.06568932533264,1.32476401329041,1.37485671043396,1.37485671043396,-1,-1,1.60963559150696,192.402124404907,259.074687957764,50.0926971435547,309.167385101318,Instruction,Right,Left,Left,Right,Left,1,0,0,0,0,NaN,NaN,NaN,NaN,NaN,NaN,NaN,NaN,1,1,0,1,0,0,208,NaN,20260728_t1405_srsSmooth_training_B003,16,NaN,14.1033550620079,1.59785866737366,NaN,NaN,NaN,0,NaN,NaN,NaN,NaN,0
20260728_t1405_srsSmooth_training,srs_smooth_training,trial0235.mat,235,235,208,3,20,16,88,68,20,8,1,0,4,1,16,9867,1,2,1,2,1,1,2,2,2,2,SINGLE_T2_CORRECT,11,455,1,0,0,0,0,0,210,92,210,92,118,92,1,180,190,0,10,180,-170,170,NaN,NaN,NaN,1785262896.28934,15223.37227964,2.29590320587158,0.0171153545379639,0.192494869232178,0.976142883300781,1.30883240699768,1.54283618927002,1.59280061721802,1.59280061721802,-1,-1,1.90327405929565,175.379514694214,234.003782272339,49.964427947998,283.968210220337,Instruction,Right,Left,Left,Right,Left,1,0,0,0,0,NaN,NaN,NaN,NaN,NaN,NaN,NaN,NaN,1,1,0,1,0,0,209,NaN,20260728_t1405_srsSmooth_training_B003,17,NaN,14.1638885299365,1.60443043708801,NaN,NaN,NaN,0,NaN,NaN,NaN,NaN,0
20260728_t1405_srsSmooth_training,srs_smooth_training,trial0236.mat,236,236,209,3,21,17,88,68,20,8,1,0,2,1,9,9165,1,1,2,1,1,2,1,2,1,2,SINGLE_T1_CORRECT,10,455,1,0,0,0,0,0,174,140,174,140,34,174,1,0,180,10,180,10,170,170,NaN,NaN,NaN,1785262900.1756,15227.25844552,2.1264271736145,0.0143353939056396,0.215074777603149,0.748432874679565,1.0810432434082,1.33172225952148,1.38162541389465,1.38162541389465,-1,-1,1.64994025230408,200.73938369751,250.679016113281,49.9031543731689,300.58217048645,Instruction,Left,Right,Left,Left,Left,1,0,0,0,0,NaN,NaN,NaN,NaN,NaN,NaN,NaN,NaN,0,0,0,1,1,0,210,NaN,20260728_t1405_srsSmooth_training_B003,18,NaN,14.2286596099536,1.59036159515381,NaN,NaN,NaN,0,NaN,NaN,NaN,NaN,0
20260728_t1405_srsSmooth_training,srs_smooth_training,trial0237.mat,237,237,210,3,22,18,88,68,20,8,1,0,3,1,13,1999,1,2,2,1,1,2,2,1,2,1,SINGLE_T2_CORRECT,11,455,1,0,0,0,0,0,148,140,148,140,8,140,1,180,190,0,10,180,-170,170,NaN,NaN,NaN,1785262903.96968,15231.05236568,2.2159435749054,0.0120737552642822,0.229188919067383,0.912626266479492,1.24545478820801,1.4628758430481,1.51300621032715,1.51300621032715,-1,-1,1.7733588218689,217.115163803101,217.421054840088,50.1303672790527,267.551422119141,Instruction,Left,Right,Right,Left,Right,1,0,0,0,0,NaN,NaN,NaN,NaN,NaN,NaN,NaN,NaN,0,0,1,1,0,0,211,NaN,20260728_t1405_srsSmooth_training_B003,19,NaN,14.2918942054113,1.66764855384827,NaN,NaN,NaN,0,NaN,NaN,NaN,NaN,0
20260728_t1405_srsSmooth_training,srs_smooth_training,trial0238.mat,238,238,211,3,23,19,88,68,20,8,1,0,3,1,14,27729,1,2,2,1,1,2,2,1,2,1,SINGLE_T2_CORRECT,11,455,1,0,0,0,0,0,149,129,149,129,20,129,1,180,190,0,10,180,-170,170,NaN,NaN,NaN,1785262907.80286,15234.88541156,2.17455005645752,0.0123746395111084,0.19657826423645,0.83002495765686,1.16244959831238,1.40469646453857,1.45508193969727,1.45508193969727,-1,-1,1.74837303161621,184.203624725342,242.246866226196,50.3854751586914,292.632341384888,Instruction,Left,Right,Right,Left,Right,1,0,0,0,0,NaN,NaN,NaN,NaN,NaN,NaN,NaN,NaN,0,0,1,1,0,0,212,NaN,20260728_t1405_srsSmooth_training_B003,20,NaN,14.3557805577914,1.61723756790161,NaN,NaN,NaN,0,NaN,NaN,NaN,NaN,0
20260728_t1405_srsSmooth_training,srs_smooth_training,trial0239.mat,239,239,212,3,24,20,88,68,20,8,1,1,5,2,21,16633,2,0,1,2,1,1,1,1,1,1,CHOSE_HIGH_SAL,1,455,1,0,0,0,0,0,140,95,140,95,45,140,1,0,176.272020809399,13.7279791906011,176.272020809399,13.7279791906011,162.544041618798,162.544041618798,NaN,NaN,NaN,1785262911.56628,15238.64888684,2.26083946228027,0.0157642364501953,0.299739360809326,0.899594783782959,1.23247814178467,1.4746298789978,1.51620888710022,1.51620888710022,-1,-1,1.81808352470398,283.975124359131,242.151737213135,41.579008102417,283.730745315552,Congruent,Right,Left,Right,Right,Right,0,1,1,0,1,1,1,1,1,0,0,0,0,1,1,1,1,1,1,213,153,20260728_t1405_srsSmooth_training_B003,21,1,14.4185042818387,1.58887338638306,1,1,80,0,0,0,1,1,1
20260728_t1405_srsSmooth_training,srs_smooth_training,trial0240.mat,240,240,213,3,25,21,88,68,20,8,1,1,6,2,54,15376,2,0,2,1,1,2,1,2,2,1,CHOSE_LOW_SAL,2,455,1,0,0,0,0,0,147,105,147,105,42,105,1,0,147.509092087138,42.4909079128619,147.509092087138,42.4909079128619,105.018184174276,105.018184174276,NaN,NaN,NaN,1785262915.43579,15242.5182206,2.14110279083252,0.0130698680877686,0.205382347106934,0.871876955032349,1.20478272438049,1.43856358528137,1.48012590408325,1.48012590408325,-1,-1,1.7320716381073,192.312479019165,233.780860900879,41.5623188018799,275.343179702759,Congruent,Left,Right,Right,Left,Left,0,1,1,0,1,1,0,0,0,0,1,1,1,0,0,0,1,1,1,214,154,20260728_t1405_srsSmooth_training_B003,22,2,14.4829961379369,1.60867190361023,1,1,140,1,1,0,0,1,1
20260728_t1405_srsSmooth_training,srs_smooth_training,trial0241.mat,241,241,214,3,26,22,88,68,20,8,1,1,5,2,37,11226,2,0,1,2,1,1,1,1,1,1,CHOSE_HIGH_SAL,1,455,1,0,0,0,0,0,167,120,167,120,47,167,1,0,173.894041511115,16.1059584888851,173.894041511115,16.1059584888851,157.78808302223,157.78808302223,NaN,NaN,NaN,1785262919.16043,15246.24276112,2.25890374183655,0.013580322265625,0.197309970855713,0.989088296890259,1.32196450233459,1.5308792591095,1.5724790096283,1.5724790096283,-1,-1,1.79080271720886,183.729648590088,208.914756774902,41.5997505187988,250.514507293701,Congruent,Right,Left,Right,Right,Right,0,1,1,0,1,1,1,1,1,0,0,0,0,1,1,1,1,1,1,215,155,20260728_t1405_srsSmooth_training_B003,23,3,14.5450733621915,1.58353066444397,2,1,105,1,1,0,0,1,1
20260728_t1405_srsSmooth_training,srs_smooth_training,trial0242.mat,242,242,215,3,27,23,88,68,20,8,1,1,6,2,53,31175,2,0,2,1,1,2,1,2,0,0,,0,454,0,1,0,0,0,0,164,103,164,103,61,NaN,1,180,358.233945501279,191.766054498721,178.233945501279,11.766054498721,166.467891002558,166.467891002558,NaN,NaN,NaN,1785262923.02745,15250.10968576,1.61609148979187,0.0133724212646484,0.197088241577148,0.922202348709106,1.25508737564087,1.52229619026184,-1,-1,-1,-1,-1,183.7158203125,267.208814620972,NaN,NaN,Congruent,Left,Right,None,Left,Left,0,1,1,0,0,NaN,NaN,NaN,NaN,NaN,NaN,NaN,NaN,0,0,0,1,1,0,215,NaN,20260728_t1405_srsSmooth_training_B003,NaN,NaN,14.6095237612724,1.60812020301819,NaN,NaN,NaN,0,NaN,NaN,NaN,NaN,0
20260728_t1405_srsSmooth_training,srs_smooth_training,trial0243.mat,243,243,215,3,28,23,88,68,20,8,1,1,5,2,28,17145,2,0,1,2,1,1,1,1,1,1,CHOSE_HIGH_SAL,1,455,1,0,0,0,0,0,148,122,148,122,26,148,1,180,275.143266474299,274.856733525701,95.1432664742994,94.8567335257006,0.286532948598733,0.286532948598733,NaN,NaN,NaN,1785262926.20464,15253.28690104,2.34855794906616,0.0113096237182617,0.270177125930786,0.987125396728516,1.31969356536865,1.57051301002502,1.61215496063232,1.61215496063232,-1,-1,1.89745879173279,258.867502212524,250.819444656372,41.6419506072998,292.461395263672,Congruent,Right,Left,Right,Right,Right,0,1,1,0,1,1,1,1,1,0,0,0,0,1,1,1,1,1,1,216,156,20260728_t1405_srsSmooth_training_B003,24,4,14.6624768575033,1.56109428405762,1,1,167,1,0,0,1,1,1
20260728_t1405_srsSmooth_training,srs_smooth_training,trial0244.mat,244,244,216,3,29,24,88,68,20,8,1,1,6,2,39,22964,2,0,2,1,1,2,1,2,0,0,,0,454,0,1,0,0,0,0,149,123,149,123,26,NaN,1,0,175.404782380638,14.595217619362,175.404782380638,14.595217619362,160.809564761276,160.809564761276,NaN,NaN,NaN,1785262930.14926,15257.23139684,1.5864143371582,0.0168383121490479,0.2339928150177,0.950937747955322,1.28355431556702,1.50072884559631,-1,-1,-1,-1,-1,217.154502868652,217.174530029297,NaN,NaN,Congruent,Left,Right,None,Left,Left,0,1,1,0,0,NaN,NaN,NaN,NaN,NaN,NaN,NaN,NaN,0,0,0,1,1,0,216,NaN,20260728_t1405_srsSmooth_training_B003,NaN,NaN,14.7282205820084,1.59606552124023,NaN,NaN,NaN,0,NaN,NaN,NaN,NaN,0
20260728_t1405_srsSmooth_training,srs_smooth_training,trial0245.mat,245,245,216,3,30,24,88,68,20,8,1,1,5,2,24,13780,2,0,1,2,1,1,1,1,1,1,CHOSE_HIGH_SAL,1,455,1,0,0,0,0,0,151,124,151,124,27,151,1,180,342.100319899101,207.899680100899,162.100319899101,27.8996801008986,134.200639798203,134.200639798203,NaN,NaN,NaN,1785262933.27021,15260.3523818,2.09217214584351,0.0126717090606689,0.280092000961304,0.79696798324585,1.12938165664673,1.35531806945801,1.40541005134583,1.40541005134583,-1,-1,1.64055752754211,267.420291900635,225.936412811279,50.0919818878174,276.028394699097,Congruent,Right,Left,Right,Right,Right,0,1,1,0,1,1,1,1,1,0,0,0,0,1,1,1,1,1,1,217,157,20260728_t1405_srsSmooth_training_B003,25,5,14.780236474673,1.53453922271729,1,1,148,1,0,0,1,1,1
20260728_t1405_srsSmooth_training,srs_smooth_training,trial0246.mat,246,246,217,3,31,25,88,68,20,8,1,1,5,2,35,173,2,0,1,2,1,1,1,1,1,1,CHOSE_HIGH_SAL,1,455,1,0,0,0,0,0,150,142,150,142,8,150,1,0,117.02115879629,72.9788412037096,117.02115879629,72.9788412037096,44.0423175925807,44.0423175925807,NaN,NaN,NaN,1785262936.97377,15264.055813,2.18765377998352,0.017592191696167,0.20183277130127,0.851657152175903,1.18430399894714,1.4182231426239,1.46006083488464,1.46006083488464,-1,-1,1.73697519302368,184.240579605103,233.919143676758,41.8376922607422,275.7568359375,Congruent,Right,Left,Right,Right,Right,0,1,1,0,1,1,1,1,1,0,0,0,0,1,1,1,1,1,1,218,158,20260728_t1405_srsSmooth_training_B003,26,6,14.8419624169668,1.61138439178467,1,1,151,1,0,0,1,1,1
20260728_t1405_srsSmooth_training,srs_smooth_training,trial0247.mat,247,247,218,3,32,26,88,68,20,8,1,2,7,2,57,11982,2,0,1,2,1,1,2,2,1,1,CHOSE_LOW_SAL,2,455,1,0,0,0,0,0,175,111,175,111,64,175,1,0,14.3155574046535,175.684442595346,14.3155574046535,175.684442595346,-161.368885190693,161.368885190693,NaN,NaN,NaN,1785262940.81297,15267.89475688,2.34880065917969,0.0118744373321533,0.237685680389404,0.962781190872192,1.29525756835938,1.5459623336792,1.58741188049316,1.58741188049316,-1,-1,1.87237548828125,225.811243057251,250.704765319824,41.4495468139648,292.154312133789,Conflict,Right,Left,Right,Right,Left,0,1,0,1,1,1,1,1,0,0,0,0,1,1,1,0,1,0,1,219,159,20260728_t1405_srsSmooth_training_B003,27,7,14.9059490601222,1.65154480934143,1,1,150,1,0,0,1,1,1
20260728_t1405_srsSmooth_training,srs_smooth_training,trial0248.mat,248,248,219,3,33,27,88,68,20,8,1,1,6,2,48,6633,2,0,2,1,1,2,1,2,0,0,,0,454,0,1,0,0,0,0,154,136,154,136,18,NaN,1,180,337.457175492995,212.542824507005,157.457175492995,32.5428245070053,124.914350985989,124.914350985989,NaN,NaN,NaN,1785262944.81942,15271.90134896,1.61657094955444,0.0139060020446777,0.231377124786377,0.948005437850952,1.28062200546265,1.53112244606018,-1,-1,-1,-1,-1,217.471122741699,250.500440597534,NaN,NaN,Congruent,Left,Right,None,Left,Left,0,1,1,0,0,NaN,NaN,NaN,NaN,NaN,NaN,NaN,NaN,0,0,0,1,1,0,219,NaN,20260728_t1405_srsSmooth_training_B003,NaN,NaN,14.9727233370145,1.65765595436096,NaN,NaN,NaN,0,NaN,NaN,NaN,NaN,0
20260728_t1405_srsSmooth_training,srs_smooth_training,trial0249.mat,249,249,219,3,34,27,88,68,20,8,1,1,6,2,45,31528,2,0,2,1,1,2,1,2,2,1,CHOSE_LOW_SAL,2,455,1,0,0,0,0,0,158,110,158,110,48,110,1,180,343.064712895683,206.935287104317,163.064712895683,26.9352871043166,136.129425791367,136.129425791367,NaN,NaN,NaN,1785262948.12462,15275.20642912,2.22058391571045,0.0171685218811035,0.267688512802124,0.892873525619507,1.22554850578308,1.47620153427124,1.51793670654297,1.51793670654297,-1,-1,1.81207418441772,250.519990921021,250.653028488159,41.7351722717285,292.388200759888,Congruent,Left,Right,Right,Left,Left,0,1,1,0,1,1,0,0,0,0,1,1,1,0,0,0,1,1,1,220,160,20260728_t1405_srsSmooth_training_B003,28,8,15.027809993426,1.68862843513489,1,1,175,1,1,0,0,1,1
20260728_t1405_srsSmooth_training,srs_smooth_training,trial0250.mat,250,250,220,3,35,28,88,68,20,8,1,2,8,2,77,26137,2,0,2,1,1,2,2,1,2,1,CHOSE_HIGH_SAL,1,455,1,0,0,0,0,0,153,120,153,120,33,120,1,180,201.060720396103,348.939279603897,21.060720396103,168.939279603897,-147.878559207794,147.878559207794,NaN,NaN,NaN,1785262952.25147,15279.33323396,2.12716245651245,0.0154778957366943,0.291407346725464,0.891276836395264,1.22385787963867,1.44116306304932,1.48273420333862,1.48273420333862,-1,-1,1.70987033843994,275.92945098877,217.305183410645,41.5711402893066,258.876323699951,Conflict,Left,Right,Right,Left,Right,0,1,0,1,1,1,0,0,1,0,1,1,0,0,0,1,1,0,1,221,161,20260728_t1405_srsSmooth_training_B003,29,9,15.0965908209483,1.90626573562622,2,1,110,1,0,0,1,1,1
20260728_t1405_srsSmooth_training,srs_smooth_training,trial0251.mat,251,251,221,3,36,29,88,68,20,8,1,2,8,2,72,14681,2,0,2,1,1,2,2,1,2,1,CHOSE_HIGH_SAL,1,455,1,0,0,0,0,0,176,112,176,112,64,112,1,180,220.591814619391,329.408185380609,40.5918146193914,149.408185380609,-108.816370761217,108.816370761217,NaN,NaN,NaN,1785262956.19915,15283.28069656,1.88748526573181,0.017958402633667,0.0190024375915527,0.593519687652588,0.926326513290405,1.14354515075684,1.19351863861084,1.19351863861084,-1,-1,1.47902536392212,1.04403495788574,217.218637466431,49.9734878540039,267.192125320435,Conflict,Left,Right,Right,Left,Right,0,1,0,1,1,1,0,0,1,0,1,1,0,0,0,1,1,0,1,222,162,20260728_t1405_srsSmooth_training_B003,30,10,15.1623853603999,1.8205099105835,2,1,120,1,0,0,1,1,1
20260728_t1405_srsSmooth_training,srs_smooth_training,trial0252.mat,252,252,222,3,37,30,88,68,20,8,1,1,5,2,33,14173,2,0,1,2,1,1,1,1,1,1,CHOSE_HIGH_SAL,1,455,1,0,0,0,0,0,160,127,160,127,33,160,1,0,176.023828284564,13.9761717154362,176.023828284564,13.9761717154362,162.047656569128,162.047656569128,NaN,NaN,NaN,1785262959.69828,15286.7797232,1.87221884727478,0.0189635753631592,0.0199248790740967,0.552788257598877,0.885663509368896,1.11951231956482,1.16969895362854,1.16969895362854,-1,-1,1.41341805458069,0.9613037109375,233.848810195923,50.1866340637207,284.035444259644,Congruent,Right,Left,Right,Right,Right,0,1,1,0,1,1,1,1,1,0,0,0,0,1,1,1,1,1,1,223,163,20260728_t1405_srsSmooth_training_B003,31,11,15.22070419391,1.61164474487305,2,1,112,1,1,0,0,1,1
20260728_t1405_srsSmooth_training,srs_smooth_training,trial0253.mat,253,253,223,3,38,31,88,68,20,8,1,2,8,2,83,19172,2,0,2,1,1,2,2,1,2,1,CHOSE_HIGH_SAL,1,455,1,0,0,0,0,0,158,121,158,121,37,121,1,180,193.799660817769,356.200339182231,13.7996608177693,176.200339182231,-162.400678364461,162.400678364461,NaN,NaN,NaN,1785262963.1711,15290.25256936,2.09118795394897,0.0129439830780029,0.221869468688965,0.855085372924805,1.18798899650574,1.39676642417908,1.43835544586182,1.43835544586182,-1,-1,1.67338895797729,208.925485610962,208.77742767334,41.5890216827393,250.366449356079,Conflict,Left,Right,Right,Left,Right,0,1,0,1,1,1,0,0,1,0,1,1,0,0,0,1,1,0,1,224,164,20260728_t1405_srsSmooth_training_B003,32,12,15.2785845359166,1.60060167312622,1,1,160,1,1,0,0,1,1
20260728_t1405_srsSmooth_training,srs_smooth_training,trial0254.mat,254,254,224,3,39,32,88,68,20,8,1,1,5,2,23,19217,2,0,1,2,1,1,1,1,0,0,,0,11,0,1,0,0,0,0,175,120,175,120,55,NaN,1,0,138.661362038907,51.3386379610932,138.661362038907,51.3386379610932,87.3227240778136,87.3227240778136,NaN,NaN,NaN,1785262966.88525,15293.96671368,0.29252815246582,0.0156035423278809,0.241033554077148,-1,-1,-1,-1,-1,-1,-1,-1,225.430011749268,NaN,NaN,NaN,Congruent,Right,Left,None,Right,Right,0,1,1,0,0,NaN,NaN,NaN,NaN,NaN,NaN,NaN,NaN,1,1,1,1,1,0,224,NaN,20260728_t1405_srsSmooth_training_B003,NaN,NaN,15.3404870430628,1.622962474823,NaN,NaN,NaN,0,NaN,NaN,NaN,NaN,0
20260728_t1405_srsSmooth_training,srs_smooth_training,trial0255.mat,255,255,224,3,40,32,88,68,20,8,1,1,6,2,53,31175,2,0,2,1,1,2,1,2,2,1,CHOSE_LOW_SAL,2,455,1,0,0,0,0,0,145,106,145,106,39,106,1,0,140.436655450398,49.5633445496024,140.436655450398,49.5633445496024,90.8733109007951,90.8733109007951,NaN,NaN,NaN,1785262968.73776,15295.81909832,2.01660680770874,0.0131609439849854,0.2387855052948,0.788961410522461,1.12153697013855,1.33033061027527,1.38043832778931,1.38043832778931,-1,-1,1.60732769966125,225.624561309814,208.793640136719,50.1077175140381,258.901357650757,Congruent,Left,Right,Right,Left,Left,0,1,1,0,1,1,0,0,0,0,1,1,1,0,0,0,1,1,1,225,165,20260728_t1405_srsSmooth_training_B003,33,13,15.3713622848193,1.55998635292053,2,1,121,1,0,0,1,1,1
20260728_t1405_srsSmooth_training,srs_smooth_training,trial0256.mat,256,256,225,3,41,33,88,68,20,8,1,2,8,2,84,18837,2,0,2,1,1,2,2,1,2,1,CHOSE_HIGH_SAL,1,455,1,0,0,0,0,0,160,104,160,104,56,104,1,180,239.731671257132,310.268328742868,59.7316712571318,130.268328742868,-70.5366574857363,70.5366574857363,NaN,NaN,NaN,1785262972.37716,15299.45835452,2.22779130935669,0.0155704021453857,0.249221563339233,0.999521017074585,1.33228850364685,1.53269457817078,1.58275723457336,1.58275723457336,-1,-1,1.82651495933533,233.651161193848,200.406074523926,50.0626564025879,250.468730926514,Conflict,Left,Right,Right,Left,Right,0,1,0,1,1,1,0,0,1,0,1,1,0,0,0,1,1,0,1,226,166,20260728_t1405_srsSmooth_training_B003,34,14,15.4320189118385,1.62279081344604,2,1,106,1,0,0,1,1,1
20260728_t1405_srsSmooth_training,srs_smooth_training,trial0257.mat,257,257,226,3,42,34,88,68,20,8,1,2,8,2,87,7522,2,0,2,1,1,2,2,1,2,1,CHOSE_HIGH_SAL,1,455,1,0,0,0,0,0,144,123,144,123,21,123,1,180,230.344508509886,319.655491490114,50.3445085098859,139.655491490114,-89.3109829802283,89.3109829802283,NaN,NaN,NaN,1785262976.21286,15303.2940382,1.94202518463135,0.0133533477783203,0.113844156265259,0.630839347839355,0.963390350341797,1.17240405082703,1.21406269073486,1.21406269073486,-1,-1,1.51597785949707,100.490808486938,209.013700485229,41.6586399078369,250.672340393066,Conflict,Left,Right,Right,Left,Right,0,1,0,1,1,1,0,0,1,0,1,1,0,0,0,1,1,0,1,227,167,20260728_t1405_srsSmooth_training_B003,35,15,15.4959472298622,1.60790777206421,2,1,104,1,0,0,1,1,1
20260728_t1405_srsSmooth_training,srs_smooth_training,trial0258.mat,258,258,227,3,43,35,88,68,20,8,1,2,7,2,66,13301,2,0,1,2,1,1,2,2,1,1,CHOSE_LOW_SAL,2,455,1,0,0,0,0,0,145,106,145,106,39,145,1,0,47.7010268770286,142.298973122971,47.7010268770286,142.298973122971,-94.5979462459428,94.5979462459428,NaN,NaN,NaN,1785262979.75791,15306.8389704,2.19688439369202,0.0184378623962402,0.219107389450073,0.843888282775879,1.17681574821472,1.46903252601624,1.51900863647461,1.51900863647461,-1,-1,1.7553243637085,200.669527053833,292.216777801514,49.976110458374,342.192888259888,Conflict,Right,Left,Right,Right,Left,0,1,0,1,1,1,1,1,0,0,0,0,1,1,1,0,1,0,1,228,168,20260728_t1405_srsSmooth_training_B003,36,16,15.5550314545631,1.60302829742432,2,1,123,1,1,0,0,1,1
20260728_t1405_srsSmooth_training,srs_smooth_training,trial0259.mat,259,259,228,3,44,36,88,68,20,8,1,2,7,2,69,10972,2,0,1,2,1,1,2,2,1,1,CHOSE_LOW_SAL,2,455,1,0,0,0,0,0,164,111,164,111,53,164,1,0,32.7158991542821,157.284100845718,32.7158991542821,157.284100845718,-124.568201691436,124.568201691436,NaN,NaN,NaN,1785262983.56833,15310.64946668,2.2863450050354,0.0164999961853027,0.225423336029053,0.933812856674194,1.2665491104126,1.48364996910095,1.51707339286804,1.51707339286804,-1,-1,1.81897044181824,208.92333984375,217.100858688354,33.4234237670898,250.524282455444,Conflict,Right,Left,Right,Right,Left,0,1,0,1,1,1,1,1,0,0,0,0,1,1,1,0,1,0,1,229,169,20260728_t1405_srsSmooth_training_B003,37,17,15.6185384353002,1.61353445053101,1,1,145,1,0,0,1,1,1
20260728_t1405_srsSmooth_training,srs_smooth_training,trial0260.mat,260,260,229,3,45,37,88,68,20,8,1,1,6,2,42,26574,2,0,2,1,1,2,1,2,2,1,CHOSE_LOW_SAL,2,455,1,0,0,0,0,0,148,116,148,116,32,116,1,180,355.234209600888,194.765790399112,175.234209600888,14.7657903991123,160.468419201776,160.468419201776,NaN,NaN,NaN,1785262987.45993,15314.54101992,2.00278782844543,0.0167152881622314,0.209105730056763,0.717243909835815,1.05008792877197,1.29257488250732,1.33436727523804,1.33436727523804,-1,-1,1.5862410068512,192.390441894531,242.486953735352,41.7923927307129,284.279346466064,Congruent,Left,Right,Right,Left,Left,0,1,1,0,1,1,0,0,0,0,1,1,1,0,0,0,1,1,1,230,170,20260728_t1405_srsSmooth_training_B003,38,18,15.6833984812101,1.6052577495575,1,1,164,1,1,0,0,1,1
20260728_t1405_srsSmooth_training,srs_smooth_training,trial0261.mat,261,261,230,3,46,38,88,68,20,8,1,1,5,2,27,3584,2,0,1,2,1,1,1,1,1,1,CHOSE_HIGH_SAL,1,455,1,0,0,0,0,0,172,109,172,109,63,172,1,0,118.451398347843,71.5486016521569,118.451398347843,71.5486016521569,46.9027966956861,46.9027966956861,NaN,NaN,NaN,1785262991.06141,15318.1423982,2.10173988342285,0.0153744220733643,0.216212272644043,0.758084535598755,1.090416431427,1.29931163787842,1.34918570518494,1.34918570518494,-1,-1,1.62617254257202,200.837850570679,208.895206451416,49.8740673065186,258.769273757935,Congruent,Right,Left,Right,Right,Right,0,1,1,0,1,1,1,1,1,0,0,0,0,1,1,1,1,1,1,231,171,20260728_t1405_srsSmooth_training_B003,39,19,15.7434231599172,1.59869289398193,2,1,116,1,1,0,0,1,1
20260728_t1405_srsSmooth_training,srs_smooth_training,trial0262.mat,262,262,231,3,47,39,88,68,20,8,1,1,6,2,49,24771,2,0,2,1,1,2,1,2,2,1,CHOSE_LOW_SAL,2,455,1,0,0,0,0,0,166,108,166,108,58,108,1,180,319.996519178829,230.003480821171,139.996519178829,50.0034808211709,89.9930383576582,89.9930383576582,NaN,NaN,NaN,1785262994.87514,15321.95610796,1.90513134002686,0.0184628963470459,0.0193812847137451,0.635577440261841,0.968499898910522,1.21900105476379,1.26058173179626,1.26058173179626,-1,-1,1.49630546569824,0.918388366699219,250.501155853271,41.5806770324707,292.081832885742,Congruent,Left,Right,Right,Left,Left,0,1,1,0,1,1,0,0,0,0,1,1,1,0,0,0,1,1,1,232,172,20260728_t1405_srsSmooth_training_B003,40,20,15.806985270977,1.71198678016663,1,1,172,1,1,0,0,1,1
20260728_t1405_srsSmooth_training,srs_smooth_training,trial0263.mat,263,263,232,3,48,40,88,68,20,8,1,2,7,2,61,18308,2,0,1,2,1,1,2,2,2,2,CHOSE_HIGH_SAL,1,455,1,0,0,0,0,0,178,87,178,87,91,87,1,180,199.579462743221,350.420537256779,19.5794627432213,170.420537256779,-150.841074513557,150.841074513557,NaN,NaN,NaN,1785262998.37198,15325.4527138,2.25047564506531,0.0134284496307373,0.205789089202881,0.980544328689575,1.31347942352295,1.54738569259644,1.58908081054688,1.58908081054688,-1,-1,1.86597967147827,192.360639572144,233.906269073486,41.6951179504395,275.601387023926,Conflict,Right,Left,Left,Right,Left,0,1,0,1,1,0,0,0,1,1,1,1,0,1,1,0,1,0,1,233,173,20260728_t1405_srsSmooth_training_B003,41,21,15.8652658780416,1.59170508384705,2,1,108,1,0,1,1,0,1
20260728_t1405_srsSmooth_training,srs_smooth_training,trial0264.mat,264,264,233,3,49,41,88,68,20,8,1,1,6,2,39,22964,2,0,2,1,1,2,1,2,1,2,CHOSE_HIGH_SAL,1,455,1,0,0,0,0,0,163,139,163,139,24,163,1,0,173.161199612773,16.838800387227,173.161199612773,16.8388003872271,156.322399225546,156.322399225546,NaN,NaN,NaN,1785263002.21714,15329.29779152,2.32220554351807,0.0184166431427002,0.252320051193237,0.94418740272522,1.27679848670959,1.51066637039185,1.56067061424255,1.56067061424255,-1,-1,1.85459756851196,233.903408050537,233.867883682251,50.004243850708,283.872127532959,Congruent,Left,Right,Left,Left,Left,0,1,1,0,1,0,1,1,1,1,0,0,0,0,0,0,1,1,1,234,174,20260728_t1405_srsSmooth_training_B003,42,22,15.9293519099553,1.59468626976013,2,2,87,1,1,0,0,1,1
20260728_t1405_srsSmooth_training,srs_smooth_training,trial0265.mat,265,265,234,3,50,42,88,68,20,8,1,2,7,2,64,31828,2,0,1,2,1,1,2,2,2,2,CHOSE_HIGH_SAL,1,455,1,0,0,0,0,0,150,105,150,105,45,105,1,180,271.919625921049,278.080374078951,91.9196259210488,98.0803740789512,-6.16074815790239,6.16074815790239,NaN,NaN,NaN,1785263006.15717,15333.2377904,2.1901843547821,0.0118694305419922,0.221173763275146,0.904213428497314,1.23691630363464,1.47122240066528,1.52120804786682,1.52120804786682,-1,-1,1.78187489509583,209.304332733154,234.30609703064,49.9856472015381,284.291744232178,Conflict,Right,Left,Left,Right,Left,0,1,0,1,1,0,0,0,1,1,1,1,0,1,1,0,1,0,1,235,175,20260728_t1405_srsSmooth_training_B003,43,23,15.9950191458066,1.6178286075592,1,2,163,1,1,0,0,1,1
20260728_t1405_srsSmooth_training,srs_smooth_training,trial0266.mat,266,266,235,3,51,43,88,68,20,8,1,2,7,2,60,7012,2,0,1,2,1,1,2,2,2,2,CHOSE_HIGH_SAL,1,455,1,0,0,0,0,0,149,112,149,112,37,112,1,0,87.6927347138818,102.307265286118,87.6927347138818,102.307265286118,-14.6145305722364,14.6145305722364,NaN,NaN,NaN,1785263010.0337,15337.114303,2.28071928024292,0.0188286304473877,0.235989570617676,0.919371366500854,1.25221061706543,1.51943325996399,1.56945204734802,1.56945204734802,-1,-1,1.87118887901306,217.160940170288,267.22264289856,50.0187873840332,317.241430282593,Conflict,Right,Left,Left,Right,Left,0,1,0,1,1,0,0,0,1,1,1,1,0,1,1,0,1,0,1,236,176,20260728_t1405_srsSmooth_training_B003,44,24,16.0596278905869,1.68634033203125,2,2,105,1,0,0,1,1,1
20260728_t1405_srsSmooth_training,srs_smooth_training,trial0267.mat,267,267,236,3,52,44,88,68,20,8,1,2,8,2,74,32066,2,0,2,1,1,2,2,1,2,1,CHOSE_HIGH_SAL,1,455,1,0,0,0,0,0,159,133,159,133,26,133,1,180,193.913994312255,356.086005687745,13.9139943122553,176.086005687745,-162.172011375489,162.172011375489,NaN,NaN,NaN,1785263013.9227,15341.0031648,2.11706519126892,0.0133121013641357,0.263799905776978,0.789022445678711,1.12168836593628,1.35570764541626,1.40587091445923,1.40587091445923,-1,-1,1.6826765537262,250.487804412842,234.01927947998,50.1632690429688,284.182548522949,Conflict,Left,Right,Right,Left,Right,0,1,0,1,1,1,0,0,1,0,1,1,0,0,0,1,1,0,1,237,177,20260728_t1405_srsSmooth_training_B003,45,25,16.1244445800781,1.6082820892334,2,2,112,1,0,1,1,0,1
20260728_t1405_srsSmooth_training,srs_smooth_training,trial0268.mat,268,268,237,3,53,45,88,68,20,8,1,2,7,2,58,20112,2,0,1,2,1,1,2,2,1,1,CHOSE_LOW_SAL,2,455,1,0,0,0,0,0,146,91,146,91,55,146,1,0,18.7596830685686,171.240316931431,18.7596830685686,171.240316931431,-152.480633862863,152.480633862863,NaN,NaN,NaN,1785263017.64875,15344.7292468,2.14874267578125,0.0124030113220215,0.246146440505981,0.81281566619873,1.14578104019165,1.41321229934692,1.4548008441925,1.4548008441925,-1,-1,1.70626020431519,233.74342918396,267.431259155273,41.5885448455811,309.019804000854,Conflict,Right,Left,Right,Right,Left,0,1,0,1,1,1,1,1,0,0,0,0,1,1,1,0,1,0,1,238,178,20260728_t1405_srsSmooth_training_B003,46,26,16.1865454832713,1.60898900032043,2,1,133,1,1,0,0,1,1
20260728_t1405_srsSmooth_training,srs_smooth_training,trial0269.mat,269,269,238,3,54,46,88,68,20,8,1,2,8,2,76,14473,2,0,2,1,1,2,2,1,2,1,CHOSE_HIGH_SAL,1,455,1,0,3,0,0,0,140,129,140,129,11,129,1,180,232.736208509654,317.263791490346,52.7362085096544,137.263791490346,-84.5275829806912,84.5275829806912,NaN,NaN,NaN,1785263021.40032,15348.48062636,1.89743638038635,0.0109844207763672,0.0116822719573975,0.61149787902832,0.944353342056274,1.17015099525452,1.22014737129211,1.22014737129211,-1,-1,1.47194314002991,0.697851181030273,225.797653198242,49.9963760375977,275.79402923584,Conflict,Left,Right,Right,Left,Right,0,1,0,1,1,1,0,0,1,0,1,1,0,0,0,1,1,0,1,239,179,20260728_t1405_srsSmooth_training_B003,47,27,16.2490715781848,1.60282301902771,1,1,146,1,1,0,0,1,1
20260728_t1405_srsSmooth_training,srs_smooth_training,trial0270.mat,270,270,239,3,55,47,88,68,20,8,1,2,7,2,63,28958,2,0,1,2,1,1,2,2,0,0,,0,11,0,1,0,0,0,0,161,99,161,99,62,NaN,1,0,19.5872062311232,170.412793768877,19.5872062311232,170.412793768877,-150.825587537754,150.825587537754,NaN,NaN,NaN,1785263024.88597,15351.96617996,1.13617134094238,0.017139196395874,0.0179886817932129,0.526097536087036,0.858838081359863,1.05945467948914,-1,-1,-1,-1,-1,0.849485397338867,200.616598129272,NaN,NaN,Conflict,Right,Left,None,Right,Left,0,1,0,1,0,NaN,NaN,NaN,NaN,NaN,NaN,NaN,NaN,1,1,0,1,0,0,239,NaN,20260728_t1405_srsSmooth_training_B003,NaN,NaN,16.307165714105,1.58821177482605,NaN,NaN,NaN,0,NaN,NaN,NaN,NaN,0
20260728_t1405_srsSmooth_training,srs_smooth_training,trial0271.mat,271,271,239,3,56,47,88,68,20,8,1,1,5,2,23,19217,2,0,1,2,1,1,1,1,1,1,CHOSE_HIGH_SAL,1,455,1,0,0,0,0,0,168,115,168,115,53,168,1,0,168.255256354129,21.7447436458709,168.255256354129,21.7447436458708,146.510512708258,146.510512708258,NaN,NaN,NaN,1785263027.51362,15354.59376344,2.13474082946777,0.0145885944366455,0.21528148651123,0.731864213943481,1.06462955474854,1.30704045295715,1.35704588890076,1.35704588890076,-1,-1,1.66698980331421,200.692892074585,242.410898208618,50.0054359436035,292.416334152222,Congruent,Right,Left,Right,Right,Right,0,1,1,0,1,1,1,1,1,0,0,0,0,1,1,1,1,1,1,240,180,20260728_t1405_srsSmooth_training_B003,48,28,16.3509599248568,1.4914813041687,2,1,129,1,1,0,0,1,1
20260728_t1405_srsSmooth_training,srs_smooth_training,trial0272.mat,272,272,240,3,57,48,88,68,20,8,1,1,5,2,34,16052,2,0,1,2,1,1,1,1,1,1,CHOSE_HIGH_SAL,1,455,1,0,0,0,0,0,156,105,156,105,51,156,1,0,179.218665206097,10.7813347939028,179.218665206097,10.7813347939028,168.437330412194,168.437330412194,NaN,NaN,NaN,1785263031.26489,15358.34497608,2.35121154785156,0.0134658813476562,0.247528791427612,0.972831010818481,1.30518269538879,1.54766535758972,1.59752106666565,1.59752106666565,-1,-1,1.89097809791565,234.062910079956,242.482662200928,49.8557090759277,292.338371276855,Congruent,Right,Left,Right,Right,Right,0,1,1,0,1,1,1,1,1,0,0,0,0,1,1,1,1,1,1,241,181,20260728_t1405_srsSmooth_training_B003,49,29,16.4134810884794,1.61652898788452,1,1,168,1,0,0,1,1,1
20260728_t1405_srsSmooth_training,srs_smooth_training,trial0273.mat,273,273,241,3,58,49,88,68,20,8,1,1,5,2,25,27298,2,0,1,2,1,1,1,1,1,1,CHOSE_HIGH_SAL,1,455,1,0,0,0,0,0,169,126,169,126,43,169,1,0,104.472234814764,85.5277651852357,104.472234814764,85.5277651852357,18.9444696295286,18.9444696295286,NaN,NaN,NaN,1785263035.21133,15362.29136236,2.37092590332031,0.0171806812286377,0.250956058502197,0.976121425628662,1.30889773368835,1.57616257667542,1.61764311790466,1.61764311790466,-1,-1,1.90272092819214,233.77537727356,267.264842987061,41.480541229248,308.745384216309,Congruent,Right,Left,Right,Right,Right,0,1,1,0,1,1,1,1,1,0,0,0,0,1,1,1,1,1,1,242,182,20260728_t1405_srsSmooth_training_B003,50,30,16.4792550722758,1.59522747993469,1,1,156,1,0,0,1,1,1
20260728_t1405_srsSmooth_training,srs_smooth_training,trial0274.mat,274,274,242,3,59,50,88,68,20,8,1,1,5,2,32,1975,2,0,1,2,1,1,1,1,1,1,CHOSE_HIGH_SAL,1,455,1,0,0,0,0,0,163,123,163,123,40,163,1,0,147.212861847901,42.7871381520991,147.212861847901,42.7871381520991,104.425723695802,104.425723695802,NaN,NaN,NaN,1785263039.16742,15366.24743144,2.36477017402649,0.0112466812133789,0.261715888977051,0.961724758148193,1.2946298122406,1.53672766685486,1.58678722381592,1.58678722381592,-1,-1,1.89735269546509,250.469207763672,242.097854614258,50.0595569610596,292.157411575317,Congruent,Right,Left,Right,Right,Right,0,1,1,0,1,1,1,1,1,0,0,0,0,1,1,1,1,1,1,243,183,20260728_t1405_srsSmooth_training_B003,51,31,16.5451898892721,1.58516311645508,1,1,169,1,0,0,1,1,1
20260728_t1405_srsSmooth_training,srs_smooth_training,trial0275.mat,275,275,243,3,60,51,88,68,20,8,1,2,8,2,80,24454,2,0,2,1,1,2,2,1,2,1,CHOSE_HIGH_SAL,1,455,1,0,0,0,0,0,142,115,142,115,27,115,1,180,230.435301180718,319.564698819282,50.4353011807183,139.564698819282,-89.1293976385634,89.1293976385634,NaN,NaN,NaN,1785263043.13154,15370.21140224,2.28457021713257,0.0139498710632324,0.231167793273926,0.972781896591187,1.30566668510437,1.60630583763123,1.64816236495972,1.64816236495972,-1,-1,1.86733722686768,217.217922210693,300.639152526855,41.8565273284912,342.495679855347,Conflict,Left,Right,Right,Left,Right,0,1,0,1,1,1,0,0,1,0,1,1,0,0,0,1,1,0,1,244,184,20260728_t1405_srsSmooth_training_B003,52,32,16.611258538564,1.59934878349304,1,1,163,1,1,0,0,1,1
20260728_t1405_srsSmooth_training,srs_smooth_training,trial0276.mat,276,276,244,3,61,52,88,68,20,8,1,1,6,2,40,27827,2,0,2,1,1,2,1,2,0,0,,0,454,0,1,0,0,0,0,151,87,151,87,64,NaN,1,180,357.463477902941,192.536522097059,177.463477902941,12.5365220970586,164.926955805883,164.926955805883,NaN,NaN,NaN,1785263047.01479,15374.09463708,1.6506724357605,0.0141849517822266,0.231632709503174,0.956279754638672,1.28923511505127,1.55626606941223,-1,-1,-1,-1,-1,217.447757720947,267.030954360962,NaN,NaN,Congruent,Left,Right,None,Left,Left,0,1,1,0,0,NaN,NaN,NaN,NaN,NaN,NaN,NaN,NaN,0,0,0,1,1,0,244,NaN,20260728_t1405_srsSmooth_training_B003,NaN,NaN,16.6759793678919,1.5986795425415,NaN,NaN,NaN,0,NaN,NaN,NaN,NaN,0
20260728_t1405_srsSmooth_training,srs_smooth_training,trial0277.mat,277,277,244,3,62,52,88,68,20,8,1,2,8,2,88,32408,2,0,2,1,1,2,2,1,2,1,CHOSE_HIGH_SAL,1,455,1,0,0,0,0,0,157,109,157,109,48,109,1,180,238.671341708073,311.328658291927,58.6713417080734,131.328658291927,-72.6573165838531,72.6573165838531,NaN,NaN,NaN,1785263050.30541,15377.38520328,2.05179858207703,0.0153579711914062,0.282492160797119,0.790805101394653,1.12373495101929,1.35748720169067,1.40749096870422,1.40749096870422,-1,-1,1.64315271377563,267.134189605713,233.752250671387,50.0037670135498,283.756017684937,Conflict,Left,Right,Right,Left,Right,0,1,0,1,1,1,0,0,1,0,1,1,0,0,0,1,1,0,1,245,185,20260728_t1405_srsSmooth_training_B003,53,33,16.7308230876923,1.6399507522583,2,1,115,1,0,0,1,1,1
20260728_t1405_srsSmooth_training,srs_smooth_training,trial0278.mat,278,278,245,3,63,53,88,68,20,8,1,1,6,2,41,13781,2,0,2,1,1,2,1,2,2,1,CHOSE_LOW_SAL,2,455,1,0,0,0,0,0,151,114,151,114,37,114,1,0,154.488440335409,35.5115596645913,154.488440335409,35.5115596645913,118.976880670817,118.976880670817,NaN,NaN,NaN,1785263054.26459,15381.34429876,2.13464403152466,0.0146622657775879,0.256866455078125,0.865056991577148,1.19804215431213,1.41518616676331,1.45680046081543,1.45680046081543,-1,-1,1.71770358085632,242.204189300537,217.144012451172,41.614294052124,258.758306503296,Congruent,Left,Right,Right,Left,Left,0,1,1,0,1,1,0,0,0,0,1,1,1,0,0,0,1,1,1,246,186,20260728_t1405_srsSmooth_training_B003,54,34,16.7968094825745,1.9073851108551,2,1,109,1,0,0,1,1,1
20260728_t1405_srsSmooth_training,srs_smooth_training,trial0279.mat,279,279,246,3,64,54,88,68,20,8,1,2,7,2,56,16078,2,0,1,2,1,1,2,2,1,1,CHOSE_LOW_SAL,2,455,1,0,0,0,0,0,158,114,158,114,44,158,1,180,223.030010006003,326.969989993997,43.0300100060032,146.969989993997,-103.939979987994,103.939979987994,NaN,NaN,NaN,1785263058.29528,15385.37495872,1.97093605995178,0.0174646377563477,0.0183584690093994,0.559735059738159,0.892498731613159,1.14300990104675,1.20127892494202,1.20127892494202,-1,-1,1.51165652275085,0.893831253051758,250.511169433594,58.2690238952637,308.780193328857,Conflict,Right,Left,Right,Right,Left,0,1,0,1,1,1,1,1,0,0,0,0,1,1,1,0,1,0,1,247,187,20260728_t1405_srsSmooth_training_B003,55,35,16.8639876405398,1.89604544639587,2,1,114,1,1,0,0,1,1
20260728_t1405_srsSmooth_training,srs_smooth_training,trial0280.mat,280,280,247,3,65,55,88,68,20,8,1,2,7,2,63,28958,2,0,1,2,1,1,2,2,1,1,CHOSE_LOW_SAL,2,455,1,0,0,0,0,0,144,109,144,109,35,144,1,0,38.2233868203789,151.776613179621,38.2233868203789,151.776613179621,-113.553226359242,113.553226359242,NaN,NaN,NaN,1785263061.93941,15389.01896584,2.1603262424469,0.0151474475860596,0.207422971725464,0.79078197479248,1.12352418899536,1.37414145469666,1.40734124183655,1.40734124183655,-1,-1,1.71829962730408,192.275524139404,250.617265701294,33.1997871398926,283.817052841187,Conflict,Right,Left,Right,Right,Left,0,1,0,1,1,1,1,1,0,0,0,0,1,1,1,0,1,0,1,248,188,20260728_t1405_srsSmooth_training_B003,56,36,16.924723080794,1.6731903553009,1,1,158,1,0,0,1,1,1
20260728_t1405_srsSmooth_training,srs_smooth_training,trial0281.mat,281,281,248,3,66,56,88,68,20,8,1,2,8,2,79,27111,2,0,2,1,1,2,2,1,2,1,CHOSE_HIGH_SAL,1,455,1,0,0,0,0,0,163,123,163,123,40,123,1,180,207.427000100482,342.572999899518,27.4270001004821,162.572999899518,-135.145999799036,135.145999799036,NaN,NaN,NaN,1785263066.00255,15393.08193052,2.13893032073975,0.0188302993774414,0.227722883224487,0.86929726600647,1.20221042633057,1.42807793617249,1.47812461853027,1.47812461853027,-1,-1,1.71295356750488,208.892583847046,225.867509841919,50.0466823577881,275.914192199707,Conflict,Left,Right,Right,Left,Right,0,1,0,1,1,1,0,0,1,0,1,1,0,0,0,1,1,0,1,249,189,20260728_t1405_srsSmooth_training_B003,57,37,16.9924421469371,1.90281772613525,1,1,144,1,1,0,0,1,1
20260728_t1405_srsSmooth_training,srs_smooth_training,trial0282.mat,282,282,249,3,67,57,88,68,20,8,1,2,8,2,78,3949,2,0,2,1,1,2,2,1,0,0,,0,11,0,1,0,0,0,0,158,94,158,94,64,NaN,1,0,92.3788144727147,97.6211855272853,92.3788144727147,97.6211855272853,-5.24237105457053,5.24237105457053,NaN,NaN,NaN,1785263070.10492,15397.18412708,0.176978826522827,0.0166220664978027,0.0179920196533203,-1,-1,-1,-1,-1,-1,-1,-1,1.36995315551758,NaN,NaN,NaN,Conflict,Left,Right,None,Left,Right,0,1,0,1,0,NaN,NaN,NaN,NaN,NaN,NaN,NaN,NaN,0,0,1,1,0,0,249,NaN,20260728_t1405_srsSmooth_training_B003,NaN,NaN,17.0608149687449,1.96343898773193,NaN,NaN,NaN,0,NaN,NaN,NaN,NaN,0
20260728_t1405_srsSmooth_training,srs_smooth_training,trial0283.mat,283,283,249,3,68,57,88,68,20,8,1,1,6,2,51,28196,2,0,2,1,1,2,1,2,2,1,CHOSE_LOW_SAL,2,455,1,0,0,0,0,0,130,99,130,99,31,99,1,180,312.518522198443,237.481477801557,132.518522198443,57.4814778015574,75.0370443968852,75.0370443968852,NaN,NaN,NaN,1785263071.83548,15398.91476116,2.19860696792603,0.0111339092254639,0.269950866699219,0.911679029464722,1.24451494216919,1.44490456581116,1.49491286277771,1.49491286277771,-1,-1,1.79684352874756,258.816957473755,200.389623641968,50.0082969665527,250.397920608521,Congruent,Left,Right,Right,Left,Left,0,1,1,0,1,1,0,0,0,0,1,1,1,0,0,0,1,1,1,250,190,20260728_t1405_srsSmooth_training_B003,58,38,17.0896575689316,1.55357718467712,2,1,123,1,0,0,1,1,1
20260728_t1405_srsSmooth_training,srs_smooth_training,trial0284.mat,284,284,250,3,69,58,88,68,20,8,1,1,5,2,36,8567,2,0,1,2,1,1,1,1,1,1,CHOSE_HIGH_SAL,1,455,1,0,0,0,0,0,160,122,160,122,38,160,1,0,172.271819321001,17.7281806789992,172.271819321001,17.7281806789992,154.543638642002,154.543638642002,NaN,NaN,NaN,1785263075.61798,15402.69710276,2.19888257980347,0.0121090412139893,0.246044635772705,0.862652063369751,1.19548773765564,1.4375627040863,1.47926688194275,1.47926688194275,-1,-1,1.73935580253601,233.935594558716,242.074966430664,41.7041778564453,283.779144287109,Congruent,Right,Left,Right,Right,Right,0,1,1,0,1,1,1,1,1,0,0,0,0,1,1,1,1,1,1,251,191,20260728_t1405_srsSmooth_training_B003,59,39,17.1526993513107,1.583899974823,2,1,99,1,1,0,0,1,1
20260728_t1405_srsSmooth_training,srs_smooth_training,trial0285.mat,285,285,251,3,70,59,88,68,20,8,1,2,7,2,68,223,2,0,1,2,1,1,2,2,1,1,CHOSE_LOW_SAL,2,455,1,0,0,0,0,0,166,134,166,134,32,166,1,0,36.2405453983932,153.759454601607,36.2405453983932,153.759454601607,-117.518909203214,117.518909203214,NaN,NaN,NaN,1785263079.40725,15406.48646596,2.08495235443115,0.0146598815917969,0.0155613422393799,0.706745862960815,1.03970074653625,1.26541495323181,1.30713653564453,1.30713653564453,-1,-1,1.61724019050598,0.901460647583008,225.714206695557,41.7215824127197,267.435789108276,Conflict,Right,Left,Right,Right,Left,0,1,0,1,1,1,1,1,0,0,0,0,1,1,1,0,1,0,1,252,192,20260728_t1405_srsSmooth_training_B003,60,40,17.2158537546794,1.59038162231445,1,1,160,1,0,0,1,1,1
20260728_t1405_srsSmooth_training,srs_smooth_training,trial0286.mat,286,286,252,3,71,60,88,68,20,8,1,1,6,2,44,14195,2,0,2,1,1,2,1,2,2,1,CHOSE_LOW_SAL,2,455,1,0,0,0,0,0,143,114,143,114,29,114,1,0,167.319939854968,22.6800601450324,167.319939854968,22.6800601450324,144.639879709935,144.639879709935,NaN,NaN,NaN,1785263083.14626,15410.22532572,2.37146973609924,0.0174617767333984,0.301300048828125,1.10142493247986,1.43418478965759,1.64311790466309,1.69335222244263,1.69335222244263,-1,-1,1.95336437225342,283.838272094727,208.933115005493,50.234317779541,259.167432785034,Congruent,Left,Right,Right,Left,Left,0,1,1,0,1,1,0,0,0,0,1,1,1,0,0,0,1,1,1,253,193,20260728_t1405_srsSmooth_training_B003,61,41,17.2781706213951,1.65405964851379,1,1,166,1,1,0,0,1,1
20260728_t1405_srsSmooth_training,srs_smooth_training,trial0287.mat,287,287,253,3,72,61,88,68,20,8,1,2,7,2,65,20703,2,0,1,2,1,1,2,2,1,1,CHOSE_LOW_SAL,2,455,1,0,0,0,0,0,143,107,143,107,36,143,1,180,246.873194425194,303.126805574806,66.8731944251945,123.126805574806,-56.2536111496111,56.2536111496111,NaN,NaN,NaN,1785263087.11086,15414.18977896,2.13172030448914,0.0196852684020996,0.253777980804443,0.83688497543335,1.1697301864624,1.40396451950073,1.45363163948059,1.45363163948059,-1,-1,1.6807496547699,234.092712402344,234.23433303833,49.6671199798584,283.901453018188,Conflict,Right,Left,Right,Right,Left,0,1,0,1,1,1,1,1,0,0,0,0,1,1,1,0,1,0,1,254,194,20260728_t1405_srsSmooth_training_B003,62,42,17.3442472815514,1.59312987327576,2,1,114,1,1,0,0,1,1
20260728_t1405_srsSmooth_training,srs_smooth_training,trial0288.mat,288,288,254,3,73,62,88,68,20,8,1,2,7,2,55,23176,2,0,1,2,1,1,2,2,1,1,CHOSE_LOW_SAL,2,455,1,0,0,0,0,0,138,127,138,127,11,138,1,0,44.3690590008092,145.630940999191,44.3690590008092,145.630940999191,-101.261881998382,101.261881998382,NaN,NaN,NaN,1785263090.83563,15417.91463652,1.96494913101196,0.0117323398590088,0.0128922462463379,0.662260293960571,0.995134592056274,1.22907471656799,1.27072906494141,1.27072906494141,-1,-1,1.53093290328979,1.1599063873291,233.940124511719,41.6543483734131,275.594472885132,Conflict,Right,Left,Right,Right,Left,0,1,0,1,1,1,1,1,0,0,0,0,1,1,1,0,1,0,1,255,195,20260728_t1405_srsSmooth_training_B003,63,43,17.4063267072042,1.59304523468018,1,1,143,1,0,0,1,1,1
20260728_t1405_srsSmooth_training,srs_smooth_training,trial0289.mat,289,289,255,3,74,63,88,68,20,8,1,1,5,2,31,4895,2,0,1,2,1,1,1,1,1,1,CHOSE_HIGH_SAL,1,455,1,0,0,0,0,0,136,111,136,111,25,136,1,0,133.556090257529,56.4439097424715,133.556090257529,56.4439097424715,77.112180515057,77.112180515057,NaN,NaN,NaN,1785263094.40666,15421.48557052,1.93545651435852,0.015841007232666,0.0167224407196045,0.591461896896362,0.924209594726562,1.14173889160156,1.19173550605774,1.19173550605774,-1,-1,1.50176978111267,0.881433486938477,217.529296875,49.9966144561768,267.525911331177,Congruent,Right,Left,Right,Right,Right,0,1,1,0,1,1,1,1,1,0,0,0,0,1,1,1,1,1,1,256,196,20260728_t1405_srsSmooth_training_B003,64,44,17.465843919913,1.6060836315155,1,1,138,1,0,0,1,1,1
20260728_t1405_srsSmooth_training,srs_smooth_training,trial0290.mat,290,290,256,3,75,64,88,68,20,8,1,2,7,2,70,25216,2,0,1,2,1,1,2,2,1,1,CHOSE_LOW_SAL,2,455,1,0,0,0,0,0,146,100,146,100,46,146,1,0,52.2375105789822,137.762489421018,52.2375105789822,137.762489421018,-85.5249788420356,85.5249788420356,NaN,NaN,NaN,1785263097.9207,15424.99960544,2.18946957588196,0.0186071395874023,0.19417667388916,0.877549648284912,1.21032118797302,1.44433045387268,1.49435544013977,1.49435544013977,-1,-1,1.74626159667969,175.569534301758,234.009265899658,50.0249862670898,284.034252166748,Conflict,Right,Left,Right,Right,Left,0,1,0,1,1,1,1,1,0,0,0,0,1,1,1,0,1,0,1,257,197,20260728_t1405_srsSmooth_training_B003,65,45,17.5244112332662,1.57858228683472,1,1,136,1,0,0,1,1,1
20260728_t1405_srsSmooth_training,srs_smooth_training,trial0291.mat,291,291,257,3,76,65,88,68,20,8,1,1,5,2,22,19085,2,0,1,2,1,1,1,1,1,1,CHOSE_HIGH_SAL,1,455,1,0,0,0,0,0,138,117,138,117,21,138,1,0,160.839908888022,29.1600911119777,160.839908888022,29.1600911119777,131.679817776045,131.679817776045,NaN,NaN,NaN,1785263101.70337,15428.78203408,2.29868841171265,0.0110845565795898,0.22023344039917,0.995200157165527,1.32780241966248,1.54543519020081,1.60371446609497,1.60371446609497,-1,-1,1.86412906646729,209.14888381958,217.63277053833,58.279275894165,275.912046432495,Congruent,Right,Left,Right,Right,Right,0,1,1,0,1,1,1,1,1,0,0,0,0,1,1,1,1,1,1,258,198,20260728_t1405_srsSmooth_training_B003,66,46,17.5874557614326,1.59320211410522,1,1,146,1,0,0,1,1,1
20260728_t1405_srsSmooth_training,srs_smooth_training,trial0292.mat,292,292,258,3,77,66,88,68,20,8,1,1,6,2,50,30943,2,0,2,1,1,2,1,2,2,1,CHOSE_LOW_SAL,2,455,1,0,0,0,0,0,161,117,161,117,44,117,1,180,354.074146223487,195.925853776513,174.074146223487,15.9258537765126,158.148292446975,158.148292446975,NaN,NaN,NaN,1785263105.64596,15432.724551,2.18043732643127,0.0186495780944824,0.227645635604858,0.927521467208862,1.26036429405212,1.50249314308167,1.54422783851624,1.54422783851624,-1,-1,1.7630250453949,208.996057510376,242.128849029541,41.7346954345703,283.863544464111,Congruent,Left,Right,Right,Left,Left,0,1,1,0,1,1,0,0,0,0,1,1,1,0,0,0,1,1,1,259,199,20260728_t1405_srsSmooth_training_B003,67,47,17.6531656106313,1.64390254020691,1,1,138,1,1,0,0,1,1
20260728_t1405_srsSmooth_training,srs_smooth_training,trial0293.mat,293,293,259,3,78,67,88,68,20,8,1,1,5,2,26,5087,2,0,1,2,1,1,1,1,1,1,CHOSE_HIGH_SAL,1,455,1,0,0,0,0,0,153,122,153,122,31,153,1,180,317.841836460597,232.158163539403,137.841836460597,52.1581635394028,85.6836729211943,85.6836729211943,NaN,NaN,NaN,1785263109.57353,15436.65211972,2.37041902542114,0.0162348747253418,0.266872406005859,1.04221057891846,1.37462186813354,1.58357000350952,1.63355946540833,1.63355946540833,-1,-1,1.91860485076904,250.637531280518,208.948135375977,49.9894618988037,258.93759727478,Congruent,Right,Left,Right,Right,Right,0,1,1,0,1,1,1,1,1,0,0,0,0,1,1,1,1,1,1,260,200,20260728_t1405_srsSmooth_training_B003,68,48,17.7186250885328,1.74713134765625,2,1,117,1,1,0,0,1,1
20260728_t1405_srsSmooth_training,srs_smooth_training,trial0294.mat,294,294,260,3,79,68,88,68,20,8,1,2,8,2,82,9928,2,0,2,1,1,2,2,1,2,1,CHOSE_HIGH_SAL,1,455,1,0,0,0,0,0,160,136,160,136,24,136,1,180,241.428662628938,308.571337371062,61.4286626289384,128.571337371062,-67.1426747421233,67.1426747421233,NaN,NaN,NaN,1785263113.53144,15440.60986344,2.28715443611145,0.0168089866638184,0.200978755950928,0.967613458633423,1.30019307136536,1.51756834983826,1.5591037273407,1.5591037273407,-1,-1,1.85273742675781,184.169769287109,217.3752784729,41.5353775024414,258.910655975342,Conflict,Left,Right,Right,Left,Right,0,1,0,1,1,1,0,0,1,0,1,1,0,0,0,1,1,0,1,261,201,20260728_t1405_srsSmooth_training_B003,69,49,17.7845903515816,1.58749675750732,1,1,153,1,1,0,0,1,1
20260728_t1405_srsSmooth_training,srs_smooth_training,trial0295.mat,295,295,261,3,80,69,88,68,20,8,1,1,6,2,46,14262,2,0,2,1,1,2,1,2,2,1,CHOSE_LOW_SAL,2,455,1,0,0,0,0,0,168,142,168,142,26,142,1,0,129.351640621739,60.6483593782612,129.351640621739,60.6483593782612,68.7032812434775,68.7032812434775,NaN,NaN,NaN,1785263117.42996,15444.5084134,2.2215461730957,0.0184454917907715,0.177439451217651,0.885452032089233,1.21015954017639,1.43552327156067,1.48554182052612,1.48554182052612,-1,-1,1.77901530265808,158.99395942688,225.363731384277,50.0185489654541,275.382280349731,Congruent,Left,Right,Right,Left,Left,0,1,1,0,1,1,0,0,0,0,1,1,1,0,0,0,1,1,1,262,202,20260728_t1405_srsSmooth_training_B003,70,50,17.8495656450589,1.61136317253113,2,1,136,1,0,0,1,1,1
20260728_t1405_srsSmooth_training,srs_smooth_training,trial0296.mat,296,296,262,3,81,70,88,68,20,8,1,1,5,2,30,5365,2,0,1,2,1,1,1,1,1,1,CHOSE_HIGH_SAL,1,455,1,0,0,0,0,0,166,100,166,100,66,166,1,180,351.306156236085,198.693843763915,171.306156236085,18.693843763915,152.61231247217,152.61231247217,NaN,NaN,NaN,1785263121.234,15448.31242312,1.99307203292847,0.0145552158355713,0.0153286457061768,0.698287725448608,1.03126192092896,1.2483446598053,1.29006671905518,1.29006671905518,-1,-1,1.52530860900879,0.773429870605469,217.082738876343,41.7220592498779,258.804798126221,Congruent,Right,Left,Right,Right,Right,0,1,1,0,1,1,1,1,1,0,0,0,0,1,1,1,1,1,1,263,203,20260728_t1405_srsSmooth_training_B003,71,51,17.9129663149516,1.58249402046204,2,1,142,1,1,0,0,1,1
20260728_t1405_srsSmooth_training,srs_smooth_training,trial0297.mat,297,297,263,3,82,71,88,68,20,8,1,1,6,2,40,27827,2,0,2,1,1,2,1,2,2,1,CHOSE_LOW_SAL,2,455,1,0,0,0,0,0,161,116,161,116,45,116,1,180,298.242598346293,251.757401653707,118.242598346293,71.7574016537067,46.4851966925866,46.4851966925866,NaN,NaN,NaN,1785263124.81717,15451.89529692,1.92619490623474,0.0148646831512451,0.015972375869751,0.598884582519531,0.931567668914795,1.19039845466614,1.24024987220764,1.24024987220764,-1,-1,1.50864863395691,1.10769271850586,258.830785751343,49.8514175415039,308.682203292847,Congruent,Left,Right,Right,Left,Left,0,1,1,0,1,1,0,0,0,0,1,1,1,0,0,0,1,1,1,264,204,20260728_t1405_srsSmooth_training_B003,72,52,17.9726857423782,1.5900936126709,1,1,166,1,1,0,0,1,1
20260728_t1405_srsSmooth_training,srs_smooth_training,trial0298.mat,298,298,264,3,83,72,88,68,20,8,1,1,6,2,47,6798,2,0,2,1,1,2,1,2,2,1,CHOSE_LOW_SAL,2,455,1,0,0,0,0,0,168,81,168,81,87,81,1,180,301.313140327319,248.686859672681,121.313140327319,68.6868596726812,52.6262806546375,52.6262806546375,NaN,NaN,NaN,1785263128.36315,15455.44130492,2.08077645301819,0.0190238952636719,0.186283349990845,0.869675397872925,1.20240378379822,1.41958069801331,1.46118211746216,1.46118211746216,-1,-1,1.69705295562744,167.259454727173,217.176914215088,41.6014194488525,258.77833366394,Congruent,Left,Right,Right,Left,Left,0,1,1,0,1,1,0,0,0,0,1,1,1,0,0,0,1,1,1,265,205,20260728_t1405_srsSmooth_training_B003,73,53,18.0317854205767,1.61978578567505,2,1,116,1,0,0,1,1,1
20260728_t1405_srsSmooth_training,srs_smooth_training,trial0299.mat,299,299,265,3,84,73,88,68,20,8,1,2,8,2,75,16128,2,0,2,1,1,2,2,1,2,1,CHOSE_HIGH_SAL,1,455,1,0,0,0,0,0,153,120,153,120,33,120,1,180,195.381019317104,354.618980682896,15.3810193171043,174.618980682896,-159.237961365791,159.237961365791,NaN,NaN,NaN,1785263132.03932,15459.1174014,2.08811569213867,0.0180013179779053,0.218487977981567,0.810601711273193,1.14304542541504,1.36863994598389,1.41850543022156,1.41850543022156,-1,-1,1.67111706733704,200.486660003662,225.594520568848,49.8654842376709,275.460004806519,Conflict,Left,Right,Right,Left,Right,0,1,0,1,1,1,0,0,1,0,1,1,0,0,0,1,1,0,1,266,206,20260728_t1405_srsSmooth_training_B003,74,54,18.0930548787117,1.59539103507996,2,1,81,1,0,0,1,1,1
20260728_t1405_srsSmooth_training,srs_smooth_training,trial0301.mat,301,301,266,3,86,74,88,68,20,8,1,2,7,2,67,14542,2,0,1,2,1,1,2,2,1,1,CHOSE_LOW_SAL,2,455,1,0,0,0,0,0,174,127,174,127,47,174,1,180,211.908897110161,338.091102889839,31.9088971101606,158.091102889839,-126.182205779679,126.182205779679,NaN,NaN,NaN,1785263137.49161,15464.56964632,2.13595628738403,0.0159187316894531,0.133210182189941,0.749775409698486,1.08262753486633,1.32476282119751,1.37474679946899,1.37474679946899,-1,-1,1.6599497795105,117.291450500488,242.135286331177,49.9839782714844,292.119264602661,Conflict,Right,Left,Right,Right,Left,0,1,0,1,1,1,1,1,0,0,0,0,1,1,1,0,1,0,1,267,207,20260728_t1405_srsSmooth_training_B003,75,55,18.1839264909426,3.36418104171753,2,1,120,1,1,0,0,1,1
20260728_t1405_srsSmooth_training,srs_smooth_training,trial0302.mat,302,302,267,3,87,75,88,68,20,8,1,1,5,2,29,18115,2,0,1,2,1,1,1,1,1,1,CHOSE_HIGH_SAL,1,455,1,0,0,0,0,0,163,162,163,162,1,163,1,0,126.115623045909,63.884376954091,126.115623045909,63.884376954091,62.231246091818,62.231246091818,NaN,NaN,NaN,1785263141.23857,15468.31660344,2.23988652229309,0.0107762813568115,0.261220455169678,0.944597244262695,1.27749228477478,1.50294971466064,1.55321168899536,1.55321168899536,-1,-1,1.78045749664307,250.444173812866,225.457429885864,50.2619743347168,275.719404220581,Congruent,Right,Left,Right,Right,Right,0,1,1,0,1,1,1,1,1,0,0,0,0,1,1,1,1,1,1,268,208,20260728_t1405_srsSmooth_training_B003,76,56,18.2463757634163,1.61100006103516,1,1,174,1,0,0,1,1,1
20260728_t1405_srsSmooth_training,srs_smooth_training,trial0303.mat,303,303,268,3,88,76,88,68,20,8,1,2,8,2,86,1872,2,0,2,1,1,2,2,1,2,1,CHOSE_HIGH_SAL,1,455,1,0,0,0,0,0,155,121,155,121,34,121,1,180,195.870527090771,354.129472909229,15.870527090771,174.129472909229,-158.258945818458,158.258945818458,NaN,NaN,NaN,1785263145.04539,15472.12322396,2.33278679847717,0.0124402046203613,0.263150691986084,0.996306180953979,1.32915925979614,1.55511260032654,1.59668684005737,1.59668684005737,-1,-1,1.90809726715088,250.710487365723,225.953340530396,41.574239730835,267.52758026123,Conflict,Left,Right,Right,Left,Right,0,1,0,1,1,1,0,0,1,0,1,1,0,0,0,1,1,0,1,269,209,20260728_t1405_srsSmooth_training_B003,77,57,18.3098227262497,1.56693124771118,1,1,163,1,1,0,0,1,1
20260728_t1405_srsSmooth_training,srs_smooth_training,trial0304.mat,304,304,269,3,89,77,88,68,20,8,1,1,6,2,43,32437,2,0,2,1,1,2,1,2,2,1,CHOSE_LOW_SAL,2,455,1,0,0,0,0,0,149,96,149,96,53,96,1,180,315.583312662926,234.416687337074,135.583312662926,54.4166873370744,81.1666253258512,81.1666253258512,NaN,NaN,NaN,1785263148.97932,15476.05695884,2.03220009803772,0.0119972229003906,0.221181869506836,0.729478120803833,1.06203818321228,1.287442445755,1.33737254142761,1.33737254142761,-1,-1,1.63952922821045,209.184646606445,225.404262542725,49.9300956726074,275.334358215332,Congruent,Left,Right,Right,Left,Left,0,1,1,0,1,1,0,0,0,0,1,1,1,0,0,0,1,1,1,270,210,20260728_t1405_srsSmooth_training_B003,78,58,18.3753882487615,1.60114455223083,2,1,121,1,0,0,1,1,1
20260728_t1405_srsSmooth_training,srs_smooth_training,trial0305.mat,305,305,270,3,90,78,88,68,20,8,1,2,7,2,62,31336,2,0,1,2,1,1,2,2,1,1,CHOSE_LOW_SAL,2,455,1,0,0,0,0,0,160,109,160,109,51,160,1,0,33.5991686772119,156.400831322788,33.5991686772119,156.400831322788,-122.801662645576,122.801662645576,NaN,NaN,NaN,1785263152.59084,15479.66851492,2.37881422042847,0.0172817707061768,0.218135118484497,0.96785306930542,1.30066585540771,1.57628870010376,1.6177077293396,1.6177077293396,-1,-1,1.91941332817078,200.85334777832,275.622844696045,41.4190292358398,317.041873931885,Conflict,Right,Left,Right,Right,Left,0,1,0,1,1,1,1,1,0,0,0,0,1,1,1,0,1,0,1,271,211,20260728_t1405_srsSmooth_training_B003,79,59,18.4355802893639,1.57932233810425,2,1,96,1,1,0,0,1,1
20260728_t1405_srsSmooth_training,srs_smooth_training,trial0306.mat,306,306,271,3,91,79,88,68,20,8,1,2,8,2,73,30810,2,0,2,1,1,2,2,1,2,1,CHOSE_HIGH_SAL,1,455,1,0,0,0,0,0,151,129,151,129,22,129,1,0,38.6293853761412,151.370614623859,38.6293853761412,151.370614623859,-112.741229247717,112.741229247717,NaN,NaN,NaN,1785263156.58762,15483.66523376,2.24957537651062,0.0123226642608643,0.204535961151123,0.946322202682495,1.27903866767883,1.52975392341614,1.57960033416748,1.57960033416748,-1,-1,1.82356309890747,192.213296890259,250.715255737305,49.8464107513428,300.561666488647,Conflict,Left,Right,Right,Left,Right,0,1,0,1,1,1,0,0,1,0,1,1,0,0,0,1,1,0,1,272,212,20260728_t1405_srsSmooth_training_B003,80,60,18.5021933237712,1.6179678440094,1,1,160,1,1,0,0,1,1
20260728_t1405_srsSmooth_training,srs_smooth_training,trial0307.mat,307,307,272,3,92,80,88,68,20,8,1,1,6,2,48,6633,2,0,2,1,1,2,1,2,2,1,CHOSE_LOW_SAL,2,455,1,0,0,0,0,0,170,129,170,129,41,129,1,0,179.247102654707,10.7528973452928,179.247102654707,10.7528973452928,168.494205309414,168.494205309414,NaN,NaN,NaN,1785263160.51717,15487.5945908,2.13712239265442,0.0162649154663086,0.0172386169433594,0.783490657806396,1.11630702018738,1.36683011054993,1.40845799446106,1.40845799446106,-1,-1,1.71032357215881,0.973701477050781,250.523090362549,41.6278839111328,292.150974273682,Congruent,Left,Right,Right,Left,Left,0,1,1,0,1,1,0,0,0,0,1,1,1,0,0,0,1,1,1,273,213,20260728_t1405_srsSmooth_training_B003,81,61,18.5676857193311,1.67996835708618,2,1,129,1,0,0,1,1,1
20260728_t1405_srsSmooth_training,srs_smooth_training,trial0308.mat,308,308,273,3,93,81,88,68,20,8,1,2,8,2,85,6766,2,0,2,1,1,2,2,1,2,1,CHOSE_HIGH_SAL,1,455,1,0,0,0,0,0,123,106,123,106,17,106,1,0,83.1330501286383,106.866949871362,83.1330501286383,106.866949871362,-23.7338997427233,23.7338997427233,NaN,NaN,NaN,1785263164.25662,15491.33407568,2.31440663337708,0.0186231136322021,0.252540349960327,1.00278568267822,1.33534002304077,1.54415106773376,1.5942370891571,1.5942370891571,-1,-1,1.90451097488403,233.917236328125,208.811044692993,50.0860214233398,258.897066116333,Conflict,Left,Right,Right,Left,Right,0,1,0,1,1,1,0,0,1,0,1,1,0,0,0,1,1,0,1,274,214,20260728_t1405_srsSmooth_training_B003,82,62,18.6300099492073,1.6023313999176,2,1,129,1,0,0,1,1,1
20260728_t1405_srsSmooth_training,srs_smooth_training,trial0309.mat,309,309,274,3,94,82,88,68,20,8,1,1,6,2,52,13327,2,0,2,1,1,2,1,2,2,1,CHOSE_LOW_SAL,2,455,1,0,0,0,0,0,167,101,167,101,66,101,1,180,321.325147257858,228.674852742142,141.325147257858,48.6748527421417,92.6502945157165,92.6502945157165,NaN,NaN,NaN,1785263168.21171,15495.28906368,2.10862946510315,0.0136909484863281,0.18914270401001,0.872373342514038,1.19706988334656,1.42289400100708,1.4725489616394,1.4725489616394,-1,-1,1.707444190979,175.451755523682,225.824117660522,49.6549606323242,275.479078292847,Congruent,Left,Right,Right,Left,Left,0,1,1,0,1,1,0,0,0,0,1,1,1,0,0,0,1,1,1,275,215,20260728_t1405_srsSmooth_training_B003,83,63,18.695928033193,1.64067840576172,2,1,106,1,0,0,1,1,1
20260728_t1405_srsSmooth_training,srs_smooth_training,trial0310.mat,310,310,275,3,95,83,88,68,20,8,1,2,7,2,71,21171,2,0,1,2,1,1,2,2,1,1,CHOSE_LOW_SAL,2,455,1,0,0,0,0,0,197,119,197,119,78,197,1,180,214.970508517592,335.029491482408,34.9705085175924,155.029491482408,-120.058982964815,120.058982964815,NaN,NaN,NaN,1785263171.90646,15498.98381664,2.50659275054932,0.0107488632202148,0.269707441329956,1.06122803688049,1.39413595199585,1.65300059318542,1.69487237930298,1.69487237930298,-1,-1,2.00478768348694,258.958578109741,258.864641189575,41.8717861175537,300.736427307129,Conflict,Right,Left,Right,Right,Left,0,1,0,1,1,1,1,1,0,0,0,0,1,1,1,0,1,0,1,276,216,20260728_t1405_srsSmooth_training_B003,84,64,18.757507220904,1.58612179756165,2,1,101,1,1,0,0,1,1
20260728_t1405_srsSmooth_training,srs_smooth_training,trial0311.mat,311,311,276,3,96,84,88,68,20,8,1,2,8,2,78,3949,2,0,2,1,1,2,2,1,2,1,CHOSE_HIGH_SAL,1,455,1,0,0,0,0,0,172,111,172,111,61,111,1,0,32.2819784250915,157.718021574909,32.2819784250915,157.718021574909,-125.436043149817,125.436043149817,NaN,NaN,NaN,1785263176.18712,15503.26427888,1.91749238967896,0.0135817527770996,0.0148255825042725,0.656172752380371,0.988619804382324,1.22293615341187,1.27278614044189,1.27278614044189,-1,-1,1.50832295417786,1.24382972717285,234.316349029541,49.8499870300293,284.16633605957,Conflict,Left,Right,Right,Left,Right,0,1,0,1,1,1,0,0,1,0,1,1,0,0,0,1,1,0,1,277,217,20260728_t1405_srsSmooth_training_B003,85,65,18.828851656119,1.77407336235046,1,1,197,1,1,0,0,1,1
20260728_t1405_srsSmooth_training,srs_smooth_training,trial0312.mat,312,312,277,3,97,85,88,68,20,8,1,2,7,2,59,21412,2,0,1,2,1,1,2,2,1,1,CHOSE_LOW_SAL,2,455,1,0,0,0,0,0,139,108,139,108,31,139,1,0,93.3596532810085,96.6403467189915,93.3596532810085,96.6403467189915,-3.28069343798302,3.28069343798302,NaN,NaN,NaN,1785263179.70559,15506.78271124,2.09011769294739,0.0119214057922363,0.195722341537476,0.729064464569092,1.06196117401123,1.28780341148376,1.33779883384705,1.33779883384705,-1,-1,1.64820742607117,183.800935745239,225.842237472534,49.9954223632812,275.837659835815,Conflict,Right,Left,Right,Right,Left,0,1,0,1,1,1,1,1,0,0,0,0,1,1,1,0,1,0,1,278,218,20260728_t1405_srsSmooth_training_B003,86,66,18.8874927123388,1.60097098350525,2,1,111,1,1,0,0,1,1
20260728_t1405_srsSmooth_training,srs_smooth_training,trial0313.mat,313,313,278,3,98,86,88,68,20,8,1,1,6,2,38,441,2,0,2,1,1,2,1,2,2,1,CHOSE_LOW_SAL,2,455,1,0,0,0,0,0,152,123,152,123,29,123,1,0,154.943141710977,35.0568582890227,154.943141710977,35.0568582890228,119.886283421954,119.886283421954,NaN,NaN,NaN,1785263183.37054,15510.4476562,1.93356990814209,0.0137712955474854,0.0146901607513428,0.639569282531738,0.97214150428772,1.18943786621094,1.23133754730225,1.23133754730225,-1,-1,1.5080463886261,0.918865203857422,217.296361923218,41.8996810913086,259.196043014526,Congruent,Left,Right,Right,Left,Left,0,1,1,0,1,1,0,0,0,0,1,1,1,0,0,0,1,1,1,279,219,20260728_t1405_srsSmooth_training_B003,87,67,18.9485753456751,1.57484030723572,1,1,139,1,1,0,0,1,1
20260728_t1405_srsSmooth_training,srs_smooth_training,trial0314.mat,314,314,279,3,99,87,88,68,20,8,1,2,8,2,81,19229,2,0,2,1,1,2,2,1,2,1,CHOSE_HIGH_SAL,1,455,1,0,0,0,0,0,131,119,131,119,12,119,1,0,11.075481850636,178.924518149364,11.075481850636,178.924518149364,-167.849036298728,167.849036298728,NaN,NaN,NaN,1785263186.89967,15513.97675512,2.32127332687378,0.0181174278259277,0.268754720687866,1.05185675621033,1.38483643531799,1.61893057823181,1.66067814826965,1.66067814826965,-1,-1,1.90388822555542,250.637292861938,234.094142913818,41.7475700378418,275.84171295166,Conflict,Left,Right,Right,Left,Right,0,1,0,1,1,1,0,0,1,0,1,1,0,0,0,1,1,0,1,280,220,20260728_t1405_srsSmooth_training_B003,88,68,19.0073940793673,1.59555411338806,2,1,123,1,0,0,1,1,1
20260728_t1405_srsSmooth_training,srs_smooth_training,trial0315.mat,315,315,280,4,1,0,104,84,20,8,2,0,2,1,8,6202,1,1,2,1,2,1,1,2,0,0,,0,454,0,1,0,0,0,0,90,185,185,90,-95,NaN,1,0,180,10,180,10,170,170,NaN,NaN,NaN,1785263190.79946,15517.87642568,1.77183437347412,0.018477201461792,0.244179725646973,1.03590226173401,1.3685302734375,1.68598103523254,-1,-1,-1,-1,-1,225.702524185181,317.450761795044,NaN,NaN,Instruction,Left,Right,None,Right,Left,1,0,0,0,0,NaN,NaN,NaN,NaN,NaN,NaN,NaN,NaN,0,1,0,0,1,0,280,NaN,20260728_t1405_srsSmooth_training_B004,NaN,NaN,19.0723905801773,1.57851672172546,NaN,NaN,NaN,0,NaN,NaN,NaN,NaN,0
20260728_t1405_srsSmooth_training,srs_smooth_training,trial0316.mat,316,316,280,4,2,0,104,84,20,8,2,0,1,1,1,9829,1,1,1,2,2,2,1,1,1,1,SINGLE_T1_CORRECT,10,455,1,0,0,0,0,0,65,194,194,65,-129,65,1,180,0,190,180,10,170,170,NaN,NaN,NaN,1785263193.99892,15521.07575084,2.04752469062805,0.0108203887939453,0.211629152297974,0.778418779373169,1.11084747314453,1.33638215065002,1.37817096710205,1.37817096710205,-1,-1,1.6800708770752,200.808763504028,225.534677505493,41.7888164520264,267.32349395752,Instruction,Right,Left,Right,Left,Right,1,0,0,0,0,NaN,NaN,NaN,NaN,NaN,NaN,NaN,NaN,1,0,1,0,1,0,281,NaN,20260728_t1405_srsSmooth_training_B004,1,NaN,19.1257149616877,1.42762851715088,NaN,NaN,NaN,0,NaN,NaN,NaN,NaN,0
20260728_t1405_srsSmooth_training,srs_smooth_training,trial0317.mat,317,317,281,4,3,1,104,84,20,8,2,0,1,1,5,6212,1,1,1,2,2,2,1,1,1,1,SINGLE_T1_CORRECT,10,455,1,0,0,0,0,0,84,188,188,84,-104,84,1,180,0,190,180,10,170,170,NaN,NaN,NaN,1785263197.65639,15524.73327344,2.13980579376221,0.0118072032928467,0.270601272583008,0.895792484283447,1.2285213470459,1.46255612373352,1.50395560264587,1.50395560264587,-1,-1,1.75592494010925,258.794069290161,234.034776687622,41.3994789123535,275.434255599976,Instruction,Right,Left,Right,Left,Right,1,0,0,0,0,NaN,NaN,NaN,NaN,NaN,NaN,NaN,NaN,1,0,1,0,1,0,282,NaN,20260728_t1405_srsSmooth_training_B004,2,NaN,19.1866728305817,1.60994744300842,NaN,NaN,NaN,0,NaN,NaN,NaN,NaN,0
20260728_t1405_srsSmooth_training,srs_smooth_training,trial0318.mat,318,318,282,4,4,2,104,84,20,8,2,0,1,1,3,14412,1,1,1,2,2,2,1,1,1,1,SINGLE_T1_CORRECT,10,455,1,0,0,0,0,0,61,173,173,61,-112,61,1,180,0,190,180,10,170,170,NaN,NaN,NaN,1785263201.39729,15528.47399008,2.06628489494324,0.0127193927764893,0.0136466026306152,0.655027389526367,0.987757444381714,1.37992525100708,1.42163968086243,1.42163968086243,-1,-1,1.70671463012695,0.927209854125977,392.167806625366,41.7144298553467,433.882236480713,Instruction,Right,Left,Right,Left,Right,1,0,0,0,0,NaN,NaN,NaN,NaN,NaN,NaN,NaN,NaN,1,0,1,0,1,0,283,NaN,20260728_t1405_srsSmooth_training_B004,3,NaN,19.249021144708,1.60109305381775,NaN,NaN,NaN,0,NaN,NaN,NaN,NaN,0
20260728_t1405_srsSmooth_training,srs_smooth_training,trial0319.mat,319,319,283,4,5,3,104,84,20,8,2,0,2,1,7,28745,1,1,2,1,2,1,1,2,1,2,SINGLE_T1_CORRECT,10,455,1,0,0,0,0,0,84,168,168,84,-84,84,1,0,180,10,180,10,170,170,NaN,NaN,NaN,1785263205.05842,15532.13509668,2.03825306892395,0.0184040069580078,0.193974494934082,0.78606915473938,1.1184458732605,1.37709259986877,1.42712879180908,1.42712879180908,-1,-1,1.65391612052917,175.570487976074,258.646726608276,50.0361919403076,308.682918548584,Instruction,Left,Right,Left,Right,Left,1,0,0,0,0,NaN,NaN,NaN,NaN,NaN,NaN,NaN,NaN,0,1,0,0,1,0,284,NaN,20260728_t1405_srsSmooth_training_B004,4,NaN,19.3100398858388,1.59483957290649,NaN,NaN,NaN,0,NaN,NaN,NaN,NaN,0
20260728_t1405_srsSmooth_training,srs_smooth_training,trial0320.mat,320,320,284,4,6,4,104,84,20,8,2,0,2,1,8,6202,1,1,2,1,2,1,1,2,1,2,SINGLE_T1_CORRECT,10,455,1,0,0,0,0,0,94,191,191,94,-97,94,1,180,0,190,180,10,170,170,NaN,NaN,NaN,1785263208.69084,15535.76745244,1.89805197715759,0.0111184120178223,0.0120441913604736,0.61994457244873,0.952821731567383,1.18681573867798,1.22855520248413,1.22855520248413,-1,-1,1.50556063652039,0.925779342651367,233.994007110596,41.7394638061523,275.733470916748,Instruction,Left,Right,Left,Right,Left,1,0,0,0,0,NaN,NaN,NaN,NaN,NaN,NaN,NaN,NaN,0,1,0,0,1,0,285,NaN,20260728_t1405_srsSmooth_training_B004,5,NaN,19.3705803076426,1.59417223930359,NaN,NaN,NaN,0,NaN,NaN,NaN,NaN,0
20260728_t1405_srsSmooth_training,srs_smooth_training,trial0321.mat,321,321,285,4,7,5,104,84,20,8,2,0,4,1,19,3874,1,2,1,2,2,2,2,2,2,2,SINGLE_T2_CORRECT,11,455,1,0,0,0,0,0,95,210,210,95,-115,210,1,180,190,0,10,180,-170,170,NaN,NaN,NaN,1785263212.20597,15539.28238056,2.27438926696777,0.0127944946289062,0.0966885089874268,0.896560192108154,1.22950744628906,1.42161250114441,1.47995257377625,1.47995257377625,-1,-1,1.7654983997345,83.8940143585205,192.105054855347,58.3400726318359,250.445127487183,Instruction,Right,Left,Left,Left,Left,1,0,0,0,0,NaN,NaN,NaN,NaN,NaN,NaN,NaN,NaN,1,0,0,0,0,0,286,NaN,20260728_t1405_srsSmooth_training_B004,6,NaN,19.4291657606761,1.61707520484924,NaN,NaN,NaN,0,NaN,NaN,NaN,NaN,0
20260728_t1405_srsSmooth_training,srs_smooth_training,trial0322.mat,322,322,286,4,8,6,104,84,20,8,2,0,4,1,20,17553,1,2,1,2,2,2,2,2,2,2,SINGLE_T2_CORRECT,11,455,1,0,0,0,0,0,94,188,188,94,-94,188,1,180,190,0,10,180,-170,170,NaN,NaN,NaN,1785263216.08231,15543.15874148,2.34823393821716,0.0116086006164551,0.236984968185425,1.02879858016968,1.36166071891785,1.58712220191956,1.62874889373779,1.62874889373779,-1,-1,1.85605001449585,225.37636756897,225.461483001709,41.6266918182373,267.088174819946,Instruction,Right,Left,Left,Left,Left,1,0,0,0,0,NaN,NaN,NaN,NaN,NaN,NaN,NaN,NaN,1,0,0,0,0,0,287,NaN,20260728_t1405_srsSmooth_training_B004,7,NaN,19.493771358331,1.60194659233093,NaN,NaN,NaN,0,NaN,NaN,NaN,NaN,0
20260728_t1405_srsSmooth_training,srs_smooth_training,trial0323.mat,323,323,287,4,9,7,104,84,20,8,2,0,4,1,16,23329,1,2,1,2,2,2,2,2,2,2,SINGLE_T2_CORRECT,11,455,1,0,0,0,0,0,66,182,182,66,-116,182,1,180,190,0,10,180,-170,170,NaN,NaN,NaN,1785263220.02027,15547.09658456,2.26875448226929,0.0154612064361572,0.199678659439087,0.799615144729614,1.1321713924408,1.42457318305969,1.47452664375305,1.47452664375305,-1,-1,1.78486013412476,184.21745300293,292.401790618896,49.9534606933594,342.355251312256,Instruction,Right,Left,Left,Left,Left,1,0,0,0,0,NaN,NaN,NaN,NaN,NaN,NaN,NaN,NaN,1,0,0,0,0,0,288,NaN,20260728_t1405_srsSmooth_training_B004,8,NaN,19.5594041307767,1.58973240852356,NaN,NaN,NaN,0,NaN,NaN,NaN,NaN,0
20260728_t1405_srsSmooth_training,srs_smooth_training,trial0324.mat,324,324,288,4,10,8,104,84,20,8,2,0,4,1,18,9306,1,2,1,2,2,2,2,2,2,2,SINGLE_T2_CORRECT,11,455,1,0,0,0,0,0,90,186,186,90,-96,186,1,180,190,0,10,180,-170,170,NaN,NaN,NaN,1785263223.85852,15550.93480112,2.17250990867615,0.0190243721008301,0.0201461315155029,0.71147084236145,1.04406452178955,1.36155080795288,1.40319919586182,1.40319919586182,-1,-1,1.68805813789368,1.12175941467285,317.48628616333,41.6483879089355,359.134674072266,Instruction,Right,Left,Left,Left,Left,1,0,0,0,0,NaN,NaN,NaN,NaN,NaN,NaN,NaN,NaN,1,0,0,0,0,0,289,NaN,20260728_t1405_srsSmooth_training_B004,9,NaN,19.6233749945958,1.56949734687805,NaN,NaN,NaN,0,NaN,NaN,NaN,NaN,0
20260728_t1405_srsSmooth_training,srs_smooth_training,trial0326.mat,326,326,289,4,12,9,104,84,20,8,2,0,3,1,11,17788,1,2,2,1,2,1,2,1,2,1,SINGLE_T2_CORRECT,11,455,1,0,0,0,0,0,60,191,191,60,-131,191,1,180,190,0,10,180,-170,170,NaN,NaN,NaN,1785263229.36583,15556.44197592,2.04014348983765,0.0119311809539795,0.187617063522339,0.737510681152344,1.07030487060547,1.27929663658142,1.32069563865662,1.32069563865662,-1,-1,1.54799628257751,175.685882568359,208.991765975952,41.3990020751953,250.390768051147,Instruction,Left,Right,Right,Right,Right,1,0,0,0,0,NaN,NaN,NaN,NaN,NaN,NaN,NaN,NaN,0,1,1,0,0,0,290,NaN,20260728_t1405_srsSmooth_training_B004,10,NaN,19.7151634494464,3.33479738235474,NaN,NaN,NaN,0,NaN,NaN,NaN,NaN,0
20260728_t1405_srsSmooth_training,srs_smooth_training,trial0327.mat,327,327,290,4,13,10,104,84,20,8,2,0,3,1,14,21121,1,2,2,1,2,1,2,1,2,1,SINGLE_T2_CORRECT,11,455,1,0,0,0,0,0,97,200,200,97,-103,200,1,180,190,0,10,180,-170,170,NaN,NaN,NaN,1785263232.99985,15560.07596852,2.18185257911682,0.0113883018493652,0.245410919189453,0.761783123016357,1.09476351737976,1.34544563293457,1.39554142951965,1.39554142951965,-1,-1,1.68085360527039,234.022617340088,250.68211555481,50.095796585083,300.777912139893,Instruction,Left,Right,Right,Right,Right,1,0,0,0,0,NaN,NaN,NaN,NaN,NaN,NaN,NaN,NaN,0,1,1,0,0,0,291,NaN,20260728_t1405_srsSmooth_training_B004,11,NaN,19.7757303953171,1.5938732624054,NaN,NaN,NaN,0,NaN,NaN,NaN,NaN,0
20260728_t1405_srsSmooth_training,srs_smooth_training,trial0328.mat,328,328,291,4,14,11,104,84,20,8,2,0,1,1,2,14217,1,1,1,2,2,2,1,1,1,1,SINGLE_T1_CORRECT,10,455,1,0,0,0,0,0,100,184,184,100,-84,100,1,0,180,10,180,10,170,170,NaN,NaN,NaN,1785263236.83032,15563.9062888,2.23433136940002,0.014401912689209,0.264887809753418,0.981994867324829,1.31445288658142,1.55656862258911,1.60693192481995,1.60693192481995,-1,-1,1.83320426940918,250.485897064209,242.11573600769,50.363302230835,292.479038238525,Instruction,Right,Left,Right,Left,Right,1,0,0,0,0,NaN,NaN,NaN,NaN,NaN,NaN,NaN,NaN,1,0,1,0,1,0,292,NaN,20260728_t1405_srsSmooth_training_B004,12,NaN,19.8395715355873,1.64861583709717,NaN,NaN,NaN,0,NaN,NaN,NaN,NaN,0
20260728_t1405_srsSmooth_training,srs_smooth_training,trial0329.mat,329,329,292,4,15,12,104,84,20,8,2,0,3,1,12,17336,1,2,2,1,2,1,2,1,2,1,SINGLE_T2_CORRECT,11,455,1,0,0,0,0,0,76,189,189,76,-113,189,1,0,10,180,10,180,-170,170,NaN,NaN,NaN,1785263240.64159,15567.71760016,2.0898699760437,0.0116081237792969,0.187163591384888,0.770484447479248,1.10331726074219,1.31208729743958,1.36212396621704,1.36212396621704,-1,-1,1.59716963768005,175.555467605591,208.770036697388,50.0366687774658,258.806705474854,Instruction,Left,Right,Right,Right,Right,1,0,0,0,0,NaN,NaN,NaN,NaN,NaN,NaN,NaN,NaN,0,1,1,0,0,0,293,NaN,20260728_t1405_srsSmooth_training_B004,13,NaN,19.9030927817027,1.57694339752197,NaN,NaN,NaN,0,NaN,NaN,NaN,NaN,0
20260728_t1405_srsSmooth_training,srs_smooth_training,trial0330.mat,330,330,293,4,16,13,104,84,20,8,2,0,2,1,6,16298,1,1,2,1,2,1,1,2,1,2,SINGLE_T1_CORRECT,10,455,1,0,0,0,0,0,53,186,186,53,-133,53,1,0,180,10,180,10,170,170,NaN,NaN,NaN,1785263244.31869,15571.39466776,2.06298232078552,0.0179836750030518,0.235226154327393,0.801757574081421,1.13469362258911,1.38523936271667,1.43523621559143,1.43523621559143,-1,-1,1.71179413795471,217.242479324341,250.545740127563,49.9968528747559,300.542593002319,Instruction,Left,Right,Left,Right,Left,1,0,0,0,0,NaN,NaN,NaN,NaN,NaN,NaN,NaN,NaN,0,1,0,0,1,0,294,NaN,20260728_t1405_srsSmooth_training_B004,14,NaN,19.9643778085709,1.58723163604736,NaN,NaN,NaN,0,NaN,NaN,NaN,NaN,0
20260728_t1405_srsSmooth_training,srs_smooth_training,trial0331.mat,331,331,294,4,17,14,104,84,20,8,2,0,2,1,10,7088,1,1,2,1,2,1,1,2,1,2,SINGLE_T1_CORRECT,10,455,1,0,0,0,0,0,89,209,209,89,-120,89,1,0,180,10,180,10,170,170,NaN,NaN,NaN,1785263247.94944,15575.02519148,2.01546192169189,0.0123796463012695,0.0135326385498047,0.687967777252197,1.02075171470642,1.27149963378906,1.31317400932312,1.31317400932312,-1,-1,1.6230161190033,1.15299224853516,250.747919082642,41.6743755340576,292.422294616699,Instruction,Left,Right,Left,Right,Left,1,0,0,0,0,NaN,NaN,NaN,NaN,NaN,NaN,NaN,NaN,0,1,0,0,1,0,295,NaN,20260728_t1405_srsSmooth_training_B004,15,NaN,20.0248902241389,1.56776261329651,NaN,NaN,NaN,0,NaN,NaN,NaN,NaN,0
20260728_t1405_srsSmooth_training,srs_smooth_training,trial0332.mat,332,332,295,4,18,15,104,84,20,8,2,0,3,1,15,22363,1,2,2,1,2,1,2,1,2,1,SINGLE_T2_CORRECT,11,455,1,0,0,0,0,0,75,167,167,75,-92,167,1,180,190,0,10,180,-170,170,NaN,NaN,NaN,1785263251.53964,15578.61545456,2.15885353088379,0.0139839649200439,0.239742040634155,0.831135272979736,1.16402912139893,1.40619087219238,1.44786620140076,1.44786620140076,-1,-1,1.69175004959106,225.758075714111,242.161750793457,41.675329208374,283.837080001831,Instruction,Left,Right,Right,Right,Right,1,0,0,0,0,NaN,NaN,NaN,NaN,NaN,NaN,NaN,NaN,0,1,1,0,0,0,296,NaN,20260728_t1405_srsSmooth_training_B004,16,NaN,20.0847269177437,1.57473969459534,NaN,NaN,NaN,0,NaN,NaN,NaN,NaN,0
20260728_t1405_srsSmooth_training,srs_smooth_training,trial0334.mat,334,334,296,4,20,16,104,84,20,8,2,0,3,1,13,24708,1,2,2,1,2,1,2,1,2,1,SINGLE_T2_CORRECT,11,455,1,0,0,0,0,0,85,188,188,85,-103,188,1,0,10,180,10,180,-170,170,NaN,NaN,NaN,1785263257.06849,15584.14412188,2.33179807662964,0.0186865329742432,0.236252307891846,0.811063289642334,1.14373064041138,1.51974058151245,1.56965708732605,1.56965708732605,-1,-1,1.84656190872192,217.565774917603,376.009941101074,49.9165058135986,425.926446914673,Instruction,Left,Right,Right,Right,Right,1,0,0,0,0,NaN,NaN,NaN,NaN,NaN,NaN,NaN,NaN,0,1,1,0,0,0,297,NaN,20260728_t1405_srsSmooth_training_B004,17,NaN,20.1768743594487,3.36999297142029,NaN,NaN,NaN,0,NaN,NaN,NaN,NaN,0
20260728_t1405_srsSmooth_training,srs_smooth_training,trial0335.mat,335,335,297,4,21,17,104,84,20,8,2,0,2,1,9,211,1,1,2,1,2,1,1,2,1,2,SINGLE_T1_CORRECT,10,455,1,0,0,0,0,0,85,178,178,85,-93,85,1,0,180,10,180,10,170,170,NaN,NaN,NaN,1785263260.99598,15588.07162492,2.22028183937073,0.0163435935974121,0.25005054473877,0.925493478775024,1.25805854797363,1.51683211326599,1.55851244926453,1.55851244926453,-1,-1,1.8355860710144,233.706951141357,258.773565292358,41.6803359985352,300.453901290894,Instruction,Left,Right,Left,Right,Left,1,0,0,0,0,NaN,NaN,NaN,NaN,NaN,NaN,NaN,NaN,0,1,0,0,1,0,298,NaN,20260728_t1405_srsSmooth_training_B004,18,NaN,20.2423326253891,1.59569787979126,NaN,NaN,NaN,0,NaN,NaN,NaN,NaN,0
20260728_t1405_srsSmooth_training,srs_smooth_training,trial0336.mat,336,336,298,4,22,18,104,84,20,8,2,0,4,1,17,15726,1,2,1,2,2,2,2,2,2,2,SINGLE_T2_CORRECT,11,455,1,0,0,0,0,0,91,147,147,91,-56,147,1,180,190,0,10,180,-170,170,NaN,NaN,NaN,1785263264.81279,15591.88821544,2.13660526275635,0.0163452625274658,0.191793918609619,0.791735887527466,1.12472248077393,1.35057091712952,1.40062546730042,1.40062546730042,-1,-1,1.68610596656799,175.448656082153,225.848436355591,50.0545501708984,275.902986526489,Instruction,Right,Left,Left,Left,Left,1,0,0,0,0,NaN,NaN,NaN,NaN,NaN,NaN,NaN,NaN,1,0,0,0,0,0,299,NaN,20260728_t1405_srsSmooth_training_B004,19,NaN,20.305946179231,1.5965313911438,NaN,NaN,NaN,0,NaN,NaN,NaN,NaN,0
20260728_t1405_srsSmooth_training,srs_smooth_training,trial0337.mat,337,337,299,4,23,19,104,84,20,8,2,0,1,1,4,15705,1,1,1,2,2,2,1,1,1,1,SINGLE_T1_CORRECT,10,455,1,0,0,0,0,0,77,177,177,77,-100,77,1,0,180,10,180,10,170,170,NaN,NaN,NaN,1785263268.5547,15595.6300888,1.91935443878174,0.0162498950958252,0.0170516967773438,0.63350248336792,0.966286897659302,1.18361592292786,1.23347902297974,1.23347902297974,-1,-1,1.54417514801025,0.801801681518555,217.329025268555,49.8631000518799,267.192125320435,Instruction,Right,Left,Right,Left,Right,1,0,0,0,0,NaN,NaN,NaN,NaN,NaN,NaN,NaN,NaN,1,0,1,0,1,0,300,NaN,20260728_t1405_srsSmooth_training_B004,20,NaN,20.3683113217354,1.6053032875061,NaN,NaN,NaN,0,NaN,NaN,NaN,NaN,0
20260728_t1405_srsSmooth_training,srs_smooth_training,trial0338.mat,338,338,300,4,24,20,104,84,20,8,2,1,6,2,47,11394,2,0,2,1,2,1,2,1,1,2,CHOSE_LOW_SAL,2,455,1,0,0,0,0,0,63,172,172,63,-109,63,1,0,71.6635066441272,118.336493355873,71.6635066441272,118.336493355873,-46.6729867117456,46.6729867117456,NaN,NaN,NaN,1785263272.06393,15599.13921476,2.01070380210876,0.0154955387115479,0.157854557037354,0.757725954055786,1.09053754806519,1.36644721031189,1.41646599769592,1.41646599769592,-1,-1,1.65152311325073,142.359018325806,275.909662246704,50.0187873840332,325.928449630737,Congruent,Left,Right,Left,Right,Right,0,1,1,0,1,0,1,0,0,1,0,1,1,0,1,1,0,0,1,301,221,20260728_t1405_srsSmooth_training_B004,21,1,20.4267983913422,1.58986973762512,2,1,119,0,1,1,0,0,1
20260728_t1405_srsSmooth_training,srs_smooth_training,trial0339.mat,339,339,301,4,25,21,104,84,20,8,2,2,7,2,76,11313,2,0,1,2,2,2,1,1,1,1,CHOSE_HIGH_SAL,1,455,1,0,0,0,0,0,70,185,185,70,-115,70,1,180,324.683654842355,225.316345157645,144.683654842355,45.3163451576454,99.3673096847092,99.3673096847092,NaN,NaN,NaN,1785263275.68621,15602.7614366,2.08026838302612,0.0183565616607666,0.252423048019409,0.860528945922852,1.19340252876282,1.38573789596558,1.43548917770386,1.43548917770386,-1,-1,1.71337509155273,234.066486358643,192.335367202759,49.7512817382812,242.08664894104,Conflict,Right,Left,Right,Left,Right,0,1,0,1,1,1,1,0,1,0,0,1,0,1,0,1,0,1,1,302,222,20260728_t1405_srsSmooth_training_B004,22,2,20.4871697425842,1.61157727241516,1,2,63,1,0,1,1,0,1
20260728_t1405_srsSmooth_training,srs_smooth_training,trial0340.mat,340,340,302,4,26,22,104,84,20,8,2,2,7,2,66,6205,2,0,1,2,2,2,1,1,1,1,CHOSE_HIGH_SAL,1,455,1,0,0,0,0,0,94,189,189,94,-95,94,1,180,352.472778228285,197.527221771715,172.472778228285,17.5272217717146,154.945556456571,154.945556456571,NaN,NaN,NaN,1785263279.35939,15606.43454104,2.07424688339233,0.0119867324829102,0.212406158447266,0.829446315765381,1.16203165054321,1.36283802986145,1.4044885635376,1.4044885635376,-1,-1,1.6813747882843,200.419425964355,200.806379318237,41.6505336761475,242.456912994385,Conflict,Right,Left,Right,Left,Right,0,1,0,1,1,1,1,0,1,0,0,1,0,1,0,1,0,1,1,303,223,20260728_t1405_srsSmooth_training_B004,23,3,20.548389406999,1.5929114818573,1,1,70,1,0,0,1,1,1
20260728_t1405_srsSmooth_training,srs_smooth_training,trial0341.mat,341,341,303,4,27,23,104,84,20,8,2,1,6,2,54,12285,2,0,2,1,2,1,2,1,2,1,CHOSE_HIGH_SAL,1,455,1,0,0,0,0,0,87,194,194,87,-107,194,1,180,215.862344544878,334.137655455122,35.8623445448778,154.137655455122,-118.275310910244,118.275310910244,NaN,NaN,NaN,1785263283.07926,15610.15427776,2.24575638771057,0.0172653198242188,0.276403665542603,0.842742919921875,1.1756432056427,1.40128636360168,1.45129179954529,1.45129179954529,-1,-1,1.75320792198181,259.138345718384,225.643157958984,50.0054359436035,275.648593902588,Congruent,Left,Right,Right,Right,Right,0,1,1,0,1,1,0,1,1,0,1,0,0,0,1,1,0,0,1,304,224,20260728_t1405_srsSmooth_training_B004,24,4,20.6103871981303,1.64562058448792,1,1,94,1,1,0,0,1,1
20260728_t1405_srsSmooth_training,srs_smooth_training,trial0342.mat,342,342,304,4,28,24,104,84,20,8,2,1,5,2,29,18570,2,0,1,2,2,2,2,2,2,2,CHOSE_HIGH_SAL,1,455,1,0,0,0,0,0,101,206,206,101,-105,206,1,0,12.932095766865,177.067904233135,12.932095766865,177.067904233135,-164.13580846627,164.13580846627,NaN,NaN,NaN,1785263286.96652,15614.0415748,2.26654410362244,0.0134849548339844,0.164334297180176,0.880606889724731,1.21353197097778,1.46400833129883,1.50567626953125,1.50567626953125,-1,-1,1.75751495361328,150.849342346191,250.476360321045,41.6679382324219,292.144298553467,Congruent,Right,Left,Left,Left,Left,0,1,1,0,1,0,0,1,1,1,1,0,0,1,0,0,0,0,1,305,225,20260728_t1405_srsSmooth_training_B004,25,5,20.6751749515533,1.64150881767273,2,1,194,1,0,1,1,0,1
20260728_t1405_srsSmooth_training,srs_smooth_training,trial0343.mat,343,343,305,4,29,25,104,84,20,8,2,1,5,2,27,5302,2,0,1,2,2,2,2,2,2,2,CHOSE_HIGH_SAL,1,455,1,0,0,0,0,0,92,204,204,92,-112,204,1,180,194.521293361462,355.478706638538,14.5212933614625,175.478706638538,-160.957413277075,160.957413277075,NaN,NaN,NaN,1785263290.81778,15617.89262092,2.3157172203064,0.0123755931854248,0.254593133926392,0.887819290161133,1.2207555770874,1.52110505104065,1.57129383087158,1.57129383087158,-1,-1,1.81496691703796,242.217540740967,300.349473953247,50.1887798309326,350.53825378418,Congruent,Right,Left,Left,Left,Left,0,1,1,0,1,0,0,1,1,1,1,0,0,1,0,0,0,0,1,306,226,20260728_t1405_srsSmooth_training_B004,26,6,20.739362625281,1.58471632003784,2,2,206,1,0,0,1,1,1
20260728_t1405_srsSmooth_training,srs_smooth_training,trial0344.mat,344,344,306,4,30,26,104,84,20,8,2,2,8,2,99,27159,2,0,2,1,2,1,1,2,1,2,CHOSE_HIGH_SAL,1,455,1,0,0,0,0,0,73,186,186,73,-113,73,1,180,359.679584957116,190.320415042884,179.679584957116,10.3204150428844,169.359169914231,169.359169914231,NaN,NaN,NaN,1785263294.77892,15621.8536718,2.19648599624634,0.0180606842041016,0.235518932342529,0.96863055229187,1.30144381523132,1.52708697319031,1.56866049766541,1.56866049766541,-1,-1,1.82055354118347,217.458248138428,225.643157958984,41.5735244750977,267.216682434082,Conflict,Left,Right,Left,Right,Left,0,1,0,1,1,0,1,0,1,1,0,1,0,0,1,0,0,1,1,307,227,20260728_t1405_srsSmooth_training_B004,27,7,20.8053815722466,1.64541959762573,2,2,204,1,1,0,0,1,1
20260728_t1405_srsSmooth_training,srs_smooth_training,trial0345.mat,345,345,307,4,31,27,104,84,20,8,2,1,6,2,45,9663,2,0,2,1,2,1,2,1,2,1,CHOSE_HIGH_SAL,1,455,1,0,0,0,0,0,77,188,188,77,-111,188,1,180,229.70972779463,320.29027220537,49.7097277946296,140.29027220537,-90.5805444107407,90.5805444107407,NaN,NaN,NaN,1785263298.62874,15625.70362852,2.17222452163696,0.018385648727417,0.227095127105713,0.794083833694458,1.1267626285553,1.3607120513916,1.41056680679321,1.41056680679321,-1,-1,1.68752360343933,208.709478378296,233.949422836304,49.8547554016113,283.804178237915,Congruent,Left,Right,Right,Right,Right,0,1,1,0,1,1,0,1,1,0,1,0,0,0,1,1,0,0,1,308,228,20260728_t1405_srsSmooth_training_B004,28,8,20.8695453246435,1.65333914756775,1,2,73,1,1,1,0,0,1
20260728_t1405_srsSmooth_training,srs_smooth_training,trial0346.mat,346,346,308,4,32,28,104,84,20,8,2,1,6,2,42,11557,2,0,2,1,2,1,2,1,2,1,CHOSE_HIGH_SAL,1,455,1,0,0,0,0,0,85,219,219,85,-134,219,1,0,36.2745036055099,153.72549639449,36.2745036055099,153.72549639449,-117.45099278898,117.45099278898,NaN,NaN,NaN,1785263302.40867,15629.48335192,2.266921043396,0.013603687286377,0.264551401138306,0.839152336120605,1.17198276519775,1.38915085792542,1.43918251991272,1.43918251991272,-1,-1,1.74968600273132,250.947713851929,217.168092727661,50.0316619873047,267.199754714966,Congruent,Left,Right,Right,Right,Right,0,1,1,0,1,1,0,1,1,0,1,0,0,0,1,1,0,0,1,309,229,20260728_t1405_srsSmooth_training_B004,29,9,20.9325441559156,1.60770535469055,2,1,188,1,0,0,1,1,1
20260728_t1405_srsSmooth_training,srs_smooth_training,trial0347.mat,347,347,309,4,33,29,104,84,20,8,2,1,5,2,39,22196,2,0,1,2,2,2,2,2,1,1,CHOSE_LOW_SAL,2,455,1,0,0,0,0,0,83,172,172,83,-89,83,1,0,67.0684599767527,122.931540023247,67.0684599767527,122.931540023247,-55.8630800464946,55.8630800464946,NaN,NaN,NaN,1785263306.29568,15633.37034976,1.82962608337402,0.0184125900268555,0.019160270690918,0.535662889480591,0.86844539642334,1.0944516658783,1.13571691513062,1.13571691513062,-1,-1,1.44723010063171,0.7476806640625,226.006269454956,41.2652492523193,267.271518707275,Congruent,Right,Left,Right,Left,Left,0,1,1,0,1,1,1,0,0,0,0,1,1,1,0,0,0,0,1,310,230,20260728_t1405_srsSmooth_training_B004,30,10,20.9973276774089,1.62009024620056,2,1,219,1,1,0,0,1,1
20260728_t1405_srsSmooth_training,srs_smooth_training,trial0348.mat,348,348,310,4,34,30,104,84,20,8,2,1,5,2,35,25394,2,0,1,2,2,2,2,2,0,0,,0,454,0,1,0,0,0,0,60,203,203,60,-143,NaN,1,180,192.641017625487,357.358982374513,12.6410176254869,177.358982374513,-164.717964749026,164.717964749026,NaN,NaN,NaN,1785263309.74545,15636.82011756,1.56307172775269,0.0187814235687256,0.235918998718262,0.894245147705078,1.22716236114502,1.47807049751282,-1,-1,-1,-1,-1,217.137575149536,250.908136367798,NaN,NaN,Congruent,Right,Left,None,Left,Left,0,1,1,0,0,NaN,NaN,NaN,NaN,NaN,NaN,NaN,NaN,1,0,0,0,0,0,310,NaN,20260728_t1405_srsSmooth_training_B004,NaN,NaN,21.0548237800598,1.62014007568359,NaN,NaN,NaN,0,NaN,NaN,NaN,NaN,0
20260728_t1405_srsSmooth_training,srs_smooth_training,trial0349.mat,349,349,310,4,35,30,104,84,20,8,2,2,7,2,72,10400,2,0,1,2,2,2,1,1,0,0,,0,11,0,1,0,0,0,0,86,193,193,86,-107,NaN,1,0,100.733280374505,89.2667196254951,100.733280374505,89.2667196254951,11.4665607490099,11.4665607490099,NaN,NaN,NaN,1785263312.75728,15639.8317332,1.5765905380249,0.0153989791870117,0.232511758804321,0.949222803115845,1.2821159362793,1.49926137924194,-1,-1,-1,-1,-1,217.11277961731,217.145442962646,NaN,NaN,Conflict,Right,Left,None,Left,Right,0,1,0,1,0,NaN,NaN,NaN,NaN,NaN,NaN,NaN,NaN,1,0,1,0,1,0,310,NaN,20260728_t1405_srsSmooth_training_B004,NaN,NaN,21.1050210038821,1.44876170158386,NaN,NaN,NaN,0,NaN,NaN,NaN,NaN,0
20260728_t1405_srsSmooth_training,srs_smooth_training,trial0350.mat,350,350,310,4,36,30,104,84,20,8,2,1,5,2,28,24309,2,0,1,2,2,2,2,2,0,0,,0,454,0,1,0,0,0,0,84,166,166,84,-82,NaN,1,180,192.618390805341,357.381609194659,12.6183908053409,177.381609194659,-164.763218389318,164.763218389318,NaN,NaN,NaN,1785263315.83962,15642.91408304,1.47822999954224,0.0165214538574219,0.209011316299438,0.783976554870605,1.11656451225281,1.40037059783936,-1,-1,-1,-1,-1,192.489862442017,283.806085586548,NaN,NaN,Congruent,Right,Left,None,Left,Left,0,1,1,0,0,NaN,NaN,NaN,NaN,NaN,NaN,NaN,NaN,1,0,0,0,0,0,310,NaN,20260728_t1405_srsSmooth_training_B004,NaN,NaN,21.1563932100932,1.5057418346405,NaN,NaN,NaN,0,NaN,NaN,NaN,NaN,0
20260728_t1405_srsSmooth_training,srs_smooth_training,trial0351.mat,351,351,310,4,37,30,104,84,20,8,2,2,7,2,63,28735,2,0,1,2,2,2,1,1,1,1,CHOSE_HIGH_SAL,1,455,1,0,0,0,0,0,57,181,181,57,-124,57,1,180,346.133204069272,203.866795930728,166.133204069272,23.8667959307279,142.266408138544,142.266408138544,NaN,NaN,NaN,1785263318.76158,15645.83598792,2.08994817733765,0.0196707248687744,0.186947584152222,0.886918306350708,1.21971774101257,1.45359063148499,1.49520182609558,1.49520182609558,-1,-1,1.730623960495,167.276859283447,233.872890472412,41.6111946105957,275.484085083008,Conflict,Right,Left,Right,Left,Right,0,1,0,1,1,1,1,0,1,0,0,1,0,1,0,1,0,1,1,311,231,20260728_t1405_srsSmooth_training_B004,31,11,21.2050926407178,1.4437358379364,1,1,83,1,0,0,1,1,1
20260728_t1405_srsSmooth_training,srs_smooth_training,trial0352.mat,352,352,311,4,38,31,104,84,20,8,2,1,6,2,46,27451,2,0,2,1,2,1,2,1,2,1,CHOSE_HIGH_SAL,1,455,1,0,0,0,0,0,72,202,202,72,-130,202,1,0,22.0560001593391,167.943999840661,22.0560001593391,167.943999840661,-145.887999681322,145.887999681322,NaN,NaN,NaN,1785263322.4967,15649.5709498,2.34635519981384,0.0180349349975586,0.210159063339233,0.968845844268799,1.3014190196991,1.51028800010681,1.55184650421143,1.55184650421143,-1,-1,1.8457944393158,192.124128341675,208.868980407715,41.5585041046143,250.427484512329,Congruent,Left,Right,Right,Right,Right,0,1,1,0,1,1,0,1,1,0,1,0,0,0,1,1,0,0,1,312,232,20260728_t1405_srsSmooth_training_B004,32,12,21.2673445701599,1.64516758918762,1,1,57,1,1,0,0,1,1
20260728_t1405_srsSmooth_training,srs_smooth_training,trial0353.mat,353,353,312,4,39,32,104,84,20,8,2,1,5,2,36,23315,2,0,1,2,2,2,2,2,1,1,CHOSE_LOW_SAL,2,455,1,0,0,0,0,0,63,204,204,63,-141,63,1,0,87.9758327027591,102.024167297241,87.9758327027591,102.024167297241,-14.0483345944818,14.0483345944818,NaN,NaN,NaN,1785263326.43695,15653.51117744,2.19029402732849,0.0112721920013428,0.195143699645996,0.936676740646362,1.26965522766113,1.49517345428467,1.53685784339905,1.53685784339905,-1,-1,1.83054518699646,183.871507644653,225.518226623535,41.6843891143799,267.202615737915,Congruent,Right,Left,Right,Left,Left,0,1,1,0,1,1,1,0,0,0,0,1,1,1,0,0,0,0,1,313,233,20260728_t1405_srsSmooth_training_B004,33,13,21.333015414079,1.59389543533325,2,1,202,1,1,0,0,1,1
20260728_t1405_srsSmooth_training,srs_smooth_training,trial0354.mat,354,354,313,4,40,33,104,84,20,8,2,2,7,2,78,2344,2,0,1,2,2,2,1,1,2,2,CHOSE_LOW_SAL,2,455,1,0,0,0,0,0,91,176,176,91,-85,176,1,0,139.46744858937,50.5325514106303,139.46744858937,50.5325514106303,88.9348971787394,88.9348971787394,NaN,NaN,NaN,1785263330.22393,15657.29797924,2.2781343460083,0.0161063671112061,0.225267171859741,0.866751909255981,1.19948649406433,1.49216365814209,1.54183459281921,1.54183459281921,-1,-1,1.80228853225708,209.160804748535,292.677164077759,49.670934677124,342.348098754883,Conflict,Right,Left,Left,Left,Right,0,1,0,1,1,0,0,1,0,1,1,0,1,1,0,1,0,1,1,314,234,20260728_t1405_srsSmooth_training_B004,34,14,21.3961317777634,1.59668779373169,1,1,63,1,1,1,0,0,1
20260728_t1405_srsSmooth_training,srs_smooth_training,trial0356.mat,356,356,314,4,42,34,104,84,20,8,2,2,7,2,68,17643,2,0,1,2,2,2,1,1,2,2,CHOSE_LOW_SAL,2,455,1,0,0,0,0,0,48,193,193,48,-145,193,1,0,162.698122057185,27.3018779428154,162.698122057185,27.3018779428154,135.396244114369,135.396244114369,NaN,NaN,NaN,1785263335.88057,15662.95457312,2.38006281852722,0.0180232524871826,0.235224008560181,0.90189003944397,1.23473739624023,1.54381537437439,1.58544707298279,1.58544707298279,-1,-1,1.88704013824463,217.200756072998,309.077978134155,41.6316986083984,350.709676742554,Conflict,Right,Left,Left,Left,Right,0,1,0,1,1,0,0,1,0,1,1,0,1,1,0,1,0,1,1,315,235,20260728_t1405_srsSmooth_training_B004,35,15,21.4904090960821,3.37850475311279,2,2,176,1,0,0,1,1,1
20260728_t1405_srsSmooth_training,srs_smooth_training,trial0357.mat,357,357,315,4,43,35,104,84,20,8,2,1,5,2,31,9430,2,0,1,2,2,2,2,2,2,2,CHOSE_HIGH_SAL,1,455,1,0,0,0,0,0,79,174,174,79,-95,174,1,0,24.1321174391949,165.867882560805,24.1321174391949,165.867882560805,-141.73576512161,141.73576512161,NaN,NaN,NaN,1785263339.83647,15666.9105364,2.0575590133667,0.0122733116149902,0.179550647735596,0.70450496673584,1.03731369972229,1.30454301834106,1.35452723503113,1.35452723503113,-1,-1,1.58139944076538,167.277336120605,267.229318618774,49.9842166900635,317.213535308838,Congruent,Right,Left,Left,Left,Left,0,1,1,0,1,0,0,1,1,1,1,0,0,1,0,0,0,0,1,316,236,20260728_t1405_srsSmooth_training_B004,36,16,21.5563408414523,1.57584190368652,2,2,193,1,0,0,1,1,1
20260728_t1405_srsSmooth_training,srs_smooth_training,trial0358.mat,358,358,316,4,44,36,104,84,20,8,2,1,5,2,35,25394,2,0,1,2,2,2,2,2,2,2,CHOSE_HIGH_SAL,1,455,1,0,0,0,0,0,102,201,201,102,-99,201,1,180,272.693033087762,277.306966912238,92.6930330877622,97.3069669122378,-4.61393382447557,4.61393382447557,NaN,NaN,NaN,1785263343.48194,15670.5557616,2.46251559257507,0.0169553756713867,0.301175832748413,1.00953650474548,1.34200739860535,1.67613887786865,1.71772623062134,1.71772623062134,-1,-1,1.961270570755,284.220457077026,334.131479263306,41.5873527526855,375.718832015991,Congruent,Right,Left,Left,Left,Left,0,1,1,0,1,0,0,1,1,1,1,0,0,1,0,0,0,0,1,317,237,20260728_t1405_srsSmooth_training_B004,37,17,21.6170985460281,1.58790326118469,2,2,174,1,0,0,1,1,1
20260728_t1405_srsSmooth_training,srs_smooth_training,trial0360.mat,360,360,317,4,46,37,104,84,20,8,2,1,5,2,26,10535,2,0,1,2,2,2,2,2,2,2,CHOSE_HIGH_SAL,1,455,1,0,0,0,0,0,62,186,186,62,-124,186,1,180,209.777438547496,340.222561452504,29.777438547496,160.222561452504,-130.445122905008,130.445122905008,NaN,NaN,NaN,1785263349.39527,15676.46899196,2.39125275611877,0.0121908187866211,0.254734754562378,1.02949118614197,1.36224365234375,1.60449409484863,1.65450024604797,1.65450024604797,-1,-1,1.90581965446472,242.543935775757,242.250442504883,50.0061511993408,292.256593704224,Congruent,Right,Left,Left,Left,Left,0,1,1,0,1,0,0,1,1,1,1,0,0,1,0,0,0,0,1,318,238,20260728_t1405_srsSmooth_training_B004,38,18,21.7156540552775,3.45081496238708,2,2,201,1,0,0,1,1,1
20260728_t1405_srsSmooth_training,srs_smooth_training,trial0361.mat,361,361,318,4,47,38,104,84,20,8,2,1,5,2,21,17928,2,0,1,2,2,2,2,2,2,2,CHOSE_HIGH_SAL,1,455,1,0,0,0,0,0,98,191,191,98,-93,191,1,180,223.565034984104,326.434965015896,43.5650349841038,146.434965015896,-102.869930031792,102.869930031792,NaN,NaN,NaN,1785263353.36872,15680.4422842,2.30941414833069,0.0138909816741943,0.247713565826416,0.922739028930664,1.25560593605042,1.53091883659363,1.57297515869141,1.57297515869141,-1,-1,1.81627297401428,233.822584152222,275.312900543213,42.0563220977783,317.369222640991,Congruent,Right,Left,Left,Left,Left,0,1,1,0,1,0,0,1,1,1,1,0,0,1,0,0,0,0,1,319,239,20260728_t1405_srsSmooth_training_B004,39,19,21.7818783362707,1.58220410346985,2,2,186,1,0,0,1,1,1
20260728_t1405_srsSmooth_training,srs_smooth_training,trial0362.mat,362,362,319,4,48,39,104,84,20,8,2,2,8,2,90,27905,2,0,2,1,2,1,1,2,1,2,CHOSE_HIGH_SAL,1,455,1,0,0,0,0,0,73,200,200,73,-127,73,1,180,339.079511095747,210.920488904253,159.079511095747,30.9204889042529,128.159022191494,128.159022191494,NaN,NaN,NaN,1785263357.26353,15684.33708944,2.0559389591217,0.0192408561706543,0.253208875656128,0.778182029724121,1.11095118522644,1.38679170608521,1.42812395095825,1.42812395095825,-1,-1,1.68026971817017,233.968019485474,275.840520858765,41.3322448730469,317.172765731812,Conflict,Left,Right,Left,Right,Left,0,1,0,1,1,0,1,0,1,1,0,1,0,0,1,0,0,1,1,320,240,20260728_t1405_srsSmooth_training_B004,40,20,21.8467917164167,1.58538866043091,2,2,191,1,1,0,0,1,1
20260728_t1405_srsSmooth_training,srs_smooth_training,trial0363.mat,363,363,320,4,49,40,104,84,20,8,2,2,8,2,98,18182,2,0,2,1,2,1,1,2,1,2,CHOSE_HIGH_SAL,1,455,1,0,0,0,0,0,99,198,198,99,-99,99,1,0,176.077201707224,13.9227982927761,176.077201707224,13.9227982927762,162.154403414448,162.154403414448,NaN,NaN,NaN,1785263360.94814,15688.02169568,2.29641366004944,0.0181083679199219,0.260205507278442,0.876930952072144,1.20982241630554,1.53545331954956,1.58531188964844,1.58531188964844,-1,-1,1.8950719833374,242.097139358521,325.630903244019,49.858570098877,375.489473342896,Conflict,Left,Right,Left,Right,Left,0,1,0,1,1,0,1,0,1,1,0,1,0,0,1,0,0,1,1,321,241,20260728_t1405_srsSmooth_training_B004,41,21,21.9082019130389,1.62867283821106,1,2,73,1,0,0,1,1,1
20260728_t1405_srsSmooth_training,srs_smooth_training,trial0364.mat,364,364,321,4,50,41,104,84,20,8,2,2,7,2,80,4977,2,0,1,2,2,2,1,1,2,2,CHOSE_LOW_SAL,2,455,1,0,0,0,0,0,63,185,185,63,-122,185,1,180,281.698265281553,268.301734718447,101.698265281553,88.3017347184471,13.3965305631058,13.3965305631058,NaN,NaN,NaN,1785263364.90975,15691.98327508,2.41870498657227,0.0149848461151123,0.273866653442383,0.907051563262939,1.24003291130066,1.59878826141357,1.64870548248291,1.64870548248291,-1,-1,1.93414926528931,258.881807327271,358.755350112915,49.9172210693359,408.672571182251,Conflict,Right,Left,Left,Left,Right,0,1,0,1,1,0,0,1,0,1,1,0,1,1,0,1,0,1,1,322,242,20260728_t1405_srsSmooth_training_B004,42,22,21.9742288033168,1.66519975662231,1,2,99,1,1,0,0,1,1
20260728_t1405_srsSmooth_training,srs_smooth_training,trial0365.mat,365,365,322,4,51,42,104,84,20,8,2,1,6,2,61,23193,2,0,2,1,2,1,2,1,1,2,CHOSE_LOW_SAL,2,455,1,0,0,0,0,0,88,177,177,88,-89,88,1,0,82.6923037574654,107.307696242535,82.6923037574654,107.307696242535,-24.6153924850693,24.6153924850693,NaN,NaN,NaN,1785263369.06907,15696.14241328,1.8679027557373,0.0141656398773193,0.015122652053833,0.522960662841797,0.855865716934204,1.13965225219727,1.18986201286316,1.18986201286316,-1,-1,1.47562432289124,0.957012176513672,283.786535263062,50.2097606658936,333.996295928955,Congruent,Left,Right,Left,Right,Right,0,1,1,0,1,0,1,0,0,1,0,1,1,0,1,1,0,0,1,323,243,20260728_t1405_srsSmooth_training_B004,43,23,22.0435507416725,1.74061131477356,2,2,185,1,1,0,0,1,1
20260728_t1405_srsSmooth_training,srs_smooth_training,trial0366.mat,366,366,323,4,52,43,104,84,20,8,2,1,6,2,53,29275,2,0,2,1,2,1,2,1,1,2,CHOSE_LOW_SAL,2,455,1,0,0,0,0,0,72,183,183,72,-111,72,1,0,74.1449853664283,115.855014633572,74.1449853664283,115.855014633572,-41.7100292671435,41.7100292671435,NaN,NaN,NaN,1785263372.83586,15699.90916756,2.042316198349,0.0141894817352295,0.173013210296631,0.723089218139648,1.05589771270752,1.33136963844299,1.37305331230164,1.37305331230164,-1,-1,1.66710186004639,158.823728561401,275.471925735474,41.6836738586426,317.155599594116,Congruent,Left,Right,Left,Right,Right,0,1,1,0,1,0,1,0,0,1,0,1,1,0,1,1,0,0,1,324,244,20260728_t1405_srsSmooth_training_B004,44,24,22.1063305894534,1.8988881111145,1,2,88,1,0,0,1,1,1
20260728_t1405_srsSmooth_training,srs_smooth_training,trial0367.mat,367,367,324,4,53,44,104,84,20,8,2,2,7,2,67,7810,2,0,1,2,2,2,1,1,1,1,CHOSE_HIGH_SAL,1,455,1,0,0,0,0,0,63,191,191,63,-128,63,1,0,129.600765723802,60.3992342761983,129.600765723802,60.3992342761983,69.2015314476033,69.2015314476033,NaN,NaN,NaN,1785263376.78494,15703.8581232,2.26875615119934,0.0152599811553955,0.216052055358887,0.94921350479126,1.28197717666626,1.62447500228882,1.67421841621399,1.67421841621399,-1,-1,1.90938878059387,200.792074203491,342.497825622559,49.7434139251709,392.241239547729,Conflict,Right,Left,Right,Left,Right,0,1,0,1,1,1,1,0,1,0,0,1,0,1,0,1,0,1,1,325,245,20260728_t1405_srsSmooth_training_B004,45,25,22.172148680687,1.90676927566528,1,2,72,1,0,1,1,0,1
20260728_t1405_srsSmooth_training,srs_smooth_training,trial0368.mat,368,368,325,4,54,45,104,84,20,8,2,2,8,2,84,1931,2,0,2,1,2,1,1,2,2,1,CHOSE_LOW_SAL,2,455,1,0,0,0,0,0,100,221,221,100,-121,221,1,0,172.839156312025,17.1608436879755,172.839156312025,17.1608436879755,155.678312624049,155.678312624049,NaN,NaN,NaN,1785263380.72899,15707.80208128,2.30860948562622,0.013038158416748,0.213364839553833,0.930442094802856,1.26308727264404,1.50560331344604,1.55556344985962,1.55556344985962,-1,-1,1.79051327705383,200.326681137085,242.516040802002,49.9601364135742,292.476177215576,Conflict,Left,Right,Right,Right,Left,0,1,0,1,1,1,0,1,0,0,1,0,1,0,1,0,0,1,1,326,246,20260728_t1405_srsSmooth_training_B004,46,26,22.2378827651342,1.67528891563416,1,1,63,1,1,0,0,1,1
20260728_t1405_srsSmooth_training,srs_smooth_training,trial0369.mat,369,369,326,4,55,46,104,84,20,8,2,1,6,2,48,31790,2,0,2,1,2,1,2,1,2,1,CHOSE_HIGH_SAL,1,455,1,0,0,0,0,0,96,183,183,96,-87,183,1,180,191.085468992104,358.914531007896,11.0854689921042,178.914531007896,-167.829062015792,167.829062015792,NaN,NaN,NaN,1785263384.62812,15711.70120516,2.25087404251099,0.0140583515167236,0.306422472000122,0.923110485076904,1.25577330589294,1.48138642311096,1.53132224082947,1.53132224082947,-1,-1,1.7665843963623,292.364120483398,225.613117218018,49.9358177185059,275.548934936523,Congruent,Left,Right,Right,Right,Right,0,1,1,0,1,1,0,1,1,0,1,0,0,0,1,1,0,0,1,327,247,20260728_t1405_srsSmooth_training_B004,47,27,22.3028683304787,1.59052443504333,2,1,221,1,0,0,1,1,1
20260728_t1405_srsSmooth_training,srs_smooth_training,trial0370.mat,370,370,327,4,56,47,104,84,20,8,2,1,6,2,49,13188,2,0,2,1,2,1,2,1,2,1,CHOSE_HIGH_SAL,1,455,1,0,3,0,0,0,54,157,157,54,-103,157,1,0,52.8346322202622,137.165367779738,52.8346322202622,137.165367779738,-84.3307355594756,84.3307355594756,NaN,NaN,NaN,1785263388.52372,15715.59665776,2.33015513420105,0.0186173915863037,0.219492197036743,0.919548273086548,1.25199937820435,1.5195324420929,1.56942057609558,1.56942057609558,-1,-1,1.87112474441528,200.874805450439,267.53306388855,49.8881340026855,317.421197891235,Congruent,Left,Right,Right,Right,Right,0,1,1,0,1,1,0,1,1,0,1,0,0,0,1,1,0,0,1,328,248,20260728_t1405_srsSmooth_training_B004,48,28,22.3677949110667,1.64472079277039,2,1,183,1,0,0,1,1,1
20260728_t1405_srsSmooth_training,srs_smooth_training,trial0372.mat,372,372,328,4,58,48,104,84,20,8,2,2,7,2,82,31010,2,0,1,2,2,2,1,1,1,1,CHOSE_HIGH_SAL,1,455,1,0,0,0,0,0,67,229,229,67,-162,67,1,180,331.981001355302,218.018998644698,151.981001355302,38.0189986446983,113.962002710603,113.962002710603,NaN,NaN,NaN,1785263394.28953,15721.36244584,2.0488817691803,0.0113646984100342,0.253878355026245,0.770223140716553,1.10307359695435,1.34515762329102,1.39556479454041,1.39556479454041,-1,-1,1.68132209777832,242.513656616211,242.08402633667,50.4071712493896,292.49119758606,Conflict,Right,Left,Right,Left,Right,0,1,0,1,1,1,1,0,1,0,0,1,0,1,0,1,0,1,1,329,249,20260728_t1405_srsSmooth_training_B004,49,29,22.4638917922974,3.43565773963928,2,1,157,1,1,0,0,1,1
20260728_t1405_srsSmooth_training,srs_smooth_training,trial0373.mat,373,373,329,4,59,49,104,84,20,8,2,2,8,2,100,11692,2,0,2,1,2,1,1,2,2,1,CHOSE_LOW_SAL,2,455,1,0,0,0,0,0,87,179,179,87,-92,179,1,0,128.055945812898,61.9440541871016,128.055945812898,61.9440541871016,66.1118916257967,66.1118916257967,NaN,NaN,NaN,1785263397.94081,15725.01362892,1.95535755157471,0.0185596942901611,0.0197329521179199,0.560923099517822,0.893593788146973,1.14451265335083,1.19445848464966,1.19445848464966,-1,-1,1.47944021224976,1.17325782775879,250.918865203857,49.9458312988281,300.864696502686,Conflict,Left,Right,Right,Right,Left,0,1,0,1,1,1,0,1,0,0,1,0,1,0,1,0,0,1,1,330,250,20260728_t1405_srsSmooth_training_B004,50,30,22.5247464895248,1.60240006446838,1,1,67,1,1,0,0,1,1
20260728_t1405_srsSmooth_training,srs_smooth_training,trial0374.mat,374,374,330,4,60,50,104,84,20,8,2,2,8,2,102,22080,2,0,2,1,2,1,1,2,2,1,CHOSE_LOW_SAL,2,455,1,0,0,0,0,0,74,186,186,74,-112,186,1,180,328.389302273377,221.610697726623,148.389302273377,41.6106977266226,106.778604546755,106.778604546755,NaN,NaN,NaN,1785263401.52763,15728.6003588,2.34399223327637,0.0152120590209961,0.266039609909058,0.907780408859253,1.24026012420654,1.50765061378479,1.54906558990479,1.54906558990479,-1,-1,1.85964941978455,250.827550888062,267.390489578247,41.4149761199951,308.805465698242,Conflict,Left,Right,Right,Right,Left,0,1,0,1,1,1,0,1,0,0,1,0,1,0,1,0,0,1,1,331,251,20260728_t1405_srsSmooth_training_B004,51,31,22.5845268328985,1.63146305084229,2,1,179,1,0,0,1,1,1
20260728_t1405_srsSmooth_training,srs_smooth_training,trial0375.mat,375,375,331,4,61,51,104,84,20,8,2,2,8,2,88,17423,2,0,2,1,2,1,1,2,2,1,CHOSE_LOW_SAL,2,455,1,0,0,0,0,0,89,169,169,89,-80,169,1,0,175.337084927937,14.6629150720631,175.337084927937,14.6629150720631,160.674169855874,160.674169855874,NaN,NaN,NaN,1785263405.46563,15732.53821168,2.27306580543518,0.0190322399139404,0.294756889343262,0.902978420257568,1.23574733734131,1.46971940994263,1.51120805740356,1.51120805740356,-1,-1,1.80486440658569,275.724649429321,233.972072601318,41.4886474609375,275.460720062256,Conflict,Left,Right,Right,Right,Left,0,1,0,1,1,1,0,1,0,0,1,0,1,0,1,0,0,1,1,332,252,20260728_t1405_srsSmooth_training_B004,52,32,22.6501601815224,1.59400868415833,2,1,186,1,0,0,1,1,1
20260728_t1405_srsSmooth_training,srs_smooth_training,trial0376.mat,376,376,332,4,62,52,104,84,20,8,2,1,6,2,43,20051,2,0,2,1,2,1,2,1,2,1,CHOSE_HIGH_SAL,1,455,1,0,0,0,0,0,48,179,179,48,-131,179,1,180,218.431965979919,331.568034020081,38.4319659799193,151.568034020081,-113.136068040161,113.136068040161,NaN,NaN,NaN,1785263409.31392,15736.38638576,2.2749605178833,0.0125646591186523,0.221567392349243,0.896456003189087,1.2292788028717,1.45467758178711,1.50484371185303,1.50484371185303,-1,-1,1.79854798316956,209.002733230591,225.398778915405,50.166130065918,275.564908981323,Congruent,Left,Right,Right,Right,Right,0,1,1,0,1,1,0,1,1,0,1,0,0,0,1,1,0,0,1,333,253,20260728_t1405_srsSmooth_training_B004,53,33,22.7142982562383,1.57521867752075,2,1,169,1,0,0,1,1,1
20260728_t1405_srsSmooth_training,srs_smooth_training,trial0377.mat,377,377,333,4,63,53,104,84,20,8,2,1,6,2,57,6028,2,0,2,1,2,1,2,1,2,1,CHOSE_HIGH_SAL,1,455,1,0,0,0,0,0,97,189,189,97,-92,189,1,180,218.894392913629,331.105607086371,38.8943929136295,151.105607086371,-112.211214172741,112.211214172741,NaN,NaN,NaN,1785263413.18351,15740.25602124,2.17986345291138,0.0181236267089844,0.285399913787842,0.827221632003784,1.15983462333679,1.37721538543701,1.4191358089447,1.4191358089447,-1,-1,1.68782711029053,267.276287078857,217.38076210022,41.9204235076904,259.30118560791,Congruent,Left,Right,Right,Right,Right,0,1,1,0,1,1,0,1,1,0,1,0,0,0,1,1,0,0,1,334,254,20260728_t1405_srsSmooth_training_B004,54,34,22.7787914594015,1.59463167190552,2,1,179,1,0,0,1,1,1
20260728_t1405_srsSmooth_training,srs_smooth_training,trial0378.mat,378,378,334,4,64,54,104,84,20,8,2,2,7,2,75,8888,2,0,1,2,2,2,1,1,1,1,CHOSE_HIGH_SAL,1,455,1,0,0,0,0,0,73,195,195,73,-122,73,1,0,133.245709286751,56.7542907132493,133.245709286751,56.7542907132492,76.4914185735015,76.4914185735015,NaN,NaN,NaN,1785263416.93861,15744.01101256,2.2664430141449,0.0131731033325195,0.247140169143677,1.03063344955444,1.36322522163391,1.57243275642395,1.62209606170654,1.62209606170654,-1,-1,1.8907470703125,233.967065811157,209.207534790039,49.6633052825928,258.870840072632,Conflict,Right,Left,Right,Left,Right,0,1,0,1,1,1,1,0,1,0,0,1,0,1,0,1,0,1,1,335,255,20260728_t1405_srsSmooth_training_B004,55,35,22.8413763999939,1.5752329826355,2,1,189,1,1,0,0,1,1
20260728_t1405_srsSmooth_training,srs_smooth_training,trial0379.mat,379,379,335,4,65,55,104,84,20,8,2,1,5,2,23,22671,2,0,1,2,2,2,2,2,0,0,,0,454,0,1,0,0,0,0,96,191,191,96,-95,NaN,1,180,193.830813830556,356.169186169444,13.8308138305563,176.169186169444,-162.338372338887,162.338372338887,NaN,NaN,NaN,1785263420.82432,15747.89660756,1.64820528030396,0.0109477043151855,0.186577796936035,0.95337700843811,1.28599667549133,1.56192851066589,-1,-1,-1,-1,-1,175.63009262085,275.931835174561,NaN,NaN,Congruent,Right,Left,None,Left,Left,0,1,1,0,0,NaN,NaN,NaN,NaN,NaN,NaN,NaN,NaN,1,0,0,0,0,0,335,NaN,20260728_t1405_srsSmooth_training_B004,NaN,NaN,22.9061382253965,1.61926651000977,NaN,NaN,NaN,0,NaN,NaN,NaN,NaN,0
20260728_t1405_srsSmooth_training,srs_smooth_training,trial0380.mat,380,380,335,4,66,55,104,84,20,8,2,2,8,2,95,588,2,0,2,1,2,1,1,2,2,1,CHOSE_LOW_SAL,2,455,1,0,0,0,0,0,93,197,197,93,-104,197,1,0,148.361230958637,41.6387690413628,148.361230958637,41.6387690413628,106.722461917274,106.722461917274,NaN,NaN,NaN,1785263423.94574,15751.01791044,2.21016144752502,0.0146493911743164,0.19855785369873,0.807022333145142,1.13969349861145,1.37366819381714,1.41531038284302,1.41531038284302,-1,-1,1.70910716056824,183.908462524414,233.974695205688,41.6421890258789,275.616884231567,Conflict,Left,Right,Right,Right,Left,0,1,0,1,1,1,0,1,0,0,1,0,1,0,1,0,0,1,1,336,256,20260728_t1405_srsSmooth_training_B004,56,36,22.9581618785858,1.47321391105652,1,1,73,1,1,0,0,1,1
20260728_t1405_srsSmooth_training,srs_smooth_training,trial0382.mat,382,382,336,4,68,56,104,84,20,8,2,2,7,2,65,30161,2,0,1,2,2,2,1,1,1,1,CHOSE_HIGH_SAL,1,455,1,0,0,0,0,0,65,180,180,65,-115,65,1,0,147.407551893603,42.5924481063967,147.407551893603,42.5924481063967,104.815103787207,104.815103787207,NaN,NaN,NaN,1785263429.5167,15756.58886152,2.29714298248291,0.018897533416748,0.244572877883911,1.02783703804016,1.3606162071228,1.59433650970459,1.63600301742554,1.63600301742554,-1,-1,1.9297890663147,225.675344467163,233.720302581787,41.6665077209473,275.386810302734,Conflict,Right,Left,Right,Left,Right,0,1,0,1,1,1,1,0,1,0,0,1,0,1,0,1,0,1,1,337,257,20260728_t1405_srsSmooth_training_B004,57,37,23.051011343797,3.36080646514893,2,1,197,1,1,0,0,1,1
20260728_t1405_srsSmooth_training,srs_smooth_training,trial0383.mat,383,383,337,4,69,57,104,84,20,8,2,2,7,2,81,26027,2,0,1,2,2,2,1,1,1,1,CHOSE_HIGH_SAL,1,455,1,0,0,0,0,0,77,172,172,77,-95,77,1,180,332.951685828302,217.048314171698,152.951685828302,37.0483141716977,115.903371656605,115.903371656605,NaN,NaN,NaN,1785263433.41564,15760.48777464,2.18204927444458,0.0117743015289307,0.245600461959839,0.96212911605835,1.29515743255615,1.5205090045929,1.56225275993347,1.56225275993347,-1,-1,1.80547714233398,233.826160430908,225.351572036743,41.7437553405762,267.095327377319,Conflict,Right,Left,Right,Left,Right,0,1,0,1,1,1,1,0,1,0,0,1,0,1,0,1,0,1,1,338,258,20260728_t1405_srsSmooth_training_B004,58,38,23.1159936785698,1.60179710388184,1,1,65,1,0,0,1,1,1
20260728_t1405_srsSmooth_training,srs_smooth_training,trial0384.mat,384,384,338,4,70,58,104,84,20,8,2,2,7,2,74,5374,2,0,1,2,2,2,1,1,1,1,CHOSE_HIGH_SAL,1,455,1,0,0,0,0,0,95,176,176,95,-81,95,1,0,146.948647362036,43.0513526379636,146.948647362036,43.0513526379636,103.897294724073,103.897294724073,NaN,NaN,NaN,1785263437.29735,15764.36936088,1.99166870117188,0.0135552883148193,0.0976974964141846,0.681066036224365,1.01359438896179,1.28065133094788,1.32261776924133,1.32261776924133,-1,-1,1.59915709495544,84.1422080993652,267.056941986084,41.966438293457,309.023380279541,Conflict,Right,Left,Right,Left,Right,0,1,0,1,1,1,1,0,1,0,0,1,0,1,0,1,0,1,1,339,259,20260728_t1405_srsSmooth_training_B004,59,39,23.1806887308757,1.69965386390686,1,1,77,1,0,0,1,1,1
20260728_t1405_srsSmooth_training,srs_smooth_training,trial0385.mat,385,385,339,4,71,59,104,84,20,8,2,1,6,2,51,16723,2,0,2,1,2,1,2,1,2,1,CHOSE_HIGH_SAL,1,455,1,0,0,0,0,0,79,203,203,79,-124,203,1,0,20.8546731210722,169.145326878928,20.8546731210722,169.145326878928,-148.290653757856,148.290653757856,NaN,NaN,NaN,1785263440.91341,15767.98530048,2.1346538066864,0.0142984390258789,0.256537675857544,0.789990186691284,1.12267541885376,1.34000372886658,1.39012384414673,1.39012384414673,-1,-1,1.63386392593384,242.239236831665,217.328310012817,50.1201152801514,267.448425292969,Congruent,Left,Right,Right,Right,Right,0,1,1,0,1,1,0,1,1,0,1,0,0,0,1,1,0,0,1,340,260,20260728_t1405_srsSmooth_training_B004,60,40,23.240956445535,1.6243941783905,1,1,95,1,1,0,0,1,1
20260728_t1405_srsSmooth_training,srs_smooth_training,trial0386.mat,386,386,340,4,72,60,104,84,20,8,2,2,8,2,94,1105,2,0,2,1,2,1,1,2,2,1,CHOSE_LOW_SAL,2,455,1,0,0,0,0,0,87,184,184,87,-97,184,1,180,332.890823704908,217.109176295092,152.890823704908,37.1091762950925,115.781647409815,115.781647409815,NaN,NaN,NaN,1785263444.93949,15772.01138728,2.35846424102783,0.0133788585662842,0.222205638885498,0.988881349563599,1.32176280021667,1.59722256660461,1.64721894264221,1.64721894264221,-1,-1,1.87441110610962,208.826780319214,275.459766387939,49.9963760375977,325.456142425537,Conflict,Left,Right,Right,Right,Left,0,1,0,1,1,1,0,1,0,0,1,0,1,0,1,0,0,1,1,341,261,20260728_t1405_srsSmooth_training_B004,61,41,23.3080577055613,1.89142179489136,2,1,203,1,0,0,1,1,1
20260728_t1405_srsSmooth_training,srs_smooth_training,trial0387.mat,387,387,341,4,73,61,104,84,20,8,2,2,8,2,86,25466,2,0,2,1,2,1,1,2,2,1,CHOSE_LOW_SAL,2,455,1,0,0,0,0,0,91,188,188,91,-97,188,1,180,286.163753173878,263.836246826122,106.163753173878,83.8362468261223,22.3275063477554,22.3275063477554,NaN,NaN,NaN,1785263448.89233,15775.96411388,2.22280073165894,0.0190253257751465,0.23635196685791,0.828259944915771,1.16073632240295,1.4116644859314,1.46151328086853,1.46151328086853,-1,-1,1.73096251487732,217.326641082764,250.928163528442,49.8487949371338,300.776958465576,Conflict,Left,Right,Right,Right,Left,0,1,0,1,1,1,0,1,0,0,1,0,1,0,1,0,0,1,1,342,262,20260728_t1405_srsSmooth_training_B004,62,42,23.3739383618037,1.5943751335144,2,1,184,1,0,0,1,1,1
20260728_t1405_srsSmooth_training,srs_smooth_training,trial0389.mat,389,389,342,4,75,62,104,84,20,8,2,1,5,2,32,3082,2,0,1,2,2,2,2,2,0,0,,0,454,0,1,0,0,0,0,86,184,184,86,-98,NaN,1,0,16.2761311242343,173.723868875766,16.2761311242343,173.723868875766,-157.447737751531,157.447737751531,NaN,NaN,NaN,1785263454.49793,15781.56952184,1.49204182624817,0.0136358737945557,0.264447450637817,0.789166450500488,1.12201189994812,1.41415333747864,-1,-1,-1,-1,-1,250.811576843262,292.141437530518,NaN,NaN,Congruent,Right,Left,None,Left,Left,0,1,1,0,0,NaN,NaN,NaN,NaN,NaN,NaN,NaN,NaN,1,0,0,0,0,0,342,NaN,20260728_t1405_srsSmooth_training_B004,NaN,NaN,23.467365137736,3.38280582427979,NaN,NaN,NaN,0,NaN,NaN,NaN,NaN,0
20260728_t1405_srsSmooth_training,srs_smooth_training,trial0390.mat,390,390,342,4,76,62,104,84,20,8,2,1,5,2,30,24399,2,0,1,2,2,2,2,2,1,1,CHOSE_LOW_SAL,2,455,1,0,0,0,0,0,69,203,203,69,-134,69,1,180,223.776620505929,326.223379494071,43.7766205059287,146.223379494071,-102.446758988143,102.446758988143,NaN,NaN,NaN,1785263457.41684,15784.48828076,2.18143010139465,0.0115094184875488,0.22056245803833,0.79546594619751,1.12821936607361,1.47051739692688,1.51365852355957,1.51365852355957,-1,-1,1.8136293888092,209.053039550781,342.298030853271,43.1411266326904,385.439157485962,Congruent,Right,Left,Right,Left,Left,0,1,1,0,1,1,1,0,0,0,0,1,1,1,0,0,0,0,1,343,263,20260728_t1405_srsSmooth_training_B004,63,43,23.5160135626793,1.42686367034912,2,1,188,1,1,0,0,1,1
20260728_t1405_srsSmooth_training,srs_smooth_training,trial0391.mat,391,391,343,4,77,63,104,84,20,8,2,2,8,2,85,30192,2,0,2,1,2,1,1,2,2,1,CHOSE_LOW_SAL,2,455,1,0,0,0,0,0,70,201,201,70,-131,201,1,180,340.544975067478,209.455024932522,160.544975067478,29.4550249325222,131.089950134956,131.089950134956,NaN,NaN,NaN,1785263461.22471,15788.29628284,2.0902636051178,0.0121207237243652,0.212581157684326,0.745806217193604,1.07882881164551,1.30426120758057,1.34587526321411,1.34587526321411,-1,-1,1.58976244926453,200.460433959961,225.432395935059,41.6140556335449,267.046451568604,Conflict,Left,Right,Right,Right,Left,0,1,0,1,1,1,0,1,0,0,1,0,1,0,1,0,0,1,1,344,264,20260728_t1405_srsSmooth_training_B004,64,44,23.5794780572255,1.62643957138062,1,1,69,1,1,0,0,1,1
20260728_t1405_srsSmooth_training,srs_smooth_training,trial0392.mat,392,392,344,4,78,64,104,84,20,8,2,1,5,2,22,26957,2,0,1,2,2,2,2,2,1,1,CHOSE_LOW_SAL,2,455,1,0,0,0,0,0,68,192,192,68,-124,68,1,0,42.3588255893787,147.641174410621,42.3588255893787,147.641174410621,-105.282348821243,105.282348821243,NaN,NaN,NaN,1785263464.92415,15791.99558892,2.17453789710999,0.0128202438354492,0.27154278755188,0.896681070327759,1.2295343875885,1.49660778045654,1.54660701751709,1.54660701751709,-1,-1,1.80740714073181,258.722543716431,267.073392868042,49.9992370605469,317.072629928589,Congruent,Right,Left,Right,Left,Left,0,1,1,0,1,1,1,0,0,0,0,1,1,1,0,0,0,0,1,345,265,20260728_t1405_srsSmooth_training_B004,65,45,23.6411354462306,1.60917973518372,2,1,201,1,1,0,0,1,1
20260728_t1405_srsSmooth_training,srs_smooth_training,trial0393.mat,393,393,345,4,79,65,104,84,20,8,2,1,5,2,23,22671,2,0,1,2,2,2,2,2,1,1,CHOSE_LOW_SAL,2,455,1,0,0,0,0,0,80,161,161,80,-81,80,1,0,61.216017573293,128.783982426707,61.216017573293,128.783982426707,-67.567964853414,67.567964853414,NaN,NaN,NaN,1785263468.71054,15795.78194616,2.08038020133972,0.018247127532959,0.193725109100342,0.852081775665283,1.1849582195282,1.43556427955627,1.46897411346436,1.46897411346436,-1,-1,1.69581580162048,175.477981567383,250.606060028076,33.4098339080811,284.015893936157,Congruent,Right,Left,Right,Left,Left,0,1,1,0,1,1,1,0,0,0,0,1,1,1,0,0,0,0,1,346,266,20260728_t1405_srsSmooth_training_B004,66,46,23.7042418996493,1.61184930801392,1,1,68,1,0,0,1,1,1
20260728_t1405_srsSmooth_training,srs_smooth_training,trial0394.mat,394,394,346,4,80,66,104,84,20,8,2,1,5,2,32,3082,2,0,1,2,2,2,2,2,2,2,CHOSE_HIGH_SAL,1,455,1,0,0,0,0,0,61,202,202,61,-141,202,1,180,227.405353489721,322.59464651028,47.4053534897205,142.59464651028,-95.189293020559,95.189293020559,NaN,NaN,NaN,1785263472.44456,15799.51581496,2.2965567111969,0.0177006721496582,0.251757621765137,0.876853466033936,1.20941257476807,1.44360041618347,1.49343752861023,1.49343752861023,-1,-1,1.79532694816589,234.056949615479,234.187841415405,49.8371124267578,284.024953842163,Congruent,Right,Left,Left,Left,Left,0,1,1,0,1,0,0,1,1,1,1,0,0,1,0,0,0,0,1,347,267,20260728_t1405_srsSmooth_training_B004,67,47,23.7664756417274,1.653644323349,1,1,80,1,1,1,0,0,1
20260728_t1405_srsSmooth_training,srs_smooth_training,trial0395.mat,395,395,347,4,81,67,104,84,20,8,2,2,7,2,64,8769,2,0,1,2,2,2,1,1,1,1,CHOSE_HIGH_SAL,1,455,1,0,0,0,0,0,84,174,174,84,-90,84,1,180,351.17474777729,198.82525222271,171.17474777729,18.8252522227095,152.349495554581,152.349495554581,NaN,NaN,NaN,1785263476.40524,15803.47637312,2.22715616226196,0.015505313873291,0.282523632049561,1.02436852455139,1.35722470283508,1.57466578483582,1.61608982086182,1.61608982086182,-1,-1,1.84290480613708,267.01831817627,217.441082000732,41.424036026001,258.865118026733,Conflict,Right,Left,Right,Left,Right,0,1,0,1,1,1,1,0,1,0,0,1,0,1,0,1,0,1,1,348,268,20260728_t1405_srsSmooth_training_B004,68,48,23.8324869910876,1.66412425041199,2,2,202,1,1,1,0,0,1
20260728_t1405_srsSmooth_training,srs_smooth_training,trial0396.mat,396,396,348,4,82,68,104,84,20,8,2,2,8,2,92,5781,2,0,2,1,2,1,1,2,1,2,CHOSE_HIGH_SAL,1,455,1,0,0,0,0,0,75,162,162,75,-87,75,1,180,359.8849486356,190.1150513644,179.8849486356,10.1150513644,169.7698972712,169.7698972712,NaN,NaN,NaN,1785263480.22458,15807.29567184,2.05789613723755,0.012981653213501,0.222101449966431,0.797024965286255,1.12969160079956,1.38035988807678,1.43039274215698,1.43039274215698,-1,-1,1.68477392196655,209.11979675293,250.668287277222,50.0328540802002,300.701141357422,Conflict,Left,Right,Left,Right,Left,0,1,0,1,1,0,1,0,1,1,0,1,0,0,1,0,0,1,1,349,269,20260728_t1405_srsSmooth_training_B004,69,49,23.8961426417033,1.59218287467957,1,1,84,1,0,1,1,0,1
20260728_t1405_srsSmooth_training,srs_smooth_training,trial0397.mat,397,397,349,4,83,69,104,84,20,8,2,1,5,2,25,6013,2,0,1,2,2,2,2,2,2,2,CHOSE_HIGH_SAL,1,455,1,0,0,0,0,0,80,201,201,80,-121,201,1,0,23.9773010032981,166.022698996702,23.9773010032981,166.022698996702,-142.045397993404,142.045397993404,NaN,NaN,NaN,1785263483.87794,15810.949048,2.12961673736572,0.0181014537811279,0.0191450119018555,0.710550308227539,1.04314160346985,1.28551506996155,1.335453748703,1.335453748703,-1,-1,1.62853479385376,1.04355812072754,242.373466491699,49.9386787414551,292.312145233154,Congruent,Right,Left,Left,Left,Left,0,1,1,0,1,0,0,1,1,1,1,0,0,1,0,0,0,0,1,350,270,20260728_t1405_srsSmooth_training_B004,70,50,23.9570318937302,1.595458984375,1,2,75,1,1,0,0,1,1
20260728_t1405_srsSmooth_training,srs_smooth_training,trial0398.mat,398,398,350,4,84,70,104,84,20,8,2,2,7,2,83,11516,2,0,1,2,2,2,1,1,1,1,CHOSE_HIGH_SAL,1,455,1,0,0,0,0,0,44,178,178,44,-134,44,1,180,339.045431378484,210.954568621516,159.045431378484,30.9545686215156,128.090862756969,128.090862756969,NaN,NaN,NaN,1785263487.62582,15814.69676092,2.07356524467468,0.0120327472686768,0.279569387435913,0.829603433609009,1.16207790374756,1.43780040740967,1.47963953018188,1.47963953018188,-1,-1,1.7308464050293,267.536640167236,275.722503662109,41.8391227722168,317.561626434326,Conflict,Right,Left,Right,Left,Right,0,1,0,1,1,1,1,0,1,0,0,1,0,1,0,1,0,1,1,351,271,20260728_t1405_srsSmooth_training_B004,71,51,24.0194965720177,1.61826395988464,2,2,201,1,1,1,0,0,1
20260728_t1405_srsSmooth_training,srs_smooth_training,trial0399.mat,399,399,351,4,85,71,104,84,20,8,2,1,6,2,59,22720,2,0,2,1,2,1,2,1,1,2,CHOSE_LOW_SAL,2,455,1,0,0,0,0,0,92,184,184,92,-92,92,1,0,48.534818419294,141.465181580706,48.534818419294,141.465181580706,-92.9303631614121,92.9303631614121,NaN,NaN,NaN,1785263491.29368,15818.36458388,2.08144569396973,0.0109755992889404,0.18665599822998,0.753387689590454,1.08601784706116,1.32853317260742,1.37853479385376,1.37853479385376,-1,-1,1.68927955627441,175.68039894104,242.515325546265,50.0016212463379,292.516946792603,Congruent,Left,Right,Left,Right,Right,0,1,1,0,1,0,1,0,0,1,0,1,1,0,1,1,0,0,1,352,272,20260728_t1405_srsSmooth_training_B004,72,52,24.0806276718775,1.59430074691772,1,1,44,1,0,1,1,0,1
20260728_t1405_srsSmooth_training,srs_smooth_training,trial0400.mat,400,400,352,4,86,72,104,84,20,8,2,1,6,2,50,17184,2,0,2,1,2,1,2,1,2,1,CHOSE_HIGH_SAL,1,455,1,0,0,0,0,0,83,170,170,83,-87,170,1,180,190.285258237981,359.714741762019,10.2852582379812,179.714741762019,-169.429483524038,169.429483524038,NaN,NaN,NaN,1785263494.9695,15822.04042788,2.18009662628174,0.018641471862793,0.210941791534424,0.84416675567627,1.17701959609985,1.41929984092712,1.46097588539124,1.46097588539124,-1,-1,1.71260738372803,192.300319671631,242.280244827271,41.6760444641113,283.956289291382,Congruent,Left,Right,Right,Right,Right,0,1,1,0,1,1,0,1,1,0,1,0,0,0,1,1,0,0,1,353,273,20260728_t1405_srsSmooth_training_B004,73,53,24.1418911933899,1.59436559677124,1,2,92,1,1,1,0,0,1
20260728_t1405_srsSmooth_training,srs_smooth_training,trial0401.mat,401,401,353,4,87,73,104,84,20,8,2,1,6,2,55,31719,2,0,2,1,2,1,2,1,2,1,CHOSE_HIGH_SAL,1,455,1,0,0,0,0,0,65,209,209,65,-144,209,1,180,216.70423732025,333.29576267975,36.7042373202499,153.29576267975,-116.5915253595,116.5915253595,NaN,NaN,NaN,1785263498.75084,15825.82163004,2.29074573516846,0.012441873550415,0.196550369262695,0.838300704956055,1.17082095146179,1.41329669952393,1.47165536880493,1.47165536880493,-1,-1,1.78151178359985,184.10849571228,242.475748062134,58.3586692810059,300.83441734314,Congruent,Left,Right,Right,Right,Right,0,1,1,0,1,1,0,1,1,0,1,0,0,0,1,1,0,0,1,354,274,20260728_t1405_srsSmooth_training_B004,74,54,24.2049136201541,1.60124897956848,2,1,170,1,0,0,1,1,1
20260728_t1405_srsSmooth_training,srs_smooth_training,trial0402.mat,402,402,354,4,88,74,104,84,20,8,2,2,7,2,77,6651,2,0,1,2,2,2,1,1,1,1,CHOSE_HIGH_SAL,1,455,1,0,0,0,0,0,108,185,185,108,-77,108,1,180,311.331696634871,238.668303365129,131.331696634871,58.6683033651292,72.6633932697415,72.6633932697415,NaN,NaN,NaN,1785263502.71844,15829.78911356,2.309645652771,0.0116596221923828,0.245627403259277,1.02901792526245,1.36171269416809,1.58714175224304,1.62908101081848,1.62908101081848,-1,-1,1.89784359931946,233.967781066895,225.429058074951,41.9392585754395,267.368316650391,Conflict,Right,Left,Right,Left,Right,0,1,0,1,1,1,1,0,1,0,0,1,0,1,0,1,0,1,1,355,275,20260728_t1405_srsSmooth_training_B004,75,55,24.2710403402646,1.67685747146606,2,1,209,1,1,0,0,1,1
20260728_t1405_srsSmooth_training,srs_smooth_training,trial0403.mat,403,403,355,4,89,75,104,84,20,8,2,2,8,2,91,24619,2,0,2,1,2,1,1,2,2,1,CHOSE_LOW_SAL,2,455,1,0,0,0,0,0,92,178,178,92,-86,178,1,180,346.988441027147,203.011558972853,166.988441027147,23.0115589728526,143.976882054295,143.976882054295,NaN,NaN,NaN,1785263506.62323,15833.69379656,2.1690080165863,0.0153639316558838,0.240991830825806,0.766250848770142,1.0987389087677,1.39082407951355,1.44103217124939,1.44103217124939,-1,-1,1.69299268722534,225.627899169922,292.08517074585,50.2080917358398,342.293262481689,Conflict,Left,Right,Right,Right,Left,0,1,0,1,1,1,0,1,0,0,1,0,1,0,1,0,0,1,1,356,276,20260728_t1405_srsSmooth_training_B004,76,56,24.3361200372378,1.5951361656189,1,1,108,1,1,0,0,1,1
20260728_t1405_srsSmooth_training,srs_smooth_training,trial0404.mat,404,404,356,4,90,76,104,84,20,8,2,1,6,2,58,18516,2,0,2,1,2,1,2,1,2,1,CHOSE_HIGH_SAL,1,455,1,0,0,0,0,0,70,186,186,70,-116,186,1,0,84.97605804993,105.02394195007,84.97605804993,105.02394195007,-20.0478839001399,20.0478839001399,NaN,NaN,NaN,1785263510.39102,15837.46156892,2.19314551353455,0.0143840312957764,0.239867448806763,0.84853196144104,1.18109583854675,1.42319178581238,1.47323727607727,1.47323727607727,-1,-1,1.70857810974121,225.483417510986,242.095947265625,50.0454902648926,292.141437530518,Congruent,Left,Right,Right,Right,Right,0,1,1,0,1,1,0,1,1,0,1,0,0,0,1,1,0,0,1,357,277,20260728_t1405_srsSmooth_training_B004,77,57,24.3989165862401,1.59878492355347,2,1,178,1,0,0,1,1,1
20260728_t1405_srsSmooth_training,srs_smooth_training,trial0405.mat,405,405,357,4,91,77,104,84,20,8,2,2,8,2,97,30289,2,0,2,1,2,1,1,2,2,1,CHOSE_LOW_SAL,2,455,1,0,0,0,0,0,81,174,174,81,-93,174,1,0,161.34387956576,28.6561204342397,161.34387956576,28.6561204342397,132.687759131521,132.687759131521,NaN,NaN,NaN,1785263514.17901,15841.24938208,2.43851375579834,0.0182116031646729,0.244104623794556,1.03542375564575,1.36826395988464,1.62717318534851,1.67722797393799,1.67722797393799,-1,-1,1.9621102809906,225.893020629883,258.909225463867,50.0547885894775,308.964014053345,Conflict,Left,Right,Right,Right,Left,0,1,0,1,1,1,0,1,0,0,1,0,1,0,1,0,0,1,1,358,278,20260728_t1405_srsSmooth_training_B004,78,58,24.4620497067769,1.59484171867371,2,1,186,1,0,0,1,1,1
20260728_t1405_srsSmooth_training,srs_smooth_training,trial0406.mat,406,406,358,4,92,78,104,84,20,8,2,2,8,2,104,10709,2,0,2,1,2,1,1,2,2,1,CHOSE_LOW_SAL,2,455,1,0,0,0,0,0,87,160,160,87,-73,160,1,180,349.236358974586,200.763641025414,169.236358974586,20.7636410254138,148.472717949172,148.472717949172,NaN,NaN,NaN,1785263518.39565,15845.46608288,2.38894605636597,0.0183959007263184,0.293898105621338,1.03558945655823,1.36844778060913,1.62742733955383,1.66896986961365,1.66896986961365,-1,-1,1.92919301986694,275.50220489502,258.979558944702,41.5425300598145,300.522089004517,Conflict,Left,Right,Right,Right,Left,0,1,0,1,1,1,0,1,0,0,1,0,1,0,1,0,0,1,1,359,279,20260728_t1405_srsSmooth_training_B004,79,59,24.5323271552722,1.77813315391541,2,1,174,1,0,0,1,1,1
20260728_t1405_srsSmooth_training,srs_smooth_training,trial0408.mat,408,408,359,4,94,79,104,84,20,8,2,2,7,2,71,8406,2,0,1,2,2,2,1,1,1,1,CHOSE_HIGH_SAL,1,455,1,0,0,0,0,0,52,210,210,52,-158,52,1,180,294.391997185293,255.608002814707,114.391997185293,75.6080028147074,38.7839943705853,38.7839943705853,NaN,NaN,NaN,1785263524.2384,15851.30865064,2.13751316070557,0.0175380706787109,0.284599304199219,0.909811496734619,1.24258589744568,1.47654938697815,1.51812505722046,1.51812505722046,-1,-1,1.78657293319702,267.061233520508,233.963489532471,41.5756702423096,275.53915977478,Conflict,Right,Left,Right,Left,Right,0,1,0,1,1,1,1,0,1,0,0,1,0,1,0,1,0,1,1,360,280,20260728_t1405_srsSmooth_training_B004,80,60,24.629706354936,3.45380592346191,2,1,160,1,1,0,0,1,1
20260728_t1405_srsSmooth_training,srs_smooth_training,trial0410.mat,410,410,360,4,96,80,104,84,20,8,2,1,6,2,52,18763,2,0,2,1,2,1,2,1,2,1,CHOSE_HIGH_SAL,1,455,1,0,0,0,0,0,52,173,173,52,-121,173,1,180,220.601225164508,329.398774835492,40.6012251645078,149.398774835492,-108.797549670984,108.797549670984,NaN,NaN,NaN,1785263530.08238,15857.15254088,2.38590717315674,0.0154573917388916,0.249559879302979,1.01627397537231,1.34884357452393,1.57476162910461,1.62465691566467,1.62465691566467,-1,-1,1.9097900390625,234.102487564087,225.918054580688,49.8952865600586,275.813341140747,Congruent,Left,Right,Right,Right,Right,0,1,1,0,1,1,0,1,1,0,1,0,0,0,1,1,0,0,1,361,281,20260728_t1405_srsSmooth_training_B004,81,61,24.7271059433619,3.70646214485168,1,1,52,1,1,0,0,1,1
20260728_t1405_srsSmooth_training,srs_smooth_training,trial0411.mat,411,411,361,4,97,81,104,84,20,8,2,1,5,2,33,19069,2,0,1,2,2,2,2,2,1,1,,0,11,0,1,0,0,0,0,83,161,161,83,-78,83,1,0,10.9698294470906,179.030170552909,10.9698294470905,179.030170552909,-168.060341105819,168.060341105819,NaN,NaN,NaN,1785263534.36071,15861.43080976,1.86544322967529,0.0122978687286377,0.296142101287842,1.00443816184998,1.3373498916626,1.57123470306396,1.60470485687256,1.60470485687256,-1,-1,-1,283.844232559204,233.884811401367,33.4701538085938,267.354965209961,Congruent,Right,Left,Right,Left,Left,0,1,1,0,0,NaN,NaN,NaN,NaN,NaN,NaN,NaN,NaN,1,0,0,0,0,0,361,NaN,20260728_t1405_srsSmooth_training_B004,NaN,NaN,24.7984113891919,1.8924195766449,NaN,NaN,NaN,0,NaN,NaN,NaN,NaN,0
20260728_t1405_srsSmooth_training,srs_smooth_training,trial0412.mat,412,412,361,4,98,81,104,84,20,8,2,2,8,2,103,1841,2,0,2,1,2,1,1,2,2,1,CHOSE_LOW_SAL,2,455,1,0,0,0,0,0,91,196,196,91,-105,196,1,180,290.718306330416,259.281693669584,110.718306330416,79.2816936695843,31.4366126608313,31.4366126608313,NaN,NaN,NaN,1785263537.77578,15864.84577096,2.10865020751953,0.0140376091003418,0.198241710662842,0.748314142227173,1.08073258399963,1.30642628669739,1.35631656646729,1.35631656646729,-1,-1,1.6166980266571,184.2041015625,225.693702697754,49.8902797698975,275.583982467651,Conflict,Left,Right,Right,Right,Left,0,1,0,1,1,1,0,1,0,0,1,0,1,0,1,0,0,1,1,362,282,20260728_t1405_srsSmooth_training_B004,82,62,24.8553292910258,1.54963088035583,2,1,173,1,0,0,1,1,1
20260728_t1405_srsSmooth_training,srs_smooth_training,trial0413.mat,413,413,362,4,99,82,104,84,20,8,2,2,8,2,87,8166,2,0,2,1,2,1,1,2,2,1,CHOSE_LOW_SAL,2,455,1,0,0,0,0,0,111,173,173,111,-62,173,1,180,301.20158443281,248.79841556719,121.20158443281,68.7984155671903,52.4031688656194,52.4031688656194,NaN,NaN,NaN,1785263541.47743,15868.54732356,2.30780434608459,0.0125203132629395,0.246644735336304,0.904987335205078,1.23756837844849,1.48840618133545,1.52998924255371,1.52998924255371,-1,-1,1.83144307136536,234.124422073364,250.837802886963,41.5830612182617,292.420864105225,Conflict,Left,Right,Right,Right,Left,0,1,0,1,1,1,0,1,0,0,1,0,1,0,1,0,0,1,1,363,283,20260728_t1405_srsSmooth_training_B004,83,63,24.9170234282811,1.59299802780151,2,1,196,1,0,0,1,1,1
20260728_t1405_srsSmooth_training,srs_smooth_training,trial0414.mat,414,414,363,4,100,83,104,84,20,8,2,1,5,2,33,19069,2,0,1,2,2,2,2,2,1,1,CHOSE_LOW_SAL,2,455,1,0,0,0,0,0,116,204,204,116,-88,116,1,0,83.197870217715,106.802129782285,83.197870217715,106.802129782285,-23.6042595645699,23.6042595645699,NaN,NaN,NaN,1785263545.3854,15872.45525744,2.12469983100891,0.0130319595336914,0.255515098571777,0.888921737670898,1.22141194343567,1.4385187625885,1.48063182830811,1.48063182830811,-1,-1,1.70719504356384,242.483139038086,217.106819152832,42.1130657196045,259.219884872437,Congruent,Right,Left,Right,Left,Left,0,1,1,0,1,1,1,0,0,0,0,1,1,1,0,0,0,0,1,364,284,20260728_t1405_srsSmooth_training_B004,84,64,24.9821563522021,1.60017108917236,2,1,173,1,1,0,0,1,1
20260728_t1405_srsSmooth_training,srs_smooth_training,trial0415.mat,415,415,364,4,101,84,104,84,20,8,2,2,7,2,79,28622,2,0,1,2,2,2,1,1,1,1,CHOSE_HIGH_SAL,1,455,1,0,2,0,0,0,74,193,193,74,-119,74,1,0,178.728196988881,11.2718030111187,178.728196988881,11.2718030111187,167.456393977763,167.456393977763,NaN,NaN,NaN,1785263549.15992,15876.22966884,1.98349547386169,0.0136644840240479,0.0145704746246338,0.606205940246582,0.938701629638672,1.25660443305969,1.3068699836731,1.3068699836731,-1,-1,1.60774278640747,0.905990600585938,317.902803421021,50.2655506134033,368.168354034424,Conflict,Right,Left,Right,Left,Right,0,1,0,1,1,1,1,0,1,0,0,1,0,1,0,1,0,1,1,365,285,20260728_t1405_srsSmooth_training_B004,85,65,25.0450649261475,1.64981460571289,1,1,116,1,0,0,1,1,1
20260728_t1405_srsSmooth_training,srs_smooth_training,trial0416.mat,416,416,365,4,102,85,104,84,20,8,2,1,6,2,44,14971,2,0,2,1,2,1,2,1,2,1,CHOSE_HIGH_SAL,1,455,1,0,0,0,0,0,106,185,185,106,-79,185,1,180,204.319127968181,345.680872031819,24.3191279681806,165.680872031819,-141.361744063639,141.361744063639,NaN,NaN,NaN,1785263552.77118,15879.84077588,2.08950161933899,0.0192148685455322,0.0202081203460693,0.711524724960327,1.04425477981567,1.30323004722595,1.35316467285156,1.35316467285156,-1,-1,1.60480713844299,0.993251800537109,258.975267410278,49.9346256256104,308.909893035889,Congruent,Left,Right,Right,Right,Right,0,1,1,0,1,1,0,1,1,0,1,0,0,0,1,1,0,0,1,366,286,20260728_t1405_srsSmooth_training_B004,86,66,25.1052525719007,1.62776327133179,1,1,74,1,1,0,0,1,1
20260728_t1405_srsSmooth_training,srs_smooth_training,trial0417.mat,417,417,366,4,103,86,104,84,20,8,2,1,6,2,60,17027,2,0,2,1,2,1,2,1,2,1,CHOSE_HIGH_SAL,1,455,1,0,0,0,0,0,79,189,189,79,-110,189,1,180,194.588609596445,355.411390403555,14.5886095964447,175.411390403555,-160.822780807111,160.822780807111,NaN,NaN,NaN,1785263556.46187,15883.53149496,2.19827461242676,0.0119988918304443,0.0130257606506348,0.812603712081909,1.14537715911865,1.38774585723877,1.42965722084045,1.42965722084045,-1,-1,1.70630049705505,1.02686882019043,242.368698120117,41.9113636016846,284.280061721802,Congruent,Left,Right,Right,Right,Right,0,1,1,0,1,1,0,1,1,0,1,0,0,0,1,1,0,0,1,367,287,20260728_t1405_srsSmooth_training_B004,87,67,25.1667641162872,1.60119104385376,2,1,185,1,0,0,1,1,1
20260728_t1405_srsSmooth_training,srs_smooth_training,trial0418.mat,418,418,367,4,104,87,104,84,20,8,2,1,5,2,28,24309,2,0,1,2,2,2,2,2,1,1,CHOSE_LOW_SAL,2,455,1,0,0,0,0,0,98,188,188,98,-90,98,1,180,200.959883437411,349.040116562589,20.9598834374114,169.040116562589,-148.080233125177,148.080233125177,NaN,NaN,NaN,1785263560.26125,15887.33083872,2.18322110176086,0.0127718448638916,0.221523761749268,0.854968309402466,1.18781876564026,1.43833255767822,1.48828792572021,1.48828792572021,-1,-1,1.7820520401001,208.751916885376,250.513792037964,49.9553680419922,300.469160079956,Congruent,Right,Left,Right,Left,Left,0,1,1,0,1,1,1,0,0,0,0,1,1,1,0,0,0,0,1,368,288,20260728_t1405_srsSmooth_training_B004,88,68,25.2300870537758,1.6011016368866,2,1,189,1,1,0,0,1,1
20260728_t1405_srsSmooth_training,srs_smooth_training,trial0420.mat,420,420,368,4,106,88,104,84,20,8,2,2,7,2,69,4383,2,0,1,2,2,2,1,1,1,1,CHOSE_HIGH_SAL,1,455,1,0,0,0,0,0,85,202,202,85,-117,85,1,0,108.116919974411,81.8830800255886,108.116919974411,81.8830800255886,26.2338399488228,26.2338399488228,NaN,NaN,NaN,1785263565.84656,15892.916066,2.2977602481842,0.0110099315643311,0.219694137573242,1.01980805397034,1.35272884368896,1.58655858039856,1.63661170005798,1.63661170005798,-1,-1,1.91322231292725,208.684206008911,233.829736709595,50.0531196594238,283.882856369019,Conflict,Right,Left,Right,Left,Right,0,1,0,1,1,1,1,0,1,0,0,1,0,1,0,1,0,1,1,369,289,20260728_t1405_srsSmooth_training_B004,89,69,25.3231756369273,3.4020938873291,1,1,98,1,0,0,1,1,1
20260728_t1405_srsSmooth_training,srs_smooth_training,trial0422.mat,422,422,369,4,108,89,104,84,20,8,2,2,7,2,72,10400,2,0,1,2,2,2,1,1,1,1,CHOSE_HIGH_SAL,1,455,1,0,0,0,0,0,87,176,176,87,-89,87,1,0,111.620361987884,78.3796380121159,111.620361987884,78.3796380121159,33.2407239757681,33.2407239757681,NaN,NaN,NaN,1785263571.5479,15898.6172126,2.23857450485229,0.01822829246521,0.285643577575684,0.902383089065552,1.23494338989258,1.48561358451843,1.54559111595154,1.54559111595154,-1,-1,1.85424733161926,267.415285110474,250.670194625854,59.9775314331055,310.64772605896,Conflict,Right,Left,Right,Left,Right,0,1,0,1,1,1,1,0,1,0,0,1,0,1,0,1,0,1,1,370,290,20260728_t1405_srsSmooth_training_B004,90,70,25.4181979457537,3.40357828140259,1,1,85,1,0,0,1,1,1
20260728_t1405_srsSmooth_training,srs_smooth_training,trial0423.mat,423,423,370,4,109,90,104,84,20,8,2,2,8,2,96,23425,2,0,2,1,2,1,1,2,2,1,CHOSE_LOW_SAL,2,455,1,0,0,0,0,0,72,197,197,72,-125,197,1,0,133.211741224309,56.7882587756905,133.211741224309,56.7882587756905,76.4234824486189,76.4234824486189,NaN,NaN,NaN,1785263575.46439,15902.53364156,2.16394925117493,0.0185611248016357,0.110797643661499,0.785867214202881,1.11860418319702,1.36920261383057,1.41941237449646,1.41941237449646,-1,-1,1.66267800331116,92.2365188598633,250.598430633545,50.2097606658936,300.808191299438,Conflict,Left,Right,Right,Right,Left,0,1,0,1,1,1,0,1,0,0,1,0,1,0,1,0,0,1,1,371,291,20260728_t1405_srsSmooth_training_B004,91,71,25.4834727485975,1.67791366577148,1,1,87,1,1,0,0,1,1
20260728_t1405_srsSmooth_training,srs_smooth_training,trial0424.mat,424,424,371,4,110,91,104,84,20,8,2,2,7,2,70,7449,2,0,1,2,2,2,1,1,1,1,CHOSE_HIGH_SAL,1,455,1,0,0,0,0,0,66,168,168,66,-102,66,1,0,129.60824572504,60.3917542749603,129.60824572504,60.3917542749603,69.2164914500794,69.2164914500794,NaN,NaN,NaN,1785263579.21755,15906.28666688,2.03560423851013,0.015549898147583,0.191406011581421,0.79975962638855,1.13226079940796,1.34943890571594,1.391037940979,1.391037940979,-1,-1,1.66858315467834,175.856113433838,217.178106307983,41.5990352630615,258.777141571045,Conflict,Right,Left,Right,Left,Right,0,1,0,1,1,1,1,0,1,0,0,1,0,1,0,1,0,1,1,372,292,20260728_t1405_srsSmooth_training_B004,92,72,25.5460253874461,1.58920907974243,2,1,197,1,1,0,0,1,1
20260728_t1405_srsSmooth_training,srs_smooth_training,trial0425.mat,425,425,372,4,111,92,104,84,20,8,2,1,5,2,40,14848,2,0,1,2,2,2,2,2,2,2,CHOSE_HIGH_SAL,1,455,1,0,0,0,0,0,85,182,182,85,-97,182,1,180,203.925818768089,346.074181231911,23.9258187680895,166.074181231911,-142.148362463821,142.148362463821,NaN,NaN,NaN,1785263582.88687,15909.95595752,2.21622633934021,0.0130369663238525,0.196721315383911,0.872047185897827,1.20475101470947,1.46356129646301,1.5135931968689,1.5135931968689,-1,-1,1.73235511779785,183.684349060059,258.81028175354,50.0319004058838,308.842182159424,Congruent,Right,Left,Left,Left,Left,0,1,1,0,1,0,0,1,1,1,1,0,0,1,0,0,0,0,1,373,293,20260728_t1405_srsSmooth_training_B004,93,73,25.6071807861328,1.63371968269348,1,1,66,1,1,1,0,0,1
20260728_t1405_srsSmooth_training,srs_smooth_training,trial0426.mat,426,426,373,4,112,93,104,84,20,8,2,1,6,2,62,29676,2,0,2,1,2,1,2,1,2,1,CHOSE_HIGH_SAL,1,455,1,0,0,0,0,0,66,183,183,66,-117,183,1,180,203.972069928932,346.027930071068,23.9720699289323,166.027930071068,-142.055860142136,142.055860142136,NaN,NaN,NaN,1785263586.70938,15913.77848748,2.29406762123108,0.0156762599945068,0.23275351524353,0.966089487075806,1.29906034469604,1.53287529945374,1.57447838783264,1.57447838783264,-1,-1,1.80966424942017,217.077255249023,233.81495475769,41.6030883789062,275.418043136597,Congruent,Left,Right,Right,Right,Right,0,1,1,0,1,1,0,1,1,0,1,0,0,0,1,1,0,0,1,374,294,20260728_t1405_srsSmooth_training_B004,94,74,25.6708892981211,1.60628437995911,2,2,182,1,0,1,1,0,1
20260728_t1405_srsSmooth_training,srs_smooth_training,trial0428.mat,428,428,374,4,114,94,104,84,20,8,2,2,8,2,89,2412,2,0,2,1,2,1,1,2,2,1,CHOSE_LOW_SAL,2,455,1,0,0,0,0,0,91,195,195,91,-104,195,1,180,339.991282150941,210.008717849059,159.991282150941,30.0087178490594,129.982564301881,129.982564301881,NaN,NaN,NaN,1785263592.40022,15919.46912788,2.28675293922424,0.0167293548583984,0.292257308959961,0.883889675140381,1.2167763710022,1.4672315120697,1.50886201858521,1.50886201858521,-1,-1,1.79382491111755,275.527954101562,250.455141067505,41.6305065155029,292.085647583008,Conflict,Left,Right,Right,Right,Left,0,1,0,1,1,1,0,1,0,0,1,0,1,0,1,0,0,1,1,375,295,20260728_t1405_srsSmooth_training_B004,95,75,25.7657365957896,3.39677023887634,2,1,183,1,0,0,1,1,1
20260728_t1405_srsSmooth_training,srs_smooth_training,trial0429.mat,429,429,375,4,115,95,104,84,20,8,2,1,5,2,24,23202,2,0,1,2,2,2,2,2,0,0,,0,11,0,1,0,0,0,0,95,176,176,95,-81,NaN,1,180,202.424302888567,347.575697111433,22.4243028885669,167.575697111433,-145.151394222866,145.151394222866,NaN,NaN,NaN,1785263596.29859,15923.36748276,1.62128281593323,0.0185127258300781,0.235899686813354,1.02771592140198,1.36023163795471,1.5356822013855,-1,-1,-1,-1,-1,217.386960983276,175.450563430786,NaN,NaN,Congruent,Right,Left,None,Left,Left,0,1,1,0,0,NaN,NaN,NaN,NaN,NaN,NaN,NaN,NaN,1,0,0,0,0,0,375,NaN,20260728_t1405_srsSmooth_training_B004,NaN,NaN,25.8307094415029,1.61161780357361,NaN,NaN,NaN,0,NaN,NaN,NaN,NaN,0
20260728_t1405_srsSmooth_training,srs_smooth_training,trial0431.mat,431,431,375,4,117,95,104,84,20,8,2,1,5,2,24,23202,2,0,1,2,2,2,2,2,2,2,CHOSE_HIGH_SAL,1,455,1,0,0,0,0,0,81,182,182,81,-101,182,1,0,22.1472124872705,167.85278751273,22.1472124872705,167.85278751273,-145.705575025459,145.705575025459,NaN,NaN,NaN,1785263601.20531,15928.27402152,2.33211541175842,0.0119867324829102,0.245907545089722,0.887387752532959,1.2203676700592,1.49585247039795,1.54587912559509,1.54587912559509,-1,-1,1.84815406799316,233.920812606812,275.484800338745,50.0266551971436,325.511455535889,Congruent,Right,Left,Left,Left,Left,0,1,1,0,1,0,0,1,1,1,1,0,0,1,0,0,0,0,1,376,296,20260728_t1405_srsSmooth_training_B004,96,76,25.912488090992,3.28543615341187,2,1,195,1,0,1,1,0,1
20260728_t1405_srsSmooth_training,srs_smooth_training,trial0432.mat,432,432,376,4,118,96,104,84,20,8,2,1,5,2,41,16162,2,0,1,2,2,2,2,2,2,2,CHOSE_HIGH_SAL,1,455,1,0,0,0,0,0,71,202,202,71,-131,202,1,0,59.6877633660899,130.31223663391,59.6877633660899,130.31223663391,-70.6244732678202,70.6244732678202,NaN,NaN,NaN,1785263605.14092,15932.20957588,2.22202277183533,0.0181961059570312,0.243652820587158,0.777108669281006,1.10990500450134,1.37714743614197,1.42708730697632,1.42708730697632,-1,-1,1.71246910095215,225.456714630127,267.242431640625,49.9398708343506,317.182302474976,Congruent,Right,Left,Left,Left,Left,0,1,1,0,1,0,0,1,1,1,1,0,0,1,0,0,0,0,1,377,297,20260728_t1405_srsSmooth_training_B004,97,77,25.9780816356341,1.60349726676941,2,2,182,1,0,0,1,1,1
20260728_t1405_srsSmooth_training,srs_smooth_training,trial0433.mat,433,433,377,4,119,97,104,84,20,8,2,2,8,2,101,10053,2,0,2,1,2,1,1,2,1,2,CHOSE_HIGH_SAL,1,455,1,0,0,0,0,0,47,203,203,47,-156,47,1,0,165.928713980841,24.0712860191589,165.928713980841,24.0712860191589,141.857427961682,141.857427961682,NaN,NaN,NaN,1785263609.19067,15936.25914136,2.13078165054321,0.0186052322387695,0.19405722618103,0.852537631988525,1.18531847000122,1.49428105354309,1.54430198669434,1.54430198669434,-1,-1,1.78014135360718,175.451993942261,308.96258354187,50.0209331512451,358.983516693115,Conflict,Left,Right,Left,Right,Left,0,1,0,1,1,0,1,0,1,1,0,1,0,0,1,0,0,1,1,378,298,20260728_t1405_srsSmooth_training_B004,98,78,26.0455774625142,1.8277268409729,2,2,202,1,1,0,0,1,1
20260728_t1405_srsSmooth_training,srs_smooth_training,trial0434.mat,434,434,378,4,120,98,104,84,20,8,2,1,5,2,37,687,2,0,1,2,2,2,2,2,1,1,CHOSE_LOW_SAL,2,455,1,0,1,0,0,0,112,184,184,112,-72,112,1,0,37.0321175101972,152.967882489803,37.0321175101972,152.967882489803,-115.935764979606,115.935764979606,NaN,NaN,NaN,1785263613.17317,15940.24158812,2.42332744598389,0.0112631320953369,0.245343446731567,1.01999735832214,1.35298299789429,1.74519205093384,1.78672933578491,1.78672933578491,-1,-1,2.01379656791687,234.08031463623,392.209053039551,41.5372848510742,433.746337890625,Congruent,Right,Left,Right,Left,Left,0,1,1,0,1,1,1,0,0,0,0,1,1,1,0,0,0,0,1,379,299,20260728_t1405_srsSmooth_training_B004,99,79,26.1119524518649,1.851717710495,1,2,47,1,0,1,1,0,1
20260728_t1405_srsSmooth_training,srs_smooth_training,trial0435.mat,435,435,379,4,121,99,104,84,20,8,2,2,8,2,93,27073,2,0,2,1,2,1,1,2,1,2,CHOSE_HIGH_SAL,1,455,1,0,0,0,0,0,47,181,181,47,-134,47,1,0,175.369194182351,14.6308058176487,175.369194182351,14.6308058176487,160.738388364703,160.738388364703,NaN,NaN,NaN,1785263617.20525,15944.2736616,2.1746621131897,0.012676477432251,0.238217115402222,0.963120937347412,1.29606080055237,1.56334257125854,1.60495972633362,1.60495972633362,-1,-1,1.82510423660278,225.540637969971,267.281770706177,41.6171550750732,308.89892578125,Conflict,Left,Right,Left,Right,Left,0,1,0,1,1,0,1,0,1,1,0,1,0,0,1,0,0,1,1,380,300,20260728_t1405_srsSmooth_training_B004,100,80,26.1791537563006,1.60875082015991,1,1,112,1,0,1,1,0,1
20260728_t1405_srsSmooth_training,srs_smooth_training,trial0436.mat,436,436,380,4,122,100,104,84,20,8,2,1,5,2,38,6873,2,0,1,2,2,2,2,2,1,1,CHOSE_LOW_SAL,2,455,1,0,0,0,0,0,83,157,157,83,-74,83,1,0,28.9930575424494,161.006942457551,28.9930575424494,161.006942457551,-132.013884915101,132.013884915101,NaN,NaN,NaN,1785263620.9773,15948.04563428,2.21047115325928,0.0157718658447266,0.174857616424561,0.950085878372192,1.28248882293701,1.52490401268005,1.56661558151245,1.56661558151245,-1,-1,1.8265483379364,159.085750579834,242.415189743042,41.7115688323975,284.126758575439,Congruent,Right,Left,Right,Left,Left,0,1,1,0,1,1,1,0,0,0,0,1,1,1,0,0,0,0,1,381,301,20260728_t1405_srsSmooth_training_B004,101,81,26.2420213222504,1.59739184379578,1,2,47,1,0,1,1,0,1
20260728_t1405_srsSmooth_training,srs_smooth_training,trial0437.mat,437,437,381,4,123,101,104,84,20,8,2,2,7,2,73,4358,2,0,1,2,2,2,1,1,1,1,CHOSE_HIGH_SAL,1,455,1,0,0,0,0,0,102,198,198,102,-96,102,1,0,121.446893384226,68.5531066157744,121.446893384226,68.5531066157744,52.8937867684512,52.8937867684512,NaN,NaN,NaN,1785263624.81771,15951.88592988,2.16230940818787,0.0171797275543213,0.242574453353882,0.900866985321045,1.23389387130737,1.4759533405304,1.52614760398865,1.52614760398865,-1,-1,1.76134872436523,225.394725799561,242.059469223022,50.194263458252,292.253732681274,Conflict,Right,Left,Right,Left,Right,0,1,0,1,1,1,1,0,1,0,0,1,0,1,0,1,0,1,1,382,302,20260728_t1405_srsSmooth_training_B004,102,82,26.3060281713804,1.62993979454041,1,1,83,1,0,0,1,1,1
20260728_t1405_srsSmooth_training,srs_smooth_training,trial0438.mat,438,438,382,4,124,102,104,84,20,8,2,1,6,2,56,11577,2,0,2,1,2,1,2,1,2,1,CHOSE_HIGH_SAL,1,455,1,0,0,0,0,0,110,186,186,110,-76,186,1,0,10.5901557164324,179.409844283568,10.5901557164323,179.409844283568,-168.819688567135,168.819688567135,NaN,NaN,NaN,1785263628.5737,15955.64195884,2.14065003395081,0.011340856552124,0.178510665893555,0.778591156005859,1.11138391494751,1.37844896316528,1.42846298217773,1.42846298217773,-1,-1,1.6554970741272,167.169809341431,267.065048217773,50.0140190124512,317.079067230225,Congruent,Left,Right,Right,Right,Right,0,1,1,0,1,1,0,1,1,0,1,0,0,0,1,1,0,0,1,383,303,20260728_t1405_srsSmooth_training_B004,103,83,26.3686279535294,1.59367752075195,1,1,102,1,1,0,0,1,1
20260728_t1405_srsSmooth_training,srs_smooth_training,trial0439.mat,439,439,383,4,125,103,104,84,20,8,2,1,5,2,34,2792,2,0,1,2,2,2,2,2,1,1,CHOSE_LOW_SAL,2,455,1,0,0,0,0,0,88,195,195,88,-107,88,1,0,54.1855190948096,135.81448090519,54.1855190948096,135.81448090519,-81.6289618103808,81.6289618103808,NaN,NaN,NaN,1785263632.31278,15959.3808668,2.15081071853638,0.0140743255615234,0.297918796539307,0.831303834915161,1.16411924362183,1.40629315376282,1.45651602745056,1.45651602745056,-1,-1,1.76666355133057,283.844470977783,242.173910140991,50.2228736877441,292.396783828735,Congruent,Right,Left,Right,Left,Left,0,1,1,0,1,1,1,0,0,0,0,1,1,1,0,0,0,0,1,384,304,20260728_t1405_srsSmooth_training_B004,104,84,26.4309459646543,1.59843063354492,2,1,186,1,1,0,0,1,1
20260728_t1405_srsSmooth_training,srs_smooth_training,trial0440.mat,440,440,384,5,1,0,104,84,20,8,1,0,2,1,8,5470,1,1,2,1,1,2,1,2,1,2,SINGLE_T1_CORRECT,10,455,1,0,0,0,0,0,195,104,195,104,91,195,1,0,180,10,180,10,170,170,NaN,NaN,NaN,1785263636.08144,15963.1494322,2.38221836090088,0.0122296810150146,0.229418754577637,0.963021755218506,1.29561376571655,1.57118153572083,1.62121152877808,1.62121152877808,-1,-1,1.89003920555115,217.189073562622,275.567770004272,50.029993057251,325.597763061523,Instruction,Left,Right,Left,Left,Left,1,0,0,0,0,NaN,NaN,NaN,NaN,NaN,NaN,NaN,NaN,0,0,0,1,1,0,385,NaN,20260728_t1405_srsSmooth_training_B005,1,NaN,26.4937569578489,1.61784887313843,NaN,NaN,NaN,0,NaN,NaN,NaN,NaN,0
20260728_t1405_srsSmooth_training,srs_smooth_training,trial0442.mat,442,442,385,5,3,1,104,84,20,8,1,0,4,1,19,14548,1,2,1,2,1,1,2,2,2,2,SINGLE_T2_CORRECT,11,455,1,0,0,0,0,0,180,123,180,123,57,123,1,180,190,0,10,180,-170,170,NaN,NaN,NaN,1785263641.88158,15968.94948352,2.24921703338623,0.0123207569122314,0.21307635307312,0.98799991607666,1.32070565223694,1.53796124458313,1.58790421485901,1.58790421485901,-1,-1,1.82356977462769,200.755596160889,217.255592346191,49.9429702758789,267.19856262207,Instruction,Right,Left,Left,Right,Left,1,0,0,0,0,NaN,NaN,NaN,NaN,NaN,NaN,NaN,NaN,1,1,0,1,0,0,386,NaN,20260728_t1405_srsSmooth_training_B005,2,NaN,26.5904259244601,3.41791963577271,NaN,NaN,NaN,0,NaN,NaN,NaN,NaN,0
20260728_t1405_srsSmooth_training,srs_smooth_training,trial0443.mat,443,443,386,5,4,2,104,84,20,8,1,0,2,1,7,31279,1,1,2,1,1,2,1,2,1,2,SINGLE_T1_CORRECT,10,455,1,0,0,0,0,0,184,134,184,134,50,184,1,0,180,10,180,10,170,170,NaN,NaN,NaN,1785263645.73122,15972.79894544,2.30886316299438,0.0128326416015625,0.196627140045166,0.888486385345459,1.22121357917786,1.47203707695007,1.51362943649292,1.51362943649292,-1,-1,1.82402586936951,183.794498443604,250.823497772217,41.5923595428467,292.415857315063,Instruction,Left,Right,Left,Left,Left,1,0,0,0,0,NaN,NaN,NaN,NaN,NaN,NaN,NaN,NaN,0,0,0,1,1,0,387,NaN,20260728_t1405_srsSmooth_training_B005,3,NaN,26.65458659331,1.60042309761047,NaN,NaN,NaN,0,NaN,NaN,NaN,NaN,0
20260728_t1405_srsSmooth_training,srs_smooth_training,trial0444.mat,444,444,387,5,5,3,104,84,20,8,1,0,2,1,6,30456,1,1,2,1,1,2,1,2,1,2,SINGLE_T1_CORRECT,10,455,1,0,1,0,0,0,179,136,179,136,43,179,1,0,180,10,180,10,170,170,NaN,NaN,NaN,1785263649.64641,15976.714095,2.35960292816162,0.0144603252410889,0.240238189697266,0.965063095092773,1.29784440994263,1.53161430358887,1.5731680393219,1.5731680393219,-1,-1,1.88379120826721,225.777864456177,233.76989364624,41.5537357330322,275.323629379272,Instruction,Left,Right,Left,Left,Left,1,0,0,0,0,NaN,NaN,NaN,NaN,NaN,NaN,NaN,NaN,0,0,0,1,1,0,388,NaN,20260728_t1405_srsSmooth_training_B005,4,NaN,26.7198397954305,1.6063289642334,NaN,NaN,NaN,0,NaN,NaN,NaN,NaN,0
20260728_t1405_srsSmooth_training,srs_smooth_training,trial0445.mat,445,445,388,5,6,4,104,84,20,8,1,0,4,1,18,10252,1,2,1,2,1,1,2,2,2,2,SINGLE_T2_CORRECT,11,455,1,0,0,0,0,0,171,108,171,108,63,108,1,0,10,180,10,180,-170,170,NaN,NaN,NaN,1785263653.58689,15980.6546052,2.35313987731934,0.0158059597015381,0.199571847915649,0.999673843383789,1.33252429962158,1.60798573493958,1.65801024436951,1.65801024436951,-1,-1,1.94334435462952,183.765888214111,275.461435317993,50.0245094299316,325.485944747925,Instruction,Right,Left,Left,Right,Left,1,0,0,0,0,NaN,NaN,NaN,NaN,NaN,NaN,NaN,NaN,1,1,0,1,0,0,389,NaN,20260728_t1405_srsSmooth_training_B005,5,NaN,26.7855143984159,1.5808732509613,NaN,NaN,NaN,0,NaN,NaN,NaN,NaN,0
20260728_t1405_srsSmooth_training,srs_smooth_training,trial0446.mat,446,446,389,5,7,5,104,84,20,8,1,0,1,1,5,27175,1,1,1,2,1,1,1,1,1,1,SINGLE_T1_CORRECT,10,455,1,0,0,0,0,0,175,137,175,137,38,175,1,180,0,190,180,10,170,170,NaN,NaN,NaN,1785263657.51422,15984.5817668,2.14269185066223,0.0136256217956543,0.180801391601562,0.830989599227905,1.16367077827454,1.38092589378357,1.42242217063904,1.42242217063904,-1,-1,1.66608691215515,167.175769805908,217.255115509033,41.4962768554688,258.751392364502,Instruction,Right,Left,Right,Right,Right,1,0,0,0,0,NaN,NaN,NaN,NaN,NaN,NaN,NaN,NaN,1,1,1,1,1,0,390,NaN,20260728_t1405_srsSmooth_training_B005,6,NaN,26.8509699741999,1.57419466972351,NaN,NaN,NaN,0,NaN,NaN,NaN,NaN,0
20260728_t1405_srsSmooth_training,srs_smooth_training,trial0447.mat,447,447,390,5,8,6,104,84,20,8,1,0,4,1,20,8715,1,2,1,2,1,1,2,2,2,2,SINGLE_T2_CORRECT,11,455,1,0,0,0,0,0,178,130,178,130,48,130,1,0,10,180,10,180,-170,170,NaN,NaN,NaN,1785263661.3166,15988.3840482,2.08928823471069,0.0197257995605469,0.203558683395386,0.720228672027588,1.05309867858887,1.32030558586121,1.3702495098114,1.3702495098114,-1,-1,1.65538454055786,183.832883834839,267.206907272339,49.9439239501953,317.150831222534,Instruction,Right,Left,Left,Right,Left,1,0,0,0,0,NaN,NaN,NaN,NaN,NaN,NaN,NaN,NaN,1,1,0,1,0,0,391,NaN,20260728_t1405_srsSmooth_training_B005,7,NaN,26.9143430074056,1.65969014167786,NaN,NaN,NaN,0,NaN,NaN,NaN,NaN,0
20260728_t1405_srsSmooth_training,srs_smooth_training,trial0448.mat,448,448,391,5,9,7,104,84,20,8,1,0,1,1,4,9078,1,1,1,2,1,1,1,1,1,1,SINGLE_T1_CORRECT,10,455,1,0,0,0,0,0,210,135,210,135,75,210,1,0,180,10,180,10,170,170,NaN,NaN,NaN,1785263664.99305,15992.06050236,2.23859000205994,0.0184183120727539,0.187339782714844,0.81888747215271,1.15179634094238,1.39435625076294,1.4523069858551,1.4523069858551,-1,-1,1.72917914390564,168.92147064209,242.559909820557,57.9507350921631,300.51064491272,Instruction,Right,Left,Right,Right,Right,1,0,0,0,0,NaN,NaN,NaN,NaN,NaN,NaN,NaN,NaN,1,1,1,1,1,0,392,NaN,20260728_t1405_srsSmooth_training_B005,8,NaN,26.9756171782811,1.58716201782227,NaN,NaN,NaN,0,NaN,NaN,NaN,NaN,0
20260728_t1405_srsSmooth_training,srs_smooth_training,trial0449.mat,449,449,392,5,10,8,104,84,20,8,1,0,3,1,15,26643,1,2,2,1,1,2,2,1,2,1,SINGLE_T2_CORRECT,11,455,1,0,0,0,0,0,208,159,208,159,49,159,1,0,10,180,10,180,-170,170,NaN,NaN,NaN,1785263668.82184,15995.8892424,2.37630319595337,0.0147807598114014,0.281866073608398,1.02367377281189,1.35649967193604,1.59856724739075,1.64030051231384,1.64030051231384,-1,-1,1.91770720481873,267.085313796997,242.067575454712,41.7332649230957,283.800840377808,Instruction,Left,Right,Right,Left,Right,1,0,0,0,0,NaN,NaN,NaN,NaN,NaN,NaN,NaN,NaN,0,0,1,1,0,0,393,NaN,20260728_t1405_srsSmooth_training_B005,9,NaN,27.0394302884738,1.59019660949707,NaN,NaN,NaN,0,NaN,NaN,NaN,NaN,0
20260728_t1405_srsSmooth_training,srs_smooth_training,trial0450.mat,450,450,393,5,11,9,104,84,20,8,1,0,3,1,11,20712,1,2,2,1,1,2,2,1,2,1,SINGLE_T2_CORRECT,11,455,1,0,0,0,0,0,179,138,179,138,41,138,1,180,190,0,10,180,-170,170,NaN,NaN,NaN,1785263672.77984,15999.84706204,2.03560876846313,0.0152657032012939,0.199039459228516,0.724331378936768,1.05697274208069,1.29936218261719,1.34959053993225,1.34959053993225,-1,-1,1.59290599822998,183.773756027222,242.389440536499,50.2283573150635,292.617797851562,Instruction,Left,Right,Right,Left,Right,1,0,0,0,0,NaN,NaN,NaN,NaN,NaN,NaN,NaN,NaN,0,0,1,1,0,0,394,NaN,20260728_t1405_srsSmooth_training_B005,10,NaN,27.1053969899813,1.58169889450073,NaN,NaN,NaN,0,NaN,NaN,NaN,NaN,0
20260728_t1405_srsSmooth_training,srs_smooth_training,trial0451.mat,451,451,394,5,12,10,104,84,20,8,1,0,2,1,9,5911,1,1,2,1,1,2,1,2,1,2,SINGLE_T1_CORRECT,10,455,1,0,0,0,0,0,192,142,192,142,50,192,1,180,0,190,180,10,170,170,NaN,NaN,NaN,1785263676.39974,16003.46702604,2.26534986495972,0.0121793746948242,0.179351568222046,0.854432344436646,1.18722534179688,1.43764472007751,1.48767995834351,1.48767995834351,-1,-1,1.77262806892395,167.172193527222,250.41937828064,50.0352382659912,300.454616546631,Instruction,Left,Right,Left,Left,Left,1,0,0,0,0,NaN,NaN,NaN,NaN,NaN,NaN,NaN,NaN,0,0,0,1,1,0,395,NaN,20260728_t1405_srsSmooth_training_B005,11,NaN,27.1657285451889,1.58428454399109,NaN,NaN,NaN,0,NaN,NaN,NaN,NaN,0
20260728_t1405_srsSmooth_training,srs_smooth_training,trial0452.mat,452,452,395,5,13,11,104,84,20,8,1,0,3,1,14,32448,1,2,2,1,1,2,2,1,2,1,SINGLE_T2_CORRECT,11,455,1,0,0,0,0,0,182,109,182,109,73,109,1,180,190,0,10,180,-170,170,NaN,NaN,NaN,1785263680.48812,16007.55518776,1.96902418136597,0.015617847442627,0.0661242008209229,0.666035652160645,0.998989820480347,1.19951033592224,1.24941825866699,1.24941825866699,-1,-1,1.5601761341095,50.5063533782959,200.520515441895,49.907922744751,250.428438186646,Instruction,Left,Right,Right,Left,Right,1,0,0,0,0,NaN,NaN,NaN,NaN,NaN,NaN,NaN,NaN,0,0,1,1,0,0,396,NaN,20260728_t1405_srsSmooth_training_B005,12,NaN,27.233868320783,1.82303667068481,NaN,NaN,NaN,0,NaN,NaN,NaN,NaN,0
20260728_t1405_srsSmooth_training,srs_smooth_training,trial0453.mat,453,453,396,5,14,12,104,84,20,8,1,0,1,1,2,20619,1,1,1,2,1,1,1,1,1,1,SINGLE_T1_CORRECT,10,455,1,0,0,0,0,0,166,140,166,140,26,166,1,0,180,10,180,10,170,170,NaN,NaN,NaN,1785263684.09777,16011.16476864,2.20993685722351,0.0144433975219727,0.231632947921753,0.831677436828613,1.16448736190796,1.38166356086731,1.43171095848083,1.43171095848083,-1,-1,1.74207282066345,217.18955039978,217.176198959351,50.0473976135254,267.223596572876,Instruction,Right,Left,Right,Right,Right,1,0,0,0,0,NaN,NaN,NaN,NaN,NaN,NaN,NaN,NaN,1,1,1,1,1,0,397,NaN,20260728_t1405_srsSmooth_training_B005,13,NaN,27.2940291285515,1.64062428474426,NaN,NaN,NaN,0,NaN,NaN,NaN,NaN,0
20260728_t1405_srsSmooth_training,srs_smooth_training,trial0454.mat,454,454,397,5,15,13,104,84,20,8,1,0,3,1,13,21188,1,2,2,1,1,2,2,1,2,1,SINGLE_T2_CORRECT,11,455,1,0,0,0,0,0,153,130,153,130,23,130,1,0,10,180,10,180,-170,170,NaN,NaN,NaN,1785263687.90032,16014.96729508,2.08182501792908,0.0120396614074707,0.204116106033325,0.820890665054321,1.15374946594238,1.37924098968506,1.42090606689453,1.42090606689453,-1,-1,1.6557297706604,192.076444625854,225.491523742676,41.6650772094727,267.156600952148,Instruction,Left,Right,Right,Left,Right,1,0,0,0,0,NaN,NaN,NaN,NaN,NaN,NaN,NaN,NaN,0,0,1,1,0,0,398,NaN,20260728_t1405_srsSmooth_training_B005,14,NaN,27.3574049750964,1.59261393547058,NaN,NaN,NaN,0,NaN,NaN,NaN,NaN,0
20260728_t1405_srsSmooth_training,srs_smooth_training,trial0455.mat,455,455,398,5,16,14,104,84,20,8,1,0,1,1,1,32326,1,1,1,2,1,1,1,1,0,0,,0,11,0,1,0,0,0,0,183,134,183,134,49,NaN,1,180,0,190,180,10,170,170,NaN,NaN,NaN,1785263691.56783,16018.63474028,1.22212052345276,0.011336088180542,0.236782550811768,0.978387355804443,-1,-1,-1,-1,-1,-1,-1,225.446462631226,NaN,NaN,NaN,Instruction,Right,Left,None,Right,Right,1,0,0,0,0,NaN,NaN,NaN,NaN,NaN,NaN,NaN,NaN,1,1,1,1,1,0,398,NaN,20260728_t1405_srsSmooth_training_B005,NaN,NaN,27.4185301661491,1.58568644523621,NaN,NaN,NaN,0,NaN,NaN,NaN,NaN,0
20260728_t1405_srsSmooth_training,srs_smooth_training,trial0456.mat,456,456,398,5,17,14,104,84,20,8,1,0,2,1,10,31054,1,1,2,1,1,2,1,2,1,2,SINGLE_T1_CORRECT,10,455,1,0,0,0,0,0,181,141,181,141,40,181,1,0,180,10,180,10,170,170,NaN,NaN,NaN,1785263694.27929,16021.34614212,2.13674211502075,0.0166544914245605,0.200488328933716,0.708818674087524,1.04169344902039,1.31726336479187,1.35880780220032,1.35880780220032,-1,-1,1.65257525444031,183.833837509155,275.569915771484,41.5444374084473,317.114353179932,Instruction,Left,Right,Left,Left,Left,1,0,0,0,0,NaN,NaN,NaN,NaN,NaN,NaN,NaN,NaN,0,0,0,1,1,0,399,NaN,20260728_t1405_srsSmooth_training_B005,15,NaN,27.4637210607529,1.489333152771,NaN,NaN,NaN,0,NaN,NaN,NaN,NaN,0
20260728_t1405_srsSmooth_training,srs_smooth_training,trial0457.mat,457,457,399,5,18,15,104,84,20,8,1,0,4,1,16,29929,1,2,1,2,1,1,2,2,2,2,SINGLE_T2_CORRECT,11,455,1,0,0,0,0,0,229,137,229,137,92,137,1,180,190,0,10,180,-170,170,NaN,NaN,NaN,1785263698.0457,16025.11256472,1.85384750366211,0.0170533657073975,0.0179672241210938,0.525830268859863,0.858752489089966,1.14274430274963,1.19275593757629,1.19275593757629,-1,-1,1.41968441009521,0.913858413696289,283.991813659668,50.0116348266602,334.003448486328,Instruction,Right,Left,Left,Right,Left,1,0,0,0,0,NaN,NaN,NaN,NaN,NaN,NaN,NaN,NaN,1,1,0,1,0,0,400,NaN,20260728_t1405_srsSmooth_training_B005,16,NaN,27.5264946103096,1.62967085838318,NaN,NaN,NaN,0,NaN,NaN,NaN,NaN,0
20260728_t1405_srsSmooth_training,srs_smooth_training,trial0458.mat,458,458,400,5,19,16,104,84,20,8,1,0,3,1,12,17906,1,2,2,1,1,2,2,1,2,1,SINGLE_T2_CORRECT,11,455,1,0,0,0,0,0,212,158,212,158,54,158,1,180,190,0,10,180,-170,170,NaN,NaN,NaN,1785263701.53462,16028.60134256,2.15634560585022,0.0199384689331055,0.245465755462646,0.87043023109436,1.20331740379333,1.42040824890137,1.47054600715637,1.47054600715637,-1,-1,1.69758653640747,225.527286529541,217.090845108032,50.1377582550049,267.228603363037,Instruction,Left,Right,Right,Left,Right,1,0,0,0,0,NaN,NaN,NaN,NaN,NaN,NaN,NaN,NaN,0,0,1,1,0,0,401,NaN,20260728_t1405_srsSmooth_training_B005,17,NaN,27.5846432288488,1.63506960868835,NaN,NaN,NaN,0,NaN,NaN,NaN,NaN,0
20260728_t1405_srsSmooth_training,srs_smooth_training,trial0459.mat,459,459,401,5,20,17,104,84,20,8,1,0,4,1,17,18321,1,2,1,2,1,1,2,2,2,2,SINGLE_T2_CORRECT,11,455,1,0,0,0,0,0,193,140,193,140,53,140,1,0,10,180,10,180,-170,170,NaN,NaN,NaN,1785263705.34249,16032.40913292,2.2654230594635,0.0122106075286865,0.220940589904785,0.879327297210693,1.21225762367249,1.47104096412659,1.52104806900024,1.52104806900024,-1,-1,1.82314562797546,208.729982376099,258.783340454102,50.0071048736572,308.790445327759,Instruction,Right,Left,Left,Right,Left,1,0,0,0,0,NaN,NaN,NaN,NaN,NaN,NaN,NaN,NaN,1,1,0,1,0,0,402,NaN,20260728_t1405_srsSmooth_training_B005,18,NaN,27.648107790947,1.65152812004089,NaN,NaN,NaN,0,NaN,NaN,NaN,NaN,0
20260728_t1405_srsSmooth_training,srs_smooth_training,trial0460.mat,460,460,402,5,21,18,104,84,20,8,1,0,1,1,1,32326,1,1,1,2,1,1,1,1,1,1,SINGLE_T1_CORRECT,10,455,1,0,0,0,0,0,181,145,181,145,36,181,1,180,0,190,180,10,170,170,NaN,NaN,NaN,1785263709.20071,16036.267197,2.31578755378723,0.0124790668487549,0.212979078292847,0.996347427368164,1.32919716835022,1.56306076049805,1.61307907104492,1.61307907104492,-1,-1,1.8316650390625,200.500011444092,233.863592147827,50.018310546875,283.881902694702,Instruction,Right,Left,Right,Right,Right,1,0,0,0,0,NaN,NaN,NaN,NaN,NaN,NaN,NaN,NaN,1,1,1,1,1,0,403,NaN,20260728_t1405_srsSmooth_training_B005,19,NaN,27.7124113678932,1.59279155731201,NaN,NaN,NaN,0,NaN,NaN,NaN,NaN,0
20260728_t1405_srsSmooth_training,srs_smooth_training,trial0461.mat,461,461,403,5,22,19,104,84,20,8,1,0,1,1,3,14060,1,1,1,2,1,1,1,1,1,1,SINGLE_T1_CORRECT,10,455,1,0,0,0,0,0,197,141,197,141,56,197,1,180,0,190,180,10,170,170,NaN,NaN,NaN,1785263713.13236,16040.19883512,2.10903668403625,0.0143067836761475,0.0152759552001953,0.790045499801636,1.12268400192261,1.34004402160645,1.39018869400024,1.39018869400024,-1,-1,1.60843825340271,0.969171524047852,217.360019683838,50.1446723937988,267.504692077637,Instruction,Right,Left,Right,Right,Right,1,0,0,0,0,NaN,NaN,NaN,NaN,NaN,NaN,NaN,NaN,1,1,1,1,1,0,404,NaN,20260728_t1405_srsSmooth_training_B005,20,NaN,27.7779389858246,1.61586952209473,NaN,NaN,NaN,0,NaN,NaN,NaN,NaN,0
20260728_t1405_srsSmooth_training,srs_smooth_training,trial0462.mat,462,462,404,5,23,20,104,84,20,8,1,2,7,2,76,22853,2,0,1,2,1,1,2,2,0,0,,0,11,0,1,0,0,0,0,153,128,153,128,25,NaN,1,0,84.8590668994521,105.140933100548,84.859066899452,105.140933100548,-20.2818662010959,20.2818662010959,NaN,NaN,NaN,1785263716.8518,16043.9181308,1.38967657089233,0.0116856098175049,0.012653112411499,0.770665168762207,1.10339450836182,1.31253600120544,-1,-1,-1,-1,-1,0.967502593994141,209.141492843628,NaN,NaN,Conflict,Right,Left,None,Right,Left,0,1,0,1,0,NaN,NaN,NaN,NaN,NaN,NaN,NaN,NaN,1,1,0,1,0,0,404,NaN,20260728_t1405_srsSmooth_training_B005,NaN,NaN,27.8399295250575,1.61039566993713,NaN,NaN,NaN,0,NaN,NaN,NaN,NaN,0
20260728_t1405_srsSmooth_training,srs_smooth_training,trial0463.mat,463,463,404,5,24,20,104,84,20,8,1,2,8,2,95,17669,2,0,2,1,1,2,2,1,2,1,CHOSE_HIGH_SAL,1,455,1,0,0,0,0,0,198,142,198,142,56,142,1,180,239.450243640123,310.549756359877,59.4502436401234,130.549756359877,-71.0995127197532,71.0995127197532,NaN,NaN,NaN,1785263719.7395,16046.80577228,2.07703518867493,0.0157570838928223,0.216454267501831,0.791208744049072,1.1241340637207,1.34971117973328,1.39125108718872,1.39125108718872,-1,-1,1.63524270057678,200.697183609009,225.577116012573,41.5399074554443,267.117023468018,Conflict,Left,Right,Right,Left,Right,0,1,0,1,1,1,0,0,1,0,1,1,0,0,0,1,1,0,1,405,305,20260728_t1405_srsSmooth_training_B005,21,1,27.888057967027,1.49802994728088,1,1,88,0,1,0,0,1,1
20260728_t1405_srsSmooth_training,srs_smooth_training,trial0464.mat,464,464,405,5,25,21,104,84,20,8,1,2,7,2,64,23233,2,0,1,2,1,1,2,2,1,1,CHOSE_LOW_SAL,2,455,1,0,0,0,0,0,189,139,189,139,50,189,1,180,221.357354926626,328.642645073374,41.3573549266255,148.642645073374,-107.285290146749,107.285290146749,NaN,NaN,NaN,1785263723.41764,16050.48389356,2.28362536430359,0.0127604007720947,0.19661283493042,0.896784067153931,1.22947335243225,1.45506501197815,1.49685430526733,1.49685430526733,-1,-1,1.79030752182007,183.852434158325,225.591659545898,41.7892932891846,267.380952835083,Conflict,Right,Left,Right,Right,Left,0,1,0,1,1,1,1,1,0,0,0,0,1,1,1,0,1,0,1,406,306,20260728_t1405_srsSmooth_training_B005,22,2,27.9493602951368,1.60110449790955,2,1,142,1,1,0,0,1,1
20260728_t1405_srsSmooth_training,srs_smooth_training,trial0465.mat,465,465,406,5,26,22,104,84,20,8,1,2,8,2,88,26327,2,0,2,1,1,2,2,1,2,1,CHOSE_HIGH_SAL,1,455,1,0,0,0,0,0,184,118,184,118,66,118,1,0,22.5222468310402,167.47775316896,22.5222468310402,167.47775316896,-144.95550633792,144.95550633792,NaN,NaN,NaN,1785263727.34918,16054.41521576,2.10919713973999,0.0147111415863037,0.165445327758789,0.815504312515259,1.14808940887451,1.37379693984985,1.41542053222656,1.41542053222656,-1,-1,1.69234228134155,150.734186172485,225.707530975342,41.623592376709,267.331123352051,Conflict,Left,Right,Right,Left,Right,0,1,0,1,1,1,0,0,1,0,1,1,0,0,0,1,1,0,1,407,307,20260728_t1405_srsSmooth_training_B005,23,3,28.014885866642,1.64790892601013,1,1,189,1,1,0,0,1,1
20260728_t1405_srsSmooth_training,srs_smooth_training,trial0466.mat,466,466,407,5,27,23,104,84,20,8,1,2,7,2,71,21880,2,0,1,2,1,1,2,2,0,0,,0,11,0,1,0,0,0,0,206,128,206,128,78,NaN,1,180,226.34764677067,323.65235322933,46.3476467706705,143.65235322933,-97.3047064586591,97.3047064586591,NaN,NaN,NaN,1785263731.05188,16058.1179286,0.0639224052429199,0.0121479034423828,0.0131773948669434,-1,-1,-1,-1,-1,-1,-1,-1,1.02949142456055,NaN,NaN,NaN,Conflict,Right,Left,None,Right,Left,0,1,0,1,0,NaN,NaN,NaN,NaN,NaN,NaN,NaN,NaN,1,1,0,1,0,0,407,NaN,20260728_t1405_srsSmooth_training_B005,NaN,NaN,28.0765976508458,1.59350991249084,NaN,NaN,NaN,0,NaN,NaN,NaN,NaN,0
20260728_t1405_srsSmooth_training,srs_smooth_training,trial0467.mat,467,467,407,5,28,23,104,84,20,8,1,2,7,2,82,18254,2,0,1,2,1,1,2,2,1,1,CHOSE_LOW_SAL,2,455,1,0,0,0,0,0,174,147,174,147,27,174,1,0,24.9434100366934,165.056589963307,24.9434100366934,165.056589963307,-140.113179926613,140.113179926613,NaN,NaN,NaN,1785263732.61034,16059.67650588,2.24935603141785,0.0120856761932373,0.246211051940918,0.863010406494141,1.19546556472778,1.45415854454041,1.49626159667969,1.49626159667969,-1,-1,1.77345609664917,234.125375747681,258.692979812622,42.1030521392822,300.796031951904,Conflict,Right,Left,Right,Right,Left,0,1,0,1,1,1,1,1,0,0,0,0,1,1,1,0,1,0,1,408,308,20260728_t1405_srsSmooth_training_B005,24,4,28.1025719086329,1.4945330619812,2,1,118,1,1,0,0,1,1
20260728_t1405_srsSmooth_training,srs_smooth_training,trial0468.mat,468,468,408,5,29,24,104,84,20,8,1,2,7,2,69,6993,2,0,1,2,1,1,2,2,1,1,CHOSE_LOW_SAL,2,455,1,0,0,0,0,0,195,120,195,120,75,195,1,180,231.208226787719,318.791773212281,51.2082267877186,138.791773212281,-87.5835464245628,87.5835464245628,NaN,NaN,NaN,1785263736.46169,16063.52778484,2.35595989227295,0.0108840465545654,0.21146821975708,0.978049516677856,1.31093382835388,1.55308556556702,1.60294127464294,1.60294127464294,-1,-1,1.86330723762512,200.584173202515,242.151737213135,49.8557090759277,292.007446289062,Conflict,Right,Left,Right,Right,Left,0,1,0,1,1,1,1,1,0,0,0,0,1,1,1,0,1,0,1,409,309,20260728_t1405_srsSmooth_training_B005,25,5,28.1667611002922,1.60199546813965,1,1,174,1,0,0,1,1,1
20260728_t1405_srsSmooth_training,srs_smooth_training,trial0469.mat,469,469,409,5,30,25,104,84,20,8,1,2,7,2,67,9669,2,0,1,2,1,1,2,2,0,0,,0,454,0,1,0,0,0,0,202,112,202,112,90,NaN,1,180,198.529931070263,351.470068929737,18.5299310702633,171.470068929737,-152.940137859473,152.940137859473,NaN,NaN,NaN,1785263740.41833,16067.48434944,1.68213796615601,0.0127272605895996,0.213512420654297,0.980404376983643,1.31277751922607,1.59658455848694,-1,-1,-1,-1,-1,200.785160064697,283.807039260864,NaN,NaN,Conflict,Right,Left,None,Right,Left,0,1,0,1,0,NaN,NaN,NaN,NaN,NaN,NaN,NaN,NaN,1,1,0,1,0,0,409,NaN,20260728_t1405_srsSmooth_training_B005,NaN,NaN,28.232705159982,1.60068368911743,NaN,NaN,NaN,0,NaN,NaN,NaN,NaN,0
20260728_t1405_srsSmooth_training,srs_smooth_training,trial0470.mat,470,470,409,5,31,25,104,84,20,8,1,1,5,2,29,24642,2,0,1,2,1,1,1,1,1,1,CHOSE_HIGH_SAL,1,455,1,0,0,0,0,0,169,112,169,112,57,169,1,180,351.083611033431,198.916388966569,171.083611033431,18.9163889665694,152.167222066861,152.167222066861,NaN,NaN,NaN,1785263743.53413,16070.59992084,2.19262051582336,0.0137135982513428,0.189209222793579,0.805911064147949,1.13875770568848,1.38966512680054,1.43117809295654,1.43117809295654,-1,-1,1.72467064857483,175.495624542236,250.907421112061,41.5129661560059,292.420387268066,Congruent,Right,Left,Right,Right,Right,0,1,1,0,1,1,1,1,1,0,0,0,0,1,1,1,1,1,1,410,310,20260728_t1405_srsSmooth_training_B005,26,6,28.2846351742744,1.43366289138794,1,1,195,1,0,0,1,1,1
20260728_t1405_srsSmooth_training,srs_smooth_training,trial0471.mat,471,471,410,5,32,26,104,84,20,8,1,1,5,2,36,18453,2,0,1,2,1,1,1,1,1,1,CHOSE_HIGH_SAL,1,455,1,0,0,0,0,0,190,140,190,140,50,190,1,180,359.023141341014,190.976858658986,179.023141341014,10.9768586589857,168.046282682029,168.046282682029,NaN,NaN,NaN,1785263747.36452,16074.43033044,2.24571228027344,0.0168066024780273,0.200628995895386,0.82561182975769,1.15851759910583,1.40899848937988,1.45903062820435,1.45903062820435,-1,-1,1.75302338600159,183.822393417358,250.480890274048,50.0321388244629,300.513029098511,Congruent,Right,Left,Right,Right,Right,0,1,1,0,1,1,1,1,1,0,0,0,0,1,1,1,1,1,1,411,311,20260728_t1405_srsSmooth_training_B005,27,7,28.3484749913216,1.63776850700378,1,1,169,1,0,0,1,1,1
20260728_t1405_srsSmooth_training,srs_smooth_training,trial0472.mat,472,472,411,5,33,27,104,84,20,8,1,1,6,2,49,6730,2,0,2,1,1,2,1,2,2,1,CHOSE_LOW_SAL,2,455,1,0,0,0,0,0,204,154,204,154,50,154,1,180,309.360917553958,240.639082446042,129.360917553958,60.6390824460424,68.7218351079152,68.7218351079152,NaN,NaN,NaN,1785263751.1884,16078.25405212,2.09609866142273,0.0180766582489014,0.0191576480865479,0.752009391784668,1.08478498458862,1.32703328132629,1.3769371509552,1.3769371509552,-1,-1,1.64551854133606,1.08098983764648,242.248296737671,49.9038696289062,292.152166366577,Congruent,Left,Right,Right,Left,Left,0,1,1,0,1,1,0,0,0,0,1,1,1,0,0,0,1,1,1,412,312,20260728_t1405_srsSmooth_training_B005,28,8,28.4122063040733,1.57816648483276,1,1,190,1,1,0,0,1,1
20260728_t1405_srsSmooth_training,srs_smooth_training,trial0473.mat,473,473,412,5,34,28,104,84,20,8,1,2,7,2,63,6230,2,0,1,2,1,1,2,2,1,1,CHOSE_LOW_SAL,2,455,1,0,0,0,0,0,169,145,169,145,24,169,1,180,243.236523294917,306.763476705083,63.2365232949166,126.763476705083,-63.5269534101669,63.5269534101669,NaN,NaN,NaN,1785263754.84757,16081.91320348,2.272536277771,0.0173881053924561,0.243066072463989,0.88488245010376,1.21743535995483,1.45211863517761,1.49326419830322,1.49326419830322,-1,-1,1.80305171012878,225.677967071533,234.683275222778,41.1455631256104,275.828838348389,Conflict,Right,Left,Right,Right,Left,0,1,0,1,1,1,1,1,0,0,0,0,1,1,1,0,1,0,1,413,313,20260728_t1405_srsSmooth_training_B005,29,9,28.4731923659643,1.56306505203247,2,1,154,1,1,0,0,1,1
20260728_t1405_srsSmooth_training,srs_smooth_training,trial0474.mat,474,474,413,5,35,29,104,84,20,8,1,2,7,2,67,9669,2,0,1,2,1,1,2,2,1,1,CHOSE_LOW_SAL,2,455,1,0,0,0,0,0,183,129,183,129,54,183,1,180,198.706751807178,351.293248192822,18.7067518071779,171.293248192822,-152.586496385644,152.586496385644,NaN,NaN,NaN,1785263758.68803,16085.7535206,2.33857250213623,0.0187408924102783,0.17755389213562,0.969288110733032,1.30212497711182,1.55254936218262,1.59425973892212,1.59425973892212,-1,-1,1.8545982837677,158.812999725342,250.424385070801,41.710376739502,292.134761810303,Conflict,Right,Left,Right,Right,Left,0,1,0,1,1,1,1,1,0,0,0,0,1,1,1,0,1,0,1,414,314,20260728_t1405_srsSmooth_training_B005,30,10,28.5372000853221,1.56792688369751,1,1,169,1,0,0,1,1,1
20260728_t1405_srsSmooth_training,srs_smooth_training,trial0475.mat,475,475,414,5,36,30,104,84,20,8,1,1,5,2,37,27986,2,0,1,2,1,1,1,1,1,1,CHOSE_HIGH_SAL,1,455,1,0,0,0,0,0,178,122,178,122,56,178,1,180,305.159471101264,244.840528898736,125.159471101264,64.8405288987355,60.3189422025289,60.3189422025289,NaN,NaN,NaN,1785263762.60687,16089.67227628,2.09562563896179,0.0167205333709717,0.175765037536621,0.750712871551514,1.08342862129211,1.3089280128479,1.35932040214539,1.35932040214539,-1,-1,1.61983227729797,159.044504165649,225.499391555786,50.3923892974854,275.891780853271,Congruent,Right,Left,Right,Right,Right,0,1,1,0,1,1,1,1,1,0,0,0,0,1,1,1,1,1,1,415,315,20260728_t1405_srsSmooth_training_B005,31,11,28.6025140921275,1.58026790618896,1,1,183,1,0,0,1,1,1
20260728_t1405_srsSmooth_training,srs_smooth_training,trial0476.mat,476,476,415,5,37,31,104,84,20,8,1,1,6,2,60,6208,2,0,2,1,1,2,1,2,2,1,CHOSE_LOW_SAL,2,455,1,0,0,0,0,0,167,139,167,139,28,139,1,0,154.811766118398,35.1882338816024,154.811766118398,35.1882338816024,119.623532236795,119.623532236795,NaN,NaN,NaN,1785263766.26891,16093.33415056,2.31673264503479,0.0131573677062988,0.25579309463501,0.972536325454712,1.30487418174744,1.5305700302124,1.58075332641602,1.58075332641602,-1,-1,1.87416648864746,242.635726928711,225.695848464966,50.1832962036133,275.879144668579,Congruent,Left,Right,Right,Left,Left,0,1,1,0,1,1,0,0,0,0,1,1,1,0,0,0,1,1,1,416,316,20260728_t1405_srsSmooth_training_B005,32,12,28.6635480642319,1.56641268730164,1,1,178,1,1,0,0,1,1
20260728_t1405_srsSmooth_training,srs_smooth_training,trial0477.mat,477,477,416,5,38,32,104,84,20,8,1,2,7,2,70,12471,2,0,1,2,1,1,2,2,1,1,CHOSE_LOW_SAL,2,455,1,0,0,0,0,0,195,161,195,161,34,195,1,0,16.5292467487734,173.470753251227,16.5292467487735,173.470753251227,-156.941506502453,156.941506502453,NaN,NaN,NaN,1785263770.17206,16097.237292,2.3056788444519,0.0184919834136963,0.168966293334961,0.902381658554077,1.23520588874817,1.46058034896851,1.51100564002991,1.51100564002991,-1,-1,1.81280589103699,150.474309921265,225.374460220337,50.4252910614014,275.799751281738,Conflict,Right,Left,Right,Right,Left,0,1,0,1,1,1,1,1,0,0,0,0,1,1,1,0,1,0,1,417,317,20260728_t1405_srsSmooth_training_B005,33,13,28.7286005854607,1.58641862869263,2,1,139,1,1,0,0,1,1
20260728_t1405_srsSmooth_training,srs_smooth_training,trial0478.mat,478,478,417,5,39,33,104,84,20,8,1,1,5,2,32,27701,2,0,1,2,1,1,1,1,1,1,CHOSE_HIGH_SAL,1,455,1,0,0,0,0,0,181,113,181,113,68,181,1,180,333.57244512828,216.42755487172,153.57244512828,36.4275548717198,117.14489025656,117.14489025656,NaN,NaN,NaN,1785263774.06168,16101.12693004,2.35756611824036,0.0123574733734131,0.221250057220459,1.01302671432495,1.34574341773987,1.55490159988403,1.60490751266479,1.60490751266479,-1,-1,1.87339425086975,208.892583847046,209.158182144165,50.0059127807617,259.164094924927,Congruent,Right,Left,Right,Right,Right,0,1,1,0,1,1,1,1,1,0,0,0,0,1,1,1,1,1,1,418,318,20260728_t1405_srsSmooth_training_B005,34,14,28.7934275627136,1.58393979072571,1,1,195,1,0,0,1,1,1
20260728_t1405_srsSmooth_training,srs_smooth_training,trial0479.mat,479,479,418,5,40,34,104,84,20,8,1,1,5,2,35,318,2,0,1,2,1,1,1,1,1,1,CHOSE_HIGH_SAL,1,455,1,0,0,0,0,0,159,145,159,145,14,159,1,180,326.616020320449,223.383979679551,146.616020320449,43.3839796795515,103.232040640897,103.232040640897,NaN,NaN,NaN,1785263778.01664,16105.08190896,2.29512858390808,0.0158798694610596,0.233276605606079,0.991681575775146,1.32429385185242,1.54152989387512,1.59154987335205,1.59154987335205,-1,-1,1.83490180969238,217.39673614502,217.236042022705,50.0199794769287,267.256021499634,Congruent,Right,Left,Right,Right,Right,0,1,1,0,1,1,1,1,1,0,0,0,0,1,1,1,1,1,1,419,319,20260728_t1405_srsSmooth_training_B005,35,15,28.8593436559041,1.59739947319031,1,1,181,1,0,0,1,1,1
20260728_t1405_srsSmooth_training,srs_smooth_training,trial0480.mat,480,480,419,5,41,35,104,84,20,8,1,1,5,2,23,19956,2,0,1,2,1,1,1,1,1,1,CHOSE_HIGH_SAL,1,455,1,0,0,0,0,0,193,142,193,142,51,193,1,0,177.741750984924,12.2582490150759,177.741750984924,12.2582490150759,165.483501969848,165.483501969848,NaN,NaN,NaN,1785263781.91237,16108.97747204,2.24059343338013,0.0119674205780029,0.220881938934326,0.820865869522095,1.15367960929871,1.3960108757019,1.44583821296692,1.44583821296692,-1,-1,1.74828600883484,208.914518356323,242.331266403198,49.8273372650146,292.158603668213,Congruent,Right,Left,Right,Right,Right,0,1,1,0,1,1,1,1,1,0,0,0,0,1,1,1,1,1,1,420,320,20260728_t1405_srsSmooth_training_B005,36,16,28.9242724935214,1.60060167312622,1,1,159,1,0,0,1,1,1
20260728_t1405_srsSmooth_training,srs_smooth_training,trial0481.mat,481,481,420,5,42,36,104,84,20,8,1,1,5,2,34,20104,2,0,1,2,1,1,1,1,1,1,CHOSE_HIGH_SAL,1,455,1,0,0,0,0,0,184,127,184,127,57,184,1,0,147.609328880405,42.3906711195952,147.609328880405,42.3906711195952,105.21865776081,105.21865776081,NaN,NaN,NaN,1785263785.88857,16112.95356936,2.048020362854,0.0192627906799316,0.0203683376312256,0.65299129486084,0.985967874526978,1.25305318832397,1.29466104507446,1.29466104507446,-1,-1,1.56355285644531,1.10554695129395,267.085313796997,41.6078567504883,308.693170547485,Congruent,Right,Left,Right,Right,Right,0,1,1,0,1,1,1,1,1,0,0,0,0,1,1,1,1,1,1,421,321,20260728_t1405_srsSmooth_training_B005,37,17,28.9905423879623,1.735600233078,1,1,193,1,0,0,1,1,1
20260728_t1405_srsSmooth_training,srs_smooth_training,trial0482.mat,482,482,421,5,43,37,104,84,20,8,1,1,6,2,51,22730,2,0,2,1,1,2,1,2,2,1,CHOSE_LOW_SAL,2,455,1,0,0,0,0,0,158,139,158,139,19,139,1,180,343.018931066215,206.981068933785,163.018931066215,26.9810689337853,136.037862132429,136.037862132429,NaN,NaN,NaN,1785263789.83622,16116.90105352,2.14197301864624,0.0134291648864746,0.222433567047119,0.864195346832275,1.1968080997467,1.43937110900879,1.48090100288391,1.48090100288391,-1,-1,1.69958019256592,209.004402160645,242.563009262085,41.5298938751221,284.092903137207,Congruent,Left,Right,Right,Left,Left,0,1,1,0,1,1,0,0,0,0,1,1,1,0,0,0,1,1,1,422,322,20260728_t1405_srsSmooth_training_B005,38,18,29.0563366333644,1.89963436126709,1,1,184,1,1,0,0,1,1
20260728_t1405_srsSmooth_training,srs_smooth_training,trial0483.mat,483,483,422,5,44,38,104,84,20,8,1,2,7,2,83,16707,2,0,1,2,1,1,2,2,1,1,CHOSE_LOW_SAL,2,455,1,0,0,0,0,0,189,141,189,141,48,189,1,0,40.9013869180687,149.098613081931,40.9013869180687,149.098613081931,-108.197226163863,108.197226163863,NaN,NaN,NaN,1785263793.58943,16120.65414496,2.16410517692566,0.0187015533447266,0.019878625869751,0.785881996154785,1.11874437332153,1.34420204162598,1.39416122436523,1.39416122436523,-1,-1,1.67119169235229,1.17707252502441,225.457668304443,49.9591827392578,275.416851043701,Conflict,Right,Left,Right,Right,Left,0,1,0,1,1,1,1,1,0,0,0,0,1,1,1,0,1,0,1,423,323,20260728_t1405_srsSmooth_training_B005,39,19,29.1188900947571,1.61123466491699,2,1,139,1,1,0,0,1,1
20260728_t1405_srsSmooth_training,srs_smooth_training,trial0484.mat,484,484,423,5,45,39,104,84,20,8,1,1,5,2,27,19204,2,0,1,2,1,1,1,1,1,1,CHOSE_HIGH_SAL,1,455,1,0,0,0,0,0,185,135,185,135,50,185,1,180,288.921254097415,261.078745902585,108.921254097415,81.0787459025855,27.8425081948291,27.8425081948291,NaN,NaN,NaN,1785263797.55463,16124.61936684,2.29065847396851,0.0119912624359131,0.279118061065674,0.937525272369385,1.27037405967712,1.49600386619568,1.53784847259521,1.53784847259521,-1,-1,1.80633425712585,267.126798629761,225.629806518555,41.8446063995361,267.474412918091,Congruent,Right,Left,Right,Right,Right,0,1,1,0,1,1,1,1,1,0,0,0,0,1,1,1,1,1,1,424,324,20260728_t1405_srsSmooth_training_B005,40,20,29.1849767327309,1.80109310150146,1,1,189,1,0,0,1,1,1
20260728_t1405_srsSmooth_training,srs_smooth_training,trial0485.mat,485,485,424,5,46,40,104,84,20,8,1,1,6,2,47,8776,2,0,2,1,1,2,1,2,2,1,CHOSE_LOW_SAL,2,455,1,0,0,0,0,0,192,136,192,136,56,136,1,180,320.177121036305,229.822878963695,140.177121036305,49.8228789636952,90.3542420726095,90.3542420726095,NaN,NaN,NaN,1785263801.48299,16128.54763696,1.92067551612854,0.0171170234680176,0.017871618270874,0.601054906845093,0.933820009231567,1.18441772460938,1.2343385219574,1.2343385219574,-1,-1,1.48632192611694,0.754594802856445,250.597715377808,49.9207973480225,300.51851272583,Congruent,Left,Right,Right,Left,Left,0,1,1,0,1,1,0,0,0,0,1,1,1,0,0,0,1,1,1,425,325,20260728_t1405_srsSmooth_training_B005,41,21,29.2504494190216,1.63770270347595,1,1,185,1,1,0,0,1,1
20260728_t1405_srsSmooth_training,srs_smooth_training,trial0486.mat,486,486,425,5,47,41,104,84,20,8,1,1,6,2,52,3181,2,0,2,1,1,2,1,2,2,1,CHOSE_LOW_SAL,2,455,1,0,0,0,0,0,178,127,178,127,51,127,1,0,116.444738986897,73.5552610131034,116.444738986897,73.5552610131034,42.8894779737932,42.8894779737932,NaN,NaN,NaN,1785263805.00697,16132.07160696,2.09632968902588,0.0182731151580811,0.21073317527771,0.818794727325439,1.15165114402771,1.37711954116821,1.427161693573,1.427161693573,-1,-1,1.67059826850891,192.460060119629,225.468397140503,50.0421524047852,275.510549545288,Congruent,Left,Right,Right,Left,Left,0,1,1,0,1,1,0,0,0,0,1,1,1,0,0,0,1,1,1,426,326,20260728_t1405_srsSmooth_training_B005,42,22,29.3091824491819,1.60330629348755,2,1,136,1,0,0,1,1,1
20260728_t1405_srsSmooth_training,srs_smooth_training,trial0487.mat,487,487,426,5,48,42,104,84,20,8,1,1,5,2,21,4677,2,0,1,2,1,1,1,1,1,1,CHOSE_HIGH_SAL,1,455,1,0,0,0,0,0,188,124,188,124,64,188,1,0,117.886967508622,72.1130324913782,117.886967508622,72.1130324913782,45.7739350172435,45.7739350172435,NaN,NaN,NaN,1785263808.70762,16135.7721352,2.13820624351501,0.0177667140960693,0.218588829040527,0.801670551300049,1.13447690010071,1.36817789077759,1.41849708557129,1.41849708557129,-1,-1,1.64551949501038,200.822114944458,233.70099067688,50.3191947937012,284.020185470581,Congruent,Right,Left,Right,Right,Right,0,1,1,0,1,1,1,1,1,0,0,0,0,1,1,1,1,1,1,427,327,20260728_t1405_srsSmooth_training_B005,43,23,29.3708599686623,1.60432147979736,2,1,127,1,1,0,0,1,1
20260728_t1405_srsSmooth_training,srs_smooth_training,trial0488.mat,488,488,427,5,49,43,104,84,20,8,1,1,6,2,55,24818,2,0,2,1,1,2,1,2,2,1,CHOSE_LOW_SAL,2,455,1,0,0,0,0,0,167,124,167,124,43,124,1,0,144.921113949173,45.0788860508274,144.921113949173,45.0788860508274,99.8422278983453,99.8422278983453,NaN,NaN,NaN,1785263812.46311,16139.52760804,2.04064774513245,0.0124249458312988,0.229762554168701,0.796441078186035,1.12913465499878,1.34642553329468,1.38792181015015,1.38792181015015,-1,-1,1.61467337608337,217.337608337402,217.290878295898,41.4962768554688,258.787155151367,Congruent,Left,Right,Right,Left,Left,0,1,1,0,1,1,0,0,0,0,1,1,1,0,0,0,1,1,1,428,328,20260728_t1405_srsSmooth_training_B005,44,24,29.4334514578184,1.61728310585022,1,1,188,1,1,0,0,1,1
20260728_t1405_srsSmooth_training,srs_smooth_training,trial0489.mat,489,489,428,5,50,44,104,84,20,8,1,2,7,2,77,8110,2,0,1,2,1,1,2,2,2,2,CHOSE_HIGH_SAL,1,455,1,0,0,0,0,0,176,146,176,146,30,146,1,180,198.808297469776,351.191702530224,18.8082974697758,171.191702530224,-152.383405060448,152.383405060448,NaN,NaN,NaN,1785263816.10147,16143.16582356,2.20246124267578,0.0158743858337402,0.241315841674805,0.857997179031372,1.19092035293579,1.42496824264526,1.47462248802185,1.47462248802185,-1,-1,1.75985217094421,225.441455841064,234.047889709473,49.6542453765869,283.70213508606,Conflict,Right,Left,Left,Right,Left,0,1,0,1,1,0,0,0,1,1,1,1,0,1,1,0,1,0,1,429,329,20260728_t1405_srsSmooth_training_B005,45,25,29.4940907796224,1.59771156311035,2,1,124,1,0,1,1,0,1
20260728_t1405_srsSmooth_training,srs_smooth_training,trial0490.mat,490,490,429,5,51,45,104,84,20,8,1,1,6,2,59,8834,2,0,2,1,1,2,1,2,1,2,CHOSE_HIGH_SAL,1,455,1,0,0,0,0,0,183,122,183,122,61,183,1,0,167.661308832127,22.3386911678732,167.661308832127,22.3386911678732,145.322617664254,145.322617664254,NaN,NaN,NaN,1785263819.9084,16146.97267832,2.46283054351807,0.0174317359924316,0.251259088516235,0.984787225723267,1.31748270988464,1.63484668731689,1.67630386352539,1.67630386352539,-1,-1,1.97804427146912,233.827352523804,317.363977432251,41.4571762084961,358.821153640747,Congruent,Left,Right,Left,Left,Left,0,1,1,0,1,0,1,1,1,1,0,0,0,0,0,0,1,1,1,430,330,20260728_t1405_srsSmooth_training_B005,46,26,29.5575395385424,1.60446429252625,2,2,146,1,1,0,0,1,1
20260728_t1405_srsSmooth_training,srs_smooth_training,trial0491.mat,491,491,430,5,52,46,104,84,20,8,1,2,8,2,99,4265,2,0,2,1,1,2,2,1,1,2,CHOSE_LOW_SAL,2,455,1,0,0,0,0,0,167,144,167,144,23,167,1,0,63.8969421952201,126.10305780478,63.8969421952201,126.10305780478,-62.2061156095599,62.2061156095599,NaN,NaN,NaN,1785263824.29088,16151.35501784,2.22160005569458,0.0184526443481445,0.235589504241943,0.843881845474243,1.17683172225952,1.46076560020447,1.50244426727295,1.50244426727295,-1,-1,1.75420570373535,217.136859893799,283.933877944946,41.6786670684814,325.612545013428,Conflict,Left,Right,Left,Left,Right,0,1,0,1,1,0,1,1,0,1,0,0,1,0,0,1,1,0,1,431,331,20260728_t1405_srsSmooth_training_B005,47,27,29.630580941836,1.91965365409851,1,2,183,1,0,0,1,1,1
20260728_t1405_srsSmooth_training,srs_smooth_training,trial0492.mat,492,492,431,5,53,47,104,84,20,8,1,2,7,2,78,28591,2,0,1,2,1,1,2,2,2,2,CHOSE_HIGH_SAL,1,455,1,0,0,0,0,0,193,124,193,124,69,124,1,180,259.432977580588,290.567022419412,79.4329775805882,110.567022419412,-31.1340448388236,31.1340448388236,NaN,NaN,NaN,1785263828.42746,16155.49159944,2.34407639503479,0.0153722763061523,0.282829523086548,0.824149131774902,1.15708327293396,1.59930777549744,1.64091920852661,1.64091920852661,-1,-1,1.9174690246582,267.457246780396,442.224502563477,41.6114330291748,483.835935592651,Conflict,Right,Left,Left,Right,Left,0,1,0,1,1,0,0,0,1,1,1,1,0,1,1,0,1,0,1,432,332,20260728_t1405_srsSmooth_training_B005,48,28,29.6995238820712,1.9149763584137,1,2,167,1,1,0,0,1,1
20260728_t1405_srsSmooth_training,srs_smooth_training,trial0493.mat,493,493,432,5,54,48,104,84,20,8,1,1,6,2,42,14572,2,0,2,1,1,2,1,2,1,2,CHOSE_HIGH_SAL,1,455,1,0,0,0,0,0,167,125,167,125,42,167,1,0,139.662601602657,50.3373983973426,139.662601602657,50.3373983973426,89.3252032053148,89.3252032053148,NaN,NaN,NaN,1785263832.37016,16159.4341788,2.2430260181427,0.014491081237793,0.198442459106445,0.83184027671814,1.16453742980957,1.44007921218872,1.49031281471252,1.49031281471252,-1,-1,1.77503275871277,183.951377868652,275.54178237915,50.2336025238037,325.775384902954,Congruent,Left,Right,Left,Left,Left,0,1,1,0,1,0,1,1,1,1,0,0,0,0,0,0,1,1,1,433,333,20260728_t1405_srsSmooth_training_B005,49,29,29.7652355790138,1.59862542152405,2,2,124,1,1,0,0,1,1
20260728_t1405_srsSmooth_training,srs_smooth_training,trial0494.mat,494,494,433,5,55,49,104,84,20,8,1,1,6,2,57,5735,2,0,2,1,1,2,1,2,1,2,CHOSE_HIGH_SAL,1,455,1,0,0,0,0,0,174,144,174,144,30,174,1,180,350.994924996329,199.005075003671,170.994924996329,19.0050750036714,151.989849992657,151.989849992657,NaN,NaN,NaN,1785263836.43766,16163.50163296,2.07553339004517,0.0138137340545654,0.0144078731536865,0.664317607879639,0.997185945510864,1.26442766189575,1.30595755577087,1.30595755577087,-1,-1,1.59962177276611,0.594139099121094,267.241716384888,41.5298938751221,308.77161026001,Congruent,Left,Right,Left,Left,Left,0,1,1,0,1,0,1,1,1,1,0,0,0,0,0,0,1,1,1,434,334,20260728_t1405_srsSmooth_training_B005,50,30,29.8330273191134,1.82447838783264,1,2,167,1,0,0,1,1,1
20260728_t1405_srsSmooth_training,srs_smooth_training,trial0495.mat,495,495,434,5,56,50,104,84,20,8,1,2,7,2,79,25446,2,0,1,2,1,1,2,2,1,1,CHOSE_LOW_SAL,2,455,1,0,0,0,0,0,190,134,190,134,56,190,1,0,65.6058484258085,124.394151574191,65.6058484258085,124.394151574191,-58.788303148383,58.788303148383,NaN,NaN,NaN,1785263840.13778,16167.20172888,2.04233622550964,0.013845682144165,0.0146405696868896,0.714413642883301,1.04721975326538,1.28091835975647,1.32278347015381,1.32278347015381,-1,-1,1.54964065551758,0.794887542724609,233.698606491089,41.8651103973389,275.563716888428,Conflict,Right,Left,Right,Right,Left,0,1,0,1,1,1,1,1,0,0,0,0,1,1,1,0,1,0,1,435,335,20260728_t1405_srsSmooth_training_B005,51,31,29.8946958740552,1.62457990646362,1,2,174,1,0,1,1,0,1
20260728_t1405_srsSmooth_training,srs_smooth_training,trial0496.mat,496,496,435,5,57,51,104,84,20,8,1,2,8,2,97,31772,2,0,2,1,1,2,2,1,2,1,CHOSE_HIGH_SAL,1,455,1,0,0,0,0,0,175,138,175,138,37,138,1,0,69.7746166626514,120.225383337349,69.7746166626514,120.225383337349,-50.4507666746972,50.4507666746972,NaN,NaN,NaN,1785263844.1226,16171.18653736,2.36635303497314,0.012514591217041,0.24625563621521,1.02152323722839,1.35423493385315,1.62175703048706,1.67173838615417,1.67173838615417,-1,-1,1.93182182312012,233.741044998169,267.522096633911,49.9813556671143,317.503452301025,Conflict,Left,Right,Right,Left,Right,0,1,0,1,1,1,0,0,1,0,1,1,0,0,0,1,1,0,1,436,336,20260728_t1405_srsSmooth_training_B005,52,32,29.9611095547676,1.94248461723328,1,1,190,1,1,0,0,1,1
20260728_t1405_srsSmooth_training,srs_smooth_training,trial0497.mat,497,497,436,5,58,52,104,84,20,8,1,2,8,2,101,7780,2,0,2,1,1,2,2,1,2,1,CHOSE_HIGH_SAL,1,455,1,0,0,0,0,0,163,125,163,125,38,125,1,180,206.044404674198,343.955595325802,26.0444046741979,163.955595325802,-137.911190651604,137.911190651604,NaN,NaN,NaN,1785263848.10614,16175.16984252,2.08337640762329,0.012476921081543,0.204646825790405,0.72962498664856,1.06250286102295,1.30477786064148,1.34629893302917,1.34629893302917,-1,-1,1.65682697296143,192.169904708862,242.27499961853,41.5210723876953,283.796072006226,Conflict,Left,Right,Right,Left,Right,0,1,0,1,1,1,0,0,1,0,1,1,0,0,0,1,1,0,1,437,337,20260728_t1405_srsSmooth_training_B005,53,33,30.0275019526482,1.61719083786011,2,1,138,1,0,0,1,1,1
20260728_t1405_srsSmooth_training,srs_smooth_training,trial0498.mat,498,498,437,5,59,53,104,84,20,8,1,2,7,2,71,21880,2,0,1,2,1,1,2,2,1,1,CHOSE_LOW_SAL,2,455,1,0,0,0,0,0,172,136,172,136,36,172,1,180,233.005839167777,316.994160832223,53.0058391677772,136.994160832223,-83.9883216644456,83.9883216644456,NaN,NaN,NaN,1785263851.8036,16178.86730084,2.26872181892395,0.0151467323303223,0.157361268997192,0.866060972213745,1.19852685928345,1.44913482666016,1.49085211753845,1.49085211753845,-1,-1,1.79324960708618,142.21453666687,250.607967376709,41.7172908782959,292.325258255005,Conflict,Right,Left,Right,Right,Left,0,1,0,1,1,1,1,1,0,0,0,0,1,1,1,0,1,0,1,438,338,20260728_t1405_srsSmooth_training_B005,54,34,30.0891262888908,1.61408376693726,2,1,125,1,1,0,0,1,1
20260728_t1405_srsSmooth_training,srs_smooth_training,trial0499.mat,499,499,438,5,60,54,104,84,20,8,1,1,6,2,46,464,2,0,2,1,1,2,1,2,2,1,CHOSE_LOW_SAL,2,455,1,0,0,0,0,0,175,125,175,125,50,125,1,180,343.953798387337,206.046201612663,163.953798387337,26.0462016126629,137.907596774674,137.907596774674,NaN,NaN,NaN,1785263855.7511,16182.8146054,2.10401940345764,0.0178065299987793,0.143465757369995,0.743539571762085,1.07618165016174,1.31844162940979,1.3686625957489,1.3686625957489,-1,-1,1.67843222618103,125.659227371216,242.259979248047,50.2209663391113,292.480945587158,Congruent,Left,Right,Right,Left,Left,0,1,1,0,1,1,0,0,0,0,1,1,1,0,0,0,1,1,1,439,339,20260728_t1405_srsSmooth_training_B005,55,35,30.1549178918203,1.67877435684204,1,1,172,1,1,0,0,1,1
20260728_t1405_srsSmooth_training,srs_smooth_training,trial0500.mat,500,500,439,5,61,55,104,84,20,8,1,2,8,2,93,24246,2,0,2,1,1,2,2,1,0,0,,0,11,0,1,0,0,0,0,168,133,168,133,35,NaN,1,0,13.6199662577023,176.380033742298,13.6199662577023,176.380033742298,-162.760067484595,162.760067484595,NaN,NaN,NaN,1785263859.49269,16186.55618416,1.3127863407135,0.0180239677429199,0.0191164016723633,0.602010011672974,0.934725999832153,1.17701029777527,-1,-1,-1,-1,-1,1.09243392944336,242.284297943115,NaN,NaN,Conflict,Left,Right,None,Left,Right,0,1,0,1,0,NaN,NaN,NaN,NaN,NaN,NaN,NaN,NaN,0,0,1,1,0,0,439,NaN,20260728_t1405_srsSmooth_training_B005,NaN,NaN,30.2172778367996,1.63757729530334,NaN,NaN,NaN,0,NaN,NaN,NaN,NaN,0
20260728_t1405_srsSmooth_training,srs_smooth_training,trial0501.mat,501,501,439,5,62,55,104,84,20,8,1,1,6,2,62,29897,2,0,2,1,1,2,1,2,2,1,CHOSE_LOW_SAL,2,455,1,0,0,0,0,0,178,151,178,151,27,151,1,0,105.470808792377,84.5291912076231,105.470808792377,84.5291912076231,20.9416175847538,20.9416175847538,NaN,NaN,NaN,1785263862.34879,16189.41229076,2.07436680793762,0.0120391845703125,0.196378946304321,0.754436254501343,1.08708119392395,1.32096552848816,1.36285448074341,1.36285448074341,-1,-1,1.62348675727844,184.339761734009,233.884334564209,41.888952255249,275.773286819458,Congruent,Left,Right,Right,Left,Left,0,1,1,0,1,1,0,0,0,0,1,1,1,0,0,0,1,1,1,440,340,20260728_t1405_srsSmooth_training_B005,56,36,30.2648794492086,1.54331040382385,2,1,125,1,0,0,1,1,1
20260728_t1405_srsSmooth_training,srs_smooth_training,trial0502.mat,502,502,440,5,63,56,104,84,20,8,1,1,6,2,53,24227,2,0,2,1,1,2,1,2,2,1,CHOSE_LOW_SAL,2,455,1,0,0,0,0,0,167,147,167,147,20,147,1,0,121.311443153478,68.6885568465219,121.311443153478,68.6885568465219,52.6228863069562,52.6228863069562,NaN,NaN,NaN,1785263866.02008,16193.08342316,2.30340051651001,0.015894889831543,0.266651153564453,0.983394622802734,1.31594586372375,1.54992771148682,1.5914580821991,1.5914580821991,-1,-1,1.85288166999817,250.75626373291,233.981847763062,41.5303707122803,275.512218475342,Congruent,Left,Right,Right,Left,Left,0,1,1,0,1,1,0,0,0,0,1,1,1,0,0,0,1,1,1,441,341,20260728_t1405_srsSmooth_training_B005,57,37,30.3260676026344,1.59692239761353,2,1,151,1,0,0,1,1,1
20260728_t1405_srsSmooth_training,srs_smooth_training,trial0503.mat,503,503,441,5,64,57,104,84,20,8,1,2,8,2,98,18532,2,0,2,1,1,2,2,1,2,1,CHOSE_HIGH_SAL,1,455,1,0,0,0,0,0,180,143,180,143,37,143,1,0,22.3512693996666,167.648730600333,22.3512693996666,167.648730600333,-145.297461200667,145.297461200667,NaN,NaN,NaN,1785263869.96093,16197.02410476,2.21245908737183,0.0168654918670654,0.225742816925049,0.892585515975952,1.22524642944336,1.45923829078674,1.50921988487244,1.50921988487244,-1,-1,1.76950740814209,208.877325057983,233.991861343384,49.9815940856934,283.973455429077,Conflict,Left,Right,Right,Left,Right,0,1,0,1,1,1,0,0,1,0,1,1,0,0,0,1,1,0,1,442,342,20260728_t1405_srsSmooth_training_B005,58,38,30.3917484601339,1.63745093345642,2,1,147,1,0,0,1,1,1
20260728_t1405_srsSmooth_training,srs_smooth_training,trial0504.mat,504,504,442,5,65,58,104,84,20,8,1,1,6,2,54,31985,2,0,2,1,1,2,1,2,2,1,CHOSE_LOW_SAL,2,455,1,0,0,0,0,0,175,136,175,136,39,136,1,0,176.709047806964,13.290952193036,176.709047806964,13.290952193036,163.418095613928,163.418095613928,NaN,NaN,NaN,1785263873.76959,16200.83292816,1.98679804801941,0.0166850090026855,0.0173301696777344,0.650409698486328,0.983389854431152,1.22596669197083,1.26710867881775,1.26710867881775,-1,-1,1.55216336250305,0.645160675048828,242.576837539673,41.1419868469238,283.718824386597,Congruent,Left,Right,Right,Left,Left,0,1,1,0,1,1,0,0,0,0,1,1,1,0,0,0,1,1,1,443,343,20260728_t1405_srsSmooth_training_B005,59,39,30.4552261869113,1.59620451927185,2,1,143,1,0,0,1,1,1
20260728_t1405_srsSmooth_training,srs_smooth_training,trial0505.mat,505,505,443,5,66,59,104,84,20,8,1,1,5,2,31,23823,2,0,1,2,1,1,1,1,1,1,CHOSE_HIGH_SAL,1,455,1,0,0,0,0,0,174,145,174,145,29,174,1,180,356.708495992783,193.291504007217,176.708495992783,13.2915040072171,163.416991985566,163.416991985566,NaN,NaN,NaN,1785263877.39935,16204.46249404,2.20747852325439,0.0120770931243896,0.246157169342041,0.821147203445435,1.15378928184509,1.38774728775024,1.42969918251038,1.42969918251038,-1,-1,1.73096442222595,234.080076217651,233.958005905151,41.9518947601318,275.909900665283,Congruent,Right,Left,Right,Right,Right,0,1,1,0,1,1,1,1,1,0,0,0,0,1,1,1,1,1,1,444,344,20260728_t1405_srsSmooth_training_B005,60,40,30.5157220323881,1.64295268058777,2,1,136,1,1,0,0,1,1
20260728_t1405_srsSmooth_training,srs_smooth_training,trial0506.mat,506,506,444,5,67,60,104,84,20,8,1,2,8,2,104,19170,2,0,2,1,1,2,2,1,2,1,CHOSE_HIGH_SAL,1,455,1,0,0,0,0,0,168,138,168,138,30,138,1,180,226.945782061531,323.054217938469,46.9457820615308,143.054217938469,-96.1084358769383,96.1084358769383,NaN,NaN,NaN,1785263881.21121,16208.27432448,2.33709383010864,0.0170314311981201,0.234464406967163,0.984541893005371,1.31708216667175,1.55930304527283,1.60931444168091,1.60931444168091,-1,-1,1.90280365943909,217.432975769043,242.220878601074,50.0113964080811,292.232275009155,Conflict,Left,Right,Right,Left,Right,0,1,0,1,1,1,0,0,1,0,1,1,0,0,0,1,1,0,1,445,345,20260728_t1405_srsSmooth_training_B005,61,41,30.5792530934016,1.60438513755798,1,1,174,1,1,0,0,1,1
20260728_t1405_srsSmooth_training,srs_smooth_training,trial0507.mat,507,507,445,5,68,61,104,84,20,8,1,1,5,2,41,29323,2,0,1,2,1,1,1,1,1,1,CHOSE_HIGH_SAL,1,455,1,0,0,0,0,0,170,138,170,138,32,170,1,180,358.065500351172,191.934499648828,178.065500351172,11.9344996488282,166.131000702344,166.131000702344,NaN,NaN,NaN,1785263885.18705,16212.25001284,2.27953720092773,0.0163464546203613,0.1421799659729,0.892132043838501,1.22472763061523,1.45877194404602,1.50041580200195,1.50041580200195,-1,-1,1.81083559989929,125.833511352539,234.044313430786,41.6438579559326,275.688171386719,Congruent,Right,Left,Right,Right,Right,0,1,1,0,1,1,1,1,1,0,0,0,0,1,1,1,1,1,1,446,346,20260728_t1405_srsSmooth_training_B005,62,42,30.6455171267192,1.63874816894531,2,1,138,1,1,0,0,1,1
20260728_t1405_srsSmooth_training,srs_smooth_training,trial0508.mat,508,508,446,5,69,62,104,84,20,8,1,2,8,2,85,25556,2,0,2,1,1,2,2,1,2,1,CHOSE_HIGH_SAL,1,455,1,0,0,0,0,0,168,145,168,145,23,145,1,0,42.3232038281382,147.676796171862,42.3232038281382,147.676796171862,-105.353592343723,105.353592343723,NaN,NaN,NaN,1785263889.06252,16216.1254588,2.07822561264038,0.016033411026001,0.0169107913970947,0.741492748260498,1.07440853118896,1.30008554458618,1.34197878837585,1.34197878837585,-1,-1,1.63543462753296,0.87738037109375,225.677013397217,41.8932437896729,267.57025718689,Conflict,Left,Right,Right,Left,Right,0,1,0,1,1,1,0,0,1,0,1,1,0,0,0,1,1,0,1,447,347,20260728_t1405_srsSmooth_training_B005,63,43,30.7101082285245,1.59592890739441,1,1,170,1,1,0,0,1,1
20260728_t1405_srsSmooth_training,srs_smooth_training,trial0509.mat,509,509,447,5,70,63,104,84,20,8,1,2,8,2,93,24246,2,0,2,1,1,2,2,1,2,1,CHOSE_HIGH_SAL,1,455,1,0,0,0,0,0,194,126,194,126,68,126,1,0,63.6626042767222,126.337395723278,63.6626042767222,126.337395723278,-62.6747914465557,62.6747914465557,NaN,NaN,NaN,1785263892.7375,16219.80034312,2.09449648857117,0.0161941051483154,0.17519736289978,0.774971485137939,1.10790419578552,1.31656956672668,1.37510395050049,1.37510395050049,-1,-1,1.66904377937317,159.003257751465,208.665370941162,58.5343837738037,267.199754714966,Conflict,Left,Right,Right,Left,Right,0,1,0,1,1,1,0,0,1,0,1,1,0,0,0,1,1,0,1,448,348,20260728_t1405_srsSmooth_training_B005,64,44,30.7713579654694,1.59675860404968,2,1,145,1,0,0,1,1,1
20260728_t1405_srsSmooth_training,srs_smooth_training,trial0510.mat,510,510,448,5,71,64,104,84,20,8,1,1,6,2,48,26170,2,0,2,1,1,2,1,2,0,0,,0,454,0,1,0,0,0,0,175,118,175,118,57,NaN,1,180,351.479618134761,198.520381865239,171.479618134761,18.5203818652386,152.959236269523,152.959236269523,NaN,NaN,NaN,1785263896.44162,16223.50449752,1.44869685173035,0.0122203826904297,0.221508026123047,0.746254205703735,1.07892918586731,1.36300778388977,-1,-1,-1,-1,-1,209.287643432617,284.078598022461,NaN,NaN,Congruent,Left,Right,None,Left,Left,0,1,1,0,0,NaN,NaN,NaN,NaN,NaN,NaN,NaN,NaN,0,0,0,1,1,0,448,NaN,20260728_t1405_srsSmooth_training_B005,NaN,NaN,30.8330932974815,1.60962343215942,NaN,NaN,NaN,0,NaN,NaN,NaN,NaN,0
20260728_t1405_srsSmooth_training,srs_smooth_training,trial0511.mat,511,511,448,5,72,64,104,84,20,8,1,1,5,2,28,29935,2,0,1,2,1,1,1,1,1,1,CHOSE_HIGH_SAL,1,455,1,0,0,0,0,0,214,129,214,129,85,214,1,180,277.441534738574,272.558465261426,97.4415347385736,92.5584652614264,4.88306947714727,4.88306947714727,NaN,NaN,NaN,1785263899.34339,16226.40602308,2.39757823944092,0.0189025402069092,0.26125431060791,0.961190700531006,1.29395341873169,1.51960730552673,1.57004594802856,1.57004594802856,-1,-1,1.8801736831665,242.351770401001,225.653886795044,50.4386425018311,276.092529296875,Congruent,Right,Left,Right,Right,Right,0,1,1,0,1,1,1,1,1,0,0,0,0,1,1,1,1,1,1,449,349,20260728_t1405_srsSmooth_training_B005,65,45,30.8814560612043,1.45306897163391,2,1,126,1,1,0,0,1,1
20260728_t1405_srsSmooth_training,srs_smooth_training,trial0512.mat,512,512,449,5,73,65,104,84,20,8,1,2,8,2,100,17400,2,0,2,1,1,2,2,1,2,1,CHOSE_HIGH_SAL,1,455,1,0,0,0,0,0,183,149,183,149,34,149,1,0,28.8060281612331,161.193971838767,28.8060281612331,161.193971838767,-132.387943677534,132.387943677534,NaN,NaN,NaN,1785263903.37163,16230.43433928,2.23641204833984,0.0158154964447021,0.191200971603394,0.866461277008057,1.19919562339783,1.44159126281738,1.49162411689758,1.49162411689758,-1,-1,1.78545951843262,175.385475158691,242.395639419556,50.0328540802002,292.428493499756,Conflict,Left,Right,Right,Left,Right,0,1,0,1,1,1,0,0,1,0,1,1,0,0,0,1,1,0,1,450,350,20260728_t1405_srsSmooth_training_B005,66,46,30.9485934933027,1.6306676864624,1,1,214,1,1,0,0,1,1
20260728_t1405_srsSmooth_training,srs_smooth_training,trial0513.mat,513,513,450,5,74,66,104,84,20,8,1,1,5,2,33,20181,2,0,1,2,1,1,1,1,1,1,CHOSE_HIGH_SAL,1,455,1,0,0,0,0,0,195,128,195,128,67,195,1,180,354.442294606585,195.557705393415,174.442294606585,15.557705393415,158.88458921317,158.88458921317,NaN,NaN,NaN,1785263907.21125,16234.27373504,2.11265420913696,0.0180172920227051,0.0189864635467529,0.768573999404907,1.10139322280884,1.32684946060181,1.36853051185608,1.36853051185608,-1,-1,1.62027764320374,0.969171524047852,225.456237792969,41.6810512542725,267.137289047241,Congruent,Right,Left,Right,Right,Right,0,1,1,0,1,1,1,1,1,0,0,0,0,1,1,1,1,1,1,451,351,20260728_t1405_srsSmooth_training_B005,67,47,31.0125870982806,1.60320425033569,2,1,149,1,1,0,0,1,1
20260728_t1405_srsSmooth_training,srs_smooth_training,trial0514.mat,514,514,451,5,75,67,104,84,20,8,1,2,8,2,90,30331,2,0,2,1,1,2,2,1,2,1,CHOSE_HIGH_SAL,1,455,1,0,0,0,0,0,184,137,184,137,47,137,1,0,49.3142959848061,140.685704015194,49.3142959848061,140.685704015194,-91.3714080303878,91.3714080303878,NaN,NaN,NaN,1785263910.93287,16237.99535524,1.92535710334778,0.01320481300354,0.0139398574829102,0.655593872070312,0.988242864608765,1.20555353164673,1.25554132461548,1.25554132461548,-1,-1,1.49050116539001,0.735044479370117,217.310667037964,49.98779296875,267.298460006714,Conflict,Left,Right,Right,Left,Right,0,1,0,1,1,1,0,0,1,0,1,1,0,0,0,1,1,0,1,452,352,20260728_t1405_srsSmooth_training_B005,68,48,31.0746141870817,1.608971118927,1,1,195,1,1,0,0,1,1
20260728_t1405_srsSmooth_training,srs_smooth_training,trial0515.mat,515,515,452,5,76,68,104,84,20,8,1,2,7,2,73,22385,2,0,1,2,1,1,2,2,1,1,CHOSE_LOW_SAL,2,455,1,0,0,0,0,0,187,149,187,149,38,187,1,0,44.7412808923847,145.258719107615,44.7412808923847,145.258719107615,-100.517438215231,100.517438215231,NaN,NaN,NaN,1785263914.48043,16241.54273836,2.11889886856079,0.0157866477966309,0.141546964645386,0.791230916976929,1.12416362762451,1.36639142036438,1.40820837020874,1.40820837020874,-1,-1,1.63472390174866,125.760316848755,242.227792739868,41.8169498443604,284.044742584229,Conflict,Right,Left,Right,Right,Left,0,1,0,1,1,1,1,1,0,0,0,0,1,1,1,0,1,0,1,453,353,20260728_t1405_srsSmooth_training_B005,69,49,31.1337401429812,1.62220025062561,2,1,137,1,1,0,0,1,1
20260728_t1405_srsSmooth_training,srs_smooth_training,trial0516.mat,516,516,453,5,77,69,104,84,20,8,1,2,7,2,75,21919,2,0,1,2,1,1,2,2,1,1,CHOSE_LOW_SAL,2,455,1,0,0,0,0,0,181,96,181,96,85,181,1,0,71.6309166008836,118.369083399116,71.6309166008836,118.369083399116,-46.7381667982329,46.7381667982329,NaN,NaN,NaN,1785263918.22709,16245.2892956,2.15666937828064,0.0109415054321289,0.17809796333313,0.794793128967285,1.12765145301819,1.36139011383057,1.40322780609131,1.40322780609131,-1,-1,1.6719229221344,167.156457901001,233.738660812378,41.8376922607422,275.57635307312,Conflict,Right,Left,Right,Right,Left,0,1,0,1,1,1,1,1,0,0,0,0,1,1,1,0,1,0,1,454,354,20260728_t1405_srsSmooth_training_B005,70,50,31.1961844603221,1.62776017189026,1,1,187,1,0,0,1,1,1
20260728_t1405_srsSmooth_training,srs_smooth_training,trial0517.mat,517,517,454,5,78,70,104,84,20,8,1,2,8,2,87,2906,2,0,2,1,1,2,2,1,2,1,CHOSE_HIGH_SAL,1,455,1,0,0,0,0,0,184,141,184,141,43,141,1,0,87.2177572814788,102.782242718521,87.2177572814787,102.782242718521,-15.5644854370425,15.5644854370425,NaN,NaN,NaN,1785263922.03233,16249.09458848,1.95095729827881,0.0141832828521729,0.0152182579040527,0.56465744972229,0.897551536560059,1.18972873687744,1.23124885559082,1.23124885559082,-1,-1,1.50814366340637,1.03497505187988,292.177200317383,41.5201187133789,333.697319030762,Conflict,Left,Right,Right,Left,Right,0,1,0,1,1,1,0,0,1,0,1,1,0,0,0,1,1,0,1,455,355,20260728_t1405_srsSmooth_training_B005,71,51,31.2596051255862,1.64857053756714,1,1,181,1,1,0,0,1,1
20260728_t1405_srsSmooth_training,srs_smooth_training,trial0518.mat,518,518,455,5,79,71,104,84,20,8,1,2,8,2,91,13189,2,0,2,1,1,2,2,1,2,1,CHOSE_HIGH_SAL,1,455,1,0,0,0,0,0,175,156,175,156,19,156,1,0,82.3320091431635,107.667990856837,82.3320091431635,107.667990856837,-25.335981713673,25.335981713673,NaN,NaN,NaN,1785263925.62376,16252.68594224,2.37639927864075,0.0145604610443115,0.231971502304077,1.02358412742615,1.35627937316895,1.6319317817688,1.67377376556396,1.67377376556396,-1,-1,1.91747069358826,217.411041259766,275.652408599854,41.841983795166,317.49439239502,Conflict,Left,Right,Right,Left,Right,0,1,0,1,1,1,0,0,1,0,1,1,0,0,0,1,1,0,1,456,356,20260728_t1405_srsSmooth_training_B005,72,52,31.3194622953733,1.64047288894653,2,1,141,1,0,0,1,1,1
20260728_t1405_srsSmooth_training,srs_smooth_training,trial0519.mat,519,519,456,5,80,72,104,84,20,8,1,1,5,2,24,7136,2,0,1,2,1,1,1,1,1,1,CHOSE_HIGH_SAL,1,455,1,0,0,0,0,0,167,134,167,134,33,167,1,0,173.756258747617,16.2437412523826,173.756258747617,16.2437412523826,157.512517495235,157.512517495235,NaN,NaN,NaN,1785263929.61685,16256.67905008,2.14167904853821,0.0132980346679688,0.255680561065674,0.805878877639771,1.13834190368652,1.3642737865448,1.41405987739563,1.41405987739563,-1,-1,1.67479276657104,242.382526397705,225.931882858276,49.7860908508301,275.717973709106,Congruent,Right,Left,Right,Right,Right,0,1,1,0,1,1,1,1,1,0,0,0,0,1,1,1,1,1,1,457,357,20260728_t1405_srsSmooth_training_B005,73,53,31.3860137025515,1.61668515205383,2,1,156,1,1,0,0,1,1
20260728_t1405_srsSmooth_training,srs_smooth_training,trial0520.mat,520,520,457,5,81,73,104,84,20,8,1,2,7,2,76,22853,2,0,1,2,1,1,2,2,1,1,CHOSE_LOW_SAL,2,455,1,0,0,0,0,0,192,159,192,159,33,192,1,0,75.2200876506075,114.779912349393,75.2200876506075,114.779912349393,-39.5598246987851,39.5598246987851,NaN,NaN,NaN,1785263933.36917,16260.43131636,2.13932204246521,0.011115550994873,0.0117716789245605,0.72038722038269,1.05282258987427,1.35359859466553,1.40337085723877,1.40337085723877,-1,-1,1.64710354804993,0.6561279296875,300.77600479126,49.7722625732422,350.548267364502,Conflict,Right,Left,Right,Right,Left,0,1,0,1,1,1,1,1,0,0,0,0,1,1,1,0,1,0,1,458,358,20260728_t1405_srsSmooth_training_B005,74,54,31.4485525091489,1.6106493473053,1,1,167,1,0,0,1,1,1
20260728_t1405_srsSmooth_training,srs_smooth_training,trial0521.mat,521,521,458,5,82,74,104,84,20,8,1,2,7,2,74,31959,2,0,1,2,1,1,2,2,1,1,CHOSE_LOW_SAL,2,455,1,0,1,0,0,0,173,133,173,133,40,173,1,180,228.681600865985,321.318399134015,48.6816008659846,141.318399134015,-92.6367982680308,92.6367982680308,NaN,NaN,NaN,1785263937.11323,16264.17511192,1.9961359500885,0.0172033309936523,0.0184457302093506,0.617995023727417,0.950572490692139,1.22637724876404,1.27637720108032,1.27637720108032,-1,-1,1.49474573135376,1.24239921569824,275.804758071899,49.9999523162842,325.804710388184,Conflict,Right,Left,Right,Right,Left,0,1,0,1,1,1,1,1,0,0,0,0,1,1,1,0,1,0,1,459,359,20260728_t1405_srsSmooth_training_B005,75,55,31.5109534780184,1.60473608970642,1,1,192,1,0,0,1,1,1
20260728_t1405_srsSmooth_training,srs_smooth_training,trial0522.mat,522,522,459,5,83,75,104,84,20,8,1,1,5,2,39,11086,2,0,1,2,1,1,1,1,1,1,CHOSE_HIGH_SAL,1,455,1,0,0,0,0,0,189,152,189,152,37,189,1,180,358.739513381165,191.260486618835,178.739513381165,11.2604866188354,167.479026762329,167.479026762329,NaN,NaN,NaN,1785263940.78073,16267.84258736,2.02039623260498,0.0165185928344727,0.0177624225616455,0.659074544906616,0.991556644439697,1.25908493995667,1.30069899559021,1.30069899559021,-1,-1,1.52765941619873,1.24382972717285,267.528295516968,41.6140556335449,309.142351150513,Congruent,Right,Left,Right,Right,Right,0,1,1,0,1,1,1,1,1,0,0,0,0,1,1,1,1,1,1,460,360,20260728_t1405_srsSmooth_training_B005,76,56,31.5720783750216,1.67135787010193,1,1,173,1,0,0,1,1,1
20260728_t1405_srsSmooth_training,srs_smooth_training,trial0523.mat,523,523,460,5,84,76,104,84,20,8,1,2,7,2,81,8283,2,0,1,2,1,1,2,2,1,1,CHOSE_LOW_SAL,2,455,1,0,0,0,0,0,178,132,178,132,46,178,1,180,211.78964722335,338.21035277665,31.7896472233504,158.21035277665,-126.420705553299,126.420705553299,NaN,NaN,NaN,1785263944.40356,16271.46532524,2.28090119361877,0.0188267230987549,0.236058950424194,0.869551658630371,1.20220685005188,1.48593831062317,1.53620266914368,1.53620266914368,-1,-1,1.80540800094604,217.232227325439,283.731460571289,50.2643585205078,333.995819091797,Conflict,Right,Left,Right,Right,Left,0,1,0,1,1,1,1,1,0,0,0,0,1,1,1,0,1,0,1,461,361,20260728_t1405_srsSmooth_training_B005,77,57,31.632458905379,1.60243558883667,1,1,189,1,0,0,1,1,1
20260728_t1405_srsSmooth_training,srs_smooth_training,trial0524.mat,524,524,461,5,85,77,104,84,20,8,1,2,7,2,66,8918,2,0,1,2,1,1,2,2,1,1,CHOSE_LOW_SAL,2,455,1,0,0,0,0,0,180,111,180,111,69,180,1,180,222.192305377448,327.807694622552,42.192305377448,147.807694622552,-105.615389245104,105.615389245104,NaN,NaN,NaN,1785263948.28334,16275.34493964,2.1509165763855,0.014195442199707,0.0152106285095215,0.764792919158936,1.09757137298584,1.33174014091492,1.3734073638916,1.3734073638916,-1,-1,1.66717100143433,1.01518630981445,234.168767929077,41.6672229766846,275.835990905762,Conflict,Right,Left,Right,Right,Left,0,1,0,1,1,1,1,1,0,0,0,0,1,1,1,0,1,0,1,462,362,20260728_t1405_srsSmooth_training_B005,78,58,31.6971219301224,1.59888029098511,1,1,178,1,0,0,1,1,1
20260728_t1405_srsSmooth_training,srs_smooth_training,trial0525.mat,525,525,462,5,86,78,104,84,20,8,1,2,8,2,92,8362,2,0,2,1,1,2,2,1,2,1,CHOSE_HIGH_SAL,1,455,1,0,0,0,0,0,180,135,180,135,45,135,1,0,53.8607745725252,136.139225427475,53.8607745725252,136.139225427475,-82.2784508549496,82.2784508549496,NaN,NaN,NaN,1785263952.07291,16279.13444552,2.02022767066956,0.0164399147033691,0.250433206558228,0.784162282943726,1.11648297309875,1.30862855911255,1.35852456092834,1.35852456092834,-1,-1,1.58567190170288,233.993291854858,192.145586013794,49.8960018157959,242.04158782959,Conflict,Left,Right,Right,Left,Right,0,1,0,1,1,1,0,0,1,0,1,1,0,0,0,1,1,0,1,463,363,20260728_t1405_srsSmooth_training_B005,79,59,31.760281419754,1.63865280151367,1,1,180,1,1,0,0,1,1
20260728_t1405_srsSmooth_training,srs_smooth_training,trial0526.mat,526,526,463,5,87,79,104,84,20,8,1,2,8,2,86,7961,2,0,2,1,1,2,2,1,2,1,CHOSE_HIGH_SAL,1,455,1,0,0,0,0,0,174,111,174,111,63,111,1,180,200.662511696913,349.337488303087,20.6625116969135,169.337488303087,-148.674976606173,148.674976606173,NaN,NaN,NaN,1785263955.68483,16282.74642468,2.10877060890198,0.012988805770874,0.188424110412598,0.805341720581055,1.13803267478943,1.35554337501526,1.40562868118286,1.40562868118286,-1,-1,1.6995530128479,175.435304641724,217.51070022583,50.0853061676025,267.596006393433,Conflict,Left,Right,Right,Left,Right,0,1,0,1,1,1,0,0,1,0,1,1,0,0,0,1,1,0,1,464,364,20260728_t1405_srsSmooth_training_B005,80,60,31.8204801559448,1.5916965007782,2,1,135,1,0,0,1,1,1
20260728_t1405_srsSmooth_training,srs_smooth_training,trial0529.mat,529,529,464,5,90,80,104,84,20,8,1,2,8,2,96,5202,2,0,2,1,1,2,2,1,2,1,CHOSE_HIGH_SAL,1,455,1,0,0,0,0,0,196,130,196,130,66,130,1,180,218.545275769098,331.454724230902,38.5452757690981,151.454724230902,-112.909448461804,112.909448461804,NaN,NaN,NaN,1785263962.96352,16290.02497416,2.33824157714844,0.0179145336151123,0.276930332183838,1.03520774841309,1.36796760559082,1.61877059936523,1.66018533706665,1.66018533706665,-1,-1,1.90412163734436,259.015798568726,250.802993774414,41.414737701416,292.21773147583,Conflict,Left,Right,Right,Left,Right,0,1,0,1,1,1,0,0,1,0,1,1,0,0,0,1,1,0,1,465,365,20260728_t1405_srsSmooth_training_B005,81,61,31.9417916417122,5.16991853713989,2,1,111,1,0,0,1,1,1
20260728_t1405_srsSmooth_training,srs_smooth_training,trial0530.mat,530,530,465,5,91,81,104,84,20,8,1,1,5,2,38,14808,2,0,1,2,1,1,1,1,1,1,CHOSE_HIGH_SAL,1,455,1,0,0,0,0,0,179,157,179,157,22,179,1,180,316.952540717513,233.047459282487,136.952540717513,53.0474592824869,83.9050814350262,83.9050814350262,NaN,NaN,NaN,1785263966.91533,16293.976722,2.35373640060425,0.0162549018859863,0.225072145462036,0.983695507049561,1.3163058757782,1.58348321914673,1.62512850761414,1.62512850761414,-1,-1,1.87732911109924,208.81724357605,267.17734336853,41.6452884674072,308.822631835938,Congruent,Right,Left,Right,Right,Right,0,1,1,0,1,1,1,1,1,0,0,0,0,1,1,1,1,1,1,466,366,20260728_t1405_srsSmooth_training_B005,82,62,32.0076551874479,1.61357116699219,2,1,130,1,1,0,0,1,1
20260728_t1405_srsSmooth_training,srs_smooth_training,trial0531.mat,531,531,466,5,92,82,104,84,20,8,1,2,7,2,80,4591,2,0,1,2,1,1,2,2,1,1,CHOSE_LOW_SAL,2,455,1,0,0,0,0,0,174,150,174,150,24,174,1,180,233.859810791746,316.140189208254,53.8598107917464,136.140189208254,-82.2803784165072,82.2803784165072,NaN,NaN,NaN,1785263970.88526,16297.94664172,1.91625046730042,0.0131464004516602,0.0137693881988525,0.580362319946289,0.913180351257324,1.13883471488953,1.18050599098206,1.18050599098206,-1,-1,1.44046425819397,0.622987747192383,225.654363632202,41.6712760925293,267.325639724731,Conflict,Right,Left,Right,Right,Left,0,1,0,1,1,1,1,1,0,0,0,0,1,1,1,0,1,0,1,467,367,20260728_t1405_srsSmooth_training_B005,83,63,32.073820678393,1.61619305610657,1,1,179,1,0,0,1,1,1
20260728_t1405_srsSmooth_training,srs_smooth_training,trial0532.mat,532,532,467,5,93,83,104,84,20,8,1,2,8,2,84,31982,2,0,2,1,1,2,2,1,2,1,CHOSE_HIGH_SAL,1,455,1,0,0,0,0,0,195,122,195,122,73,122,1,180,193.347460935137,356.652539064863,13.3474609351372,176.652539064863,-163.305078129726,163.305078129726,NaN,NaN,NaN,1785263974.43845,16301.49977544,2.27201890945435,0.0184273719787598,0.243736028671265,0.944295406341553,1.27680945396423,1.51099157333374,1.56094145774841,1.56094145774841,-1,-1,1.84601092338562,225.308656692505,234.182119369507,49.9498844146729,284.13200378418,Conflict,Left,Right,Right,Left,Right,0,1,0,1,1,1,0,0,1,0,1,1,0,0,0,1,1,0,1,468,368,20260728_t1405_srsSmooth_training_B005,84,64,32.1330405116081,1.63693952560425,1,1,174,1,1,0,0,1,1
20260728_t1405_srsSmooth_training,srs_smooth_training,trial0533.mat,533,533,468,5,94,84,104,84,20,8,1,1,6,2,58,29845,2,0,2,1,1,2,1,2,2,1,CHOSE_LOW_SAL,2,455,1,0,0,0,0,0,161,99,161,99,62,99,1,180,340.407195498405,209.592804501595,160.407195498405,29.5928045015952,130.81439099681,130.81439099681,NaN,NaN,NaN,1785263978.32278,16305.38392596,1.82050848007202,0.0175821781158447,0.0187642574310303,0.584949254989624,0.917617082595825,1.13503384590149,1.1850278377533,1.1850278377533,-1,-1,1.42055797576904,1.18207931518555,217.416763305664,49.9939918518066,267.410755157471,Congruent,Left,Right,Right,Left,Left,0,1,1,0,1,1,0,0,0,0,1,1,1,0,0,0,1,1,1,469,369,20260728_t1405_srsSmooth_training_B005,85,65,32.1977793176969,1.61230945587158,2,1,122,1,0,0,1,1,1
20260728_t1405_srsSmooth_training,srs_smooth_training,trial0534.mat,534,534,469,5,95,85,104,84,20,8,1,2,8,2,89,23042,2,0,2,1,1,2,2,1,2,1,CHOSE_HIGH_SAL,1,455,1,0,0,0,0,0,173,144,173,144,29,144,1,180,235.068699114272,314.931300885728,55.0686991142719,134.931300885728,-79.8626017714562,79.8626017714562,NaN,NaN,NaN,1785263981.77513,16308.83625484,2.06851124763489,0.0153660774230957,0.166202068328857,0.732973575592041,1.06540727615356,1.32418894767761,1.37417650222778,1.37417650222778,-1,-1,1.62601399421692,150.835990905762,258.781671524048,49.9875545501709,308.769226074219,Conflict,Left,Right,Right,Left,Right,0,1,0,1,1,1,0,0,1,0,1,1,0,0,0,1,1,0,1,470,370,20260728_t1405_srsSmooth_training_B005,86,66,32.2553184827169,1.63184142112732,2,1,99,1,0,0,1,1,1
20260728_t1405_srsSmooth_training,srs_smooth_training,trial0535.mat,535,535,470,5,96,86,104,84,20,8,1,1,6,2,45,14844,2,0,2,1,1,2,1,2,2,1,CHOSE_LOW_SAL,2,455,1,0,0,0,0,0,168,133,168,133,35,133,1,180,350.34789710387,199.65210289613,170.34789710387,19.6521028961299,150.69579420774,150.69579420774,NaN,NaN,NaN,1785263985.46442,16312.5254706,2.17974066734314,0.0178883075714111,0.24329662322998,0.885226011276245,1.21793437004089,1.47672724723816,1.51865601539612,1.51865601539612,-1,-1,1.74541521072388,225.408315658569,258.792877197266,41.928768157959,300.721645355225,Congruent,Left,Right,Right,Left,Left,0,1,1,0,1,1,0,0,0,0,1,1,1,0,0,0,1,1,1,471,371,20260728_t1405_srsSmooth_training_B005,87,67,32.316806614399,1.62077665328979,2,1,144,1,0,0,1,1,1
20260728_t1405_srsSmooth_training,srs_smooth_training,trial0536.mat,536,536,471,5,97,87,104,84,20,8,1,2,8,2,102,28181,2,0,2,1,1,2,2,1,2,1,CHOSE_HIGH_SAL,1,455,1,0,0,0,0,0,181,139,181,139,42,139,1,0,21.9451298538265,168.054870146174,21.9451298538265,168.054870146174,-146.109740292347,146.109740292347,NaN,NaN,NaN,1785263989.24598,16316.30676068,2.21472954750061,0.019808292388916,0.27031397819519,0.853567838668823,1.18652009963989,1.44572591781616,1.49537205696106,1.49537205696106,-1,-1,1.7724142074585,250.505685806274,259.20581817627,49.6461391448975,308.851957321167,Conflict,Left,Right,Right,Left,Right,0,1,0,1,1,1,0,0,1,0,1,1,0,0,0,1,1,0,1,472,372,20260728_t1405_srsSmooth_training_B005,88,68,32.3798326134682,1.60181927680969,2,1,133,1,0,0,1,1,1
20260728_t1405_srsSmooth_training,srs_smooth_training,trial0537.mat,537,537,472,5,98,88,104,84,20,8,1,1,6,2,44,17274,2,0,2,1,1,2,1,2,2,1,CHOSE_LOW_SAL,2,455,1,0,0,0,0,0,196,118,196,118,78,118,1,180,284.843780579287,265.156219420713,104.843780579287,85.156219420713,19.687561158574,19.687561158574,NaN,NaN,NaN,1785263993.05643,16320.11714532,2.1373827457428,0.0178406238555908,0.301845073699951,0.859899997711182,1.19288659095764,1.45201706886292,1.50206208229065,1.50206208229065,-1,-1,1.72046184539795,284.00444984436,259.130477905273,50.0450134277344,309.175491333008,Congruent,Left,Right,Right,Left,Left,0,1,1,0,1,1,0,0,0,0,1,1,1,0,0,0,1,1,1,473,373,20260728_t1405_srsSmooth_training_B005,89,69,32.4433400909106,1.5957190990448,2,1,139,1,0,0,1,1,1
20260728_t1405_srsSmooth_training,srs_smooth_training,trial0538.mat,538,538,473,5,99,89,104,84,20,8,1,1,6,2,61,14269,2,0,2,1,1,2,1,2,2,1,CHOSE_LOW_SAL,2,455,1,0,0,0,0,0,187,133,187,133,54,133,1,180,296.664902606957,253.335097393043,116.664902606957,73.3350973930428,43.3298052139145,43.3298052139145,NaN,NaN,NaN,1785263996.81245,16323.87311188,2.10674405097961,0.0119621753692627,0.0126688480377197,0.80402946472168,1.1370050907135,1.36237192153931,1.4124162197113,1.4124162197113,-1,-1,1.67281699180603,0.706672668457031,225.366830825806,50.0442981719971,275.411128997803,Congruent,Left,Right,Right,Left,Left,0,1,1,0,1,1,0,0,0,0,1,1,1,0,0,0,1,1,1,474,374,20260728_t1405_srsSmooth_training_B005,90,70,32.5059405008952,1.61864185333252,2,1,118,1,0,0,1,1,1
20260728_t1405_srsSmooth_training,srs_smooth_training,trial0539.mat,539,539,474,5,100,90,104,84,20,8,1,1,6,2,43,29280,2,0,2,1,1,2,1,2,2,1,CHOSE_LOW_SAL,2,455,1,0,0,0,0,0,180,123,180,123,57,123,1,0,147.919819157257,42.0801808427426,147.919819157257,42.0801808427426,105.839638314515,105.839638314515,NaN,NaN,NaN,1785264000.52159,16327.58210828,2.11487030982971,0.0113027095794678,0.211815118789673,0.84547233581543,1.17801475524902,1.4034640789032,1.44513058662415,1.44513058662415,-1,-1,1.68898892402649,200.512409210205,225.449323654175,41.6665077209473,267.115831375122,Congruent,Left,Right,Right,Left,Left,0,1,1,0,1,1,0,0,0,0,1,1,1,0,0,0,1,1,1,475,375,20260728_t1405_srsSmooth_training_B005,91,71,32.5677594383558,1.60239219665527,2,1,133,1,0,0,1,1,1
20260728_t1405_srsSmooth_training,srs_smooth_training,trial0540.mat,540,540,475,5,101,91,104,84,20,8,1,1,6,2,48,26170,2,0,2,1,1,2,1,2,2,1,CHOSE_LOW_SAL,2,455,1,0,0,0,0,0,176,127,176,127,49,127,1,0,100.749228331533,89.2507716684671,100.749228331533,89.2507716684671,11.4984566630658,11.4984566630658,NaN,NaN,NaN,1785264004.24245,16331.3030292,2.144291639328,0.0155858993530273,0.257818460464478,0.832838535308838,1.16562986373901,1.39958000183105,1.45819997787476,1.45819997787476,-1,-1,1.71869444847107,242.23256111145,233.950138092041,58.6199760437012,292.570114135742,Congruent,Left,Right,Right,Left,Left,0,1,1,0,1,1,0,0,0,0,1,1,1,0,0,0,1,1,1,476,376,20260728_t1405_srsSmooth_training_B005,92,72,32.629773803552,1.60599160194397,2,1,123,1,0,0,1,1,1
20260728_t1405_srsSmooth_training,srs_smooth_training,trial0541.mat,541,541,476,5,102,92,104,84,20,8,1,1,5,2,40,2791,2,0,1,2,1,1,1,1,1,1,CHOSE_HIGH_SAL,1,455,1,0,6,0,0,0,171,144,171,144,27,171,1,180,347.326127981771,202.673872018229,167.326127981771,22.6738720182286,144.652255963543,144.652255963543,NaN,NaN,NaN,1785264008.01026,16335.07064008,2.26818704605103,0.0145885944366455,0.214300394058228,0.806921720504761,1.13963150978088,1.44020938873291,1.49015665054321,1.49015665054321,-1,-1,1.79296326637268,199.711799621582,300.577878952026,49.9472618103027,350.525140762329,Congruent,Right,Left,Right,Right,Right,0,1,1,0,1,1,1,1,1,0,0,0,0,1,1,1,1,1,1,477,377,20260728_t1405_srsSmooth_training_B005,93,73,32.6925706426303,1.62351870536804,2,1,127,1,1,0,0,1,1
20260728_t1405_srsSmooth_training,srs_smooth_training,trial0542.mat,542,542,477,5,103,93,104,84,20,8,1,1,5,2,26,26040,2,0,1,2,1,1,1,1,1,1,CHOSE_HIGH_SAL,1,455,1,0,0,0,0,0,183,144,183,144,39,183,1,180,311.392140598997,238.607859401003,131.392140598997,58.6078594010034,72.7842811979931,72.7842811979931,NaN,NaN,NaN,1785264011.87945,16338.9398612,2.17384719848633,0.0122172832489014,0.279552936553955,0.804452657699585,1.13726115226746,1.37941431999207,1.42946982383728,1.42946982383728,-1,-1,1.68960762023926,267.335653305054,242.153167724609,50.0555038452148,292.208671569824,Congruent,Right,Left,Right,Right,Right,0,1,1,0,1,1,1,1,1,0,0,0,0,1,1,1,1,1,1,478,378,20260728_t1405_srsSmooth_training_B005,94,74,32.7570571144422,1.60100126266479,1,1,171,1,0,0,1,1,1
20260728_t1405_srsSmooth_training,srs_smooth_training,trial0543.mat,543,543,478,5,104,94,104,84,20,8,1,2,7,2,68,31497,2,0,1,2,1,1,2,2,1,1,CHOSE_LOW_SAL,2,455,1,0,0,0,0,0,170,136,170,136,34,170,1,180,254.635214155313,295.364785844687,74.6352141553132,115.364785844687,-40.7295716893737,40.7295716893737,NaN,NaN,NaN,1785264015.67702,16342.73734608,1.94324445724487,0.0147943496704102,0.0159969329833984,0.540601491928101,0.873160362243652,1.12359476089478,1.1657395362854,1.1657395362854,-1,-1,1.47528696060181,1.20258331298828,250.434398651123,42.144775390625,292.579174041748,Conflict,Right,Left,Right,Right,Left,0,1,0,1,1,1,1,1,0,0,0,0,1,1,1,0,1,0,1,479,379,20260728_t1405_srsSmooth_training_B005,95,75,32.8203499635061,1.62372374534607,1,1,183,1,0,0,1,1,1
20260728_t1405_srsSmooth_training,srs_smooth_training,trial0544.mat,544,544,479,5,105,95,104,84,20,8,1,2,8,2,94,13291,2,0,2,1,1,2,2,1,2,1,CHOSE_HIGH_SAL,1,455,1,0,1,0,0,0,212,129,212,129,83,129,1,180,250.262901381721,299.737098618279,70.262901381721,119.737098618279,-49.4741972365581,49.4741972365581,NaN,NaN,NaN,1785264019.23408,16346.2943498,2.16154742240906,0.0162041187286377,0.267038583755493,0.867029905319214,1.19958305358887,1.45870423316956,1.50849914550781,1.50849914550781,-1,-1,1.73606371879578,250.834465026855,259.121179580688,49.7949123382568,308.916091918945,Conflict,Left,Right,Right,Left,Right,0,1,0,1,1,1,0,0,1,0,1,1,0,0,0,1,1,0,1,480,380,20260728_t1405_srsSmooth_training_B005,96,76,32.8796343326569,1.61381769180298,1,1,170,1,1,0,0,1,1
20260728_t1405_srsSmooth_training,srs_smooth_training,trial0545.mat,545,545,480,5,106,96,104,84,20,8,1,1,6,2,50,21064,2,0,2,1,1,2,1,2,2,1,CHOSE_LOW_SAL,2,455,1,0,0,0,0,0,188,138,188,138,50,138,1,180,348.081978967917,201.918021032083,168.081978967917,21.9180210320832,146.163957935834,146.163957935834,NaN,NaN,NaN,1785264022.99938,16350.05953588,2.16283130645752,0.0177183151245117,0.210022211074829,0.751770496368408,1.08442640304565,1.38518762588501,1.42657160758972,1.42657160758972,-1,-1,1.7283022403717,192.303895950317,300.761222839355,41.3839817047119,342.145204544067,Congruent,Left,Right,Right,Left,Left,0,1,1,0,1,1,0,0,0,0,1,1,1,0,0,0,1,1,1,481,381,20260728_t1405_srsSmooth_training_B005,97,77,32.9423893133799,1.60375142097473,2,1,129,1,0,0,1,1,1
20260728_t1405_srsSmooth_training,srs_smooth_training,trial0546.mat,546,546,481,5,107,97,104,84,20,8,1,1,6,2,56,6768,2,0,2,1,1,2,1,2,2,1,CHOSE_LOW_SAL,2,455,1,0,0,0,0,0,175,125,175,125,50,125,1,180,353.616376001295,196.383623998705,173.616376001295,16.3836239987053,157.232752002589,157.232752002589,NaN,NaN,NaN,1785264026.76975,16353.8297606,2.23433518409729,0.0141663551330566,0.281554222106934,0.948311328887939,1.28088235855103,1.48984575271606,1.53160786628723,1.53160786628723,-1,-1,1.808269739151,267.387866973877,208.963394165039,41.762113571167,250.725507736206,Congruent,Left,Right,Right,Left,Left,0,1,1,0,1,1,0,0,0,0,1,1,1,0,0,0,1,1,1,482,382,20260728_t1405_srsSmooth_training_B005,98,78,33.0052287300428,1.6075336933136,2,1,138,1,0,0,1,1,1
20260728_t1405_srsSmooth_training,srs_smooth_training,trial0547.mat,547,547,482,5,108,98,104,84,20,8,1,1,5,2,25,15380,2,0,1,2,1,1,1,1,1,1,CHOSE_HIGH_SAL,1,455,1,0,0,0,0,0,183,115,183,115,68,183,1,180,357.821121760081,192.178878239919,177.821121760081,12.1788782399192,165.642243520162,165.642243520162,NaN,NaN,NaN,1785264030.6532,16357.71323344,2.23454427719116,0.014214038848877,0.256459474563599,0.823156595230103,1.15591216087341,1.41466999053955,1.4563000202179,1.4563000202179,-1,-1,1.75026512145996,242.245435714722,258.757829666138,41.6300296783447,300.387859344482,Congruent,Right,Left,Right,Right,Right,0,1,1,0,1,1,1,1,1,0,0,0,0,1,1,1,1,1,1,483,383,20260728_t1405_srsSmooth_training_B005,99,79,33.0699529012044,1.64911508560181,2,1,125,1,1,0,0,1,1
20260728_t1405_srsSmooth_training,srs_smooth_training,trial0548.mat,548,548,483,5,109,99,104,84,20,8,1,2,7,2,65,25023,2,0,1,2,1,1,2,2,1,1,CHOSE_LOW_SAL,2,455,1,0,0,0,0,0,168,140,168,140,28,168,1,180,201.134065974971,348.865934025029,21.1340659749706,168.865934025029,-147.731868050059,147.731868050059,NaN,NaN,NaN,1785264034.50334,16361.5633066,2.20914673805237,0.014209508895874,0.256755828857422,0.78136157989502,1.11425256729126,1.43170690536499,1.48163604736328,1.48163604736328,-1,-1,1.74206042289734,242.546319961548,317.45433807373,49.929141998291,367.383480072021,Conflict,Right,Left,Right,Right,Left,0,1,0,1,1,1,1,1,0,0,0,0,1,1,1,0,1,0,1,484,384,20260728_t1405_srsSmooth_training_B005,100,80,33.1341219266256,1.61559724807739,1,1,183,1,0,0,1,1,1
20260728_t1405_srsSmooth_training,srs_smooth_training,trial0549.mat,549,549,484,5,110,100,104,84,20,8,1,2,7,2,72,12261,2,0,1,2,1,1,2,2,1,1,CHOSE_LOW_SAL,2,455,1,0,0,0,0,0,182,110,182,110,72,182,1,180,264.192532622448,285.807467377552,84.1925326224483,105.807467377552,-21.6149347551034,21.6149347551034,NaN,NaN,NaN,1785264038.31876,16365.37876376,2.01097989082336,0.0156006813049316,0.0164544582366943,0.615983009338379,0.948970556259155,1.21608281135559,1.26600003242493,1.26600003242493,-1,-1,1.52662777900696,0.853776931762695,267.112255096436,49.9172210693359,317.029476165771,Conflict,Right,Left,Right,Right,Left,0,1,0,1,1,1,1,1,0,0,0,0,1,1,1,0,1,0,1,485,385,20260728_t1405_srsSmooth_training_B005,101,81,33.1977123419444,1.60627818107605,1,1,168,1,0,0,1,1,1
20260728_t1405_srsSmooth_training,srs_smooth_training,trial0550.mat,550,550,485,5,111,101,104,84,20,8,1,1,5,2,22,25134,2,0,1,2,1,1,1,1,0,0,,0,11,0,1,0,0,0,0,196,139,196,139,57,NaN,1,180,351.166481535825,198.833518464175,171.166481535825,18.8335184641753,152.332963071649,152.332963071649,NaN,NaN,NaN,1785264041.96186,16369.02165696,0.207623958587646,0.0143167972564697,0.0151355266571045,-1,-1,-1,-1,-1,-1,-1,-1,0.818729400634766,NaN,NaN,NaN,Congruent,Right,Left,None,Right,Right,0,1,1,0,0,NaN,NaN,NaN,NaN,NaN,NaN,NaN,NaN,1,1,1,1,1,0,485,NaN,20260728_t1405_srsSmooth_training_B005,NaN,NaN,33.2584305564562,1.63211297988892,NaN,NaN,NaN,0,NaN,NaN,NaN,NaN,0
20260728_t1405_srsSmooth_training,srs_smooth_training,trial0551.mat,551,551,485,5,112,101,104,84,20,8,1,1,5,2,22,25134,2,0,1,2,1,1,1,1,1,1,CHOSE_HIGH_SAL,1,455,1,0,0,0,0,0,172,120,172,120,52,172,1,0,116.766896981745,73.2331030182549,116.766896981745,73.233103018255,43.5337939634901,43.5337939634901,NaN,NaN,NaN,1785264043.63241,16370.69220232,2.35549640655518,0.0188319683074951,0.235949754714966,0.961092710494995,1.29388189315796,1.60275101661682,1.65279698371887,1.65279698371887,-1,-1,1.88017344474792,217.117786407471,308.869123458862,50.0459671020508,358.915090560913,Congruent,Right,Left,Right,Right,Right,0,1,1,0,1,1,1,1,1,0,0,0,0,1,1,1,1,1,1,486,386,20260728_t1405_srsSmooth_training_B005,102,82,33.2862730701764,1.46292686462402,1,1,182,1,0,0,1,1,1
20260728_t1405_srsSmooth_training,srs_smooth_training,trial0552.mat,552,552,486,5,113,102,104,84,20,8,1,2,8,2,103,30143,2,0,2,1,1,2,2,1,2,1,CHOSE_HIGH_SAL,1,455,1,0,0,0,0,0,173,158,173,158,15,158,1,180,207.545259536892,342.454740463108,27.5452595368918,162.454740463108,-134.909480926216,134.909480926216,NaN,NaN,NaN,1785264047.56541,16374.62507744,2.21445608139038,0.0193216800689697,0.194912672042847,0.828160762786865,1.16103267669678,1.4198739528656,1.46153402328491,1.46153402328491,-1,-1,1.75524544715881,175.590991973877,258.841276168823,41.6600704193115,300.501346588135,Conflict,Left,Right,Right,Left,Right,0,1,0,1,1,1,0,0,1,0,1,1,0,0,0,1,1,0,1,487,387,20260728_t1405_srsSmooth_training_B005,103,83,33.351823023955,1.57750082015991,1,1,172,1,1,0,0,1,1
20260728_t1405_srsSmooth_training,srs_smooth_training,trial0553.mat,553,553,487,5,114,103,104,84,20,8,1,1,5,2,30,26520,2,0,1,2,1,1,1,1,1,1,CHOSE_HIGH_SAL,1,455,1,0,0,0,0,0,176,118,176,118,58,176,1,0,102.754272887985,87.2457271120154,102.754272887985,87.2457271120154,15.5085457759692,15.5085457759692,NaN,NaN,NaN,1785264051.37287,16378.43251168,1.8568286895752,0.0120038986206055,0.0127201080322266,0.520740509033203,0.853703022003174,1.10417914390564,1.15415811538696,1.15415811538696,-1,-1,1.38122630119324,0.716209411621094,250.476121902466,49.9789714813232,300.455093383789,Congruent,Right,Left,Right,Right,Right,0,1,1,0,1,1,1,1,1,0,0,0,0,1,1,1,1,1,1,488,388,20260728_t1405_srsSmooth_training_B005,104,84,33.4152808030446,1.59301066398621,2,1,158,1,1,0,0,1,1
20260728_t1405_srsSmooth_training,srs_smooth_training,trial0556.mat,556,556,488,6,3,0,96,76,20,8,2,0,4,1,18,7074,1,2,1,2,2,2,2,2,0,0,,0,453,0,1,0,0,0,0,53,92,92,53,-39,NaN,1,180,190,0,10,180,-170,170,NaN,NaN,NaN,1785264058.35161,16385.41110128,1.85377836227417,0.0168735980987549,0.225890398025513,1.02599406242371,1.35859346389771,-1,-1,-1,-1,-1,-1,209.016799926758,NaN,NaN,NaN,Instruction,Right,Left,None,Left,Left,1,0,0,0,0,NaN,NaN,NaN,NaN,NaN,NaN,NaN,NaN,1,0,0,0,0,0,488,NaN,20260728_t1405_srsSmooth_training_B006,NaN,NaN,33.531593076388,5.12190771102905,NaN,NaN,NaN,0,NaN,NaN,NaN,NaN,0
20260728_t1405_srsSmooth_training,srs_smooth_training,trial0558.mat,558,558,488,6,5,0,96,76,20,8,2,0,3,1,14,23291,1,2,2,1,2,1,2,1,2,1,SINGLE_T2_CORRECT,11,455,1,0,0,0,0,0,20,75,75,20,-55,75,1,0,10,180,10,180,-170,170,NaN,NaN,NaN,1785264063.45466,16390.51410884,2.20961236953735,0.0140178203582764,0.231419086456299,0.956636428833008,1.28906774520874,1.55630493164062,1.59798812866211,1.59798812866211,-1,-1,1.83317947387695,217.401266098022,267.237186431885,41.6831970214844,308.920383453369,Instruction,Left,Right,Right,Right,Right,1,0,0,0,0,NaN,NaN,NaN,NaN,NaN,NaN,NaN,NaN,0,1,1,0,0,0,489,NaN,20260728_t1405_srsSmooth_training_B006,1,NaN,33.6166440049807,3.24927735328674,NaN,NaN,NaN,0,NaN,NaN,NaN,NaN,0
20260728_t1405_srsSmooth_training,srs_smooth_training,trial0559.mat,559,559,489,6,6,1,96,76,20,8,2,0,4,1,20,17286,1,2,1,2,2,2,2,2,2,2,SINGLE_T2_CORRECT,11,455,1,0,0,0,0,0,46,70,70,46,-24,70,1,0,10,180,10,180,-170,170,NaN,NaN,NaN,1785264067.28426,16394.3435644,2.24681234359741,0.0179049968719482,0.260199308395386,0.993526220321655,1.32629013061523,1.59356307983398,1.63533163070679,1.63533163070679,-1,-1,1.87900996208191,242.294311523438,267.27294921875,41.7685508728027,309.041500091553,Instruction,Right,Left,Left,Left,Left,1,0,0,0,0,NaN,NaN,NaN,NaN,NaN,NaN,NaN,NaN,1,0,0,0,0,0,490,NaN,20260728_t1405_srsSmooth_training_B006,2,NaN,33.6804706176122,1.61998438835144,NaN,NaN,NaN,0,NaN,NaN,NaN,NaN,0
20260728_t1405_srsSmooth_training,srs_smooth_training,trial0560.mat,560,560,490,6,7,2,96,76,20,8,2,0,3,1,11,22994,1,2,2,1,2,1,2,1,2,1,SINGLE_T2_CORRECT,11,455,1,0,0,0,0,0,47,54,54,47,-7,54,1,180,190,0,10,180,-170,170,NaN,NaN,NaN,1785264071.14398,16398.20327352,2.1201810836792,0.0166664123535156,0.242181301116943,0.858986139297485,1.1917130947113,1.45900726318359,1.50885963439941,1.50885963439941,-1,-1,1.76891565322876,225.514888763428,267.29416847229,49.8523712158203,317.14653968811,Instruction,Left,Right,Right,Right,Right,1,0,0,0,0,NaN,NaN,NaN,NaN,NaN,NaN,NaN,NaN,0,1,1,0,0,0,491,NaN,20260728_t1405_srsSmooth_training_B006,3,NaN,33.7447993397713,1.61291098594666,NaN,NaN,NaN,0,NaN,NaN,NaN,NaN,0
20260728_t1405_srsSmooth_training,srs_smooth_training,trial0561.mat,561,561,491,6,8,3,96,76,20,8,2,0,3,1,15,19626,1,2,2,1,2,1,2,1,2,1,SINGLE_T2_CORRECT,11,455,1,0,0,0,0,0,30,124,124,30,-94,124,1,180,190,0,10,180,-170,170,NaN,NaN,NaN,1785264074.89384,16401.95304292,2.10403275489807,0.0169599056243896,0.226120471954346,0.85943341255188,1.19200587272644,1.40913844108582,1.45093965530396,1.45093965530396,-1,-1,1.67802619934082,209.160566329956,217.132568359375,41.8012142181396,258.933782577515,Instruction,Left,Right,Right,Right,Right,1,0,0,0,0,NaN,NaN,NaN,NaN,NaN,NaN,NaN,NaN,0,1,1,0,0,0,492,NaN,20260728_t1405_srsSmooth_training_B006,4,NaN,33.8072969039281,1.62967276573181,NaN,NaN,NaN,0,NaN,NaN,NaN,NaN,0
20260728_t1405_srsSmooth_training,srs_smooth_training,trial0562.mat,562,562,492,6,9,4,96,76,20,8,2,0,2,1,9,3104,1,1,2,1,2,1,1,2,1,2,SINGLE_T1_CORRECT,10,455,1,0,0,0,0,0,26,64,64,26,-38,26,1,180,0,190,180,10,170,170,NaN,NaN,NaN,1785264078.59156,16405.65067936,2.0394012928009,0.0193822383880615,0.27840256690979,0.861921072006226,1.19442820549011,1.43650436401367,1.47814846038818,1.47814846038818,-1,-1,1.71378779411316,259.020328521729,242.07615852356,41.6440963745117,283.720254898071,Instruction,Left,Right,Left,Right,Left,1,0,0,0,0,NaN,NaN,NaN,NaN,NaN,NaN,NaN,NaN,0,1,0,0,1,0,493,NaN,20260728_t1405_srsSmooth_training_B006,5,NaN,33.8689256151517,1.59368991851807,NaN,NaN,NaN,0,NaN,NaN,NaN,NaN,0
20260728_t1405_srsSmooth_training,srs_smooth_training,trial0563.mat,563,563,493,6,10,5,96,76,20,8,2,0,2,1,10,24322,1,1,2,1,2,1,1,2,1,2,SINGLE_T1_CORRECT,10,455,1,0,0,0,0,0,54,86,86,54,-32,54,1,180,0,190,180,10,170,170,NaN,NaN,NaN,1785264082.21295,16409.27195008,2.09333252906799,0.0148060321807861,0.20685601234436,0.840352773666382,1.17318511009216,1.45717883110046,1.50721192359924,1.50721192359924,-1,-1,1.74226260185242,192.049980163574,283.993721008301,50.0330924987793,334.02681350708,Instruction,Left,Right,Left,Right,Left,1,0,0,0,0,NaN,NaN,NaN,NaN,NaN,NaN,NaN,NaN,0,1,0,0,1,0,494,NaN,20260728_t1405_srsSmooth_training_B006,6,NaN,33.9292820334434,1.58198380470276,NaN,NaN,NaN,0,NaN,NaN,NaN,NaN,0
20260728_t1405_srsSmooth_training,srs_smooth_training,trial0564.mat,564,564,494,6,11,6,96,76,20,8,2,0,2,1,6,19065,1,1,2,1,2,1,1,2,0,0,,0,11,0,1,0,0,0,0,22,110,110,22,-88,NaN,1,180,0,190,180,10,170,170,NaN,NaN,NaN,1785264085.90262,16412.96158284,0.118836164474487,0.0169417858123779,0.0180079936981201,-1,-1,-1,-1,-1,-1,-1,-1,1.06620788574219,NaN,NaN,NaN,Instruction,Left,Right,None,Right,Left,1,0,0,0,0,NaN,NaN,NaN,NaN,NaN,NaN,NaN,NaN,0,1,0,0,1,0,494,NaN,20260728_t1405_srsSmooth_training_B006,NaN,NaN,33.9907766421636,1.59634399414062,NaN,NaN,NaN,0,NaN,NaN,NaN,NaN,0
20260728_t1405_srsSmooth_training,srs_smooth_training,trial0565.mat,565,565,494,6,12,6,96,76,20,8,2,0,3,1,13,25001,1,2,2,1,2,1,2,1,2,1,SINGLE_T2_CORRECT,11,455,1,0,0,0,0,0,37,100,100,37,-63,100,1,0,10,180,10,180,-170,170,NaN,NaN,NaN,1785264087.51846,16414.5773146,2.37363409996033,0.0178372859954834,0.268453598022461,1.01859426498413,1.35122227668762,1.61876225471497,1.66841077804565,1.66841077804565,-1,-1,1.97005867958069,250.616312026978,267.539978027344,49.6485233306885,317.188501358032,Instruction,Left,Right,Right,Right,Right,1,0,0,0,0,NaN,NaN,NaN,NaN,NaN,NaN,NaN,NaN,0,1,1,0,0,0,495,NaN,20260728_t1405_srsSmooth_training_B006,7,NaN,34.017707212766,1.49699807167053,NaN,NaN,NaN,0,NaN,NaN,NaN,NaN,0
20260728_t1405_srsSmooth_training,srs_smooth_training,trial0566.mat,566,566,495,6,13,7,96,76,20,8,2,0,4,1,17,18402,1,2,1,2,2,2,2,2,2,2,SINGLE_T2_CORRECT,11,455,1,0,0,0,0,0,28,86,86,28,-58,86,1,180,190,0,10,180,-170,170,NaN,NaN,NaN,1785264091.51631,16418.57519688,2.0901083946228,0.0118060111999512,0.262383222579956,0.845691680908203,1.17851901054382,1.42947697639465,1.47067475318909,1.47067475318909,-1,-1,1.70692253112793,250.577211380005,250.95796585083,41.1977767944336,292.155742645264,Instruction,Right,Left,Left,Left,Left,1,0,0,0,0,NaN,NaN,NaN,NaN,NaN,NaN,NaN,NaN,1,0,0,0,0,0,496,NaN,20260728_t1405_srsSmooth_training_B006,8,NaN,34.0843381166458,1.62422013282776,NaN,NaN,NaN,0,NaN,NaN,NaN,NaN,0
20260728_t1405_srsSmooth_training,srs_smooth_training,trial0567.mat,567,567,496,6,14,8,96,76,20,8,2,0,1,1,5,8003,1,1,1,2,2,2,1,1,1,1,SINGLE_T1_CORRECT,10,455,1,0,0,0,0,0,61,95,95,61,-34,61,1,180,0,190,180,10,170,170,NaN,NaN,NaN,1785264095.20593,16422.2648114,1.96728920936584,0.0140001773834229,0.198399066925049,0.739813327789307,1.07237529754639,1.31445074081421,1.3647027015686,1.3647027015686,-1,-1,1.60826992988586,184.398889541626,242.075443267822,50.2519607543945,292.327404022217,Instruction,Right,Left,Right,Left,Right,1,0,0,0,0,NaN,NaN,NaN,NaN,NaN,NaN,NaN,NaN,1,0,1,0,1,0,497,NaN,20260728_t1405_srsSmooth_training_B006,9,NaN,34.1458317478498,1.59950947761536,NaN,NaN,NaN,0,NaN,NaN,NaN,NaN,0
20260728_t1405_srsSmooth_training,srs_smooth_training,trial0568.mat,568,568,497,6,15,9,96,76,20,8,2,0,1,1,2,176,1,1,1,2,2,2,1,1,1,1,SINGLE_T1_CORRECT,10,455,1,0,0,0,0,0,32,85,85,32,-53,32,1,180,0,190,180,10,170,170,NaN,NaN,NaN,1785264098.76812,16425.82675352,2.18880987167358,0.0186145305633545,0.244314193725586,1.04406380653381,1.37700152397156,1.58596682548523,1.62762236595154,1.62762236595154,-1,-1,1.85510206222534,225.699663162231,208.965301513672,41.6555404663086,250.62084197998,Instruction,Right,Left,Right,Left,Right,1,0,0,0,0,NaN,NaN,NaN,NaN,NaN,NaN,NaN,NaN,1,0,1,0,1,0,498,NaN,20260728_t1405_srsSmooth_training_B006,10,NaN,34.205201625824,1.59490346908569,NaN,NaN,NaN,0,NaN,NaN,NaN,NaN,0
20260728_t1405_srsSmooth_training,srs_smooth_training,trial0570.mat,570,570,498,6,17,10,96,76,20,8,2,0,1,1,4,18249,1,1,1,2,2,2,1,1,1,1,SINGLE_T1_CORRECT,10,455,1,0,0,0,0,0,39,73,73,39,-34,39,1,180,0,190,180,10,170,170,NaN,NaN,NaN,1785264104.33854,16431.39707596,2.04346227645874,0.0150802135467529,0.207219362258911,0.782291412353516,1.11512327194214,1.35772109031677,1.40768814086914,1.40768814086914,-1,-1,1.70132875442505,192.139148712158,242.597818374634,49.9670505523682,292.564868927002,Instruction,Right,Left,Right,Left,Right,1,0,0,0,0,NaN,NaN,NaN,NaN,NaN,NaN,NaN,NaN,1,0,1,0,1,0,499,NaN,20260728_t1405_srsSmooth_training_B006,11,NaN,34.2980419635773,3.38161039352417,NaN,NaN,NaN,0,NaN,NaN,NaN,NaN,0
20260728_t1405_srsSmooth_training,srs_smooth_training,trial0571.mat,571,571,499,6,18,11,96,76,20,8,2,0,1,1,1,14364,1,1,1,2,2,2,1,1,1,1,SINGLE_T1_CORRECT,10,455,1,0,0,0,0,0,54,87,87,54,-33,54,1,180,0,190,180,10,170,170,NaN,NaN,NaN,1785264108.01129,16435.06983752,2.07086253166199,0.0174803733825684,0.259544372558594,0.826618432998657,1.15919137001038,1.3683762550354,1.41840624809265,1.41840624809265,-1,-1,1.72047424316406,242.063999176025,209.184885025024,50.029993057251,259.214878082275,Instruction,Right,Left,Right,Left,Right,1,0,0,0,0,NaN,NaN,NaN,NaN,NaN,NaN,NaN,NaN,1,0,1,0,1,0,500,NaN,20260728_t1405_srsSmooth_training_B006,12,NaN,34.3592543800672,1.6292827129364,NaN,NaN,NaN,0,NaN,NaN,NaN,NaN,0
20260728_t1405_srsSmooth_training,srs_smooth_training,trial0573.mat,573,573,500,6,20,12,96,76,20,8,2,0,2,1,8,12138,1,1,2,1,2,1,1,2,1,2,SINGLE_T1_CORRECT,10,455,1,0,0,0,0,0,42,66,66,42,-24,42,1,0,180,10,180,10,170,170,NaN,NaN,NaN,1785264113.48633,16440.54460644,1.92882180213928,0.0176522731781006,0.168414831161499,0.693275928497314,1.02602529525757,1.25990557670593,1.30170035362244,1.30170035362244,-1,-1,1.58680772781372,150.762557983398,233.880281448364,41.7947769165039,275.675058364868,Instruction,Left,Right,Left,Right,Left,1,0,0,0,0,NaN,NaN,NaN,NaN,NaN,NaN,NaN,NaN,0,1,0,0,1,0,501,NaN,20260728_t1405_srsSmooth_training_B006,13,NaN,34.4505050977071,3.4041805267334,NaN,NaN,NaN,0,NaN,NaN,NaN,NaN,0
20260728_t1405_srsSmooth_training,srs_smooth_training,trial0574.mat,574,574,501,6,21,13,96,76,20,8,2,0,4,1,18,7074,1,2,1,2,2,2,2,2,0,0,,0,454,0,1,0,0,0,0,18,85,85,18,-67,NaN,1,180,190,0,10,180,-170,170,NaN,NaN,NaN,1785264117.00155,16444.06000112,1.70558571815491,0.0109045505523682,0.22014331817627,0.886907815933228,1.21928548812866,1.62834000587463,-1,-1,-1,-1,-1,209.238767623901,409.054517745972,NaN,NaN,Instruction,Right,Left,None,Left,Left,1,0,0,0,0,NaN,NaN,NaN,NaN,NaN,NaN,NaN,NaN,1,0,0,0,0,0,501,NaN,20260728_t1405_srsSmooth_training_B006,NaN,NaN,34.509092092514,1.58639788627625,NaN,NaN,NaN,0,NaN,NaN,NaN,NaN,0
20260728_t1405_srsSmooth_training,srs_smooth_training,trial0599.mat,599,599,501,6,46,13,96,76,20,8,2,0,2,1,7,20494,1,1,2,1,2,1,1,2,1,2,SINGLE_T1_CORRECT,10,455,1,0,0,0,0,0,61,113,113,61,-52,61,1,0,180,10,180,10,170,170,NaN,NaN,NaN,1785264163.76388,16490.82131472,2.04518008232117,0.0170905590057373,0.309414148330688,0.817609548568726,1.15046858787537,1.38423037528992,1.43420648574829,1.43420648574829,-1,-1,1.68631219863892,292.323589324951,233.761787414551,49.976110458374,283.737897872925,Instruction,Left,Right,Left,Right,Left,1,0,0,0,0,NaN,NaN,NaN,NaN,NaN,NaN,NaN,NaN,0,1,0,0,1,0,502,NaN,20260728_t1405_srsSmooth_training_B006,14,NaN,35.2884641925494,45.0567402839661,NaN,NaN,NaN,0,NaN,NaN,NaN,NaN,0
20260728_t1405_srsSmooth_training,srs_smooth_training,trial0600.mat,600,600,502,6,47,14,96,76,20,8,2,0,3,1,12,11826,1,2,2,1,2,1,2,1,2,1,SINGLE_T2_CORRECT,11,455,1,0,0,0,0,0,56,96,96,56,-40,96,1,180,190,0,10,180,-170,170,NaN,NaN,NaN,1785264167.44475,16494.50196588,2.05684781074524,0.0113635063171387,0.203587770462036,0.761801481246948,1.09473967552185,1.34521269798279,1.38694000244141,1.38694000244141,-1,-1,1.66341829299927,192.224264144897,250.473022460938,41.7273044586182,292.200326919556,Instruction,Left,Right,Right,Right,Right,1,0,0,0,0,NaN,NaN,NaN,NaN,NaN,NaN,NaN,NaN,0,1,1,0,0,0,503,NaN,20260728_t1405_srsSmooth_training_B006,15,NaN,35.3498120586077,1.63569188117981,NaN,NaN,NaN,0,NaN,NaN,NaN,NaN,0
20260728_t1405_srsSmooth_training,srs_smooth_training,trial0601.mat,601,601,503,6,48,15,96,76,20,8,2,0,2,1,6,19065,1,1,2,1,2,1,1,2,1,2,SINGLE_T1_CORRECT,10,455,1,0,0,0,0,0,33,61,61,33,-28,33,1,0,180,10,180,10,170,170,NaN,NaN,NaN,1785264171.10985,16498.1670602,2.24984383583069,0.0130746364593506,0.247000932693481,0.980357646942139,1.31312680244446,1.55545496940613,1.60556197166443,1.60556197166443,-1,-1,1.91594099998474,233.926296234131,242.32816696167,50.1070022583008,292.435169219971,Instruction,Left,Right,Left,Right,Left,1,0,0,0,0,NaN,NaN,NaN,NaN,NaN,NaN,NaN,NaN,0,1,0,0,1,0,504,NaN,20260728_t1405_srsSmooth_training_B006,16,NaN,35.4108970562617,1.60825204849243,NaN,NaN,NaN,0,NaN,NaN,NaN,NaN,0
20260728_t1405_srsSmooth_training,srs_smooth_training,trial0614.mat,614,614,504,6,61,16,96,76,20,8,2,0,4,1,18,7074,1,2,1,2,2,2,2,2,2,2,SINGLE_T2_CORRECT,11,455,1,0,0,0,0,0,33,83,83,33,-50,83,1,180,190,0,10,180,-170,170,NaN,NaN,NaN,1785264196.88593,16523.94264112,2.32468461990356,0.0130000114440918,0.305130243301392,1.08844757080078,1.42138814926147,1.63843488693237,1.68844604492188,1.68844604492188,-1,-1,1.94054889678955,292.1302318573,217.046737670898,50.011157989502,267.0578956604,Instruction,Right,Left,Left,Left,Left,1,0,0,0,0,NaN,NaN,NaN,NaN,NaN,NaN,NaN,NaN,1,0,0,0,0,0,505,NaN,20260728_t1405_srsSmooth_training_B006,17,NaN,35.8404984672864,23.5262408256531,NaN,NaN,NaN,0,NaN,NaN,NaN,NaN,0
20260728_t1405_srsSmooth_training,srs_smooth_training,trial0615.mat,615,615,505,6,62,17,96,76,20,8,2,0,4,1,19,5163,1,2,1,2,2,2,2,2,2,2,SINGLE_T2_CORRECT,11,455,1,0,0,0,0,0,38,79,79,38,-41,79,1,180,190,0,10,180,-170,170,NaN,NaN,NaN,1785264200.83128,16527.88786716,2.15424871444702,0.0178008079528809,0.28522801399231,0.885100841522217,1.21784710884094,1.46836495399475,1.51831912994385,1.51831912994385,-1,-1,1.77889919281006,267.427206039429,250.517845153809,49.9541759490967,300.472021102905,Instruction,Right,Left,Left,Left,Left,1,0,0,0,0,NaN,NaN,NaN,NaN,NaN,NaN,NaN,NaN,1,0,0,0,0,0,506,NaN,20260728_t1405_srsSmooth_training_B006,18,NaN,35.9062543511391,1.62066841125488,NaN,NaN,NaN,0,NaN,NaN,NaN,NaN,0
20260728_t1405_srsSmooth_training,srs_smooth_training,trial0616.mat,616,616,506,6,63,18,96,76,20,8,2,0,4,1,16,10458,1,2,1,2,2,2,2,2,2,2,SINGLE_T2_CORRECT,11,455,1,0,0,0,0,0,48,76,76,48,-28,76,1,0,10,180,10,180,-170,170,NaN,NaN,NaN,1785264204.61042,16531.6669674,2.2425172328949,0.0138101577758789,0.239656448364258,0.972748756408691,1.3055272102356,1.55604028701782,1.60606288909912,1.60606288909912,-1,-1,1.86641216278076,225.846290588379,250.513076782227,50.0226020812988,300.535678863525,Instruction,Right,Left,Left,Left,Left,1,0,0,0,0,NaN,NaN,NaN,NaN,NaN,NaN,NaN,NaN,1,0,0,0,0,0,507,NaN,20260728_t1405_srsSmooth_training_B006,19,NaN,35.9692399660746,1.6248881816864,NaN,NaN,NaN,0,NaN,NaN,NaN,NaN,0
20260728_t1405_srsSmooth_training,srs_smooth_training,trial0617.mat,617,617,507,6,64,19,96,76,20,8,2,0,1,1,3,14776,1,1,1,2,2,2,1,1,1,1,SINGLE_T1_CORRECT,10,455,1,0,0,0,0,0,35,92,92,35,-57,35,1,180,0,190,180,10,170,170,NaN,NaN,NaN,1785264208.44917,16535.50563488,2.05334281921387,0.0168814659118652,0.283981084823608,0.83396315574646,1.16692638397217,1.39237833023071,1.4423942565918,1.4423942565918,-1,-1,1.72022581100464,267.099618911743,225.451946258545,50.015926361084,275.467872619629,Instruction,Right,Left,Right,Left,Right,1,0,0,0,0,NaN,NaN,NaN,NaN,NaN,NaN,NaN,NaN,1,0,1,0,1,0,508,NaN,20260728_t1405_srsSmooth_training_B006,20,NaN,36.0332190434138,1.59622740745544,NaN,NaN,NaN,0,NaN,NaN,NaN,NaN,0
20260728_t1405_srsSmooth_training,srs_smooth_training,trial0619.mat,619,619,508,6,66,20,96,76,20,8,2,2,8,2,85,26281,2,0,2,1,2,1,1,2,2,1,CHOSE_LOW_SAL,2,455,1,0,0,0,0,0,33,104,104,33,-71,104,1,180,292.503772600859,257.496227399141,112.503772600859,77.4962273991407,35.0075452017186,35.0075452017186,NaN,NaN,NaN,1785264214.00342,16541.05987876,2.21649432182312,0.0128684043884277,0.229943513870239,0.896797657012939,1.22955346107483,1.47160530090332,1.52169418334961,1.52169418334961,-1,-1,1.80793619155884,217.075109481812,242.051839828491,50.0888824462891,292.14072227478,Conflict,Left,Right,Right,Right,Left,0,1,0,1,1,1,0,1,0,0,1,0,1,0,1,0,0,1,1,509,389,20260728_t1405_srsSmooth_training_B006,21,1,36.1257899959882,3.50091433525085,1,1,176,0,1,0,0,1,1
20260728_t1405_srsSmooth_training,srs_smooth_training,trial0623.mat,623,623,509,6,70,21,96,76,20,8,2,2,7,2,62,25402,2,0,1,2,2,2,1,1,1,1,CHOSE_HIGH_SAL,1,455,1,0,0,0,0,0,67,81,81,67,-14,67,1,180,307.661088949045,242.338911050955,127.661088949045,62.3389110509552,65.3221778980896,65.3221778980896,NaN,NaN,NaN,1785264223.23348,16550.28962432,2.30359363555908,0.0164754390716553,0.29193902015686,1.00058960914612,1.33319354057312,1.6089460849762,1.65058708190918,1.65058708190918,-1,-1,1.93555665016174,275.463581085205,275.752544403076,41.6409969329834,317.39354133606,Conflict,Right,Left,Right,Left,Right,0,1,0,1,1,1,1,0,1,0,0,1,0,1,0,1,0,1,1,510,390,20260728_t1405_srsSmooth_training_B006,22,2,36.2796242276828,7.01355957984924,2,1,104,1,1,0,0,1,1
20260728_t1405_srsSmooth_training,srs_smooth_training,trial0624.mat,624,624,510,6,71,22,96,76,20,8,2,1,6,2,50,2248,2,0,2,1,2,1,2,1,0,0,,0,11,0,1,0,0,0,0,33,91,91,33,-58,NaN,1,180,255.059546721492,294.940453278508,75.0595467214923,114.940453278508,-39.8809065570155,39.8809065570155,NaN,NaN,NaN,1785264227.12751,16554.1837032,1.57567548751831,0.0142562389373779,0.256379127502441,0.889930963516235,1.22263622283936,1.44819068908691,-1,-1,-1,-1,-1,242.122888565063,225.554466247559,NaN,NaN,Congruent,Left,Right,None,Right,Right,0,1,1,0,0,NaN,NaN,NaN,NaN,NaN,NaN,NaN,NaN,0,1,1,0,0,0,510,NaN,20260728_t1405_srsSmooth_training_B006,NaN,NaN,36.3445248325666,1.5904426574707,NaN,NaN,NaN,0,NaN,NaN,NaN,NaN,0
20260728_t1405_srsSmooth_training,srs_smooth_training,trial0625.mat,625,625,510,6,72,22,96,76,20,8,2,2,8,2,91,3754,2,0,2,1,2,1,1,2,2,1,CHOSE_LOW_SAL,2,455,1,0,0,0,0,0,42,74,74,42,-32,74,1,180,311.469445600281,238.530554399719,131.469445600281,58.5305543997191,72.9388912005618,72.9388912005618,NaN,NaN,NaN,1785264230.19059,16557.24673112,2.22171425819397,0.0179629325866699,0.226629018783569,0.951935768127441,1.28467774391174,1.54343509674072,1.59343647956848,1.59343647956848,-1,-1,1.84537625312805,208.666086196899,258.757352828979,50.0013828277588,308.758735656738,Conflict,Left,Right,Right,Right,Left,0,1,0,1,1,1,0,1,0,0,1,0,1,0,1,0,0,1,1,511,391,20260728_t1405_srsSmooth_training_B006,23,3,36.3955761551857,1.48740386962891,1,1,67,1,1,0,0,1,1
20260728_t1405_srsSmooth_training,srs_smooth_training,trial0626.mat,626,626,511,6,73,23,96,76,20,8,2,2,7,2,68,29866,2,0,1,2,2,2,1,1,1,1,CHOSE_HIGH_SAL,1,455,1,0,0,0,0,0,31,65,65,31,-34,31,1,0,107.548085359217,82.4519146407825,107.548085359217,82.4519146407825,25.0961707184349,25.0961707184349,NaN,NaN,NaN,1785264234.038,16561.0940172,2.05707097053528,0.0123727321624756,0.229564189910889,0.846225738525391,1.17908358573914,1.44628214836121,1.48779344558716,1.48779344558716,-1,-1,1.72301650047302,217.191457748413,267.19856262207,41.5112972259521,308.709859848022,Conflict,Right,Left,Right,Left,Right,0,1,0,1,1,1,1,0,1,0,0,1,0,1,0,1,0,1,1,512,392,20260728_t1405_srsSmooth_training_B006,24,4,36.4596995751063,1.62569093704224,2,1,74,1,1,0,0,1,1
20260728_t1405_srsSmooth_training,srs_smooth_training,trial0627.mat,627,627,512,6,74,24,96,76,20,8,2,1,5,2,34,17949,2,0,1,2,2,2,2,2,1,1,CHOSE_LOW_SAL,2,455,1,0,0,0,0,0,54,92,92,54,-38,54,1,180,232.120575484426,317.879424515574,52.1205754844261,137.879424515574,-85.7588490311479,85.7588490311479,NaN,NaN,NaN,1785264237.75691,16564.81278764,2.2472813129425,0.0186057090759277,0.269053220748901,0.960898637771606,1.29365468025208,1.5695436000824,1.61959290504456,1.61959290504456,-1,-1,1.88870048522949,250.447511672974,275.888919830322,50.0493049621582,325.93822479248,Congruent,Right,Left,Right,Left,Left,0,1,1,0,1,1,1,0,0,0,0,1,1,1,0,0,0,0,1,513,393,20260728_t1405_srsSmooth_training_B006,25,5,36.521681423982,1.66183996200562,1,1,31,1,0,0,1,1,1
20260728_t1405_srsSmooth_training,srs_smooth_training,trial0628.mat,628,628,513,6,75,25,96,76,20,8,2,1,5,2,32,4150,2,0,1,2,2,2,2,2,1,1,CHOSE_LOW_SAL,2,455,1,0,0,0,0,0,15,101,101,15,-86,15,1,0,23.0108137703767,166.989186229623,23.0108137703767,166.989186229623,-143.978372459247,143.978372459247,NaN,NaN,NaN,1785264241.75734,16568.813121,2.01344990730286,0.0183298587799072,0.168948888778687,0.75231146812439,1.08503770828247,1.35225701332092,1.39388179779053,1.39388179779053,-1,-1,1.69551491737366,150.619029998779,267.219305038452,41.6247844696045,308.844089508057,Congruent,Right,Left,Right,Left,Left,0,1,1,0,1,1,1,0,0,0,0,1,1,1,0,0,0,0,1,514,394,20260728_t1405_srsSmooth_training_B006,26,6,36.588355255127,1.75314855575562,1,1,54,1,0,0,1,1,1
20260728_t1405_srsSmooth_training,srs_smooth_training,trial0636.mat,636,636,514,6,83,26,96,76,20,8,2,2,7,2,60,19211,2,0,1,2,2,2,1,1,1,1,CHOSE_HIGH_SAL,1,455,1,0,0,0,0,0,12,85,85,12,-73,12,1,0,109.382334642665,80.6176653573352,109.382334642665,80.6176653573352,28.7646692853297,28.7646692853297,NaN,NaN,NaN,1785264257.92765,16584.98322688,2.151615858078,0.0153133869171143,0.207533836364746,0.940873861312866,1.26536107063293,1.50742340087891,1.55743360519409,1.55743360519409,-1,-1,1.84248352050781,192.220449447632,242.062330245972,50.0102043151855,292.072534561157,Conflict,Right,Left,Right,Left,Right,0,1,0,1,1,1,1,0,1,0,0,1,0,1,0,1,0,1,1,515,395,20260728_t1405_srsSmooth_training_B006,27,7,36.8578604141871,14.1568596363068,1,1,15,1,0,0,1,1,1
20260728_t1405_srsSmooth_training,srs_smooth_training,trial0637.mat,637,637,515,6,84,27,96,76,20,8,2,1,6,2,41,11153,2,0,2,1,2,1,2,1,2,1,CHOSE_HIGH_SAL,1,455,1,0,0,0,0,0,56,94,94,56,-38,94,1,0,30.451999277246,159.548000722754,30.451999277246,159.548000722754,-129.096001445508,129.096001445508,NaN,NaN,NaN,1785264261.68297,16588.73850708,2.10520100593567,0.0184652805328369,0.193807363510132,0.81904149055481,1.15184330940247,1.36077499389648,1.4109218120575,1.4109218120575,-1,-1,1.71246290206909,175.342082977295,208.931684494019,50.1468181610107,259.078502655029,Congruent,Left,Right,Right,Right,Right,0,1,1,0,1,1,0,1,1,0,1,0,0,0,1,1,0,0,1,516,396,20260728_t1405_srsSmooth_training_B006,28,8,36.9204491813978,1.60371017456055,1,1,12,1,1,0,0,1,1
20260728_t1405_srsSmooth_training,srs_smooth_training,trial0638.mat,638,638,516,6,85,28,96,76,20,8,2,1,6,2,53,2059,2,0,2,1,2,1,2,1,2,1,CHOSE_HIGH_SAL,1,455,1,0,0,0,0,0,42,85,85,42,-43,85,1,180,255.111727640666,294.888272359334,75.1117276406664,114.888272359334,-39.7765447186673,39.7765447186673,NaN,NaN,NaN,1785264265.4043,16592.45961516,2.14264750480652,0.0139541625976562,0.256494045257568,0.873197555541992,1.20566725730896,1.43160724639893,1.47309875488281,1.47309875488281,-1,-1,1.7585027217865,242.539882659912,225.939989089966,41.4915084838867,267.431497573853,Congruent,Left,Right,Right,Right,Right,0,1,1,0,1,1,0,1,1,0,1,0,0,0,1,1,0,0,1,517,397,20260728_t1405_srsSmooth_training_B006,29,9,36.9824712157249,1.61612105369568,2,1,94,1,0,0,1,1,1
20260728_t1405_srsSmooth_training,srs_smooth_training,trial0639.mat,639,639,517,6,86,29,96,76,20,8,2,1,6,2,43,3805,2,0,2,1,2,1,2,1,2,1,CHOSE_HIGH_SAL,1,455,1,0,0,0,0,0,32,104,104,32,-72,104,1,180,256.26571234435,293.73428765565,76.2657123443498,113.73428765565,-37.4685753113004,37.4685753113004,NaN,NaN,NaN,1785264269.19683,16596.25211804,2.2419855594635,0.0132341384887695,0.247450351715088,1.00567388534546,1.33828496932983,1.53905272483826,1.58881282806396,1.58881282806396,-1,-1,1.84100818634033,234.216213226318,200.767755508423,49.760103225708,250.527858734131,Congruent,Left,Right,Right,Right,Right,0,1,1,0,1,1,0,1,1,0,1,0,0,0,1,1,0,0,1,518,398,20260728_t1405_srsSmooth_training_B006,30,10,37.0456801176071,1.64988660812378,2,1,85,1,0,0,1,1,1
20260728_t1405_srsSmooth_training,srs_smooth_training,trial0640.mat,640,640,518,6,87,30,96,76,20,8,2,2,7,2,69,25263,2,0,1,2,2,2,1,1,1,1,CHOSE_HIGH_SAL,1,455,1,0,0,0,0,0,46,63,63,46,-17,46,1,180,358.181661514614,191.818338485386,178.181661514614,11.8183384853857,166.363323029229,166.363323029229,NaN,NaN,NaN,1785264273.0517,16600.10699888,2.18711590766907,0.0168473720550537,0.234067916870117,0.942716121673584,1.27522945404053,1.5009081363678,1.5509946346283,1.5509946346283,-1,-1,1.84446597099304,217.220544815063,225.678682327271,50.086498260498,275.765180587769,Conflict,Right,Left,Right,Left,Right,0,1,0,1,1,1,1,0,1,0,0,1,0,1,0,1,0,1,1,519,399,20260728_t1405_srsSmooth_training_B006,31,11,37.1099279443423,1.61288404464722,2,1,104,1,1,0,0,1,1
20260728_t1405_srsSmooth_training,srs_smooth_training,trial0641.mat,641,641,519,6,88,31,96,76,20,8,2,1,6,2,57,29544,2,0,2,1,2,1,2,1,2,1,CHOSE_HIGH_SAL,1,455,1,0,0,0,0,0,40,98,98,40,-58,98,1,180,194.112477537222,355.887522462778,14.1124775372215,175.887522462778,-161.775044925557,161.775044925557,NaN,NaN,NaN,1785264276.86262,16603.91778616,2.21783423423767,0.014404296875,0.215043544769287,0.998270511627197,1.33112215995789,1.54831027984619,1.59821033477783,1.59821033477783,-1,-1,1.81690526008606,200.639247894287,217.188119888306,49.9000549316406,267.088174819946,Congruent,Left,Right,Right,Right,Right,0,1,1,0,1,1,0,1,1,0,1,0,0,0,1,1,0,0,1,520,400,20260728_t1405_srsSmooth_training_B006,32,12,37.1734433452288,1.62380814552307,1,1,46,1,1,0,0,1,1
20260728_t1405_srsSmooth_training,srs_smooth_training,trial0642.mat,642,642,520,6,89,32,96,76,20,8,2,1,5,2,36,10506,2,0,1,2,2,2,2,2,1,1,CHOSE_LOW_SAL,2,455,1,0,1,0,0,0,24,95,95,24,-71,24,1,0,57.800900293294,132.199099706706,57.800900293294,132.199099706706,-74.3981994134119,74.3981994134119,NaN,NaN,NaN,1785264280.66502,16607.72010748,2.03218126296997,0.0121562480926514,0.0131118297576904,0.746182441711426,1.07886505126953,1.34614443778992,1.39603328704834,1.39603328704834,-1,-1,1.70645999908447,0.955581665039062,267.279386520386,49.8888492584229,317.168235778809,Congruent,Right,Left,Right,Left,Left,0,1,1,0,1,1,1,0,0,0,0,1,1,1,0,0,0,0,1,521,401,20260728_t1405_srsSmooth_training_B006,33,13,37.2368165969849,1.58456087112427,2,1,98,1,1,0,0,1,1
20260728_t1405_srsSmooth_training,srs_smooth_training,trial0643.mat,643,643,521,6,90,33,96,76,20,8,2,1,5,2,28,14632,2,0,1,2,2,2,2,2,1,1,CHOSE_LOW_SAL,2,455,1,0,0,0,0,0,33,65,65,33,-32,33,1,180,217.640594492897,332.359405507103,37.6405944928974,152.359405507103,-114.718811014205,114.718811014205,NaN,NaN,NaN,1785264284.28738,16611.342267,2.20243382453918,0.0149390697479248,0.215477228164673,0.948968410491943,1.28165507316589,1.53222584724426,1.58215808868408,1.58215808868408,-1,-1,1.86799120903015,200.538158416748,250.570774078369,49.9322414398193,300.503015518188,Congruent,Right,Left,Right,Left,Left,0,1,1,0,1,1,1,0,0,0,0,1,1,1,0,0,0,0,1,522,402,20260728_t1405_srsSmooth_training_B006,34,14,37.2971892356873,1.59017705917358,1,1,24,1,0,0,1,1,1
20260728_t1405_srsSmooth_training,srs_smooth_training,trial0644.mat,644,644,522,6,91,34,96,76,20,8,2,2,8,2,84,17387,2,0,2,1,2,1,1,2,0,0,,0,11,0,1,0,0,0,0,45,94,94,45,-49,NaN,1,180,283.501243125692,266.498756874308,103.501243125692,86.4987568743084,17.0024862513833,17.0024862513833,NaN,NaN,NaN,1785264288.0723,16615.1270852,1.60846257209778,0.013495922088623,0.255656003952026,0.93914270401001,1.2718780040741,1.52269577980042,-1,-1,-1,-1,-1,242.160081863403,250.817775726318,NaN,NaN,Conflict,Left,Right,None,Right,Left,0,1,0,1,0,NaN,NaN,NaN,NaN,NaN,NaN,NaN,NaN,0,1,0,0,1,0,522,NaN,20260728_t1405_srsSmooth_training_B006,NaN,NaN,37.360271302859,1.58249020576477,NaN,NaN,NaN,0,NaN,NaN,NaN,NaN,0
20260728_t1405_srsSmooth_training,srs_smooth_training,trial0645.mat,645,645,522,6,92,34,96,76,20,8,2,1,5,2,37,5593,2,0,1,2,2,2,2,2,1,1,CHOSE_LOW_SAL,2,455,1,0,0,0,0,0,40,66,66,40,-26,40,1,0,75.1858916370538,114.814108362946,75.1858916370538,114.814108362946,-39.6282167258925,39.6282167258925,NaN,NaN,NaN,1785264291.14975,16618.20469664,2.10656833648682,0.0111656188964844,0.286886215209961,0.895495653152466,1.22787952423096,1.45360016822815,1.50336527824402,1.50336527824402,-1,-1,1.76348614692688,275.720596313477,225.720643997192,49.7651100158691,275.485754013062,Congruent,Right,Left,Right,Left,Left,0,1,1,0,1,1,1,0,0,0,0,1,1,1,0,0,0,0,1,523,403,20260728_t1405_srsSmooth_training_B006,35,15,37.4115621248881,1.46898674964905,1,1,33,1,0,0,1,1,1
20260728_t1405_srsSmooth_training,srs_smooth_training,trial0646.mat,646,646,523,6,93,35,96,76,20,8,2,2,7,2,76,27765,2,0,1,2,2,2,1,1,2,2,CHOSE_LOW_SAL,2,455,1,0,0,0,0,0,28,61,61,28,-33,61,1,0,157.146710536344,32.8532894636557,157.146710536344,32.8532894636557,124.293421072689,124.293421072689,NaN,NaN,NaN,1785264294.83635,16621.89109896,2.18657064437866,0.0163824558258057,0.258531808853149,0.908798217773438,1.24142932891846,1.50885391235352,1.55872011184692,1.55872011184692,-1,-1,1.82738900184631,242.149353027344,267.424583435059,49.8661994934082,317.290782928467,Conflict,Right,Left,Left,Left,Right,0,1,0,1,1,0,0,1,0,1,1,0,1,1,0,1,0,1,1,524,404,20260728_t1405_srsSmooth_training_B006,36,16,37.4730053623517,1.58002591133118,1,1,40,1,1,1,0,0,1
20260728_t1405_srsSmooth_training,srs_smooth_training,trial0647.mat,647,647,524,6,94,36,96,76,20,8,2,2,8,2,79,5053,2,0,2,1,2,1,1,2,1,2,CHOSE_HIGH_SAL,1,455,1,0,0,0,0,0,23,67,67,23,-44,23,1,0,161.600356992577,28.3996430074235,161.600356992577,28.3996430074235,133.200713985153,133.200713985153,NaN,NaN,NaN,1785264298.60222,16625.65696184,1.94601798057556,0.0173232555389404,0.167839050292969,0.718129873275757,1.05069613456726,1.28453040122986,1.32627987861633,1.32627987861633,-1,-1,1.62083458900452,150.515794754028,233.834266662598,41.7494773864746,275.583744049072,Conflict,Left,Right,Left,Right,Left,0,1,0,1,1,0,1,0,1,1,0,1,0,0,1,0,0,1,1,525,405,20260728_t1405_srsSmooth_training_B006,37,17,37.5357698996862,1.57930159568787,2,2,61,1,1,0,0,1,1
20260728_t1405_srsSmooth_training,srs_smooth_training,trial0648.mat,648,648,525,6,95,37,96,76,20,8,2,2,7,2,71,5376,2,0,1,2,2,2,1,1,1,1,CHOSE_HIGH_SAL,1,455,1,0,0,0,0,0,47,61,61,47,-14,47,1,0,179.221085359079,10.7789146409206,179.221085359079,10.7789146409206,168.442170718159,168.442170718159,NaN,NaN,NaN,1785264302.13984,16629.19451764,2.21664810180664,0.0131754875183105,0.205195188522339,0.955245494842529,1.27989149093628,1.52186703681946,1.57236695289612,1.57236695289612,-1,-1,1.86538672447205,192.019701004028,241.975545883179,50.4999160766602,292.475461959839,Conflict,Right,Left,Right,Left,Right,0,1,0,1,1,1,1,0,1,0,0,1,0,1,0,1,0,1,1,526,406,20260728_t1405_srsSmooth_training_B006,38,18,37.5947302103043,1.5916006565094,1,2,23,1,0,1,1,0,1
20260728_t1405_srsSmooth_training,srs_smooth_training,trial0649.mat,649,649,526,6,96,38,96,76,20,8,2,1,6,2,40,17389,2,0,2,1,2,1,2,1,1,2,CHOSE_LOW_SAL,2,455,1,0,6,0,0,0,37,88,88,37,-51,37,1,0,56.6844926655002,133.3155073345,56.6844926655002,133.3155073345,-76.6310146689997,76.6310146689997,NaN,NaN,NaN,1785264305.94354,16632.99807984,1.95445466041565,0.0179550647735596,0.0270063877105713,0.743721008300781,1.07633018493652,1.34345626831055,1.38527679443359,1.38527679443359,-1,-1,1.62085270881653,9.05132293701172,267.126083374023,41.8205261230469,308.94660949707,Congruent,Left,Right,Left,Right,Right,0,1,1,0,1,0,1,0,0,1,0,1,1,0,1,1,0,0,1,527,407,20260728_t1405_srsSmooth_training_B006,39,19,37.6581252336502,1.5870532989502,1,1,47,1,0,1,1,0,1
20260728_t1405_srsSmooth_training,srs_smooth_training,trial0650.mat,650,650,527,6,97,39,96,76,20,8,2,1,6,2,45,9045,2,0,2,1,2,1,2,1,1,2,CHOSE_LOW_SAL,2,455,1,0,0,0,0,0,26,84,84,26,-58,26,1,0,55.2868151293995,134.7131848706,55.2868151293995,134.7131848706,-79.4263697412009,79.4263697412009,NaN,NaN,NaN,1785264309.64113,16636.69556616,1.83975887298584,0.0121736526489258,0.0134778022766113,0.596020698547363,0.928876638412476,1.17105913162231,1.22121715545654,1.22121715545654,-1,-1,1.51448941230774,1.30414962768555,242.182493209839,50.1580238342285,292.340517044067,Congruent,Left,Right,Left,Right,Right,0,1,1,0,1,0,1,0,0,1,0,1,1,0,1,1,0,0,1,528,408,20260728_t1405_srsSmooth_training_B006,40,20,37.7197517752647,1.7431378364563,1,2,37,1,0,0,1,1,1
20260728_t1405_srsSmooth_training,srs_smooth_training,trial0669.mat,669,669,528,6,116,40,96,76,20,8,2,2,7,2,59,3153,2,0,1,2,2,2,1,1,1,1,CHOSE_HIGH_SAL,1,455,1,0,0,0,0,0,38,86,86,38,-48,38,1,180,346.547808259164,203.452191740836,166.547808259164,23.4521917408362,143.095616518328,143.095616518328,NaN,NaN,NaN,1785264345.38885,16672.44257956,2.18617177009583,0.0158538818359375,0.266589403152466,0.983448505401611,1.31590485572815,1.51664161682129,1.56664347648621,1.56664347648621,-1,-1,1.85176014900208,250.735521316528,200.73676109314,50.001859664917,250.738620758057,Conflict,Right,Left,Right,Left,Right,0,1,0,1,1,1,1,0,1,0,0,1,0,1,0,1,0,1,1,529,409,20260728_t1405_srsSmooth_training_B006,41,21,38.3155470530192,33.9079577922821,1,2,26,1,0,1,1,0,1
20260728_t1405_srsSmooth_training,srs_smooth_training,trial0679.mat,679,679,529,6,126,41,96,76,20,8,2,1,6,2,58,24205,2,0,2,1,2,1,2,1,0,0,,0,11,0,1,0,0,0,0,27,99,99,27,-72,NaN,1,180,224.059684814886,325.940315185114,44.059684814886,145.940315185114,-101.880630370228,101.880630370228,NaN,NaN,NaN,1785264365.98618,16693.03946924,0.112721920013428,0.0109975337982178,0.0364184379577637,-1,-1,-1,-1,-1,-1,-1,-1,25.4209041595459,NaN,NaN,NaN,Congruent,Left,Right,None,Right,Right,0,1,1,0,0,NaN,NaN,NaN,NaN,NaN,NaN,NaN,NaN,0,1,1,0,0,0,529,NaN,20260728_t1405_srsSmooth_training_B006,NaN,NaN,38.6588358918826,18.4111585617065,NaN,NaN,NaN,0,NaN,NaN,NaN,NaN,0
20260728_t1405_srsSmooth_training,srs_smooth_training,trial0682.mat,682,682,529,6,129,41,96,76,20,8,2,2,8,2,78,5130,2,0,2,1,2,1,1,2,0,0,,0,11,0,1,0,0,0,0,51,79,79,51,-28,NaN,1,180,283.580548701698,266.419451298302,103.580548701698,86.4194512983022,17.1610974033956,17.1610974033956,NaN,NaN,NaN,1785264371.19361,16698.2468656,0.355777502059937,0.0121026039123535,0.304174900054932,-1,-1,-1,-1,-1,-1,-1,-1,292.072296142578,NaN,NaN,NaN,Conflict,Left,Right,None,Right,Left,0,1,0,1,0,NaN,NaN,NaN,NaN,NaN,NaN,NaN,NaN,0,1,0,0,1,0,529,NaN,20260728_t1405_srsSmooth_training_B006,NaN,NaN,38.7456264257431,5.09471011161804,NaN,NaN,NaN,0,NaN,NaN,NaN,NaN,0
20260728_t1405_srsSmooth_training,srs_smooth_training,trial0687.mat,687,687,529,6,134,41,96,76,20,8,2,2,8,2,96,26857,2,0,2,1,2,1,1,2,0,0,,0,11,0,1,0,0,0,0,29,88,88,29,-59,NaN,1,180,296.681998596589,253.318001403411,116.681998596589,73.3180014034112,43.3639971931775,43.3639971931775,NaN,NaN,NaN,1785264380.31401,16707.36702644,0.336403369903564,0.0170619487762451,0.151303052902222,-1,-1,-1,-1,-1,-1,-1,-1,134.241104125977,NaN,NaN,NaN,Conflict,Left,Right,None,Right,Left,0,1,0,1,0,NaN,NaN,NaN,NaN,NaN,NaN,NaN,NaN,0,1,0,0,1,0,529,NaN,20260728_t1405_srsSmooth_training_B006,NaN,NaN,38.8976330677668,8.7646210193634,NaN,NaN,NaN,0,NaN,NaN,NaN,NaN,0
20260728_t1405_srsSmooth_training,srs_smooth_training,trial0692.mat,692,692,529,6,139,41,96,76,20,8,2,2,7,2,64,27954,2,0,1,2,2,2,1,1,1,1,CHOSE_HIGH_SAL,1,455,1,0,0,0,0,0,10,66,66,10,-56,10,1,180,298.388182287579,251.611817712421,118.388182287579,71.6118177124208,46.7763645751584,46.7763645751584,NaN,NaN,NaN,1785264389.41114,16716.46384,2.1740460395813,0.0119564533233643,0.154171228408813,0.870743274688721,1.20366954803467,1.50414681434631,1.55414462089539,1.55414462089539,-1,-1,1.86473202705383,142.214775085449,300.477266311646,49.9978065490723,350.475072860718,Conflict,Right,Left,Right,Left,Right,0,1,0,1,1,1,1,0,1,0,0,1,0,1,0,1,0,1,1,530,410,20260728_t1405_srsSmooth_training_B006,42,22,39.0492518941561,8.7607262134552,1,1,38,1,0,0,1,1,1
20260728_t1405_srsSmooth_training,srs_smooth_training,trial0715.mat,715,715,530,6,162,42,96,76,20,8,2,1,6,2,56,983,2,0,2,1,2,1,2,1,2,1,CHOSE_HIGH_SAL,1,455,1,0,0,0,0,0,43,85,85,43,-42,85,1,0,18.6554761410526,171.344523858947,18.6554761410526,171.344523858947,-152.689047717895,152.689047717895,NaN,NaN,NaN,1785264432.7978,16759.849756,2.24678158760071,0.0186655521392822,0.210735082626343,1.00261759757996,1.33538365364075,1.56942105293274,1.61933517456055,1.61933517456055,-1,-1,1.86286520957947,192.069530487061,234.037399291992,49.9141216278076,283.9515209198,Congruent,Left,Right,Right,Right,Right,0,1,1,0,1,1,0,1,1,0,1,0,0,0,1,1,0,0,1,531,411,20260728_t1405_srsSmooth_training_B006,43,23,39.7723629752795,41.2126188278198,1,1,10,1,1,0,0,1,1
20260728_t1405_srsSmooth_training,srs_smooth_training,trial0716.mat,716,716,531,6,163,43,96,76,20,8,2,1,5,2,27,13340,2,0,1,2,2,2,2,2,1,1,CHOSE_LOW_SAL,2,455,1,0,0,0,0,0,35,83,83,35,-48,35,1,0,64.8304968917288,125.169503108271,64.8304968917288,125.169503108271,-60.3390062165425,60.3390062165425,NaN,NaN,NaN,1785264436.67465,16763.72662756,2.05413579940796,0.0169720649719238,0.259052991867065,0.834668397903442,1.16701793670654,1.40122246742249,1.451096534729,1.451096534729,-1,-1,1.72014737129211,242.080926895142,234.204530715942,49.8740673065186,284.078598022461,Congruent,Right,Left,Right,Left,Left,0,1,1,0,1,1,1,0,0,0,0,1,1,1,0,0,0,0,1,532,412,20260728_t1405_srsSmooth_training_B006,44,24,39.8369770685832,1.63006401062012,2,1,85,1,1,0,0,1,1
20260728_t1405_srsSmooth_training,srs_smooth_training,trial0734.mat,734,734,532,6,181,44,96,76,20,8,2,2,7,2,75,3859,2,0,1,2,2,2,1,1,0,0,,0,11,0,1,0,0,0,0,43,95,95,43,-52,NaN,1,0,138.533339491802,51.4666605081985,138.533339491802,51.4666605081985,87.0666789836031,87.0666789836031,NaN,NaN,NaN,1785264470.92671,16797.97803084,0.610692501068115,0.0162563323974609,0.158756256103516,-1,-1,-1,-1,-1,-1,-1,-1,142.499923706055,NaN,NaN,NaN,Conflict,Right,Left,None,Left,Right,0,1,0,1,0,NaN,NaN,NaN,NaN,NaN,NaN,NaN,NaN,1,0,1,0,1,0,532,NaN,20260728_t1405_srsSmooth_training_B006,NaN,NaN,40.4078448295593,32.1979298591614,NaN,NaN,NaN,0,NaN,NaN,NaN,NaN,0
20260728_t1405_srsSmooth_training,srs_smooth_training,trial0736.mat,736,736,532,6,183,44,96,76,20,8,2,2,8,2,83,27328,2,0,2,1,2,1,1,2,2,1,CHOSE_LOW_SAL,2,455,1,0,0,0,0,0,32,94,94,32,-62,94,1,0,108.862320958537,81.1376790414631,108.862320958537,81.1376790414631,27.7246419170738,27.7246419170738,NaN,NaN,NaN,1785264474.81295,16801.86408232,2.25843930244446,0.0135095119476318,0.197448492050171,0.989306449890137,1.32189416885376,1.53915405273438,1.58917236328125,1.58917236328125,-1,-1,1.86580419540405,183.938980102539,217.259883880615,50.018310546875,267.27819442749,Conflict,Left,Right,Right,Right,Left,0,1,0,1,1,1,0,1,0,0,1,0,1,0,1,0,0,1,1,533,413,20260728_t1405_srsSmooth_training_B006,45,25,40.4726153612137,3.27553939819336,1,1,35,1,1,0,0,1,1
20260728_t1405_srsSmooth_training,srs_smooth_training,trial0746.mat,746,746,533,6,193,45,96,76,20,8,2,1,5,2,23,15770,2,0,1,2,2,2,2,2,2,2,CHOSE_HIGH_SAL,1,455,1,0,0,0,0,0,48,84,84,48,-36,84,1,0,12.5592616990679,177.440738300932,12.5592616990679,177.440738300932,-164.881476601864,164.881476601864,NaN,NaN,NaN,1785264494.82291,16821.87356784,2.15877342224121,0.0126612186431885,0.221600770950317,0.904964447021484,1.23770833015442,1.49656343460083,1.54695510864258,1.54695510864258,-1,-1,1.77419757843018,208.939552307129,258.855104446411,50.391674041748,309.246778488159,Congruent,Right,Left,Left,Left,Left,0,1,1,0,1,0,0,1,1,1,1,0,0,1,0,0,0,0,1,534,414,20260728_t1405_srsSmooth_training_B006,46,26,40.8061147133509,17.7515218257904,2,1,94,1,0,1,1,0,1
20260728_t1405_srsSmooth_training,srs_smooth_training,trial0766.mat,766,766,534,6,213,46,96,76,20,8,2,2,8,2,89,20488,2,0,2,1,2,1,1,2,1,2,CHOSE_HIGH_SAL,1,455,1,0,0,0,0,0,24,71,71,24,-47,24,1,0,168.381463337344,21.6185366626556,168.381463337344,21.6185366626556,146.762926674689,146.762926674689,NaN,NaN,NaN,1785264532.7915,16859.84155756,2.14074182510376,0.0122053623199463,0.212953567504883,0.896055936813354,1.22891926765442,1.51283431053162,1.5629575252533,1.5629575252533,-1,-1,1.8147885799408,200.748205184937,283.915042877197,50.1232147216797,334.038257598877,Conflict,Left,Right,Left,Right,Left,0,1,0,1,1,0,1,0,1,1,0,1,0,0,1,0,0,1,1,535,415,20260728_t1405_srsSmooth_training_B006,47,27,41.4389245470365,35.8098165988922,2,2,84,1,1,0,0,1,1
20260728_t1405_srsSmooth_training,srs_smooth_training,trial0781.mat,781,781,535,6,228,47,96,76,20,8,2,2,7,2,61,12292,2,0,1,2,2,2,1,1,1,1,CHOSE_HIGH_SAL,1,455,1,0,0,0,0,0,28,82,82,28,-54,28,1,0,170.500419726483,19.4995802735172,170.500419726483,19.4995802735172,151.000839452966,151.000839452966,NaN,NaN,NaN,1785264562.37132,16889.4208298,2.13727045059204,0.0168576240539551,0.242336988449097,0.967377424240112,1.30024075508118,1.47607016563416,1.52570939064026,1.52570939064026,-1,-1,1.81111264228821,225.479364395142,175.829410552979,49.6392250061035,225.468635559082,Conflict,Right,Left,Right,Left,Right,0,1,0,1,1,1,1,0,1,0,0,1,0,1,0,1,0,1,1,536,416,20260728_t1405_srsSmooth_training_B006,48,28,41.9319216410319,27.439083814621,1,2,24,1,0,1,1,0,1
20260728_t1405_srsSmooth_training,srs_smooth_training,trial0795.mat,795,795,536,6,242,48,96,76,20,8,2,2,8,2,84,17387,2,0,2,1,2,1,1,2,2,1,CHOSE_LOW_SAL,2,455,1,0,0,0,0,0,63,69,69,63,-6,69,1,180,308.139952401672,241.860047598328,128.139952401672,61.8600475983276,66.2799048033449,66.2799048033449,NaN,NaN,NaN,1785264589.83838,16916.88721512,2.0706832408905,0.0175356864929199,0.268108367919922,0.893131732940674,1.2259156703949,1.42638635635376,1.47673368453979,1.47673368453979,-1,-1,1.70326018333435,250.572681427002,200.470685958862,50.3473281860352,250.818014144897,Conflict,Left,Right,Right,Right,Left,0,1,0,1,1,1,0,1,0,0,1,0,1,0,1,0,0,1,1,537,417,20260728_t1405_srsSmooth_training_B006,49,29,42.3897058924039,25.3297846317291,1,1,28,1,1,0,0,1,1
20260728_t1405_srsSmooth_training,srs_smooth_training,trial0796.mat,796,796,537,6,243,49,96,76,20,8,2,1,6,2,52,24883,2,0,2,1,2,1,2,1,2,1,CHOSE_HIGH_SAL,1,455,1,0,0,0,0,0,51,78,78,51,-27,78,1,0,45.8975071843389,144.102492815661,45.8975071843389,144.102492815661,-98.2049856313222,98.2049856313222,NaN,NaN,NaN,1785264593.60858,16920.65747284,2.30107569694519,0.0141458511352539,0.239805459976196,1.01479339599609,1.34753084182739,1.61496424674988,1.65648365020752,1.65648365020752,-1,-1,1.92499303817749,225.659608840942,267.433404922485,41.5194034576416,308.952808380127,Congruent,Left,Right,Right,Right,Right,0,1,1,0,1,1,0,1,1,0,1,0,0,0,1,1,0,0,1,538,418,20260728_t1405_srsSmooth_training_B006,50,30,42.4525426030159,1.69951939582825,2,1,69,1,0,0,1,1,1
20260728_t1405_srsSmooth_training,srs_smooth_training,trial0797.mat,797,797,538,6,244,50,96,76,20,8,2,2,7,2,67,20463,2,0,1,2,2,2,1,1,1,1,CHOSE_HIGH_SAL,1,455,1,0,0,0,0,0,48,89,89,48,-41,48,1,180,317.39980748692,232.60019251308,137.39980748692,52.6001925130799,84.7996149738401,84.7996149738401,NaN,NaN,NaN,1785264597.6039,16924.65270764,2.17217993736267,0.0106487274169922,0.244343996047974,0.969619274139404,1.30236577987671,1.51940250396729,1.5611424446106,1.5611424446106,-1,-1,1.82166314125061,233.695268630981,217.036724090576,41.7399406433105,258.776664733887,Conflict,Right,Left,Right,Left,Right,0,1,0,1,1,1,1,0,1,0,0,1,0,1,0,1,0,1,1,539,419,20260728_t1405_srsSmooth_training_B006,51,31,42.5191312551498,1.69424343109131,2,1,78,1,1,0,0,1,1
20260728_t1405_srsSmooth_training,srs_smooth_training,trial0798.mat,798,798,539,6,245,51,96,76,20,8,2,1,5,2,31,7632,2,0,1,2,2,2,2,2,1,1,CHOSE_LOW_SAL,2,455,1,0,0,0,0,0,31,64,64,31,-33,31,1,180,238.170131551746,311.829868448254,58.1701315517456,131.829868448254,-73.6597368965088,73.6597368965088,NaN,NaN,NaN,1785264601.42231,16928.47090736,1.97895240783691,0.0173892974853516,0.201671123504639,0.801465511322021,1.13410043716431,1.37624955177307,1.4263916015625,1.4263916015625,-1,-1,1.64484429359436,184.281826019287,242.149114608765,50.1420497894287,292.291164398193,Congruent,Right,Left,Right,Left,Left,0,1,1,0,1,1,1,0,0,0,0,1,1,1,0,0,0,0,1,540,420,20260728_t1405_srsSmooth_training_B006,52,32,42.582771396637,1.64622855186462,1,1,48,1,0,0,1,1,1
20260728_t1405_srsSmooth_training,srs_smooth_training,trial0799.mat,799,799,540,6,246,52,96,76,20,8,2,1,6,2,55,3114,2,0,2,1,2,1,2,1,2,1,CHOSE_HIGH_SAL,1,455,1,0,0,0,0,0,46,69,69,46,-23,69,1,0,75.3350033807505,114.664996619249,75.3350033807505,114.66499661925,-39.329993238499,39.329993238499,NaN,NaN,NaN,1785264605.01301,16932.06152856,2.04658460617065,0.0184898376464844,0.18665599822998,0.735720157623291,1.06853079795837,1.35241556167603,1.40243053436279,1.40243053436279,-1,-1,1.67908668518066,168.166160583496,283.884763717651,50.0149726867676,333.899736404419,Congruent,Left,Right,Right,Right,Right,0,1,1,0,1,1,0,1,1,0,1,0,0,0,1,1,0,0,1,541,421,20260728_t1405_srsSmooth_training_B006,53,33,42.6426165064176,1.61175417900085,1,1,31,1,1,0,0,1,1
20260728_t1405_srsSmooth_training,srs_smooth_training,trial0800.mat,800,800,541,6,247,53,96,76,20,8,2,1,5,2,22,19907,2,0,1,2,2,2,2,2,2,2,CHOSE_HIGH_SAL,1,455,1,0,0,0,0,0,45,104,104,45,-59,104,1,180,192.897322306394,357.102677693606,12.8973223063941,177.102677693606,-164.205355387212,164.205355387212,NaN,NaN,NaN,1785264608.76712,16935.81554464,2.05136513710022,0.014533519744873,0.0153908729553223,0.656846046447754,0.981238603591919,1.3820903301239,1.43180012702942,1.43180012702942,-1,-1,1.65088629722595,0.857353210449219,400.851726531982,49.7097969055176,450.5615234375,Congruent,Right,Left,Left,Left,Left,0,1,1,0,1,0,0,1,1,1,1,0,0,1,0,0,0,0,1,542,422,20260728_t1405_srsSmooth_training_B006,54,34,42.7051848769188,1.70751762390137,2,1,69,1,0,1,1,0,1
20260728_t1405_srsSmooth_training,srs_smooth_training,trial0801.mat,801,801,542,6,248,54,96,76,20,8,2,1,5,2,38,27967,2,0,1,2,2,2,2,2,0,0,,0,11,0,1,0,0,0,0,21,68,68,21,-47,NaN,1,180,247.824587358695,302.175412641305,67.8245873586955,122.175412641305,-54.3508252826091,54.3508252826091,NaN,NaN,NaN,1785264612.55479,16939.60321668,0.128710985183716,0.0186717510223389,0.0694432258605957,-1,-1,-1,-1,-1,-1,-1,-1,50.7714748382568,NaN,NaN,NaN,Congruent,Right,Left,None,Left,Left,0,1,1,0,0,NaN,NaN,NaN,NaN,NaN,NaN,NaN,NaN,1,0,0,0,0,0,542,NaN,20260728_t1405_srsSmooth_training_B006,NaN,NaN,42.7683128237724,1.73631167411804,NaN,NaN,NaN,0,NaN,NaN,NaN,NaN,0
20260728_t1405_srsSmooth_training,srs_smooth_training,trial0802.mat,802,802,542,6,249,54,96,76,20,8,2,2,8,2,86,2712,2,0,2,1,2,1,1,2,1,2,CHOSE_HIGH_SAL,1,455,1,0,0,0,0,0,49,87,87,49,-38,49,1,0,175.385173516867,14.614826483133,175.385173516867,14.614826483133,160.770347033734,160.770347033734,NaN,NaN,NaN,1785264614.502,16941.55046632,2.27478003501892,0.013202428817749,0.263702154159546,1.00540828704834,1.33825445175171,1.58037757873535,1.6219117641449,1.6219117641449,-1,-1,1.92388319969177,250.499725341797,242.123126983643,41.5341854095459,283.657312393188,Conflict,Left,Right,Left,Right,Left,0,1,0,1,1,0,1,0,1,1,0,1,0,0,1,0,0,1,1,543,423,20260728_t1405_srsSmooth_training_B006,55,35,42.8007663448652,1.81850028038025,2,2,104,1,1,0,0,1,1
20260728_t1405_srsSmooth_training,srs_smooth_training,trial0803.mat,803,803,543,6,250,55,96,76,20,8,2,1,5,2,26,15385,2,0,1,2,2,2,2,2,1,1,CHOSE_LOW_SAL,2,455,1,0,0,0,0,0,37,103,103,37,-66,37,1,0,89.3327011080492,100.667298891951,89.3327011080493,100.667298891951,-11.3345977839015,11.3345977839015,NaN,NaN,NaN,1785264618.705,16945.753203,2.1725869178772,0.0187022686004639,0.227505207061768,0.919267892837524,1.25208425521851,1.52774524688721,1.56941151618958,1.56941151618958,-1,-1,1.83825588226318,208.802938461304,275.660991668701,41.6662693023682,317.327260971069,Congruent,Right,Left,Right,Left,Left,0,1,1,0,1,1,1,0,0,0,0,1,1,1,0,0,0,0,1,544,424,20260728_t1405_srsSmooth_training_B006,56,36,42.8708163142204,1.928218126297,1,2,49,1,0,1,1,0,1
20260728_t1405_srsSmooth_training,srs_smooth_training,trial0804.mat,804,804,544,6,251,56,96,76,20,8,2,2,8,2,82,4200,2,0,2,1,2,1,1,2,1,2,CHOSE_HIGH_SAL,1,455,1,0,0,0,0,0,25,103,103,25,-78,25,1,180,345.161002322529,204.838997677471,165.161002322529,24.8389976774709,140.322004645058,140.322004645058,NaN,NaN,NaN,1785264622.47293,16949.5210032,2.02132272720337,0.0175914764404297,0.226691007614136,0.76843523979187,1.10096740722656,1.35171175003052,1.39342975616455,1.39342975616455,-1,-1,1.69509983062744,209.099531173706,250.744342803955,41.7180061340332,292.462348937988,Conflict,Left,Right,Left,Right,Left,0,1,0,1,1,0,1,0,1,1,0,1,0,0,1,0,0,1,1,545,425,20260728_t1405_srsSmooth_training_B006,57,37,42.9336150606473,1.59533786773682,1,1,37,1,0,1,1,0,1
20260728_t1405_srsSmooth_training,srs_smooth_training,trial0805.mat,805,805,545,6,252,57,96,76,20,8,2,1,6,2,51,24092,2,0,2,1,2,1,2,1,2,1,CHOSE_HIGH_SAL,1,455,1,0,0,0,0,0,51,98,98,51,-47,98,1,180,262.783716729637,287.216283270363,82.7837167296374,107.216283270363,-24.4325665407252,24.4325665407252,NaN,NaN,NaN,1785264626.11381,16953.16193596,1.97195029258728,0.0185191631317139,0.135686635971069,0.669009208679199,1.00189113616943,1.2440299987793,1.28571128845215,1.28571128845215,-1,-1,1.5706844329834,117.167472839355,242.138862609863,41.6812896728516,283.820152282715,Congruent,Left,Right,Right,Right,Right,0,1,1,0,1,1,0,1,1,0,1,0,0,0,1,1,0,0,1,546,426,20260728_t1405_srsSmooth_training_B006,58,38,42.9942964156469,1.61955857276917,1,2,25,1,1,1,0,0,1
20260728_t1405_srsSmooth_training,srs_smooth_training,trial0806.mat,806,806,546,6,253,58,96,76,20,8,2,2,8,2,87,7361,2,0,2,1,2,1,1,2,1,2,CHOSE_HIGH_SAL,1,455,1,0,0,0,0,0,27,73,73,27,-46,27,1,0,178.74513787326,11.2548621267399,178.74513787326,11.2548621267399,167.49027574652,167.49027574652,NaN,NaN,NaN,1785264629.70712,16956.75521104,1.903151512146,0.0170161724090576,0.0179731845855713,0.601215362548828,0.933719158172607,1.31785297393799,1.35956573486328,1.35956573486328,-1,-1,1.57773494720459,0.957012176513672,384.133815765381,41.712760925293,425.846576690674,Conflict,Left,Right,Left,Right,Left,0,1,0,1,1,0,1,0,1,1,0,1,0,0,1,0,0,1,1,547,427,20260728_t1405_srsSmooth_training_B006,59,39,43.0541849176089,1.62135982513428,2,1,98,1,1,1,0,0,1
20260728_t1405_srsSmooth_training,srs_smooth_training,trial0807.mat,807,807,547,6,254,59,96,76,20,8,2,2,8,2,93,25825,2,0,2,1,2,1,1,2,2,1,CHOSE_LOW_SAL,2,455,1,0,0,0,0,0,41,96,96,41,-55,96,1,180,280.597072823469,269.402927176531,100.597072823469,89.4029271765315,11.194145646937,11.194145646937,NaN,NaN,NaN,1785264633.20694,16960.2548516,2.31244015693665,0.0173342227935791,0.234791040420532,1.00139880180359,1.33405327796936,1.65145683288574,1.6929452419281,1.6929452419281,-1,-1,1.91997003555298,217.456817626953,317.403554916382,41.4884090423584,358.89196395874,Conflict,Left,Right,Right,Right,Left,0,1,0,1,1,1,0,1,0,0,1,0,1,0,1,0,0,1,1,548,428,20260728_t1405_srsSmooth_training_B006,60,40,43.1125152309736,1.59666728973389,1,2,27,1,1,1,0,0,1
20260728_t1405_srsSmooth_training,srs_smooth_training,trial0808.mat,808,808,548,6,255,60,96,76,20,8,2,1,5,2,39,11615,2,0,1,2,2,2,2,2,0,0,,0,453,0,1,0,0,0,0,48,56,56,48,-8,NaN,1,180,196.847756997754,353.152243002246,16.8477569977541,173.152243002246,-156.304486004492,156.304486004492,NaN,NaN,NaN,1785264637.14291,16964.19075228,1.84306216239929,0.0148475170135498,0.215660810470581,1.01566958427429,1.34823250770569,-1,-1,-1,-1,-1,-1,200.813293457031,NaN,NaN,NaN,Congruent,Right,Left,None,Left,Left,0,1,1,0,0,NaN,NaN,NaN,NaN,NaN,NaN,NaN,NaN,1,0,0,0,0,0,548,NaN,20260728_t1405_srsSmooth_training_B006,NaN,NaN,43.1781148115794,1.62353467941284,NaN,NaN,NaN,0,NaN,NaN,NaN,NaN,0
20260728_t1405_srsSmooth_training,srs_smooth_training,trial0809.mat,809,809,548,6,256,60,96,76,20,8,2,1,6,2,54,26114,2,0,2,1,2,1,2,1,2,1,CHOSE_HIGH_SAL,1,455,1,0,0,0,0,0,51,108,108,51,-57,108,1,180,247.067229740827,302.932770259173,67.0672297408267,122.932770259173,-55.8655405183465,55.8655405183465,NaN,NaN,NaN,1785264640.45117,16967.499129,2.21811628341675,0.015049934387207,0.190760850906372,0.865630865097046,1.19842910766602,1.54101943969727,1.59095144271851,1.59095144271851,-1,-1,1.80952429771423,175.710916519165,342.59033203125,49.9320030212402,392.52233505249,Congruent,Left,Right,Right,Right,Right,0,1,1,0,1,1,0,1,1,0,1,0,0,0,1,1,0,0,1,549,429,20260728_t1405_srsSmooth_training_B006,61,41,43.2332524855932,1.46519827842712,2,1,96,1,0,0,1,1,1
20260728_t1405_srsSmooth_training,srs_smooth_training,trial0810.mat,810,810,549,6,257,61,96,76,20,8,2,1,5,2,35,3190,2,0,1,2,2,2,2,2,1,1,CHOSE_LOW_SAL,2,455,1,0,0,0,0,0,40,74,74,40,-34,40,1,0,82.6446149514689,107.355385048531,82.6446149514689,107.355385048531,-24.7107700970622,24.7107700970622,NaN,NaN,NaN,1785264644.28452,16971.33239448,2.06039619445801,0.0151848793029785,0.0160057544708252,0.78243350982666,1.11522793769836,1.38262224197388,1.42443323135376,1.42443323135376,-1,-1,1.71835374832153,0.82087516784668,267.394304275513,41.8109893798828,309.205293655396,Congruent,Right,Left,Right,Left,Left,0,1,1,0,1,1,1,0,0,0,0,1,1,1,0,0,0,0,1,550,430,20260728_t1405_srsSmooth_training_B006,62,42,43.2971416195234,1.61523175239563,2,1,108,1,1,0,0,1,1
20260728_t1405_srsSmooth_training,srs_smooth_training,trial0811.mat,811,811,550,6,258,62,96,76,20,8,2,2,7,2,72,29177,2,0,1,2,2,2,1,1,1,1,CHOSE_HIGH_SAL,1,455,1,0,0,0,0,0,38,110,110,38,-72,38,1,180,308.728643707763,241.271356292237,128.728643707763,61.2713562922369,67.4572874155261,67.4572874155261,NaN,NaN,NaN,1785264647.96573,16975.01346168,2.20446968078613,0.0174491405487061,0.209652185440063,0.951455593109131,1.28416514396667,1.53471183776855,1.58479976654053,1.58479976654053,-1,-1,1.86975431442261,192.203044891357,250.54669380188,50.0879287719727,300.634622573853,Conflict,Right,Left,Right,Left,Right,0,1,0,1,1,1,1,0,1,0,0,1,0,1,0,1,0,1,1,551,431,20260728_t1405_srsSmooth_training_B006,63,43,43.3584951837858,1.6208176612854,1,1,40,1,0,0,1,1,1
20260728_t1405_srsSmooth_training,srs_smooth_training,trial0812.mat,812,812,551,6,259,63,96,76,20,8,2,2,7,2,66,14294,2,0,1,2,2,2,1,1,1,1,CHOSE_HIGH_SAL,1,455,1,0,0,0,0,0,18,92,92,18,-74,18,1,180,359.202736009182,190.797263990818,179.202736009182,10.7972639908178,168.405472018364,168.405472018364,NaN,NaN,NaN,1785264651.79724,16978.84471836,2.15673589706421,0.0194239616394043,0.228585481643677,0.953391075134277,1.28613996505737,1.545241355896,1.58667993545532,1.58667993545532,-1,-1,1.83894395828247,209.161520004272,259.101390838623,41.4385795593262,300.539970397949,Conflict,Right,Left,Right,Left,Right,0,1,0,1,1,1,1,0,1,0,0,1,0,1,0,1,0,1,1,552,432,20260728_t1405_srsSmooth_training_B006,64,44,43.4223536690076,1.62703943252563,1,1,38,1,0,0,1,1,1
20260728_t1405_srsSmooth_training,srs_smooth_training,trial0813.mat,813,813,552,6,260,64,96,76,20,8,2,2,7,2,77,29873,2,0,1,2,2,2,1,1,1,1,CHOSE_HIGH_SAL,1,455,1,0,0,0,0,0,19,76,76,19,-57,19,1,0,115.030324960406,74.9696750395942,115.030324960406,74.9696750395942,40.0606499208117,40.0606499208117,NaN,NaN,NaN,1785264655.53365,16982.58117468,2.09459924697876,0.0165004730224609,0.267253637313843,0.775270700454712,1.10820960998535,1.44200658798218,1.49214816093445,1.49214816093445,-1,-1,1.77763485908508,250.753164291382,333.796977996826,50.1415729522705,383.938550949097,Conflict,Right,Left,Right,Left,Right,0,1,0,1,1,1,1,0,1,0,0,1,0,1,0,1,0,1,1,553,433,20260728_t1405_srsSmooth_training_B006,65,45,43.4846270600955,1.57966756820679,1,1,18,1,0,0,1,1,1
20260728_t1405_srsSmooth_training,srs_smooth_training,trial0814.mat,814,814,553,6,261,65,96,76,20,8,2,1,6,2,58,24205,2,0,2,1,2,1,2,1,2,1,CHOSE_HIGH_SAL,1,455,1,0,0,0,0,0,50,114,114,50,-64,114,1,180,237.570356826132,312.429643173868,57.5703568261317,132.429643173868,-74.8592863477365,74.8592863477365,NaN,NaN,NaN,1785264659.22151,16986.26907264,2.04870200157166,0.0121185779571533,0.187787055969238,0.745993852615356,1.07882642745972,1.27948427200317,1.32086992263794,1.32086992263794,-1,-1,1.63105607032776,175.668478012085,200.657844543457,41.3856506347656,242.043495178223,Congruent,Left,Right,Right,Right,Right,0,1,1,0,1,1,0,1,1,0,1,0,0,0,1,1,0,0,1,554,434,20260728_t1405_srsSmooth_training_B006,66,46,43.5460913936297,1.59326076507568,1,1,19,1,1,0,0,1,1
20260728_t1405_srsSmooth_training,srs_smooth_training,trial0815.mat,815,815,554,6,262,66,96,76,20,8,2,2,8,2,81,17763,2,0,2,1,2,1,1,2,2,1,CHOSE_LOW_SAL,2,455,1,0,0,0,0,0,51,115,115,51,-64,115,1,180,324.1147742546,225.885225745401,144.1147742546,45.8852257454005,98.229548509199,98.229548509199,NaN,NaN,NaN,1785264662.88034,16989.92784512,2.23248243331909,0.0117604732513428,0.253862857818604,0.904094696044922,1.23680853843689,1.53722906112671,1.58761668205261,1.58761668205261,-1,-1,1.81471300125122,242.102384567261,300.420522689819,50.3876209259033,350.808143615723,Conflict,Left,Right,Right,Right,Left,0,1,0,1,1,1,0,1,0,0,1,0,1,0,1,0,0,1,1,555,435,20260728_t1405_srsSmooth_training_B006,67,47,43.607071975867,1.61013293266296,2,1,114,1,0,0,1,1,1
20260728_t1405_srsSmooth_training,srs_smooth_training,trial0816.mat,816,816,555,6,263,67,96,76,20,8,2,1,5,2,25,4629,2,0,1,2,2,2,2,2,0,0,,0,453,0,1,0,0,0,0,20,100,100,20,-80,NaN,1,0,11.2505622274387,178.749437772561,11.2505622274387,178.749437772561,-167.498875545123,167.498875545123,NaN,NaN,NaN,1785264666.70834,16993.75568568,1.72016835212708,0.0172498226165771,0.209624290466309,0.893034934997559,1.22563076019287,-1,-1,-1,-1,-1,-1,192.374467849731,NaN,NaN,NaN,Congruent,Right,Left,None,Left,Left,0,1,1,0,0,NaN,NaN,NaN,NaN,NaN,NaN,NaN,NaN,1,0,0,0,0,0,555,NaN,20260728_t1405_srsSmooth_training_B006,NaN,NaN,43.6708718895912,1.59551239013672,NaN,NaN,NaN,0,NaN,NaN,NaN,NaN,0
20260728_t1405_srsSmooth_training,srs_smooth_training,trial0817.mat,817,817,555,6,264,67,96,76,20,8,2,1,5,2,25,4629,2,0,1,2,2,2,2,2,1,1,CHOSE_LOW_SAL,2,455,1,0,1,0,0,0,53,62,62,53,-9,53,1,0,56.6700992061709,133.329900793829,56.6700992061709,133.329900793829,-76.6598015876582,76.6598015876582,NaN,NaN,NaN,1785264669.87529,16996.92257576,2.10409665107727,0.0170884132385254,0.309491395950317,0.826091051101685,1.15880036354065,1.47596836090088,1.52605128288269,1.52605128288269,-1,-1,1.75280714035034,292.402982711792,317.167997360229,50.0829219818115,367.250919342041,Congruent,Right,Left,Right,Left,Left,0,1,1,0,1,1,1,0,0,0,0,1,1,1,0,0,0,0,1,556,436,20260728_t1405_srsSmooth_training_B006,68,48,43.7236544291178,1.44678401947021,2,1,115,1,1,0,0,1,1
20260728_t1405_srsSmooth_training,srs_smooth_training,trial0818.mat,818,818,556,6,265,68,96,76,20,8,2,1,5,2,39,11615,2,0,1,2,2,2,2,2,1,1,CHOSE_LOW_SAL,2,455,1,0,0,0,0,0,6,64,64,6,-58,6,1,180,251.663621719906,298.336378280094,71.6636217199057,118.336378280094,-46.6727565601885,46.6727565601885,NaN,NaN,NaN,1785264673.59809,17000.64518928,2.08122849464417,0.0111031532287598,0.270363092422485,0.886705160140991,1.21948409080505,1.47843861579895,1.52845120429993,1.52845120429993,-1,-1,1.77181339263916,259.259939193726,258.954524993896,50.0125885009766,308.967113494873,Congruent,Right,Left,Right,Left,Left,0,1,1,0,1,1,1,0,0,0,0,1,1,1,0,0,0,0,1,557,437,20260728_t1405_srsSmooth_training_B006,69,49,43.7857010642687,1.61870145797729,1,1,53,1,0,0,1,1,1
20260728_t1405_srsSmooth_training,srs_smooth_training,trial0819.mat,819,819,557,6,266,69,96,76,20,8,2,1,5,2,33,18057,2,0,1,2,2,2,2,2,0,0,,0,453,0,1,0,0,0,0,22,92,92,22,-70,NaN,1,180,203.546746192083,346.453253807917,23.546746192083,166.453253807917,-142.906507615834,142.906507615834,NaN,NaN,NaN,1785264677.34644,17004.3936526,1.61591267585754,0.0128953456878662,0.188432931900024,0.788979530334473,1.12127256393433,-1,-1,-1,-1,-1,-1,175.537586212158,NaN,NaN,NaN,Congruent,Right,Left,None,Left,Left,0,1,1,0,0,NaN,NaN,NaN,NaN,NaN,NaN,NaN,NaN,1,0,0,0,0,0,557,NaN,20260728_t1405_srsSmooth_training_B006,NaN,NaN,43.8481736580531,1.66712713241577,NaN,NaN,NaN,0,NaN,NaN,NaN,NaN,0
20260728_t1405_srsSmooth_training,srs_smooth_training,trial0820.mat,820,820,557,6,267,69,96,76,20,8,2,1,6,2,44,27471,2,0,2,1,2,1,2,1,2,1,CHOSE_HIGH_SAL,1,455,1,0,0,0,0,0,40,82,82,40,-42,82,1,180,213.089764630828,336.910235369172,33.089764630828,156.910235369172,-123.820470738344,123.820470738344,NaN,NaN,NaN,1785264680.42223,17007.4693026,2.26570701599121,0.0122332572937012,0.187811851501465,0.979430437088013,1.31228423118591,1.52951526641846,1.57941365242004,1.57941365242004,-1,-1,1.88127112388611,175.578594207764,217.231035232544,49.8983860015869,267.129421234131,Congruent,Left,Right,Right,Right,Right,0,1,1,0,1,1,0,1,1,0,1,0,0,0,1,1,0,0,1,558,438,20260728_t1405_srsSmooth_training_B006,70,50,43.8994367162387,1.4598708152771,1,1,6,1,1,0,0,1,1
20260728_t1405_srsSmooth_training,srs_smooth_training,trial0821.mat,821,821,558,6,268,70,96,76,20,8,2,1,6,2,42,29273,2,0,2,1,2,1,2,1,0,0,,0,11,0,1,0,0,0,0,20,115,115,20,-95,NaN,1,180,191.995934679594,358.004065320406,11.9959346795936,178.004065320406,-166.008130640813,166.008130640813,NaN,NaN,NaN,1785264684.29166,17011.33865576,0.136922597885132,0.0179519653320312,0.0188324451446533,-1,-1,-1,-1,-1,-1,-1,-1,0.88047981262207,NaN,NaN,NaN,Congruent,Left,Right,None,Right,Right,0,1,1,0,0,NaN,NaN,NaN,NaN,NaN,NaN,NaN,NaN,0,1,1,0,0,0,558,NaN,20260728_t1405_srsSmooth_training_B006,NaN,NaN,43.9639272689819,1.60372614860535,NaN,NaN,NaN,0,NaN,NaN,NaN,NaN,0
20260728_t1405_srsSmooth_training,srs_smooth_training,trial0822.mat,822,822,558,6,269,70,96,76,20,8,2,2,7,2,73,13447,2,0,1,2,2,2,1,1,1,1,CHOSE_HIGH_SAL,1,455,1,0,0,0,0,0,50,95,95,50,-45,50,1,180,338.144783350514,211.855216649486,158.144783350514,31.8552166494861,126.289566701028,126.289566701028,NaN,NaN,NaN,1785264685.91804,17012.96490516,2.01203083992004,0.016636848449707,0.250570774078369,0.809288740158081,1.14168167114258,1.35056662559509,1.40059113502502,1.40059113502502,-1,-1,1.66076874732971,233.933925628662,208.884954452515,50.0245094299316,258.909463882446,Conflict,Right,Left,Right,Left,Right,0,1,0,1,1,1,1,0,1,0,0,1,0,1,0,1,0,1,1,559,439,20260728_t1405_srsSmooth_training_B006,71,51,43.9910335898399,1.48945665359497,2,1,82,1,1,0,0,1,1
20260728_t1405_srsSmooth_training,srs_smooth_training,trial0823.mat,823,823,559,6,270,71,96,76,20,8,2,2,8,2,80,23835,2,0,2,1,2,1,1,2,2,1,CHOSE_LOW_SAL,2,455,1,0,0,0,0,0,13,106,106,13,-93,106,1,0,168.444453903668,21.5555460963319,168.444453903668,21.5555460963319,146.888907807336,146.888907807336,NaN,NaN,NaN,1785264689.51878,17016.56550536,2.30278944969177,0.0160396099090576,0.233175277709961,0.933505296707153,1.26608848571777,1.53330540657043,1.58326005935669,1.58326005935669,-1,-1,1.89370203018188,217.135667800903,267.216920852661,49.9546527862549,317.171573638916,Conflict,Left,Right,Right,Right,Left,0,1,0,1,1,1,0,1,0,0,1,0,1,0,1,0,0,1,1,560,440,20260728_t1405_srsSmooth_training_B006,72,52,44.0510459105174,1.58870840072632,1,1,50,1,1,0,0,1,1
20260728_t1405_srsSmooth_training,srs_smooth_training,trial0824.mat,824,824,560,6,271,72,96,76,20,8,2,2,8,2,95,2848,2,0,2,1,2,1,1,2,2,1,CHOSE_LOW_SAL,2,455,1,0,0,0,0,0,27,84,84,27,-57,84,1,0,113.279168845653,76.7208311543475,113.279168845653,76.7208311543475,36.558337691305,36.558337691305,NaN,NaN,NaN,1785264693.42404,17020.47090704,2.14805126190186,0.010930061340332,0.194713592529297,0.903071165084839,1.23597812652588,1.48646569252014,1.53646516799927,1.53646516799927,-1,-1,1.76356315612793,183.783531188965,250.487565994263,49.999475479126,300.487041473389,Conflict,Left,Right,Right,Right,Left,0,1,0,1,1,1,0,1,0,0,1,0,1,0,1,0,0,1,1,561,441,20260728_t1405_srsSmooth_training_B006,73,53,44.1161336342494,1.60247397422791,2,1,106,1,0,0,1,1,1
20260728_t1405_srsSmooth_training,srs_smooth_training,trial0825.mat,825,825,561,6,272,73,96,76,20,8,2,2,7,2,65,15250,2,0,1,2,2,2,1,1,1,1,CHOSE_HIGH_SAL,1,455,1,0,0,0,0,0,45,97,97,45,-52,45,1,0,107.66299936436,82.3370006356404,107.66299936436,82.3370006356404,25.3259987287192,25.3259987287192,NaN,NaN,NaN,1785264697.15321,17024.199863,1.86871194839478,0.0152406692504883,0.0180072784423828,0.674058198928833,1.00694680213928,1.24917960166931,1.29073023796082,1.29073023796082,-1,-1,1.52589797973633,2.76660919189453,242.232799530029,41.5506362915039,283.783435821533,Conflict,Right,Left,Right,Left,Right,0,1,0,1,1,1,1,0,1,0,0,1,0,1,0,1,0,1,1,562,442,20260728_t1405_srsSmooth_training_B006,74,54,44.1782864570618,1.58111810684204,2,1,84,1,1,0,0,1,1
20260728_t1405_srsSmooth_training,srs_smooth_training,trial0826.mat,826,826,562,6,273,74,96,76,20,8,2,2,7,2,70,28564,2,0,1,2,2,2,1,1,1,1,CHOSE_HIGH_SAL,1,455,1,0,0,0,0,0,36,114,114,36,-78,36,1,180,325.154661325273,224.845338674727,145.154661325273,44.8453386747267,100.309322650547,100.309322650547,NaN,NaN,NaN,1785264700.72124,17027.76797232,1.96709418296814,0.0140211582183838,0.206117630004883,0.722925662994385,1.05572819709778,1.33123421669006,1.37290644645691,1.37290644645691,-1,-1,1.63392901420593,192.096471786499,275.506019592285,41.6722297668457,317.178249359131,Conflict,Right,Left,Right,Left,Right,0,1,0,1,1,1,1,0,1,0,0,1,0,1,0,1,0,1,1,563,443,20260728_t1405_srsSmooth_training_B006,75,55,44.2377535820007,1.69931554794312,1,1,45,1,0,0,1,1,1
20260728_t1405_srsSmooth_training,srs_smooth_training,trial0827.mat,827,827,563,6,274,75,96,76,20,8,2,1,5,2,29,22739,2,0,1,2,2,2,2,2,0,0,,0,453,0,1,0,0,0,0,37,96,96,37,-59,NaN,1,180,198.351108186741,351.648891813259,18.351108186741,171.648891813259,-153.297783626518,153.297783626518,NaN,NaN,NaN,1785264704.30402,17031.35059544,1.58444786071777,0.0147140026092529,0.198571920394897,0.757152318954468,1.08975696563721,-1,-1,-1,-1,-1,-1,183.857917785645,NaN,NaN,NaN,Congruent,Right,Left,None,Left,Left,0,1,1,0,0,NaN,NaN,NaN,NaN,NaN,NaN,NaN,NaN,1,0,0,0,0,0,563,NaN,20260728_t1405_srsSmooth_training_B006,NaN,NaN,44.2974666039149,1.61568713188171,NaN,NaN,NaN,0,NaN,NaN,NaN,NaN,0
20260728_t1405_srsSmooth_training,srs_smooth_training,trial0828.mat,828,828,563,6,275,75,96,76,20,8,2,1,6,2,48,5319,2,0,2,1,2,1,2,1,2,1,CHOSE_HIGH_SAL,1,455,1,0,0,0,0,0,46,79,79,46,-33,79,1,0,86.0636317124939,103.936368287506,86.0636317124939,103.936368287506,-17.8727365750121,17.8727365750121,NaN,NaN,NaN,1785264707.35189,17034.39832676,2.18711161613464,0.0169665813446045,0.217652559280396,0.925801992416382,1.2586817741394,1.53417944908142,1.58419275283813,1.58419275283813,-1,-1,1.81181359291077,200.685977935791,275.497674942017,50.0133037567139,325.51097869873,Congruent,Left,Right,Right,Right,Right,0,1,1,0,1,1,0,1,1,0,1,0,0,0,1,1,0,0,1,564,444,20260728_t1405_srsSmooth_training_B006,76,56,44.3482644041379,1.46342015266418,1,1,36,1,1,0,0,1,1
20260728_t1405_srsSmooth_training,srs_smooth_training,trial0829.mat,829,829,564,6,276,76,96,76,20,8,2,2,7,2,63,27175,2,0,1,2,2,2,1,1,1,1,CHOSE_HIGH_SAL,1,455,1,0,0,0,0,0,28,90,90,28,-62,28,1,0,118.059591449728,71.9404085502718,118.059591449728,71.9404085502718,46.1191828994565,46.1191828994565,NaN,NaN,NaN,1785264711.16899,17038.21545168,2.01160073280334,0.0166854858398438,0.0182609558105469,0.583774328231812,0.916720390319824,1.34221196174622,1.39221048355103,1.39221048355103,-1,-1,1.6864972114563,1.57546997070312,425.491571426392,49.9985218048096,475.490093231201,Conflict,Right,Left,Right,Left,Right,0,1,0,1,1,1,1,0,1,0,0,1,0,1,0,1,0,1,1,565,445,20260728_t1405_srsSmooth_training_B006,77,57,44.4118827104569,1.62998676300049,2,1,79,1,1,0,0,1,1
20260728_t1405_srsSmooth_training,srs_smooth_training,trial0830.mat,830,830,565,6,277,77,96,76,20,8,2,2,8,2,88,27931,2,0,2,1,2,1,1,2,2,1,CHOSE_LOW_SAL,2,455,1,0,0,0,0,0,18,97,97,18,-79,97,1,0,176.199511005968,13.8004889940318,176.199511005968,13.8004889940318,162.399022011936,162.399022011936,NaN,NaN,NaN,1785264714.78572,17041.83208072,2.02804517745972,0.0167608261108398,0.225850820541382,0.750556707382202,1.08346962928772,1.34226632118225,1.38406753540039,1.38406753540039,-1,-1,1.62736058235168,209.089994430542,258.796691894531,41.8012142181396,300.597906112671,Conflict,Left,Right,Right,Right,Left,0,1,0,1,1,1,0,1,0,0,1,0,1,0,1,0,0,1,1,566,446,20260728_t1405_srsSmooth_training_B006,78,58,44.4721616069476,1.60513305664062,1,1,28,1,1,0,0,1,1
20260728_t1405_srsSmooth_training,srs_smooth_training,trial0831.mat,831,831,566,6,278,78,96,76,20,8,2,2,8,2,90,23226,2,0,2,1,2,1,1,2,2,1,CHOSE_LOW_SAL,2,455,1,0,0,0,0,0,35,66,66,35,-31,66,1,180,289.159082810661,260.840917189339,109.159082810661,80.8409171893393,28.3181656213213,28.3181656213213,NaN,NaN,NaN,1785264718.4143,17045.4605992,2.25049233436584,0.0133233070373535,0.263845205307007,0.980510234832764,1.31337547302246,1.58910274505615,1.63902854919434,1.63902854919434,-1,-1,1.88241004943848,250.521898269653,275.727272033691,49.9258041381836,325.653076171875,Conflict,Left,Right,Right,Right,Left,0,1,0,1,1,1,0,1,0,0,1,0,1,0,1,0,0,1,1,567,447,20260728_t1405_srsSmooth_training_B006,79,59,44.532637945811,1.60053515434265,2,1,97,1,0,0,1,1,1
20260728_t1405_srsSmooth_training,srs_smooth_training,trial0832.mat,832,832,567,6,279,79,96,76,20,8,2,2,8,2,78,5130,2,0,2,1,2,1,1,2,2,1,CHOSE_LOW_SAL,2,455,1,0,0,0,0,0,57,85,85,57,-28,85,1,180,283.329658416959,266.670341583041,103.329658416959,86.6703415830414,16.6593168339173,16.6593168339173,NaN,NaN,NaN,1785264722.27494,17049.32104016,2.00637149810791,0.0195000171661377,0.0205950736999512,0.686903953552246,1.01953983306885,1.31187224388123,1.36179256439209,1.36179256439209,-1,-1,1.62284708023071,1.09505653381348,292.332410812378,49.9203205108643,342.252731323242,Conflict,Left,Right,Right,Right,Left,0,1,0,1,1,1,0,1,0,0,1,0,1,0,1,0,0,1,1,568,448,20260728_t1405_srsSmooth_training_B006,80,60,44.5969819863637,1.61015009880066,2,1,66,1,0,0,1,1,1
20260728_t1405_srsSmooth_training,srs_smooth_training,trial0833.mat,833,833,568,6,280,80,96,76,20,8,2,1,6,2,49,26580,2,0,2,1,2,1,2,1,2,1,CHOSE_HIGH_SAL,1,455,1,0,0,0,0,0,61,94,94,61,-33,94,1,180,238.939841914937,311.060158085063,58.9398419149373,131.060158085063,-72.1203161701254,72.1203161701254,NaN,NaN,NaN,1785264725.88528,17052.93144432,2.07880282402039,0.0176358222961426,0.235102891921997,0.851666212081909,1.18434882164001,1.42675185203552,1.4682993888855,1.4682993888855,-1,-1,1.68665599822998,217.467069625854,242.403030395508,41.5475368499756,283.950567245483,Congruent,Left,Right,Right,Right,Right,0,1,1,0,1,1,0,1,1,0,1,0,0,0,1,1,0,0,1,569,449,20260728_t1405_srsSmooth_training_B006,81,61,44.6571543216705,1.60396862030029,2,1,85,1,0,0,1,1,1
20260728_t1405_srsSmooth_training,srs_smooth_training,trial0834.mat,834,834,569,6,281,81,96,76,20,8,2,1,6,2,46,7962,2,0,2,1,2,1,2,1,2,1,CHOSE_HIGH_SAL,1,455,1,0,0,0,0,0,43,71,71,43,-28,71,1,0,16.6786712102427,173.321328789757,16.6786712102427,173.321328789757,-156.642657579515,156.642657579515,NaN,NaN,NaN,1785264729.60105,17056.64719716,1.98907923698425,0.0186817646026611,0.01979660987854,0.727997064590454,1.06038856506348,1.29465222358704,1.34468340873718,1.34468340873718,-1,-1,1.62148189544678,1.11484527587891,234.26365852356,50.0311851501465,284.294843673706,Congruent,Left,Right,Right,Right,Right,0,1,1,0,1,1,0,1,1,0,1,0,0,0,1,1,0,0,1,570,450,20260728_t1405_srsSmooth_training_B006,82,62,44.7190837740898,1.63696432113647,2,1,94,1,0,0,1,1,1
20260728_t1405_srsSmooth_training,srs_smooth_training,trial0835.mat,835,835,570,6,282,82,96,76,20,8,2,1,5,2,30,8056,2,0,1,2,2,2,2,2,1,1,CHOSE_LOW_SAL,2,455,1,0,0,0,0,0,35,79,79,35,-44,35,1,0,28.9390994326171,161.060900567383,28.9390994326171,161.060900567383,-132.121801134766,132.121801134766,NaN,NaN,NaN,1785264733.23395,17060.27980476,1.82248616218567,0.0109200477600098,0.0121719837188721,0.628360271453857,0.960958003997803,1.21990251541138,1.26181411743164,1.26181411743164,-1,-1,1.48878812789917,1.2519359588623,258.944511413574,41.9116020202637,300.856113433838,Congruent,Right,Left,Right,Left,Left,0,1,1,0,1,1,1,0,0,0,0,1,1,1,0,0,0,0,1,571,451,20260728_t1405_srsSmooth_training_B006,83,63,44.7796321670214,1.64382433891296,2,1,71,1,1,0,0,1,1
20260728_t1405_srsSmooth_training,srs_smooth_training,trial0836.mat,836,836,571,6,283,83,96,76,20,8,2,1,5,2,21,10134,2,0,1,2,2,2,2,2,1,1,CHOSE_LOW_SAL,2,455,1,0,0,0,0,0,37,64,64,37,-27,37,1,0,90.078843284972,99.921156715028,90.078843284972,99.921156715028,-9.84231343005604,9.84231343005604,NaN,NaN,NaN,1785264736.65404,17063.69997228,2.10239887237549,0.0159695148468018,0.183159112930298,0.933216333389282,1.26601839065552,1.49146485328674,1.54147958755493,1.54147958755493,-1,-1,1.76817440986633,167.189598083496,225.446462631226,50.0147342681885,275.461196899414,Congruent,Right,Left,Right,Left,Left,0,1,1,0,1,1,1,0,0,0,0,1,1,1,0,0,0,0,1,572,452,20260728_t1405_srsSmooth_training_B006,84,64,44.8366335948308,1.59759950637817,1,1,35,1,0,0,1,1,1
20260728_t1405_srsSmooth_training,srs_smooth_training,trial0837.mat,837,837,572,6,284,84,96,76,20,8,2,2,8,2,96,26857,2,0,2,1,2,1,1,2,2,1,CHOSE_LOW_SAL,2,455,1,0,0,0,0,0,32,65,65,32,-33,65,1,180,291.918387319987,258.081612680013,111.918387319987,78.0816126800133,33.8367746399733,33.8367746399733,NaN,NaN,NaN,1785264740.34472,17067.39055732,2.01157355308533,0.0170967578887939,0.167894124984741,0.76774263381958,1.10047316551208,1.30932760238647,1.35938930511475,1.35938930511475,-1,-1,1.644615650177,150.797367095947,208.85443687439,50.0617027282715,258.916139602661,Conflict,Left,Right,Right,Right,Left,0,1,0,1,1,1,0,1,0,0,1,0,1,0,1,0,0,1,1,573,453,20260728_t1405_srsSmooth_training_B006,85,65,44.8981449842453,1.58828449249268,1,1,37,1,1,0,0,1,1
20260728_t1405_srsSmooth_training,srs_smooth_training,trial0838.mat,838,838,573,6,285,85,96,76,20,8,2,2,8,2,94,21713,2,0,2,1,2,1,1,2,1,2,CHOSE_HIGH_SAL,1,455,1,0,0,0,0,0,51,104,104,51,-53,51,1,0,175.817900583995,14.182099416005,175.817900583995,14.182099416005,161.63580116799,161.63580116799,NaN,NaN,NaN,1785264743.94218,17070.9878972,2.34858465194702,0.0197811126708984,0.262020349502563,1.0373170375824,1.36983299255371,1.64550352096558,1.69566059112549,1.69566059112549,-1,-1,1.997074842453,242.239236831665,275.670528411865,50.1570701599121,325.827598571777,Conflict,Left,Right,Left,Right,Left,0,1,0,1,1,0,1,0,1,1,0,1,0,0,1,0,0,1,1,574,454,20260728_t1405_srsSmooth_training_B006,86,66,44.9581025997798,1.58588337898254,2,1,65,1,1,1,0,0,1
20260728_t1405_srsSmooth_training,srs_smooth_training,trial0839.mat,839,839,574,6,286,86,96,76,20,8,2,2,7,2,74,21012,2,0,1,2,2,2,1,1,1,1,CHOSE_HIGH_SAL,1,455,1,0,0,0,0,0,33,78,78,33,-45,33,1,0,165.972984735205,24.0270152647948,165.972984735205,24.0270152647948,141.945969470411,141.945969470411,NaN,NaN,NaN,1785264747.85897,17074.904521,2.23138904571533,0.0114781856536865,0.178816318511963,0.920873165130615,1.25319337844849,1.52872943878174,1.57902693748474,1.57902693748474,-1,-1,1.89721703529358,167.338132858276,275.536060333252,50.2974987030029,325.833559036255,Conflict,Right,Left,Right,Left,Right,0,1,0,1,1,1,1,0,1,0,0,1,0,1,0,1,0,1,1,575,455,20260728_t1405_srsSmooth_training_B006,87,67,45.0233823974927,1.56820321083069,1,2,51,1,0,1,1,0,1
20260728_t1405_srsSmooth_training,srs_smooth_training,trial0840.mat,840,840,575,6,287,87,96,76,20,8,2,1,5,2,24,18541,2,0,1,2,2,2,2,2,2,2,CHOSE_HIGH_SAL,1,455,1,0,0,0,0,0,37,97,97,37,-60,97,1,0,94.9848952756472,95.0151047243528,94.9848952756472,95.0151047243528,-0.0302094487055911,0.0302094487055911,NaN,NaN,NaN,1785264751.66869,17078.71429088,2.19742298126221,0.0185697078704834,0.194489479064941,0.869301795959473,1.20194864273071,1.53585481643677,1.57789850234985,1.57789850234985,-1,-1,1.79668402671814,175.919771194458,333.906173706055,42.0436859130859,375.949859619141,Congruent,Right,Left,Left,Left,Left,0,1,1,0,1,0,0,1,1,1,1,0,0,1,0,0,0,0,1,576,456,20260728_t1405_srsSmooth_training_B006,88,68,45.0868778069814,1.57833552360535,1,1,33,1,1,1,0,0,1
20260728_t1405_srsSmooth_training,srs_smooth_training,trial0841.mat,841,841,576,6,288,88,96,76,20,8,2,1,5,2,38,27967,2,0,1,2,2,2,2,2,2,2,CHOSE_HIGH_SAL,1,455,1,0,0,0,0,0,50,86,86,50,-36,86,1,0,47.1526043682162,142.847395631784,47.1526043682162,142.847395631784,-95.6947912635676,95.6947912635676,NaN,NaN,NaN,1785264755.45934,17082.50489508,2.15669274330139,0.0113983154296875,0.195400238037109,0.928725242614746,1.26144623756409,1.49523138999939,1.53733205795288,1.53733205795288,-1,-1,1.772292137146,184.001922607422,233.785152435303,42.1006679534912,275.885820388794,Congruent,Right,Left,Left,Left,Left,0,1,1,0,1,0,0,1,1,1,1,0,0,1,0,0,0,0,1,577,457,20260728_t1405_srsSmooth_training_B006,89,69,45.1500553329786,1.5932285785675,2,2,97,1,0,0,1,1,1
20260728_t1405_srsSmooth_training,srs_smooth_training,trial0843.mat,843,843,577,6,290,89,96,76,20,8,2,2,7,2,75,3859,2,0,1,2,2,2,1,1,1,1,CHOSE_HIGH_SAL,1,455,1,0,0,0,0,0,45,74,74,45,-29,45,1,180,354.479647411174,195.520352588826,174.479647411174,15.5203525888261,158.959294822348,158.959294822348,NaN,NaN,NaN,1785264760.95541,17088.0008114,1.92720770835876,0.0155460834503174,0.191050291061401,0.749363660812378,1.08225393295288,1.2745680809021,1.31628251075745,1.31628251075745,-1,-1,1.58483242988586,175.504207611084,192.314147949219,41.7144298553467,234.028577804565,Conflict,Right,Left,Right,Left,Right,0,1,0,1,1,1,1,0,1,0,0,1,0,1,0,1,0,1,1,578,458,20260728_t1405_srsSmooth_training_B006,90,70,45.2416564186414,3.33937239646912,2,2,86,1,1,1,0,0,1
20260728_t1405_srsSmooth_training,srs_smooth_training,trial0844.mat,844,844,578,6,291,90,96,76,20,8,2,2,8,2,92,30275,2,0,2,1,2,1,1,2,1,2,CHOSE_HIGH_SAL,1,455,1,0,0,0,0,0,40,79,79,40,-39,40,1,0,179.659039784918,10.3409602150817,179.659039784918,10.3409602150817,169.318079569837,169.318079569837,NaN,NaN,NaN,1785264764.48881,17091.53411424,1.89428544044495,0.0156192779541016,0.017003059387207,0.624711513519287,0.957323312759399,1.26628994941711,1.30771374702454,1.30771374702454,-1,-1,1.55170083045959,1.38378143310547,308.966636657715,41.4237976074219,350.390434265137,Conflict,Left,Right,Left,Right,Left,0,1,0,1,1,0,1,0,1,1,0,1,0,0,1,0,0,1,1,579,459,20260728_t1405_srsSmooth_training_B006,91,71,45.3005463639895,1.60618901252747,1,1,45,1,0,1,1,0,1
20260728_t1405_srsSmooth_training,srs_smooth_training,trial0845.mat,845,845,579,6,292,91,96,76,20,8,2,1,6,2,50,2248,2,0,2,1,2,1,2,1,2,1,CHOSE_HIGH_SAL,1,455,1,0,0,0,0,0,46,62,62,46,-16,62,1,0,65.9124442349635,124.087555765037,65.9124442349635,124.087555765037,-58.1751115300731,58.1751115300731,NaN,NaN,NaN,1785264768.04689,17095.09214644,2.01888489723206,0.0160057544708252,0.141484022140503,0.708398580551147,1.04104495048523,1.32517957687378,1.3665759563446,1.3665759563446,-1,-1,1.65995144844055,125.478267669678,284.13462638855,41.3963794708252,325.531005859375,Congruent,Left,Right,Right,Right,Right,0,1,1,0,1,1,0,1,1,0,1,0,0,0,1,1,0,0,1,580,460,20260728_t1405_srsSmooth_training_B006,92,72,45.359847788016,1.66380000114441,1,2,40,1,1,1,0,0,1
20260728_t1405_srsSmooth_training,srs_smooth_training,trial0846.mat,846,846,580,6,293,92,96,76,20,8,2,1,5,2,29,22739,2,0,1,2,2,2,2,2,1,1,CHOSE_LOW_SAL,2,455,1,0,0,0,0,0,23,76,76,23,-53,23,1,0,18.2933079582916,171.706692041708,18.2933079582916,171.706692041708,-153.413384083417,153.413384083417,NaN,NaN,NaN,1785264772.02127,17099.06641744,2.11963534355164,0.0167758464813232,0.142097473144531,0.825498342514038,1.15848684310913,1.47554063796997,1.51724433898926,1.51724433898926,-1,-1,1.79399085044861,125.321626663208,317.05379486084,41.7037010192871,358.757495880127,Congruent,Right,Left,Right,Left,Left,0,1,1,0,1,1,1,0,0,0,0,1,1,1,0,0,0,0,1,581,461,20260728_t1405_srsSmooth_training_B006,93,73,45.4260875066121,1.95549821853638,2,1,62,1,1,0,0,1,1
20260728_t1405_srsSmooth_training,srs_smooth_training,trial0847.mat,847,847,581,6,294,93,96,76,20,8,2,1,6,2,42,29273,2,0,2,1,2,1,2,1,2,1,CHOSE_HIGH_SAL,1,455,1,0,0,0,0,0,33,97,97,33,-64,97,1,0,12.6970393613384,177.302960638662,12.6970393613384,177.302960638662,-164.605921277323,164.605921277323,NaN,NaN,NaN,1785264775.85538,17102.90050208,2.24455761909485,0.0161468982696533,0.274976491928101,1.00001549720764,1.33286499977112,1.55821371078491,1.60825634002686,1.60825634002686,-1,-1,1.84347629547119,258.829593658447,225.348711013794,50.0426292419434,275.391340255737,Congruent,Left,Right,Right,Right,Right,0,1,1,0,1,1,0,1,1,0,1,0,0,0,1,1,0,0,1,582,462,20260728_t1405_srsSmooth_training_B006,94,74,45.4899893522263,1.71447539329529,1,1,23,1,1,0,0,1,1
20260728_t1405_srsSmooth_training,srs_smooth_training,trial0848.mat,848,848,582,6,295,94,96,76,20,8,2,1,6,2,47,11410,2,0,2,1,2,1,2,1,2,1,CHOSE_HIGH_SAL,1,455,1,0,0,0,0,0,34,87,87,34,-53,87,1,0,35.2350384246402,154.76496157536,35.2350384246402,154.76496157536,-119.52992315072,119.52992315072,NaN,NaN,NaN,1785264779.70737,17106.75241184,2.35089945793152,0.0143060684204102,0.240174055099487,1.03987908363342,1.3726921081543,1.62328386306763,1.6734094619751,1.6734094619751,-1,-1,1.96650123596191,225.867986679077,250.59175491333,50.1255989074707,300.717353820801,Congruent,Left,Right,Right,Right,Right,0,1,1,0,1,1,0,1,1,0,1,0,0,0,1,1,0,0,1,583,463,20260728_t1405_srsSmooth_training_B006,95,75,45.5541891853015,1.60743236541748,2,1,97,1,0,0,1,1,1
20260728_t1405_srsSmooth_training,srs_smooth_training,trial0849.mat,849,849,583,6,296,95,96,76,20,8,2,1,5,2,33,18057,2,0,1,2,2,2,2,2,0,0,,0,454,0,1,0,0,0,0,68,79,79,68,-11,NaN,1,180,192.762999482863,357.237000517137,12.762999482863,177.237000517137,-164.474001034274,164.474001034274,NaN,NaN,NaN,1785264783.66028,17110.70511028,1.48116517066956,0.0115487575531006,0.0123558044433594,0.67033052444458,1.00325393676758,1.41215062141418,-1,-1,-1,-1,-1,0.807046890258789,408.896684646606,NaN,NaN,Congruent,Right,Left,None,Left,Left,0,1,1,0,0,NaN,NaN,NaN,NaN,NaN,NaN,NaN,NaN,1,0,0,0,0,0,583,NaN,20260728_t1405_srsSmooth_training_B006,NaN,NaN,45.6200710217158,1.60201072692871,NaN,NaN,NaN,0,NaN,NaN,NaN,NaN,0
20260728_t1405_srsSmooth_training,srs_smooth_training,trial0852.mat,852,852,583,6,299,95,96,76,20,8,2,1,5,2,33,18057,2,0,1,2,2,2,2,2,1,1,CHOSE_LOW_SAL,2,455,1,0,0,0,0,0,30,55,55,30,-25,30,1,180,250.20534589041,299.79465410959,70.2053458904104,119.79465410959,-49.5893082191792,49.5893082191792,NaN,NaN,NaN,1785264790.16374,17117.20855412,1.8954644203186,0.0166783332824707,0.017531156539917,0.617377281188965,0.950047492980957,1.20069551467896,1.25079035758972,1.25079035758972,-1,-1,1.56144118309021,0.852823257446289,250.648021697998,50.0948429107666,300.742864608765,Congruent,Right,Left,Right,Left,Left,0,1,1,0,1,1,1,0,0,0,0,1,1,1,0,0,0,0,1,584,464,20260728_t1405_srsSmooth_training_B006,96,76,45.7284619450569,5.02229022979736,2,1,87,1,1,0,0,1,1
20260728_t1405_srsSmooth_training,srs_smooth_training,trial0853.mat,853,853,584,7,1,0,96,76,20,8,1,0,2,1,7,3673,1,1,2,1,1,2,1,2,0,0,,0,454,0,1,0,0,0,0,192,51,192,51,141,NaN,1,0,180,10,180,10,170,170,NaN,NaN,NaN,1785264793.67559,17120.72041672,1.70983099937439,0.0133006572723389,0.22232723236084,0.855863809585571,1.18834543228149,1.60553288459778,-1,-1,-1,-1,-1,209.026575088501,417.187452316284,NaN,NaN,Instruction,Left,Right,None,Left,Left,1,0,0,0,0,NaN,NaN,NaN,NaN,NaN,NaN,NaN,NaN,0,0,0,1,1,0,584,NaN,20260728_t1405_srsSmooth_training_B007,NaN,NaN,45.7869927247365,1.61638236045837,NaN,NaN,NaN,0,NaN,NaN,NaN,NaN,0
20260728_t1405_srsSmooth_training,srs_smooth_training,trial0867.mat,867,867,584,7,15,0,96,76,20,8,1,0,2,1,10,5838,1,1,2,1,1,2,1,2,0,0,,0,11,0,1,0,0,0,0,179,59,179,59,120,NaN,1,180,0,190,180,10,170,170,NaN,NaN,NaN,1785264820.19437,17147.23865228,0.814444541931152,0.0122089385986328,0.246312618255615,-1,-1,-1,-1,-1,-1,-1,-1,234.103679656982,NaN,NaN,NaN,Instruction,Left,Right,None,Left,Left,1,0,0,0,0,NaN,NaN,NaN,NaN,NaN,NaN,NaN,NaN,0,0,0,1,1,0,584,NaN,20260728_t1405_srsSmooth_training_B007,NaN,NaN,46.2289724707603,24.8089537620544,NaN,NaN,NaN,0,NaN,NaN,NaN,NaN,0
20260728_t1405_srsSmooth_training,srs_smooth_training,trial0874.mat,874,874,584,7,22,0,96,76,20,8,1,0,3,1,14,15564,1,2,2,1,1,2,2,1,2,1,SINGLE_T2_CORRECT,11,455,1,0,0,0,0,0,231,53,231,53,178,53,1,0,10,180,10,180,-170,170,NaN,NaN,NaN,1785264833.28485,17160.32882812,2.28433156013489,0.0139033794403076,0.272838592529297,1.04787182807922,1.38062214851379,1.58112049102783,1.63112115859985,1.63112115859985,-1,-1,1.93282413482666,258.935213088989,200.498342514038,50.0006675720215,250.49901008606,Instruction,Left,Right,Right,Left,Right,1,0,0,0,0,NaN,NaN,NaN,NaN,NaN,NaN,NaN,NaN,0,0,1,1,0,0,585,NaN,20260728_t1405_srsSmooth_training_B007,1,NaN,46.4471471468608,12.2760360240936,NaN,NaN,NaN,0,NaN,NaN,NaN,NaN,0
20260728_t1405_srsSmooth_training,srs_smooth_training,trial0907.mat,907,907,585,7,55,1,96,76,20,8,1,0,1,1,5,13140,1,1,1,2,1,1,1,1,0,0,,0,11,0,1,0,0,0,0,184,58,184,58,126,NaN,1,0,180,10,180,10,170,170,NaN,NaN,NaN,1785264894.18383,17221.22665512,0.636312961578369,0.0172948837280273,0.19269585609436,-1,-1,-1,-1,-1,-1,-1,-1,175.400972366333,NaN,NaN,NaN,Instruction,Right,Left,None,Right,Right,1,0,0,0,0,NaN,NaN,NaN,NaN,NaN,NaN,NaN,NaN,1,1,1,1,1,0,585,NaN,20260728_t1405_srsSmooth_training_B007,NaN,NaN,47.4621301690737,58.614649772644,NaN,NaN,NaN,0,NaN,NaN,NaN,NaN,0
20260728_t1405_srsSmooth_training,srs_smooth_training,trial0922.mat,922,922,585,7,70,1,96,76,20,8,1,0,2,1,10,5838,1,1,2,1,1,2,1,2,0,0,,0,11,0,1,0,0,0,0,172,75,172,75,97,NaN,1,0,180,10,180,10,170,170,NaN,NaN,NaN,1785264921.55438,17248.5965428,0.107820510864258,0.0144855976104736,0.0155236721038818,-1,-1,-1,-1,-1,-1,-1,-1,1.0380744934082,NaN,NaN,NaN,Instruction,Left,Right,None,Left,Left,1,0,0,0,0,NaN,NaN,NaN,NaN,NaN,NaN,NaN,NaN,0,0,0,1,1,0,585,NaN,20260728_t1405_srsSmooth_training_B007,NaN,NaN,47.9183059771856,26.7342355251312,NaN,NaN,NaN,0,NaN,NaN,NaN,NaN,0
20260728_t1405_srsSmooth_training,srs_smooth_training,trial0941.mat,941,941,585,7,89,1,96,76,20,8,1,0,4,1,19,828,1,2,1,2,1,1,2,2,0,0,,0,11,0,1,0,0,0,0,190,65,190,65,125,NaN,1,0,10,180,10,180,-170,170,NaN,NaN,NaN,1785264955.36739,17282.40892652,0.779980182647705,0.019467830657959,0.278164625167847,-1,-1,-1,-1,-1,-1,-1,-1,258.696794509888,NaN,NaN,NaN,Instruction,Right,Left,None,Right,Left,1,0,0,0,0,NaN,NaN,NaN,NaN,NaN,NaN,NaN,NaN,1,1,0,1,0,0,585,NaN,20260728_t1405_srsSmooth_training_B007,NaN,NaN,48.4818561871847,33.7051920890808,NaN,NaN,NaN,0,NaN,NaN,NaN,NaN,0
20260728_t1405_srsSmooth_training,srs_smooth_training,trial0958.mat,958,958,585,7,106,1,96,76,20,8,1,0,2,1,7,3673,1,1,2,1,1,2,1,2,0,0,,0,11,0,1,0,0,0,0,179,43,179,43,136,NaN,1,0,180,10,180,10,170,170,NaN,NaN,NaN,1785264986.19415,17313.23510528,0.31221866607666,0.0189287662506104,0.144471168518066,-1,-1,-1,-1,-1,-1,-1,-1,125.542402267456,NaN,NaN,NaN,Instruction,Left,Right,None,Left,Left,1,0,0,0,0,NaN,NaN,NaN,NaN,NaN,NaN,NaN,NaN,0,0,0,1,1,0,585,NaN,20260728_t1405_srsSmooth_training_B007,NaN,NaN,48.9956354220708,30.0467739105225,NaN,NaN,NaN,0,NaN,NaN,NaN,NaN,0
20260728_t1405_srsSmooth_training,srs_smooth_training,trial0969.mat,969,969,585,7,117,1,96,76,20,8,1,0,3,1,13,931,1,2,2,1,1,2,2,1,0,0,,0,454,0,1,0,0,0,0,195,58,195,58,137,NaN,1,180,190,0,10,180,-170,170,NaN,NaN,NaN,1785265018.10917,17345.14926992,1.23309922218323,0.0135002136230469,0.0148954391479492,0.773283958435059,1.10521054267883,1.11405682563782,-1,-1,-1,-1,-1,1.39522552490234,8.84628295898438,NaN,NaN,Instruction,Left,Right,None,Left,Right,1,0,0,0,0,NaN,NaN,NaN,NaN,NaN,NaN,NaN,NaN,0,0,1,1,0,0,585,NaN,20260728_t1405_srsSmooth_training_B007,NaN,NaN,49.5275524616241,31.6028037071228,NaN,NaN,NaN,0,NaN,NaN,NaN,NaN,0
20260728_t1405_srsSmooth_training,srs_smooth_training,trial0978.mat,978,978,585,7,126,1,96,76,20,8,1,0,2,1,9,2420,1,1,2,1,1,2,1,2,0,0,,0,11,0,1,0,0,0,0,186,57,186,57,129,NaN,1,180,0,190,180,10,170,170,NaN,NaN,NaN,1785265071.1804,17398.219551,0.996718645095825,0.0110137462615967,0.211577177047729,-1,-1,-1,-1,-1,-1,-1,-1,200.563430786133,NaN,NaN,NaN,Instruction,Left,Right,None,Left,Left,1,0,0,0,0,NaN,NaN,NaN,NaN,NaN,NaN,NaN,NaN,0,0,0,1,1,0,585,NaN,20260728_t1405_srsSmooth_training_B007,NaN,NaN,50.4120729883512,51.8381323814392,NaN,NaN,NaN,0,NaN,NaN,NaN,NaN,0
20260728_t1405_srsSmooth_training,srs_smooth_training,trial0997.mat,997,997,585,7,145,1,96,76,20,8,1,0,1,1,1,7056,1,1,1,2,1,1,1,1,0,0,,0,11,0,1,0,0,0,0,223,67,223,67,156,NaN,1,180,0,190,180,10,170,170,NaN,NaN,NaN,1785265106.91128,17433.94982644,0.4586181640625,0.0148568153381348,0.223688364028931,-1,-1,-1,-1,-1,-1,-1,-1,208.831548690796,NaN,NaN,NaN,Instruction,Right,Left,None,Right,Right,1,0,0,0,0,NaN,NaN,NaN,NaN,NaN,NaN,NaN,NaN,1,1,1,1,1,0,585,NaN,20260728_t1405_srsSmooth_training_B007,NaN,NaN,51.0075875719388,34.734156370163,NaN,NaN,NaN,0,NaN,NaN,NaN,NaN,0
20260728_t1405_srsSmooth_training,srs_smooth_training,trial1038.mat,1038,1038,585,7,186,1,96,76,20,8,1,0,2,1,6,18591,1,1,2,1,1,2,1,2,0,0,,0,11,0,1,0,0,0,0,166,69,166,69,97,NaN,1,180,0,190,180,10,170,170,NaN,NaN,NaN,1785265181.73636,17508.77332772,0.312005043029785,0.0176842212677002,0.260172605514526,-1,-1,-1,-1,-1,-1,-1,-1,242.488384246826,NaN,NaN,NaN,Instruction,Left,Right,None,Left,Left,1,0,0,0,0,NaN,NaN,NaN,NaN,NaN,NaN,NaN,NaN,0,0,0,1,1,0,585,NaN,20260728_t1405_srsSmooth_training_B007,NaN,NaN,52.2546722491582,74.366462469101,NaN,NaN,NaN,0,NaN,NaN,NaN,NaN,0
20260728_t1405_srsSmooth_training,srs_smooth_training,trial1041.mat,1041,1041,585,7,189,1,96,76,20,8,1,0,3,1,15,16231,1,2,2,1,1,2,2,1,2,1,SINGLE_T2_CORRECT,11,455,1,0,0,0,0,0,173,42,173,42,131,42,1,180,190,0,10,180,-170,170,NaN,NaN,NaN,1785265577.16181,17904.19077372,2.1283974647522,0.01607346534729,0.208194732666016,0.874991416931152,1.20778727531433,1.43356680870056,1.47507047653198,1.47507047653198,-1,-1,1.78514099121094,192.121267318726,225.77953338623,41.5036678314209,267.283201217651,Instruction,Left,Right,Right,Left,Right,1,0,0,0,0,NaN,NaN,NaN,NaN,NaN,NaN,NaN,NaN,0,0,1,1,0,0,586,NaN,20260728_t1405_srsSmooth_training_B007,2,NaN,58.8450964450836,395.113446712494,NaN,NaN,NaN,0,NaN,NaN,NaN,NaN,0
20260728_t1405_srsSmooth_training,srs_smooth_training,trial1045.mat,1045,1045,586,7,193,2,96,76,20,8,1,0,3,1,11,6144,1,2,2,1,1,2,2,1,0,0,,0,11,0,1,0,0,0,0,229,61,229,61,168,NaN,1,0,10,180,10,180,-170,170,NaN,NaN,NaN,1785265586.26916,17913.2979728,0.0775630474090576,0.0174205303192139,0.0183091163635254,-1,-1,-1,-1,-1,-1,-1,-1,0.888586044311523,NaN,NaN,NaN,Instruction,Left,Right,None,Left,Right,1,0,0,0,0,NaN,NaN,NaN,NaN,NaN,NaN,NaN,NaN,0,0,1,1,0,0,586,NaN,20260728_t1405_srsSmooth_training_B007,NaN,NaN,58.9968855420748,6.97894835472107,NaN,NaN,NaN,0,NaN,NaN,NaN,NaN,0
20260728_t1405_srsSmooth_training,srs_smooth_training,trial1074.mat,1074,1074,586,7,222,2,96,76,20,8,1,0,4,1,18,5305,1,2,1,2,1,1,2,2,2,2,SINGLE_T2_CORRECT,11,455,1,0,6,0,0,0,169,22,169,22,147,22,1,0,10,180,10,180,-170,170,NaN,NaN,NaN,1785265637.81449,17964.84242124,2.16907119750977,0.0157930850982666,0.249609708786011,0.908386707305908,1.2575089931488,1.52503108978271,1.57515549659729,1.57515549659729,-1,-1,1.84373497962952,233.816623687744,267.522096633911,50.1244068145752,317.646503448486,Instruction,Right,Left,Left,Right,Left,1,0,0,0,0,NaN,NaN,NaN,NaN,NaN,NaN,NaN,NaN,1,1,0,1,0,0,587,NaN,20260728_t1405_srsSmooth_training_B007,3,NaN,59.8559744358063,51.4677705764771,NaN,NaN,NaN,0,NaN,NaN,NaN,NaN,0
