SessionID,ExperimentType,FileName,FileTrialIndex,Attempt,GoodTrialIndexBefore,Block,BlockAttempt,BlockGoodBefore,ExpectedTrialsInBlock,ExpectedChoiceTrialsInBlock,ExpectedInstructionTrialsInBlock,TotalBlocksTarget,BlockRichTarget,TrialType,ConditionID,SchedulePhase,CurrentScheduleRow,TrialSeed,NStim,SingleTargetID,T1Side,T2Side,RichTarget,RichSide,HighSalienceTarget,HighSalienceSide,ChosenTarget,ChosenSide,Outcome,OutcomeCode,TrialEndState,GoodTrial,TrialRepeatFlag,MissedFrames,PassEye,PassJoy,MouseEyeSim,RewardT1Ms,RewardT2Ms,ActualRichRewardMs,ActualPoorRewardMs,RewardDifferenceT1MinusT2Ms,ChosenRewardMs,SalienceType,BackgroundHueDeg,HueT1Deg,HueT2Deg,HueContrastT1Deg,HueContrastT2Deg,HueContrastDifferenceT1MinusT2Deg,HueContrastMagnitudeDeg,MeasuredLuminanceT1CdM2,MeasuredLuminanceT2CdM2,MeasuredLuminanceDifferenceT1MinusT2CdM2,TrialStartPTB,TrialStartDP,TrialDurationSec,FixOnSec,FixAcquiredSec,FixHoldReqMetSec,FixOffSec,SaccadeOnsetSec,SaccadeOffsetSec,TargetAcquiredSec,JoyPressSec,JoyReleaseSec,RewardTimeSec,FixAcquisitionLatencyMs,ReactionTimeMs,SaccadeDurationMs,TargetAcquisitionLatencyMs,TrialTypeLabel,T1SideLabel,T2SideLabel,ChosenSideLabel,RichSideLabel,HighSalienceSideLabel,IsInstruction,IsChoice,IsCongruent,IsConflict,GoodChoice,ChoseRight,ChoseT1,ChoseRich,ChoseHighSalience,ChoseLeft,ChoseT2,ChosePoor,ChoseLowSalience,T1OnRight,RichOnRight,HighSalienceOnRight,T1IsRich,T1IsHighSalience,ChoiceMappingValid,GoodTrialOrdinal,ChoiceOrdinal,BlockUID,GoodTrialInBlock,ChoiceInBlock,SessionElapsedMin,PreTrialIntervalSec,PreviousChosenTarget,PreviousChosenSide,PreviousRewardMs,PreviousChoiceSameBlock,SwitchedTarget,SwitchedSide,StayedTarget,StayedSide,RealEyeChoice
20260803_t1352_srsSmooth_Moretraining,srs_smooth_Moretraining,trial0001.mat,1,1,0,1,1,0,82,32,50,8,1,0,4,1,45,31053,1,2,1,2,1,1,2,2,2,2,SINGLE_T2_CORRECT,11,455,1,0,12,0,0,0,119,49,119,49,70,49,1,180,190,0,10,180,-170,170,NaN,NaN,NaN,1785779558.08327,12198.50474752,2.55076146125793,0.0234863758087158,0.234703779220581,1.00179409980774,1.64855027198792,1.86032819747925,1.89930319786072,1.89930319786072,-1,-1,2.14483380317688,211.217403411865,211.777925491333,38.9750003814697,250.752925872803,Instruction,Right,Left,Left,Right,Left,1,0,0,0,0,NaN,NaN,NaN,NaN,NaN,NaN,NaN,NaN,1,1,0,1,0,0,1,NaN,20260803_t1352_srsSmooth_Moretraining_B001,1,NaN,0,NaN,NaN,NaN,NaN,0,NaN,NaN,NaN,NaN,0
20260803_t1352_srsSmooth_Moretraining,srs_smooth_Moretraining,trial0002.mat,2,2,1,1,2,1,82,32,50,8,1,0,2,1,21,21503,1,1,2,1,1,2,1,2,1,2,SINGLE_T1_CORRECT,10,455,1,0,7,0,0,0,116,25,116,25,91,116,1,0,180,10,180,10,170,170,NaN,NaN,NaN,1785779563.13861,12203.56010436,2.2068657875061,0.0183367729187012,0.227491617202759,0.860800504684448,1.268385887146,1.50426316261292,1.54419493675232,1.54419493675232,-1,-1,1.78672456741333,209.154844284058,235.877275466919,39.9317741394043,275.809049606323,Instruction,Left,Right,Left,Left,Left,1,0,0,0,0,NaN,NaN,NaN,NaN,NaN,NaN,NaN,NaN,0,0,0,1,1,0,2,NaN,20260803_t1352_srsSmooth_Moretraining_B001,2,NaN,0.0842557748158773,2.5045850276947,NaN,NaN,NaN,0,NaN,NaN,NaN,NaN,0
20260803_t1352_srsSmooth_Moretraining,srs_smooth_Moretraining,trial0003.mat,3,3,2,1,3,2,82,32,50,8,1,0,2,1,18,14660,1,1,2,1,1,2,1,2,1,2,SINGLE_T1_CORRECT,10,455,1,0,2,0,0,0,98,57,98,57,41,98,1,180,0,190,180,10,170,170,NaN,NaN,NaN,1785779566.84656,12207.26788164,2.29134058952332,0.0188710689544678,0.186457395553589,0.870097637176514,1.3272557258606,1.60539937019348,1.64497327804565,1.64497327804565,-1,-1,1.8909924030304,167.586326599121,278.143644332886,39.5739078521729,317.717552185059,Instruction,Left,Right,Left,Left,Left,1,0,0,0,0,NaN,NaN,NaN,NaN,NaN,NaN,NaN,NaN,0,0,0,1,1,0,3,NaN,20260803_t1352_srsSmooth_Moretraining_B001,3,NaN,0.146054840087891,1.5010781288147,NaN,NaN,NaN,0,NaN,NaN,NaN,NaN,0
20260803_t1352_srsSmooth_Moretraining,srs_smooth_Moretraining,trial0004.mat,4,4,3,1,4,3,82,32,50,8,1,0,4,1,40,15401,1,2,1,2,1,1,2,2,2,2,SINGLE_T2_CORRECT,11,455,1,0,1,0,0,0,97,36,97,36,61,36,1,0,10,180,10,180,-170,170,NaN,NaN,NaN,1785779570.51815,12210.93933888,2.32763481140137,0.0140841007232666,0.192441701889038,0.765018463134766,1.17246294021606,1.4897768497467,1.53134799003601,1.53134799003601,-1,-1,1.80304360389709,178.357601165771,317.31390953064,41.5711402893066,358.885049819946,Instruction,Right,Left,Left,Right,Left,1,0,0,0,0,NaN,NaN,NaN,NaN,NaN,NaN,NaN,NaN,1,1,0,1,0,0,4,NaN,20260803_t1352_srsSmooth_Moretraining_B001,4,NaN,0.207248103618622,1.38025522232056,NaN,NaN,NaN,0,NaN,NaN,NaN,NaN,0
20260803_t1352_srsSmooth_Moretraining,srs_smooth_Moretraining,trial0005.mat,5,5,4,1,5,4,82,32,50,8,1,0,4,1,48,12075,1,2,1,2,1,1,2,2,2,2,SINGLE_T2_CORRECT,11,455,1,0,6,0,0,0,94,33,94,33,61,33,1,0,10,180,10,180,-170,170,NaN,NaN,NaN,1785779575.15733,12215.57836984,2.69015693664551,0.025087833404541,0.218075037002563,0.869668960571289,1.50014591217041,1.73576498031616,1.77624893188477,1.77624893188477,-1,-1,2.09766364097595,192.987203598022,235.619068145752,40.4839515686035,276.103019714355,Instruction,Right,Left,Left,Right,Left,1,0,0,0,0,NaN,NaN,NaN,NaN,NaN,NaN,NaN,NaN,1,1,0,1,0,0,5,NaN,20260803_t1352_srsSmooth_Moretraining_B001,5,NaN,0.284567741552989,2.31154346466064,NaN,NaN,NaN,0,NaN,NaN,NaN,NaN,0
20260803_t1352_srsSmooth_Moretraining,srs_smooth_Moretraining,trial0006.mat,6,6,5,1,6,5,82,32,50,8,1,0,3,1,35,3729,1,2,2,1,1,2,2,1,2,1,SINGLE_T2_CORRECT,11,455,1,0,3,0,0,0,117,34,117,34,83,34,1,0,10,180,10,180,-170,170,NaN,NaN,NaN,1785779579.231,12219.65215928,2.16423177719116,0.0182414054870605,0.204564809799194,0.735633134841919,1.20162057876587,1.52958989143372,1.56894659996033,1.56894659996033,-1,-1,1.80685997009277,186.323404312134,327.969312667847,39.3567085266113,367.326021194458,Instruction,Left,Right,Right,Left,Right,1,0,0,0,0,NaN,NaN,NaN,NaN,NaN,NaN,NaN,NaN,0,0,1,1,0,0,6,NaN,20260803_t1352_srsSmooth_Moretraining_B001,6,NaN,0.352462283770243,1.38351559638977,NaN,NaN,NaN,0,NaN,NaN,NaN,NaN,0
20260803_t1352_srsSmooth_Moretraining,srs_smooth_Moretraining,trial0007.mat,7,7,6,1,7,6,82,32,50,8,1,0,4,1,49,21710,1,2,1,2,1,1,2,2,2,2,SINGLE_T2_CORRECT,11,455,1,0,2,0,0,0,124,40,124,40,84,40,1,180,190,0,10,180,-170,170,NaN,NaN,NaN,1785779582.74691,12223.16787228,2.49924206733704,0.0191388130187988,0.246866941452026,1.01391673088074,1.5108630657196,1.72873115539551,1.76214814186096,1.76214814186096,-1,-1,2.07431888580322,227.728128433228,217.868089675903,33.4169864654541,251.285076141357,Instruction,Right,Left,Left,Right,Left,1,0,0,0,0,NaN,NaN,NaN,NaN,NaN,NaN,NaN,NaN,1,1,0,1,0,0,7,NaN,20260803_t1352_srsSmooth_Moretraining_B001,7,NaN,0.411060722668966,1.35167455673218,NaN,NaN,NaN,0,NaN,NaN,NaN,NaN,0
20260803_t1352_srsSmooth_Moretraining,srs_smooth_Moretraining,trial0008.mat,8,8,7,1,8,7,82,32,50,8,1,0,1,1,3,21661,1,1,1,2,1,1,1,1,1,1,SINGLE_T1_CORRECT,10,455,1,0,3,0,0,0,105,48,105,48,57,105,1,0,180,10,180,10,170,170,NaN,NaN,NaN,1785779586.51956,12226.94047048,2.61895728111267,0.0133051872253418,0.28122878074646,1.01437091827393,1.5550320148468,1.86455821990967,1.89798879623413,1.89798879623413,-1,-1,2.1778826713562,267.923593521118,309.526205062866,33.4305763244629,342.956781387329,Instruction,Right,Left,Right,Right,Right,1,0,0,0,0,NaN,NaN,NaN,NaN,NaN,NaN,NaN,NaN,1,1,1,1,1,0,8,NaN,20260803_t1352_srsSmooth_Moretraining_B001,8,NaN,0.473938167095184,1.27340459823608,NaN,NaN,NaN,0,NaN,NaN,NaN,NaN,0
20260803_t1352_srsSmooth_Moretraining,srs_smooth_Moretraining,trial0009.mat,9,9,8,1,9,8,82,32,50,8,1,0,1,1,4,12488,1,1,1,2,1,1,1,1,1,1,SINGLE_T1_CORRECT,10,455,1,0,3,0,0,0,126,48,126,48,78,126,1,0,180,10,180,10,170,170,NaN,NaN,NaN,1785779590.46151,12230.88242824,2.65317153930664,0.0131738185882568,0.181339502334595,0.949466705322266,1.45489716529846,1.84956955909729,1.88908004760742,1.88908004760742,-1,-1,2.18326735496521,168.165683746338,394.672393798828,39.5104885101318,434.18288230896,Instruction,Right,Left,Right,Right,Right,1,0,0,0,0,NaN,NaN,NaN,NaN,NaN,NaN,NaN,NaN,1,1,1,1,1,0,9,NaN,20260803_t1352_srsSmooth_Moretraining_B001,9,NaN,0.53963737487793,1.32299518585205,NaN,NaN,NaN,0,NaN,NaN,NaN,NaN,0
20260803_t1352_srsSmooth_Moretraining,srs_smooth_Moretraining,trial0010.mat,10,10,9,1,10,9,82,32,50,8,1,0,1,1,2,14032,1,1,1,2,1,1,1,1,1,1,SINGLE_T1_CORRECT,10,455,1,0,4,0,0,0,104,33,104,33,71,104,1,0,180,10,180,10,170,170,NaN,NaN,NaN,1785779594.44422,12234.86482828,2.45283222198486,0.0139508247375488,0.215054512023926,0.841735363006592,1.33900284767151,1.70845532417297,1.74816536903381,1.74816536903381,-1,-1,2.04379820823669,201.103687286377,369.452476501465,39.7100448608398,409.162521362305,Instruction,Right,Left,Right,Right,Right,1,0,0,0,0,NaN,NaN,NaN,NaN,NaN,NaN,NaN,NaN,1,1,1,1,1,0,10,NaN,20260803_t1352_srsSmooth_Moretraining_B001,10,NaN,0.606015908718109,1.32954049110413,NaN,NaN,NaN,0,NaN,NaN,NaN,NaN,0
20260803_t1352_srsSmooth_Moretraining,srs_smooth_Moretraining,trial0011.mat,11,11,10,1,11,10,82,32,50,8,1,0,3,1,38,16135,1,2,2,1,1,2,2,1,2,1,SINGLE_T2_CORRECT,11,455,1,0,4,0,0,0,95,47,95,47,48,47,1,180,190,0,10,180,-170,170,NaN,NaN,NaN,1785779598.21027,12238.63101536,2.54549098014832,0.0147163867950439,0.292760133743286,0.950193881988525,1.48144149780273,1.7926082611084,1.83237910270691,1.83237910270691,-1,-1,2.15372443199158,278.043746948242,311.166763305664,39.7708415985107,350.937604904175,Instruction,Left,Right,Right,Left,Right,1,0,0,0,0,NaN,NaN,NaN,NaN,NaN,NaN,NaN,NaN,0,0,1,1,0,0,11,NaN,20260803_t1352_srsSmooth_Moretraining_B001,11,NaN,0.668783382574717,1.31321620941162,NaN,NaN,NaN,0,NaN,NaN,NaN,NaN,0
20260803_t1352_srsSmooth_Moretraining,srs_smooth_Moretraining,trial0012.mat,12,12,11,1,12,11,82,32,50,8,1,0,4,1,44,8058,1,2,1,2,1,1,2,2,2,2,SINGLE_T2_CORRECT,11,455,1,0,4,0,0,0,96,38,96,38,58,38,1,180,190,0,10,180,-170,170,NaN,NaN,NaN,1785779602.02942,12242.45003528,2.24251389503479,0.0123836994171143,0.240398406982422,0.815447568893433,1.30410146713257,1.52344727516174,1.56340670585632,1.56340670585632,-1,-1,1.87503719329834,228.014707565308,219.345808029175,39.9594306945801,259.305238723755,Instruction,Right,Left,Left,Right,Left,1,0,0,0,0,NaN,NaN,NaN,NaN,NaN,NaN,NaN,NaN,1,1,0,1,0,0,12,NaN,20260803_t1352_srsSmooth_Moretraining_B001,12,NaN,0.732435862223307,1.27365779876709,NaN,NaN,NaN,0,NaN,NaN,NaN,NaN,0
20260803_t1352_srsSmooth_Moretraining,srs_smooth_Moretraining,trial0013.mat,13,13,12,1,13,12,82,32,50,8,1,0,2,1,19,9462,1,1,2,1,1,2,1,2,1,2,SINGLE_T1_CORRECT,10,455,1,0,6,0,0,0,116,35,116,35,81,116,1,0,180,10,180,10,170,170,NaN,NaN,NaN,1785779605.58831,12246.00886356,2.52503085136414,0.0119667053222656,0.17263650894165,0.906850814819336,1.53702688217163,1.77326154708862,1.81528234481812,1.81528234481812,-1,-1,2.10577917098999,160.669803619385,236.234664916992,42.0207977294922,278.255462646484,Instruction,Left,Right,Left,Left,Left,1,0,0,0,0,NaN,NaN,NaN,NaN,NaN,NaN,NaN,NaN,0,0,0,1,1,0,13,NaN,20260803_t1352_srsSmooth_Moretraining_B001,13,NaN,0.791750693321228,1.31637597084045,NaN,NaN,NaN,0,NaN,NaN,NaN,NaN,0
20260803_t1352_srsSmooth_Moretraining,srs_smooth_Moretraining,trial0014.mat,14,14,13,1,14,13,82,32,50,8,1,0,2,1,24,8637,1,1,2,1,1,2,1,2,1,2,SINGLE_T1_CORRECT,10,455,1,0,2,0,0,0,122,41,122,41,81,122,1,0,180,10,180,10,170,170,NaN,NaN,NaN,1785779609.42475,12249.84510136,2.55120444297791,0.0173442363739014,0.226735591888428,0.993444919586182,1.58407235145569,1.81195783615112,1.85153651237488,1.85153651237488,-1,-1,2.12717247009277,209.391355514526,227.885484695435,39.5786762237549,267.464160919189,Instruction,Left,Right,Left,Left,Left,1,0,0,0,0,NaN,NaN,NaN,NaN,NaN,NaN,NaN,NaN,0,0,0,1,1,0,14,NaN,20260803_t1352_srsSmooth_Moretraining_B001,14,NaN,0.85569136540095,1.31140947341919,NaN,NaN,NaN,0,NaN,NaN,NaN,NaN,0
20260803_t1352_srsSmooth_Moretraining,srs_smooth_Moretraining,trial0015.mat,15,15,14,1,15,14,82,32,50,8,1,0,1,1,1,9932,1,1,1,2,1,1,1,1,1,1,SINGLE_T1_CORRECT,10,455,1,0,2,0,0,0,86,64,86,64,22,86,1,0,180,10,180,10,170,170,NaN,NaN,NaN,1785779613.31639,12253.73669208,2.23932600021362,0.0175182819366455,0.212457895278931,0.745399475097656,1.23423290252686,1.51054406166077,1.55193138122559,1.55193138122559,-1,-1,1.85625338554382,194.939613342285,276.311159133911,41.3873195648193,317.69847869873,Instruction,Right,Left,Right,Right,Right,1,0,0,0,0,NaN,NaN,NaN,NaN,NaN,NaN,NaN,NaN,1,1,1,1,1,0,15,NaN,20260803_t1352_srsSmooth_Moretraining_B001,15,NaN,0.920552118619283,1.34044075012207,NaN,NaN,NaN,0,NaN,NaN,NaN,NaN,0
20260803_t1352_srsSmooth_Moretraining,srs_smooth_Moretraining,trial0016.mat,16,16,15,1,16,15,82,32,50,8,1,0,1,1,10,6748,1,1,1,2,1,1,1,1,1,1,SINGLE_T1_CORRECT,10,455,1,0,6,0,0,0,90,56,90,56,34,90,1,180,0,190,180,10,170,170,NaN,NaN,NaN,1785779616.86327,12257.28336816,2.31838536262512,0.0124483108520508,0.19049334526062,0.940752029418945,1.29583239555359,1.59961557388306,1.64927244186401,1.64927244186401,-1,-1,1.9204113483429,178.045034408569,303.783178329468,49.656867980957,353.440046310425,Instruction,Right,Left,Right,Right,Right,1,0,0,0,0,NaN,NaN,NaN,NaN,NaN,NaN,NaN,NaN,1,1,1,1,1,0,16,NaN,20260803_t1352_srsSmooth_Moretraining_B001,16,NaN,0.979666717847188,1.30754995346069,NaN,NaN,NaN,0,NaN,NaN,NaN,NaN,0
20260803_t1352_srsSmooth_Moretraining,srs_smooth_Moretraining,trial0017.mat,17,17,16,1,17,16,82,32,50,8,1,0,2,1,20,28284,1,1,2,1,1,2,1,2,1,2,SINGLE_T1_CORRECT,10,455,1,0,1,0,0,0,126,50,126,50,76,126,1,180,0,190,180,10,170,170,NaN,NaN,NaN,1785779620.44773,12260.8678266,2.40746593475342,0.0114626884460449,0.220880508422852,0.954319715499878,1.41985177993774,1.63759446144104,1.67902421951294,1.67902421951294,-1,-1,1.97288227081299,209.417819976807,217.742681503296,41.4297580718994,259.172439575195,Instruction,Left,Right,Left,Left,Left,1,0,0,0,0,NaN,NaN,NaN,NaN,NaN,NaN,NaN,NaN,0,0,0,1,1,0,17,NaN,20260803_t1352_srsSmooth_Moretraining_B001,17,NaN,1.03940771023432,1.26607418060303,NaN,NaN,NaN,0,NaN,NaN,NaN,NaN,0
20260803_t1352_srsSmooth_Moretraining,srs_smooth_Moretraining,trial0019.mat,19,19,17,1,19,17,82,32,50,8,1,0,2,1,15,824,1,1,2,1,1,2,1,2,1,2,SINGLE_T1_CORRECT,10,455,1,0,5,0,0,0,120,53,120,53,67,120,1,180,0,190,180,10,170,170,NaN,NaN,NaN,1785779625.73517,12266.15526432,2.20535063743591,0.0158941745758057,0.158509492874146,0.686005115509033,1.1742730140686,1.40235877037048,1.44200086593628,1.44200086593628,-1,-1,1.75955510139465,142.61531829834,228.08575630188,39.6420955657959,267.727851867676,Instruction,Left,Right,Left,Left,Left,1,0,0,0,0,NaN,NaN,NaN,NaN,NaN,NaN,NaN,NaN,0,0,0,1,1,0,18,NaN,20260803_t1352_srsSmooth_Moretraining_B001,18,NaN,1.12753177086512,2.87997770309448,NaN,NaN,NaN,0,NaN,NaN,NaN,NaN,0
20260803_t1352_srsSmooth_Moretraining,srs_smooth_Moretraining,trial0020.mat,20,20,18,1,20,18,82,32,50,8,1,0,1,1,8,26997,1,1,1,2,1,1,1,1,1,1,SINGLE_T1_CORRECT,10,455,1,0,5,0,0,0,81,51,81,51,30,81,1,0,180,10,180,10,170,170,NaN,NaN,NaN,1785779629.27328,12269.69329388,2.45804476737976,0.0112607479095459,0.264665842056274,0.881598711013794,1.5113205909729,1.7647590637207,1.80424451828003,1.80424451828003,-1,-1,2.0742015838623,253.405094146729,253.438472747803,39.4854545593262,292.923927307129,Instruction,Right,Left,Right,Right,Right,1,0,0,0,0,NaN,NaN,NaN,NaN,NaN,NaN,NaN,NaN,1,1,1,1,1,0,19,NaN,20260803_t1352_srsSmooth_Moretraining_B001,19,NaN,1.18650019566218,1.33275485038757,NaN,NaN,NaN,0,NaN,NaN,NaN,NaN,0
20260803_t1352_srsSmooth_Moretraining,srs_smooth_Moretraining,trial0021.mat,21,21,19,1,21,19,82,32,50,8,1,0,3,1,27,17614,1,2,2,1,1,2,2,1,2,1,SINGLE_T2_CORRECT,11,455,1,0,3,0,0,0,82,58,82,58,24,58,1,180,190,0,10,180,-170,170,NaN,NaN,NaN,1785779633.04353,12273.46353308,2.13854908943176,0.0161595344543457,0.017317533493042,0.652684688568115,1.20787358283997,1.4689929485321,1.50868034362793,1.50868034362793,-1,-1,1.73518538475037,1.15799903869629,261.119365692139,39.6873950958252,300.806760787964,Instruction,Left,Right,Right,Left,Right,1,0,0,0,0,NaN,NaN,NaN,NaN,NaN,NaN,NaN,NaN,0,0,1,1,0,0,20,NaN,20260803_t1352_srsSmooth_Moretraining_B001,20,NaN,1.24933769702911,1.31220531463623,NaN,NaN,NaN,0,NaN,NaN,NaN,NaN,0
20260803_t1352_srsSmooth_Moretraining,srs_smooth_Moretraining,trial0022.mat,22,22,20,1,22,20,82,32,50,8,1,0,4,1,42,10814,1,2,1,2,1,1,2,2,2,2,SINGLE_T2_CORRECT,11,455,1,0,2,0,0,0,112,42,112,42,70,42,1,180,190,0,10,180,-170,170,NaN,NaN,NaN,1785779636.45533,12276.87522016,2.2089262008667,0.0128223896026611,0.213940620422363,0.724328517913818,1.35454154014587,1.55533456802368,1.58868145942688,1.58868145942688,-1,-1,1.83589220046997,201.118230819702,200.793027877808,33.3468914031982,234.139919281006,Instruction,Right,Left,Left,Right,Left,1,0,0,0,0,NaN,NaN,NaN,NaN,NaN,NaN,NaN,NaN,1,1,0,1,0,0,21,NaN,20260803_t1352_srsSmooth_Moretraining_B001,21,NaN,1.306201116244,1.2732560634613,NaN,NaN,NaN,0,NaN,NaN,NaN,NaN,0
20260803_t1352_srsSmooth_Moretraining,srs_smooth_Moretraining,trial0023.mat,23,23,21,1,23,21,82,32,50,8,1,0,3,1,30,4841,1,2,2,1,1,2,2,1,2,1,SINGLE_T2_CORRECT,11,455,1,0,4,0,0,0,109,32,109,32,77,32,1,0,10,180,10,180,-170,170,NaN,NaN,NaN,1785779639.99473,12280.4145956,2.47820901870728,0.0152301788330078,0.218405723571777,0.999780654907227,1.56529116630554,1.84315204620361,1.88287544250488,1.88287544250488,-1,-1,2.11171674728394,203.17554473877,277.860879898071,39.7233963012695,317.584276199341,Instruction,Left,Right,Right,Left,Right,1,0,0,0,0,NaN,NaN,NaN,NaN,NaN,NaN,NaN,NaN,0,0,1,1,0,0,22,NaN,20260803_t1352_srsSmooth_Moretraining_B001,22,NaN,1.36519108613332,1.33047199249268,NaN,NaN,NaN,0,NaN,NaN,NaN,NaN,0
20260803_t1352_srsSmooth_Moretraining,srs_smooth_Moretraining,trial0024.mat,24,24,22,1,24,22,82,32,50,8,1,0,3,1,32,4162,1,2,2,1,1,2,2,1,2,1,SINGLE_T2_CORRECT,11,455,1,0,3,0,0,0,105,54,105,54,51,54,1,0,10,180,10,180,-170,170,NaN,NaN,NaN,1785779643.80618,12284.22590992,2.21782207489014,0.0122647285461426,0.206800699234009,0.748246908187866,1.2539803981781,1.52406477928162,1.56573534011841,1.56573534011841,-1,-1,1.84201335906982,194.535970687866,270.084381103516,41.670560836792,311.754941940308,Instruction,Left,Right,Right,Left,Right,1,0,0,0,0,NaN,NaN,NaN,NaN,NaN,NaN,NaN,NaN,0,0,1,1,0,0,23,NaN,20260803_t1352_srsSmooth_Moretraining_B001,23,NaN,1.42871522903442,1.33323955535889,NaN,NaN,NaN,0,NaN,NaN,NaN,NaN,0
20260803_t1352_srsSmooth_Moretraining,srs_smooth_Moretraining,trial0025.mat,25,25,23,1,25,23,82,32,50,8,1,0,1,1,5,4462,1,1,1,2,1,1,1,1,1,1,SINGLE_T1_CORRECT,10,455,1,0,4,0,0,0,108,50,108,50,58,108,1,180,0,190,180,10,170,170,NaN,NaN,NaN,1785779647.34293,12287.7625738,2.42225861549377,0.0173232555389404,0.245673894882202,1.00344157218933,1.38404393196106,1.69456315040588,1.72669219970703,1.72669219970703,-1,-1,2.01266956329346,228.350639343262,310.519218444824,32.1290493011475,342.648267745972,Instruction,Right,Left,Right,Right,Right,1,0,0,0,0,NaN,NaN,NaN,NaN,NaN,NaN,NaN,NaN,1,1,1,1,1,0,24,NaN,20260803_t1352_srsSmooth_Moretraining_B001,24,NaN,1.48766103585561,1.3189263343811,NaN,NaN,NaN,0,NaN,NaN,NaN,NaN,0
20260803_t1352_srsSmooth_Moretraining,srs_smooth_Moretraining,trial0026.mat,26,26,24,1,26,24,82,32,50,8,1,0,3,1,29,24547,1,2,2,1,1,2,2,1,2,1,SINGLE_T2_CORRECT,11,455,1,0,0,0,0,0,78,54,78,54,24,54,1,180,190,0,10,180,-170,170,NaN,NaN,NaN,1785779651.05703,12291.47656268,2.37356424331665,0.0117061138153076,0.187811136245728,0.896204948425293,1.52009916305542,1.76257014274597,1.79638838768005,1.79638838768005,-1,-1,2.01519680023193,176.10502243042,242.470979690552,33.818244934082,276.289224624634,Instruction,Left,Right,Right,Left,Right,1,0,0,0,0,NaN,NaN,NaN,NaN,NaN,NaN,NaN,NaN,0,0,1,1,0,0,25,NaN,20260803_t1352_srsSmooth_Moretraining_B001,25,NaN,1.54956265290578,1.29183840751648,NaN,NaN,NaN,0,NaN,NaN,NaN,NaN,0
20260803_t1352_srsSmooth_Moretraining,srs_smooth_Moretraining,trial0027.mat,27,27,25,1,27,25,82,32,50,8,1,0,1,1,7,10000,1,1,1,2,1,1,1,1,1,1,SINGLE_T1_CORRECT,10,455,1,0,4,0,0,0,113,37,113,37,76,113,1,0,180,10,180,10,170,170,NaN,NaN,NaN,1785779654.75642,12295.17595956,2.31835985183716,0.0207953453063965,0.2738938331604,0.949026107788086,1.37084817886353,1.62340903282166,1.65517139434814,1.65517139434814,-1,-1,1.88005590438843,253.098487854004,252.56085395813,31.7623615264893,284.323215484619,Instruction,Right,Left,Right,Right,Right,1,0,0,0,0,NaN,NaN,NaN,NaN,NaN,NaN,NaN,NaN,1,1,1,1,1,0,26,NaN,20260803_t1352_srsSmooth_Moretraining_B001,26,NaN,1.61121916770935,1.32582664489746,NaN,NaN,NaN,0,NaN,NaN,NaN,NaN,0
20260803_t1352_srsSmooth_Moretraining,srs_smooth_Moretraining,trial0028.mat,28,28,26,1,28,26,82,32,50,8,1,0,2,1,25,5727,1,1,2,1,1,2,1,2,1,2,SINGLE_T1_CORRECT,10,455,1,0,2,0,0,0,111,35,111,35,76,111,1,180,0,190,180,10,170,170,NaN,NaN,NaN,1785779658.40753,12298.82686024,2.3080096244812,0.0198314189910889,0.0244266986846924,0.789841890335083,1.40321946144104,1.59815192222595,1.6371967792511,1.6371967792511,-1,-1,1.86566758155823,4.59527969360352,194.932460784912,39.0448570251465,233.977317810059,Instruction,Left,Right,Left,Left,Left,1,0,0,0,0,NaN,NaN,NaN,NaN,NaN,NaN,NaN,NaN,0,0,0,1,1,0,27,NaN,20260803_t1352_srsSmooth_Moretraining_B001,27,NaN,1.67207096417745,1.33274793624878,NaN,NaN,NaN,0,NaN,NaN,NaN,NaN,0
20260803_t1352_srsSmooth_Moretraining,srs_smooth_Moretraining,trial0029.mat,29,29,27,1,29,27,82,32,50,8,1,0,3,1,28,30356,1,2,2,1,1,2,2,1,2,1,SINGLE_T2_CORRECT,11,455,1,0,2,0,0,0,110,38,110,38,72,38,1,180,190,0,10,180,-170,170,NaN,NaN,NaN,1785779662.02006,12302.43951336,2.17018127441406,0.0157711505889893,0.300387144088745,0.883586645126343,1.24081897735596,1.55029845237732,1.58345007896423,1.58345007896423,-1,-1,1.83196973800659,284.615993499756,309.479475021362,33.1516265869141,342.631101608276,Instruction,Left,Right,Right,Left,Right,1,0,0,0,0,NaN,NaN,NaN,NaN,NaN,NaN,NaN,NaN,0,0,1,1,0,0,28,NaN,20260803_t1352_srsSmooth_Moretraining_B001,28,NaN,1.73227990468343,1.30452680587769,NaN,NaN,NaN,0,NaN,NaN,NaN,NaN,0
20260803_t1352_srsSmooth_Moretraining,srs_smooth_Moretraining,trial0030.mat,30,30,28,1,30,28,82,32,50,8,1,0,4,1,50,31248,1,2,1,2,1,1,2,2,2,2,SINGLE_T2_CORRECT,11,455,1,0,4,0,0,0,105,45,105,45,60,45,1,180,190,0,10,180,-170,170,NaN,NaN,NaN,1785779665.51519,12305.93434368,2.21792674064636,0.012448787689209,0.157341957092285,0.857131481170654,1.37916994094849,1.58003497123718,1.62214255332947,1.62214255332947,-1,-1,1.8763861656189,144.893169403076,200.865030288696,42.1075820922852,242.972612380981,Instruction,Right,Left,Left,Right,Left,1,0,0,0,0,NaN,NaN,NaN,NaN,NaN,NaN,NaN,NaN,1,1,0,1,0,0,29,NaN,20260803_t1352_srsSmooth_Moretraining_B001,29,NaN,1.79053202470144,1.32494592666626,NaN,NaN,NaN,0,NaN,NaN,NaN,NaN,0
20260803_t1352_srsSmooth_Moretraining,srs_smooth_Moretraining,trial0033.mat,33,33,29,1,33,29,82,32,50,8,1,0,1,1,12,14345,1,1,1,2,1,1,1,1,1,1,SINGLE_T1_CORRECT,10,455,1,0,2,0,0,0,120,42,120,42,78,120,1,0,180,10,180,10,170,170,NaN,NaN,NaN,1785779672.23508,12312.6542184,2.49892091751099,0.0178232192993164,0.221074104309082,1.00389838218689,1.43454599380493,1.7275447845459,1.76846051216125,1.76846051216125,-1,-1,2.02966070175171,203.250885009766,292.998790740967,40.9157276153564,333.914518356323,Instruction,Right,Left,Right,Right,Right,1,0,0,0,0,NaN,NaN,NaN,NaN,NaN,NaN,NaN,NaN,1,1,1,1,1,0,30,NaN,20260803_t1352_srsSmooth_Moretraining_B001,30,NaN,1.90253022114436,4.50196504592896,NaN,NaN,NaN,0,NaN,NaN,NaN,NaN,0
20260803_t1352_srsSmooth_Moretraining,srs_smooth_Moretraining,trial0034.mat,34,34,30,1,34,30,82,32,50,8,1,0,2,1,13,27367,1,1,2,1,1,2,1,2,1,2,SINGLE_T1_CORRECT,10,455,1,0,5,0,0,0,126,44,126,44,82,126,1,0,180,10,180,10,170,170,NaN,NaN,NaN,1785779676.0353,12316.45438324,2.36468243598938,0.0177574157714844,0.262614965438843,0.937621831893921,1.38447833061218,1.61049056053162,1.64383459091187,1.64383459091187,-1,-1,1.90079188346863,244.857549667358,226.012229919434,33.344030380249,259.356260299683,Instruction,Left,Right,Left,Left,Left,1,0,0,0,0,NaN,NaN,NaN,NaN,NaN,NaN,NaN,NaN,0,0,0,1,1,0,31,NaN,20260803_t1352_srsSmooth_Moretraining_B001,31,NaN,1.96586716572444,1.3012957572937,NaN,NaN,NaN,0,NaN,NaN,NaN,NaN,0
20260803_t1352_srsSmooth_Moretraining,srs_smooth_Moretraining,trial0035.mat,35,35,31,1,35,31,82,32,50,8,1,0,1,1,6,3167,1,1,1,2,1,1,1,1,1,1,SINGLE_T1_CORRECT,10,455,1,0,1,0,0,0,97,52,97,52,45,97,1,180,0,190,180,10,170,170,NaN,NaN,NaN,1785779679.6666,12320.0856276,2.3747889995575,0.0116028785705566,0.29822039604187,0.812880754470825,1.42832493782043,1.67097663879395,1.70390295982361,1.70390295982361,-1,-1,1.9814088344574,286.617517471313,242.651700973511,32.9263210296631,275.578022003174,Instruction,Right,Left,Right,Right,Right,1,0,0,0,0,NaN,NaN,NaN,NaN,NaN,NaN,NaN,NaN,1,1,1,1,1,0,32,NaN,20260803_t1352_srsSmooth_Moretraining_B001,32,NaN,2.02638880809148,1.26661610603333,NaN,NaN,NaN,0,NaN,NaN,NaN,NaN,0
20260803_t1352_srsSmooth_Moretraining,srs_smooth_Moretraining,trial0036.mat,36,36,32,1,36,32,82,32,50,8,1,0,4,1,39,11840,1,2,1,2,1,1,2,2,2,2,SINGLE_T2_CORRECT,11,455,1,0,2,0,0,0,105,45,105,45,60,45,1,0,10,180,10,180,-170,170,NaN,NaN,NaN,1785779683.30709,12323.7260696,2.39395713806152,0.012920618057251,0.248915910720825,0.99912691116333,1.47964572906494,1.69756102561951,1.73291945457458,1.73291945457458,-1,-1,2.00333213806152,235.995292663574,217.915296554565,35.3584289550781,253.273725509644,Instruction,Right,Left,Left,Right,Left,1,0,0,0,0,NaN,NaN,NaN,NaN,NaN,NaN,NaN,NaN,1,1,0,1,0,0,33,NaN,20260803_t1352_srsSmooth_Moretraining_B001,33,NaN,2.08706369400024,1.26570415496826,NaN,NaN,NaN,0,NaN,NaN,NaN,NaN,0
20260803_t1352_srsSmooth_Moretraining,srs_smooth_Moretraining,trial0037.mat,37,37,33,1,37,33,82,32,50,8,1,0,1,1,9,20554,1,1,1,2,1,1,1,1,1,1,SINGLE_T1_CORRECT,10,455,1,0,6,0,0,0,122,42,122,42,80,122,1,0,180,10,180,10,170,170,NaN,NaN,NaN,1785779687.02703,12327.44594276,2.29802417755127,0.018129825592041,0.271147012710571,0.913126945495605,1.27651381492615,1.54691386222839,1.5964994430542,1.5964994430542,-1,-1,1.87925696372986,253.01718711853,270.400047302246,49.5855808258057,319.985628128052,Instruction,Right,Left,Right,Right,Right,1,0,0,0,0,NaN,NaN,NaN,NaN,NaN,NaN,NaN,NaN,1,1,1,1,1,0,34,NaN,20260803_t1352_srsSmooth_Moretraining_B001,34,NaN,2.14906265735626,1.32598066329956,NaN,NaN,NaN,0,NaN,NaN,NaN,NaN,0
20260803_t1352_srsSmooth_Moretraining,srs_smooth_Moretraining,trial0038.mat,38,38,34,1,38,34,82,32,50,8,1,0,3,1,34,22024,1,2,2,1,1,2,2,1,2,1,SINGLE_T2_CORRECT,11,455,1,0,7,0,0,0,117,29,117,29,88,29,1,180,190,0,10,180,-170,170,NaN,NaN,NaN,1785779690.644,12331.0627992,2.43247604370117,0.0179679393768311,0.221000671386719,1.02157282829285,1.49302697181702,1.77161693572998,1.81082201004028,1.81082201004028,-1,-1,2.06250691413879,203.032732009888,278.589963912964,39.2050743103027,317.795038223267,Instruction,Left,Right,Right,Left,Right,1,0,0,0,0,NaN,NaN,NaN,NaN,NaN,NaN,NaN,NaN,0,0,1,1,0,0,35,NaN,20260803_t1352_srsSmooth_Moretraining_B001,35,NaN,2.20934553941091,1.31894874572754,NaN,NaN,NaN,0,NaN,NaN,NaN,NaN,0
20260803_t1352_srsSmooth_Moretraining,srs_smooth_Moretraining,trial0041.mat,41,41,35,1,41,35,82,32,50,8,1,0,2,1,17,25758,1,1,2,1,1,2,1,2,1,2,SINGLE_T1_CORRECT,10,455,1,0,4,0,0,0,109,61,109,61,48,109,1,0,180,10,180,10,170,170,NaN,NaN,NaN,1785779697.41112,12337.82978328,2.41415047645569,0.0177857875823975,0.287406206130981,0.895532369613647,1.40117454528809,1.63758754730225,1.6788763999939,1.6788763999939,-1,-1,1.98583340644836,269.620418548584,236.41300201416,41.2888526916504,277.701854705811,Instruction,Left,Right,Left,Left,Left,1,0,0,0,0,NaN,NaN,NaN,NaN,NaN,NaN,NaN,NaN,0,0,0,1,1,0,36,NaN,20260803_t1352_srsSmooth_Moretraining_B001,36,NaN,2.32213082710902,4.33464121818542,NaN,NaN,NaN,0,NaN,NaN,NaN,NaN,0
20260803_t1352_srsSmooth_Moretraining,srs_smooth_Moretraining,trial0042.mat,42,42,36,1,42,36,82,32,50,8,1,0,2,1,14,17668,1,1,2,1,1,2,1,2,1,2,SINGLE_T1_CORRECT,10,455,1,0,0,0,0,0,116,38,116,38,78,116,1,0,180,10,180,10,170,170,NaN,NaN,NaN,1785779701.15543,12341.57388696,2.343918800354,0.015286922454834,0.21609902381897,0.833029747009277,1.32367181777954,1.56809067726135,1.60782647132874,1.60782647132874,-1,-1,1.91859865188599,200.812101364136,244.418859481812,39.7357940673828,284.154653549194,Instruction,Left,Right,Left,Left,Left,1,0,0,0,0,NaN,NaN,NaN,NaN,NaN,NaN,NaN,NaN,0,0,0,1,1,0,37,NaN,20260803_t1352_srsSmooth_Moretraining_B001,37,NaN,2.38453607559204,1.33016443252563,NaN,NaN,NaN,0,NaN,NaN,NaN,NaN,0
20260803_t1352_srsSmooth_Moretraining,srs_smooth_Moretraining,trial0043.mat,43,43,37,1,43,37,82,32,50,8,1,0,2,1,23,21121,1,1,2,1,1,2,1,2,0,0,,0,11,0,1,4,0,0,0,130,69,130,69,61,NaN,1,0,180,10,180,10,170,170,NaN,NaN,NaN,1785779704.81573,12345.23420332,0.300090312957764,0.0134718418121338,0.216660976409912,-1,-1,-1,-1,-1,-1,-1,-1,203.189134597778,NaN,NaN,NaN,Instruction,Left,Right,None,Left,Left,1,0,0,0,0,NaN,NaN,NaN,NaN,NaN,NaN,NaN,NaN,0,0,0,1,1,0,37,NaN,20260803_t1352_srsSmooth_Moretraining_B001,NaN,NaN,2.44554097652435,1.31637525558472,NaN,NaN,NaN,0,NaN,NaN,NaN,NaN,0
20260803_t1352_srsSmooth_Moretraining,srs_smooth_Moretraining,trial0044.mat,44,44,37,1,44,37,82,32,50,8,1,0,3,1,26,12079,1,2,2,1,1,2,2,1,2,1,SINGLE_T2_CORRECT,11,455,1,0,4,0,0,0,121,54,121,54,67,54,1,180,190,0,10,180,-170,170,NaN,NaN,NaN,1785779706.36773,12346.78608152,2.25060486793518,0.0115268230438232,0.223062753677368,0.773252487182617,1.32824659347534,1.55636668205261,1.5959644317627,1.5959644317627,-1,-1,1.89717268943787,211.535930633545,228.120088577271,39.597749710083,267.717838287354,Instruction,Left,Right,Right,Left,Right,1,0,0,0,0,NaN,NaN,NaN,NaN,NaN,NaN,NaN,NaN,0,0,1,1,0,0,38,NaN,20260803_t1352_srsSmooth_Moretraining_B001,38,NaN,2.47140774329503,1.25191569328308,NaN,NaN,NaN,0,NaN,NaN,NaN,NaN,0
20260803_t1352_srsSmooth_Moretraining,srs_smooth_Moretraining,trial0045.mat,45,45,38,1,45,38,82,32,50,8,1,0,1,1,11,32118,1,1,1,2,1,1,1,1,1,1,SINGLE_T1_CORRECT,10,455,1,0,6,0,0,0,103,40,103,40,63,103,1,0,180,10,180,10,170,170,NaN,NaN,NaN,1785779709.94516,12350.36350884,2.2315239906311,0.0175728797912598,0.287621974945068,0.912645816802979,1.25928997993469,1.52044534683228,1.56274366378784,1.56274366378784,-1,-1,1.83041882514954,270.049095153809,261.155366897583,42.2983169555664,303.453683853149,Instruction,Right,Left,Right,Right,Right,1,0,0,0,0,NaN,NaN,NaN,NaN,NaN,NaN,NaN,NaN,1,1,1,1,1,0,39,NaN,20260803_t1352_srsSmooth_Moretraining_B001,39,NaN,2.5310315767924,1.32682514190674,NaN,NaN,NaN,0,NaN,NaN,NaN,NaN,0
20260803_t1352_srsSmooth_Moretraining,srs_smooth_Moretraining,trial0047.mat,47,47,39,1,47,39,82,32,50,8,1,0,4,1,46,1064,1,2,1,2,1,1,2,2,2,2,SINGLE_T2_CORRECT,11,455,1,0,3,0,0,0,120,47,120,47,73,47,1,0,10,180,10,180,-170,170,NaN,NaN,NaN,1785779715.03845,12355.45678328,2.23782777786255,0.0161542892456055,0.236406326293945,0.76860523223877,1.30787253379822,1.58568024635315,1.62539219856262,1.62539219856262,-1,-1,1.8705894947052,220.25203704834,277.807712554932,39.7119522094727,317.519664764404,Instruction,Right,Left,Left,Right,Left,1,0,0,0,0,NaN,NaN,NaN,NaN,NaN,NaN,NaN,NaN,1,1,0,1,0,0,40,NaN,20260803_t1352_srsSmooth_Moretraining_B001,40,NaN,2.61591971715291,2.86176443099976,NaN,NaN,NaN,0,NaN,NaN,NaN,NaN,0
20260803_t1352_srsSmooth_Moretraining,srs_smooth_Moretraining,trial0048.mat,48,48,40,1,48,40,82,32,50,8,1,0,4,1,47,29692,1,2,1,2,1,1,2,2,2,2,SINGLE_T2_CORRECT,11,455,1,0,5,0,0,0,120,11,120,11,109,11,1,180,190,0,10,180,-170,170,NaN,NaN,NaN,1785779718.60271,12359.02087464,1.98687267303467,0.0186989307403564,0.213291168212891,0.778231620788574,1.11874294281006,1.34608483314514,1.38864350318909,1.38864350318909,-1,-1,1.64096260070801,194.592237472534,227.341890335083,42.5586700439453,269.900560379028,Instruction,Right,Left,Left,Right,Left,1,0,0,0,0,NaN,NaN,NaN,NaN,NaN,NaN,NaN,NaN,1,1,0,1,0,0,41,NaN,20260803_t1352_srsSmooth_Moretraining_B001,41,NaN,2.675324122111,1.3264365196228,NaN,NaN,NaN,0,NaN,NaN,NaN,NaN,0
20260803_t1352_srsSmooth_Moretraining,srs_smooth_Moretraining,trial0049.mat,49,49,41,1,49,41,82,32,50,8,1,0,2,1,22,9329,1,1,2,1,1,2,1,2,1,2,SINGLE_T1_CORRECT,10,455,1,0,2,0,0,0,113,58,113,58,55,113,1,0,180,10,180,10,170,170,NaN,NaN,NaN,1785779721.92491,12362.3429038,2.23476481437683,0.0132980346679688,0.258039236068726,0.825021982192993,1.263347864151,1.51689624786377,1.55628347396851,1.55628347396851,-1,-1,1.80889296531677,244.741201400757,253.548383712769,39.3872261047363,292.935609817505,Instruction,Left,Right,Left,Left,Left,1,0,0,0,0,NaN,NaN,NaN,NaN,NaN,NaN,NaN,NaN,0,0,0,1,1,0,42,NaN,20260803_t1352_srsSmooth_Moretraining_B001,42,NaN,2.73069410721461,1.33532643318176,NaN,NaN,NaN,0,NaN,NaN,NaN,NaN,0
20260803_t1352_srsSmooth_Moretraining,srs_smooth_Moretraining,trial0050.mat,50,50,42,1,50,42,82,32,50,8,1,0,2,1,23,21121,1,1,2,1,1,2,1,2,1,2,SINGLE_T1_CORRECT,10,455,1,0,7,0,0,0,111,17,111,17,94,111,1,180,0,190,180,10,170,170,NaN,NaN,NaN,1785779725.45822,12365.87627036,2.36882901191711,0.013469934463501,0.266721725463867,1.03347635269165,1.3801908493042,1.59946727752686,1.64184069633484,1.64184069633484,-1,-1,1.92209148406982,253.251791000366,219.276428222656,42.3734188079834,261.64984703064,Instruction,Left,Right,Left,Left,Left,1,0,0,0,0,NaN,NaN,NaN,NaN,NaN,NaN,NaN,NaN,0,0,0,1,1,0,43,NaN,20260803_t1352_srsSmooth_Moretraining_B001,43,NaN,2.78958249092102,1.29853820800781,NaN,NaN,NaN,0,NaN,NaN,NaN,NaN,0
20260803_t1352_srsSmooth_Moretraining,srs_smooth_Moretraining,trial0052.mat,52,52,43,1,52,43,82,32,50,8,1,0,4,1,41,1927,1,2,1,2,1,1,2,2,2,2,SINGLE_T2_CORRECT,11,455,1,0,5,0,0,0,134,46,134,46,88,46,1,0,10,180,10,180,-170,170,NaN,NaN,NaN,1785779730.72681,12371.14470152,2.29134964942932,0.0117478370666504,0.231864929199219,0.85630464553833,1.47013998031616,1.67343854904175,1.71293163299561,1.71293163299561,-1,-1,1.94843912124634,220.117092132568,203.298568725586,39.4930839538574,242.791652679443,Instruction,Right,Left,Left,Right,Left,1,0,0,0,0,NaN,NaN,NaN,NaN,NaN,NaN,NaN,NaN,1,1,0,1,0,0,44,NaN,20260803_t1352_srsSmooth_Moretraining_B001,44,NaN,2.87739245494207,2.8997688293457,NaN,NaN,NaN,0,NaN,NaN,NaN,NaN,0
20260803_t1352_srsSmooth_Moretraining,srs_smooth_Moretraining,trial0053.mat,53,53,44,1,53,44,82,32,50,8,1,0,4,1,43,8668,1,2,1,2,1,1,2,2,0,0,,0,11,0,1,2,0,0,0,131,52,131,52,79,NaN,1,0,10,180,10,180,-170,170,NaN,NaN,NaN,1785779734.32036,12374.73821996,0.354919672012329,0.0183513164520264,0.237714529037476,-1,-1,-1,-1,-1,-1,-1,-1,219.363212585449,NaN,NaN,NaN,Instruction,Right,Left,None,Right,Left,1,0,0,0,0,NaN,NaN,NaN,NaN,NaN,NaN,NaN,NaN,1,1,0,1,0,0,44,NaN,20260803_t1352_srsSmooth_Moretraining_B001,NaN,NaN,2.93728479544322,1.30219078063965,NaN,NaN,NaN,0,NaN,NaN,NaN,NaN,0
20260803_t1352_srsSmooth_Moretraining,srs_smooth_Moretraining,trial0054.mat,54,54,44,1,54,44,82,32,50,8,1,0,3,1,33,30045,1,2,2,1,1,2,2,1,2,1,SINGLE_T2_CORRECT,11,455,1,0,2,0,0,0,104,31,104,31,73,31,1,180,190,0,10,180,-170,170,NaN,NaN,NaN,1785779735.90559,12376.323397,2.36320066452026,0.016512393951416,0.235769271850586,0.786624193191528,1.29989624023438,1.69500517845154,1.73657608032227,1.73657608032227,-1,-1,2.02811145782471,219.25687789917,395.108938217163,41.5709018707275,436.679840087891,Instruction,Left,Right,Right,Left,Right,1,0,0,0,0,NaN,NaN,NaN,NaN,NaN,NaN,NaN,NaN,0,0,1,1,0,0,45,NaN,20260803_t1352_srsSmooth_Moretraining_B001,45,NaN,2.96370540062586,1.23031663894653,NaN,NaN,NaN,0,NaN,NaN,NaN,NaN,0
20260803_t1352_srsSmooth_Moretraining,srs_smooth_Moretraining,trial0055.mat,55,55,45,1,55,45,82,32,50,8,1,0,3,1,31,95,1,2,2,1,1,2,2,1,2,1,SINGLE_T2_CORRECT,11,455,1,0,6,0,0,0,86,32,86,32,54,32,1,180,190,0,10,180,-170,170,NaN,NaN,NaN,1785779739.5791,12379.99694844,2.41488647460938,0.0181488990783691,0.271363496780396,0.954462051391602,1.51820802688599,1.77064299583435,1.81288170814514,1.81288170814514,-1,-1,2.03838992118835,253.214597702026,252.434968948364,42.238712310791,294.673681259155,Instruction,Left,Right,Right,Left,Right,1,0,0,0,0,NaN,NaN,NaN,NaN,NaN,NaN,NaN,NaN,0,0,1,1,0,0,46,NaN,20260803_t1352_srsSmooth_Moretraining_B001,46,NaN,3.02493055661519,1.31030869483948,NaN,NaN,NaN,0,NaN,NaN,NaN,NaN,0
20260803_t1352_srsSmooth_Moretraining,srs_smooth_Moretraining,trial0056.mat,56,56,46,1,56,46,82,32,50,8,1,0,3,1,36,31464,1,2,2,1,1,2,2,1,2,1,SINGLE_T2_CORRECT,11,455,1,0,6,0,0,0,136,19,136,19,117,19,1,180,190,0,10,180,-170,170,NaN,NaN,NaN,1785779743.26098,12383.67837952,2.33330607414246,0.0197513103485107,0.231210708618164,0.789825439453125,1.37813925743103,1.65658020973206,1.69555115699768,1.69555115699768,-1,-1,1.98105311393738,211.459398269653,278.440952301025,38.970947265625,317.41189956665,Instruction,Left,Right,Right,Left,Right,1,0,0,0,0,NaN,NaN,NaN,NaN,NaN,NaN,NaN,NaN,0,0,1,1,0,0,47,NaN,20260803_t1352_srsSmooth_Moretraining_B001,47,NaN,3.08629516760508,1.26699018478394,NaN,NaN,NaN,0,NaN,NaN,NaN,NaN,0
20260803_t1352_srsSmooth_Moretraining,srs_smooth_Moretraining,trial0057.mat,57,57,47,1,57,47,82,32,50,8,1,0,4,1,43,8668,1,2,1,2,1,1,2,2,2,2,SINGLE_T2_CORRECT,11,455,1,0,3,0,0,0,115,40,115,40,75,40,1,180,190,0,10,180,-170,170,NaN,NaN,NaN,1785779746.89572,12387.31338104,2.17358756065369,0.0184826850891113,0.205101013183594,0.871823072433472,1.22686386108398,1.47993278503418,1.51967597007751,1.51967597007751,-1,-1,1.83410453796387,186.618328094482,253.068923950195,39.743185043335,292.81210899353,Instruction,Right,Left,Left,Right,Left,1,0,0,0,0,NaN,NaN,NaN,NaN,NaN,NaN,NaN,NaN,1,1,0,1,0,0,48,NaN,20260803_t1352_srsSmooth_Moretraining_B001,48,NaN,3.14687427679698,1.30144047737122,NaN,NaN,NaN,0,NaN,NaN,NaN,NaN,0
20260803_t1352_srsSmooth_Moretraining,srs_smooth_Moretraining,trial0058.mat,58,58,48,1,58,48,82,32,50,8,1,0,2,1,16,224,1,1,2,1,1,2,1,2,0,0,,0,11,0,1,1,0,0,0,111,61,111,61,50,NaN,1,0,180,10,180,10,170,170,NaN,NaN,NaN,1785779750.37167,12390.78918688,0.229281187057495,0.0176715850830078,0.177025556564331,-1,-1,-1,-1,-1,-1,-1,-1,159.353971481323,NaN,NaN,NaN,Instruction,Left,Right,None,Left,Left,1,0,0,0,0,NaN,NaN,NaN,NaN,NaN,NaN,NaN,NaN,0,0,0,1,1,0,48,NaN,20260803_t1352_srsSmooth_Moretraining_B001,NaN,NaN,3.2048067688942,1.30236196517944,NaN,NaN,NaN,0,NaN,NaN,NaN,NaN,0
20260803_t1352_srsSmooth_Moretraining,srs_smooth_Moretraining,trial0059.mat,59,59,48,1,59,48,82,32,50,8,1,0,2,1,16,224,1,1,2,1,1,2,1,2,1,2,SINGLE_T1_CORRECT,10,455,1,0,5,0,0,0,75,26,75,26,49,75,1,0,180,10,180,10,170,170,NaN,NaN,NaN,1785779751.80647,12392.22382888,2.34641790390015,0.0162622928619385,0.177939176559448,0.886212110519409,1.32464718818665,1.61131548881531,1.65884160995483,1.65884160995483,-1,-1,1.96722650527954,161.67688369751,286.668300628662,47.5261211395264,334.194421768188,Instruction,Left,Right,Left,Left,Left,1,0,0,0,0,NaN,NaN,NaN,NaN,NaN,NaN,NaN,NaN,0,0,0,1,1,0,49,NaN,20260803_t1352_srsSmooth_Moretraining_B001,49,NaN,3.22872008482615,1.20551776885986,NaN,NaN,NaN,0,NaN,NaN,NaN,NaN,0
20260803_t1352_srsSmooth_Moretraining,srs_smooth_Moretraining,trial0060.mat,60,60,49,1,60,49,82,32,50,8,1,0,3,1,37,3912,1,2,2,1,1,2,2,1,2,1,SINGLE_T2_CORRECT,11,455,1,0,5,0,0,0,115,64,115,64,51,64,1,180,190,0,10,180,-170,170,NaN,NaN,NaN,1785779755.50112,12395.91844144,2.52794194221497,0.0134227275848389,0.216622352600098,0.991406202316284,1.59681868553162,1.85842823982239,1.89953589439392,1.89953589439392,-1,-1,2.156414270401,203.199625015259,261.609554290771,41.1076545715332,302.717208862305,Instruction,Left,Right,Right,Left,Right,1,0,0,0,0,NaN,NaN,NaN,NaN,NaN,NaN,NaN,NaN,0,0,1,1,0,0,50,NaN,20260803_t1352_srsSmooth_Moretraining_B001,50,NaN,3.29029761155446,1.34823369979858,NaN,NaN,NaN,0,NaN,NaN,NaN,NaN,0
20260803_t1352_srsSmooth_Moretraining,srs_smooth_Moretraining,trial0061.mat,61,61,50,1,61,50,82,32,50,8,1,1,6,2,66,26337,2,0,2,1,1,2,1,2,1,2,CHOSE_HIGH_SAL,1,455,1,0,2,0,0,0,105,44,105,44,61,105,1,180,345.066204782459,204.933795217541,165.066204782459,24.9337952175409,140.132409564918,140.132409564918,NaN,NaN,NaN,1785779759.36067,12399.77808148,1.91633915901184,0.0123641490936279,0.249019861221313,0.754654407501221,1.17074418067932,1.18793845176697,1.23206686973572,1.23206686973572,-1,-1,1.50045347213745,236.655712127686,17.1942710876465,44.12841796875,61.3226890563965,Congruent,Left,Right,Left,Left,Left,0,1,1,0,1,0,1,1,1,1,0,0,0,0,0,0,1,1,1,51,1,20260803_t1352_srsSmooth_Moretraining_B001,51,1,3.35462333758672,1.33160161972046,NaN,NaN,NaN,0,NaN,NaN,NaN,NaN,1
20260803_t1352_srsSmooth_Moretraining,srs_smooth_Moretraining,trial0063.mat,63,63,51,1,63,51,82,32,50,8,1,1,5,2,51,3085,2,0,1,2,1,1,1,1,0,0,,0,11,0,1,2,0,0,0,95,45,95,45,50,NaN,1,0,139.925800882194,50.0741991178062,139.925800882194,50.0741991178062,89.8516017643875,89.8516017643875,NaN,NaN,NaN,1785779764.17564,12404.59296804,1.28553581237793,0.014251708984375,0.234052658081055,0.940152406692505,-1,-1,-1,-1,-1,-1,-1,219.80094909668,NaN,NaN,NaN,Congruent,Right,Left,None,Right,Right,0,1,1,0,0,NaN,NaN,NaN,NaN,NaN,NaN,NaN,NaN,1,1,1,1,1,0,51,NaN,20260803_t1352_srsSmooth_Moretraining_B001,NaN,NaN,3.43487280607224,2.89862895011902,NaN,NaN,NaN,0,NaN,NaN,NaN,NaN,0
20260803_t1352_srsSmooth_Moretraining,srs_smooth_Moretraining,trial0064.mat,64,64,51,1,64,51,82,32,50,8,1,2,8,2,82,13656,2,0,2,1,1,2,2,1,0,0,,0,11,0,1,2,0,0,0,126,16,126,16,110,NaN,1,180,194.459580021069,355.540419978931,14.4595800210693,175.540419978931,-161.080839957861,161.080839957861,NaN,NaN,NaN,1785779766.78759,12407.20472344,0.31358790397644,0.01906418800354,0.254713535308838,-1,-1,-1,-1,-1,-1,-1,-1,235.649347305298,NaN,NaN,NaN,Conflict,Left,Right,None,Left,Right,0,1,0,1,0,NaN,NaN,NaN,NaN,NaN,NaN,NaN,NaN,0,0,1,1,0,0,51,NaN,20260803_t1352_srsSmooth_Moretraining_B001,NaN,NaN,3.47840543985367,1.32642221450806,NaN,NaN,NaN,0,NaN,NaN,NaN,NaN,0
20260803_t1352_srsSmooth_Moretraining,srs_smooth_Moretraining,trial0066.mat,66,66,51,1,66,51,82,32,50,8,1,1,6,2,64,10983,2,0,2,1,1,2,1,2,0,0,,0,11,0,1,2,0,0,0,128,58,128,58,70,NaN,1,180,358.928730574722,191.071269425278,178.928730574722,11.0712694252782,167.857461149444,167.857461149444,NaN,NaN,NaN,1785779769.88407,12410.30117764,1.43530368804932,0.0143709182739258,0.300836324691772,0.959534645080566,-1,-1,-1,-1,-1,-1,-1,286.465406417847,NaN,NaN,NaN,Congruent,Left,Right,None,Left,Left,0,1,1,0,0,NaN,NaN,NaN,NaN,NaN,NaN,NaN,NaN,0,0,0,1,1,0,51,NaN,20260803_t1352_srsSmooth_Moretraining_B001,NaN,NaN,3.53001344203949,2.78289222717285,NaN,NaN,NaN,0,NaN,NaN,NaN,NaN,0
20260803_t1352_srsSmooth_Moretraining,srs_smooth_Moretraining,trial0067.mat,67,67,51,1,67,51,82,32,50,8,1,2,7,2,72,5444,2,0,1,2,1,1,2,2,1,1,CHOSE_LOW_SAL,2,455,1,0,3,0,0,0,119,50,119,50,69,119,1,180,271.658607973823,278.341392026177,91.6586079738232,98.3413920261768,-6.68278405235355,6.68278405235355,NaN,NaN,NaN,1785779772.54651,12412.96362048,2.27367043495178,0.0187063217163086,0.230471611022949,0.855258703231812,1.35209131240845,1.57208824157715,1.61123275756836,1.61123275756836,-1,-1,1.85557293891907,211.765289306641,219.996929168701,39.1445159912109,259.141445159912,Conflict,Right,Left,Right,Right,Left,0,1,0,1,1,1,1,1,0,0,0,0,1,1,1,0,1,0,1,52,2,20260803_t1352_srsSmooth_Moretraining_B001,52,2,3.57438736756643,1.22713184356689,1,2,105,1,0,1,1,0,1
20260803_t1352_srsSmooth_Moretraining,srs_smooth_Moretraining,trial0068.mat,68,68,52,1,68,52,82,32,50,8,1,2,8,2,75,27213,2,0,2,1,1,2,2,1,2,1,CHOSE_HIGH_SAL,1,455,1,0,1,0,0,0,113,52,113,52,61,52,1,0,21.1925111893938,168.807488810606,21.1925111893938,168.807488810606,-147.614977621212,147.614977621212,NaN,NaN,NaN,1785779776.15093,12416.56780428,2.2784731388092,0.0144283771514893,0.258978605270386,0.859119415283203,1.39781618118286,1.62566423416138,1.6657567024231,1.6657567024231,-1,-1,1.9252655506134,244.550228118896,227.848052978516,40.0924682617188,267.940521240234,Conflict,Left,Right,Right,Left,Right,0,1,0,1,1,1,0,0,1,0,1,1,0,0,0,1,1,0,1,53,3,20260803_t1352_srsSmooth_Moretraining_B001,53,3,3.63446100155512,1.33074760437012,1,1,119,1,1,0,0,1,1
20260803_t1352_srsSmooth_Moretraining,srs_smooth_Moretraining,trial0069.mat,69,69,53,1,69,53,82,32,50,8,1,2,8,2,79,20282,2,0,2,1,1,2,2,1,0,0,,0,11,0,1,1,0,0,0,113,50,113,50,63,NaN,1,0,12.025459554393,177.974540445607,12.025459554393,177.974540445607,-165.949080891214,165.949080891214,NaN,NaN,NaN,1785779779.79039,12420.2071916,1.20496416091919,0.0167739391326904,0.225817441940308,0.803085327148438,-1,-1,-1,-1,-1,-1,-1,209.043502807617,NaN,NaN,NaN,Conflict,Left,Right,None,Left,Right,0,1,0,1,0,NaN,NaN,NaN,NaN,NaN,NaN,NaN,NaN,0,0,1,1,0,0,53,NaN,20260803_t1352_srsSmooth_Moretraining_B001,NaN,NaN,3.69511872132619,1.36099004745483,NaN,NaN,NaN,0,NaN,NaN,NaN,NaN,0
20260803_t1352_srsSmooth_Moretraining,srs_smooth_Moretraining,trial0070.mat,70,70,53,1,70,53,82,32,50,8,1,2,8,2,77,9209,2,0,2,1,1,2,2,1,2,1,CHOSE_HIGH_SAL,1,455,1,0,7,0,0,0,126,62,126,62,64,62,1,0,45.7205638921882,144.279436107812,45.7205638921882,144.279436107812,-98.5588722156236,98.5588722156236,NaN,NaN,NaN,1785779782.27317,12422.68995872,1.97172284126282,0.0174214839935303,0.159673690795898,0.745635032653809,1.09246349334717,1.29535603523254,1.33737897872925,1.33737897872925,-1,-1,1.57363820075989,142.252206802368,202.892541885376,42.0229434967041,244.91548538208,Conflict,Left,Right,Right,Left,Right,0,1,0,1,1,1,0,0,1,0,1,1,0,0,0,1,1,0,1,54,4,20260803_t1352_srsSmooth_Moretraining_B001,54,4,3.73649842739105,1.27781820297241,2,1,52,1,0,0,1,1,1
20260803_t1352_srsSmooth_Moretraining,srs_smooth_Moretraining,trial0071.mat,71,71,54,1,71,53,82,32,50,8,1,2,8,2,77,9209,2,0,2,1,1,2,2,1,2,1,CHOSE_HIGH_SAL,1,455,1,0,4,0,0,0,126,62,126,62,64,62,1,0,45.7205638921882,144.279436107812,45.7205638921882,144.279436107812,-98.5588722156236,98.5588722156236,NaN,NaN,NaN,1785779785.56998,12425.98680932,2.09526824951172,0.0124106407165527,0.232261657714844,0.812938213348389,1.20412373542786,1.43234062194824,1.47396945953369,1.47396945953369,-1,-1,1.70691108703613,219.851016998291,228.216886520386,41.6288375854492,269.845724105835,Conflict,Left,Right,Right,Left,Right,0,1,0,1,1,1,0,0,1,0,1,1,0,0,0,1,1,0,1,55,5,20260803_t1352_srsSmooth_Moretraining_B001,55,5,3.7914451956749,1.32508325576782,2,1,62,1,0,0,1,1,1
20260803_t1352_srsSmooth_Moretraining,srs_smooth_Moretraining,trial0072.mat,72,72,55,1,72,53,82,32,50,8,1,2,8,2,77,9209,2,0,2,1,1,2,2,1,2,1,CHOSE_HIGH_SAL,1,455,1,0,1,0,0,0,126,62,126,62,64,62,1,0,45.7205638921882,144.279436107812,45.7205638921882,144.279436107812,-98.5588722156236,98.5588722156236,NaN,NaN,NaN,1785779788.96167,12429.37849904,2.14228940010071,0.0125195980072021,0.198895692825317,0.871490955352783,1.2209005355835,1.50661063194275,1.53853225708008,1.53853225708008,-1,-1,1.77730989456177,186.376094818115,285.710096359253,31.9216251373291,317.631721496582,Conflict,Left,Right,Right,Left,Right,0,1,0,1,1,1,0,0,1,0,1,1,0,0,0,1,1,0,1,56,6,20260803_t1352_srsSmooth_Moretraining_B001,56,6,3.84797334671021,1.29642081260681,2,1,62,1,0,0,1,1,1
20260803_t1352_srsSmooth_Moretraining,srs_smooth_Moretraining,trial0073.mat,73,73,56,1,73,53,82,32,50,8,1,2,8,2,77,9209,2,0,2,1,1,2,2,1,1,2,CHOSE_LOW_SAL,2,455,1,0,3,0,0,0,126,62,126,62,64,126,1,0,45.7205638921882,144.279436107812,45.7205638921882,144.279436107812,-98.5588722156236,98.5588722156236,NaN,NaN,NaN,1785779792.43862,12432.8553228,2.43244433403015,0.0107076168060303,0.255306005477905,1.02242231369019,1.4774317741394,1.70360946655273,1.7367582321167,1.7367582321167,-1,-1,1.99683713912964,244.598388671875,226.17769241333,33.1487655639648,259.326457977295,Conflict,Left,Right,Left,Left,Right,0,1,0,1,1,0,1,1,0,1,0,0,1,0,0,1,1,0,1,57,7,20260803_t1352_srsSmooth_Moretraining_B001,57,7,3.90592246055603,1.3346574306488,2,1,62,1,1,1,0,0,1
20260803_t1352_srsSmooth_Moretraining,srs_smooth_Moretraining,trial0074.mat,74,74,57,1,74,54,82,32,50,8,1,2,7,2,67,30248,2,0,1,2,1,1,2,2,2,2,CHOSE_HIGH_SAL,1,455,1,0,1,0,0,0,106,54,106,54,52,54,1,0,94.0908293278168,95.9091706721832,94.0908293278168,95.9091706721832,-1.81834134436644,1.81834134436644,NaN,NaN,NaN,1785779796.19818,12436.61464572,2.25594687461853,0.0179612636566162,0.254329442977905,1.02935695648193,1.37634682655334,1.59463787078857,1.62684226036072,1.62684226036072,-1,-1,1.90420794487,236.368179321289,218.291044235229,32.2043895721436,250.495433807373,Conflict,Right,Left,Left,Right,Left,0,1,0,1,1,0,0,0,1,1,1,1,0,1,1,0,1,0,1,58,8,20260803_t1352_srsSmooth_Moretraining_B001,58,8,3.96858180363973,1.32711625099182,1,2,126,1,1,0,0,1,1
20260803_t1352_srsSmooth_Moretraining,srs_smooth_Moretraining,trial0075.mat,75,75,58,1,75,55,82,32,50,8,1,1,6,2,60,21534,2,0,2,1,1,2,1,2,0,0,,0,11,0,1,1,0,0,0,116,65,116,65,51,NaN,1,180,350.533889602455,199.466110397545,170.533889602455,19.4661103975449,151.06777920491,151.06777920491,NaN,NaN,NaN,1785779799.77723,12440.19366916,1.45937585830688,0.0140411853790283,0.306379795074463,1.02541637420654,-1,-1,-1,-1,-1,-1,-1,292.338609695435,NaN,NaN,NaN,Congruent,Left,Right,None,Left,Left,0,1,1,0,0,NaN,NaN,NaN,NaN,NaN,NaN,NaN,NaN,0,0,0,1,1,0,58,NaN,20260803_t1352_srsSmooth_Moretraining_B001,NaN,NaN,4.02823278506597,1.32311201095581,NaN,NaN,NaN,0,NaN,NaN,NaN,NaN,0
20260803_t1352_srsSmooth_Moretraining,srs_smooth_Moretraining,trial0076.mat,76,76,58,1,76,55,82,32,50,8,1,2,7,2,74,8501,2,0,1,2,1,1,2,2,0,0,,0,11,0,1,3,0,0,0,119,44,119,44,75,NaN,1,180,229.754988026211,320.245011973789,49.7549880262113,140.245011973789,-90.4900239475774,90.4900239475774,NaN,NaN,NaN,1785779802.60275,12443.01784644,1.20917320251465,0.0136330127716064,0.241828441619873,0.791823863983154,-1,-1,-1,-1,-1,-1,-1,228.195428848267,NaN,NaN,NaN,Conflict,Right,Left,None,Right,Left,0,1,0,1,0,NaN,NaN,NaN,NaN,NaN,NaN,NaN,NaN,1,1,0,1,0,0,58,NaN,20260803_t1352_srsSmooth_Moretraining_B001,NaN,NaN,4.07532475789388,1.3661425113678,NaN,NaN,NaN,0,NaN,NaN,NaN,NaN,0
20260803_t1352_srsSmooth_Moretraining,srs_smooth_Moretraining,trial0077.mat,77,77,58,1,77,55,82,32,50,8,1,2,8,2,78,18188,2,0,2,1,1,2,2,1,0,0,,0,11,0,1,0,0,0,0,112,53,112,53,59,NaN,1,0,19.304411153459,170.695588846541,19.304411153459,170.695588846541,-151.391177693082,151.391177693082,NaN,NaN,NaN,1785779805.07635,12445.49265628,0.31051230430603,0.0151298046112061,0.258125066757202,-1,-1,-1,-1,-1,-1,-1,-1,242.995262145996,NaN,NaN,NaN,Conflict,Left,Right,None,Left,Right,0,1,0,1,0,NaN,NaN,NaN,NaN,NaN,NaN,NaN,NaN,0,0,1,1,0,0,58,NaN,20260803_t1352_srsSmooth_Moretraining_B001,NaN,NaN,4.11655141115189,1.2644259929657,NaN,NaN,NaN,0,NaN,NaN,NaN,NaN,0
20260803_t1352_srsSmooth_Moretraining,srs_smooth_Moretraining,trial0078.mat,78,78,58,1,78,55,82,32,50,8,1,2,7,2,73,12267,2,0,1,2,1,1,2,2,1,1,CHOSE_LOW_SAL,2,455,1,0,4,0,0,0,108,36,108,36,72,108,1,0,79.5709374014748,110.429062598525,79.5709374014747,110.429062598525,-30.8581251970505,30.8581251970505,NaN,NaN,NaN,1785779806.59822,12447.01452948,2.31544542312622,0.0183179378509521,0.211350679397583,0.846687316894531,1.28503394126892,1.57929158210754,1.61303734779358,1.61303734779358,-1,-1,1.90213346481323,193.032741546631,294.257640838623,33.7457656860352,328.003406524658,Conflict,Right,Left,Right,Right,Left,0,1,0,1,1,1,1,1,0,0,0,0,1,1,1,0,1,0,1,59,9,20260803_t1352_srsSmooth_Moretraining_B001,59,9,4.14191592534383,1.21135854721069,2,2,54,1,1,1,0,0,1
20260803_t1352_srsSmooth_Moretraining,srs_smooth_Moretraining,trial0079.mat,79,79,59,1,79,56,82,32,50,8,1,2,8,2,78,18188,2,0,2,1,1,2,2,1,2,1,CHOSE_HIGH_SAL,1,455,1,0,6,0,0,0,116,44,116,44,72,44,1,0,14.0245385790047,175.975461420995,14.0245385790047,175.975461420995,-161.950922841991,161.950922841991,NaN,NaN,NaN,1785779810.24642,12450.66275096,2.09953546524048,0.0119271278381348,0.205025911331177,0.832134485244751,1.20363998413086,1.46525001525879,1.50607967376709,1.50607967376709,-1,-1,1.75781512260437,193.098783493042,261.61003112793,40.8296585083008,302.43968963623,Conflict,Left,Right,Right,Left,Right,0,1,0,1,1,1,0,0,1,0,1,1,0,0,0,1,1,0,1,60,10,20260803_t1352_srsSmooth_Moretraining_B001,60,10,4.20271925528844,1.33275437355042,1,1,108,1,1,0,0,1,1
20260803_t1352_srsSmooth_Moretraining,srs_smooth_Moretraining,trial0080.mat,80,80,60,1,80,56,82,32,50,8,1,2,8,2,78,18188,2,0,2,1,1,2,2,1,2,1,CHOSE_HIGH_SAL,1,455,1,0,2,0,0,0,116,44,116,44,72,44,1,0,14.0245385790047,175.975461420995,14.0245385790047,175.975461420995,-161.950922841991,161.950922841991,NaN,NaN,NaN,1785779813.65123,12454.06750084,2.35421276092529,0.0155823230743408,0.210542678833008,0.950125932693481,1.42397022247314,1.70024228096008,1.74179553985596,1.74179553985596,-1,-1,2.00155425071716,194.960355758667,276.272058486938,41.553258895874,317.825317382812,Conflict,Left,Right,Right,Left,Right,0,1,0,1,1,1,0,0,1,0,1,1,0,0,0,1,1,0,1,61,11,20260803_t1352_srsSmooth_Moretraining_B001,61,11,4.25946609973907,1.30527520179749,2,1,44,1,0,0,1,1,1
20260803_t1352_srsSmooth_Moretraining,srs_smooth_Moretraining,trial0081.mat,81,81,61,1,81,56,82,32,50,8,1,2,8,2,78,18188,2,0,2,1,1,2,2,1,0,0,,0,11,0,1,0,0,0,0,116,44,116,44,72,NaN,1,0,14.0245385790047,175.975461420995,14.0245385790047,175.975461420995,-161.950922841991,161.950922841991,NaN,NaN,NaN,1785779817.35981,12457.7757708,0.301880836486816,0.0154871940612793,0.251727342605591,-1,-1,-1,-1,-1,-1,-1,-1,236.240148544312,NaN,NaN,NaN,Conflict,Left,Right,None,Left,Right,0,1,0,1,0,NaN,NaN,NaN,NaN,NaN,NaN,NaN,NaN,0,0,1,1,0,0,61,NaN,20260803_t1352_srsSmooth_Moretraining_B001,NaN,NaN,4.32127563556035,1.35435938835144,NaN,NaN,NaN,0,NaN,NaN,NaN,NaN,0
20260803_t1352_srsSmooth_Moretraining,srs_smooth_Moretraining,trial0082.mat,82,82,61,1,82,56,82,32,50,8,1,2,8,2,78,18188,2,0,2,1,1,2,2,1,2,1,CHOSE_HIGH_SAL,1,455,1,0,6,0,0,0,116,44,116,44,72,44,1,0,14.0245385790047,175.975461420995,14.0245385790047,175.975461420995,-161.950922841991,161.950922841991,NaN,NaN,NaN,1785779818.91915,12459.33519492,2.44469428062439,0.0145330429077148,0.198456525802612,0.967520236968994,1.5812611579895,1.77547407150269,1.81777954101562,1.81777954101562,-1,-1,2.06120014190674,183.923482894897,194.212913513184,42.3054695129395,236.518383026123,Conflict,Left,Right,Right,Left,Right,0,1,0,1,1,1,0,0,1,0,1,1,0,0,0,1,1,0,1,62,12,20260803_t1352_srsSmooth_Moretraining_B001,62,12,4.34726477066676,1.25746726989746,2,1,44,1,0,0,1,1,1
20260803_t1352_srsSmooth_Moretraining,srs_smooth_Moretraining,trial0084.mat,84,84,62,1,84,56,82,32,50,8,1,2,8,2,78,18188,2,0,2,1,1,2,2,1,0,0,,0,11,0,1,1,0,0,0,116,44,116,44,72,NaN,1,0,14.0245385790047,175.975461420995,14.0245385790047,175.975461420995,-161.950922841991,161.950922841991,NaN,NaN,NaN,1785779824.19896,12464.61496668,0.304230928421021,0.0182650089263916,0.245520353317261,-1,-1,-1,-1,-1,-1,-1,-1,227.255344390869,NaN,NaN,NaN,Conflict,Left,Right,None,Left,Right,0,1,0,1,0,NaN,NaN,NaN,NaN,NaN,NaN,NaN,NaN,0,0,1,1,0,0,62,NaN,20260803_t1352_srsSmooth_Moretraining_B001,NaN,NaN,4.43526156743367,2.83511352539062,NaN,NaN,NaN,0,NaN,NaN,NaN,NaN,0
20260803_t1352_srsSmooth_Moretraining,srs_smooth_Moretraining,trial0085.mat,85,85,62,1,85,56,82,32,50,8,1,2,8,2,78,18188,2,0,2,1,1,2,2,1,1,2,CHOSE_LOW_SAL,2,455,1,0,4,0,0,0,116,44,116,44,72,116,1,0,14.0245385790047,175.975461420995,14.0245385790047,175.975461420995,-161.950922841991,161.950922841991,NaN,NaN,NaN,1785779825.76152,12466.17752284,2.45746684074402,0.0140988826751709,0.258250951766968,1.01755380630493,1.50582385063171,1.70924067497253,1.75003147125244,1.75003147125244,-1,-1,2.00043201446533,244.152069091797,203.41682434082,40.7907962799072,244.207620620728,Conflict,Left,Right,Left,Left,Right,0,1,0,1,1,0,1,1,0,1,0,0,1,0,0,1,1,0,1,63,13,20260803_t1352_srsSmooth_Moretraining_B001,63,13,4.46130422353744,1.25832843780518,2,1,44,1,1,1,0,0,1
20260803_t1352_srsSmooth_Moretraining,srs_smooth_Moretraining,trial0087.mat,87,87,63,1,87,57,82,32,50,8,1,1,5,2,51,3085,2,0,1,2,1,1,1,1,1,1,CHOSE_HIGH_SAL,1,455,1,0,3,0,0,0,121,44,121,44,77,121,1,180,345.816219606033,204.183780393967,165.816219606033,24.1837803939675,141.632439212065,141.632439212065,NaN,NaN,NaN,1785779831.10452,12471.52036644,1.87086629867554,0.0129780769348145,0.0141663551330566,0.649075508117676,1.13802194595337,1.14153647422791,1.18153810501099,1.18153810501099,-1,-1,1.41298842430115,1.18827819824219,3.51452827453613,40.0016307830811,43.5161590576172,Congruent,Right,Left,Right,Right,Right,0,1,1,0,1,1,1,1,1,0,0,0,0,1,1,1,1,1,1,64,14,20260803_t1352_srsSmooth_Moretraining_B001,64,14,4.55035417079926,2.8855299949646,1,2,116,1,0,1,1,0,1
20260803_t1352_srsSmooth_Moretraining,srs_smooth_Moretraining,trial0088.mat,88,88,64,1,88,58,82,32,50,8,1,1,5,2,57,28739,2,0,1,2,1,1,1,1,1,1,CHOSE_HIGH_SAL,1,455,1,0,2,0,0,0,102,17,102,17,85,102,1,0,156.788637770866,33.211362229134,156.788637770866,33.211362229134,123.577275541732,123.577275541732,NaN,NaN,NaN,1785779834.27669,12474.69249524,2.63809275627136,0.0159311294555664,0.260372400283813,1.05167055130005,1.65766310691833,1.89400100708008,1.9347403049469,1.9347403049469,-1,-1,2.23635864257812,244.441270828247,236.337900161743,40.7392978668213,277.077198028564,Congruent,Right,Left,Right,Right,Right,0,1,1,0,1,1,1,1,1,0,0,0,0,1,1,1,1,1,1,65,15,20260803_t1352_srsSmooth_Moretraining_B001,65,15,4.60322366952896,1.30130362510681,1,1,121,1,0,0,1,1,1
20260803_t1352_srsSmooth_Moretraining,srs_smooth_Moretraining,trial0089.mat,89,89,65,1,89,59,82,32,50,8,1,1,6,2,62,29400,2,0,2,1,1,2,1,2,0,0,,0,11,0,1,0,0,0,0,97,55,97,55,42,NaN,1,180,305.527927946485,244.472072053515,125.527927946485,64.4720720535149,61.0558558929703,61.0558558929703,NaN,NaN,NaN,1785779838.20438,12478.62000296,1.58538937568665,0.013392448425293,0.264406681060791,0.956282377243042,-1,-1,-1,-1,-1,-1,-1,251.014232635498,NaN,NaN,NaN,Congruent,Left,Right,None,Left,Left,0,1,1,0,0,NaN,NaN,NaN,NaN,NaN,NaN,NaN,NaN,0,0,0,1,1,0,65,NaN,20260803_t1352_srsSmooth_Moretraining_B001,NaN,NaN,4.66868521372477,1.28959989547729,NaN,NaN,NaN,0,NaN,NaN,NaN,NaN,0
20260803_t1352_srsSmooth_Moretraining,srs_smooth_Moretraining,trial0090.mat,90,90,65,1,90,59,82,32,50,8,1,2,8,2,81,8468,2,0,2,1,1,2,2,1,0,0,,0,11,0,1,3,0,0,0,129,43,129,43,86,NaN,1,180,214.385997057308,335.614002942692,34.3859970573085,155.614002942692,-121.228005885383,121.228005885383,NaN,NaN,NaN,1785779841.0493,12481.46485236,0.371477603912354,0.018580436706543,0.279940605163574,-1,-1,-1,-1,-1,-1,-1,-1,261.360168457031,NaN,NaN,NaN,Conflict,Left,Right,None,Left,Right,0,1,0,1,0,NaN,NaN,NaN,NaN,NaN,NaN,NaN,NaN,0,0,1,1,0,0,65,NaN,20260803_t1352_srsSmooth_Moretraining_B001,NaN,NaN,4.71610059738159,1.25953364372253,NaN,NaN,NaN,0,NaN,NaN,NaN,NaN,0
20260803_t1352_srsSmooth_Moretraining,srs_smooth_Moretraining,trial0091.mat,91,91,65,1,91,59,82,32,50,8,1,1,6,2,63,28912,2,0,2,1,1,2,1,2,2,1,CHOSE_LOW_SAL,2,455,1,0,2,0,0,0,106,1,106,1,105,1,1,0,168.888344086304,21.1116559136962,168.888344086304,21.1116559136962,147.776688172608,147.776688172608,NaN,NaN,NaN,1785779842.6837,12483.09935648,2.23988437652588,0.0175848007202148,0.236995458602905,0.986477851867676,1.40097188949585,1.67881608009338,1.71048426628113,1.71048426628113,-1,-1,1.93654131889343,219.41065788269,277.844190597534,31.6681861877441,309.512376785278,Congruent,Left,Right,Right,Left,Left,0,1,1,0,1,1,0,0,0,0,1,1,1,0,0,0,1,1,1,66,16,20260803_t1352_srsSmooth_Moretraining_B001,66,16,4.74334049224854,1.26291608810425,1,1,102,1,1,0,0,1,1
20260803_t1352_srsSmooth_Moretraining,srs_smooth_Moretraining,trial0092.mat,92,92,66,1,92,60,82,32,50,8,1,2,7,2,69,16373,2,0,1,2,1,1,2,2,2,2,CHOSE_HIGH_SAL,1,455,1,0,4,0,0,0,102,30,102,30,72,30,1,0,38.9953969303583,151.004603069642,38.9953969303583,151.004603069642,-112.009206139283,112.009206139283,NaN,NaN,NaN,1785779846.20033,12486.61583388,2.40612411499023,0.017751932144165,0.21248459815979,0.987447738647461,1.54281091690063,1.78755831718445,1.82951235771179,1.82951235771179,-1,-1,2.08028602600098,194.732666015625,244.747400283813,41.9540405273438,286.701440811157,Conflict,Right,Left,Left,Right,Left,0,1,0,1,1,0,0,0,1,1,1,1,0,1,1,0,1,0,1,67,17,20260803_t1352_srsSmooth_Moretraining_B001,67,17,4.80195110638936,1.27675247192383,2,1,1,1,0,1,1,0,1
20260803_t1352_srsSmooth_Moretraining,srs_smooth_Moretraining,trial0093.mat,93,93,67,1,93,61,82,32,50,8,1,2,7,2,71,30302,2,0,1,2,1,1,2,2,1,1,CHOSE_LOW_SAL,2,455,1,0,3,0,0,0,131,29,131,29,102,131,1,0,33.6905680970445,156.309431902955,33.6905680970445,156.309431902955,-122.618863805911,122.618863805911,NaN,NaN,NaN,1785779849.92081,12490.33621944,2.45267629623413,0.0140852928161621,0.175678253173828,0.867121458053589,1.39747214317322,1.64178347587585,1.68186211585999,1.68186211585999,-1,-1,1.99525141716003,161.592960357666,244.311332702637,40.0786399841309,284.389972686768,Conflict,Right,Left,Right,Right,Left,0,1,0,1,1,1,1,1,0,0,0,0,1,1,1,0,1,0,1,68,18,20260803_t1352_srsSmooth_Moretraining_B001,68,18,4.86395908594131,1.31435465812683,2,2,30,1,1,1,0,0,1
20260803_t1352_srsSmooth_Moretraining,srs_smooth_Moretraining,trial0094.mat,94,94,68,1,94,62,82,32,50,8,1,2,8,2,82,13656,2,0,2,1,1,2,2,1,0,0,,0,11,0,1,0,0,0,0,86,34,86,34,52,NaN,1,0,78.7607352138532,111.239264786147,78.7607352138531,111.239264786147,-32.4785295722937,32.4785295722937,NaN,NaN,NaN,1785779853.68107,12494.09653524,0.173725843429565,0.012303352355957,0.121731042861938,-1,-1,-1,-1,-1,-1,-1,-1,109.427690505981,NaN,NaN,NaN,Conflict,Left,Right,None,Left,Right,0,1,0,1,0,NaN,NaN,NaN,NaN,NaN,NaN,NaN,NaN,0,0,1,1,0,0,68,NaN,20260803_t1352_srsSmooth_Moretraining_B001,NaN,NaN,4.92663011550903,1.30758547782898,NaN,NaN,NaN,0,NaN,NaN,NaN,NaN,0
20260803_t1352_srsSmooth_Moretraining,srs_smooth_Moretraining,trial0095.mat,95,95,68,1,95,62,82,32,50,8,1,1,5,2,55,16116,2,0,1,2,1,1,1,1,1,1,CHOSE_HIGH_SAL,1,455,1,0,5,0,0,0,109,60,109,60,49,109,1,0,166.130515767389,23.8694842326112,166.130515767389,23.8694842326112,142.261031534778,142.261031534778,NaN,NaN,NaN,1785779855.11849,12495.5337396,2.27187538146973,0.0166118144989014,0.242990493774414,0.819431304931641,1.2666597366333,1.51987552642822,1.56792783737183,1.56792783737183,-1,-1,1.81723046302795,226.378679275513,253.215789794922,48.0523109436035,301.268100738525,Congruent,Right,Left,Right,Right,Right,0,1,1,0,1,1,1,1,1,0,0,0,0,1,1,1,1,1,1,69,19,20260803_t1352_srsSmooth_Moretraining_B001,69,19,4.95058704217275,1.26368975639343,1,1,131,1,0,0,1,1,1
20260803_t1352_srsSmooth_Moretraining,srs_smooth_Moretraining,trial0096.mat,96,96,69,1,96,63,82,32,50,8,1,1,5,2,52,22456,2,0,1,2,1,1,1,1,1,1,CHOSE_HIGH_SAL,1,455,1,0,4,0,0,0,115,53,115,53,62,115,1,0,102.050519777676,87.9494802223242,102.050519777676,87.9494802223242,14.1010395553517,14.1010395553517,NaN,NaN,NaN,1785779858.71547,12499.13078452,2.46809983253479,0.0114407539367676,0.273180723190308,1.01393175125122,1.40316152572632,1.73970937728882,1.77922391891479,1.77922391891479,-1,-1,2.01422905921936,261.73996925354,336.5478515625,39.5145416259766,376.062393188477,Congruent,Right,Left,Right,Right,Right,0,1,1,0,1,1,1,1,1,0,0,0,0,1,1,1,1,1,1,70,20,20260803_t1352_srsSmooth_Moretraining_B001,70,20,5.0105366786321,1.32510280609131,1,1,109,1,0,0,1,1,1
20260803_t1352_srsSmooth_Moretraining,srs_smooth_Moretraining,trial0097.mat,97,97,70,1,97,64,82,32,50,8,1,2,8,2,82,13656,2,0,2,1,1,2,2,1,2,1,CHOSE_HIGH_SAL,1,455,1,0,5,0,0,0,102,21,102,21,81,21,1,0,46.2101485644013,143.789851435599,46.2101485644013,143.789851435599,-97.5797028711975,97.5797028711975,NaN,NaN,NaN,1785779862.49425,12502.90933936,2.37921118736267,0.016136646270752,0.201563596725464,1.00268340110779,1.39952373504639,1.66937780380249,1.71889424324036,1.71889424324036,-1,-1,2.03504633903503,185.426950454712,269.854068756104,49.5164394378662,319.37050819397,Conflict,Left,Right,Right,Left,Right,0,1,0,1,1,1,0,0,1,0,1,1,0,0,0,1,1,0,1,71,21,20260803_t1352_srsSmooth_Moretraining_B001,71,21,5.07351644039154,1.31068587303162,1,1,115,1,1,0,0,1,1
20260803_t1352_srsSmooth_Moretraining,srs_smooth_Moretraining,trial0098.mat,98,98,71,1,98,64,82,32,50,8,1,2,8,2,82,13656,2,0,2,1,1,2,2,1,1,2,CHOSE_LOW_SAL,2,455,1,0,4,0,0,0,102,21,102,21,81,102,1,0,46.2101485644013,143.789851435599,46.2101485644013,143.789851435599,-97.5797028711975,97.5797028711975,NaN,NaN,NaN,1785779866.20129,12506.61623012,2.46490383148193,0.0175814628601074,0.170473337173462,0.962502241134644,1.4343044757843,1.7620108127594,1.7933349609375,1.7933349609375,-1,-1,2.0286591053009,152.891874313354,327.706336975098,31.3241481781006,359.030485153198,Conflict,Left,Right,Left,Left,Right,0,1,0,1,1,0,1,1,0,1,0,0,1,0,0,1,1,0,1,72,22,20260803_t1352_srsSmooth_Moretraining_B001,72,22,5.13530033032099,1.32782220840454,2,1,21,1,1,1,0,0,1
20260803_t1352_srsSmooth_Moretraining,srs_smooth_Moretraining,trial0099.mat,99,99,72,1,99,65,82,32,50,8,1,2,8,2,76,2300,2,0,2,1,1,2,2,1,1,2,CHOSE_LOW_SAL,2,455,1,0,6,0,0,0,138,37,138,37,101,138,1,0,57.6607835499379,132.339216450062,57.6607835499379,132.339216450062,-74.6784329001242,74.6784329001242,NaN,NaN,NaN,1785779869.99485,12510.40986676,2.38756346702576,0.0158364772796631,0.196087837219238,0.969075202941895,1.42422580718994,1.61904048919678,1.66066765785217,1.66066765785217,-1,-1,1.94535040855408,180.251359939575,194.814682006836,41.6271686553955,236.441850662231,Conflict,Left,Right,Left,Left,Right,0,1,0,1,1,0,1,1,0,1,0,0,1,0,0,1,1,0,1,73,23,20260803_t1352_srsSmooth_Moretraining_B001,73,23,5.1985263466835,1.32865715026855,1,2,102,1,0,0,1,1,1
20260803_t1352_srsSmooth_Moretraining,srs_smooth_Moretraining,trial0100.mat,100,100,73,1,100,66,82,32,50,8,1,2,7,2,74,8501,2,0,1,2,1,1,2,2,0,0,,0,11,0,1,2,0,0,0,114,34,114,34,80,NaN,1,0,67.2694117332009,122.730588266799,67.2694117332009,122.730588266799,-55.4611765335983,55.4611765335983,NaN,NaN,NaN,1785779873.69165,12514.10654844,1.45705080032349,0.0191769599914551,0.237141132354736,1.01376533508301,-1,-1,-1,-1,-1,-1,-1,217.964172363281,NaN,NaN,NaN,Conflict,Right,Left,None,Right,Left,0,1,0,1,0,NaN,NaN,NaN,NaN,NaN,NaN,NaN,NaN,1,1,0,1,0,0,73,NaN,20260803_t1352_srsSmooth_Moretraining_B001,NaN,NaN,5.26013975540797,1.30924105644226,NaN,NaN,NaN,0,NaN,NaN,NaN,NaN,0
20260803_t1352_srsSmooth_Moretraining,srs_smooth_Moretraining,trial0101.mat,101,101,73,1,101,66,82,32,50,8,1,1,6,2,64,10983,2,0,2,1,1,2,1,2,1,2,CHOSE_HIGH_SAL,1,455,1,0,5,0,0,0,94,52,94,52,42,94,1,0,131.060998704962,58.9390012950383,131.060998704962,58.9390012950383,72.1219974099234,72.1219974099234,NaN,NaN,NaN,1785779876.36128,12516.776162,2.08795261383057,0.0163211822509766,0.18616247177124,0.744470834732056,1.17470026016235,1.39391803741455,1.43425059318542,1.43425059318542,-1,-1,1.69290494918823,169.841289520264,219.217777252197,40.332555770874,259.550333023071,Congruent,Left,Right,Left,Left,Left,0,1,1,0,1,0,1,1,1,1,0,0,0,0,0,0,1,1,1,74,24,20260803_t1352_srsSmooth_Moretraining_B001,74,24,5.30463355382284,1.21257710456848,1,2,138,1,0,0,1,1,1
20260803_t1352_srsSmooth_Moretraining,srs_smooth_Moretraining,trial0102.mat,102,102,74,1,102,67,82,32,50,8,1,1,6,2,65,13992,2,0,2,1,1,2,1,2,2,1,CHOSE_LOW_SAL,2,455,1,0,6,0,0,0,103,34,103,34,69,34,1,180,324.311420233727,225.688579766273,144.311420233727,45.6885797662725,98.6228404674549,98.6228404674549,NaN,NaN,NaN,1785779879.80137,12520.21614208,2.40616798400879,0.0180354118347168,0.21302318572998,0.996450901031494,1.47642636299133,1.72906875610352,1.77168369293213,1.77168369293213,-1,-1,2.05204010009766,194.987773895264,252.642393112183,42.6149368286133,295.257329940796,Congruent,Left,Right,Right,Left,Left,0,1,1,0,1,1,0,0,0,0,1,1,1,0,0,0,1,1,1,75,25,20260803_t1352_srsSmooth_Moretraining_B001,75,25,5.36196833451589,1.35213422775269,1,2,94,1,1,1,0,0,1
20260803_t1352_srsSmooth_Moretraining,srs_smooth_Moretraining,trial0105.mat,105,105,75,1,105,68,82,32,50,8,1,1,6,2,62,29400,2,0,2,1,1,2,1,2,2,1,CHOSE_LOW_SAL,2,455,1,0,4,0,0,0,91,37,91,37,54,37,1,0,169.710240840771,20.289759159229,169.710240840771,20.289759159229,149.420481681542,149.420481681542,NaN,NaN,NaN,1785779886.62156,12527.03626772,2.35411071777344,0.0147826671600342,0.202699184417725,0.984972715377808,1.34816861152649,1.70964908599854,1.75158357620239,1.75158357620239,-1,-1,1.99006342887878,187.91651725769,361.480474472046,41.9344902038574,403.414964675903,Congruent,Left,Right,Right,Left,Left,0,1,1,0,1,1,0,0,0,0,1,1,1,0,0,0,1,1,1,76,26,20260803_t1352_srsSmooth_Moretraining_B001,76,26,5.47563813130061,4.41401982307434,2,1,34,1,0,0,1,1,1
20260803_t1352_srsSmooth_Moretraining,srs_smooth_Moretraining,trial0106.mat,106,106,76,1,106,69,82,32,50,8,1,1,6,2,61,21149,2,0,2,1,1,2,1,2,1,2,CHOSE_HIGH_SAL,1,455,1,0,3,0,0,0,115,53,115,53,62,115,1,0,172.97292229632,17.02707770368,172.97292229632,17.02707770368,155.94584459264,155.94584459264,NaN,NaN,NaN,1785779890.24304,12530.65761104,2.19044804573059,0.0184450149536133,0.244256258010864,0.903120040893555,1.23516011238098,1.47179484367371,1.51336550712585,1.51336550712585,-1,-1,1.7708580493927,225.811243057251,236.634731292725,41.5706634521484,278.205394744873,Congruent,Left,Right,Left,Left,Left,0,1,1,0,1,0,1,1,1,1,0,0,0,0,0,0,1,1,1,77,27,20260803_t1352_srsSmooth_Moretraining_B001,77,27,5.53599613904953,1.26736974716187,2,1,37,1,1,1,0,0,1
20260803_t1352_srsSmooth_Moretraining,srs_smooth_Moretraining,trial0108.mat,108,108,77,1,108,70,82,32,50,8,1,2,7,2,68,28400,2,0,1,2,1,1,2,2,2,2,CHOSE_HIGH_SAL,1,455,1,0,4,0,0,0,114,7,114,7,107,7,1,0,10.8862409300138,179.113759069986,10.8862409300138,179.113759069986,-168.227518139972,168.227518139972,NaN,NaN,NaN,1785779895.25726,12535.67172132,2.24298763275146,0.0127553939819336,0.199084043502808,0.882655143737793,1.44614553451538,1.63264536857605,1.67452692985535,1.67452692985535,-1,-1,1.92205262184143,186.328649520874,186.499834060669,41.8815612792969,228.381395339966,Conflict,Right,Left,Left,Right,Left,0,1,0,1,1,0,0,0,1,1,1,1,0,1,1,0,1,0,1,78,28,20260803_t1352_srsSmooth_Moretraining_B001,78,28,5.61956646442413,2.82377147674561,1,2,115,1,1,0,0,1,1
20260803_t1352_srsSmooth_Moretraining,srs_smooth_Moretraining,trial0109.mat,109,109,78,1,109,71,82,32,50,8,1,1,6,2,59,9109,2,0,2,1,1,2,1,2,2,1,CHOSE_LOW_SAL,2,455,1,0,2,0,0,0,114,54,114,54,60,54,1,0,163.145100476887,26.8548995231129,163.145100476887,26.8548995231129,136.290200953774,136.290200953774,NaN,NaN,NaN,1785779898.81998,12539.23438984,2.48975777626038,0.0168387889862061,0.226287841796875,0.976447582244873,1.60023403167725,1.83481979370117,1.87644505500793,1.87644505500793,-1,-1,2.10374712944031,209.449052810669,234.585762023926,41.6252613067627,276.211023330688,Congruent,Left,Right,Right,Left,Left,0,1,1,0,1,1,0,0,0,0,1,1,1,0,0,0,1,1,1,79,29,20260803_t1352_srsSmooth_Moretraining_B001,79,29,5.67894520759583,1.31973695755005,2,2,7,1,0,1,1,0,1
20260803_t1352_srsSmooth_Moretraining,srs_smooth_Moretraining,trial0110.mat,110,110,79,1,110,72,82,32,50,8,1,2,8,2,80,13428,2,0,2,1,1,2,2,1,2,1,CHOSE_HIGH_SAL,1,455,1,0,6,0,0,0,121,39,121,39,82,39,1,0,26.0010782914091,163.998921708591,26.001078291409,163.998921708591,-137.997843417182,137.997843417182,NaN,NaN,NaN,1785779902.64998,12543.06429116,2.27537107467651,0.0119879245758057,0.223653793334961,0.73223876953125,1.34537386894226,1.59780621528625,1.63840508460999,1.63840508460999,-1,-1,1.93731951713562,211.665868759155,252.432346343994,40.5988693237305,293.031215667725,Conflict,Left,Right,Right,Left,Right,0,1,0,1,1,1,0,0,1,0,1,1,0,0,0,1,1,0,1,80,30,20260803_t1352_srsSmooth_Moretraining_B001,80,30,5.74277857542038,1.34024429321289,2,1,54,1,0,0,1,1,1
20260803_t1352_srsSmooth_Moretraining,srs_smooth_Moretraining,trial0111.mat,111,111,80,1,111,72,82,32,50,8,1,2,8,2,80,13428,2,0,2,1,1,2,2,1,1,2,CHOSE_LOW_SAL,2,455,1,0,6,0,0,0,121,39,121,39,82,121,1,0,26.0010782914091,163.998921708591,26.001078291409,163.998921708591,-137.997843417182,137.997843417182,NaN,NaN,NaN,1785779906.24492,12546.65926128,2.2307333946228,0.0171895027160645,0.187157154083252,0.82892894744873,1.24223732948303,1.45394778251648,1.50401473045349,1.50401473045349,-1,-1,1.81279420852661,169.967651367188,211.710453033447,50.0669479370117,261.777400970459,Conflict,Left,Right,Left,Left,Right,0,1,0,1,1,0,1,1,0,1,0,0,1,0,0,1,1,0,1,81,31,20260803_t1352_srsSmooth_Moretraining_B001,81,31,5.80269424915314,1.31956934928894,2,1,39,1,1,1,0,0,1
20260803_t1352_srsSmooth_Moretraining,srs_smooth_Moretraining,trial0112.mat,112,112,81,1,112,73,82,32,50,8,1,1,5,2,56,15124,2,0,1,2,1,1,1,1,0,0,,0,11,0,1,1,0,0,0,127,54,127,54,73,NaN,1,0,140.889902811112,49.1100971888879,140.889902811112,49.1100971888879,91.7798056222242,91.7798056222242,NaN,NaN,NaN,1785779909.80721,12550.22140032,0.266499996185303,0.0133705139160156,0.207968473434448,-1,-1,-1,-1,-1,-1,-1,-1,194.597959518433,NaN,NaN,NaN,Congruent,Right,Left,None,Right,Right,0,1,1,0,0,NaN,NaN,NaN,NaN,NaN,NaN,NaN,NaN,1,1,1,1,1,0,81,NaN,20260803_t1352_srsSmooth_Moretraining_B001,NaN,NaN,5.86206578016281,1.33155846595764,NaN,NaN,NaN,0,NaN,NaN,NaN,NaN,0
20260803_t1352_srsSmooth_Moretraining,srs_smooth_Moretraining,trial0114.mat,114,114,81,1,114,73,82,32,50,8,1,2,8,2,81,8468,2,0,2,1,1,2,2,1,1,2,CHOSE_LOW_SAL,2,455,1,0,2,0,0,0,86,35,86,35,51,86,1,180,226.153253398992,323.846746601008,46.1532533989923,143.846746601008,-97.6934932020154,97.6934932020154,NaN,NaN,NaN,1785779912.81923,12553.23327924,2.30739259719849,0.018136739730835,0.188341379165649,0.96229076385498,1.57653164863586,1.57748103141785,1.6104097366333,1.6104097366333,-1,-1,1.87977957725525,170.204639434814,0.949382781982422,32.9287052154541,33.8780879974365,Conflict,Left,Right,Left,Left,Right,0,1,0,1,1,0,1,1,0,1,0,0,1,0,0,1,1,0,1,82,32,20260803_t1352_srsSmooth_Moretraining_B001,82,32,5.9122661113739,2.7455198764801,1,2,121,1,0,0,1,1,1
20260803_t1352_srsSmooth_Moretraining,srs_smooth_Moretraining,trial0115.mat,115,115,82,1,115,74,82,32,50,8,1,1,5,2,58,21635,2,0,1,2,1,1,1,1,0,0,,0,11,0,1,4,0,0,0,142,67,142,67,75,NaN,1,0,149.678732965594,40.3212670344062,149.678732965594,40.3212670344062,109.357465931188,109.357465931188,NaN,NaN,NaN,1785779916.3824,12556.79652056,1.25996327400208,0.013446569442749,0.224713087081909,0.933537006378174,-1,-1,-1,-1,-1,-1,-1,211.26651763916,NaN,NaN,NaN,Congruent,Right,Left,None,Right,Right,0,1,1,0,0,NaN,NaN,NaN,NaN,NaN,NaN,NaN,NaN,1,1,1,1,1,0,82,NaN,20260803_t1352_srsSmooth_Moretraining_B001,NaN,NaN,5.97165218194326,1.25577163696289,NaN,NaN,NaN,0,NaN,NaN,NaN,NaN,0
20260803_t1352_srsSmooth_Moretraining,srs_smooth_Moretraining,trial0116.mat,116,116,82,1,116,74,82,32,50,8,1,1,5,2,53,13515,2,0,1,2,1,1,1,1,2,2,CHOSE_LOW_SAL,2,455,1,0,3,0,0,0,113,31,113,31,82,31,1,180,285.364861535404,264.635138464596,105.364861535404,84.6351384645961,20.7297230708077,20.7297230708077,NaN,NaN,NaN,1785779918.89703,12559.31110948,2.27191972732544,0.0155854225158691,0.251100778579712,0.785160303115845,1.34063768386841,1.55214262008667,1.59147930145264,1.59147930145264,-1,-1,1.90909481048584,235.515356063843,211.504936218262,39.3366813659668,250.841617584229,Congruent,Right,Left,Left,Right,Right,0,1,1,0,1,0,0,0,0,1,1,1,1,1,1,1,1,1,1,83,33,20260803_t1352_srsSmooth_Moretraining_B001,83,33,6.01356264750163,1.25466465950012,1,2,86,1,1,0,0,1,1
20260803_t1352_srsSmooth_Moretraining,srs_smooth_Moretraining,trial0117.mat,117,117,83,1,117,75,82,32,50,8,1,1,5,2,58,21635,2,0,1,2,1,1,1,1,1,1,CHOSE_HIGH_SAL,1,455,1,0,2,0,0,0,80,22,80,22,58,80,1,0,178.772200894461,11.2277991055385,178.772200894461,11.2277991055385,167.544401788923,167.544401788923,NaN,NaN,NaN,1785779922.42296,12562.8369504,2.26201725006104,0.0147948265075684,0.184802055358887,0.818038702011108,1.37318181991577,1.61745500564575,1.64934325218201,1.64934325218201,-1,-1,1.88338899612427,170.007228851318,244.27318572998,31.8882465362549,276.161432266235,Congruent,Right,Left,Right,Right,Right,0,1,1,0,1,1,1,1,1,0,0,0,0,1,1,1,1,1,1,84,34,20260803_t1352_srsSmooth_Moretraining_B001,84,34,6.07232814232508,1.25400996208191,2,2,31,1,1,1,0,0,1
20260803_t1352_srsSmooth_Moretraining,srs_smooth_Moretraining,trial0118.mat,118,118,84,1,118,76,82,32,50,8,1,2,8,2,79,20282,2,0,2,1,1,2,2,1,2,1,CHOSE_HIGH_SAL,1,455,1,0,4,0,0,0,101,49,101,49,52,49,1,0,17.2688529934729,172.731147006527,17.2688529934729,172.731147006527,-155.462294013054,155.462294013054,NaN,NaN,NaN,1785779926.00964,12566.42365104,2.12469220161438,0.0115883350372314,0.248189926147461,0.863906860351562,1.24497127532959,1.50616693496704,1.54619383811951,1.54619383811951,-1,-1,1.77822422981262,236.601591110229,261.195659637451,40.0269031524658,301.222562789917,Conflict,Left,Right,Right,Left,Right,0,1,0,1,1,1,0,0,1,0,1,1,0,0,0,1,1,0,1,85,35,20260803_t1352_srsSmooth_Moretraining_B001,85,35,6.13210616906484,1.32466435432434,1,1,80,1,1,0,0,1,1
20260803_t1352_srsSmooth_Moretraining,srs_smooth_Moretraining,trial0119.mat,119,119,85,1,119,76,82,32,50,8,1,2,8,2,79,20282,2,0,2,1,1,2,2,1,2,1,CHOSE_HIGH_SAL,1,455,1,0,3,0,0,0,101,49,101,49,52,49,1,0,17.2688529934729,172.731147006527,17.2688529934729,172.731147006527,-155.462294013054,155.462294013054,NaN,NaN,NaN,1785779929.45281,12569.8664172,2.43162226676941,0.0185575485229492,0.288057804107666,0.921533823013306,1.50194954872131,1.76363348960876,1.80514907836914,1.80514907836914,-1,-1,2.07189846038818,269.500255584717,261.683940887451,41.515588760376,303.199529647827,Conflict,Left,Right,Right,Left,Right,0,1,0,1,1,1,0,0,1,0,1,1,0,0,0,1,1,0,1,86,36,20260803_t1352_srsSmooth_Moretraining_B001,86,36,6.18949229717255,1.31847548484802,2,1,49,1,0,0,1,1,1
20260803_t1352_srsSmooth_Moretraining,srs_smooth_Moretraining,trial0120.mat,120,120,86,1,120,76,82,32,50,8,1,2,8,2,79,20282,2,0,2,1,1,2,2,1,2,1,CHOSE_HIGH_SAL,1,455,1,0,5,0,0,0,101,49,101,49,52,49,1,0,17.2688529934729,172.731147006527,17.2688529934729,172.731147006527,-155.462294013054,155.462294013054,NaN,NaN,NaN,1785779933.19997,12573.61368532,2.30983877182007,0.0132098197937012,0.232947587966919,0.916378498077393,1.3799307346344,1.64076995849609,1.68302083015442,1.68302083015442,-1,-1,1.93862390518188,219.737768173218,260.839223861694,42.2508716583252,303.09009552002,Conflict,Left,Right,Right,Left,Right,0,1,0,1,1,1,0,0,1,0,1,1,0,0,0,1,1,0,1,87,37,20260803_t1352_srsSmooth_Moretraining_B001,87,37,6.25194501082102,1.31554055213928,2,1,49,1,0,0,1,1,1
20260803_t1352_srsSmooth_Moretraining,srs_smooth_Moretraining,trial0121.mat,121,121,87,1,121,76,82,32,50,8,1,2,8,2,79,20282,2,0,2,1,1,2,2,1,2,1,CHOSE_HIGH_SAL,1,455,1,0,4,0,0,0,101,49,101,49,52,49,1,0,17.2688529934729,172.731147006527,17.2688529934729,172.731147006527,-155.462294013054,155.462294013054,NaN,NaN,NaN,1785779936.84004,12577.25370704,2.27818751335144,0.0149505138397217,0.192981481552124,0.83475923538208,1.3316695690155,1.55914521217346,1.59954619407654,1.59954619407654,-1,-1,1.91193294525146,178.030967712402,227.475643157959,40.4009819030762,267.876625061035,Conflict,Left,Right,Right,Left,Right,0,1,0,1,1,1,0,0,1,0,1,1,0,0,0,1,1,0,1,88,38,20260803_t1352_srsSmooth_Moretraining_B001,88,38,6.31261284748713,1.33023142814636,2,1,49,1,0,0,1,1,1
20260803_t1352_srsSmooth_Moretraining,srs_smooth_Moretraining,trial0122.mat,122,122,88,1,122,76,82,32,50,8,1,2,8,2,79,20282,2,0,2,1,1,2,2,1,2,1,CHOSE_HIGH_SAL,1,455,1,0,3,0,0,0,101,49,101,49,52,49,1,0,17.2688529934729,172.731147006527,17.2688529934729,172.731147006527,-155.462294013054,155.462294013054,NaN,NaN,NaN,1785779940.44275,12580.8564578,2.30962300300598,0.012380838394165,0.232208490371704,0.74025297164917,1.33743357658386,1.5574038028717,1.59643340110779,1.59643340110779,-1,-1,1.90776538848877,219.827651977539,219.970226287842,39.029598236084,258.999824523926,Conflict,Left,Right,Right,Left,Right,0,1,0,1,1,1,0,0,1,0,1,1,0,0,0,1,1,0,1,89,39,20260803_t1352_srsSmooth_Moretraining_B001,89,39,6.37265804211299,1.32452416419983,2,1,49,1,0,0,1,1,1
20260803_t1352_srsSmooth_Moretraining,srs_smooth_Moretraining,trial0124.mat,124,124,89,1,124,76,82,32,50,8,1,2,8,2,79,20282,2,0,2,1,1,2,2,1,1,2,CHOSE_LOW_SAL,2,455,1,0,5,0,0,0,101,49,101,49,52,101,1,0,17.2688529934729,172.731147006527,17.2688529934729,172.731147006527,-155.462294013054,155.462294013054,NaN,NaN,NaN,1785779945.63191,12586.04537192,2.44559693336487,0.0150887966156006,0.266389608383179,0.885027647018433,1.44014596939087,1.75930595397949,1.79124212265015,1.79124212265015,-1,-1,2.04249095916748,251.300811767578,319.159984588623,31.9361686706543,351.096153259277,Conflict,Left,Right,Left,Left,Right,0,1,0,1,1,0,1,1,0,1,0,0,1,0,0,1,1,0,1,90,40,20260803_t1352_srsSmooth_Moretraining_B001,90,40,6.45914412339528,2.87954187393188,2,1,49,1,1,1,0,0,1
20260803_t1352_srsSmooth_Moretraining,srs_smooth_Moretraining,trial0125.mat,125,125,90,1,125,77,82,32,50,8,1,1,5,2,56,15124,2,0,1,2,1,1,1,1,1,1,CHOSE_HIGH_SAL,1,455,1,0,2,0,0,0,117,43,117,43,74,117,1,180,345.116774585745,204.883225414255,165.116774585745,24.8832254142554,140.233549171489,140.233549171489,NaN,NaN,NaN,1785779949.43041,12589.8437074,2.42980575561523,0.0167489051818848,0.261669397354126,0.81173849105835,1.40013694763184,1.67625880241394,1.70957136154175,1.70957136154175,-1,-1,2.00991821289062,244.920492172241,276.121854782104,33.3125591278076,309.434413909912,Congruent,Right,Left,Right,Right,Right,0,1,1,0,1,1,1,1,1,0,0,0,0,1,1,1,1,1,1,91,41,20260803_t1352_srsSmooth_Moretraining_B001,91,41,6.52245230674744,1.35289406776428,1,2,101,1,0,1,1,0,1
20260803_t1352_srsSmooth_Moretraining,srs_smooth_Moretraining,trial0126.mat,126,126,91,1,126,78,82,32,50,8,1,2,7,2,74,8501,2,0,1,2,1,1,2,2,1,1,CHOSE_LOW_SAL,2,455,1,0,3,0,0,0,78,34,78,34,44,78,1,180,228.981916057274,321.018083942726,48.9819160572736,141.018083942726,-92.0361678854528,92.0361678854528,NaN,NaN,NaN,1785779953.18935,12593.60270652,2.20515704154968,0.0162858963012695,0.202996015548706,0.836233854293823,1.17466616630554,1.48550248146057,1.52718925476074,1.52718925476074,-1,-1,1.80927443504333,186.710119247437,310.836315155029,41.6867733001709,352.5230884552,Conflict,Right,Left,Right,Right,Left,0,1,0,1,1,1,1,1,0,0,0,0,1,1,1,0,1,0,1,92,42,20260803_t1352_srsSmooth_Moretraining_B001,92,42,6.58510138988495,1.3291392326355,1,1,117,1,0,0,1,1,1
20260803_t1352_srsSmooth_Moretraining,srs_smooth_Moretraining,trial0127.mat,127,127,92,1,127,79,82,32,50,8,1,1,5,2,54,3663,2,0,1,2,1,1,1,1,2,2,CHOSE_LOW_SAL,2,455,1,0,6,0,0,0,95,43,95,43,52,43,1,180,307.047192669333,242.952807330667,127.047192669333,62.9528073306674,64.0943853386653,64.0943853386653,NaN,NaN,NaN,1785779956.69192,12597.10515968,2.24347901344299,0.0138523578643799,0.217023849487305,0.758672952651978,1.38890767097473,1.60062098503113,1.6397180557251,1.6397180557251,-1,-1,1.89908933639526,203.171491622925,211.713314056396,39.0970706939697,250.810384750366,Congruent,Right,Left,Left,Right,Right,0,1,1,0,1,0,0,0,0,1,1,1,1,1,1,1,1,1,1,93,43,20260803_t1352_srsSmooth_Moretraining_B001,93,43,6.64347759882609,1.29741549491882,1,1,78,1,1,1,0,0,1
20260803_t1352_srsSmooth_Moretraining,srs_smooth_Moretraining,trial0128.mat,128,128,93,1,128,80,82,32,50,8,1,2,7,2,70,19152,2,0,1,2,1,1,2,2,2,2,CHOSE_HIGH_SAL,1,455,1,0,6,0,0,0,112,49,112,49,63,49,1,180,225.030601614065,324.969398385935,45.0306016140647,144.969398385935,-99.9387967718706,99.9387967718706,NaN,NaN,NaN,1785779960.25355,12600.66675424,2.29945278167725,0.0190331935882568,0.211511135101318,0.930639505386353,1.37742018699646,1.63929557800293,1.68063354492188,1.68063354492188,-1,-1,1.94411039352417,192.477941513062,261.87539100647,41.3379669189453,303.213357925415,Conflict,Right,Left,Left,Right,Left,0,1,0,1,1,0,0,0,1,1,1,1,0,1,1,0,1,0,1,94,44,20260803_t1352_srsSmooth_Moretraining_B001,94,44,6.70283807118734,1.31814932823181,2,2,43,1,0,0,1,1,1
20260803_t1352_srsSmooth_Moretraining,srs_smooth_Moretraining,trial0129.mat,129,129,94,1,129,81,82,32,50,8,1,1,6,2,60,21534,2,0,2,1,1,2,1,2,2,1,CHOSE_LOW_SAL,2,455,1,0,4,0,0,0,96,51,96,51,45,51,1,180,342.759135711229,207.240864288771,162.759135711229,27.2408642887713,135.518271422457,135.518271422457,NaN,NaN,NaN,1785779963.86982,12604.28288944,2.24993944168091,0.0112416744232178,0.239018678665161,0.973029851913452,1.31129360198975,1.48867249488831,1.53077960014343,1.53077960014343,-1,-1,1.85374140739441,227.777004241943,177.37889289856,42.107105255127,219.485998153687,Congruent,Left,Right,Right,Left,Left,0,1,1,0,1,1,0,0,0,0,1,1,1,0,0,0,1,1,1,95,45,20260803_t1352_srsSmooth_Moretraining_B001,95,45,6.76310919523239,1.316814661026,2,2,49,1,0,1,1,0,1
20260803_t1352_srsSmooth_Moretraining,srs_smooth_Moretraining,trial0130.mat,130,130,95,2,1,0,78,28,50,8,2,0,3,1,33,22253,1,2,2,1,2,1,2,1,2,1,SINGLE_T2_CORRECT,11,455,1,0,4,0,0,0,56,113,113,56,-57,113,1,0,10,180,10,180,-170,170,NaN,NaN,NaN,1785779967.45336,12607.86638452,2.46630549430847,0.01951003074646,0.247636795043945,1.03727149963379,1.51123595237732,1.74578619003296,1.78873229026794,1.78873229026794,-1,-1,2.04656457901001,228.126764297485,234.55023765564,42.9461002349854,277.496337890625,Instruction,Left,Right,Right,Right,Right,1,0,0,0,0,NaN,NaN,NaN,NaN,NaN,NaN,NaN,NaN,0,1,1,0,0,0,96,NaN,20260803_t1352_srsSmooth_Moretraining_B002,1,NaN,6.82283488909404,1.3336021900177,NaN,NaN,NaN,0,NaN,NaN,NaN,NaN,0
20260803_t1352_srsSmooth_Moretraining,srs_smooth_Moretraining,trial0131.mat,131,131,96,2,2,1,78,28,50,8,2,0,4,1,46,23577,1,2,1,2,2,2,2,2,2,2,SINGLE_T2_CORRECT,11,455,1,0,3,0,0,0,29,112,112,29,-83,112,1,0,10,180,10,180,-170,170,NaN,NaN,NaN,1785779971.25121,12611.66416184,2.10259175300598,0.013474702835083,0.131253004074097,0.808126449584961,1.28019309043884,1.31648516654968,1.35577058792114,1.35577058792114,-1,-1,1.6665825843811,117.778301239014,36.2920761108398,39.28542137146,75.5774974822998,Instruction,Right,Left,Left,Left,Left,1,0,0,0,0,NaN,NaN,NaN,NaN,NaN,NaN,NaN,NaN,1,0,0,0,0,0,97,NaN,20260803_t1352_srsSmooth_Moretraining_B002,2,NaN,6.88613242308299,1.33154654502869,NaN,NaN,NaN,0,NaN,NaN,NaN,NaN,0
20260803_t1352_srsSmooth_Moretraining,srs_smooth_Moretraining,trial0132.mat,132,132,97,2,3,2,78,28,50,8,2,0,2,1,24,19555,1,1,2,1,2,1,1,2,1,2,SINGLE_T1_CORRECT,10,455,1,0,4,0,0,0,28,130,130,28,-102,28,1,0,180,10,180,10,170,170,NaN,NaN,NaN,1785779974.64968,12615.06253144,2.11214089393616,0.0151443481445312,0.235148668289185,0.809920787811279,1.26519417762756,1.46829700469971,1.50800728797913,1.50800728797913,-1,-1,1.75876092910767,220.004320144653,203.102827072144,39.7102832794189,242.813110351562,Instruction,Left,Right,Left,Right,Left,1,0,0,0,0,NaN,NaN,NaN,NaN,NaN,NaN,NaN,NaN,0,1,0,0,1,0,98,NaN,20260803_t1352_srsSmooth_Moretraining_B002,3,NaN,6.94277353286743,1.29587483406067,NaN,NaN,NaN,0,NaN,NaN,NaN,NaN,0
20260803_t1352_srsSmooth_Moretraining,srs_smooth_Moretraining,trial0134.mat,134,134,98,2,5,3,78,28,50,8,2,0,2,1,16,6602,1,1,2,1,2,1,1,2,1,2,SINGLE_T1_CORRECT,10,455,1,0,5,0,0,0,45,131,131,45,-86,45,1,180,0,190,180,10,170,170,NaN,NaN,NaN,1785779979.60142,12620.0141848,2.34459495544434,0.0136013031005859,0.291597604751587,0.849716424942017,1.4719922542572,1.66645264625549,1.70851135253906,1.70851135253906,-1,-1,1.96546840667725,277.996301651001,194.460391998291,42.0587062835693,236.51909828186,Instruction,Left,Right,Left,Right,Left,1,0,0,0,0,NaN,NaN,NaN,NaN,NaN,NaN,NaN,NaN,0,1,0,0,1,0,99,NaN,20260803_t1352_srsSmooth_Moretraining_B002,4,NaN,7.02530253330866,2.83959913253784,NaN,NaN,NaN,0,NaN,NaN,NaN,NaN,0
20260803_t1352_srsSmooth_Moretraining,srs_smooth_Moretraining,trial0135.mat,135,135,99,2,6,4,78,28,50,8,2,0,3,1,36,24649,1,2,2,1,2,1,2,1,2,1,SINGLE_T2_CORRECT,11,455,1,0,2,0,0,0,22,129,129,22,-107,129,1,180,190,0,10,180,-170,170,NaN,NaN,NaN,1785779983.26364,12623.67641296,2.25632786750793,0.0182075500488281,0.212989091873169,0.804746389389038,1.30157971382141,1.54641532897949,1.58569049835205,1.58569049835205,-1,-1,1.81394481658936,194.781541824341,244.835615158081,39.2751693725586,284.11078453064,Instruction,Left,Right,Right,Right,Right,1,0,0,0,0,NaN,NaN,NaN,NaN,NaN,NaN,NaN,NaN,0,1,1,0,0,0,100,NaN,20260803_t1352_srsSmooth_Moretraining_B002,5,NaN,7.0863395134608,1.31762385368347,NaN,NaN,NaN,0,NaN,NaN,NaN,NaN,0
20260803_t1352_srsSmooth_Moretraining,srs_smooth_Moretraining,trial0136.mat,136,136,100,2,7,5,78,28,50,8,2,0,3,1,30,25551,1,2,2,1,2,1,2,1,2,1,SINGLE_T2_CORRECT,11,455,1,0,3,0,0,0,58,123,123,58,-65,123,1,180,190,0,10,180,-170,170,NaN,NaN,NaN,1785779986.83014,12627.24287236,2.48382902145386,0.0184969902038574,0.170791149139404,0.921893119812012,1.45188784599304,1.71144723892212,1.74610662460327,1.74610662460327,-1,-1,2.05249643325806,152.294158935547,259.559392929077,34.6593856811523,294.218778610229,Instruction,Left,Right,Right,Right,Right,1,0,0,0,0,NaN,NaN,NaN,NaN,NaN,NaN,NaN,NaN,0,1,1,0,0,0,101,NaN,20260803_t1352_srsSmooth_Moretraining_B002,6,NaN,7.14578129053116,1.31017875671387,NaN,NaN,NaN,0,NaN,NaN,NaN,NaN,0
20260803_t1352_srsSmooth_Moretraining,srs_smooth_Moretraining,trial0137.mat,137,137,101,2,8,6,78,28,50,8,2,0,1,1,8,1605,1,1,1,2,2,2,1,1,1,1,SINGLE_T1_CORRECT,10,455,1,0,5,0,0,0,38,115,115,38,-77,38,1,0,180,10,180,10,170,170,NaN,NaN,NaN,1785779990.64735,12631.05986048,1.99018144607544,0.0181124210357666,0.019920825958252,0.73822546005249,1.06815433502197,1.34558916091919,1.37745571136475,1.37745571136475,-1,-1,1.62114977836609,1.80840492248535,277.434825897217,31.8665504455566,309.301376342773,Instruction,Right,Left,Right,Left,Right,1,0,0,0,0,NaN,NaN,NaN,NaN,NaN,NaN,NaN,NaN,1,0,1,0,1,0,102,NaN,20260803_t1352_srsSmooth_Moretraining_B002,7,NaN,7.20940134922663,1.33337450027466,NaN,NaN,NaN,0,NaN,NaN,NaN,NaN,0
20260803_t1352_srsSmooth_Moretraining,srs_smooth_Moretraining,trial0138.mat,138,138,102,2,9,7,78,28,50,8,2,0,2,1,25,9691,1,1,2,1,2,1,1,2,1,2,SINGLE_T1_CORRECT,10,455,1,0,4,0,0,0,9,99,99,9,-90,9,1,180,0,190,180,10,170,170,NaN,NaN,NaN,1785779993.92231,12634.33486316,2.21511793136597,0.0182836055755615,0.23827338218689,0.779820919036865,1.38500428199768,1.59626150131226,1.62739443778992,1.62739443778992,-1,-1,1.87204027175903,219.989776611328,211.257219314575,31.1329364776611,242.390155792236,Instruction,Left,Right,Left,Right,Left,1,0,0,0,0,NaN,NaN,NaN,NaN,NaN,NaN,NaN,NaN,0,1,0,0,1,0,103,NaN,20260803_t1352_srsSmooth_Moretraining_B002,8,NaN,7.26398399670919,1.28477740287781,NaN,NaN,NaN,0,NaN,NaN,NaN,NaN,0
20260803_t1352_srsSmooth_Moretraining,srs_smooth_Moretraining,trial0139.mat,139,139,103,2,10,8,78,28,50,8,2,0,1,1,7,21432,1,1,1,2,2,2,1,1,1,1,SINGLE_T1_CORRECT,10,455,1,0,5,0,0,0,34,139,139,34,-105,34,1,0,180,10,180,10,170,170,NaN,NaN,NaN,1785779997.44589,12637.85818612,2.24942564964294,0.0115115642547607,0.270945310592651,0.889816045761108,1.31156253814697,1.57281398773193,1.61492395401001,1.61492395401001,-1,-1,1.88904476165771,259.433746337891,261.251449584961,42.1099662780762,303.361415863037,Instruction,Right,Left,Right,Left,Right,1,0,0,0,0,NaN,NaN,NaN,NaN,NaN,NaN,NaN,NaN,1,0,1,0,1,0,104,NaN,20260803_t1352_srsSmooth_Moretraining_B002,9,NaN,7.32271031538645,1.30846118927002,NaN,NaN,NaN,0,NaN,NaN,NaN,NaN,0
20260803_t1352_srsSmooth_Moretraining,srs_smooth_Moretraining,trial0140.mat,140,140,104,2,11,9,78,28,50,8,2,0,3,1,35,7720,1,2,2,1,2,1,2,1,0,0,,0,11,0,1,4,0,0,0,48,139,139,48,-91,NaN,1,0,10,180,10,180,-170,170,NaN,NaN,NaN,1785780001.04325,12641.45560984,0.309325218200684,0.0142929553985596,0.234129667282104,-1,-1,-1,-1,-1,-1,-1,-1,219.836711883545,NaN,NaN,NaN,Instruction,Left,Right,None,Right,Right,1,0,0,0,0,NaN,NaN,NaN,NaN,NaN,NaN,NaN,NaN,0,1,1,0,0,0,104,NaN,20260803_t1352_srsSmooth_Moretraining_B002,NaN,NaN,7.38266632159551,1.34793472290039,NaN,NaN,NaN,0,NaN,NaN,NaN,NaN,0
20260803_t1352_srsSmooth_Moretraining,srs_smooth_Moretraining,trial0141.mat,141,141,104,2,12,9,78,28,50,8,2,0,4,1,48,416,1,2,1,2,2,2,2,2,2,2,SINGLE_T2_CORRECT,11,455,1,0,2,0,0,0,39,146,146,39,-107,146,1,0,10,180,10,180,-170,170,NaN,NaN,NaN,1785780002.59926,12643.01153896,2.21329736709595,0.0166776180267334,0.277155876159668,0.828248023986816,1.20839142799377,1.42008566856384,1.46079468727112,1.46079468727112,-1,-1,1.73625755310059,260.478258132935,211.694240570068,40.7090187072754,252.403259277344,Instruction,Right,Left,Left,Left,Left,1,0,0,0,0,NaN,NaN,NaN,NaN,NaN,NaN,NaN,NaN,1,0,0,0,0,0,105,NaN,20260803_t1352_srsSmooth_Moretraining_B002,10,NaN,7.40859982967377,1.24668526649475,NaN,NaN,NaN,0,NaN,NaN,NaN,NaN,0
20260803_t1352_srsSmooth_Moretraining,srs_smooth_Moretraining,trial0142.mat,142,142,105,2,13,10,78,28,50,8,2,0,4,1,43,3144,1,2,1,2,2,2,2,2,2,2,SINGLE_T2_CORRECT,11,455,1,0,4,0,0,0,46,126,126,46,-80,126,1,0,10,180,10,180,-170,170,NaN,NaN,NaN,1785780006.1287,12646.54105968,2.35155272483826,0.0123727321624756,0.206982612609863,0.963523864746094,1.35409164428711,1.6158812046051,1.65518593788147,1.65518593788147,-1,-1,1.87444424629211,194.609880447388,261.789560317993,39.3047332763672,301.09429359436,Instruction,Right,Left,Left,Left,Left,1,0,0,0,0,NaN,NaN,NaN,NaN,NaN,NaN,NaN,NaN,1,0,0,0,0,0,106,NaN,20260803_t1352_srsSmooth_Moretraining_B002,11,NaN,7.46742391188939,1.31614756584167,NaN,NaN,NaN,0,NaN,NaN,NaN,NaN,0
20260803_t1352_srsSmooth_Moretraining,srs_smooth_Moretraining,trial0143.mat,143,143,106,2,14,11,78,28,50,8,2,0,4,1,49,3940,1,2,1,2,2,2,2,2,2,2,SINGLE_T2_CORRECT,11,455,1,0,5,0,0,0,40,136,136,40,-96,136,1,180,190,0,10,180,-170,170,NaN,NaN,NaN,1785780009.77724,12650.189401,2.49473023414612,0.0139834880828857,0.242472648620605,0.842302083969116,1.45570731163025,1.68151044845581,1.71447396278381,1.71447396278381,-1,-1,2.0176522731781,228.48916053772,225.803136825562,32.9635143280029,258.766651153564,Instruction,Right,Left,Left,Left,Left,1,0,0,0,0,NaN,NaN,NaN,NaN,NaN,NaN,NaN,NaN,1,0,0,0,0,0,107,NaN,20260803_t1352_srsSmooth_Moretraining_B002,12,NaN,7.5282327969869,1.29698038101196,NaN,NaN,NaN,0,NaN,NaN,NaN,NaN,0
20260803_t1352_srsSmooth_Moretraining,srs_smooth_Moretraining,trial0144.mat,144,144,107,2,15,12,78,28,50,8,2,0,1,1,9,28125,1,1,1,2,2,2,1,1,1,1,SINGLE_T1_CORRECT,10,455,1,0,3,0,0,0,3,120,120,3,-117,3,1,180,0,190,180,10,170,170,NaN,NaN,NaN,1785780013.581,12653.99302928,2.19828486442566,0.0187034606933594,0.26381254196167,0.886569261550903,1.36042332649231,1.62150001525879,1.66207599639893,1.66207599639893,-1,-1,1.88894963264465,245.109081268311,261.076688766479,40.5759811401367,301.652669906616,Instruction,Right,Left,Right,Left,Right,1,0,0,0,0,NaN,NaN,NaN,NaN,NaN,NaN,NaN,NaN,1,0,1,0,1,0,108,NaN,20260803_t1352_srsSmooth_Moretraining_B002,13,NaN,7.59162884950638,1.30903291702271,NaN,NaN,NaN,0,NaN,NaN,NaN,NaN,0
20260803_t1352_srsSmooth_Moretraining,srs_smooth_Moretraining,trial0145.mat,145,145,108,2,16,13,78,28,50,8,2,0,3,1,26,25625,1,2,2,1,2,1,2,1,2,1,SINGLE_T2_CORRECT,11,455,1,0,5,0,0,0,21,129,129,21,-108,129,1,0,10,180,10,180,-170,170,NaN,NaN,NaN,1785780017.1144,12657.52645148,2.3821542263031,0.0187771320343018,0.272211313247681,0.947280883789062,1.37716460227966,1.60562539100647,1.64489674568176,1.64489674568176,-1,-1,1.92269706726074,253.434181213379,228.460788726807,39.271354675293,267.7321434021,Instruction,Left,Right,Right,Right,Right,1,0,0,0,0,NaN,NaN,NaN,NaN,NaN,NaN,NaN,NaN,0,1,1,0,0,0,109,NaN,20260803_t1352_srsSmooth_Moretraining_B002,14,NaN,7.6505188147227,1.33511304855347,NaN,NaN,NaN,0,NaN,NaN,NaN,NaN,0
20260803_t1352_srsSmooth_Moretraining,srs_smooth_Moretraining,trial0146.mat,146,146,109,2,17,14,78,28,50,8,2,0,4,1,44,25787,1,2,1,2,2,2,2,2,2,2,SINGLE_T2_CORRECT,11,455,1,0,6,0,0,0,50,150,150,50,-100,150,1,180,190,0,10,180,-170,170,NaN,NaN,NaN,1785780020.83076,12661.2426438,2.29991888999939,0.0192310810089111,0.228778839111328,0.739103317260742,1.2859468460083,1.51404166221619,1.55585241317749,1.55585241317749,-1,-1,1.81393718719482,209.547758102417,228.094816207886,41.8107509613037,269.905567169189,Instruction,Right,Left,Left,Left,Left,1,0,0,0,0,NaN,NaN,NaN,NaN,NaN,NaN,NaN,NaN,1,0,0,0,0,0,110,NaN,20260803_t1352_srsSmooth_Moretraining_B002,15,NaN,7.7124581416448,1.33420538902283,NaN,NaN,NaN,0,NaN,NaN,NaN,NaN,0
20260803_t1352_srsSmooth_Moretraining,srs_smooth_Moretraining,trial0147.mat,147,147,110,2,18,15,78,28,50,8,2,0,2,1,19,24095,1,1,2,1,2,1,1,2,1,2,SINGLE_T1_CORRECT,10,455,1,0,7,0,0,0,44,160,160,44,-116,44,1,0,180,10,180,10,170,170,NaN,NaN,NaN,1785780024.44293,12664.85484728,2.40200352668762,0.0155274868011475,0.260713815689087,1.05218648910522,1.42391657829285,1.65145039558411,1.70007634162903,1.70007634162903,-1,-1,2.01549243927002,245.186328887939,227.53381729126,48.6259460449219,276.159763336182,Instruction,Left,Right,Left,Right,Left,1,0,0,0,0,NaN,NaN,NaN,NaN,NaN,NaN,NaN,NaN,0,1,0,0,1,0,111,NaN,20260803_t1352_srsSmooth_Moretraining_B002,16,NaN,7.77266109784444,1.31225848197937,NaN,NaN,NaN,0,NaN,NaN,NaN,NaN,0
20260803_t1352_srsSmooth_Moretraining,srs_smooth_Moretraining,trial0148.mat,148,148,111,2,19,16,78,28,50,8,2,0,1,1,1,1622,1,1,1,2,2,2,1,1,1,1,SINGLE_T1_CORRECT,10,455,1,0,3,0,0,0,38,119,119,38,-81,38,1,180,0,190,180,10,170,170,NaN,NaN,NaN,1785780028.13639,12668.54822368,2.37251305580139,0.013885498046875,0.275473117828369,0.875293493270874,1.43060708045959,1.70050740242004,1.740318775177,1.740318775177,-1,-1,2.01376295089722,261.587619781494,269.900321960449,39.811372756958,309.711694717407,Instruction,Right,Left,Right,Left,Right,1,0,0,0,0,NaN,NaN,NaN,NaN,NaN,NaN,NaN,NaN,1,0,1,0,1,0,112,NaN,20260803_t1352_srsSmooth_Moretraining_B002,17,NaN,7.83421864906947,1.29144954681396,NaN,NaN,NaN,0,NaN,NaN,NaN,NaN,0
20260803_t1352_srsSmooth_Moretraining,srs_smooth_Moretraining,trial0149.mat,149,149,112,2,20,17,78,28,50,8,2,0,1,1,11,20990,1,1,1,2,2,2,1,1,1,1,SINGLE_T1_CORRECT,10,455,1,0,5,0,0,0,66,119,119,66,-53,66,1,180,0,190,180,10,170,170,NaN,NaN,NaN,1785780031.79254,12672.20428644,2.27193331718445,0.0162060260772705,0.236199378967285,0.844332218170166,1.3662588596344,1.5945246219635,1.6362030506134,1.6362030506134,-1,-1,1.87638545036316,219.993352890015,228.265762329102,41.6784286499023,269.944190979004,Instruction,Right,Left,Right,Left,Right,1,0,0,0,0,NaN,NaN,NaN,NaN,NaN,NaN,NaN,NaN,1,0,1,0,1,0,113,NaN,20260803_t1352_srsSmooth_Moretraining_B002,18,NaN,7.8951545715332,1.28364229202271,NaN,NaN,NaN,0,NaN,NaN,NaN,NaN,0
20260803_t1352_srsSmooth_Moretraining,srs_smooth_Moretraining,trial0150.mat,150,150,113,2,21,18,78,28,50,8,2,0,1,1,2,17529,1,1,1,2,2,2,1,1,1,1,SINGLE_T1_CORRECT,10,455,1,0,5,0,0,0,29,101,101,29,-72,29,1,0,180,10,180,10,170,170,NaN,NaN,NaN,1785780035.37664,12675.78824744,2.41625189781189,0.0155820846557617,0.243332862854004,0.991801738739014,1.59897708892822,1.80167984962463,1.85223889350891,1.85223889350891,-1,-1,2.07819843292236,227.750778198242,202.702760696411,50.5590438842773,253.261804580688,Instruction,Right,Left,Right,Left,Right,1,0,0,0,0,NaN,NaN,NaN,NaN,NaN,NaN,NaN,NaN,1,0,1,0,1,0,114,NaN,20260803_t1352_srsSmooth_Moretraining_B002,19,NaN,7.95488952000936,1.31216359138489,NaN,NaN,NaN,0,NaN,NaN,NaN,NaN,0
20260803_t1352_srsSmooth_Moretraining,srs_smooth_Moretraining,trial0151.mat,151,151,114,2,22,19,78,28,50,8,2,0,1,1,3,1307,1,1,1,2,2,2,1,1,1,1,SINGLE_T1_CORRECT,10,455,1,0,2,0,0,0,31,122,122,31,-91,31,1,0,180,10,180,10,170,170,NaN,NaN,NaN,1785780039.11169,12679.52331464,2.34461426734924,0.0140087604522705,0.249971151351929,0.875503301620483,1.48906683921814,1.71709871292114,1.74844622612,1.74844622612,-1,-1,1.97542715072632,235.962390899658,228.031873703003,31.3475131988525,259.379386901855,Instruction,Right,Left,Right,Left,Right,1,0,0,0,0,NaN,NaN,NaN,NaN,NaN,NaN,NaN,NaN,1,0,1,0,1,0,115,NaN,20260803_t1352_srsSmooth_Moretraining_B002,20,NaN,8.01714037656784,1.31879949569702,NaN,NaN,NaN,0,NaN,NaN,NaN,NaN,0
20260803_t1352_srsSmooth_Moretraining,srs_smooth_Moretraining,trial0152.mat,152,152,115,2,23,20,78,28,50,8,2,0,1,1,13,18911,1,1,1,2,2,2,1,1,0,0,,0,11,0,1,0,0,0,0,19,146,146,19,-127,NaN,1,0,180,10,180,10,170,170,NaN,NaN,NaN,1785780042.78952,12683.20100268,0.297903299331665,0.0196585655212402,0.24558424949646,-1,-1,-1,-1,-1,-1,-1,-1,225.92568397522,NaN,NaN,NaN,Instruction,Right,Left,None,Left,Right,1,0,0,0,0,NaN,NaN,NaN,NaN,NaN,NaN,NaN,NaN,1,0,1,0,1,0,115,NaN,20260803_t1352_srsSmooth_Moretraining_B002,NaN,NaN,8.07843749523163,1.33321285247803,NaN,NaN,NaN,0,NaN,NaN,NaN,NaN,0
20260803_t1352_srsSmooth_Moretraining,srs_smooth_Moretraining,trial0153.mat,153,153,115,2,24,20,78,28,50,8,2,0,4,1,50,20741,1,2,1,2,2,2,2,2,2,2,SINGLE_T2_CORRECT,11,455,1,0,7,0,0,0,39,112,112,39,-73,112,1,0,10,180,10,180,-170,170,NaN,NaN,NaN,1785780044.34504,12684.75656844,2.17742300033569,0.014193058013916,0.192586183547974,0.809063196182251,1.25590705871582,1.45907187461853,1.50087594985962,1.50087594985962,-1,-1,1.75084447860718,178.393125534058,203.16481590271,41.8040752410889,244.968891143799,Instruction,Right,Left,Left,Left,Left,1,0,0,0,0,NaN,NaN,NaN,NaN,NaN,NaN,NaN,NaN,1,0,0,0,0,0,116,NaN,20260803_t1352_srsSmooth_Moretraining_B002,21,NaN,8.10436293681463,1.25762319564819,NaN,NaN,NaN,0,NaN,NaN,NaN,NaN,0
20260803_t1352_srsSmooth_Moretraining,srs_smooth_Moretraining,trial0154.mat,154,154,116,2,25,21,78,28,50,8,2,0,2,1,20,29277,1,1,2,1,2,1,1,2,1,2,SINGLE_T1_CORRECT,10,455,1,0,2,0,0,0,23,128,128,23,-105,23,1,180,0,190,180,10,170,170,NaN,NaN,NaN,1785780047.79676,12688.2081162,2.28354001045227,0.0126132965087891,0.215741157531738,0.930361032485962,1.42933440208435,1.6573920249939,1.69713091850281,1.69713091850281,-1,-1,1.96300578117371,203.127861022949,228.057622909546,39.7388935089111,267.796516418457,Instruction,Left,Right,Left,Right,Left,1,0,0,0,0,NaN,NaN,NaN,NaN,NaN,NaN,NaN,NaN,0,1,0,0,1,0,117,NaN,20260803_t1352_srsSmooth_Moretraining_B002,22,NaN,8.16189150015513,1.2742908000946,NaN,NaN,NaN,0,NaN,NaN,NaN,NaN,0
20260803_t1352_srsSmooth_Moretraining,srs_smooth_Moretraining,trial0155.mat,155,155,117,2,26,22,78,28,50,8,2,0,3,1,34,26121,1,2,2,1,2,1,2,1,2,1,SINGLE_T2_CORRECT,11,455,1,0,5,0,0,0,29,149,149,29,-120,149,1,180,190,0,10,180,-170,170,NaN,NaN,NaN,1785780051.37049,12691.78177036,2.21866226196289,0.0140140056610107,0.158575773239136,0.800742149353027,1.18905997276306,1.47497749328613,1.51525473594666,1.51525473594666,-1,-1,1.74095416069031,144.561767578125,285.917520523071,40.2772426605225,326.194763183594,Instruction,Left,Right,Right,Right,Right,1,0,0,0,0,NaN,NaN,NaN,NaN,NaN,NaN,NaN,NaN,0,1,1,0,0,0,118,NaN,20260803_t1352_srsSmooth_Moretraining_B002,23,NaN,8.22145378986994,1.29019737243652,NaN,NaN,NaN,0,NaN,NaN,NaN,NaN,0
20260803_t1352_srsSmooth_Moretraining,srs_smooth_Moretraining,trial0156.mat,156,156,118,2,27,23,78,28,50,8,2,0,4,1,45,18140,1,2,1,2,2,2,2,2,0,0,,0,11,0,1,0,0,0,0,51,137,137,51,-86,NaN,1,0,10,180,10,180,-170,170,NaN,NaN,NaN,1785780054.91169,12695.32301144,0.118741512298584,0.0146245956420898,0.0161581039428711,-1,-1,-1,-1,-1,-1,-1,-1,1.53350830078125,NaN,NaN,NaN,Instruction,Right,Left,None,Left,Left,1,0,0,0,0,NaN,NaN,NaN,NaN,NaN,NaN,NaN,NaN,1,0,0,0,0,0,118,NaN,20260803_t1352_srsSmooth_Moretraining_B002,NaN,NaN,8.28047369718552,1.32253217697144,NaN,NaN,NaN,0,NaN,NaN,NaN,NaN,0
20260803_t1352_srsSmooth_Moretraining,srs_smooth_Moretraining,trial0158.mat,158,158,118,2,29,23,78,28,50,8,2,0,3,1,31,27689,1,2,2,1,2,1,2,1,2,1,SINGLE_T2_CORRECT,11,455,1,0,5,0,0,0,59,130,130,59,-71,130,1,0,10,180,10,180,-170,170,NaN,NaN,NaN,1785780057.8514,12698.26260732,2.27119088172913,0.0166909694671631,0.202934503555298,0.76871919631958,1.25007343292236,1.54467248916626,1.58659887313843,1.58659887313843,-1,-1,1.81155180931091,186.243534088135,294.599056243896,41.926383972168,336.525440216064,Instruction,Left,Right,Right,Right,Right,1,0,0,0,0,NaN,NaN,NaN,NaN,NaN,NaN,NaN,NaN,0,1,1,0,0,0,119,NaN,20260803_t1352_srsSmooth_Moretraining_B002,24,NaN,8.32946892182032,2.82097196578979,NaN,NaN,NaN,0,NaN,NaN,NaN,NaN,0
20260803_t1352_srsSmooth_Moretraining,srs_smooth_Moretraining,trial0159.mat,159,159,119,2,30,24,78,28,50,8,2,0,2,1,14,28804,1,1,2,1,2,1,1,2,1,2,SINGLE_T1_CORRECT,10,455,1,0,4,0,0,0,36,112,112,36,-76,36,1,180,0,190,180,10,170,170,NaN,NaN,NaN,1785780061.53224,12701.94332404,2.30836796760559,0.0109987258911133,0.255449056625366,0.814332008361816,1.4193868637085,1.60380935668945,1.64781904220581,1.64781904220581,-1,-1,1.93894696235657,244.450330734253,184.422492980957,44.0096855163574,228.432178497314,Instruction,Left,Right,Left,Right,Left,1,0,0,0,0,NaN,NaN,NaN,NaN,NaN,NaN,NaN,NaN,0,1,0,0,1,0,120,NaN,20260803_t1352_srsSmooth_Moretraining_B002,25,NaN,8.39081617593765,1.40964436531067,NaN,NaN,NaN,0,NaN,NaN,NaN,NaN,0
20260803_t1352_srsSmooth_Moretraining,srs_smooth_Moretraining,trial0160.mat,160,160,120,2,31,25,78,28,50,8,2,0,2,1,21,5233,1,1,2,1,2,1,1,2,1,2,SINGLE_T1_CORRECT,10,455,1,0,2,0,0,0,54,148,148,54,-94,54,1,180,0,190,180,10,170,170,NaN,NaN,NaN,1785780065.17442,12705.58543172,2.31566762924194,0.0189549922943115,0.272225141525269,0.880418062210083,1.42734384536743,1.61123490333557,1.65333724021912,1.65333724021912,-1,-1,1.96047401428223,253.270149230957,183.89105796814,42.1023368835449,225.993394851685,Instruction,Left,Right,Left,Right,Left,1,0,0,0,0,NaN,NaN,NaN,NaN,NaN,NaN,NaN,NaN,0,1,0,0,1,0,121,NaN,20260803_t1352_srsSmooth_Moretraining_B002,26,NaN,8.45151927471161,1.33381795883179,NaN,NaN,NaN,0,NaN,NaN,NaN,NaN,0
20260803_t1352_srsSmooth_Moretraining,srs_smooth_Moretraining,trial0161.mat,161,161,121,2,32,26,78,28,50,8,2,0,2,1,23,20608,1,1,2,1,2,1,1,2,1,2,SINGLE_T1_CORRECT,10,455,1,0,2,0,0,0,43,112,112,43,-69,43,1,180,0,190,180,10,170,170,NaN,NaN,NaN,1785780068.8473,12709.25818864,2.08434343338013,0.0128850936889648,0.232617378234863,0.849649906158447,1.25460124015808,1.4574453830719,1.48901891708374,1.48901891708374,-1,-1,1.74088263511658,219.732284545898,202.844142913818,31.5735340118408,234.417676925659,Instruction,Left,Right,Left,Right,Left,1,0,0,0,0,NaN,NaN,NaN,NaN,NaN,NaN,NaN,NaN,0,1,0,0,1,0,122,NaN,20260803_t1352_srsSmooth_Moretraining_B002,27,NaN,8.51273392041524,1.35721111297607,NaN,NaN,NaN,0,NaN,NaN,NaN,NaN,0
20260803_t1352_srsSmooth_Moretraining,srs_smooth_Moretraining,trial0162.mat,162,162,122,2,33,27,78,28,50,8,2,0,2,1,22,13838,1,1,2,1,2,1,1,2,1,2,SINGLE_T1_CORRECT,10,455,1,0,3,0,0,0,36,109,109,36,-73,36,1,180,0,190,180,10,170,170,NaN,NaN,NaN,1785780072.26144,12712.67241896,2.22091674804688,0.0155520439147949,0.227108240127563,0.925225019454956,1.35727119445801,1.55240297317505,1.60036492347717,1.60036492347717,-1,-1,1.88339471817017,211.556196212769,195.131778717041,47.961950302124,243.093729019165,Instruction,Left,Right,Left,Right,Left,1,0,0,0,0,NaN,NaN,NaN,NaN,NaN,NaN,NaN,NaN,0,1,0,0,1,0,123,NaN,20260803_t1352_srsSmooth_Moretraining_B002,28,NaN,8.56963613828023,1.32978963851929,NaN,NaN,NaN,0,NaN,NaN,NaN,NaN,0
20260803_t1352_srsSmooth_Moretraining,srs_smooth_Moretraining,trial0163.mat,163,163,123,2,34,28,78,28,50,8,2,0,4,1,47,7487,1,2,1,2,2,2,2,2,2,2,SINGLE_T2_CORRECT,11,455,1,0,5,0,0,0,35,148,148,35,-113,148,1,0,10,180,10,180,-170,170,NaN,NaN,NaN,1785780075.77781,12716.18862332,2.2549512386322,0.015981912612915,0.210796356201172,0.935823917388916,1.2826988697052,1.49445390701294,1.53564834594727,1.53564834594727,-1,-1,1.78490614891052,194.814443588257,211.755037307739,41.1944389343262,252.949476242065,Instruction,Right,Left,Left,Left,Left,1,0,0,0,0,NaN,NaN,NaN,NaN,NaN,NaN,NaN,NaN,1,0,0,0,0,0,124,NaN,20260803_t1352_srsSmooth_Moretraining_B002,29,NaN,8.62824235757192,1.29545640945435,NaN,NaN,NaN,0,NaN,NaN,NaN,NaN,0
20260803_t1352_srsSmooth_Moretraining,srs_smooth_Moretraining,trial0164.mat,164,164,124,2,35,29,78,28,50,8,2,0,1,1,6,15597,1,1,1,2,2,2,1,1,1,1,SINGLE_T1_CORRECT,10,455,1,0,6,0,0,0,76,124,124,76,-48,76,1,0,180,10,180,10,170,170,NaN,NaN,NaN,1785780079.35089,12719.76157188,2.27381300926208,0.018035888671875,0.212746620178223,0.821034908294678,1.27641797065735,1.50450611114502,1.54645442962646,1.54645442962646,-1,-1,1.86431765556335,194.710731506348,228.088140487671,41.9483184814453,270.036458969116,Instruction,Right,Left,Right,Left,Right,1,0,0,0,0,NaN,NaN,NaN,NaN,NaN,NaN,NaN,NaN,1,0,1,0,1,0,125,NaN,20260803_t1352_srsSmooth_Moretraining_B002,30,NaN,8.6877937912941,1.31813478469849,NaN,NaN,NaN,0,NaN,NaN,NaN,NaN,0
20260803_t1352_srsSmooth_Moretraining,srs_smooth_Moretraining,trial0165.mat,165,165,125,2,36,30,78,28,50,8,2,0,4,1,45,18140,1,2,1,2,2,2,2,2,2,2,SINGLE_T2_CORRECT,11,455,1,0,6,0,0,0,77,122,122,77,-45,122,1,180,190,0,10,180,-170,170,NaN,NaN,NaN,1785780082.94646,12723.35709,2.32828402519226,0.0142724514007568,0.225803136825562,0.975509643554688,1.34765887260437,1.54250907897949,1.58140254020691,1.58140254020691,-1,-1,1.89026355743408,211.530685424805,194.850206375122,38.893461227417,233.743667602539,Instruction,Right,Left,Left,Left,Left,1,0,0,0,0,NaN,NaN,NaN,NaN,NaN,NaN,NaN,NaN,1,0,0,0,0,0,126,NaN,20260803_t1352_srsSmooth_Moretraining_B002,31,NaN,8.74771994352341,1.32175612449646,NaN,NaN,NaN,0,NaN,NaN,NaN,NaN,0
20260803_t1352_srsSmooth_Moretraining,srs_smooth_Moretraining,trial0166.mat,166,166,126,2,37,31,78,28,50,8,2,0,2,1,18,26942,1,1,2,1,2,1,1,2,1,2,SINGLE_T1_CORRECT,10,455,1,0,3,0,0,0,30,142,142,30,-112,30,1,0,180,10,180,10,170,170,NaN,NaN,NaN,1785780086.58139,12726.99198104,2.35979723930359,0.0128200054168701,0.265770435333252,1.05753517150879,1.50454473495483,1.74942994117737,1.78963971138,1.78963971138,-1,-1,2.00992131233215,252.950429916382,244.885206222534,40.2097702026367,285.094976425171,Instruction,Left,Right,Left,Right,Left,1,0,0,0,0,NaN,NaN,NaN,NaN,NaN,NaN,NaN,NaN,0,1,0,0,1,0,127,NaN,20260803_t1352_srsSmooth_Moretraining_B002,32,NaN,8.80830207268397,1.30664372444153,NaN,NaN,NaN,0,NaN,NaN,NaN,NaN,0
20260803_t1352_srsSmooth_Moretraining,srs_smooth_Moretraining,trial0167.mat,167,167,127,2,38,32,78,28,50,8,2,0,3,1,37,30148,1,2,2,1,2,1,2,1,2,1,SINGLE_T2_CORRECT,11,455,1,0,3,0,0,0,21,128,128,21,-107,128,1,180,190,0,10,180,-170,170,NaN,NaN,NaN,1785780090.20827,12730.61874888,2.54938197135925,0.0194165706634521,0.238998174667358,1.00572824478149,1.53614234924316,1.81235027313232,1.84556293487549,1.84556293487549,-1,-1,2.12208533287048,219.581604003906,276.20792388916,33.2126617431641,309.420585632324,Instruction,Left,Right,Right,Right,Right,1,0,0,0,0,NaN,NaN,NaN,NaN,NaN,NaN,NaN,NaN,0,1,1,0,0,0,128,NaN,20260803_t1352_srsSmooth_Moretraining_B002,33,NaN,8.86875004768372,1.26708126068115,NaN,NaN,NaN,0,NaN,NaN,NaN,NaN,0
20260803_t1352_srsSmooth_Moretraining,srs_smooth_Moretraining,trial0168.mat,168,168,128,2,39,33,78,28,50,8,2,0,2,1,17,4324,1,1,2,1,2,1,1,2,1,2,SINGLE_T1_CORRECT,10,455,1,0,6,0,0,0,50,138,138,50,-88,50,1,0,180,10,180,10,170,170,NaN,NaN,NaN,1785780094.05461,12734.4650744,2.10385942459106,0.014890193939209,0.190874338150024,0.743054389953613,1.20660328865051,1.44100260734558,1.47628688812256,1.47628688812256,-1,-1,1.74461579322815,175.984144210815,234.399318695068,35.2842807769775,269.683599472046,Instruction,Left,Right,Left,Right,Left,1,0,0,0,0,NaN,NaN,NaN,NaN,NaN,NaN,NaN,NaN,0,1,0,0,1,0,129,NaN,20260803_t1352_srsSmooth_Moretraining_B002,34,NaN,8.93285576899846,1.29696130752563,NaN,NaN,NaN,0,NaN,NaN,NaN,NaN,0
20260803_t1352_srsSmooth_Moretraining,srs_smooth_Moretraining,trial0169.mat,169,169,129,2,40,34,78,28,50,8,2,0,2,1,15,6041,1,1,2,1,2,1,1,2,1,2,SINGLE_T1_CORRECT,10,455,1,0,7,0,0,0,36,124,124,36,-88,36,1,0,180,10,180,10,170,170,NaN,NaN,NaN,1785780097.49112,12737.90139832,2.41732287406921,0.0201876163482666,0.198397159576416,0.981739044189453,1.49524569511414,1.74849057197571,1.78970456123352,1.78970456123352,-1,-1,2.08098173141479,178.209543228149,253.244876861572,41.2139892578125,294.458866119385,Instruction,Left,Right,Left,Right,Left,1,0,0,0,0,NaN,NaN,NaN,NaN,NaN,NaN,NaN,NaN,0,1,0,0,1,0,130,NaN,20260803_t1352_srsSmooth_Moretraining_B002,35,NaN,8.9901308298111,1.33264422416687,NaN,NaN,NaN,0,NaN,NaN,NaN,NaN,0
20260803_t1352_srsSmooth_Moretraining,srs_smooth_Moretraining,trial0170.mat,170,170,130,2,41,35,78,28,50,8,2,0,3,1,27,12510,1,2,2,1,2,1,2,1,2,1,SINGLE_T2_CORRECT,11,455,1,0,3,0,0,0,41,118,118,41,-77,118,1,180,190,0,10,180,-170,170,NaN,NaN,NaN,1785780101.18648,12741.59687992,2.61336088180542,0.0166354179382324,0.253395795822144,1.03443622589111,1.56669688224792,1.87836146354675,1.91979479789734,1.91979479789734,-1,-1,2.19496607780457,236.760377883911,311.664581298828,41.4333343505859,353.097915649414,Instruction,Left,Right,Right,Right,Right,1,0,0,0,0,NaN,NaN,NaN,NaN,NaN,NaN,NaN,NaN,0,1,1,0,0,0,131,NaN,20260803_t1352_srsSmooth_Moretraining_B002,36,NaN,9.05172021389007,1.27804017066956,NaN,NaN,NaN,0,NaN,NaN,NaN,NaN,0
20260803_t1352_srsSmooth_Moretraining,srs_smooth_Moretraining,trial0171.mat,171,171,131,2,42,36,78,28,50,8,2,0,4,1,38,32592,1,2,1,2,2,2,2,2,2,2,SINGLE_T2_CORRECT,11,455,1,0,0,0,0,0,56,121,121,56,-65,121,1,0,10,180,10,180,-170,170,NaN,NaN,NaN,1785780105.12248,12745.53279168,2.21084952354431,0.014127254486084,0.0151169300079346,0.631254196166992,1.23084115982056,1.44876456260681,1.48165535926819,1.48165535926819,-1,-1,1.74543523788452,0.989675521850586,217.923402786255,32.890796661377,250.814199447632,Instruction,Right,Left,Left,Left,Left,1,0,0,0,0,NaN,NaN,NaN,NaN,NaN,NaN,NaN,NaN,1,0,0,0,0,0,132,NaN,20260803_t1352_srsSmooth_Moretraining_B002,37,NaN,9.1173201362292,1.32263445854187,NaN,NaN,NaN,0,NaN,NaN,NaN,NaN,0
20260803_t1352_srsSmooth_Moretraining,srs_smooth_Moretraining,trial0172.mat,172,172,132,2,43,37,78,28,50,8,2,0,3,1,28,32268,1,2,2,1,2,1,2,1,2,1,SINGLE_T2_CORRECT,11,455,1,0,3,0,0,0,26,122,122,26,-96,122,1,180,190,0,10,180,-170,170,NaN,NaN,NaN,1785780108.671,12749.0811256,2.73598909378052,0.0157444477081299,0.302548885345459,1.07518005371094,1.69914364814758,1.95993065834045,2.00259184837341,2.00259184837341,-1,-1,2.28737807273865,286.804437637329,260.787010192871,42.661190032959,303.44820022583,Instruction,Left,Right,Right,Right,Right,1,0,0,0,0,NaN,NaN,NaN,NaN,NaN,NaN,NaN,NaN,0,1,1,0,0,0,133,NaN,20260803_t1352_srsSmooth_Moretraining_B002,38,NaN,9.17646216551463,1.33767223358154,NaN,NaN,NaN,0,NaN,NaN,NaN,NaN,0
20260803_t1352_srsSmooth_Moretraining,srs_smooth_Moretraining,trial0173.mat,173,173,133,2,44,38,78,28,50,8,2,0,1,1,12,16595,1,1,1,2,2,2,1,1,1,1,SINGLE_T1_CORRECT,10,455,1,0,4,0,0,0,47,137,137,47,-90,47,1,180,0,190,180,10,170,170,NaN,NaN,NaN,1785780112.70868,12753.11884136,2.03313493728638,0.0115509033203125,0.0125470161437988,0.531341791152954,1.03659081459045,1.33122873306274,1.37285184860229,1.37285184860229,-1,-1,1.6871645450592,0.996112823486328,294.63791847229,41.6231155395508,336.261034011841,Instruction,Right,Left,Right,Left,Right,1,0,0,0,0,NaN,NaN,NaN,NaN,NaN,NaN,NaN,NaN,1,0,1,0,1,0,134,NaN,20260803_t1352_srsSmooth_Moretraining_B002,39,NaN,9.24375690619151,1.30169534683228,NaN,NaN,NaN,0,NaN,NaN,NaN,NaN,0
20260803_t1352_srsSmooth_Moretraining,srs_smooth_Moretraining,trial0174.mat,174,174,134,2,45,39,78,28,50,8,2,0,4,1,39,28933,1,2,1,2,2,2,2,2,2,2,SINGLE_T2_CORRECT,11,455,1,0,3,0,0,0,50,100,100,50,-50,100,1,180,190,0,10,180,-170,170,NaN,NaN,NaN,1785780116.04156,12756.45158136,2.27566695213318,0.0121400356292725,0.238438129425049,1.03165411949158,1.37886023521423,1.5905168056488,1.62175869941711,1.62175869941711,-1,-1,1.8745276927948,226.298093795776,211.65657043457,31.2418937683105,242.898464202881,Instruction,Right,Left,Left,Left,Left,1,0,0,0,0,NaN,NaN,NaN,NaN,NaN,NaN,NaN,NaN,1,0,0,0,0,0,135,NaN,20260803_t1352_srsSmooth_Moretraining_B002,40,NaN,9.2993048230807,1.29974007606506,NaN,NaN,NaN,0,NaN,NaN,NaN,NaN,0
20260803_t1352_srsSmooth_Moretraining,srs_smooth_Moretraining,trial0175.mat,175,175,135,2,46,40,78,28,50,8,2,0,1,1,13,18911,1,1,1,2,2,2,1,1,1,1,SINGLE_T1_CORRECT,10,455,1,0,5,0,0,0,21,114,114,21,-93,21,1,0,180,10,180,10,170,170,NaN,NaN,NaN,1785780119.63256,12760.04251412,2.51067709922791,0.0129444599151611,0.238845586776733,1.04133129119873,1.61300754547119,1.85768389701843,1.89963889122009,1.89963889122009,-1,-1,2.17596650123596,225.901126861572,244.676351547241,41.9549942016602,286.631345748901,Instruction,Right,Left,Right,Left,Right,1,0,0,0,0,NaN,NaN,NaN,NaN,NaN,NaN,NaN,NaN,1,0,1,0,1,0,136,NaN,20260803_t1352_srsSmooth_Moretraining_B002,41,NaN,9.35915486415227,1.31533551216125,NaN,NaN,NaN,0,NaN,NaN,NaN,NaN,0
20260803_t1352_srsSmooth_Moretraining,srs_smooth_Moretraining,trial0176.mat,176,176,136,2,47,41,78,28,50,8,2,0,3,1,32,15115,1,2,2,1,2,1,2,1,2,1,SINGLE_T2_CORRECT,11,455,1,0,5,0,0,0,15,140,140,15,-125,140,1,0,10,180,10,180,-170,170,NaN,NaN,NaN,1785780123.45136,12763.8612134,2.35734486579895,0.0192914009094238,0.247697353363037,0.847808599472046,1.41934657096863,1.59759926795959,1.63921570777893,1.63921570777893,-1,-1,1.8821280002594,228.405952453613,178.252696990967,41.6164398193359,219.869136810303,Instruction,Left,Right,Right,Right,Right,1,0,0,0,0,NaN,NaN,NaN,NaN,NaN,NaN,NaN,NaN,0,1,1,0,0,0,137,NaN,20260803_t1352_srsSmooth_Moretraining_B002,42,NaN,9.42280158201853,1.3081259727478,NaN,NaN,NaN,0,NaN,NaN,NaN,NaN,0
20260803_t1352_srsSmooth_Moretraining,srs_smooth_Moretraining,trial0177.mat,177,177,137,2,48,42,78,28,50,8,2,0,3,1,29,6722,1,2,2,1,2,1,2,1,2,1,SINGLE_T2_CORRECT,11,455,1,0,8,0,0,0,32,143,143,32,-111,143,1,180,190,0,10,180,-170,170,NaN,NaN,NaN,1785780127.1186,12767.52840248,2.27408838272095,0.0188686847686768,0.172154664993286,0.88044285774231,1.30225253105164,1.5307765007019,1.57236409187317,1.57236409187317,-1,-1,1.81327319145203,153.285980224609,228.523969650269,41.5875911712646,270.111560821533,Instruction,Left,Right,Right,Right,Right,1,0,0,0,0,NaN,NaN,NaN,NaN,NaN,NaN,NaN,NaN,0,1,1,0,0,0,138,NaN,20260803_t1352_srsSmooth_Moretraining_B002,43,NaN,9.48392214377721,1.30988883972168,NaN,NaN,NaN,0,NaN,NaN,NaN,NaN,0
20260803_t1352_srsSmooth_Moretraining,srs_smooth_Moretraining,trial0179.mat,179,179,138,2,50,43,78,28,50,8,2,0,1,1,4,16383,1,1,1,2,2,2,1,1,1,1,SINGLE_T1_CORRECT,10,455,1,0,5,0,0,0,45,107,107,45,-62,45,1,0,180,10,180,10,170,170,NaN,NaN,NaN,1785780132.27638,12772.68609492,2.44922137260437,0.0196158885955811,0.22312331199646,1.01449918746948,1.4696741104126,1.7812294960022,1.82081985473633,1.82081985473633,-1,-1,2.10376811027527,203.507423400879,311.5553855896,39.5903587341309,351.14574432373,Instruction,Right,Left,Right,Left,Right,1,0,0,0,0,NaN,NaN,NaN,NaN,NaN,NaN,NaN,NaN,1,0,1,0,1,0,139,NaN,20260803_t1352_srsSmooth_Moretraining_B002,44,NaN,9.56988527377447,2.88369941711426,NaN,NaN,NaN,0,NaN,NaN,NaN,NaN,0
20260803_t1352_srsSmooth_Moretraining,srs_smooth_Moretraining,trial0180.mat,180,180,139,2,51,44,78,28,50,8,2,0,1,1,5,6893,1,1,1,2,2,2,1,1,1,1,SINGLE_T1_CORRECT,10,455,1,0,2,0,0,0,54,121,121,54,-67,54,1,0,180,10,180,10,170,170,NaN,NaN,NaN,1785780136.03444,12776.44395412,2.58466148376465,0.0117034912109375,0.220933198928833,0.996000528335571,1.57843112945557,1.89636421203613,1.92925548553467,1.92925548553467,-1,-1,2.23177719116211,209.229707717896,317.933082580566,32.8912734985352,350.824356079102,Instruction,Right,Left,Right,Left,Right,1,0,0,0,0,NaN,NaN,NaN,NaN,NaN,NaN,NaN,NaN,1,0,1,0,1,0,140,NaN,20260803_t1352_srsSmooth_Moretraining_B002,45,NaN,9.6325196146965,1.3088390827179,NaN,NaN,NaN,0,NaN,NaN,NaN,NaN,0
20260803_t1352_srsSmooth_Moretraining,srs_smooth_Moretraining,trial0181.mat,181,181,140,2,52,45,78,28,50,8,2,0,1,1,10,1295,1,1,1,2,2,2,1,1,1,1,SINGLE_T1_CORRECT,10,455,1,0,4,0,0,0,58,127,127,58,-69,58,1,180,0,190,180,10,170,170,NaN,NaN,NaN,1785780139.93752,12780.3471054,2.2898895740509,0.0171120166778564,0.245253086090088,0.778788805007935,1.38383173942566,1.57903003692627,1.62054443359375,1.62054443359375,-1,-1,1.89454436302185,228.141069412231,195.19829750061,41.5143966674805,236.712694168091,Instruction,Right,Left,Right,Left,Right,1,0,0,0,0,NaN,NaN,NaN,NaN,NaN,NaN,NaN,NaN,1,0,1,0,1,0,141,NaN,20260803_t1352_srsSmooth_Moretraining_B002,46,NaN,9.69757092396418,1.31841707229614,NaN,NaN,NaN,0,NaN,NaN,NaN,NaN,0
20260803_t1352_srsSmooth_Moretraining,srs_smooth_Moretraining,trial0182.mat,182,182,141,2,53,46,78,28,50,8,2,0,3,1,35,7720,1,2,2,1,2,1,2,1,2,1,SINGLE_T2_CORRECT,11,455,1,0,1,0,0,0,55,142,142,55,-87,142,1,180,190,0,10,180,-170,170,NaN,NaN,NaN,1785780143.55099,12783.96028496,1.86714482307434,0.020449161529541,0.0217893123626709,0.581901788711548,0.94548511505127,1.17306923866272,1.20492315292358,1.20492315292358,-1,-1,1.42342042922974,1.34015083312988,227.58412361145,31.8539142608643,259.438037872314,Instruction,Left,Right,Right,Right,Right,1,0,0,0,0,NaN,NaN,NaN,NaN,NaN,NaN,NaN,NaN,0,1,1,0,0,0,142,NaN,20260803_t1352_srsSmooth_Moretraining_B002,47,NaN,9.75779545307159,1.3235821723938,NaN,NaN,NaN,0,NaN,NaN,NaN,NaN,0
20260803_t1352_srsSmooth_Moretraining,srs_smooth_Moretraining,trial0183.mat,183,183,142,2,54,47,78,28,50,8,2,0,4,1,41,193,1,2,1,2,2,2,2,2,2,2,SINGLE_T2_CORRECT,11,455,1,0,1,0,0,0,65,127,127,65,-62,127,1,0,10,180,10,180,-170,170,NaN,NaN,NaN,1785780146.72051,12787.12997844,2.2973210811615,0.0177209377288818,0.212114095687866,0.861996173858643,1.31777167320251,1.51034569740295,1.55225539207458,1.55225539207458,-1,-1,1.86264252662659,194.393157958984,192.574024200439,41.9096946716309,234.48371887207,Instruction,Right,Left,Left,Left,Left,1,0,0,0,0,NaN,NaN,NaN,NaN,NaN,NaN,NaN,NaN,1,0,0,0,0,0,143,NaN,20260803_t1352_srsSmooth_Moretraining_B002,48,NaN,9.81062077283859,1.30237436294556,NaN,NaN,NaN,0,NaN,NaN,NaN,NaN,0
20260803_t1352_srsSmooth_Moretraining,srs_smooth_Moretraining,trial0184.mat,184,184,143,2,55,48,78,28,50,8,2,0,4,1,42,495,1,2,1,2,2,2,2,2,2,2,SINGLE_T2_CORRECT,11,455,1,0,4,0,0,0,56,118,118,56,-62,118,1,0,10,180,10,180,-170,170,NaN,NaN,NaN,1785780150.35105,12790.76021884,2.49286890029907,0.0123283863067627,0.221787929534912,0.957462787628174,1.56238961219788,1.74833607673645,1.78230810165405,1.78230810165405,-1,-1,2.07399892807007,209.459543228149,185.946464538574,33.9720249176025,219.918489456177,Instruction,Right,Left,Left,Left,Left,1,0,0,0,0,NaN,NaN,NaN,NaN,NaN,NaN,NaN,NaN,1,0,0,0,0,0,144,NaN,20260803_t1352_srsSmooth_Moretraining_B002,49,NaN,9.87112969954809,1.33321452140808,NaN,NaN,NaN,0,NaN,NaN,NaN,NaN,0
20260803_t1352_srsSmooth_Moretraining,srs_smooth_Moretraining,trial0185.mat,185,185,144,2,56,49,78,28,50,8,2,0,4,1,40,16495,1,2,1,2,2,2,2,2,2,2,SINGLE_T2_CORRECT,11,455,1,0,3,0,0,0,34,145,145,34,-111,145,1,180,190,0,10,180,-170,170,NaN,NaN,NaN,1785780154.18144,12794.59062264,2.27052044868469,0.0154252052307129,0.283061504364014,0.891754627227783,1.29880905151367,1.50233149528503,1.54349851608276,1.54349851608276,-1,-1,1.82357025146484,267.636299133301,203.522443771362,41.1670207977295,244.689464569092,Instruction,Right,Left,Left,Left,Left,1,0,0,0,0,NaN,NaN,NaN,NaN,NaN,NaN,NaN,NaN,1,0,0,0,0,0,145,NaN,20260803_t1352_srsSmooth_Moretraining_B002,50,NaN,9.93496948480606,1.33751821517944,NaN,NaN,NaN,0,NaN,NaN,NaN,NaN,0
20260803_t1352_srsSmooth_Moretraining,srs_smooth_Moretraining,trial0186.mat,186,186,145,2,57,50,78,28,50,8,2,1,5,2,55,29334,2,0,1,2,2,2,2,2,0,0,,0,11,0,1,1,0,0,0,27,149,149,27,-122,NaN,1,180,235.238351250435,314.761648749565,55.2383512504348,134.761648749565,-79.5232974991304,79.5232974991304,NaN,NaN,NaN,1785780157.75113,12798.16030552,1.31691455841064,0.0125377178192139,0.221799612045288,0.940644264221191,-1,-1,-1,-1,-1,-1,-1,209.261894226074,NaN,NaN,NaN,Congruent,Right,Left,None,Left,Left,0,1,1,0,0,NaN,NaN,NaN,NaN,NaN,NaN,NaN,NaN,1,0,0,0,0,0,145,NaN,20260803_t1352_srsSmooth_Moretraining_B002,NaN,NaN,9.99446439345678,1.29917407035828,NaN,NaN,NaN,0,NaN,NaN,NaN,NaN,0
20260803_t1352_srsSmooth_Moretraining,srs_smooth_Moretraining,trial0187.mat,187,187,145,2,58,50,78,28,50,8,2,2,7,2,67,17971,2,0,1,2,2,2,1,1,2,2,CHOSE_LOW_SAL,2,455,1,0,5,0,0,0,49,123,123,49,-74,123,1,180,355.533839602718,194.466160397282,175.533839602718,14.4661603972824,161.067679205435,161.067679205435,NaN,NaN,NaN,1785780160.30487,12800.7138662,2.39846968650818,0.0172302722930908,0.25365161895752,0.920691013336182,1.31728196144104,1.67029309272766,1.71208190917969,1.71208190917969,-1,-1,1.94388556480408,236.421346664429,353.011131286621,41.7888164520264,394.799947738647,Conflict,Right,Left,Left,Left,Right,0,1,0,1,1,0,0,1,0,1,1,0,1,1,0,1,0,1,1,146,46,20260803_t1352_srsSmooth_Moretraining_B002,51,1,10.0370267510414,1.23682689666748,2,1,51,0,0,1,1,0,1
20260803_t1352_srsSmooth_Moretraining,srs_smooth_Moretraining,trial0188.mat,188,188,146,2,59,51,78,28,50,8,2,2,7,2,71,8698,2,0,1,2,2,2,1,1,0,0,,0,11,0,1,4,0,0,0,60,123,123,60,-63,NaN,1,0,161.079810862366,28.9201891376344,161.079810862366,28.9201891376344,132.159621724731,132.159621724731,NaN,NaN,NaN,1785780163.99166,12804.40061272,1.29283833503723,0.0139205455780029,0.258671760559082,0.925429105758667,-1,-1,-1,-1,-1,-1,-1,244.751214981079,NaN,NaN,NaN,Conflict,Right,Left,None,Left,Right,0,1,0,1,0,NaN,NaN,NaN,NaN,NaN,NaN,NaN,NaN,1,0,1,0,1,0,146,NaN,20260803_t1352_srsSmooth_Moretraining_B002,NaN,NaN,10.0984732309977,1.28831911087036,NaN,NaN,NaN,0,NaN,NaN,NaN,NaN,0
20260803_t1352_srsSmooth_Moretraining,srs_smooth_Moretraining,trial0190.mat,190,190,146,2,61,51,78,28,50,8,2,1,5,2,57,27363,2,0,1,2,2,2,2,2,2,2,,0,11,0,1,3,0,0,0,45,130,130,45,-85,130,1,0,36.2717029209809,153.728297079019,36.2717029209809,153.728297079019,-117.456594158038,117.456594158038,NaN,NaN,NaN,1785780168.0435,12808.45248168,1.65852379798889,0.0122420787811279,0.248653173446655,0.765440940856934,1.22062277793884,1.46555519104004,1.50727772712708,1.50727772712708,-1,-1,-1,236.411094665527,244.932413101196,41.7225360870361,286.654949188232,Congruent,Right,Left,Left,Left,Left,0,1,1,0,0,NaN,NaN,NaN,NaN,NaN,NaN,NaN,NaN,1,0,0,0,0,0,146,NaN,20260803_t1352_srsSmooth_Moretraining_B002,NaN,NaN,10.1660038709641,2.7590000629425,NaN,NaN,NaN,0,NaN,NaN,NaN,NaN,0
20260803_t1352_srsSmooth_Moretraining,srs_smooth_Moretraining,trial0191.mat,191,191,146,2,62,51,78,28,50,8,2,2,7,2,69,24733,2,0,1,2,2,2,1,1,2,2,CHOSE_LOW_SAL,2,455,1,0,2,0,0,0,53,154,154,53,-101,154,1,180,348.283911573204,201.716088426796,168.283911573204,21.7160884267961,146.567823146408,146.567823146408,NaN,NaN,NaN,1785780170.9505,12811.35942624,2.58595871925354,0.0136888027191162,0.158166646957397,0.93317723274231,1.55541682243347,1.80594062805176,1.83933019638062,1.83933019638062,-1,-1,2.12153100967407,144.477844238281,250.523805618286,33.3895683288574,283.913373947144,Conflict,Right,Left,Left,Left,Right,0,1,0,1,1,0,0,1,0,1,1,0,1,1,0,1,0,1,1,147,47,20260803_t1352_srsSmooth_Moretraining_B002,52,2,10.2144538919131,1.24847745895386,2,2,123,1,0,0,1,1,1
20260803_t1352_srsSmooth_Moretraining,srs_smooth_Moretraining,trial0192.mat,192,192,147,2,63,52,78,28,50,8,2,2,8,2,75,15811,2,0,2,1,2,1,1,2,1,2,CHOSE_HIGH_SAL,1,455,1,0,1,0,0,0,32,103,103,32,-71,32,1,0,108.124491791447,81.8755082085534,108.124491791447,81.8755082085535,26.2489835828931,26.2489835828931,NaN,NaN,NaN,1785780174.79606,12815.204678,2.10515332221985,0.0182890892028809,0.262955188751221,0.811119794845581,1.29332828521729,1.46311235427856,1.50448417663574,1.50448417663574,-1,-1,1.76349186897278,244.66609954834,169.784069061279,41.3718223571777,211.155891418457,Conflict,Left,Right,Left,Right,Left,0,1,0,1,1,0,1,0,1,1,0,1,0,0,1,0,0,1,1,148,48,20260803_t1352_srsSmooth_Moretraining_B002,53,3,10.2785466194153,1.25960493087769,2,2,154,1,1,0,0,1,1
20260803_t1352_srsSmooth_Moretraining,srs_smooth_Moretraining,trial0195.mat,195,195,148,2,66,53,78,28,50,8,2,1,6,2,60,15084,2,0,2,1,2,1,2,1,0,0,,0,11,0,1,0,0,0,0,56,151,151,56,-95,NaN,1,0,87.4985110561413,102.501488943859,87.4985110561413,102.501488943859,-15.0029778877174,15.0029778877174,NaN,NaN,NaN,1785780181.34597,12821.75456576,0.0877828598022461,0.0186314582824707,0.0197365283966064,-1,-1,-1,-1,-1,-1,-1,-1,1.10507011413574,NaN,NaN,NaN,Congruent,Left,Right,None,Right,Right,0,1,1,0,0,NaN,NaN,NaN,NaN,NaN,NaN,NaN,NaN,0,1,1,0,0,0,148,NaN,20260803_t1352_srsSmooth_Moretraining_B002,NaN,NaN,10.3877116998037,4.44475150108337,NaN,NaN,NaN,0,NaN,NaN,NaN,NaN,0
20260803_t1352_srsSmooth_Moretraining,srs_smooth_Moretraining,trial0196.mat,196,196,148,2,67,53,78,28,50,8,2,2,7,2,65,8063,2,0,1,2,2,2,1,1,2,2,CHOSE_LOW_SAL,2,455,1,0,4,0,0,0,31,124,124,31,-93,124,1,0,140.709223669161,49.290776330839,140.709223669161,49.290776330839,91.4184473383221,91.4184473383221,NaN,NaN,NaN,1785780182.6797,12823.08842004,2.32388281822205,0.0182905197143555,0.202438116073608,0.97998309135437,1.39334583282471,1.62909650802612,1.67125034332275,1.67125034332275,-1,-1,1.89358496665955,184.147596359253,235.750675201416,42.1538352966309,277.904510498047,Conflict,Right,Left,Left,Left,Right,0,1,0,1,1,0,0,1,0,1,1,0,1,1,0,1,0,1,1,149,49,20260803_t1352_srsSmooth_Moretraining_B002,54,4,10.4099404811859,1.24594402313232,1,2,32,1,1,0,0,1,1
20260803_t1352_srsSmooth_Moretraining,srs_smooth_Moretraining,trial0197.mat,197,197,149,2,68,54,78,28,50,8,2,1,5,2,52,30810,2,0,1,2,2,2,2,2,2,2,CHOSE_HIGH_SAL,1,455,1,0,2,0,0,0,28,120,120,28,-92,120,1,0,16.9482237900496,173.05177620995,16.9482237900496,173.05177620995,-156.103552419901,156.103552419901,NaN,NaN,NaN,1785780186.33177,12826.74040268,2.43046307563782,0.0163614749908447,0.236261606216431,0.903349161148071,1.42475032806396,1.65090084075928,1.69437408447266,1.69437408447266,-1,-1,1.98653602600098,219.900131225586,226.150512695312,43.4732437133789,269.623756408691,Congruent,Right,Left,Left,Left,Left,0,1,1,0,1,0,0,1,1,1,1,0,0,1,0,0,0,0,1,150,50,20260803_t1352_srsSmooth_Moretraining_B002,55,5,10.470808382829,1.32819128036499,2,2,124,1,0,0,1,1,1
20260803_t1352_srsSmooth_Moretraining,srs_smooth_Moretraining,trial0199.mat,199,199,150,2,70,55,78,28,50,8,2,1,5,2,56,19335,2,0,1,2,2,2,2,2,2,2,CHOSE_HIGH_SAL,1,455,1,0,5,0,0,0,34,123,123,34,-89,123,1,180,210.554946637481,339.445053362519,30.5549466374806,159.445053362519,-128.890106725039,128.890106725039,NaN,NaN,NaN,1785780191.67496,12832.0833276,2.27857995033264,0.0150489807128906,0.22567343711853,0.976678133010864,1.34843587875366,1.55157709121704,1.59320497512817,1.59320497512817,-1,-1,1.84047293663025,210.62445640564,203.141212463379,41.6278839111328,244.769096374512,Congruent,Right,Left,Left,Left,Left,0,1,1,0,1,0,0,1,1,1,1,0,0,1,0,0,0,0,1,151,51,20260803_t1352_srsSmooth_Moretraining_B002,56,6,10.5598615566889,2.91272735595703,2,2,120,1,0,0,1,1,1
20260803_t1352_srsSmooth_Moretraining,srs_smooth_Moretraining,trial0200.mat,200,200,151,2,71,56,78,28,50,8,2,1,6,2,62,29824,2,0,2,1,2,1,2,1,1,2,CHOSE_LOW_SAL,2,455,1,0,4,0,0,0,33,131,131,33,-98,33,1,0,67.9433683289039,122.056631671096,67.9433683289039,122.056631671096,-54.1132633421922,54.1132633421922,NaN,NaN,NaN,1785780195.25104,12835.65940916,2.05228686332703,0.0141088962554932,0.242212772369385,0.80842399597168,1.14748692512512,1.35918164253235,1.40081667900085,1.40081667900085,-1,-1,1.68419051170349,228.103876113892,211.694717407227,41.6350364685059,253.329753875732,Congruent,Left,Right,Left,Right,Right,0,1,1,0,1,0,1,0,0,1,0,1,1,0,1,1,0,0,1,152,52,20260803_t1352_srsSmooth_Moretraining_B002,57,7,10.6194629232089,1.29750204086304,2,2,123,1,1,0,0,1,1
20260803_t1352_srsSmooth_Moretraining,srs_smooth_Moretraining,trial0201.mat,201,201,152,2,72,57,78,28,50,8,2,1,6,2,63,29421,2,0,2,1,2,1,2,1,2,1,CHOSE_HIGH_SAL,1,455,1,0,6,0,0,0,40,129,129,40,-89,129,1,0,33.6762221983716,156.323777801628,33.6762221983716,156.323777801628,-122.647555603257,122.647555603257,NaN,NaN,NaN,1785780198.61838,12839.0268082,2.43387961387634,0.0135695934295654,0.20780086517334,0.95044207572937,1.45529389381409,1.70031666755676,1.73952794075012,1.73952794075012,-1,-1,1.96806311607361,194.231271743774,245.022773742676,39.2112731933594,284.234046936035,Congruent,Left,Right,Right,Right,Right,0,1,1,0,1,1,0,1,1,0,1,0,0,0,1,1,0,0,1,153,53,20260803_t1352_srsSmooth_Moretraining_B002,58,8,10.6755852460861,1.31505250930786,1,2,33,1,1,1,0,0,1
20260803_t1352_srsSmooth_Moretraining,srs_smooth_Moretraining,trial0202.mat,202,202,153,2,73,58,78,28,50,8,2,1,6,2,58,15806,2,0,2,1,2,1,2,1,2,1,CHOSE_HIGH_SAL,1,455,1,0,5,0,0,0,33,126,126,33,-93,126,1,0,78.8218865967621,111.178113403238,78.8218865967621,111.178113403238,-32.3562268064759,32.3562268064759,NaN,NaN,NaN,1785780202.3563,12842.764483,2.52417612075806,0.0174643993377686,0.178229808807373,0.945758819580078,1.50919032096863,1.76988005638123,1.80213379859924,1.80213379859924,-1,-1,2.08890151977539,160.765409469604,260.689735412598,32.2537422180176,292.943477630615,Congruent,Left,Right,Right,Right,Right,0,1,1,0,1,1,0,1,1,0,1,0,0,0,1,1,0,0,1,154,54,20260803_t1352_srsSmooth_Moretraining_B002,59,9,10.7378839174906,1.3040406703949,2,1,129,1,0,0,1,1,1
20260803_t1352_srsSmooth_Moretraining,srs_smooth_Moretraining,trial0203.mat,203,203,154,2,74,59,78,28,50,8,2,1,6,2,61,10444,2,0,2,1,2,1,2,1,2,1,CHOSE_HIGH_SAL,1,455,1,0,5,0,0,0,55,143,143,55,-88,143,1,180,198.925735125803,351.074264874197,18.9257351258032,171.074264874197,-152.148529748394,152.148529748394,NaN,NaN,NaN,1785780206.18519,12846.5932124,1.9853081703186,0.0137293338775635,0.0148348808288574,0.625508546829224,0.972100257873535,1.20855855941772,1.25071978569031,1.25071978569031,-1,-1,1.54319715499878,1.10554695129395,236.458301544189,42.161226272583,278.619527816772,Congruent,Left,Right,Right,Right,Right,0,1,1,0,1,1,0,1,1,0,1,0,0,0,1,1,0,0,1,155,55,20260803_t1352_srsSmooth_Moretraining_B002,60,10,10.801698700587,1.30471086502075,2,1,126,1,0,0,1,1,1
20260803_t1352_srsSmooth_Moretraining,srs_smooth_Moretraining,trial0204.mat,204,204,155,2,75,60,78,28,50,8,2,2,7,2,70,12864,2,0,1,2,2,2,1,1,1,1,CHOSE_HIGH_SAL,1,455,1,0,5,0,0,0,29,120,120,29,-91,29,1,180,339.382077468755,210.617922531245,159.382077468755,30.6179225312454,128.764154937509,128.764154937509,NaN,NaN,NaN,1785780209.50729,12849.91529072,2.255286693573,0.0167622566223145,0.194764852523804,0.711740732192993,1.34181427955627,1.5785973072052,1.61753106117249,1.61753106117249,-1,-1,1.89595484733582,178.002595901489,236.783027648926,38.9337539672852,275.716781616211,Conflict,Right,Left,Right,Left,Right,0,1,0,1,1,1,1,0,1,0,0,1,0,1,0,1,0,1,1,156,56,20260803_t1352_srsSmooth_Moretraining_B002,61,11,10.8570670167605,1.3367908000946,2,1,143,1,1,0,0,1,1
20260803_t1352_srsSmooth_Moretraining,srs_smooth_Moretraining,trial0205.mat,205,205,156,2,76,60,78,28,50,8,2,2,7,2,70,12864,2,0,1,2,2,2,1,1,1,1,CHOSE_HIGH_SAL,1,455,1,0,3,0,0,0,14,120,120,14,-106,14,1,180,339.382077468755,210.617922531245,159.382077468755,30.6179225312454,128.764154937509,128.764154937509,NaN,NaN,NaN,1785780213.079,12853.48689444,2.11373925209045,0.0118720531463623,0.173105478286743,0.848098754882812,1.28691005706787,1.49677228927612,1.52970957756042,1.52970957756042,-1,-1,1.79099535942078,161.233425140381,209.862232208252,32.9372882843018,242.799520492554,Conflict,Right,Left,Right,Left,Right,0,1,0,1,1,1,1,0,1,0,0,1,0,1,0,1,0,1,1,157,57,20260803_t1352_srsSmooth_Moretraining_B002,62,12,10.9165955384572,1.31642460823059,1,1,29,1,0,0,1,1,1
20260803_t1352_srsSmooth_Moretraining,srs_smooth_Moretraining,trial0206.mat,206,206,157,2,77,60,78,28,50,8,2,2,7,2,70,12864,2,0,1,2,2,2,1,1,2,2,CHOSE_LOW_SAL,2,455,1,0,0,0,0,0,10,120,120,10,-110,120,1,180,339.382077468755,210.617922531245,159.382077468755,30.6179225312454,128.764154937509,128.764154937509,NaN,NaN,NaN,1785780216.52093,12856.92888584,2.41662740707397,0.0200614929199219,0.314069271087646,0.947938203811646,1.37011551856995,1.65634441375732,1.69845724105835,1.69845724105835,-1,-1,1.99010992050171,294.007778167725,286.228895187378,42.1128273010254,328.341722488403,Conflict,Right,Left,Left,Left,Right,0,1,0,1,1,0,0,1,0,1,1,0,1,1,0,1,0,1,1,158,58,20260803_t1352_srsSmooth_Moretraining_B002,63,13,10.9739611148834,1.32819533348083,1,1,14,1,1,1,0,0,1
20260803_t1352_srsSmooth_Moretraining,srs_smooth_Moretraining,trial0207.mat,207,207,158,2,78,61,78,28,50,8,2,2,8,2,77,17408,2,0,2,1,2,1,1,2,1,2,CHOSE_HIGH_SAL,1,455,1,0,4,0,0,0,41,139,139,41,-98,41,1,180,291.360422474117,258.639577525883,111.360422474117,78.6395775258825,32.7208449482349,32.7208449482349,NaN,NaN,NaN,1785780220.26707,12860.67482584,2.18725967407227,0.0157454013824463,0.225205421447754,1.0086145401001,1.35746622085571,1.56082534790039,1.60202550888062,1.60202550888062,-1,-1,1.8474018573761,209.460020065308,203.359127044678,41.2001609802246,244.559288024902,Conflict,Left,Right,Left,Right,Left,0,1,0,1,1,0,1,0,1,1,0,1,0,0,1,0,0,1,1,159,59,20260803_t1352_srsSmooth_Moretraining_B002,64,14,11.0363966345787,1.32950377464294,2,2,120,1,1,0,0,1,1
20260803_t1352_srsSmooth_Moretraining,srs_smooth_Moretraining,trial0208.mat,208,208,159,2,79,62,78,28,50,8,2,1,6,2,64,21337,2,0,2,1,2,1,2,1,2,1,CHOSE_HIGH_SAL,1,455,1,0,5,0,0,0,27,116,116,27,-89,116,1,0,42.5070346810288,147.492965318971,42.5070346810288,147.492965318971,-104.985930637942,104.985930637942,NaN,NaN,NaN,1785780223.73665,12864.14455128,2.50165295600891,0.0129683017730713,0.199469566345215,0.91417407989502,1.45469212532043,1.76540756225586,1.80846166610718,1.80846166610718,-1,-1,2.06253957748413,186.501264572144,310.715436935425,43.0541038513184,353.769540786743,Congruent,Left,Right,Right,Right,Right,0,1,1,0,1,1,0,1,1,0,1,0,0,0,1,1,0,0,1,160,60,20260803_t1352_srsSmooth_Moretraining_B002,65,15,11.0942230025927,1.2823224067688,1,2,41,1,1,1,0,0,1
20260803_t1352_srsSmooth_Moretraining,srs_smooth_Moretraining,trial0209.mat,209,209,160,2,80,63,78,28,50,8,2,2,8,2,76,7806,2,0,2,1,2,1,1,2,2,1,CHOSE_LOW_SAL,2,455,1,0,1,0,0,0,50,121,121,50,-71,121,1,180,290.580653357659,259.419346642341,110.580653357659,79.419346642341,31.161306715318,31.161306715318,NaN,NaN,NaN,1785780227.51521,12867.92288972,2.07385945320129,0.0178890228271484,0.0957293510437012,0.637398242950439,1.05959701538086,1.32059359550476,1.36062836647034,1.36062836647034,-1,-1,1.64558458328247,77.8403282165527,260.996580123901,40.0347709655762,301.031351089478,Conflict,Left,Right,Right,Right,Left,0,1,0,1,1,1,0,1,0,0,1,0,1,0,1,0,0,1,1,161,61,20260803_t1352_srsSmooth_Moretraining_B002,66,16,11.1571990569433,1.27691030502319,2,1,116,1,0,0,1,1,1
20260803_t1352_srsSmooth_Moretraining,srs_smooth_Moretraining,trial0210.mat,210,210,161,2,81,64,78,28,50,8,2,2,8,2,73,30613,2,0,2,1,2,1,1,2,2,1,CHOSE_LOW_SAL,2,455,1,0,3,0,0,0,52,96,96,52,-44,96,1,180,280.379969737905,269.620030262095,100.379969737905,89.620030262095,10.7599394758099,10.7599394758099,NaN,NaN,NaN,1785780230.88961,12871.29730348,2.26553797721863,0.0186195373535156,0.230437755584717,0.755387783050537,1.36867332458496,1.59703874588013,1.63648319244385,1.63648319244385,-1,-1,1.84957957267761,211.818218231201,228.365421295166,39.4444465637207,267.809867858887,Conflict,Left,Right,Right,Right,Left,0,1,0,1,1,1,0,1,0,0,1,0,1,0,1,0,0,1,1,162,62,20260803_t1352_srsSmooth_Moretraining_B002,67,17,11.2134391148885,1.30054402351379,2,1,121,1,0,0,1,1,1
20260803_t1352_srsSmooth_Moretraining,srs_smooth_Moretraining,trial0212.mat,212,212,162,2,83,65,78,28,50,8,2,1,6,2,59,1948,2,0,2,1,2,1,2,1,2,1,CHOSE_HIGH_SAL,1,455,1,0,4,0,0,0,62,156,156,62,-94,156,1,180,270.73473364909,279.26526635091,90.7347336490899,99.2652663509101,-8.53053270182022,8.53053270182022,NaN,NaN,NaN,1785780235.95259,12876.36009036,2.42818403244019,0.0141744613647461,0.234020471572876,0.867318153381348,1.37256264686584,1.6416609287262,1.6819314956665,1.6819314956665,-1,-1,1.97506928443909,219.84601020813,269.098281860352,40.2705669403076,309.368848800659,Congruent,Left,Right,Right,Right,Right,0,1,1,0,1,1,0,1,1,0,1,0,0,0,1,1,0,0,1,163,63,20260803_t1352_srsSmooth_Moretraining_B002,68,18,11.2978220979373,2.79744100570679,2,1,96,1,0,0,1,1,1
20260803_t1352_srsSmooth_Moretraining,srs_smooth_Moretraining,trial0213.mat,213,213,163,2,84,66,78,28,50,8,2,1,5,2,55,29334,2,0,1,2,2,2,2,2,1,1,CHOSE_LOW_SAL,2,455,1,0,3,0,0,0,44,146,146,44,-102,44,1,180,196.575663414732,353.424336585269,16.5756634147315,173.424336585269,-156.848673170537,156.848673170537,NaN,NaN,NaN,1785780239.70251,12880.10997488,2.420250415802,0.0144107341766357,0.291834831237793,1.05930352210999,1.53113746643066,1.78370404243469,1.82523345947266,1.82523345947266,-1,-1,2.05877804756165,277.424097061157,252.566576004028,41.5294170379639,294.095993041992,Congruent,Right,Left,Right,Left,Left,0,1,1,0,1,1,1,0,0,0,0,1,1,1,0,0,0,0,1,164,64,20260803_t1352_srsSmooth_Moretraining_B002,69,19,11.3603206594785,1.32172966003418,2,1,156,1,1,0,0,1,1
20260803_t1352_srsSmooth_Moretraining,srs_smooth_Moretraining,trial0214.mat,214,214,164,2,85,67,78,28,50,8,2,1,5,2,53,32753,2,0,1,2,2,2,2,2,1,1,CHOSE_LOW_SAL,2,455,1,0,4,0,0,0,39,146,146,39,-107,39,1,0,31.8721518514841,158.127848148516,31.8721518514841,158.127848148516,-126.255696297032,126.255696297032,NaN,NaN,NaN,1785780243.48011,12883.88744836,2.35088634490967,0.0119609832763672,0.265064239501953,1.04819679260254,1.63702487945557,1.65620040893555,1.69736742973328,1.69736742973328,-1,-1,1.97720909118652,253.103256225586,19.1755294799805,41.1670207977295,60.34255027771,Congruent,Right,Left,Right,Left,Left,0,1,1,0,1,1,1,0,0,0,0,1,1,1,0,0,0,0,1,165,65,20260803_t1352_srsSmooth_Moretraining_B002,70,20,11.4232806563377,1.35734939575195,1,1,44,1,0,0,1,1,1
20260803_t1352_srsSmooth_Moretraining,srs_smooth_Moretraining,trial0215.mat,215,215,165,2,86,68,78,28,50,8,2,1,6,2,60,15084,2,0,2,1,2,1,2,1,2,1,CHOSE_HIGH_SAL,1,455,1,0,4,0,0,0,48,113,113,48,-65,113,1,180,224.851997542338,325.148002457662,44.8519975423377,145.148002457662,-100.296004915325,100.296004915325,NaN,NaN,NaN,1785780247.15673,12887.56391032,2.29915595054626,0.0188150405883789,0.214159965515137,0.738944053649902,1.35220170021057,1.61393547058105,1.65358757972717,1.65358757972717,-1,-1,1.88043260574341,195.344924926758,261.733770370483,39.6521091461182,301.385879516602,Congruent,Left,Right,Right,Right,Right,0,1,1,0,1,1,0,1,1,0,1,0,0,0,1,1,0,0,1,166,66,20260803_t1352_srsSmooth_Moretraining_B002,71,21,11.4845577398936,1.32573866844177,1,1,39,1,1,0,0,1,1
20260803_t1352_srsSmooth_Moretraining,srs_smooth_Moretraining,trial0216.mat,216,216,166,2,87,69,78,28,50,8,2,2,8,2,74,12251,2,0,2,1,2,1,1,2,2,1,CHOSE_LOW_SAL,2,455,1,0,6,0,0,0,58,89,89,58,-31,89,1,0,109.780601175099,80.2193988249014,109.780601175099,80.2193988249014,29.5612023501972,29.5612023501972,NaN,NaN,NaN,1785780250.78735,12891.19443104,2.38515210151672,0.0133357048034668,0.232512235641479,0.875004053115845,1.42172479629517,1.66674327850342,1.70834350585938,1.70834350585938,-1,-1,1.98475289344788,219.176530838013,245.018482208252,41.600227355957,286.618709564209,Conflict,Left,Right,Right,Right,Left,0,1,0,1,1,1,0,1,0,0,1,0,1,0,1,0,0,1,1,167,67,20260803_t1352_srsSmooth_Moretraining_B002,72,22,11.5450681249301,1.33146715164185,2,1,113,1,0,0,1,1,1
20260803_t1352_srsSmooth_Moretraining,srs_smooth_Moretraining,trial0217.mat,217,217,167,2,88,70,78,28,50,8,2,2,8,2,78,6886,2,0,2,1,2,1,1,2,0,0,,0,11,0,1,1,0,0,0,45,128,128,45,-83,NaN,1,180,334.699077123705,215.300922876295,154.699077123705,35.3009228762949,119.39815424741,119.39815424741,NaN,NaN,NaN,1785780254.48869,12894.8957828,1.36658835411072,0.0121464729309082,0.214675188064575,0.923895835876465,-1,-1,-1,-1,-1,-1,-1,202.528715133667,NaN,NaN,NaN,Conflict,Left,Right,None,Right,Left,0,1,0,1,0,NaN,NaN,NaN,NaN,NaN,NaN,NaN,NaN,0,1,0,0,1,0,167,NaN,20260803_t1352_srsSmooth_Moretraining_B002,NaN,NaN,11.6067570487658,1.31618332862854,NaN,NaN,NaN,0,NaN,NaN,NaN,NaN,0
20260803_t1352_srsSmooth_Moretraining,srs_smooth_Moretraining,trial0219.mat,219,219,167,2,90,70,78,28,50,8,2,1,5,2,54,12394,2,0,1,2,2,2,2,2,2,2,CHOSE_HIGH_SAL,1,455,1,0,8,0,0,0,33,113,113,33,-80,113,1,180,227.355599535037,322.644400464963,47.3555995350373,142.644400464963,-95.2888009299254,95.2888009299254,NaN,NaN,NaN,1785780258.64645,12899.05340704,2.54381370544434,0.0128886699676514,0.249740839004517,0.93216872215271,1.54628276824951,1.74137282371521,1.78257536888123,1.78257536888123,-1,-1,2.09529852867126,236.852169036865,195.090055465698,41.2025451660156,236.292600631714,Congruent,Right,Left,Left,Left,Left,0,1,1,0,1,0,0,1,1,1,1,0,0,1,0,0,0,0,1,168,68,20260803_t1352_srsSmooth_Moretraining_B002,73,23,11.67605295976,2.79116630554199,2,1,89,1,0,1,1,0,1
20260803_t1352_srsSmooth_Moretraining,srs_smooth_Moretraining,trial0220.mat,220,220,168,2,91,71,78,28,50,8,2,1,5,2,57,27363,2,0,1,2,2,2,2,2,2,2,CHOSE_HIGH_SAL,1,455,1,0,4,0,0,0,44,146,146,44,-102,146,1,180,203.73708085581,346.26291914419,23.7370808558103,166.26291914419,-142.525838288379,142.525838288379,NaN,NaN,NaN,1785780262.45701,12902.86399296,2.12560486793518,0.0191440582275391,0.188606739044189,0.696891784667969,1.23585844039917,1.3469090461731,1.38799858093262,1.38799858093262,-1,-1,1.67283177375793,169.46268081665,111.050605773926,41.0895347595215,152.140140533447,Congruent,Right,Left,Left,Left,Left,0,1,1,0,1,0,0,1,1,1,1,0,0,1,0,0,0,0,1,169,69,20260803_t1352_srsSmooth_Moretraining_B002,74,24,11.7395623326302,1.26674866676331,2,2,113,1,0,0,1,1,1
20260803_t1352_srsSmooth_Moretraining,srs_smooth_Moretraining,trial0221.mat,221,221,169,2,92,72,78,28,50,8,2,2,8,2,72,11367,2,0,2,1,2,1,1,2,1,2,CHOSE_HIGH_SAL,1,455,1,0,7,0,0,0,22,120,120,22,-98,22,1,0,178.138436749433,11.8615632505672,178.138436749433,11.8615632505672,166.276873498866,166.276873498866,NaN,NaN,NaN,1785780265.91251,12906.31935472,2.28608703613281,0.0137815475463867,0.300397157669067,1.09218311309814,1.48883938789368,1.5753071308136,1.61737680435181,1.61737680435181,-1,-1,1.93057918548584,286.615610122681,86.4677429199219,42.069673538208,128.53741645813,Conflict,Left,Right,Left,Right,Left,0,1,0,1,1,0,1,0,1,1,0,1,0,0,1,0,0,1,1,170,70,20260803_t1352_srsSmooth_Moretraining_B002,75,25,11.7971539656321,1.32989311218262,2,2,146,1,1,0,0,1,1
20260803_t1352_srsSmooth_Moretraining,srs_smooth_Moretraining,trial0222.mat,222,222,170,2,93,73,78,28,50,8,2,2,7,2,71,8698,2,0,1,2,2,2,1,1,1,1,CHOSE_HIGH_SAL,1,455,1,0,5,0,0,0,48,111,111,48,-63,48,1,180,356.037423239708,193.962576760292,176.037423239708,13.9625767602917,162.074846479417,162.074846479417,NaN,NaN,NaN,1785780269.53758,12909.94440848,2.01930022239685,0.0138528347015381,0.225432157516479,0.76708197593689,1.13889694213867,1.39233303070068,1.43118262290955,1.43118262290955,-1,-1,1.67339205741882,211.579322814941,253.436088562012,38.8495922088623,292.285680770874,Conflict,Right,Left,Right,Left,Right,0,1,0,1,1,1,1,0,1,0,0,1,0,1,0,1,0,1,1,171,71,20260803_t1352_srsSmooth_Moretraining_B002,76,26,11.8575718084971,1.3389835357666,1,2,22,1,0,1,1,0,1
20260803_t1352_srsSmooth_Moretraining,srs_smooth_Moretraining,trial0223.mat,223,223,171,2,94,73,78,28,50,8,2,2,7,2,71,8698,2,0,1,2,2,2,1,1,2,2,CHOSE_LOW_SAL,2,455,1,0,6,0,0,0,24,111,111,24,-87,111,1,180,356.037423239708,193.962576760292,176.037423239708,13.9625767602917,162.074846479417,162.074846479417,NaN,NaN,NaN,1785780272.88665,12913.29332556,2.26178026199341,0.0149083137512207,0.309699773788452,0.918375015258789,1.25662302970886,1.50168919563293,1.54071283340454,1.54071283340454,-1,-1,1.82089900970459,294.791460037231,245.066165924072,39.0236377716064,284.089803695679,Conflict,Right,Left,Left,Left,Right,0,1,0,1,1,0,0,1,0,1,1,0,1,1,0,1,0,1,1,172,72,20260803_t1352_srsSmooth_Moretraining_B002,77,27,11.9133897344271,1.32977533340454,1,1,48,1,1,1,0,0,1
20260803_t1352_srsSmooth_Moretraining,srs_smooth_Moretraining,trial0224.mat,224,224,172,2,95,74,78,28,50,8,2,2,7,2,66,7669,2,0,1,2,2,2,1,1,2,2,CHOSE_LOW_SAL,2,455,1,0,4,0,0,0,47,142,142,47,-95,142,1,0,119.555631264455,70.4443687355454,119.555631264455,70.4443687355454,49.1112625289092,49.1112625289092,NaN,NaN,NaN,1785780276.49597,12916.90259404,2.16086578369141,0.0140688419342041,0.242105960845947,0.875640392303467,1.23911690711975,1.44171929359436,1.47358059883118,1.47358059883118,-1,-1,1.72044825553894,228.037118911743,202.602386474609,31.8613052368164,234.463691711426,Conflict,Right,Left,Left,Left,Right,0,1,0,1,1,0,0,1,0,1,1,0,1,1,0,1,0,1,1,173,73,20260803_t1352_srsSmooth_Moretraining_B002,78,28,11.9735449592272,1.34753322601318,2,2,111,1,0,0,1,1,1
20260803_t1352_srsSmooth_Moretraining,srs_smooth_Moretraining,trial0225.mat,225,225,173,2,96,75,78,28,50,8,2,2,8,2,78,6886,2,0,2,1,2,1,1,2,1,2,CHOSE_HIGH_SAL,1,455,1,0,4,0,0,0,41,139,139,41,-98,41,1,0,129.116665521226,60.8833344787738,129.116665521226,60.8833344787738,68.2333310424524,68.2333310424524,NaN,NaN,NaN,1785780279.99104,12920.39762736,2.23115205764771,0.0191304683685303,0.204875946044922,0.995365142822266,1.36918377876282,1.55500817298889,1.59673881530762,1.59673881530762,-1,-1,1.86307621002197,185.745477676392,185.824394226074,41.7306423187256,227.5550365448,Conflict,Left,Right,Left,Right,Left,0,1,0,1,1,0,1,0,1,1,0,1,0,0,1,0,0,1,1,174,74,20260803_t1352_srsSmooth_Moretraining_B002,79,29,12.0317961931229,1.33420825004578,2,2,142,1,1,0,0,1,1
20260803_t1352_srsSmooth_Moretraining,srs_smooth_Moretraining,trial0226.mat,226,226,174,2,97,76,78,28,50,8,2,1,5,2,51,499,2,0,1,2,2,2,2,2,1,1,CHOSE_LOW_SAL,2,455,1,0,6,0,0,0,40,130,130,40,-90,40,1,180,257.600740146184,292.399259853816,77.6007401461844,112.399259853816,-34.7985197076313,34.7985197076313,NaN,NaN,NaN,1785780283.51594,12923.92248604,2.4582679271698,0.0110304355621338,0.231151342391968,1.00580954551697,1.51108860969543,1.7638304233551,1.80526685714722,1.80526685714722,-1,-1,2.12002539634705,220.120906829834,252.741813659668,41.4364337921143,294.178247451782,Congruent,Right,Left,Right,Left,Left,0,1,1,0,1,1,1,0,0,0,0,1,1,1,0,0,0,0,1,175,75,20260803_t1352_srsSmooth_Moretraining_B002,80,30,12.0905445973078,1.29375219345093,1,2,41,1,0,1,1,0,1
20260803_t1352_srsSmooth_Moretraining,srs_smooth_Moretraining,trial0227.mat,227,227,175,2,98,77,78,28,50,8,2,2,7,2,68,12872,2,0,1,2,2,2,1,1,2,2,CHOSE_LOW_SAL,2,455,1,0,4,0,0,0,50,127,127,50,-77,127,1,0,153.939186467749,36.0608135322513,153.939186467749,36.0608135322513,117.878372935497,117.878372935497,NaN,NaN,NaN,1785780287.36643,12927.77289376,2.39121150970459,0.0190224647521973,0.239089250564575,1.0036838054657,1.42741084098816,1.61989283561707,1.66219067573547,1.66219067573547,-1,-1,1.93073344230652,220.066785812378,192.481994628906,42.2978401184082,234.779834747314,Conflict,Right,Left,Left,Left,Right,0,1,0,1,1,0,0,1,0,1,1,0,1,1,0,1,0,1,1,176,76,20260803_t1352_srsSmooth_Moretraining_B002,81,31,12.154719444116,1.39222288131714,1,1,40,1,1,1,0,0,1
20260803_t1352_srsSmooth_Moretraining,srs_smooth_Moretraining,trial0228.mat,228,228,176,3,1,0,98,48,50,8,1,0,1,1,4,27504,1,1,1,2,1,1,1,1,1,1,SINGLE_T1_CORRECT,10,455,1,0,7,0,0,0,174,54,174,54,120,174,1,180,0,190,180,10,170,170,NaN,NaN,NaN,1785780291.05285,12931.45921468,2.38886499404907,0.0160818099975586,0.311146020889282,0.868808507919312,1.29113101959229,1.59436798095703,1.63607835769653,1.63607835769653,-1,-1,1.88045692443848,295.064210891724,303.236961364746,41.710376739502,344.947338104248,Instruction,Right,Left,Right,Right,Right,1,0,0,0,0,NaN,NaN,NaN,NaN,NaN,NaN,NaN,NaN,1,1,1,1,1,0,177,NaN,20260803_t1352_srsSmooth_Moretraining_B003,1,NaN,12.2161597410838,1.29520630836487,NaN,NaN,NaN,0,NaN,NaN,NaN,NaN,0
20260803_t1352_srsSmooth_Moretraining,srs_smooth_Moretraining,trial0229.mat,229,229,177,3,2,1,98,48,50,8,1,0,1,1,13,24812,1,1,1,2,1,1,1,1,1,1,SINGLE_T1_CORRECT,10,455,1,0,8,0,0,0,156,58,156,58,98,156,1,0,180,10,180,10,170,170,NaN,NaN,NaN,1785780294.75664,12935.16291172,2.48529005050659,0.0124332904815674,0.215761423110962,0.882092714309692,1.42915534973145,1.66600656509399,1.70464539527893,1.70464539527893,-1,-1,1.99164485931396,203.328132629395,236.851215362549,38.6388301849365,275.490045547485,Instruction,Right,Left,Right,Right,Right,1,0,0,0,0,NaN,NaN,NaN,NaN,NaN,NaN,NaN,NaN,1,1,1,1,1,0,178,NaN,20260803_t1352_srsSmooth_Moretraining_B003,2,NaN,12.2778896013896,1.3149266242981,NaN,NaN,NaN,0,NaN,NaN,NaN,NaN,0
20260803_t1352_srsSmooth_Moretraining,srs_smooth_Moretraining,trial0230.mat,230,230,178,3,3,2,98,48,50,8,1,0,1,1,9,30743,1,1,1,2,1,1,1,1,1,1,SINGLE_T1_CORRECT,10,455,1,0,3,0,0,0,141,70,141,70,71,141,1,180,0,190,180,10,170,170,NaN,NaN,NaN,1785780298.57187,12938.9780604,2.57038140296936,0.0140182971954346,0.208810567855835,0.958951234817505,1.54741215705872,1.80629587173462,1.83992958068848,1.83992958068848,-1,-1,2.09547328948975,194.7922706604,258.883714675903,33.6337089538574,292.517423629761,Instruction,Right,Left,Right,Right,Right,1,0,0,0,0,NaN,NaN,NaN,NaN,NaN,NaN,NaN,NaN,1,1,1,1,1,0,179,NaN,20260803_t1352_srsSmooth_Moretraining_B003,3,NaN,12.3414767662684,1.32993984222412,NaN,NaN,NaN,0,NaN,NaN,NaN,NaN,0
20260803_t1352_srsSmooth_Moretraining,srs_smooth_Moretraining,trial0231.mat,231,231,179,3,4,3,98,48,50,8,1,0,4,1,45,19085,1,2,1,2,1,1,2,2,2,2,SINGLE_T2_CORRECT,11,455,1,0,3,0,0,0,152,27,152,27,125,27,1,180,190,0,10,180,-170,170,NaN,NaN,NaN,1785780302.45692,12942.86302724,2.0755341053009,0.0124561786651611,0.140717267990112,0.757512807846069,1.2625048160553,1.47406935691833,1.51589775085449,1.51589775085449,-1,-1,1.74032759666443,128.261089324951,211.564540863037,41.8283939361572,253.392934799194,Instruction,Right,Left,Left,Right,Left,1,0,0,0,0,NaN,NaN,NaN,NaN,NaN,NaN,NaN,NaN,1,1,0,1,0,0,180,NaN,20260803_t1352_srsSmooth_Moretraining_B003,4,NaN,12.4062275369962,1.31466484069824,NaN,NaN,NaN,0,NaN,NaN,NaN,NaN,0
20260803_t1352_srsSmooth_Moretraining,srs_smooth_Moretraining,trial0232.mat,232,232,180,3,5,4,98,48,50,8,1,0,1,1,7,11873,1,1,1,2,1,1,1,1,1,1,SINGLE_T1_CORRECT,10,455,1,0,1,0,0,0,183,55,183,55,128,183,1,180,0,190,180,10,170,170,NaN,NaN,NaN,1785780305.8722,12946.27838152,2.45285844802856,0.0139756202697754,0.199153661727905,0.856504678726196,1.38902950286865,1.65642809867859,1.69851589202881,1.69851589202881,-1,-1,1.96576023101807,185.17804145813,267.398595809937,42.0877933502197,309.486389160156,Instruction,Right,Left,Right,Right,Right,1,0,0,0,0,NaN,NaN,NaN,NaN,NaN,NaN,NaN,NaN,1,1,1,1,1,0,181,NaN,20260803_t1352_srsSmooth_Moretraining_B003,5,NaN,12.4631488800049,1.33974647521973,NaN,NaN,NaN,0,NaN,NaN,NaN,NaN,0
20260803_t1352_srsSmooth_Moretraining,srs_smooth_Moretraining,trial0233.mat,233,233,181,3,6,5,98,48,50,8,1,0,1,1,6,9032,1,1,1,2,1,1,1,1,1,1,SINGLE_T1_CORRECT,10,455,1,0,4,0,0,0,188,54,188,54,134,188,1,0,180,10,180,10,170,170,NaN,NaN,NaN,1785780309.64602,12950.0520924,2.60392737388611,0.0153045654296875,0.26054048538208,1.05965924263,1.5820324420929,1.83445143699646,1.87635970115662,1.87635970115662,-1,-1,2.11316895484924,245.235919952393,252.418994903564,41.9082641601562,294.327259063721,Instruction,Right,Left,Right,Right,Right,1,0,0,0,0,NaN,NaN,NaN,NaN,NaN,NaN,NaN,NaN,1,1,1,1,1,0,182,NaN,20260803_t1352_srsSmooth_Moretraining_B003,6,NaN,12.5260458310445,1.32095861434937,NaN,NaN,NaN,0,NaN,NaN,NaN,NaN,0
20260803_t1352_srsSmooth_Moretraining,srs_smooth_Moretraining,trial0234.mat,234,234,182,3,7,6,98,48,50,8,1,0,3,1,29,20081,1,2,2,1,1,2,2,1,2,1,SINGLE_T2_CORRECT,11,455,1,0,5,0,0,0,170,30,170,30,140,30,1,180,190,0,10,180,-170,170,NaN,NaN,NaN,1785780313.5715,12953.97740512,2.11256527900696,0.0149698257446289,0.184859275817871,0.726556777954102,1.15668106079102,1.45718216896057,1.49105167388916,1.49105167388916,-1,-1,1.77603936195374,169.889450073242,300.501108169556,33.8695049285889,334.370613098145,Instruction,Left,Right,Right,Left,Right,1,0,0,0,0,NaN,NaN,NaN,NaN,NaN,NaN,NaN,NaN,0,0,1,1,0,0,183,NaN,20260803_t1352_srsSmooth_Moretraining_B003,7,NaN,12.5914706230164,1.32156014442444,NaN,NaN,NaN,0,NaN,NaN,NaN,NaN,0
20260803_t1352_srsSmooth_Moretraining,srs_smooth_Moretraining,trial0235.mat,235,235,183,3,8,7,98,48,50,8,1,0,1,1,1,27290,1,1,1,2,1,1,1,1,1,1,SINGLE_T1_CORRECT,10,455,1,0,9,0,0,0,209,57,209,57,152,209,1,0,180,10,180,10,170,170,NaN,NaN,NaN,1785780317.02716,12957.4330236,2.4310097694397,0.0177829265594482,0.212614059448242,0.754443645477295,1.29283308982849,1.52947092056274,1.57072734832764,1.57072734832764,-1,-1,1.8898184299469,194.831132888794,236.637830734253,41.2564277648926,277.894258499146,Instruction,Right,Left,Right,Right,Right,1,0,0,0,0,NaN,NaN,NaN,NaN,NaN,NaN,NaN,NaN,1,1,1,1,1,0,184,NaN,20260803_t1352_srsSmooth_Moretraining_B003,8,NaN,12.6490648706754,1.34308958053589,NaN,NaN,NaN,0,NaN,NaN,NaN,NaN,0
20260803_t1352_srsSmooth_Moretraining,srs_smooth_Moretraining,trial0236.mat,236,236,184,3,9,8,98,48,50,8,1,0,4,1,47,29437,1,2,1,2,1,1,2,2,2,2,SINGLE_T2_CORRECT,11,455,1,0,3,0,0,0,164,60,164,60,104,60,1,0,10,180,10,180,-170,170,NaN,NaN,NaN,1785780320.77243,12961.17816832,2.3782958984375,0.0143210887908936,0.208532094955444,1.00904631614685,1.47271108627319,1.63279604911804,1.66718769073486,1.66718769073486,-1,-1,1.98418021202087,194.211006164551,160.084962844849,34.3916416168213,194.47660446167,Instruction,Right,Left,Left,Right,Left,1,0,0,0,0,NaN,NaN,NaN,NaN,NaN,NaN,NaN,NaN,1,1,0,1,0,0,185,NaN,20260803_t1352_srsSmooth_Moretraining_B003,9,NaN,12.7114861051242,1.31426429748535,NaN,NaN,NaN,0,NaN,NaN,NaN,NaN,0
20260803_t1352_srsSmooth_Moretraining,srs_smooth_Moretraining,trial0237.mat,237,237,185,3,10,9,98,48,50,8,1,0,1,1,8,17509,1,1,1,2,1,1,1,1,1,1,SINGLE_T1_CORRECT,10,455,1,0,0,0,0,0,187,57,187,57,130,187,1,180,0,190,180,10,170,170,NaN,NaN,NaN,1785780324.48408,12964.88970832,2.44088268280029,0.0194895267486572,0.214148998260498,0.906020164489746,1.36120963096619,1.68099069595337,1.71221280097961,1.71221280097961,-1,-1,1.95621919631958,194.659471511841,319.781064987183,31.2221050262451,351.003170013428,Instruction,Right,Left,Right,Right,Right,1,0,0,0,0,NaN,NaN,NaN,NaN,NaN,NaN,NaN,NaN,1,1,1,1,1,0,186,NaN,20260803_t1352_srsSmooth_Moretraining_B003,10,NaN,12.7733468135198,1.3333466053009,NaN,NaN,NaN,0,NaN,NaN,NaN,NaN,0
20260803_t1352_srsSmooth_Moretraining,srs_smooth_Moretraining,trial0238.mat,238,238,186,3,11,10,98,48,50,8,1,0,4,1,41,11706,1,2,1,2,1,1,2,2,2,2,SINGLE_T2_CORRECT,11,455,1,0,6,0,0,0,175,45,175,45,130,45,1,180,190,0,10,180,-170,170,NaN,NaN,NaN,1785780328.23812,12968.64369004,2.02152967453003,0.0155956745147705,0.0204036235809326,0.618744373321533,1.15730690956116,1.37702560424805,1.418541431427,1.418541431427,-1,-1,1.64299464225769,4.80794906616211,219.71869468689,41.5158271789551,261.234521865845,Instruction,Right,Left,Left,Right,Left,1,0,0,0,0,NaN,NaN,NaN,NaN,NaN,NaN,NaN,NaN,1,1,0,1,0,0,187,NaN,20260803_t1352_srsSmooth_Moretraining_B003,11,NaN,12.8359141627947,1.3131582736969,NaN,NaN,NaN,0,NaN,NaN,NaN,NaN,0
20260803_t1352_srsSmooth_Moretraining,srs_smooth_Moretraining,trial0239.mat,239,239,187,3,12,11,98,48,50,8,1,0,2,1,20,11880,1,1,2,1,1,2,1,2,1,2,SINGLE_T1_CORRECT,10,455,1,0,4,0,0,0,165,46,165,46,119,165,1,180,0,190,180,10,170,170,NaN,NaN,NaN,1785780331.57186,12971.97733596,2.2875120639801,0.0153112411499023,0.210216045379639,0.933396577835083,1.30702829360962,1.48260760307312,1.52494597434998,1.52494597434998,-1,-1,1.82355642318726,194.904804229736,175.579309463501,42.3383712768555,217.917680740356,Instruction,Left,Right,Left,Left,Left,1,0,0,0,0,NaN,NaN,NaN,NaN,NaN,NaN,NaN,NaN,0,0,0,1,1,0,188,NaN,20260803_t1352_srsSmooth_Moretraining_B003,12,NaN,12.8914766192436,1.31221771240234,NaN,NaN,NaN,0,NaN,NaN,NaN,NaN,0
20260803_t1352_srsSmooth_Moretraining,srs_smooth_Moretraining,trial0240.mat,240,240,188,3,13,12,98,48,50,8,1,0,2,1,14,6141,1,1,2,1,1,2,1,2,1,2,SINGLE_T1_CORRECT,10,455,1,0,3,0,0,0,187,36,187,36,151,187,1,180,0,190,180,10,170,170,NaN,NaN,NaN,1785780335.17687,12975.58236524,2.47399735450745,0.01877760887146,0.305291891098022,1.10328960418701,1.51883602142334,1.72975730895996,1.76959204673767,1.76959204673767,-1,-1,1.98914670944214,286.514282226562,210.921287536621,39.83473777771,250.756025314331,Instruction,Left,Right,Left,Left,Left,1,0,0,0,0,NaN,NaN,NaN,NaN,NaN,NaN,NaN,NaN,0,0,0,1,1,0,189,NaN,20260803_t1352_srsSmooth_Moretraining_B003,13,NaN,12.9515600760778,1.31749534606934,NaN,NaN,NaN,0,NaN,NaN,NaN,NaN,0
20260803_t1352_srsSmooth_Moretraining,srs_smooth_Moretraining,trial0241.mat,241,241,189,3,14,13,98,48,50,8,1,0,3,1,31,14898,1,2,2,1,1,2,2,1,2,1,SINGLE_T2_CORRECT,11,455,1,0,1,0,0,0,186,34,186,34,152,34,1,180,190,0,10,180,-170,170,NaN,NaN,NaN,1785780338.94368,12979.34906596,2.19031262397766,0.0187876224517822,0.211774349212646,0.77849817276001,1.31883835792542,1.55324673652649,1.58588624000549,1.58588624000549,-1,-1,1.85824584960938,192.986726760864,234.408378601074,32.6395034790039,267.047882080078,Instruction,Left,Right,Right,Left,Right,1,0,0,0,0,NaN,NaN,NaN,NaN,NaN,NaN,NaN,NaN,0,0,1,1,0,0,190,NaN,20260803_t1352_srsSmooth_Moretraining_B003,14,NaN,13.0143401304881,1.29280591011047,NaN,NaN,NaN,0,NaN,NaN,NaN,NaN,0
20260803_t1352_srsSmooth_Moretraining,srs_smooth_Moretraining,trial0242.mat,242,242,190,3,15,14,98,48,50,8,1,0,4,1,42,26268,1,2,1,2,1,1,2,2,2,2,SINGLE_T2_CORRECT,11,455,1,0,1,0,0,0,201,36,201,36,165,36,1,180,190,0,10,180,-170,170,NaN,NaN,NaN,1785780342.46088,12982.86621544,2.29751205444336,0.0183916091918945,0.211287975311279,0.969455242156982,1.3267765045166,1.61969661712646,1.65460395812988,1.65460395812988,-1,-1,1.95256352424622,192.896366119385,292.920112609863,34.907341003418,327.827453613281,Instruction,Right,Left,Left,Right,Left,1,0,0,0,0,NaN,NaN,NaN,NaN,NaN,NaN,NaN,NaN,1,1,0,1,0,0,191,NaN,20260803_t1352_srsSmooth_Moretraining_B003,15,NaN,13.0729601303736,1.32688736915588,NaN,NaN,NaN,0,NaN,NaN,NaN,NaN,0
20260803_t1352_srsSmooth_Moretraining,srs_smooth_Moretraining,trial0243.mat,243,243,191,3,16,15,98,48,50,8,1,0,1,1,12,1237,1,1,1,2,1,1,1,1,1,1,SINGLE_T1_CORRECT,10,455,1,0,2,0,0,0,172,50,172,50,122,172,1,180,0,190,180,10,170,170,NaN,NaN,NaN,1785780346.0783,12986.48358736,2.48997163772583,0.0177731513977051,0.212541341781616,0.954525709152222,1.34282493591309,1.7036190032959,1.73528742790222,1.73528742790222,-1,-1,1.99854493141174,194.768190383911,360.794067382812,31.6684246063232,392.462491989136,Instruction,Right,Left,Right,Right,Right,1,0,0,0,0,NaN,NaN,NaN,NaN,NaN,NaN,NaN,NaN,1,1,1,1,1,0,192,NaN,20260803_t1352_srsSmooth_Moretraining_B003,16,NaN,13.1332505702972,1.3199143409729,NaN,NaN,NaN,0,NaN,NaN,NaN,NaN,0
20260803_t1352_srsSmooth_Moretraining,srs_smooth_Moretraining,trial0244.mat,244,244,192,3,17,16,98,48,50,8,1,0,1,1,10,9284,1,1,1,2,1,1,1,1,1,1,SINGLE_T1_CORRECT,10,455,1,0,8,0,0,0,174,48,174,48,126,174,1,0,180,10,180,10,170,170,NaN,NaN,NaN,1785780349.84074,12990.24589444,2.47778582572937,0.0138161182403564,0.189637899398804,0.875345230102539,1.21386194229126,1.60888457298279,1.65018701553345,1.65018701553345,-1,-1,1.96665048599243,175.821781158447,395.022630691528,41.3024425506592,436.325073242188,Instruction,Right,Left,Right,Right,Right,1,0,0,0,0,NaN,NaN,NaN,NaN,NaN,NaN,NaN,NaN,1,1,1,1,1,0,193,NaN,20260803_t1352_srsSmooth_Moretraining_B003,17,NaN,13.1959578712781,1.27246642112732,NaN,NaN,NaN,0,NaN,NaN,NaN,NaN,0
20260803_t1352_srsSmooth_Moretraining,srs_smooth_Moretraining,trial0245.mat,245,245,193,3,18,17,98,48,50,8,1,0,2,1,19,30166,1,1,2,1,1,2,1,2,1,2,SINGLE_T1_CORRECT,10,455,1,0,6,0,0,0,184,41,184,41,143,184,1,0,180,10,180,10,170,170,NaN,NaN,NaN,1785780353.6246,12994.02980168,2.35231566429138,0.0134327411651611,0.208534479141235,0.825001001358032,1.39682078361511,1.48335742950439,1.53117156028748,1.53117156028748,-1,-1,1.83266615867615,195.101737976074,86.5366458892822,47.8141307830811,134.350776672363,Instruction,Left,Right,Left,Left,Left,1,0,0,0,0,NaN,NaN,NaN,NaN,NaN,NaN,NaN,NaN,0,0,0,1,1,0,194,NaN,20260803_t1352_srsSmooth_Moretraining_B003,18,NaN,13.2590222597122,1.30607748031616,NaN,NaN,NaN,0,NaN,NaN,NaN,NaN,0
20260803_t1352_srsSmooth_Moretraining,srs_smooth_Moretraining,trial0246.mat,246,246,194,3,19,18,98,48,50,8,1,0,2,1,25,11692,1,1,2,1,1,2,1,2,1,2,SINGLE_T1_CORRECT,10,455,1,0,4,0,0,0,177,35,177,35,142,177,1,0,180,10,180,10,170,170,NaN,NaN,NaN,1785780357.31395,12997.71895768,2.57230734825134,0.0158998966217041,0.210882902145386,1.00262856483459,1.55762720108032,1.76871037483215,1.80035400390625,1.80035400390625,-1,-1,2.09183740615845,194.983005523682,211.083173751831,31.6436290740967,242.726802825928,Instruction,Left,Right,Left,Left,Left,1,0,0,0,0,NaN,NaN,NaN,NaN,NaN,NaN,NaN,NaN,0,0,0,1,1,0,195,NaN,20260803_t1352_srsSmooth_Moretraining_B003,19,NaN,13.320511341095,1.33702921867371,NaN,NaN,NaN,0,NaN,NaN,NaN,NaN,0
20260803_t1352_srsSmooth_Moretraining,srs_smooth_Moretraining,trial0247.mat,247,247,195,3,20,19,98,48,50,8,1,0,3,1,34,18506,1,2,2,1,1,2,2,1,2,1,SINGLE_T2_CORRECT,11,455,1,0,5,0,0,0,166,66,166,66,100,66,1,180,190,0,10,180,-170,170,NaN,NaN,NaN,1785780361.25353,13001.65846132,2.41552805900574,0.0181376934051514,0.279473066329956,0.887714624404907,1.48486161231995,1.7295093536377,1.76301860809326,1.76301860809326,-1,-1,2.01382279396057,261.335372924805,244.647741317749,33.5092544555664,278.156995773315,Instruction,Left,Right,Right,Left,Right,1,0,0,0,0,NaN,NaN,NaN,NaN,NaN,NaN,NaN,NaN,0,0,1,1,0,0,196,NaN,20260803_t1352_srsSmooth_Moretraining_B003,20,NaN,13.3861710627874,1.36727595329285,NaN,NaN,NaN,0,NaN,NaN,NaN,NaN,0
20260803_t1352_srsSmooth_Moretraining,srs_smooth_Moretraining,trial0248.mat,248,248,196,3,21,20,98,48,50,8,1,0,1,1,3,16123,1,1,1,2,1,1,1,1,1,1,SINGLE_T1_CORRECT,10,455,1,0,4,0,0,0,174,48,174,48,126,174,1,0,180,10,180,10,170,170,NaN,NaN,NaN,1785780364.92463,13005.32956124,2.38643574714661,0.0138511657714844,0.233564376831055,0.93335747718811,1.39723896980286,1.59230828285217,1.63380146026611,1.63380146026611,-1,-1,1.90792679786682,219.71321105957,195.069313049316,41.4931774139404,236.562490463257,Instruction,Right,Left,Right,Right,Right,1,0,0,0,0,NaN,NaN,NaN,NaN,NaN,NaN,NaN,NaN,1,1,1,1,1,0,197,NaN,20260803_t1352_srsSmooth_Moretraining_B003,21,NaN,13.4473560015361,1.25556826591492,NaN,NaN,NaN,0,NaN,NaN,NaN,NaN,0
20260803_t1352_srsSmooth_Moretraining,srs_smooth_Moretraining,trial0249.mat,249,249,197,3,22,21,98,48,50,8,1,0,4,1,39,30377,1,2,1,2,1,1,2,2,2,2,SINGLE_T2_CORRECT,11,455,1,0,3,0,0,0,176,35,176,35,141,35,1,180,190,0,10,180,-170,170,NaN,NaN,NaN,1785780368.6331,13009.03778196,2.4260516166687,0.0138592720031738,0.266844511032104,0.958744287490845,1.55558705329895,1.7587103843689,1.79867029190063,1.79867029190063,-1,-1,2.07479548454285,252.985239028931,203.123331069946,39.9599075317383,243.083238601685,Instruction,Right,Left,Left,Right,Left,1,0,0,0,0,NaN,NaN,NaN,NaN,NaN,NaN,NaN,NaN,1,1,0,1,0,0,198,NaN,20260803_t1352_srsSmooth_Moretraining_B003,22,NaN,13.5091638366381,1.32203435897827,NaN,NaN,NaN,0,NaN,NaN,NaN,NaN,0
20260803_t1352_srsSmooth_Moretraining,srs_smooth_Moretraining,trial0250.mat,250,250,198,3,23,22,98,48,50,8,1,0,3,1,33,1220,1,2,2,1,1,2,2,1,2,1,SINGLE_T2_CORRECT,11,455,1,0,6,0,0,0,186,47,186,47,139,47,1,180,190,0,10,180,-170,170,NaN,NaN,NaN,1785780372.39224,13012.79684072,2.35206842422485,0.0131957530975342,0.188778877258301,0.833348989486694,1.35491561889648,1.65778493881226,1.69998049736023,1.69998049736023,-1,-1,1.97505879402161,175.583124160767,302.869319915771,42.1955585479736,345.064878463745,Instruction,Left,Right,Right,Left,Right,1,0,0,0,0,NaN,NaN,NaN,NaN,NaN,NaN,NaN,NaN,0,0,1,1,0,0,199,NaN,20260803_t1352_srsSmooth_Moretraining_B003,23,NaN,13.5718162417412,1.33309268951416,NaN,NaN,NaN,0,NaN,NaN,NaN,NaN,0
20260803_t1352_srsSmooth_Moretraining,srs_smooth_Moretraining,trial0251.mat,251,251,199,3,24,23,98,48,50,8,1,0,4,1,49,5970,1,2,1,2,1,1,2,2,2,2,SINGLE_T2_CORRECT,11,455,1,0,4,0,0,0,174,46,174,46,128,46,1,0,10,180,10,180,-170,170,NaN,NaN,NaN,1785780376.07144,13016.47609312,2.24785852432251,0.0174739360809326,0.252759456634521,0.953084707260132,1.30919218063354,1.56147694587708,1.60201263427734,1.60201263427734,-1,-1,1.87081360816956,235.285520553589,252.28476524353,40.5356884002686,292.820453643799,Instruction,Right,Left,Left,Right,Left,1,0,0,0,0,NaN,NaN,NaN,NaN,NaN,NaN,NaN,NaN,1,1,0,1,0,0,200,NaN,20260803_t1352_srsSmooth_Moretraining_B003,24,NaN,13.6331362366676,1.3271312713623,NaN,NaN,NaN,0,NaN,NaN,NaN,NaN,0
20260803_t1352_srsSmooth_Moretraining,srs_smooth_Moretraining,trial0252.mat,252,252,200,3,25,24,98,48,50,8,1,0,3,1,26,22645,1,2,2,1,1,2,2,1,0,0,,0,11,0,1,0,0,0,0,183,31,183,31,152,NaN,1,0,10,180,10,180,-170,170,NaN,NaN,NaN,1785780379.63198,13020.03661812,0.267809152603149,0.0154080390930176,0.218825578689575,-1,-1,-1,-1,-1,-1,-1,-1,203.417539596558,NaN,NaN,NaN,Instruction,Left,Right,None,Left,Right,1,0,0,0,0,NaN,NaN,NaN,NaN,NaN,NaN,NaN,NaN,0,0,1,1,0,0,200,NaN,20260803_t1352_srsSmooth_Moretraining_B003,NaN,NaN,13.6924785534541,1.31268048286438,NaN,NaN,NaN,0,NaN,NaN,NaN,NaN,0
20260803_t1352_srsSmooth_Moretraining,srs_smooth_Moretraining,trial0253.mat,253,253,200,3,26,24,98,48,50,8,1,0,2,1,21,2082,1,1,2,1,1,2,1,2,1,2,SINGLE_T1_CORRECT,10,455,1,0,2,0,0,0,174,53,174,53,121,174,1,0,180,10,180,10,170,170,NaN,NaN,NaN,1785780381.15331,13021.55786248,2.20802235603333,0.0191378593444824,0.180091857910156,0.730382442474365,1.09418082237244,1.36342763900757,1.40504455566406,1.40504455566406,-1,-1,1.71155381202698,160.953998565674,269.246816635132,41.6169166564941,310.863733291626,Instruction,Left,Right,Left,Left,Left,1,0,0,0,0,NaN,NaN,NaN,NaN,NaN,NaN,NaN,NaN,0,0,0,1,1,0,201,NaN,20260803_t1352_srsSmooth_Moretraining_B003,25,NaN,13.7178340593974,1.25352120399475,NaN,NaN,NaN,0,NaN,NaN,NaN,NaN,0
20260803_t1352_srsSmooth_Moretraining,srs_smooth_Moretraining,trial0254.mat,254,254,201,3,27,25,98,48,50,8,1,0,3,1,36,30729,1,2,2,1,1,2,2,1,2,1,SINGLE_T2_CORRECT,11,455,1,0,2,0,0,0,187,47,187,47,140,47,1,0,10,180,10,180,-170,170,NaN,NaN,NaN,1785780384.69286,13025.0972702,2.25155115127563,0.013063907623291,0.199534893035889,0.799427509307861,1.3131148815155,1.56449151039124,1.59981560707092,1.59981560707092,-1,-1,1.88991904258728,186.470985412598,251.376628875732,35.3240966796875,286.70072555542,Instruction,Left,Right,Right,Left,Right,1,0,0,0,0,NaN,NaN,NaN,NaN,NaN,NaN,NaN,NaN,0,0,1,1,0,0,202,NaN,20260803_t1352_srsSmooth_Moretraining_B003,26,NaN,13.7768264929454,1.33152365684509,NaN,NaN,NaN,0,NaN,NaN,NaN,NaN,0
20260803_t1352_srsSmooth_Moretraining,srs_smooth_Moretraining,trial0255.mat,255,255,202,3,28,26,98,48,50,8,1,0,3,1,26,22645,1,2,2,1,1,2,2,1,2,1,SINGLE_T2_CORRECT,11,455,1,0,3,0,0,0,166,46,166,46,120,46,1,0,10,180,10,180,-170,170,NaN,NaN,NaN,1785780388.27453,13028.67889668,2.18701767921448,0.0148701667785645,0.24324369430542,0.843039274215698,1.28992009162903,1.53421688079834,1.57548713684082,1.57548713684082,-1,-1,1.81060290336609,228.373527526855,244.296789169312,41.2702560424805,285.567045211792,Instruction,Left,Right,Right,Left,Right,1,0,0,0,0,NaN,NaN,NaN,NaN,NaN,NaN,NaN,NaN,0,0,1,1,0,0,203,NaN,20260803_t1352_srsSmooth_Moretraining_B003,27,NaN,13.8365209698677,1.33011746406555,NaN,NaN,NaN,0,NaN,NaN,NaN,NaN,0
20260803_t1352_srsSmooth_Moretraining,srs_smooth_Moretraining,trial0256.mat,256,256,203,3,29,27,98,48,50,8,1,0,4,1,50,10743,1,2,1,2,1,1,2,2,2,2,SINGLE_T2_CORRECT,11,455,1,0,4,0,0,0,171,60,171,60,111,60,1,0,10,180,10,180,-170,170,NaN,NaN,NaN,1785780391.79813,13032.20247996,2.37215375900269,0.0164041519165039,0.227981328964233,0.811450719833374,1.4331259727478,1.66982769966125,1.70943355560303,1.70943355560303,-1,-1,1.97654628753662,211.577177047729,236.701726913452,39.6058559417725,276.307582855225,Instruction,Right,Left,Left,Right,Left,1,0,0,0,0,NaN,NaN,NaN,NaN,NaN,NaN,NaN,NaN,1,1,0,1,0,0,204,NaN,20260803_t1352_srsSmooth_Moretraining_B003,28,NaN,13.8952477216721,1.33658742904663,NaN,NaN,NaN,0,NaN,NaN,NaN,NaN,0
20260803_t1352_srsSmooth_Moretraining,srs_smooth_Moretraining,trial0257.mat,257,257,204,3,30,28,98,48,50,8,1,0,4,1,48,14953,1,2,1,2,1,1,2,2,2,2,SINGLE_T2_CORRECT,11,455,1,0,3,0,0,0,148,39,148,39,109,39,1,180,190,0,10,180,-170,170,NaN,NaN,NaN,1785780395.49628,13035.90045016,2.17288994789124,0.018399715423584,0.221389770507812,0.730207204818726,1.24344873428345,1.46305418014526,1.50412750244141,1.50412750244141,-1,-1,1.80526185035706,202.990055084229,219.605445861816,41.0733222961426,260.678768157959,Instruction,Right,Left,Left,Right,Left,1,0,0,0,0,NaN,NaN,NaN,NaN,NaN,NaN,NaN,NaN,1,1,0,1,0,0,205,NaN,20260803_t1352_srsSmooth_Moretraining_B003,29,NaN,13.956883541743,1.32599544525146,NaN,NaN,NaN,0,NaN,NaN,NaN,NaN,0
20260803_t1352_srsSmooth_Moretraining,srs_smooth_Moretraining,trial0258.mat,258,258,205,3,31,29,98,48,50,8,1,0,4,1,46,29788,1,2,1,2,1,1,2,2,2,2,SINGLE_T2_CORRECT,11,455,1,0,5,0,0,0,168,58,168,58,110,58,1,180,190,0,10,180,-170,170,NaN,NaN,NaN,1785780398.96808,13039.37224872,2.34422039985657,0.0134031772613525,0.173877716064453,0.816626787185669,1.39679098129272,1.58304357528687,1.62541818618774,1.62541818618774,-1,-1,1.94130301475525,160.474538803101,186.252593994141,42.3746109008789,228.62720489502,Instruction,Right,Left,Left,Right,Left,1,0,0,0,0,NaN,NaN,NaN,NaN,NaN,NaN,NaN,NaN,1,1,0,1,0,0,206,NaN,20260803_t1352_srsSmooth_Moretraining_B003,30,NaN,14.0147468686104,1.29890966415405,NaN,NaN,NaN,0,NaN,NaN,NaN,NaN,0
20260803_t1352_srsSmooth_Moretraining,srs_smooth_Moretraining,trial0259.mat,259,259,206,3,32,30,98,48,50,8,1,0,2,1,23,5705,1,1,2,1,1,2,1,2,1,2,SINGLE_T1_CORRECT,10,455,1,0,8,0,0,0,158,64,158,64,94,158,1,180,0,190,180,10,170,170,NaN,NaN,NaN,1785780402.63873,13043.04277312,2.40622735023499,0.0179028511047363,0.237821578979492,0.987942218780518,1.34295582771301,1.5707414150238,1.621342420578,1.621342420578,-1,-1,1.92858791351318,219.918727874756,227.785587310791,50.6010055541992,278.38659286499,Instruction,Left,Right,Left,Left,Left,1,0,0,0,0,NaN,NaN,NaN,NaN,NaN,NaN,NaN,NaN,0,0,0,1,1,0,207,NaN,20260803_t1352_srsSmooth_Moretraining_B003,31,NaN,14.0759242932002,1.32642507553101,NaN,NaN,NaN,0,NaN,NaN,NaN,NaN,0
20260803_t1352_srsSmooth_Moretraining,srs_smooth_Moretraining,trial0260.mat,260,260,207,3,33,31,98,48,50,8,1,0,3,1,28,10711,1,2,2,1,1,2,2,1,2,1,SINGLE_T2_CORRECT,11,455,1,0,10,0,0,0,184,40,184,40,144,40,1,0,10,180,10,180,-170,170,NaN,NaN,NaN,1785780406.34852,13046.75256232,2.30555129051208,0.0165870189666748,0.219475269317627,0.869988441467285,1.3666398525238,1.61160016059875,1.6532826423645,1.6532826423645,-1,-1,1.9359872341156,202.888250350952,244.960308074951,41.6824817657471,286.642789840698,Instruction,Left,Right,Right,Left,Right,1,0,0,0,0,NaN,NaN,NaN,NaN,NaN,NaN,NaN,NaN,0,0,1,1,0,0,208,NaN,20260803_t1352_srsSmooth_Moretraining_B003,32,NaN,14.1377542217573,1.3035683631897,NaN,NaN,NaN,0,NaN,NaN,NaN,NaN,0
20260803_t1352_srsSmooth_Moretraining,srs_smooth_Moretraining,trial0261.mat,261,261,208,3,34,32,98,48,50,8,1,0,3,1,30,32205,1,2,2,1,1,2,2,1,0,0,,0,11,0,1,3,0,0,0,174,47,174,47,127,NaN,1,180,190,0,10,180,-170,170,NaN,NaN,NaN,1785780409.97859,13050.38255232,0.30679726600647,0.0199899673461914,0.223167419433594,-1,-1,-1,-1,-1,-1,-1,-1,203.177452087402,NaN,NaN,NaN,Instruction,Left,Right,None,Left,Right,1,0,0,0,0,NaN,NaN,NaN,NaN,NaN,NaN,NaN,NaN,0,0,1,1,0,0,208,NaN,20260803_t1352_srsSmooth_Moretraining_B003,NaN,NaN,14.1982554395994,1.32452178001404,NaN,NaN,NaN,0,NaN,NaN,NaN,NaN,0
20260803_t1352_srsSmooth_Moretraining,srs_smooth_Moretraining,trial0263.mat,263,263,208,3,36,32,98,48,50,8,1,0,4,1,38,28497,1,2,1,2,1,1,2,2,2,2,SINGLE_T2_CORRECT,11,455,1,0,3,0,0,0,185,43,185,43,142,43,1,0,10,180,10,180,-170,170,NaN,NaN,NaN,1785780413.0809,13053.48464216,2.11493945121765,0.0178077220916748,0.26253080368042,0.835575819015503,1.23452305793762,1.50233840942383,1.53779864311218,1.53779864311218,-1,-1,1.76692342758179,244.723081588745,267.815351486206,35.4602336883545,303.275585174561,Instruction,Right,Left,Left,Right,Left,1,0,0,0,0,NaN,NaN,NaN,NaN,NaN,NaN,NaN,NaN,1,1,0,1,0,0,209,NaN,20260803_t1352_srsSmooth_Moretraining_B003,33,NaN,14.2499605218569,2.79550766944885,NaN,NaN,NaN,0,NaN,NaN,NaN,NaN,0
20260803_t1352_srsSmooth_Moretraining,srs_smooth_Moretraining,trial0264.mat,264,264,209,3,37,33,98,48,50,8,1,0,2,1,24,20685,1,1,2,1,1,2,1,2,1,2,SINGLE_T1_CORRECT,10,455,1,0,3,0,0,0,172,41,172,41,131,172,1,180,0,190,180,10,170,170,NaN,NaN,NaN,1785780416.50632,13056.91026432,2.35602879524231,0.017524242401123,0.19499659538269,0.970906257629395,1.35091018676758,1.58760118484497,1.61836004257202,1.61836004257202,-1,-1,1.85361266136169,177.472352981567,236.690998077393,30.7588577270508,267.449855804443,Instruction,Left,Right,Left,Left,Left,1,0,0,0,0,NaN,NaN,NaN,NaN,NaN,NaN,NaN,NaN,0,0,0,1,1,0,210,NaN,20260803_t1352_srsSmooth_Moretraining_B003,34,NaN,14.3070508360863,1.31047940254211,NaN,NaN,NaN,0,NaN,NaN,NaN,NaN,0
20260803_t1352_srsSmooth_Moretraining,srs_smooth_Moretraining,trial0266.mat,266,266,210,3,39,34,98,48,50,8,1,0,3,1,35,1498,1,2,2,1,1,2,2,1,2,1,SINGLE_T2_CORRECT,11,455,1,0,3,0,0,0,188,48,188,48,140,48,1,0,10,180,10,180,-170,170,NaN,NaN,NaN,1785780421.77035,13062.17412532,2.29233980178833,0.0120296478271484,0.190355777740479,0.981883764266968,1.36208367347717,1.60665321350098,1.64848351478577,1.64848351478577,-1,-1,1.94069743156433,178.32612991333,244.569540023804,41.83030128479,286.399841308594,Instruction,Left,Right,Right,Left,Right,1,0,0,0,0,NaN,NaN,NaN,NaN,NaN,NaN,NaN,NaN,0,0,1,1,0,0,211,NaN,20260803_t1352_srsSmooth_Moretraining_B003,35,NaN,14.3947847604752,2.90800666809082,NaN,NaN,NaN,0,NaN,NaN,NaN,NaN,0
20260803_t1352_srsSmooth_Moretraining,srs_smooth_Moretraining,trial0267.mat,267,267,211,3,40,35,98,48,50,8,1,0,1,1,2,4243,1,1,1,2,1,1,1,1,1,1,SINGLE_T1_CORRECT,10,455,1,0,4,0,0,0,163,42,163,42,121,163,1,180,0,190,180,10,170,170,NaN,NaN,NaN,1785780425.39972,13065.80349368,2.76396489143372,0.016143798828125,0.267381191253662,1.06950712203979,1.69121050834656,1.92785549163818,1.96908521652222,1.96908521652222,-1,-1,2.26979827880859,251.237392425537,236.644983291626,41.2297248840332,277.874708175659,Instruction,Right,Left,Right,Right,Right,1,0,0,0,0,NaN,NaN,NaN,NaN,NaN,NaN,NaN,NaN,1,1,1,1,1,0,212,NaN,20260803_t1352_srsSmooth_Moretraining_B003,36,NaN,14.4552741448085,1.33702325820923,NaN,NaN,NaN,0,NaN,NaN,NaN,NaN,0
20260803_t1352_srsSmooth_Moretraining,srs_smooth_Moretraining,trial0268.mat,268,268,212,3,41,36,98,48,50,8,1,0,3,1,32,8301,1,2,2,1,1,2,2,1,2,1,SINGLE_T2_CORRECT,11,455,1,0,3,0,0,0,193,41,193,41,152,41,1,180,190,0,10,180,-170,170,NaN,NaN,NaN,1785780429.48362,13069.88729876,2.18678998947144,0.015733003616333,0.243929147720337,0.858602523803711,1.24911499023438,1.54967880249023,1.59159135818481,1.59159135818481,-1,-1,1.85081338882446,228.196144104004,300.563812255859,41.9125556945801,342.476367950439,Instruction,Left,Right,Right,Left,Right,1,0,0,0,0,NaN,NaN,NaN,NaN,NaN,NaN,NaN,NaN,0,0,1,1,0,0,213,NaN,20260803_t1352_srsSmooth_Moretraining_B003,37,NaN,14.5233392397563,1.31994080543518,NaN,NaN,NaN,0,NaN,NaN,NaN,NaN,0
20260803_t1352_srsSmooth_Moretraining,srs_smooth_Moretraining,trial0269.mat,269,269,213,3,42,37,98,48,50,8,1,0,3,1,30,32205,1,2,2,1,1,2,2,1,2,1,SINGLE_T2_CORRECT,11,455,1,0,3,0,0,0,174,50,174,50,124,50,1,0,10,180,10,180,-170,170,NaN,NaN,NaN,1785780432.99564,13073.3991774,2.29227900505066,0.0121893882751465,0.221630096435547,0.948691844940186,1.39557719230652,1.59794235229492,1.63204526901245,1.63204526901245,-1,-1,1.94085240364075,209.4407081604,202.365159988403,34.1029167175293,236.468076705933,Instruction,Left,Right,Right,Left,Right,1,0,0,0,0,NaN,NaN,NaN,NaN,NaN,NaN,NaN,NaN,0,0,1,1,0,0,214,NaN,20260803_t1352_srsSmooth_Moretraining_B003,38,NaN,14.5818728327751,1.32522559165955,NaN,NaN,NaN,0,NaN,NaN,NaN,NaN,0
20260803_t1352_srsSmooth_Moretraining,srs_smooth_Moretraining,trial0270.mat,270,270,214,3,43,38,98,48,50,8,1,0,2,1,17,7834,1,1,2,1,1,2,1,2,1,2,SINGLE_T1_CORRECT,10,455,1,0,7,0,0,0,168,46,168,46,122,168,1,0,180,10,180,10,170,170,NaN,NaN,NaN,1785780436.6009,13077.00413612,2.45368337631226,0.0154051780700684,0.216742753982544,0.818800449371338,1.36545920372009,1.60097885131836,1.63515615463257,1.63515615463257,-1,-1,1.95178031921387,201.337575912476,235.519647598267,34.177303314209,269.696950912476,Instruction,Left,Right,Left,Left,Left,1,0,0,0,0,NaN,NaN,NaN,NaN,NaN,NaN,NaN,NaN,0,0,0,1,1,0,215,NaN,20260803_t1352_srsSmooth_Moretraining_B003,39,NaN,14.6419605016708,1.31298112869263,NaN,NaN,NaN,0,NaN,NaN,NaN,NaN,0
20260803_t1352_srsSmooth_Moretraining,srs_smooth_Moretraining,trial0271.mat,271,271,215,3,44,39,98,48,50,8,1,0,4,1,43,18883,1,2,1,2,1,1,2,2,2,2,SINGLE_T2_CORRECT,11,455,1,0,5,0,0,0,170,43,170,43,127,43,1,180,190,0,10,180,-170,170,NaN,NaN,NaN,1785780440.37346,13080.77690712,2.33119988441467,0.0179977416992188,0.287474393844604,0.896228075027466,1.5097234249115,1.7126350402832,1.74412178993225,1.74412178993225,-1,-1,1.9792799949646,269.476652145386,202.911615371704,31.4867496490479,234.398365020752,Instruction,Right,Left,Left,Right,Left,1,0,0,0,0,NaN,NaN,NaN,NaN,NaN,NaN,NaN,NaN,1,1,0,1,0,0,216,NaN,20260803_t1352_srsSmooth_Moretraining_B003,40,NaN,14.7048364599546,1.31887412071228,NaN,NaN,NaN,0,NaN,NaN,NaN,NaN,0
20260803_t1352_srsSmooth_Moretraining,srs_smooth_Moretraining,trial0272.mat,272,272,216,3,45,40,98,48,50,8,1,0,2,1,15,16700,1,1,2,1,1,2,1,2,1,2,SINGLE_T1_CORRECT,10,455,1,0,5,0,0,0,172,61,172,61,111,172,1,0,180,10,180,10,170,170,NaN,NaN,NaN,1785780444.02376,13084.42712248,2.28967785835266,0.017838716506958,0.268934488296509,0.837758541107178,1.27622294425964,1.49579811096191,1.5378839969635,1.5378839969635,-1,-1,1.79952502250671,251.095771789551,219.575166702271,42.0858860015869,261.661052703857,Instruction,Left,Right,Left,Left,Left,1,0,0,0,0,NaN,NaN,NaN,NaN,NaN,NaN,NaN,NaN,0,0,0,1,1,0,217,NaN,20260803_t1352_srsSmooth_Moretraining_B003,41,NaN,14.7656748453776,1.3191032409668,NaN,NaN,NaN,0,NaN,NaN,NaN,NaN,0
20260803_t1352_srsSmooth_Moretraining,srs_smooth_Moretraining,trial0274.mat,274,274,217,3,47,41,98,48,50,8,1,0,2,1,16,19400,1,1,2,1,1,2,1,2,1,2,SINGLE_T1_CORRECT,10,455,1,0,7,0,0,0,159,36,159,36,123,159,1,180,0,190,180,10,170,170,NaN,NaN,NaN,1785780449.16947,13089.57252104,2.08564233779907,0.014000415802002,0.0158817768096924,0.56755542755127,1.03070759773254,1.29234623908997,1.33372116088867,1.33372116088867,-1,-1,1.61951017379761,1.88136100769043,261.638641357422,41.3749217987061,303.013563156128,Instruction,Left,Right,Left,Left,Left,1,0,0,0,0,NaN,NaN,NaN,NaN,NaN,NaN,NaN,NaN,0,0,0,1,1,0,218,NaN,20260803_t1352_srsSmooth_Moretraining_B003,42,NaN,14.8514366666476,2.85603141784668,NaN,NaN,NaN,0,NaN,NaN,NaN,NaN,0
20260803_t1352_srsSmooth_Moretraining,srs_smooth_Moretraining,trial0275.mat,275,275,218,3,48,42,98,48,50,8,1,0,3,1,27,1804,1,2,2,1,1,2,2,1,2,1,SINGLE_T2_CORRECT,11,455,1,0,3,0,0,0,186,34,186,34,152,34,1,180,190,0,10,180,-170,170,NaN,NaN,NaN,1785780452.55884,13092.9620044,2.13053798675537,0.0164337158203125,0.269748687744141,0.836095094680786,1.18314671516418,1.47799205780029,1.50889182090759,1.50889182090759,-1,-1,1.76026248931885,253.314971923828,294.845342636108,30.8997631072998,325.745105743408,Instruction,Left,Right,Right,Left,Right,1,0,0,0,0,NaN,NaN,NaN,NaN,NaN,NaN,NaN,NaN,0,0,1,1,0,0,219,NaN,20260803_t1352_srsSmooth_Moretraining_B003,43,NaN,14.9079261263212,1.30372524261475,NaN,NaN,NaN,0,NaN,NaN,NaN,NaN,0
20260803_t1352_srsSmooth_Moretraining,srs_smooth_Moretraining,trial0276.mat,276,276,219,3,49,43,98,48,50,8,1,0,4,1,44,22291,1,2,1,2,1,1,2,2,2,2,SINGLE_T2_CORRECT,11,455,1,0,3,0,0,0,176,54,176,54,122,54,1,0,10,180,10,180,-170,170,NaN,NaN,NaN,1785780456.01064,13096.41371776,2.30363607406616,0.0147645473480225,0.20928430557251,0.81767725944519,1.41481947898865,1.65142703056335,1.69051933288574,1.69051933288574,-1,-1,1.91961026191711,194.519758224487,236.607551574707,39.0923023223877,275.699853897095,Instruction,Right,Left,Left,Right,Left,1,0,0,0,0,NaN,NaN,NaN,NaN,NaN,NaN,NaN,NaN,1,1,0,1,0,0,220,NaN,20260803_t1352_srsSmooth_Moretraining_B003,44,NaN,14.9654562314351,1.32126832008362,NaN,NaN,NaN,0,NaN,NaN,NaN,NaN,0
20260803_t1352_srsSmooth_Moretraining,srs_smooth_Moretraining,trial0277.mat,277,277,220,3,50,44,98,48,50,8,1,0,1,1,11,20965,1,1,1,2,1,1,1,1,1,1,SINGLE_T1_CORRECT,10,455,1,0,6,0,0,0,163,39,163,39,124,163,1,180,0,190,180,10,170,170,NaN,NaN,NaN,1785780459.64376,13100.046545,2.5608868598938,0.0151245594024658,0.251572370529175,1.00154900550842,1.48185062408447,1.75170063972473,1.79314827919006,1.79314827919006,-1,-1,2.06130123138428,236.447811126709,269.850015640259,41.447639465332,311.297655105591,Instruction,Right,Left,Right,Right,Right,1,0,0,0,0,NaN,NaN,NaN,NaN,NaN,NaN,NaN,NaN,1,1,1,1,1,0,221,NaN,20260803_t1352_srsSmooth_Moretraining_B003,45,NaN,15.0260081807772,1.32948088645935,NaN,NaN,NaN,0,NaN,NaN,NaN,NaN,0
20260803_t1352_srsSmooth_Moretraining,srs_smooth_Moretraining,trial0278.mat,278,278,221,3,51,45,98,48,50,8,1,0,4,1,40,22332,1,2,1,2,1,1,2,2,2,2,SINGLE_T2_CORRECT,11,455,1,0,1,0,0,0,183,56,183,56,127,56,1,0,10,180,10,180,-170,170,NaN,NaN,NaN,1785780463.53399,13103.93684148,2.40482521057129,0.0167109966278076,0.286874532699585,0.953469753265381,1.55843901634216,1.79490303993225,1.82620716094971,1.82620716094971,-1,-1,2.05344295501709,270.163536071777,236.464023590088,31.3041210174561,267.768144607544,Instruction,Right,Left,Left,Right,Left,1,0,0,0,0,NaN,NaN,NaN,NaN,NaN,NaN,NaN,NaN,1,1,0,1,0,0,222,NaN,20260803_t1352_srsSmooth_Moretraining_B003,46,NaN,15.0908454378446,1.32934856414795,NaN,NaN,NaN,0,NaN,NaN,NaN,NaN,0
20260803_t1352_srsSmooth_Moretraining,srs_smooth_Moretraining,trial0279.mat,279,279,222,3,52,46,98,48,50,8,1,0,2,1,18,15919,1,1,2,1,1,2,1,2,0,0,,0,11,0,1,5,0,0,0,188,23,188,23,165,NaN,1,180,0,190,180,10,170,170,NaN,NaN,NaN,1785780467.25687,13107.6596048,1.47390389442444,0.0189814567565918,0.272388219833374,0.930626153945923,-1,-1,-1,-1,-1,-1,-1,253.406763076782,NaN,NaN,NaN,Instruction,Left,Right,None,Left,Left,1,0,0,0,0,NaN,NaN,NaN,NaN,NaN,NaN,NaN,NaN,0,0,0,1,1,0,222,NaN,20260803_t1352_srsSmooth_Moretraining_B003,NaN,NaN,15.1528934001923,1.3180525302887,NaN,NaN,NaN,0,NaN,NaN,NaN,NaN,0
20260803_t1352_srsSmooth_Moretraining,srs_smooth_Moretraining,trial0280.mat,280,280,222,3,53,46,98,48,50,8,1,0,2,1,22,19874,1,1,2,1,1,2,1,2,1,2,SINGLE_T1_CORRECT,10,455,1,0,2,0,0,0,173,44,173,44,129,173,1,180,0,190,180,10,170,170,NaN,NaN,NaN,1785780469.98854,13110.39116604,2.21771383285522,0.0124177932739258,0.164108276367188,0.674164772033691,1.24580001831055,1.44840097427368,1.48238921165466,1.48238921165466,-1,-1,1.72537660598755,151.690483093262,202.600955963135,33.9882373809814,236.589193344116,Instruction,Left,Right,Left,Left,Left,1,0,0,0,0,NaN,NaN,NaN,NaN,NaN,NaN,NaN,NaN,0,0,0,1,1,0,223,NaN,20260803_t1352_srsSmooth_Moretraining_B003,47,NaN,15.1984212557475,1.25776743888855,NaN,NaN,NaN,0,NaN,NaN,NaN,NaN,0
20260803_t1352_srsSmooth_Moretraining,srs_smooth_Moretraining,trial0281.mat,281,281,223,3,54,47,98,48,50,8,1,0,1,1,5,18958,1,1,1,2,1,1,1,1,1,1,SINGLE_T1_CORRECT,10,455,1,0,2,0,0,0,182,21,182,21,161,182,1,0,180,10,180,10,170,170,NaN,NaN,NaN,1785780473.54681,13113.94939052,2.5260009765625,0.0126237869262695,0.256733655929565,0.82411003112793,1.44601368904114,1.72162699699402,1.7555718421936,1.7555718421936,-1,-1,2.03961586952209,244.109869003296,275.613307952881,33.944845199585,309.558153152466,Instruction,Right,Left,Right,Right,Right,1,0,0,0,0,NaN,NaN,NaN,NaN,NaN,NaN,NaN,NaN,1,1,1,1,1,0,224,NaN,20260803_t1352_srsSmooth_Moretraining_B003,48,NaN,15.2577257434527,1.34055542945862,NaN,NaN,NaN,0,NaN,NaN,NaN,NaN,0
20260803_t1352_srsSmooth_Moretraining,srs_smooth_Moretraining,trial0282.mat,282,282,224,3,55,48,98,48,50,8,1,0,2,1,18,15919,1,1,2,1,1,2,1,2,1,2,SINGLE_T1_CORRECT,10,455,1,0,5,0,0,0,174,40,174,40,134,174,1,180,0,190,180,10,170,170,NaN,NaN,NaN,1785780477.38061,13117.7832134,2.29312968254089,0.0123112201690674,0.232256412506104,0.957149267196655,1.31236338615417,1.5240592956543,1.56363987922668,1.56363987922668,-1,-1,1.78793668746948,219.945192337036,211.695909500122,39.5805835723877,251.27649307251,Instruction,Left,Right,Left,Left,Left,1,0,0,0,0,NaN,NaN,NaN,NaN,NaN,NaN,NaN,NaN,0,0,0,1,1,0,225,NaN,20260803_t1352_srsSmooth_Moretraining_B003,49,NaN,15.3216223676999,1.30779647827148,NaN,NaN,NaN,0,NaN,NaN,NaN,NaN,0
20260803_t1352_srsSmooth_Moretraining,srs_smooth_Moretraining,trial0283.mat,283,283,225,3,56,49,98,48,50,8,1,0,3,1,37,14874,1,2,2,1,1,2,2,1,2,1,SINGLE_T2_CORRECT,11,455,1,0,6,0,0,0,165,42,165,42,123,42,1,0,10,180,10,180,-170,170,NaN,NaN,NaN,1785780480.97152,13121.37414672,2.37688541412354,0.0132062435150146,0.250056266784668,0.98304271697998,1.42159628868103,1.69133138656616,1.7330915927887,1.7330915927887,-1,-1,2.0334951877594,236.850023269653,269.735097885132,41.7602062225342,311.495304107666,Instruction,Left,Right,Right,Left,Right,1,0,0,0,0,NaN,NaN,NaN,NaN,NaN,NaN,NaN,NaN,0,0,1,1,0,0,226,NaN,20260803_t1352_srsSmooth_Moretraining_B003,50,NaN,15.3814709504445,1.29778528213501,NaN,NaN,NaN,0,NaN,NaN,NaN,NaN,0
20260803_t1352_srsSmooth_Moretraining,srs_smooth_Moretraining,trial0285.mat,285,285,226,3,58,50,98,48,50,8,1,1,6,2,64,27349,2,0,2,1,1,2,1,2,0,0,,0,11,0,1,1,0,0,0,181,46,181,46,135,NaN,1,180,320.93232492846,229.06767507154,140.93232492846,49.0676750715403,91.8646498569194,91.8646498569194,NaN,NaN,NaN,1785780486.21403,13126.61638872,0.289283990859985,0.0125734806060791,0.206978559494019,-1,-1,-1,-1,-1,-1,-1,-1,194.405078887939,NaN,NaN,NaN,Congruent,Left,Right,None,Left,Left,0,1,1,0,0,NaN,NaN,NaN,NaN,NaN,NaN,NaN,NaN,0,0,0,1,1,0,226,NaN,20260803_t1352_srsSmooth_Moretraining_B003,NaN,NaN,15.4688460826874,2.86562252044678,NaN,NaN,NaN,0,NaN,NaN,NaN,NaN,0
20260803_t1352_srsSmooth_Moretraining,srs_smooth_Moretraining,trial0286.mat,286,286,226,3,59,50,98,48,50,8,1,1,5,2,57,6719,2,0,1,2,1,1,1,1,2,2,CHOSE_LOW_SAL,2,455,1,0,6,0,0,0,179,41,179,41,138,41,1,0,117.10706783377,72.8929321662301,117.10706783377,72.8929321662301,44.2141356675398,44.2141356675398,NaN,NaN,NaN,1785780487.75668,13128.1590256,2.2331919670105,0.0116548538208008,0.2311110496521,0.773255348205566,1.39504408836365,1.59830069541931,1.63994669914246,1.63994669914246,-1,-1,1.85688972473145,219.456195831299,203.256607055664,41.6460037231445,244.902610778809,Congruent,Right,Left,Left,Right,Right,0,1,1,0,1,0,0,0,0,1,1,1,1,1,1,1,1,1,1,227,77,20260803_t1352_srsSmooth_Moretraining_B003,51,1,15.494556860129,1.25336265563965,2,2,127,0,0,0,1,1,1
20260803_t1352_srsSmooth_Moretraining,srs_smooth_Moretraining,trial0287.mat,287,287,227,3,60,51,98,48,50,8,1,2,8,2,88,16844,2,0,2,1,1,2,2,1,2,1,CHOSE_HIGH_SAL,1,455,1,0,4,0,0,0,174,40,174,40,134,40,1,0,88.9091307825322,101.090869217468,88.9091307825322,101.090869217468,-12.1817384349356,12.1817384349356,NaN,NaN,NaN,1785780491.2786,13131.6809794,2.47019577026367,0.0148735046386719,0.234534502029419,0.876424551010132,1.48993253707886,1.77575039863586,1.807781457901,1.807781457901,-1,-1,2.10018563270569,219.660997390747,285.817861557007,32.0310592651367,317.848920822144,Conflict,Left,Right,Right,Left,Right,0,1,0,1,1,1,0,0,1,0,1,1,0,0,0,1,1,0,1,228,78,20260803_t1352_srsSmooth_Moretraining_B003,52,2,15.553255546093,1.28872919082642,2,2,41,1,0,1,1,0,1
20260803_t1352_srsSmooth_Moretraining,srs_smooth_Moretraining,trial0288.mat,288,288,228,3,61,51,98,48,50,8,1,2,8,2,88,16844,2,0,2,1,1,2,2,1,1,2,CHOSE_LOW_SAL,2,455,1,0,8,0,0,0,174,20,174,20,154,174,1,0,88.9091307825322,101.090869217468,88.9091307825322,101.090869217468,-12.1817384349356,12.1817384349356,NaN,NaN,NaN,1785780495.05899,13135.46122916,2.20660734176636,0.0179624557495117,0.212934494018555,0.779329061508179,1.25967979431152,1.39623785018921,1.43784284591675,1.43784284591675,-1,-1,1.70953583717346,194.972038269043,136.558055877686,41.6049957275391,178.163051605225,Conflict,Left,Right,Left,Left,Right,0,1,0,1,1,0,1,1,0,1,0,0,1,0,0,1,1,0,1,229,79,20260803_t1352_srsSmooth_Moretraining_B003,53,3,15.616262114048,1.31019830703735,2,1,40,1,1,1,0,0,1
20260803_t1352_srsSmooth_Moretraining,srs_smooth_Moretraining,trial0289.mat,289,289,229,3,62,52,98,48,50,8,1,1,5,2,58,16112,2,0,1,2,1,1,1,1,0,0,,0,11,0,1,2,0,0,0,170,62,170,62,108,NaN,1,0,168.892227714808,21.1077722851923,168.892227714808,21.1077722851923,147.784455429615,147.784455429615,NaN,NaN,NaN,1785780498.60076,13139.0028842,0.362660646438599,0.0180046558380127,0.27010178565979,-1,-1,-1,-1,-1,-1,-1,-1,252.097129821777,NaN,NaN,NaN,Congruent,Right,Left,None,Right,Right,0,1,1,0,0,NaN,NaN,NaN,NaN,NaN,NaN,NaN,NaN,1,1,1,1,1,0,229,NaN,20260803_t1352_srsSmooth_Moretraining_B003,NaN,NaN,15.6752915302912,1.33515763282776,NaN,NaN,NaN,0,NaN,NaN,NaN,NaN,0
20260803_t1352_srsSmooth_Moretraining,srs_smooth_Moretraining,trial0290.mat,290,290,229,3,63,52,98,48,50,8,1,1,5,2,58,16112,2,0,1,2,1,1,1,1,0,0,,0,11,0,1,1,0,0,0,160,39,160,39,121,NaN,1,180,311.401155672285,238.598844327715,131.401155672285,58.5988443277147,72.8023113445706,72.8023113445706,NaN,NaN,NaN,1785780500.18768,13140.58977468,0.358686208724976,0.0144755840301514,0.226063966751099,-1,-1,-1,-1,-1,-1,-1,-1,211.588382720947,NaN,NaN,NaN,Congruent,Right,Left,None,Right,Right,0,1,1,0,0,NaN,NaN,NaN,NaN,NaN,NaN,NaN,NaN,1,1,1,1,1,0,229,NaN,20260803_t1352_srsSmooth_Moretraining_B003,NaN,NaN,15.7017402807872,1.22426438331604,NaN,NaN,NaN,0,NaN,NaN,NaN,NaN,0
20260803_t1352_srsSmooth_Moretraining,srs_smooth_Moretraining,trial0292.mat,292,292,229,3,65,52,98,48,50,8,1,1,5,2,54,7948,2,0,1,2,1,1,1,1,2,2,CHOSE_LOW_SAL,2,455,1,0,6,0,0,0,201,49,201,49,152,49,1,0,118.884734008166,71.1152659918339,118.884734008166,71.1152659918339,47.7694680163322,47.7694680163322,NaN,NaN,NaN,1785780503.30859,13143.71075624,2.27347493171692,0.0186913013458252,0.238442420959473,1.01267981529236,1.45208168029785,1.65498328208923,1.6967945098877,1.6967945098877,-1,-1,1.9226508140564,219.751119613647,202.901601791382,41.8112277984619,244.712829589844,Congruent,Right,Left,Left,Right,Right,0,1,1,0,1,0,0,0,0,1,1,1,1,1,1,1,1,1,1,230,80,20260803_t1352_srsSmooth_Moretraining_B003,54,4,15.7537554144859,2.7622218132019,1,2,174,1,1,0,0,1,1
20260803_t1352_srsSmooth_Moretraining,srs_smooth_Moretraining,trial0293.mat,293,293,230,3,66,53,98,48,50,8,1,2,7,2,86,7464,2,0,1,2,1,1,2,2,2,2,CHOSE_HIGH_SAL,1,455,1,0,6,0,0,0,154,60,154,60,94,60,1,0,73.1750612703532,116.824938729647,73.1750612703532,116.824938729647,-43.6498774592935,43.6498774592935,NaN,NaN,NaN,1785780506.8997,13147.30175308,2.29994630813599,0.0193874835968018,0.155900716781616,0.897363185882568,1.49444556236267,1.5639591217041,1.60586214065552,1.60586214065552,-1,-1,1.90785622596741,136.513233184814,69.5135593414307,41.903018951416,111.416578292847,Conflict,Right,Left,Left,Right,Left,0,1,0,1,1,0,0,0,1,1,1,1,0,1,1,0,1,0,1,231,81,20260803_t1352_srsSmooth_Moretraining_B003,55,5,15.8136072794596,1.31763696670532,2,2,49,1,0,0,1,1,1
20260803_t1352_srsSmooth_Moretraining,srs_smooth_Moretraining,trial0294.mat,294,294,231,3,67,54,98,48,50,8,1,2,7,2,82,31155,2,0,1,2,1,1,2,2,2,2,CHOSE_HIGH_SAL,1,455,1,0,7,0,0,0,151,53,151,53,98,53,1,0,78.7284958560023,111.271504143998,78.7284958560023,111.271504143998,-32.5430082879953,32.5430082879953,NaN,NaN,NaN,1785780510.51673,13150.9186052,2.21649932861328,0.0191705226898193,0.230658769607544,0.914138555526733,1.2858874797821,1.47222399711609,1.51418042182922,1.51418042182922,-1,-1,1.81645822525024,211.488246917725,186.336517333984,41.9564247131348,228.292942047119,Conflict,Right,Left,Left,Right,Left,0,1,0,1,1,0,0,0,1,1,1,1,0,1,1,0,1,0,1,232,82,20260803_t1352_srsSmooth_Moretraining_B003,56,6,15.8738910476367,1.31707978248596,2,2,60,1,0,0,1,1,1
20260803_t1352_srsSmooth_Moretraining,srs_smooth_Moretraining,trial0296.mat,296,296,232,3,69,55,98,48,50,8,1,1,6,2,71,16659,2,0,2,1,1,2,1,2,1,2,CHOSE_HIGH_SAL,1,455,1,0,6,0,0,0,193,40,193,40,153,193,1,0,160.958726782242,29.0412732177578,160.958726782242,29.0412732177578,131.917453564484,131.917453564484,NaN,NaN,NaN,1785780515.65082,13156.05255204,2.356929063797,0.0186171531677246,0.237749576568604,1.03006100654602,1.4853413105011,1.54676198959351,1.58878540992737,1.58878540992737,-1,-1,1.82712578773499,219.132423400879,61.4206790924072,42.0234203338623,103.44409942627,Congruent,Left,Right,Left,Left,Left,0,1,1,0,1,0,1,1,1,1,0,0,0,0,0,0,1,1,1,233,83,20260803_t1352_srsSmooth_Moretraining_B003,57,7,15.9594591856003,2.91758894920349,2,2,53,1,1,0,0,1,1
20260803_t1352_srsSmooth_Moretraining,srs_smooth_Moretraining,trial0297.mat,297,297,233,3,70,56,98,48,50,8,1,1,6,2,68,9578,2,0,2,1,1,2,1,2,2,1,CHOSE_LOW_SAL,2,455,1,0,5,0,0,0,162,47,162,47,115,47,1,0,134.645161602585,55.3548383974146,134.645161602585,55.3548383974145,79.2903232051709,79.2903232051709,NaN,NaN,NaN,1785780519.30153,13159.70329896,2.44871473312378,0.0180501937866211,0.188044309616089,0.996325016021729,1.56811022758484,1.82139778137207,1.8630518913269,1.8630518913269,-1,-1,2.08010935783386,169.994115829468,253.287553787231,41.654109954834,294.941663742065,Congruent,Left,Right,Right,Left,Left,0,1,1,0,1,1,0,0,0,0,1,1,1,0,0,0,1,1,1,234,84,20260803_t1352_srsSmooth_Moretraining_B003,58,8,16.0203043540319,1.293781042099,1,2,193,1,1,1,0,0,1
20260803_t1352_srsSmooth_Moretraining,srs_smooth_Moretraining,trial0298.mat,298,298,234,3,71,57,98,48,50,8,1,2,7,2,76,6770,2,0,1,2,1,1,2,2,2,2,CHOSE_HIGH_SAL,1,455,1,0,7,0,0,0,199,58,199,58,141,58,1,180,234.161834559774,315.838165440226,54.1618345597736,135.838165440226,-81.6763308804527,81.6763308804527,NaN,NaN,NaN,1785780523.04526,13163.44681688,2.02177715301514,0.0161268711090088,0.236159086227417,0.861029386520386,1.19950580596924,1.30078935623169,1.3359055519104,1.3359055519104,-1,-1,1.62742161750793,220.032215118408,101.283550262451,35.1161956787109,136.399745941162,Conflict,Right,Left,Left,Right,Left,0,1,0,1,1,0,0,0,1,1,1,1,0,1,1,0,1,0,1,235,85,20260803_t1352_srsSmooth_Moretraining_B003,59,9,16.0826999584834,1.29502153396606,2,1,47,1,0,1,1,0,1
20260803_t1352_srsSmooth_Moretraining,srs_smooth_Moretraining,trial0299.mat,299,299,235,3,72,58,98,48,50,8,1,2,8,2,94,5123,2,0,2,1,1,2,2,1,2,1,CHOSE_HIGH_SAL,1,455,1,0,6,0,0,0,196,25,196,25,171,25,1,0,71.2354437283162,118.764556271684,71.2354437283162,118.764556271684,-47.5291125433677,47.5291125433677,NaN,NaN,NaN,1785780526.37373,13166.77521136,2.2019476890564,0.0127947330474854,0.224442481994629,0.874172449111938,1.27117776870728,1.5575487613678,1.59967756271362,1.59967756271362,-1,-1,1.84288597106934,211.647748947144,286.370992660522,42.1288013458252,328.499794006348,Conflict,Left,Right,Right,Left,Right,0,1,0,1,1,1,0,0,1,0,1,1,0,0,0,1,1,0,1,236,86,20260803_t1352_srsSmooth_Moretraining_B003,60,10,16.13817431132,1.3066840171814,2,2,58,1,0,1,1,0,1
20260803_t1352_srsSmooth_Moretraining,srs_smooth_Moretraining,trial0302.mat,302,302,236,3,75,58,98,48,50,8,1,2,8,2,94,5123,2,0,2,1,1,2,2,1,1,2,CHOSE_LOW_SAL,2,455,1,0,3,0,0,0,196,12,196,12,184,196,1,0,71.2354437283162,118.764556271684,71.2354437283162,118.764556271684,-47.5291125433677,47.5291125433677,NaN,NaN,NaN,1785780533.03116,13173.43272444,2.3768937587738,0.0139484405517578,0.225069999694824,0.850190162658691,1.38900256156921,1.60013318061829,1.64115929603577,1.64115929603577,-1,-1,1.8816442489624,211.121559143066,211.130619049072,41.0261154174805,252.156734466553,Conflict,Left,Right,Left,Left,Right,0,1,0,1,1,0,1,1,0,1,0,0,1,0,0,1,1,0,1,237,87,20260803_t1352_srsSmooth_Moretraining_B003,61,11,16.249131611983,4.45549035072327,2,1,25,1,1,1,0,0,1
20260803_t1352_srsSmooth_Moretraining,srs_smooth_Moretraining,trial0304.mat,304,304,237,3,77,59,98,48,50,8,1,2,8,2,96,5583,2,0,2,1,1,2,2,1,2,1,CHOSE_HIGH_SAL,1,455,1,0,2,0,0,0,154,60,154,60,94,60,1,0,11.9693732297224,178.030626770278,11.9693732297224,178.030626770278,-166.061253540555,166.061253540555,NaN,NaN,NaN,1785780538.30385,13178.70520708,2.4384458065033,0.0164699554443359,0.219712734222412,0.943995237350464,1.51652812957764,1.72754216194153,1.75934171676636,1.75934171676636,-1,-1,2.07589173316956,203.242778778076,211.014032363892,31.7995548248291,242.813587188721,Conflict,Left,Right,Right,Left,Right,0,1,0,1,1,1,0,0,1,0,1,1,0,0,0,1,1,0,1,238,88,20260803_t1352_srsSmooth_Moretraining_B003,62,12,16.3370096723239,2.89578986167908,1,2,196,1,1,1,0,0,1
20260803_t1352_srsSmooth_Moretraining,srs_smooth_Moretraining,trial0305.mat,305,305,238,3,78,59,98,48,50,8,1,2,8,2,96,5583,2,0,2,1,1,2,2,1,0,0,,0,11,0,1,2,0,0,0,154,30,154,30,124,NaN,1,0,11.9693732297224,178.030626770278,11.9693732297224,178.030626770278,-166.061253540555,166.061253540555,NaN,NaN,NaN,1785780542.0691,13182.47018088,1.3891749382019,0.0180313587188721,0.221028566360474,1.0047435760498,-1,-1,-1,-1,-1,-1,-1,202.997207641602,NaN,NaN,NaN,Conflict,Left,Right,None,Left,Right,0,1,0,1,0,NaN,NaN,NaN,NaN,NaN,NaN,NaN,NaN,0,0,1,1,0,0,238,NaN,20260803_t1352_srsSmooth_Moretraining_B003,NaN,NaN,16.3997638662656,1.32680583000183,NaN,NaN,NaN,0,NaN,NaN,NaN,NaN,0
20260803_t1352_srsSmooth_Moretraining,srs_smooth_Moretraining,trial0306.mat,306,306,238,3,79,59,98,48,50,8,1,2,8,2,96,5583,2,0,2,1,1,2,2,1,1,2,CHOSE_LOW_SAL,2,455,1,0,1,0,0,0,154,30,154,30,124,154,1,0,11.9693732297224,178.030626770278,11.9693732297224,178.030626770278,-166.061253540555,166.061253540555,NaN,NaN,NaN,1785780544.7298,13185.131035,2.01816654205322,0.0157668590545654,0.202280282974243,0.833443641662598,1.23248100280762,1.24162793159485,1.27543377876282,1.27543377876282,-1,-1,1.54010891914368,186.513423919678,9.14692878723145,33.8058471679688,42.9527759552002,Conflict,Left,Right,Left,Left,Right,0,1,0,1,1,0,1,1,0,1,0,0,1,0,0,1,1,0,1,239,89,20260803_t1352_srsSmooth_Moretraining_B003,63,13,16.4441088875135,1.27152633666992,2,1,60,1,1,1,0,0,1
20260803_t1352_srsSmooth_Moretraining,srs_smooth_Moretraining,trial0307.mat,307,307,239,3,80,60,98,48,50,8,1,1,5,2,59,27854,2,0,1,2,1,1,1,1,2,2,CHOSE_LOW_SAL,2,455,1,0,8,0,0,0,171,74,171,74,97,74,1,180,298.603243296741,251.396756703259,118.603243296741,71.3967567032594,47.2064865934811,47.2064865934811,NaN,NaN,NaN,1785780548.09178,13188.49286396,2.26731514930725,0.0122528076171875,0.190428256988525,0.99057674407959,1.32897090911865,1.54813075065613,1.58969736099243,1.58969736099243,-1,-1,1.87821578979492,178.175449371338,219.159841537476,41.5666103363037,260.726451873779,Congruent,Right,Left,Left,Right,Right,0,1,1,0,1,0,0,0,0,1,1,1,1,1,1,1,1,1,1,240,90,20260803_t1352_srsSmooth_Moretraining_B003,64,14,16.5001418391864,1.34381055831909,1,2,154,1,1,0,0,1,1
20260803_t1352_srsSmooth_Moretraining,srs_smooth_Moretraining,trial0309.mat,309,309,240,3,82,61,98,48,50,8,1,1,5,2,52,235,2,0,1,2,1,1,1,1,1,1,CHOSE_HIGH_SAL,1,455,1,0,3,0,0,0,190,29,190,29,161,190,1,180,278.711983768642,271.288016231358,98.7119837686416,91.2880162313584,7.42396753728326,7.42396753728326,NaN,NaN,NaN,1785780553.19324,13193.59429424,2.31629014015198,0.019322395324707,0.203286409378052,0.872635126113892,1.45271134376526,1.48672938346863,1.52042627334595,1.52042627334595,-1,-1,1.82302832603455,183.964014053345,34.0180397033691,33.6968898773193,67.7149295806885,Congruent,Right,Left,Right,Right,Right,0,1,1,0,1,1,1,1,1,0,0,0,0,1,1,1,1,1,1,241,91,20260803_t1352_srsSmooth_Moretraining_B003,65,15,16.5851662158966,2.83414745330811,2,2,74,1,1,1,0,0,1
20260803_t1352_srsSmooth_Moretraining,srs_smooth_Moretraining,trial0310.mat,310,310,241,3,83,62,98,48,50,8,1,1,5,2,51,780,2,0,1,2,1,1,1,1,1,1,CHOSE_HIGH_SAL,1,455,1,0,1,0,0,0,195,67,195,67,128,195,1,0,139.496688781849,50.5033112181515,139.496688781849,50.5033112181515,88.9933775636971,88.9933775636971,NaN,NaN,NaN,1785780556.82849,13197.22941532,2.40490531921387,0.017549991607666,0.235234260559082,0.843490600585938,1.29259991645813,1.59387302398682,1.63472533226013,1.63472533226013,-1,-1,1.90188455581665,217.684268951416,301.273107528687,40.8523082733154,342.125415802002,Congruent,Right,Left,Right,Right,Right,0,1,1,0,1,1,1,1,1,0,0,0,0,1,1,1,1,1,1,242,92,20260803_t1352_srsSmooth_Moretraining_B003,66,16,16.6457536578178,1.31895637512207,1,1,190,1,0,0,1,1,1
20260803_t1352_srsSmooth_Moretraining,srs_smooth_Moretraining,trial0311.mat,311,311,242,3,84,63,98,48,50,8,1,1,6,2,70,32399,2,0,2,1,1,2,1,2,2,1,CHOSE_LOW_SAL,2,455,1,0,5,0,0,0,181,51,181,51,130,51,1,180,358.963967182182,191.036032817818,178.963967182182,11.0360328178178,167.927934364364,167.927934364364,NaN,NaN,NaN,1785780560.54371,13200.94470928,2.31267166137695,0.0191414356231689,0.280708312988281,0.814172267913818,1.26918935775757,1.62247753143311,1.66409873962402,1.66409873962402,-1,-1,1.95299530029297,261.566877365112,353.288173675537,41.621208190918,394.909381866455,Congruent,Left,Right,Right,Left,Left,0,1,1,0,1,1,0,0,0,0,1,1,1,0,0,0,1,1,1,243,93,20260803_t1352_srsSmooth_Moretraining_B003,67,17,16.7076739827792,1.3103141784668,1,1,195,1,1,0,0,1,1
20260803_t1352_srsSmooth_Moretraining,srs_smooth_Moretraining,trial0312.mat,312,312,243,3,85,64,98,48,50,8,1,2,8,2,90,25405,2,0,2,1,1,2,2,1,2,1,CHOSE_HIGH_SAL,1,455,1,0,8,0,0,0,183,40,183,40,143,40,1,0,11.6423507571206,178.357649242879,11.6423507571206,178.357649242879,-166.715298485759,166.715298485759,NaN,NaN,NaN,1785780564.20138,13204.60209836,2.14179658889771,0.0116136074066162,0.240070104598999,0.873449325561523,1.25332880020142,1.51515007019043,1.55677843093872,1.55677843093872,-1,-1,1.77324366569519,228.456497192383,261.821269989014,41.628360748291,303.449630737305,Conflict,Left,Right,Right,Left,Right,0,1,0,1,1,1,0,0,1,0,1,1,0,0,0,1,1,0,1,244,94,20260803_t1352_srsSmooth_Moretraining_B003,68,18,16.7686351458232,1.3449981212616,2,1,51,1,0,0,1,1,1
20260803_t1352_srsSmooth_Moretraining,srs_smooth_Moretraining,trial0314.mat,314,314,244,3,87,64,98,48,50,8,1,2,8,2,90,25405,2,0,2,1,1,2,2,1,1,2,CHOSE_LOW_SAL,2,455,1,0,0,0,0,0,183,20,183,20,163,183,1,0,11.6423507571206,178.357649242879,11.6423507571206,178.357649242879,-166.715298485759,166.715298485759,NaN,NaN,NaN,1785780569.18368,13209.5843798,2.1424126625061,0.0128331184387207,0.180817365646362,0.815608501434326,1.14621019363403,1.36373782157898,1.3971688747406,1.3971688747406,-1,-1,1.65776515007019,167.984247207642,217.527627944946,33.4310531616211,250.958681106567,Conflict,Left,Right,Left,Left,Right,0,1,0,1,1,0,1,1,0,1,0,0,1,0,0,1,1,0,1,245,95,20260803_t1352_srsSmooth_Moretraining_B003,69,19,16.8516736030579,2.84051084518433,2,1,40,1,1,1,0,0,1
20260803_t1352_srsSmooth_Moretraining,srs_smooth_Moretraining,trial0315.mat,315,315,245,3,88,65,98,48,50,8,1,1,6,2,73,17733,2,0,2,1,1,2,1,2,0,0,,0,11,0,1,3,0,0,0,192,73,192,73,119,NaN,1,180,307.697266805531,242.302733194469,127.697266805531,62.3027331944691,65.3945336110619,65.3945336110619,NaN,NaN,NaN,1785780572.65063,13213.05131632,0.374299049377441,0.0126872062683105,0.299320459365845,-1,-1,-1,-1,-1,-1,-1,-1,286.633253097534,NaN,NaN,NaN,Congruent,Left,Right,None,Left,Left,0,1,1,0,0,NaN,NaN,NaN,NaN,NaN,NaN,NaN,NaN,0,0,0,1,1,0,245,NaN,20260803_t1352_srsSmooth_Moretraining_B003,NaN,NaN,16.9094560543696,1.32453441619873,NaN,NaN,NaN,0,NaN,NaN,NaN,NaN,0
20260803_t1352_srsSmooth_Moretraining,srs_smooth_Moretraining,trial0316.mat,316,316,245,3,89,65,98,48,50,8,1,1,5,2,55,25971,2,0,1,2,1,1,1,1,2,2,CHOSE_LOW_SAL,2,455,1,0,2,0,0,0,180,66,180,66,114,66,1,0,96.9104010704753,93.0895989295247,96.9104010704754,93.0895989295246,3.82080214095072,3.82080214095072,NaN,NaN,NaN,1785780574.27793,13214.67842192,2.19114089012146,0.018782377243042,0.24486231803894,0.861718654632568,1.31883239746094,1.52967715263367,1.56178593635559,1.56178593635559,-1,-1,1.78776144981384,226.079940795898,210.844755172729,32.1087837219238,242.953538894653,Congruent,Right,Left,Left,Right,Right,0,1,1,0,1,0,0,0,0,1,1,1,1,1,1,1,1,1,1,246,96,20260803_t1352_srsSmooth_Moretraining_B003,70,20,16.9365777492523,1.25300264358521,1,2,183,1,1,0,0,1,1
20260803_t1352_srsSmooth_Moretraining,srs_smooth_Moretraining,trial0317.mat,317,317,246,3,90,66,98,48,50,8,1,1,6,2,65,26724,2,0,2,1,1,2,1,2,1,2,CHOSE_HIGH_SAL,1,455,1,0,1,0,0,0,172,38,172,38,134,172,1,0,103.024977396662,86.9750226033375,103.024977396662,86.9750226033375,16.0499547933249,16.0499547933249,NaN,NaN,NaN,1785780577.80317,13218.20379324,2.34047317504883,0.0186793804168701,0.229975461959839,0.888070344924927,1.31873035430908,1.51273012161255,1.55307626724243,1.55307626724243,-1,-1,1.85576128959656,211.296081542969,193.999767303467,40.3461456298828,234.34591293335,Congruent,Left,Right,Left,Left,Left,0,1,1,0,1,0,1,1,1,1,0,0,0,0,0,0,1,1,1,247,97,20260803_t1352_srsSmooth_Moretraining_B003,71,21,16.9953317483266,1.33409905433655,2,2,66,1,1,0,0,1,1
20260803_t1352_srsSmooth_Moretraining,srs_smooth_Moretraining,trial0319.mat,319,319,247,3,92,67,98,48,50,8,1,1,5,2,62,31875,2,0,1,2,1,1,1,1,2,2,CHOSE_LOW_SAL,2,455,1,0,4,0,0,0,160,53,160,53,107,53,1,180,312.0985791771,237.9014208229,132.0985791771,57.9014208229004,74.1971583541991,74.1971583541991,NaN,NaN,NaN,1785780582.97135,13223.3718534,2.32239508628845,0.017366886138916,0.229076623916626,0.945572137832642,1.55909395217896,1.61122870445251,1.64463949203491,1.64463949203491,-1,-1,1.95393109321594,211.70973777771,52.1347522735596,33.4107875823975,85.545539855957,Congruent,Right,Left,Left,Right,Right,0,1,1,0,1,0,0,0,0,1,1,1,1,1,1,1,1,1,1,248,98,20260803_t1352_srsSmooth_Moretraining_B003,72,22,17.0814680894216,2.82770729064941,1,2,172,1,1,0,0,1,1
20260803_t1352_srsSmooth_Moretraining,srs_smooth_Moretraining,trial0320.mat,320,320,248,3,93,68,98,48,50,8,1,1,6,2,63,17593,2,0,2,1,1,2,1,2,1,2,CHOSE_HIGH_SAL,1,455,1,0,3,0,0,0,190,39,190,39,151,190,1,180,356.533233356824,193.466766643176,176.533233356824,13.4667666431758,163.066466713648,163.066466713648,NaN,NaN,NaN,1785780586.63524,13227.035723,2.2230179309845,0.0119543075561523,0.21473503112793,0.898621559143066,1.36200714111328,1.36666870117188,1.40580558776855,1.40580558776855,-1,-1,1.71284627914429,202.780723571777,4.66156005859375,39.1368865966797,43.7984466552734,Congruent,Left,Right,Left,Left,Left,0,1,1,0,1,0,1,1,1,1,0,0,0,0,0,0,1,1,1,249,99,20260803_t1352_srsSmooth_Moretraining_B003,73,23,17.1425328850746,1.34149265289307,2,2,53,1,1,0,0,1,1
20260803_t1352_srsSmooth_Moretraining,srs_smooth_Moretraining,trial0321.mat,321,321,249,3,94,69,98,48,50,8,1,1,6,2,64,27349,2,0,2,1,1,2,1,2,1,2,CHOSE_HIGH_SAL,1,455,1,0,1,0,0,0,178,44,178,44,134,178,1,0,129.524658022356,60.4753419776443,129.524658022356,60.4753419776443,69.0493160447114,69.0493160447114,NaN,NaN,NaN,1785780590.13966,13230.54006516,2.32029104232788,0.0160093307495117,0.293801784515381,0.81873345375061,1.34939527511597,1.52658271789551,1.56175184249878,1.56175184249878,-1,-1,1.82497572898865,277.792453765869,177.187442779541,35.1691246032715,212.356567382812,Congruent,Left,Right,Left,Left,Left,0,1,1,0,1,0,1,1,1,1,0,0,0,0,0,0,1,1,1,250,100,20260803_t1352_srsSmooth_Moretraining_B003,74,24,17.2009398023287,1.28139710426331,1,2,190,1,0,0,1,1,1
20260803_t1352_srsSmooth_Moretraining,srs_smooth_Moretraining,trial0323.mat,323,323,250,3,96,70,98,48,50,8,1,2,8,2,95,4286,2,0,2,1,1,2,2,1,0,0,,0,11,0,1,0,0,0,0,186,40,186,40,146,NaN,1,180,227.170497832134,322.829502167866,47.1704978321343,142.829502167866,-95.6590043357314,95.6590043357314,NaN,NaN,NaN,1785780595.33603,13235.73604384,1.17143225669861,0.0115084648132324,0.0127573013305664,0.789289712905884,-1,-1,-1,-1,-1,-1,-1,1.24883651733398,NaN,NaN,NaN,Conflict,Left,Right,None,Left,Right,0,1,0,1,0,NaN,NaN,NaN,NaN,NaN,NaN,NaN,NaN,0,0,1,1,0,0,250,NaN,20260803_t1352_srsSmooth_Moretraining_B003,NaN,NaN,17.2875459631284,2.87607860565186,NaN,NaN,NaN,0,NaN,NaN,NaN,NaN,0
20260803_t1352_srsSmooth_Moretraining,srs_smooth_Moretraining,trial0324.mat,324,324,250,3,97,70,98,48,50,8,1,2,7,2,78,15505,2,0,1,2,1,1,2,2,2,2,CHOSE_HIGH_SAL,1,455,1,0,3,0,0,0,174,63,174,63,111,63,1,0,85.8699098465918,104.130090153408,85.8699098465918,104.130090153408,-18.2601803068164,18.2601803068164,NaN,NaN,NaN,1785780597.75798,13238.1580628,2.16916298866272,0.0146517753601074,0.23223876953125,0.807514429092407,1.28136777877808,1.43490695953369,1.4760525226593,1.4760525226593,-1,-1,1.77037906646729,217.586994171143,153.539180755615,41.1455631256104,194.684743881226,Conflict,Right,Left,Left,Right,Left,0,1,0,1,1,0,0,0,1,1,1,1,0,1,1,0,1,0,1,251,101,20260803_t1352_srsSmooth_Moretraining_B003,75,25,17.3279118259748,1.25051951408386,1,2,178,1,1,0,0,1,1
20260803_t1352_srsSmooth_Moretraining,srs_smooth_Moretraining,trial0325.mat,325,325,251,3,98,71,98,48,50,8,1,1,6,2,73,17733,2,0,2,1,1,2,1,2,2,1,CHOSE_LOW_SAL,2,455,1,0,5,0,0,0,187,48,187,48,139,48,1,0,158.595108693254,31.404891306746,158.595108693254,31.404891306746,127.190217386508,127.190217386508,NaN,NaN,NaN,1785780601.26298,13241.66294156,2.4484715461731,0.0181176662445068,0.210970878601074,0.996438264846802,1.4765088558197,1.7293553352356,1.77169013023376,1.77169013023376,-1,-1,2.07585883140564,192.853212356567,252.846479415894,42.3347949981689,295.181274414062,Congruent,Left,Right,Right,Left,Left,0,1,1,0,1,1,0,0,0,0,1,1,1,0,0,0,1,1,1,252,102,20260803_t1352_srsSmooth_Moretraining_B003,76,26,17.3863285581271,1.33584094047546,2,2,63,1,0,1,1,0,1
20260803_t1352_srsSmooth_Moretraining,srs_smooth_Moretraining,trial0326.mat,326,326,252,3,99,72,98,48,50,8,1,2,7,2,80,23533,2,0,1,2,1,1,2,2,2,2,CHOSE_HIGH_SAL,1,455,1,0,3,0,0,0,166,35,166,35,131,35,1,0,22.8755946768025,167.124405323198,22.8755946768025,167.124405323197,-144.248810646395,144.248810646395,NaN,NaN,NaN,1785780605.0244,13245.42436504,2.29473114013672,0.0151779651641846,0.141299724578857,0.793197393417358,1.39856457710266,1.60911822319031,1.6432421207428,1.6432421207428,-1,-1,1.94088006019592,126.121759414673,210.553646087646,34.1238975524902,244.677543640137,Conflict,Right,Left,Left,Right,Left,0,1,0,1,1,0,0,0,1,1,1,1,0,1,1,0,1,0,1,253,103,20260803_t1352_srsSmooth_Moretraining_B003,77,27,17.449018907547,1.31294941902161,2,1,48,1,0,1,1,0,1
20260803_t1352_srsSmooth_Moretraining,srs_smooth_Moretraining,trial0327.mat,327,327,253,3,100,73,98,48,50,8,1,1,5,2,60,20502,2,0,1,2,1,1,1,1,1,1,CHOSE_HIGH_SAL,1,455,1,0,3,0,0,0,201,36,201,36,165,201,1,0,159.495033820453,30.5049661795468,159.495033820453,30.5049661795468,128.990067640906,128.990067640906,NaN,NaN,NaN,1785780608.65876,13249.05874448,2.49548149108887,0.0142960548400879,0.259002685546875,0.991973161697388,1.39768290519714,1.63319849967957,1.66920828819275,1.66920828819275,-1,-1,1.95202875137329,244.706630706787,235.515594482422,36.0097885131836,271.525382995605,Congruent,Right,Left,Right,Right,Right,0,1,1,0,1,1,1,1,1,0,0,0,0,1,1,1,1,1,1,254,104,20260803_t1352_srsSmooth_Moretraining_B003,78,28,17.5095915238063,1.3396258354187,2,2,35,1,1,1,0,0,1
20260803_t1352_srsSmooth_Moretraining,srs_smooth_Moretraining,trial0328.mat,328,328,254,3,101,74,98,48,50,8,1,2,7,2,77,25748,2,0,1,2,1,1,2,2,0,0,,0,11,0,1,2,0,0,0,159,64,159,64,95,NaN,1,0,28.2095372961645,161.790462703835,28.2095372961645,161.790462703835,-133.580925407671,133.580925407671,NaN,NaN,NaN,1785780612.47858,13252.87843692,0.0975210666656494,0.0196261405944824,0.0238668918609619,-1,-1,-1,-1,-1,-1,-1,-1,4.24075126647949,NaN,NaN,NaN,Conflict,Right,Left,None,Right,Left,0,1,0,1,0,NaN,NaN,NaN,NaN,NaN,NaN,NaN,NaN,1,1,0,1,0,0,254,NaN,20260803_t1352_srsSmooth_Moretraining_B003,NaN,NaN,17.5732551813126,1.32433795928955,NaN,NaN,NaN,0,NaN,NaN,NaN,NaN,0
20260803_t1352_srsSmooth_Moretraining,srs_smooth_Moretraining,trial0329.mat,329,329,254,3,102,74,98,48,50,8,1,2,8,2,92,32449,2,0,2,1,1,2,2,1,2,1,CHOSE_HIGH_SAL,1,455,1,0,4,0,0,0,165,52,165,52,113,52,1,0,24.1275833466496,165.87241665335,24.1275833466496,165.87241665335,-141.744833306701,141.744833306701,NaN,NaN,NaN,1785780613.78561,13254.18529036,2.25930070877075,0.0126423835754395,0.215710878372192,0.949357509613037,1.32936143875122,1.6073009967804,1.64891147613525,1.64891147613525,-1,-1,1.90778136253357,203.068494796753,277.939558029175,41.6104793548584,319.550037384033,Conflict,Left,Right,Right,Left,Right,0,1,0,1,1,1,0,0,1,0,1,1,0,0,0,1,1,0,1,255,105,20260803_t1352_srsSmooth_Moretraining_B003,79,29,17.5950390815735,1.20951294898987,1,1,201,1,1,0,0,1,1
20260803_t1352_srsSmooth_Moretraining,srs_smooth_Moretraining,trial0330.mat,330,330,255,3,103,74,98,48,50,8,1,2,8,2,92,32449,2,0,2,1,1,2,2,1,1,2,CHOSE_LOW_SAL,2,455,1,0,3,0,0,0,165,26,165,26,139,165,1,0,24.1275833466496,165.87241665335,24.1275833466496,165.87241665335,-141.744833306701,141.744833306701,NaN,NaN,NaN,1785780617.36404,13257.76379464,2.34795808792114,0.0176923274993896,0.195474624633789,0.862239122390747,1.37607836723328,1.52889323234558,1.57076716423035,1.57076716423035,-1,-1,1.88746118545532,177.782297134399,152.814865112305,41.8739318847656,194.68879699707,Conflict,Left,Right,Left,Left,Right,0,1,0,1,1,0,1,1,0,1,0,0,1,0,0,1,1,0,1,256,106,20260803_t1352_srsSmooth_Moretraining_B003,80,30,17.6546794851621,1.31912350654602,2,1,52,1,1,1,0,0,1
20260803_t1352_srsSmooth_Moretraining,srs_smooth_Moretraining,trial0331.mat,331,331,256,3,104,75,98,48,50,8,1,2,7,2,75,12830,2,0,1,2,1,1,2,2,2,2,CHOSE_HIGH_SAL,1,455,1,0,5,0,0,0,179,39,179,39,140,39,1,180,194.074157778674,355.925842221326,14.0741577786743,175.925842221326,-161.851684442651,161.851684442651,NaN,NaN,NaN,1785780620.98752,13261.38717228,1.98193287849426,0.0193524360656738,0.211897134780884,0.845315217971802,1.22773361206055,1.36417293548584,1.40588140487671,1.40588140487671,-1,-1,1.63175582885742,192.54469871521,136.439323425293,41.7084693908691,178.147792816162,Conflict,Right,Left,Left,Right,Left,0,1,0,1,1,0,0,0,1,1,1,1,0,1,1,0,1,0,1,257,107,20260803_t1352_srsSmooth_Moretraining_B003,81,31,17.7150708476702,1.27552366256714,1,2,165,1,1,0,0,1,1
20260803_t1352_srsSmooth_Moretraining,srs_smooth_Moretraining,trial0332.mat,332,332,257,3,105,76,98,48,50,8,1,1,6,2,74,8149,2,0,2,1,1,2,1,2,1,2,CHOSE_HIGH_SAL,1,455,1,0,3,0,0,0,172,65,172,65,107,172,1,180,357.805553995085,192.194446004915,177.805553995085,12.1944460049148,165.61110799017,165.61110799017,NaN,NaN,NaN,1785780624.31374,13264.71325728,2.15193271636963,0.0182590484619141,0.261092185974121,0.812655687332153,1.24330687522888,1.3878161907196,1.42187786102295,1.42187786102295,-1,-1,1.68045735359192,242.833137512207,144.509315490723,34.0616703033447,178.570985794067,Congruent,Left,Right,Left,Left,Left,0,1,1,0,1,0,1,1,1,1,0,0,0,0,0,0,1,1,1,258,108,20260803_t1352_srsSmooth_Moretraining_B003,82,32,17.7705079038938,1.34429049491882,2,2,39,1,1,0,0,1,1
20260803_t1352_srsSmooth_Moretraining,srs_smooth_Moretraining,trial0333.mat,333,333,258,3,106,77,98,48,50,8,1,2,7,2,79,15499,2,0,1,2,1,1,2,2,2,2,CHOSE_HIGH_SAL,1,455,1,0,2,0,0,0,189,43,189,43,146,43,1,0,65.2304252098855,124.769574790115,65.2304252098855,124.769574790115,-59.5391495802291,59.5391495802291,NaN,NaN,NaN,1785780627.79512,13268.19451168,2.13356304168701,0.0120170116424561,0.246637582778931,0.823636293411255,1.27040028572083,1.4565441608429,1.48835754394531,1.48835754394531,-1,-1,1.77489256858826,234.620571136475,186.14387512207,31.813383102417,217.957258224487,Conflict,Right,Left,Left,Right,Left,0,1,0,1,1,0,0,0,1,1,1,1,0,1,1,0,1,0,1,259,109,20260803_t1352_srsSmooth_Moretraining_B003,83,33,17.8285308718681,1.32944536209106,1,2,172,1,1,0,0,1,1
20260803_t1352_srsSmooth_Moretraining,srs_smooth_Moretraining,trial0334.mat,334,334,259,3,107,78,98,48,50,8,1,2,8,2,98,12297,2,0,2,1,1,2,2,1,2,1,CHOSE_HIGH_SAL,1,455,1,0,1,0,0,0,169,65,169,65,104,65,1,0,42.1010276641519,147.898972335848,42.1010276641518,147.898972335848,-105.797944671696,105.797944671696,NaN,NaN,NaN,1785780631.23317,13271.63259456,2.19551920890808,0.0157687664031982,0.225214004516602,0.760590553283691,1.28248453140259,1.52659058570862,1.56719970703125,1.56719970703125,-1,-1,1.83245134353638,209.445238113403,244.10605430603,40.6091213226318,284.715175628662,Conflict,Left,Right,Right,Left,Right,0,1,0,1,1,1,0,0,1,0,1,1,0,0,0,1,1,0,1,260,110,20260803_t1352_srsSmooth_Moretraining_B003,84,34,17.8858317097028,1.30448722839355,2,2,43,1,0,1,1,0,1
20260803_t1352_srsSmooth_Moretraining,srs_smooth_Moretraining,trial0335.mat,335,335,260,3,108,78,98,48,50,8,1,2,8,2,98,12297,2,0,2,1,1,2,2,1,2,1,CHOSE_HIGH_SAL,1,455,1,0,1,0,0,0,169,32,169,32,137,32,1,0,42.1010276641519,147.898972335848,42.1010276641518,147.898972335848,-105.797944671696,105.797944671696,NaN,NaN,NaN,1785780634.71186,13275.11123984,2.19127678871155,0.0122194290161133,0.212916851043701,0.906664133071899,1.35393929481506,1.59669542312622,1.63070297241211,1.63070297241211,-1,-1,1.85755491256714,200.697422027588,242.756128311157,34.0075492858887,276.763677597046,Conflict,Left,Right,Right,Left,Right,0,1,0,1,1,1,0,0,1,0,1,1,0,0,0,1,1,0,1,261,111,20260803_t1352_srsSmooth_Moretraining_B003,85,35,17.9438097993533,1.28316617012024,2,1,65,1,0,0,1,1,1
20260803_t1352_srsSmooth_Moretraining,srs_smooth_Moretraining,trial0336.mat,336,336,261,3,109,78,98,48,50,8,1,2,8,2,98,12297,2,0,2,1,1,2,2,1,1,2,CHOSE_LOW_SAL,2,455,1,0,3,0,0,0,169,16,169,16,153,169,1,0,42.1010276641519,147.898972335848,42.1010276641518,147.898972335848,-105.797944671696,105.797944671696,NaN,NaN,NaN,1785780638.2087,13278.60799564,2.27949333190918,0.0155143737792969,0.202091217041016,0.868174076080322,1.27389717102051,1.50131273269653,1.53345227241516,1.53345227241516,-1,-1,1.77676773071289,186.576843261719,227.415561676025,32.1395397186279,259.555101394653,Conflict,Left,Right,Left,Left,Right,0,1,0,1,1,0,1,1,0,1,0,0,1,0,0,1,1,0,1,262,112,20260803_t1352_srsSmooth_Moretraining_B003,86,36,18.0020905176799,1.30556631088257,2,1,32,1,1,1,0,0,1
20260803_t1352_srsSmooth_Moretraining,srs_smooth_Moretraining,trial0337.mat,337,337,262,3,110,79,98,48,50,8,1,2,7,2,83,24079,2,0,1,2,1,1,2,2,2,2,CHOSE_HIGH_SAL,1,455,1,0,6,0,0,0,178,49,178,49,129,49,1,0,28.799392171963,161.200607828037,28.799392171963,161.200607828037,-132.401215656074,132.401215656074,NaN,NaN,NaN,1785780641.8257,13282.22488096,2.01200342178345,0.0153169631958008,0.193638324737549,0.710237741470337,1.34036993980408,1.39338493347168,1.4348726272583,1.4348726272583,-1,-1,1.66043734550476,178.321361541748,53.0149936676025,41.4876937866211,94.5026874542236,Conflict,Right,Left,Left,Right,Left,0,1,0,1,1,0,0,0,1,1,1,1,0,1,1,0,1,0,1,263,113,20260803_t1352_srsSmooth_Moretraining_B003,87,37,18.0623739401499,1.33751201629639,1,2,169,1,1,0,0,1,1
20260803_t1352_srsSmooth_Moretraining,srs_smooth_Moretraining,trial0338.mat,338,338,263,3,111,80,98,48,50,8,1,2,7,2,84,20271,2,0,1,2,1,1,2,2,2,2,CHOSE_HIGH_SAL,1,455,1,0,5,0,0,0,164,67,164,67,97,67,1,180,190.61897229668,359.38102770332,10.6189722966801,179.38102770332,-168.76205540664,168.76205540664,NaN,NaN,NaN,1785780645.17358,13285.57282264,1.99776768684387,0.0175750255584717,0.220749139785767,0.904203414916992,1.25095701217651,1.34510779380798,1.38678741455078,1.38678741455078,-1,-1,1.61049556732178,203.174114227295,94.1507816314697,41.6796207427979,135.830402374268,Conflict,Right,Left,Left,Right,Left,0,1,0,1,1,0,0,0,1,1,1,1,0,1,1,0,1,0,1,264,114,20260803_t1352_srsSmooth_Moretraining_B003,88,38,18.1181718389193,1.33587050437927,2,2,49,1,0,0,1,1,1
20260803_t1352_srsSmooth_Moretraining,srs_smooth_Moretraining,trial0339.mat,339,339,264,3,112,81,98,48,50,8,1,1,5,2,58,16112,2,0,1,2,1,1,1,1,0,0,,0,11,0,1,1,0,0,0,169,45,169,45,124,NaN,1,180,312.905212481194,237.094787518806,132.905212481194,57.0947875188058,75.8104249623884,75.8104249623884,NaN,NaN,NaN,1785780648.50843,13288.90750404,1.42860341072083,0.016188383102417,0.219399929046631,1.01927971839905,-1,-1,-1,-1,-1,-1,-1,203.211545944214,NaN,NaN,NaN,Congruent,Right,Left,None,Right,Right,0,1,1,0,0,NaN,NaN,NaN,NaN,NaN,NaN,NaN,NaN,1,1,1,1,1,0,264,NaN,20260803_t1352_srsSmooth_Moretraining_B003,NaN,NaN,18.1737527012825,1.3370840549469,NaN,NaN,NaN,0,NaN,NaN,NaN,NaN,0
20260803_t1352_srsSmooth_Moretraining,srs_smooth_Moretraining,trial0340.mat,340,340,264,3,113,81,98,48,50,8,1,1,5,2,61,7038,2,0,1,2,1,1,1,1,1,1,CHOSE_HIGH_SAL,1,455,1,0,1,0,0,0,220,42,220,42,178,220,1,180,359.6932288146,190.3067711854,179.6932288146,10.3067711853998,169.3864576292,169.3864576292,NaN,NaN,NaN,1785780651.14465,13291.54380828,2.30183291435242,0.0134017467498779,0.131559610366821,0.749330282211304,1.28011870384216,1.41597461700439,1.44730377197266,1.44730377197266,-1,-1,1.74941825866699,118.157863616943,135.855913162231,31.3291549682617,167.185068130493,Congruent,Right,Left,Right,Right,Right,0,1,1,0,1,1,1,1,1,0,0,0,0,1,1,1,1,1,1,265,115,20260803_t1352_srsSmooth_Moretraining_B003,89,39,18.217689760526,1.20762014389038,2,2,67,1,1,1,0,0,1
20260803_t1352_srsSmooth_Moretraining,srs_smooth_Moretraining,trial0341.mat,341,341,265,3,114,82,98,48,50,8,1,2,7,2,85,18403,2,0,1,2,1,1,2,2,1,1,CHOSE_LOW_SAL,2,455,1,0,4,0,0,0,153,27,153,27,126,153,1,0,16.2406048101889,173.759395189811,16.2406048101889,173.759395189811,-157.518790379622,157.518790379622,NaN,NaN,NaN,1785780654.77925,13295.17814904,2.58389735221863,0.0122809410095215,0.271717309951782,0.930228471755981,1.52900815010071,1.771733045578,1.81552672386169,1.81552672386169,-1,-1,2.11277365684509,259.436368942261,242.724895477295,43.7936782836914,286.518573760986,Conflict,Right,Left,Right,Right,Left,0,1,0,1,1,1,1,1,0,0,0,0,1,1,1,0,1,0,1,266,116,20260803_t1352_srsSmooth_Moretraining_B003,90,40,18.2782663702965,1.332763671875,1,1,220,1,0,0,1,1,1
20260803_t1352_srsSmooth_Moretraining,srs_smooth_Moretraining,trial0342.mat,342,342,266,3,115,83,98,48,50,8,1,1,6,2,69,26301,2,0,2,1,1,2,1,2,2,1,CHOSE_LOW_SAL,2,455,1,0,4,0,0,0,174,42,174,42,132,42,1,180,282.459811788362,267.540188211638,102.459811788362,87.5401882116377,14.9196235767246,14.9196235767246,NaN,NaN,NaN,1785780658.67071,13299.06965452,2.33462142944336,0.0126399993896484,0.265443086624146,0.882460117340088,1.32935905456543,1.63245296478271,1.67405033111572,1.67405033111572,-1,-1,1.9797191619873,252.803087234497,303.093910217285,41.5973663330078,344.691276550293,Congruent,Left,Right,Right,Left,Left,0,1,1,0,1,1,0,0,0,0,1,1,1,0,0,0,1,1,1,267,117,20260803_t1352_srsSmooth_Moretraining_B003,91,41,18.3431240558624,1.30756378173828,1,1,153,1,1,0,0,1,1
20260803_t1352_srsSmooth_Moretraining,srs_smooth_Moretraining,trial0343.mat,343,343,267,3,116,84,98,48,50,8,1,2,7,2,77,25748,2,0,1,2,1,1,2,2,2,2,CHOSE_HIGH_SAL,1,455,1,0,1,0,0,0,172,45,172,45,127,45,1,0,20.0671343451331,169.932865654867,20.0671343451331,169.932865654867,-149.865731309734,149.865731309734,NaN,NaN,NaN,1785780662.33826,13302.73707944,2.16173243522644,0.0202405452728271,0.264198780059814,0.823537826538086,1.38696193695068,1.56520438194275,1.59609770774841,1.59609770774841,-1,-1,1.81589508056641,243.958234786987,178.242444992065,30.8933258056641,209.135770797729,Conflict,Right,Left,Left,Right,Left,0,1,0,1,1,0,0,0,1,1,1,1,0,1,1,0,1,0,1,268,118,20260803_t1352_srsSmooth_Moretraining_B003,92,42,18.4042497952779,1.33292293548584,2,1,42,1,0,1,1,0,1
20260803_t1352_srsSmooth_Moretraining,srs_smooth_Moretraining,trial0345.mat,345,345,268,3,118,85,98,48,50,8,1,2,8,2,89,13718,2,0,2,1,1,2,2,1,0,0,,0,11,0,1,1,0,0,0,187,50,187,50,137,NaN,1,0,12.8380205126759,177.161979487324,12.8380205126759,177.161979487324,-164.323958974648,164.323958974648,NaN,NaN,NaN,1785780667.35352,13307.75223304,1.45074033737183,0.0135047435760498,0.230919122695923,1.02522373199463,-1,-1,-1,-1,-1,-1,-1,217.414379119873,NaN,NaN,NaN,Conflict,Left,Right,None,Left,Right,0,1,0,1,0,NaN,NaN,NaN,NaN,NaN,NaN,NaN,NaN,0,0,1,1,0,0,268,NaN,20260803_t1352_srsSmooth_Moretraining_B003,NaN,NaN,18.4878375768661,2.85353446006775,NaN,NaN,NaN,0,NaN,NaN,NaN,NaN,0
20260803_t1352_srsSmooth_Moretraining,srs_smooth_Moretraining,trial0346.mat,346,346,268,3,119,85,98,48,50,8,1,1,6,2,67,14042,2,0,2,1,1,2,1,2,0,0,,0,11,0,1,3,0,0,0,197,30,197,30,167,NaN,1,0,163.793986927788,26.2060130722124,163.793986927788,26.2060130722124,137.587973855575,137.587973855575,NaN,NaN,NaN,1785780670.06853,13310.46718324,0.310333728790283,0.0152695178985596,0.234941244125366,-1,-1,-1,-1,-1,-1,-1,-1,219.671726226807,NaN,NaN,NaN,Congruent,Left,Right,None,Left,Left,0,1,1,0,0,NaN,NaN,NaN,NaN,NaN,NaN,NaN,NaN,0,0,0,1,1,0,268,NaN,20260803_t1352_srsSmooth_Moretraining_B003,NaN,NaN,18.5330877304077,1.26426887512207,NaN,NaN,NaN,0,NaN,NaN,NaN,NaN,0
20260803_t1352_srsSmooth_Moretraining,srs_smooth_Moretraining,trial0347.mat,347,347,268,3,120,85,98,48,50,8,1,1,5,2,56,26181,2,0,1,2,1,1,1,1,2,2,CHOSE_LOW_SAL,2,455,1,0,8,0,0,0,186,50,186,50,136,50,1,180,302.586234927641,247.413765072358,122.586234927641,67.4137650723585,55.172469855283,55.172469855283,NaN,NaN,NaN,1785780671.59535,13311.99389376,2.00987863540649,0.0135066509246826,0.225295066833496,0.783745288848877,1.18021941184998,1.38327383995056,1.42519950866699,1.42519950866699,-1,-1,1.65782833099365,211.788415908813,203.054428100586,41.9256687164307,244.980096817017,Congruent,Right,Left,Left,Right,Right,0,1,1,0,1,0,0,0,0,1,1,1,1,1,1,1,1,1,1,269,119,20260803_t1352_srsSmooth_Moretraining_B003,93,43,18.5585347811381,1.21648931503296,2,2,45,1,0,0,1,1,1
20260803_t1352_srsSmooth_Moretraining,srs_smooth_Moretraining,trial0348.mat,348,348,269,3,121,86,98,48,50,8,1,2,8,2,91,22846,2,0,2,1,1,2,2,1,0,0,,0,11,0,1,5,0,0,0,161,50,161,50,111,NaN,1,180,214.190678574743,335.809321425257,34.1906785747434,155.809321425257,-121.618642850513,121.618642850513,NaN,NaN,NaN,1785780674.90263,13315.30123588,1.73572993278503,0.0146901607513428,0.234418392181396,0.868280410766602,1.38141107559204,1.64322710037231,-1,-1,-1,-1,-1,219.728231430054,261.816024780273,NaN,NaN,Conflict,Left,Right,None,Left,Right,0,1,0,1,0,NaN,NaN,NaN,NaN,NaN,NaN,NaN,NaN,0,0,1,1,0,0,269,NaN,20260803_t1352_srsSmooth_Moretraining_B003,NaN,NaN,18.6136561195056,1.29740166664124,NaN,NaN,NaN,0,NaN,NaN,NaN,NaN,0
20260803_t1352_srsSmooth_Moretraining,srs_smooth_Moretraining,trial0349.mat,349,349,269,3,122,86,98,48,50,8,1,2,8,2,89,13718,2,0,2,1,1,2,2,1,2,1,CHOSE_HIGH_SAL,1,455,1,0,4,0,0,0,165,14,165,14,151,14,1,180,191.203172434787,358.796827565213,11.2031724347875,178.796827565213,-167.593655130425,167.593655130425,NaN,NaN,NaN,1785780677.89261,13318.29103928,2.41338777542114,0.0165035724639893,0.21099066734314,1.00308680534363,1.55823159217834,1.80247783660889,1.84514760971069,1.84514760971069,-1,-1,2.07004261016846,194.48709487915,244.246244430542,42.6697731018066,286.916017532349,Conflict,Left,Right,Right,Left,Right,0,1,0,1,1,1,0,0,1,0,1,1,0,0,0,1,1,0,1,270,120,20260803_t1352_srsSmooth_Moretraining_B003,94,44,18.6634889801343,1.2542417049408,2,2,50,1,0,1,1,0,1
20260803_t1352_srsSmooth_Moretraining,srs_smooth_Moretraining,trial0350.mat,350,350,270,3,123,86,98,48,50,8,1,2,8,2,89,13718,2,0,2,1,1,2,2,1,1,2,CHOSE_LOW_SAL,2,455,1,0,6,0,0,0,165,10,165,10,155,165,1,180,191.203172434787,358.796827565213,11.2031724347875,178.796827565213,-167.593655130425,167.593655130425,NaN,NaN,NaN,1785780681.60953,13322.0079696,2.63765859603882,0.016395092010498,0.261277675628662,1.06122398376465,1.53312110900879,1.76967430114746,1.81135129928589,1.81135129928589,-1,-1,2.12684297561646,244.882583618164,236.553192138672,41.6769981384277,278.2301902771,Conflict,Left,Right,Left,Left,Right,0,1,0,1,1,0,1,1,0,1,0,0,1,0,0,1,1,0,1,271,121,20260803_t1352_srsSmooth_Moretraining_B003,95,45,18.7254376888275,1.30353474617004,2,1,14,1,1,1,0,0,1
20260803_t1352_srsSmooth_Moretraining,srs_smooth_Moretraining,trial0351.mat,351,351,271,3,124,87,98,48,50,8,1,1,6,2,66,18181,2,0,2,1,1,2,1,2,1,2,CHOSE_HIGH_SAL,1,455,1,0,4,0,0,0,182,75,182,75,107,182,1,0,176.981931573096,13.0180684269036,176.981931573096,13.0180684269035,163.963863146193,163.963863146193,NaN,NaN,NaN,1785780685.55769,13325.95611188,2.51658082008362,0.0183937549591064,0.246206283569336,0.979452133178711,1.46011757850647,1.66299414634705,1.70240139961243,1.70240139961243,-1,-1,1.99332427978516,227.812528610229,202.876567840576,39.4072532653809,242.283821105957,Congruent,Left,Right,Left,Left,Left,0,1,1,0,1,0,1,1,1,1,0,0,0,0,0,0,1,1,1,272,122,20260803_t1352_srsSmooth_Moretraining_B003,96,46,18.7912403106689,1.31049871444702,1,2,165,1,0,0,1,1,1
20260803_t1352_srsSmooth_Moretraining,srs_smooth_Moretraining,trial0352.mat,352,352,272,3,125,88,98,48,50,8,1,1,5,2,53,26330,2,0,1,2,1,1,1,1,2,2,CHOSE_LOW_SAL,2,455,1,0,7,0,0,0,192,54,192,54,138,54,1,0,114.231940272295,75.7680597277046,114.231940272295,75.7680597277046,38.4638805445909,38.4638805445909,NaN,NaN,NaN,1785780689.40432,13329.802613,2.34429788589478,0.0135788917541504,0.231467247009277,0.850278615951538,1.45530414581299,1.66628789901733,1.70856809616089,1.70856809616089,-1,-1,1.94869899749756,217.888355255127,210.983753204346,42.2801971435547,253.2639503479,Congruent,Right,Left,Left,Right,Right,0,1,1,0,1,0,0,0,0,1,1,1,1,1,1,1,1,1,1,273,123,20260803_t1352_srsSmooth_Moretraining_B003,97,47,18.8553508559863,1.3300518989563,1,2,182,1,1,0,0,1,1
20260803_t1352_srsSmooth_Moretraining,srs_smooth_Moretraining,trial0353.mat,353,353,273,3,126,89,98,48,50,8,1,1,5,2,58,16112,2,0,1,2,1,1,1,1,2,2,CHOSE_LOW_SAL,2,455,1,0,5,0,0,0,178,40,178,40,138,40,1,0,177.201068260015,12.7989317399853,177.201068260015,12.7989317399853,164.402136520029,164.402136520029,NaN,NaN,NaN,1785780693.04972,13333.44790604,2.14036774635315,0.0183243751525879,0.213490962982178,0.895851612091064,1.29337549209595,1.51315903663635,1.55487513542175,1.55487513542175,-1,-1,1.7969343662262,195.16658782959,219.783544540405,41.7160987854004,261.499643325806,Congruent,Right,Left,Left,Right,Right,0,1,1,0,1,0,0,0,0,1,1,1,1,1,1,1,1,1,1,274,124,20260803_t1352_srsSmooth_Moretraining_B003,98,48,18.916107515494,1.30110168457031,2,2,54,1,0,0,1,1,1
20260803_t1352_srsSmooth_Moretraining,srs_smooth_Moretraining,trial0354.mat,354,354,274,3,127,90,98,48,50,8,1,2,8,2,91,22846,2,0,2,1,1,2,2,1,2,1,CHOSE_HIGH_SAL,1,455,1,0,3,0,0,0,159,48,159,48,111,48,1,180,209.855267798888,340.144732201112,29.8552677988876,160.144732201112,-130.289464402225,130.289464402225,NaN,NaN,NaN,1785780696.53143,13336.92950084,2.30093193054199,0.0117471218109131,0.189514398574829,0.789791822433472,1.3701343536377,1.6378231048584,1.67339468002319,1.67339468002319,-1,-1,1.92692399024963,177.767276763916,267.688751220703,35.5715751647949,303.260326385498,Conflict,Left,Right,Right,Left,Right,0,1,0,1,1,1,0,0,1,0,1,1,0,0,0,1,1,0,1,275,125,20260803_t1352_srsSmooth_Moretraining_B003,99,49,18.9741361021996,1.34134745597839,2,2,40,1,0,1,1,0,1
20260803_t1352_srsSmooth_Moretraining,srs_smooth_Moretraining,trial0355.mat,355,355,275,3,128,90,98,48,50,8,1,2,8,2,91,22846,2,0,2,1,1,2,2,1,1,2,CHOSE_LOW_SAL,2,455,1,0,4,0,0,0,159,24,159,24,135,159,1,180,209.855267798888,340.144732201112,29.8552677988876,160.144732201112,-130.289464402225,130.289464402225,NaN,NaN,NaN,1785780700.16399,13340.562052,2.15893387794495,0.0126655101776123,0.223320245742798,0.773974657058716,1.2293803691864,1.38221263885498,1.4239387512207,1.4239387512207,-1,-1,1.691086769104,210.654735565186,152.832269668579,41.7261123657227,194.558382034302,Conflict,Left,Right,Left,Left,Right,0,1,0,1,1,0,1,1,0,1,0,0,1,0,0,1,1,0,1,276,126,20260803_t1352_srsSmooth_Moretraining_B003,100,50,19.0346787492434,1.33162689208984,2,1,48,1,1,1,0,0,1
20260803_t1352_srsSmooth_Moretraining,srs_smooth_Moretraining,trial0356.mat,356,356,276,3,129,91,98,48,50,8,1,2,8,2,93,19428,2,0,2,1,1,2,2,1,1,2,CHOSE_LOW_SAL,2,455,1,0,6,0,0,0,207,37,207,37,170,207,1,0,82.1242243046992,107.875775695301,82.1242243046992,107.875775695301,-25.7515513906017,25.7515513906017,NaN,NaN,NaN,1785780703.64735,13344.04528768,2.4925971031189,0.0127799510955811,0.257639408111572,0.857657909393311,1.41283464431763,1.64045095443726,1.68252110481262,1.68252110481262,-1,-1,1.95009851455688,244.859457015991,227.616310119629,42.0701503753662,269.686460494995,Conflict,Left,Right,Left,Left,Right,0,1,0,1,1,0,1,1,0,1,0,0,1,0,0,1,1,0,1,277,127,20260803_t1352_srsSmooth_Moretraining_B003,101,51,19.0927347103755,1.32442378997803,1,2,159,1,0,0,1,1,1
20260803_t1352_srsSmooth_Moretraining,srs_smooth_Moretraining,trial0357.mat,357,357,277,3,130,92,98,48,50,8,1,2,8,2,97,2164,2,0,2,1,1,2,2,1,1,2,CHOSE_LOW_SAL,2,455,1,0,3,0,0,0,192,49,192,49,143,192,1,0,89.1760915159609,100.823908484039,89.1760915159609,100.823908484039,-11.6478169680781,11.6478169680781,NaN,NaN,NaN,1785780707.44847,13347.84635992,2.38333439826965,0.0201475620269775,0.263218402862549,0.798381805419922,1.38686871528625,1.5646665096283,1.60671401023865,1.60671401023865,-1,-1,1.8710572719574,243.070840835571,177.797794342041,42.0475006103516,219.845294952393,Conflict,Left,Right,Left,Left,Right,0,1,0,1,1,0,1,1,0,1,0,0,1,0,0,1,1,0,1,278,128,20260803_t1352_srsSmooth_Moretraining_B003,102,52,19.1560866435369,1.30851888656616,1,2,207,1,0,0,1,1,1
20260803_t1352_srsSmooth_Moretraining,srs_smooth_Moretraining,trial0358.mat,358,358,278,3,131,93,98,48,50,8,1,2,8,2,87,29002,2,0,2,1,1,2,2,1,1,2,CHOSE_LOW_SAL,2,455,1,0,7,0,0,0,177,45,177,45,132,177,1,180,199.566822234245,350.433177765755,19.5668222342449,170.433177765755,-150.86635553151,150.86635553151,NaN,NaN,NaN,1785780711.14851,13351.5463326,2.34958243370056,0.0119175910949707,0.248915195465088,0.84845232963562,1.44530773162842,1.5063591003418,1.55489087104797,1.55489087104797,-1,-1,1.83139705657959,236.997604370117,61.0513687133789,48.5317707061768,109.583139419556,Conflict,Left,Right,Left,Left,Right,0,1,0,1,1,0,1,1,0,1,0,0,1,0,0,1,1,0,1,279,129,20260803_t1352_srsSmooth_Moretraining_B003,103,53,19.2177540302277,1.31670880317688,1,2,192,1,0,0,1,1,1
20260803_t1352_srsSmooth_Moretraining,srs_smooth_Moretraining,trial0359.mat,359,359,279,3,132,94,98,48,50,8,1,1,6,2,67,14042,2,0,2,1,1,2,1,2,0,0,,0,11,0,1,2,0,0,0,192,30,192,30,162,NaN,1,180,293.451182440116,256.548817559884,113.451182440116,76.5488175598842,36.9023648802316,36.9023648802316,NaN,NaN,NaN,1785780714.83319,13355.23093456,1.273033618927,0.0190508365631104,0.138911485671997,0.93882417678833,-1,-1,-1,-1,-1,-1,-1,119.860649108887,NaN,NaN,NaN,Congruent,Left,Right,None,Left,Left,0,1,1,0,0,NaN,NaN,NaN,NaN,NaN,NaN,NaN,NaN,0,0,0,1,1,0,279,NaN,20260803_t1352_srsSmooth_Moretraining_B003,NaN,NaN,19.2791653593381,1.33509731292725,NaN,NaN,NaN,0,NaN,NaN,NaN,NaN,0
20260803_t1352_srsSmooth_Moretraining,srs_smooth_Moretraining,trial0360.mat,360,360,279,3,133,94,98,48,50,8,1,1,6,2,72,6252,2,0,2,1,1,2,1,2,0,0,,0,11,0,1,3,0,0,0,145,54,145,54,91,NaN,1,180,280.632466296509,269.367533703491,100.632466296509,89.3675337034908,11.2649325930183,11.2649325930183,NaN,NaN,NaN,1785780717.35308,13357.75075348,0.460958003997803,0.01593017578125,0.227737188339233,-1,-1,-1,-1,-1,-1,-1,-1,211.807012557983,NaN,NaN,NaN,Congruent,Left,Right,None,Left,Left,0,1,1,0,0,NaN,NaN,NaN,NaN,NaN,NaN,NaN,NaN,0,0,0,1,1,0,279,NaN,20260803_t1352_srsSmooth_Moretraining_B003,NaN,NaN,19.3211634834607,1.24685382843018,NaN,NaN,NaN,0,NaN,NaN,NaN,NaN,0
20260803_t1352_srsSmooth_Moretraining,srs_smooth_Moretraining,trial0361.mat,361,361,279,3,134,94,98,48,50,8,1,2,7,2,81,4195,2,0,1,2,1,1,2,2,2,2,CHOSE_HIGH_SAL,1,455,1,0,5,0,0,0,166,30,166,30,136,30,1,0,14.056698639079,175.943301360921,14.056698639079,175.943301360921,-161.886602721842,161.886602721842,NaN,NaN,NaN,1785780719.11096,13359.50852008,2.1891393661499,0.0164477825164795,0.251015424728394,0.967629909515381,1.48317313194275,1.50328254699707,1.54211950302124,1.54211950302124,-1,-1,1.81812334060669,234.567642211914,20.1094150543213,38.8369560241699,58.9463710784912,Conflict,Right,Left,Left,Right,Left,0,1,0,1,1,0,0,0,1,1,1,1,0,1,1,0,1,0,1,280,130,20260803_t1352_srsSmooth_Moretraining_B003,104,54,19.3504615743955,1.2969274520874,1,2,177,1,1,0,0,1,1
20260803_t1352_srsSmooth_Moretraining,srs_smooth_Moretraining,trial0362.mat,362,362,280,3,135,95,98,48,50,8,1,2,8,2,95,4286,2,0,2,1,1,2,2,1,2,1,CHOSE_HIGH_SAL,1,455,1,0,4,0,0,0,176,40,176,40,136,40,1,180,265.608362344629,284.391637655371,85.6083623446288,104.391637655371,-18.7832753107424,18.7832753107424,NaN,NaN,NaN,1785780722.61271,13363.01025836,2.2295663356781,0.0148406028747559,0.232233285903931,0.91799521446228,1.33155965805054,1.57642102241516,1.61810874938965,1.61810874938965,-1,-1,1.87546586990356,217.392683029175,244.861364364624,41.6877269744873,286.549091339111,Conflict,Left,Right,Right,Left,Right,0,1,0,1,1,1,0,0,1,0,1,1,0,0,0,1,1,0,1,281,131,20260803_t1352_srsSmooth_Moretraining_B003,105,55,19.4088240146637,1.31260704994202,2,2,30,1,0,1,1,0,1
20260803_t1352_srsSmooth_Moretraining,srs_smooth_Moretraining,trial0363.mat,363,363,281,3,136,95,98,48,50,8,1,2,8,2,95,4286,2,0,2,1,1,2,2,1,0,0,,0,11,0,1,3,0,0,0,176,20,176,20,156,NaN,1,180,265.608362344629,284.391637655371,85.6083623446288,104.391637655371,-18.7832753107424,18.7832753107424,NaN,NaN,NaN,1785780726.16774,13366.5652154,1.58950805664062,0.0182814598083496,0.246152400970459,0.946728229522705,-1,-1,-1,-1,-1,-1,-1,227.870941162109,NaN,NaN,NaN,Conflict,Left,Right,None,Left,Right,0,1,0,1,0,NaN,NaN,NaN,NaN,NaN,NaN,NaN,NaN,0,0,1,1,0,0,281,NaN,20260803_t1352_srsSmooth_Moretraining_B003,NaN,NaN,19.4680745800336,1.32546758651733,NaN,NaN,NaN,0,NaN,NaN,NaN,NaN,0
20260803_t1352_srsSmooth_Moretraining,srs_smooth_Moretraining,trial0364.mat,364,364,281,3,137,95,98,48,50,8,1,2,8,2,95,4286,2,0,2,1,1,2,2,1,0,0,,0,11,0,1,1,0,0,0,176,20,176,20,156,NaN,1,180,265.608362344629,284.391637655371,85.6083623446288,104.391637655371,-18.7832753107424,18.7832753107424,NaN,NaN,NaN,1785780729.01703,13369.41448564,0.505889177322388,0.0191116333007812,0.20548152923584,-1,-1,-1,-1,-1,-1,-1,-1,186.369895935059,NaN,NaN,NaN,Conflict,Left,Right,None,Left,Right,0,1,0,1,0,NaN,NaN,NaN,NaN,NaN,NaN,NaN,NaN,0,0,1,1,0,0,281,NaN,20260803_t1352_srsSmooth_Moretraining_B003,NaN,NaN,19.5155626296997,1.25977492332458,NaN,NaN,NaN,0,NaN,NaN,NaN,NaN,0
20260803_t1352_srsSmooth_Moretraining,srs_smooth_Moretraining,trial0365.mat,365,365,281,3,138,95,98,48,50,8,1,2,8,2,95,4286,2,0,2,1,1,2,2,1,1,2,CHOSE_LOW_SAL,2,455,1,0,1,0,0,0,176,20,176,20,156,176,1,180,265.608362344629,284.391637655371,85.6083623446288,104.391637655371,-18.7832753107424,18.7832753107424,NaN,NaN,NaN,1785780730.7987,13371.19613164,2.4013409614563,0.0125067234039307,0.140427112579346,0.874099969863892,1.47089862823486,1.55727863311768,1.59711623191833,1.59711623191833,-1,-1,1.89938306808472,127.920389175415,86.3800048828125,39.8375988006592,126.217603683472,Conflict,Left,Right,Left,Left,Right,0,1,0,1,1,0,1,1,0,1,0,0,1,0,0,1,1,0,1,282,132,20260803_t1352_srsSmooth_Moretraining_B003,106,56,19.5452572107315,1.27578568458557,2,1,40,1,1,1,0,0,1
20260803_t1352_srsSmooth_Moretraining,srs_smooth_Moretraining,trial0366.mat,366,366,282,3,139,96,98,48,50,8,1,1,6,2,72,6252,2,0,2,1,1,2,1,2,1,2,CHOSE_HIGH_SAL,1,455,1,0,3,0,0,0,181,46,181,46,135,181,1,0,124.483642246555,65.5163577534454,124.483642246555,65.5163577534454,58.9672844931092,58.9672844931092,NaN,NaN,NaN,1785780734.54884,13374.94610852,2.44271039962769,0.0125186443328857,0.248898983001709,0.966093301773071,1.45424270629883,1.66518115997314,1.7077054977417,1.7077054977417,-1,-1,1.95967555046082,236.380338668823,210.938453674316,42.5243377685547,253.462791442871,Congruent,Left,Right,Left,Left,Left,0,1,1,0,1,0,1,1,1,1,0,0,0,0,0,0,1,1,1,283,133,20260803_t1352_srsSmooth_Moretraining_B003,107,57,19.6077595114708,1.348797082901,1,2,176,1,0,0,1,1,1
20260803_t1352_srsSmooth_Moretraining,srs_smooth_Moretraining,trial0367.mat,367,367,283,3,140,97,98,48,50,8,1,1,6,2,67,14042,2,0,2,1,1,2,1,2,0,0,,0,11,0,1,1,0,0,0,183,46,183,46,137,NaN,1,180,343.64806710565,206.35193289435,163.64806710565,26.35193289435,137.2961342113,137.2961342113,NaN,NaN,NaN,1785780738.31149,13378.70868684,1.57872462272644,0.0166802406311035,0.311330080032349,1.00308227539062,-1,-1,-1,-1,-1,-1,-1,294.649839401245,NaN,NaN,NaN,Congruent,Left,Right,None,Left,Left,0,1,1,0,0,NaN,NaN,NaN,NaN,NaN,NaN,NaN,NaN,0,0,0,1,1,0,283,NaN,20260803_t1352_srsSmooth_Moretraining_B003,NaN,NaN,19.6704704205195,1.31994414329529,NaN,NaN,NaN,0,NaN,NaN,NaN,NaN,0
20260803_t1352_srsSmooth_Moretraining,srs_smooth_Moretraining,trial0368.mat,368,368,283,3,141,97,98,48,50,8,1,1,6,2,67,14042,2,0,2,1,1,2,1,2,1,2,CHOSE_HIGH_SAL,1,455,1,0,2,0,0,0,186,34,186,34,152,186,1,0,141.954541216267,48.0454587837334,141.954541216267,48.0454587837334,93.9090824325333,93.9090824325333,NaN,NaN,NaN,1785780741.14397,13381.54117888,2.24717569351196,0.0176529884338379,0.220714330673218,0.84571385383606,1.22603487968445,1.4366250038147,1.47014594078064,1.47014594078064,-1,-1,1.74633145332336,203.06134223938,210.590124130249,33.5209369659424,244.111061096191,Congruent,Left,Right,Left,Left,Left,0,1,1,0,1,0,1,1,1,1,0,0,0,0,0,0,1,1,1,284,134,20260803_t1352_srsSmooth_Moretraining_B003,108,58,19.7176783045133,1.25374841690063,1,2,181,1,0,0,1,1,1
20260803_t1352_srsSmooth_Moretraining,srs_smooth_Moretraining,trial0369.mat,369,369,284,4,1,0,62,12,50,8,2,0,3,1,34,26691,1,2,2,1,2,1,2,1,2,1,SINGLE_T2_CORRECT,11,455,1,0,7,0,0,0,40,116,116,40,-76,116,1,0,10,180,10,180,-170,170,NaN,NaN,NaN,1785780744.7377,13385.13481644,2.22084426879883,0.0157275199890137,0.210439443588257,0.8937087059021,1.22410821914673,1.44405031204224,1.48576927185059,1.48576927185059,-1,-1,1.75967764854431,194.711923599243,219.942092895508,41.7189598083496,261.661052703857,Instruction,Left,Right,Right,Right,Right,1,0,0,0,0,NaN,NaN,NaN,NaN,NaN,NaN,NaN,NaN,0,1,1,0,0,0,285,NaN,20260803_t1352_srsSmooth_Moretraining_B004,1,NaN,19.777573899428,1.34656000137329,NaN,NaN,NaN,0,NaN,NaN,NaN,NaN,0
20260803_t1352_srsSmooth_Moretraining,srs_smooth_Moretraining,trial0370.mat,370,370,285,4,2,1,62,12,50,8,2,0,3,1,37,22827,1,2,2,1,2,1,2,1,2,1,SINGLE_T2_CORRECT,11,455,1,0,5,0,0,0,57,130,130,57,-73,130,1,0,10,180,10,180,-170,170,NaN,NaN,NaN,1785780748.26918,13388.66628096,2.38191080093384,0.0177228450775146,0.268790006637573,0.945774793624878,1.37610983848572,1.61220932006836,1.64546322822571,1.64546322822571,-1,-1,1.9205858707428,251.067161560059,236.099481582642,33.2539081573486,269.35338973999,Instruction,Left,Right,Right,Right,Right,1,0,0,0,0,NaN,NaN,NaN,NaN,NaN,NaN,NaN,NaN,0,1,1,0,0,0,286,NaN,20260803_t1352_srsSmooth_Moretraining_B004,2,NaN,19.8364318768183,1.31063437461853,NaN,NaN,NaN,0,NaN,NaN,NaN,NaN,0
20260803_t1352_srsSmooth_Moretraining,srs_smooth_Moretraining,trial0371.mat,371,371,286,4,3,2,62,12,50,8,2,0,4,1,46,9962,1,2,1,2,2,2,2,2,2,2,SINGLE_T2_CORRECT,11,455,1,0,8,0,0,0,41,90,90,41,-49,90,1,180,190,0,10,180,-170,170,NaN,NaN,NaN,1785780751.97975,13392.37682804,2.13752174377441,0.0156319141387939,0.185772895812988,0.852282047271729,1.23234677314758,1.41912579536438,1.46054077148438,1.46054077148438,-1,-1,1.72689056396484,170.140981674194,186.779022216797,41.4149761199951,228.193998336792,Instruction,Right,Left,Left,Left,Left,1,0,0,0,0,NaN,NaN,NaN,NaN,NaN,NaN,NaN,NaN,1,0,0,0,0,0,287,NaN,20260803_t1352_srsSmooth_Moretraining_B004,3,NaN,19.8982747236888,1.3286600112915,NaN,NaN,NaN,0,NaN,NaN,NaN,NaN,0
20260803_t1352_srsSmooth_Moretraining,srs_smooth_Moretraining,trial0372.mat,372,372,287,4,4,3,62,12,50,8,2,0,1,1,12,12758,1,1,1,2,2,2,1,1,1,1,SINGLE_T1_CORRECT,10,455,1,0,8,0,0,0,58,82,82,58,-24,58,1,0,180,10,180,10,170,170,NaN,NaN,NaN,1785780755.4286,13395.82549468,2.18077945709229,0.0169167518615723,0.211850166320801,0.845327615737915,1.19196367263794,1.47021579742432,1.51154565811157,1.51154565811157,-1,-1,1.81885385513306,194.933414459229,278.252124786377,41.3298606872559,319.581985473633,Instruction,Right,Left,Right,Left,Right,1,0,0,0,0,NaN,NaN,NaN,NaN,NaN,NaN,NaN,NaN,1,0,1,0,1,0,288,NaN,20260803_t1352_srsSmooth_Moretraining_B004,4,NaN,19.9557555754979,1.31132936477661,NaN,NaN,NaN,0,NaN,NaN,NaN,NaN,0
20260803_t1352_srsSmooth_Moretraining,srs_smooth_Moretraining,trial0373.mat,373,373,288,4,5,4,62,12,50,8,2,0,3,1,35,17210,1,2,2,1,2,1,2,1,2,1,SINGLE_T2_CORRECT,11,455,1,0,3,0,0,0,61,103,103,61,-42,103,1,180,190,0,10,180,-170,170,NaN,NaN,NaN,1785780758.91958,13399.31641772,2.26390695571899,0.0177474021911621,0.129302978515625,0.703180313110352,1.3011314868927,1.51212763786316,1.55439829826355,1.55439829826355,-1,-1,1.86152935028076,111.555576324463,210.996150970459,42.2706604003906,253.26681137085,Instruction,Left,Right,Right,Right,Right,1,0,0,0,0,NaN,NaN,NaN,NaN,NaN,NaN,NaN,NaN,0,1,1,0,0,0,289,NaN,20260803_t1352_srsSmooth_Moretraining_B004,5,NaN,20.0139384826024,1.31019496917725,NaN,NaN,NaN,0,NaN,NaN,NaN,NaN,0
20260803_t1352_srsSmooth_Moretraining,srs_smooth_Moretraining,trial0374.mat,374,374,289,4,6,5,62,12,50,8,2,0,3,1,31,30393,1,2,2,1,2,1,2,1,2,1,SINGLE_T2_CORRECT,11,455,1,0,3,0,0,0,31,130,130,31,-99,130,1,0,10,180,10,180,-170,170,NaN,NaN,NaN,1785780762.52642,13402.92309092,2.60750341415405,0.0193853378295898,0.23927903175354,1.0224757194519,1.64444804191589,1.85515213012695,1.89700508117676,1.89700508117676,-1,-1,2.1585476398468,219.89369392395,210.70408821106,41.8529510498047,252.557039260864,Instruction,Left,Right,Right,Right,Right,1,0,0,0,0,NaN,NaN,NaN,NaN,NaN,NaN,NaN,NaN,0,1,1,0,0,0,290,NaN,20260803_t1352_srsSmooth_Moretraining_B004,6,NaN,20.0740524689356,1.34293222427368,NaN,NaN,NaN,0,NaN,NaN,NaN,NaN,0
20260803_t1352_srsSmooth_Moretraining,srs_smooth_Moretraining,trial0375.mat,375,375,290,4,7,6,62,12,50,8,2,0,1,1,1,1072,1,1,1,2,2,2,1,1,1,1,SINGLE_T1_CORRECT,10,455,1,0,3,0,0,0,67,97,97,67,-30,67,1,180,0,190,180,10,170,170,NaN,NaN,NaN,1785780766.47279,13406.8695452,2.36025333404541,0.0148272514343262,0.24280834197998,0.876214742660522,1.34821248054504,1.61721849441528,1.65815162658691,1.65815162658691,-1,-1,1.96888041496277,227.981090545654,269.006013870239,40.9331321716309,309.93914604187,Instruction,Right,Left,Right,Left,Right,1,0,0,0,0,NaN,NaN,NaN,NaN,NaN,NaN,NaN,NaN,1,0,1,0,1,0,291,NaN,20260803_t1352_srsSmooth_Moretraining_B004,7,NaN,20.1398254513741,1.33887553215027,NaN,NaN,NaN,0,NaN,NaN,NaN,NaN,0
20260803_t1352_srsSmooth_Moretraining,srs_smooth_Moretraining,trial0376.mat,376,376,291,4,8,7,62,12,50,8,2,0,2,1,20,12462,1,1,2,1,2,1,1,2,1,2,SINGLE_T1_CORRECT,10,455,1,0,7,0,0,0,63,121,121,63,-58,63,1,0,180,10,180,10,170,170,NaN,NaN,NaN,1785780770.1221,13410.51861788,2.26200008392334,0.0156633853912354,0.18574857711792,0.918694257736206,1.2907133102417,1.53584027290344,1.58373212814331,1.58373212814331,-1,-1,1.85935759544373,170.085191726685,245.126962661743,47.8918552398682,293.018817901611,Instruction,Left,Right,Left,Right,Left,1,0,0,0,0,NaN,NaN,NaN,NaN,NaN,NaN,NaN,NaN,0,1,0,0,1,0,292,NaN,20260803_t1352_srsSmooth_Moretraining_B004,8,NaN,20.2006472349167,1.28905367851257,NaN,NaN,NaN,0,NaN,NaN,NaN,NaN,0
20260803_t1352_srsSmooth_Moretraining,srs_smooth_Moretraining,trial0377.mat,377,377,292,4,9,8,62,12,50,8,2,0,4,1,47,22940,1,2,1,2,2,2,2,2,2,2,SINGLE_T2_CORRECT,11,455,1,0,6,0,0,0,46,120,120,46,-74,120,1,180,190,0,10,180,-170,170,NaN,NaN,NaN,1785780773.67926,13414.07574428,2.16313791275024,0.0169808864593506,0.253568410873413,0.861518621444702,1.24202990531921,1.46186923980713,1.50635862350464,1.50635862350464,-1,-1,1.74324083328247,236.587524414062,219.839334487915,44.4893836975098,264.328718185425,Instruction,Right,Left,Left,Left,Left,1,0,0,0,0,NaN,NaN,NaN,NaN,NaN,NaN,NaN,NaN,1,0,0,0,0,0,293,NaN,20260803_t1352_srsSmooth_Moretraining_B004,9,NaN,20.2599331418673,1.29515433311462,NaN,NaN,NaN,0,NaN,NaN,NaN,NaN,0
20260803_t1352_srsSmooth_Moretraining,srs_smooth_Moretraining,trial0378.mat,378,378,293,4,10,9,62,12,50,8,2,0,1,1,7,14624,1,1,1,2,2,2,1,1,1,1,SINGLE_T1_CORRECT,10,455,1,0,7,0,0,0,39,130,130,39,-91,39,1,180,0,190,180,10,170,170,NaN,NaN,NaN,1785780777.17369,13417.57008236,2.27801060676575,0.0143532752990723,0.223782777786255,0.942641496658325,1.3727400302887,1.65118455886841,1.69240117073059,1.69240117073059,-1,-1,1.92542362213135,209.429502487183,278.444528579712,41.2166118621826,319.661140441895,Instruction,Right,Left,Right,Left,Right,1,0,0,0,0,NaN,NaN,NaN,NaN,NaN,NaN,NaN,NaN,1,0,1,0,1,0,294,NaN,20260803_t1352_srsSmooth_Moretraining_B004,10,NaN,20.3181736509005,1.33129262924194,NaN,NaN,NaN,0,NaN,NaN,NaN,NaN,0
20260803_t1352_srsSmooth_Moretraining,srs_smooth_Moretraining,trial0379.mat,379,379,294,4,11,10,62,12,50,8,2,0,1,1,11,8089,1,1,1,2,2,2,1,1,1,1,SINGLE_T1_CORRECT,10,455,1,0,4,0,0,0,36,118,118,36,-82,36,1,180,0,190,180,10,170,170,NaN,NaN,NaN,1785780780.79851,13421.1950064,2.3215663433075,0.0146758556365967,0.232489824295044,0.891593456268311,1.39806270599365,1.69263911247253,1.73392534255981,1.73392534255981,-1,-1,1.97635912895203,217.813968658447,294.576406478882,41.2862300872803,335.862636566162,Instruction,Right,Left,Right,Left,Right,1,0,0,0,0,NaN,NaN,NaN,NaN,NaN,NaN,NaN,NaN,1,0,1,0,1,0,295,NaN,20260803_t1352_srsSmooth_Moretraining_B004,11,NaN,20.3785873095194,1.34680891036987,NaN,NaN,NaN,0,NaN,NaN,NaN,NaN,0
20260803_t1352_srsSmooth_Moretraining,srs_smooth_Moretraining,trial0380.mat,380,380,295,4,12,11,62,12,50,8,2,0,3,1,26,17839,1,2,2,1,2,1,2,1,2,1,SINGLE_T2_CORRECT,11,455,1,0,6,0,0,0,60,93,93,60,-33,93,1,0,10,180,10,180,-170,170,NaN,NaN,NaN,1785780784.4432,13424.83950768,2.19273734092712,0.0117905139923096,0.231789827346802,0.804550886154175,1.41184544563293,1.49837708473206,1.54011702537537,1.54011702537537,-1,-1,1.7641453742981,219.999313354492,86.5316390991211,41.7399406433105,128.271579742432,Instruction,Left,Right,Right,Right,Right,1,0,0,0,0,NaN,NaN,NaN,NaN,NaN,NaN,NaN,NaN,0,1,1,0,0,0,296,NaN,20260803_t1352_srsSmooth_Moretraining_B004,12,NaN,20.4393321990967,1.32312703132629,NaN,NaN,NaN,0,NaN,NaN,NaN,NaN,0
20260803_t1352_srsSmooth_Moretraining,srs_smooth_Moretraining,trial0381.mat,381,381,296,4,13,12,62,12,50,8,2,0,1,1,9,26665,1,1,1,2,2,2,1,1,1,1,SINGLE_T1_CORRECT,10,455,1,0,3,0,0,0,42,122,122,42,-80,42,1,180,0,190,180,10,170,170,NaN,NaN,NaN,1785780787.98328,13428.37950884,2.47687864303589,0.0135140419006348,0.223118782043457,0.991820096969604,1.58024120330811,1.82242369651794,1.86473536491394,1.86473536491394,-1,-1,2.09365367889404,209.604740142822,242.182493209839,42.3116683959961,284.494161605835,Instruction,Right,Left,Right,Left,Right,1,0,0,0,0,NaN,NaN,NaN,NaN,NaN,NaN,NaN,NaN,1,0,1,0,1,0,297,NaN,20260803_t1352_srsSmooth_Moretraining_B004,13,NaN,20.4983335534732,1.34734392166138,NaN,NaN,NaN,0,NaN,NaN,NaN,NaN,0
20260803_t1352_srsSmooth_Moretraining,srs_smooth_Moretraining,trial0382.mat,382,382,297,4,14,13,62,12,50,8,2,0,2,1,15,1985,1,1,2,1,2,1,1,2,1,2,SINGLE_T1_CORRECT,10,455,1,0,6,0,0,0,77,110,110,77,-33,77,1,0,180,10,180,10,170,170,NaN,NaN,NaN,1785780791.78159,13432.17773668,2.10311579704285,0.0153489112854004,0.201979875564575,0.710584878921509,1.18206071853638,1.44399642944336,1.48539304733276,1.48539304733276,-1,-1,1.71725153923035,186.630964279175,261.935710906982,41.3966178894043,303.332328796387,Instruction,Left,Right,Left,Right,Left,1,0,0,0,0,NaN,NaN,NaN,NaN,NaN,NaN,NaN,NaN,0,1,0,0,1,0,298,NaN,20260803_t1352_srsSmooth_Moretraining_B004,14,NaN,20.5616387724876,1.32143449783325,NaN,NaN,NaN,0,NaN,NaN,NaN,NaN,0
20260803_t1352_srsSmooth_Moretraining,srs_smooth_Moretraining,trial0383.mat,383,383,298,4,15,14,62,12,50,8,2,0,2,1,19,28114,1,1,2,1,2,1,1,2,0,0,,0,11,0,1,3,0,0,0,51,101,101,51,-50,NaN,1,180,0,190,180,10,170,170,NaN,NaN,NaN,1785780795.20774,13435.60393864,0.500756502151489,0.0143356323242188,0.267896890640259,-1,-1,-1,-1,-1,-1,-1,-1,253.56125831604,NaN,NaN,NaN,Instruction,Left,Right,None,Right,Left,1,0,0,0,0,NaN,NaN,NaN,NaN,NaN,NaN,NaN,NaN,0,1,0,0,1,0,298,NaN,20260803_t1352_srsSmooth_Moretraining_B004,NaN,NaN,20.6187412103017,1.32303047180176,NaN,NaN,NaN,0,NaN,NaN,NaN,NaN,0
20260803_t1352_srsSmooth_Moretraining,srs_smooth_Moretraining,trial0385.mat,385,385,298,4,17,14,62,12,50,8,2,0,1,1,4,15322,1,1,1,2,2,2,1,1,1,1,SINGLE_T1_CORRECT,10,455,1,0,5,0,0,0,39,106,106,39,-67,39,1,180,0,190,180,10,170,170,NaN,NaN,NaN,1785780798.49401,13438.88987044,2.32619786262512,0.0198585987091064,0.214782238006592,0.83148980140686,1.3699107170105,1.65653586387634,1.69818329811096,1.69818329811096,-1,-1,1.9649019241333,194.923639297485,286.625146865845,41.6474342346191,328.272581100464,Instruction,Right,Left,Right,Left,Right,1,0,0,0,0,NaN,NaN,NaN,NaN,NaN,NaN,NaN,NaN,1,0,1,0,1,0,299,NaN,20260803_t1352_srsSmooth_Moretraining_B004,15,NaN,20.6735124111176,2.78551554679871,NaN,NaN,NaN,0,NaN,NaN,NaN,NaN,0
20260803_t1352_srsSmooth_Moretraining,srs_smooth_Moretraining,trial0386.mat,386,386,299,4,18,15,62,12,50,8,2,0,3,1,27,21954,1,2,2,1,2,1,2,1,2,1,SINGLE_T2_CORRECT,11,455,1,0,3,0,0,0,74,101,101,74,-27,101,1,180,190,0,10,180,-170,170,NaN,NaN,NaN,1785780802.08891,13442.48482524,2.20516347885132,0.0167670249938965,0.184834718704224,0.703548669815063,1.19181394577026,1.50950598716736,1.55072331428528,1.55072331428528,-1,-1,1.78017950057983,168.067693710327,317.692041397095,41.2173271179199,358.909368515015,Instruction,Left,Right,Right,Right,Right,1,0,0,0,0,NaN,NaN,NaN,NaN,NaN,NaN,NaN,NaN,0,1,1,0,0,0,300,NaN,20260803_t1352_srsSmooth_Moretraining_B004,16,NaN,20.7334273576736,1.26869893074036,NaN,NaN,NaN,0,NaN,NaN,NaN,NaN,0
20260803_t1352_srsSmooth_Moretraining,srs_smooth_Moretraining,trial0387.mat,387,387,300,4,19,16,62,12,50,8,2,0,3,1,28,30314,1,2,2,1,2,1,2,1,2,1,SINGLE_T2_CORRECT,11,455,1,0,9,0,0,0,29,110,110,29,-81,110,1,180,190,0,10,180,-170,170,NaN,NaN,NaN,1785780805.58468,13445.98061796,2.48543167114258,0.0127942562103271,0.249265670776367,0.932767152786255,1.50451922416687,1.70782446861267,1.7490918636322,1.7490918636322,-1,-1,2.04150414466858,236.47141456604,203.305244445801,41.2673950195312,244.572639465332,Instruction,Left,Right,Right,Right,Right,1,0,0,0,0,NaN,NaN,NaN,NaN,NaN,NaN,NaN,NaN,0,1,1,0,0,0,301,NaN,20260803_t1352_srsSmooth_Moretraining_B004,17,NaN,20.7916902860006,1.29061222076416,NaN,NaN,NaN,0,NaN,NaN,NaN,NaN,0
20260803_t1352_srsSmooth_Moretraining,srs_smooth_Moretraining,trial0388.mat,388,388,301,4,20,17,62,12,50,8,2,0,4,1,48,31197,1,2,1,2,2,2,2,2,0,0,,0,11,0,1,2,0,0,0,45,144,144,45,-99,NaN,1,0,10,180,10,180,-170,170,NaN,NaN,NaN,1785780809.38543,13449.7813682,1.06656765937805,0.0121955871582031,0.123780250549316,0.790199995040894,-1,-1,-1,-1,-1,-1,-1,111.584663391113,NaN,NaN,NaN,Instruction,Right,Left,None,Left,Left,1,0,0,0,0,NaN,NaN,NaN,NaN,NaN,NaN,NaN,NaN,1,0,0,0,0,0,301,NaN,20260803_t1352_srsSmooth_Moretraining_B004,NaN,NaN,20.8550360480944,1.31531405448914,NaN,NaN,NaN,0,NaN,NaN,NaN,NaN,0
20260803_t1352_srsSmooth_Moretraining,srs_smooth_Moretraining,trial0391.mat,391,391,301,4,23,17,62,12,50,8,2,0,3,1,32,9428,1,2,2,1,2,1,2,1,2,1,SINGLE_T2_CORRECT,11,455,1,0,5,0,0,0,39,115,115,39,-76,115,1,0,10,180,10,180,-170,170,NaN,NaN,NaN,1785780814.85835,13455.25390728,2.29434657096863,0.0144908428192139,0.267926692962646,0.973839282989502,1.31454181671143,1.58424687385559,1.62587475776672,1.62587475776672,-1,-1,1.86581373214722,253.435850143433,269.705057144165,41.6278839111328,311.332941055298,Instruction,Left,Right,Right,Right,Right,1,0,0,0,0,NaN,NaN,NaN,NaN,NaN,NaN,NaN,NaN,0,1,1,0,0,0,302,NaN,20260803_t1352_srsSmooth_Moretraining_B004,18,NaN,20.9462513407071,4.40634989738464,NaN,NaN,NaN,0,NaN,NaN,NaN,NaN,0
20260803_t1352_srsSmooth_Moretraining,srs_smooth_Moretraining,trial0392.mat,392,392,302,4,24,18,62,12,50,8,2,0,2,1,14,24615,1,1,2,1,2,1,1,2,1,2,SINGLE_T1_CORRECT,10,455,1,0,4,0,0,0,68,106,106,68,-38,68,1,0,180,10,180,10,170,170,NaN,NaN,NaN,1785780818.48876,13458.88447092,2.13114953041077,0.0175554752349854,0.129023551940918,0.654170513153076,1.24260377883911,1.42939162254333,1.47103524208069,1.47103524208069,-1,-1,1.72908234596252,111.468076705933,186.787843704224,41.6436195373535,228.431463241577,Instruction,Left,Right,Left,Right,Left,1,0,0,0,0,NaN,NaN,NaN,NaN,NaN,NaN,NaN,NaN,0,1,0,0,1,0,303,NaN,20260803_t1352_srsSmooth_Moretraining_B004,19,NaN,21.0067581772804,1.33606362342834,NaN,NaN,NaN,0,NaN,NaN,NaN,NaN,0
20260803_t1352_srsSmooth_Moretraining,srs_smooth_Moretraining,trial0393.mat,393,393,303,4,25,19,62,12,50,8,2,0,1,1,10,9928,1,1,1,2,2,2,1,1,1,1,SINGLE_T1_CORRECT,10,455,1,0,7,0,0,0,33,116,116,33,-83,33,1,180,0,190,180,10,170,170,NaN,NaN,NaN,1785780821.93147,13462.32695792,2.54829955101013,0.0166466236114502,0.244877099990845,0.945198774337769,1.56670784950256,1.8530158996582,1.89505076408386,1.89505076408386,-1,-1,2.18490862846375,228.230476379395,286.30805015564,42.0348644256592,328.342914581299,Instruction,Right,Left,Right,Left,Right,1,0,0,0,0,NaN,NaN,NaN,NaN,NaN,NaN,NaN,NaN,1,0,1,0,1,0,304,NaN,20260803_t1352_srsSmooth_Moretraining_B004,20,NaN,21.064136660099,1.31155943870544,NaN,NaN,NaN,0,NaN,NaN,NaN,NaN,0
20260803_t1352_srsSmooth_Moretraining,srs_smooth_Moretraining,trial0394.mat,394,394,304,4,26,20,62,12,50,8,2,0,4,1,43,5748,1,2,1,2,2,2,2,2,2,2,SINGLE_T2_CORRECT,11,455,1,0,1,0,0,0,54,118,118,54,-64,118,1,0,10,180,10,180,-170,170,NaN,NaN,NaN,1785780825.7985,13466.19386472,2.26926875114441,0.016427755355835,0.228294849395752,0.859021663665771,1.25814270973206,1.49266338348389,1.52585220336914,1.52585220336914,-1,-1,1.8289623260498,211.867094039917,234.520673751831,33.1888198852539,267.709493637085,Instruction,Right,Left,Left,Left,Left,1,0,0,0,0,NaN,NaN,NaN,NaN,NaN,NaN,NaN,NaN,1,0,0,0,0,0,305,NaN,20260803_t1352_srsSmooth_Moretraining_B004,21,NaN,21.1285872618357,1.31873655319214,NaN,NaN,NaN,0,NaN,NaN,NaN,NaN,0
20260803_t1352_srsSmooth_Moretraining,srs_smooth_Moretraining,trial0395.mat,395,395,305,4,27,21,62,12,50,8,2,0,3,1,36,26856,1,2,2,1,2,1,2,1,2,1,SINGLE_T2_CORRECT,11,455,1,0,1,0,0,0,56,105,105,56,-49,105,1,180,190,0,10,180,-170,170,NaN,NaN,NaN,1785780829.33784,13469.73328444,2.64098024368286,0.0188939571380615,0.294756174087524,1.03879475593567,1.63562297821045,1.86176824569702,1.89459490776062,1.89459490776062,-1,-1,2.18903994560242,275.862216949463,226.145267486572,32.8266620635986,258.971929550171,Instruction,Left,Right,Right,Right,Right,1,0,0,0,0,NaN,NaN,NaN,NaN,NaN,NaN,NaN,NaN,0,1,1,0,0,0,306,NaN,20260803_t1352_srsSmooth_Moretraining_B004,22,NaN,21.1875762383143,1.27006983757019,NaN,NaN,NaN,0,NaN,NaN,NaN,NaN,0
20260803_t1352_srsSmooth_Moretraining,srs_smooth_Moretraining,trial0397.mat,397,397,306,4,29,22,62,12,50,8,2,0,1,1,6,11722,1,1,1,2,2,2,1,1,0,0,,0,11,0,1,2,0,0,0,46,112,112,46,-66,NaN,1,0,180,10,180,10,170,170,NaN,NaN,NaN,1785780834.86446,13475.2597038,0.153228998184204,0.0174872875213623,0.0183720588684082,-1,-1,-1,-1,-1,-1,-1,-1,0.884771347045898,NaN,NaN,NaN,Instruction,Right,Left,None,Left,Right,1,0,0,0,0,NaN,NaN,NaN,NaN,NaN,NaN,NaN,NaN,1,0,1,0,1,0,306,NaN,20260803_t1352_srsSmooth_Moretraining_B004,NaN,NaN,21.279686597983,2.88564133644104,NaN,NaN,NaN,0,NaN,NaN,NaN,NaN,0
20260803_t1352_srsSmooth_Moretraining,srs_smooth_Moretraining,trial0398.mat,398,398,306,4,30,22,62,12,50,8,2,0,2,1,18,19126,1,1,2,1,2,1,1,2,1,2,SINGLE_T1_CORRECT,10,455,1,0,3,0,0,0,55,88,88,55,-33,55,1,0,180,10,180,10,170,170,NaN,NaN,NaN,1785780836.26581,13476.66112588,2.31416487693787,0.0161933898925781,0.160867929458618,0.802776575088501,1.36624646186829,1.58539915084839,1.62507200241089,1.62507200241089,-1,-1,1.92819952964783,144.67453956604,219.152688980103,39.6728515625,258.825540542603,Instruction,Left,Right,Left,Right,Left,1,0,0,0,0,NaN,NaN,NaN,NaN,NaN,NaN,NaN,NaN,0,1,0,0,1,0,307,NaN,20260803_t1352_srsSmooth_Moretraining_B004,23,NaN,21.3030423998833,1.24811911582947,NaN,NaN,NaN,0,NaN,NaN,NaN,NaN,0
20260803_t1352_srsSmooth_Moretraining,srs_smooth_Moretraining,trial0399.mat,399,399,307,4,31,23,62,12,50,8,2,0,4,1,40,22230,1,2,1,2,2,2,2,2,2,2,SINGLE_T2_CORRECT,11,455,1,0,3,0,0,0,70,129,129,70,-59,129,1,180,190,0,10,180,-170,170,NaN,NaN,NaN,1785780839.87569,13480.27080204,2.39519238471985,0.0147922039031982,0.259372711181641,1.03268098831177,1.39818000793457,1.64257144927979,1.68454742431641,1.68454742431641,-1,-1,1.96962642669678,244.580507278442,244.391441345215,41.9759750366211,286.367416381836,Instruction,Right,Left,Left,Left,Left,1,0,0,0,0,NaN,NaN,NaN,NaN,NaN,NaN,NaN,NaN,1,0,0,0,0,0,308,NaN,20260803_t1352_srsSmooth_Moretraining_B004,24,NaN,21.3632069865863,1.29571032524109,NaN,NaN,NaN,0,NaN,NaN,NaN,NaN,0
20260803_t1352_srsSmooth_Moretraining,srs_smooth_Moretraining,trial0400.mat,400,400,308,4,32,24,62,12,50,8,2,0,2,1,22,9571,1,1,2,1,2,1,1,2,1,2,SINGLE_T1_CORRECT,10,455,1,0,4,0,0,0,45,127,127,45,-82,45,1,0,180,10,180,10,170,170,NaN,NaN,NaN,1785780843.5533,13483.9485208,2.22694849967957,0.0123231410980225,0.215612649917603,0.857229471206665,1.31237483024597,1.57354378700256,1.60539507865906,1.60539507865906,-1,-1,1.84299302101135,203.28950881958,261.168956756592,31.8512916564941,293.020248413086,Instruction,Left,Right,Left,Right,Left,1,0,0,0,0,NaN,NaN,NaN,NaN,NaN,NaN,NaN,NaN,0,1,0,0,1,0,309,NaN,20260803_t1352_srsSmooth_Moretraining_B004,25,NaN,21.4245005210241,1.28241968154907,NaN,NaN,NaN,0,NaN,NaN,NaN,NaN,0
20260803_t1352_srsSmooth_Moretraining,srs_smooth_Moretraining,trial0401.mat,401,401,309,4,33,25,62,12,50,8,2,0,4,1,50,8490,1,2,1,2,2,2,2,2,2,2,SINGLE_T2_CORRECT,11,455,1,0,3,0,0,0,48,117,117,48,-69,117,1,0,10,180,10,180,-170,170,NaN,NaN,NaN,1785780847.0848,13487.4798306,2.31072449684143,0.0142910480499268,0.217534780502319,0.817022800445557,1.34767580032349,1.60685348510742,1.63981294631958,1.63981294631958,-1,-1,1.88424515724182,203.243732452393,259.177684783936,32.9594612121582,292.137145996094,Instruction,Right,Left,Left,Left,Left,1,0,0,0,0,NaN,NaN,NaN,NaN,NaN,NaN,NaN,NaN,1,0,0,0,0,0,310,NaN,20260803_t1352_srsSmooth_Moretraining_B004,26,NaN,21.4833589235942,1.30455565452576,NaN,NaN,NaN,0,NaN,NaN,NaN,NaN,0
20260803_t1352_srsSmooth_Moretraining,srs_smooth_Moretraining,trial0402.mat,402,402,310,4,34,26,62,12,50,8,2,0,3,1,33,30824,1,2,2,1,2,1,2,1,2,1,SINGLE_T2_CORRECT,11,455,1,0,1,0,0,0,40,102,102,40,-62,102,1,180,190,0,10,180,-170,170,NaN,NaN,NaN,1785780850.70634,13491.10120884,2.23055243492126,0.0178964138031006,0.219097852706909,0.777350664138794,1.27627921104431,1.52988791465759,1.56922459602356,1.56922459602356,-1,-1,1.81313323974609,201.201438903809,253.608703613281,39.3366813659668,292.945384979248,Instruction,Left,Right,Right,Right,Right,1,0,0,0,0,NaN,NaN,NaN,NaN,NaN,NaN,NaN,NaN,0,1,1,0,0,0,311,NaN,20260803_t1352_srsSmooth_Moretraining_B004,27,NaN,21.5437178492546,1.31081104278564,NaN,NaN,NaN,0,NaN,NaN,NaN,NaN,0
20260803_t1352_srsSmooth_Moretraining,srs_smooth_Moretraining,trial0403.mat,403,403,311,4,35,27,62,12,50,8,2,0,2,1,23,2806,1,1,2,1,2,1,1,2,1,2,SINGLE_T1_CORRECT,10,455,1,0,5,0,0,0,50,115,115,50,-65,50,1,180,0,190,180,10,170,170,NaN,NaN,NaN,1785780854.3301,13494.72496108,2.23171997070312,0.0192766189575195,0.153856754302979,0.714162111282349,1.31099343299866,1.53871917724609,1.58280754089355,1.58280754089355,-1,-1,1.86672568321228,134.580135345459,227.725744247437,44.0883636474609,271.814107894897,Instruction,Left,Right,Left,Right,Left,1,0,0,0,0,NaN,NaN,NaN,NaN,NaN,NaN,NaN,NaN,0,1,0,0,1,0,312,NaN,20260803_t1352_srsSmooth_Moretraining_B004,28,NaN,21.6041138807933,1.39320945739746,NaN,NaN,NaN,0,NaN,NaN,NaN,NaN,0
20260803_t1352_srsSmooth_Moretraining,srs_smooth_Moretraining,trial0404.mat,404,404,312,4,36,28,62,12,50,8,2,0,4,1,45,17438,1,2,1,2,2,2,2,2,2,2,SINGLE_T2_CORRECT,11,455,1,0,6,0,0,0,69,131,131,69,-62,131,1,0,10,180,10,180,-170,170,NaN,NaN,NaN,1785780857.88872,13498.2835728,2.19958305358887,0.0191283226013184,0.238945007324219,0.905656099319458,1.25251030921936,1.46396946907043,1.50567269325256,1.50567269325256,-1,-1,1.73104119300842,219.8166847229,211.459159851074,41.7032241821289,253.162384033203,Instruction,Right,Left,Left,Left,Left,1,0,0,0,0,NaN,NaN,NaN,NaN,NaN,NaN,NaN,NaN,1,0,0,0,0,0,313,NaN,20260803_t1352_srsSmooth_Moretraining_B004,29,NaN,21.663424217701,1.32690024375916,NaN,NaN,NaN,0,NaN,NaN,NaN,NaN,0
20260803_t1352_srsSmooth_Moretraining,srs_smooth_Moretraining,trial0405.mat,405,405,313,4,37,29,62,12,50,8,2,0,2,1,13,5384,1,1,2,1,2,1,1,2,0,0,,0,11,0,1,1,0,0,0,39,138,138,39,-99,NaN,1,0,180,10,180,10,170,170,NaN,NaN,NaN,1785780861.38902,13501.78365876,0.263208150863647,0.0189692974090576,0.197243690490723,-1,-1,-1,-1,-1,-1,-1,-1,178.274393081665,NaN,NaN,NaN,Instruction,Left,Right,None,Right,Left,1,0,0,0,0,NaN,NaN,NaN,NaN,NaN,NaN,NaN,NaN,0,1,0,0,1,0,313,NaN,20260803_t1352_srsSmooth_Moretraining_B004,NaN,NaN,21.7217624862989,1.30071306228638,NaN,NaN,NaN,0,NaN,NaN,NaN,NaN,0
20260803_t1352_srsSmooth_Moretraining,srs_smooth_Moretraining,trial0406.mat,406,406,313,4,38,29,62,12,50,8,2,0,3,1,30,29910,1,2,2,1,2,1,2,1,2,1,SINGLE_T2_CORRECT,11,455,1,0,5,0,0,0,42,126,126,42,-84,126,1,180,190,0,10,180,-170,170,NaN,NaN,NaN,1785780862.90853,13503.30325628,2.12986969947815,0.0161852836608887,0.0171692371368408,0.619279384613037,1.06622648239136,1.36851167678833,1.41074061393738,1.41074061393738,-1,-1,1.6600615978241,0.983953475952148,302.285194396973,42.2289371490479,344.514131546021,Instruction,Left,Right,Right,Right,Right,1,0,0,0,0,NaN,NaN,NaN,NaN,NaN,NaN,NaN,NaN,0,1,1,0,0,0,314,NaN,20260803_t1352_srsSmooth_Moretraining_B004,30,NaN,21.7470876495043,1.25630164146423,NaN,NaN,NaN,0,NaN,NaN,NaN,NaN,0
20260803_t1352_srsSmooth_Moretraining,srs_smooth_Moretraining,trial0407.mat,407,407,314,4,39,30,62,12,50,8,2,0,4,1,39,18603,1,2,1,2,2,2,2,2,2,2,SINGLE_T2_CORRECT,11,455,1,0,5,0,0,0,34,110,110,34,-76,110,1,0,10,180,10,180,-170,170,NaN,NaN,NaN,1785780866.36387,13506.75852032,2.47492098808289,0.0193085670471191,0.195473194122314,0.888549089431763,1.47769856452942,1.69759511947632,1.73737406730652,1.73737406730652,-1,-1,2.0316686630249,176.164627075195,219.896554946899,39.7789478302002,259.6755027771,Instruction,Right,Left,Left,Left,Left,1,0,0,0,0,NaN,NaN,NaN,NaN,NaN,NaN,NaN,NaN,1,0,0,0,0,0,315,NaN,20260803_t1352_srsSmooth_Moretraining_B004,31,NaN,21.8046767473221,1.32547616958618,NaN,NaN,NaN,0,NaN,NaN,NaN,NaN,0
20260803_t1352_srsSmooth_Moretraining,srs_smooth_Moretraining,trial0408.mat,408,408,315,4,40,31,62,12,50,8,2,0,2,1,24,21155,1,1,2,1,2,1,1,2,0,0,,0,11,0,1,3,0,0,0,74,110,110,74,-36,NaN,1,0,180,10,180,10,170,170,NaN,NaN,NaN,1785780870.14849,13510.54295484,0.596680879592896,0.0181682109832764,0.238020420074463,-1,-1,-1,-1,-1,-1,-1,-1,219.852209091187,NaN,NaN,NaN,Instruction,Left,Right,None,Right,Left,1,0,0,0,0,NaN,NaN,NaN,NaN,NaN,NaN,NaN,NaN,0,1,0,0,1,0,315,NaN,20260803_t1352_srsSmooth_Moretraining_B004,NaN,NaN,21.8677537679672,1.30970025062561,NaN,NaN,NaN,0,NaN,NaN,NaN,NaN,0
20260803_t1352_srsSmooth_Moretraining,srs_smooth_Moretraining,trial0409.mat,409,409,315,4,41,31,62,12,50,8,2,0,2,1,24,21155,1,1,2,1,2,1,1,2,1,2,SINGLE_T1_CORRECT,10,455,1,0,6,0,0,0,53,132,132,53,-79,53,1,180,0,190,180,10,170,170,NaN,NaN,NaN,1785780871.98892,13512.383351,2.31682968139648,0.0194828510284424,0.245628118515015,0.83094334602356,1.32786798477173,1.59777593612671,1.63917016983032,1.63917016983032,-1,-1,1.92829823493958,226.145267486572,269.90795135498,41.3942337036133,311.302185058594,Instruction,Left,Right,Left,Right,Left,1,0,0,0,0,NaN,NaN,NaN,NaN,NaN,NaN,NaN,NaN,0,1,0,0,1,0,316,NaN,20260803_t1352_srsSmooth_Moretraining_B004,32,NaN,21.8984275102615,1.2437436580658,NaN,NaN,NaN,0,NaN,NaN,NaN,NaN,0
20260803_t1352_srsSmooth_Moretraining,srs_smooth_Moretraining,trial0410.mat,410,410,316,4,42,32,62,12,50,8,2,0,1,1,3,1893,1,1,1,2,2,2,1,1,0,0,,0,11,0,1,0,0,0,0,19,123,123,19,-104,NaN,1,180,0,190,180,10,170,170,NaN,NaN,NaN,1785780875.55406,13515.9484916,0.207151651382446,0.0128087997436523,0.0139601230621338,-1,-1,-1,-1,-1,-1,-1,-1,1.15132331848145,NaN,NaN,NaN,Instruction,Right,Left,None,Left,Right,1,0,0,0,0,NaN,NaN,NaN,NaN,NaN,NaN,NaN,NaN,1,0,1,0,1,0,316,NaN,20260803_t1352_srsSmooth_Moretraining_B004,NaN,NaN,21.957846625646,1.2483172416687,NaN,NaN,NaN,0,NaN,NaN,NaN,NaN,0
20260803_t1352_srsSmooth_Moretraining,srs_smooth_Moretraining,trial0411.mat,411,411,316,4,43,32,62,12,50,8,2,0,4,1,42,24885,1,2,1,2,2,2,2,2,2,2,SINGLE_T2_CORRECT,11,455,1,0,2,0,0,0,63,117,117,63,-54,117,1,0,10,180,10,180,-170,170,NaN,NaN,NaN,1785780877.01053,13517.4050312,2.39363813400269,0.01473069190979,0.226096153259277,0.915619611740112,1.42311978340149,1.69303727149963,1.73649835586548,1.73649835586548,-1,-1,1.96876335144043,211.365461349487,269.917488098145,43.4610843658447,313.378572463989,Instruction,Right,Left,Left,Left,Left,1,0,0,0,0,NaN,NaN,NaN,NaN,NaN,NaN,NaN,NaN,1,0,0,0,0,0,317,NaN,20260803_t1352_srsSmooth_Moretraining_B004,33,NaN,21.9821210940679,1.24931645393372,NaN,NaN,NaN,0,NaN,NaN,NaN,NaN,0
20260803_t1352_srsSmooth_Moretraining,srs_smooth_Moretraining,trial0412.mat,412,412,317,4,44,33,62,12,50,8,2,0,2,1,25,30579,1,1,2,1,2,1,1,2,1,2,SINGLE_T1_CORRECT,10,455,1,0,5,0,0,0,35,124,124,35,-89,35,1,0,180,10,180,10,170,170,NaN,NaN,NaN,1785780880.7416,13521.13603272,2.11326360702515,0.0171465873718262,0.178568124771118,0.762028217315674,1.1838595867157,1.41202902793884,1.45386362075806,1.45386362075806,-1,-1,1.75912594795227,161.421537399292,228.169441223145,41.8345928192139,270.004034042358,Instruction,Left,Right,Left,Right,Left,1,0,0,0,0,NaN,NaN,NaN,NaN,NaN,NaN,NaN,NaN,0,1,0,0,1,0,318,NaN,20260803_t1352_srsSmooth_Moretraining_B004,34,NaN,22.0443054954211,1.33742594718933,NaN,NaN,NaN,0,NaN,NaN,NaN,NaN,0
20260803_t1352_srsSmooth_Moretraining,srs_smooth_Moretraining,trial0413.mat,413,413,318,4,45,34,62,12,50,8,2,0,2,1,17,30799,1,1,2,1,2,1,1,2,1,2,SINGLE_T1_CORRECT,10,455,1,0,3,0,0,0,45,128,128,45,-83,45,1,180,0,190,180,10,170,170,NaN,NaN,NaN,1785780884.17305,13524.56731828,2.33173990249634,0.0191655158996582,0.197049140930176,0.822167158126831,1.43588852882385,1.62950873374939,1.66365575790405,1.66365575790405,-1,-1,1.98287439346313,177.883625030518,193.620204925537,34.1470241546631,227.7672290802,Instruction,Left,Right,Left,Right,Left,1,0,0,0,0,NaN,NaN,NaN,NaN,NaN,NaN,NaN,NaN,0,1,0,0,1,0,319,NaN,20260803_t1352_srsSmooth_Moretraining_B004,35,NaN,22.1014963110288,1.31818532943726,NaN,NaN,NaN,0,NaN,NaN,NaN,NaN,0
20260803_t1352_srsSmooth_Moretraining,srs_smooth_Moretraining,trial0414.mat,414,414,319,4,46,35,62,12,50,8,2,0,4,1,38,28655,1,2,1,2,2,2,2,2,2,2,SINGLE_T2_CORRECT,11,455,1,0,3,0,0,0,33,107,107,33,-74,107,1,0,10,180,10,180,-170,170,NaN,NaN,NaN,1785780887.8339,13528.22811364,2.17231869697571,0.0167884826660156,0.211218118667603,0.752881526947021,1.20016813278198,1.41075587272644,1.45244455337524,1.45244455337524,-1,-1,1.76236629486084,194.429636001587,210.587739944458,41.6886806488037,252.276420593262,Instruction,Right,Left,Left,Left,Left,1,0,0,0,0,NaN,NaN,NaN,NaN,NaN,NaN,NaN,NaN,1,0,0,0,0,0,320,NaN,20260803_t1352_srsSmooth_Moretraining_B004,36,NaN,22.1625105500221,1.32911443710327,NaN,NaN,NaN,0,NaN,NaN,NaN,NaN,0
20260803_t1352_srsSmooth_Moretraining,srs_smooth_Moretraining,trial0415.mat,415,415,320,4,47,36,62,12,50,8,2,0,4,1,44,18346,1,2,1,2,2,2,2,2,2,2,SINGLE_T2_CORRECT,11,455,1,0,3,0,0,0,67,107,107,67,-40,107,1,0,10,180,10,180,-170,170,NaN,NaN,NaN,1785780891.33548,13531.72966396,2.27106833457947,0.0153496265411377,0.218343496322632,0.859768152236938,1.34873580932617,1.52628588676453,1.56871819496155,1.56871819496155,-1,-1,1.86667823791504,202.993869781494,177.550077438354,42.4323081970215,219.982385635376,Instruction,Right,Left,Left,Left,Left,1,0,0,0,0,NaN,NaN,NaN,NaN,NaN,NaN,NaN,NaN,1,0,0,0,0,0,321,NaN,20260803_t1352_srsSmooth_Moretraining_B004,37,NaN,22.2208701610565,1.32925796508789,NaN,NaN,NaN,0,NaN,NaN,NaN,NaN,0
20260803_t1352_srsSmooth_Moretraining,srs_smooth_Moretraining,trial0416.mat,416,416,321,4,48,37,62,12,50,8,2,0,3,1,29,18831,1,2,2,1,2,1,2,1,2,1,SINGLE_T2_CORRECT,11,455,1,0,3,0,0,0,72,131,131,72,-59,131,1,0,10,180,10,180,-170,170,NaN,NaN,NaN,1785780894.90775,13535.30184152,2.13916063308716,0.0182223320007324,0.203800439834595,0.74602484703064,1.35160708427429,1.42067241668701,1.4545886516571,1.4545886516571,-1,-1,1.69574809074402,185.578107833862,69.0653324127197,33.9162349700928,102.981567382812,Instruction,Left,Right,Right,Right,Right,1,0,0,0,0,NaN,NaN,NaN,NaN,NaN,NaN,NaN,NaN,0,1,1,0,0,0,322,NaN,20260803_t1352_srsSmooth_Moretraining_B004,38,NaN,22.2804079691569,1.30120015144348,NaN,NaN,NaN,0,NaN,NaN,NaN,NaN,0
20260803_t1352_srsSmooth_Moretraining,srs_smooth_Moretraining,trial0417.mat,417,417,322,4,49,38,62,12,50,8,2,0,1,1,3,1893,1,1,1,2,2,2,1,1,1,1,SINGLE_T1_CORRECT,10,455,1,0,2,0,0,0,57,106,106,57,-49,57,1,0,180,10,180,10,170,170,NaN,NaN,NaN,1785780898.37926,13538.7731188,2.0009880065918,0.0135102272033691,0.189520597457886,0.716646671295166,1.0885534286499,1.34122967720032,1.38359618186951,1.38359618186951,-1,-1,1.63314175605774,176.010370254517,252.676248550415,42.3665046691895,295.042753219604,Instruction,Right,Left,Right,Left,Right,1,0,0,0,0,NaN,NaN,NaN,NaN,NaN,NaN,NaN,NaN,1,0,1,0,1,0,323,NaN,20260803_t1352_srsSmooth_Moretraining_B004,39,NaN,22.3382665356,1.33235335350037,NaN,NaN,NaN,0,NaN,NaN,NaN,NaN,0
20260803_t1352_srsSmooth_Moretraining,srs_smooth_Moretraining,trial0418.mat,418,418,323,4,50,39,62,12,50,8,2,0,2,1,21,11809,1,1,2,1,2,1,1,2,1,2,SINGLE_T1_CORRECT,10,455,1,0,6,0,0,0,44,108,108,44,-64,44,1,180,0,190,180,10,170,170,NaN,NaN,NaN,1785780901.7043,13542.09819,2.20253562927246,0.0135998725891113,0.216426610946655,0.866833686828613,1.2303147315979,1.46709203720093,1.50652360916138,1.50652360916138,-1,-1,1.82524633407593,202.826738357544,236.777305603027,39.4315719604492,276.208877563477,Instruction,Left,Right,Left,Right,Left,1,0,0,0,0,NaN,NaN,NaN,NaN,NaN,NaN,NaN,NaN,0,1,0,0,1,0,324,NaN,20260803_t1352_srsSmooth_Moretraining_B004,40,NaN,22.3936838905017,1.3240532875061,NaN,NaN,NaN,0,NaN,NaN,NaN,NaN,0
20260803_t1352_srsSmooth_Moretraining,srs_smooth_Moretraining,trial0419.mat,419,419,324,4,51,40,62,12,50,8,2,0,2,1,19,28114,1,1,2,1,2,1,1,2,1,2,SINGLE_T1_CORRECT,10,455,1,0,8,0,0,0,59,134,134,59,-75,59,1,0,180,10,180,10,170,170,NaN,NaN,NaN,1785780905.23294,13545.62674336,2.46538758277893,0.0184288024902344,0.263161897659302,1.06303429603577,1.68516063690186,1.7131199836731,1.75462985038757,1.75462985038757,-1,-1,2.07052445411682,244.733095169067,27.9593467712402,41.5098667144775,69.4692134857178,Instruction,Left,Right,Left,Right,Left,1,0,0,0,0,NaN,NaN,NaN,NaN,NaN,NaN,NaN,NaN,0,1,0,0,1,0,325,NaN,20260803_t1352_srsSmooth_Moretraining_B004,41,NaN,22.4524946252505,1.32610845565796,NaN,NaN,NaN,0,NaN,NaN,NaN,NaN,0
20260803_t1352_srsSmooth_Moretraining,srs_smooth_Moretraining,trial0420.mat,420,420,325,4,52,41,62,12,50,8,2,0,1,1,6,11722,1,1,1,2,2,2,1,1,1,1,SINGLE_T1_CORRECT,10,455,1,0,7,0,0,0,40,106,106,40,-66,40,1,0,180,10,180,10,170,170,NaN,NaN,NaN,1785780909.00927,13549.40303332,2.31445384025574,0.0172505378723145,0.201229572296143,0.786886692047119,1.33396935462952,1.62883734703064,1.67049169540405,1.67049169540405,-1,-1,1.92309880256653,183.979034423828,294.867992401123,41.6543483734131,336.522340774536,Instruction,Right,Left,Right,Left,Right,1,0,0,0,0,NaN,NaN,NaN,NaN,NaN,NaN,NaN,NaN,1,0,1,0,1,0,326,NaN,20260803_t1352_srsSmooth_Moretraining_B004,42,NaN,22.5154333988825,1.31093883514404,NaN,NaN,NaN,0,NaN,NaN,NaN,NaN,0
20260803_t1352_srsSmooth_Moretraining,srs_smooth_Moretraining,trial0421.mat,421,421,326,4,53,42,62,12,50,8,2,0,2,1,13,5384,1,1,2,1,2,1,1,2,1,2,SINGLE_T1_CORRECT,10,455,1,0,4,0,0,0,60,100,100,60,-40,60,1,0,180,10,180,10,170,170,NaN,NaN,NaN,1785780912.62952,13553.02331044,2.19390940666199,0.01381516456604,0.208662509918213,0.898227214813232,1.44720506668091,1.51706886291504,1.55684566497803,1.55684566497803,-1,-1,1.79858160018921,194.847345352173,69.8637962341309,39.7768020629883,109.640598297119,Instruction,Left,Right,Left,Right,Left,1,0,0,0,0,NaN,NaN,NaN,NaN,NaN,NaN,NaN,NaN,0,1,0,0,1,0,327,NaN,20260803_t1352_srsSmooth_Moretraining_B004,43,NaN,22.5757708032926,1.30579042434692,NaN,NaN,NaN,0,NaN,NaN,NaN,NaN,0
20260803_t1352_srsSmooth_Moretraining,srs_smooth_Moretraining,trial0422.mat,422,422,327,4,54,43,62,12,50,8,2,0,1,1,8,26090,1,1,1,2,2,2,1,1,1,1,SINGLE_T1_CORRECT,10,455,1,0,3,0,0,0,53,126,126,53,-73,53,1,0,180,10,180,10,170,170,NaN,NaN,NaN,1785780916.14877,13556.5424744,2.15856528282166,0.0197038650512695,0.172846794128418,0.689365386962891,1.19475054740906,1.44571018218994,1.47863578796387,1.47863578796387,-1,-1,1.7717022895813,153.142929077148,250.959634780884,32.9256057739258,283.88524055481,Instruction,Right,Left,Right,Left,Right,1,0,0,0,0,NaN,NaN,NaN,NaN,NaN,NaN,NaN,NaN,1,0,1,0,1,0,328,NaN,20260803_t1352_srsSmooth_Moretraining_B004,44,NaN,22.6344249765078,1.32534098625183,NaN,NaN,NaN,0,NaN,NaN,NaN,NaN,0
20260803_t1352_srsSmooth_Moretraining,srs_smooth_Moretraining,trial0423.mat,423,423,328,4,55,44,62,12,50,8,2,0,4,1,48,31197,1,2,1,2,2,2,2,2,2,2,SINGLE_T2_CORRECT,11,455,1,0,4,0,0,0,38,110,110,38,-72,110,1,0,10,180,10,180,-170,170,NaN,NaN,NaN,1785780919.60323,13559.99665016,2.2111713886261,0.0153727531433105,0.17689061164856,0.793684959411621,1.20708680152893,1.41867232322693,1.45829606056213,1.45829606056213,-1,-1,1.77966785430908,161.517858505249,211.585521697998,39.6237373352051,251.209259033203,Instruction,Right,Left,Left,Left,Left,1,0,0,0,0,NaN,NaN,NaN,NaN,NaN,NaN,NaN,NaN,1,0,0,0,0,0,329,NaN,20260803_t1352_srsSmooth_Moretraining_B004,45,NaN,22.6919994274775,1.29590177536011,NaN,NaN,NaN,0,NaN,NaN,NaN,NaN,0
20260803_t1352_srsSmooth_Moretraining,srs_smooth_Moretraining,trial0424.mat,424,424,329,4,56,45,62,12,50,8,2,0,4,1,49,17851,1,2,1,2,2,2,2,2,2,2,SINGLE_T2_CORRECT,11,455,1,0,1,0,0,0,64,107,107,64,-43,107,1,180,190,0,10,180,-170,170,NaN,NaN,NaN,1785780923.154,13563.54739468,2.25393676757812,0.0147426128387451,0.301156520843506,0.884981155395508,1.40646386146545,1.53269720077515,1.56604480743408,1.56604480743408,-1,-1,1.81822276115417,286.413908004761,126.233339309692,33.3476066589355,159.580945968628,Instruction,Right,Left,Left,Left,Left,1,0,0,0,0,NaN,NaN,NaN,NaN,NaN,NaN,NaN,NaN,1,0,0,0,0,0,330,NaN,20260803_t1352_srsSmooth_Moretraining_B004,46,NaN,22.7511789441109,1.339599609375,NaN,NaN,NaN,0,NaN,NaN,NaN,NaN,0
20260803_t1352_srsSmooth_Moretraining,srs_smooth_Moretraining,trial0425.mat,425,425,330,4,57,46,62,12,50,8,2,0,1,1,5,19901,1,1,1,2,2,2,1,1,1,1,SINGLE_T1_CORRECT,10,455,1,0,4,0,0,0,47,114,114,47,-67,47,1,0,180,10,180,10,170,170,NaN,NaN,NaN,1785780926.74873,13567.14201212,2.49234533309937,0.020155668258667,0.289103507995605,1.08995175361633,1.67022109031677,1.89792346954346,1.9298141002655,1.9298141002655,-1,-1,2.14738416671753,268.947839736938,227.702379226685,31.8906307220459,259.59300994873,Instruction,Right,Left,Right,Left,Right,1,0,0,0,0,NaN,NaN,NaN,NaN,NaN,NaN,NaN,NaN,1,0,1,0,1,0,331,NaN,20260803_t1352_srsSmooth_Moretraining_B004,47,NaN,22.8110910932223,1.34079217910767,NaN,NaN,NaN,0,NaN,NaN,NaN,NaN,0
20260803_t1352_srsSmooth_Moretraining,srs_smooth_Moretraining,trial0426.mat,426,426,331,4,58,47,62,12,50,8,2,0,1,1,2,28720,1,1,1,2,2,2,1,1,1,1,SINGLE_T1_CORRECT,10,455,1,0,4,0,0,0,57,110,110,57,-53,57,1,0,180,10,180,10,170,170,NaN,NaN,NaN,1785780930.58334,13570.97651604,2.37463068962097,0.0190386772155762,0.230226516723633,1.01386165618896,1.47742867469788,1.73021507263184,1.77235722541809,1.77235722541809,-1,-1,2.01942586898804,211.187839508057,252.78639793396,42.1421527862549,294.928550720215,Instruction,Right,Left,Right,Left,Right,1,0,0,0,0,NaN,NaN,NaN,NaN,NaN,NaN,NaN,NaN,1,0,1,0,1,0,332,NaN,20260803_t1352_srsSmooth_Moretraining_B004,48,NaN,22.8750011285146,1.34225678443909,NaN,NaN,NaN,0,NaN,NaN,NaN,NaN,0
20260803_t1352_srsSmooth_Moretraining,srs_smooth_Moretraining,trial0427.mat,427,427,332,4,59,48,62,12,50,8,2,0,4,1,41,945,1,2,1,2,2,2,2,2,2,2,SINGLE_T2_CORRECT,11,455,1,0,2,0,0,0,55,109,109,55,-54,109,1,0,10,180,10,180,-170,170,NaN,NaN,NaN,1785780934.23442,13574.62754408,2.34866309165955,0.018094539642334,0.160425662994385,0.963040113449097,1.31814670562744,1.58799743652344,1.62714862823486,1.62714862823486,-1,-1,1.89967632293701,142.331123352051,269.850730895996,39.1511917114258,309.001922607422,Instruction,Right,Left,Left,Left,Left,1,0,0,0,0,NaN,NaN,NaN,NaN,NaN,NaN,NaN,NaN,1,0,0,0,0,0,333,NaN,20260803_t1352_srsSmooth_Moretraining_B004,49,NaN,22.9358525792758,1.27645635604858,NaN,NaN,NaN,0,NaN,NaN,NaN,NaN,0
20260803_t1352_srsSmooth_Moretraining,srs_smooth_Moretraining,trial0428.mat,428,428,333,4,60,49,62,12,50,8,2,0,2,1,16,2993,1,1,2,1,2,1,1,2,1,2,SINGLE_T1_CORRECT,10,455,1,0,4,0,0,0,54,123,123,54,-69,54,1,180,0,190,180,10,170,170,NaN,NaN,NaN,1785780937.90066,13578.29372676,2.20733666419983,0.0186715126037598,0.238595247268677,0.94713282585144,1.34372425079346,1.55325174331665,1.59716320037842,1.59716320037842,-1,-1,1.82182359695435,219.923734664917,209.527492523193,43.9114570617676,253.438949584961,Instruction,Left,Right,Left,Right,Left,1,0,0,0,0,NaN,NaN,NaN,NaN,NaN,NaN,NaN,NaN,0,1,0,0,1,0,334,NaN,20260803_t1352_srsSmooth_Moretraining_B004,50,NaN,22.9969564994176,1.31757211685181,NaN,NaN,NaN,0,NaN,NaN,NaN,NaN,0
20260803_t1352_srsSmooth_Moretraining,srs_smooth_Moretraining,trial0429.mat,429,429,334,4,61,50,62,12,50,8,2,2,7,2,58,4648,2,0,1,2,2,2,1,1,2,2,CHOSE_LOW_SAL,2,455,1,0,4,0,0,0,52,103,103,52,-51,103,1,0,165.70602571751,24.29397428249,165.70602571751,24.29397428249,141.41205143502,141.41205143502,NaN,NaN,NaN,1785780941.42858,13581.82176876,2.19654011726379,0.0158865451812744,0.277424335479736,0.869501113891602,1.29927086830139,1.46918082237244,1.51103591918945,1.51103591918945,-1,-1,1.76782488822937,261.537790298462,169.909954071045,41.8550968170166,211.765050888062,Conflict,Right,Left,Left,Left,Right,0,1,0,1,1,0,0,1,0,1,1,0,1,1,0,1,0,1,1,335,135,20260803_t1352_srsSmooth_Moretraining_B004,51,1,23.0557552456856,1.32058811187744,1,2,186,0,1,0,0,1,1
20260803_t1352_srsSmooth_Moretraining,srs_smooth_Moretraining,trial0431.mat,431,431,335,4,63,51,62,12,50,8,2,1,6,2,56,4540,2,0,2,1,2,1,2,1,1,2,CHOSE_LOW_SAL,2,455,1,0,4,0,0,0,59,83,83,59,-24,59,1,0,46.5862026438555,143.413797356145,46.5862026438555,143.413797356145,-96.8275947122891,96.8275947122891,NaN,NaN,NaN,1785780946.4701,13586.86319984,2.21248030662537,0.0162370204925537,0.219429969787598,0.810673952102661,1.33295631408691,1.5008225440979,1.54237580299377,1.54237580299377,-1,-1,1.85199856758118,203.192949295044,167.866230010986,41.553258895874,209.41948890686,Congruent,Left,Right,Left,Right,Right,0,1,1,0,1,0,1,0,0,1,0,1,1,0,1,1,0,0,1,336,136,20260803_t1352_srsSmooth_Moretraining_B004,52,2,23.1397805054983,2.84497547149658,2,2,103,1,1,0,0,1,1
20260803_t1352_srsSmooth_Moretraining,srs_smooth_Moretraining,trial0432.mat,432,432,336,4,64,52,62,12,50,8,2,2,8,2,62,17393,2,0,2,1,2,1,1,2,0,0,,0,11,0,1,0,0,0,0,63,110,110,63,-47,NaN,1,180,279.392345206945,270.607654793055,99.3923452069447,90.6076547930553,8.78469041388939,8.78469041388939,NaN,NaN,NaN,1785780949.99087,13590.38366092,0.214673042297363,0.0122699737548828,0.14047646522522,-1,-1,-1,-1,-1,-1,-1,-1,128.206491470337,NaN,NaN,NaN,Conflict,Left,Right,None,Right,Left,0,1,0,1,0,NaN,NaN,NaN,NaN,NaN,NaN,NaN,NaN,0,1,0,0,1,0,336,NaN,20260803_t1352_srsSmooth_Moretraining_B004,NaN,NaN,23.1984600583712,1.30829286575317,NaN,NaN,NaN,0,NaN,NaN,NaN,NaN,0
20260803_t1352_srsSmooth_Moretraining,srs_smooth_Moretraining,trial0433.mat,433,433,336,4,65,52,62,12,50,8,2,1,6,2,54,8700,2,0,2,1,2,1,2,1,2,1,CHOSE_HIGH_SAL,1,455,1,0,1,0,0,0,37,125,125,37,-88,125,1,180,207.050065457473,342.949934542527,27.0500654574726,162.949934542527,-135.899869085055,135.899869085055,NaN,NaN,NaN,1785780951.50853,13591.90149312,2.19961404800415,0.0113332271575928,0.247212886810303,0.864405393600464,1.23638224601746,1.49762964248657,1.53893709182739,1.53893709182739,-1,-1,1.77321362495422,235.87965965271,261.247396469116,41.3074493408203,302.554845809937,Congruent,Left,Right,Right,Right,Right,0,1,1,0,1,1,0,1,1,0,1,0,0,0,1,1,0,0,1,337,137,20260803_t1352_srsSmooth_Moretraining_B004,53,3,23.2237544337908,1.30298948287964,1,2,59,1,1,1,0,0,1
20260803_t1352_srsSmooth_Moretraining,srs_smooth_Moretraining,trial0434.mat,434,434,337,4,66,53,62,12,50,8,2,1,5,2,53,258,2,0,1,2,2,2,2,2,1,1,CHOSE_LOW_SAL,2,455,1,0,6,0,0,0,33,100,100,33,-67,33,1,0,35.5101758298438,154.489824170156,35.5101758298438,154.489824170156,-118.979648340312,118.979648340312,NaN,NaN,NaN,1785780955.02802,13595.42073836,2.3067615032196,0.0169916152954102,0.211625337600708,0.895175218582153,1.31704354286194,1.63689875602722,1.68665337562561,1.68665337562561,-1,-1,1.92998147010803,194.633722305298,319.855213165283,49.7546195983887,369.609832763672,Congruent,Right,Left,Right,Left,Left,0,1,1,0,1,1,1,0,0,0,0,1,1,1,0,0,0,0,1,338,138,20260803_t1352_srsSmooth_Moretraining_B004,54,4,23.2824124614398,1.3198676109314,2,1,125,1,1,0,0,1,1
20260803_t1352_srsSmooth_Moretraining,srs_smooth_Moretraining,trial0435.mat,435,435,338,4,67,54,62,12,50,8,2,1,6,2,55,18024,2,0,2,1,2,1,2,1,1,2,CHOSE_LOW_SAL,2,455,1,0,4,0,0,0,42,116,116,42,-74,42,1,0,33.5020368438116,156.497963156188,33.5020368438116,156.497963156188,-122.995926312377,122.995926312377,NaN,NaN,NaN,1785780958.66862,13599.06138264,2.18083572387695,0.0181953907012939,0.213138341903687,0.813434362411499,1.44325232505798,1.46900701522827,1.51108074188232,1.51108074188232,-1,-1,1.80322432518005,194.942951202393,25.7546901702881,42.0737266540527,67.8284168243408,Congruent,Left,Right,Left,Right,Right,0,1,1,0,1,0,1,0,0,1,0,1,1,0,1,1,0,0,1,339,139,20260803_t1352_srsSmooth_Moretraining_B004,55,5,23.3430892507235,1.33384585380554,1,1,33,1,0,1,1,0,1
20260803_t1352_srsSmooth_Moretraining,srs_smooth_Moretraining,trial0436.mat,436,436,339,4,68,55,62,12,50,8,2,1,5,2,52,24819,2,0,1,2,2,2,2,2,1,1,CHOSE_LOW_SAL,2,455,1,0,1,0,0,0,32,106,106,32,-74,32,1,0,80.2360179862418,109.763982013758,80.2360179862418,109.763982013758,-29.5279640275164,29.5279640275164,NaN,NaN,NaN,1785780962.18953,13602.58229604,2.29388761520386,0.0140941143035889,0.217565774917603,0.825373649597168,1.43081712722778,1.66652202606201,1.70633721351624,1.70633721351624,-1,-1,1.95723915100098,203.471660614014,235.704898834229,39.8151874542236,275.520086288452,Congruent,Right,Left,Right,Left,Left,0,1,1,0,1,1,1,0,0,0,0,1,1,1,0,0,0,0,1,340,140,20260803_t1352_srsSmooth_Moretraining_B004,56,6,23.4017710367839,1.34007143974304,1,2,42,1,0,1,1,0,1
20260803_t1352_srsSmooth_Moretraining,srs_smooth_Moretraining,trial0437.mat,437,437,340,4,69,56,62,12,50,8,2,2,8,2,62,17393,2,0,2,1,2,1,1,2,1,2,CHOSE_HIGH_SAL,1,455,1,0,4,0,0,0,53,117,117,53,-64,53,1,180,354.106598769193,195.893401230807,174.106598769193,15.8934012308073,158.213197538385,158.213197538385,NaN,NaN,NaN,1785780965.79314,13606.185701,2.11629724502563,0.0189592838287354,0.254602193832397,0.930551767349243,1.31067728996277,1.42230176925659,1.46391558647156,1.46391558647156,-1,-1,1.73908400535583,235.642910003662,111.624479293823,41.6138172149658,153.238296508789,Conflict,Left,Right,Left,Right,Left,0,1,0,1,1,0,1,0,1,1,0,1,0,0,1,0,0,1,1,341,141,20260803_t1352_srsSmooth_Moretraining_B004,57,7,23.4618312358856,1.3097243309021,1,1,32,1,0,1,1,0,1
20260803_t1352_srsSmooth_Moretraining,srs_smooth_Moretraining,trial0438.mat,438,438,341,4,70,57,62,12,50,8,2,2,7,2,57,14616,2,0,1,2,2,2,1,1,2,2,CHOSE_LOW_SAL,2,455,1,0,4,0,0,0,66,118,118,66,-52,118,1,0,167.829642783069,22.1703572169308,167.829642783069,22.1703572169308,145.659285566138,145.659285566138,NaN,NaN,NaN,1785780969.2484,13609.64081344,2.36945390701294,0.0138351917266846,0.24212121963501,0.942123413085938,1.37222218513489,1.6660749912262,1.70037388801575,1.70037388801575,-1,-1,1.91890168190002,228.286027908325,293.852806091309,34.2988967895508,328.151702880859,Conflict,Right,Left,Left,Left,Right,0,1,0,1,1,0,0,1,0,1,1,0,1,1,0,1,0,1,1,342,142,20260803_t1352_srsSmooth_Moretraining_B004,58,8,23.5194189190865,1.33896374702454,1,2,53,1,1,0,0,1,1
20260803_t1352_srsSmooth_Moretraining,srs_smooth_Moretraining,trial0440.mat,440,440,342,4,72,58,62,12,50,8,2,2,8,2,61,19154,2,0,2,1,2,1,1,2,0,0,,0,11,0,1,0,0,0,0,65,113,113,65,-48,NaN,1,180,352.472778228285,197.527221771715,172.472778228285,17.5272217717146,154.945556456571,154.945556456571,NaN,NaN,NaN,1785780974.46451,13614.85689532,1.30209946632385,0.0145998001098633,0.232494115829468,0.932109594345093,-1,-1,-1,-1,-1,-1,-1,217.894315719604,NaN,NaN,NaN,Conflict,Left,Right,None,Right,Left,0,1,0,1,0,NaN,NaN,NaN,NaN,NaN,NaN,NaN,NaN,0,1,0,0,1,0,342,NaN,20260803_t1352_srsSmooth_Moretraining_B004,NaN,NaN,23.6063540538152,2.84665417671204,NaN,NaN,NaN,0,NaN,NaN,NaN,NaN,0
20260803_t1352_srsSmooth_Moretraining,srs_smooth_Moretraining,trial0441.mat,441,441,342,4,73,58,62,12,50,8,2,1,5,2,51,691,2,0,1,2,2,2,2,2,1,1,CHOSE_LOW_SAL,2,455,1,0,5,0,0,0,79,117,117,79,-38,79,1,180,194.390402313655,355.609597686345,14.3904023136547,175.609597686345,-161.219195372691,161.219195372691,NaN,NaN,NaN,1785780977.02049,13617.41298508,2.31396579742432,0.0170607566833496,0.228717565536499,0.845211029052734,1.3087797164917,1.54558324813843,1.58671712875366,1.58671712875366,-1,-1,1.89611458778381,211.656808853149,236.803531646729,41.1338806152344,277.937412261963,Congruent,Right,Left,Right,Left,Left,0,1,1,0,1,1,1,0,0,0,0,1,1,1,0,0,0,0,1,343,143,20260803_t1352_srsSmooth_Moretraining_B004,59,9,23.64895362854,1.25387501716614,2,2,118,1,1,1,0,0,1
20260803_t1352_srsSmooth_Moretraining,srs_smooth_Moretraining,trial0442.mat,442,442,343,4,74,59,62,12,50,8,2,2,8,2,61,19154,2,0,2,1,2,1,1,2,2,1,CHOSE_LOW_SAL,2,455,1,0,5,0,0,0,27,136,136,27,-109,136,1,0,103.496343085252,86.5036569147477,103.496343085252,86.5036569147477,16.9926861705046,16.9926861705046,NaN,NaN,NaN,1785780980.65774,13621.05004968,2.40992116928101,0.0132853984832764,0.258145093917847,0.866342306137085,1.37167310714722,1.69146633148193,1.73280382156372,1.73280382156372,-1,-1,1.95310950279236,244.85969543457,319.793224334717,41.3374900817871,361.130714416504,Conflict,Left,Right,Right,Right,Left,0,1,0,1,1,1,0,1,0,0,1,0,1,0,1,0,0,1,1,344,144,20260803_t1352_srsSmooth_Moretraining_B004,60,10,23.7095745166143,1.32328748703003,1,1,79,1,1,0,0,1,1
20260803_t1352_srsSmooth_Moretraining,srs_smooth_Moretraining,trial0443.mat,443,443,344,4,75,60,62,12,50,8,2,2,8,2,60,18026,2,0,2,1,2,1,1,2,2,1,CHOSE_LOW_SAL,2,455,1,0,2,0,0,0,73,113,113,73,-40,113,1,0,147.487325401578,42.5126745984223,147.487325401578,42.5126745984223,104.974650803155,104.974650803155,NaN,NaN,NaN,1785780984.36879,13624.7609936,2.46569800376892,0.0190441608428955,0.13331151008606,0.9029381275177,1.46076917648315,1.73623991012573,1.77030229568481,1.77030229568481,-1,-1,2.05602717399597,114.267349243164,275.470733642578,34.062385559082,309.53311920166,Conflict,Left,Right,Right,Right,Left,0,1,0,1,1,1,0,1,0,0,1,0,1,0,1,0,0,1,1,345,145,20260803_t1352_srsSmooth_Moretraining_B004,61,11,23.7714254379272,1.30113410949707,2,1,136,1,0,0,1,1,1
20260803_t1352_srsSmooth_Moretraining,srs_smooth_Moretraining,trial0444.mat,444,444,345,4,76,61,62,12,50,8,2,2,7,2,59,28692,2,0,1,2,2,2,1,1,1,1,CHOSE_HIGH_SAL,1,455,1,0,5,0,0,0,76,126,126,76,-50,76,1,180,318.487607827671,231.512392172329,138.487607827671,51.5123921723293,86.9752156553413,86.9752156553413,NaN,NaN,NaN,1785780988.16911,13628.56110376,2.40794157981873,0.0188789367675781,0.278387308120728,0.972189426422119,1.42726826667786,1.71349167823792,1.75285506248474,1.75285506248474,-1,-1,1.99564123153687,259.508371353149,286.223411560059,39.3633842468262,325.586795806885,Conflict,Right,Left,Right,Left,Right,0,1,0,1,1,1,1,0,1,0,0,1,0,1,0,1,0,1,1,346,146,20260803_t1352_srsSmooth_Moretraining_B004,62,12,23.8347640514374,1.33461880683899,2,1,113,1,1,0,0,1,1
20260803_t1352_srsSmooth_Moretraining,srs_smooth_Moretraining,trial0445.mat,445,445,346,4,77,61,62,12,50,8,2,2,7,2,59,28692,2,0,1,2,2,2,1,1,0,0,,0,11,0,1,3,0,0,0,38,126,126,38,-88,NaN,1,180,318.487607827671,231.512392172329,138.487607827671,51.5123921723293,86.9752156553413,86.9752156553413,NaN,NaN,NaN,1785780991.90359,13632.29566524,1.49780368804932,0.0178837776184082,0.179328680038452,0.96251392364502,-1,-1,-1,-1,-1,-1,-1,161.444902420044,NaN,NaN,NaN,Conflict,Right,Left,None,Left,Right,0,1,0,1,0,NaN,NaN,NaN,NaN,NaN,NaN,NaN,NaN,1,0,1,0,1,0,346,NaN,20260803_t1352_srsSmooth_Moretraining_B004,NaN,NaN,23.8970053275426,1.32653498649597,NaN,NaN,NaN,0,NaN,NaN,NaN,NaN,0
20260803_t1352_srsSmooth_Moretraining,srs_smooth_Moretraining,trial0446.mat,446,446,346,4,78,61,62,12,50,8,2,2,7,2,59,28692,2,0,1,2,2,2,1,1,1,1,CHOSE_HIGH_SAL,1,455,1,0,3,0,0,0,38,126,126,38,-88,38,1,180,318.487607827671,231.512392172329,138.487607827671,51.5123921723293,86.9752156553413,86.9752156553413,NaN,NaN,NaN,1785780994.66465,13635.05659512,2.14593839645386,0.0152654647827148,0.210485935211182,0.751885414123535,1.24031448364258,1.46596646308899,1.49999356269836,1.49999356269836,-1,-1,1.80792284011841,195.220470428467,225.651979446411,34.027099609375,259.679079055786,Conflict,Right,Left,Right,Left,Right,0,1,0,1,1,1,1,0,1,0,0,1,0,1,0,1,0,1,1,347,147,20260803_t1352_srsSmooth_Moretraining_B004,63,13,23.9430230140686,1.26325750350952,1,1,76,1,0,0,1,1,1
20260803_t1352_srsSmooth_Moretraining,srs_smooth_Moretraining,trial0447.mat,447,447,347,4,79,61,62,12,50,8,2,2,7,2,59,28692,2,0,1,2,2,2,1,1,2,2,CHOSE_LOW_SAL,2,455,1,0,4,0,0,0,19,126,126,19,-107,126,1,180,318.487607827671,231.512392172329,138.487607827671,51.5123921723293,86.9752156553413,86.9752156553413,NaN,NaN,NaN,1785780998.15263,13638.54457968,2.29238796234131,0.019087553024292,0.280792236328125,0.897528648376465,1.31080532073975,1.50530004501343,1.54637956619263,1.54637956619263,-1,-1,1.8554573059082,261.704683303833,194.494724273682,41.0795211791992,235.574245452881,Conflict,Right,Left,Left,Left,Right,0,1,0,1,1,0,0,1,0,1,1,0,1,1,0,1,0,1,1,348,148,20260803_t1352_srsSmooth_Moretraining_B004,64,14,24.0011560797691,1.342045545578,1,1,38,1,1,1,0,0,1
20260803_t1352_srsSmooth_Moretraining,srs_smooth_Moretraining,trial0448.mat,448,448,348,5,1,0,82,32,50,8,1,0,3,1,30,8635,1,2,2,1,1,2,2,1,0,0,,0,454,0,1,4,0,0,0,189,83,189,83,106,NaN,1,0,10,180,10,180,-170,170,NaN,NaN,NaN,1785781001.81539,13642.20730448,1.61872982978821,0.0148091316223145,0.299350738525391,0.892664432525635,1.24819207191467,1.51820349693298,-1,-1,-1,-1,-1,284.541606903076,270.011425018311,NaN,NaN,Instruction,Left,Right,None,Left,Right,1,0,0,0,0,NaN,NaN,NaN,NaN,NaN,NaN,NaN,NaN,0,0,1,1,0,0,348,NaN,20260803_t1352_srsSmooth_Moretraining_B005,NaN,NaN,24.0622020204862,1.37036848068237,NaN,NaN,NaN,0,NaN,NaN,NaN,NaN,0
20260803_t1352_srsSmooth_Moretraining,srs_smooth_Moretraining,trial0449.mat,449,449,348,5,2,0,82,32,50,8,1,0,2,1,17,3632,1,1,2,1,1,2,1,2,1,2,SINGLE_T1_CORRECT,10,455,1,0,3,0,0,0,178,97,178,97,81,178,1,0,180,10,180,10,170,170,NaN,NaN,NaN,1785781004.64074,13645.032489,2.41978693008423,0.0145666599273682,0.309337139129639,0.865607023239136,1.44795751571655,1.64061045646667,1.6762478351593,1.6762478351593,-1,-1,1.94501304626465,294.770479202271,192.652940750122,35.637378692627,228.290319442749,Instruction,Left,Right,Left,Left,Left,1,0,0,0,0,NaN,NaN,NaN,NaN,NaN,NaN,NaN,NaN,0,0,0,1,1,0,349,NaN,20260803_t1352_srsSmooth_Moretraining_B005,1,NaN,24.1092912634214,1.20662474632263,NaN,NaN,NaN,0,NaN,NaN,NaN,NaN,0
20260803_t1352_srsSmooth_Moretraining,srs_smooth_Moretraining,trial0450.mat,450,450,349,5,3,1,82,32,50,8,1,0,4,1,49,7871,1,2,1,2,1,1,2,2,2,2,SINGLE_T2_CORRECT,11,455,1,0,7,0,0,0,147,103,147,103,44,103,1,0,10,180,10,180,-170,170,NaN,NaN,NaN,1785781008.38654,13648.77831752,2.574303150177,0.0189170837402344,0.272317886352539,1.03905987739563,1.61064577102661,1.83894658088684,1.8805046081543,1.8805046081543,-1,-1,2.13796091079712,253.400802612305,228.300809860229,41.5580272674561,269.858837127686,Instruction,Right,Left,Left,Right,Left,1,0,0,0,0,NaN,NaN,NaN,NaN,NaN,NaN,NaN,NaN,1,1,0,1,0,0,350,NaN,20260803_t1352_srsSmooth_Moretraining_B005,2,NaN,24.1717212398847,1.32601165771484,NaN,NaN,NaN,0,NaN,NaN,NaN,NaN,0
20260803_t1352_srsSmooth_Moretraining,srs_smooth_Moretraining,trial0451.mat,451,451,350,5,4,2,82,32,50,8,1,0,2,1,15,6896,1,1,2,1,1,2,1,2,1,2,SINGLE_T1_CORRECT,10,455,1,0,4,0,0,0,157,93,157,93,64,157,1,0,180,10,180,10,170,170,NaN,NaN,NaN,1785781012.24844,13652.64010576,2.14551591873169,0.0155055522918701,0.235321521759033,0.777040243148804,1.14055037498474,1.38544607162476,1.42636394500732,1.42636394500732,-1,-1,1.66606092453003,219.815969467163,244.895696640015,40.9178733825684,285.813570022583,Instruction,Left,Right,Left,Left,Left,1,0,0,0,0,NaN,NaN,NaN,NaN,NaN,NaN,NaN,NaN,0,0,0,1,1,0,351,NaN,20260803_t1352_srsSmooth_Moretraining_B005,3,NaN,24.2360861817996,1.28759336471558,NaN,NaN,NaN,0,NaN,NaN,NaN,NaN,0
20260803_t1352_srsSmooth_Moretraining,srs_smooth_Moretraining,trial0452.mat,452,452,351,5,5,3,82,32,50,8,1,0,3,1,31,22822,1,2,2,1,1,2,2,1,2,1,SINGLE_T2_CORRECT,11,455,1,0,9,0,0,0,150,92,150,92,58,92,1,180,190,0,10,180,-170,170,NaN,NaN,NaN,1785781015.72375,13656.11535196,2.41333222389221,0.0153288841247559,0.26012110710144,1.03524923324585,1.42371702194214,1.67703294754028,1.71841049194336,1.71841049194336,-1,-1,1.97860813140869,244.792222976685,253.315925598145,41.3775444030762,294.693470001221,Instruction,Left,Right,Right,Left,Right,1,0,0,0,0,NaN,NaN,NaN,NaN,NaN,NaN,NaN,NaN,0,0,1,1,0,0,352,NaN,20260803_t1352_srsSmooth_Moretraining_B005,4,NaN,24.2940080881119,1.32979846000671,NaN,NaN,NaN,0,NaN,NaN,NaN,NaN,0
20260803_t1352_srsSmooth_Moretraining,srs_smooth_Moretraining,trial0453.mat,453,453,352,5,6,4,82,32,50,8,1,0,1,1,13,7215,1,1,1,2,1,1,1,1,1,1,SINGLE_T1_CORRECT,10,455,1,0,5,0,0,0,182,79,182,79,103,182,1,180,0,190,180,10,170,170,NaN,NaN,NaN,1785781019.44916,13659.84059908,2.3201470375061,0.0150721073150635,0.226455688476562,0.959883689880371,1.5234649181366,1.55166506767273,1.59272956848145,1.59272956848145,-1,-1,1.84149813652039,211.383581161499,28.2001495361328,41.0645008087158,69.2646503448486,Instruction,Right,Left,Right,Right,Right,1,0,0,0,0,NaN,NaN,NaN,NaN,NaN,NaN,NaN,NaN,1,1,1,1,1,0,353,NaN,20260803_t1352_srsSmooth_Moretraining_B005,5,NaN,24.356098139286,1.31207084655762,NaN,NaN,NaN,0,NaN,NaN,NaN,NaN,0
20260803_t1352_srsSmooth_Moretraining,srs_smooth_Moretraining,trial0454.mat,454,454,353,5,7,5,82,32,50,8,1,0,4,1,44,13689,1,2,1,2,1,1,2,2,2,2,SINGLE_T2_CORRECT,11,455,1,0,2,0,0,0,158,92,158,92,66,92,1,180,190,0,10,180,-170,170,NaN,NaN,NaN,1785781023.0833,13663.47473448,1.96018242835999,0.0144033432006836,0.0152943134307861,0.684230327606201,1.11444616317749,1.22573304176331,1.2675929069519,1.2675929069519,-1,-1,1.55139565467834,0.890970230102539,111.286878585815,41.8598651885986,153.146743774414,Instruction,Right,Left,Left,Right,Left,1,0,0,0,0,NaN,NaN,NaN,NaN,NaN,NaN,NaN,NaN,1,1,0,1,0,0,354,NaN,20260803_t1352_srsSmooth_Moretraining_B005,6,NaN,24.416667219003,1.31399774551392,NaN,NaN,NaN,0,NaN,NaN,NaN,NaN,0
20260803_t1352_srsSmooth_Moretraining,srs_smooth_Moretraining,trial0455.mat,455,455,354,5,8,6,82,32,50,8,1,0,2,1,20,5976,1,1,2,1,1,2,1,2,1,2,SINGLE_T1_CORRECT,10,455,1,0,4,0,0,0,151,86,151,86,65,151,1,0,180,10,180,10,170,170,NaN,NaN,NaN,1785781026.36839,13666.759761,2.36851239204407,0.0127730369567871,0.215501070022583,0.732219219207764,1.32949113845825,1.52392721176147,1.56497859954834,1.56497859954834,-1,-1,1.88001704216003,202.728033065796,194.436073303223,41.0513877868652,235.487461090088,Instruction,Left,Right,Left,Left,Left,1,0,0,0,0,NaN,NaN,NaN,NaN,NaN,NaN,NaN,NaN,0,0,0,1,1,0,355,NaN,20260803_t1352_srsSmooth_Moretraining_B005,7,NaN,24.4714187542597,1.32490968704224,NaN,NaN,NaN,0,NaN,NaN,NaN,NaN,0
20260803_t1352_srsSmooth_Moretraining,srs_smooth_Moretraining,trial0456.mat,456,456,355,5,9,7,82,32,50,8,1,0,2,1,14,1623,1,1,2,1,1,2,1,2,1,2,SINGLE_T1_CORRECT,10,455,1,0,5,0,0,0,148,91,148,91,57,148,1,180,0,190,180,10,170,170,NaN,NaN,NaN,1785781030.03937,13670.43057724,2.42301630973816,0.0169353485107422,0.278224945068359,0.869960308074951,1.41698932647705,1.61138343811035,1.6534116268158,1.6534116268158,-1,-1,1.93046474456787,261.289596557617,194.394111633301,42.0281887054443,236.422300338745,Instruction,Left,Right,Left,Left,Left,1,0,0,0,0,NaN,NaN,NaN,NaN,NaN,NaN,NaN,NaN,0,0,0,1,1,0,356,NaN,20260803_t1352_srsSmooth_Moretraining_B005,8,NaN,24.5326017896334,1.3024697303772,NaN,NaN,NaN,0,NaN,NaN,NaN,NaN,0
20260803_t1352_srsSmooth_Moretraining,srs_smooth_Moretraining,trial0457.mat,457,457,356,5,10,8,82,32,50,8,1,0,1,1,12,20979,1,1,1,2,1,1,1,1,1,1,SINGLE_T1_CORRECT,10,455,1,0,3,0,0,0,175,83,175,83,92,175,1,180,0,190,180,10,170,170,NaN,NaN,NaN,1785781033.78279,13674.17392184,2.46208667755127,0.015326976776123,0.224222183227539,1.00206160545349,1.45704984664917,1.70959615707397,1.75172734260559,1.75172734260559,-1,-1,1.98599147796631,208.895206451416,252.546310424805,42.1311855316162,294.677495956421,Instruction,Right,Left,Right,Right,Right,1,0,0,0,0,NaN,NaN,NaN,NaN,NaN,NaN,NaN,NaN,1,1,1,1,1,0,357,NaN,20260803_t1352_srsSmooth_Moretraining_B005,9,NaN,24.5949921250343,1.3204038143158,NaN,NaN,NaN,0,NaN,NaN,NaN,NaN,0
20260803_t1352_srsSmooth_Moretraining,srs_smooth_Moretraining,trial0459.mat,459,459,357,5,12,9,82,32,50,8,1,0,3,1,26,27585,1,2,2,1,1,2,2,1,2,1,SINGLE_T2_CORRECT,11,455,1,0,2,0,0,0,174,93,174,93,81,93,1,180,190,0,10,180,-170,170,NaN,NaN,NaN,1785781039.11345,13679.50441396,2.3195743560791,0.0182130336761475,0.221374750137329,0.871134519577026,1.32659721374512,1.61876153945923,1.65403246879578,1.65403246879578,-1,-1,1.92137908935547,203.161716461182,292.164325714111,35.2709293365479,327.435255050659,Instruction,Left,Right,Right,Left,Right,1,0,0,0,0,NaN,NaN,NaN,NaN,NaN,NaN,NaN,NaN,0,0,1,1,0,0,358,NaN,20260803_t1352_srsSmooth_Moretraining_B005,10,NaN,24.6838363687197,2.868567943573,NaN,NaN,NaN,0,NaN,NaN,NaN,NaN,0
20260803_t1352_srsSmooth_Moretraining,srs_smooth_Moretraining,trial0460.mat,460,460,358,5,13,10,82,32,50,8,1,0,4,1,45,18253,1,2,1,2,1,1,2,2,2,2,SINGLE_T2_CORRECT,11,455,1,0,3,0,0,0,160,78,160,78,82,78,1,180,190,0,10,180,-170,170,NaN,NaN,NaN,1785781042.74618,13683.13715028,2.37396359443665,0.0189545154571533,0.246706247329712,0.99689507484436,1.4606773853302,1.67024159431458,1.70320296287537,1.70320296287537,-1,-1,1.97130179405212,227.751731872559,209.564208984375,32.961368560791,242.525577545166,Instruction,Right,Left,Left,Right,Left,1,0,0,0,0,NaN,NaN,NaN,NaN,NaN,NaN,NaN,NaN,1,1,0,1,0,0,359,NaN,20260803_t1352_srsSmooth_Moretraining_B005,11,NaN,24.7443819125493,1.3131582736969,NaN,NaN,NaN,0,NaN,NaN,NaN,NaN,0
20260803_t1352_srsSmooth_Moretraining,srs_smooth_Moretraining,trial0461.mat,461,461,359,5,14,11,82,32,50,8,1,0,4,1,41,29240,1,2,1,2,1,1,2,2,2,2,SINGLE_T2_CORRECT,11,455,1,0,2,0,0,0,170,94,170,94,76,94,1,180,190,0,10,180,-170,170,NaN,NaN,NaN,1785781046.436,13686.82693596,2.17598176002502,0.0126132965087891,0.191139459609985,0.965920209884644,1.33766412734985,1.5073926448822,1.53902053833008,1.53902053833008,-1,-1,1.76560688018799,178.526163101196,169.728517532349,31.627893447876,201.356410980225,Instruction,Right,Left,Left,Right,Left,1,0,0,0,0,NaN,NaN,NaN,NaN,NaN,NaN,NaN,NaN,1,1,0,1,0,0,360,NaN,20260803_t1352_srsSmooth_Moretraining_B005,12,NaN,24.8058788855871,1.31585478782654,NaN,NaN,NaN,0,NaN,NaN,NaN,NaN,0
20260803_t1352_srsSmooth_Moretraining,srs_smooth_Moretraining,trial0462.mat,462,462,360,5,15,12,82,32,50,8,1,0,3,1,37,26405,1,2,2,1,1,2,2,1,2,1,SINGLE_T2_CORRECT,11,455,1,0,0,0,0,0,170,89,170,89,81,89,1,180,190,0,10,180,-170,170,NaN,NaN,NaN,1785781049.90077,13690.29173756,2.26971888542175,0.0146450996398926,0.192359685897827,0.800935983657837,1.35636401176453,1.58466005325317,1.61577033996582,1.61577033996582,-1,-1,1.85220408439636,177.714586257935,228.296041488647,31.1102867126465,259.406328201294,Instruction,Left,Right,Right,Left,Right,1,0,0,0,0,NaN,NaN,NaN,NaN,NaN,NaN,NaN,NaN,0,0,1,1,0,0,361,NaN,20260803_t1352_srsSmooth_Moretraining_B005,13,NaN,24.8636250376701,1.28878736495972,NaN,NaN,NaN,0,NaN,NaN,NaN,NaN,0
20260803_t1352_srsSmooth_Moretraining,srs_smooth_Moretraining,trial0464.mat,464,464,361,5,17,13,82,32,50,8,1,0,4,1,47,23543,1,2,1,2,1,1,2,2,2,2,SINGLE_T2_CORRECT,11,455,1,0,3,0,0,0,169,68,169,68,101,68,1,0,10,180,10,180,-170,170,NaN,NaN,NaN,1785781054.99256,13695.38346348,2.24743294715881,0.0147185325622559,0.159205198287964,0.850883007049561,1.36477136611938,1.56812143325806,1.60749435424805,1.60749435424805,-1,-1,1.88139796257019,144.486665725708,203.350067138672,39.3729209899902,242.722988128662,Instruction,Right,Left,Left,Right,Left,1,0,0,0,0,NaN,NaN,NaN,NaN,NaN,NaN,NaN,NaN,1,1,0,1,0,0,362,NaN,20260803_t1352_srsSmooth_Moretraining_B005,14,NaN,24.9484882156054,2.82207179069519,NaN,NaN,NaN,0,NaN,NaN,NaN,NaN,0
20260803_t1352_srsSmooth_Moretraining,srs_smooth_Moretraining,trial0465.mat,465,465,362,5,18,14,82,32,50,8,1,0,1,1,1,32055,1,1,1,2,1,1,1,1,1,1,SINGLE_T1_CORRECT,10,455,1,0,5,0,0,0,147,63,147,63,84,147,1,180,0,190,180,10,170,170,NaN,NaN,NaN,1785781058.57832,13698.96887684,2.36767911911011,0.012432336807251,0.265793800354004,0.87385630607605,1.25414729118347,1.52419233322144,1.56556344032288,1.56556344032288,-1,-1,1.88562655448914,253.361463546753,270.045042037964,41.3711071014404,311.416149139404,Instruction,Right,Left,Right,Right,Right,1,0,0,0,0,NaN,NaN,NaN,NaN,NaN,NaN,NaN,NaN,1,1,1,1,1,0,363,NaN,20260803_t1352_srsSmooth_Moretraining_B005,15,NaN,25.0082508683205,1.33832621574402,NaN,NaN,NaN,0,NaN,NaN,NaN,NaN,0
20260803_t1352_srsSmooth_Moretraining,srs_smooth_Moretraining,trial0466.mat,466,466,363,5,19,15,82,32,50,8,1,0,4,1,46,17822,1,2,1,2,1,1,2,2,2,2,SINGLE_T2_CORRECT,11,455,1,0,2,0,0,0,140,73,140,73,67,73,1,0,10,180,10,180,-170,170,NaN,NaN,NaN,1785781062.28452,13702.6749772,1.98641109466553,0.0147051811218262,0.21792459487915,0.851154088973999,1.22308492660522,1.34975790977478,1.38228631019592,1.38228631019592,-1,-1,1.60971546173096,203.219413757324,126.672983169556,32.5284004211426,159.201383590698,Instruction,Right,Left,Left,Right,Left,1,0,0,0,0,NaN,NaN,NaN,NaN,NaN,NaN,NaN,NaN,1,1,0,1,0,0,364,NaN,20260803_t1352_srsSmooth_Moretraining_B005,16,NaN,25.0700209418933,1.33852529525757,NaN,NaN,NaN,0,NaN,NaN,NaN,NaN,0
20260803_t1352_srsSmooth_Moretraining,srs_smooth_Moretraining,trial0467.mat,467,467,364,5,20,16,82,32,50,8,1,0,2,1,19,13227,1,1,2,1,1,2,1,2,1,2,SINGLE_T1_CORRECT,10,455,1,0,7,0,0,0,158,109,158,109,49,158,1,180,0,190,180,10,170,170,NaN,NaN,NaN,1785781065.60522,13705.99560404,2.29135680198669,0.0191335678100586,0.264210939407349,0.937088966369629,1.33585166931152,1.52870631217957,1.56427359580994,1.56427359580994,-1,-1,1.83588767051697,245.07737159729,192.854642868042,35.5672836303711,228.421926498413,Instruction,Left,Right,Left,Left,Left,1,0,0,0,0,NaN,NaN,NaN,NaN,NaN,NaN,NaN,NaN,0,0,0,1,1,0,365,NaN,20260803_t1352_srsSmooth_Moretraining_B005,17,NaN,25.1253659447034,1.33428907394409,NaN,NaN,NaN,0,NaN,NaN,NaN,NaN,0
20260803_t1352_srsSmooth_Moretraining,srs_smooth_Moretraining,trial0468.mat,468,468,365,5,21,17,82,32,50,8,1,0,1,1,10,17826,1,1,1,2,1,1,1,1,1,1,SINGLE_T1_CORRECT,10,455,1,0,6,0,0,0,163,81,163,81,82,163,1,0,180,10,180,10,170,170,NaN,NaN,NaN,1785781069.20638,13709.59684076,2.48211431503296,0.0181210041046143,0.296560287475586,1.00281667709351,1.56818079948425,1.67124438285828,1.7134325504303,1.7134325504303,-1,-1,1.98294043540955,278.439283370972,103.063583374023,42.1881675720215,145.251750946045,Instruction,Right,Left,Right,Right,Right,1,0,0,0,0,NaN,NaN,NaN,NaN,NaN,NaN,NaN,NaN,1,1,1,1,1,0,366,NaN,20260803_t1352_srsSmooth_Moretraining_B005,18,NaN,25.1853851556778,1.30979585647583,NaN,NaN,NaN,0,NaN,NaN,NaN,NaN,0
20260803_t1352_srsSmooth_Moretraining,srs_smooth_Moretraining,trial0469.mat,469,469,366,5,22,18,82,32,50,8,1,0,3,1,30,8635,1,2,2,1,1,2,2,1,2,1,SINGLE_T2_CORRECT,11,455,1,0,3,0,0,0,186,97,186,97,89,97,1,180,190,0,10,180,-170,170,NaN,NaN,NaN,1785781073.00423,13713.39466728,2.53411149978638,0.0120794773101807,0.306867122650146,0.915260791778564,1.52880573272705,1.78131246566772,1.82153296470642,1.82153296470642,-1,-1,2.13519477844238,294.787645339966,252.506732940674,40.2204990386963,292.72723197937,Instruction,Left,Right,Right,Left,Right,1,0,0,0,0,NaN,NaN,NaN,NaN,NaN,NaN,NaN,NaN,0,0,1,1,0,0,367,NaN,20260803_t1352_srsSmooth_Moretraining_B005,19,NaN,25.2486827294032,1.31574010848999,NaN,NaN,NaN,0,NaN,NaN,NaN,NaN,0
20260803_t1352_srsSmooth_Moretraining,srs_smooth_Moretraining,trial0470.mat,470,470,367,5,23,19,82,32,50,8,1,0,4,1,43,19563,1,2,1,2,1,1,2,2,2,2,SINGLE_T2_CORRECT,11,455,1,0,7,0,0,0,185,88,185,88,97,88,1,180,190,0,10,180,-170,170,NaN,NaN,NaN,1785781076.86855,13717.25885164,2.34575390815735,0.0145766735076904,0.192812442779541,0.892819166183472,1.38963055610657,1.58442616462708,1.62540698051453,1.62540698051453,-1,-1,1.93550586700439,178.235769271851,194.795608520508,40.9808158874512,235.776424407959,Instruction,Right,Left,Left,Right,Left,1,0,0,0,0,NaN,NaN,NaN,NaN,NaN,NaN,NaN,NaN,1,1,0,1,0,0,368,NaN,20260803_t1352_srsSmooth_Moretraining_B005,20,NaN,25.313088063399,1.33020853996277,NaN,NaN,NaN,0,NaN,NaN,NaN,NaN,0
20260803_t1352_srsSmooth_Moretraining,srs_smooth_Moretraining,trial0471.mat,471,471,368,5,24,20,82,32,50,8,1,0,1,1,7,23677,1,1,1,2,1,1,1,1,0,0,,0,11,0,1,0,0,0,0,172,52,172,52,120,NaN,1,0,180,10,180,10,170,170,NaN,NaN,NaN,1785781080.52685,13720.91708904,0.301027536392212,0.0147528648376465,0.225902795791626,-1,-1,-1,-1,-1,-1,-1,-1,211.149930953979,NaN,NaN,NaN,Instruction,Right,Left,None,Right,Right,1,0,0,0,0,NaN,NaN,NaN,NaN,NaN,NaN,NaN,NaN,1,1,1,1,1,0,368,NaN,20260803_t1352_srsSmooth_Moretraining_B005,NaN,NaN,25.3740597248077,1.31254577636719,NaN,NaN,NaN,0,NaN,NaN,NaN,NaN,0
20260803_t1352_srsSmooth_Moretraining,srs_smooth_Moretraining,trial0473.mat,473,473,368,5,26,20,82,32,50,8,1,0,3,1,32,17250,1,2,2,1,1,2,2,1,2,1,SINGLE_T2_CORRECT,11,455,1,0,4,0,0,0,152,83,152,83,69,83,1,0,10,180,10,180,-170,170,NaN,NaN,NaN,1785781083.63555,13724.0257536,2.10249495506287,0.0145115852355957,0.217636108398438,0.742617130279541,1.16455602645874,1.42490768432617,1.45834112167358,1.45834112167358,-1,-1,1.68528532981873,203.124523162842,260.351657867432,33.4334373474121,293.785095214844,Instruction,Left,Right,Right,Left,Right,1,0,0,0,0,NaN,NaN,NaN,NaN,NaN,NaN,NaN,NaN,0,0,1,1,0,0,369,NaN,20260803_t1352_srsSmooth_Moretraining_B005,21,NaN,25.4258713165919,2.80766797065735,NaN,NaN,NaN,0,NaN,NaN,NaN,NaN,0
20260803_t1352_srsSmooth_Moretraining,srs_smooth_Moretraining,trial0474.mat,474,474,369,5,27,21,82,32,50,8,1,0,2,1,21,18443,1,1,2,1,1,2,1,2,1,2,SINGLE_T1_CORRECT,10,455,1,0,6,0,0,0,172,66,172,66,106,172,1,180,0,190,180,10,170,170,NaN,NaN,NaN,1785781087.12309,13727.51313924,2.33191537857056,0.0187735557556152,0.255760908126831,0.896981716156006,1.40216159820557,1.58912134170532,1.63018751144409,1.63018751144409,-1,-1,1.85711336135864,236.987352371216,186.959743499756,41.0661697387695,228.025913238525,Instruction,Left,Right,Left,Left,Left,1,0,0,0,0,NaN,NaN,NaN,NaN,NaN,NaN,NaN,NaN,0,0,0,1,1,0,370,NaN,20260803_t1352_srsSmooth_Moretraining_B005,22,NaN,25.4839969793955,1.38504481315613,NaN,NaN,NaN,0,NaN,NaN,NaN,NaN,0
20260803_t1352_srsSmooth_Moretraining,srs_smooth_Moretraining,trial0475.mat,475,475,370,5,28,22,82,32,50,8,1,0,2,1,18,31620,1,1,2,1,1,2,1,2,0,0,,0,11,0,1,0,0,0,0,156,90,156,90,66,NaN,1,180,0,190,180,10,170,170,NaN,NaN,NaN,1785781090.78351,13731.17348072,1.44627213478088,0.0168256759643555,0.217748880386353,0.9367995262146,-1,-1,-1,-1,-1,-1,-1,200.923204421997,NaN,NaN,NaN,Instruction,Left,Right,None,Left,Left,1,0,0,0,0,NaN,NaN,NaN,NaN,NaN,NaN,NaN,NaN,0,0,0,1,1,0,370,NaN,20260803_t1352_srsSmooth_Moretraining_B005,NaN,NaN,25.5450040459633,1.32850861549377,NaN,NaN,NaN,0,NaN,NaN,NaN,NaN,0
20260803_t1352_srsSmooth_Moretraining,srs_smooth_Moretraining,trial0477.mat,477,477,370,5,30,22,82,32,50,8,1,0,4,1,48,12216,1,2,1,2,1,1,2,2,2,2,SINGLE_T2_CORRECT,11,455,1,0,5,0,0,0,185,78,185,78,107,78,1,180,190,0,10,180,-170,170,NaN,NaN,NaN,1785781094.97633,13735.36619124,2.13685607910156,0.0158355236053467,0.260362386703491,0.819215536117554,1.24088382720947,1.46092367172241,1.50206613540649,1.50206613540649,-1,-1,1.75743579864502,244.526863098145,220.039844512939,41.142463684082,261.182308197021,Instruction,Right,Left,Left,Right,Left,1,0,0,0,0,NaN,NaN,NaN,NaN,NaN,NaN,NaN,NaN,1,1,0,1,0,0,371,NaN,20260803_t1352_srsSmooth_Moretraining_B005,23,NaN,25.6148843765259,2.74654769897461,NaN,NaN,NaN,0,NaN,NaN,NaN,NaN,0
20260803_t1352_srsSmooth_Moretraining,srs_smooth_Moretraining,trial0478.mat,478,478,371,5,31,23,82,32,50,8,1,0,2,1,16,28317,1,1,2,1,1,2,1,2,1,2,SINGLE_T1_CORRECT,10,455,1,0,3,0,0,0,173,73,173,73,100,173,1,0,180,10,180,10,170,170,NaN,NaN,NaN,1785781098.4235,13738.81325424,2.10631847381592,0.0187959671020508,0.0201082229614258,0.655450105667114,0.993834018707275,1.24686551094055,1.28690814971924,1.28690814971924,-1,-1,1.59681606292725,1.312255859375,253.031492233276,40.0426387786865,293.074131011963,Instruction,Left,Right,Left,Left,Left,1,0,0,0,0,NaN,NaN,NaN,NaN,NaN,NaN,NaN,NaN,0,0,0,1,1,0,372,NaN,20260803_t1352_srsSmooth_Moretraining_B005,24,NaN,25.6723372896512,1.3103187084198,NaN,NaN,NaN,0,NaN,NaN,NaN,NaN,0
20260803_t1352_srsSmooth_Moretraining,srs_smooth_Moretraining,trial0479.mat,479,479,372,5,32,24,82,32,50,8,1,0,1,1,6,7448,1,1,1,2,1,1,1,1,1,1,SINGLE_T1_CORRECT,10,455,1,0,4,0,0,0,187,102,187,102,85,187,1,0,180,10,180,10,170,170,NaN,NaN,NaN,1785781101.87943,13742.26935772,2.2260115146637,0.0130043029785156,0.191099643707275,0.76616096496582,1.22138547897339,1.45784187316895,1.49945187568665,1.49945187568665,-1,-1,1.74075984954834,178.09534072876,236.456394195557,41.6100025177002,278.066396713257,Instruction,Right,Left,Right,Right,Right,1,0,0,0,0,NaN,NaN,NaN,NaN,NaN,NaN,NaN,NaN,1,1,1,1,1,0,373,NaN,20260803_t1352_srsSmooth_Moretraining_B005,25,NaN,25.7299360513687,1.34960722923279,NaN,NaN,NaN,0,NaN,NaN,NaN,NaN,0
20260803_t1352_srsSmooth_Moretraining,srs_smooth_Moretraining,trial0480.mat,480,480,373,5,33,25,82,32,50,8,1,0,2,1,22,13512,1,1,2,1,1,2,1,2,1,2,SINGLE_T1_CORRECT,10,455,1,0,6,0,0,0,165,103,165,103,62,165,1,180,0,190,180,10,170,170,NaN,NaN,NaN,1785781105.42763,13745.81730256,2.02031302452087,0.0149471759796143,0.201485157012939,0.818240165710449,1.22332692146301,1.29346132278442,1.33505749702454,1.33505749702454,-1,-1,1.55639290809631,186.537981033325,70.1344013214111,41.5961742401123,111.730575561523,Instruction,Left,Right,Left,Left,Left,1,0,0,0,0,NaN,NaN,NaN,NaN,NaN,NaN,NaN,NaN,0,0,0,1,1,0,374,NaN,20260803_t1352_srsSmooth_Moretraining_B005,26,NaN,25.7890726526578,1.32218456268311,NaN,NaN,NaN,0,NaN,NaN,NaN,NaN,0
20260803_t1352_srsSmooth_Moretraining,srs_smooth_Moretraining,trial0481.mat,481,481,374,5,34,26,82,32,50,8,1,0,2,1,23,25834,1,1,2,1,1,2,1,2,1,2,SINGLE_T1_CORRECT,10,455,1,0,6,0,0,0,184,88,184,88,96,184,1,0,180,10,180,10,170,170,NaN,NaN,NaN,1785781108.7316,13749.121406,2.31699800491333,0.019465446472168,0.247381925582886,0.839209318161011,1.33615469932556,1.52250146865845,1.56350088119507,1.56350088119507,-1,-1,1.7970130443573,227.916479110718,186.346769332886,40.9994125366211,227.346181869507,Instruction,Left,Right,Left,Left,Left,1,0,0,0,0,NaN,NaN,NaN,NaN,NaN,NaN,NaN,NaN,0,0,0,1,1,0,375,NaN,20260803_t1352_srsSmooth_Moretraining_B005,27,NaN,25.8441388646762,1.28365969657898,NaN,NaN,NaN,0,NaN,NaN,NaN,NaN,0
20260803_t1352_srsSmooth_Moretraining,srs_smooth_Moretraining,trial0482.mat,482,482,375,5,35,27,82,32,50,8,1,0,4,1,39,5407,1,2,1,2,1,1,2,2,2,2,SINGLE_T2_CORRECT,11,455,1,0,6,0,0,0,165,100,165,100,65,100,1,0,10,180,10,180,-170,170,NaN,NaN,NaN,1785781112.32934,13752.71901904,2.36089777946472,0.0135056972503662,0.216687679290771,0.891668319702148,1.43856167793274,1.62545824050903,1.66682553291321,1.66682553291321,-1,-1,1.91703176498413,203.181982040405,186.896562576294,41.3672924041748,228.263854980469,Instruction,Right,Left,Left,Right,Left,1,0,0,0,0,NaN,NaN,NaN,NaN,NaN,NaN,NaN,NaN,1,1,0,1,0,0,376,NaN,20260803_t1352_srsSmooth_Moretraining_B005,28,NaN,25.9041011611621,1.28073978424072,NaN,NaN,NaN,0,NaN,NaN,NaN,NaN,0
20260803_t1352_srsSmooth_Moretraining,srs_smooth_Moretraining,trial0483.mat,483,483,376,5,36,28,82,32,50,8,1,0,4,1,50,21915,1,2,1,2,1,1,2,2,2,2,SINGLE_T2_CORRECT,11,455,1,0,7,0,0,0,184,92,184,92,92,92,1,180,190,0,10,180,-170,170,NaN,NaN,NaN,1785781116.01874,13756.4082696,2.3629424571991,0.0159151554107666,0.210123777389526,0.727587699890137,1.33263301849365,1.58591938018799,1.62738513946533,1.62738513946533,-1,-1,1.94237613677979,194.20862197876,253.286361694336,41.4657592773438,294.75212097168,Instruction,Right,Left,Left,Right,Left,1,0,0,0,0,NaN,NaN,NaN,NaN,NaN,NaN,NaN,NaN,1,1,0,1,0,0,377,NaN,20260803_t1352_srsSmooth_Moretraining_B005,29,NaN,25.9655911882718,1.32850384712219,NaN,NaN,NaN,0,NaN,NaN,NaN,NaN,0
20260803_t1352_srsSmooth_Moretraining,srs_smooth_Moretraining,trial0484.mat,484,484,377,5,37,29,82,32,50,8,1,0,1,1,8,21271,1,1,1,2,1,1,1,1,1,1,SINGLE_T1_CORRECT,10,455,1,0,6,0,0,0,176,75,176,75,101,176,1,0,180,10,180,10,170,170,NaN,NaN,NaN,1785781119.70818,13760.09766636,2.40732026100159,0.0182836055755615,0.246437311172485,0.813374280929565,1.32666897773743,1.60489678382874,1.64590382575989,1.64590382575989,-1,-1,1.90138554573059,228.153705596924,278.227806091309,41.0070419311523,319.234848022461,Instruction,Right,Left,Right,Right,Right,1,0,0,0,0,NaN,NaN,NaN,NaN,NaN,NaN,NaN,NaN,1,1,1,1,1,0,378,NaN,20260803_t1352_srsSmooth_Moretraining_B005,30,NaN,26.0270818948746,1.32649993896484,NaN,NaN,NaN,0,NaN,NaN,NaN,NaN,0
20260803_t1352_srsSmooth_Moretraining,srs_smooth_Moretraining,trial0485.mat,485,485,378,5,38,30,82,32,50,8,1,0,3,1,33,20610,1,2,2,1,1,2,2,1,2,1,SINGLE_T2_CORRECT,11,455,1,0,6,0,0,0,183,71,183,71,112,71,1,0,10,180,10,180,-170,170,NaN,NaN,NaN,1785781123.44823,13763.8375682,2.26631426811218,0.0200448036193848,0.289940595626831,0.879324436187744,1.311763048172,1.58995342254639,1.63179588317871,1.63179588317871,-1,-1,1.88157749176025,269.895792007446,278.19037437439,41.8424606323242,320.032835006714,Instruction,Left,Right,Right,Left,Right,1,0,0,0,0,NaN,NaN,NaN,NaN,NaN,NaN,NaN,NaN,0,0,1,1,0,0,379,NaN,20260803_t1352_srsSmooth_Moretraining_B005,31,NaN,26.089416094621,1.3327317237854,NaN,NaN,NaN,0,NaN,NaN,NaN,NaN,0
20260803_t1352_srsSmooth_Moretraining,srs_smooth_Moretraining,trial0486.mat,486,486,379,5,39,31,82,32,50,8,1,0,3,1,28,31216,1,2,2,1,1,2,2,1,2,1,SINGLE_T2_CORRECT,11,455,1,0,5,0,0,0,159,100,159,100,59,100,1,180,190,0,10,180,-170,170,NaN,NaN,NaN,1785781127.01906,13767.40827804,2.27962374687195,0.0160248279571533,0.244289398193359,0.760931730270386,1.31607484817505,1.57777452468872,1.6170973777771,1.6170973777771,-1,-1,1.84255504608154,228.264570236206,261.699676513672,39.3228530883789,301.022529602051,Instruction,Left,Right,Right,Left,Right,1,0,0,0,0,NaN,NaN,NaN,NaN,NaN,NaN,NaN,NaN,0,0,1,1,0,0,380,NaN,20260803_t1352_srsSmooth_Moretraining_B005,32,NaN,26.1489298741023,1.30451250076294,NaN,NaN,NaN,0,NaN,NaN,NaN,NaN,0
20260803_t1352_srsSmooth_Moretraining,srs_smooth_Moretraining,trial0487.mat,487,487,380,5,40,32,82,32,50,8,1,0,3,1,29,20059,1,2,2,1,1,2,2,1,2,1,SINGLE_T2_CORRECT,11,455,1,0,3,0,0,0,175,63,175,63,112,63,1,180,190,0,10,180,-170,170,NaN,NaN,NaN,1785781130.62429,13771.01345044,2.17390275001526,0.0192725658416748,0.12250542640686,0.764357805252075,1.19431853294373,1.4456307888031,1.48049426078796,1.48049426078796,-1,-1,1.78099536895752,103.232860565186,251.312255859375,34.8634719848633,286.175727844238,Instruction,Left,Right,Right,Left,Right,1,0,0,0,0,NaN,NaN,NaN,NaN,NaN,NaN,NaN,NaN,0,0,1,1,0,0,381,NaN,20260803_t1352_srsSmooth_Moretraining_B005,33,NaN,26.2090169787407,1.32560253143311,NaN,NaN,NaN,0,NaN,NaN,NaN,NaN,0
20260803_t1352_srsSmooth_Moretraining,srs_smooth_Moretraining,trial0488.mat,488,488,381,5,41,33,82,32,50,8,1,0,3,1,27,3955,1,2,2,1,1,2,2,1,2,1,SINGLE_T2_CORRECT,11,455,1,0,8,0,0,0,154,98,154,98,56,98,1,180,190,0,10,180,-170,170,NaN,NaN,NaN,1785781134.11659,13774.50572356,2.38241696357727,0.0187718868255615,0.138434410095215,0.855062246322632,1.41049313545227,1.58855891227722,1.63846039772034,1.63846039772034,-1,-1,1.94691467285156,119.662523269653,178.065776824951,49.9014854431152,227.967262268066,Instruction,Left,Right,Right,Left,Right,1,0,0,0,0,NaN,NaN,NaN,NaN,NaN,NaN,NaN,NaN,0,0,1,1,0,0,382,NaN,20260803_t1352_srsSmooth_Moretraining_B005,34,NaN,26.2672220547994,1.31840181350708,NaN,NaN,NaN,0,NaN,NaN,NaN,NaN,0
20260803_t1352_srsSmooth_Moretraining,srs_smooth_Moretraining,trial0489.mat,489,489,382,5,42,34,82,32,50,8,1,0,1,1,4,8419,1,1,1,2,1,1,1,1,1,1,SINGLE_T1_CORRECT,10,455,1,0,3,0,0,0,199,78,199,78,121,199,1,180,0,190,180,10,170,170,NaN,NaN,NaN,1785781137.82345,13778.21255252,2.33140826225281,0.0203902721405029,0.148573637008667,0.698224544525146,1.22877097129822,1.50617527961731,1.53786277770996,1.53786277770996,-1,-1,1.79616332054138,128.183364868164,277.404308319092,31.6874980926514,309.091806411743,Instruction,Right,Left,Right,Right,Right,1,0,0,0,0,NaN,NaN,NaN,NaN,NaN,NaN,NaN,NaN,1,1,1,1,1,0,383,NaN,20260803_t1352_srsSmooth_Moretraining_B005,35,NaN,26.3290030519168,1.32444286346436,NaN,NaN,NaN,0,NaN,NaN,NaN,NaN,0
20260803_t1352_srsSmooth_Moretraining,srs_smooth_Moretraining,trial0490.mat,490,490,383,5,43,35,82,32,50,8,1,0,2,1,25,893,1,1,2,1,1,2,1,2,0,0,,0,11,0,1,5,0,0,0,168,66,168,66,102,NaN,1,180,0,190,180,10,170,170,NaN,NaN,NaN,1785781141.49662,13781.88569928,1.56841945648193,0.0140318870544434,0.292215347290039,1.00894284248352,-1,-1,-1,-1,-1,-1,-1,278.183460235596,NaN,NaN,NaN,Instruction,Left,Right,None,Left,Left,1,0,0,0,0,NaN,NaN,NaN,NaN,NaN,NaN,NaN,NaN,0,0,0,1,1,0,383,NaN,20260803_t1352_srsSmooth_Moretraining_B005,NaN,NaN,26.3902225375175,1.34176087379456,NaN,NaN,NaN,0,NaN,NaN,NaN,NaN,0
20260803_t1352_srsSmooth_Moretraining,srs_smooth_Moretraining,trial0491.mat,491,491,383,5,44,35,82,32,50,8,1,0,3,1,36,1481,1,2,2,1,1,2,2,1,2,1,SINGLE_T2_CORRECT,11,455,1,0,3,0,0,0,158,89,158,89,69,89,1,180,190,0,10,180,-170,170,NaN,NaN,NaN,1785781144.3212,13784.71018984,2.32789874076843,0.0145621299743652,0.192996978759766,0.899119138717651,1.31461310386658,1.65868401527405,1.69190073013306,1.69190073013306,-1,-1,1.9404079914093,178.4348487854,344.070911407471,33.2167148590088,377.287626266479,Instruction,Left,Right,Right,Left,Right,1,0,0,0,0,NaN,NaN,NaN,NaN,NaN,NaN,NaN,NaN,0,0,1,1,0,0,384,NaN,20260803_t1352_srsSmooth_Moretraining_B005,36,NaN,26.4372988859812,1.25616145133972,NaN,NaN,NaN,0,NaN,NaN,NaN,NaN,0
20260803_t1352_srsSmooth_Moretraining,srs_smooth_Moretraining,trial0492.mat,492,492,384,5,45,36,82,32,50,8,1,0,1,1,7,23677,1,1,1,2,1,1,1,1,1,1,SINGLE_T1_CORRECT,10,455,1,0,6,0,0,0,163,68,163,68,95,163,1,180,0,190,180,10,170,170,NaN,NaN,NaN,1785781147.96375,13788.35272036,2.38546299934387,0.0138216018676758,0.217193603515625,0.906583309173584,1.3638756275177,1.61702585220337,1.65865969657898,1.65865969657898,-1,-1,1.90015840530396,203.372001647949,253.150224685669,41.6338443756104,294.784069061279,Instruction,Right,Left,Right,Right,Right,1,0,0,0,0,NaN,NaN,NaN,NaN,NaN,NaN,NaN,NaN,1,1,1,1,1,0,385,NaN,20260803_t1352_srsSmooth_Moretraining_B005,37,NaN,26.4980080445608,1.31465077400208,NaN,NaN,NaN,0,NaN,NaN,NaN,NaN,0
20260803_t1352_srsSmooth_Moretraining,srs_smooth_Moretraining,trial0493.mat,493,493,385,5,46,37,82,32,50,8,1,0,2,1,24,2525,1,1,2,1,1,2,1,2,0,0,,0,11,0,1,3,0,0,0,191,93,191,93,98,NaN,1,0,180,10,180,10,170,170,NaN,NaN,NaN,1785781151.65336,13792.0421252,0.226000308990479,0.0160205364227295,0.0216338634490967,-1,-1,-1,-1,-1,-1,-1,-1,5.61332702636719,NaN,NaN,NaN,Instruction,Left,Right,None,Left,Left,1,0,0,0,0,NaN,NaN,NaN,NaN,NaN,NaN,NaN,NaN,0,0,0,1,1,0,385,NaN,20260803_t1352_srsSmooth_Moretraining_B005,NaN,NaN,26.5595015962919,1.30415010452271,NaN,NaN,NaN,0,NaN,NaN,NaN,NaN,0
20260803_t1352_srsSmooth_Moretraining,srs_smooth_Moretraining,trial0494.mat,494,494,385,5,47,37,82,32,50,8,1,0,2,1,24,2525,1,1,2,1,1,2,1,2,1,2,SINGLE_T1_CORRECT,10,455,1,0,5,0,0,0,155,77,155,77,78,155,1,0,180,10,180,10,170,170,NaN,NaN,NaN,1785781153.13399,13793.5226984,2.49898743629456,0.0187842845916748,0.213590621948242,0.962998628616333,1.51884341239929,1.71213793754578,1.74489045143127,1.74489045143127,-1,-1,2.02093052864075,194.806337356567,193.294525146484,32.752513885498,226.047039031982,Instruction,Left,Right,Left,Left,Left,1,0,0,0,0,NaN,NaN,NaN,NaN,NaN,NaN,NaN,NaN,0,0,0,1,1,0,386,NaN,20260803_t1352_srsSmooth_Moretraining_B005,38,NaN,26.5841787377993,1.25462818145752,NaN,NaN,NaN,0,NaN,NaN,NaN,NaN,0
20260803_t1352_srsSmooth_Moretraining,srs_smooth_Moretraining,trial0495.mat,495,495,386,5,48,38,82,32,50,8,1,0,3,1,38,12925,1,2,2,1,1,2,2,1,2,1,SINGLE_T2_CORRECT,11,455,1,0,4,0,0,0,182,94,182,94,88,94,1,180,190,0,10,180,-170,170,NaN,NaN,NaN,1785781156.94453,13797.3331126,2.27124881744385,0.0167298316955566,0.244920969009399,0.852573871612549,1.32511472702026,1.53649926185608,1.5780291557312,1.5780291557312,-1,-1,1.86204934120178,228.191137313843,211.384534835815,41.5298938751221,252.914428710938,Instruction,Left,Right,Right,Left,Right,1,0,0,0,0,NaN,NaN,NaN,NaN,NaN,NaN,NaN,NaN,0,0,1,1,0,0,387,NaN,20260803_t1352_srsSmooth_Moretraining_B005,39,NaN,26.6476876934369,1.31154990196228,NaN,NaN,NaN,0,NaN,NaN,NaN,NaN,0
20260803_t1352_srsSmooth_Moretraining,srs_smooth_Moretraining,trial0496.mat,496,496,387,5,49,39,82,32,50,8,1,0,3,1,35,23597,1,2,2,1,1,2,2,1,2,1,SINGLE_T2_CORRECT,11,455,1,0,2,0,0,0,160,97,160,97,63,97,1,180,190,0,10,180,-170,170,NaN,NaN,NaN,1785781160.54665,13800.93525212,2.1281213760376,0.0147459506988525,0.0159413814544678,0.750543594360352,1.14812397956848,1.4004590511322,1.44029116630554,1.44029116630554,-1,-1,1.71802568435669,1.19543075561523,252.335071563721,39.8321151733398,292.167186737061,Instruction,Left,Right,Right,Left,Right,1,0,0,0,0,NaN,NaN,NaN,NaN,NaN,NaN,NaN,NaN,0,0,1,1,0,0,388,NaN,20260803_t1352_srsSmooth_Moretraining_B005,40,NaN,26.7077231089274,1.33087611198425,NaN,NaN,NaN,0,NaN,NaN,NaN,NaN,0
20260803_t1352_srsSmooth_Moretraining,srs_smooth_Moretraining,trial0497.mat,497,497,388,5,50,40,82,32,50,8,1,0,1,1,5,10160,1,1,1,2,1,1,1,1,1,1,SINGLE_T1_CORRECT,10,455,1,0,5,0,0,0,170,93,170,93,77,170,1,180,0,190,180,10,170,170,NaN,NaN,NaN,1785781164.00965,13804.398199,2.39934039115906,0.0185573101043701,0.194735050201416,0.979755878448486,1.36027669906616,1.59693169593811,1.63855051994324,1.63855051994324,-1,-1,1.89690923690796,176.177740097046,236.654996871948,41.618824005127,278.273820877075,Instruction,Right,Left,Right,Right,Right,1,0,0,0,0,NaN,NaN,NaN,NaN,NaN,NaN,NaN,NaN,1,1,1,1,1,0,389,NaN,20260803_t1352_srsSmooth_Moretraining_B005,41,NaN,26.7654396454493,1.3348708152771,NaN,NaN,NaN,0,NaN,NaN,NaN,NaN,0
20260803_t1352_srsSmooth_Moretraining,srs_smooth_Moretraining,trial0498.mat,498,498,389,5,51,41,82,32,50,8,1,0,1,1,11,14479,1,1,1,2,1,1,1,1,1,1,SINGLE_T1_CORRECT,10,455,1,0,6,0,0,0,191,96,191,96,95,191,1,180,0,190,180,10,170,170,NaN,NaN,NaN,1785781167.71832,13808.106813,2.53247046470642,0.0183632373809814,0.271606206893921,0.804869890213013,1.36841607093811,1.66333913803101,1.70460367202759,1.70460367202759,-1,-1,2.01210737228394,253.242969512939,294.923067092896,41.264533996582,336.187601089478,Instruction,Right,Left,Right,Right,Right,1,0,0,0,0,NaN,NaN,NaN,NaN,NaN,NaN,NaN,NaN,1,1,1,1,1,0,390,NaN,20260803_t1352_srsSmooth_Moretraining_B005,42,NaN,26.8272508700689,1.30933308601379,NaN,NaN,NaN,0,NaN,NaN,NaN,NaN,0
20260803_t1352_srsSmooth_Moretraining,srs_smooth_Moretraining,trial0499.mat,499,499,390,5,52,42,82,32,50,8,1,0,4,1,42,27691,1,2,1,2,1,1,2,2,2,2,SINGLE_T2_CORRECT,11,455,1,0,2,0,0,0,170,82,170,82,88,82,1,0,10,180,10,180,-170,170,NaN,NaN,NaN,1785781171.59388,13811.9822748,2.43096590042114,0.0179605484008789,0.1796715259552,0.963063716888428,1.56802153587341,1.69426727294922,1.72699165344238,1.72699165344238,-1,-1,2.00414609909058,161.710977554321,126.245737075806,32.7243804931641,158.97011756897,Instruction,Right,Left,Left,Right,Left,1,0,0,0,0,NaN,NaN,NaN,NaN,NaN,NaN,NaN,NaN,1,1,0,1,0,0,391,NaN,20260803_t1352_srsSmooth_Moretraining_B005,43,NaN,26.8918434619904,1.34308505058289,NaN,NaN,NaN,0,NaN,NaN,NaN,NaN,0
20260803_t1352_srsSmooth_Moretraining,srs_smooth_Moretraining,trial0500.mat,500,500,391,5,53,43,82,32,50,8,1,0,3,1,34,20337,1,2,2,1,1,2,2,1,2,1,SINGLE_T2_CORRECT,11,455,1,0,3,0,0,0,162,91,162,91,71,91,1,180,190,0,10,180,-170,170,NaN,NaN,NaN,1785781175.35689,13815.74507728,2.37742114067078,0.0134296417236328,0.242026329040527,0.775297880172729,1.32181453704834,1.60834932327271,1.63954615592957,1.63954615592957,-1,-1,1.95669198036194,228.596687316895,286.534786224365,31.1968326568604,317.731618881226,Instruction,Left,Right,Right,Left,Right,1,0,0,0,0,NaN,NaN,NaN,NaN,NaN,NaN,NaN,NaN,0,0,1,1,0,0,392,NaN,20260803_t1352_srsSmooth_Moretraining_B005,44,NaN,26.9545603275299,1.3320460319519,NaN,NaN,NaN,0,NaN,NaN,NaN,NaN,0
20260803_t1352_srsSmooth_Moretraining,srs_smooth_Moretraining,trial0501.mat,501,501,392,5,54,44,82,32,50,8,1,0,1,1,3,490,1,1,1,2,1,1,1,1,1,1,SINGLE_T1_CORRECT,10,455,1,0,1,0,0,0,158,91,158,91,67,158,1,180,0,190,180,10,170,170,NaN,NaN,NaN,1785781179.07358,13819.46187424,2.23584675788879,0.0135543346405029,0.232967615127563,0.800410270690918,1.21360230445862,1.46691012382507,1.49803066253662,1.49803066253662,-1,-1,1.78078269958496,219.413280487061,253.307819366455,31.1205387115479,284.428358078003,Instruction,Right,Left,Right,Right,Right,1,0,0,0,0,NaN,NaN,NaN,NaN,NaN,NaN,NaN,NaN,1,1,1,1,1,0,393,NaN,20260803_t1352_srsSmooth_Moretraining_B005,45,NaN,27.0165051341057,1.33926725387573,NaN,NaN,NaN,0,NaN,NaN,NaN,NaN,0
20260803_t1352_srsSmooth_Moretraining,srs_smooth_Moretraining,trial0502.mat,502,502,393,5,55,45,82,32,50,8,1,0,4,1,40,29402,1,2,1,2,1,1,2,2,2,2,SINGLE_T2_CORRECT,11,455,1,0,3,0,0,0,176,86,176,86,90,86,1,180,190,0,10,180,-170,170,NaN,NaN,NaN,1785781182.59916,13822.98731848,2.18702554702759,0.0214464664459229,0.249820947647095,0.799916505813599,1.25482964515686,1.45613360404968,1.49778008460999,1.49778008460999,-1,-1,1.76673817634583,228.374481201172,201.303958892822,41.6464805603027,242.950439453125,Instruction,Right,Left,Left,Right,Left,1,0,0,0,0,NaN,NaN,NaN,NaN,NaN,NaN,NaN,NaN,1,1,0,1,0,0,394,NaN,20260803_t1352_srsSmooth_Moretraining_B005,46,NaN,27.0752648154895,1.28973412513733,NaN,NaN,NaN,0,NaN,NaN,NaN,NaN,0
20260803_t1352_srsSmooth_Moretraining,srs_smooth_Moretraining,trial0503.mat,503,503,394,5,56,46,82,32,50,8,1,0,2,1,25,893,1,1,2,1,1,2,1,2,1,2,SINGLE_T1_CORRECT,10,455,1,0,4,0,0,0,151,83,151,83,68,151,1,180,0,190,180,10,170,170,NaN,NaN,NaN,1785781186.0932,13826.48121864,2.2408754825592,0.0192127227783203,0.212183237075806,0.905577421188354,1.24426054954529,1.43900728225708,1.48097562789917,1.48097562789917,-1,-1,1.79034399986267,192.970514297485,194.746732711792,41.9683456420898,236.715078353882,Instruction,Left,Right,Left,Left,Left,1,0,0,0,0,NaN,NaN,NaN,NaN,NaN,NaN,NaN,NaN,0,0,0,1,1,0,395,NaN,20260803_t1352_srsSmooth_Moretraining_B005,47,NaN,27.1334987958272,1.30701327323914,NaN,NaN,NaN,0,NaN,NaN,NaN,NaN,0
20260803_t1352_srsSmooth_Moretraining,srs_smooth_Moretraining,trial0504.mat,504,504,395,5,57,47,82,32,50,8,1,0,2,1,18,31620,1,1,2,1,1,2,1,2,1,2,SINGLE_T1_CORRECT,10,455,1,0,4,0,0,0,169,79,169,79,90,169,1,180,0,190,180,10,170,170,NaN,NaN,NaN,1785781189.64376,13830.03166908,2.55773282051086,0.0187835693359375,0.197124481201172,0.921888113021851,1.54384469985962,1.81984686851501,1.85346746444702,1.85346746444702,-1,-1,2.08614134788513,178.340911865234,276.002168655396,33.6205959320068,309.622764587402,Instruction,Left,Right,Left,Left,Left,1,0,0,0,0,NaN,NaN,NaN,NaN,NaN,NaN,NaN,NaN,0,0,0,1,1,0,396,NaN,20260803_t1352_srsSmooth_Moretraining_B005,48,NaN,27.192674946785,1.3096935749054,NaN,NaN,NaN,0,NaN,NaN,NaN,NaN,0
20260803_t1352_srsSmooth_Moretraining,srs_smooth_Moretraining,trial0505.mat,505,505,396,5,58,48,82,32,50,8,1,0,1,1,2,19768,1,1,1,2,1,1,1,1,1,1,SINGLE_T1_CORRECT,10,455,1,0,3,0,0,0,175,75,175,75,100,175,1,180,0,190,180,10,170,170,NaN,NaN,NaN,1785781193.52858,13833.91646024,2.38130593299866,0.0174562931060791,0.143774747848511,0.892873764038086,1.28417301177979,1.60204887390137,1.64379715919495,1.64379715919495,-1,-1,1.89461898803711,126.318454742432,317.875862121582,41.7482852935791,359.624147415161,Instruction,Right,Left,Right,Right,Right,1,0,0,0,0,NaN,NaN,NaN,NaN,NaN,NaN,NaN,NaN,1,1,1,1,1,0,397,NaN,20260803_t1352_srsSmooth_Moretraining_B005,49,NaN,27.2574218511581,1.32708144187927,NaN,NaN,NaN,0,NaN,NaN,NaN,NaN,0
20260803_t1352_srsSmooth_Moretraining,srs_smooth_Moretraining,trial0506.mat,506,506,397,5,59,49,82,32,50,8,1,0,1,1,9,30460,1,1,1,2,1,1,1,1,1,1,SINGLE_T1_CORRECT,10,455,1,0,2,0,0,0,156,100,156,100,56,156,1,180,0,190,180,10,170,170,NaN,NaN,NaN,1785781197.25304,13837.64079372,2.13183093070984,0.0181422233581543,0.0194888114929199,0.746366739273071,1.11818647384644,1.36974763870239,1.41075348854065,1.41075348854065,-1,-1,1.64642739295959,1.34658813476562,251.561164855957,41.0058498382568,292.567014694214,Instruction,Right,Left,Right,Right,Right,1,0,0,0,0,NaN,NaN,NaN,NaN,NaN,NaN,NaN,NaN,1,1,1,1,1,0,398,NaN,20260803_t1352_srsSmooth_Moretraining_B005,50,NaN,27.3194961984952,1.34315490722656,NaN,NaN,NaN,0,NaN,NaN,NaN,NaN,0
20260803_t1352_srsSmooth_Moretraining,srs_smooth_Moretraining,trial0507.mat,507,507,398,5,60,50,82,32,50,8,1,1,5,2,51,1202,2,0,1,2,1,1,1,1,1,1,CHOSE_HIGH_SAL,1,455,1,0,4,0,0,0,176,75,176,75,101,176,1,0,176.340861126262,13.6591388737381,176.340861126262,13.6591388737381,162.681722252524,162.681722252524,NaN,NaN,NaN,1785781200.72302,13841.11064444,2.37901067733765,0.0149648189544678,0.276717901229858,0.959613084793091,1.523357629776,1.60185384750366,1.64315557479858,1.64315557479858,-1,-1,1.8686671257019,261.753082275391,78.4962177276611,41.3017272949219,119.797945022583,Congruent,Right,Left,Right,Right,Right,0,1,1,0,1,1,1,1,1,0,0,0,0,1,1,1,1,1,1,399,149,20260803_t1352_srsSmooth_Moretraining_B005,51,1,27.3773292263349,1.3381507396698,2,2,126,0,1,1,0,0,1
20260803_t1352_srsSmooth_Moretraining,srs_smooth_Moretraining,trial0508.mat,508,508,399,5,61,51,82,32,50,8,1,2,8,2,77,6659,2,0,2,1,1,2,2,1,2,1,CHOSE_HIGH_SAL,1,455,1,0,4,0,0,0,155,65,155,65,90,65,1,0,86.9392574715478,103.060742528452,86.9392574715478,103.060742528452,-16.1214850569044,16.1214850569044,NaN,NaN,NaN,1785781204.43835,13844.82595296,2.48059630393982,0.0164501667022705,0.203154325485229,0.959386825561523,1.53317713737488,1.77808237075806,1.81706595420837,1.81706595420837,-1,-1,2.09522557258606,186.704158782959,244.905233383179,38.9835834503174,283.888816833496,Conflict,Left,Right,Right,Left,Right,0,1,0,1,1,1,0,0,1,0,1,1,0,0,0,1,1,0,1,400,150,20260803_t1352_srsSmooth_Moretraining_B005,52,2,27.4392513712247,1.33631801605225,1,1,176,1,1,0,0,1,1
20260803_t1352_srsSmooth_Moretraining,srs_smooth_Moretraining,trial0509.mat,509,509,400,5,62,51,82,32,50,8,1,2,8,2,77,6659,2,0,2,1,1,2,2,1,0,0,,0,11,0,1,5,0,0,0,155,32,155,32,123,NaN,1,0,86.9392574715478,103.060742528452,86.9392574715478,103.060742528452,-16.1214850569044,16.1214850569044,NaN,NaN,NaN,1785781208.25981,13848.64733888,1.19867467880249,0.0201451778411865,0.156492233276367,0.848294258117676,-1,-1,-1,-1,-1,-1,-1,136.347055435181,NaN,NaN,NaN,Conflict,Left,Right,None,Left,Right,0,1,0,1,0,NaN,NaN,NaN,NaN,NaN,NaN,NaN,NaN,0,0,1,1,0,0,400,NaN,20260803_t1352_srsSmooth_Moretraining_B005,NaN,NaN,27.5029423077901,1.34085988998413,NaN,NaN,NaN,0,NaN,NaN,NaN,NaN,0
20260803_t1352_srsSmooth_Moretraining,srs_smooth_Moretraining,trial0510.mat,510,510,400,5,63,51,82,32,50,8,1,2,8,2,77,6659,2,0,2,1,1,2,2,1,0,0,,0,11,0,1,3,0,0,0,155,32,155,32,123,NaN,1,0,86.9392574715478,103.060742528452,86.9392574715478,103.060742528452,-16.1214850569044,16.1214850569044,NaN,NaN,NaN,1785781210.73468,13851.1222474,0.1315598487854,0.0120360851287842,0.0569770336151123,-1,-1,-1,-1,-1,-1,-1,-1,44.9409484863281,NaN,NaN,NaN,Conflict,Left,Right,None,Left,Right,0,1,0,1,0,NaN,NaN,NaN,NaN,NaN,NaN,NaN,NaN,0,0,1,1,0,0,400,NaN,20260803_t1352_srsSmooth_Moretraining_B005,NaN,NaN,27.544190188249,1.27619814872742,NaN,NaN,NaN,0,NaN,NaN,NaN,NaN,0
20260803_t1352_srsSmooth_Moretraining,srs_smooth_Moretraining,trial0512.mat,512,512,400,5,65,51,82,32,50,8,1,2,8,2,77,6659,2,0,2,1,1,2,2,1,1,2,CHOSE_LOW_SAL,2,455,1,0,1,0,0,0,155,32,155,32,123,155,1,0,86.9392574715478,103.060742528452,86.9392574715478,103.060742528452,-16.1214850569044,16.1214850569044,NaN,NaN,NaN,1785781213.68327,13854.07091548,2.20184993743896,0.013563871383667,0.175471544265747,0.875270366668701,1.4636218547821,1.48107409477234,1.51461601257324,1.51461601257324,-1,-1,1.74177122116089,161.90767288208,17.4522399902344,33.5419178009033,50.9941577911377,Conflict,Left,Right,Left,Left,Right,0,1,0,1,1,0,1,1,0,1,0,0,1,0,0,1,1,0,1,401,151,20260803_t1352_srsSmooth_Moretraining_B005,53,3,27.5933333396912,2.81702923774719,2,1,65,1,1,1,0,0,1
20260803_t1352_srsSmooth_Moretraining,srs_smooth_Moretraining,trial0513.mat,513,513,401,5,66,52,82,32,50,8,1,1,5,2,56,10429,2,0,1,2,1,1,1,1,0,0,,0,11,0,1,3,0,0,0,176,88,176,88,88,NaN,1,180,280.542132461986,269.457867538014,100.542132461986,89.4578675380143,11.0842649239714,11.0842649239714,NaN,NaN,NaN,1785781217.22148,13857.60903932,1.08735322952271,0.0171566009521484,0.01877760887146,0.703116178512573,-1,-1,-1,-1,-1,-1,-1,1.62100791931152,NaN,NaN,NaN,Congruent,Right,Left,None,Right,Right,0,1,1,0,0,NaN,NaN,NaN,NaN,NaN,NaN,NaN,NaN,1,1,1,1,1,0,401,NaN,20260803_t1352_srsSmooth_Moretraining_B005,NaN,NaN,27.6523035804431,1.33636450767517,NaN,NaN,NaN,0,NaN,NaN,NaN,NaN,0
20260803_t1352_srsSmooth_Moretraining,srs_smooth_Moretraining,trial0514.mat,514,514,401,5,67,52,82,32,50,8,1,1,5,2,53,25659,2,0,1,2,1,1,1,1,2,2,CHOSE_LOW_SAL,2,455,1,0,4,0,0,0,181,76,181,76,105,76,1,0,96.5821357262591,93.4178642737409,96.582135726259,93.417864273741,3.16427145251805,3.16427145251805,NaN,NaN,NaN,1785781219.5448,13859.93222,2.19924664497375,0.0189359188079834,0.196896314620972,0.946752071380615,1.30231976509094,1.5137026309967,1.55537056922913,1.55537056922913,-1,-1,1.80626440048218,177.960395812988,211.382865905762,41.6679382324219,253.050804138184,Congruent,Right,Left,Left,Right,Right,0,1,1,0,1,0,0,0,0,1,1,1,1,1,1,1,1,1,1,402,152,20260803_t1352_srsSmooth_Moretraining_B005,54,4,27.691025475661,1.23596048355103,1,2,155,1,1,0,0,1,1
20260803_t1352_srsSmooth_Moretraining,srs_smooth_Moretraining,trial0515.mat,515,515,402,5,68,53,82,32,50,8,1,2,8,2,79,24900,2,0,2,1,1,2,2,1,2,1,CHOSE_HIGH_SAL,1,455,1,0,3,0,0,0,176,130,176,130,46,130,1,0,10.2327474319351,179.767252568065,10.2327474319351,179.767252568065,-169.53450513613,169.53450513613,NaN,NaN,NaN,1785781223.05595,13863.44309112,2.15475153923035,0.0162506103515625,0.21087646484375,0.727926015853882,1.14129567146301,1.37703633308411,1.408358335495,1.408358335495,-1,-1,1.6925687789917,194.625854492188,235.740661621094,31.3220024108887,267.062664031982,Conflict,Left,Right,Right,Left,Right,0,1,0,1,1,1,0,0,1,0,1,1,0,0,0,1,1,0,1,403,153,20260803_t1352_srsSmooth_Moretraining_B005,55,5,27.7495447635651,1.31191062927246,2,2,76,1,0,1,1,0,1
20260803_t1352_srsSmooth_Moretraining,srs_smooth_Moretraining,trial0516.mat,516,516,403,5,69,53,82,32,50,8,1,2,8,2,79,24900,2,0,2,1,1,2,2,1,2,1,CHOSE_HIGH_SAL,1,455,1,0,1,0,0,0,176,65,176,65,111,65,1,0,10.2327474319351,179.767252568065,10.2327474319351,179.767252568065,-169.53450513613,169.53450513613,NaN,NaN,NaN,1785781226.49984,13866.88709896,2.06820368766785,0.0141696929931641,0.15863037109375,0.691379070281982,1.03087663650513,1.35010480880737,1.38975834846497,1.38975834846497,-1,-1,1.69897603988647,144.460678100586,319.228172302246,39.6535396575928,358.881711959839,Conflict,Left,Right,Right,Left,Right,0,1,0,1,1,1,0,0,1,0,1,1,0,0,0,1,1,0,1,404,154,20260803_t1352_srsSmooth_Moretraining_B005,56,6,27.8069428284963,1.28913235664368,2,1,130,1,0,0,1,1,1
20260803_t1352_srsSmooth_Moretraining,srs_smooth_Moretraining,trial0517.mat,517,517,404,5,70,53,82,32,50,8,1,2,8,2,79,24900,2,0,2,1,1,2,2,1,2,1,CHOSE_HIGH_SAL,1,455,1,0,4,0,0,0,176,32,176,32,144,32,1,0,10.2327474319351,179.767252568065,10.2327474319351,179.767252568065,-169.53450513613,169.53450513613,NaN,NaN,NaN,1785781229.90366,13870.29096964,2.09853506088257,0.0188126564025879,0.182881593704224,0.802948474884033,1.18552589416504,1.46372294425964,1.50526833534241,1.50526833534241,-1,-1,1.76467180252075,164.068937301636,278.197050094604,41.5453910827637,319.742441177368,Conflict,Left,Right,Right,Left,Right,0,1,0,1,1,1,0,0,1,0,1,1,0,0,0,1,1,0,1,405,155,20260803_t1352_srsSmooth_Moretraining_B005,57,7,27.8636732578278,1.33562207221985,2,1,65,1,0,0,1,1,1
20260803_t1352_srsSmooth_Moretraining,srs_smooth_Moretraining,trial0518.mat,518,518,405,5,71,53,82,32,50,8,1,2,8,2,79,24900,2,0,2,1,1,2,2,1,0,0,,0,11,0,1,4,0,0,0,176,16,176,16,160,NaN,1,0,10.2327474319351,179.767252568065,10.2327474319351,179.767252568065,-169.53450513613,169.53450513613,NaN,NaN,NaN,1785781233.34466,13873.73184912,1.64169883728027,0.0196206569671631,0.231145620346069,1.01444530487061,-1,-1,-1,-1,-1,-1,-1,211.524963378906,NaN,NaN,NaN,Conflict,Left,Right,None,Left,Right,0,1,0,1,0,NaN,NaN,NaN,NaN,NaN,NaN,NaN,NaN,0,0,1,1,0,0,405,NaN,20260803_t1352_srsSmooth_Moretraining_B005,NaN,NaN,27.9210231939952,1.34246110916138,NaN,NaN,NaN,0,NaN,NaN,NaN,NaN,0
20260803_t1352_srsSmooth_Moretraining,srs_smooth_Moretraining,trial0519.mat,519,519,405,5,72,53,82,32,50,8,1,2,8,2,79,24900,2,0,2,1,1,2,2,1,0,0,,0,11,0,1,3,0,0,0,176,16,176,16,160,NaN,1,0,10.2327474319351,179.767252568065,10.2327474319351,179.767252568065,-169.53450513613,169.53450513613,NaN,NaN,NaN,1785781236.24864,13876.63564516,1.45271897315979,0.0157570838928223,0.219018697738647,0.808623075485229,-1,-1,-1,-1,-1,-1,-1,203.261613845825,NaN,NaN,NaN,Conflict,Left,Right,None,Left,Right,0,1,0,1,0,NaN,NaN,NaN,NaN,NaN,NaN,NaN,NaN,0,0,1,1,0,0,405,NaN,20260803_t1352_srsSmooth_Moretraining_B005,NaN,NaN,27.9694228370984,1.26227974891663,NaN,NaN,NaN,0,NaN,NaN,NaN,NaN,0
20260803_t1352_srsSmooth_Moretraining,srs_smooth_Moretraining,trial0520.mat,520,520,405,5,73,53,82,32,50,8,1,2,8,2,79,24900,2,0,2,1,1,2,2,1,1,2,CHOSE_LOW_SAL,2,455,1,0,6,0,0,0,176,16,176,16,160,176,1,0,10.2327474319351,179.767252568065,10.2327474319351,179.767252568065,-169.53450513613,169.53450513613,NaN,NaN,NaN,1785781238.96521,13879.35219396,2.26316595077515,0.0159540176391602,0.167234897613525,0.685642242431641,1.30767321586609,1.5111391544342,1.56084942817688,1.56084942817688,-1,-1,1.79085564613342,151.280879974365,203.465938568115,49.7102737426758,253.176212310791,Conflict,Left,Right,Left,Left,Right,0,1,0,1,1,0,1,1,0,1,0,0,1,0,0,1,1,0,1,406,156,20260803_t1352_srsSmooth_Moretraining_B005,58,8,28.0146991213163,1.26385807991028,2,1,32,1,1,1,0,0,1
20260803_t1352_srsSmooth_Moretraining,srs_smooth_Moretraining,trial0521.mat,521,521,406,5,74,54,82,32,50,8,1,1,5,2,56,10429,2,0,1,2,1,1,1,1,1,1,CHOSE_HIGH_SAL,1,455,1,0,0,0,0,0,158,75,158,75,83,158,1,180,295.412803606526,254.587196393474,115.412803606526,74.5871963934737,40.8256072130526,40.8256072130526,NaN,NaN,NaN,1785781242.57061,13882.95766848,2.41684985160828,0.0190403461456299,0.272360801696777,0.855748414993286,1.44409728050232,1.71175694465637,1.73608589172363,1.73608589172363,-1,-1,1.95675349235535,253.320455551147,267.659664154053,24.3289470672607,291.988611221313,Congruent,Right,Left,Right,Right,Right,0,1,1,0,1,1,1,1,1,0,0,0,0,1,1,1,1,1,1,407,157,20260803_t1352_srsSmooth_Moretraining_B005,59,9,28.0747889677684,1.34222483634949,1,2,176,1,0,1,1,0,1
20260803_t1352_srsSmooth_Moretraining,srs_smooth_Moretraining,trial0522.mat,522,522,407,5,75,55,82,32,50,8,1,1,5,2,57,32541,2,0,1,2,1,1,1,1,1,1,CHOSE_HIGH_SAL,1,455,1,0,1,0,0,0,161,93,161,93,68,161,1,0,176.313291291126,13.6867087088744,176.313291291126,13.6867087088744,162.626582582251,162.626582582251,NaN,NaN,NaN,1785781246.37376,13886.76063844,2.40475559234619,0.0160341262817383,0.225675106048584,0.811169862747192,1.4077570438385,1.64428210258484,1.67551612854004,1.67551612854004,-1,-1,1.92411017417908,209.640979766846,236.525058746338,31.2340259552002,267.759084701538,Congruent,Right,Left,Right,Right,Right,0,1,1,0,1,1,1,1,1,0,0,0,0,1,1,1,1,1,1,408,158,20260803_t1352_srsSmooth_Moretraining_B005,60,10,28.1381749192874,1.38630723953247,1,1,158,1,0,0,1,1,1
20260803_t1352_srsSmooth_Moretraining,srs_smooth_Moretraining,trial0523.mat,523,523,408,5,76,56,82,32,50,8,1,2,8,2,76,22234,2,0,2,1,1,2,2,1,2,1,CHOSE_HIGH_SAL,1,455,1,0,1,0,0,0,164,78,164,78,86,78,1,0,13.6936860714457,176.306313928554,13.6936860714457,176.306313928554,-162.612627857109,162.612627857109,NaN,NaN,NaN,1785781250.11882,13890.50556132,2.23466801643372,0.0127906799316406,0.130783081054688,0.749147891998291,1.2961757183075,1.58076953887939,1.61353015899658,1.61353015899658,-1,-1,1.85780453681946,117.992401123047,284.593820571899,32.7606201171875,317.354440689087,Conflict,Left,Right,Right,Left,Right,0,1,0,1,1,1,0,0,1,0,1,1,0,0,0,1,1,0,1,409,159,20260803_t1352_srsSmooth_Moretraining_B005,61,11,28.2005925774574,1.34030389785767,1,1,161,1,1,0,0,1,1
20260803_t1352_srsSmooth_Moretraining,srs_smooth_Moretraining,trial0524.mat,524,524,409,5,77,56,82,32,50,8,1,2,8,2,76,22234,2,0,2,1,1,2,2,1,2,1,CHOSE_HIGH_SAL,1,455,1,0,3,0,0,0,164,39,164,39,125,39,1,0,13.6936860714457,176.306313928554,13.6936860714457,176.306313928554,-162.612627857109,162.612627857109,NaN,NaN,NaN,1785781253.67687,13894.06343368,2.21032214164734,0.0132181644439697,0.199614286422729,0.825007438659668,1.35493803024292,1.56593251228333,1.60801196098328,1.60801196098328,-1,-1,1.87249898910522,186.39612197876,210.994482040405,42.0794486999512,253.073930740356,Conflict,Left,Right,Right,Left,Right,0,1,0,1,1,1,0,0,1,0,1,1,0,0,0,1,1,0,1,410,160,20260803_t1352_srsSmooth_Moretraining_B005,62,12,28.2598933696747,1.32337951660156,2,1,78,1,0,0,1,1,1
20260803_t1352_srsSmooth_Moretraining,srs_smooth_Moretraining,trial0525.mat,525,525,410,5,78,56,82,32,50,8,1,2,8,2,76,22234,2,0,2,1,1,2,2,1,0,0,,0,11,0,1,0,0,0,0,164,19,164,19,145,NaN,1,0,13.6936860714457,176.306313928554,13.6936860714457,176.306313928554,-162.612627857109,162.612627857109,NaN,NaN,NaN,1785781257.23398,13897.62057184,1.34353375434875,0.0145783424377441,0.242437362670898,0.751125335693359,-1,-1,-1,-1,-1,-1,-1,227.859020233154,NaN,NaN,NaN,Conflict,Left,Right,None,Left,Right,0,1,0,1,0,NaN,NaN,NaN,NaN,NaN,NaN,NaN,NaN,0,0,1,1,0,0,410,NaN,20260803_t1352_srsSmooth_Moretraining_B005,NaN,NaN,28.3191786170006,1.34679269790649,NaN,NaN,NaN,0,NaN,NaN,NaN,NaN,0
20260803_t1352_srsSmooth_Moretraining,srs_smooth_Moretraining,trial0526.mat,526,526,410,5,79,56,82,32,50,8,1,2,8,2,76,22234,2,0,2,1,1,2,2,1,1,2,CHOSE_LOW_SAL,2,455,1,0,3,0,0,0,164,19,164,19,145,164,1,0,13.6936860714457,176.306313928554,13.6936860714457,176.306313928554,-162.612627857109,162.612627857109,NaN,NaN,NaN,1785781259.84479,13900.23128048,2.49418210983276,0.0122056007385254,0.198390483856201,0.99034857749939,1.46226358413696,1.70632290840149,1.74891376495361,1.74891376495361,-1,-1,1.99437403678894,186.184883117676,244.059324264526,42.590856552124,286.65018081665,Conflict,Left,Right,Left,Left,Right,0,1,0,1,1,0,1,1,0,1,0,0,1,0,0,1,1,0,1,411,161,20260803_t1352_srsSmooth_Moretraining_B005,63,13,28.3626921137174,1.26727604866028,2,1,39,1,1,1,0,0,1
20260803_t1352_srsSmooth_Moretraining,srs_smooth_Moretraining,trial0527.mat,527,527,411,5,80,57,82,32,50,8,1,1,6,2,60,16461,2,0,2,1,1,2,1,2,0,0,,0,11,0,1,1,0,0,0,180,68,180,68,112,NaN,1,180,357.128859578437,192.871140421563,177.128859578437,12.8711404215634,164.257719156873,164.257719156873,NaN,NaN,NaN,1785781263.66844,13904.05486936,0.125751972198486,0.013709545135498,0.0482196807861328,-1,-1,-1,-1,-1,-1,-1,-1,34.5101356506348,NaN,NaN,NaN,Congruent,Left,Right,None,Left,Left,0,1,1,0,0,NaN,NaN,NaN,NaN,NaN,NaN,NaN,NaN,0,0,0,1,1,0,411,NaN,20260803_t1352_srsSmooth_Moretraining_B005,NaN,NaN,28.4264195799828,1.32946586608887,NaN,NaN,NaN,0,NaN,NaN,NaN,NaN,0
20260803_t1352_srsSmooth_Moretraining,srs_smooth_Moretraining,trial0528.mat,528,528,411,5,81,57,82,32,50,8,1,2,7,2,72,22433,2,0,1,2,1,1,2,2,2,2,CHOSE_HIGH_SAL,1,455,1,0,6,0,0,0,183,67,183,67,116,67,1,180,244.577382377101,305.422617622899,64.5773823771012,125.422617622899,-60.8452352457975,60.8452352457975,NaN,NaN,NaN,1785781265.04852,13905.43501384,2.17251563072205,0.0170197486877441,0.253142356872559,0.90317177772522,1.25040173530579,1.45333099365234,1.49275851249695,1.49275851249695,-1,-1,1.77445721626282,236.122608184814,202.929258346558,39.4275188446045,242.356777191162,Conflict,Right,Left,Left,Right,Left,0,1,0,1,1,0,0,0,1,1,1,1,0,1,1,0,1,0,1,412,162,20260803_t1352_srsSmooth_Moretraining_B005,64,14,28.4494208931923,1.25432682037354,1,2,164,1,1,0,0,1,1
20260803_t1352_srsSmooth_Moretraining,srs_smooth_Moretraining,trial0529.mat,529,529,412,5,82,58,82,32,50,8,1,2,7,2,67,11712,2,0,1,2,1,1,2,2,0,0,,0,11,0,1,2,0,0,0,174,101,174,101,73,NaN,1,0,70.0131035712633,119.986896428737,70.0131035712633,119.986896428737,-49.9737928574735,49.9737928574735,NaN,NaN,NaN,1785781268.50667,13908.89255428,1.30525064468384,0.0173690319061279,0.228585720062256,0.970424175262451,-1,-1,-1,-1,-1,-1,-1,211.216688156128,NaN,NaN,NaN,Conflict,Right,Left,None,Right,Left,0,1,0,1,0,NaN,NaN,NaN,NaN,NaN,NaN,NaN,NaN,1,1,0,1,0,0,412,NaN,20260803_t1352_srsSmooth_Moretraining_B005,NaN,NaN,28.5070567409197,1.28563523292542,NaN,NaN,NaN,0,NaN,NaN,NaN,NaN,0
20260803_t1352_srsSmooth_Moretraining,srs_smooth_Moretraining,trial0530.mat,530,530,412,5,83,58,82,32,50,8,1,1,5,2,52,12635,2,0,1,2,1,1,1,1,1,1,CHOSE_HIGH_SAL,1,455,1,0,4,0,0,0,145,64,145,64,81,145,1,180,359.682849339755,190.317150660245,179.682849339755,10.3171506602446,169.365698679511,169.365698679511,NaN,NaN,NaN,1785781271.03622,13911.42250256,2.31810879707336,0.0128862857818604,0.199662923812866,0.841248750686646,1.32960534095764,1.57456994056702,1.61424922943115,1.61424922943115,-1,-1,1.84185743331909,186.776638031006,244.964599609375,39.6792888641357,284.643888473511,Congruent,Right,Left,Right,Right,Right,0,1,1,0,1,1,1,1,1,0,0,0,0,1,1,1,1,1,1,413,163,20260803_t1352_srsSmooth_Moretraining_B005,65,15,28.5492159485817,1.22430181503296,2,2,67,1,1,1,0,0,1
20260803_t1352_srsSmooth_Moretraining,srs_smooth_Moretraining,trial0531.mat,531,531,413,5,84,59,82,32,50,8,1,1,6,2,64,26354,2,0,2,1,1,2,1,2,2,1,CHOSE_LOW_SAL,2,455,1,0,4,0,0,0,191,82,191,82,109,82,1,0,97.0938574770482,92.9061425229518,97.0938574770482,92.9061425229518,4.18771495409635,4.18771495409635,NaN,NaN,NaN,1785781274.67406,13915.06030064,2.28915023803711,0.0168640613555908,0.195424318313599,0.887048959732056,1.39191913604736,1.61814832687378,1.65961861610413,1.65961861610413,-1,-1,1.89657616615295,178.560256958008,226.229190826416,41.4702892303467,267.699480056763,Congruent,Left,Right,Right,Left,Left,0,1,1,0,1,1,0,0,0,0,1,1,1,0,0,0,1,1,1,414,164,20260803_t1352_srsSmooth_Moretraining_B005,66,16,28.6098465045293,1.31972455978394,1,1,145,1,1,0,0,1,1
20260803_t1352_srsSmooth_Moretraining,srs_smooth_Moretraining,trial0532.mat,532,532,414,5,85,60,82,32,50,8,1,2,7,2,74,14122,2,0,1,2,1,1,2,2,0,0,,0,11,0,1,0,0,0,0,183,59,183,59,124,NaN,1,180,199.572572209647,350.427427790353,19.5725722096466,170.427427790353,-150.854855580707,150.854855580707,NaN,NaN,NaN,1785781278.29588,13918.6820908,1.4769401550293,0.0118563175201416,0.131783008575439,0.881504535675049,-1,-1,-1,-1,-1,-1,-1,119.926691055298,NaN,NaN,NaN,Conflict,Right,Left,None,Right,Left,0,1,0,1,0,NaN,NaN,NaN,NaN,NaN,NaN,NaN,NaN,1,1,0,1,0,0,414,NaN,20260803_t1352_srsSmooth_Moretraining_B005,NaN,NaN,28.6702101349831,1.33266758918762,NaN,NaN,NaN,0,NaN,NaN,NaN,NaN,0
20260803_t1352_srsSmooth_Moretraining,srs_smooth_Moretraining,trial0533.mat,533,533,414,5,86,60,82,32,50,8,1,1,5,2,54,11255,2,0,1,2,1,1,1,1,1,1,CHOSE_HIGH_SAL,1,455,1,0,1,0,0,0,174,113,174,113,61,174,1,180,335.250641021218,214.749358978782,155.250641021218,34.7493589787818,120.501282042436,120.501282042436,NaN,NaN,NaN,1785781281.02858,13921.41455948,2.35104846954346,0.0125918388366699,0.0134425163269043,0.649027824401855,1.26264095306396,1.54899573326111,1.58897304534912,1.58897304534912,-1,-1,1.8667323589325,0.850677490234375,286.354780197144,39.9773120880127,326.332092285156,Congruent,Right,Left,Right,Right,Right,0,1,1,0,1,1,1,1,1,0,0,0,0,1,1,1,1,1,1,415,165,20260803_t1352_srsSmooth_Moretraining_B005,67,17,28.7157552242279,1.25576519966125,2,1,82,1,1,0,0,1,1
20260803_t1352_srsSmooth_Moretraining,srs_smooth_Moretraining,trial0534.mat,534,534,415,5,87,61,82,32,50,8,1,1,6,2,63,12661,2,0,2,1,1,2,1,2,2,1,CHOSE_LOW_SAL,2,455,1,0,5,0,0,0,171,67,171,67,104,67,1,0,124.612745920945,65.3872540790549,124.612745920945,65.3872540790549,59.2254918418903,59.2254918418903,NaN,NaN,NaN,1785781284.67559,13925.06170528,2.33748316764832,0.0157265663146973,0.218976974487305,1.01909065246582,1.39911484718323,1.66851735115051,1.70800018310547,1.70800018310547,-1,-1,1.95299696922302,203.250408172607,269.402503967285,39.4828319549561,308.885335922241,Congruent,Left,Right,Right,Left,Left,0,1,1,0,1,1,0,0,0,0,1,1,1,0,0,0,1,1,1,416,166,20260803_t1352_srsSmooth_Moretraining_B005,68,18,28.7765387137731,1.29596090316772,1,1,174,1,1,0,0,1,1
20260803_t1352_srsSmooth_Moretraining,srs_smooth_Moretraining,trial0535.mat,535,535,416,5,88,62,82,32,50,8,1,1,5,2,58,896,2,0,1,2,1,1,1,1,2,2,CHOSE_LOW_SAL,2,455,1,0,2,0,0,0,196,106,196,106,90,106,1,180,306.959309147422,243.040690852578,126.959309147422,63.0406908525779,63.9186182948441,63.9186182948441,NaN,NaN,NaN,1785781288.3488,13928.73472728,2.05602669715881,0.017662525177002,0.204200744628906,0.745994567871094,1.28437948226929,1.30437779426575,1.34403657913208,1.34403657913208,-1,-1,1.64594149589539,186.538219451904,19.99831199646,39.658784866333,59.657096862793,Congruent,Right,Left,Left,Right,Right,0,1,1,0,1,0,0,0,0,1,1,1,1,1,1,1,1,1,1,417,167,20260803_t1352_srsSmooth_Moretraining_B005,69,19,28.8377588470777,1.33572483062744,2,1,67,1,0,1,1,0,1
20260803_t1352_srsSmooth_Moretraining,srs_smooth_Moretraining,trial0536.mat,536,536,417,5,89,63,82,32,50,8,1,1,6,2,60,16461,2,0,2,1,1,2,1,2,0,0,,0,11,0,1,4,0,0,0,168,78,168,78,90,NaN,1,180,357.118328030094,192.881671969906,177.118328030094,12.8816719699056,164.236656060189,164.236656060189,NaN,NaN,NaN,1785781291.75694,13932.14277352,1.36471438407898,0.0179893970489502,0.196223735809326,0.913041591644287,-1,-1,-1,-1,-1,-1,-1,178.234338760376,NaN,NaN,NaN,Congruent,Left,Right,None,Left,Left,0,1,1,0,0,NaN,NaN,NaN,NaN,NaN,NaN,NaN,NaN,0,0,0,1,1,0,417,NaN,20260803_t1352_srsSmooth_Moretraining_B005,NaN,NaN,28.8945611834526,1.3521134853363,NaN,NaN,NaN,0,NaN,NaN,NaN,NaN,0
20260803_t1352_srsSmooth_Moretraining,srs_smooth_Moretraining,trial0537.mat,537,537,417,5,90,63,82,32,50,8,1,2,7,2,67,11712,2,0,1,2,1,1,2,2,2,2,CHOSE_HIGH_SAL,1,455,1,0,4,0,0,0,194,80,194,80,114,80,1,180,192.385298595327,357.614701404673,12.3852985953271,177.614701404673,-165.229402809346,165.229402809346,NaN,NaN,NaN,1785781294.37574,13934.7615568,2.10471296310425,0.0159540176391602,0.227388143539429,1.01659560203552,1.35767316818237,1.40232062339783,1.44288158416748,1.44288158416748,-1,-1,1.69531679153442,211.434125900269,44.6474552154541,40.5609607696533,85.2084159851074,Conflict,Right,Left,Left,Right,Left,0,1,0,1,1,0,0,0,1,1,1,1,0,1,1,0,1,0,1,418,168,20260803_t1352_srsSmooth_Moretraining_B005,70,20,28.9382079203924,1.25408983230591,2,2,106,1,0,0,1,1,1
20260803_t1352_srsSmooth_Moretraining,srs_smooth_Moretraining,trial0538.mat,538,538,418,5,91,64,82,32,50,8,1,2,7,2,71,2420,2,0,1,2,1,1,2,2,1,1,CHOSE_LOW_SAL,2,455,1,0,3,0,0,0,172,82,172,82,90,172,1,0,15.8607402078665,174.139259792134,15.8607402078665,174.139259792134,-158.278519584267,158.278519584267,NaN,NaN,NaN,1785781297.81365,13938.19938892,2.34165644645691,0.0198445320129395,0.2315673828125,0.906035900115967,1.30322861671448,1.54831600189209,1.58777976036072,1.58777976036072,-1,-1,1.86949777603149,211.722850799561,245.087385177612,39.4637584686279,284.55114364624,Conflict,Right,Left,Right,Right,Left,0,1,0,1,1,1,1,1,0,0,0,0,1,1,1,0,1,0,1,419,169,20260803_t1352_srsSmooth_Moretraining_B005,71,21,28.9955064256986,1.33319735527039,2,2,80,1,1,1,0,0,1
20260803_t1352_srsSmooth_Moretraining,srs_smooth_Moretraining,trial0539.mat,539,539,419,5,92,65,82,32,50,8,1,2,7,2,68,11109,2,0,1,2,1,1,2,2,1,1,CHOSE_LOW_SAL,2,455,1,0,4,0,0,0,152,81,152,81,71,152,1,180,221.828774417752,328.171225582248,41.8287744177521,148.171225582248,-106.342451164496,106.342451164496,NaN,NaN,NaN,1785781301.4493,13941.83499312,2.43115162849426,0.0176746845245361,0.195841550827026,0.795799016952515,1.41772937774658,1.67932939529419,1.72089409828186,1.72089409828186,-1,-1,1.96068906784058,178.16686630249,261.600017547607,41.5647029876709,303.164720535278,Conflict,Right,Left,Right,Right,Left,0,1,0,1,1,1,1,1,0,0,0,0,1,1,1,0,1,0,1,420,170,20260803_t1352_srsSmooth_Moretraining_B005,72,22,29.0561005115509,1.2939887046814,1,1,172,1,0,0,1,1,1
20260803_t1352_srsSmooth_Moretraining,srs_smooth_Moretraining,trial0540.mat,540,540,420,5,93,66,82,32,50,8,1,1,5,2,55,18547,2,0,1,2,1,1,1,1,1,1,CHOSE_HIGH_SAL,1,455,1,0,6,0,0,0,154,74,154,74,80,154,1,180,359.685379722536,190.314620277464,179.685379722536,10.3146202774642,169.370759445072,169.370759445072,NaN,NaN,NaN,1785781305.21058,13945.59636884,2.2782826423645,0.0148701667785645,0.309954881668091,0.901565313339233,1.47326040267944,1.49334144592285,1.53502750396729,1.53502750396729,-1,-1,1.79797124862671,295.084714889526,20.0810432434082,41.6860580444336,61.7671012878418,Congruent,Right,Left,Right,Right,Right,0,1,1,0,1,1,1,1,1,0,0,0,0,1,1,1,1,1,1,421,171,20260803_t1352_srsSmooth_Moretraining_B005,73,23,29.118788588047,1.33013296127319,1,1,152,1,0,0,1,1,1
20260803_t1352_srsSmooth_Moretraining,srs_smooth_Moretraining,trial0541.mat,541,541,421,5,94,67,82,32,50,8,1,2,8,2,78,12068,2,0,2,1,1,2,2,1,2,1,CHOSE_HIGH_SAL,1,455,1,0,6,0,0,0,192,81,192,81,111,81,1,0,10.1780771695822,179.821922830418,10.1780771695822,179.821922830418,-169.643845660836,169.643845660836,NaN,NaN,NaN,1785781308.80336,13949.18887052,2.29411172866821,0.0138943195343018,0.167344093322754,0.867223978042603,1.30561232566833,1.55901956558228,1.60339283943176,1.60339283943176,-1,-1,1.91579031944275,153.449773788452,253.40723991394,44.3732738494873,297.780513763428,Conflict,Left,Right,Right,Left,Right,0,1,0,1,1,1,0,0,1,0,1,1,0,0,0,1,1,0,1,422,172,20260803_t1352_srsSmooth_Moretraining_B005,74,24,29.1786682844162,1.31449913978577,1,1,154,1,1,0,0,1,1
20260803_t1352_srsSmooth_Moretraining,srs_smooth_Moretraining,trial0542.mat,542,542,422,5,95,67,82,32,50,8,1,2,8,2,78,12068,2,0,2,1,1,2,2,1,0,0,,0,11,0,1,3,0,0,0,192,40,192,40,152,NaN,1,0,10.1780771695822,179.821922830418,10.1780771695822,179.821922830418,-169.643845660836,169.643845660836,NaN,NaN,NaN,1785781312.41942,13952.80492752,1.44380569458008,0.0146462917327881,0.206880807876587,0.901444673538208,-1,-1,-1,-1,-1,-1,-1,192.234516143799,NaN,NaN,NaN,Conflict,Left,Right,None,Left,Right,0,1,0,1,0,NaN,NaN,NaN,NaN,NaN,NaN,NaN,NaN,0,0,1,1,0,0,422,NaN,20260803_t1352_srsSmooth_Moretraining_B005,NaN,NaN,29.2389358838399,1.32194423675537,NaN,NaN,NaN,0,NaN,NaN,NaN,NaN,0
20260803_t1352_srsSmooth_Moretraining,srs_smooth_Moretraining,trial0543.mat,543,543,422,5,96,67,82,32,50,8,1,2,8,2,78,12068,2,0,2,1,1,2,2,1,2,1,CHOSE_HIGH_SAL,1,455,1,0,7,0,0,0,192,40,192,40,152,40,1,0,10.1780771695822,179.821922830418,10.1780771695822,179.821922830418,-169.643845660836,169.643845660836,NaN,NaN,NaN,1785781315.14388,13955.52934648,2.14486193656921,0.0152947902679443,0.134737014770508,0.851158618927002,1.26534390449524,1.51845479011536,1.56015753746033,1.56015753746033,-1,-1,1.79402041435242,119.442224502563,253.110885620117,41.7027473449707,294.813632965088,Conflict,Left,Right,Right,Left,Right,0,1,0,1,1,1,0,0,1,0,1,1,0,0,0,1,1,0,1,423,173,20260803_t1352_srsSmooth_Moretraining_B005,75,25,29.2843435088793,1.28065180778503,2,1,81,1,0,0,1,1,1
20260803_t1352_srsSmooth_Moretraining,srs_smooth_Moretraining,trial0544.mat,544,544,423,5,97,67,82,32,50,8,1,2,8,2,78,12068,2,0,2,1,1,2,2,1,1,2,CHOSE_LOW_SAL,2,455,1,0,3,0,0,0,192,20,192,20,172,192,1,0,10.1780771695822,179.821922830418,10.1780771695822,179.821922830418,-169.643845660836,169.643845660836,NaN,NaN,NaN,1785781318.61558,13959.00108004,2.29904651641846,0.018723726272583,0.147238969802856,0.872114419937134,1.26877284049988,1.5028247833252,1.53863859176636,1.53863859176636,-1,-1,1.80645895004272,128.515243530273,234.051942825317,35.8138084411621,269.865751266479,Conflict,Left,Right,Left,Left,Right,0,1,0,1,1,0,1,1,0,1,0,0,1,0,0,1,1,0,1,424,174,20260803_t1352_srsSmooth_Moretraining_B005,76,26,29.3422052780787,1.32684421539307,2,1,40,1,1,1,0,0,1
20260803_t1352_srsSmooth_Moretraining,srs_smooth_Moretraining,trial0545.mat,545,545,424,5,98,68,82,32,50,8,1,1,6,2,60,16461,2,0,2,1,1,2,1,2,1,2,CHOSE_HIGH_SAL,1,455,1,0,3,0,0,0,181,66,181,66,115,181,1,0,157.865810581729,32.1341894182708,157.865810581729,32.1341894182708,125.731621163458,125.731621163458,NaN,NaN,NaN,1785781322.2526,13962.6379912,2.40339875221252,0.015183687210083,0.251281499862671,0.918188095092773,1.36523675918579,1.58501696586609,1.62465238571167,1.62465238571167,-1,-1,1.87798404693604,236.097812652588,219.780206680298,39.6354198455811,259.415626525879,Congruent,Left,Right,Left,Left,Left,0,1,1,0,1,0,1,1,1,1,0,0,0,0,0,0,1,1,1,425,175,20260803_t1352_srsSmooth_Moretraining_B005,77,27,29.4028221766154,1.33796739578247,1,2,192,1,0,0,1,1,1
20260803_t1352_srsSmooth_Moretraining,srs_smooth_Moretraining,trial0546.mat,546,546,425,5,99,69,82,32,50,8,1,1,6,2,66,21476,2,0,2,1,1,2,1,2,1,2,CHOSE_HIGH_SAL,1,455,1,0,4,0,0,0,177,68,177,68,109,177,1,0,143.931023335523,46.0689766644766,143.931023335523,46.0689766644766,97.8620466710469,97.8620466710469,NaN,NaN,NaN,1785781325.99388,13966.3790604,2.27975940704346,0.0157132148742676,0.268606424331665,0.808122634887695,1.22409319877625,1.46049380302429,1.50218415260315,1.50218415260315,-1,-1,1.76944875717163,252.893209457397,236.400604248047,41.6903495788574,278.090953826904,Congruent,Left,Right,Left,Left,Left,0,1,1,0,1,0,1,1,1,1,0,0,0,0,0,0,1,1,1,426,176,20260803_t1352_srsSmooth_Moretraining_B005,78,28,29.4651769042015,1.3378849029541,1,2,181,1,0,0,1,1,1
20260803_t1352_srsSmooth_Moretraining,srs_smooth_Moretraining,trial0547.mat,547,547,426,5,100,70,82,32,50,8,1,2,7,2,69,1727,2,0,1,2,1,1,2,2,2,2,CHOSE_HIGH_SAL,1,455,1,0,6,0,0,0,174,95,174,95,79,95,1,0,13.1116166007555,176.888383399244,13.1116166007555,176.888383399245,-163.776766798489,163.776766798489,NaN,NaN,NaN,1785781329.58883,13969.97391424,2.20955777168274,0.0125751495361328,0.26575779914856,0.807469129562378,1.3209593296051,1.54939460754395,1.59104704856873,1.59104704856873,-1,-1,1.81615400314331,253.182649612427,228.435277938843,41.6524410247803,270.087718963623,Conflict,Right,Left,Left,Right,Left,0,1,0,1,1,0,0,0,1,1,1,1,0,1,1,0,1,0,1,427,177,20260803_t1352_srsSmooth_Moretraining_B005,79,29,29.5250926335653,1.3151843547821,1,2,177,1,1,0,0,1,1
20260803_t1352_srsSmooth_Moretraining,srs_smooth_Moretraining,trial0548.mat,548,548,427,5,101,71,82,32,50,8,1,2,8,2,82,24758,2,0,2,1,1,2,2,1,1,2,CHOSE_LOW_SAL,2,455,1,0,5,0,0,0,187,86,187,86,101,187,1,180,204.913440997185,345.086559002815,24.9134409971852,165.086559002815,-140.17311800563,140.17311800563,NaN,NaN,NaN,1785781333.1133,13973.4983172,2.28531908988953,0.0132412910461426,0.23197340965271,0.891481876373291,1.25495648384094,1.48321032524109,1.52485656738281,1.52485656738281,-1,-1,1.76534199714661,218.732118606567,228.253841400146,41.6462421417236,269.90008354187,Conflict,Left,Right,Left,Left,Right,0,1,0,1,1,0,1,1,0,1,0,0,1,0,0,1,1,0,1,428,178,20260803_t1352_srsSmooth_Moretraining_B005,80,30,29.5838338176409,1.31491327285767,2,2,95,1,1,0,0,1,1
20260803_t1352_srsSmooth_Moretraining,srs_smooth_Moretraining,trial0549.mat,549,549,428,5,102,72,82,32,50,8,1,1,6,2,61,12114,2,0,2,1,1,2,1,2,2,1,CHOSE_LOW_SAL,2,455,1,0,5,0,0,0,146,71,146,71,75,71,1,180,330.702020004116,219.297979995884,150.702020004116,39.297979995884,111.404040008232,111.404040008232,NaN,NaN,NaN,1785781336.73072,13977.11568764,2.30059027671814,0.0126256942749023,0.282296419143677,0.874112129211426,1.36267900466919,1.67390131950378,1.71584701538086,1.71584701538086,-1,-1,1.9319052696228,269.670724868774,311.222314834595,41.9456958770752,353.16801071167,Congruent,Left,Right,Right,Left,Left,0,1,1,0,1,1,0,0,0,0,1,1,1,0,0,0,1,1,1,429,179,20260803_t1352_srsSmooth_Moretraining_B005,81,31,29.6441241939863,1.33210349082947,1,2,187,1,1,1,0,0,1
20260803_t1352_srsSmooth_Moretraining,srs_smooth_Moretraining,trial0550.mat,550,550,429,5,103,73,82,32,50,8,1,2,7,2,74,14122,2,0,1,2,1,1,2,2,2,2,CHOSE_HIGH_SAL,1,455,1,0,7,0,0,0,196,89,196,89,107,89,1,0,72.9197914601444,117.080208539856,72.9197914601444,117.080208539856,-44.1604170797111,44.1604170797111,NaN,NaN,NaN,1785781340.35929,13980.7441848,2.25504875183105,0.0175256729125977,0.237279415130615,0.920873165130615,1.34257745742798,1.55437970161438,1.59626197814941,1.59626197814941,-1,-1,1.82942295074463,219.753742218018,211.802244186401,41.8822765350342,253.684520721436,Conflict,Right,Left,Left,Right,Left,0,1,0,1,1,0,0,0,1,1,1,1,0,1,1,0,1,0,1,430,180,20260803_t1352_srsSmooth_Moretraining_B005,82,32,29.7046004454295,1.32798480987549,2,1,71,1,0,1,1,0,1
20260803_t1352_srsSmooth_Moretraining,srs_smooth_Moretraining,trial0551.mat,551,551,430,5,104,74,82,32,50,8,1,2,7,2,70,28274,2,0,1,2,1,1,2,2,2,2,CHOSE_HIGH_SAL,1,455,1,0,8,0,0,0,177,97,177,97,80,97,1,0,21.471465297224,168.528534702776,21.471465297224,168.528534702776,-147.057069405552,147.057069405552,NaN,NaN,NaN,1785781343.94975,13984.33463344,2.05016493797302,0.0188724994659424,0.213956594467163,0.744635820388794,1.15225052833557,1.3220317363739,1.36406421661377,1.36406421661377,-1,-1,1.61375784873962,195.084095001221,169.78120803833,42.0324802398682,211.813688278198,Conflict,Right,Left,Left,Right,Left,0,1,0,1,1,0,0,0,1,1,1,1,0,1,1,0,1,0,1,431,181,20260803_t1352_srsSmooth_Moretraining_B005,83,33,29.7644414305687,1.33541035652161,2,2,89,1,0,0,1,1,1
20260803_t1352_srsSmooth_Moretraining,srs_smooth_Moretraining,trial0552.mat,552,552,431,5,105,75,82,32,50,8,1,2,8,2,81,20943,2,0,2,1,1,2,2,1,1,2,CHOSE_LOW_SAL,2,455,1,0,7,0,0,0,151,57,151,57,94,151,1,0,39.5958005632488,150.404199436751,39.5958005632488,150.404199436751,-110.808398873502,110.808398873502,NaN,NaN,NaN,1785781347.31386,13987.69857768,2.48629689216614,0.0132255554199219,0.249706745147705,1.01680397987366,1.47161602973938,1.64093494415283,1.68329572677612,1.68329572677612,-1,-1,2.00129413604736,236.481189727783,169.318914413452,42.360782623291,211.679697036743,Conflict,Left,Right,Left,Left,Right,0,1,0,1,1,0,1,1,0,1,0,0,1,0,0,1,1,0,1,432,182,20260803_t1352_srsSmooth_Moretraining_B005,84,34,29.8205099582672,1.31394672393799,2,2,97,1,1,0,0,1,1
20260803_t1352_srsSmooth_Moretraining,srs_smooth_Moretraining,trial0553.mat,553,553,432,5,106,76,82,32,50,8,1,2,8,2,80,3441,2,0,2,1,1,2,2,1,1,2,CHOSE_LOW_SAL,2,455,1,0,5,0,0,0,185,81,185,81,104,185,1,0,22.2327739928652,167.767226007135,22.2327739928652,167.767226007135,-145.53445201427,145.53445201427,NaN,NaN,NaN,1785781351.10443,13991.48905152,2.31134581565857,0.0144743919372559,0.126346588134766,0.859366893768311,1.2895245552063,1.4921407699585,1.52620983123779,1.52620983123779,-1,-1,1.83015656471252,111.87219619751,202.616214752197,34.0690612792969,236.685276031494,Conflict,Left,Right,Left,Left,Right,0,1,0,1,1,0,1,1,0,1,0,0,1,0,0,1,1,0,1,433,183,20260803_t1352_srsSmooth_Moretraining_B005,85,35,29.8836860458056,1.30426836013794,1,2,151,1,0,0,1,1,1
20260803_t1352_srsSmooth_Moretraining,srs_smooth_Moretraining,trial0554.mat,554,554,433,5,107,77,82,32,50,8,1,1,6,2,65,25710,2,0,2,1,1,2,1,2,1,2,CHOSE_HIGH_SAL,1,455,1,0,6,0,0,0,187,93,187,93,94,187,1,0,174.615563763789,15.3844362362112,174.615563763789,15.3844362362112,159.231127527578,159.231127527578,NaN,NaN,NaN,1785781354.75348,13995.13808312,2.24505209922791,0.0155625343322754,0.252293109893799,0.843443632125854,1.24894452095032,1.46861958503723,1.51036643981934,1.51036643981934,-1,-1,1.73325657844543,236.730575561523,219.675064086914,41.7468547821045,261.421918869019,Congruent,Left,Right,Left,Left,Left,0,1,1,0,1,0,1,1,1,1,0,0,0,0,0,0,1,1,1,434,184,20260803_t1352_srsSmooth_Moretraining_B005,86,36,29.944503613313,1.33770823478699,1,2,185,1,0,0,1,1,1
20260803_t1352_srsSmooth_Moretraining,srs_smooth_Moretraining,trial0556.mat,556,556,434,5,109,78,82,32,50,8,1,2,8,2,75,15932,2,0,2,1,1,2,2,1,1,2,CHOSE_LOW_SAL,2,455,1,0,3,0,0,0,190,90,190,90,100,190,1,180,225.768995579699,324.231004420301,45.7689955796994,144.231004420301,-98.4620088406011,98.4620088406011,NaN,NaN,NaN,1785781359.85908,14000.24351132,2.3230037689209,0.0185017585754395,0.196669816970825,0.99701714515686,1.41022276878357,1.53795027732849,1.57966327667236,1.57966327667236,-1,-1,1.81220245361328,178.168058395386,127.727508544922,41.7129993438721,169.440507888794,Conflict,Left,Right,Left,Left,Right,0,1,0,1,1,0,1,1,0,1,0,0,1,0,0,1,1,0,1,435,185,20260803_t1352_srsSmooth_Moretraining_B005,87,37,30.0295968453089,2.86054182052612,1,2,187,1,0,0,1,1,1
20260803_t1352_srsSmooth_Moretraining,srs_smooth_Moretraining,trial0557.mat,557,557,435,5,110,79,82,32,50,8,1,1,6,2,62,7273,2,0,2,1,1,2,1,2,1,2,CHOSE_HIGH_SAL,1,455,1,0,5,0,0,0,166,105,166,105,61,166,1,0,132.744820137699,57.2551798623012,132.744820137699,57.2551798623012,75.4896402753975,75.4896402753975,NaN,NaN,NaN,1785781363.52174,14003.90618824,2.31150007247925,0.0143144130706787,0.258276700973511,0.941895008087158,1.28936433792114,1.50084829330444,1.5425066947937,1.5425066947937,-1,-1,1.81447649002075,243.962287902832,211.483955383301,41.6584014892578,253.142356872559,Congruent,Left,Right,Left,Left,Left,0,1,1,0,1,0,1,1,1,1,0,0,0,0,0,0,1,1,1,436,186,20260803_t1352_srsSmooth_Moretraining_B005,88,38,30.0906412323316,1.33965945243835,1,2,190,1,0,0,1,1,1
20260803_t1352_srsSmooth_Moretraining,srs_smooth_Moretraining,trial0558.mat,558,558,436,5,111,80,82,32,50,8,1,2,7,2,73,18795,2,0,1,2,1,1,2,2,2,2,CHOSE_HIGH_SAL,1,455,1,0,6,0,0,0,163,76,163,76,87,76,1,0,38.8857396354393,151.114260364561,38.8857396354393,151.114260364561,-112.228520729121,112.228520729121,NaN,NaN,NaN,1785781367.13923,14007.52362864,2.06064677238464,0.0136351585388184,0.274965286254883,0.790717601776123,1.3803551197052,1.38602995872498,1.4249529838562,1.4249529838562,-1,-1,1.65120601654053,261.330127716064,5.67483901977539,38.9230251312256,44.597864151001,Conflict,Right,Left,Left,Right,Left,0,1,0,1,1,0,0,0,1,1,1,1,0,1,1,0,1,0,1,437,187,20260803_t1352_srsSmooth_Moretraining_B005,89,39,30.1509326855342,1.30598711967468,1,2,166,1,1,0,0,1,1
20260803_t1352_srsSmooth_Moretraining,srs_smooth_Moretraining,trial0559.mat,559,559,437,5,112,81,82,32,50,8,1,1,6,2,59,8931,2,0,2,1,1,2,1,2,0,0,,0,11,0,1,4,0,0,0,170,67,170,67,103,NaN,1,180,302.613948428155,247.386051571845,122.613948428155,67.3860515718453,55.2278968563094,55.2278968563094,NaN,NaN,NaN,1785781370.52941,14010.91358384,0.343935012817383,0.0152533054351807,0.260272979736328,-1,-1,-1,-1,-1,-1,-1,-1,245.019674301147,NaN,NaN,NaN,Congruent,Left,Right,None,Left,Left,0,1,1,0,0,NaN,NaN,NaN,NaN,NaN,NaN,NaN,NaN,0,0,0,1,1,0,437,NaN,20260803_t1352_srsSmooth_Moretraining_B005,NaN,NaN,30.2074356953303,1.32953381538391,NaN,NaN,NaN,0,NaN,NaN,NaN,NaN,0
20260803_t1352_srsSmooth_Moretraining,srs_smooth_Moretraining,trial0560.mat,560,560,437,5,113,81,82,32,50,8,1,1,6,2,59,8931,2,0,2,1,1,2,1,2,0,0,,0,11,0,1,3,0,0,0,141,77,141,77,64,NaN,1,180,355.363632867709,194.636367132291,175.363632867709,14.6363671322912,160.727265735418,160.727265735418,NaN,NaN,NaN,1785781372.1232,14012.50756652,1.5424325466156,0.0131888389587402,0.241673231124878,0.88291335105896,-1,-1,-1,-1,-1,-1,-1,228.484392166138,NaN,NaN,NaN,Congruent,Left,Right,None,Left,Left,0,1,1,0,0,NaN,NaN,NaN,NaN,NaN,NaN,NaN,NaN,0,0,0,1,1,0,437,NaN,20260803_t1352_srsSmooth_Moretraining_B005,NaN,NaN,30.2339989264806,1.24985885620117,NaN,NaN,NaN,0,NaN,NaN,NaN,NaN,0
20260803_t1352_srsSmooth_Moretraining,srs_smooth_Moretraining,trial0561.mat,561,561,437,5,114,81,82,32,50,8,1,1,6,2,59,8931,2,0,2,1,1,2,1,2,1,2,CHOSE_HIGH_SAL,1,455,1,0,8,0,0,0,171,55,171,55,116,171,1,0,126.746213878003,63.2537861219969,126.746213878003,63.2537861219969,63.4924277560062,63.4924277560062,NaN,NaN,NaN,1785781374.92665,14015.31085892,2.35745620727539,0.0181832313537598,0.254898071289062,0.91308856010437,1.45157313346863,1.53804063796997,1.57971572875977,1.57971572875977,-1,-1,1.8517153263092,236.714839935303,86.4675045013428,41.6750907897949,128.142595291138,Congruent,Left,Right,Left,Left,Left,0,1,1,0,1,0,1,1,1,1,0,0,0,0,0,0,1,1,1,438,188,20260803_t1352_srsSmooth_Moretraining_B005,90,40,30.2807230671247,1.26101589202881,2,2,76,1,1,0,0,1,1
20260803_t1352_srsSmooth_Moretraining,srs_smooth_Moretraining,trial0562.mat,562,562,438,6,1,0,94,44,50,8,2,0,1,1,12,10342,1,1,1,2,2,2,1,1,1,1,SINGLE_T1_CORRECT,10,455,1,0,5,0,0,0,94,152,152,94,-58,94,1,0,180,10,180,10,170,170,NaN,NaN,NaN,1785781378.62841,14019.0125276,2.21379709243774,0.0165739059448242,0.244421482086182,0.778482913970947,1.33329200744629,1.48666644096375,1.52824258804321,1.52824258804321,-1,-1,1.78598523139954,227.847576141357,153.374433517456,41.5761470794678,194.950580596924,Instruction,Right,Left,Right,Left,Right,1,0,0,0,0,NaN,NaN,NaN,NaN,NaN,NaN,NaN,NaN,1,0,1,0,1,0,439,NaN,20260803_t1352_srsSmooth_Moretraining_B006,1,NaN,30.3424189726512,1.34429812431335,NaN,NaN,NaN,0,NaN,NaN,NaN,NaN,0
20260803_t1352_srsSmooth_Moretraining,srs_smooth_Moretraining,trial0563.mat,563,563,439,6,2,1,94,44,50,8,2,0,1,1,11,4451,1,1,1,2,2,2,1,1,1,1,SINGLE_T1_CORRECT,10,455,1,0,4,0,0,0,82,150,150,82,-68,82,1,0,180,10,180,10,170,170,NaN,NaN,NaN,1785781382.14133,14022.52537832,2.21774244308472,0.0121185779571533,0.139951944351196,0.832094669342041,1.22049951553345,1.49867415428162,1.54056215286255,1.54056215286255,-1,-1,1.79728579521179,127.833366394043,278.174638748169,41.8879985809326,320.062637329102,Instruction,Right,Left,Right,Left,Right,1,0,0,0,0,NaN,NaN,NaN,NaN,NaN,NaN,NaN,NaN,1,0,1,0,1,0,440,NaN,20260803_t1352_srsSmooth_Moretraining_B006,2,NaN,30.4009677290916,1.29912829399109,NaN,NaN,NaN,0,NaN,NaN,NaN,NaN,0
20260803_t1352_srsSmooth_Moretraining,srs_smooth_Moretraining,trial0564.mat,564,564,440,6,3,2,94,44,50,8,2,0,1,1,2,4455,1,1,1,2,2,2,1,1,1,1,SINGLE_T1_CORRECT,10,455,1,0,5,0,0,0,87,150,150,87,-63,87,1,180,0,190,180,10,170,170,NaN,NaN,NaN,1785781385.70417,14026.08819184,2.33759880065918,0.0160901546478271,0.152542591094971,0.935811758041382,1.38280987739563,1.61885356903076,1.65911936759949,1.65911936759949,-1,-1,1.91736102104187,136.452436447144,236.043691635132,40.2657985687256,276.309490203857,Instruction,Right,Left,Right,Left,Right,1,0,0,0,0,NaN,NaN,NaN,NaN,NaN,NaN,NaN,NaN,1,0,1,0,1,0,441,NaN,20260803_t1352_srsSmooth_Moretraining_B006,3,NaN,30.4603483200073,1.34509301185608,NaN,NaN,NaN,0,NaN,NaN,NaN,NaN,0
20260803_t1352_srsSmooth_Moretraining,srs_smooth_Moretraining,trial0565.mat,565,565,441,6,4,3,94,44,50,8,2,0,3,1,27,17632,1,2,2,1,2,1,2,1,2,1,SINGLE_T2_CORRECT,11,455,1,0,4,0,0,0,60,180,180,60,-120,180,1,180,190,0,10,180,-170,170,NaN,NaN,NaN,1785781389.38898,14029.77297952,2.33670735359192,0.0147490501403809,0.226266622543335,0.943057060241699,1.33146834373474,1.55963826179504,1.60124897956848,1.60124897956848,-1,-1,1.85975360870361,211.517572402954,228.169918060303,41.6107177734375,269.78063583374,Instruction,Left,Right,Right,Right,Right,1,0,0,0,0,NaN,NaN,NaN,NaN,NaN,NaN,NaN,NaN,0,1,1,0,0,0,442,NaN,20260803_t1352_srsSmooth_Moretraining_B006,4,NaN,30.5217619538307,1.34721922874451,NaN,NaN,NaN,0,NaN,NaN,NaN,NaN,0
20260803_t1352_srsSmooth_Moretraining,srs_smooth_Moretraining,trial0566.mat,566,566,442,6,5,4,94,44,50,8,2,0,1,1,3,8147,1,1,1,2,2,2,1,1,1,1,SINGLE_T1_CORRECT,10,455,1,0,4,0,0,0,61,185,185,61,-124,61,1,0,180,10,180,10,170,170,NaN,NaN,NaN,1785781393.0294,14033.41323664,2.29633831977844,0.0161468982696533,0.194064855575562,0.884968519210815,1.39953470230103,1.66857767105103,1.71094584465027,1.71094584465027,-1,-1,1.93766403198242,177.917957305908,269.04296875,42.3681735992432,311.411142349243,Instruction,Right,Left,Right,Left,Right,1,0,0,0,0,NaN,NaN,NaN,NaN,NaN,NaN,NaN,NaN,1,0,1,0,1,0,443,NaN,20260803_t1352_srsSmooth_Moretraining_B006,5,NaN,30.5824354926745,1.30370497703552,NaN,NaN,NaN,0,NaN,NaN,NaN,NaN,0
20260803_t1352_srsSmooth_Moretraining,srs_smooth_Moretraining,trial0567.mat,567,567,443,6,6,5,94,44,50,8,2,0,2,1,18,256,1,1,2,1,2,1,1,2,1,2,SINGLE_T1_CORRECT,10,455,1,0,3,0,0,0,63,165,165,63,-102,63,1,180,0,190,180,10,170,170,NaN,NaN,NaN,1785781396.6535,14037.03732192,2.33974838256836,0.017181396484375,0.278106689453125,1.03664612770081,1.45890545845032,1.65282583236694,1.69549298286438,1.69549298286438,-1,-1,1.94582033157349,260.92529296875,193.920373916626,42.6671504974365,236.587524414062,Instruction,Left,Right,Left,Right,Left,1,0,0,0,0,NaN,NaN,NaN,NaN,NaN,NaN,NaN,NaN,0,1,0,0,1,0,444,NaN,20260803_t1352_srsSmooth_Moretraining_B006,6,NaN,30.6428372820218,1.3277690410614,NaN,NaN,NaN,0,NaN,NaN,NaN,NaN,0
20260803_t1352_srsSmooth_Moretraining,srs_smooth_Moretraining,trial0568.mat,568,568,444,6,7,6,94,44,50,8,2,0,4,1,40,29106,1,2,1,2,2,2,2,2,2,2,SINGLE_T2_CORRECT,11,455,1,0,6,0,0,0,85,129,129,85,-44,129,1,0,10,180,10,180,-170,170,NaN,NaN,NaN,1785781400.32486,14040.7085478,2.28395485877991,0.0126354694366455,0.190572500228882,0.798990726470947,1.32102060317993,1.54099082946777,1.58220601081848,1.58220601081848,-1,-1,1.84992551803589,177.937030792236,219.970226287842,41.215181350708,261.18540763855,Instruction,Right,Left,Left,Left,Left,1,0,0,0,0,NaN,NaN,NaN,NaN,NaN,NaN,NaN,NaN,1,0,0,0,0,0,445,NaN,20260803_t1352_srsSmooth_Moretraining_B006,7,NaN,30.7040265639623,1.33160853385925,NaN,NaN,NaN,0,NaN,NaN,NaN,NaN,0
20260803_t1352_srsSmooth_Moretraining,srs_smooth_Moretraining,trial0569.mat,569,569,445,6,8,7,94,44,50,8,2,0,2,1,19,22542,1,1,2,1,2,1,1,2,1,2,SINGLE_T1_CORRECT,10,455,1,0,10,0,0,0,64,164,164,64,-100,64,1,0,180,10,180,10,170,170,NaN,NaN,NaN,1785781403.91385,14044.29755772,2.13677334785461,0.0154578685760498,0.226902484893799,0.735224723815918,1.27383995056152,1.4683313369751,1.50990343093872,1.50990343093872,-1,-1,1.74179720878601,211.444616317749,194.491386413574,41.572093963623,236.063480377197,Instruction,Left,Right,Left,Right,Left,1,0,0,0,0,NaN,NaN,NaN,NaN,NaN,NaN,NaN,NaN,0,1,0,0,1,0,446,NaN,20260803_t1352_srsSmooth_Moretraining_B006,8,NaN,30.7638429919879,1.30503082275391,NaN,NaN,NaN,0,NaN,NaN,NaN,NaN,0
20260803_t1352_srsSmooth_Moretraining,srs_smooth_Moretraining,trial0570.mat,570,570,446,6,9,8,94,44,50,8,2,0,3,1,32,6053,1,2,2,1,2,1,2,1,2,1,SINGLE_T2_CORRECT,11,455,1,0,7,0,0,0,88,175,175,88,-87,175,1,180,190,0,10,180,-170,170,NaN,NaN,NaN,1785781407.32785,14047.71147608,2.68151450157166,0.0182547569274902,0.238188743591309,0.988206624984741,1.60998344421387,1.84664249420166,1.8857262134552,1.8857262134552,-1,-1,2.17695689201355,219.933986663818,236.659049987793,39.08371925354,275.742769241333,Instruction,Left,Right,Right,Right,Right,1,0,0,0,0,NaN,NaN,NaN,NaN,NaN,NaN,NaN,NaN,0,1,1,0,0,0,447,NaN,20260803_t1352_srsSmooth_Moretraining_B006,9,NaN,30.820743060112,1.27723073959351,NaN,NaN,NaN,0,NaN,NaN,NaN,NaN,0
20260803_t1352_srsSmooth_Moretraining,srs_smooth_Moretraining,trial0571.mat,571,571,447,6,10,9,94,44,50,8,2,0,2,1,13,13530,1,1,2,1,2,1,1,2,1,2,SINGLE_T1_CORRECT,10,455,1,0,6,0,0,0,75,198,198,75,-123,75,1,0,180,10,180,10,170,170,NaN,NaN,NaN,1785781411.34428,14051.72767276,2.40862917900085,0.0186531543731689,0.205092430114746,1.01147198677063,1.51871180534363,1.73012399673462,1.77135610580444,1.77135610580444,-1,-1,2.0144259929657,186.439275741577,211.412191390991,41.2321090698242,252.644300460815,Instruction,Left,Right,Left,Right,Left,1,0,0,0,0,NaN,NaN,NaN,NaN,NaN,NaN,NaN,NaN,0,1,0,0,1,0,448,NaN,20260803_t1352_srsSmooth_Moretraining_B006,10,NaN,30.8876834869385,1.33491110801697,NaN,NaN,NaN,0,NaN,NaN,NaN,NaN,0
20260803_t1352_srsSmooth_Moretraining,srs_smooth_Moretraining,trial0572.mat,572,572,448,6,11,10,94,44,50,8,2,0,4,1,41,4327,1,2,1,2,2,2,2,2,2,2,SINGLE_T2_CORRECT,11,455,1,0,2,0,0,0,71,152,152,71,-81,152,1,180,190,0,10,180,-170,170,NaN,NaN,NaN,1785781415.0796,14055.46298204,2.32978296279907,0.0168061256408691,0.228357791900635,0.884751081466675,1.29185700416565,1.50119853019714,1.54269218444824,1.54269218444824,-1,-1,1.8283793926239,211.551666259766,209.341526031494,41.4936542510986,250.835180282593,Instruction,Right,Left,Left,Left,Left,1,0,0,0,0,NaN,NaN,NaN,NaN,NaN,NaN,NaN,NaN,1,0,0,0,0,0,449,NaN,20260803_t1352_srsSmooth_Moretraining_B006,11,NaN,30.9499389370283,1.3266978263855,NaN,NaN,NaN,0,NaN,NaN,NaN,NaN,0
20260803_t1352_srsSmooth_Moretraining,srs_smooth_Moretraining,trial0573.mat,573,573,449,6,12,11,94,44,50,8,2,0,2,1,14,843,1,1,2,1,2,1,1,2,1,2,SINGLE_T1_CORRECT,10,455,1,0,5,0,0,0,85,170,170,85,-85,85,1,0,180,10,180,10,170,170,NaN,NaN,NaN,1785781418.75488,14059.13813968,2.04555702209473,0.0166711807250977,0.211793661117554,0.752920866012573,1.14171528816223,1.34516882896423,1.38458657264709,1.38458657264709,-1,-1,1.66317939758301,195.122480392456,203.453540802002,39.4177436828613,242.871284484863,Instruction,Left,Right,Left,Right,Left,1,0,0,0,0,NaN,NaN,NaN,NaN,NaN,NaN,NaN,NaN,0,1,0,0,1,0,450,NaN,20260803_t1352_srsSmooth_Moretraining_B006,12,NaN,31.0111936012904,1.34549689292908,NaN,NaN,NaN,0,NaN,NaN,NaN,NaN,0
20260803_t1352_srsSmooth_Moretraining,srs_smooth_Moretraining,trial0574.mat,574,574,450,6,13,12,94,44,50,8,2,0,3,1,26,30640,1,2,2,1,2,1,2,1,2,1,SINGLE_T2_CORRECT,11,455,1,0,5,0,0,0,92,165,165,92,-73,165,1,0,10,180,10,180,-170,170,NaN,NaN,NaN,1785781422.1333,14062.51655904,2.65177798271179,0.0133922100067139,0.225137233734131,0.999511480331421,1.62178921699524,1.86664080619812,1.89754891395569,1.89754891395569,-1,-1,2.15451312065125,211.745023727417,244.851589202881,30.9081077575684,275.759696960449,Instruction,Left,Right,Right,Right,Right,1,0,0,0,0,NaN,NaN,NaN,NaN,NaN,NaN,NaN,NaN,0,1,1,0,0,0,451,NaN,20260803_t1352_srsSmooth_Moretraining_B006,13,NaN,31.0675004680951,1.3328549861908,NaN,NaN,NaN,0,NaN,NaN,NaN,NaN,0
20260803_t1352_srsSmooth_Moretraining,srs_smooth_Moretraining,trial0575.mat,575,575,451,6,14,13,94,44,50,8,2,0,1,1,1,19553,1,1,1,2,2,2,1,1,1,1,SINGLE_T1_CORRECT,10,455,1,0,5,0,0,0,87,162,162,87,-75,87,1,180,0,190,180,10,170,170,NaN,NaN,NaN,1785781426.13599,14066.51911792,2.3330557346344,0.0191919803619385,0.222442150115967,0.897248268127441,1.35257792472839,1.6308581829071,1.67244386672974,1.67244386672974,-1,-1,1.94070339202881,203.250169754028,278.280258178711,41.5856838226318,319.865942001343,Instruction,Right,Left,Right,Left,Right,1,0,0,0,0,NaN,NaN,NaN,NaN,NaN,NaN,NaN,NaN,1,0,1,0,1,0,452,NaN,20260803_t1352_srsSmooth_Moretraining_B006,14,NaN,31.1342119892438,1.35091328620911,NaN,NaN,NaN,0,NaN,NaN,NaN,NaN,0
20260803_t1352_srsSmooth_Moretraining,srs_smooth_Moretraining,trial0576.mat,576,576,452,6,15,14,94,44,50,8,2,0,2,1,23,14306,1,1,2,1,2,1,1,2,1,2,SINGLE_T1_CORRECT,10,455,1,0,8,0,0,0,78,185,185,78,-107,78,1,0,180,10,180,10,170,170,NaN,NaN,NaN,1785781429.78932,14070.17237644,2.42235732078552,0.0159990787506104,0.252632141113281,0.944302320480347,1.48272395133972,1.70191597938538,1.74445247650146,1.74445247650146,-1,-1,2.01119446754456,236.633062362671,219.192028045654,42.5364971160889,261.728525161743,Instruction,Left,Right,Left,Right,Left,1,0,0,0,0,NaN,NaN,NaN,NaN,NaN,NaN,NaN,NaN,0,1,0,0,1,0,453,NaN,20260803_t1352_srsSmooth_Moretraining_B006,15,NaN,31.1951009392738,1.32028126716614,NaN,NaN,NaN,0,NaN,NaN,NaN,NaN,0
20260803_t1352_srsSmooth_Moretraining,srs_smooth_Moretraining,trial0577.mat,577,577,453,6,16,15,94,44,50,8,2,0,2,1,25,31828,1,1,2,1,2,1,1,2,1,2,SINGLE_T1_CORRECT,10,455,1,0,5,0,0,0,65,166,166,65,-101,65,1,0,180,10,180,10,170,170,NaN,NaN,NaN,1785781433.53853,14073.92157464,2.14745163917542,0.016944408416748,0.219412565231323,0.770134925842285,1.23365950584412,1.44527173042297,1.49311494827271,1.49311494827271,-1,-1,1.7692244052887,202.468156814575,211.612224578857,47.8432178497314,259.455442428589,Instruction,Left,Right,Left,Right,Left,1,0,0,0,0,NaN,NaN,NaN,NaN,NaN,NaN,NaN,NaN,0,1,0,0,1,0,454,NaN,20260803_t1352_srsSmooth_Moretraining_B006,16,NaN,31.2575876474381,1.32684516906738,NaN,NaN,NaN,0,NaN,NaN,NaN,NaN,0
20260803_t1352_srsSmooth_Moretraining,srs_smooth_Moretraining,trial0578.mat,578,578,454,6,17,16,94,44,50,8,2,0,2,1,21,32180,1,1,2,1,2,1,1,2,1,2,SINGLE_T1_CORRECT,10,455,1,0,6,0,0,0,58,156,156,58,-98,58,1,180,0,190,180,10,170,170,NaN,NaN,NaN,1785781437.01934,14077.40224804,2.08357381820679,0.0196042060852051,0.239099502563477,0.872988700866699,1.38632535934448,1.42278599739075,1.4645562171936,1.4645562171936,-1,-1,1.72657704353333,219.495296478271,36.4606380462646,41.7702198028564,78.2308578491211,Instruction,Left,Right,Left,Right,Left,1,0,0,0,0,NaN,NaN,NaN,NaN,NaN,NaN,NaN,NaN,0,1,0,0,1,0,455,NaN,20260803_t1352_srsSmooth_Moretraining_B006,17,NaN,31.315601170063,1.33335971832275,NaN,NaN,NaN,0,NaN,NaN,NaN,NaN,0
20260803_t1352_srsSmooth_Moretraining,srs_smooth_Moretraining,trial0579.mat,579,579,455,6,18,17,94,44,50,8,2,0,3,1,36,1578,1,2,2,1,2,1,2,1,2,1,SINGLE_T2_CORRECT,11,455,1,0,6,0,0,0,62,162,162,62,-100,162,1,0,10,180,10,180,-170,170,NaN,NaN,NaN,1785781440.42329,14080.80612984,2.56362843513489,0.0157897472381592,0.252394437789917,0.977487325668335,1.4575138092041,1.74399781227112,1.78597211837769,1.78597211837769,-1,-1,2.06994438171387,236.604690551758,286.484003067017,41.9743061065674,328.458309173584,Instruction,Left,Right,Right,Right,Right,1,0,0,0,0,NaN,NaN,NaN,NaN,NaN,NaN,NaN,NaN,0,1,1,0,0,0,456,NaN,20260803_t1352_srsSmooth_Moretraining_B006,18,NaN,31.372333641847,1.32037448883057,NaN,NaN,NaN,0,NaN,NaN,NaN,NaN,0
20260803_t1352_srsSmooth_Moretraining,srs_smooth_Moretraining,trial0580.mat,580,580,456,6,19,18,94,44,50,8,2,0,1,1,9,3251,1,1,1,2,2,2,1,1,1,1,SINGLE_T1_CORRECT,10,455,1,0,2,0,0,0,79,158,158,79,-79,79,1,180,0,190,180,10,170,170,NaN,NaN,NaN,1785781444.32018,14084.7028928,2.47541332244873,0.0190472602844238,0.230624675750732,1.01404786109924,1.38576817512512,1.71405816078186,1.75358891487122,1.75358891487122,-1,-1,2.05588698387146,211.577415466309,328.289985656738,39.5307540893555,367.820739746094,Instruction,Right,Left,Right,Left,Right,1,0,0,0,0,NaN,NaN,NaN,NaN,NaN,NaN,NaN,NaN,1,0,1,0,1,0,457,NaN,20260803_t1352_srsSmooth_Moretraining_B006,19,NaN,31.4372819185257,1.33326816558838,NaN,NaN,NaN,0,NaN,NaN,NaN,NaN,0
20260803_t1352_srsSmooth_Moretraining,srs_smooth_Moretraining,trial0581.mat,581,581,457,6,20,19,94,44,50,8,2,0,4,1,43,7572,1,2,1,2,2,2,2,2,2,2,SINGLE_T2_CORRECT,11,455,1,0,6,0,0,0,106,142,142,106,-36,142,1,180,190,0,10,180,-170,170,NaN,NaN,NaN,1785781448.08998,14088.4726874,2.18814563751221,0.0160658359527588,0.135573387145996,0.71059513092041,1.22444725036621,1.45257210731506,1.49235606193542,1.49235606193542,-1,-1,1.71753883361816,119.507551193237,228.124856948853,39.7839546203613,267.908811569214,Instruction,Right,Left,Left,Left,Left,1,0,0,0,0,NaN,NaN,NaN,NaN,NaN,NaN,NaN,NaN,1,0,0,0,0,0,458,NaN,20260803_t1352_srsSmooth_Moretraining_B006,20,NaN,31.5001118739446,1.29438400268555,NaN,NaN,NaN,0,NaN,NaN,NaN,NaN,0
20260803_t1352_srsSmooth_Moretraining,srs_smooth_Moretraining,trial0582.mat,582,582,458,6,21,20,94,44,50,8,2,0,1,1,8,32055,1,1,1,2,2,2,1,1,1,1,SINGLE_T1_CORRECT,10,455,1,0,2,0,0,0,63,152,152,63,-89,63,1,0,180,10,180,10,170,170,NaN,NaN,NaN,1785781451.61534,14091.99790088,2.27063012123108,0.015845775604248,0.244199752807617,1.01877593994141,1.38256669044495,1.61039304733276,1.64981007575989,1.64981007575989,-1,-1,1.89467763900757,228.353977203369,227.826356887817,39.417028427124,267.243385314941,Instruction,Right,Left,Right,Left,Right,1,0,0,0,0,NaN,NaN,NaN,NaN,NaN,NaN,NaN,NaN,1,0,1,0,1,0,459,NaN,20260803_t1352_srsSmooth_Moretraining_B006,21,NaN,31.5588678598404,1.33721351623535,NaN,NaN,NaN,0,NaN,NaN,NaN,NaN,0
20260803_t1352_srsSmooth_Moretraining,srs_smooth_Moretraining,trial0583.mat,583,583,459,6,22,21,94,44,50,8,2,0,3,1,31,13736,1,2,2,1,2,1,2,1,0,0,,0,11,0,1,3,0,0,0,77,177,177,77,-100,NaN,1,180,190,0,10,180,-170,170,NaN,NaN,NaN,1785781455.22144,14095.60394576,1.38826394081116,0.0182247161865234,0.221215009689331,0.780072689056396,-1,-1,-1,-1,-1,-1,-1,202.990293502808,NaN,NaN,NaN,Instruction,Left,Right,None,Right,Right,1,0,0,0,0,NaN,NaN,NaN,NaN,NaN,NaN,NaN,NaN,0,1,1,0,0,0,459,NaN,20260803_t1352_srsSmooth_Moretraining_B006,NaN,NaN,31.618969476223,1.33546686172485,NaN,NaN,NaN,0,NaN,NaN,NaN,NaN,0
20260803_t1352_srsSmooth_Moretraining,srs_smooth_Moretraining,trial0584.mat,584,584,459,6,23,21,94,44,50,8,2,0,3,1,34,31903,1,2,2,1,2,1,2,1,2,1,SINGLE_T2_CORRECT,11,455,1,0,1,0,0,0,77,168,168,77,-91,168,1,180,190,0,10,180,-170,170,NaN,NaN,NaN,1785781457.86956,14098.25210332,2.23488450050354,0.0202095508575439,0.173354625701904,0.873525857925415,1.22859191894531,1.45633840560913,1.48804402351379,1.48804402351379,-1,-1,1.75528502464294,153.14507484436,227.746486663818,31.7056179046631,259.452104568481,Instruction,Left,Right,Right,Right,Right,1,0,0,0,0,NaN,NaN,NaN,NaN,NaN,NaN,NaN,NaN,0,1,1,0,0,0,460,NaN,20260803_t1352_srsSmooth_Moretraining_B006,22,NaN,31.6631048083305,1.25985598564148,NaN,NaN,NaN,0,NaN,NaN,NaN,NaN,0
20260803_t1352_srsSmooth_Moretraining,srs_smooth_Moretraining,trial0585.mat,585,585,460,6,24,22,94,44,50,8,2,0,4,1,47,27159,1,2,1,2,2,2,2,2,2,2,SINGLE_T2_CORRECT,11,455,1,0,8,0,0,0,80,174,174,80,-94,174,1,180,190,0,10,180,-170,170,NaN,NaN,NaN,1785781461.4366,14101.8190332,2.3846697807312,0.0116369724273682,0.12351393699646,0.914952754974365,1.33669018745422,1.53114008903503,1.57316279411316,1.57316279411316,-1,-1,1.86498880386353,111.876964569092,194.449901580811,42.022705078125,236.472606658936,Instruction,Right,Left,Left,Left,Left,1,0,0,0,0,NaN,NaN,NaN,NaN,NaN,NaN,NaN,NaN,1,0,0,0,0,0,461,NaN,20260803_t1352_srsSmooth_Moretraining_B006,23,NaN,31.7225555896759,1.33216238021851,NaN,NaN,NaN,0,NaN,NaN,NaN,NaN,0
20260803_t1352_srsSmooth_Moretraining,srs_smooth_Moretraining,trial0586.mat,586,586,461,6,25,23,94,44,50,8,2,0,2,1,22,26756,1,1,2,1,2,1,1,2,1,2,SINGLE_T1_CORRECT,10,455,1,0,4,0,0,0,75,147,147,75,-72,75,1,180,0,190,180,10,170,170,NaN,NaN,NaN,1785781465.1628,14105.54507808,2.31742668151855,0.0189182758331299,0.303376913070679,1.08692121505737,1.4439742565155,1.65587306022644,1.69736576080322,1.69736576080322,-1,-1,1.94223070144653,284.458637237549,211.898803710938,41.4927005767822,253.39150428772,Instruction,Left,Right,Left,Right,Left,1,0,0,0,0,NaN,NaN,NaN,NaN,NaN,NaN,NaN,NaN,0,1,0,0,1,0,462,NaN,20260803_t1352_srsSmooth_Moretraining_B006,24,NaN,31.7846589366595,1.3415310382843,NaN,NaN,NaN,0,NaN,NaN,NaN,NaN,0
20260803_t1352_srsSmooth_Moretraining,srs_smooth_Moretraining,trial0587.mat,587,587,462,6,26,24,94,44,50,8,2,0,1,1,4,10775,1,1,1,2,2,2,1,1,0,0,,0,11,0,1,3,0,0,0,83,155,155,83,-72,NaN,1,180,0,190,180,10,170,170,NaN,NaN,NaN,1785781468.82035,14109.20260868,1.11564564704895,0.019850492477417,0.181290626525879,0.939739465713501,-1,-1,-1,-1,-1,-1,-1,161.440134048462,NaN,NaN,NaN,Instruction,Right,Left,None,Left,Right,1,0,0,0,0,NaN,NaN,NaN,NaN,NaN,NaN,NaN,NaN,1,0,1,0,1,0,462,NaN,20260803_t1352_srsSmooth_Moretraining_B006,NaN,NaN,31.8456180294355,1.34011888504028,NaN,NaN,NaN,0,NaN,NaN,NaN,NaN,0
20260803_t1352_srsSmooth_Moretraining,srs_smooth_Moretraining,trial0588.mat,588,588,462,6,27,24,94,44,50,8,2,0,4,1,50,18429,1,2,1,2,2,2,2,2,2,2,SINGLE_T2_CORRECT,11,455,1,0,3,0,0,0,85,180,180,85,-95,180,1,0,10,180,10,180,-170,170,NaN,NaN,NaN,1785781471.19666,14111.57891184,2.37336301803589,0.0186362266540527,0.21143913269043,0.772029876708984,1.29368662834167,1.51353549957275,1.55524158477783,1.55524158477783,-1,-1,1.85554218292236,192.802906036377,219.848871231079,41.7060852050781,261.554956436157,Instruction,Right,Left,Left,Left,Left,1,0,0,0,0,NaN,NaN,NaN,NaN,NaN,NaN,NaN,NaN,1,0,0,0,0,0,463,NaN,20260803_t1352_srsSmooth_Moretraining_B006,25,NaN,31.8852231740952,1.26066303253174,NaN,NaN,NaN,0,NaN,NaN,NaN,NaN,0
20260803_t1352_srsSmooth_Moretraining,srs_smooth_Moretraining,trial0590.mat,590,590,463,6,29,25,94,44,50,8,2,0,2,1,15,20284,1,1,2,1,2,1,1,2,1,2,SINGLE_T1_CORRECT,10,455,1,0,8,0,0,0,101,163,163,101,-62,101,1,0,180,10,180,10,170,170,NaN,NaN,NaN,1785781476.42573,14116.80793476,2.30398488044739,0.0147693157196045,0.21818995475769,0.818245887756348,1.31482124328613,1.55118632316589,1.59308624267578,1.59308624267578,-1,-1,1.86591839790344,203.420639038086,236.365079879761,41.8999195098877,278.264999389648,Instruction,Left,Right,Left,Right,Left,1,0,0,0,0,NaN,NaN,NaN,NaN,NaN,NaN,NaN,NaN,0,1,0,0,1,0,464,NaN,20260803_t1352_srsSmooth_Moretraining_B006,26,NaN,31.9723743995031,2.85571050643921,NaN,NaN,NaN,0,NaN,NaN,NaN,NaN,0
20260803_t1352_srsSmooth_Moretraining,srs_smooth_Moretraining,trial0592.mat,592,592,464,6,31,26,94,44,50,8,2,0,4,1,45,19457,1,2,1,2,2,2,2,2,2,2,SINGLE_T2_CORRECT,11,455,1,0,4,0,0,0,80,155,155,80,-75,155,1,0,10,180,10,180,-170,170,NaN,NaN,NaN,1785781481.65928,14122.04114392,2.36139106750488,0.014763355255127,0.209407567977905,0.751610279083252,1.32314944267273,1.54272842407227,1.5762665271759,1.5762665271759,-1,-1,1.89241361618042,194.644212722778,219.578981399536,33.5381031036377,253.117084503174,Instruction,Right,Left,Left,Left,Left,1,0,0,0,0,NaN,NaN,NaN,NaN,NaN,NaN,NaN,NaN,1,0,0,0,0,0,465,NaN,20260803_t1352_srsSmooth_Moretraining_B006,27,NaN,32.0596001823743,2.92956209182739,NaN,NaN,NaN,0,NaN,NaN,NaN,NaN,0
20260803_t1352_srsSmooth_Moretraining,srs_smooth_Moretraining,trial0593.mat,593,593,465,6,32,27,94,44,50,8,2,0,4,1,42,31255,1,2,1,2,2,2,2,2,2,2,SINGLE_T2_CORRECT,11,455,1,0,6,0,0,0,82,156,156,82,-74,156,1,0,10,180,10,180,-170,170,NaN,NaN,NaN,1785781485.35987,14125.74175308,2.30284547805786,0.0143160820007324,0.251074314117432,0.775969266891479,1.26436591148376,1.5006217956543,1.54140424728394,1.54140424728394,-1,-1,1.81799721717834,236.758232116699,236.255884170532,40.7824516296387,277.038335800171,Instruction,Right,Left,Left,Left,Left,1,0,0,0,0,NaN,NaN,NaN,NaN,NaN,NaN,NaN,NaN,1,0,0,0,0,0,466,NaN,20260803_t1352_srsSmooth_Moretraining_B006,28,NaN,32.1212767561277,1.33920335769653,NaN,NaN,NaN,0,NaN,NaN,NaN,NaN,0
20260803_t1352_srsSmooth_Moretraining,srs_smooth_Moretraining,trial0594.mat,594,594,466,6,33,28,94,44,50,8,2,0,1,1,7,25933,1,1,1,2,2,2,1,1,1,1,SINGLE_T1_CORRECT,10,455,1,0,2,0,0,0,68,194,194,68,-126,68,1,0,180,10,180,10,170,170,NaN,NaN,NaN,1785781489.00246,14129.38436264,2.21891045570374,0.0135400295257568,0.225229501724243,0.775298118591309,1.23025584220886,1.48339366912842,1.51403164863586,1.51403164863586,-1,-1,1.82920002937317,211.689472198486,253.137826919556,30.6379795074463,283.775806427002,Instruction,Right,Left,Right,Left,Right,1,0,0,0,0,NaN,NaN,NaN,NaN,NaN,NaN,NaN,NaN,1,0,1,0,1,0,467,NaN,20260803_t1352_srsSmooth_Moretraining_B006,29,NaN,32.1819865385691,1.33974146842957,NaN,NaN,NaN,0,NaN,NaN,NaN,NaN,0
20260803_t1352_srsSmooth_Moretraining,srs_smooth_Moretraining,trial0596.mat,596,596,467,6,35,29,94,44,50,8,2,0,4,1,39,10596,1,2,1,2,2,2,2,2,2,2,SINGLE_T2_CORRECT,11,455,1,0,3,0,0,0,88,141,141,88,-53,141,1,0,10,180,10,180,-170,170,NaN,NaN,NaN,1785781494.0949,14134.47660684,2.16000056266785,0.0129680633544922,0.0139002799987793,0.599698543548584,1.19634866714478,1.3893609046936,1.42456722259521,1.42456722259521,-1,-1,1.72139501571655,0.932216644287109,193.012237548828,35.2063179016113,228.218555450439,Instruction,Right,Left,Left,Left,Left,1,0,0,0,0,NaN,NaN,NaN,NaN,NaN,NaN,NaN,NaN,1,0,0,0,0,0,468,NaN,20260803_t1352_srsSmooth_Moretraining_B006,30,NaN,32.2668605566025,2.873530626297,NaN,NaN,NaN,0,NaN,NaN,NaN,NaN,0
20260803_t1352_srsSmooth_Moretraining,srs_smooth_Moretraining,trial0597.mat,597,597,468,6,36,30,94,44,50,8,2,0,1,1,10,22908,1,1,1,2,2,2,1,1,1,1,SINGLE_T1_CORRECT,10,455,1,0,4,0,0,0,70,139,139,70,-69,70,1,180,0,190,180,10,170,170,NaN,NaN,NaN,1785781497.58951,14137.97130848,2.35759305953979,0.018502950668335,0.27180027961731,0.988358736038208,1.43522596359253,1.67170095443726,1.71152400970459,1.71152400970459,-1,-1,1.95316410064697,253.297328948975,236.474990844727,39.823055267334,276.298046112061,Instruction,Right,Left,Right,Left,Right,1,0,0,0,0,NaN,NaN,NaN,NaN,NaN,NaN,NaN,NaN,1,0,1,0,1,0,469,NaN,20260803_t1352_srsSmooth_Moretraining_B006,31,NaN,32.3251039743423,1.33460450172424,NaN,NaN,NaN,0,NaN,NaN,NaN,NaN,0
20260803_t1352_srsSmooth_Moretraining,srs_smooth_Moretraining,trial0599.mat,599,599,469,6,38,31,94,44,50,8,2,0,2,1,24,18765,1,1,2,1,2,1,1,2,1,2,SINGLE_T1_CORRECT,10,455,1,0,0,0,0,0,48,179,179,48,-131,48,1,0,180,10,180,10,170,170,NaN,NaN,NaN,1785781502.87017,14143.25164096,1.87646293640137,0.0130476951599121,0.0137917995452881,0.689125299453735,1.0297544002533,1.24938893318176,1.28067779541016,1.28067779541016,-1,-1,1.52499961853027,0.744104385375977,219.634532928467,31.2888622283936,250.92339515686,Instruction,Left,Right,Left,Right,Left,1,0,0,0,0,NaN,NaN,NaN,NaN,NaN,NaN,NaN,NaN,0,1,0,0,1,0,470,NaN,20260803_t1352_srsSmooth_Moretraining_B006,32,NaN,32.4131150444349,2.92307114601135,NaN,NaN,NaN,0,NaN,NaN,NaN,NaN,0
20260803_t1352_srsSmooth_Moretraining,srs_smooth_Moretraining,trial0600.mat,600,600,470,6,39,32,94,44,50,8,2,0,3,1,33,29075,1,2,2,1,2,1,2,1,2,1,SINGLE_T2_CORRECT,11,455,1,0,5,0,0,0,116,167,167,116,-51,167,1,180,190,0,10,180,-170,170,NaN,NaN,NaN,1785781506.07399,14146.45546308,2.25605607032776,0.0176868438720703,0.22100043296814,0.7878098487854,1.27607107162476,1.50471591949463,1.54619860649109,1.54619860649109,-1,-1,1.79353380203247,203.313589096069,228.644847869873,41.48268699646,270.127534866333,Instruction,Left,Right,Right,Right,Right,1,0,0,0,0,NaN,NaN,NaN,NaN,NaN,NaN,NaN,NaN,0,1,1,0,0,0,471,NaN,20260803_t1352_srsSmooth_Moretraining_B006,33,NaN,32.46651207606,1.32735896110535,NaN,NaN,NaN,0,NaN,NaN,NaN,NaN,0
20260803_t1352_srsSmooth_Moretraining,srs_smooth_Moretraining,trial0601.mat,601,601,471,6,40,33,94,44,50,8,2,0,4,1,49,13466,1,2,1,2,2,2,2,2,2,2,SINGLE_T2_CORRECT,11,455,1,0,4,0,0,0,78,159,159,78,-81,159,1,0,10,180,10,180,-170,170,NaN,NaN,NaN,1785781509.6507,14150.03211932,2.5805504322052,0.0161218643188477,0.211205720901489,0.984164237976074,1.5661838054657,1.80280518531799,1.84444761276245,1.84444761276245,-1,-1,2.08429980278015,195.083856582642,236.621379852295,41.642427444458,278.263807296753,Instruction,Right,Left,Left,Left,Left,1,0,0,0,0,NaN,NaN,NaN,NaN,NaN,NaN,NaN,NaN,1,0,0,0,0,0,472,NaN,20260803_t1352_srsSmooth_Moretraining_B006,34,NaN,32.5261238574982,1.32065081596375,NaN,NaN,NaN,0,NaN,NaN,NaN,NaN,0
20260803_t1352_srsSmooth_Moretraining,srs_smooth_Moretraining,trial0602.mat,602,602,472,6,41,34,94,44,50,8,2,0,3,1,28,30074,1,2,2,1,2,1,2,1,2,1,SINGLE_T2_CORRECT,11,455,1,0,0,0,0,0,68,183,183,68,-115,183,1,180,190,0,10,180,-170,170,NaN,NaN,NaN,1785781513.55104,14153.93235324,2.5717236995697,0.0159387588500977,0.243540048599243,1.02562165260315,1.49099779129028,1.75046396255493,1.79151749610901,1.79151749610901,-1,-1,2.06878852844238,227.601289749146,259.466171264648,41.0535335540771,300.519704818726,Instruction,Left,Right,Right,Right,Right,1,0,0,0,0,NaN,NaN,NaN,NaN,NaN,NaN,NaN,NaN,0,1,1,0,0,0,473,NaN,20260803_t1352_srsSmooth_Moretraining_B006,35,NaN,32.5911294937134,1.3197877407074,NaN,NaN,NaN,0,NaN,NaN,NaN,NaN,0
20260803_t1352_srsSmooth_Moretraining,srs_smooth_Moretraining,trial0603.mat,603,603,473,6,42,35,94,44,50,8,2,0,3,1,29,24943,1,2,2,1,2,1,2,1,2,1,SINGLE_T2_CORRECT,11,455,1,0,5,0,0,0,90,186,186,90,-96,186,1,180,190,0,10,180,-170,170,NaN,NaN,NaN,1785781517.4547,14157.8359308,2.53510642051697,0.0207641124725342,0.223840713500977,0.939693212509155,1.41248488426208,1.67425918579102,1.71301555633545,1.71301555633545,-1,-1,2.016117811203,203.076601028442,261.774301528931,38.7563705444336,300.530672073364,Instruction,Left,Right,Right,Right,Right,1,0,0,0,0,NaN,NaN,NaN,NaN,NaN,NaN,NaN,NaN,0,1,1,0,0,0,474,NaN,20260803_t1352_srsSmooth_Moretraining_B006,36,NaN,32.6561905741692,1.3319411277771,NaN,NaN,NaN,0,NaN,NaN,NaN,NaN,0
20260803_t1352_srsSmooth_Moretraining,srs_smooth_Moretraining,trial0604.mat,604,604,474,6,43,36,94,44,50,8,2,0,3,1,35,27980,1,2,2,1,2,1,2,1,2,1,SINGLE_T2_CORRECT,11,455,1,0,5,0,0,0,86,177,177,86,-91,177,1,0,10,180,10,180,-170,170,NaN,NaN,NaN,1785781521.34067,14161.72200248,2.53280186653137,0.018280029296875,0.188438177108765,0.880112648010254,1.45167016983032,1.72974753379822,1.77133011817932,1.77133011817932,-1,-1,2.02661037445068,170.15814781189,278.077363967896,41.5825843811035,319.659948348999,Instruction,Left,Right,Right,Right,Right,1,0,0,0,0,NaN,NaN,NaN,NaN,NaN,NaN,NaN,NaN,0,1,1,0,0,0,475,NaN,20260803_t1352_srsSmooth_Moretraining_B006,37,NaN,32.7209567546845,1.35086441040039,NaN,NaN,NaN,0,NaN,NaN,NaN,NaN,0
20260803_t1352_srsSmooth_Moretraining,srs_smooth_Moretraining,trial0605.mat,605,605,475,6,44,37,94,44,50,8,2,0,3,1,31,13736,1,2,2,1,2,1,2,1,2,1,SINGLE_T2_CORRECT,11,455,1,0,0,0,0,0,78,174,174,78,-96,174,1,180,190,0,10,180,-170,170,NaN,NaN,NaN,1785781525.205,14165.58606556,2.41794157028198,0.0124411582946777,0.265379428863525,0.94032621383667,1.37082839012146,1.68145632743835,1.71465373039246,1.71465373039246,-1,-1,1.94416236877441,252.938270568848,310.627937316895,33.1974029541016,343.825340270996,Instruction,Left,Right,Right,Right,Right,1,0,0,0,0,NaN,NaN,NaN,NaN,NaN,NaN,NaN,NaN,0,1,1,0,0,0,476,NaN,20260803_t1352_srsSmooth_Moretraining_B006,38,NaN,32.7853621721268,1.33152318000793,NaN,NaN,NaN,0,NaN,NaN,NaN,NaN,0
20260803_t1352_srsSmooth_Moretraining,srs_smooth_Moretraining,trial0607.mat,607,607,476,6,46,38,94,44,50,8,2,0,1,1,6,23611,1,1,1,2,2,2,1,1,1,1,SINGLE_T1_CORRECT,10,455,1,0,6,0,0,0,88,158,158,88,-70,88,1,0,180,10,180,10,170,170,NaN,NaN,NaN,1785781530.5047,14170.88579272,2.08525466918945,0.012944221496582,0.0137302875518799,0.649262189865112,1.17965698242188,1.39113593101501,1.43263268470764,1.43263268470764,-1,-1,1.66500115394592,0.786066055297852,211.47894859314,41.496753692627,252.975702285767,Instruction,Right,Left,Right,Left,Right,1,0,0,0,0,NaN,NaN,NaN,NaN,NaN,NaN,NaN,NaN,1,0,1,0,1,0,477,NaN,20260803_t1352_srsSmooth_Moretraining_B006,39,NaN,32.8736906210581,2.88176536560059,NaN,NaN,NaN,0,NaN,NaN,NaN,NaN,0
20260803_t1352_srsSmooth_Moretraining,srs_smooth_Moretraining,trial0608.mat,608,608,477,6,47,39,94,44,50,8,2,0,2,1,20,11470,1,1,2,1,2,1,1,2,1,2,SINGLE_T1_CORRECT,10,455,1,0,6,0,0,0,47,170,170,47,-123,47,1,0,180,10,180,10,170,170,NaN,NaN,NaN,1785781533.89541,14174.27632056,2.16985154151917,0.0140352249145508,0.156807661056519,0.69814395904541,1.29741907119751,1.50668239593506,1.55025935173035,1.55025935173035,-1,-1,1.78506350517273,142.772436141968,209.263324737549,43.5769557952881,252.840280532837,Instruction,Left,Right,Left,Right,Left,1,0,0,0,0,NaN,NaN,NaN,NaN,NaN,NaN,NaN,NaN,0,1,0,0,1,0,478,NaN,20260803_t1352_srsSmooth_Moretraining_B006,40,NaN,32.9302024364471,1.30545425415039,NaN,NaN,NaN,0,NaN,NaN,NaN,NaN,0
20260803_t1352_srsSmooth_Moretraining,srs_smooth_Moretraining,trial0609.mat,609,609,478,6,48,40,94,44,50,8,2,0,4,1,48,30297,1,2,1,2,2,2,2,2,2,2,SINGLE_T2_CORRECT,11,455,1,0,1,0,0,0,91,176,176,91,-85,176,1,180,190,0,10,180,-170,170,NaN,NaN,NaN,1785781537.39159,14177.7724528,2.29781317710876,0.017998218536377,0.237579822540283,0.929418802261353,1.32638311386108,1.49594402313232,1.5381498336792,1.5381498336792,-1,-1,1.82669234275818,219.581604003906,169.56090927124,42.205810546875,211.766719818115,Instruction,Right,Left,Left,Left,Left,1,0,0,0,0,NaN,NaN,NaN,NaN,NaN,NaN,NaN,NaN,1,0,0,0,0,0,479,NaN,20260803_t1352_srsSmooth_Moretraining_B006,41,NaN,32.9884720206261,1.32632350921631,NaN,NaN,NaN,0,NaN,NaN,NaN,NaN,0
20260803_t1352_srsSmooth_Moretraining,srs_smooth_Moretraining,trial0610.mat,610,610,479,6,49,41,94,44,50,8,2,0,4,1,44,1769,1,2,1,2,2,2,2,2,2,2,SINGLE_T2_CORRECT,11,455,1,0,4,0,0,0,66,160,160,66,-94,160,1,180,190,0,10,180,-170,170,NaN,NaN,NaN,1785781541.00843,14181.38925428,2.34042954444885,0.0179622173309326,0.279047966003418,0.97918438911438,1.56802320480347,1.57310223579407,1.61281228065491,1.61281228065491,-1,-1,1.87784695625305,261.085748672485,5.07903099060059,39.7100448608398,44.7890758514404,Instruction,Right,Left,Left,Left,Left,1,0,0,0,0,NaN,NaN,NaN,NaN,NaN,NaN,NaN,NaN,1,0,0,0,0,0,480,NaN,20260803_t1352_srsSmooth_Moretraining_B006,42,NaN,33.0487527688344,1.31903171539307,NaN,NaN,NaN,0,NaN,NaN,NaN,NaN,0
20260803_t1352_srsSmooth_Moretraining,srs_smooth_Moretraining,trial0611.mat,611,611,480,6,50,42,94,44,50,8,2,0,3,1,37,6634,1,2,2,1,2,1,2,1,2,1,SINGLE_T2_CORRECT,11,455,1,0,1,0,0,0,77,153,153,77,-76,153,1,0,10,180,10,180,-170,170,NaN,NaN,NaN,1785781544.69439,14185.07507812,2.33661460876465,0.0154879093170166,0.260383605957031,0.951274633407593,1.3238730430603,1.58461165428162,1.61816143989563,1.61816143989563,-1,-1,1.88535690307617,244.895696640015,260.738611221313,33.5497856140137,294.288396835327,Instruction,Left,Right,Right,Right,Right,1,0,0,0,0,NaN,NaN,NaN,NaN,NaN,NaN,NaN,NaN,0,1,1,0,0,0,481,NaN,20260803_t1352_srsSmooth_Moretraining_B006,43,NaN,33.1101853052775,1.34552264213562,NaN,NaN,NaN,0,NaN,NaN,NaN,NaN,0
20260803_t1352_srsSmooth_Moretraining,srs_smooth_Moretraining,trial0612.mat,612,612,481,6,51,43,94,44,50,8,2,0,3,1,38,27214,1,2,2,1,2,1,2,1,2,1,SINGLE_T2_CORRECT,11,455,1,0,5,0,0,0,95,162,162,95,-67,162,1,180,190,0,10,180,-170,170,NaN,NaN,NaN,1785781548.36435,14188.74511364,2.39140129089355,0.0123286247253418,0.273729801177979,0.790468215942383,1.28737926483154,1.57352638244629,1.61563587188721,1.61563587188721,-1,-1,1.89260363578796,261.401176452637,286.147117614746,42.109489440918,328.256607055664,Instruction,Left,Right,Right,Right,Right,1,0,0,0,0,NaN,NaN,NaN,NaN,NaN,NaN,NaN,NaN,0,1,1,0,0,0,482,NaN,20260803_t1352_srsSmooth_Moretraining_B006,44,NaN,33.1713514566421,1.33335447311401,NaN,NaN,NaN,0,NaN,NaN,NaN,NaN,0
20260803_t1352_srsSmooth_Moretraining,srs_smooth_Moretraining,trial0613.mat,613,613,482,6,52,44,94,44,50,8,2,0,4,1,46,29676,1,2,1,2,2,2,2,2,2,2,SINGLE_T2_CORRECT,11,455,1,0,5,0,0,0,77,168,168,77,-91,168,1,0,10,180,10,180,-170,170,NaN,NaN,NaN,1785781552.07511,14192.45567068,2.40715622901917,0.0183897018432617,0.220810890197754,0.796324014663696,1.40177655220032,1.62181782722473,1.66348457336426,1.66348457336426,-1,-1,1.91909074783325,202.421188354492,220.041275024414,41.6667461395264,261.70802116394,Instruction,Right,Left,Left,Left,Left,1,0,0,0,0,NaN,NaN,NaN,NaN,NaN,NaN,NaN,NaN,1,0,0,0,0,0,483,NaN,20260803_t1352_srsSmooth_Moretraining_B006,45,NaN,33.233197315534,1.31935024261475,NaN,NaN,NaN,0,NaN,NaN,NaN,NaN,0
20260803_t1352_srsSmooth_Moretraining,srs_smooth_Moretraining,trial0614.mat,614,614,483,6,53,45,94,44,50,8,2,0,1,1,5,1799,1,1,1,2,2,2,1,1,1,1,SINGLE_T1_CORRECT,10,455,1,0,3,0,0,0,105,180,180,105,-75,105,1,180,0,190,180,10,170,170,NaN,NaN,NaN,1785781555.74539,14196.1260512,2.41142725944519,0.0149099826812744,0.243067026138306,1.01813554763794,1.45663356781006,1.73455762863159,1.77444195747375,1.77444195747375,-1,-1,2.00784730911255,228.157043457031,277.924060821533,39.8843288421631,317.808389663696,Instruction,Right,Left,Right,Left,Right,1,0,0,0,0,NaN,NaN,NaN,NaN,NaN,NaN,NaN,NaN,1,0,1,0,1,0,484,NaN,20260803_t1352_srsSmooth_Moretraining_B006,46,NaN,33.2943687915802,1.26313233375549,NaN,NaN,NaN,0,NaN,NaN,NaN,NaN,0
20260803_t1352_srsSmooth_Moretraining,srs_smooth_Moretraining,trial0615.mat,615,615,484,6,54,46,94,44,50,8,2,0,2,1,17,11298,1,1,2,1,2,1,1,2,1,2,SINGLE_T1_CORRECT,10,455,1,0,2,0,0,0,96,166,166,96,-70,96,1,0,180,10,180,10,170,170,NaN,NaN,NaN,1785781559.43992,14199.82024592,2.28324747085571,0.0121927261352539,0.204868793487549,0.898666620254517,1.2955756187439,1.59663128852844,1.62969422340393,1.62969422340393,-1,-1,1.89116477966309,192.676067352295,301.055669784546,33.0629348754883,334.118604660034,Instruction,Left,Right,Left,Right,Left,1,0,0,0,0,NaN,NaN,NaN,NaN,NaN,NaN,NaN,NaN,0,1,0,0,1,0,485,NaN,20260803_t1352_srsSmooth_Moretraining_B006,47,NaN,33.3559442599614,1.28310084342957,NaN,NaN,NaN,0,NaN,NaN,NaN,NaN,0
20260803_t1352_srsSmooth_Moretraining,srs_smooth_Moretraining,trial0616.mat,616,616,485,6,55,47,94,44,50,8,2,0,2,1,16,16413,1,1,2,1,2,1,1,2,1,2,SINGLE_T1_CORRECT,10,455,1,0,2,0,0,0,95,120,120,95,-25,95,1,0,180,10,180,10,170,170,NaN,NaN,NaN,1785781563.05499,14203.43528684,2.39332032203674,0.013927698135376,0.214961528778076,1.00007677078247,1.48898601531982,1.69174003601074,1.73352289199829,1.73352289199829,-1,-1,2.00066447257996,201.0338306427,202.754020690918,41.7828559875488,244.536876678467,Instruction,Left,Right,Left,Right,Left,1,0,0,0,0,NaN,NaN,NaN,NaN,NaN,NaN,NaN,NaN,0,1,0,0,1,0,486,NaN,20260803_t1352_srsSmooth_Moretraining_B006,48,NaN,33.4161954561869,1.33182430267334,NaN,NaN,NaN,0,NaN,NaN,NaN,NaN,0
20260803_t1352_srsSmooth_Moretraining,srs_smooth_Moretraining,trial0617.mat,617,617,486,6,56,48,94,44,50,8,2,0,1,1,4,10775,1,1,1,2,2,2,1,1,1,1,SINGLE_T1_CORRECT,10,455,1,0,2,0,0,0,82,156,156,82,-74,82,1,0,180,10,180,10,170,170,NaN,NaN,NaN,1785781566.76025,14207.14038632,2.5059609413147,0.0171551704406738,0.237106084823608,1.02012634277344,1.51721334457397,1.79542183876038,1.83688139915466,1.83688139915466,-1,-1,2.12078857421875,219.950914382935,278.208494186401,41.4595603942871,319.668054580688,Instruction,Right,Left,Right,Left,Right,1,0,0,0,0,NaN,NaN,NaN,NaN,NaN,NaN,NaN,NaN,1,0,1,0,1,0,487,NaN,20260803_t1352_srsSmooth_Moretraining_B006,49,NaN,33.4779496351878,1.31193041801453,NaN,NaN,NaN,0,NaN,NaN,NaN,NaN,0
20260803_t1352_srsSmooth_Moretraining,srs_smooth_Moretraining,trial0618.mat,618,618,487,6,57,49,94,44,50,8,2,0,3,1,30,32069,1,2,2,1,2,1,2,1,2,1,SINGLE_T2_CORRECT,11,455,1,0,3,0,0,0,54,152,152,54,-98,152,1,0,10,180,10,180,-170,170,NaN,NaN,NaN,1785781570.58222,14210.96247512,2.39124369621277,0.0119984149932861,0.137985229492188,0.85664701461792,1.31204915046692,1.58179450035095,1.62185978889465,1.62185978889465,-1,-1,1.90719175338745,125.986814498901,269.745349884033,40.0652885437012,309.810638427734,Instruction,Left,Right,Right,Right,Right,1,0,0,0,0,NaN,NaN,NaN,NaN,NaN,NaN,NaN,NaN,0,1,1,0,0,0,488,NaN,20260803_t1352_srsSmooth_Moretraining_B006,50,NaN,33.541649166743,1.31601095199585,NaN,NaN,NaN,0,NaN,NaN,NaN,NaN,0
20260803_t1352_srsSmooth_Moretraining,srs_smooth_Moretraining,trial0619.mat,619,619,488,6,58,50,94,44,50,8,2,2,7,2,76,22565,2,0,1,2,2,2,1,1,1,1,CHOSE_HIGH_SAL,1,455,1,0,4,0,0,0,104,158,158,104,-54,104,1,180,358.94913594995,191.05086405005,178.94913594995,11.0508640500501,167.8982718999,167.8982718999,NaN,NaN,NaN,1785781574.28068,14214.66088616,2.16936540603638,0.0136830806732178,0.250555276870728,0.772814035415649,1.1303927898407,1.40003347396851,1.44139242172241,1.44139242172241,-1,-1,1.75516986846924,236.87219619751,269.640684127808,41.3589477539062,310.999631881714,Conflict,Right,Left,Right,Left,Right,0,1,0,1,1,1,1,0,1,0,0,1,0,1,0,1,0,1,1,489,189,20260803_t1352_srsSmooth_Moretraining_B006,51,1,33.6032901565234,1.30721569061279,1,2,171,0,0,1,1,0,1
20260803_t1352_srsSmooth_Moretraining,srs_smooth_Moretraining,trial0620.mat,620,620,489,6,59,50,94,44,50,8,2,2,7,2,76,22565,2,0,1,2,2,2,1,1,2,2,CHOSE_LOW_SAL,2,455,1,0,9,0,0,0,52,158,158,52,-106,158,1,180,358.94913594995,191.05086405005,178.94913594995,11.0508640500501,167.8982718999,167.8982718999,NaN,NaN,NaN,1785781577.77386,14218.15380856,2.50081920623779,0.0123012065887451,0.282109260559082,1.02399468421936,1.56236219406128,1.7571063041687,1.79895257949829,1.79895257949829,-1,-1,2.03829956054688,269.808053970337,194.744110107422,41.8462753295898,236.590385437012,Conflict,Right,Left,Left,Left,Right,0,1,0,1,1,0,0,1,0,1,1,0,1,1,0,1,0,1,1,490,190,20260803_t1352_srsSmooth_Moretraining_B006,52,2,33.6615098873774,1.32381844520569,1,1,104,1,1,1,0,0,1
20260803_t1352_srsSmooth_Moretraining,srs_smooth_Moretraining,trial0622.mat,622,622,490,6,61,51,94,44,50,8,2,1,6,2,72,23614,2,0,2,1,2,1,2,1,1,2,CHOSE_LOW_SAL,2,455,1,0,5,0,0,0,100,162,162,100,-62,100,1,0,43.705197800144,146.294802199856,43.705197800144,146.294802199856,-102.589604399712,102.589604399712,NaN,NaN,NaN,1785781583.153,14223.53281792,2.03660297393799,0.0167026519775391,0.0180606842041016,0.661682367324829,1.11674547195435,1.30322408676147,1.33481860160828,1.33481860160828,-1,-1,1.59496474266052,1.3580322265625,186.478614807129,31.5945148468018,218.073129653931,Congruent,Left,Right,Left,Right,Right,0,1,1,0,1,0,1,0,0,1,0,1,1,0,1,1,0,0,1,491,191,20260803_t1352_srsSmooth_Moretraining_B006,53,3,33.751162246863,2.87832236289978,2,2,158,1,1,0,0,1,1
20260803_t1352_srsSmooth_Moretraining,srs_smooth_Moretraining,trial0623.mat,623,623,491,6,62,52,94,44,50,8,2,2,7,2,80,29999,2,0,1,2,2,2,1,1,1,1,CHOSE_HIGH_SAL,1,455,1,0,7,0,0,0,39,179,179,39,-140,39,1,0,163.969801011399,26.0301989886012,163.969801011399,26.0301989886012,137.939602022798,137.939602022798,NaN,NaN,NaN,1785781586.52843,14226.90837044,2.11406517028809,0.0164093971252441,0.219509363174438,0.828246355056763,1.23312306404114,1.44436430931091,1.48662519454956,1.48662519454956,-1,-1,1.72343444824219,203.099966049194,211.241245269775,42.2608852386475,253.502130508423,Conflict,Right,Left,Right,Left,Right,0,1,0,1,1,1,1,0,1,0,0,1,0,1,0,1,0,1,1,492,192,20260803_t1352_srsSmooth_Moretraining_B006,54,4,33.8074193199476,1.33882141113281,1,2,100,1,0,1,1,0,1
20260803_t1352_srsSmooth_Moretraining,srs_smooth_Moretraining,trial0624.mat,624,624,492,6,63,52,94,44,50,8,2,2,7,2,80,29999,2,0,1,2,2,2,1,1,2,2,CHOSE_LOW_SAL,2,455,1,0,6,0,0,0,19,179,179,19,-160,179,1,0,163.969801011399,26.0301989886012,163.969801011399,26.0301989886012,137.939602022798,137.939602022798,NaN,NaN,NaN,1785781589.98038,14230.36020748,2.48575592041016,0.014592170715332,0.234465360641479,0.868173599243164,1.48964929580688,1.6596086025238,1.69002175331116,1.69002175331116,-1,-1,1.973961353302,219.873189926147,169.959306716919,30.4131507873535,200.372457504272,Conflict,Right,Left,Left,Left,Right,0,1,0,1,1,0,0,1,0,1,1,0,1,1,0,1,0,1,1,493,193,20260803_t1352_srsSmooth_Moretraining_B006,55,5,33.8649518529574,1.33788681030273,1,1,39,1,1,1,0,0,1
20260803_t1352_srsSmooth_Moretraining,srs_smooth_Moretraining,trial0625.mat,625,625,493,6,64,53,94,44,50,8,2,2,8,2,85,24701,2,0,2,1,2,1,1,2,0,0,,0,11,0,1,2,0,0,0,101,169,169,101,-68,NaN,1,180,321.901972160145,228.098027839855,141.901972160145,48.0980278398549,93.8039443202903,93.8039443202903,NaN,NaN,NaN,1785781593.79777,14234.17750708,1.5516676902771,0.0140104293823242,0.266821384429932,1.00046420097351,-1,-1,-1,-1,-1,-1,-1,252.810955047607,NaN,NaN,NaN,Conflict,Left,Right,None,Right,Left,0,1,0,1,0,NaN,NaN,NaN,NaN,NaN,NaN,NaN,NaN,0,1,0,0,1,0,493,NaN,20260803_t1352_srsSmooth_Moretraining_B006,NaN,NaN,33.9285751144091,1.33163976669312,NaN,NaN,NaN,0,NaN,NaN,NaN,NaN,0
20260803_t1352_srsSmooth_Moretraining,srs_smooth_Moretraining,trial0626.mat,626,626,493,6,65,53,94,44,50,8,2,2,7,2,77,27051,2,0,1,2,2,2,1,1,2,2,CHOSE_LOW_SAL,2,455,1,0,3,0,0,0,87,148,148,87,-61,148,1,0,172.261338116545,17.7386618834554,172.261338116545,17.7386618834554,154.522676233089,154.522676233089,NaN,NaN,NaN,1785781596.56363,14236.94345704,2.35191535949707,0.0149266719818115,0.226290941238403,0.925892114639282,1.33997869491577,1.55984878540039,1.60152840614319,1.60152840614319,-1,-1,1.88416147232056,211.364269256592,219.870090484619,41.6796207427979,261.549711227417,Conflict,Right,Left,Left,Left,Right,0,1,0,1,1,0,0,1,0,1,1,0,1,1,0,1,0,1,1,494,194,20260803_t1352_srsSmooth_Moretraining_B006,56,6,33.9746727625529,1.214191198349,2,2,179,1,0,0,1,1,1
20260803_t1352_srsSmooth_Moretraining,srs_smooth_Moretraining,trial0627.mat,627,627,494,6,66,54,94,44,50,8,2,2,8,2,92,20684,2,0,2,1,2,1,1,2,1,2,CHOSE_HIGH_SAL,1,455,1,0,5,0,0,0,43,179,179,43,-136,43,1,0,99.0649282154199,90.9350717845801,99.0649282154199,90.9350717845801,8.12985643083982,8.12985643083982,NaN,NaN,NaN,1785781600.2599,14240.63950512,2.19882392883301,0.0188086032867432,0.238430500030518,0.98054313659668,1.3105251789093,1.52140760421753,1.55540704727173,1.55540704727173,-1,-1,1.83830618858337,219.621896743774,210.882425308228,33.9994430541992,244.881868362427,Conflict,Left,Right,Left,Right,Left,0,1,0,1,1,0,1,0,1,1,0,1,0,0,1,0,0,1,1,495,195,20260803_t1352_srsSmooth_Moretraining_B006,57,7,34.0362771312396,1.34434676170349,2,2,148,1,1,0,0,1,1
20260803_t1352_srsSmooth_Moretraining,srs_smooth_Moretraining,trial0628.mat,628,628,495,6,67,55,94,44,50,8,2,2,7,2,78,25821,2,0,1,2,2,2,1,1,0,0,,0,11,0,1,1,0,0,0,74,163,163,74,-89,NaN,1,0,175.275019728147,14.7249802718526,175.275019728147,14.7249802718526,160.550039456295,160.550039456295,NaN,NaN,NaN,1785781603.79989,14244.1793884,0.440691232681274,0.0206210613250732,0.223739147186279,-1,-1,-1,-1,-1,-1,-1,-1,203.118085861206,NaN,NaN,NaN,Conflict,Right,Left,None,Left,Right,0,1,0,1,0,NaN,NaN,NaN,NaN,NaN,NaN,NaN,NaN,1,0,1,0,1,0,495,NaN,20260803_t1352_srsSmooth_Moretraining_B006,NaN,NaN,34.0952770034472,1.34116840362549,NaN,NaN,NaN,0,NaN,NaN,NaN,NaN,0
20260803_t1352_srsSmooth_Moretraining,srs_smooth_Moretraining,trial0629.mat,629,629,495,6,68,55,94,44,50,8,2,1,6,2,70,31917,2,0,2,1,2,1,2,1,1,2,CHOSE_LOW_SAL,2,455,1,0,3,0,0,0,100,193,193,100,-93,100,1,180,227.019686589361,322.980313410639,47.0196865893609,142.980313410639,-95.9606268212782,95.9606268212782,NaN,NaN,NaN,1785781605.5027,14245.88233992,2.17357397079468,0.0178742408752441,0.262429475784302,0.821136713027954,1.28459048271179,1.48729968070984,1.52108144760132,1.52108144760132,-1,-1,1.76414704322815,244.555234909058,202.709197998047,33.7817668914795,236.490964889526,Congruent,Left,Right,Left,Right,Right,0,1,1,0,1,0,1,0,0,1,0,1,1,0,1,1,0,0,1,496,196,20260803_t1352_srsSmooth_Moretraining_B006,58,8,34.1236572186152,1.26212167739868,1,2,43,1,0,0,1,1,1
20260803_t1352_srsSmooth_Moretraining,srs_smooth_Moretraining,trial0630.mat,630,630,496,6,69,56,94,44,50,8,2,2,8,2,85,24701,2,0,2,1,2,1,1,2,1,2,CHOSE_HIGH_SAL,1,455,1,0,3,0,0,0,79,151,151,79,-72,79,1,0,138.716308704264,51.2836912957364,138.716308704264,51.2836912957364,87.4326174085272,87.4326174085272,NaN,NaN,NaN,1785781609.0134,14249.39285452,2.15418481826782,0.0156466960906982,0.235628604888916,0.910484313964844,1.3740336894989,1.48554086685181,1.51618981361389,1.51618981361389,-1,-1,1.77526235580444,219.981908798218,111.507177352905,30.648946762085,142.15612411499,Conflict,Left,Right,Left,Right,Left,0,1,0,1,1,0,1,0,1,1,0,1,0,0,1,0,0,1,1,497,197,20260803_t1352_srsSmooth_Moretraining_B006,59,9,34.1821688453356,1.33712363243103,1,2,100,1,0,0,1,1,1
20260803_t1352_srsSmooth_Moretraining,srs_smooth_Moretraining,trial0631.mat,631,631,497,6,70,57,94,44,50,8,2,2,7,2,78,25821,2,0,1,2,2,2,1,1,0,0,,0,11,0,1,0,0,0,0,76,194,194,76,-118,NaN,1,180,281.891745894553,268.108254105447,101.891745894553,88.1082541054471,13.7834917891057,13.7834917891057,NaN,NaN,NaN,1785781612.50097,14252.8801808,0.323291540145874,0.0198824405670166,0.262767553329468,-1,-1,-1,-1,-1,-1,-1,-1,242.885112762451,NaN,NaN,NaN,Conflict,Right,Left,None,Left,Right,0,1,0,1,0,NaN,NaN,NaN,NaN,NaN,NaN,NaN,NaN,1,0,1,0,1,0,497,NaN,20260803_t1352_srsSmooth_Moretraining_B006,NaN,NaN,34.2402949651082,1.33338236808777,NaN,NaN,NaN,0,NaN,NaN,NaN,NaN,0
20260803_t1352_srsSmooth_Moretraining,srs_smooth_Moretraining,trial0632.mat,632,632,497,6,71,57,94,44,50,8,2,2,8,2,93,934,2,0,2,1,2,1,1,2,0,0,,0,11,0,1,2,0,0,0,73,194,194,73,-121,NaN,1,180,351.192278176959,198.807721823041,171.192278176959,18.8077218230414,152.384556353917,152.384556353917,NaN,NaN,NaN,1785781614.07995,14254.45924316,1.32840967178345,0.015963077545166,0.244215250015259,0.902436256408691,-1,-1,-1,-1,-1,-1,-1,228.252172470093,NaN,NaN,NaN,Conflict,Left,Right,None,Right,Left,0,1,0,1,0,NaN,NaN,NaN,NaN,NaN,NaN,NaN,NaN,0,1,0,0,1,0,497,NaN,20260803_t1352_srsSmooth_Moretraining_B006,NaN,NaN,34.2666113058726,1.25568890571594,NaN,NaN,NaN,0,NaN,NaN,NaN,NaN,0
20260803_t1352_srsSmooth_Moretraining,srs_smooth_Moretraining,trial0633.mat,633,633,497,6,72,57,94,44,50,8,2,1,5,2,57,32365,2,0,1,2,2,2,2,2,2,2,CHOSE_HIGH_SAL,1,455,1,0,4,0,0,0,76,165,165,76,-89,165,1,180,205.861897077161,344.138102922839,25.8618970771606,164.138102922839,-138.276205845679,138.276205845679,NaN,NaN,NaN,1785781616.61958,14256.99884048,2.21515440940857,0.0180995464324951,0.229635953903198,0.879753828048706,1.3764865398407,1.39398074150085,1.43812322616577,1.43812322616577,-1,-1,1.74795269966125,211.536407470703,17.4942016601562,44.142484664917,61.6366863250732,Congruent,Right,Left,Left,Left,Left,0,1,1,0,1,0,0,1,1,1,1,0,0,1,0,0,0,0,1,498,198,20260803_t1352_srsSmooth_Moretraining_B006,60,10,34.308938463529,1.21121978759766,1,2,79,1,1,0,0,1,1
20260803_t1352_srsSmooth_Moretraining,srs_smooth_Moretraining,trial0634.mat,634,634,498,6,73,58,94,44,50,8,2,1,5,2,60,13291,2,0,1,2,2,2,2,2,0,0,,0,11,0,1,3,0,0,0,79,165,165,79,-86,NaN,1,0,25.2761829903313,164.723817009669,25.2761829903313,164.723817009669,-139.447634019337,139.447634019337,NaN,NaN,NaN,1785781620.15923,14260.53838756,1.41720056533813,0.0202467441558838,0.313231468200684,1.04867911338806,-1,-1,-1,-1,-1,-1,-1,292.9847240448,NaN,NaN,NaN,Congruent,Right,Left,None,Left,Left,0,1,1,0,0,NaN,NaN,NaN,NaN,NaN,NaN,NaN,NaN,1,0,0,0,0,0,498,NaN,20260803_t1352_srsSmooth_Moretraining_B006,NaN,NaN,34.3679327607155,1.32450342178345,NaN,NaN,NaN,0,NaN,NaN,NaN,NaN,0
20260803_t1352_srsSmooth_Moretraining,srs_smooth_Moretraining,trial0635.mat,635,635,498,6,74,58,94,44,50,8,2,1,5,2,51,21683,2,0,1,2,2,2,2,2,1,1,CHOSE_LOW_SAL,2,455,1,0,6,0,0,0,57,173,173,57,-116,57,1,180,262.825958491391,287.174041508609,82.825958491391,107.174041508609,-24.348083017218,24.348083017218,NaN,NaN,NaN,1785781622.8395,14263.21876668,2.23602700233459,0.0150823593139648,0.235012769699097,0.868191242218018,1.33180046081543,1.568284034729,1.60995578765869,1.60995578765869,-1,-1,1.8314414024353,219.930410385132,236.483573913574,41.6717529296875,278.155326843262,Congruent,Right,Left,Right,Left,Left,0,1,1,0,1,1,1,0,0,0,0,1,1,1,0,0,0,0,1,499,199,20260803_t1352_srsSmooth_Moretraining_B006,61,11,34.4126039187113,1.26306891441345,2,2,165,1,1,1,0,0,1
20260803_t1352_srsSmooth_Moretraining,srs_smooth_Moretraining,trial0636.mat,636,636,499,6,75,59,94,44,50,8,2,1,5,2,58,28178,2,0,1,2,2,2,2,2,2,2,CHOSE_HIGH_SAL,1,455,1,0,2,0,0,0,117,190,190,117,-73,190,1,0,84.0004627072015,105.999537292798,84.0004627072016,105.999537292798,-21.9990745855969,21.9990745855969,NaN,NaN,NaN,1785781626.40941,14266.78841108,2.28428673744202,0.0203104019165039,0.237632751464844,0.815262794494629,1.26202535629272,1.47379326820374,1.51265287399292,1.51265287399292,-1,-1,1.7571177482605,217.32234954834,211.767911911011,38.8596057891846,250.627517700195,Congruent,Right,Left,Left,Left,Left,0,1,1,0,1,0,0,1,1,1,1,0,0,1,0,0,0,0,1,500,200,20260803_t1352_srsSmooth_Moretraining_B006,62,12,34.4721024513245,1.33388495445251,1,1,57,1,1,1,0,0,1
20260803_t1352_srsSmooth_Moretraining,srs_smooth_Moretraining,trial0637.mat,637,637,500,6,76,60,94,44,50,8,2,2,8,2,84,2976,2,0,2,1,2,1,1,2,1,2,CHOSE_HIGH_SAL,1,455,1,0,1,0,0,0,53,153,153,53,-100,53,1,0,124.01917613861,65.9808238613903,124.01917613861,65.9808238613903,58.0383522772193,58.0383522772193,NaN,NaN,NaN,1785781630.02453,14270.40363948,2.22217082977295,0.0136728286743164,0.206196784973145,0.891611814498901,1.33872485160828,1.52539896965027,1.56704688072205,1.56704688072205,-1,-1,1.86678385734558,192.523956298828,186.674118041992,41.6479110717773,228.32202911377,Conflict,Left,Right,Left,Right,Left,0,1,0,1,1,0,1,0,1,1,0,1,0,0,1,0,0,1,1,501,201,20260803_t1352_srsSmooth_Moretraining_B006,63,13,34.5323543071747,1.33082461357117,2,2,190,1,1,0,0,1,1
20260803_t1352_srsSmooth_Moretraining,srs_smooth_Moretraining,trial0638.mat,638,638,501,6,77,61,94,44,50,8,2,1,6,2,64,14308,2,0,2,1,2,1,2,1,2,1,CHOSE_HIGH_SAL,1,455,1,0,5,0,0,0,90,164,164,90,-74,164,1,180,231.554062652554,318.445937347446,51.5540626525537,138.445937347446,-86.8918746948927,86.8918746948927,NaN,NaN,NaN,1785781633.59105,14273.96990572,2.62693881988525,0.0139572620391846,0.216658592224121,0.95050311088562,1.54735112190247,1.8006227016449,1.84186983108521,1.84186983108521,-1,-1,2.12884044647217,202.701330184937,253.271579742432,41.2471294403076,294.518709182739,Congruent,Left,Right,Right,Right,Right,0,1,1,0,1,1,0,1,1,0,1,0,0,0,1,1,0,0,1,502,202,20260803_t1352_srsSmooth_Moretraining_B006,64,14,34.5917963345846,1.34435081481934,1,2,53,1,1,1,0,0,1
20260803_t1352_srsSmooth_Moretraining,srs_smooth_Moretraining,trial0639.mat,639,639,502,6,78,62,94,44,50,8,2,2,7,2,73,18020,2,0,1,2,2,2,1,1,1,1,CHOSE_HIGH_SAL,1,455,1,0,3,0,0,0,81,169,169,81,-88,81,1,0,137.839733461613,52.1602665383872,137.839733461613,52.1602665383872,85.6794669232255,85.6794669232255,NaN,NaN,NaN,1785781637.55527,14277.93413288,2.59719157218933,0.0165536403656006,0.179544925689697,0.952908039093018,1.57494831085205,1.84471726417542,1.88562345504761,1.88562345504761,-1,-1,2.18327355384827,162.991285324097,269.768953323364,40.9061908721924,310.675144195557,Conflict,Right,Left,Right,Left,Right,0,1,0,1,1,1,1,0,1,0,0,1,0,1,0,1,0,1,1,503,203,20260803_t1352_srsSmooth_Moretraining_B006,65,15,34.6578667640686,1.33728694915771,2,1,164,1,1,0,0,1,1
20260803_t1352_srsSmooth_Moretraining,srs_smooth_Moretraining,trial0640.mat,640,640,503,6,79,62,94,44,50,8,2,2,7,2,73,18020,2,0,1,2,2,2,1,1,2,2,CHOSE_LOW_SAL,2,455,1,0,4,0,0,0,40,169,169,40,-129,169,1,0,137.839733461613,52.1602665383872,137.839733461613,52.1602665383872,85.6794669232255,85.6794669232255,NaN,NaN,NaN,1785781641.47717,14281.8559218,2.27467751502991,0.0114734172821045,0.222208738327026,0.897853136062622,1.32819271087646,1.51486158370972,1.55656599998474,1.55656599998474,-1,-1,1.80342674255371,210.735321044922,186.668872833252,41.7044162750244,228.373289108276,Conflict,Right,Left,Left,Left,Right,0,1,0,1,1,0,0,1,0,1,1,0,1,1,0,1,0,1,1,504,204,20260803_t1352_srsSmooth_Moretraining_B006,66,16,34.7232317646344,1.32470846176147,1,1,81,1,1,1,0,0,1
20260803_t1352_srsSmooth_Moretraining,srs_smooth_Moretraining,trial0663.mat,663,663,504,6,102,63,94,44,50,8,2,2,8,2,89,22190,2,0,2,1,2,1,1,2,0,0,,0,11,0,1,3,0,0,0,81,161,161,81,-80,NaN,1,0,172.336297080749,17.6637029192511,172.336297080749,17.6637029192511,154.672594161498,154.672594161498,NaN,NaN,NaN,1785781684.06732,14324.44515512,1.12786865234375,0.0146667957305908,0.225849866867065,0.843064069747925,-1,-1,-1,-1,-1,-1,-1,211.183071136475,NaN,NaN,NaN,Conflict,Left,Right,None,Right,Left,0,1,0,1,0,NaN,NaN,NaN,NaN,NaN,NaN,NaN,NaN,0,1,0,0,1,0,504,NaN,20260803_t1352_srsSmooth_Moretraining_B006,NaN,NaN,35.4330675721169,40.3154709339142,NaN,NaN,NaN,0,NaN,NaN,NaN,NaN,0
20260803_t1352_srsSmooth_Moretraining,srs_smooth_Moretraining,trial0664.mat,664,664,504,6,103,63,94,44,50,8,2,1,6,2,65,5197,2,0,2,1,2,1,2,1,1,2,CHOSE_LOW_SAL,2,455,1,0,2,0,0,0,70,169,169,70,-99,70,1,180,224.700402433538,325.299597566462,44.7004024335379,145.299597566462,-100.599195132924,100.599195132924,NaN,NaN,NaN,1785781686.36932,14326.74723948,2.24396586418152,0.012761116027832,0.224310398101807,0.914008855819702,1.29614543914795,1.54048323631287,1.58305764198303,1.58305764198303,-1,-1,1.8627290725708,211.549282073975,244.337797164917,42.574405670166,286.912202835083,Congruent,Left,Right,Left,Right,Right,0,1,1,0,1,0,1,0,0,1,0,1,1,0,1,1,0,0,1,505,205,20260803_t1352_srsSmooth_Moretraining_B006,67,17,35.4714341878891,1.17412829399109,2,2,169,1,1,0,0,1,1
20260803_t1352_srsSmooth_Moretraining,srs_smooth_Moretraining,trial0665.mat,665,665,505,6,104,64,94,44,50,8,2,1,5,2,54,13342,2,0,1,2,2,2,2,2,1,1,CHOSE_LOW_SAL,2,455,1,0,4,0,0,0,62,154,154,62,-92,62,1,0,24.4358385565467,165.564161443453,24.4358385565467,165.564161443453,-141.128322886907,141.128322886907,NaN,NaN,NaN,1785781689.94889,14330.32666632,2.34625387191772,0.0166621208190918,0.236093759536743,0.934164524078369,1.55838918685913,1.66953873634338,1.71158623695374,1.71158623695374,-1,-1,1.98144221305847,219.431638717651,111.149549484253,42.0475006103516,153.197050094604,Congruent,Right,Left,Right,Left,Left,0,1,1,0,1,1,1,0,0,0,0,1,1,1,0,0,0,0,1,506,206,20260803_t1352_srsSmooth_Moretraining_B006,68,18,35.5310937523842,1.33560800552368,1,2,70,1,0,1,1,0,1
20260803_t1352_srsSmooth_Moretraining,srs_smooth_Moretraining,trial0666.mat,666,666,506,6,105,65,94,44,50,8,2,2,8,2,90,27159,2,0,2,1,2,1,1,2,1,2,CHOSE_HIGH_SAL,1,455,1,0,6,0,0,0,67,183,183,67,-116,67,1,0,105.784454922069,84.215545077931,105.784454922069,84.215545077931,21.568909844138,21.568909844138,NaN,NaN,NaN,1785781693.60236,14333.97999352,2.46882748603821,0.0133421421051025,0.224674463272095,0.964936017990112,1.48006725311279,1.71658873558044,1.75809693336487,1.75809693336487,-1,-1,2.05976557731628,211.332321166992,236.521482467651,41.5081977844238,278.029680252075,Conflict,Left,Right,Left,Right,Left,0,1,0,1,1,0,1,0,1,1,0,1,0,0,1,0,0,1,1,507,207,20260803_t1352_srsSmooth_Moretraining_B006,69,19,35.5919848203659,1.30721020698547,1,1,62,1,0,1,1,0,1
20260803_t1352_srsSmooth_Moretraining,srs_smooth_Moretraining,trial0667.mat,667,667,507,6,106,66,94,44,50,8,2,1,5,2,61,2249,2,0,1,2,2,2,2,2,1,1,CHOSE_LOW_SAL,2,455,1,0,6,0,0,0,82,158,158,82,-76,82,1,180,242.502347512476,307.497652487524,62.5023475124761,127.497652487524,-64.9953049750477,64.9953049750477,NaN,NaN,NaN,1785781697.39322,14337.7707706,2.56963872909546,0.0142924785614014,0.234148502349854,0.992621660232544,1.61435556411743,1.82325148582458,1.85656666755676,1.85656666755676,-1,-1,2.15696048736572,219.856023788452,208.895921707153,33.3151817321777,242.211103439331,Congruent,Right,Left,Right,Left,Left,0,1,1,0,1,1,1,0,0,0,0,1,1,1,0,0,0,0,1,508,208,20260803_t1352_srsSmooth_Moretraining_B006,70,20,35.655165930589,1.32203912734985,1,2,67,1,0,1,1,0,1
20260803_t1352_srsSmooth_Moretraining,srs_smooth_Moretraining,trial0668.mat,668,668,508,6,107,67,94,44,50,8,2,2,8,2,89,22190,2,0,2,1,2,1,1,2,2,1,CHOSE_LOW_SAL,2,455,1,0,5,0,0,0,82,179,179,82,-97,179,1,180,288.533045818486,261.466954181514,108.533045818486,81.4669541815139,27.0660916369723,27.0660916369723,NaN,NaN,NaN,1785781701.26134,14341.63887428,2.35226035118103,0.0129969120025635,0.180788516998291,0.816152811050415,1.24637889862061,1.49920296669006,1.53938055038452,1.53938055038452,-1,-1,1.83556032180786,167.791604995728,252.824068069458,40.177583694458,293.001651763916,Conflict,Left,Right,Right,Right,Left,0,1,0,1,1,1,0,1,0,0,1,0,1,0,1,0,0,1,1,509,209,20260803_t1352_srsSmooth_Moretraining_B006,71,21,35.7196345090866,1.29847598075867,1,1,82,1,1,0,0,1,1
20260803_t1352_srsSmooth_Moretraining,srs_smooth_Moretraining,trial0669.mat,669,669,509,6,108,68,94,44,50,8,2,2,7,2,74,19727,2,0,1,2,2,2,1,1,1,1,CHOSE_HIGH_SAL,1,455,1,0,2,0,0,0,117,155,155,117,-38,117,1,180,340.814492156413,209.185507843587,160.814492156413,29.1855078435873,131.628984312825,131.628984312825,NaN,NaN,NaN,1785781704.94355,14345.32100636,2.25319123268127,0.0142679214477539,0.191941261291504,0.867511987686157,1.23098278045654,1.5007426738739,1.54245519638062,1.54245519638062,-1,-1,1.83038091659546,177.67333984375,269.759893417358,41.7125225067139,311.472415924072,Conflict,Right,Left,Right,Left,Right,0,1,0,1,1,1,1,0,1,0,0,1,0,1,0,1,0,1,1,510,210,20260803_t1352_srsSmooth_Moretraining_B006,72,22,35.7810046394666,1.32994747161865,2,1,179,1,1,0,0,1,1
20260803_t1352_srsSmooth_Moretraining,srs_smooth_Moretraining,trial0670.mat,670,670,510,6,109,68,94,44,50,8,2,2,7,2,74,19727,2,0,1,2,2,2,1,1,1,1,CHOSE_HIGH_SAL,1,455,1,0,5,0,0,0,58,155,155,58,-97,58,1,180,340.814492156413,209.185507843587,160.814492156413,29.1855078435873,131.628984312825,131.628984312825,NaN,NaN,NaN,1785781708.45482,14348.832205,2.41638946533203,0.0114665031433105,0.272597074508667,1.05633664131165,1.49485969543457,1.76501893997192,1.80423259735107,1.80423259735107,-1,-1,2.05761766433716,261.130571365356,270.159244537354,39.2136573791504,309.372901916504,Conflict,Right,Left,Right,Left,Right,0,1,0,1,1,1,1,0,1,0,0,1,0,1,0,1,0,1,1,511,211,20260803_t1352_srsSmooth_Moretraining_B006,73,23,35.8395258625348,1.25808215141296,1,1,117,1,0,0,1,1,1
20260803_t1352_srsSmooth_Moretraining,srs_smooth_Moretraining,trial0671.mat,671,671,511,6,110,68,94,44,50,8,2,2,7,2,74,19727,2,0,1,2,2,2,1,1,2,2,CHOSE_LOW_SAL,2,455,1,0,4,0,0,0,29,155,155,29,-126,155,1,180,340.814492156413,209.185507843587,160.814492156413,29.1855078435873,131.628984312825,131.628984312825,NaN,NaN,NaN,1785781712.21333,14352.5906996,2.37464380264282,0.0114376544952393,0.205540180206299,0.988899946212769,1.41149353981018,1.59774088859558,1.6391658782959,1.6391658782959,-1,-1,1.88196420669556,194.10252571106,186.2473487854,41.4249897003174,227.672338485718,Conflict,Right,Left,Left,Left,Right,0,1,0,1,1,0,0,1,0,1,1,0,1,1,0,1,0,1,1,512,212,20260803_t1352_srsSmooth_Moretraining_B006,74,24,35.9021677136421,1.34212160110474,1,1,58,1,1,1,0,0,1
20260803_t1352_srsSmooth_Moretraining,srs_smooth_Moretraining,trial0672.mat,672,672,512,6,111,69,94,44,50,8,2,1,6,2,69,28323,2,0,2,1,2,1,2,1,1,2,CHOSE_LOW_SAL,2,455,1,0,4,0,0,0,93,195,195,93,-102,93,1,180,269.218743797436,280.781256202564,89.218743797436,100.781256202564,-11.5625124051279,11.5625124051279,NaN,NaN,NaN,1785781715.91022,14356.28744964,2.26314806938171,0.0146923065185547,0.223799705505371,0.809411525726318,1.31474304199219,1.47554898262024,1.51542854309082,1.51542854309082,-1,-1,1.83210206031799,209.107398986816,160.805940628052,39.8795604705811,200.685501098633,Congruent,Left,Right,Left,Right,Right,0,1,1,0,1,0,1,0,0,1,0,1,1,0,1,1,0,0,1,513,213,20260803_t1352_srsSmooth_Moretraining_B006,75,25,35.9637825846672,1.3222484588623,2,2,155,1,1,0,0,1,1
20260803_t1352_srsSmooth_Moretraining,srs_smooth_Moretraining,trial0673.mat,673,673,513,6,112,70,94,44,50,8,2,1,6,2,62,20012,2,0,2,1,2,1,2,1,2,1,CHOSE_HIGH_SAL,1,455,1,0,3,0,0,0,63,147,147,63,-84,147,1,0,44.7449092117699,145.25509078823,44.7449092117699,145.25509078823,-100.51018157646,100.51018157646,NaN,NaN,NaN,1785781719.46442,14359.84171036,2.16477251052856,0.0106353759765625,0.205357789993286,0.805400848388672,1.18568253517151,1.42212533950806,1.45319700241089,1.45319700241089,-1,-1,1.70143103599548,194.722414016724,236.442804336548,31.071662902832,267.51446723938,Congruent,Left,Right,Right,Right,Right,0,1,1,0,1,1,0,1,1,0,1,0,0,0,1,1,0,0,1,514,214,20260803_t1352_srsSmooth_Moretraining_B006,76,26,36.0230191985766,1.2910487651825,1,2,93,1,1,1,0,0,1
20260803_t1352_srsSmooth_Moretraining,srs_smooth_Moretraining,trial0674.mat,674,674,514,6,113,71,94,44,50,8,2,2,7,2,79,3286,2,0,1,2,2,2,1,1,1,1,CHOSE_HIGH_SAL,1,455,1,0,4,0,0,0,86,159,159,86,-73,86,1,0,169.779407478448,20.2205925215523,169.779407478448,20.2205925215523,149.558814956895,149.558814956895,NaN,NaN,NaN,1785781722.93964,14363.31673548,2.3154981136322,0.0188882350921631,0.204849004745483,0.830157279968262,1.31060600280762,1.62216401100159,1.67205810546875,1.67205810546875,-1,-1,1.91296005249023,185.96076965332,311.55800819397,49.8940944671631,361.452102661133,Conflict,Right,Left,Right,Left,Right,0,1,0,1,1,1,1,0,1,0,0,1,0,1,0,1,0,1,1,515,215,20260803_t1352_srsSmooth_Moretraining_B006,77,27,36.080939523379,1.31044697761536,2,1,147,1,1,0,0,1,1
20260803_t1352_srsSmooth_Moretraining,srs_smooth_Moretraining,trial0675.mat,675,675,515,6,114,71,94,44,50,8,2,2,7,2,79,3286,2,0,1,2,2,2,1,1,2,2,CHOSE_LOW_SAL,2,455,1,0,2,0,0,0,43,159,159,43,-116,159,1,0,169.779407478448,20.2205925215523,169.779407478448,20.2205925215523,149.558814956895,149.558814956895,NaN,NaN,NaN,1785781726.53658,14366.91358312,2.21876215934753,0.0137569904327393,0.208615779876709,0.815009117126465,1.24713897705078,1.46726989746094,1.50614261627197,1.50614261627197,-1,-1,1.76396918296814,194.85878944397,220.130920410156,38.8727188110352,259.003639221191,Conflict,Right,Left,Left,Left,Right,0,1,0,1,1,0,0,1,0,1,1,0,1,1,0,1,0,1,1,516,216,20260803_t1352_srsSmooth_Moretraining_B006,78,28,36.1408885240555,1.28144192695618,1,1,86,1,1,1,0,0,1
20260803_t1352_srsSmooth_Moretraining,srs_smooth_Moretraining,trial0676.mat,676,676,516,6,115,72,94,44,50,8,2,1,6,2,67,5364,2,0,2,1,2,1,2,1,1,2,CHOSE_LOW_SAL,2,455,1,0,4,0,0,0,83,148,148,83,-65,83,1,0,79.9359450762141,110.064054923786,79.9359450762141,110.064054923786,-30.1281098475717,30.1281098475717,NaN,NaN,NaN,1785781730.0424,14370.41932296,2.18835592269897,0.016411304473877,0.227484226226807,0.811119079589844,1.39146637916565,1.42773485183716,1.46934938430786,1.46934938430786,-1,-1,1.77005648612976,211.07292175293,36.2684726715088,41.6145324707031,77.8830051422119,Congruent,Left,Right,Left,Right,Right,0,1,1,0,1,0,1,0,0,1,0,1,1,0,1,1,0,0,1,517,217,20260803_t1352_srsSmooth_Moretraining_B006,79,29,36.1993188182513,1.28705549240112,2,2,159,1,1,0,0,1,1
20260803_t1352_srsSmooth_Moretraining,srs_smooth_Moretraining,trial0677.mat,677,677,517,6,116,73,94,44,50,8,2,2,8,2,88,32095,2,0,2,1,2,1,1,2,1,2,CHOSE_HIGH_SAL,1,455,1,0,3,0,0,0,73,164,164,73,-91,73,1,180,348.502496324851,201.497503675149,168.502496324851,21.4975036751486,147.004992649703,147.004992649703,NaN,NaN,NaN,1785781733.54665,14373.92345408,2.0166642665863,0.0122976303100586,0.165059804916382,0.898532390594482,1.33735060691833,1.34619116783142,1.38866829872131,1.38866829872131,-1,-1,1.63936185836792,152.762174606323,8.84056091308594,42.4771308898926,51.3176918029785,Conflict,Left,Right,Left,Right,Left,0,1,0,1,1,0,1,0,1,1,0,1,0,0,1,0,0,1,1,518,218,20260803_t1352_srsSmooth_Moretraining_B006,80,30,36.2577230294545,1.31589674949646,1,2,83,1,0,0,1,1,1
20260803_t1352_srsSmooth_Moretraining,srs_smooth_Moretraining,trial0678.mat,678,678,518,6,117,74,94,44,50,8,2,1,5,2,52,5185,2,0,1,2,2,2,2,2,2,2,CHOSE_HIGH_SAL,1,455,1,0,1,0,0,0,89,160,160,89,-71,160,1,180,198.808297469776,351.191702530224,18.8082974697758,171.191702530224,-152.383405060448,152.383405060448,NaN,NaN,NaN,1785781736.82935,14377.2061508,2.19192695617676,0.0130653381347656,0.141070127487183,0.866329908370972,1.27978253364563,1.42404007911682,1.46420812606812,1.46420812606812,-1,-1,1.72333145141602,128.004789352417,144.257545471191,40.1680469512939,184.425592422485,Congruent,Right,Left,Left,Left,Left,0,1,1,0,1,0,0,1,1,1,1,0,0,1,0,0,0,0,1,519,219,20260803_t1352_srsSmooth_Moretraining_B006,81,31,36.3124346335729,1.26603198051453,1,2,73,1,1,0,0,1,1
20260803_t1352_srsSmooth_Moretraining,srs_smooth_Moretraining,trial0679.mat,679,679,519,6,118,75,94,44,50,8,2,2,8,2,87,2907,2,0,2,1,2,1,1,2,1,2,CHOSE_HIGH_SAL,1,455,1,0,5,0,0,0,69,167,167,69,-98,69,1,0,179.623318478016,10.3766815219842,179.623318478016,10.3766815219842,169.246636956032,169.246636956032,NaN,NaN,NaN,1785781740.32492,14380.70158024,2.09644913673401,0.0176329612731934,0.234766960144043,0.887348175048828,1.25101613998413,1.40436148643494,1.44392418861389,1.44392418861389,-1,-1,1.67790722846985,217.13399887085,153.345346450806,39.5627021789551,192.908048629761,Conflict,Left,Right,Left,Right,Left,0,1,0,1,1,0,1,0,1,1,0,1,0,0,1,0,0,1,1,520,220,20260803_t1352_srsSmooth_Moretraining_B006,82,32,36.3706941564878,1.30364441871643,2,2,160,1,1,0,0,1,1
20260803_t1352_srsSmooth_Moretraining,srs_smooth_Moretraining,trial0680.mat,680,680,520,6,119,76,94,44,50,8,2,2,7,2,75,3476,2,0,1,2,2,2,1,1,1,1,CHOSE_HIGH_SAL,1,455,1,0,8,0,0,0,96,146,146,96,-50,96,1,180,355.382381440948,194.617618559052,175.382381440948,14.6176185590519,160.764762881896,160.764762881896,NaN,NaN,NaN,1785781743.74773,14384.12445184,2.0420286655426,0.0116209983825684,0.20637845993042,0.723178625106812,1.0949981212616,1.30658769607544,1.35652256011963,1.35652256011963,-1,-1,1.61582803726196,194.757461547852,211.589574813843,49.9348640441895,261.524438858032,Conflict,Right,Left,Right,Left,Right,0,1,0,1,1,1,1,0,1,0,0,1,0,1,0,1,0,1,1,521,221,20260803_t1352_srsSmooth_Moretraining_B006,83,33,36.4277410546939,1.32636475563049,1,2,69,1,0,1,1,0,1
20260803_t1352_srsSmooth_Moretraining,srs_smooth_Moretraining,trial0681.mat,681,681,521,6,120,76,94,44,50,8,2,2,7,2,75,3476,2,0,1,2,2,2,1,1,1,1,CHOSE_HIGH_SAL,1,455,1,0,4,0,0,0,48,146,146,48,-98,48,1,180,355.382381440948,194.617618559052,175.382381440948,14.6176185590519,160.764762881896,160.764762881896,NaN,NaN,NaN,1785781747.08833,14387.46482956,2.11760544776917,0.0128207206726074,0.199290037155151,0.890547513961792,1.3878755569458,1.48215532302856,1.52242493629456,1.52242493629456,-1,-1,1.76615357398987,186.469316482544,94.2797660827637,40.2696132659912,134.549379348755,Conflict,Right,Left,Right,Left,Right,0,1,0,1,1,1,1,0,1,0,0,1,0,1,0,1,0,1,1,522,222,20260803_t1352_srsSmooth_Moretraining_B006,84,34,36.4834177255631,1.29857158660889,1,1,96,1,0,0,1,1,1
20260803_t1352_srsSmooth_Moretraining,srs_smooth_Moretraining,trial0682.mat,682,682,522,6,121,76,94,44,50,8,2,2,7,2,75,3476,2,0,1,2,2,2,1,1,2,2,CHOSE_LOW_SAL,2,455,1,0,4,0,0,0,24,146,146,24,-122,146,1,180,355.382381440948,194.617618559052,175.382381440948,14.6176185590519,160.764762881896,160.764762881896,NaN,NaN,NaN,1785781750.53378,14390.91021212,2.18983340263367,0.017512321472168,0.227129459381104,0.801606893539429,1.19255900382996,1.40359783172607,1.44614291191101,1.44614291191101,-1,-1,1.72603154182434,209.617137908936,211.038827896118,42.5450801849365,253.583908081055,Conflict,Right,Left,Left,Left,Right,0,1,0,1,1,0,0,1,0,1,1,0,1,1,0,1,0,1,1,523,223,20260803_t1352_srsSmooth_Moretraining_B006,85,35,36.5408418178558,1.32784008979797,1,1,48,1,1,1,0,0,1
20260803_t1352_srsSmooth_Moretraining,srs_smooth_Moretraining,trial0684.mat,684,684,523,6,123,77,94,44,50,8,2,1,5,2,53,28264,2,0,1,2,2,2,2,2,2,2,CHOSE_HIGH_SAL,1,455,1,0,4,0,0,0,76,166,166,76,-90,166,1,0,22.0125358590046,167.987464140995,22.0125358590046,167.987464140995,-145.974928281991,145.974928281991,NaN,NaN,NaN,1785781755.63935,14396.01570284,2.26741218566895,0.012141227722168,0.240315675735474,0.956814527511597,1.3038592338562,1.51517987251282,1.55680727958679,1.55680727958679,-1,-1,1.78132557868958,228.174448013306,211.320638656616,41.6274070739746,252.948045730591,Congruent,Right,Left,Left,Left,Left,0,1,1,0,1,0,0,1,1,1,1,0,0,1,0,0,0,0,1,524,224,20260803_t1352_srsSmooth_Moretraining_B006,86,36,36.625934724013,2.91574096679688,2,2,146,1,0,0,1,1,1
20260803_t1352_srsSmooth_Moretraining,srs_smooth_Moretraining,trial0685.mat,685,685,524,6,124,78,94,44,50,8,2,1,5,2,56,6003,2,0,1,2,2,2,2,2,2,2,CHOSE_HIGH_SAL,1,455,1,0,4,0,0,0,70,190,190,70,-120,190,1,0,77.8010204068544,112.198979593146,77.8010204068544,112.198979593146,-34.3979591862912,34.3979591862912,NaN,NaN,NaN,1785781759.20585,14399.58218112,2.51013660430908,0.0124454498291016,0.190571069717407,0.89923095703125,1.47083735466003,1.64916372299194,1.69085049629211,1.69085049629211,-1,-1,2.00779151916504,178.125619888306,178.326368331909,41.6867733001709,220.01314163208,Congruent,Right,Left,Left,Left,Left,0,1,1,0,1,0,0,1,1,1,1,0,0,1,0,0,0,0,1,525,225,20260803_t1352_srsSmooth_Moretraining_B006,87,37,36.685376449426,1.29909133911133,2,2,166,1,0,0,1,1,1
20260803_t1352_srsSmooth_Moretraining,srs_smooth_Moretraining,trial0687.mat,687,687,525,6,126,79,94,44,50,8,2,2,8,2,91,31543,2,0,2,1,2,1,1,2,1,2,CHOSE_HIGH_SAL,1,455,1,0,2,0,0,0,91,159,159,91,-68,91,1,0,124.492108628969,65.5078913710311,124.492108628969,65.5078913710311,58.9842172579378,58.9842172579378,NaN,NaN,NaN,1785781764.55146,14404.92779204,2.23003602027893,0.0170493125915527,0.220040321350098,0.761733531951904,1.30876708030701,1.50337767601013,1.54397630691528,1.54397630691528,-1,-1,1.82019424438477,202.991008758545,194.610595703125,40.5986309051514,235.209226608276,Conflict,Left,Right,Left,Right,Left,0,1,0,1,1,0,1,0,1,1,0,1,0,0,1,0,0,1,1,526,226,20260803_t1352_srsSmooth_Moretraining_B006,88,38,36.774469935894,2.83547258377075,2,2,190,1,1,0,0,1,1
20260803_t1352_srsSmooth_Moretraining,srs_smooth_Moretraining,trial0688.mat,688,688,526,6,127,80,94,44,50,8,2,2,8,2,93,934,2,0,2,1,2,1,1,2,1,2,CHOSE_HIGH_SAL,1,455,1,0,3,0,0,0,75,148,148,75,-73,75,1,0,150.116260714389,39.883739285611,150.116260714389,39.883739285611,110.232521428778,110.232521428778,NaN,NaN,NaN,1785781768.08618,14408.46226256,2.19558048248291,0.0158109664916992,0.243777751922607,0.944008111953735,1.4992036819458,1.53382682800293,1.56723618507385,1.56723618507385,-1,-1,1.82361388206482,227.966785430908,34.6231460571289,33.4093570709229,68.0325031280518,Conflict,Left,Right,Left,Right,Left,0,1,0,1,1,0,1,0,1,1,0,1,0,0,1,0,0,1,1,527,227,20260803_t1352_srsSmooth_Moretraining_B006,89,39,36.8333818078041,1.30467629432678,1,2,91,1,0,0,1,1,1
20260803_t1352_srsSmooth_Moretraining,srs_smooth_Moretraining,trial0689.mat,689,689,527,6,128,81,94,44,50,8,2,2,7,2,81,11861,2,0,1,2,2,2,1,1,0,0,,0,11,0,1,0,0,0,0,61,147,147,61,-86,NaN,1,0,175.904423025445,14.0955769745546,175.904423025445,14.0955769745546,161.808846050891,161.808846050891,NaN,NaN,NaN,1785781771.60177,14411.97795984,0.270238637924194,0.0170245170593262,0.211750745773315,-1,-1,-1,-1,-1,-1,-1,-1,194.726228713989,NaN,NaN,NaN,Conflict,Right,Left,None,Left,Right,0,1,0,1,0,NaN,NaN,NaN,NaN,NaN,NaN,NaN,NaN,1,0,1,0,1,0,527,NaN,20260803_t1352_srsSmooth_Moretraining_B006,NaN,NaN,36.8919750293096,1.32001280784607,NaN,NaN,NaN,0,NaN,NaN,NaN,NaN,0
20260803_t1352_srsSmooth_Moretraining,srs_smooth_Moretraining,trial0690.mat,690,690,527,6,129,81,94,44,50,8,2,2,7,2,83,31347,2,0,1,2,2,2,1,1,2,2,CHOSE_LOW_SAL,2,455,1,0,5,0,0,0,82,140,140,82,-58,140,1,0,123.860967966068,66.139032033932,123.860967966068,66.139032033932,57.7219359321359,57.7219359321359,NaN,NaN,NaN,1785781773.12449,14413.50062236,2.13344311714172,0.0110344886779785,0.213797330856323,0.914402723312378,1.36942148208618,1.37853097915649,1.41232061386108,1.41232061386108,-1,-1,1.66257929801941,202.762842178345,9.1094970703125,33.7896347045898,42.8991317749023,Conflict,Right,Left,Left,Left,Right,0,1,0,1,1,0,0,1,0,1,1,0,1,1,0,1,0,1,1,528,228,20260803_t1352_srsSmooth_Moretraining_B006,90,40,36.9173536499341,1.25247859954834,1,2,75,1,1,0,0,1,1
20260803_t1352_srsSmooth_Moretraining,srs_smooth_Moretraining,trial0691.mat,691,691,528,6,130,82,94,44,50,8,2,1,6,2,63,32472,2,0,2,1,2,1,2,1,0,0,,0,11,0,1,4,0,0,0,86,181,181,86,-95,NaN,1,0,15.8557796713275,174.144220328673,15.8557796713275,174.144220328673,-158.288440657345,158.288440657345,NaN,NaN,NaN,1785781776.57597,14416.95192884,1.3639919757843,0.0180182456970215,0.204658269882202,0.813366651535034,-1,-1,-1,-1,-1,-1,-1,186.640024185181,NaN,NaN,NaN,Congruent,Left,Right,None,Right,Right,0,1,1,0,0,NaN,NaN,NaN,NaN,NaN,NaN,NaN,NaN,0,1,1,0,0,0,528,NaN,20260803_t1352_srsSmooth_Moretraining_B006,NaN,NaN,36.9748784343402,1.31804394721985,NaN,NaN,NaN,0,NaN,NaN,NaN,NaN,0
20260803_t1352_srsSmooth_Moretraining,srs_smooth_Moretraining,trial0692.mat,692,692,528,6,131,82,94,44,50,8,2,1,5,2,59,26995,2,0,1,2,2,2,2,2,1,1,CHOSE_LOW_SAL,2,455,1,0,3,0,0,0,67,176,176,67,-109,67,1,180,265.807991796348,284.192008203652,85.8079917963481,104.192008203652,-18.3840164073038,18.3840164073038,NaN,NaN,NaN,1785781779.17841,14419.55430396,2.45409345626831,0.0156810283660889,0.208406686782837,0.985691547393799,1.60741138458252,1.77744150161743,1.81048631668091,1.81048631668091,-1,-1,2.0408923625946,192.725658416748,170.030117034912,33.0448150634766,203.074932098389,Congruent,Right,Left,Right,Left,Left,0,1,1,0,1,1,1,0,0,0,0,1,1,1,0,0,0,0,1,529,229,20260803_t1352_srsSmooth_Moretraining_B006,91,41,37.01825243632,1.23844814300537,2,2,140,1,1,1,0,0,1
20260803_t1352_srsSmooth_Moretraining,srs_smooth_Moretraining,trial0693.mat,693,693,529,6,132,83,94,44,50,8,2,1,5,2,55,26278,2,0,1,2,2,2,2,2,2,2,CHOSE_HIGH_SAL,1,455,1,0,7,0,0,0,76,158,158,76,-82,158,1,0,35.9089856450394,154.091014354961,35.9089856450394,154.091014354961,-118.182028709921,118.182028709921,NaN,NaN,NaN,1785781782.93839,14423.31415064,2.54319596290588,0.0141837596893311,0.225820779800415,1.01756072044373,1.49757671356201,1.67630481719971,1.71543002128601,1.71543002128601,-1,-1,2.03496503829956,211.637020111084,178.728103637695,39.1252040863037,217.853307723999,Congruent,Right,Left,Left,Left,Left,0,1,1,0,1,0,0,1,1,1,1,0,0,1,0,0,0,0,1,530,230,20260803_t1352_srsSmooth_Moretraining_B006,92,42,37.0809187610944,1.30588603019714,1,1,67,1,1,1,0,0,1
20260803_t1352_srsSmooth_Moretraining,srs_smooth_Moretraining,trial0694.mat,694,694,530,6,133,84,94,44,50,8,2,2,8,2,86,12311,2,0,2,1,2,1,1,2,1,2,CHOSE_HIGH_SAL,1,455,1,0,4,0,0,0,90,173,173,90,-83,90,1,180,280.036987932486,269.963012067514,100.036987932486,89.9630120675139,10.0739758649722,10.0739758649722,NaN,NaN,NaN,1785781786.79169,14427.16749324,2.20807814598083,0.0110406875610352,0.272365093231201,0.938935995101929,1.44443035125732,1.53063297271729,1.5722861289978,1.5722861289978,-1,-1,1.81281280517578,261.324405670166,86.2026214599609,41.6531562805176,127.855777740479,Conflict,Left,Right,Left,Right,Left,0,1,0,1,1,0,1,0,1,1,0,1,0,0,1,0,0,1,1,531,231,20260803_t1352_srsSmooth_Moretraining_B006,93,43,37.1451403617859,1.31010007858276,2,2,158,1,1,0,0,1,1
20260803_t1352_srsSmooth_Moretraining,srs_smooth_Moretraining,trial0695.mat,695,695,531,6,134,85,94,44,50,8,2,1,6,2,68,57,2,0,2,1,2,1,2,1,0,0,,0,11,0,1,2,0,0,0,64,143,143,64,-79,NaN,1,0,81.6554761986393,108.344523801361,81.6554761986393,108.344523801361,-26.6890476027213,26.6890476027213,NaN,NaN,NaN,1785781790.31479,14430.6906028,0.291371583938599,0.0130748748779297,0.224783658981323,-1,-1,-1,-1,-1,-1,-1,-1,211.708784103394,NaN,NaN,NaN,Congruent,Left,Right,None,Right,Right,0,1,1,0,0,NaN,NaN,NaN,NaN,NaN,NaN,NaN,NaN,0,1,1,0,0,0,531,NaN,20260803_t1352_srsSmooth_Moretraining_B006,NaN,NaN,37.2038587768873,1.31502676010132,NaN,NaN,NaN,0,NaN,NaN,NaN,NaN,0
20260803_t1352_srsSmooth_Moretraining,srs_smooth_Moretraining,trial0696.mat,696,696,531,6,135,85,94,44,50,8,2,2,7,2,81,11861,2,0,1,2,2,2,1,1,1,1,CHOSE_HIGH_SAL,1,455,1,0,4,0,0,0,78,180,180,78,-102,78,1,180,359.167681469489,190.832318530511,179.167681469489,10.8323185305111,168.335362938978,168.335362938978,NaN,NaN,NaN,1785781791.81231,14432.18802492,2.33685660362244,0.0156195163726807,0.252070665359497,0.859922885894775,1.45734333992004,1.65162301063538,1.69191384315491,1.69191384315491,-1,-1,1.92666554450989,236.451148986816,194.279670715332,40.2908325195312,234.570503234863,Conflict,Right,Left,Right,Left,Right,0,1,0,1,1,1,1,0,1,0,0,1,0,1,0,1,0,1,1,532,232,20260803_t1352_srsSmooth_Moretraining_B006,94,44,37.2288173476855,1.20614266395569,1,2,90,1,0,1,1,0,1
20260803_t1352_srsSmooth_Moretraining,srs_smooth_Moretraining,trial0698.mat,698,698,532,6,137,85,94,44,50,8,2,2,7,2,81,11861,2,0,1,2,2,2,1,1,2,2,CHOSE_LOW_SAL,2,455,1,0,5,0,0,0,39,180,180,39,-141,180,1,180,359.167681469489,190.832318530511,179.167681469489,10.8323185305111,168.335362938978,168.335362938978,NaN,NaN,NaN,1785781797.06839,14437.44407752,2.4741382598877,0.0180771350860596,0.254276275634766,1.02066707611084,1.52646994590759,1.6298086643219,1.67073225975037,1.67073225975037,-1,-1,1.96217060089111,236.199140548706,103.338718414307,40.9235954284668,144.262313842773,Conflict,Right,Left,Left,Left,Right,0,1,0,1,1,0,0,1,0,1,1,0,1,1,0,1,0,1,1,533,233,20260803_t1352_srsSmooth_Moretraining_B006,95,45,37.3164187391599,2.91922688484192,1,1,78,1,1,1,0,0,1
20260803_t1352_srsSmooth_Moretraining,srs_smooth_Moretraining,trial0699.mat,699,699,533,6,138,86,94,44,50,8,2,1,6,2,66,29059,2,0,2,1,2,1,2,1,1,2,CHOSE_LOW_SAL,2,455,1,0,4,0,0,0,79,155,155,79,-76,79,1,180,248.661828051816,301.338171948184,68.6618280518156,121.338171948184,-52.6763438963687,52.6763438963687,NaN,NaN,NaN,1785781800.87565,14441.2511684,2.23288941383362,0.0109648704528809,0.236575841903687,0.77892541885376,1.30268168449402,1.50638604164124,1.54715156555176,1.54715156555176,-1,-1,1.82183766365051,225.610971450806,203.704357147217,40.7655239105225,244.469881057739,Congruent,Left,Right,Left,Right,Right,0,1,1,0,1,0,1,0,0,1,0,1,1,0,1,1,0,0,1,534,234,20260803_t1352_srsSmooth_Moretraining_B006,96,46,37.3798730929693,1.33312296867371,2,2,180,1,1,0,0,1,1
20260803_t1352_srsSmooth_Moretraining,srs_smooth_Moretraining,trial0700.mat,700,700,534,6,139,87,94,44,50,8,2,1,5,2,60,13291,2,0,1,2,2,2,2,2,1,1,CHOSE_LOW_SAL,2,455,1,0,3,0,0,0,82,157,157,82,-75,82,1,180,236.520992146926,313.479007853074,56.520992146926,133.479007853074,-76.958015706148,76.958015706148,NaN,NaN,NaN,1785781804.41833,14444.7937324,2.35675430297852,0.0184295177459717,0.221364736557007,0.88852596282959,1.44348526000977,1.68854689598083,1.72738194465637,1.72738194465637,-1,-1,1.97214150428772,202.935218811035,245.061635971069,38.8350486755371,283.896684646606,Congruent,Right,Left,Right,Left,Left,0,1,1,0,1,1,1,0,0,0,0,1,1,1,0,0,0,0,1,535,235,20260803_t1352_srsSmooth_Moretraining_B006,97,47,37.4389176646868,1.30978488922119,1,2,79,1,0,1,1,0,1
20260803_t1352_srsSmooth_Moretraining,srs_smooth_Moretraining,trial0701.mat,701,701,535,6,140,88,94,44,50,8,2,1,6,2,71,23644,2,0,2,1,2,1,2,1,2,1,CHOSE_HIGH_SAL,1,455,1,0,4,0,0,0,65,171,171,65,-106,171,1,180,199.321212880847,350.678787119153,19.3212128808466,170.678787119153,-151.357574238307,151.357574238307,NaN,NaN,NaN,1785781808.16836,14448.54372572,2.21576833724976,0.0185439586639404,0.146604537963867,0.822022438049316,1.31859374046326,1.40476775169373,1.44645953178406,1.44645953178406,-1,-1,1.73045420646667,128.060579299927,86.1740112304688,41.691780090332,127.865791320801,Congruent,Left,Right,Right,Right,Right,0,1,1,0,1,1,0,1,1,0,1,0,0,0,1,1,0,0,1,536,236,20260803_t1352_srsSmooth_Moretraining_B006,98,48,37.5014182051023,1.39327812194824,1,1,82,1,1,0,0,1,1
20260803_t1352_srsSmooth_Moretraining,srs_smooth_Moretraining,trial0702.mat,702,702,536,6,141,89,94,44,50,8,2,2,7,2,78,25821,2,0,1,2,2,2,1,1,1,1,CHOSE_HIGH_SAL,1,455,1,0,4,0,0,0,107,182,182,107,-75,107,1,0,177.806283713358,12.1937162866416,177.806283713358,12.1937162866416,165.612567426717,165.612567426717,NaN,NaN,NaN,1785781811.70243,14452.07761212,2.12369418144226,0.017946720123291,0.0196192264556885,0.75475287437439,1.25966143608093,1.36273860931396,1.4025285243988,1.4025285243988,-1,-1,1.68420267105103,1.67250633239746,103.077173233032,39.7899150848389,142.867088317871,Conflict,Right,Left,Right,Left,Right,0,1,0,1,1,1,1,0,1,0,0,1,0,1,0,1,0,1,1,537,237,20260803_t1352_srsSmooth_Moretraining_B006,99,49,37.5603193442027,1.3183000087738,2,1,171,1,1,0,0,1,1
20260803_t1352_srsSmooth_Moretraining,srs_smooth_Moretraining,trial0703.mat,703,703,537,6,142,89,94,44,50,8,2,2,7,2,78,25821,2,0,1,2,2,2,1,1,2,2,CHOSE_LOW_SAL,2,455,1,0,6,0,0,0,53,182,182,53,-129,182,1,0,177.806283713358,12.1937162866416,177.806283713358,12.1937162866416,165.612567426717,165.612567426717,NaN,NaN,NaN,1785781815.14615,14455.52147156,2.50534701347351,0.0160238742828369,0.283787250518799,1.07698678970337,1.59942030906677,1.68525075912476,1.72769975662231,1.72769975662231,-1,-1,1.98690485954285,267.763376235962,85.8304500579834,42.4489974975586,128.279447555542,Conflict,Right,Left,Left,Left,Right,0,1,0,1,1,0,0,1,0,1,1,0,1,1,0,1,0,1,1,538,238,20260803_t1352_srsSmooth_Moretraining_B006,100,50,37.6177147229513,1.32002854347229,1,1,107,1,1,1,0,0,1
20260803_t1352_srsSmooth_Moretraining,srs_smooth_Moretraining,trial0704.mat,704,704,538,6,143,90,94,44,50,8,2,2,7,2,82,10639,2,0,1,2,2,2,1,1,1,1,CHOSE_HIGH_SAL,1,455,1,0,4,0,0,0,70,153,153,70,-83,70,1,0,166.535968870686,23.4640311293141,166.535968870686,23.4640311293141,143.071937741372,143.071937741372,NaN,NaN,NaN,1785781818.9472,14459.32232656,2.29522371292114,0.0151190757751465,0.276639223098755,1.00999760627747,1.37350583076477,1.61808562278748,1.66634726524353,1.66634726524353,-1,-1,1.90591263771057,261.520147323608,244.579792022705,48.2616424560547,292.84143447876,Conflict,Right,Left,Right,Left,Right,0,1,0,1,1,1,1,0,1,0,0,1,0,1,0,1,0,1,1,539,239,20260803_t1352_srsSmooth_Moretraining_B006,101,51,37.6810656030973,1.29570579528809,2,2,182,1,1,1,0,0,1
20260803_t1352_srsSmooth_Moretraining,srs_smooth_Moretraining,trial0705.mat,705,705,539,6,144,90,94,44,50,8,2,2,7,2,82,10639,2,0,1,2,2,2,1,1,0,0,,0,11,0,1,1,0,0,0,35,153,153,35,-118,NaN,1,0,166.535968870686,23.4640311293141,166.535968870686,23.4640311293141,143.071937741372,143.071937741372,NaN,NaN,NaN,1785781822.53735,14462.91241388,0.270235538482666,0.0167751312255859,0.211737632751465,-1,-1,-1,-1,-1,-1,-1,-1,194.962501525879,NaN,NaN,NaN,Conflict,Right,Left,None,Left,Right,0,1,0,1,0,NaN,NaN,NaN,NaN,NaN,NaN,NaN,NaN,1,0,1,0,1,0,539,NaN,20260803_t1352_srsSmooth_Moretraining_B006,NaN,NaN,37.7409014542898,1.29492735862732,NaN,NaN,NaN,0,NaN,NaN,NaN,NaN,0
20260803_t1352_srsSmooth_Moretraining,srs_smooth_Moretraining,trial0706.mat,706,706,539,6,145,90,94,44,50,8,2,2,7,2,82,10639,2,0,1,2,2,2,1,1,2,2,CHOSE_LOW_SAL,2,455,1,0,5,0,0,0,35,153,153,35,-118,153,1,0,166.535968870686,23.4640311293141,166.535968870686,23.4640311293141,143.071937741372,143.071937741372,NaN,NaN,NaN,1785781824.0134,14464.38839156,2.16179466247559,0.0157899856567383,0.260350942611694,0.860746622085571,1.24083781242371,1.41072249412537,1.46106338500977,1.46106338500977,-1,-1,1.69067907333374,244.560956954956,169.88468170166,50.3408908843994,220.22557258606,Conflict,Right,Left,Left,Left,Right,0,1,0,1,1,0,0,1,0,1,1,0,1,1,0,1,0,1,1,540,240,20260803_t1352_srsSmooth_Moretraining_B006,102,52,37.7655021548271,1.20580649375916,1,1,70,1,1,1,0,0,1
20260803_t1352_srsSmooth_Moretraining,srs_smooth_Moretraining,trial0707.mat,707,707,540,6,146,91,94,44,50,8,2,1,6,2,68,57,2,0,2,1,2,1,2,1,2,1,CHOSE_HIGH_SAL,1,455,1,0,5,0,0,0,75,148,148,75,-73,148,1,180,220.493089299609,329.506910700391,40.4930892996089,149.506910700391,-109.013821400782,109.013821400782,NaN,NaN,NaN,1785781827.50656,14467.88153272,2.22820544242859,0.014430046081543,0.234320163726807,0.842767953872681,1.18114233016968,1.40137004852295,1.44281578063965,1.44281578063965,-1,-1,1.74412512779236,219.890117645264,220.227718353271,41.4457321166992,261.673450469971,Congruent,Left,Right,Right,Right,Right,0,1,1,0,1,1,0,1,1,0,1,0,0,0,1,1,0,0,1,541,241,20260803_t1352_srsSmooth_Moretraining_B006,103,53,37.8237215360006,1.33136820793152,2,2,153,1,0,1,1,0,1
20260803_t1352_srsSmooth_Moretraining,srs_smooth_Moretraining,trial0708.mat,708,708,541,6,147,92,94,44,50,8,2,2,8,2,94,16245,2,0,2,1,2,1,1,2,2,1,CHOSE_LOW_SAL,2,455,1,0,6,0,0,0,62,181,181,62,-119,181,1,0,144.788001146915,45.2119988530847,144.788001146915,45.2119988530847,99.5760022938305,99.5760022938305,NaN,NaN,NaN,1785781831.02429,14471.39916604,2.59399557113647,0.013507604598999,0.26614236831665,1.01680111885071,1.6385715007782,1.82472443580627,1.86692404747009,1.86692404747009,-1,-1,2.11062669754028,252.634763717651,186.152935028076,42.1996116638184,228.352546691895,Conflict,Left,Right,Right,Right,Left,0,1,0,1,1,1,0,1,0,0,1,0,1,0,1,0,0,1,1,542,242,20260803_t1352_srsSmooth_Moretraining_B006,104,54,37.8823502977689,1.28952026367188,2,1,148,1,0,0,1,1,1
20260803_t1352_srsSmooth_Moretraining,srs_smooth_Moretraining,trial0709.mat,709,709,542,6,148,93,94,44,50,8,2,1,6,2,63,32472,2,0,2,1,2,1,2,1,2,1,CHOSE_HIGH_SAL,1,455,1,0,6,0,0,0,76,180,180,76,-104,180,1,180,205.673312493425,344.326687506575,25.6733124934247,164.326687506575,-138.653375013151,138.653375013151,NaN,NaN,NaN,1785781834.93951,14475.314311,2.32855081558228,0.0151076316833496,0.243484973907471,0.943034410476685,1.35682582855225,1.5427873134613,1.58431506156921,1.58431506156921,-1,-1,1.85156655311584,228.377342224121,185.961484909058,41.5277481079102,227.489233016968,Congruent,Left,Right,Right,Right,Right,0,1,1,0,1,1,0,1,1,0,1,0,0,0,1,1,0,0,1,543,243,20260803_t1352_srsSmooth_Moretraining_B006,105,55,37.947603960832,1.32122421264648,2,1,181,1,0,0,1,1,1
20260803_t1352_srsSmooth_Moretraining,srs_smooth_Moretraining,trial0710.mat,710,710,543,7,1,0,74,24,50,8,1,0,2,1,25,32669,1,1,2,1,1,2,1,2,1,2,SINGLE_T1_CORRECT,10,455,1,0,5,0,0,0,182,96,182,96,86,182,1,0,180,10,180,10,170,170,NaN,NaN,NaN,1785781838.5845,14478.95928184,2.4432578086853,0.0119237899780273,0.206918478012085,0.831804513931274,1.37864470481873,1.61550545692444,1.6570725440979,1.6570725440979,-1,-1,1.92681002616882,194.994688034058,236.860752105713,41.5670871734619,278.427839279175,Instruction,Left,Right,Left,Left,Left,1,0,0,0,0,NaN,NaN,NaN,NaN,NaN,NaN,NaN,NaN,0,0,0,1,1,0,544,NaN,20260803_t1352_srsSmooth_Moretraining_B007,1,NaN,38.0083538095156,1.31644010543823,NaN,NaN,NaN,0,NaN,NaN,NaN,NaN,0
20260803_t1352_srsSmooth_Moretraining,srs_smooth_Moretraining,trial0711.mat,711,711,544,7,2,1,74,24,50,8,1,0,1,1,3,438,1,1,1,2,1,1,1,1,1,1,SINGLE_T1_CORRECT,10,455,1,0,4,0,0,0,183,110,183,110,73,183,1,180,0,190,180,10,170,170,NaN,NaN,NaN,1785781842.3396,14482.71431076,2.7042555809021,0.0152983665466309,0.258175373077393,1.0432722568512,1.64036107063293,1.93438410758972,1.97491073608398,1.97491073608398,-1,-1,2.19205164909363,242.877006530762,294.023036956787,40.5266284942627,334.54966545105,Instruction,Right,Left,Right,Right,Right,1,0,0,0,0,NaN,NaN,NaN,NaN,NaN,NaN,NaN,NaN,1,1,1,1,1,0,545,NaN,20260803_t1352_srsSmooth_Moretraining_B007,2,NaN,38.0709389011065,1.31184768676758,NaN,NaN,NaN,0,NaN,NaN,NaN,NaN,0
20260803_t1352_srsSmooth_Moretraining,srs_smooth_Moretraining,trial0712.mat,712,712,545,7,3,2,74,24,50,8,1,0,4,1,39,17162,1,2,1,2,1,1,2,2,2,2,SINGLE_T2_CORRECT,11,455,1,0,7,0,0,0,160,80,160,80,80,80,1,180,190,0,10,180,-170,170,NaN,NaN,NaN,1785781846.36727,14486.741663,2.1604118347168,0.012782096862793,0.257856607437134,0.865581274032593,1.33783411979675,1.50773501396179,1.5493597984314,1.5493597984314,-1,-1,1.78350305557251,245.074510574341,169.900894165039,41.6247844696045,211.525678634644,Instruction,Right,Left,Left,Right,Left,1,0,0,0,0,NaN,NaN,NaN,NaN,NaN,NaN,NaN,NaN,1,1,0,1,0,0,546,NaN,20260803_t1352_srsSmooth_Moretraining_B007,3,NaN,38.1380667726199,1.3234167098999,NaN,NaN,NaN,0,NaN,NaN,NaN,NaN,0
20260803_t1352_srsSmooth_Moretraining,srs_smooth_Moretraining,trial0713.mat,713,713,546,7,4,3,74,24,50,8,1,0,4,1,47,1761,1,2,1,2,1,1,2,2,2,2,SINGLE_T2_CORRECT,11,455,1,0,2,0,0,0,200,96,200,96,104,96,1,180,190,0,10,180,-170,170,NaN,NaN,NaN,1785781849.83964,14490.21423148,2.02820491790771,0.0155506134033203,0.193514347076416,0.766170263290405,1.35726976394653,1.36595463752747,1.40108966827393,1.40108966827393,-1,-1,1.63300561904907,177.963733673096,8.68487358093262,35.13503074646,43.8199043273926,Instruction,Right,Left,Left,Right,Left,1,0,0,0,0,NaN,NaN,NaN,NaN,NaN,NaN,NaN,NaN,1,1,0,1,0,0,547,NaN,20260803_t1352_srsSmooth_Moretraining_B007,4,NaN,38.1959395607313,1.31195545196533,NaN,NaN,NaN,0,NaN,NaN,NaN,NaN,0
20260803_t1352_srsSmooth_Moretraining,srs_smooth_Moretraining,trial0714.mat,714,714,547,7,5,4,74,24,50,8,1,0,1,1,7,28065,1,1,1,2,1,1,1,1,0,0,,0,11,0,1,3,0,0,0,178,78,178,78,100,NaN,1,0,180,10,180,10,170,170,NaN,NaN,NaN,1785781853.19282,14493.5671404,0.141126394271851,0.0125067234039307,0.065845251083374,-1,-1,-1,-1,-1,-1,-1,-1,53.3385276794434,NaN,NaN,NaN,Instruction,Right,Left,None,Right,Right,1,0,0,0,0,NaN,NaN,NaN,NaN,NaN,NaN,NaN,NaN,1,1,1,1,1,0,547,NaN,20260803_t1352_srsSmooth_Moretraining_B007,NaN,NaN,38.2518257935842,1.32496905326843,NaN,NaN,NaN,0,NaN,NaN,NaN,NaN,0
20260803_t1352_srsSmooth_Moretraining,srs_smooth_Moretraining,trial0715.mat,715,715,547,7,6,4,74,24,50,8,1,0,3,1,28,16669,1,2,2,1,1,2,2,1,2,1,SINGLE_T2_CORRECT,11,455,1,0,4,0,0,0,183,77,183,77,106,77,1,0,10,180,10,180,-170,170,NaN,NaN,NaN,1785781854.57754,14494.95193708,2.2476658821106,0.0195064544677734,0.247680187225342,0.881341218948364,1.29455637931824,1.56431674957275,1.60417890548706,1.60417890548706,-1,-1,1.8652982711792,228.173732757568,269.760370254517,39.8621559143066,309.622526168823,Instruction,Left,Right,Right,Left,Right,1,0,0,0,0,NaN,NaN,NaN,NaN,NaN,NaN,NaN,NaN,0,0,1,1,0,0,548,NaN,20260803_t1352_srsSmooth_Moretraining_B007,5,NaN,38.2749044815699,1.24359488487244,NaN,NaN,NaN,0,NaN,NaN,NaN,NaN,0
20260803_t1352_srsSmooth_Moretraining,srs_smooth_Moretraining,trial0716.mat,716,716,548,7,7,5,74,24,50,8,1,0,4,1,40,16915,1,2,1,2,1,1,2,2,2,2,SINGLE_T2_CORRECT,11,455,1,0,6,0,0,0,203,113,203,113,90,113,1,180,190,0,10,180,-170,170,NaN,NaN,NaN,1785781858.12359,14498.4979056,2.17869400978088,0.0152554512023926,0.0162851810455322,0.659717082977295,1.19863438606262,1.40180826187134,1.4434654712677,1.4434654712677,-1,-1,1.72934317588806,1.02972984313965,203.173875808716,41.6572093963623,244.831085205078,Instruction,Right,Left,Left,Right,Left,1,0,0,0,0,NaN,NaN,NaN,NaN,NaN,NaN,NaN,NaN,1,1,0,1,0,0,549,NaN,20260803_t1352_srsSmooth_Moretraining_B007,6,NaN,38.3340054154396,1.29839015007019,NaN,NaN,NaN,0,NaN,NaN,NaN,NaN,0
20260803_t1352_srsSmooth_Moretraining,srs_smooth_Moretraining,trial0717.mat,717,717,549,7,8,6,74,24,50,8,1,0,1,1,9,15733,1,1,1,2,1,1,1,1,1,1,SINGLE_T1_CORRECT,10,455,1,0,6,0,0,0,179,105,179,105,74,179,1,0,180,10,180,10,170,170,NaN,NaN,NaN,1785781861.61231,14501.98651644,2.49093508720398,0.0183348655700684,0.238490581512451,0.896737813949585,1.48505878448486,1.71282839775085,1.75516176223755,1.75516176223755,-1,-1,2.00593638420105,220.155715942383,227.769613265991,42.3333644866943,270.102977752686,Instruction,Right,Left,Right,Right,Right,1,0,0,0,0,NaN,NaN,NaN,NaN,NaN,NaN,NaN,NaN,1,1,1,1,1,0,550,NaN,20260803_t1352_srsSmooth_Moretraining_B007,7,NaN,38.3921507914861,1.31002855300903,NaN,NaN,NaN,0,NaN,NaN,NaN,NaN,0
20260803_t1352_srsSmooth_Moretraining,srs_smooth_Moretraining,trial0718.mat,718,718,550,7,9,7,74,24,50,8,1,0,4,1,46,16291,1,2,1,2,1,1,2,2,0,0,,0,11,0,1,2,0,0,0,168,99,168,99,69,NaN,1,0,10,180,10,180,-170,170,NaN,NaN,NaN,1785781865.40865,14505.78277312,0.308596611022949,0.0138134956359863,0.250359296798706,-1,-1,-1,-1,-1,-1,-1,-1,236.54580116272,NaN,NaN,NaN,Instruction,Right,Left,None,Right,Left,1,0,0,0,0,NaN,NaN,NaN,NaN,NaN,NaN,NaN,NaN,1,1,0,1,0,0,550,NaN,20260803_t1352_srsSmooth_Moretraining_B007,NaN,NaN,38.4554230650266,1.30540132522583,NaN,NaN,NaN,0,NaN,NaN,NaN,NaN,0
20260803_t1352_srsSmooth_Moretraining,srs_smooth_Moretraining,trial0719.mat,719,719,550,7,10,7,74,24,50,8,1,0,1,1,5,14323,1,1,1,2,1,1,1,1,1,1,SINGLE_T1_CORRECT,10,455,1,0,5,0,0,0,189,91,189,91,98,189,1,0,180,10,180,10,170,170,NaN,NaN,NaN,1785781866.9596,14507.33388032,2.3768789768219,0.0129263401031494,0.2242591381073,0.732937812805176,1.30464458465576,1.56602621078491,1.60514712333679,1.60514712333679,-1,-1,1.8568320274353,211.33279800415,261.38162612915,39.1209125518799,300.50253868103,Instruction,Right,Left,Right,Right,Right,1,0,0,0,0,NaN,NaN,NaN,NaN,NaN,NaN,NaN,NaN,1,1,1,1,1,0,551,NaN,20260803_t1352_srsSmooth_Moretraining_B007,8,NaN,38.4812721848488,1.24235057830811,NaN,NaN,NaN,0,NaN,NaN,NaN,NaN,0
20260803_t1352_srsSmooth_Moretraining,srs_smooth_Moretraining,trial0720.mat,720,720,551,7,11,8,74,24,50,8,1,0,3,1,32,863,1,2,2,1,1,2,2,1,2,1,SINGLE_T2_CORRECT,11,455,1,0,7,0,0,0,171,132,171,132,39,132,1,0,10,180,10,180,-170,170,NaN,NaN,NaN,1785781870.62145,14510.99551748,2.45655751228333,0.0178840160369873,0.146162271499634,0.888011693954468,1.43460559844971,1.72085666656494,1.76300311088562,1.76300311088562,-1,-1,2.01669907569885,128.278255462646,286.251068115234,42.1464443206787,328.397512435913,Instruction,Left,Right,Right,Left,Right,1,0,0,0,0,NaN,NaN,NaN,NaN,NaN,NaN,NaN,NaN,0,0,1,1,0,0,552,NaN,20260803_t1352_srsSmooth_Moretraining_B007,9,NaN,38.5423030575116,1.28497338294983,NaN,NaN,NaN,0,NaN,NaN,NaN,NaN,0
20260803_t1352_srsSmooth_Moretraining,srs_smooth_Moretraining,trial0721.mat,721,721,552,7,12,9,74,24,50,8,1,0,2,1,19,16982,1,1,2,1,1,2,1,2,1,2,SINGLE_T1_CORRECT,10,455,1,0,5,0,0,0,166,103,166,103,63,166,1,180,0,190,180,10,170,170,NaN,NaN,NaN,1785781874.47039,14514.8443322,2.08256053924561,0.0190994739532471,0.280790328979492,0.820483207702637,1.17747855186462,1.33005595207214,1.36997961997986,1.36997961997986,-1,-1,1.61436033248901,261.690855026245,152.57740020752,39.9236679077148,192.501068115234,Instruction,Left,Right,Left,Left,Left,1,0,0,0,0,NaN,NaN,NaN,NaN,NaN,NaN,NaN,NaN,0,0,0,1,1,0,553,NaN,20260803_t1352_srsSmooth_Moretraining_B007,10,NaN,38.6064519643784,1.39237689971924,NaN,NaN,NaN,0,NaN,NaN,NaN,NaN,0
20260803_t1352_srsSmooth_Moretraining,srs_smooth_Moretraining,trial0722.mat,722,722,553,7,13,10,74,24,50,8,1,0,2,1,24,13276,1,1,2,1,1,2,1,2,0,0,,0,11,0,1,1,0,0,0,191,101,191,101,90,NaN,1,0,180,10,180,10,170,170,NaN,NaN,NaN,1785781877.88279,14518.25670256,1.40320563316345,0.0151660442352295,0.276586055755615,0.832762956619263,-1,-1,-1,-1,-1,-1,-1,261.420011520386,NaN,NaN,NaN,Instruction,Left,Right,None,Left,Left,1,0,0,0,0,NaN,NaN,NaN,NaN,NaN,NaN,NaN,NaN,0,0,0,1,1,0,553,NaN,20260803_t1352_srsSmooth_Moretraining_B007,NaN,NaN,38.6633253018061,1.3298397064209,NaN,NaN,NaN,0,NaN,NaN,NaN,NaN,0
20260803_t1352_srsSmooth_Moretraining,srs_smooth_Moretraining,trial0723.mat,723,723,553,7,14,10,74,24,50,8,1,0,1,1,4,652,1,1,1,2,1,1,1,1,1,1,,0,11,0,1,4,0,0,0,190,113,190,113,77,190,1,0,180,10,180,10,170,170,NaN,NaN,NaN,1785781880.48863,14520.86242168,1.85597276687622,0.0177528858184814,0.196180820465088,0.929407596588135,1.52614569664001,1.55472445487976,1.59426236152649,1.59426236152649,-1,-1,-1,178.427934646606,28.5787582397461,39.5379066467285,68.1166648864746,Instruction,Right,Left,Right,Right,Right,1,0,0,0,0,NaN,NaN,NaN,NaN,NaN,NaN,NaN,NaN,1,1,1,1,1,0,553,NaN,20260803_t1352_srsSmooth_Moretraining_B007,NaN,NaN,38.7067561070124,1.20264267921448,NaN,NaN,NaN,0,NaN,NaN,NaN,NaN,0
20260803_t1352_srsSmooth_Moretraining,srs_smooth_Moretraining,trial0726.mat,726,726,553,7,17,10,74,24,50,8,1,0,4,1,46,16291,1,2,1,2,1,1,2,2,2,2,SINGLE_T2_CORRECT,11,455,1,0,3,0,0,0,195,110,195,110,85,110,1,0,10,180,10,180,-170,170,NaN,NaN,NaN,1785781886.62323,14526.99694728,2.17222476005554,0.0167293548583984,0.253340244293213,0.803622245788574,1.25011157989502,1.46097874641418,1.49230599403381,1.49230599403381,-1,-1,1.76412510871887,236.610889434814,210.867166519165,31.3272476196289,242.194414138794,Instruction,Right,Left,Left,Right,Left,1,0,0,0,0,NaN,NaN,NaN,NaN,NaN,NaN,NaN,NaN,1,1,0,1,0,0,554,NaN,20260803_t1352_srsSmooth_Moretraining_B007,11,NaN,38.8089993834496,4.2786238193512,NaN,NaN,NaN,0,NaN,NaN,NaN,NaN,0
20260803_t1352_srsSmooth_Moretraining,srs_smooth_Moretraining,trial0727.mat,727,727,554,7,18,11,74,24,50,8,1,0,4,1,45,1516,1,2,1,2,1,1,2,2,2,2,SINGLE_T2_CORRECT,11,455,1,0,5,0,0,0,172,108,172,108,64,108,1,180,190,0,10,180,-170,170,NaN,NaN,NaN,1785781890.09463,14530.46838728,2.47645258903503,0.012129545211792,0.256860733032227,0.971418619155884,1.55385637283325,1.71535158157349,1.76543140411377,1.76543140411377,-1,-1,2.03929686546326,244.731187820435,161.495208740234,50.0798225402832,211.575031280518,Instruction,Right,Left,Left,Right,Left,1,0,0,0,0,NaN,NaN,NaN,NaN,NaN,NaN,NaN,NaN,1,1,0,1,0,0,555,NaN,20260803_t1352_srsSmooth_Moretraining_B007,12,NaN,38.8668560822805,1.2991771697998,NaN,NaN,NaN,0,NaN,NaN,NaN,NaN,0
20260803_t1352_srsSmooth_Moretraining,srs_smooth_Moretraining,trial0728.mat,728,728,555,7,19,12,74,24,50,8,1,0,4,1,44,1013,1,2,1,2,1,1,2,2,2,2,SINGLE_T2_CORRECT,11,455,1,0,6,0,0,0,184,89,184,89,95,89,1,180,190,0,10,180,-170,170,NaN,NaN,NaN,1785781893.85945,14534.23314536,2.38596153259277,0.0141243934631348,0.21747088432312,0.975693941116333,1.48084807395935,1.67551517486572,1.71552133560181,1.71552133560181,-1,-1,1.96754717826843,203.346490859985,194.667100906372,40.006160736084,234.673261642456,Instruction,Right,Left,Left,Right,Left,1,0,0,0,0,NaN,NaN,NaN,NaN,NaN,NaN,NaN,NaN,1,1,0,1,0,0,556,NaN,20260803_t1352_srsSmooth_Moretraining_B007,13,NaN,38.9296030839284,1.28836750984192,NaN,NaN,NaN,0,NaN,NaN,NaN,NaN,0
20260803_t1352_srsSmooth_Moretraining,srs_smooth_Moretraining,trial0729.mat,729,729,556,7,20,13,74,24,50,8,1,0,1,1,10,21378,1,1,1,2,1,1,1,1,1,1,SINGLE_T1_CORRECT,10,455,1,0,5,0,0,0,199,91,199,91,108,199,1,0,180,10,180,10,170,170,NaN,NaN,NaN,1785781897.57622,14537.949756,2.54520750045776,0.0141665935516357,0.242407083511353,0.958877563476562,1.45588946342468,1.72560429573059,1.76702380180359,1.76702380180359,-1,-1,2.00946569442749,228.240489959717,269.714832305908,41.419506072998,311.134338378906,Instruction,Right,Left,Right,Right,Right,1,0,0,0,0,NaN,NaN,NaN,NaN,NaN,NaN,NaN,NaN,1,1,1,1,1,0,557,NaN,20260803_t1352_srsSmooth_Moretraining_B007,14,NaN,38.9915492455165,1.33080816268921,NaN,NaN,NaN,0,NaN,NaN,NaN,NaN,0
20260803_t1352_srsSmooth_Moretraining,srs_smooth_Moretraining,trial0730.mat,730,730,557,7,21,14,74,24,50,8,1,0,1,1,2,30393,1,1,1,2,1,1,1,1,1,1,SINGLE_T1_CORRECT,10,455,1,0,5,0,0,0,198,89,198,89,109,198,1,180,0,190,180,10,170,170,NaN,NaN,NaN,1785781901.45548,14541.82895048,2.70650601387024,0.0183944702148438,0.254878520965576,1.04668569564819,1.58512377738953,1.86340355873108,1.90295505523682,1.90295505523682,-1,-1,2.1893355846405,236.484050750732,278.279781341553,39.5514965057373,317.83127784729,Instruction,Right,Left,Right,Right,Right,1,0,0,0,0,NaN,NaN,NaN,NaN,NaN,NaN,NaN,NaN,1,1,1,1,1,0,558,NaN,20260803_t1352_srsSmooth_Moretraining_B007,15,NaN,39.0562035322189,1.33404970169067,NaN,NaN,NaN,0,NaN,NaN,NaN,NaN,0
20260803_t1352_srsSmooth_Moretraining,srs_smooth_Moretraining,trial0731.mat,731,731,558,7,22,15,74,24,50,8,1,0,1,1,6,1724,1,1,1,2,1,1,1,1,1,1,SINGLE_T1_CORRECT,10,455,1,0,6,0,0,0,194,94,194,94,100,194,1,0,180,10,180,10,170,170,NaN,NaN,NaN,1785781905.44255,14545.81593872,2.66183400154114,0.0148138999938965,0.21809720993042,0.968106269836426,1.57320857048035,1.80959486961365,1.85095238685608,1.85095238685608,-1,-1,2.1351478099823,203.283309936523,236.386299133301,41.3575172424316,277.743816375732,Instruction,Right,Left,Right,Right,Right,1,0,0,0,0,NaN,NaN,NaN,NaN,NaN,NaN,NaN,NaN,1,1,1,1,1,0,559,NaN,20260803_t1352_srsSmooth_Moretraining_B007,16,NaN,39.1226547082265,1.28056454658508,NaN,NaN,NaN,0,NaN,NaN,NaN,NaN,0
20260803_t1352_srsSmooth_Moretraining,srs_smooth_Moretraining,trial0732.mat,732,732,559,7,23,16,74,24,50,8,1,0,1,1,8,26953,1,1,1,2,1,1,1,1,1,1,SINGLE_T1_CORRECT,10,455,1,0,5,0,0,0,192,90,192,90,102,192,1,0,180,10,180,10,170,170,NaN,NaN,NaN,1785781909.42859,14549.80198948,2.43398642539978,0.0122642517089844,0.248508453369141,0.907278776168823,1.3539834022522,1.59043169021606,1.6297652721405,1.6297652721405,-1,-1,1.94022846221924,236.244201660156,236.448287963867,39.3335819244385,275.781869888306,Instruction,Right,Left,Right,Right,Right,1,0,0,0,0,NaN,NaN,NaN,NaN,NaN,NaN,NaN,NaN,1,1,1,1,1,0,560,NaN,20260803_t1352_srsSmooth_Moretraining_B007,17,NaN,39.1890887022018,1.32420563697815,NaN,NaN,NaN,0,NaN,NaN,NaN,NaN,0
20260803_t1352_srsSmooth_Moretraining,srs_smooth_Moretraining,trial0733.mat,733,733,560,7,24,17,74,24,50,8,1,0,4,1,49,10957,1,2,1,2,1,1,2,2,0,0,,0,11,0,1,2,0,0,0,184,120,184,120,64,NaN,1,0,10,180,10,180,-170,170,NaN,NaN,NaN,1785781913.15326,14553.52652068,1.2917902469635,0.0127360820770264,0.130495548248291,0.691075325012207,-1,-1,-1,-1,-1,-1,-1,117.759466171265,NaN,NaN,NaN,Instruction,Right,Left,None,Right,Left,1,0,0,0,0,NaN,NaN,NaN,NaN,NaN,NaN,NaN,NaN,1,1,0,1,0,0,560,NaN,20260803_t1352_srsSmooth_Moretraining_B007,NaN,NaN,39.2511666019758,1.29068756103516,NaN,NaN,NaN,0,NaN,NaN,NaN,NaN,0
20260803_t1352_srsSmooth_Moretraining,srs_smooth_Moretraining,trial0734.mat,734,734,560,7,25,17,74,24,50,8,1,0,3,1,29,27685,1,2,2,1,1,2,2,1,2,1,SINGLE_T2_CORRECT,11,455,1,0,5,0,0,0,179,128,179,128,51,128,1,180,190,0,10,180,-170,170,NaN,NaN,NaN,1785781915.64403,14556.01720112,2.32689237594604,0.0137388706207275,0.275407075881958,0.866744041442871,1.37212610244751,1.60882782936096,1.64933061599731,1.64933061599731,-1,-1,1.88312602043152,261.66820526123,236.701726913452,40.5027866363525,277.204513549805,Instruction,Left,Right,Right,Left,Right,1,0,0,0,0,NaN,NaN,NaN,NaN,NaN,NaN,NaN,NaN,0,0,1,1,0,0,561,NaN,20260803_t1352_srsSmooth_Moretraining_B007,18,NaN,39.2926793058713,1.19897198677063,NaN,NaN,NaN,0,NaN,NaN,NaN,NaN,0
20260803_t1352_srsSmooth_Moretraining,srs_smooth_Moretraining,trial0735.mat,735,735,561,7,26,18,74,24,50,8,1,0,2,1,17,30031,1,1,2,1,1,2,1,2,1,2,SINGLE_T1_CORRECT,10,455,1,0,5,0,0,0,179,92,179,92,87,179,1,0,180,10,180,10,170,170,NaN,NaN,NaN,1785781919.29356,14559.66665276,2.36889123916626,0.0143513679504395,0.242430210113525,0.924012422561646,1.3394033908844,1.57598638534546,1.62610363960266,1.62610363960266,-1,-1,1.88950276374817,228.078842163086,236.58299446106,50.1172542572021,286.700248718262,Instruction,Left,Right,Left,Left,Left,1,0,0,0,0,NaN,NaN,NaN,NaN,NaN,NaN,NaN,NaN,0,0,0,1,1,0,562,NaN,20260803_t1352_srsSmooth_Moretraining_B007,19,NaN,39.3535048166911,1.32263827323914,NaN,NaN,NaN,0,NaN,NaN,NaN,NaN,0
20260803_t1352_srsSmooth_Moretraining,srs_smooth_Moretraining,trial0736.mat,736,736,562,7,27,19,74,24,50,8,1,0,4,1,41,20463,1,2,1,2,1,1,2,2,2,2,SINGLE_T2_CORRECT,11,455,1,0,4,0,0,0,182,93,182,93,89,93,1,0,10,180,10,180,-170,170,NaN,NaN,NaN,1785781922.98238,14563.35539748,2.22350788116455,0.0173420906066895,0.218472003936768,0.762443065643311,1.24239110946655,1.47909426689148,1.5185854434967,1.5185854434967,-1,-1,1.79515838623047,201.129913330078,236.703157424927,39.4911766052246,276.194334030151,Instruction,Right,Left,Left,Right,Left,1,0,0,0,0,NaN,NaN,NaN,NaN,NaN,NaN,NaN,NaN,1,1,0,1,0,0,563,NaN,20260803_t1352_srsSmooth_Moretraining_B007,20,NaN,39.4149851878484,1.31993103027344,NaN,NaN,NaN,0,NaN,NaN,NaN,NaN,0
20260803_t1352_srsSmooth_Moretraining,srs_smooth_Moretraining,trial0737.mat,737,737,563,7,28,20,74,24,50,8,1,0,3,1,33,428,1,2,2,1,1,2,2,1,2,1,SINGLE_T2_CORRECT,11,455,1,0,6,0,0,0,175,77,175,77,98,77,1,180,190,0,10,180,-170,170,NaN,NaN,NaN,1785781926.51381,14566.8867482,2.56672620773315,0.0110476016998291,0.264085531234741,0.906035184860229,1.53610777854919,1.78951215744019,1.82909083366394,1.82909083366394,-1,-1,2.14476728439331,253.037929534912,253.404378890991,39.5786762237549,292.983055114746,Instruction,Left,Right,Right,Left,Right,1,0,0,0,0,NaN,NaN,NaN,NaN,NaN,NaN,NaN,NaN,0,0,1,1,0,0,564,NaN,20260803_t1352_srsSmooth_Moretraining_B007,21,NaN,39.473842394352,1.30792450904846,NaN,NaN,NaN,0,NaN,NaN,NaN,NaN,0
20260803_t1352_srsSmooth_Moretraining,srs_smooth_Moretraining,trial0738.mat,738,738,564,7,29,21,74,24,50,8,1,0,2,1,15,14313,1,1,2,1,1,2,1,2,1,2,SINGLE_T1_CORRECT,10,455,1,0,7,0,0,0,186,118,186,118,68,186,1,0,180,10,180,10,170,170,NaN,NaN,NaN,1785781930.41329,14570.78613576,2.47453546524048,0.0117182731628418,0.248353004455566,0.981596946716309,1.32010340690613,1.57327795028687,1.61486959457397,1.61486959457397,-1,-1,1.9313325881958,236.634731292725,253.174543380737,41.5916442871094,294.766187667847,Instruction,Left,Right,Left,Left,Left,1,0,0,0,0,NaN,NaN,NaN,NaN,NaN,NaN,NaN,NaN,0,0,0,1,1,0,565,NaN,20260803_t1352_srsSmooth_Moretraining_B007,22,NaN,39.5388337810834,1.33275699615479,NaN,NaN,NaN,0,NaN,NaN,NaN,NaN,0
20260803_t1352_srsSmooth_Moretraining,srs_smooth_Moretraining,trial0739.mat,739,739,565,7,30,22,74,24,50,8,1,0,2,1,24,13276,1,1,2,1,1,2,1,2,1,2,SINGLE_T1_CORRECT,10,455,1,0,4,0,0,0,193,82,193,82,111,193,1,180,0,190,180,10,170,170,NaN,NaN,NaN,1785781934.22708,14574.59976504,2.57834339141846,0.0147485733032227,0.276355266571045,0.909764289855957,1.52314162254333,1.7244279384613,1.7676203250885,1.7676203250885,-1,-1,2.04920268058777,261.606693267822,201.286315917969,43.1923866271973,244.478702545166,Instruction,Left,Right,Left,Left,Left,1,0,0,0,0,NaN,NaN,NaN,NaN,NaN,NaN,NaN,NaN,0,0,0,1,1,0,566,NaN,20260803_t1352_srsSmooth_Moretraining_B007,23,NaN,39.6023968974749,1.33925151824951,NaN,NaN,NaN,0,NaN,NaN,NaN,NaN,0
20260803_t1352_srsSmooth_Moretraining,srs_smooth_Moretraining,trial0740.mat,740,740,566,7,31,23,74,24,50,8,1,0,2,1,16,29462,1,1,2,1,1,2,1,2,1,2,SINGLE_T1_CORRECT,10,455,1,0,5,0,0,0,184,87,184,87,97,184,1,0,180,10,180,10,170,170,NaN,NaN,NaN,1785781938.12913,14578.50187296,2.50251698493958,0.0128545761108398,0.24089241027832,0.966413259506226,1.47957992553711,1.73295736312866,1.77221393585205,1.77221393585205,-1,-1,2.0089795589447,228.03783416748,253.377437591553,39.2565727233887,292.634010314941,Instruction,Left,Right,Left,Left,Left,1,0,0,0,0,NaN,NaN,NaN,NaN,NaN,NaN,NaN,NaN,0,0,0,1,1,0,567,NaN,20260803_t1352_srsSmooth_Moretraining_B007,24,NaN,39.6674310088158,1.32370328903198,NaN,NaN,NaN,0,NaN,NaN,NaN,NaN,0
20260803_t1352_srsSmooth_Moretraining,srs_smooth_Moretraining,trial0741.mat,741,741,567,7,32,24,74,24,50,8,1,0,2,1,13,8722,1,1,2,1,1,2,1,2,1,2,SINGLE_T1_CORRECT,10,455,1,0,0,0,0,0,169,101,169,101,68,169,1,180,0,190,180,10,170,170,NaN,NaN,NaN,1785781941.96413,14582.3366462,2.19157266616821,0.0113339424133301,0.231027841567993,0.831358432769775,1.16971278190613,1.38909435272217,1.42040610313416,1.42040610313416,-1,-1,1.72288703918457,219.693899154663,219.38157081604,31.3117504119873,250.693321228027,Instruction,Left,Right,Left,Left,Left,1,0,0,0,0,NaN,NaN,NaN,NaN,NaN,NaN,NaN,NaN,0,0,0,1,1,0,568,NaN,20260803_t1352_srsSmooth_Moretraining_B007,25,NaN,39.7313477754593,1.33248901367188,NaN,NaN,NaN,0,NaN,NaN,NaN,NaN,0
20260803_t1352_srsSmooth_Moretraining,srs_smooth_Moretraining,trial0742.mat,742,742,568,7,33,25,74,24,50,8,1,0,3,1,31,16842,1,2,2,1,1,2,2,1,2,1,SINGLE_T2_CORRECT,11,455,1,0,3,0,0,0,171,92,171,92,79,92,1,180,190,0,10,180,-170,170,NaN,NaN,NaN,1785781945.47626,14585.84889016,2.19568681716919,0.0160126686096191,0.233855485916138,0.877575635910034,1.28272867202759,1.53530764579773,1.57535314559937,1.57535314559937,-1,-1,1.80282211303711,217.842817306519,252.578973770142,40.0454998016357,292.624473571777,Instruction,Left,Right,Right,Left,Right,1,0,0,0,0,NaN,NaN,NaN,NaN,NaN,NaN,NaN,NaN,0,0,1,1,0,0,569,NaN,20260803_t1352_srsSmooth_Moretraining_B007,26,NaN,39.7898832281431,1.32055449485779,NaN,NaN,NaN,0,NaN,NaN,NaN,NaN,0
20260803_t1352_srsSmooth_Moretraining,srs_smooth_Moretraining,trial0743.mat,743,743,569,7,34,26,74,24,50,8,1,0,3,1,35,27987,1,2,2,1,1,2,2,1,2,1,SINGLE_T2_CORRECT,11,455,1,0,3,0,0,0,169,98,169,98,71,98,1,180,190,0,10,180,-170,170,NaN,NaN,NaN,1785781949.01196,14589.38431184,2.24378323554993,0.0137898921966553,0.191970348358154,0.831714868545532,1.28050684928894,1.54857206344604,1.58971166610718,1.58971166610718,-1,-1,1.80906677246094,178.180456161499,268.065214157104,41.1396026611328,309.204816818237,Instruction,Left,Right,Right,Left,Right,1,0,0,0,0,NaN,NaN,NaN,NaN,NaN,NaN,NaN,NaN,0,0,1,1,0,0,570,NaN,20260803_t1352_srsSmooth_Moretraining_B007,27,NaN,39.8488114754359,1.340008020401,NaN,NaN,NaN,0,NaN,NaN,NaN,NaN,0
20260803_t1352_srsSmooth_Moretraining,srs_smooth_Moretraining,trial0744.mat,744,744,570,7,35,27,74,24,50,8,1,0,4,1,38,7579,1,2,1,2,1,1,2,2,2,2,SINGLE_T2_CORRECT,11,455,1,0,4,0,0,0,185,86,185,86,99,86,1,0,10,180,10,180,-170,170,NaN,NaN,NaN,1785781952.58031,14592.95278484,2.27589893341064,0.0122485160827637,0.240523099899292,0.84005069732666,1.30396628379822,1.55685424804688,1.59679865837097,1.59679865837097,-1,-1,1.85527086257935,228.274583816528,252.887964248657,39.9444103240967,292.832374572754,Instruction,Right,Left,Left,Right,Left,1,0,0,0,0,NaN,NaN,NaN,NaN,NaN,NaN,NaN,NaN,1,1,0,1,0,0,571,NaN,20260803_t1352_srsSmooth_Moretraining_B007,28,NaN,39.9082839687665,1.32456636428833,NaN,NaN,NaN,0,NaN,NaN,NaN,NaN,0
20260803_t1352_srsSmooth_Moretraining,srs_smooth_Moretraining,trial0745.mat,745,745,571,7,36,28,74,24,50,8,1,0,3,1,36,28087,1,2,2,1,1,2,2,1,2,1,SINGLE_T2_CORRECT,11,455,1,0,4,0,0,0,176,91,176,91,85,91,1,0,10,180,10,180,-170,170,NaN,NaN,NaN,1785781956.16454,14596.53697264,2.26626682281494,0.0114896297454834,0.214765548706055,0.898278713226318,1.28654050827026,1.51331734657288,1.54536080360413,1.54536080360413,-1,-1,1.85499382019043,203.275918960571,226.776838302612,32.04345703125,258.820295333862,Instruction,Left,Right,Right,Left,Right,1,0,0,0,0,NaN,NaN,NaN,NaN,NaN,NaN,NaN,NaN,0,0,1,1,0,0,572,NaN,20260803_t1352_srsSmooth_Moretraining_B007,29,NaN,39.9680211941401,1.30833458900452,NaN,NaN,NaN,0,NaN,NaN,NaN,NaN,0
20260803_t1352_srsSmooth_Moretraining,srs_smooth_Moretraining,trial0746.mat,746,746,572,7,37,29,74,24,50,8,1,0,4,1,42,16540,1,2,1,2,1,1,2,2,2,2,SINGLE_T2_CORRECT,11,455,1,0,6,0,0,0,177,89,177,89,88,89,1,0,10,180,10,180,-170,170,NaN,NaN,NaN,1785781959.72493,14600.09718372,2.33919262886047,0.0179100036621094,0.237602472305298,0.954387187957764,1.42629909515381,1.64601826667786,1.68790197372437,1.68790197372437,-1,-1,1.91330814361572,219.692468643188,219.719171524048,41.8837070465088,261.602878570557,Instruction,Right,Left,Left,Right,Left,1,0,0,0,0,NaN,NaN,NaN,NaN,NaN,NaN,NaN,NaN,1,1,0,1,0,0,573,NaN,20260803_t1352_srsSmooth_Moretraining_B007,30,NaN,40.0273609876633,1.29412078857422,NaN,NaN,NaN,0,NaN,NaN,NaN,NaN,0
20260803_t1352_srsSmooth_Moretraining,srs_smooth_Moretraining,trial0748.mat,748,748,573,7,39,30,74,24,50,8,1,0,1,1,11,8379,1,1,1,2,1,1,1,1,1,1,SINGLE_T1_CORRECT,10,455,1,0,3,0,0,0,190,107,190,107,83,190,1,180,0,190,180,10,170,170,NaN,NaN,NaN,1785781964.92259,14605.29468196,2.42561340332031,0.0121316909790039,0.231718063354492,0.746474027633667,1.35383772850037,1.615394115448,1.65611934661865,1.65611934661865,-1,-1,1.93472123146057,219.586372375488,261.556386947632,40.7252311706543,302.281618118286,Instruction,Right,Left,Right,Right,Right,1,0,0,0,0,NaN,NaN,NaN,NaN,NaN,NaN,NaN,NaN,1,1,1,1,1,0,574,NaN,20260803_t1352_srsSmooth_Moretraining_B007,31,NaN,40.1139887253443,2.85847163200378,NaN,NaN,NaN,0,NaN,NaN,NaN,NaN,0
20260803_t1352_srsSmooth_Moretraining,srs_smooth_Moretraining,trial0749.mat,749,749,574,7,40,31,74,24,50,8,1,0,2,1,14,28162,1,1,2,1,1,2,1,2,1,2,SINGLE_T1_CORRECT,10,455,1,0,6,0,0,0,169,95,169,95,74,169,1,180,0,190,180,10,170,170,NaN,NaN,NaN,1785781968.63802,14609.01010488,2.25219297409058,0.0135033130645752,0.224581718444824,0.807900428771973,1.26355242729187,1.4503927230835,1.4898943901062,1.4898943901062,-1,-1,1.74922037124634,211.078405380249,186.840295791626,39.5016670227051,226.341962814331,Instruction,Left,Right,Left,Left,Left,1,0,0,0,0,NaN,NaN,NaN,NaN,NaN,NaN,NaN,NaN,0,0,0,1,1,0,575,NaN,20260803_t1352_srsSmooth_Moretraining_B007,32,NaN,40.1759125351906,1.28981518745422,NaN,NaN,NaN,0,NaN,NaN,NaN,NaN,0
20260803_t1352_srsSmooth_Moretraining,srs_smooth_Moretraining,trial0750.mat,750,750,575,7,41,32,74,24,50,8,1,0,3,1,34,22078,1,2,2,1,1,2,2,1,2,1,SINGLE_T2_CORRECT,11,455,1,0,7,0,0,0,185,98,185,98,87,98,1,180,190,0,10,180,-170,170,NaN,NaN,NaN,1785781972.21722,14612.58925428,2.31516456604004,0.0177755355834961,0.237763166427612,0.97136116027832,1.30949354171753,1.57113552093506,1.6127507686615,1.6127507686615,-1,-1,1.88796782493591,219.987630844116,261.641979217529,41.6152477264404,303.25722694397,Instruction,Left,Right,Right,Left,Right,1,0,0,0,0,NaN,NaN,NaN,NaN,NaN,NaN,NaN,NaN,0,0,1,1,0,0,576,NaN,20260803_t1352_srsSmooth_Moretraining_B007,33,NaN,40.2355659127235,1.32700967788696,NaN,NaN,NaN,0,NaN,NaN,NaN,NaN,0
20260803_t1352_srsSmooth_Moretraining,srs_smooth_Moretraining,trial0751.mat,751,751,576,7,42,33,74,24,50,8,1,0,2,1,18,29322,1,1,2,1,1,2,1,2,1,2,SINGLE_T1_CORRECT,10,455,1,0,3,0,0,0,178,80,178,80,98,178,1,180,0,190,180,10,170,170,NaN,NaN,NaN,1785781975.82821,14616.20019168,2.07776761054993,0.0152657032012939,0.135229110717773,0.685225248336792,1.03197169303894,1.27672123908997,1.30826210975647,1.30826210975647,-1,-1,1.58307385444641,119.963407516479,244.749546051025,31.5408706665039,276.290416717529,Instruction,Left,Right,Left,Left,Left,1,0,0,0,0,NaN,NaN,NaN,NaN,NaN,NaN,NaN,NaN,0,0,0,1,1,0,577,NaN,20260803_t1352_srsSmooth_Moretraining_B007,34,NaN,40.2957490285238,1.29582238197327,NaN,NaN,NaN,0,NaN,NaN,NaN,NaN,0
20260803_t1352_srsSmooth_Moretraining,srs_smooth_Moretraining,trial0752.mat,752,752,577,7,43,34,74,24,50,8,1,0,2,1,21,3577,1,1,2,1,1,2,1,2,1,2,SINGLE_T1_CORRECT,10,455,1,0,4,0,0,0,190,78,190,78,112,190,1,180,0,190,180,10,170,170,NaN,NaN,NaN,1785781979.22831,14619.60014032,2.32393336296082,0.0152978897094727,0.234831094741821,0.876678943634033,1.32368278503418,1.52687501907349,1.56868600845337,1.56868600845337,-1,-1,1.82570719718933,219.533205032349,203.192234039307,41.8109893798828,245.003223419189,Instruction,Left,Right,Left,Left,Left,1,0,0,0,0,NaN,NaN,NaN,NaN,NaN,NaN,NaN,NaN,0,0,0,1,1,0,578,NaN,20260803_t1352_srsSmooth_Moretraining_B007,35,NaN,40.3524173895518,1.3223340511322,NaN,NaN,NaN,0,NaN,NaN,NaN,NaN,0
20260803_t1352_srsSmooth_Moretraining,srs_smooth_Moretraining,trial0753.mat,753,753,578,7,44,35,74,24,50,8,1,0,3,1,26,32766,1,2,2,1,1,2,2,1,2,1,SINGLE_T2_CORRECT,11,455,1,0,5,0,0,0,177,94,177,94,83,94,1,0,10,180,10,180,-170,170,NaN,NaN,NaN,1785781982.85519,14623.22709596,2.35278797149658,0.0135586261749268,0.216821193695068,0.783477306365967,1.35527873039246,1.57515525817871,1.61463475227356,1.61463475227356,-1,-1,1.91466808319092,203.262567520142,219.876527786255,39.4794940948486,259.356021881104,Instruction,Left,Right,Right,Left,Right,1,0,0,0,0,NaN,NaN,NaN,NaN,NaN,NaN,NaN,NaN,0,0,1,1,0,0,579,NaN,20260803_t1352_srsSmooth_Moretraining_B007,36,NaN,40.4128654440244,1.30294990539551,NaN,NaN,NaN,0,NaN,NaN,NaN,NaN,0
20260803_t1352_srsSmooth_Moretraining,srs_smooth_Moretraining,trial0754.mat,754,754,579,7,45,36,74,24,50,8,1,0,4,1,49,10957,1,2,1,2,1,1,2,2,2,2,SINGLE_T2_CORRECT,11,455,1,0,3,0,0,0,187,82,187,82,105,82,1,180,190,0,10,180,-170,170,NaN,NaN,NaN,1785781986.54257,14626.91428768,2.36653828620911,0.0179998874664307,0.218602418899536,0.935877561569214,1.45972371101379,1.67776846885681,1.71096229553223,1.71096229553223,-1,-1,1.97550177574158,200.602531433105,218.044757843018,33.193826675415,251.238584518433,Instruction,Right,Left,Left,Right,Left,1,0,0,0,0,NaN,NaN,NaN,NaN,NaN,NaN,NaN,NaN,1,1,0,1,0,0,580,NaN,20260803_t1352_srsSmooth_Moretraining_B007,37,NaN,40.4743216395378,1.33458375930786,NaN,NaN,NaN,0,NaN,NaN,NaN,NaN,0
20260803_t1352_srsSmooth_Moretraining,srs_smooth_Moretraining,trial0755.mat,755,755,580,7,46,37,74,24,50,8,1,0,4,1,50,13874,1,2,1,2,1,1,2,2,0,0,,0,11,0,1,1,0,0,0,183,92,183,92,91,NaN,1,0,10,180,10,180,-170,170,NaN,NaN,NaN,1785781990.24237,14630.61393444,0.546890020370483,0.0183472633361816,0.195883750915527,-1,-1,-1,-1,-1,-1,-1,-1,177.536487579346,NaN,NaN,NaN,Instruction,Right,Left,None,Right,Left,1,0,0,0,0,NaN,NaN,NaN,NaN,NaN,NaN,NaN,NaN,1,1,0,1,0,0,580,NaN,20260803_t1352_srsSmooth_Moretraining_B007,NaN,NaN,40.5359849691391,1.33326148986816,NaN,NaN,NaN,0,NaN,NaN,NaN,NaN,0
20260803_t1352_srsSmooth_Moretraining,srs_smooth_Moretraining,trial0756.mat,756,756,580,7,47,37,74,24,50,8,1,0,1,1,1,31660,1,1,1,2,1,1,1,1,1,1,SINGLE_T1_CORRECT,10,455,1,0,4,0,0,0,166,109,166,109,57,166,1,0,180,10,180,10,170,170,NaN,NaN,NaN,1785781992.03691,14632.40851304,2.31367588043213,0.0155360698699951,0.209996938705444,0.741755247116089,1.29892134666443,1.55249094963074,1.59137558937073,1.59137558937073,-1,-1,1.81774473190308,194.460868835449,253.569602966309,38.8846397399902,292.454242706299,Instruction,Right,Left,Right,Right,Right,1,0,0,0,0,NaN,NaN,NaN,NaN,NaN,NaN,NaN,NaN,1,1,1,1,1,0,581,NaN,20260803_t1352_srsSmooth_Moretraining_B007,38,NaN,40.5658940990766,1.24765777587891,NaN,NaN,NaN,0,NaN,NaN,NaN,NaN,0
20260803_t1352_srsSmooth_Moretraining,srs_smooth_Moretraining,trial0757.mat,757,757,581,7,48,38,74,24,50,8,1,0,1,1,12,22151,1,1,1,2,1,1,1,1,1,1,SINGLE_T1_CORRECT,10,455,1,0,6,0,0,0,194,107,194,107,87,194,1,0,180,10,180,10,170,170,NaN,NaN,NaN,1785781995.66136,14636.03277012,2.68094229698181,0.0162374973297119,0.208857774734497,0.969437837600708,1.56629943847656,1.80274081230164,1.84459018707275,1.84459018707275,-1,-1,2.15126466751099,192.620277404785,236.441373825073,41.8493747711182,278.290748596191,Instruction,Right,Left,Right,Right,Right,1,0,0,0,0,NaN,NaN,NaN,NaN,NaN,NaN,NaN,NaN,1,1,1,1,1,0,582,NaN,20260803_t1352_srsSmooth_Moretraining_B007,39,NaN,40.6263014793396,1.31076693534851,NaN,NaN,NaN,0,NaN,NaN,NaN,NaN,0
20260803_t1352_srsSmooth_Moretraining,srs_smooth_Moretraining,trial0758.mat,758,758,582,7,49,39,74,24,50,8,1,0,4,1,43,10304,1,2,1,2,1,1,2,2,0,0,,0,11,0,1,0,0,0,0,189,111,189,111,78,NaN,1,0,10,180,10,180,-170,170,NaN,NaN,NaN,1785781999.64153,14640.0131062,0.255133152008057,0.0112216472625732,0.197242021560669,-1,-1,-1,-1,-1,-1,-1,-1,186.020374298096,NaN,NaN,NaN,Instruction,Right,Left,None,Right,Left,1,0,0,0,0,NaN,NaN,NaN,NaN,NaN,NaN,NaN,NaN,1,1,0,1,0,0,582,NaN,20260803_t1352_srsSmooth_Moretraining_B007,NaN,NaN,40.6926377137502,1.29923176765442,NaN,NaN,NaN,0,NaN,NaN,NaN,NaN,0
20260803_t1352_srsSmooth_Moretraining,srs_smooth_Moretraining,trial0759.mat,759,759,582,7,50,39,74,24,50,8,1,0,3,1,37,24803,1,2,2,1,1,2,2,1,2,1,SINGLE_T2_CORRECT,11,455,1,0,4,0,0,0,166,100,166,100,66,100,1,0,10,180,10,180,-170,170,NaN,NaN,NaN,1785782001.14916,14641.52061436,2.35865831375122,0.0119869709014893,0.223630905151367,0.756627559661865,1.3203718662262,1.61519885063171,1.65503239631653,1.65503239631653,-1,-1,1.92991423606873,211.643934249878,294.826984405518,39.8335456848145,334.660530090332,Instruction,Left,Right,Right,Left,Right,1,0,0,0,0,NaN,NaN,NaN,NaN,NaN,NaN,NaN,NaN,0,0,1,1,0,0,583,NaN,20260803_t1352_srsSmooth_Moretraining_B007,40,NaN,40.7177648584048,1.25249552726746,NaN,NaN,NaN,0,NaN,NaN,NaN,NaN,0
20260803_t1352_srsSmooth_Moretraining,srs_smooth_Moretraining,trial0760.mat,760,760,583,7,51,40,74,24,50,8,1,0,4,1,50,13874,1,2,1,2,1,1,2,2,2,2,SINGLE_T2_CORRECT,11,455,1,0,3,0,0,0,203,68,203,68,135,68,1,0,10,180,10,180,-170,170,NaN,NaN,NaN,1785782004.80795,14645.17915196,1.94995379447937,0.0116729736328125,0.0963025093078613,0.639997959136963,1.00338006019592,1.24847984313965,1.28788757324219,1.28788757324219,-1,-1,1.57929468154907,84.6295356750488,245.099782943726,39.4077301025391,284.507513046265,Instruction,Right,Left,Left,Right,Left,1,0,0,0,0,NaN,NaN,NaN,NaN,NaN,NaN,NaN,NaN,1,1,0,1,0,0,584,NaN,20260803_t1352_srsSmooth_Moretraining_B007,41,NaN,40.7787447214127,1.30013346672058,NaN,NaN,NaN,0,NaN,NaN,NaN,NaN,0
20260803_t1352_srsSmooth_Moretraining,srs_smooth_Moretraining,trial0761.mat,761,761,584,7,52,41,74,24,50,8,1,0,4,1,48,28466,1,2,1,2,1,1,2,2,2,2,SINGLE_T2_CORRECT,11,455,1,0,5,0,0,0,172,83,172,83,89,83,1,180,190,0,10,180,-170,170,NaN,NaN,NaN,1785782008.02462,14648.3958578,2.04991292953491,0.0118026733398438,0.206284523010254,0.756656169891357,1.13684749603271,1.35682559013367,1.39614105224609,1.39614105224609,-1,-1,1.66543817520142,194.48184967041,219.978094100952,39.3154621124268,259.293556213379,Instruction,Right,Left,Left,Right,Left,1,0,0,0,0,NaN,NaN,NaN,NaN,NaN,NaN,NaN,NaN,1,1,0,1,0,0,585,NaN,20260803_t1352_srsSmooth_Moretraining_B007,42,NaN,40.8323558131854,1.26671171188354,NaN,NaN,NaN,0,NaN,NaN,NaN,NaN,0
20260803_t1352_srsSmooth_Moretraining,srs_smooth_Moretraining,trial0762.mat,762,762,585,7,53,42,74,24,50,8,1,0,4,1,43,10304,1,2,1,2,1,1,2,2,2,2,SINGLE_T2_CORRECT,11,455,1,0,6,0,0,0,180,75,180,75,105,75,1,180,190,0,10,180,-170,170,NaN,NaN,NaN,1785782011.41657,14651.78782208,2.12603330612183,0.0116477012634277,0.206287622451782,0.747897863388062,1.35336780548096,1.43160963058472,1.47295475006104,1.47295475006104,-1,-1,1.70489001274109,194.639921188354,78.2418251037598,41.3451194763184,119.586944580078,Instruction,Right,Left,Left,Right,Left,1,0,0,0,0,NaN,NaN,NaN,NaN,NaN,NaN,NaN,NaN,1,1,0,1,0,0,586,NaN,20260803_t1352_srsSmooth_Moretraining_B007,43,NaN,40.8888884266218,1.34204387664795,NaN,NaN,NaN,0,NaN,NaN,NaN,NaN,0
20260803_t1352_srsSmooth_Moretraining,srs_smooth_Moretraining,trial0763.mat,763,763,586,7,54,43,74,24,50,8,1,0,3,1,30,18908,1,2,2,1,1,2,2,1,2,1,SINGLE_T2_CORRECT,11,455,1,0,4,0,0,0,205,99,205,99,106,99,1,180,190,0,10,180,-170,170,NaN,NaN,NaN,1785782014.84803,14655.21901212,2.30287718772888,0.0136563777923584,0.155949831008911,0.708380460739136,1.30537533760071,1.53364419937134,1.57302498817444,1.57302498817444,-1,-1,1.86684155464172,142.293453216553,228.26886177063,39.3807888031006,267.64965057373,Instruction,Left,Right,Right,Left,Right,1,0,0,0,0,NaN,NaN,NaN,NaN,NaN,NaN,NaN,NaN,0,0,1,1,0,0,587,NaN,20260803_t1352_srsSmooth_Moretraining_B007,44,NaN,40.9460794329643,1.30542707443237,NaN,NaN,NaN,0,NaN,NaN,NaN,NaN,0
20260803_t1352_srsSmooth_Moretraining,srs_smooth_Moretraining,trial0764.mat,764,764,587,7,55,44,74,24,50,8,1,0,2,1,20,20495,1,1,2,1,1,2,1,2,0,0,,0,11,0,1,2,0,0,0,199,81,199,81,118,NaN,1,0,180,10,180,10,170,170,NaN,NaN,NaN,1785782018.45841,14658.82947116,0.832747459411621,0.0117549896240234,0.139278411865234,0.64839243888855,-1,-1,-1,-1,-1,-1,-1,127.523422241211,NaN,NaN,NaN,Instruction,Left,Right,None,Left,Left,1,0,0,0,0,NaN,NaN,NaN,NaN,NaN,NaN,NaN,NaN,0,0,0,1,1,0,587,NaN,20260803_t1352_srsSmooth_Moretraining_B007,NaN,NaN,41.0062524080276,1.30750131607056,NaN,NaN,NaN,0,NaN,NaN,NaN,NaN,0
20260803_t1352_srsSmooth_Moretraining,srs_smooth_Moretraining,trial0765.mat,765,765,587,7,56,44,74,24,50,8,1,0,2,1,22,467,1,1,2,1,1,2,1,2,0,0,,0,11,0,1,0,0,0,0,204,115,204,115,89,NaN,1,180,0,190,180,10,170,170,NaN,NaN,NaN,1785782020.51714,14660.88800616,0.644883871078491,0.0114443302154541,0.197858572006226,-1,-1,-1,-1,-1,-1,-1,-1,186.414241790771,NaN,NaN,NaN,Instruction,Left,Right,None,Left,Left,1,0,0,0,0,NaN,NaN,NaN,NaN,NaN,NaN,NaN,NaN,0,0,0,1,1,0,587,NaN,20260803_t1352_srsSmooth_Moretraining_B007,NaN,NaN,41.0405645171801,1.22597908973694,NaN,NaN,NaN,0,NaN,NaN,NaN,NaN,0
20260803_t1352_srsSmooth_Moretraining,srs_smooth_Moretraining,trial0766.mat,766,766,587,7,57,44,74,24,50,8,1,0,2,1,23,16168,1,1,2,1,1,2,1,2,1,2,SINGLE_T1_CORRECT,10,455,1,0,3,0,0,0,167,109,167,109,58,167,1,180,0,190,180,10,170,170,NaN,NaN,NaN,1785782022.38063,14662.7515848,2.28609848022461,0.0146970748901367,0.283502340316772,0.81587553024292,1.26474714279175,1.52595663070679,1.55766916275024,1.55766916275024,-1,-1,1.78975462913513,268.805265426636,261.209487915039,31.712532043457,292.922019958496,Instruction,Left,Right,Left,Left,Left,1,0,0,0,0,NaN,NaN,NaN,NaN,NaN,NaN,NaN,NaN,0,0,0,1,1,0,588,NaN,20260803_t1352_srsSmooth_Moretraining_B007,45,NaN,41.0716226379077,1.21860337257385,NaN,NaN,NaN,0,NaN,NaN,NaN,NaN,0
20260803_t1352_srsSmooth_Moretraining,srs_smooth_Moretraining,trial0767.mat,767,767,588,7,58,45,74,24,50,8,1,0,1,1,7,28065,1,1,1,2,1,1,1,1,1,1,SINGLE_T1_CORRECT,10,455,1,0,2,0,0,0,184,78,184,78,106,184,1,0,180,10,180,10,170,170,NaN,NaN,NaN,1785782025.99173,14666.36257864,2.46028566360474,0.0120718479156494,0.205067157745361,0.865264177322388,1.37045884132385,1.6134181022644,1.65657877922058,1.65657877922058,-1,-1,1.93788695335388,192.995309829712,242.959260940552,43.1606769561768,286.119937896729,Instruction,Right,Left,Right,Right,Right,1,0,0,0,0,NaN,NaN,NaN,NaN,NaN,NaN,NaN,NaN,1,1,1,1,1,0,589,NaN,20260803_t1352_srsSmooth_Moretraining_B007,46,NaN,41.1318076769511,1.32500386238098,NaN,NaN,NaN,0,NaN,NaN,NaN,NaN,0
20260803_t1352_srsSmooth_Moretraining,srs_smooth_Moretraining,trial0768.mat,768,768,589,7,59,46,74,24,50,8,1,0,2,1,20,20495,1,1,2,1,1,2,1,2,1,2,SINGLE_T1_CORRECT,10,455,1,0,3,0,0,0,186,98,186,98,88,186,1,0,180,10,180,10,170,170,NaN,NaN,NaN,1785782029.7588,14670.1296328,2.16651797294617,0.0118193626403809,0.131109476089478,0.690090894699097,1.12019610404968,1.33200478553772,1.37084794044495,1.37084794044495,-1,-1,1.663245677948,119.290113449097,211.808681488037,38.8431549072266,250.651836395264,Instruction,Left,Right,Left,Left,Left,1,0,0,0,0,NaN,NaN,NaN,NaN,NaN,NaN,NaN,NaN,0,0,0,1,1,0,590,NaN,20260803_t1352_srsSmooth_Moretraining_B007,47,NaN,41.1945921500524,1.30678272247314,NaN,NaN,NaN,0,NaN,NaN,NaN,NaN,0
20260803_t1352_srsSmooth_Moretraining,srs_smooth_Moretraining,trial0769.mat,769,769,590,7,60,47,74,24,50,8,1,0,2,1,22,467,1,1,2,1,1,2,1,2,1,2,SINGLE_T1_CORRECT,10,455,1,0,4,0,0,0,181,91,181,91,90,181,1,180,0,190,180,10,170,170,NaN,NaN,NaN,1785782033.23327,14673.60410388,2.43505167961121,0.0124814510345459,0.257043838500977,0.86532998085022,1.45420575141907,1.65732502937317,1.6989049911499,1.6989049911499,-1,-1,1.93689298629761,244.562387466431,203.119277954102,41.5799617767334,244.699239730835,Instruction,Left,Right,Left,Left,Left,1,0,0,0,0,NaN,NaN,NaN,NaN,NaN,NaN,NaN,NaN,0,0,0,1,1,0,591,NaN,20260803_t1352_srsSmooth_Moretraining_B007,48,NaN,41.2525000651677,1.30795693397522,NaN,NaN,NaN,0,NaN,NaN,NaN,NaN,0
20260803_t1352_srsSmooth_Moretraining,srs_smooth_Moretraining,trial0770.mat,770,770,591,7,61,48,74,24,50,8,1,0,1,1,4,652,1,1,1,2,1,1,1,1,1,1,SINGLE_T1_CORRECT,10,455,1,0,6,0,0,0,168,99,168,99,69,168,1,180,0,190,180,10,170,170,NaN,NaN,NaN,1785782036.99607,14677.36666392,2.52181959152222,0.0164966583251953,0.277932643890381,0.994830846786499,1.54989075660706,1.7441554069519,1.78672957420349,1.78672957420349,-1,-1,2.02196645736694,261.435985565186,194.264650344849,42.5741672515869,236.838817596436,Instruction,Right,Left,Right,Right,Right,1,0,0,0,0,NaN,NaN,NaN,NaN,NaN,NaN,NaN,NaN,1,1,1,1,1,0,592,NaN,20260803_t1352_srsSmooth_Moretraining_B007,49,NaN,41.3152134100596,1.32774901390076,NaN,NaN,NaN,0,NaN,NaN,NaN,NaN,0
20260803_t1352_srsSmooth_Moretraining,srs_smooth_Moretraining,trial0771.mat,771,771,592,7,62,49,74,24,50,8,1,0,3,1,27,9727,1,2,2,1,1,2,2,1,2,1,SINGLE_T2_CORRECT,11,455,1,0,6,0,0,0,196,121,196,121,75,121,1,0,10,180,10,180,-170,170,NaN,NaN,NaN,1785782040.86139,14681.23200708,2.27349853515625,0.0180013179779053,0.229604482650757,0.771544218063354,1.33472037315369,1.5464072227478,1.58762311935425,1.58762311935425,-1,-1,1.81881475448608,211.603164672852,211.686849594116,41.2158966064453,252.902746200562,Instruction,Left,Right,Right,Left,Right,1,0,0,0,0,NaN,NaN,NaN,NaN,NaN,NaN,NaN,NaN,0,0,1,1,0,0,593,NaN,20260803_t1352_srsSmooth_Moretraining_B007,50,NaN,41.3796353181203,1.34349489212036,NaN,NaN,NaN,0,NaN,NaN,NaN,NaN,0
20260803_t1352_srsSmooth_Moretraining,srs_smooth_Moretraining,trial0772.mat,772,772,593,7,63,50,74,24,50,8,1,1,6,2,60,7741,2,0,2,1,1,2,1,2,0,0,,0,11,0,1,0,0,0,0,186,100,186,100,86,NaN,1,0,134.407941715463,55.5920582845374,134.407941715463,55.5920582845374,78.8158834309252,78.8158834309252,NaN,NaN,NaN,1785782044.46289,14684.833325,1.4099805355072,0.0166406631469727,0.136213541030884,0.767902612686157,-1,-1,-1,-1,-1,-1,-1,119.572877883911,NaN,NaN,NaN,Congruent,Left,Right,None,Left,Left,0,1,1,0,0,NaN,NaN,NaN,NaN,NaN,NaN,NaN,NaN,0,0,0,1,1,0,593,NaN,20260803_t1352_srsSmooth_Moretraining_B007,NaN,NaN,41.439660346508,1.32800316810608,NaN,NaN,NaN,0,NaN,NaN,NaN,NaN,0
20260803_t1352_srsSmooth_Moretraining,srs_smooth_Moretraining,trial0773.mat,773,773,593,7,64,50,74,24,50,8,1,2,8,2,71,28039,2,0,2,1,1,2,2,1,1,2,CHOSE_LOW_SAL,2,455,1,0,5,0,0,0,212,85,212,85,127,212,1,180,229.124765772405,320.875234227595,49.1247657724049,140.875234227595,-91.7504684551902,91.7504684551902,NaN,NaN,NaN,1785782047.12592,14687.49638836,2.44281053543091,0.0203852653503418,0.198656558990479,0.812880992889404,1.42877340316772,1.60627889633179,1.64670443534851,1.64670443534851,-1,-1,1.91241455078125,178.271293640137,177.505493164062,40.4255390167236,217.931032180786,Conflict,Left,Right,Left,Left,Right,0,1,0,1,1,0,1,1,0,1,0,0,1,0,0,1,1,0,1,594,244,20260803_t1352_srsSmooth_Moretraining_B007,51,1,41.4840441385905,1.25304698944092,2,1,180,0,1,1,0,0,1
20260803_t1352_srsSmooth_Moretraining,srs_smooth_Moretraining,trial0774.mat,774,774,594,7,65,51,74,24,50,8,1,2,8,2,74,15590,2,0,2,1,1,2,2,1,1,2,CHOSE_LOW_SAL,2,455,1,0,6,0,0,0,192,88,192,88,104,192,1,0,16.3068207801886,173.693179219811,16.3068207801886,173.693179219811,-157.386358439623,157.386358439623,NaN,NaN,NaN,1785782050.86768,14691.2381262,2.10906076431274,0.0120949745178223,0.232183218002319,0.765406131744385,1.25380992889404,1.33211803436279,1.37386584281921,1.37386584281921,-1,-1,1.59720492362976,220.088243484497,78.30810546875,41.7478084564209,120.055913925171,Conflict,Left,Right,Left,Left,Right,0,1,0,1,1,0,1,1,0,1,0,0,1,0,0,1,1,0,1,595,245,20260803_t1352_srsSmooth_Moretraining_B007,52,2,41.5464069565137,1.29895853996277,1,2,212,1,0,0,1,1,1
20260803_t1352_srsSmooth_Moretraining,srs_smooth_Moretraining,trial0775.mat,775,775,595,7,66,52,74,24,50,8,1,1,5,2,54,14012,2,0,1,2,1,1,1,1,0,0,,0,11,0,1,1,0,0,0,168,88,168,88,80,NaN,1,0,145.411288021196,44.5887119788041,145.411288021196,44.5887119788041,100.822576042392,100.822576042392,NaN,NaN,NaN,1785782054.28242,14694.65274816,1.31879591941833,0.0141563415527344,0.24999475479126,0.984068155288696,-1,-1,-1,-1,-1,-1,-1,235.838413238525,NaN,NaN,NaN,Congruent,Right,Left,None,Right,Right,0,1,1,0,0,NaN,NaN,NaN,NaN,NaN,NaN,NaN,NaN,1,1,1,1,1,0,595,NaN,20260803_t1352_srsSmooth_Moretraining_B007,NaN,NaN,41.6033192674319,1.30567789077759,NaN,NaN,NaN,0,NaN,NaN,NaN,NaN,0
20260803_t1352_srsSmooth_Moretraining,srs_smooth_Moretraining,trial0776.mat,776,776,595,7,67,52,74,24,50,8,1,2,8,2,70,149,2,0,2,1,1,2,2,1,0,0,,0,11,0,1,1,0,0,0,175,116,175,116,59,NaN,1,180,193.920059963167,356.079940036833,13.9200599631669,176.079940036833,-162.159880073666,162.159880073666,NaN,NaN,NaN,1785782056.83935,14697.20963884,1.41214299201965,0.0156600475311279,0.193682909011841,0.902414798736572,-1,-1,-1,-1,-1,-1,-1,178.022861480713,NaN,NaN,NaN,Conflict,Left,Right,None,Left,Right,0,1,0,1,0,NaN,NaN,NaN,NaN,NaN,NaN,NaN,NaN,0,0,1,1,0,0,595,NaN,20260803_t1352_srsSmooth_Moretraining_B007,NaN,NaN,41.6459347565969,1.23813343048096,NaN,NaN,NaN,0,NaN,NaN,NaN,NaN,0
20260803_t1352_srsSmooth_Moretraining,srs_smooth_Moretraining,trial0777.mat,777,777,595,7,68,52,74,24,50,8,1,2,7,2,65,5128,2,0,1,2,1,1,2,2,2,2,CHOSE_HIGH_SAL,1,455,1,0,1,0,0,0,186,77,186,77,109,77,1,0,81.9336584342919,108.066341565708,81.9336584342919,108.066341565708,-26.1326831314161,26.1326831314161,NaN,NaN,NaN,1785782059.49856,14699.86881248,2.27700090408325,0.0148856639862061,0.224467515945435,0.875562429428101,1.36493849754333,1.59889578819275,1.63208150863647,1.63208150863647,-1,-1,1.87453126907349,209.581851959229,233.957290649414,33.1857204437256,267.14301109314,Conflict,Right,Left,Left,Right,Left,0,1,0,1,1,0,0,0,1,1,1,1,0,1,1,0,1,0,1,596,246,20260803_t1352_srsSmooth_Moretraining_B007,53,3,41.6902549465497,1.24706840515137,1,2,192,1,1,0,0,1,1
20260803_t1352_srsSmooth_Moretraining,srs_smooth_Moretraining,trial0778.mat,778,778,596,7,69,53,74,24,50,8,1,2,7,2,63,20566,2,0,1,2,1,1,2,2,2,2,CHOSE_HIGH_SAL,1,455,1,0,5,0,0,0,186,109,186,109,77,109,1,180,219.776819272573,330.223180727427,39.7768192725734,150.223180727427,-110.446361454853,110.446361454853,NaN,NaN,NaN,1785782063.07573,14703.44577732,2.10139179229736,0.0128569602966309,0.249427318572998,0.86634373664856,1.20457124710083,1.40576076507568,1.44982099533081,1.44982099533081,-1,-1,1.69512891769409,236.570358276367,201.189517974854,44.060230255127,245.24974822998,Conflict,Right,Left,Left,Right,Left,0,1,0,1,1,0,0,0,1,1,1,1,0,1,1,0,1,0,1,597,247,20260803_t1352_srsSmooth_Moretraining_B007,54,4,41.7498744050662,1.30016660690308,2,2,77,1,0,0,1,1,1
20260803_t1352_srsSmooth_Moretraining,srs_smooth_Moretraining,trial0779.mat,779,779,597,7,70,54,74,24,50,8,1,1,5,2,53,22738,2,0,1,2,1,1,1,1,2,2,CHOSE_LOW_SAL,2,455,1,0,3,0,0,0,175,88,175,88,87,88,1,0,118.418902690148,71.5810973098521,118.418902690148,71.5810973098521,46.8378053802958,46.8378053802958,NaN,NaN,NaN,1785782066.49909,14706.86916764,2.06921553611755,0.0146276950836182,0.226025581359863,0.751085042953491,1.13967204093933,1.35757088661194,1.39084124565125,1.39084124565125,-1,-1,1.6826229095459,211.397886276245,217.898845672607,33.2703590393066,251.169204711914,Congruent,Right,Left,Left,Right,Right,0,1,1,0,1,0,0,0,0,1,1,1,1,1,1,1,1,1,1,598,248,20260803_t1352_srsSmooth_Moretraining_B007,55,5,41.8069304426511,1.32197046279907,2,2,109,1,0,0,1,1,1
20260803_t1352_srsSmooth_Moretraining,srs_smooth_Moretraining,trial0780.mat,780,780,598,7,71,55,74,24,50,8,1,2,7,2,68,31483,2,0,1,2,1,1,2,2,1,1,CHOSE_LOW_SAL,2,455,1,0,6,0,0,0,187,91,187,91,96,187,1,180,229.761987907928,320.238012092072,49.7619879079276,140.238012092072,-90.4760241841449,90.4760241841449,NaN,NaN,NaN,1785782069.86645,14710.23658608,2.47817277908325,0.0140728950500488,0.207058906555176,0.934090375900269,1.439129114151,1.66723728179932,1.70889663696289,1.70889663696289,-1,-1,1.97788000106812,192.986011505127,228.108167648315,41.6593551635742,269.76752281189,Conflict,Right,Left,Right,Right,Left,0,1,0,1,1,1,1,1,0,0,0,0,1,1,1,0,1,0,1,599,249,20260803_t1352_srsSmooth_Moretraining_B007,56,6,41.863052992026,1.29813742637634,2,2,88,1,1,1,0,0,1
20260803_t1352_srsSmooth_Moretraining,srs_smooth_Moretraining,trial0781.mat,781,781,599,7,72,56,74,24,50,8,1,2,8,2,70,149,2,0,2,1,1,2,2,1,2,1,CHOSE_HIGH_SAL,1,455,1,0,6,0,0,0,193,97,193,97,96,97,1,0,74.898830354858,115.101169645142,74.898830354858,115.101169645142,-40.202339290284,40.202339290284,NaN,NaN,NaN,1785782073.68687,14714.05677912,2.31503438949585,0.0188028812408447,0.203441143035889,0.897077322006226,1.35218787193298,1.61381912231445,1.65551352500916,1.65551352500916,-1,-1,1.8897693157196,184.638261795044,261.63125038147,41.6944026947021,303.325653076172,Conflict,Left,Right,Right,Left,Right,0,1,0,1,1,1,0,0,1,0,1,1,0,0,0,1,1,0,1,600,250,20260803_t1352_srsSmooth_Moretraining_B007,57,7,41.9267266432444,1.34224629402161,1,1,187,1,1,0,0,1,1
20260803_t1352_srsSmooth_Moretraining,srs_smooth_Moretraining,trial0782.mat,782,782,600,7,73,56,74,24,50,8,1,2,8,2,70,149,2,0,2,1,1,2,2,1,2,1,,0,11,0,1,3,0,0,0,193,48,193,48,145,48,1,0,74.898830354858,115.101169645142,74.898830354858,115.101169645142,-40.202339290284,40.202339290284,NaN,NaN,NaN,1785782077.32693,14717.69673652,1.61651682853699,0.0122084617614746,0.282036304473877,0.806810855865479,1.37892842292786,1.41575169563293,1.437668800354,1.437668800354,-1,-1,-1,269.827842712402,36.8232727050781,21.9171047210693,58.7403774261475,Conflict,Left,Right,Right,Left,Right,0,1,0,1,0,NaN,NaN,NaN,NaN,NaN,NaN,NaN,NaN,0,0,1,1,0,0,600,NaN,20260803_t1352_srsSmooth_Moretraining_B007,NaN,NaN,41.9873944481214,1.32503390312195,NaN,NaN,NaN,0,NaN,NaN,NaN,NaN,0
20260803_t1352_srsSmooth_Moretraining,srs_smooth_Moretraining,trial0783.mat,783,783,600,7,74,56,74,24,50,8,1,2,8,2,70,149,2,0,2,1,1,2,2,1,1,2,CHOSE_LOW_SAL,2,455,1,0,3,0,0,0,193,48,193,48,145,193,1,0,74.898830354858,115.101169645142,74.898830354858,115.101169645142,-40.202339290284,40.202339290284,NaN,NaN,NaN,1785782080.19957,14720.56943216,2.44477391242981,0.0146880149841309,0.217712163925171,1.0014169216156,1.48141193389893,1.64928317070007,1.68203568458557,1.68203568458557,-1,-1,1.93389868736267,203.02414894104,167.871236801147,32.752513885498,200.623750686646,Conflict,Left,Right,Left,Left,Right,0,1,0,1,1,0,1,1,0,1,0,0,1,0,0,1,1,0,1,601,251,20260803_t1352_srsSmooth_Moretraining_B007,58,8,42.0352716565132,1.25611567497253,2,1,97,1,1,1,0,0,1
20260803_t1352_srsSmooth_Moretraining,srs_smooth_Moretraining,trial0784.mat,784,784,601,7,75,57,74,24,50,8,1,1,5,2,56,28692,2,0,1,2,1,1,1,1,1,1,CHOSE_HIGH_SAL,1,455,1,0,5,0,0,0,181,79,181,79,102,181,1,180,353.462932549426,196.537067450574,173.462932549426,16.5370674505737,156.925865098852,156.925865098852,NaN,NaN,NaN,1785782083.95868,14724.3284292,2.31960701942444,0.014049768447876,0.290419816970825,0.825475454330444,1.23909783363342,1.4999852180481,1.54177737236023,1.54177737236023,-1,-1,1.80909705162048,276.370048522949,260.887384414673,41.7921543121338,302.679538726807,Congruent,Right,Left,Right,Right,Right,0,1,1,0,1,1,1,1,1,0,0,0,0,1,1,1,1,1,1,602,252,20260803_t1352_srsSmooth_Moretraining_B007,59,9,42.097923608621,1.31434321403503,1,2,193,1,0,1,1,0,1
20260803_t1352_srsSmooth_Moretraining,srs_smooth_Moretraining,trial0785.mat,785,785,602,7,76,58,74,24,50,8,1,2,7,2,64,4592,2,0,1,2,1,1,2,2,1,1,CHOSE_LOW_SAL,2,455,1,0,4,0,0,0,196,111,196,111,85,196,1,180,193.922135333584,356.077864666416,13.9221353335844,176.077864666416,-162.155729332831,162.155729332831,NaN,NaN,NaN,1785782087.60178,14727.97144264,2.1925163269043,0.0127620697021484,0.207397222518921,0.824640512466431,1.40448307991028,1.42419242858887,1.46527552604675,1.46527552604675,-1,-1,1.69611406326294,194.635152816772,19.7093486785889,41.0830974578857,60.7924461364746,Conflict,Right,Left,Right,Right,Left,0,1,0,1,1,1,1,1,0,0,0,0,1,1,1,0,1,0,1,603,253,20260803_t1352_srsSmooth_Moretraining_B007,60,10,42.1586418708165,1.32348871231079,1,1,181,1,0,0,1,1,1
20260803_t1352_srsSmooth_Moretraining,srs_smooth_Moretraining,trial0786.mat,786,786,603,7,77,59,74,24,50,8,1,1,5,2,52,13428,2,0,1,2,1,1,1,1,1,1,CHOSE_HIGH_SAL,1,455,1,0,3,0,0,0,163,82,163,82,81,163,1,0,162.565568417034,27.4344315829655,162.565568417034,27.4344315829655,135.131136834069,135.131136834069,NaN,NaN,NaN,1785782091.09496,14731.4644286,2.31702470779419,0.011380672454834,0.198708295822144,0.731355428695679,1.30309748649597,1.54730916023254,1.57897710800171,1.57897710800171,-1,-1,1.81066060066223,187.32762336731,244.211673736572,31.667947769165,275.879621505737,Congruent,Right,Left,Right,Right,Right,0,1,1,0,1,1,1,1,1,0,0,0,0,1,1,1,1,1,1,604,254,20260803_t1352_srsSmooth_Moretraining_B007,61,11,42.2168616135915,1.30066823959351,1,1,196,1,0,0,1,1,1
20260803_t1352_srsSmooth_Moretraining,srs_smooth_Moretraining,trial0787.mat,787,787,604,7,78,60,74,24,50,8,1,1,5,2,51,95,2,0,1,2,1,1,1,1,1,1,CHOSE_HIGH_SAL,1,455,1,0,5,0,0,0,166,106,166,106,60,166,1,180,278.525614043074,271.474385956926,98.5256140430745,91.4743859569255,7.05122808614897,7.05122808614897,NaN,NaN,NaN,1785782094.71062,14735.080082,2.22432899475098,0.01253342628479,0.248830556869507,0.773909568786621,1.14591002464294,1.4143283367157,1.45774149894714,1.45774149894714,-1,-1,1.7221953868866,236.297130584717,268.418312072754,43.4131622314453,311.831474304199,Congruent,Right,Left,Right,Right,Right,0,1,1,0,1,1,1,1,1,0,0,0,0,1,1,1,1,1,1,605,255,20260803_t1352_srsSmooth_Moretraining_B007,62,12,42.2771225174268,1.29862952232361,1,1,163,1,0,0,1,1,1
20260803_t1352_srsSmooth_Moretraining,srs_smooth_Moretraining,trial0788.mat,788,788,605,7,79,61,74,24,50,8,1,1,6,2,61,30658,2,0,2,1,1,2,1,2,2,1,CHOSE_LOW_SAL,2,455,1,0,4,0,0,0,204,83,204,83,121,83,1,180,302.332717994758,247.667282005242,122.332717994758,67.6672820052423,54.6654359895155,54.6654359895155,NaN,NaN,NaN,1785782098.25938,14738.62881036,2.20226216316223,0.0139102935791016,0.192105770111084,0.817355632781982,1.21398591995239,1.47503590583801,1.51722240447998,1.51722240447998,-1,-1,1.80520415306091,178.195476531982,261.04998588562,42.1864986419678,303.236484527588,Congruent,Left,Right,Right,Left,Left,0,1,1,0,1,1,0,0,0,0,1,1,1,0,0,0,1,1,1,606,256,20260803_t1352_srsSmooth_Moretraining_B007,63,13,42.3362685362498,1.3244321346283,1,1,166,1,1,0,0,1,1
20260803_t1352_srsSmooth_Moretraining,srs_smooth_Moretraining,trial0789.mat,789,789,606,7,80,62,74,24,50,8,1,1,6,2,58,10528,2,0,2,1,1,2,1,2,2,1,CHOSE_LOW_SAL,2,455,1,0,6,0,0,0,189,66,189,66,123,66,1,0,173.467195600688,16.5328043993118,173.467195600688,16.5328043993118,156.934391201376,156.934391201376,NaN,NaN,NaN,1785782101.75828,14742.12760652,2.04434633255005,0.0151426792144775,0.174181461334229,0.684932470321655,1.20685601234436,1.38485097885132,1.42680716514587,1.42680716514587,-1,-1,1.64776873588562,159.038782119751,177.994966506958,41.9561862945557,219.951152801514,Congruent,Left,Right,Right,Left,Left,0,1,1,0,1,1,0,0,0,0,1,1,1,0,0,0,1,1,1,607,257,20260803_t1352_srsSmooth_Moretraining_B007,64,14,42.394583594799,1.29664134979248,2,1,83,1,0,0,1,1,1
20260803_t1352_srsSmooth_Moretraining,srs_smooth_Moretraining,trial0790.mat,790,790,607,7,81,63,74,24,50,8,1,2,7,2,66,28255,2,0,1,2,1,1,2,2,2,2,CHOSE_HIGH_SAL,1,455,1,0,5,0,0,0,176,113,176,113,63,113,1,0,23.0997234627254,166.900276537275,23.0997234627254,166.900276537275,-143.800553074549,143.800553074549,NaN,NaN,NaN,1785782105.1072,14745.47655232,2.15171980857849,0.0163559913635254,0.252880573272705,0.761043787002563,1.19140195846558,1.37726831436157,1.41759634017944,1.41759634017944,-1,-1,1.71002912521362,236.52458190918,185.866355895996,40.3280258178711,226.194381713867,Conflict,Right,Left,Left,Right,Left,0,1,0,1,1,0,0,0,1,1,1,1,0,1,1,0,1,0,1,608,258,20260803_t1352_srsSmooth_Moretraining_B007,65,15,42.4503988742828,1.30457043647766,2,1,66,1,0,1,1,0,1
20260803_t1352_srsSmooth_Moretraining,srs_smooth_Moretraining,trial0791.mat,791,791,608,7,82,64,74,24,50,8,1,2,8,2,73,17718,2,0,2,1,1,2,2,1,2,1,CHOSE_HIGH_SAL,1,455,1,0,3,0,0,0,183,108,183,108,75,108,1,180,199.666319663601,350.333680336399,19.6663196636013,170.333680336399,-150.667360672797,150.667360672797,NaN,NaN,NaN,1785782108.58416,14748.95348772,2.2364501953125,0.0145263671875,0.267649173736572,0.791675567626953,1.24790835380554,1.50910115242004,1.55093908309937,1.55093908309937,-1,-1,1.83217215538025,253.122806549072,261.192798614502,41.8379306793213,303.030729293823,Conflict,Left,Right,Right,Left,Right,0,1,0,1,1,1,0,0,1,0,1,1,0,0,0,1,1,0,1,609,259,20260803_t1352_srsSmooth_Moretraining_B007,66,16,42.5083482821782,1.32524466514587,2,2,113,1,0,1,1,0,1
20260803_t1352_srsSmooth_Moretraining,srs_smooth_Moretraining,trial0793.mat,793,793,609,7,84,64,74,24,50,8,1,2,8,2,73,17718,2,0,2,1,1,2,2,1,1,2,CHOSE_LOW_SAL,2,455,1,0,1,0,0,0,183,54,183,54,129,183,1,180,199.666319663601,350.333680336399,19.6663196636013,170.333680336399,-150.667360672797,150.667360672797,NaN,NaN,NaN,1785782113.70706,14754.07612516,2.15554189682007,0.0168318748474121,0.0181789398193359,0.669922828674316,1.20021176338196,1.39270853996277,1.43468022346497,1.43468022346497,-1,-1,1.67456960678101,1.34706497192383,192.496776580811,41.9716835021973,234.468460083008,Conflict,Left,Right,Left,Left,Right,0,1,0,1,1,0,1,1,0,1,0,0,1,0,0,1,1,0,1,610,260,20260803_t1352_srsSmooth_Moretraining_B007,67,17,42.5937298576037,2.88644433021545,2,1,108,1,1,1,0,0,1
20260803_t1352_srsSmooth_Moretraining,srs_smooth_Moretraining,trial0794.mat,794,794,610,7,85,65,74,24,50,8,1,1,6,2,57,27943,2,0,2,1,1,2,1,2,0,0,,0,11,0,1,2,0,0,0,209,97,209,97,112,NaN,1,180,348.533172633271,201.466827366729,168.533172633271,21.4668273667286,147.066345266543,147.066345266543,NaN,NaN,NaN,1785782117.17752,14757.54657768,1.26787614822388,0.013174295425415,0.207998991012573,0.924525499343872,-1,-1,-1,-1,-1,-1,-1,194.824695587158,NaN,NaN,NaN,Congruent,Left,Right,None,Left,Left,0,1,1,0,0,NaN,NaN,NaN,NaN,NaN,NaN,NaN,NaN,0,0,0,1,1,0,610,NaN,20260803_t1352_srsSmooth_Moretraining_B007,NaN,NaN,42.6515708525976,1.31491780281067,NaN,NaN,NaN,0,NaN,NaN,NaN,NaN,0
20260803_t1352_srsSmooth_Moretraining,srs_smooth_Moretraining,trial0795.mat,795,795,610,7,86,65,74,24,50,8,1,2,7,2,67,6472,2,0,1,2,1,1,2,2,2,2,CHOSE_HIGH_SAL,1,455,1,0,3,0,0,0,178,95,178,95,83,95,1,180,203.484975123757,346.515024876243,23.4849751237572,166.515024876243,-143.030049752486,143.030049752486,NaN,NaN,NaN,1785782119.69186,14760.06079172,2.04310464859009,0.0156018733978271,0.144073486328125,0.761625289916992,1.11564493179321,1.33552002906799,1.36834073066711,1.36834073066711,-1,-1,1.64357042312622,128.471612930298,219.87509727478,32.8207015991211,252.695798873901,Conflict,Right,Left,Left,Right,Left,0,1,0,1,1,0,0,0,1,1,1,1,0,1,1,0,1,0,1,611,261,20260803_t1352_srsSmooth_Moretraining_B007,68,18,42.6934764742851,1.2464611530304,1,2,183,1,1,0,0,1,1
20260803_t1352_srsSmooth_Moretraining,srs_smooth_Moretraining,trial0796.mat,796,796,611,7,87,66,74,24,50,8,1,2,8,2,72,27781,2,0,2,1,1,2,2,1,0,0,,0,11,0,1,3,0,0,0,182,83,182,83,99,NaN,1,180,208.684404465774,341.315595534226,28.6844044657739,161.315595534226,-132.631191068452,132.631191068452,NaN,NaN,NaN,1785782123.04525,14763.4141992,0.316045045852661,0.0123343467712402,0.240549802780151,-1,-1,-1,-1,-1,-1,-1,-1,228.215456008911,NaN,NaN,NaN,Conflict,Left,Right,None,Left,Right,0,1,0,1,0,NaN,NaN,NaN,NaN,NaN,NaN,NaN,NaN,0,0,1,1,0,0,611,NaN,20260803_t1352_srsSmooth_Moretraining_B007,NaN,NaN,42.7493664344152,1.31029295921326,NaN,NaN,NaN,0,NaN,NaN,NaN,NaN,0
20260803_t1352_srsSmooth_Moretraining,srs_smooth_Moretraining,trial0797.mat,797,797,611,7,88,66,74,24,50,8,1,2,8,2,69,11935,2,0,2,1,1,2,2,1,1,2,CHOSE_LOW_SAL,2,455,1,0,1,0,0,0,183,96,183,96,87,183,1,180,196.352676112938,353.647323887062,16.3526761129379,173.647323887062,-157.294647774124,157.294647774124,NaN,NaN,NaN,1785782124.61484,14764.983593,2.39054083824158,0.0178136825561523,0.210032939910889,0.943793535232544,1.48453760147095,1.53528046607971,1.5687403678894,1.5687403678894,-1,-1,1.87021255493164,192.219257354736,50.7428646087646,33.4599018096924,84.202766418457,Conflict,Left,Right,Left,Left,Right,0,1,0,1,1,0,1,1,0,1,0,0,1,0,0,1,1,0,1,612,262,20260803_t1352_srsSmooth_Moretraining_B007,69,19,42.775526146094,1.25353765487671,2,2,95,1,1,0,0,1,1
20260803_t1352_srsSmooth_Moretraining,srs_smooth_Moretraining,trial0798.mat,798,798,612,7,89,67,74,24,50,8,1,1,5,2,55,7286,2,0,1,2,1,1,1,1,1,1,CHOSE_HIGH_SAL,1,455,1,0,4,0,0,0,195,110,195,110,85,195,1,0,152.280914361826,37.7190856381741,152.280914361826,37.7190856381741,114.561828723652,114.561828723652,NaN,NaN,NaN,1785782128.33667,14768.70541496,2.12627816200256,0.0127899646759033,0.215388536453247,0.891312837600708,1.27117204666138,1.34878730773926,1.38230872154236,1.38230872154236,-1,-1,1.60054755210876,202.598571777344,77.6152610778809,33.5214138031006,111.136674880981,Congruent,Right,Left,Right,Right,Right,0,1,1,0,1,1,1,1,1,0,0,0,0,1,1,1,1,1,1,613,263,20260803_t1352_srsSmooth_Moretraining_B007,70,20,42.8375567396482,1.33129477500916,1,2,183,1,0,1,1,0,1
20260803_t1352_srsSmooth_Moretraining,srs_smooth_Moretraining,trial0799.mat,799,799,613,7,90,68,74,24,50,8,1,1,6,2,59,12515,2,0,2,1,1,2,1,2,2,1,CHOSE_LOW_SAL,2,455,1,0,4,0,0,0,194,96,194,96,98,96,1,0,156.861451424296,33.1385485757037,156.861451424296,33.1385485757037,123.722902848593,123.722902848593,NaN,NaN,NaN,1785782131.79294,14772.16172104,2.40380454063416,0.0149984359741211,0.259310722351074,0.876085042953491,1.43170738220215,1.65063810348511,1.69279742240906,1.69279742240906,-1,-1,1.97720503807068,244.312286376953,218.930721282959,42.1593189239502,261.090040206909,Congruent,Left,Right,Right,Left,Left,0,1,1,0,1,1,0,0,0,0,1,1,1,0,0,0,1,1,1,614,264,20260803_t1352_srsSmooth_Moretraining_B007,71,21,42.8951612830162,1.32999444007874,1,1,195,1,1,0,0,1,1
20260803_t1352_srsSmooth_Moretraining,srs_smooth_Moretraining,trial0800.mat,800,800,614,7,91,69,74,24,50,8,1,1,6,2,60,7741,2,0,2,1,1,2,1,2,0,0,,0,11,0,1,1,0,0,0,194,87,194,87,107,NaN,1,180,343.801937056176,206.198062943824,163.801937056176,26.1980629438235,137.603874112353,137.603874112353,NaN,NaN,NaN,1785782135.5281,14775.896884,1.01689648628235,0.0133113861083984,0.180690050125122,0.691718816757202,-1,-1,-1,-1,-1,-1,-1,167.378664016724,NaN,NaN,NaN,Congruent,Left,Right,None,Left,Left,0,1,1,0,0,NaN,NaN,NaN,NaN,NaN,NaN,NaN,NaN,0,0,0,1,1,0,614,NaN,20260803_t1352_srsSmooth_Moretraining_B007,NaN,NaN,42.9574138323466,1.33134841918945,NaN,NaN,NaN,0,NaN,NaN,NaN,NaN,0
20260803_t1352_srsSmooth_Moretraining,srs_smooth_Moretraining,trial0801.mat,801,801,614,7,92,69,74,24,50,8,1,1,6,2,60,7741,2,0,2,1,1,2,1,2,0,0,,0,11,0,1,1,0,0,0,186,105,186,105,81,NaN,1,180,301.815019168391,248.184980831609,121.815019168391,68.1849808316093,53.6300383367814,53.6300383367814,NaN,NaN,NaN,1785782137.78794,14778.1565802,0.364597320556641,0.0118889808654785,0.289865255355835,-1,-1,-1,-1,-1,-1,-1,-1,277.976274490356,NaN,NaN,NaN,Congruent,Left,Right,None,Left,Left,0,1,1,0,0,NaN,NaN,NaN,NaN,NaN,NaN,NaN,NaN,0,0,0,1,1,0,614,NaN,20260803_t1352_srsSmooth_Moretraining_B007,NaN,NaN,42.9950779080391,1.24294805526733,NaN,NaN,NaN,0,NaN,NaN,NaN,NaN,0
20260803_t1352_srsSmooth_Moretraining,srs_smooth_Moretraining,trial0802.mat,802,802,614,7,93,69,74,24,50,8,1,2,8,2,72,27781,2,0,2,1,1,2,2,1,1,2,CHOSE_LOW_SAL,2,455,1,0,3,0,0,0,178,92,178,92,86,178,1,0,26.8669213296813,163.133078670319,26.8669213296813,163.133078670319,-136.266157340637,136.266157340637,NaN,NaN,NaN,1785782139.40022,14779.76868208,2.09690093994141,0.0163435935974121,0.25301718711853,0.777934551239014,1.16638851165771,1.31695127487183,1.35067629814148,1.35067629814148,-1,-1,1.57649803161621,236.673593521118,150.562763214111,33.7250232696533,184.287786483765,Conflict,Left,Right,Left,Left,Right,0,1,0,1,1,0,1,1,0,1,0,0,1,0,0,1,1,0,1,615,265,20260803_t1352_srsSmooth_Moretraining_B007,72,22,43.0219491640727,1.24767804145813,2,1,96,1,1,1,0,0,1
20260803_t1352_srsSmooth_Moretraining,srs_smooth_Moretraining,trial0803.mat,803,803,615,7,94,70,74,24,50,8,1,1,6,2,57,27943,2,0,2,1,1,2,1,2,0,0,,0,11,0,1,6,0,0,0,182,92,182,92,90,NaN,1,0,115.834980275436,74.1650197245643,115.834980275436,74.1650197245643,41.6699605508713,41.6699605508713,NaN,NaN,NaN,1785782142.81696,14783.18545344,1.35349774360657,0.0164031982421875,0.18067455291748,0.960867881774902,-1,-1,-1,-1,-1,-1,-1,164.271354675293,NaN,NaN,NaN,Congruent,Left,Right,None,Left,Left,0,1,1,0,0,NaN,NaN,NaN,NaN,NaN,NaN,NaN,NaN,0,0,0,1,1,0,615,NaN,20260803_t1352_srsSmooth_Moretraining_B007,NaN,NaN,43.0788948376973,1.31983947753906,NaN,NaN,NaN,0,NaN,NaN,NaN,NaN,0
20260803_t1352_srsSmooth_Moretraining,srs_smooth_Moretraining,trial0804.mat,804,804,615,7,95,70,74,24,50,8,1,1,5,2,54,14012,2,0,1,2,1,1,1,1,2,2,CHOSE_LOW_SAL,2,455,1,0,1,0,0,0,208,99,208,99,109,99,1,180,336.88610854078,213.11389145922,156.88610854078,33.11389145922,123.77221708156,123.77221708156,NaN,NaN,NaN,1785782145.4162,14785.78454484,2.1308445930481,0.0172662734985352,0.212393999099731,0.978362083435059,1.3339855670929,1.39346218109131,1.43502140045166,1.43502140045166,-1,-1,1.72902417182922,195.127725601196,59.4766139984131,41.5592193603516,101.035833358765,Congruent,Right,Left,Left,Right,Right,0,1,1,0,1,0,0,0,0,1,1,1,1,1,1,1,1,1,1,616,266,20260803_t1352_srsSmooth_Moretraining_B007,73,23,43.1222154855728,1.24574112892151,1,2,178,1,1,0,0,1,1
20260803_t1352_srsSmooth_Moretraining,srs_smooth_Moretraining,trial0805.mat,805,805,616,7,96,71,74,24,50,8,1,1,6,2,62,5417,2,0,2,1,1,2,1,2,2,1,CHOSE_LOW_SAL,2,455,1,0,6,0,0,0,190,98,190,98,92,98,1,180,289.075906639666,260.924093360334,109.075906639666,80.9240933603337,28.1518132793326,28.1518132793326,NaN,NaN,NaN,1785782148.88904,14789.25736548,2.16673064231873,0.0112249851226807,0.139567852020264,0.797807216644287,1.23627305030823,1.44707608222961,1.48927354812622,1.48927354812622,-1,-1,1.7388756275177,128.342866897583,210.803031921387,42.1974658966064,253.000497817993,Congruent,Left,Right,Right,Left,Left,0,1,1,0,1,1,0,0,0,0,1,1,1,0,0,0,1,1,1,617,267,20260803_t1352_srsSmooth_Moretraining_B007,74,24,43.1800962249438,1.34199976921082,2,2,99,1,0,1,1,0,1
20260803_t1352_srsSmooth_Moretraining,srs_smooth_Moretraining,trial0806.mat,806,806,617,7,97,72,74,24,50,8,1,1,6,2,60,7741,2,0,2,1,1,2,1,2,2,1,CHOSE_LOW_SAL,2,455,1,0,7,0,0,0,170,106,170,106,64,106,1,180,322.84567165425,227.15432834575,142.84567165425,47.1543283457495,95.6913433085009,95.6913433085009,NaN,NaN,NaN,1785782152.36767,14792.73605812,2.47117614746094,0.0160675048828125,0.235654592514038,0.886101484298706,1.48279142379761,1.70277833938599,1.74443888664246,1.74443888664246,-1,-1,2.03237438201904,219.587087631226,219.986915588379,41.6605472564697,261.647462844849,Congruent,Left,Right,Right,Left,Left,0,1,1,0,1,1,0,0,0,0,1,1,1,0,0,0,1,1,1,618,268,20260803_t1352_srsSmooth_Moretraining_B007,75,25,43.238073348999,1.31189680099487,2,1,98,1,0,0,1,1,1
20260803_t1352_srsSmooth_Moretraining,srs_smooth_Moretraining,trial0807.mat,807,807,618,7,98,73,74,24,50,8,1,1,6,2,57,27943,2,0,2,1,1,2,1,2,0,0,,0,11,0,1,1,0,0,0,200,122,200,122,78,NaN,1,180,325.971508173911,224.028491826089,145.971508173911,44.0284918260886,101.943016347823,101.943016347823,NaN,NaN,NaN,1785782156.16859,14796.5368444,1.46965789794922,0.0152978897094727,0.168394804000854,0.918769836425781,-1,-1,-1,-1,-1,-1,-1,153.096914291382,NaN,NaN,NaN,Congruent,Left,Right,None,Left,Left,0,1,1,0,0,NaN,NaN,NaN,NaN,NaN,NaN,NaN,NaN,0,0,0,1,1,0,618,NaN,20260803_t1352_srsSmooth_Moretraining_B007,NaN,NaN,43.301421991984,1.32974243164062,NaN,NaN,NaN,0,NaN,NaN,NaN,NaN,0
20260803_t1352_srsSmooth_Moretraining,srs_smooth_Moretraining,trial0808.mat,808,808,618,7,99,73,74,24,50,8,1,1,6,2,57,27943,2,0,2,1,1,2,1,2,2,1,CHOSE_LOW_SAL,2,455,1,0,6,0,0,0,196,121,196,121,75,121,1,0,141.435586299308,48.5644137006916,141.435586299308,48.5644137006917,92.8711725986167,92.8711725986167,NaN,NaN,NaN,1785782158.89867,14799.26675464,2.34887099266052,0.0186524391174316,0.221689939498901,0.76352858543396,1.39370632171631,1.63790988922119,1.68016338348389,1.68016338348389,-1,-1,1.91187429428101,203.03750038147,244.203567504883,42.2534942626953,286.457061767578,Congruent,Left,Right,Right,Left,Left,0,1,1,0,1,1,0,0,0,0,1,1,1,0,0,0,1,1,1,619,269,20260803_t1352_srsSmooth_Moretraining_B007,76,26,43.3469234148661,1.26042747497559,2,1,106,1,0,0,1,1,1
20260803_t1352_srsSmooth_Moretraining,srs_smooth_Moretraining,trial0809.mat,809,809,619,8,1,0,74,24,50,8,2,0,3,1,32,18511,1,2,2,1,2,1,2,1,2,1,SINGLE_T2_CORRECT,11,455,1,0,3,0,0,0,105,156,156,105,-51,156,1,180,190,0,10,180,-170,170,NaN,NaN,NaN,1785782162.55191,14802.9200292,2.52157425880432,0.0155560970306396,0.249925374984741,1.04273438453674,1.52394914627075,1.77690529823303,1.81860017776489,1.81860017776489,-1,-1,2.05309820175171,234.369277954102,252.95615196228,41.6948795318604,294.651031494141,Instruction,Left,Right,Right,Right,Right,1,0,0,0,0,NaN,NaN,NaN,NaN,NaN,NaN,NaN,NaN,0,1,1,0,0,0,620,NaN,20260803_t1352_srsSmooth_Moretraining_B008,1,NaN,43.4078107396762,1.30436849594116,NaN,NaN,NaN,0,NaN,NaN,NaN,NaN,0
20260803_t1352_srsSmooth_Moretraining,srs_smooth_Moretraining,trial0810.mat,810,810,620,8,2,1,74,24,50,8,2,0,4,1,42,27801,1,2,1,2,2,2,2,2,2,2,SINGLE_T2_CORRECT,11,455,1,0,3,0,0,0,105,162,162,105,-57,162,1,180,190,0,10,180,-170,170,NaN,NaN,NaN,1785782166.41386,14806.781877,2.30827903747559,0.0120930671691895,0.256714105606079,0.781745910644531,1.36214709281921,1.49824643135071,1.53826451301575,1.53826451301575,-1,-1,1.83897376060486,244.62103843689,136.099338531494,40.0180816650391,176.117420196533,Instruction,Right,Left,Left,Left,Left,1,0,0,0,0,NaN,NaN,NaN,NaN,NaN,NaN,NaN,NaN,1,0,0,0,0,0,621,NaN,20260803_t1352_srsSmooth_Moretraining_B008,2,NaN,43.4721765398979,1.34037375450134,NaN,NaN,NaN,0,NaN,NaN,NaN,NaN,0
20260803_t1352_srsSmooth_Moretraining,srs_smooth_Moretraining,trial0811.mat,811,811,621,8,3,2,74,24,50,8,2,0,1,1,3,3025,1,1,1,2,2,2,1,1,1,1,SINGLE_T1_CORRECT,10,455,1,0,7,0,0,0,113,169,169,113,-56,113,1,180,0,190,180,10,170,170,NaN,NaN,NaN,1785782170.04443,14810.41241696,2.32883048057556,0.0149972438812256,0.176637411117554,0.884729862213135,1.22337818145752,1.5266649723053,1.56572461128235,1.56572461128235,-1,-1,1.87866067886353,161.640167236328,303.286790847778,39.0596389770508,342.346429824829,Instruction,Right,Left,Right,Left,Right,1,0,0,0,0,NaN,NaN,NaN,NaN,NaN,NaN,NaN,NaN,1,0,1,0,1,0,622,NaN,20260803_t1352_srsSmooth_Moretraining_B008,3,NaN,43.5326860864957,1.32229375839233,NaN,NaN,NaN,0,NaN,NaN,NaN,NaN,0
20260803_t1352_srsSmooth_Moretraining,srs_smooth_Moretraining,trial0813.mat,813,813,622,8,5,3,74,24,50,8,2,0,4,1,47,20105,1,2,1,2,2,2,2,2,2,2,SINGLE_T2_CORRECT,11,455,1,0,5,0,0,0,109,147,147,109,-38,147,1,180,190,0,10,180,-170,170,NaN,NaN,NaN,1785782175.25893,14815.626784,2.30557703971863,0.0173749923706055,0.253432512283325,0.970874547958374,1.43409848213196,1.55426692962646,1.59590697288513,1.59590697288513,-1,-1,1.82161092758179,236.05751991272,120.168447494507,41.640043258667,161.808490753174,Instruction,Right,Left,Left,Left,Left,1,0,0,0,0,NaN,NaN,NaN,NaN,NaN,NaN,NaN,NaN,1,0,0,0,0,0,623,NaN,20260803_t1352_srsSmooth_Moretraining_B008,4,NaN,43.6195943037669,2.88566255569458,NaN,NaN,NaN,0,NaN,NaN,NaN,NaN,0
20260803_t1352_srsSmooth_Moretraining,srs_smooth_Moretraining,trial0814.mat,814,814,623,8,6,4,74,24,50,8,2,0,4,1,49,17459,1,2,1,2,2,2,2,2,2,2,SINGLE_T2_CORRECT,11,455,1,0,5,0,0,0,111,151,151,111,-40,151,1,180,190,0,10,180,-170,170,NaN,NaN,NaN,1785782178.87128,14819.23905728,2.19913077354431,0.0134937763214111,0.224908828735352,0.808316946029663,1.33021283149719,1.39074468612671,1.43309879302979,1.43309879302979,-1,-1,1.72451901435852,211.41505241394,60.5318546295166,42.3541069030762,102.885961532593,Instruction,Right,Left,Left,Left,Left,1,0,0,0,0,NaN,NaN,NaN,NaN,NaN,NaN,NaN,NaN,1,0,0,0,0,0,624,NaN,20260803_t1352_srsSmooth_Moretraining_B008,5,NaN,43.679800260067,1.30678033828735,NaN,NaN,NaN,0,NaN,NaN,NaN,NaN,0
20260803_t1352_srsSmooth_Moretraining,srs_smooth_Moretraining,trial0815.mat,815,815,624,8,7,5,74,24,50,8,2,0,3,1,29,18217,1,2,2,1,2,1,2,1,2,1,SINGLE_T2_CORRECT,11,455,1,0,5,0,0,0,97,160,160,97,-63,160,1,0,10,180,10,180,-170,170,NaN,NaN,NaN,1785782182.39032,14822.75807876,2.5089385509491,0.0112652778625488,0.264649152755737,0.948012113571167,1.45298933982849,1.69826030731201,1.73933100700378,1.73933100700378,-1,-1,2.01400136947632,253.383874893188,245.270967483521,41.0706996917725,286.341667175293,Instruction,Left,Right,Right,Right,Right,1,0,0,0,0,NaN,NaN,NaN,NaN,NaN,NaN,NaN,NaN,0,1,1,0,0,0,625,NaN,20260803_t1352_srsSmooth_Moretraining_B008,6,NaN,43.7384508212407,1.3199028968811,NaN,NaN,NaN,0,NaN,NaN,NaN,NaN,0
20260803_t1352_srsSmooth_Moretraining,srs_smooth_Moretraining,trial0816.mat,816,816,625,8,8,6,74,24,50,8,2,0,3,1,26,17429,1,2,2,1,2,1,2,1,2,1,SINGLE_T2_CORRECT,11,455,1,0,0,0,0,0,99,164,164,99,-65,164,1,180,190,0,10,180,-170,170,NaN,NaN,NaN,1785782186.22028,14826.58771936,2.33615875244141,0.014782190322876,0.226146936416626,0.818036079406738,1.35650181770325,1.56605958938599,1.60926723480225,1.60926723480225,-1,-1,1.86030673980713,211.36474609375,209.557771682739,43.2076454162598,252.765417098999,Instruction,Left,Right,Right,Right,Right,1,0,0,0,0,NaN,NaN,NaN,NaN,NaN,NaN,NaN,NaN,0,1,1,0,0,0,626,NaN,20260803_t1352_srsSmooth_Moretraining_B008,7,NaN,43.8022836049398,1.32102847099304,NaN,NaN,NaN,0,NaN,NaN,NaN,NaN,0
20260803_t1352_srsSmooth_Moretraining,srs_smooth_Moretraining,trial0817.mat,817,817,626,8,9,7,74,24,50,8,2,0,3,1,36,23627,1,2,2,1,2,1,2,1,2,1,SINGLE_T2_CORRECT,11,455,1,0,5,0,0,0,78,140,140,78,-62,140,1,180,190,0,10,180,-170,170,NaN,NaN,NaN,1785782189.89193,14830.25946544,2.52310132980347,0.0182828903198242,0.238258361816406,0.886204242706299,1.44333982467651,1.71268606185913,1.75469994544983,1.75469994544983,-1,-1,2.06290102005005,219.975471496582,269.346237182617,42.0138835906982,311.360120773315,Instruction,Left,Right,Right,Right,Right,1,0,0,0,0,NaN,NaN,NaN,NaN,NaN,NaN,NaN,NaN,0,1,1,0,0,0,627,NaN,20260803_t1352_srsSmooth_Moretraining_B008,8,NaN,43.86347767512,1.33548545837402,NaN,NaN,NaN,0,NaN,NaN,NaN,NaN,0
20260803_t1352_srsSmooth_Moretraining,srs_smooth_Moretraining,trial0818.mat,818,818,627,8,10,8,74,24,50,8,2,0,2,1,18,24848,1,1,2,1,2,1,1,2,1,2,SINGLE_T1_CORRECT,10,455,1,0,3,0,0,0,96,164,164,96,-68,96,1,180,0,190,180,10,170,170,NaN,NaN,NaN,1785782193.74359,14834.11102424,2.2971830368042,0.0167703628540039,0.186454057693481,0.969961881637573,1.55016350746155,1.64497780799866,1.67636156082153,1.67636156082153,-1,-1,1.90442633628845,169.683694839478,94.8143005371094,31.383752822876,126.198053359985,Instruction,Left,Right,Left,Right,Left,1,0,0,0,0,NaN,NaN,NaN,NaN,NaN,NaN,NaN,NaN,0,1,0,0,1,0,628,NaN,20260803_t1352_srsSmooth_Moretraining_B008,9,NaN,43.9276720960935,1.32856392860413,NaN,NaN,NaN,0,NaN,NaN,NaN,NaN,0
20260803_t1352_srsSmooth_Moretraining,srs_smooth_Moretraining,trial0819.mat,819,819,628,8,11,9,74,24,50,8,2,0,2,1,15,10241,1,1,2,1,2,1,1,2,1,2,SINGLE_T1_CORRECT,10,455,1,0,2,0,0,0,122,175,175,122,-53,122,1,0,180,10,180,10,170,170,NaN,NaN,NaN,1785782197.36305,14837.73041816,2.21057534217834,0.0141260623931885,0.206808090209961,0.908965110778809,1.38084626197815,1.41537570953369,1.45669460296631,1.45669460296631,-1,-1,1.75646996498108,192.682027816772,34.529447555542,41.3188934326172,75.8483409881592,Instruction,Left,Right,Left,Right,Left,1,0,0,0,0,NaN,NaN,NaN,NaN,NaN,NaN,NaN,NaN,0,1,0,0,1,0,629,NaN,20260803_t1352_srsSmooth_Moretraining_B008,10,NaN,43.9879963199298,1.32227039337158,NaN,NaN,NaN,0,NaN,NaN,NaN,NaN,0
20260803_t1352_srsSmooth_Moretraining,srs_smooth_Moretraining,trial0820.mat,820,820,629,8,12,10,74,24,50,8,2,0,1,1,6,1924,1,1,1,2,2,2,1,1,1,1,SINGLE_T1_CORRECT,10,455,1,0,4,0,0,0,104,138,138,104,-34,104,1,180,0,190,180,10,170,170,NaN,NaN,NaN,1785782200.86741,14841.234715,2.4097216129303,0.0182316303253174,0.271065711975098,0.813153266906738,1.43495488166809,1.65454006195068,1.69448113441467,1.69448113441467,-1,-1,2.00460052490234,252.83408164978,219.585180282593,39.9410724639893,259.526252746582,Instruction,Right,Left,Right,Left,Right,1,0,0,0,0,NaN,NaN,NaN,NaN,NaN,NaN,NaN,NaN,1,0,1,0,1,0,630,NaN,20260803_t1352_srsSmooth_Moretraining_B008,11,NaN,44.0464024305344,1.2937912940979,NaN,NaN,NaN,0,NaN,NaN,NaN,NaN,0
20260803_t1352_srsSmooth_Moretraining,srs_smooth_Moretraining,trial0821.mat,821,821,630,8,13,11,74,24,50,8,2,0,4,1,46,2206,1,2,1,2,2,2,2,2,2,2,SINGLE_T2_CORRECT,11,455,1,0,3,0,0,0,106,151,151,106,-45,151,1,0,10,180,10,180,-170,170,NaN,NaN,NaN,1785782204.59246,14844.95970768,2.14083003997803,0.0183274745941162,0.0233561992645264,0.794332027435303,1.16003942489624,1.36341118812561,1.40295076370239,1.40295076370239,-1,-1,1.65371441841125,5.02872467041016,203.37176322937,39.5395755767822,242.911338806152,Instruction,Right,Left,Left,Left,Left,1,0,0,0,0,NaN,NaN,NaN,NaN,NaN,NaN,NaN,NaN,1,0,0,0,0,0,631,NaN,20260803_t1352_srsSmooth_Moretraining_B008,12,NaN,44.1084866166115,1.31532955169678,NaN,NaN,NaN,0,NaN,NaN,NaN,NaN,0
20260803_t1352_srsSmooth_Moretraining,srs_smooth_Moretraining,trial0822.mat,822,822,631,8,14,12,74,24,50,8,2,0,4,1,40,24461,1,2,1,2,2,2,2,2,2,2,SINGLE_T2_CORRECT,11,455,1,0,5,0,0,0,114,150,150,114,-36,150,1,0,10,180,10,180,-170,170,NaN,NaN,NaN,1785782208.05145,14848.41864908,2.389244556427,0.0178141593933105,0.312369823455811,0.91266655921936,1.41786932945251,1.65461111068726,1.69621920585632,1.69621920585632,-1,-1,1.92018556594849,294.5556640625,236.741781234741,41.6080951690674,278.349876403809,Instruction,Right,Left,Left,Left,Left,1,0,0,0,0,NaN,NaN,NaN,NaN,NaN,NaN,NaN,NaN,1,0,0,0,0,0,632,NaN,20260803_t1352_srsSmooth_Moretraining_B008,13,NaN,44.1661363363266,1.31815314292908,NaN,NaN,NaN,0,NaN,NaN,NaN,NaN,0
20260803_t1352_srsSmooth_Moretraining,srs_smooth_Moretraining,trial0823.mat,823,823,632,8,15,13,74,24,50,8,2,0,1,1,4,12815,1,1,1,2,2,2,1,1,1,1,SINGLE_T1_CORRECT,10,455,1,0,5,0,0,0,79,145,145,79,-66,79,1,180,0,190,180,10,170,170,NaN,NaN,NaN,1785782211.77008,14852.13709644,2.3048529624939,0.0159904956817627,0.277310371398926,0.827654123306274,1.38271164894104,1.60236477851868,1.65243864059448,1.65243864059448,-1,-1,1.88019776344299,261.319875717163,219.653129577637,50.0738620758057,269.726991653442,Instruction,Right,Left,Right,Left,Right,1,0,0,0,0,NaN,NaN,NaN,NaN,NaN,NaN,NaN,NaN,1,0,1,0,1,0,633,NaN,20260803_t1352_srsSmooth_Moretraining_B008,14,NaN,44.2281136155128,1.32939219474792,NaN,NaN,NaN,0,NaN,NaN,NaN,NaN,0
20260803_t1352_srsSmooth_Moretraining,srs_smooth_Moretraining,trial0825.mat,825,825,633,8,17,14,74,24,50,8,2,0,1,1,8,9781,1,1,1,2,2,2,1,1,1,1,SINGLE_T1_CORRECT,10,455,1,0,4,0,0,0,111,163,163,111,-52,111,1,180,0,190,180,10,170,170,NaN,NaN,NaN,1785782216.93345,14857.300412,2.09988880157471,0.0195000171661377,0.22261118888855,0.739487409591675,1.0695424079895,1.3372118473053,1.37902116775513,1.37902116775513,-1,-1,1.64579749107361,203.111171722412,267.669439315796,41.8093204498291,309.478759765625,Instruction,Right,Left,Right,Left,Right,1,0,0,0,0,NaN,NaN,NaN,NaN,NaN,NaN,NaN,NaN,1,0,1,0,1,0,634,NaN,20260803_t1352_srsSmooth_Moretraining_B008,15,NaN,44.3141696373622,2.85850834846497,NaN,NaN,NaN,0,NaN,NaN,NaN,NaN,0
20260803_t1352_srsSmooth_Moretraining,srs_smooth_Moretraining,trial0826.mat,826,826,634,8,18,15,74,24,50,8,2,0,2,1,25,16536,1,1,2,1,2,1,1,2,1,2,SINGLE_T1_CORRECT,10,455,1,0,4,0,0,0,135,168,168,135,-33,135,1,0,180,10,180,10,170,170,NaN,NaN,NaN,1785782220.33117,14860.698217,2.16881847381592,0.013575553894043,0.266621589660645,0.816641330718994,1.21362352371216,1.44953107833862,1.49162936210632,1.49162936210632,-1,-1,1.73224854469299,253.046035766602,235.907554626465,42.0982837677002,278.005838394165,Instruction,Left,Right,Left,Right,Left,1,0,0,0,0,NaN,NaN,NaN,NaN,NaN,NaN,NaN,NaN,0,1,0,0,1,0,635,NaN,20260803_t1352_srsSmooth_Moretraining_B008,16,NaN,44.3707983970642,1.2978367805481,NaN,NaN,NaN,0,NaN,NaN,NaN,NaN,0
20260803_t1352_srsSmooth_Moretraining,srs_smooth_Moretraining,trial0827.mat,827,827,635,8,19,16,74,24,50,8,2,0,2,1,17,32121,1,1,2,1,2,1,1,2,1,2,SINGLE_T1_CORRECT,10,455,1,0,2,0,0,0,107,135,135,107,-28,107,1,0,180,10,180,10,170,170,NaN,NaN,NaN,1785782223.82507,14864.19184424,2.25804018974304,0.0114796161651611,0.264539480209351,0.806439161300659,1.3698673248291,1.58149766921997,1.61217045783997,1.61217045783997,-1,-1,1.83509135246277,253.059864044189,211.630344390869,30.6727886199951,242.303133010864,Instruction,Left,Right,Left,Right,Left,1,0,0,0,0,NaN,NaN,NaN,NaN,NaN,NaN,NaN,NaN,0,1,0,0,1,0,636,NaN,20260803_t1352_srsSmooth_Moretraining_B008,17,NaN,44.4290300806363,1.32508254051208,NaN,NaN,NaN,0,NaN,NaN,NaN,NaN,0
20260803_t1352_srsSmooth_Moretraining,srs_smooth_Moretraining,trial0828.mat,828,828,636,8,20,17,74,24,50,8,2,0,2,1,20,20552,1,1,2,1,2,1,1,2,1,2,SINGLE_T1_CORRECT,10,455,1,0,6,0,0,0,97,147,147,97,-50,97,1,180,0,190,180,10,170,170,NaN,NaN,NaN,1785782227.40777,14867.77464708,2.21840500831604,0.0122547149658203,0.223115921020508,0.798915386199951,1.23730278015137,1.45740365982056,1.4989116191864,1.4989116191864,-1,-1,1.78104043006897,210.861206054688,220.100879669189,41.5079593658447,261.608839035034,Instruction,Left,Right,Left,Right,Left,1,0,0,0,0,NaN,NaN,NaN,NaN,NaN,NaN,NaN,NaN,0,1,0,0,1,0,637,NaN,20260803_t1352_srsSmooth_Moretraining_B008,18,NaN,44.4887417594592,1.32466053962708,NaN,NaN,NaN,0,NaN,NaN,NaN,NaN,0
20260803_t1352_srsSmooth_Moretraining,srs_smooth_Moretraining,trial0829.mat,829,829,637,8,21,18,74,24,50,8,2,0,4,1,48,7739,1,2,1,2,2,2,2,2,2,2,SINGLE_T2_CORRECT,11,455,1,0,3,0,0,0,94,137,137,94,-43,137,1,180,190,0,10,180,-170,170,NaN,NaN,NaN,1785782230.92262,14871.28936516,2.23608827590942,0.0142161846160889,0.158966302871704,0.742345333099365,1.22259712219238,1.44190120697021,1.4834508895874,1.4834508895874,-1,-1,1.80080890655518,144.750118255615,219.304084777832,41.5496826171875,260.85376739502,Instruction,Right,Left,Left,Left,Left,1,0,0,0,0,NaN,NaN,NaN,NaN,NaN,NaN,NaN,NaN,1,0,0,0,0,0,638,NaN,20260803_t1352_srsSmooth_Moretraining_B008,19,NaN,44.5473225037257,1.29643964767456,NaN,NaN,NaN,0,NaN,NaN,NaN,NaN,0
20260803_t1352_srsSmooth_Moretraining,srs_smooth_Moretraining,trial0830.mat,830,830,638,8,22,19,74,24,50,8,2,0,1,1,7,23492,1,1,1,2,2,2,1,1,1,1,SINGLE_T1_CORRECT,10,455,1,0,5,0,0,0,111,176,176,111,-65,111,1,0,180,10,180,10,170,170,NaN,NaN,NaN,1785782234.49087,14874.85757668,2.46060276031494,0.0127730369567871,0.224048614501953,0.999597311019897,1.44616270065308,1.69057464599609,1.73066020011902,1.73066020011902,-1,-1,2.00280427932739,211.275577545166,244.411945343018,40.0855541229248,284.497499465942,Instruction,Right,Left,Right,Left,Right,1,0,0,0,0,NaN,NaN,NaN,NaN,NaN,NaN,NaN,NaN,1,0,1,0,1,0,639,NaN,20260803_t1352_srsSmooth_Moretraining_B008,20,NaN,44.6067933559418,1.33216285705566,NaN,NaN,NaN,0,NaN,NaN,NaN,NaN,0
20260803_t1352_srsSmooth_Moretraining,srs_smooth_Moretraining,trial0831.mat,831,831,639,8,23,20,74,24,50,8,2,0,3,1,34,15405,1,2,2,1,2,1,2,1,2,1,SINGLE_T2_CORRECT,11,455,1,0,7,0,0,0,108,133,133,108,-25,133,1,180,190,0,10,180,-170,170,NaN,NaN,NaN,1785782238.28618,14878.65261632,2.29839205741882,0.0176088809967041,0.229320049285889,0.870563745498657,1.25099158287048,1.51264882087708,1.55433464050293,1.55433464050293,-1,-1,1.83579516410828,211.711168289185,261.657238006592,41.6858196258545,303.343057632446,Instruction,Left,Right,Right,Right,Right,1,0,0,0,0,NaN,NaN,NaN,NaN,NaN,NaN,NaN,NaN,0,1,1,0,0,0,640,NaN,20260803_t1352_srsSmooth_Moretraining_B008,21,NaN,44.6700485905011,1.33471131324768,NaN,NaN,NaN,0,NaN,NaN,NaN,NaN,0
20260803_t1352_srsSmooth_Moretraining,srs_smooth_Moretraining,trial0832.mat,832,832,640,8,24,21,74,24,50,8,2,0,1,1,1,22222,1,1,1,2,2,2,1,1,1,1,SINGLE_T1_CORRECT,10,455,1,0,3,0,0,0,90,148,148,90,-58,90,1,180,0,190,180,10,170,170,NaN,NaN,NaN,1785782241.92365,14882.29019748,2.14363169670105,0.0136206150054932,0.0142753124237061,0.641910791397095,1.23866939544678,1.4501748085022,1.48975706100464,1.48975706100464,-1,-1,1.75582075119019,0.654697418212891,211.50541305542,39.5822525024414,251.087665557861,Instruction,Right,Left,Right,Left,Right,1,0,0,0,0,NaN,NaN,NaN,NaN,NaN,NaN,NaN,NaN,1,0,1,0,1,0,641,NaN,20260803_t1352_srsSmooth_Moretraining_B008,22,NaN,44.7306730310122,1.33907437324524,NaN,NaN,NaN,0,NaN,NaN,NaN,NaN,0
20260803_t1352_srsSmooth_Moretraining,srs_smooth_Moretraining,trial0833.mat,833,833,641,8,25,22,74,24,50,8,2,0,4,1,44,23468,1,2,1,2,2,2,2,2,2,2,SINGLE_T2_CORRECT,11,455,1,0,2,0,0,0,123,140,140,123,-17,140,1,0,10,180,10,180,-170,170,NaN,NaN,NaN,1785782245.33567,14885.70211888,2.25642609596252,0.0184071063995361,0.246679782867432,0.869623899459839,1.31012487411499,1.52963876724243,1.57132411003113,1.57132411003113,-1,-1,1.8176794052124,228.272676467896,219.513893127441,41.6853427886963,261.199235916138,Instruction,Right,Left,Left,Left,Left,1,0,0,0,0,NaN,NaN,NaN,NaN,NaN,NaN,NaN,NaN,1,0,0,0,0,0,642,NaN,20260803_t1352_srsSmooth_Moretraining_B008,23,NaN,44.7875399748484,1.26838493347168,NaN,NaN,NaN,0,NaN,NaN,NaN,NaN,0
20260803_t1352_srsSmooth_Moretraining,srs_smooth_Moretraining,trial0834.mat,834,834,642,8,26,23,74,24,50,8,2,0,4,1,45,21525,1,2,1,2,2,2,2,2,2,2,SINGLE_T2_CORRECT,11,455,1,0,2,0,0,0,96,147,147,96,-51,147,1,0,10,180,10,180,-170,170,NaN,NaN,NaN,1785782248.9007,14889.26694892,2.29262399673462,0.0118486881256104,0.140107154846191,0.756755828857422,1.32856774330139,1.52364349365234,1.56436467170715,1.56436467170715,-1,-1,1.81833219528198,128.258466720581,195.075750350952,40.7211780548096,235.796928405762,Instruction,Right,Left,Left,Left,Left,1,0,0,0,0,NaN,NaN,NaN,NaN,NaN,NaN,NaN,NaN,1,0,0,0,0,0,643,NaN,20260803_t1352_srsSmooth_Moretraining_B008,24,NaN,44.8469571789106,1.30860614776611,NaN,NaN,NaN,0,NaN,NaN,NaN,NaN,0
20260803_t1352_srsSmooth_Moretraining,srs_smooth_Moretraining,trial0835.mat,835,835,643,8,27,24,74,24,50,8,2,0,2,1,21,14989,1,1,2,1,2,1,1,2,1,2,SINGLE_T1_CORRECT,10,455,1,0,3,0,0,0,103,124,124,103,-21,103,1,0,180,10,180,10,170,170,NaN,NaN,NaN,1785782252.48835,14892.85459144,2.33810591697693,0.0160038471221924,0.235945224761963,0.944297790527344,1.38272476196289,1.59430027008057,1.63371157646179,1.63371157646179,-1,-1,1.91145515441895,219.941377639771,211.575508117676,39.4113063812256,250.986814498901,Instruction,Left,Right,Left,Right,Left,1,0,0,0,0,NaN,NaN,NaN,NaN,NaN,NaN,NaN,NaN,0,1,0,0,1,0,644,NaN,20260803_t1352_srsSmooth_Moretraining_B008,25,NaN,44.906751426061,1.29503083229065,NaN,NaN,NaN,0,NaN,NaN,NaN,NaN,0
20260803_t1352_srsSmooth_Moretraining,srs_smooth_Moretraining,trial0836.mat,836,836,644,8,28,25,74,24,50,8,2,0,3,1,37,32183,1,2,2,1,2,1,2,1,2,1,SINGLE_T2_CORRECT,11,455,1,0,4,0,0,0,99,150,150,99,-51,150,1,180,190,0,10,180,-170,170,NaN,NaN,NaN,1785782256.12914,14896.49524228,2.50587153434753,0.0170259475708008,0.301688671112061,0.86997652053833,1.433748960495,1.66929626464844,1.71147346496582,1.71147346496582,-1,-1,2.02065420150757,284.66272354126,235.547304153442,42.1772003173828,277.724504470825,Instruction,Left,Right,Right,Right,Right,1,0,0,0,0,NaN,NaN,NaN,NaN,NaN,NaN,NaN,NaN,0,1,1,0,0,0,645,NaN,20260803_t1352_srsSmooth_Moretraining_B008,26,NaN,44.9674312392871,1.30268287658691,NaN,NaN,NaN,0,NaN,NaN,NaN,NaN,0
20260803_t1352_srsSmooth_Moretraining,srs_smooth_Moretraining,trial0837.mat,837,837,645,8,29,26,74,24,50,8,2,0,2,1,23,23173,1,1,2,1,2,1,1,2,1,2,SINGLE_T1_CORRECT,10,455,1,0,6,0,0,0,105,122,122,105,-17,105,1,0,180,10,180,10,170,170,NaN,NaN,NaN,1785782259.96581,14900.331946,2.39393019676208,0.0138468742370605,0.197824716567993,0.991596937179565,1.43890357017517,1.68376541137695,1.7250669002533,1.7250669002533,-1,-1,1.95529365539551,183.977842330933,244.861841201782,41.3014888763428,286.163330078125,Instruction,Left,Right,Left,Right,Left,1,0,0,0,0,NaN,NaN,NaN,NaN,NaN,NaN,NaN,NaN,0,1,0,0,1,0,646,NaN,20260803_t1352_srsSmooth_Moretraining_B008,27,NaN,45.0313756426175,1.33079266548157,NaN,NaN,NaN,0,NaN,NaN,NaN,NaN,0
20260803_t1352_srsSmooth_Moretraining,srs_smooth_Moretraining,trial0838.mat,838,838,646,8,30,27,74,24,50,8,2,0,3,1,31,16762,1,2,2,1,2,1,2,1,2,1,SINGLE_T2_CORRECT,11,455,1,0,3,0,0,0,86,164,164,86,-78,164,1,0,10,180,10,180,-170,170,NaN,NaN,NaN,1785782263.69464,14904.06077408,2.44985103607178,0.0184991359710693,0.212896347045898,0.904727458953857,1.3602192401886,1.60511255264282,1.64488911628723,1.64488911628723,-1,-1,1.95266389846802,194.397211074829,244.893312454224,39.7765636444092,284.669876098633,Instruction,Left,Right,Right,Right,Right,1,0,0,0,0,NaN,NaN,NaN,NaN,NaN,NaN,NaN,NaN,0,1,1,0,0,0,647,NaN,20260803_t1352_srsSmooth_Moretraining_B008,28,NaN,45.0935228228569,1.33490061759949,NaN,NaN,NaN,0,NaN,NaN,NaN,NaN,0
20260803_t1352_srsSmooth_Moretraining,srs_smooth_Moretraining,trial0839.mat,839,839,647,8,31,28,74,24,50,8,2,0,1,1,11,499,1,1,1,2,2,2,1,1,1,1,SINGLE_T1_CORRECT,10,455,1,0,5,0,0,0,92,152,152,92,-60,92,1,180,0,190,180,10,170,170,NaN,NaN,NaN,1785782267.44181,14907.80786852,2.14403200149536,0.013136625289917,0.216378211975098,0.791044473648071,1.14651560783386,1.44123458862305,1.48052644729614,1.48052644729614,-1,-1,1.74171948432922,203.241586685181,294.718980789185,39.2918586730957,334.01083946228,Instruction,Right,Left,Right,Left,Right,1,0,0,0,0,NaN,NaN,NaN,NaN,NaN,NaN,NaN,NaN,1,0,1,0,1,0,648,NaN,20260803_t1352_srsSmooth_Moretraining_B008,29,NaN,45.1559757788976,1.29732632637024,NaN,NaN,NaN,0,NaN,NaN,NaN,NaN,0
20260803_t1352_srsSmooth_Moretraining,srs_smooth_Moretraining,trial0840.mat,840,840,648,8,32,29,74,24,50,8,2,0,1,1,13,26449,1,1,1,2,2,2,1,1,1,1,SINGLE_T1_CORRECT,10,455,1,0,3,0,0,0,98,166,166,98,-68,98,1,0,180,10,180,10,170,170,NaN,NaN,NaN,1785782270.89799,14911.26397436,2.27021145820618,0.0154275894165039,0.224624633789062,0.784947872161865,1.16547346115112,1.52729511260986,1.5662829875946,1.5662829875946,-1,-1,1.86106038093567,209.197044372559,361.82165145874,38.9878749847412,400.809526443481,Instruction,Right,Left,Right,Left,Right,1,0,0,0,0,NaN,NaN,NaN,NaN,NaN,NaN,NaN,NaN,1,0,1,0,1,0,649,NaN,20260803_t1352_srsSmooth_Moretraining_B008,30,NaN,45.2135787804921,1.31214809417725,NaN,NaN,NaN,0,NaN,NaN,NaN,NaN,0
20260803_t1352_srsSmooth_Moretraining,srs_smooth_Moretraining,trial0841.mat,841,841,649,8,33,30,74,24,50,8,2,0,1,1,12,6543,1,1,1,2,2,2,1,1,1,1,SINGLE_T1_CORRECT,10,455,1,0,1,0,0,0,98,117,117,98,-19,98,1,0,180,10,180,10,170,170,NaN,NaN,NaN,1785782274.47811,14914.84385424,2.42420697212219,0.0187835693359375,0.213754177093506,0.961526393890381,1.53551030158997,1.75337958335876,1.78611850738525,1.78611850738525,-1,-1,2.02056980133057,194.970607757568,217.869281768799,32.7389240264893,250.608205795288,Instruction,Right,Left,Right,Left,Right,1,0,0,0,0,NaN,NaN,NaN,NaN,NaN,NaN,NaN,NaN,1,0,1,0,1,0,650,NaN,20260803_t1352_srsSmooth_Moretraining_B008,31,NaN,45.2732474486033,1.30990862846375,NaN,NaN,NaN,0,NaN,NaN,NaN,NaN,0
20260803_t1352_srsSmooth_Moretraining,srs_smooth_Moretraining,trial0842.mat,842,842,650,8,34,31,74,24,50,8,2,0,4,1,43,14595,1,2,1,2,2,2,2,2,0,0,,0,11,0,1,1,0,0,0,80,144,144,80,-64,NaN,1,180,190,0,10,180,-170,170,NaN,NaN,NaN,1785782278.30457,14918.6702674,0.111921787261963,0.0174777507781982,0.0181686878204346,-1,-1,-1,-1,-1,-1,-1,-1,0.690937042236328,NaN,NaN,NaN,Instruction,Right,Left,None,Left,Left,1,0,0,0,0,NaN,NaN,NaN,NaN,NaN,NaN,NaN,NaN,1,0,0,0,0,0,650,NaN,20260803_t1352_srsSmooth_Moretraining_B008,NaN,NaN,45.3370217283567,1.40224981307983,NaN,NaN,NaN,0,NaN,NaN,NaN,NaN,0
20260803_t1352_srsSmooth_Moretraining,srs_smooth_Moretraining,trial0843.mat,843,843,650,8,35,31,74,24,50,8,2,0,1,1,5,14654,1,1,1,2,2,2,1,1,1,1,SINGLE_T1_CORRECT,10,455,1,0,3,0,0,0,98,183,183,98,-85,98,1,0,180,10,180,10,170,170,NaN,NaN,NaN,1785782279.66824,14920.0339718,2.49424242973328,0.0122001171112061,0.231625080108643,0.998894929885864,1.46225714683533,1.79057931900024,1.83029699325562,1.83029699325562,-1,-1,2.0832781791687,219.424962997437,328.322172164917,39.7176742553711,368.039846420288,Instruction,Right,Left,Right,Left,Right,1,0,0,0,0,NaN,NaN,NaN,NaN,NaN,NaN,NaN,NaN,1,0,1,0,1,0,651,NaN,20260803_t1352_srsSmooth_Moretraining_B008,32,NaN,45.3597494880358,1.25174379348755,NaN,NaN,NaN,0,NaN,NaN,NaN,NaN,0
20260803_t1352_srsSmooth_Moretraining,srs_smooth_Moretraining,trial0844.mat,844,844,651,8,36,32,74,24,50,8,2,0,3,1,35,5506,1,2,2,1,2,1,2,1,2,1,SINGLE_T2_CORRECT,11,455,1,0,3,0,0,0,120,119,119,120,1,119,1,180,190,0,10,180,-170,170,NaN,NaN,NaN,1785782283.45899,14923.8245916,2.30211281776428,0.0132603645324707,0.174893856048584,0.924967288970947,1.27997636795044,1.53092622756958,1.5642192363739,1.5642192363739,-1,-1,1.84007596969604,161.633491516113,250.949859619141,33.2930088043213,284.242868423462,Instruction,Left,Right,Right,Right,Right,1,0,0,0,0,NaN,NaN,NaN,NaN,NaN,NaN,NaN,NaN,0,1,1,0,0,0,652,NaN,20260803_t1352_srsSmooth_Moretraining_B008,33,NaN,45.4229287664096,1.29651427268982,NaN,NaN,NaN,0,NaN,NaN,NaN,NaN,0
20260803_t1352_srsSmooth_Moretraining,srs_smooth_Moretraining,trial0845.mat,845,845,652,8,37,33,74,24,50,8,2,0,3,1,30,22138,1,2,2,1,2,1,2,1,2,1,SINGLE_T2_CORRECT,11,455,1,0,6,0,0,0,100,156,156,100,-56,156,1,0,10,180,10,180,-170,170,NaN,NaN,NaN,1785782287.07141,14927.43696672,2.25722312927246,0.0176572799682617,0.18748664855957,0.853429794311523,1.20103812217712,1.42926931381226,1.4706404209137,1.4706404209137,-1,-1,1.7699499130249,169.829368591309,228.231191635132,41.3711071014404,269.602298736572,Instruction,Left,Right,Right,Right,Right,1,0,0,0,0,NaN,NaN,NaN,NaN,NaN,NaN,NaN,NaN,0,1,1,0,0,0,653,NaN,20260803_t1352_srsSmooth_Moretraining_B008,34,NaN,45.4831356366475,1.31029939651489,NaN,NaN,NaN,0,NaN,NaN,NaN,NaN,0
20260803_t1352_srsSmooth_Moretraining,srs_smooth_Moretraining,trial0846.mat,846,846,653,8,38,34,74,24,50,8,2,0,2,1,22,22161,1,1,2,1,2,1,1,2,1,2,SINGLE_T1_CORRECT,10,455,1,0,6,0,0,0,68,147,147,68,-79,68,1,0,180,10,180,10,170,170,NaN,NaN,NaN,1785782290.6375,14931.00309404,2.048828125,0.0183677673339844,0.196710109710693,0.746301651000977,1.08507657051086,1.32971358299255,1.37135148048401,1.37135148048401,-1,-1,1.64724493026733,178.342342376709,244.637012481689,41.6378974914551,286.274909973145,Instruction,Left,Right,Left,Right,Left,1,0,0,0,0,NaN,NaN,NaN,NaN,NaN,NaN,NaN,NaN,0,1,0,0,1,0,654,NaN,20260803_t1352_srsSmooth_Moretraining_B008,35,NaN,45.5425705949465,1.3088743686676,NaN,NaN,NaN,0,NaN,NaN,NaN,NaN,0
20260803_t1352_srsSmooth_Moretraining,srs_smooth_Moretraining,trial0847.mat,847,847,654,8,39,35,74,24,50,8,2,0,2,1,24,5690,1,1,2,1,2,1,1,2,1,2,SINGLE_T1_CORRECT,10,455,1,0,3,0,0,0,86,153,153,86,-67,86,1,180,0,190,180,10,170,170,NaN,NaN,NaN,1785782293.97617,14934.34161692,2.2265157699585,0.0131628513336182,0.207455635070801,0.841372013092041,1.26321315765381,1.48320555686951,1.52252840995789,1.52252840995789,-1,-1,1.82565689086914,194.292783737183,219.992399215698,39.3228530883789,259.315252304077,Instruction,Left,Right,Left,Right,Left,1,0,0,0,0,NaN,NaN,NaN,NaN,NaN,NaN,NaN,NaN,0,1,0,0,1,0,655,NaN,20260803_t1352_srsSmooth_Moretraining_B008,36,NaN,45.5982150713603,1.28984045982361,NaN,NaN,NaN,0,NaN,NaN,NaN,NaN,0
20260803_t1352_srsSmooth_Moretraining,srs_smooth_Moretraining,trial0848.mat,848,848,655,8,40,36,74,24,50,8,2,0,4,1,43,14595,1,2,1,2,2,2,2,2,2,2,SINGLE_T2_CORRECT,11,455,1,0,3,0,0,0,108,124,124,108,-16,124,1,0,10,180,10,180,-170,170,NaN,NaN,NaN,1785782297.53042,14937.895776,2.33806228637695,0.0173919200897217,0.245585918426514,0.960210561752319,1.40077877044678,1.55425572395325,1.59485268592834,1.59485268592834,-1,-1,1.90537858009338,228.193998336792,153.47695350647,40.5969619750977,194.073915481567,Instruction,Right,Left,Left,Left,Left,1,0,0,0,0,NaN,NaN,NaN,NaN,NaN,NaN,NaN,NaN,1,0,0,0,0,0,656,NaN,20260803_t1352_srsSmooth_Moretraining_B008,37,NaN,45.6574524919192,1.32772946357727,NaN,NaN,NaN,0,NaN,NaN,NaN,NaN,0
20260803_t1352_srsSmooth_Moretraining,srs_smooth_Moretraining,trial0849.mat,849,849,656,8,41,37,74,24,50,8,2,0,2,1,16,9367,1,1,2,1,2,1,1,2,1,2,SINGLE_T1_CORRECT,10,455,1,0,3,0,0,0,92,154,154,92,-62,92,1,0,180,10,180,10,170,170,NaN,NaN,NaN,1785782301.23931,14941.60460464,2.26421999931335,0.0169761180877686,0.244417905807495,0.878294467926025,1.46703410148621,1.53679609298706,1.57643866539001,1.57643866539001,-1,-1,1.87443327903748,227.441787719727,69.7619915008545,39.6425724029541,109.404563903809,Instruction,Left,Right,Left,Right,Left,1,0,0,0,0,NaN,NaN,NaN,NaN,NaN,NaN,NaN,NaN,0,1,0,0,1,0,657,NaN,20260803_t1352_srsSmooth_Moretraining_B008,38,NaN,45.7192673881849,1.37083148956299,NaN,NaN,NaN,0,NaN,NaN,NaN,NaN,0
20260803_t1352_srsSmooth_Moretraining,srs_smooth_Moretraining,trial0850.mat,850,850,657,8,42,38,74,24,50,8,2,0,3,1,33,3088,1,2,2,1,2,1,2,1,2,1,SINGLE_T2_CORRECT,11,455,1,0,5,0,0,0,67,157,157,67,-90,157,1,0,10,180,10,180,-170,170,NaN,NaN,NaN,1785782304.83741,14945.20268876,2.55717968940735,0.01902174949646,0.178359031677246,0.905257225036621,1.48574590682983,1.71373701095581,1.75579023361206,1.75579023361206,-1,-1,2.06966280937195,159.337282180786,227.991104125977,42.05322265625,270.044326782227,Instruction,Left,Right,Right,Right,Right,1,0,0,0,0,NaN,NaN,NaN,NaN,NaN,NaN,NaN,NaN,0,1,1,0,0,0,658,NaN,20260803_t1352_srsSmooth_Moretraining_B008,39,NaN,45.7792356610298,1.33387637138367,NaN,NaN,NaN,0,NaN,NaN,NaN,NaN,0
20260803_t1352_srsSmooth_Moretraining,srs_smooth_Moretraining,trial0851.mat,851,851,658,8,43,39,74,24,50,8,2,0,2,1,19,4275,1,1,2,1,2,1,1,2,1,2,SINGLE_T1_CORRECT,10,455,1,0,2,0,0,0,92,171,171,92,-79,92,1,0,180,10,180,10,170,170,NaN,NaN,NaN,1785782308.71701,14949.08192604,2.25245690345764,0.014568567276001,0.225999593734741,0.767838001251221,1.34795355796814,1.52610850334167,1.55698728561401,1.55698728561401,-1,-1,1.84310626983643,211.43102645874,178.154945373535,30.8787822723389,209.033727645874,Instruction,Left,Right,Left,Right,Left,1,0,0,0,0,NaN,NaN,NaN,NaN,NaN,NaN,NaN,NaN,0,1,0,0,1,0,659,NaN,20260803_t1352_srsSmooth_Moretraining_B008,40,NaN,45.8438957293828,1.32242441177368,NaN,NaN,NaN,0,NaN,NaN,NaN,NaN,0
20260803_t1352_srsSmooth_Moretraining,srs_smooth_Moretraining,trial0852.mat,852,852,659,8,44,40,74,24,50,8,2,0,1,1,2,17534,1,1,1,2,2,2,1,1,1,1,SINGLE_T1_CORRECT,10,455,1,0,1,0,0,0,102,128,128,102,-26,102,1,0,180,10,180,10,170,170,NaN,NaN,NaN,1785782312.26669,14952.6317748,2.40365552902222,0.0150299072265625,0.201361179351807,0.876075267791748,1.44841980934143,1.67429780960083,1.70748281478882,1.70748281478882,-1,-1,1.98424911499023,186.331272125244,225.878000259399,33.1850051879883,259.063005447388,Instruction,Right,Left,Right,Left,Right,1,0,0,0,0,NaN,NaN,NaN,NaN,NaN,NaN,NaN,NaN,1,0,1,0,1,0,660,NaN,20260803_t1352_srsSmooth_Moretraining_B008,41,NaN,45.9030570069949,1.29721975326538,NaN,NaN,NaN,0,NaN,NaN,NaN,NaN,0
20260803_t1352_srsSmooth_Moretraining,srs_smooth_Moretraining,trial0853.mat,853,853,660,8,45,41,74,24,50,8,2,0,3,1,28,13623,1,2,2,1,2,1,2,1,2,1,SINGLE_T2_CORRECT,11,455,1,0,1,0,0,0,97,160,160,97,-63,160,1,180,190,0,10,180,-170,170,NaN,NaN,NaN,1785782315.99414,14956.35905016,2.31029319763184,0.0127277374267578,0.190951347351074,0.740711450576782,1.32944679260254,1.5639123916626,1.59734344482422,1.59734344482422,-1,-1,1.84205079078674,178.223609924316,234.465599060059,33.4310531616211,267.89665222168,Instruction,Left,Right,Right,Right,Right,1,0,0,0,0,NaN,NaN,NaN,NaN,NaN,NaN,NaN,NaN,0,1,1,0,0,0,661,NaN,20260803_t1352_srsSmooth_Moretraining_B008,42,NaN,45.965181128184,1.32379174232483,NaN,NaN,NaN,0,NaN,NaN,NaN,NaN,0
20260803_t1352_srsSmooth_Moretraining,srs_smooth_Moretraining,trial0855.mat,855,855,661,8,47,42,74,24,50,8,2,0,4,1,50,5987,1,2,1,2,2,2,2,2,2,2,SINGLE_T2_CORRECT,11,455,1,0,4,0,0,0,97,128,128,97,-31,128,1,0,10,180,10,180,-170,170,NaN,NaN,NaN,1785782321.24544,14961.6102096,2.27564144134521,0.0116326808929443,0.148442983627319,0.787684440612793,1.29501533508301,1.52933716773987,1.56338214874268,1.56338214874268,-1,-1,1.81690192222595,136.810302734375,234.32183265686,34.0449810028076,268.366813659668,Instruction,Right,Left,Left,Left,Left,1,0,0,0,0,NaN,NaN,NaN,NaN,NaN,NaN,NaN,NaN,1,0,0,0,0,0,662,NaN,20260803_t1352_srsSmooth_Moretraining_B008,43,NaN,46.0527027964592,2.94100689888,NaN,NaN,NaN,0,NaN,NaN,NaN,NaN,0
20260803_t1352_srsSmooth_Moretraining,srs_smooth_Moretraining,trial0856.mat,856,856,662,8,48,43,74,24,50,8,2,0,3,1,27,17569,1,2,2,1,2,1,2,1,2,1,SINGLE_T2_CORRECT,11,455,1,0,3,0,0,0,108,141,141,108,-33,141,1,0,10,180,10,180,-170,170,NaN,NaN,NaN,1785782324.82916,14965.19393824,2.39943933486938,0.0113780498504639,0.247515201568604,0.895940542221069,1.31976222991943,1.62260174751282,1.66228890419006,1.66228890419006,-1,-1,1.93024587631226,236.13715171814,302.839517593384,39.6871566772461,342.52667427063,Instruction,Left,Right,Right,Right,Right,1,0,0,0,0,NaN,NaN,NaN,NaN,NaN,NaN,NaN,NaN,0,1,1,0,0,0,663,NaN,20260803_t1352_srsSmooth_Moretraining_B008,44,NaN,46.1124315897624,1.30808615684509,NaN,NaN,NaN,0,NaN,NaN,NaN,NaN,0
20260803_t1352_srsSmooth_Moretraining,srs_smooth_Moretraining,trial0857.mat,857,857,663,8,49,44,74,24,50,8,2,0,4,1,41,14384,1,2,1,2,2,2,2,2,2,2,SINGLE_T2_CORRECT,11,455,1,0,7,0,0,0,115,143,143,115,-28,143,1,180,190,0,10,180,-170,170,NaN,NaN,NaN,1785782328.56398,14968.92866432,2.40679359436035,0.0183687210083008,0.296082735061646,0.954710721969604,1.40175557136536,1.60425186157227,1.64649558067322,1.64649558067322,-1,-1,1.92967128753662,277.714014053345,202.496290206909,42.2437191009521,244.740009307861,Instruction,Right,Left,Left,Left,Left,1,0,0,0,0,NaN,NaN,NaN,NaN,NaN,NaN,NaN,NaN,1,0,0,0,0,0,664,NaN,20260803_t1352_srsSmooth_Moretraining_B008,45,NaN,46.1746786117554,1.33538198471069,NaN,NaN,NaN,0,NaN,NaN,NaN,NaN,0
20260803_t1352_srsSmooth_Moretraining,srs_smooth_Moretraining,trial0858.mat,858,858,664,8,50,45,74,24,50,8,2,0,3,1,38,30111,1,2,2,1,2,1,2,1,2,1,SINGLE_T2_CORRECT,11,455,1,0,6,0,0,0,115,151,151,115,-36,151,1,180,190,0,10,180,-170,170,NaN,NaN,NaN,1785782332.30623,14972.67093544,2.42374634742737,0.0179305076599121,0.270701169967651,0.904436588287354,1.37631702423096,1.64634227752686,1.68772172927856,1.68772172927856,-1,-1,1.93645548820496,252.770662307739,270.025253295898,41.379451751709,311.404705047607,Instruction,Left,Right,Right,Right,Right,1,0,0,0,0,NaN,NaN,NaN,NaN,NaN,NaN,NaN,NaN,0,1,1,0,0,0,665,NaN,20260803_t1352_srsSmooth_Moretraining_B008,46,NaN,46.2370494445165,1.33545637130737,NaN,NaN,NaN,0,NaN,NaN,NaN,NaN,0
20260803_t1352_srsSmooth_Moretraining,srs_smooth_Moretraining,trial0859.mat,859,859,665,8,51,46,74,24,50,8,2,0,1,1,9,32634,1,1,1,2,2,2,1,1,1,1,SINGLE_T1_CORRECT,10,455,1,0,5,0,0,0,86,176,176,86,-90,86,1,180,0,190,180,10,170,170,NaN,NaN,NaN,1785782336.06431,14976.42888732,2.24796557426453,0.0183324813842773,0.129368782043457,0.721396446228027,1.24338054656982,1.54659295082092,1.58812546730042,1.58812546730042,-1,-1,1.86258029937744,111.03630065918,303.212404251099,41.5325164794922,344.744920730591,Instruction,Right,Left,Right,Left,Right,1,0,0,0,0,NaN,NaN,NaN,NaN,NaN,NaN,NaN,NaN,1,0,1,0,1,0,666,NaN,20260803_t1352_srsSmooth_Moretraining_B008,47,NaN,46.2996840596199,1.33433055877686,NaN,NaN,NaN,0,NaN,NaN,NaN,NaN,0
20260803_t1352_srsSmooth_Moretraining,srs_smooth_Moretraining,trial0860.mat,860,860,666,8,52,47,74,24,50,8,2,0,1,1,10,2772,1,1,1,2,2,2,1,1,1,1,SINGLE_T1_CORRECT,10,455,1,0,4,0,0,0,100,158,158,100,-58,100,1,180,0,190,180,10,170,170,NaN,NaN,NaN,1785782339.63313,14979.99752352,2.15569615364075,0.0163183212280273,0.20072078704834,0.802905797958374,1.24136638641357,1.46107530593872,1.50932097434998,1.50932097434998,-1,-1,1.75022292137146,184.402465820312,219.708919525146,48.2456684112549,267.954587936401,Instruction,Right,Left,Right,Left,Right,1,0,0,0,0,NaN,NaN,NaN,NaN,NaN,NaN,NaN,NaN,1,0,1,0,1,0,667,NaN,20260803_t1352_srsSmooth_Moretraining_B008,48,NaN,46.3591644008954,1.32085490226746,NaN,NaN,NaN,0,NaN,NaN,NaN,NaN,0
20260803_t1352_srsSmooth_Moretraining,srs_smooth_Moretraining,trial0861.mat,861,861,667,8,53,48,74,24,50,8,2,0,2,1,14,15407,1,1,2,1,2,1,1,2,1,2,SINGLE_T1_CORRECT,10,455,1,0,6,0,0,0,113,158,158,113,-45,113,1,180,0,190,180,10,170,170,NaN,NaN,NaN,1785782343.13945,14983.50379724,2.2397141456604,0.0184671878814697,0.205319166183472,0.830389976501465,1.28518223762512,1.50543117523193,1.54686617851257,1.54686617851257,-1,-1,1.7782187461853,186.851978302002,220.248937606812,41.4350032806396,261.683940887451,Instruction,Left,Right,Left,Right,Left,1,0,0,0,0,NaN,NaN,NaN,NaN,NaN,NaN,NaN,NaN,0,1,0,0,1,0,668,NaN,20260803_t1352_srsSmooth_Moretraining_B008,49,NaN,46.4176030874252,1.35062503814697,NaN,NaN,NaN,0,NaN,NaN,NaN,NaN,0
20260803_t1352_srsSmooth_Moretraining,srs_smooth_Moretraining,trial0862.mat,862,862,668,8,54,49,74,24,50,8,2,0,4,1,39,13315,1,2,1,2,2,2,2,2,2,2,SINGLE_T2_CORRECT,11,455,1,0,2,0,0,0,125,146,146,125,-21,146,1,0,10,180,10,180,-170,170,NaN,NaN,NaN,1785782346.71602,14987.08024252,2.47278881072998,0.0170414447784424,0.228483915328979,0.912042140960693,1.45876431465149,1.69360733032227,1.72649931907654,1.72649931907654,-1,-1,2.02058458328247,211.442470550537,234.843015670776,32.8919887542725,267.735004425049,Instruction,Right,Left,Left,Left,Left,1,0,0,0,0,NaN,NaN,NaN,NaN,NaN,NaN,NaN,NaN,1,0,0,0,0,0,669,NaN,20260803_t1352_srsSmooth_Moretraining_B008,50,NaN,46.4772125005722,1.33685064315796,NaN,NaN,NaN,0,NaN,NaN,NaN,NaN,0
20260803_t1352_srsSmooth_Moretraining,srs_smooth_Moretraining,trial0863.mat,863,863,669,8,55,50,74,24,50,8,2,2,7,2,67,7018,2,0,1,2,2,2,1,1,2,2,CHOSE_LOW_SAL,2,455,1,0,3,0,0,0,97,130,130,97,-33,130,1,0,132.201485587999,57.7985144120014,132.201485587999,57.7985144120014,74.4029711759972,74.4029711759972,NaN,NaN,NaN,1785782350.48949,14990.85375536,2.33346509933472,0.0187151432037354,0.2190842628479,0.877788782119751,1.3437659740448,1.5553719997406,1.59557294845581,1.59557294845581,-1,-1,1.84686493873596,200.369119644165,211.606025695801,40.20094871521,251.806974411011,Conflict,Right,Left,Left,Left,Right,0,1,0,1,1,0,0,1,0,1,1,0,1,1,0,1,0,1,1,670,270,20260803_t1352_srsSmooth_Moretraining_B008,51,1,46.5401037216186,1.30068445205688,2,1,121,0,0,1,1,0,1
20260803_t1352_srsSmooth_Moretraining,srs_smooth_Moretraining,trial0865.mat,865,865,670,8,57,51,74,24,50,8,2,2,8,2,72,30833,2,0,2,1,2,1,1,2,1,2,CHOSE_HIGH_SAL,1,455,1,0,4,0,0,0,128,147,147,128,-19,128,1,0,148.30414306517,41.6958569348297,148.30414306517,41.6958569348297,106.608286130341,106.608286130341,NaN,NaN,NaN,1785782355.6693,14996.03352872,2.31112551689148,0.0141088962554932,0.242318391799927,1.03363013267517,1.38916254043579,1.59234619140625,1.63358187675476,1.63358187675476,-1,-1,1.87405276298523,228.209495544434,203.183650970459,41.2356853485107,244.41933631897,Conflict,Left,Right,Left,Right,Left,0,1,0,1,1,0,1,0,1,1,0,1,0,0,1,0,0,1,1,671,271,20260803_t1352_srsSmooth_Moretraining_B008,52,2,46.6264338453611,2.84634232521057,2,2,130,1,1,0,0,1,1
20260803_t1352_srsSmooth_Moretraining,srs_smooth_Moretraining,trial0866.mat,866,866,671,8,58,52,74,24,50,8,2,2,7,2,63,29235,2,0,1,2,2,2,1,1,0,0,,0,11,0,1,5,0,0,0,111,146,146,111,-35,NaN,1,180,355.578552821869,194.421447178131,175.578552821869,14.4214471781312,161.157105643738,161.157105643738,NaN,NaN,NaN,1785782359.30235,14999.6664874,1.55303883552551,0.014531135559082,0.267679452896118,0.975998878479004,-1,-1,-1,-1,-1,-1,-1,253.148317337036,NaN,NaN,NaN,Conflict,Right,Left,None,Left,Right,0,1,0,1,0,NaN,NaN,NaN,NaN,NaN,NaN,NaN,NaN,1,0,1,0,1,0,671,NaN,20260803_t1352_srsSmooth_Moretraining_B008,NaN,NaN,46.6869847257932,1.32192730903625,NaN,NaN,NaN,0,NaN,NaN,NaN,NaN,0
20260803_t1352_srsSmooth_Moretraining,srs_smooth_Moretraining,trial0867.mat,867,867,671,8,59,52,74,24,50,8,2,2,8,2,73,12423,2,0,2,1,2,1,1,2,2,1,CHOSE_LOW_SAL,2,455,1,0,3,0,0,0,108,195,195,108,-87,195,1,180,356.375631008334,193.624368991666,176.375631008334,13.6243689916665,162.751262016667,162.751262016667,NaN,NaN,NaN,1785782362.11647,15002.48041744,2.20608401298523,0.0171844959259033,0.143426656723022,0.711162090301514,1.31723427772522,1.32624864578247,1.35927176475525,1.35927176475525,-1,-1,1.67790794372559,126.242160797119,9.01436805725098,33.0231189727783,42.0374870300293,Conflict,Left,Right,Right,Right,Left,0,1,0,1,1,1,0,1,0,0,1,0,1,0,1,0,0,1,1,672,272,20260803_t1352_srsSmooth_Moretraining_B008,53,3,46.7338867823283,1.26108455657959,1,2,128,1,1,1,0,0,1
20260803_t1352_srsSmooth_Moretraining,srs_smooth_Moretraining,trial0868.mat,868,868,672,8,60,53,74,24,50,8,2,1,5,2,51,32244,2,0,1,2,2,2,2,2,1,1,CHOSE_LOW_SAL,2,455,1,0,7,0,0,0,101,147,147,101,-46,101,1,0,47.3907589092618,142.609241090738,47.3907589092618,142.609241090738,-95.2184821814765,95.2184821814765,NaN,NaN,NaN,1785782365.6615,15006.02538364,2.61975741386414,0.0139634609222412,0.24249267578125,1.04280352592468,1.61402678489685,1.89275074005127,1.93403053283691,1.93403053283691,-1,-1,2.19890522956848,228.529214859009,278.723955154419,41.2797927856445,320.003747940063,Congruent,Right,Left,Right,Left,Left,0,1,1,0,1,1,1,0,0,0,0,1,1,1,0,0,0,0,1,673,273,20260803_t1352_srsSmooth_Moretraining_B008,54,4,46.7929705301921,1.33894085884094,2,1,195,1,1,0,0,1,1
20260803_t1352_srsSmooth_Moretraining,srs_smooth_Moretraining,trial0869.mat,869,869,673,8,61,54,74,24,50,8,2,1,5,2,53,9518,2,0,1,2,2,2,2,2,2,2,CHOSE_HIGH_SAL,1,455,1,0,7,0,0,0,107,142,142,107,-35,142,1,180,273.829679449898,276.170320550102,93.8296794498978,96.1703205501022,-2.34064110020449,2.34064110020449,NaN,NaN,NaN,1785782369.5472,15009.91115064,2.4422652721405,0.0117511749267578,0.239889621734619,1.02264213562012,1.49514245986938,1.6814489364624,1.73163533210754,1.73163533210754,-1,-1,1.96349620819092,228.138446807861,186.306476593018,50.1863956451416,236.492872238159,Congruent,Right,Left,Left,Left,Left,0,1,1,0,1,0,0,1,1,1,1,0,0,1,0,0,0,0,1,674,274,20260803_t1352_srsSmooth_Moretraining_B008,55,5,46.8577321489652,1.26593971252441,1,1,101,1,1,1,0,0,1
20260803_t1352_srsSmooth_Moretraining,srs_smooth_Moretraining,trial0870.mat,870,870,674,8,62,55,74,24,50,8,2,1,6,2,62,30932,2,0,2,1,2,1,2,1,1,2,CHOSE_LOW_SAL,2,455,1,0,5,0,0,0,84,168,168,84,-84,84,1,180,208.604412063024,341.395587936976,28.6044120630239,161.395587936976,-132.791175873952,132.791175873952,NaN,NaN,NaN,1785782373.31582,15013.67961056,2.26432514190674,0.0182695388793945,0.210699319839478,0.971396207809448,1.41832518577576,1.56298637390137,1.60496258735657,1.60496258735657,-1,-1,1.86009550094604,192.429780960083,144.66118812561,41.9762134552002,186.637401580811,Congruent,Left,Right,Left,Right,Right,0,1,1,0,1,0,1,0,0,1,0,1,1,0,1,1,0,0,1,675,275,20260803_t1352_srsSmooth_Moretraining_B008,56,6,46.9205426255862,1.32636332511902,2,2,142,1,1,0,0,1,1
20260803_t1352_srsSmooth_Moretraining,srs_smooth_Moretraining,trial0871.mat,871,871,675,8,63,56,74,24,50,8,2,2,8,2,74,29163,2,0,2,1,2,1,1,2,1,2,CHOSE_HIGH_SAL,1,455,1,0,3,0,0,0,96,140,140,96,-44,96,1,0,125.103202001097,64.8967979989025,125.103202001097,64.8967979989025,60.206404002195,60.206404002195,NaN,NaN,NaN,1785782376.90137,15017.26500896,2.21310591697693,0.0162012577056885,0.202343940734863,0.952554225921631,1.5245943069458,1.54239916801453,1.58647584915161,1.58647584915161,-1,-1,1.81870007514954,186.142683029175,17.8048610687256,44.076681137085,61.8815422058105,Conflict,Left,Right,Left,Right,Left,0,1,0,1,1,0,1,0,1,1,0,1,0,0,1,0,0,1,1,676,276,20260803_t1352_srsSmooth_Moretraining_B008,57,7,46.9803016503652,1.32121634483337,1,2,84,1,0,0,1,1,1
20260803_t1352_srsSmooth_Moretraining,srs_smooth_Moretraining,trial0872.mat,872,872,676,8,64,57,74,24,50,8,2,1,5,2,54,21971,2,0,1,2,2,2,2,2,2,2,CHOSE_HIGH_SAL,1,455,1,0,5,0,0,0,111,131,131,111,-20,131,1,180,203.521522304344,346.478477695656,23.5215223043441,166.478477695656,-142.956955391312,142.956955391312,NaN,NaN,NaN,1785782380.4006,15020.76438472,1.99668836593628,0.0171096324920654,0.245321035385132,0.762278318405151,1.10881996154785,1.29491257667542,1.32613086700439,1.32613086700439,-1,-1,1.56809067726135,228.211402893066,186.092615127563,31.2182903289795,217.310905456543,Congruent,Right,Left,Left,Left,Left,0,1,1,0,1,0,0,1,1,1,1,0,0,1,0,0,0,0,1,677,277,20260803_t1352_srsSmooth_Moretraining_B008,58,8,47.0386221289635,1.28612279891968,1,2,96,1,1,0,0,1,1
20260803_t1352_srsSmooth_Moretraining,srs_smooth_Moretraining,trial0873.mat,873,873,677,8,65,58,74,24,50,8,2,1,5,2,56,26791,2,0,1,2,2,2,2,2,2,2,CHOSE_HIGH_SAL,1,455,1,0,4,0,0,0,86,153,153,86,-67,153,1,180,227.309450049877,322.690549950123,47.3094500498774,142.690549950123,-95.3810999002453,95.3810999002453,NaN,NaN,NaN,1785782383.72445,15024.0880484,2.16452240943909,0.0183861255645752,0.229726552963257,0.763345718383789,1.33510541915894,1.3615403175354,1.39660358428955,1.39660358428955,-1,-1,1.71085548400879,211.340427398682,26.4348983764648,35.0632667541504,61.4981651306152,Congruent,Right,Left,Left,Left,Left,0,1,1,0,1,0,0,1,1,1,1,0,0,1,0,0,0,0,1,678,278,20260803_t1352_srsSmooth_Moretraining_B008,59,9,47.0940196871758,1.32716512680054,2,2,131,1,0,0,1,1,1
20260803_t1352_srsSmooth_Moretraining,srs_smooth_Moretraining,trial0874.mat,874,874,678,8,66,59,74,24,50,8,2,1,6,2,60,7023,2,0,2,1,2,1,2,1,1,2,CHOSE_LOW_SAL,2,455,1,0,2,0,0,0,107,139,139,107,-32,107,1,0,58.387515302516,131.612484697484,58.387515302516,131.612484697484,-73.224969394968,73.224969394968,NaN,NaN,NaN,1785782387.22558,15027.58910936,2.09745812416077,0.0173914432525635,0.278427839279175,0.786979675292969,1.16743636131287,1.3784008026123,1.41871166229248,1.41871166229248,-1,-1,1.67328119277954,261.036396026611,210.964441299438,40.3108596801758,251.275300979614,Congruent,Left,Right,Left,Right,Right,0,1,1,0,1,0,1,0,0,1,0,1,1,0,1,1,0,0,1,679,279,20260803_t1352_srsSmooth_Moretraining_B008,60,10,47.1523718833923,1.33660936355591,2,2,153,1,1,0,0,1,1
20260803_t1352_srsSmooth_Moretraining,srs_smooth_Moretraining,trial0876.mat,876,876,679,8,68,60,74,24,50,8,2,2,7,2,65,9834,2,0,1,2,2,2,1,1,2,2,CHOSE_LOW_SAL,2,455,1,0,4,0,0,0,115,180,180,115,-65,180,1,0,130.13942853142,59.8605714685804,130.13942853142,59.8605714685804,70.2788570628392,70.2788570628392,NaN,NaN,NaN,1785782392.22461,15032.588078,2.38967037200928,0.0185546875,0.221556663513184,0.996867895126343,1.4686119556427,1.61988735198975,1.65256309509277,1.65256309509277,-1,-1,1.89466166496277,203.001976013184,151.275396347046,32.6757431030273,183.951139450073,Conflict,Right,Left,Left,Left,Right,0,1,0,1,1,0,0,1,0,1,1,0,1,1,0,1,0,1,1,680,280,20260803_t1352_srsSmooth_Moretraining_B008,61,11,47.2356890916824,2.90157437324524,1,2,107,1,1,0,0,1,1
20260803_t1352_srsSmooth_Moretraining,srs_smooth_Moretraining,trial0877.mat,877,877,680,8,69,61,74,24,50,8,2,1,6,2,58,7658,2,0,2,1,2,1,2,1,0,0,,0,11,0,1,2,0,0,0,99,150,150,99,-51,NaN,1,180,193.029086195818,356.970913804182,13.0290861958183,176.970913804182,-163.941827608363,163.941827608363,NaN,NaN,NaN,1785782395.94561,15036.30908092,1.67822885513306,0.0143718719482422,0.284259080886841,1.08379864692688,-1,-1,-1,-1,-1,-1,-1,269.887208938599,NaN,NaN,NaN,Congruent,Left,Right,None,Right,Right,0,1,1,0,0,NaN,NaN,NaN,NaN,NaN,NaN,NaN,NaN,0,1,1,0,0,0,680,NaN,20260803_t1352_srsSmooth_Moretraining_B008,NaN,NaN,47.2977056701978,1.33132433891296,NaN,NaN,NaN,0,NaN,NaN,NaN,NaN,0
20260803_t1352_srsSmooth_Moretraining,srs_smooth_Moretraining,trial0878.mat,878,878,680,8,70,61,74,24,50,8,2,2,7,2,66,11235,2,0,1,2,2,2,1,1,0,0,,0,11,0,1,4,0,0,0,88,163,163,88,-75,NaN,1,0,138.861984042906,51.1380159570936,138.861984042906,51.1380159570936,87.7239680858129,87.7239680858129,NaN,NaN,NaN,1785782398.87652,15039.23975296,1.69679808616638,0.0169136524200439,0.311420440673828,1.095219373703,-1,-1,-1,-1,-1,-1,-1,294.506788253784,NaN,NaN,NaN,Conflict,Right,Left,None,Left,Right,0,1,0,1,0,NaN,NaN,NaN,NaN,NaN,NaN,NaN,NaN,1,0,1,0,1,0,680,NaN,20260803_t1352_srsSmooth_Moretraining_B008,NaN,NaN,47.346554128329,1.25267863273621,NaN,NaN,NaN,0,NaN,NaN,NaN,NaN,0
20260803_t1352_srsSmooth_Moretraining,srs_smooth_Moretraining,trial0879.mat,879,879,680,8,71,61,74,24,50,8,2,2,7,2,63,29235,2,0,1,2,2,2,1,1,2,2,CHOSE_LOW_SAL,2,455,1,0,3,0,0,0,119,147,147,119,-28,147,1,0,100.149419490695,89.8505805093052,100.149419490695,89.8505805093052,10.2988389813895,10.2988389813895,NaN,NaN,NaN,1785782401.84097,15042.20418192,2.44201302528381,0.0192406177520752,0.247553825378418,0.980848073959351,1.51929974555969,1.68883943557739,1.72876024246216,1.72876024246216,-1,-1,1.95670819282532,228.313207626343,169.5396900177,39.9208068847656,209.460496902466,Conflict,Right,Left,Left,Left,Right,0,1,0,1,1,0,0,1,0,1,1,0,1,1,0,1,0,1,1,681,281,20260803_t1352_srsSmooth_Moretraining_B008,62,12,47.3959617098173,1.2676568031311,2,2,180,1,0,0,1,1,1
20260803_t1352_srsSmooth_Moretraining,srs_smooth_Moretraining,trial0880.mat,880,880,681,8,72,62,74,24,50,8,2,2,7,2,64,1111,2,0,1,2,2,2,1,1,0,0,,0,11,0,1,4,0,0,0,80,161,161,80,-81,NaN,1,0,173.091902230801,16.9080977691987,173.091902230801,16.9080977691987,156.183804461603,156.183804461603,NaN,NaN,NaN,1785782405.61071,15045.9737954,1.36214900016785,0.0163173675537109,0.200436353683472,0.952930688858032,-1,-1,-1,-1,-1,-1,-1,184.118986129761,NaN,NaN,NaN,Conflict,Right,Left,None,Left,Right,0,1,0,1,0,NaN,NaN,NaN,NaN,NaN,NaN,NaN,NaN,1,0,1,0,1,0,681,NaN,20260803_t1352_srsSmooth_Moretraining_B008,NaN,NaN,47.4587906837463,1.32772541046143,NaN,NaN,NaN,0,NaN,NaN,NaN,NaN,0
20260803_t1352_srsSmooth_Moretraining,srs_smooth_Moretraining,trial0881.mat,881,881,681,8,73,62,74,24,50,8,2,1,5,2,52,22680,2,0,1,2,2,2,2,2,1,1,CHOSE_LOW_SAL,2,455,1,0,2,0,0,0,121,183,183,121,-62,121,1,180,222.130814299296,327.869185700704,42.1308142992962,147.869185700704,-105.738371401408,105.738371401408,NaN,NaN,NaN,1785782408.22496,15048.58800116,2.30752873420715,0.0188436508178711,0.269735336303711,0.871687889099121,1.36055064201355,1.60396981239319,1.64666771888733,1.64666771888733,-1,-1,1.88954329490662,250.89168548584,243.419170379639,42.6979064941406,286.117076873779,Congruent,Right,Left,Right,Left,Left,0,1,1,0,1,1,1,0,0,0,0,1,1,1,0,0,0,0,1,682,282,20260803_t1352_srsSmooth_Moretraining_B008,63,13,47.5023616115252,1.25210666656494,2,2,147,1,1,1,0,0,1
20260803_t1352_srsSmooth_Moretraining,srs_smooth_Moretraining,trial0882.mat,882,882,682,8,74,63,74,24,50,8,2,1,6,2,61,31840,2,0,2,1,2,1,2,1,1,2,CHOSE_LOW_SAL,2,455,1,0,8,0,0,0,122,163,163,122,-41,122,1,0,88.9097424664005,101.0902575336,88.9097424664005,101.0902575336,-12.1805150671991,12.1805150671991,NaN,NaN,NaN,1785782411.79411,15052.15717576,2.36325359344482,0.0164873600006104,0.21143102645874,0.992609024047852,1.3748733997345,1.56910109519958,1.61115431785583,1.61115431785583,-1,-1,1.91220164299011,194.94366645813,194.227695465088,42.05322265625,236.280918121338,Congruent,Left,Right,Left,Right,Right,0,1,1,0,1,0,1,0,0,1,0,1,1,0,1,1,0,0,1,683,283,20260803_t1352_srsSmooth_Moretraining_B008,64,14,47.561847448349,1.26162147521973,1,1,121,1,0,1,1,0,1
20260803_t1352_srsSmooth_Moretraining,srs_smooth_Moretraining,trial0883.mat,883,883,683,8,75,64,74,24,50,8,2,1,6,2,59,8832,2,0,2,1,2,1,2,1,2,1,CHOSE_HIGH_SAL,1,455,1,0,3,0,0,0,94,155,155,94,-61,155,1,180,192.460049223062,357.539950776938,12.4600492230625,177.539950776938,-165.079901553875,165.079901553875,NaN,NaN,NaN,1785782415.48544,15055.84839196,2.1891405582428,0.0169763565063477,0.270371675491333,0.820151567459106,1.36702942848206,1.36887073516846,1.41001772880554,1.41001772880554,-1,-1,1.71971607208252,253.395318984985,1.84130668640137,41.146993637085,42.9883003234863,Congruent,Left,Right,Right,Right,Right,0,1,1,0,1,1,0,1,1,0,1,0,0,0,1,1,0,0,1,684,284,20260803_t1352_srsSmooth_Moretraining_B008,65,15,47.623369483153,1.32806849479675,1,2,122,1,1,1,0,0,1
20260803_t1352_srsSmooth_Moretraining,srs_smooth_Moretraining,trial0884.mat,884,884,684,8,76,65,74,24,50,8,2,2,8,2,71,14821,2,0,2,1,2,1,1,2,0,0,,0,11,0,1,3,0,0,0,101,155,155,101,-54,NaN,1,180,285.636123974156,264.363876025844,105.636123974156,84.3638760258445,21.272247948311,21.272247948311,NaN,NaN,NaN,1785782419.0045,15059.36740508,0.37679123878479,0.014718770980835,0.243068218231201,-1,-1,-1,-1,-1,-1,-1,-1,228.349447250366,NaN,NaN,NaN,Conflict,Left,Right,None,Right,Left,0,1,0,1,0,NaN,NaN,NaN,NaN,NaN,NaN,NaN,NaN,0,1,0,0,1,0,684,NaN,20260803_t1352_srsSmooth_Moretraining_B008,NaN,NaN,47.6820205251376,1.32992196083069,NaN,NaN,NaN,0,NaN,NaN,NaN,NaN,0
20260803_t1352_srsSmooth_Moretraining,srs_smooth_Moretraining,trial0885.mat,885,885,684,8,77,65,74,24,50,8,2,2,8,2,70,23052,2,0,2,1,2,1,1,2,0,0,,0,11,0,1,0,0,0,0,131,116,116,131,15,NaN,1,180,317.078633123745,232.921366876255,137.078633123745,52.9213668762552,84.1572662474896,84.1572662474896,NaN,NaN,NaN,1785782420.59651,15060.95947196,0.0930235385894775,0.0144343376159668,0.0230822563171387,-1,-1,-1,-1,-1,-1,-1,-1,8.64791870117188,NaN,NaN,NaN,Conflict,Left,Right,None,Right,Left,0,1,0,1,0,NaN,NaN,NaN,NaN,NaN,NaN,NaN,NaN,0,1,0,0,1,0,684,NaN,20260803_t1352_srsSmooth_Moretraining_B008,NaN,NaN,47.7085540850957,1.21522235870361,NaN,NaN,NaN,0,NaN,NaN,NaN,NaN,0
20260803_t1352_srsSmooth_Moretraining,srs_smooth_Moretraining,trial0886.mat,886,886,684,8,78,65,74,24,50,8,2,2,7,2,68,32248,2,0,1,2,2,2,1,1,1,1,CHOSE_HIGH_SAL,1,455,1,0,6,0,0,0,92,144,144,92,-52,92,1,180,294.093719026814,255.906280973186,114.093719026814,75.9062809731859,38.1874380536281,38.1874380536281,NaN,NaN,NaN,1785782421.90639,15062.26916824,2.04311203956604,0.012941837310791,0.191130876541138,0.799516201019287,1.16298794746399,1.25725126266479,1.29851293563843,1.29851293563843,-1,-1,1.60762548446655,178.189039230347,94.2633152008057,41.2616729736328,135.524988174438,Conflict,Right,Left,Right,Left,Right,0,1,0,1,1,1,1,0,1,0,0,1,0,1,0,1,0,1,1,685,285,20260803_t1352_srsSmooth_Moretraining_B008,66,16,47.7303853750229,1.21685385704041,2,1,155,1,1,0,0,1,1
20260803_t1352_srsSmooth_Moretraining,srs_smooth_Moretraining,trial0887.mat,887,887,685,8,79,65,74,24,50,8,2,2,7,2,68,32248,2,0,1,2,2,2,1,1,2,2,CHOSE_LOW_SAL,2,455,1,0,4,0,0,0,46,144,144,46,-98,144,1,180,294.093719026814,255.906280973186,114.093719026814,75.9062809731859,38.1874380536281,38.1874380536281,NaN,NaN,NaN,1785782425.24773,15065.61058452,2.27625870704651,0.0134012699127197,0.214676856994629,0.891717672348022,1.25511693954468,1.466801404953,1.50607538223267,1.50607538223267,-1,-1,1.81517553329468,201.275587081909,211.684465408325,39.2739772796631,250.958442687988,Conflict,Right,Left,Left,Left,Right,0,1,0,1,1,0,0,1,0,1,1,0,1,1,0,1,0,1,1,686,286,20260803_t1352_srsSmooth_Moretraining_B008,67,17,47.7860743522644,1.29822659492493,1,1,92,1,1,1,0,0,1
20260803_t1352_srsSmooth_Moretraining,srs_smooth_Moretraining,trial0888.mat,888,888,686,8,80,66,74,24,50,8,2,1,6,2,57,8207,2,0,2,1,2,1,2,1,1,2,CHOSE_LOW_SAL,2,455,1,0,2,0,0,0,98,154,154,98,-56,98,1,0,56.6844926655002,133.3155073345,56.6844926655002,133.3155073345,-76.6310146689997,76.6310146689997,NaN,NaN,NaN,1785782428.86899,15069.23158912,2.15499877929688,0.0172820091247559,0.278559923171997,0.836561441421509,1.23399686813354,1.40313076972961,1.44345307350159,1.44345307350159,-1,-1,1.75020146369934,261.277914047241,169.133901596069,40.3223037719727,209.456205368042,Congruent,Left,Right,Left,Right,Right,0,1,1,0,1,0,1,0,0,1,0,1,1,0,1,1,0,0,1,687,287,20260803_t1352_srsSmooth_Moretraining_B008,68,18,47.84642872413,1.34500360488892,2,2,144,1,1,0,0,1,1
20260803_t1352_srsSmooth_Moretraining,srs_smooth_Moretraining,trial0889.mat,889,889,687,8,81,67,74,24,50,8,2,2,7,2,64,1111,2,0,1,2,2,2,1,1,2,2,CHOSE_LOW_SAL,2,455,1,0,5,0,0,0,82,138,138,82,-56,138,1,180,312.969015749711,237.030984250289,132.969015749711,57.0309842502893,75.9380314994214,75.9380314994214,NaN,NaN,NaN,1785782432.36247,15072.7251528,2.13678574562073,0.0156111717224121,0.225021362304688,0.727439641952515,1.34066390991211,1.34623289108276,1.38341283798218,1.38341283798218,-1,-1,1.69076943397522,209.410190582275,5.5689811706543,37.1799468994141,42.7489280700684,Conflict,Right,Left,Left,Left,Right,0,1,0,1,1,0,0,1,0,1,1,0,1,1,0,1,0,1,1,688,288,20260803_t1352_srsSmooth_Moretraining_B008,69,19,47.9046533028285,1.33847594261169,1,2,98,1,1,0,0,1,1
20260803_t1352_srsSmooth_Moretraining,srs_smooth_Moretraining,trial0890.mat,890,890,688,8,82,68,74,24,50,8,2,1,6,2,58,7658,2,0,2,1,2,1,2,1,1,2,CHOSE_LOW_SAL,2,455,1,0,5,0,0,0,106,138,138,106,-32,106,1,180,212.118766555183,337.881233444817,32.1187665551832,157.881233444817,-125.762466889634,125.762466889634,NaN,NaN,NaN,1785782435.82772,15076.19036128,2.19709515571594,0.0171563625335693,0.217795133590698,0.778981924057007,1.2255380153656,1.42076420783997,1.46223855018616,1.46223855018616,-1,-1,1.75140833854675,200.638771057129,195.226192474365,41.4743423461914,236.700534820557,Congruent,Left,Right,Left,Right,Right,0,1,1,0,1,0,1,0,0,1,0,1,1,0,1,1,0,0,1,689,289,20260803_t1352_srsSmooth_Moretraining_B008,70,20,47.9624076008797,1.32847213745117,2,2,138,1,1,0,0,1,1
20260803_t1352_srsSmooth_Moretraining,srs_smooth_Moretraining,trial0891.mat,891,891,689,8,83,69,74,24,50,8,2,2,8,2,71,14821,2,0,2,1,2,1,1,2,2,1,CHOSE_LOW_SAL,2,455,1,0,5,0,0,0,104,159,159,104,-55,159,1,0,98.8842219867034,91.1157780132966,98.8842219867034,91.1157780132966,7.76844397340687,7.76844397340687,NaN,NaN,NaN,1785782439.35856,15079.7209476,2.39199376106262,0.0114591121673584,0.180550098419189,0.790082454681396,1.3615128993988,1.58139944076538,1.62323474884033,1.62323474884033,-1,-1,1.89842391014099,169.090986251831,219.886541366577,41.8353080749512,261.721849441528,Conflict,Left,Right,Right,Right,Left,0,1,0,1,1,1,0,1,0,0,1,0,1,0,1,0,0,1,1,690,290,20260803_t1352_srsSmooth_Moretraining_B008,71,21,48.0212548693021,1.33374094963074,1,2,106,1,1,1,0,0,1
20260803_t1352_srsSmooth_Moretraining,srs_smooth_Moretraining,trial0892.mat,892,892,690,8,84,70,74,24,50,8,2,1,5,2,55,18810,2,0,1,2,2,2,2,2,1,1,CHOSE_LOW_SAL,2,455,1,0,4,0,0,0,118,158,158,118,-40,118,1,0,28.2221120226454,161.777887977355,28.2221120226454,161.777887977355,-133.555775954709,133.555775954709,NaN,NaN,NaN,1785782443.09884,15083.46122268,2.46019721031189,0.0129885673522949,0.232905387878418,0.990815401077271,1.46304702758789,1.71573424339294,1.76407480239868,1.76407480239868,-1,-1,2.04031705856323,219.916820526123,252.687215805054,48.3405590057373,301.027774810791,Congruent,Right,Left,Right,Left,Left,0,1,1,0,1,1,1,0,0,0,0,1,1,1,0,0,0,0,1,691,291,20260803_t1352_srsSmooth_Moretraining_B008,72,22,48.0835929433505,1.34829068183899,2,1,159,1,1,0,0,1,1
20260803_t1352_srsSmooth_Moretraining,srs_smooth_Moretraining,trial0893.mat,893,893,691,8,85,71,74,24,50,8,2,2,7,2,66,11235,2,0,1,2,2,2,1,1,1,1,CHOSE_HIGH_SAL,1,455,1,0,3,0,0,0,104,173,173,104,-69,104,1,180,305.320288881783,244.679711118217,125.320288881783,64.6797111182166,60.6405777635669,60.6405777635669,NaN,NaN,NaN,1785782446.89537,15087.2576968,2.13246035575867,0.0166091918945312,0.018826961517334,0.619283199310303,1.17498922348022,1.41180205345154,1.45340418815613,1.45340418815613,-1,-1,1.71000576019287,2.21776962280273,236.812829971313,41.6021347045898,278.414964675903,Conflict,Right,Left,Right,Left,Right,0,1,0,1,1,1,1,0,1,0,0,1,0,1,0,1,0,1,1,692,292,20260803_t1352_srsSmooth_Moretraining_B008,73,23,48.1468684355418,1.33633232116699,1,1,118,1,0,0,1,1,1
20260803_t1352_srsSmooth_Moretraining,srs_smooth_Moretraining,trial0894.mat,894,894,692,8,86,71,74,24,50,8,2,2,7,2,66,11235,2,0,1,2,2,2,1,1,1,1,CHOSE_HIGH_SAL,1,455,1,0,3,0,0,0,52,173,173,52,-121,52,1,180,305.320288881783,244.679711118217,125.320288881783,64.6797111182166,60.6405777635669,60.6405777635669,NaN,NaN,NaN,1785782450.34106,15090.70340356,1.99331545829773,0.0127222537994385,0.131790161132812,0.73263692855835,1.0710973739624,1.31527352333069,1.35739278793335,1.35739278793335,-1,-1,1.63924074172974,119.067907333374,244.176149368286,42.1192646026611,286.295413970947,Conflict,Right,Left,Right,Left,Right,0,1,0,1,1,1,1,0,1,0,0,1,0,1,0,1,0,1,1,693,293,20260803_t1352_srsSmooth_Moretraining_B008,74,24,48.2042966008186,1.31322956085205,1,1,104,1,0,0,1,1,1
20260803_t1352_srsSmooth_Moretraining,srs_smooth_Moretraining,trial0895.mat,895,895,693,8,87,71,74,24,50,8,2,2,7,2,66,11235,2,0,1,2,2,2,1,1,2,2,CHOSE_LOW_SAL,2,455,1,0,4,0,0,0,26,173,173,26,-147,173,1,180,305.320288881783,244.679711118217,125.320288881783,64.6797111182166,60.6405777635669,60.6405777635669,NaN,NaN,NaN,1785782453.65184,15094.01394556,2.13870477676392,0.0187420845031738,0.255369424819946,0.772201299667358,1.1521201133728,1.37173581123352,1.40314531326294,1.40314531326294,-1,-1,1.6483302116394,236.627340316772,219.615697860718,31.4095020294189,251.025199890137,Conflict,Right,Left,Left,Left,Right,0,1,0,1,1,0,0,1,0,1,1,0,1,1,0,1,0,1,1,694,294,20260803_t1352_srsSmooth_Moretraining_B008,75,25,48.2594762365023,1.317462682724,1,1,52,1,1,1,0,0,1
20260803_t1352_srsSmooth_Moretraining,srs_smooth_Moretraining,trial0896.mat,896,896,694,8,88,72,74,24,50,8,2,2,8,2,69,10036,2,0,2,1,2,1,1,2,1,2,CHOSE_HIGH_SAL,1,455,1,0,2,0,0,0,111,148,148,111,-37,111,1,0,170.217852376219,19.7821476237814,170.217852376219,19.7821476237814,150.435704752437,150.435704752437,NaN,NaN,NaN,1785782457.09346,15097.45560356,2.32571268081665,0.0189249515533447,0.280198335647583,1.04744982719421,1.55232000350952,1.58734583854675,1.61966753005981,1.61966753005981,-1,-1,1.90599942207336,261.273384094238,35.0258350372314,32.3216915130615,67.347526550293,Conflict,Left,Right,Left,Right,Left,0,1,0,1,1,0,1,0,1,1,0,1,0,0,1,0,0,1,1,695,295,20260803_t1352_srsSmooth_Moretraining_B008,76,26,48.3168365557989,1.30291438102722,2,2,173,1,1,0,0,1,1
20260803_t1352_srsSmooth_Moretraining,srs_smooth_Moretraining,trial0897.mat,897,897,695,8,89,73,74,24,50,8,2,2,8,2,70,23052,2,0,2,1,2,1,1,2,0,0,,0,11,0,1,3,0,0,0,82,135,135,82,-53,NaN,1,180,354.556475360048,195.443524639952,174.556475360048,15.4435246399519,159.112950720096,159.112950720096,NaN,NaN,NaN,1785782460.6973,15101.05936992,1.54500794410706,0.0152244567871094,0.226641178131104,0.98279857635498,-1,-1,-1,-1,-1,-1,-1,211.416721343994,NaN,NaN,NaN,Conflict,Left,Right,None,Right,Left,0,1,0,1,0,NaN,NaN,NaN,NaN,NaN,NaN,NaN,NaN,0,1,0,0,1,0,695,NaN,20260803_t1352_srsSmooth_Moretraining_B008,NaN,NaN,48.3769005974134,1.2781298160553,NaN,NaN,NaN,0,NaN,NaN,NaN,NaN,0
20260803_t1352_srsSmooth_Moretraining,srs_smooth_Moretraining,trial0898.mat,898,898,695,8,90,73,74,24,50,8,2,2,8,2,70,23052,2,0,2,1,2,1,1,2,1,2,CHOSE_HIGH_SAL,1,455,1,0,6,0,0,0,93,144,144,93,-51,93,1,0,158.609918944352,31.3900810556478,158.609918944352,31.3900810556478,127.219837888704,127.219837888704,NaN,NaN,NaN,1785782463.48557,15103.84757508,2.13177061080933,0.0187389850616455,0.197033882141113,0.846487760543823,1.22711992263794,1.34701132774353,1.38847374916077,1.38847374916077,-1,-1,1.70559644699097,178.294897079468,119.891405105591,41.4624214172363,161.353826522827,Conflict,Left,Right,Left,Right,Left,0,1,0,1,1,0,1,0,1,1,0,1,0,0,1,0,0,1,1,696,296,20260803_t1352_srsSmooth_Moretraining_B008,77,27,48.4233716567357,1.24325561523438,1,2,111,1,0,0,1,1,1
20260803_t1352_srsSmooth_Moretraining,srs_smooth_Moretraining,trial0899.mat,899,899,696,9,1,0,78,28,50,8,1,0,2,1,21,12706,1,1,2,1,1,2,1,2,1,2,SINGLE_T1_CORRECT,10,455,1,0,4,0,0,0,198,75,198,75,123,198,1,0,180,10,180,10,170,170,NaN,NaN,NaN,1785782466.95478,15107.31668592,2.33811974525452,0.0163271427154541,0.244231939315796,1.02772951126099,1.46638512611389,1.53541684150696,1.57771801948547,1.57771801948547,-1,-1,1.81033158302307,227.904796600342,69.0317153930664,42.3011779785156,111.332893371582,Instruction,Left,Right,Left,Left,Left,1,0,0,0,0,NaN,NaN,NaN,NaN,NaN,NaN,NaN,NaN,0,0,0,1,1,0,697,NaN,20260803_t1352_srsSmooth_Moretraining_B009,1,NaN,48.4811919013659,1.33744406700134,NaN,NaN,NaN,0,NaN,NaN,NaN,NaN,0
20260803_t1352_srsSmooth_Moretraining,srs_smooth_Moretraining,trial0900.mat,900,900,697,9,2,1,78,28,50,8,1,0,1,1,10,15027,1,1,1,2,1,1,1,1,1,1,SINGLE_T1_CORRECT,10,455,1,0,4,0,0,0,188,46,188,46,142,188,1,0,180,10,180,10,170,170,NaN,NaN,NaN,1785782470.63621,15110.99811032,2.29888677597046,0.0183813571929932,0.261279344558716,0.879534006118774,1.22676372528076,1.47975993156433,1.52174282073975,1.52174282073975,-1,-1,1.79634428024292,242.897987365723,252.996206283569,41.982889175415,294.979095458984,Instruction,Right,Left,Right,Right,Right,1,0,0,0,0,NaN,NaN,NaN,NaN,NaN,NaN,NaN,NaN,1,1,1,1,1,0,698,NaN,20260803_t1352_srsSmooth_Moretraining_B009,2,NaN,48.5425489823023,1.3433051109314,NaN,NaN,NaN,0,NaN,NaN,NaN,NaN,0
20260803_t1352_srsSmooth_Moretraining,srs_smooth_Moretraining,trial0901.mat,901,901,698,9,3,2,78,28,50,8,1,0,3,1,34,32251,1,2,2,1,1,2,2,1,2,1,SINGLE_T2_CORRECT,11,455,1,0,6,0,0,0,194,95,194,95,99,95,1,0,10,180,10,180,-170,170,NaN,NaN,NaN,1785782474.25189,15114.61354764,2.24922966957092,0.0111744403839111,0.147771120071411,0.781152486801147,1.2695574760437,1.55606865882874,1.59796643257141,1.59796643257141,-1,-1,1.85404253005981,136.5966796875,286.511182785034,41.8977737426758,328.40895652771,Instruction,Left,Right,Right,Left,Right,1,0,0,0,0,NaN,NaN,NaN,NaN,NaN,NaN,NaN,NaN,0,0,1,1,0,0,699,NaN,20260803_t1352_srsSmooth_Moretraining_B009,3,NaN,48.602810382843,1.31679725646973,NaN,NaN,NaN,0,NaN,NaN,NaN,NaN,0
20260803_t1352_srsSmooth_Moretraining,srs_smooth_Moretraining,trial0902.mat,902,902,699,9,4,3,78,28,50,8,1,0,4,1,50,21765,1,2,1,2,1,1,2,2,2,2,SINGLE_T2_CORRECT,11,455,1,0,5,0,0,0,182,57,182,57,125,57,1,180,190,0,10,180,-170,170,NaN,NaN,NaN,1785782477.8297,15118.19149928,2.07128977775574,0.0168349742889404,0.25323486328125,0.76127290725708,1.15854692459106,1.35317087173462,1.39477705955505,1.39477705955505,-1,-1,1.66161942481995,236.39988899231,194.623947143555,41.6061878204346,236.230134963989,Instruction,Right,Left,Left,Right,Left,1,0,0,0,0,NaN,NaN,NaN,NaN,NaN,NaN,NaN,NaN,1,1,0,1,0,0,700,NaN,20260803_t1352_srsSmooth_Moretraining_B009,4,NaN,48.6624406258265,1.32858490943909,NaN,NaN,NaN,0,NaN,NaN,NaN,NaN,0
20260803_t1352_srsSmooth_Moretraining,srs_smooth_Moretraining,trial0903.mat,903,903,700,9,5,4,78,28,50,8,1,0,4,1,45,15497,1,2,1,2,1,1,2,2,0,0,,0,11,0,1,2,0,0,0,188,46,188,46,142,NaN,1,180,190,0,10,180,-170,170,NaN,NaN,NaN,1785782481.23636,15121.59790708,1.3980405330658,0.0186471939086914,0.163312911987305,0.880604028701782,-1,-1,-1,-1,-1,-1,-1,144.665718078613,NaN,NaN,NaN,Instruction,Right,Left,None,Right,Left,1,0,0,0,0,NaN,NaN,NaN,NaN,NaN,NaN,NaN,NaN,1,1,0,1,0,0,700,NaN,20260803_t1352_srsSmooth_Moretraining_B009,NaN,NaN,48.7192182183266,1.33536577224731,NaN,NaN,NaN,0,NaN,NaN,NaN,NaN,0
20260803_t1352_srsSmooth_Moretraining,srs_smooth_Moretraining,trial0904.mat,904,904,700,9,6,4,78,28,50,8,1,0,3,1,28,15875,1,2,2,1,1,2,2,1,2,1,SINGLE_T2_CORRECT,11,455,1,0,8,0,0,0,176,78,176,78,98,78,1,0,10,180,10,180,-170,170,NaN,NaN,NaN,1785782483.88613,15124.24766712,2.58380794525146,0.0189816951751709,0.213911533355713,0.997452020645142,1.56070971488953,1.8721010684967,1.9142472743988,1.9142472743988,-1,-1,2.17218327522278,194.929838180542,311.391353607178,42.1462059020996,353.537559509277,Instruction,Left,Right,Right,Left,Right,1,0,0,0,0,NaN,NaN,NaN,NaN,NaN,NaN,NaN,NaN,0,0,1,1,0,0,701,NaN,20260803_t1352_srsSmooth_Moretraining_B009,5,NaN,48.7633810599645,1.25172996520996,NaN,NaN,NaN,0,NaN,NaN,NaN,NaN,0
20260803_t1352_srsSmooth_Moretraining,srs_smooth_Moretraining,trial0905.mat,905,905,701,9,7,5,78,28,50,8,1,0,3,1,38,31676,1,2,2,1,1,2,2,1,0,0,,0,454,0,1,6,0,0,0,167,60,167,60,107,NaN,1,0,10,180,10,180,-170,170,NaN,NaN,NaN,1785782487.79432,15128.15579432,1.64122557640076,0.0192811489105225,0.180704355239868,0.872704267501831,1.32766628265381,1.54775643348694,-1,-1,-1,-1,-1,161.423206329346,220.09015083313,NaN,NaN,Instruction,Left,Right,None,Left,Right,1,0,0,0,0,NaN,NaN,NaN,NaN,NaN,NaN,NaN,NaN,0,0,1,1,0,0,701,NaN,20260803_t1352_srsSmooth_Moretraining_B009,NaN,NaN,48.8285175522168,1.32438158988953,NaN,NaN,NaN,0,NaN,NaN,NaN,NaN,0
20260803_t1352_srsSmooth_Moretraining,srs_smooth_Moretraining,trial0906.mat,906,906,701,9,8,5,78,28,50,8,1,0,2,1,23,29381,1,1,2,1,1,2,1,2,1,2,SINGLE_T1_CORRECT,10,455,1,0,2,0,0,0,194,67,194,67,127,194,1,180,0,190,180,10,170,170,NaN,NaN,NaN,1785782490.59681,15130.95805736,2.42206335067749,0.0169022083282471,0.251465559005737,1.01986885070801,1.4002902507782,1.61210536956787,1.65365290641785,1.65365290641785,-1,-1,1.9282329082489,234.56335067749,211.815118789673,41.5475368499756,253.362655639648,Instruction,Left,Right,Left,Left,Left,1,0,0,0,0,NaN,NaN,NaN,NaN,NaN,NaN,NaN,NaN,0,0,0,1,1,0,702,NaN,20260803_t1352_srsSmooth_Moretraining_B009,6,NaN,48.8752257188161,1.16126441955566,NaN,NaN,NaN,0,NaN,NaN,NaN,NaN,0
20260803_t1352_srsSmooth_Moretraining,srs_smooth_Moretraining,trial0908.mat,908,908,702,9,10,6,78,28,50,8,1,0,2,1,18,25184,1,1,2,1,1,2,1,2,1,2,SINGLE_T1_CORRECT,10,455,1,0,5,0,0,0,192,81,192,81,111,192,1,0,180,10,180,10,170,170,NaN,NaN,NaN,1785782495.89323,15136.25450532,2.30079531669617,0.0123565196990967,0.0132803916931152,0.663184404373169,1.17907047271729,1.44874286651611,1.49086761474609,1.49086761474609,-1,-1,1.80670022964478,0.923871994018555,269.672393798828,42.1247482299805,311.797142028809,Instruction,Left,Right,Left,Left,Left,1,0,0,0,0,NaN,NaN,NaN,NaN,NaN,NaN,NaN,NaN,0,0,0,1,1,0,703,NaN,20260803_t1352_srsSmooth_Moretraining_B009,7,NaN,48.9634994149208,2.87435841560364,NaN,NaN,NaN,0,NaN,NaN,NaN,NaN,0
20260803_t1352_srsSmooth_Moretraining,srs_smooth_Moretraining,trial0909.mat,909,909,703,9,11,7,78,28,50,8,1,0,1,1,9,7386,1,1,1,2,1,1,1,1,0,0,,0,11,0,1,1,0,0,0,162,54,162,54,108,NaN,1,0,180,10,180,10,170,170,NaN,NaN,NaN,1785782499.5199,15139.88101988,0.430683612823486,0.0191688537597656,0.263781785964966,-1,-1,-1,-1,-1,-1,-1,-1,244.6129322052,NaN,NaN,NaN,Instruction,Right,Left,None,Right,Right,1,0,0,0,0,NaN,NaN,NaN,NaN,NaN,NaN,NaN,NaN,1,1,1,1,1,0,703,NaN,20260803_t1352_srsSmooth_Moretraining_B009,NaN,NaN,49.0239438414574,1.32587027549744,NaN,NaN,NaN,0,NaN,NaN,NaN,NaN,0
20260803_t1352_srsSmooth_Moretraining,srs_smooth_Moretraining,trial0910.mat,910,910,703,9,12,7,78,28,50,8,1,0,3,1,32,23547,1,2,2,1,1,2,2,1,2,1,SINGLE_T2_CORRECT,11,455,1,0,6,0,0,0,194,49,194,49,145,49,1,0,10,180,10,180,-170,170,NaN,NaN,NaN,1785782501.2288,15141.59005036,2.41621422767639,0.0186705589294434,0.221753835678101,0.947030305862427,1.46039462089539,1.72207188606262,1.76343107223511,1.76343107223511,-1,-1,2.03524518013,203.083276748657,261.677265167236,41.3591861724854,303.036451339722,Instruction,Left,Right,Right,Left,Right,1,0,0,0,0,NaN,NaN,NaN,NaN,NaN,NaN,NaN,NaN,0,0,1,1,0,0,704,NaN,20260803_t1352_srsSmooth_Moretraining_B009,8,NaN,49.0524254957835,1.27821564674377,NaN,NaN,NaN,0,NaN,NaN,NaN,NaN,0
20260803_t1352_srsSmooth_Moretraining,srs_smooth_Moretraining,trial0911.mat,911,911,704,9,13,8,78,28,50,8,1,0,2,1,20,8125,1,1,2,1,1,2,1,2,1,2,SINGLE_T1_CORRECT,10,455,1,0,1,0,0,0,196,75,196,75,121,196,1,180,0,190,180,10,170,170,NaN,NaN,NaN,1785782504.97388,15145.33497496,2.3453004360199,0.015399694442749,0.226889610290527,0.976691007614136,1.32378578186035,1.53320646286011,1.56597876548767,1.56597876548767,-1,-1,1.85010814666748,211.489915847778,209.420680999756,32.7723026275635,242.192983627319,Instruction,Left,Right,Left,Left,Left,1,0,0,0,0,NaN,NaN,NaN,NaN,NaN,NaN,NaN,NaN,0,0,0,1,1,0,705,NaN,20260803_t1352_srsSmooth_Moretraining_B009,9,NaN,49.1148435950279,1.32887172698975,NaN,NaN,NaN,0,NaN,NaN,NaN,NaN,0
20260803_t1352_srsSmooth_Moretraining,srs_smooth_Moretraining,trial0912.mat,912,912,705,9,14,9,78,28,50,8,1,0,1,1,11,8534,1,1,1,2,1,1,1,1,1,1,SINGLE_T1_CORRECT,10,455,1,0,4,0,0,0,186,49,186,49,137,186,1,180,0,190,180,10,170,170,NaN,NaN,NaN,1785782508.61146,15148.97246732,2.57569360733032,0.0112979412078857,0.237534284591675,1.00523376464844,1.519690990448,1.78101563453674,1.82313323020935,1.82313323020935,-1,-1,2.05761122703552,226.236343383789,261.324644088745,42.1175956726074,303.442239761353,Instruction,Right,Left,Right,Right,Right,1,0,0,0,0,NaN,NaN,NaN,NaN,NaN,NaN,NaN,NaN,1,1,1,1,1,0,706,NaN,20260803_t1352_srsSmooth_Moretraining_B009,10,NaN,49.1754699230194,1.29227924346924,NaN,NaN,NaN,0,NaN,NaN,NaN,NaN,0
20260803_t1352_srsSmooth_Moretraining,srs_smooth_Moretraining,trial0913.mat,913,913,706,9,15,10,78,28,50,8,1,0,1,1,2,1756,1,1,1,2,1,1,1,1,1,1,SINGLE_T1_CORRECT,10,455,1,0,3,0,0,0,192,66,192,66,126,192,1,0,180,10,180,10,170,170,NaN,NaN,NaN,1785782512.51355,15152.87449144,2.53261494636536,0.0177035331726074,0.195846796035767,0.929344892501831,1.4427604675293,1.7125084400177,1.7522029876709,1.7522029876709,-1,-1,2.02513718605042,178.143262863159,269.747972488403,39.6945476531982,309.442520141602,Instruction,Right,Left,Right,Right,Right,1,0,0,0,0,NaN,NaN,NaN,NaN,NaN,NaN,NaN,NaN,1,1,1,1,1,0,707,NaN,20260803_t1352_srsSmooth_Moretraining_B009,11,NaN,49.2405046463013,1.3263897895813,NaN,NaN,NaN,0,NaN,NaN,NaN,NaN,0
20260803_t1352_srsSmooth_Moretraining,srs_smooth_Moretraining,trial0914.mat,914,914,707,9,16,11,78,28,50,8,1,0,4,1,39,14226,1,2,1,2,1,1,2,2,0,0,,0,11,0,1,0,0,0,0,174,122,174,122,52,NaN,1,180,190,0,10,180,-170,170,NaN,NaN,NaN,1785782516.41945,15156.78033172,0.2825608253479,0.0119533538818359,0.229694604873657,-1,-1,-1,-1,-1,-1,-1,-1,217.741250991821,NaN,NaN,NaN,Instruction,Right,Left,None,Right,Left,1,0,0,0,0,NaN,NaN,NaN,NaN,NaN,NaN,NaN,NaN,1,1,0,1,0,0,707,NaN,20260803_t1352_srsSmooth_Moretraining_B009,NaN,NaN,49.3056030670802,1.37329030036926,NaN,NaN,NaN,0,NaN,NaN,NaN,NaN,0
20260803_t1352_srsSmooth_Moretraining,srs_smooth_Moretraining,trial0915.mat,915,915,707,9,17,11,78,28,50,8,1,0,3,1,38,31676,1,2,2,1,1,2,2,1,0,0,,0,11,0,1,0,0,0,0,173,49,173,49,124,NaN,1,180,190,0,10,180,-170,170,NaN,NaN,NaN,1785782517.9512,15158.31194064,0.0843102931976318,0.013596773147583,0.0147557258605957,-1,-1,-1,-1,-1,-1,-1,-1,1.1589527130127,NaN,NaN,NaN,Instruction,Left,Right,None,Left,Right,1,0,0,0,0,NaN,NaN,NaN,NaN,NaN,NaN,NaN,NaN,0,0,1,1,0,0,707,NaN,20260803_t1352_srsSmooth_Moretraining_B009,NaN,NaN,49.3311322410901,1.24918961524963,NaN,NaN,NaN,0,NaN,NaN,NaN,NaN,0
20260803_t1352_srsSmooth_Moretraining,srs_smooth_Moretraining,trial0917.mat,917,917,707,9,19,11,78,28,50,8,1,0,2,1,17,6599,1,1,2,1,1,2,1,2,1,2,SINGLE_T1_CORRECT,10,455,1,0,4,0,0,0,204,59,204,59,145,204,1,0,180,10,180,10,170,170,NaN,NaN,NaN,1785782520.83283,15161.19352228,2.44533705711365,0.0154201984405518,0.22644829750061,0.942919492721558,1.39047431945801,1.64375424385071,1.68516254425049,1.68516254425049,-1,-1,1.94020628929138,211.028099060059,253.2799243927,41.4083003997803,294.68822479248,Instruction,Left,Right,Left,Left,Left,1,0,0,0,0,NaN,NaN,NaN,NaN,NaN,NaN,NaN,NaN,0,0,0,1,1,0,708,NaN,20260803_t1352_srsSmooth_Moretraining_B009,12,NaN,49.3791593194008,2.79731440544128,NaN,NaN,NaN,0,NaN,NaN,NaN,NaN,0
20260803_t1352_srsSmooth_Moretraining,srs_smooth_Moretraining,trial0919.mat,919,919,708,9,21,12,78,28,50,8,1,0,2,1,24,13037,1,1,2,1,1,2,1,2,1,2,SINGLE_T1_CORRECT,10,455,1,0,5,0,0,0,167,49,167,49,118,167,1,180,0,190,180,10,170,170,NaN,NaN,NaN,1785782526.09433,15166.45498676,2.28507328033447,0.0124609470367432,0.188677310943604,0.890995264053345,1.35418081283569,1.52424383163452,1.56379747390747,1.56379747390747,-1,-1,1.81766438484192,176.21636390686,170.063018798828,39.5536422729492,209.616661071777,Instruction,Left,Right,Left,Left,Left,1,0,0,0,0,NaN,NaN,NaN,NaN,NaN,NaN,NaN,NaN,0,0,0,1,1,0,709,NaN,20260803_t1352_srsSmooth_Moretraining_B009,13,NaN,49.4668509920438,2.8161633014679,NaN,NaN,NaN,0,NaN,NaN,NaN,NaN,0
20260803_t1352_srsSmooth_Moretraining,srs_smooth_Moretraining,trial0920.mat,920,920,709,9,22,13,78,28,50,8,1,0,3,1,31,2249,1,2,2,1,1,2,2,1,2,1,SINGLE_T2_CORRECT,11,455,1,0,5,0,0,0,195,48,195,48,147,48,1,0,10,180,10,180,-170,170,NaN,NaN,NaN,1785782529.72991,15170.09047896,2.30720901489258,0.0186851024627686,0.247002840042114,1.04697775840759,1.42707419395447,1.68877696990967,1.73007082939148,1.73007082939148,-1,-1,1.95464134216309,228.317737579346,261.7027759552,41.2938594818115,302.996635437012,Instruction,Left,Right,Right,Left,Right,1,0,0,0,0,NaN,NaN,NaN,NaN,NaN,NaN,NaN,NaN,0,0,1,1,0,0,710,NaN,20260803_t1352_srsSmooth_Moretraining_B009,14,NaN,49.5274441043536,1.35051345825195,NaN,NaN,NaN,0,NaN,NaN,NaN,NaN,0
20260803_t1352_srsSmooth_Moretraining,srs_smooth_Moretraining,trial0921.mat,921,921,710,9,23,14,78,28,50,8,1,0,3,1,33,17997,1,2,2,1,1,2,2,1,2,1,SINGLE_T2_CORRECT,11,455,1,0,5,0,0,0,162,50,162,50,112,50,1,180,190,0,10,180,-170,170,NaN,NaN,NaN,1785782533.36366,15173.72421944,2.08982563018799,0.0184175968170166,0.271650314331055,0.796924114227295,1.16846227645874,1.42083859443665,1.4525318145752,1.4525318145752,-1,-1,1.70395636558533,253.232717514038,252.376317977905,31.6932201385498,284.069538116455,Instruction,Left,Right,Right,Left,Right,1,0,0,0,0,NaN,NaN,NaN,NaN,NaN,NaN,NaN,NaN,0,0,1,1,0,0,711,NaN,20260803_t1352_srsSmooth_Moretraining_B009,15,NaN,49.588006512324,1.32653546333313,NaN,NaN,NaN,0,NaN,NaN,NaN,NaN,0
20260803_t1352_srsSmooth_Moretraining,srs_smooth_Moretraining,trial0922.mat,922,922,711,9,24,15,78,28,50,8,1,0,1,1,13,27358,1,1,1,2,1,1,1,1,1,1,SINGLE_T1_CORRECT,10,455,1,0,6,0,0,0,212,71,212,71,141,212,1,180,0,190,180,10,170,170,NaN,NaN,NaN,1785782536.77789,15177.13835616,2.51005172729492,0.0126500129699707,0.257456064224243,0.874324083328247,1.37937068939209,1.65733504295349,1.6988627910614,1.6988627910614,-1,-1,1.99984264373779,244.806051254272,277.964353561401,41.5277481079102,319.492101669312,Instruction,Right,Left,Right,Right,Right,1,0,0,0,0,NaN,NaN,NaN,NaN,NaN,NaN,NaN,NaN,1,1,1,1,1,0,712,NaN,20260803_t1352_srsSmooth_Moretraining_B009,16,NaN,49.6449104229609,1.32440900802612,NaN,NaN,NaN,0,NaN,NaN,NaN,NaN,0
20260803_t1352_srsSmooth_Moretraining,srs_smooth_Moretraining,trial0923.mat,923,923,712,9,25,16,78,28,50,8,1,0,4,1,45,15497,1,2,1,2,1,1,2,2,0,0,,0,11,0,1,0,0,0,0,190,66,190,66,124,NaN,1,180,190,0,10,180,-170,170,NaN,NaN,NaN,1785782540.62429,15180.98453316,0.178401231765747,0.0164077281951904,0.130683660507202,-1,-1,-1,-1,-1,-1,-1,-1,114.275932312012,NaN,NaN,NaN,Instruction,Right,Left,None,Right,Left,1,0,0,0,0,NaN,NaN,NaN,NaN,NaN,NaN,NaN,NaN,1,1,0,1,0,0,712,NaN,20260803_t1352_srsSmooth_Moretraining_B009,NaN,NaN,49.7090169946353,1.33634257316589,NaN,NaN,NaN,0,NaN,NaN,NaN,NaN,0
20260803_t1352_srsSmooth_Moretraining,srs_smooth_Moretraining,trial0924.mat,924,924,712,9,26,16,78,28,50,8,1,0,3,1,36,15301,1,2,2,1,1,2,2,1,0,0,,0,453,0,1,3,0,0,0,185,47,185,47,138,NaN,1,0,10,180,10,180,-170,170,NaN,NaN,NaN,1785782542.06374,15182.42418328,1.75660872459412,0.0186772346496582,0.221908569335938,0.838447332382202,1.23539233207703,-1,-1,-1,-1,-1,-1,203.231334686279,NaN,NaN,NaN,Instruction,Left,Right,None,Left,Right,1,0,0,0,0,NaN,NaN,NaN,NaN,NaN,NaN,NaN,NaN,0,0,1,1,0,0,712,NaN,20260803_t1352_srsSmooth_Moretraining_B009,NaN,NaN,49.7330078800519,1.26105189323425,NaN,NaN,NaN,0,NaN,NaN,NaN,NaN,0
20260803_t1352_srsSmooth_Moretraining,srs_smooth_Moretraining,trial0925.mat,925,925,712,9,27,16,78,28,50,8,1,0,2,1,25,28537,1,1,2,1,1,2,1,2,1,2,SINGLE_T1_CORRECT,10,455,1,0,3,0,0,0,177,70,177,70,107,177,1,0,180,10,180,10,170,170,NaN,NaN,NaN,1785782545.01212,15185.37233728,2.32107591629028,0.0120780467987061,0.248569488525391,0.879775524139404,1.23712635040283,1.4634690284729,1.49604487419128,1.49604487419128,-1,-1,1.80643153190613,236.491441726685,226.342678070068,32.5758457183838,258.918523788452,Instruction,Left,Right,Left,Left,Left,1,0,0,0,0,NaN,NaN,NaN,NaN,NaN,NaN,NaN,NaN,0,0,0,1,1,0,713,NaN,20260803_t1352_srsSmooth_Moretraining_B009,17,NaN,49.7821475664775,1.1917724609375,NaN,NaN,NaN,0,NaN,NaN,NaN,NaN,0
20260803_t1352_srsSmooth_Moretraining,srs_smooth_Moretraining,trial0926.mat,926,926,713,9,28,17,78,28,50,8,1,0,2,1,15,13291,1,1,2,1,1,2,1,2,1,2,SINGLE_T1_CORRECT,10,455,1,0,2,0,0,0,197,53,197,53,144,197,1,180,0,190,180,10,170,170,NaN,NaN,NaN,1785782548.64434,15189.00463088,2.34323501586914,0.0133318901062012,0.18962025642395,0.933229923248291,1.38838601112366,1.56662178039551,1.59758281707764,1.59758281707764,-1,-1,1.84813213348389,176.288366317749,178.235769271851,30.9610366821289,209.196805953979,Instruction,Left,Right,Left,Left,Left,1,0,0,0,0,NaN,NaN,NaN,NaN,NaN,NaN,NaN,NaN,0,0,0,1,1,0,714,NaN,20260803_t1352_srsSmooth_Moretraining_B009,18,NaN,49.8426845908165,1.31114554405212,NaN,NaN,NaN,0,NaN,NaN,NaN,NaN,0
20260803_t1352_srsSmooth_Moretraining,srs_smooth_Moretraining,trial0927.mat,927,927,714,9,29,18,78,28,50,8,1,0,4,1,43,29187,1,2,1,2,1,1,2,2,2,2,SINGLE_T2_CORRECT,11,455,1,0,5,0,0,0,164,62,164,62,102,62,1,180,190,0,10,180,-170,170,NaN,NaN,NaN,1785782552.31826,15192.67848364,2.16990566253662,0.0145537853240967,0.217553615570068,0.826067209243774,1.23126792907715,1.45949912071228,1.49868154525757,1.49868154525757,-1,-1,1.77631139755249,202.999830245972,228.231191635132,39.1824245452881,267.41361618042,Instruction,Right,Left,Left,Right,Left,1,0,0,0,0,NaN,NaN,NaN,NaN,NaN,NaN,NaN,NaN,1,1,0,1,0,0,715,NaN,20260803_t1352_srsSmooth_Moretraining_B009,19,NaN,49.9039166251818,1.33068704605103,NaN,NaN,NaN,0,NaN,NaN,NaN,NaN,0
20260803_t1352_srsSmooth_Moretraining,srs_smooth_Moretraining,trial0928.mat,928,928,715,9,30,19,78,28,50,8,1,0,1,1,5,5007,1,1,1,2,1,1,1,1,1,1,SINGLE_T1_CORRECT,10,455,1,0,3,0,0,0,187,88,187,88,99,187,1,180,0,190,180,10,170,170,NaN,NaN,NaN,1785782555.78649,15196.14663508,2.59534740447998,0.0131294727325439,0.249344110488892,0.932679653167725,1.42151737213135,1.74142384529114,1.78328347206116,1.78328347206116,-1,-1,2.07638311386108,236.214637756348,319.90647315979,41.8596267700195,361.76609992981,Instruction,Right,Left,Right,Right,Right,1,0,0,0,0,NaN,NaN,NaN,NaN,NaN,NaN,NaN,NaN,1,1,1,1,1,0,716,NaN,20260803_t1352_srsSmooth_Moretraining_B009,20,NaN,49.9617203990618,1.29832077026367,NaN,NaN,NaN,0,NaN,NaN,NaN,NaN,0
20260803_t1352_srsSmooth_Moretraining,srs_smooth_Moretraining,trial0929.mat,929,929,716,9,31,20,78,28,50,8,1,0,3,1,36,15301,1,2,2,1,1,2,2,1,2,1,SINGLE_T2_CORRECT,11,455,1,0,4,0,0,0,179,53,179,53,126,53,1,180,190,0,10,180,-170,170,NaN,NaN,NaN,1785782559.71066,15200.0705534,2.44468522071838,0.0141177177429199,0.274806976318359,0.917022466659546,1.48084163665771,1.74218773841858,1.78365731239319,1.78365731239319,-1,-1,2.07754850387573,260.689258575439,261.346101760864,41.4695739746094,302.815675735474,Instruction,Left,Right,Right,Left,Right,1,0,0,0,0,NaN,NaN,NaN,NaN,NaN,NaN,NaN,NaN,0,0,1,1,0,0,717,NaN,20260803_t1352_srsSmooth_Moretraining_B009,21,NaN,50.0271231293678,1.32881641387939,NaN,NaN,NaN,0,NaN,NaN,NaN,NaN,0
20260803_t1352_srsSmooth_Moretraining,srs_smooth_Moretraining,trial0930.mat,930,930,717,9,32,21,78,28,50,8,1,0,4,1,42,1844,1,2,1,2,1,1,2,2,2,2,SINGLE_T2_CORRECT,11,455,1,0,3,0,0,0,186,69,186,69,117,69,1,180,190,0,10,180,-170,170,NaN,NaN,NaN,1785782563.45968,15203.81969508,2.43632817268372,0.0152378082275391,0.209702491760254,1.01007080078125,1.53196358680725,1.71001863479614,1.75158095359802,1.75158095359802,-1,-1,2.06242632865906,194.464683532715,178.055047988892,41.5623188018799,219.617366790771,Instruction,Right,Left,Left,Right,Left,1,0,0,0,0,NaN,NaN,NaN,NaN,NaN,NaN,NaN,NaN,1,1,0,1,0,0,718,NaN,20260803_t1352_srsSmooth_Moretraining_B009,22,NaN,50.0896068930626,1.30434060096741,NaN,NaN,NaN,0,NaN,NaN,NaN,NaN,0
20260803_t1352_srsSmooth_Moretraining,srs_smooth_Moretraining,trial0931.mat,931,931,718,9,33,22,78,28,50,8,1,0,2,1,19,20620,1,1,2,1,1,2,1,2,0,0,,0,11,0,1,3,0,0,0,187,32,187,32,155,NaN,1,0,180,10,180,10,170,170,NaN,NaN,NaN,1785782567.23311,15207.5929856,1.34363961219788,0.016956090927124,0.220213651657104,0.786878824234009,-1,-1,-1,-1,-1,-1,-1,203.25756072998,NaN,NaN,NaN,Instruction,Left,Right,None,Left,Left,1,0,0,0,0,NaN,NaN,NaN,NaN,NaN,NaN,NaN,NaN,0,0,0,1,1,0,718,NaN,20260803_t1352_srsSmooth_Moretraining_B009,NaN,NaN,50.1524973710378,1.33710050582886,NaN,NaN,NaN,0,NaN,NaN,NaN,NaN,0
20260803_t1352_srsSmooth_Moretraining,srs_smooth_Moretraining,trial0933.mat,933,933,718,9,35,22,78,28,50,8,1,0,2,1,22,8394,1,1,2,1,1,2,1,2,1,2,SINGLE_T1_CORRECT,10,455,1,0,6,0,0,0,173,59,173,59,114,173,1,180,0,190,180,10,170,170,NaN,NaN,NaN,1785782571.40196,15211.76163528,2.25378346443176,0.014930248260498,0.251221179962158,0.851231575012207,1.26497960090637,1.47625494003296,1.51818323135376,1.51818323135376,-1,-1,1.74517250061035,236.29093170166,211.275339126587,41.9282913208008,253.203630447388,Instruction,Left,Right,Left,Left,Left,1,0,0,0,0,NaN,NaN,NaN,NaN,NaN,NaN,NaN,NaN,0,0,0,1,1,0,719,NaN,20260803_t1352_srsSmooth_Moretraining_B009,23,NaN,50.2219782670339,2.82521414756775,NaN,NaN,NaN,0,NaN,NaN,NaN,NaN,0
20260803_t1352_srsSmooth_Moretraining,srs_smooth_Moretraining,trial0934.mat,934,934,719,9,36,23,78,28,50,8,1,0,2,1,19,20620,1,1,2,1,1,2,1,2,1,2,SINGLE_T1_CORRECT,10,455,1,0,1,0,0,0,181,56,181,56,125,181,1,0,180,10,180,10,170,170,NaN,NaN,NaN,1785782574.99281,15215.35241144,2.49502921104431,0.0158927440643311,0.235790014266968,0.883510112762451,1.39094567298889,1.66067147254944,1.69143652915955,1.69143652915955,-1,-1,2.00643849372864,219.897270202637,269.725799560547,30.7650566101074,300.490856170654,Instruction,Left,Right,Left,Left,Left,1,0,0,0,0,NaN,NaN,NaN,NaN,NaN,NaN,NaN,NaN,0,0,0,1,1,0,720,NaN,20260803_t1352_srsSmooth_Moretraining_B009,24,NaN,50.2818256775538,1.33706116676331,NaN,NaN,NaN,0,NaN,NaN,NaN,NaN,0
20260803_t1352_srsSmooth_Moretraining,srs_smooth_Moretraining,trial0935.mat,935,935,720,9,37,24,78,28,50,8,1,0,4,1,46,23471,1,2,1,2,1,1,2,2,2,2,SINGLE_T2_CORRECT,11,455,1,0,2,0,0,0,172,66,172,66,106,66,1,0,10,180,10,180,-170,170,NaN,NaN,NaN,1785782578.82638,15219.1859966,2.18855333328247,0.0158045291900635,0.259759187698364,0.860702037811279,1.19918370246887,1.44391560554504,1.48390197753906,1.48390197753906,-1,-1,1.78386878967285,243.954658508301,244.731903076172,39.9863719940186,284.71827507019,Instruction,Right,Left,Left,Right,Left,1,0,0,0,0,NaN,NaN,NaN,NaN,NaN,NaN,NaN,NaN,1,1,0,1,0,0,721,NaN,20260803_t1352_srsSmooth_Moretraining_B009,25,NaN,50.3457185149193,1.33854103088379,NaN,NaN,NaN,0,NaN,NaN,NaN,NaN,0
20260803_t1352_srsSmooth_Moretraining,srs_smooth_Moretraining,trial0936.mat,936,936,721,9,38,25,78,28,50,8,1,0,1,1,4,8498,1,1,1,2,1,1,1,1,0,0,,0,11,0,1,3,0,0,0,184,86,184,86,98,NaN,1,180,0,190,180,10,170,170,NaN,NaN,NaN,1785782582.33864,15222.69803676,0.549434423446655,0.0120141506195068,0.26283073425293,-1,-1,-1,-1,-1,-1,-1,-1,250.816583633423,NaN,NaN,NaN,Instruction,Right,Left,None,Right,Right,1,0,0,0,0,NaN,NaN,NaN,NaN,NaN,NaN,NaN,NaN,1,1,1,1,1,0,721,NaN,20260803_t1352_srsSmooth_Moretraining_B009,NaN,NaN,50.4042561690013,1.32370591163635,NaN,NaN,NaN,0,NaN,NaN,NaN,NaN,0
20260803_t1352_srsSmooth_Moretraining,srs_smooth_Moretraining,trial0937.mat,937,937,721,9,39,25,78,28,50,8,1,0,3,1,37,1423,1,2,2,1,1,2,2,1,0,0,,0,11,0,1,1,0,0,0,149,65,149,65,84,NaN,1,180,190,0,10,180,-170,170,NaN,NaN,NaN,1785782584.13738,15224.4968352,0.124922037124634,0.0133380889892578,0.0223968029022217,-1,-1,-1,-1,-1,-1,-1,-1,9.05871391296387,NaN,NaN,NaN,Instruction,Left,Right,None,Left,Right,1,0,0,0,0,NaN,NaN,NaN,NaN,NaN,NaN,NaN,NaN,0,0,1,1,0,0,721,NaN,20260803_t1352_srsSmooth_Moretraining_B009,NaN,NaN,50.4342352708181,1.24931168556213,NaN,NaN,NaN,0,NaN,NaN,NaN,NaN,0
20260803_t1352_srsSmooth_Moretraining,srs_smooth_Moretraining,trial0938.mat,938,938,721,9,40,25,78,28,50,8,1,0,3,1,26,3468,1,2,2,1,1,2,2,1,2,1,SINGLE_T2_CORRECT,11,455,1,0,2,0,0,0,183,67,183,67,116,67,1,0,10,180,10,180,-170,170,NaN,NaN,NaN,1785782585.51616,15225.87571648,2.27304673194885,0.0179464817047119,0.260926008224487,0.804690361022949,1.14299011230469,1.52748370170593,1.56045985221863,1.56045985221863,-1,-1,1.87095236778259,242.979526519775,384.493589401245,32.9761505126953,417.46973991394,Instruction,Left,Right,Right,Left,Right,1,0,0,0,0,NaN,NaN,NaN,NaN,NaN,NaN,NaN,NaN,0,0,1,1,0,0,722,NaN,20260803_t1352_srsSmooth_Moretraining_B009,26,NaN,50.4572149197261,1.25385689735413,NaN,NaN,NaN,0,NaN,NaN,NaN,NaN,0
20260803_t1352_srsSmooth_Moretraining,srs_smooth_Moretraining,trial0939.mat,939,939,722,9,41,26,78,28,50,8,1,0,1,1,3,1534,1,1,1,2,1,1,1,1,0,0,,0,11,0,1,2,0,0,0,193,67,193,67,126,NaN,1,0,180,10,180,10,170,170,NaN,NaN,NaN,1785782589.11994,15229.47940028,0.384408712387085,0.0143046379089355,0.132042169570923,-1,-1,-1,-1,-1,-1,-1,-1,117.737531661987,NaN,NaN,NaN,Instruction,Right,Left,None,Right,Right,1,0,0,0,0,NaN,NaN,NaN,NaN,NaN,NaN,NaN,NaN,1,1,1,1,1,0,722,NaN,20260803_t1352_srsSmooth_Moretraining_B009,NaN,NaN,50.517277944088,1.33073472976685,NaN,NaN,NaN,0,NaN,NaN,NaN,NaN,0
20260803_t1352_srsSmooth_Moretraining,srs_smooth_Moretraining,trial0941.mat,941,941,722,9,43,26,78,28,50,8,1,0,4,1,48,6654,1,2,1,2,1,1,2,2,2,2,SINGLE_T2_CORRECT,11,455,1,0,7,0,0,0,188,49,188,49,139,49,1,0,10,180,10,180,-170,170,NaN,NaN,NaN,1785782592.24657,15232.60579524,2.43504190444946,0.0127992630004883,0.282392740249634,1.06610655784607,1.48785734176636,1.77443766593933,1.81638932228088,1.81638932228088,-1,-1,2.04075193405151,269.593477249146,286.580324172974,41.9516563415527,328.531980514526,Instruction,Right,Left,Left,Right,Left,1,0,0,0,0,NaN,NaN,NaN,NaN,NaN,NaN,NaN,NaN,1,1,0,1,0,0,723,NaN,20260803_t1352_srsSmooth_Moretraining_B009,27,NaN,50.5693883856138,2.74221777915955,NaN,NaN,NaN,0,NaN,NaN,NaN,NaN,0
20260803_t1352_srsSmooth_Moretraining,srs_smooth_Moretraining,trial0942.mat,942,942,723,9,44,27,78,28,50,8,1,0,3,1,27,21662,1,2,2,1,1,2,2,1,0,0,,0,11,0,1,3,0,0,0,179,70,179,70,109,NaN,1,180,190,0,10,180,-170,170,NaN,NaN,NaN,1785782596.00581,15236.36503928,0.290273427963257,0.0120432376861572,0.215013742446899,-1,-1,-1,-1,-1,-1,-1,-1,202.970504760742,NaN,NaN,NaN,Instruction,Left,Right,None,Left,Right,1,0,0,0,0,NaN,NaN,NaN,NaN,NaN,NaN,NaN,NaN,0,0,1,1,0,0,723,NaN,20260803_t1352_srsSmooth_Moretraining_B009,NaN,NaN,50.6320423205694,1.32419419288635,NaN,NaN,NaN,0,NaN,NaN,NaN,NaN,0
20260803_t1352_srsSmooth_Moretraining,srs_smooth_Moretraining,trial0943.mat,943,943,723,9,45,27,78,28,50,8,1,0,4,1,49,16116,1,2,1,2,1,1,2,2,2,2,SINGLE_T2_CORRECT,11,455,1,0,5,0,0,0,156,64,156,64,92,64,1,0,10,180,10,180,-170,170,NaN,NaN,NaN,1785782597.55468,15237.91394488,2.15924143791199,0.0132319927215576,0.174625396728516,0.822604179382324,1.22161316871643,1.45852494239807,1.50014734268188,1.50014734268188,-1,-1,1.75831055641174,161.393404006958,236.911773681641,41.6224002838135,278.534173965454,Instruction,Right,Left,Left,Right,Left,1,0,0,0,0,NaN,NaN,NaN,NaN,NaN,NaN,NaN,NaN,1,1,0,1,0,0,724,NaN,20260803_t1352_srsSmooth_Moretraining_B009,28,NaN,50.6578568379084,1.25859761238098,NaN,NaN,NaN,0,NaN,NaN,NaN,NaN,0
20260803_t1352_srsSmooth_Moretraining,srs_smooth_Moretraining,trial0944.mat,944,944,724,9,46,28,78,28,50,8,1,0,4,1,39,14226,1,2,1,2,1,1,2,2,2,2,SINGLE_T2_CORRECT,11,455,1,0,4,0,0,0,180,65,180,65,115,65,1,180,190,0,10,180,-170,170,NaN,NaN,NaN,1785782601.04258,15241.401744,2.26350831985474,0.0171279907226562,0.212043285369873,0.770236968994141,1.35884785652161,1.55380415916443,1.59285664558411,1.59285664558411,-1,-1,1.89445805549622,194.915294647217,194.956302642822,39.0524864196777,234.0087890625,Instruction,Right,Left,Left,Right,Left,1,0,0,0,0,NaN,NaN,NaN,NaN,NaN,NaN,NaN,NaN,1,1,0,1,0,0,725,NaN,20260803_t1352_srsSmooth_Moretraining_B009,29,NaN,50.7159886082013,1.32866477966309,NaN,NaN,NaN,0,NaN,NaN,NaN,NaN,0
20260803_t1352_srsSmooth_Moretraining,srs_smooth_Moretraining,trial0945.mat,945,945,725,9,47,29,78,28,50,8,1,0,3,1,37,1423,1,2,2,1,1,2,2,1,2,1,SINGLE_T2_CORRECT,11,455,1,0,7,0,0,0,195,62,195,62,133,62,1,180,190,0,10,180,-170,170,NaN,NaN,NaN,1785782604.59798,15244.95701708,2.26633882522583,0.0118749141693115,0.240002393722534,0.765069484710693,1.24525713920593,1.52363777160645,1.56544780731201,1.56544780731201,-1,-1,1.87457466125488,228.127479553223,278.380632400513,41.8100357055664,320.190668106079,Instruction,Left,Right,Right,Left,Right,1,0,0,0,0,NaN,NaN,NaN,NaN,NaN,NaN,NaN,NaN,0,0,1,1,0,0,726,NaN,20260803_t1352_srsSmooth_Moretraining_B009,30,NaN,50.7752451260885,1.29188275337219,NaN,NaN,NaN,0,NaN,NaN,NaN,NaN,0
20260803_t1352_srsSmooth_Moretraining,srs_smooth_Moretraining,trial0946.mat,946,946,726,9,48,30,78,28,50,8,1,0,3,1,29,3514,1,2,2,1,1,2,2,1,2,1,SINGLE_T2_CORRECT,11,455,1,0,5,0,0,0,178,63,178,63,115,63,1,180,190,0,10,180,-170,170,NaN,NaN,NaN,1785782608.18147,15248.54043816,2.27616953849792,0.0118565559387207,0.139812469482422,0.740151882171631,1.18690299987793,1.52345633506775,1.56448197364807,1.56448197364807,-1,-1,1.88462471961975,127.955913543701,336.553335189819,41.0256385803223,377.578973770142,Instruction,Left,Right,Right,Left,Right,1,0,0,0,0,NaN,NaN,NaN,NaN,NaN,NaN,NaN,NaN,0,0,1,1,0,0,727,NaN,20260803_t1352_srsSmooth_Moretraining_B009,31,NaN,50.8349699775378,1.31715226173401,NaN,NaN,NaN,0,NaN,NaN,NaN,NaN,0
20260803_t1352_srsSmooth_Moretraining,srs_smooth_Moretraining,trial0947.mat,947,947,727,9,49,31,78,28,50,8,1,0,1,1,8,25532,1,1,1,2,1,1,1,1,1,1,SINGLE_T1_CORRECT,10,455,1,0,6,0,0,0,161,60,161,60,101,161,1,0,180,10,180,10,170,170,NaN,NaN,NaN,1785782611.80067,15252.1595798,2.53160285949707,0.0177984237670898,0.204034566879272,0.870929479598999,1.46785473823547,1.74404263496399,1.77739763259888,1.77739763259888,-1,-1,2.03803706169128,186.236143112183,276.187896728516,33.3549976348877,309.542894363403,Instruction,Right,Left,Right,Right,Right,1,0,0,0,0,NaN,NaN,NaN,NaN,NaN,NaN,NaN,NaN,1,1,1,1,1,0,728,NaN,20260803_t1352_srsSmooth_Moretraining_B009,32,NaN,50.8952899773916,1.34303045272827,NaN,NaN,NaN,0,NaN,NaN,NaN,NaN,0
20260803_t1352_srsSmooth_Moretraining,srs_smooth_Moretraining,trial0948.mat,948,948,728,9,50,32,78,28,50,8,1,0,2,1,14,9899,1,1,2,1,1,2,1,2,1,2,SINGLE_T1_CORRECT,10,455,1,0,4,0,0,0,171,59,171,59,112,171,1,0,180,10,180,10,170,170,NaN,NaN,NaN,1785782615.62665,15255.9854652,2.205979347229,0.0169670581817627,0.195341825485229,0.770338773727417,1.16701173782349,1.37043142318726,1.40982389450073,1.40982389450073,-1,-1,1.69082832336426,178.374767303467,203.41968536377,39.3924713134766,242.812156677246,Instruction,Left,Right,Left,Left,Left,1,0,0,0,0,NaN,NaN,NaN,NaN,NaN,NaN,NaN,NaN,0,0,0,1,1,0,729,NaN,20260803_t1352_srsSmooth_Moretraining_B009,33,NaN,50.9590563058853,1.29437685012817,NaN,NaN,NaN,0,NaN,NaN,NaN,NaN,0
20260803_t1352_srsSmooth_Moretraining,srs_smooth_Moretraining,trial0949.mat,949,949,729,9,51,33,78,28,50,8,1,0,4,1,44,9000,1,2,1,2,1,1,2,2,0,0,,0,11,0,1,0,0,0,0,159,42,159,42,117,NaN,1,0,10,180,10,180,-170,170,NaN,NaN,NaN,1785782619.17531,15259.533985,0.271940231323242,0.0184450149536133,0.22099781036377,-1,-1,-1,-1,-1,-1,-1,-1,202.552795410156,NaN,NaN,NaN,Instruction,Right,Left,None,Right,Left,1,0,0,0,0,NaN,NaN,NaN,NaN,NaN,NaN,NaN,NaN,1,1,0,1,0,0,729,NaN,20260803_t1352_srsSmooth_Moretraining_B009,NaN,NaN,51.0182006597519,1.34268188476562,NaN,NaN,NaN,0,NaN,NaN,NaN,NaN,0
20260803_t1352_srsSmooth_Moretraining,srs_smooth_Moretraining,trial0950.mat,950,950,729,9,52,33,78,28,50,8,1,0,1,1,3,1534,1,1,1,2,1,1,1,1,1,1,SINGLE_T1_CORRECT,10,455,1,0,1,0,0,0,176,69,176,69,107,176,1,180,0,190,180,10,170,170,NaN,NaN,NaN,1785782620.65668,15261.01548592,2.31727576255798,0.0121259689331055,0.0131876468658447,0.707286596298218,1.31217670440674,1.58191227912903,1.62167453765869,1.62167453765869,-1,-1,1.84051656723022,1.06167793273926,269.73557472229,39.7622585296631,309.497833251953,Instruction,Right,Left,Right,Right,Right,1,0,0,0,0,NaN,NaN,NaN,NaN,NaN,NaN,NaN,NaN,1,1,1,1,1,0,730,NaN,20260803_t1352_srsSmooth_Moretraining_B009,34,NaN,51.0428902586301,1.20943570137024,NaN,NaN,NaN,0,NaN,NaN,NaN,NaN,0
20260803_t1352_srsSmooth_Moretraining,srs_smooth_Moretraining,trial0951.mat,951,951,730,9,53,34,78,28,50,8,1,0,4,1,40,3488,1,2,1,2,1,1,2,2,2,2,SINGLE_T2_CORRECT,11,455,1,0,3,0,0,0,157,46,157,46,111,46,1,0,10,180,10,180,-170,170,NaN,NaN,NaN,1785782624.31438,15264.6729482,2.12611937522888,0.0129001140594482,0.257911920547485,0.857683181762695,1.19628000259399,1.42182445526123,1.46408796310425,1.46408796310425,-1,-1,1.77986645698547,245.011806488037,225.544452667236,42.2635078430176,267.807960510254,Instruction,Right,Left,Left,Right,Left,1,0,0,0,0,NaN,NaN,NaN,NaN,NaN,NaN,NaN,NaN,1,1,0,1,0,0,731,NaN,20260803_t1352_srsSmooth_Moretraining_B009,35,NaN,51.1038519541423,1.34042596817017,NaN,NaN,NaN,0,NaN,NaN,NaN,NaN,0
20260803_t1352_srsSmooth_Moretraining,srs_smooth_Moretraining,trial0952.mat,952,952,731,9,54,35,78,28,50,8,1,0,1,1,4,8498,1,1,1,2,1,1,1,1,1,1,SINGLE_T1_CORRECT,10,455,1,0,7,0,0,0,184,69,184,69,115,184,1,0,180,10,180,10,170,170,NaN,NaN,NaN,1785782627.77548,15268.1341854,2.66594529151917,0.0186111927032471,0.2971031665802,1.0613157749176,1.52700400352478,1.81362581253052,1.85497069358826,1.85497069358826,-1,-1,2.14469480514526,278.491973876953,286.621809005737,41.3448810577393,327.966690063477,Instruction,Right,Left,Right,Right,Right,1,0,0,0,0,NaN,NaN,NaN,NaN,NaN,NaN,NaN,NaN,1,1,1,1,1,0,732,NaN,20260803_t1352_srsSmooth_Moretraining_B009,36,NaN,51.161536804835,1.33497166633606,NaN,NaN,NaN,0,NaN,NaN,NaN,NaN,0
20260803_t1352_srsSmooth_Moretraining,srs_smooth_Moretraining,trial0953.mat,953,953,732,9,55,36,78,28,50,8,1,0,4,1,41,19027,1,2,1,2,1,1,2,2,2,2,SINGLE_T2_CORRECT,11,455,1,0,3,0,0,0,181,73,181,73,108,73,1,180,190,0,10,180,-170,170,NaN,NaN,NaN,1785782631.74626,15272.10468848,2.13683843612671,0.0146472454071045,0.217952251434326,0.859622716903687,1.35636639595032,1.43468356132507,1.47436833381653,1.47436833381653,-1,-1,1.76723670959473,203.305006027222,78.3171653747559,39.6847724914551,118.001937866211,Instruction,Right,Left,Left,Right,Left,1,0,0,0,0,NaN,NaN,NaN,NaN,NaN,NaN,NaN,NaN,1,1,0,1,0,0,733,NaN,20260803_t1352_srsSmooth_Moretraining_B009,37,NaN,51.2277165691058,1.30484056472778,NaN,NaN,NaN,0,NaN,NaN,NaN,NaN,0
20260803_t1352_srsSmooth_Moretraining,srs_smooth_Moretraining,trial0954.mat,954,954,733,9,56,37,78,28,50,8,1,0,2,1,16,30545,1,1,2,1,1,2,1,2,1,2,SINGLE_T1_CORRECT,10,455,1,0,4,0,0,0,166,71,166,71,95,166,1,180,0,190,180,10,170,170,NaN,NaN,NaN,1785782635.2181,15275.5764406,2.21483016014099,0.0179421901702881,0.262738227844238,0.822177410125732,1.17632102966309,1.37973546981812,1.41932845115662,1.41932845115662,-1,-1,1.71278715133667,244.79603767395,203.414440155029,39.592981338501,243.00742149353,Instruction,Left,Right,Left,Left,Left,1,0,0,0,0,NaN,NaN,NaN,NaN,NaN,NaN,NaN,NaN,0,0,0,1,1,0,734,NaN,20260803_t1352_srsSmooth_Moretraining_B009,38,NaN,51.2855805873871,1.33500266075134,NaN,NaN,NaN,0,NaN,NaN,NaN,NaN,0
20260803_t1352_srsSmooth_Moretraining,srs_smooth_Moretraining,trial0955.mat,955,955,734,9,57,38,78,28,50,8,1,0,4,1,45,15497,1,2,1,2,1,1,2,2,2,2,SINGLE_T2_CORRECT,11,455,1,0,7,0,0,0,177,66,177,66,111,66,1,0,10,180,10,180,-170,170,NaN,NaN,NaN,1785782638.76451,15279.12288752,2.34382581710815,0.0133399963378906,0.233321189880371,0.841278791427612,1.3633930683136,1.62507605552673,1.66691660881042,1.66691660881042,-1,-1,1.93987059593201,219.98119354248,261.682987213135,41.8405532836914,303.523540496826,Instruction,Right,Left,Left,Right,Left,1,0,0,0,0,NaN,NaN,NaN,NaN,NaN,NaN,NaN,NaN,1,1,0,1,0,0,735,NaN,20260803_t1352_srsSmooth_Moretraining_B009,39,NaN,51.3446873744329,1.33157706260681,NaN,NaN,NaN,0,NaN,NaN,NaN,NaN,0
20260803_t1352_srsSmooth_Moretraining,srs_smooth_Moretraining,trial0956.mat,956,956,735,9,58,39,78,28,50,8,1,0,3,1,27,21662,1,2,2,1,1,2,2,1,2,1,SINGLE_T2_CORRECT,11,455,1,0,6,0,0,0,194,66,194,66,128,66,1,180,190,0,10,180,-170,170,NaN,NaN,NaN,1785782642.42562,15282.78406744,2.51593399047852,0.0190441608428955,0.247225046157837,1.0472264289856,1.45243430137634,1.76388001441956,1.80531573295593,1.80531573295593,-1,-1,2.11229729652405,228.180885314941,311.445713043213,41.435718536377,352.88143157959,Instruction,Left,Right,Right,Left,Right,1,0,0,0,0,NaN,NaN,NaN,NaN,NaN,NaN,NaN,NaN,0,0,1,1,0,0,736,NaN,20260803_t1352_srsSmooth_Moretraining_B009,40,NaN,51.4057058016459,1.31727981567383,NaN,NaN,NaN,0,NaN,NaN,NaN,NaN,0
20260803_t1352_srsSmooth_Moretraining,srs_smooth_Moretraining,trial0957.mat,957,957,736,9,59,40,78,28,50,8,1,0,3,1,38,31676,1,2,2,1,1,2,2,1,2,1,SINGLE_T2_CORRECT,11,455,1,0,2,0,0,0,163,69,163,69,94,69,1,180,190,0,10,180,-170,170,NaN,NaN,NaN,1785782646.30968,15286.66800472,2.39846706390381,0.0184643268585205,0.204453229904175,0.888158559799194,1.49352169036865,1.71280932426453,1.75296640396118,1.75296640396118,-1,-1,1.99632978439331,185.988903045654,219.287633895874,40.1570796966553,259.444713592529,Instruction,Left,Right,Right,Left,Right,1,0,0,0,0,NaN,NaN,NaN,NaN,NaN,NaN,NaN,NaN,0,0,1,1,0,0,737,NaN,20260803_t1352_srsSmooth_Moretraining_B009,41,NaN,51.4704402327538,1.36813187599182,NaN,NaN,NaN,0,NaN,NaN,NaN,NaN,0
20260803_t1352_srsSmooth_Moretraining,srs_smooth_Moretraining,trial0958.mat,958,958,737,9,60,41,78,28,50,8,1,0,1,1,12,25101,1,1,1,2,1,1,1,1,1,1,SINGLE_T1_CORRECT,10,455,1,0,4,0,0,0,164,55,164,55,109,164,1,0,180,10,180,10,170,170,NaN,NaN,NaN,1785782650.03493,15290.39317048,2.44002032279968,0.0183608531951904,0.221410512924194,0.904863119125366,1.41008281707764,1.63747906684875,1.67740488052368,1.67740488052368,-1,-1,1.94653224945068,203.049659729004,227.396249771118,39.9258136749268,267.322063446045,Instruction,Right,Left,Right,Right,Right,1,0,0,0,0,NaN,NaN,NaN,NaN,NaN,NaN,NaN,NaN,1,1,1,1,1,0,738,NaN,20260803_t1352_srsSmooth_Moretraining_B009,42,NaN,51.5325277090073,1.32678151130676,NaN,NaN,NaN,0,NaN,NaN,NaN,NaN,0
20260803_t1352_srsSmooth_Moretraining,srs_smooth_Moretraining,trial0959.mat,959,959,738,9,61,42,78,28,50,8,1,0,1,1,7,6260,1,1,1,2,1,1,1,1,1,1,SINGLE_T1_CORRECT,10,455,1,0,4,0,0,0,190,50,190,50,140,190,1,0,180,10,180,10,170,170,NaN,NaN,NaN,1785782653.79889,15294.15700024,2.54523205757141,0.0128793716430664,0.141014337539673,0.915399312973022,1.45460247993469,1.6818675994873,1.72225832939148,1.72225832939148,-1,-1,2.00472092628479,128.134965896606,227.265119552612,40.3907299041748,267.655849456787,Instruction,Right,Left,Right,Right,Right,1,0,0,0,0,NaN,NaN,NaN,NaN,NaN,NaN,NaN,NaN,1,1,1,1,1,0,739,NaN,20260803_t1352_srsSmooth_Moretraining_B009,43,NaN,51.5952604134878,1.32394194602966,NaN,NaN,NaN,0,NaN,NaN,NaN,NaN,0
20260803_t1352_srsSmooth_Moretraining,srs_smooth_Moretraining,trial0960.mat,960,960,739,9,62,43,78,28,50,8,1,0,1,1,1,15080,1,1,1,2,1,1,1,1,0,0,,0,453,0,1,2,0,0,0,180,69,180,69,111,NaN,1,180,0,190,180,10,170,170,NaN,NaN,NaN,1785782657.65249,15298.01057832,1.81387281417847,0.017763614654541,0.145634651184082,0.904096364974976,1.30114769935608,-1,-1,-1,-1,-1,-1,127.871036529541,NaN,NaN,NaN,Instruction,Right,Left,None,Right,Right,1,0,0,0,0,NaN,NaN,NaN,NaN,NaN,NaN,NaN,NaN,1,1,1,1,1,0,739,NaN,20260803_t1352_srsSmooth_Moretraining_B009,NaN,NaN,51.6594870964686,1.30836892127991,NaN,NaN,NaN,0,NaN,NaN,NaN,NaN,0
20260803_t1352_srsSmooth_Moretraining,srs_smooth_Moretraining,trial0961.mat,961,961,739,9,63,43,78,28,50,8,1,0,3,1,35,1955,1,2,2,1,1,2,2,1,2,1,SINGLE_T2_CORRECT,11,455,1,0,5,0,0,0,180,50,180,50,130,50,1,0,10,180,10,180,-170,170,NaN,NaN,NaN,1785782660.66012,15301.01808276,2.41573286056519,0.0185880661010742,0.269882678985596,0.963706254959106,1.3603081703186,1.69687700271606,1.73625564575195,1.73625564575195,-1,-1,2.03663182258606,251.294612884521,336.568832397461,39.3786430358887,375.94747543335,Instruction,Left,Right,Right,Left,Right,1,0,0,0,0,NaN,NaN,NaN,NaN,NaN,NaN,NaN,NaN,0,0,1,1,0,0,740,NaN,20260803_t1352_srsSmooth_Moretraining_B009,44,NaN,51.7096142053604,1.19375371932983,NaN,NaN,NaN,0,NaN,NaN,NaN,NaN,0
20260803_t1352_srsSmooth_Moretraining,srs_smooth_Moretraining,trial0962.mat,962,962,740,9,64,44,78,28,50,8,1,0,1,1,6,21164,1,1,1,2,1,1,1,1,1,1,SINGLE_T1_CORRECT,10,455,1,0,6,0,0,0,178,49,178,49,129,178,1,0,180,10,180,10,170,170,NaN,NaN,NaN,1785782664.39541,15304.75317444,2.31304216384888,0.0167806148529053,0.203329801559448,0.711530208587646,1.1751594543457,1.50907135009766,1.55333685874939,1.55333685874939,-1,-1,1.8341007232666,186.549186706543,333.911895751953,44.2655086517334,378.177404403687,Instruction,Right,Left,Right,Right,Right,1,0,0,0,0,NaN,NaN,NaN,NaN,NaN,NaN,NaN,NaN,1,1,1,1,1,0,741,NaN,20260803_t1352_srsSmooth_Moretraining_B009,45,NaN,51.7718689997991,1.31955480575562,NaN,NaN,NaN,0,NaN,NaN,NaN,NaN,0
20260803_t1352_srsSmooth_Moretraining,srs_smooth_Moretraining,trial0964.mat,964,964,741,9,66,45,78,28,50,8,1,0,1,1,9,7386,1,1,1,2,1,1,1,1,0,0,,0,11,0,1,3,0,0,0,165,56,165,56,109,NaN,1,180,0,190,180,10,170,170,NaN,NaN,NaN,1785782669.64824,15310.0059268,1.5768141746521,0.0141522884368896,0.0153000354766846,0.758999824523926,1.27253532409668,1.47595047950745,-1,-1,-1,-1,-1,1.14774703979492,203.415155410767,NaN,NaN,Instruction,Right,Left,None,Right,Right,1,0,0,0,0,NaN,NaN,NaN,NaN,NaN,NaN,NaN,NaN,1,1,1,1,1,0,741,NaN,20260803_t1352_srsSmooth_Moretraining_B009,NaN,NaN,51.8594162344933,2.9397919178009,NaN,NaN,NaN,0,NaN,NaN,NaN,NaN,0
20260803_t1352_srsSmooth_Moretraining,srs_smooth_Moretraining,trial0965.mat,965,965,741,9,67,45,78,28,50,8,1,0,3,1,30,21655,1,2,2,1,1,2,2,1,2,1,SINGLE_T2_CORRECT,11,455,1,0,2,0,0,0,200,30,200,30,170,30,1,0,10,180,10,180,-170,170,NaN,NaN,NaN,1785782672.47145,15312.8292004,2.22870564460754,0.0160591602325439,0.250275135040283,0.860555648803711,1.25777411460876,1.58601093292236,1.61964082717896,1.61964082717896,-1,-1,1.90050888061523,234.215974807739,328.236818313599,33.6298942565918,361.86671257019,Instruction,Left,Right,Right,Left,Right,1,0,0,0,0,NaN,NaN,NaN,NaN,NaN,NaN,NaN,NaN,0,0,1,1,0,0,742,NaN,20260803_t1352_srsSmooth_Moretraining_B009,46,NaN,51.9064696550369,1.24639105796814,NaN,NaN,NaN,0,NaN,NaN,NaN,NaN,0
20260803_t1352_srsSmooth_Moretraining,srs_smooth_Moretraining,trial0966.mat,966,966,742,9,68,46,78,28,50,8,1,0,1,1,1,15080,1,1,1,2,1,1,1,1,1,1,SINGLE_T1_CORRECT,10,455,1,0,5,0,0,0,200,44,200,44,156,200,1,0,180,10,180,10,170,170,NaN,NaN,NaN,1785782675.96103,15316.31860196,2.57442402839661,0.0182764530181885,0.252630710601807,0.846675157546997,1.45166635513306,1.77174091339111,1.81255912780762,1.81255912780762,-1,-1,2.03770422935486,234.354257583618,320.074558258057,40.8182144165039,360.892772674561,Instruction,Right,Left,Right,Right,Right,1,0,0,0,0,NaN,NaN,NaN,NaN,NaN,NaN,NaN,NaN,1,1,1,1,1,0,743,NaN,20260803_t1352_srsSmooth_Moretraining_B009,47,NaN,51.9646294315656,1.26088094711304,NaN,NaN,NaN,0,NaN,NaN,NaN,NaN,0
20260803_t1352_srsSmooth_Moretraining,srs_smooth_Moretraining,trial0967.mat,967,967,743,9,69,47,78,28,50,8,1,0,4,1,47,18003,1,2,1,2,1,1,2,2,2,2,SINGLE_T2_CORRECT,11,455,1,0,2,0,0,0,180,63,180,63,117,63,1,0,10,180,10,180,-170,170,NaN,NaN,NaN,1785782679.88965,15320.24710132,2.12852001190186,0.0148189067840576,0.249157428741455,0.765658140182495,1.25653481483459,1.46545839309692,1.49918580055237,1.49918580055237,-1,-1,1.73542141914368,234.338521957397,208.923578262329,33.7274074554443,242.650985717773,Instruction,Right,Left,Left,Right,Left,1,0,0,0,0,NaN,NaN,NaN,NaN,NaN,NaN,NaN,NaN,1,1,0,1,0,0,744,NaN,20260803_t1352_srsSmooth_Moretraining_B009,48,NaN,52.0301062941551,1.35418772697449,NaN,NaN,NaN,0,NaN,NaN,NaN,NaN,0
20260803_t1352_srsSmooth_Moretraining,srs_smooth_Moretraining,trial0968.mat,968,968,744,9,70,48,78,28,50,8,1,0,4,1,44,9000,1,2,1,2,1,1,2,2,2,2,SINGLE_T2_CORRECT,11,455,1,0,4,0,0,0,172,65,172,65,107,65,1,180,190,0,10,180,-170,170,NaN,NaN,NaN,1785782683.34705,15323.70463076,2.28811550140381,0.0158791542053223,0.193980693817139,0.967008113861084,1.42426800727844,1.58557057380676,1.62538194656372,1.62538194656372,-1,-1,1.8949556350708,178.101539611816,161.30256652832,39.811372756958,201.113939285278,Instruction,Right,Left,Left,Right,Left,1,0,0,0,0,NaN,NaN,NaN,NaN,NaN,NaN,NaN,NaN,1,1,0,1,0,0,745,NaN,20260803_t1352_srsSmooth_Moretraining_B009,49,NaN,52.0877297878265,1.32888960838318,NaN,NaN,NaN,0,NaN,NaN,NaN,NaN,0
20260803_t1352_srsSmooth_Moretraining,srs_smooth_Moretraining,trial0969.mat,969,969,745,9,71,49,78,28,50,8,1,0,1,1,9,7386,1,1,1,2,1,1,1,1,1,1,SINGLE_T1_CORRECT,10,455,1,0,5,0,0,0,179,59,179,59,120,179,1,180,0,190,180,10,170,170,NaN,NaN,NaN,1785782686.93351,15327.29094912,2.47641110420227,0.0128993988037109,0.224620819091797,0.782912969589233,1.31295037269592,1.63247418403625,1.67451047897339,1.67451047897339,-1,-1,1.96691417694092,211.721420288086,319.523811340332,42.0362949371338,361.560106277466,Instruction,Right,Left,Right,Right,Right,1,0,0,0,0,NaN,NaN,NaN,NaN,NaN,NaN,NaN,NaN,1,1,1,1,1,0,746,NaN,20260803_t1352_srsSmooth_Moretraining_B009,50,NaN,52.1475040157636,1.29833817481995,NaN,NaN,NaN,0,NaN,NaN,NaN,NaN,0
20260803_t1352_srsSmooth_Moretraining,srs_smooth_Moretraining,trial0970.mat,970,970,746,9,72,50,78,28,50,8,1,1,6,2,60,3377,2,0,2,1,1,2,1,2,0,0,,0,11,0,1,2,0,0,0,165,41,165,41,124,NaN,1,180,358.706260496713,191.293739503287,178.706260496713,11.2937395032868,167.412520993426,167.412520993426,NaN,NaN,NaN,1785782690.74133,15331.09859292,1.32686233520508,0.0135617256164551,0.200189590454102,0.875195264816284,-1,-1,-1,-1,-1,-1,-1,186.627864837646,NaN,NaN,NaN,Congruent,Left,Right,None,Left,Left,0,1,1,0,0,NaN,NaN,NaN,NaN,NaN,NaN,NaN,NaN,0,0,0,1,1,0,746,NaN,20260803_t1352_srsSmooth_Moretraining_B009,NaN,NaN,52.210967695713,1.33140969276428,NaN,NaN,NaN,0,NaN,NaN,NaN,NaN,0
20260803_t1352_srsSmooth_Moretraining,srs_smooth_Moretraining,trial0972.mat,972,972,746,9,74,50,78,28,50,8,1,1,5,2,52,7229,2,0,1,2,1,1,1,1,1,1,CHOSE_HIGH_SAL,1,455,1,0,7,0,0,0,161,78,161,78,83,161,1,180,289.673189570465,260.326810429535,109.673189570465,80.3268104295355,29.346379140929,29.346379140929,NaN,NaN,NaN,1785782694.82952,15335.18675624,2.57231736183167,0.0172019004821777,0.30370569229126,0.986745119094849,1.59226369857788,1.7865686416626,1.82802248001099,1.82802248001099,-1,-1,2.07802057266235,286.503791809082,194.304943084717,41.4538383483887,235.758781433105,Congruent,Right,Left,Right,Right,Right,0,1,1,0,1,1,1,1,1,0,0,0,0,1,1,1,1,1,1,747,297,20260803_t1352_srsSmooth_Moretraining_B009,51,1,52.2791041731834,2.7613263130188,1,2,93,0,0,1,1,0,1
20260803_t1352_srsSmooth_Moretraining,srs_smooth_Moretraining,trial0973.mat,973,973,747,9,75,51,78,28,50,8,1,1,5,2,57,25327,2,0,1,2,1,1,1,1,0,0,,0,11,0,1,4,0,0,0,180,57,180,57,123,NaN,1,0,179.242811503917,10.757188496083,179.242811503917,10.757188496083,168.485623007834,168.485623007834,NaN,NaN,NaN,1785782698.73987,15339.0969818,1.47054600715637,0.0153377056121826,0.218329429626465,0.968774795532227,-1,-1,-1,-1,-1,-1,-1,202.991724014282,NaN,NaN,NaN,Congruent,Right,Left,None,Right,Right,0,1,1,0,0,NaN,NaN,NaN,NaN,NaN,NaN,NaN,NaN,1,1,1,1,1,0,747,NaN,20260803_t1352_srsSmooth_Moretraining_B009,NaN,NaN,52.3442766944567,1.33803391456604,NaN,NaN,NaN,0,NaN,NaN,NaN,NaN,0
20260803_t1352_srsSmooth_Moretraining,srs_smooth_Moretraining,trial0974.mat,974,974,747,9,76,51,78,28,50,8,1,2,8,2,77,10404,2,0,2,1,1,2,2,1,2,1,CHOSE_HIGH_SAL,1,455,1,0,4,0,0,0,165,60,165,60,105,60,1,180,233.196325735828,316.803674264172,53.1963257358282,136.803674264172,-83.6073485283437,83.6073485283437,NaN,NaN,NaN,1785782701.46431,15341.82135868,2.13727760314941,0.0160090923309326,0.236008882522583,1.03556704521179,1.38272953033447,1.46034073829651,1.50236129760742,1.50236129760742,-1,-1,1.75775218009949,219.99979019165,77.6112079620361,42.0205593109131,119.631767272949,Conflict,Left,Right,Right,Left,Right,0,1,0,1,1,1,0,0,1,0,1,1,0,0,0,1,1,0,1,748,298,20260803_t1352_srsSmooth_Moretraining_B009,52,2,52.3896839658419,1.2538902759552,1,1,161,1,1,0,0,1,1
20260803_t1352_srsSmooth_Moretraining,srs_smooth_Moretraining,trial0975.mat,975,975,748,9,77,51,78,28,50,8,1,2,8,2,77,10404,2,0,2,1,1,2,2,1,1,2,CHOSE_LOW_SAL,2,455,1,0,6,0,0,0,165,30,165,30,135,165,1,180,233.196325735828,316.803674264172,53.1963257358282,136.803674264172,-83.6073485283437,83.6073485283437,NaN,NaN,NaN,1785782704.92162,15345.2785752,2.34789824485779,0.017164945602417,0.212289571762085,0.787342548370361,1.39221978187561,1.5781717300415,1.61985158920288,1.61985158920288,-1,-1,1.86037111282349,195.124626159668,185.951948165894,41.679859161377,227.631807327271,Conflict,Left,Right,Left,Left,Right,0,1,0,1,1,0,1,1,0,1,0,0,1,0,0,1,1,0,1,749,299,20260803_t1352_srsSmooth_Moretraining_B009,53,3,52.4473058581352,1.32003593444824,2,1,60,1,1,1,0,0,1
20260803_t1352_srsSmooth_Moretraining,srs_smooth_Moretraining,trial0976.mat,976,976,749,9,78,52,78,28,50,8,1,1,6,2,64,30953,2,0,2,1,1,2,1,2,1,2,CHOSE_HIGH_SAL,1,455,1,0,4,0,0,0,156,97,156,97,59,156,1,0,118.329413750695,71.6705862493047,118.329413750695,71.6705862493047,46.6588275013906,46.6588275013906,NaN,NaN,NaN,1785782708.56393,15348.92089328,2.29739189147949,0.0166692733764648,0.236624240875244,0.828095674514771,1.35838937759399,1.51103210449219,1.55297303199768,1.55297303199768,-1,-1,1.81341481208801,219.954967498779,152.642726898193,41.9409275054932,194.583654403687,Congruent,Left,Right,Left,Left,Left,0,1,1,0,1,0,1,1,1,1,0,0,0,0,0,0,1,1,1,750,300,20260803_t1352_srsSmooth_Moretraining_B009,54,4,52.5080109675725,1.29440832138062,1,2,165,1,0,0,1,1,1
20260803_t1352_srsSmooth_Moretraining,srs_smooth_Moretraining,trial0977.mat,977,977,750,9,79,53,78,28,50,8,1,1,5,2,53,14379,2,0,1,2,1,1,1,1,2,2,CHOSE_LOW_SAL,2,455,1,0,4,0,0,0,206,47,206,47,159,47,1,0,142.523432580069,47.4765674199308,142.523432580069,47.4765674199308,95.0468651601384,95.0468651601384,NaN,NaN,NaN,1785782712.23463,15352.59150884,2.04257225990295,0.0127801895141602,0.240778207778931,0.840757369995117,1.25449657440186,1.44050288200378,1.48043489456177,1.48043489456177,-1,-1,1.69735622406006,227.998018264771,186.006307601929,39.9320125579834,225.938320159912,Congruent,Right,Left,Left,Right,Right,0,1,1,0,1,0,0,0,0,1,1,1,1,1,1,1,1,1,1,751,301,20260803_t1352_srsSmooth_Moretraining_B009,55,5,52.5691893180211,1.37330913543701,1,2,156,1,1,0,0,1,1
20260803_t1352_srsSmooth_Moretraining,srs_smooth_Moretraining,trial0978.mat,978,978,751,9,80,54,78,28,50,8,1,2,8,2,74,16375,2,0,2,1,1,2,2,1,2,1,CHOSE_HIGH_SAL,1,455,1,0,4,0,0,0,178,66,178,66,112,66,1,180,229.889023302347,320.110976697653,49.8890233023475,140.110976697653,-90.2219533953051,90.2219533953051,NaN,NaN,NaN,1785782715.61624,15355.97298352,2.32021927833557,0.0146470069885254,0.226276159286499,0.951315402984619,1.38135480880737,1.58239340782166,1.61813282966614,1.61813282966614,-1,-1,1.93880105018616,211.629152297974,201.038599014282,35.7394218444824,236.778020858765,Conflict,Left,Right,Right,Left,Right,0,1,0,1,1,1,0,0,1,0,1,1,0,0,0,1,1,0,1,752,302,20260803_t1352_srsSmooth_Moretraining_B009,56,6,52.6255495389303,1.33904099464417,2,2,47,1,0,1,1,0,1
20260803_t1352_srsSmooth_Moretraining,srs_smooth_Moretraining,trial0979.mat,979,979,752,9,81,54,78,28,50,8,1,2,8,2,74,16375,2,0,2,1,1,2,2,1,1,2,CHOSE_LOW_SAL,2,455,1,0,2,0,0,0,178,33,178,33,145,178,1,180,229.889023302347,320.110976697653,49.8890233023475,140.110976697653,-90.2219533953051,90.2219533953051,NaN,NaN,NaN,1785782719.27208,15359.6287518,2.37254333496094,0.0172736644744873,0.286898374557495,0.89530086517334,1.42566275596619,1.60291194915771,1.64303231239319,1.64303231239319,-1,-1,1.89420080184937,269.624710083008,177.249193191528,40.1203632354736,217.369556427002,Conflict,Left,Right,Left,Left,Right,0,1,0,1,1,0,1,1,0,1,0,0,1,0,0,1,1,0,1,753,303,20260803_t1352_srsSmooth_Moretraining_B009,57,7,52.6864801764488,1.33561897277832,2,1,66,1,1,1,0,0,1
20260803_t1352_srsSmooth_Moretraining,srs_smooth_Moretraining,trial0980.mat,980,980,753,9,82,55,78,28,50,8,1,2,7,2,68,2540,2,0,1,2,1,1,2,2,0,0,,0,11,0,1,2,0,0,0,193,65,193,65,128,NaN,1,0,85.2394195930187,104.760580406981,85.2394195930187,104.760580406981,-19.5211608139626,19.5211608139626,NaN,NaN,NaN,1785782722.93764,15363.29429456,0.955909252166748,0.0185205936431885,0.280261754989624,-1,-1,-1,-1,-1,-1,-1,-1,261.741161346436,NaN,NaN,NaN,Conflict,Right,Left,None,Right,Left,0,1,0,1,0,NaN,NaN,NaN,NaN,NaN,NaN,NaN,NaN,1,1,0,1,0,0,753,NaN,20260803_t1352_srsSmooth_Moretraining_B009,NaN,NaN,52.7475729306539,1.29302191734314,NaN,NaN,NaN,0,NaN,NaN,NaN,NaN,0
20260803_t1352_srsSmooth_Moretraining,srs_smooth_Moretraining,trial0981.mat,981,981,753,9,83,55,78,28,50,8,1,2,7,2,68,2540,2,0,1,2,1,1,2,2,2,2,CHOSE_HIGH_SAL,1,455,1,0,3,0,0,0,191,46,191,46,145,46,1,0,16.7578129985341,173.242187001466,16.7578129985341,173.242187001466,-156.484374002932,156.484374002932,NaN,NaN,NaN,1785782725.14727,15365.50396008,2.195556640625,0.0173101425170898,0.270344495773315,0.920470952987671,1.38403081893921,1.58699560165405,1.62685704231262,1.62685704231262,-1,-1,1.84494972229004,253.034353256226,202.964782714844,39.8614406585693,242.826223373413,Conflict,Right,Left,Left,Right,Left,0,1,0,1,1,0,0,0,1,1,1,1,0,1,1,0,1,0,1,754,304,20260803_t1352_srsSmooth_Moretraining_B009,58,8,52.7844001054764,1.25372123718262,1,2,178,1,1,0,0,1,1
20260803_t1352_srsSmooth_Moretraining,srs_smooth_Moretraining,trial0982.mat,982,982,754,9,84,56,78,28,50,8,1,1,5,2,51,3830,2,0,1,2,1,1,1,1,0,0,,0,11,0,1,1,0,0,0,166,62,166,62,104,NaN,1,180,321.360349160087,228.639650839913,141.360349160087,48.6396508399131,92.7206983201738,92.7206983201738,NaN,NaN,NaN,1785782728.68029,15369.03673912,0.30439281463623,0.017768383026123,0.251846075057983,-1,-1,-1,-1,-1,-1,-1,-1,234.07769203186,NaN,NaN,NaN,Congruent,Right,Left,None,Right,Right,0,1,1,0,0,NaN,NaN,NaN,NaN,NaN,NaN,NaN,NaN,1,1,1,1,1,0,754,NaN,20260803_t1352_srsSmooth_Moretraining_B009,NaN,NaN,52.843283700943,1.33745908737183,NaN,NaN,NaN,0,NaN,NaN,NaN,NaN,0
20260803_t1352_srsSmooth_Moretraining,srs_smooth_Moretraining,trial0983.mat,983,983,754,9,85,56,78,28,50,8,1,2,8,2,75,7520,2,0,2,1,1,2,2,1,2,1,CHOSE_HIGH_SAL,1,455,1,0,4,0,0,0,185,64,185,64,121,64,1,0,13.2906918470654,176.709308152935,13.2906918470653,176.709308152935,-163.418616305869,163.418616305869,NaN,NaN,NaN,1785782730.22418,15370.58073708,2.16286420822144,0.0156068801879883,0.210481882095337,0.783569574356079,1.29065799713135,1.51888799667358,1.55840849876404,1.55840849876404,-1,-1,1.78572368621826,194.875001907349,228.229999542236,39.5205020904541,267.75050163269,Conflict,Left,Right,Right,Left,Right,0,1,0,1,1,1,0,0,1,0,1,1,0,0,0,1,1,0,1,755,305,20260803_t1352_srsSmooth_Moretraining_B009,59,9,52.8690151691437,1.23949527740479,2,2,46,1,0,1,1,0,1
20260803_t1352_srsSmooth_Moretraining,srs_smooth_Moretraining,trial0984.mat,984,984,755,9,86,56,78,28,50,8,1,2,8,2,75,7520,2,0,2,1,1,2,2,1,1,2,CHOSE_LOW_SAL,2,455,1,0,4,0,0,0,185,32,185,32,153,185,1,0,13.2906918470654,176.709308152935,13.2906918470653,176.709308152935,-163.418616305869,163.418616305869,NaN,NaN,NaN,1785782733.71208,15374.06848864,2.43114185333252,0.019505500793457,0.245337009429932,0.814462661743164,1.41956186294556,1.58067941665649,1.62070798873901,1.62070798873901,-1,-1,1.91527104377747,225.831508636475,161.117553710938,40.0285720825195,201.146125793457,Conflict,Left,Right,Left,Left,Right,0,1,0,1,1,0,1,1,0,1,0,0,1,0,0,1,1,0,1,756,306,20260803_t1352_srsSmooth_Moretraining_B009,60,10,52.9271469434102,1.32504224777222,2,1,64,1,1,1,0,0,1
20260803_t1352_srsSmooth_Moretraining,srs_smooth_Moretraining,trial0985.mat,985,985,756,9,87,57,78,28,50,8,1,2,7,2,67,5067,2,0,1,2,1,1,2,2,2,2,CHOSE_HIGH_SAL,1,455,1,0,2,0,0,0,158,66,158,66,92,66,1,180,265.608409705071,284.391590294929,85.6084097050708,104.391590294929,-18.7831805898584,18.7831805898584,NaN,NaN,NaN,1785782737.45861,15377.81507808,2.47095632553101,0.0147993564605713,0.234642505645752,1.00887155532837,1.5731942653656,1.75136089324951,1.791175365448,1.791175365448,-1,-1,2.07307529449463,219.843149185181,178.166627883911,39.8144721984863,217.981100082397,Conflict,Right,Left,Left,Right,Left,0,1,0,1,1,0,0,0,1,1,1,1,0,1,1,0,1,0,1,757,307,20260803_t1352_srsSmooth_Moretraining_B009,61,11,52.9895889838537,1.31538057327271,1,2,185,1,1,0,0,1,1
20260803_t1352_srsSmooth_Moretraining,srs_smooth_Moretraining,trial0986.mat,986,986,757,9,88,58,78,28,50,8,1,1,6,2,61,13407,2,0,2,1,1,2,1,2,2,1,CHOSE_LOW_SAL,2,455,1,0,4,0,0,0,155,48,155,48,107,48,1,0,173.094391382965,16.9056086170348,173.094391382965,16.9056086170348,156.18878276593,156.18878276593,NaN,NaN,NaN,1785782741.25453,15381.61092172,2.3168728351593,0.0190219879150391,0.255433559417725,0.922280073165894,1.33574151992798,1.59753584861755,1.63903260231018,1.63903260231018,-1,-1,1.94475364685059,236.411571502686,261.794328689575,41.496753692627,303.291082382202,Congruent,Left,Right,Right,Left,Left,0,1,1,0,1,1,0,0,0,0,1,1,1,0,0,0,1,1,1,758,308,20260803_t1352_srsSmooth_Moretraining_B009,62,12,53.0528544346491,1.32497072219849,2,2,66,1,0,1,1,0,1
20260803_t1352_srsSmooth_Moretraining,srs_smooth_Moretraining,trial0987.mat,987,987,758,9,89,59,78,28,50,8,1,1,5,2,54,22632,2,0,1,2,1,1,1,1,2,2,CHOSE_LOW_SAL,2,455,1,0,5,0,0,0,192,64,192,64,128,64,1,0,158.597610700486,31.4023892995139,158.597610700486,31.4023892995139,127.195221400972,127.195221400972,NaN,NaN,NaN,1785782744.84705,15385.2032872,2.05697178840637,0.0183169841766357,0.287973403930664,0.821593523025513,1.17669701576233,1.37882471084595,1.42165994644165,1.42165994644165,-1,-1,1.66273832321167,269.656419754028,202.127695083618,42.8352355957031,244.962930679321,Congruent,Right,Left,Left,Right,Right,0,1,1,0,1,0,0,0,0,1,1,1,1,1,1,1,1,1,1,759,309,20260803_t1352_srsSmooth_Moretraining_B009,63,13,53.1127296725909,1.27564144134521,2,1,48,1,0,1,1,0,1
20260803_t1352_srsSmooth_Moretraining,srs_smooth_Moretraining,trial0988.mat,988,988,759,9,90,60,78,28,50,8,1,2,7,2,65,21994,2,0,1,2,1,1,2,2,2,2,CHOSE_HIGH_SAL,1,455,1,0,4,0,0,0,175,48,175,48,127,48,1,180,244.373185668969,305.626814331031,64.3731856689691,125.626814331031,-61.2536286620617,61.2536286620617,NaN,NaN,NaN,1785782748.21566,15388.57179164,2.23906850814819,0.0165097713470459,0.268648862838745,0.919100284576416,1.49156808853149,1.55241084098816,1.59273743629456,1.59273743629456,-1,-1,1.84998202323914,252.139091491699,60.842752456665,40.3265953063965,101.169347763062,Conflict,Right,Left,Left,Right,Left,0,1,0,1,1,0,0,0,1,1,1,1,0,1,1,0,1,0,1,760,310,20260803_t1352_srsSmooth_Moretraining_B009,64,14,53.1688731431961,1.31163644790649,2,2,64,1,0,0,1,1,1
20260803_t1352_srsSmooth_Moretraining,srs_smooth_Moretraining,trial0989.mat,989,989,760,9,91,61,78,28,50,8,1,1,6,2,60,3377,2,0,2,1,1,2,1,2,2,1,CHOSE_LOW_SAL,2,455,1,0,3,0,0,0,187,37,187,37,150,37,1,0,176.615371270876,13.3846287291235,176.615371270876,13.3846287291235,163.230742541753,163.230742541753,NaN,NaN,NaN,1785782751.79155,15392.14763092,2.56270003318787,0.015754222869873,0.243914842605591,1.01061344146729,1.60748434066772,1.90857934951782,1.94134306907654,1.94134306907654,-1,-1,2.22698974609375,228.160619735718,301.095008850098,32.7637195587158,333.858728408813,Congruent,Left,Right,Right,Left,Left,0,1,1,0,1,1,0,0,0,0,1,1,1,0,0,0,1,1,1,761,311,20260803_t1352_srsSmooth_Moretraining_B009,65,15,53.2284714341164,1.33682894706726,2,2,48,1,0,1,1,0,1
20260803_t1352_srsSmooth_Moretraining,srs_smooth_Moretraining,trial0990.mat,990,990,761,9,92,62,78,28,50,8,1,2,7,2,66,15167,2,0,1,2,1,1,2,2,0,0,,0,11,0,1,3,0,0,0,181,77,181,77,104,NaN,1,180,212.56402754943,337.43597245057,32.5640275494295,157.43597245057,-124.871944901141,124.871944901141,NaN,NaN,NaN,1785782755.68522,15396.04120704,1.42114925384521,0.013911247253418,0.22535514831543,0.867085695266724,-1,-1,-1,-1,-1,-1,-1,211.443901062012,NaN,NaN,NaN,Conflict,Right,Left,None,Right,Left,0,1,0,1,0,NaN,NaN,NaN,NaN,NaN,NaN,NaN,NaN,1,1,0,1,0,0,761,NaN,20260803_t1352_srsSmooth_Moretraining_B009,NaN,NaN,53.2933658361435,1.33096408843994,NaN,NaN,NaN,0,NaN,NaN,NaN,NaN,0
20260803_t1352_srsSmooth_Moretraining,srs_smooth_Moretraining,trial0991.mat,991,991,761,9,93,62,78,28,50,8,1,2,8,2,73,8424,2,0,2,1,1,2,2,1,0,0,,0,11,0,1,0,0,0,0,173,46,173,46,127,NaN,1,0,40.3384304457731,149.661569554227,40.3384304457731,149.661569554227,-109.323139108454,109.323139108454,NaN,NaN,NaN,1785782758.32944,15398.68543908,0.222784519195557,0.0114569664001465,0.172331571578979,-1,-1,-1,-1,-1,-1,-1,-1,160.874605178833,NaN,NaN,NaN,Conflict,Left,Right,None,Left,Right,0,1,0,1,0,NaN,NaN,NaN,NaN,NaN,NaN,NaN,NaN,0,0,1,1,0,0,761,NaN,20260803_t1352_srsSmooth_Moretraining_B009,NaN,NaN,53.3374362746874,1.22307705879211,NaN,NaN,NaN,0,NaN,NaN,NaN,NaN,0
20260803_t1352_srsSmooth_Moretraining,srs_smooth_Moretraining,trial0992.mat,992,992,761,9,94,62,78,28,50,8,1,2,8,2,78,19774,2,0,2,1,1,2,2,1,0,0,,0,11,0,1,0,0,0,0,183,80,183,80,103,NaN,1,0,81.0159193928087,108.984080607191,81.0159193928087,108.984080607191,-27.9681612143827,27.9681612143827,NaN,NaN,NaN,1785782759.80151,15400.15756872,0.27440357208252,0.0144524574279785,0.217251539230347,-1,-1,-1,-1,-1,-1,-1,-1,202.799081802368,NaN,NaN,NaN,Conflict,Left,Right,None,Left,Right,0,1,0,1,0,NaN,NaN,NaN,NaN,NaN,NaN,NaN,NaN,0,0,1,1,0,0,761,NaN,20260803_t1352_srsSmooth_Moretraining_B009,NaN,NaN,53.3619706471761,1.2492778301239,NaN,NaN,NaN,0,NaN,NaN,NaN,NaN,0
20260803_t1352_srsSmooth_Moretraining,srs_smooth_Moretraining,trial1010.mat,1010,1010,761,9,112,62,78,28,50,8,1,2,8,2,76,5469,2,0,2,1,1,2,2,1,1,2,CHOSE_LOW_SAL,2,455,1,0,4,0,0,0,155,68,155,68,87,155,1,180,257.949890317784,292.050109682216,77.9498903177843,112.050109682216,-34.1002193644315,34.1002193644315,NaN,NaN,NaN,1785782787.59149,15427.94683744,2.25550055503845,0.0172269344329834,0.262094497680664,0.837205410003662,1.28394412994385,1.52012538909912,1.56217193603516,1.56217193603516,-1,-1,1.80256533622742,244.867563247681,236.181259155273,42.0465469360352,278.227806091309,Conflict,Left,Right,Left,Left,Right,0,1,0,1,1,0,1,1,0,1,0,0,1,0,0,1,1,0,1,762,312,20260803_t1352_srsSmooth_Moretraining_B009,66,16,53.8251371224721,27.5155849456787,2,1,37,1,1,1,0,0,1
20260803_t1352_srsSmooth_Moretraining,srs_smooth_Moretraining,trial1011.mat,1011,1011,762,9,113,63,78,28,50,8,1,1,5,2,56,30556,2,0,1,2,1,1,1,1,1,1,CHOSE_HIGH_SAL,1,455,1,0,4,0,0,0,173,55,173,55,118,173,1,0,166.632830033058,23.3671699669416,166.632830033058,23.3671699669416,143.265660066117,143.265660066117,NaN,NaN,NaN,1785782791.20919,15431.56440784,2.25527286529541,0.0163407325744629,0.201945781707764,0.776815176010132,1.19138765335083,1.44435739517212,1.48409080505371,1.48409080505371,-1,-1,1.74967432022095,185.605049133301,252.969741821289,39.7334098815918,292.703151702881,Congruent,Right,Left,Right,Right,Right,0,1,1,0,1,1,1,1,1,0,0,0,0,1,1,1,1,1,1,763,313,20260803_t1352_srsSmooth_Moretraining_B009,67,17,53.8854320287704,1.36219382286072,1,2,155,1,0,1,1,0,1
20260803_t1352_srsSmooth_Moretraining,srs_smooth_Moretraining,trial1012.mat,1012,1012,763,9,114,64,78,28,50,8,1,1,6,2,62,2209,2,0,2,1,1,2,1,2,2,1,CHOSE_LOW_SAL,2,455,1,0,3,0,0,0,195,72,195,72,123,72,1,0,110.07329563979,79.9267043602099,110.07329563979,79.9267043602099,30.1465912795802,30.1465912795802,NaN,NaN,NaN,1785782794.75431,15435.109544,2.03429055213928,0.0130274295806885,0.149633407592773,0.733246803283691,1.12973833084106,1.38302302360535,1.42398381233215,1.42398381233215,-1,-1,1.64902591705322,136.605978012085,253.284692764282,40.9607887268066,294.245481491089,Congruent,Left,Right,Right,Left,Left,0,1,1,0,1,1,0,0,0,0,1,1,1,0,0,0,1,1,1,764,314,20260803_t1352_srsSmooth_Moretraining_B009,68,18,53.9445173343023,1.28984546661377,1,1,173,1,1,0,0,1,1
20260803_t1352_srsSmooth_Moretraining,srs_smooth_Moretraining,trial1013.mat,1013,1013,764,9,115,65,78,28,50,8,1,2,7,2,66,15167,2,0,1,2,1,1,2,2,1,1,CHOSE_LOW_SAL,2,455,1,0,4,0,0,0,199,70,199,70,129,199,1,180,191.938490461436,358.061509538564,11.9384904614362,178.061509538564,-166.123019077128,166.123019077128,NaN,NaN,NaN,1785782798.05807,15438.4130564,2.40565657615662,0.0177278518676758,0.303861141204834,0.929267644882202,1.36777973175049,1.54343438148499,1.57696604728699,1.57696604728699,-1,-1,1.87459492683411,286.133289337158,175.654649734497,33.531665802002,209.186315536499,Conflict,Right,Left,Right,Right,Left,0,1,0,1,1,1,1,1,0,0,0,0,1,1,1,0,1,0,1,765,315,20260803_t1352_srsSmooth_Moretraining_B009,69,19,53.9995800415675,1.2694718837738,2,1,72,1,1,0,0,1,1
20260803_t1352_srsSmooth_Moretraining,srs_smooth_Moretraining,trial1014.mat,1014,1014,765,9,116,66,78,28,50,8,1,1,5,2,57,25327,2,0,1,2,1,1,1,1,1,1,CHOSE_HIGH_SAL,1,455,1,0,1,0,0,0,190,45,190,45,145,190,1,0,159.440079363612,30.5599206363876,159.440079363612,30.5599206363876,128.880158727225,128.880158727225,NaN,NaN,NaN,1785782801.77195,15442.12689192,2.39266324043274,0.0123255252838135,0.205320835113525,0.823789596557617,1.39571356773376,1.61566519737244,1.63804078102112,1.63804078102112,-1,-1,1.88363528251648,192.995309829712,219.951629638672,22.3755836486816,242.327213287354,Congruent,Right,Left,Right,Right,Right,0,1,1,0,1,1,1,1,1,0,0,0,0,1,1,1,1,1,1,766,316,20260803_t1352_srsSmooth_Moretraining_B009,70,20,54.0614780306816,1.30822277069092,1,1,199,1,0,0,1,1,1
20260803_t1352_srsSmooth_Moretraining,srs_smooth_Moretraining,trial1015.mat,1015,1015,766,9,117,67,78,28,50,8,1,2,7,2,69,14989,2,0,1,2,1,1,2,2,1,1,CHOSE_LOW_SAL,2,455,1,0,4,0,0,0,177,80,177,80,97,177,1,0,28.4309675911477,161.569032408852,28.4309675911477,161.569032408852,-133.138064817705,133.138064817705,NaN,NaN,NaN,1785782805.48128,15445.83627092,2.20867419242859,0.0114762783050537,0.173105716705322,0.705660820007324,1.17818856239319,1.38104295730591,1.43189191818237,1.43189191818237,-1,-1,1.72071027755737,161.629438400269,202.85439491272,50.8489608764648,253.703355789185,Conflict,Right,Left,Right,Right,Left,0,1,0,1,1,1,1,1,0,0,0,0,1,1,1,0,1,0,1,767,317,20260803_t1352_srsSmooth_Moretraining_B009,71,21,54.1233001470566,1.31666374206543,1,1,190,1,0,0,1,1,1
20260803_t1352_srsSmooth_Moretraining,srs_smooth_Moretraining,trial1016.mat,1016,1016,767,9,118,68,78,28,50,8,1,2,7,2,71,29301,2,0,1,2,1,1,2,2,1,1,CHOSE_LOW_SAL,2,455,1,0,1,0,0,0,174,72,174,72,102,174,1,180,216.135690119125,333.864309880875,36.1356901191248,153.864309880875,-117.72861976175,117.72861976175,NaN,NaN,NaN,1785782809.02992,15449.3847302,2.61872005462646,0.0129745006561279,0.188775062561035,0.947406053543091,1.57970237731934,1.83077073097229,1.87253189086914,1.87253189086914,-1,-1,2.14120936393738,175.800561904907,251.068353652954,41.7611598968506,292.829513549805,Conflict,Right,Left,Right,Right,Left,0,1,0,1,1,1,1,1,0,0,0,0,1,1,1,0,1,0,1,768,318,20260803_t1352_srsSmooth_Moretraining_B009,72,22,54.1824441313744,1.33996486663818,1,1,177,1,0,0,1,1,1
20260803_t1352_srsSmooth_Moretraining,srs_smooth_Moretraining,trial1017.mat,1017,1017,768,9,119,69,78,28,50,8,1,2,8,2,73,8424,2,0,2,1,1,2,2,1,2,1,CHOSE_HIGH_SAL,1,455,1,0,2,0,0,0,166,50,166,50,116,50,1,0,25.2054714557104,164.79452854429,25.2054714557104,164.79452854429,-139.589057088579,139.589057088579,NaN,NaN,NaN,1785782812.98338,15453.33831632,2.23958420753479,0.0179967880249023,0.221293687820435,0.79425835609436,1.31804776191711,1.62139940261841,1.66093945503235,1.66093945503235,-1,-1,1.89307475090027,203.296899795532,303.351640701294,39.5400524139404,342.891693115234,Conflict,Left,Right,Right,Left,Right,0,1,0,1,1,1,0,0,1,0,1,1,0,0,0,1,1,0,1,769,319,20260803_t1352_srsSmooth_Moretraining_B009,73,23,54.2483352104823,1.33474469184875,1,1,174,1,1,0,0,1,1
20260803_t1352_srsSmooth_Moretraining,srs_smooth_Moretraining,trial1018.mat,1018,1018,769,9,120,69,78,28,50,8,1,2,8,2,73,8424,2,0,2,1,1,2,2,1,1,2,CHOSE_LOW_SAL,2,455,1,0,3,0,0,0,166,25,166,25,141,166,1,0,25.2054714557104,164.79452854429,25.2054714557104,164.79452854429,-139.589057088579,139.589057088579,NaN,NaN,NaN,1785782816.5504,15456.90513532,2.32254004478455,0.0177814960479736,0.193493843078613,0.837253332138062,1.25116229057312,1.51255249977112,1.55351233482361,1.55351233482361,-1,-1,1.83768725395203,175.71234703064,261.390209197998,40.9598350524902,302.350044250488,Conflict,Left,Right,Left,Left,Right,0,1,0,1,1,0,1,1,0,1,0,0,1,0,0,1,1,0,1,770,320,20260803_t1352_srsSmooth_Moretraining_B009,74,24,54.3077855626742,1.32743692398071,2,1,50,1,1,1,0,0,1
20260803_t1352_srsSmooth_Moretraining,srs_smooth_Moretraining,trial1019.mat,1019,1019,770,9,121,70,78,28,50,8,1,2,7,2,70,13104,2,0,1,2,1,1,2,2,1,1,CHOSE_LOW_SAL,2,455,1,0,2,0,0,0,160,77,160,77,83,160,1,180,218.177886279159,331.822113720841,38.1778862791589,151.822113720841,-113.644227441682,113.644227441682,NaN,NaN,NaN,1785782820.21714,15460.57182216,2.34106421470642,0.0178482532501221,0.129482507705688,0.912673950195312,1.39290118217468,1.62083649635315,1.65251278877258,1.65251278877258,-1,-1,1.86929941177368,111.634254455566,227.935314178467,31.6762924194336,259.6116065979,Conflict,Right,Left,Right,Right,Left,0,1,0,1,1,1,1,1,0,0,0,0,1,1,1,0,1,0,1,771,321,20260803_t1352_srsSmooth_Moretraining_B009,75,25,54.3688979347547,1.34420228004456,1,2,166,1,0,1,1,0,1
20260803_t1352_srsSmooth_Moretraining,srs_smooth_Moretraining,trial1020.mat,1020,1020,771,9,122,71,78,28,50,8,1,2,8,2,72,17718,2,0,2,1,1,2,2,1,2,1,CHOSE_HIGH_SAL,1,455,1,0,5,0,0,0,177,75,177,75,102,75,1,180,190.905480939838,359.094519060162,10.9054809398385,179.094519060162,-168.189038120323,168.189038120323,NaN,NaN,NaN,1785782823.88857,15464.24314708,2.32744550704956,0.0132279396057129,0.158532381057739,0.941745758056641,1.53828835487366,1.56677007675171,1.60614943504333,1.60614943504333,-1,-1,1.90877413749695,145.304441452026,28.4817218780518,39.379358291626,67.8610801696777,Conflict,Left,Right,Right,Left,Right,0,1,0,1,1,1,0,0,1,0,1,1,0,0,0,1,1,0,1,772,322,20260803_t1352_srsSmooth_Moretraining_B009,76,26,54.4300884048144,1.33036398887634,1,1,160,1,1,0,0,1,1
20260803_t1352_srsSmooth_Moretraining,srs_smooth_Moretraining,trial1022.mat,1022,1022,772,9,124,71,78,28,50,8,1,2,8,2,72,17718,2,0,2,1,1,2,2,1,2,1,CHOSE_HIGH_SAL,1,455,1,0,3,0,0,0,177,37,177,37,140,37,1,180,190.905480939838,359.094519060162,10.9054809398385,179.094519060162,-168.189038120323,168.189038120323,NaN,NaN,NaN,1785782829.13702,15469.49149072,2.18328261375427,0.0149822235107422,0.126804113388062,0.901889324188232,1.3400342464447,1.57691669464111,1.61836719512939,1.61836719512939,-1,-1,1.8354344367981,111.821889877319,236.882448196411,41.4505004882812,278.332948684692,Conflict,Left,Right,Right,Left,Right,0,1,0,1,1,1,0,0,1,0,1,1,0,0,0,1,1,0,1,773,323,20260803_t1352_srsSmooth_Moretraining_B009,77,27,54.5175625681877,2.92100429534912,2,1,75,1,0,0,1,1,1
20260803_t1352_srsSmooth_Moretraining,srs_smooth_Moretraining,trial1023.mat,1023,1023,773,9,125,71,78,28,50,8,1,2,8,2,72,17718,2,0,2,1,1,2,2,1,1,2,CHOSE_LOW_SAL,2,455,1,0,3,0,0,0,177,18,177,18,159,177,1,180,190.905480939838,359.094519060162,10.9054809398385,179.094519060162,-168.189038120323,168.189038120323,NaN,NaN,NaN,1785782832.66437,15473.01884744,2.52645635604858,0.0127692222595215,0.266099214553833,0.974798679351807,1.4794933795929,1.74146628379822,1.78293704986572,1.78293704986572,-1,-1,2.05005407333374,253.329992294312,261.972904205322,41.4707660675049,303.443670272827,Conflict,Left,Right,Left,Left,Right,0,1,0,1,1,0,1,1,0,1,0,0,1,0,0,1,1,0,1,774,324,20260803_t1352_srsSmooth_Moretraining_B009,78,28,54.5763517340024,1.34406733512878,2,1,37,1,1,1,0,0,1
20260803_t1352_srsSmooth_Moretraining,srs_smooth_Moretraining,trial1024.mat,1024,1024,774,9,126,72,78,28,50,8,1,2,8,2,78,19774,2,0,2,1,1,2,2,1,1,2,CHOSE_LOW_SAL,2,455,1,0,2,0,0,0,180,65,180,65,115,180,1,180,207.991962570033,342.008037429967,27.9919625700332,162.008037429967,-134.016074859934,134.016074859934,NaN,NaN,NaN,1785782836.54553,15476.8998692,2.50351929664612,0.0150899887084961,0.257787466049194,0.908077478408813,1.49848103523254,1.71038413047791,1.74902963638306,1.74902963638306,-1,-1,2.02469873428345,242.697477340698,211.903095245361,38.6455059051514,250.548601150513,Conflict,Left,Right,Left,Left,Right,0,1,0,1,1,0,1,1,0,1,0,0,1,0,0,1,1,0,1,775,325,20260803_t1352_srsSmooth_Moretraining_B009,79,29,54.6410377899806,1.35470700263977,1,2,177,1,0,0,1,1,1
20260803_t1352_srsSmooth_Moretraining,srs_smooth_Moretraining,trial1026.mat,1026,1026,775,9,128,73,78,28,50,8,1,1,5,2,55,14859,2,0,1,2,1,1,1,1,2,2,CHOSE_LOW_SAL,2,455,1,0,2,0,0,0,187,33,187,33,154,33,1,180,359.789754961363,190.210245038637,179.789754961363,10.2102450386367,169.579509922727,169.579509922727,NaN,NaN,NaN,1785782841.96141,15482.31575692,2.45526528358459,0.0160939693450928,0.260463953018188,1.0252206325531,1.54115271568298,1.75906562805176,1.80075454711914,1.80075454711914,-1,-1,2.11830806732178,244.369983673096,217.912912368774,41.6889190673828,259.601831436157,Congruent,Right,Left,Left,Right,Right,0,1,1,0,1,0,0,0,0,1,1,1,1,1,1,1,1,1,1,776,326,20260803_t1352_srsSmooth_Moretraining_B009,80,30,54.7313023408254,2.91235375404358,1,2,180,1,1,0,0,1,1
20260803_t1352_srsSmooth_Moretraining,srs_smooth_Moretraining,trial1027.mat,1027,1027,776,9,129,74,78,28,50,8,1,1,6,2,63,23809,2,0,2,1,1,2,1,2,1,2,CHOSE_HIGH_SAL,1,455,1,0,5,0,0,0,173,92,173,92,81,173,1,0,154.035684293164,35.9643157068358,154.035684293164,35.9643157068358,118.071368586328,118.071368586328,NaN,NaN,NaN,1785782845.75741,15486.11154508,2.5841269493103,0.0119085311889648,0.189240217208862,0.979203224182129,1.57863593101501,1.77360558509827,1.8130464553833,1.8130464553833,-1,-1,2.08062076568604,177.331686019897,194.969654083252,39.4408702850342,234.410524368286,Congruent,Left,Right,Left,Left,Left,0,1,1,0,1,0,1,1,1,1,0,0,0,0,0,0,1,1,1,777,327,20260803_t1352_srsSmooth_Moretraining_B009,81,31,54.7945689916611,1.34073376655579,2,2,33,1,1,0,0,1,1
20260803_t1352_srsSmooth_Moretraining,srs_smooth_Moretraining,trial1028.mat,1028,1028,777,9,130,75,78,28,50,8,1,1,6,2,59,30359,2,0,2,1,1,2,1,2,1,2,CHOSE_HIGH_SAL,1,455,1,0,5,0,0,0,199,52,199,52,147,199,1,0,133.155004112295,56.8449958877055,133.155004112295,56.8449958877055,76.3100082245891,76.3100082245891,NaN,NaN,NaN,1785782849.65233,15490.00640528,2.23004508018494,0.0171401500701904,0.237211942672729,0.753576040267944,1.25052094459534,1.42678666114807,1.46843028068542,1.46843028068542,-1,-1,1.73002505302429,220.071792602539,176.265716552734,41.6436195373535,217.909336090088,Congruent,Left,Right,Left,Left,Left,0,1,1,0,1,0,1,1,1,1,0,0,0,0,0,0,1,1,1,778,328,20260803_t1352_srsSmooth_Moretraining_B009,82,32,54.8594843387604,1.31079387664795,1,2,173,1,0,0,1,1,1
20260803_t1352_srsSmooth_Moretraining,srs_smooth_Moretraining,trial1029.mat,1029,1029,778,9,131,76,78,28,50,8,1,1,5,2,51,3830,2,0,1,2,1,1,1,1,2,2,CHOSE_LOW_SAL,2,455,1,0,5,0,0,0,200,54,200,54,146,54,1,0,106.208274609499,83.7917253905005,106.208274609499,83.7917253905006,22.4165492189989,22.4165492189989,NaN,NaN,NaN,1785782853.18326,15493.53735172,2.20873808860779,0.011340856552124,0.264732599258423,0.956015586853027,1.35305976867676,1.51412272453308,1.55547881126404,1.55547881126404,-1,-1,1.81826090812683,253.391742706299,161.062955856323,41.356086730957,202.41904258728,Congruent,Right,Left,Left,Right,Right,0,1,1,0,1,0,0,0,0,1,1,1,1,1,1,1,1,1,1,779,329,20260803_t1352_srsSmooth_Moretraining_B009,83,33,54.9183332761129,1.30089116096497,1,2,199,1,1,0,0,1,1
20260803_t1352_srsSmooth_Moretraining,srs_smooth_Moretraining,trial1030.mat,1030,1030,779,9,132,77,78,28,50,8,1,1,6,2,58,335,2,0,2,1,1,2,1,2,0,0,,0,11,0,1,2,0,0,0,165,59,165,59,106,NaN,1,180,336.598374463424,213.401625536576,156.598374463424,33.401625536576,123.196748926848,123.196748926848,NaN,NaN,NaN,1785782856.71634,15497.07018284,1.07442951202393,0.0117387771606445,0.131792306900024,0.740096569061279,-1,-1,-1,-1,-1,-1,-1,120.05352973938,NaN,NaN,NaN,Congruent,Left,Right,None,Left,Left,0,1,1,0,0,NaN,NaN,NaN,NaN,NaN,NaN,NaN,NaN,0,0,0,1,1,0,779,NaN,20260803_t1352_srsSmooth_Moretraining_B009,NaN,NaN,54.9772178093592,1.32433390617371,NaN,NaN,NaN,0,NaN,NaN,NaN,NaN,0
20260803_t1352_srsSmooth_Moretraining,srs_smooth_Moretraining,trial1035.mat,1035,1035,779,9,137,77,78,28,50,8,1,1,6,2,58,335,2,0,2,1,1,2,1,2,1,2,CHOSE_HIGH_SAL,1,455,1,0,4,0,0,0,205,93,205,93,112,205,1,0,135.505913672344,54.4940863276557,135.505913672344,54.4940863276557,81.0118273446886,81.0118273446886,NaN,NaN,NaN,1785782865.24759,15505.6013598,2.50360441207886,0.0141510963439941,0.242185592651367,0.909042835235596,1.48087501525879,1.68340706825256,1.7150411605835,1.7150411605835,-1,-1,1.95515942573547,228.034496307373,202.532052993774,31.6340923309326,234.166145324707,Congruent,Left,Right,Left,Left,Left,0,1,1,0,1,0,1,1,1,1,0,0,0,0,0,0,1,1,1,780,330,20260803_t1352_srsSmooth_Moretraining_B009,84,34,55.1194053729375,7.45682430267334,2,2,54,1,1,0,0,1,1
20260803_t1352_srsSmooth_Moretraining,srs_smooth_Moretraining,trial1037.mat,1037,1037,780,10,2,0,82,32,50,8,2,0,4,1,44,16733,1,2,1,2,2,2,2,2,2,2,SINGLE_T2_CORRECT,11,455,1,0,1,0,0,0,84,125,125,84,-41,125,1,0,10,180,10,180,-170,170,NaN,NaN,NaN,1785782870.60495,15510.95857512,2.40359044075012,0.0153303146362305,0.182945728302002,0.891516923904419,1.39038419723511,1.61887693405151,1.65790128707886,1.65790128707886,-1,-1,1.97575712203979,167.615413665771,228.492736816406,39.0243530273438,267.51708984375,Instruction,Right,Left,Left,Left,Left,1,0,0,0,0,NaN,NaN,NaN,NaN,NaN,NaN,NaN,NaN,1,0,0,0,0,0,781,NaN,20260803_t1352_srsSmooth_Moretraining_B010,1,NaN,55.2086947520574,2.85375833511353,NaN,NaN,NaN,0,NaN,NaN,NaN,NaN,0
20260803_t1352_srsSmooth_Moretraining,srs_smooth_Moretraining,trial1038.mat,1038,1038,781,10,3,1,82,32,50,8,2,0,4,1,48,14832,1,2,1,2,2,2,2,2,2,2,SINGLE_T2_CORRECT,11,455,1,0,2,0,0,0,65,139,139,65,-74,139,1,0,10,180,10,180,-170,170,NaN,NaN,NaN,1785782874.34296,15514.69650376,2.4756453037262,0.0191309452056885,0.261672019958496,1.05548477172852,1.64419460296631,1.76407074928284,1.80569911003113,1.80569911003113,-1,-1,2.02578449249268,242.541074752808,119.876146316528,41.628360748291,161.504507064819,Instruction,Right,Left,Left,Left,Left,1,0,0,0,0,NaN,NaN,NaN,NaN,NaN,NaN,NaN,NaN,1,0,0,0,0,0,782,NaN,20260803_t1352_srsSmooth_Moretraining_B010,2,NaN,55.2709949572881,1.33442187309265,NaN,NaN,NaN,0,NaN,NaN,NaN,NaN,0
20260803_t1352_srsSmooth_Moretraining,srs_smooth_Moretraining,trial1039.mat,1039,1039,782,10,4,2,82,32,50,8,2,0,4,1,46,5343,1,2,1,2,2,2,2,2,2,2,SINGLE_T2_CORRECT,11,455,1,0,2,0,0,0,71,126,126,71,-55,126,1,180,190,0,10,180,-170,170,NaN,NaN,NaN,1785782878.16495,15518.51830812,2.33553576469421,0.0139627456665039,0.22588062286377,0.892148494720459,1.42235064506531,1.65853118896484,1.68977117538452,1.68977117538452,-1,-1,1.91369962692261,211.917877197266,236.180543899536,31.2399864196777,267.420530319214,Instruction,Right,Left,Left,Left,Left,1,0,0,0,0,NaN,NaN,NaN,NaN,NaN,NaN,NaN,NaN,1,0,0,0,0,0,783,NaN,20260803_t1352_srsSmooth_Moretraining_B010,3,NaN,55.3346946954727,1.34633898735046,NaN,NaN,NaN,0,NaN,NaN,NaN,NaN,0
20260803_t1352_srsSmooth_Moretraining,srs_smooth_Moretraining,trial1040.mat,1040,1040,783,10,5,3,82,32,50,8,2,0,2,1,15,17839,1,1,2,1,2,1,1,2,1,2,SINGLE_T1_CORRECT,10,455,1,0,0,0,0,0,62,129,129,62,-67,62,1,180,0,190,180,10,170,170,NaN,NaN,NaN,1785782881.83601,15522.1893804,2.03874230384827,0.0180432796478271,0.252123832702637,0.777534484863281,1.19309043884277,1.38593292236328,1.42069888114929,1.42069888114929,-1,-1,1.67158389091492,234.08055305481,192.842483520508,34.7659587860107,227.608442306519,Instruction,Left,Right,Left,Right,Left,1,0,0,0,0,NaN,NaN,NaN,NaN,NaN,NaN,NaN,NaN,0,1,0,0,1,0,784,NaN,20260803_t1352_srsSmooth_Moretraining_B010,4,NaN,55.3958790699641,1.33552670478821,NaN,NaN,NaN,0,NaN,NaN,NaN,NaN,0
20260803_t1352_srsSmooth_Moretraining,srs_smooth_Moretraining,trial1041.mat,1041,1041,784,10,6,4,82,32,50,8,2,0,3,1,34,26226,1,2,2,1,2,1,2,1,2,1,SINGLE_T2_CORRECT,11,455,1,0,2,0,0,0,46,127,127,46,-81,127,1,180,190,0,10,180,-170,170,NaN,NaN,NaN,1785782885.21515,15525.5683264,2.46131801605225,0.0140397548675537,0.192458868026733,0.932046890258789,1.44742965698242,1.68976736068726,1.72332906723022,1.72332906723022,-1,-1,2.00137734413147,178.41911315918,242.337703704834,33.5617065429688,275.899410247803,Instruction,Left,Right,Right,Right,Right,1,0,0,0,0,NaN,NaN,NaN,NaN,NaN,NaN,NaN,NaN,0,1,1,0,0,0,785,NaN,20260803_t1352_srsSmooth_Moretraining_B010,5,NaN,55.4521979928017,1.34039306640625,NaN,NaN,NaN,0,NaN,NaN,NaN,NaN,0
20260803_t1352_srsSmooth_Moretraining,srs_smooth_Moretraining,trial1042.mat,1042,1042,785,10,7,5,82,32,50,8,2,0,2,1,19,2256,1,1,2,1,2,1,1,2,1,2,SINGLE_T1_CORRECT,10,455,1,0,2,0,0,0,53,111,111,53,-58,53,1,0,180,10,180,10,170,170,NaN,NaN,NaN,1785782889.02062,15529.37387,2.0060293674469,0.0170514583587646,0.219646215438843,0.728912830352783,1.14209508895874,1.3449764251709,1.38474345207214,1.38474345207214,-1,-1,1.63477897644043,202.594757080078,202.881336212158,39.7670269012451,242.648363113403,Instruction,Left,Right,Left,Right,Left,1,0,0,0,0,NaN,NaN,NaN,NaN,NaN,NaN,NaN,NaN,0,1,0,0,1,0,786,NaN,20260803_t1352_srsSmooth_Moretraining_B010,6,NaN,55.5156225164731,1.34415340423584,NaN,NaN,NaN,0,NaN,NaN,NaN,NaN,0
20260803_t1352_srsSmooth_Moretraining,srs_smooth_Moretraining,trial1043.mat,1043,1043,786,10,8,6,82,32,50,8,2,0,2,1,14,24088,1,1,2,1,2,1,1,2,1,2,SINGLE_T1_CORRECT,10,455,1,0,3,0,0,0,64,127,127,64,-63,64,1,180,0,190,180,10,170,170,NaN,NaN,NaN,1785782892.354,15532.70713056,1.96387696266174,0.0171315670013428,0.228385925292969,0.736829996109009,1.16717672348022,1.3038969039917,1.34562659263611,1.34562659263611,-1,-1,1.60282135009766,211.254358291626,136.720180511475,41.7296886444092,178.449869155884,Instruction,Left,Right,Left,Right,Left,1,0,0,0,0,NaN,NaN,NaN,NaN,NaN,NaN,NaN,NaN,0,1,0,0,1,0,787,NaN,20260803_t1352_srsSmooth_Moretraining_B010,7,NaN,55.5711789131165,1.32735443115234,NaN,NaN,NaN,0,NaN,NaN,NaN,NaN,0
20260803_t1352_srsSmooth_Moretraining,srs_smooth_Moretraining,trial1044.mat,1044,1044,787,10,9,7,82,32,50,8,2,0,3,1,37,24118,1,2,2,1,2,1,2,1,2,1,SINGLE_T2_CORRECT,11,455,1,0,4,0,0,0,93,108,108,93,-15,108,1,0,10,180,10,180,-170,170,NaN,NaN,NaN,1785782895.65914,15536.01222612,2.32664155960083,0.012117862701416,0.22295069694519,0.807008504867554,1.19549822807312,1.52933478355408,1.56545090675354,1.56545090675354,-1,-1,1.88563966751099,210.832834243774,333.836555480957,36.1161231994629,369.95267868042,Instruction,Left,Right,Right,Right,Right,1,0,0,0,0,NaN,NaN,NaN,NaN,NaN,NaN,NaN,NaN,0,1,1,0,0,0,788,NaN,20260803_t1352_srsSmooth_Moretraining_B010,8,NaN,55.6262646238009,1.34126567840576,NaN,NaN,NaN,0,NaN,NaN,NaN,NaN,0
20260803_t1352_srsSmooth_Moretraining,srs_smooth_Moretraining,trial1045.mat,1045,1045,788,10,10,8,82,32,50,8,2,0,3,1,28,7523,1,2,2,1,2,1,2,1,2,1,SINGLE_T2_CORRECT,11,455,1,0,5,0,0,0,42,139,139,42,-97,139,1,0,10,180,10,180,-170,170,NaN,NaN,NaN,1785782899.28712,15539.64007416,2.3649046421051,0.0176205635070801,0.13781476020813,0.74592113494873,1.34267258644104,1.587557554245,1.62719225883484,1.62719225883484,-1,-1,1.92202806472778,120.19419670105,244.884967803955,39.6347045898438,284.519672393799,Instruction,Left,Right,Right,Right,Right,1,0,0,0,0,NaN,NaN,NaN,NaN,NaN,NaN,NaN,NaN,0,1,1,0,0,0,789,NaN,20260803_t1352_srsSmooth_Moretraining_B010,9,NaN,55.6867308457692,1.30133175849915,NaN,NaN,NaN,0,NaN,NaN,NaN,NaN,0
20260803_t1352_srsSmooth_Moretraining,srs_smooth_Moretraining,trial1046.mat,1046,1046,789,10,11,9,82,32,50,8,2,0,1,1,13,3725,1,1,1,2,2,2,1,1,1,1,SINGLE_T1_CORRECT,10,455,1,0,3,0,0,0,70,101,101,70,-31,70,1,0,180,10,180,10,170,170,NaN,NaN,NaN,1785782903.00866,15543.36171264,2.35316371917725,0.0128931999206543,0.197350025177002,0.841233968734741,1.43794918060303,1.69112515449524,1.73046159744263,1.73046159744263,-1,-1,1.97841858863831,184.456825256348,253.175973892212,39.3364429473877,292.5124168396,Instruction,Right,Left,Right,Left,Right,1,0,0,0,0,NaN,NaN,NaN,NaN,NaN,NaN,NaN,NaN,1,0,1,0,1,0,790,NaN,20260803_t1352_srsSmooth_Moretraining_B010,10,NaN,55.7487565040588,1.35663485527039,NaN,NaN,NaN,0,NaN,NaN,NaN,NaN,0
20260803_t1352_srsSmooth_Moretraining,srs_smooth_Moretraining,trial1047.mat,1047,1047,790,10,12,10,82,32,50,8,2,0,2,1,22,10840,1,1,2,1,2,1,1,2,1,2,SINGLE_T1_CORRECT,10,455,1,0,6,0,0,0,49,148,148,49,-99,49,1,0,180,10,180,10,170,170,NaN,NaN,NaN,1785782906.66441,15547.01727768,2.22135162353516,0.0156161785125732,0.260435819625854,0.80258321762085,1.23233008384705,1.47737526893616,1.51906704902649,1.51906704902649,-1,-1,1.82299089431763,244.819641113281,245.045185089111,41.691780090332,286.736965179443,Instruction,Left,Right,Left,Right,Left,1,0,0,0,0,NaN,NaN,NaN,NaN,NaN,NaN,NaN,NaN,0,1,0,0,1,0,791,NaN,20260803_t1352_srsSmooth_Moretraining_B010,11,NaN,55.8096857349078,1.30259013175964,NaN,NaN,NaN,0,NaN,NaN,NaN,NaN,0
20260803_t1352_srsSmooth_Moretraining,srs_smooth_Moretraining,trial1048.mat,1048,1048,791,10,13,11,82,32,50,8,2,0,4,1,41,1101,1,2,1,2,2,2,2,2,2,2,SINGLE_T2_CORRECT,11,455,1,0,3,0,0,0,101,130,130,101,-29,130,1,0,10,180,10,180,-170,170,NaN,NaN,NaN,1785782910.23467,15550.58746316,2.15914940834045,0.0205020904541016,0.231272220611572,0.83841347694397,1.24555039405823,1.44693994522095,1.48227095603943,1.48227095603943,-1,-1,1.73130416870117,210.770130157471,201.38955116272,35.3310108184814,236.720561981201,Instruction,Right,Left,Left,Left,Left,1,0,0,0,0,NaN,NaN,NaN,NaN,NaN,NaN,NaN,NaN,1,0,0,0,0,0,792,NaN,20260803_t1352_srsSmooth_Moretraining_B010,12,NaN,55.8691899657249,1.34890222549438,NaN,NaN,NaN,0,NaN,NaN,NaN,NaN,0
20260803_t1352_srsSmooth_Moretraining,srs_smooth_Moretraining,trial1049.mat,1049,1049,792,10,14,12,82,32,50,8,2,0,1,1,5,20957,1,1,1,2,2,2,1,1,1,1,SINGLE_T1_CORRECT,10,455,1,0,3,0,0,0,81,122,122,81,-41,81,1,0,180,10,180,10,170,170,NaN,NaN,NaN,1785782913.67547,15554.02831488,2.46994209289551,0.0131702423095703,0.222692489624023,0.97426700592041,1.48822736740112,1.74798846244812,1.78346848487854,1.78346848487854,-1,-1,2.0391104221344,209.522247314453,259.761095046997,35.4800224304199,295.241117477417,Instruction,Right,Left,Right,Left,Right,1,0,0,0,0,NaN,NaN,NaN,NaN,NaN,NaN,NaN,NaN,1,0,1,0,1,0,793,NaN,20260803_t1352_srsSmooth_Moretraining_B010,13,NaN,55.9265366474787,1.28165149688721,NaN,NaN,NaN,0,NaN,NaN,NaN,NaN,0
20260803_t1352_srsSmooth_Moretraining,srs_smooth_Moretraining,trial1050.mat,1050,1050,793,10,15,13,82,32,50,8,2,0,3,1,31,19182,1,2,2,1,2,1,2,1,2,1,SINGLE_T2_CORRECT,11,455,1,0,6,0,0,0,63,156,156,63,-93,156,1,0,10,180,10,180,-170,170,NaN,NaN,NaN,1785782917.46993,15557.82263676,2.26603317260742,0.0188553333282471,0.230165481567383,0.788846492767334,1.1939013004303,1.42223024368286,1.46088647842407,1.46088647842407,-1,-1,1.77209448814392,211.310148239136,228.328943252563,38.6562347412109,266.985177993774,Instruction,Left,Right,Right,Right,Right,1,0,0,0,0,NaN,NaN,NaN,NaN,NaN,NaN,NaN,NaN,0,1,1,0,0,0,794,NaN,20260803_t1352_srsSmooth_Moretraining_B010,14,NaN,55.9897777160009,1.32452201843262,NaN,NaN,NaN,0,NaN,NaN,NaN,NaN,0
20260803_t1352_srsSmooth_Moretraining,srs_smooth_Moretraining,trial1051.mat,1051,1051,794,10,16,14,82,32,50,8,2,0,1,1,10,3744,1,1,1,2,2,2,1,1,1,1,SINGLE_T1_CORRECT,10,455,1,0,3,0,0,0,57,112,112,57,-55,57,1,0,180,10,180,10,170,170,NaN,NaN,NaN,1785782921.01799,15561.37052668,2.34332990646362,0.0126030445098877,0.132272720336914,0.882017135620117,1.40432405471802,1.69040465354919,1.722243309021,1.722243309021,-1,-1,1.93917036056519,119.669675827026,286.080598831177,31.8386554718018,317.919254302979,Instruction,Right,Left,Right,Left,Right,1,0,0,0,0,NaN,NaN,NaN,NaN,NaN,NaN,NaN,NaN,1,0,1,0,1,0,795,NaN,20260803_t1352_srsSmooth_Moretraining_B010,15,NaN,56.0489120205243,1.28202509880066,NaN,NaN,NaN,0,NaN,NaN,NaN,NaN,0
20260803_t1352_srsSmooth_Moretraining,srs_smooth_Moretraining,trial1052.mat,1052,1052,795,10,17,15,82,32,50,8,2,0,1,1,4,28745,1,1,1,2,2,2,1,1,1,1,SINGLE_T1_CORRECT,10,455,1,0,4,0,0,0,69,144,144,69,-75,69,1,180,0,190,180,10,170,170,NaN,NaN,NaN,1785782924.70558,15565.05817408,2.42322182655334,0.0168249607086182,0.311231136322021,0.911531686782837,1.43354797363281,1.6778404712677,1.72015690803528,1.72015690803528,-1,-1,2.0294976234436,294.406175613403,244.292497634888,42.3164367675781,286.608934402466,Instruction,Right,Left,Right,Left,Right,1,0,0,0,0,NaN,NaN,NaN,NaN,NaN,NaN,NaN,NaN,1,0,1,0,1,0,796,NaN,20260803_t1352_srsSmooth_Moretraining_B010,16,NaN,56.1103718400002,1.34425926208496,NaN,NaN,NaN,0,NaN,NaN,NaN,NaN,0
20260803_t1352_srsSmooth_Moretraining,srs_smooth_Moretraining,trial1053.mat,1053,1053,796,10,18,16,82,32,50,8,2,0,3,1,27,8741,1,2,2,1,2,1,2,1,2,1,SINGLE_T2_CORRECT,11,455,1,0,4,0,0,0,38,113,113,38,-75,113,1,180,190,0,10,180,-170,170,NaN,NaN,NaN,1785782928.49567,15568.84826756,2.39082336425781,0.0185492038726807,0.196117401123047,0.862282037734985,1.46860718727112,1.67210412025452,1.71345663070679,1.71345663070679,-1,-1,1.97744250297546,177.568197250366,203.496932983398,41.3525104522705,244.849443435669,Instruction,Left,Right,Right,Right,Right,1,0,0,0,0,NaN,NaN,NaN,NaN,NaN,NaN,NaN,NaN,0,1,1,0,0,0,797,NaN,20260803_t1352_srsSmooth_Moretraining_B010,17,NaN,56.1735400358836,1.36686992645264,NaN,NaN,NaN,0,NaN,NaN,NaN,NaN,0
20260803_t1352_srsSmooth_Moretraining,srs_smooth_Moretraining,trial1054.mat,1054,1054,797,10,19,17,82,32,50,8,2,0,1,1,11,11463,1,1,1,2,2,2,1,1,1,1,SINGLE_T1_CORRECT,10,455,1,0,7,0,0,0,81,124,124,81,-43,81,1,0,180,10,180,10,170,170,NaN,NaN,NaN,1785782932.21567,15572.56802236,2.4626739025116,0.0153594017028809,0.168315649032593,0.918290853500366,1.45708346366882,1.70176959037781,1.7437436580658,1.7437436580658,-1,-1,2.052809715271,152.956247329712,244.686126708984,41.9740676879883,286.660194396973,Instruction,Right,Left,Right,Left,Right,1,0,0,0,0,NaN,NaN,NaN,NaN,NaN,NaN,NaN,NaN,1,0,1,0,1,0,798,NaN,20260803_t1352_srsSmooth_Moretraining_B010,18,NaN,56.2355400840441,1.32917952537537,NaN,NaN,NaN,0,NaN,NaN,NaN,NaN,0
20260803_t1352_srsSmooth_Moretraining,srs_smooth_Moretraining,trial1055.mat,1055,1055,798,10,20,18,82,32,50,8,2,0,2,1,23,4895,1,1,2,1,2,1,1,2,1,2,SINGLE_T1_CORRECT,10,455,1,0,3,0,0,0,59,119,119,59,-60,59,1,0,180,10,180,10,170,170,NaN,NaN,NaN,1785782935.99966,15576.35200288,2.05279731750488,0.0148520469665527,0.141130447387695,0.784829616546631,1.21489858627319,1.40089583396912,1.44255256652832,1.44255256652832,-1,-1,1.69149041175842,126.278400421143,185.997247695923,41.6567325592041,227.653980255127,Instruction,Left,Right,Left,Right,Left,1,0,0,0,0,NaN,NaN,NaN,NaN,NaN,NaN,NaN,NaN,0,1,0,0,1,0,799,NaN,20260803_t1352_srsSmooth_Moretraining_B010,19,NaN,56.2986065904299,1.3213164806366,NaN,NaN,NaN,0,NaN,NaN,NaN,NaN,0
20260803_t1352_srsSmooth_Moretraining,srs_smooth_Moretraining,trial1056.mat,1056,1056,799,10,21,19,82,32,50,8,2,0,1,1,9,24139,1,1,1,2,2,2,1,1,1,1,SINGLE_T1_CORRECT,10,455,1,0,3,0,0,0,95,151,151,95,-56,95,1,180,0,190,180,10,170,170,NaN,NaN,NaN,1785782939.37958,15579.73191676,2.39917898178101,0.0184011459350586,0.237488031387329,0.82177996635437,1.39345574378967,1.64435052871704,1.68838238716125,1.68838238716125,-1,-1,2.00503873825073,219.086885452271,250.894784927368,44.0318584442139,294.926643371582,Instruction,Right,Left,Right,Left,Right,1,0,0,0,0,NaN,NaN,NaN,NaN,NaN,NaN,NaN,NaN,1,0,1,0,1,0,800,NaN,20260803_t1352_srsSmooth_Moretraining_B010,20,NaN,56.3549385388692,1.32711958885193,NaN,NaN,NaN,0,NaN,NaN,NaN,NaN,0
20260803_t1352_srsSmooth_Moretraining,srs_smooth_Moretraining,trial1057.mat,1057,1057,800,10,22,20,82,32,50,8,2,0,2,1,20,11804,1,1,2,1,2,1,1,2,1,2,SINGLE_T1_CORRECT,10,455,1,0,4,0,0,0,83,143,143,83,-60,83,1,0,180,10,180,10,170,170,NaN,NaN,NaN,1785782943.08611,15583.43835396,2.17549514770508,0.0120148658752441,0.214819192886353,0.915087461471558,1.27039885520935,1.45677804946899,1.49641394615173,1.49641394615173,-1,-1,1.7955584526062,202.804327011108,186.379194259644,39.6358966827393,226.015090942383,Instruction,Left,Right,Left,Right,Left,1,0,0,0,0,NaN,NaN,NaN,NaN,NaN,NaN,NaN,NaN,0,1,0,0,1,0,801,NaN,20260803_t1352_srsSmooth_Moretraining_B010,21,NaN,56.4167140762011,1.30735325813293,NaN,NaN,NaN,0,NaN,NaN,NaN,NaN,0
20260803_t1352_srsSmooth_Moretraining,srs_smooth_Moretraining,trial1058.mat,1058,1058,801,10,23,21,82,32,50,8,2,0,1,1,8,18725,1,1,1,2,2,2,1,1,1,1,SINGLE_T1_CORRECT,10,455,1,0,2,0,0,0,72,135,135,72,-63,72,1,0,180,10,180,10,170,170,NaN,NaN,NaN,1785782946.5782,15586.93034372,2.1252064704895,0.0117290019989014,0.229371070861816,0.781735420227051,1.22011017799377,1.45657753944397,1.49648833274841,1.49648833274841,-1,-1,1.72415089607239,217.642068862915,236.467361450195,39.9107933044434,276.378154754639,Instruction,Right,Left,Right,Left,Right,1,0,0,0,0,NaN,NaN,NaN,NaN,NaN,NaN,NaN,NaN,1,0,1,0,1,0,802,NaN,20260803_t1352_srsSmooth_Moretraining_B010,22,NaN,56.4749155879021,1.31659555435181,NaN,NaN,NaN,0,NaN,NaN,NaN,NaN,0
20260803_t1352_srsSmooth_Moretraining,srs_smooth_Moretraining,trial1059.mat,1059,1059,802,10,24,22,82,32,50,8,2,0,3,1,35,9376,1,2,2,1,2,1,2,1,0,0,,0,11,0,1,3,0,0,0,82,126,126,82,-44,NaN,1,0,10,180,10,180,-170,170,NaN,NaN,NaN,1785782950.01241,15590.3644306,0.131420373916626,0.010995626449585,0.0557546615600586,-1,-1,-1,-1,-1,-1,-1,-1,44.7590351104736,NaN,NaN,NaN,Instruction,Left,Right,None,Right,Right,1,0,0,0,0,NaN,NaN,NaN,NaN,NaN,NaN,NaN,NaN,0,1,1,0,0,0,802,NaN,20260803_t1352_srsSmooth_Moretraining_B010,NaN,NaN,56.5321522951126,1.30899596214294,NaN,NaN,NaN,0,NaN,NaN,NaN,NaN,0
20260803_t1352_srsSmooth_Moretraining,srs_smooth_Moretraining,trial1060.mat,1060,1060,802,10,25,22,82,32,50,8,2,0,2,1,25,18824,1,1,2,1,2,1,1,2,0,0,,0,11,0,1,3,0,0,0,51,105,105,51,-54,NaN,1,180,0,190,180,10,170,170,NaN,NaN,NaN,1785782951.36022,15591.7122782,0.274706125259399,0.0132372379302979,0.199857473373413,-1,-1,-1,-1,-1,-1,-1,-1,186.620235443115,NaN,NaN,NaN,Instruction,Left,Right,None,Right,Left,1,0,0,0,0,NaN,NaN,NaN,NaN,NaN,NaN,NaN,NaN,0,1,0,0,1,0,802,NaN,20260803_t1352_srsSmooth_Moretraining_B010,NaN,NaN,56.5546158194542,1.21639108657837,NaN,NaN,NaN,0,NaN,NaN,NaN,NaN,0
20260803_t1352_srsSmooth_Moretraining,srs_smooth_Moretraining,trial1061.mat,1061,1061,802,10,26,22,82,32,50,8,2,0,4,1,42,30537,1,2,1,2,2,2,2,2,2,2,SINGLE_T2_CORRECT,11,455,1,0,3,0,0,0,61,111,111,61,-50,111,1,0,10,180,10,180,-170,170,NaN,NaN,NaN,1785782952.81161,15593.16366,2.36608195304871,0.0118999481201172,0.248269557952881,0.898560762405396,1.50362586975098,1.63170218467712,1.67344832420349,1.67344832420349,-1,-1,1.93536734580994,236.369609832764,128.076314926147,41.7461395263672,169.822454452515,Instruction,Right,Left,Left,Left,Left,1,0,0,0,0,NaN,NaN,NaN,NaN,NaN,NaN,NaN,NaN,1,0,0,0,0,0,803,NaN,20260803_t1352_srsSmooth_Moretraining_B010,23,NaN,56.5788057247798,1.1766881942749,NaN,NaN,NaN,0,NaN,NaN,NaN,NaN,0
20260803_t1352_srsSmooth_Moretraining,srs_smooth_Moretraining,trial1062.mat,1062,1062,803,10,27,23,82,32,50,8,2,0,1,1,7,18508,1,1,1,2,2,2,1,1,1,1,SINGLE_T1_CORRECT,10,455,1,0,4,0,0,0,70,127,127,70,-57,70,1,0,180,10,180,10,170,170,NaN,NaN,NaN,1785782956.50912,15596.86104868,2.29397988319397,0.0145416259765625,0.175763607025146,0.867300033569336,1.2979257106781,1.56751370429993,1.6092483997345,1.6092483997345,-1,-1,1.90166807174683,161.221981048584,269.587993621826,41.7346954345703,311.322689056396,Instruction,Right,Left,Right,Left,Right,1,0,0,0,0,NaN,NaN,NaN,NaN,NaN,NaN,NaN,NaN,1,0,1,0,1,0,804,NaN,20260803_t1352_srsSmooth_Moretraining_B010,24,NaN,56.640430812041,1.33142328262329,NaN,NaN,NaN,0,NaN,NaN,NaN,NaN,0
20260803_t1352_srsSmooth_Moretraining,srs_smooth_Moretraining,trial1063.mat,1063,1063,804,10,28,24,82,32,50,8,2,0,4,1,47,3750,1,2,1,2,2,2,2,2,2,2,SINGLE_T2_CORRECT,11,455,1,0,3,0,0,0,75,134,134,75,-59,134,1,180,190,0,10,180,-170,170,NaN,NaN,NaN,1785782960.13235,15600.48410016,2.27117848396301,0.0164468288421631,0.252468585968018,0.927745342254639,1.32483148574829,1.53646183013916,1.57822346687317,1.57822346687317,-1,-1,1.80624222755432,236.021757125854,211.630344390869,41.7616367340088,253.391981124878,Instruction,Right,Left,Left,Left,Left,1,0,0,0,0,NaN,NaN,NaN,NaN,NaN,NaN,NaN,NaN,1,0,0,0,0,0,805,NaN,20260803_t1352_srsSmooth_Moretraining_B010,25,NaN,56.700818113486,1.32925820350647,NaN,NaN,NaN,0,NaN,NaN,NaN,NaN,0
20260803_t1352_srsSmooth_Moretraining,srs_smooth_Moretraining,trial1064.mat,1064,1064,805,10,29,25,82,32,50,8,2,0,4,1,45,4702,1,2,1,2,2,2,2,2,2,2,SINGLE_T2_CORRECT,11,455,1,0,3,0,0,0,68,138,138,68,-70,138,1,180,190,0,10,180,-170,170,NaN,NaN,NaN,1785782963.72627,15604.07794388,2.36811971664429,0.0143382549285889,0.225514650344849,1.00929427146912,1.41439414024353,1.64240789413452,1.68191337585449,1.68191337585449,-1,-1,1.92685604095459,211.17639541626,228.013753890991,39.5054817199707,267.519235610962,Instruction,Right,Left,Left,Left,Left,1,0,0,0,0,NaN,NaN,NaN,NaN,NaN,NaN,NaN,NaN,1,0,0,0,0,0,806,NaN,20260803_t1352_srsSmooth_Moretraining_B010,26,NaN,56.7607167204221,1.3227379322052,NaN,NaN,NaN,0,NaN,NaN,NaN,NaN,0
20260803_t1352_srsSmooth_Moretraining,srs_smooth_Moretraining,trial1065.mat,1065,1065,806,10,30,26,82,32,50,8,2,0,3,1,30,14612,1,2,2,1,2,1,2,1,2,1,SINGLE_T2_CORRECT,11,455,1,0,3,0,0,0,74,119,119,74,-45,119,1,180,190,0,10,180,-170,170,NaN,NaN,NaN,1785782967.40945,15607.76102312,2.38566589355469,0.014636754989624,0.232134580612183,0.999359846115112,1.35635685920715,1.60115575790405,1.64110088348389,1.64110088348389,-1,-1,1.95842957496643,217.497825622559,244.798898696899,39.945125579834,284.744024276733,Instruction,Left,Right,Right,Right,Right,1,0,0,0,0,NaN,NaN,NaN,NaN,NaN,NaN,NaN,NaN,0,1,1,0,0,0,807,NaN,20260803_t1352_srsSmooth_Moretraining_B010,27,NaN,56.8221030592918,1.31506061553955,NaN,NaN,NaN,0,NaN,NaN,NaN,NaN,0
20260803_t1352_srsSmooth_Moretraining,srs_smooth_Moretraining,trial1066.mat,1066,1066,807,10,31,27,82,32,50,8,2,0,4,1,39,22930,1,2,1,2,2,2,2,2,2,2,SINGLE_T2_CORRECT,11,455,1,0,8,0,0,0,68,124,124,68,-56,124,1,0,10,180,10,180,-170,170,NaN,NaN,NaN,1785782971.13684,15611.4883954,2.4996817111969,0.0124006271362305,0.232196092605591,0.94883131980896,1.44579076766968,1.69890522956848,1.74051213264465,1.74051213264465,-1,-1,2.00974583625793,219.79546546936,253.114461898804,41.6069030761719,294.721364974976,Instruction,Right,Left,Left,Left,Left,1,0,0,0,0,NaN,NaN,NaN,NaN,NaN,NaN,NaN,NaN,1,0,0,0,0,0,808,NaN,20260803_t1352_srsSmooth_Moretraining_B010,28,NaN,56.8842261314392,1.34171843528748,NaN,NaN,NaN,0,NaN,NaN,NaN,NaN,0
20260803_t1352_srsSmooth_Moretraining,srs_smooth_Moretraining,trial1067.mat,1067,1067,808,10,32,28,82,32,50,8,2,0,4,1,40,19663,1,2,1,2,2,2,2,2,2,2,SINGLE_T2_CORRECT,11,455,1,0,4,0,0,0,93,149,149,93,-56,149,1,0,10,180,10,180,-170,170,NaN,NaN,NaN,1785782974.94422,15615.29569532,2.40218377113342,0.0134985446929932,0.239110946655273,0.797764778137207,1.39688682556152,1.62439799308777,1.66660952568054,1.66660952568054,-1,-1,1.91647458076477,225.61240196228,227.511167526245,42.2115325927734,269.722700119019,Instruction,Right,Left,Left,Left,Left,1,0,0,0,0,NaN,NaN,NaN,NaN,NaN,NaN,NaN,NaN,1,0,0,0,0,0,809,NaN,20260803_t1352_srsSmooth_Moretraining_B010,29,NaN,56.9476825594902,1.30770397186279,NaN,NaN,NaN,0,NaN,NaN,NaN,NaN,0
20260803_t1352_srsSmooth_Moretraining,srs_smooth_Moretraining,trial1068.mat,1068,1068,809,10,33,29,82,32,50,8,2,0,2,1,21,14530,1,1,2,1,2,1,1,2,1,2,SINGLE_T1_CORRECT,10,455,1,0,2,0,0,0,79,121,121,79,-42,79,1,180,0,190,180,10,170,170,NaN,NaN,NaN,1785782978.68596,15619.03728636,2.27204942703247,0.0135776996612549,0.273028612136841,0.975106954574585,1.38029885292053,1.55868244171143,1.59741258621216,1.59741258621216,-1,-1,1.84552812576294,259.450912475586,178.383588790894,38.7301445007324,217.113733291626,Instruction,Left,Right,Left,Right,Left,1,0,0,0,0,NaN,NaN,NaN,NaN,NaN,NaN,NaN,NaN,0,1,0,0,1,0,810,NaN,20260803_t1352_srsSmooth_Moretraining_B010,30,NaN,57.0100448250771,1.33955216407776,NaN,NaN,NaN,0,NaN,NaN,NaN,NaN,0
20260803_t1352_srsSmooth_Moretraining,srs_smooth_Moretraining,trial1069.mat,1069,1069,810,10,34,30,82,32,50,8,2,0,4,1,38,1993,1,2,1,2,2,2,2,2,2,2,SINGLE_T2_CORRECT,11,455,1,0,4,0,0,0,72,121,121,72,-49,121,1,180,190,0,10,180,-170,170,NaN,NaN,NaN,1785782982.25631,15622.60771472,2.41481423377991,0.0183646678924561,0.313074827194214,0.938515901565552,1.47675585746765,1.69431757926941,1.72808289527893,1.72808289527893,-1,-1,1.95537948608398,294.710159301758,217.561721801758,33.7653160095215,251.327037811279,Instruction,Right,Left,Left,Left,Left,1,0,0,0,0,NaN,NaN,NaN,NaN,NaN,NaN,NaN,NaN,1,0,0,0,0,0,811,NaN,20260803_t1352_srsSmooth_Moretraining_B010,31,NaN,57.0695507407188,1.29830551147461,NaN,NaN,NaN,0,NaN,NaN,NaN,NaN,0
20260803_t1352_srsSmooth_Moretraining,srs_smooth_Moretraining,trial1070.mat,1070,1070,811,10,35,31,82,32,50,8,2,0,4,1,43,31947,1,2,1,2,2,2,2,2,2,2,SINGLE_T2_CORRECT,11,455,1,0,5,0,0,0,58,140,140,58,-82,140,1,0,10,180,10,180,-170,170,NaN,NaN,NaN,1785782985.99854,15626.34995916,2.40641832351685,0.0179500579833984,0.23772120475769,0.97911524772644,1.37633728981018,1.62073063850403,1.66230225563049,1.66230225563049,-1,-1,1.97054719924927,219.771146774292,244.393348693848,41.5716171264648,285.964965820312,Instruction,Right,Left,Left,Left,Left,1,0,0,0,0,NaN,NaN,NaN,NaN,NaN,NaN,NaN,NaN,1,0,0,0,0,0,812,NaN,20260803_t1352_srsSmooth_Moretraining_B010,32,NaN,57.131921239694,1.32741570472717,NaN,NaN,NaN,0,NaN,NaN,NaN,NaN,0
20260803_t1352_srsSmooth_Moretraining,srs_smooth_Moretraining,trial1071.mat,1071,1071,812,10,36,32,82,32,50,8,2,0,1,1,6,29856,1,1,1,2,2,2,1,1,1,1,SINGLE_T1_CORRECT,10,455,1,0,2,0,0,0,76,116,116,76,-40,76,1,0,180,10,180,10,170,170,NaN,NaN,NaN,1785782989.74231,15630.09356544,2.32906317710876,0.0159928798675537,0.227596282958984,0.835700988769531,1.35771298408508,1.6169011592865,1.65886569023132,1.65886569023132,-1,-1,1.95270037651062,211.603403091431,259.188175201416,41.9645309448242,301.15270614624,Instruction,Right,Left,Right,Left,Right,1,0,0,0,0,NaN,NaN,NaN,NaN,NaN,NaN,NaN,NaN,1,0,1,0,1,0,813,NaN,20260803_t1352_srsSmooth_Moretraining_B010,33,NaN,57.1943174401919,1.33735370635986,NaN,NaN,NaN,0,NaN,NaN,NaN,NaN,0
20260803_t1352_srsSmooth_Moretraining,srs_smooth_Moretraining,trial1072.mat,1072,1072,813,10,37,33,82,32,50,8,2,0,1,1,1,6641,1,1,1,2,2,2,1,1,1,1,SINGLE_T1_CORRECT,10,455,1,0,5,0,0,0,66,109,109,66,-43,66,1,0,180,10,180,10,170,170,NaN,NaN,NaN,1785782993.37591,15633.7271418,2.22926592826843,0.015871524810791,0.127602815628052,0.760963201522827,1.34092473983765,1.55233502388,1.59168386459351,1.59168386459351,-1,-1,1.85925960540771,111.731290817261,211.410284042358,39.348840713501,250.759124755859,Instruction,Right,Left,Right,Left,Right,1,0,0,0,0,NaN,NaN,NaN,NaN,NaN,NaN,NaN,NaN,1,0,1,0,1,0,814,NaN,20260803_t1352_srsSmooth_Moretraining_B010,34,NaN,57.2548774123192,1.30453515052795,NaN,NaN,NaN,0,NaN,NaN,NaN,NaN,0
20260803_t1352_srsSmooth_Moretraining,srs_smooth_Moretraining,trial1073.mat,1073,1073,814,10,38,34,82,32,50,8,2,0,1,1,2,8585,1,1,1,2,2,2,1,1,1,1,SINGLE_T1_CORRECT,10,455,1,0,4,0,0,0,88,124,124,88,-36,88,1,180,0,190,180,10,170,170,NaN,NaN,NaN,1785782996.93988,15637.29095112,2.42356300354004,0.0187108516693115,0.221943616867065,0.930489063262939,1.443767786026,1.71318459510803,1.75571584701538,1.75571584701538,-1,-1,2.03109860420227,203.232765197754,269.416809082031,42.5312519073486,311.94806098938,Instruction,Right,Left,Right,Left,Right,1,0,0,0,0,NaN,NaN,NaN,NaN,NaN,NaN,NaN,NaN,1,0,1,0,1,0,815,NaN,20260803_t1352_srsSmooth_Moretraining_B010,35,NaN,57.3142768939336,1.33470296859741,NaN,NaN,NaN,0,NaN,NaN,NaN,NaN,0
20260803_t1352_srsSmooth_Moretraining,srs_smooth_Moretraining,trial1089.mat,1089,1089,815,10,54,35,82,32,50,8,2,0,3,1,33,13028,1,2,2,1,2,1,2,1,0,0,,0,11,0,1,3,0,0,0,71,136,136,71,-65,NaN,1,0,10,180,10,180,-170,170,NaN,NaN,NaN,1785783023.74468,15664.0951478,0.135165452957153,0.0149719715118408,0.0593047142028809,-1,-1,-1,-1,-1,-1,-1,-1,44.33274269104,NaN,NaN,NaN,Instruction,Left,Right,None,Right,Right,1,0,0,0,0,NaN,NaN,NaN,NaN,NaN,NaN,NaN,NaN,0,1,1,0,0,0,815,NaN,20260803_t1352_srsSmooth_Moretraining_B010,NaN,NaN,57.7610235214233,24.3812346458435,NaN,NaN,NaN,0,NaN,NaN,NaN,NaN,0
20260803_t1352_srsSmooth_Moretraining,srs_smooth_Moretraining,trial1104.mat,1104,1104,815,10,69,35,82,32,50,8,2,0,3,1,26,32599,1,2,2,1,2,1,2,1,2,1,SINGLE_T2_CORRECT,11,455,1,0,4,0,0,0,47,121,121,47,-74,121,1,0,10,180,10,180,-170,170,NaN,NaN,NaN,1785783046.79327,15687.1433084,2.40602874755859,0.0172793865203857,0.253784418106079,0.862167358398438,1.4006667137146,1.64571714401245,1.68740677833557,1.68740677833557,-1,-1,1.9548978805542,236.505031585693,245.050430297852,41.6896343231201,286.740064620972,Instruction,Left,Right,Right,Right,Right,1,0,0,0,0,NaN,NaN,NaN,NaN,NaN,NaN,NaN,NaN,0,1,1,0,0,0,816,NaN,20260803_t1352_srsSmooth_Moretraining_B010,36,NaN,58.1451667149862,22.9134261608124,NaN,NaN,NaN,0,NaN,NaN,NaN,NaN,0
20260803_t1352_srsSmooth_Moretraining,srs_smooth_Moretraining,trial1105.mat,1105,1105,816,10,70,36,82,32,50,8,2,0,3,1,35,9376,1,2,2,1,2,1,2,1,2,1,SINGLE_T2_CORRECT,11,455,1,0,6,0,0,0,83,86,86,83,-3,86,1,0,10,180,10,180,-170,170,NaN,NaN,NaN,1785783050.53216,15690.88197268,2.47651219367981,0.0118684768676758,0.282153129577637,0.973431348800659,1.4702582359314,1.73812317848206,1.77090883255005,1.77090883255005,-1,-1,2.04743909835815,270.284652709961,267.864942550659,32.7856540679932,300.650596618652,Instruction,Left,Right,Right,Right,Right,1,0,0,0,0,NaN,NaN,NaN,NaN,NaN,NaN,NaN,NaN,0,1,1,0,0,0,817,NaN,20260803_t1352_srsSmooth_Moretraining_B010,37,NaN,58.2074815313021,1.33286023139954,NaN,NaN,NaN,0,NaN,NaN,NaN,NaN,0
20260803_t1352_srsSmooth_Moretraining,srs_smooth_Moretraining,trial1106.mat,1106,1106,817,10,71,37,82,32,50,8,2,0,2,1,18,3435,1,1,2,1,2,1,1,2,1,2,SINGLE_T1_CORRECT,10,455,1,0,1,0,0,0,68,107,107,68,-39,68,1,180,0,190,180,10,170,170,NaN,NaN,NaN,1785783054.35686,15694.70665252,2.47606635093689,0.0123176574707031,0.265594005584717,1.06316685676575,1.67071557044983,1.84628391265869,1.88779497146606,1.88779497146606,-1,-1,2.10718607902527,253.276348114014,175.568342208862,41.511058807373,217.079401016235,Instruction,Left,Right,Left,Right,Left,1,0,0,0,0,NaN,NaN,NaN,NaN,NaN,NaN,NaN,NaN,0,1,0,0,1,0,818,NaN,20260803_t1352_srsSmooth_Moretraining_B010,38,NaN,58.2712265133858,1.3481867313385,NaN,NaN,NaN,0,NaN,NaN,NaN,NaN,0
20260803_t1352_srsSmooth_Moretraining,srs_smooth_Moretraining,trial1107.mat,1107,1107,818,10,72,38,82,32,50,8,2,0,4,1,49,17540,1,2,1,2,2,2,2,2,2,2,SINGLE_T2_CORRECT,11,455,1,0,1,0,0,0,69,109,109,69,-40,109,1,0,10,180,10,180,-170,170,NaN,NaN,NaN,1785783058.21351,15698.56330688,2.25736808776855,0.0141506195068359,0.308715105056763,0.898534297943115,1.3892035484314,1.58191871643066,1.61518812179565,1.61518812179565,-1,-1,1.84241151809692,294.564485549927,192.715167999268,33.2694053649902,225.984573364258,Instruction,Right,Left,Left,Left,Left,1,0,0,0,0,NaN,NaN,NaN,NaN,NaN,NaN,NaN,NaN,1,0,0,0,0,0,819,NaN,20260803_t1352_srsSmooth_Moretraining_B010,39,NaN,58.3355040113131,1.38058352470398,NaN,NaN,NaN,0,NaN,NaN,NaN,NaN,0
20260803_t1352_srsSmooth_Moretraining,srs_smooth_Moretraining,trial1108.mat,1108,1108,819,10,73,39,82,32,50,8,2,0,2,1,17,1931,1,1,2,1,2,1,1,2,1,2,SINGLE_T1_CORRECT,10,455,1,0,1,0,0,0,83,129,129,83,-46,83,1,180,0,190,180,10,170,170,NaN,NaN,NaN,1785783061.79199,15702.14174348,2.22429299354553,0.0191404819488525,0.228662252426147,0.97260570526123,1.31085753440857,1.52046084403992,1.55379104614258,1.55379104614258,-1,-1,1.8400981426239,209.521770477295,209.603309631348,33.3302021026611,242.933511734009,Instruction,Left,Right,Left,Right,Left,1,0,0,0,0,NaN,NaN,NaN,NaN,NaN,NaN,NaN,NaN,0,1,0,0,1,0,820,NaN,20260803_t1352_srsSmooth_Moretraining_B010,40,NaN,58.395145380497,1.32111406326294,NaN,NaN,NaN,0,NaN,NaN,NaN,NaN,0
20260803_t1352_srsSmooth_Moretraining,srs_smooth_Moretraining,trial1109.mat,1109,1109,820,10,74,40,82,32,50,8,2,0,3,1,36,4615,1,2,2,1,2,1,2,1,2,1,SINGLE_T2_CORRECT,11,455,1,0,5,0,0,0,82,119,119,82,-37,119,1,180,190,0,10,180,-170,170,NaN,NaN,NaN,1785783065.33415,15705.68378736,2.30769324302673,0.0187869071960449,0.238887548446655,0.921364545822144,1.29383707046509,1.56284689903259,1.60561561584473,1.60561561584473,-1,-1,1.85441207885742,220.10064125061,269.009828567505,42.7687168121338,311.778545379639,Instruction,Left,Right,Right,Right,Right,1,0,0,0,0,NaN,NaN,NaN,NaN,NaN,NaN,NaN,NaN,0,1,1,0,0,0,821,NaN,20260803_t1352_srsSmooth_Moretraining_B010,41,NaN,58.4541813413302,1.31786465644836,NaN,NaN,NaN,0,NaN,NaN,NaN,NaN,0
20260803_t1352_srsSmooth_Moretraining,srs_smooth_Moretraining,trial1110.mat,1110,1110,821,10,75,41,82,32,50,8,2,0,4,1,50,26872,1,2,1,2,2,2,2,2,0,0,,0,11,0,1,2,0,0,0,81,102,102,81,-21,NaN,1,180,190,0,10,180,-170,170,NaN,NaN,NaN,1785783068.97729,15709.32686628,1.27169728279114,0.017448902130127,0.187150478363037,0.753656625747681,-1,-1,-1,-1,-1,-1,-1,169.70157623291,NaN,NaN,NaN,Instruction,Right,Left,None,Left,Left,1,0,0,0,0,NaN,NaN,NaN,NaN,NaN,NaN,NaN,NaN,1,0,0,0,0,0,821,NaN,20260803_t1352_srsSmooth_Moretraining_B010,NaN,NaN,58.5149004419645,1.33545279502869,NaN,NaN,NaN,0,NaN,NaN,NaN,NaN,0
20260803_t1352_srsSmooth_Moretraining,srs_smooth_Moretraining,trial1111.mat,1111,1111,821,10,76,41,82,32,50,8,2,0,2,1,25,18824,1,1,2,1,2,1,1,2,1,2,SINGLE_T1_CORRECT,10,455,1,0,3,0,0,0,51,127,127,51,-76,51,1,180,0,190,180,10,170,170,NaN,NaN,NaN,1785783071.48606,15711.83563332,2.18911743164062,0.0171144008636475,0.203787088394165,0.812296390533447,1.38383436203003,1.47868704795837,1.518390417099,1.518390417099,-1,-1,1.79410791397095,186.672687530518,94.8526859283447,39.703369140625,134.55605506897,Instruction,Left,Right,Left,Right,Left,1,0,0,0,0,NaN,NaN,NaN,NaN,NaN,NaN,NaN,NaN,0,1,0,0,1,0,822,NaN,20260803_t1352_srsSmooth_Moretraining_B010,42,NaN,58.5567131996155,1.23706817626953,NaN,NaN,NaN,0,NaN,NaN,NaN,NaN,0
20260803_t1352_srsSmooth_Moretraining,srs_smooth_Moretraining,trial1112.mat,1112,1112,822,10,77,42,82,32,50,8,2,0,4,1,50,26872,1,2,1,2,2,2,2,2,0,0,,0,11,0,1,3,0,0,0,46,136,136,46,-90,NaN,1,180,190,0,10,180,-170,170,NaN,NaN,NaN,1785783074.99625,15715.34566268,0.137238025665283,0.0153903961181641,0.0601274967193604,-1,-1,-1,-1,-1,-1,-1,-1,44.7371006011963,NaN,NaN,NaN,Instruction,Right,Left,None,Left,Left,1,0,0,0,0,NaN,NaN,NaN,NaN,NaN,NaN,NaN,NaN,1,0,0,0,0,0,822,NaN,20260803_t1352_srsSmooth_Moretraining_B010,NaN,NaN,58.6152164340019,1.32107663154602,NaN,NaN,NaN,0,NaN,NaN,NaN,NaN,0
20260803_t1352_srsSmooth_Moretraining,srs_smooth_Moretraining,trial1137.mat,1137,1137,822,10,102,42,82,32,50,8,2,0,3,1,29,16566,1,2,2,1,2,1,2,1,0,0,,0,11,0,1,3,0,0,0,54,122,122,54,-68,NaN,1,180,190,0,10,180,-170,170,NaN,NaN,NaN,1785783113.27084,15753.61959908,0.162294149398804,0.0172889232635498,0.0872688293457031,-1,-1,-1,-1,-1,-1,-1,-1,69.9799060821533,NaN,NaN,NaN,Instruction,Left,Right,None,Right,Right,1,0,0,0,0,NaN,NaN,NaN,NaN,NaN,NaN,NaN,NaN,0,1,1,0,0,0,822,NaN,20260803_t1352_srsSmooth_Moretraining_B010,NaN,NaN,59.253126291434,38.1373534202576,NaN,NaN,NaN,0,NaN,NaN,NaN,NaN,0
20260803_t1352_srsSmooth_Moretraining,srs_smooth_Moretraining,trial1138.mat,1138,1138,822,10,103,42,82,32,50,8,2,0,3,1,29,16566,1,2,2,1,2,1,2,1,2,1,SINGLE_T2_CORRECT,11,455,1,0,3,0,0,0,96,133,133,96,-37,133,1,180,190,0,10,180,-170,170,NaN,NaN,NaN,1785783114.6597,15755.00852928,2.24577164649963,0.0118229389190674,0.164637327194214,0.782108783721924,1.22853779792786,1.43803429603577,1.47936940193176,1.47936940193176,-1,-1,1.74511384963989,152.814388275146,209.49649810791,41.3351058959961,250.831604003906,Instruction,Left,Right,Right,Right,Right,1,0,0,0,0,NaN,NaN,NaN,NaN,NaN,NaN,NaN,NaN,0,1,1,0,0,0,823,NaN,20260803_t1352_srsSmooth_Moretraining_B010,43,NaN,59.276273838679,1.22655868530273,NaN,NaN,NaN,0,NaN,NaN,NaN,NaN,0
20260803_t1352_srsSmooth_Moretraining,srs_smooth_Moretraining,trial1139.mat,1139,1139,823,10,104,43,82,32,50,8,2,0,4,1,50,26872,1,2,1,2,2,2,2,2,2,2,SINGLE_T2_CORRECT,11,455,1,0,5,0,0,0,82,150,150,82,-68,150,1,180,190,0,10,180,-170,170,NaN,NaN,NaN,1785783118.2459,15758.59457084,2.43097066879272,0.0174241065979004,0.195622444152832,0.968561887741089,1.38414430618286,1.58719873428345,1.63535118103027,1.63535118103027,-1,-1,1.93784999847412,178.198337554932,203.054428100586,48.1524467468262,251.206874847412,Instruction,Right,Left,Left,Left,Left,1,0,0,0,0,NaN,NaN,NaN,NaN,NaN,NaN,NaN,NaN,1,0,0,0,0,0,824,NaN,20260803_t1352_srsSmooth_Moretraining_B010,44,NaN,59.3360439340274,1.34043407440186,NaN,NaN,NaN,0,NaN,NaN,NaN,NaN,0
20260803_t1352_srsSmooth_Moretraining,srs_smooth_Moretraining,trial1140.mat,1140,1140,824,10,105,44,82,32,50,8,2,0,2,1,16,4240,1,1,2,1,2,1,1,2,1,2,SINGLE_T1_CORRECT,10,455,1,0,1,0,0,0,79,96,96,79,-17,79,1,180,0,190,180,10,170,170,NaN,NaN,NaN,1785783121.97131,15762.3197704,2.20544409751892,0.0171651840209961,0.245054721832275,0.978826522827148,1.33388304710388,1.53677868843079,1.57622337341309,1.57622337341309,-1,-1,1.82778453826904,227.889537811279,202.895641326904,39.4446849822998,242.340326309204,Instruction,Left,Right,Left,Right,Left,1,0,0,0,0,NaN,NaN,NaN,NaN,NaN,NaN,NaN,NaN,0,1,0,0,1,0,825,NaN,20260803_t1352_srsSmooth_Moretraining_B010,45,NaN,59.3981340209643,1.29443454742432,NaN,NaN,NaN,0,NaN,NaN,NaN,NaN,0
20260803_t1352_srsSmooth_Moretraining,srs_smooth_Moretraining,trial1141.mat,1141,1141,825,10,106,45,82,32,50,8,2,0,2,1,24,28649,1,1,2,1,2,1,1,2,1,2,SINGLE_T1_CORRECT,10,455,1,0,3,0,0,0,62,150,150,62,-88,62,1,0,180,10,180,10,170,170,NaN,NaN,NaN,1785783125.52257,15765.87113428,2.4887318611145,0.0160419940948486,0.218944787979126,1.01724314689636,1.51610088348389,1.76726841926575,1.80052304267883,1.80052304267883,-1,-1,2.09410333633423,202.902793884277,251.16753578186,33.2546234130859,284.422159194946,Instruction,Left,Right,Left,Right,Left,1,0,0,0,0,NaN,NaN,NaN,NaN,NaN,NaN,NaN,NaN,0,1,0,0,1,0,826,NaN,20260803_t1352_srsSmooth_Moretraining_B010,46,NaN,59.4573217074076,1.34581708908081,NaN,NaN,NaN,0,NaN,NaN,NaN,NaN,0
20260803_t1352_srsSmooth_Moretraining,srs_smooth_Moretraining,trial1142.mat,1142,1142,826,10,107,46,82,32,50,8,2,0,3,1,33,13028,1,2,2,1,2,1,2,1,0,0,,0,11,0,1,0,0,0,0,66,113,113,66,-47,NaN,1,180,190,0,10,180,-170,170,NaN,NaN,NaN,1785783129.30556,15769.6540182,1.57113575935364,0.0165302753448486,0.20244312286377,0.994858503341675,-1,-1,-1,-1,-1,-1,-1,185.912847518921,NaN,NaN,NaN,Instruction,Left,Right,None,Right,Right,1,0,0,0,0,NaN,NaN,NaN,NaN,NaN,NaN,NaN,NaN,0,1,1,0,0,0,826,NaN,20260803_t1352_srsSmooth_Moretraining_B010,NaN,NaN,59.5203715999921,1.29426169395447,NaN,NaN,NaN,0,NaN,NaN,NaN,NaN,0
20260803_t1352_srsSmooth_Moretraining,srs_smooth_Moretraining,trial1143.mat,1143,1143,826,10,108,46,82,32,50,8,2,0,3,1,33,13028,1,2,2,1,2,1,2,1,2,1,SINGLE_T2_CORRECT,11,455,1,0,4,0,0,0,60,132,132,60,-72,132,1,180,190,0,10,180,-170,170,NaN,NaN,NaN,1785783132.13345,15772.48167232,2.64466261863708,0.0137495994567871,0.258423805236816,1.02573180198669,1.63881349563599,1.89989829063416,1.94218683242798,1.94218683242798,-1,-1,2.19069409370422,244.674205780029,261.084794998169,42.2885417938232,303.373336791992,Instruction,Left,Right,Right,Right,Right,1,0,0,0,0,NaN,NaN,NaN,NaN,NaN,NaN,NaN,NaN,0,1,1,0,0,0,827,NaN,20260803_t1352_srsSmooth_Moretraining_B010,47,NaN,59.5675031145414,1.25675511360168,NaN,NaN,NaN,0,NaN,NaN,NaN,NaN,0
20260803_t1352_srsSmooth_Moretraining,srs_smooth_Moretraining,trial1144.mat,1144,1144,827,10,109,47,82,32,50,8,2,0,1,1,3,26748,1,1,1,2,2,2,1,1,1,1,SINGLE_T1_CORRECT,10,455,1,0,3,0,0,0,75,125,125,75,-50,75,1,180,0,190,180,10,170,170,NaN,NaN,NaN,1785783136.07812,15776.42643868,2.40794253349304,0.0108997821807861,0.13872218132019,0.905285120010376,1.44428992271423,1.72175979614258,1.76368069648743,1.76368069648743,-1,-1,2.00468921661377,127.822399139404,277.469873428345,41.9209003448486,319.390773773193,Instruction,Right,Left,Right,Left,Right,1,0,0,0,0,NaN,NaN,NaN,NaN,NaN,NaN,NaN,NaN,1,0,1,0,1,0,828,NaN,20260803_t1352_srsSmooth_Moretraining_B010,48,NaN,59.6332476258278,1.30000805854797,NaN,NaN,NaN,0,NaN,NaN,NaN,NaN,0
20260803_t1352_srsSmooth_Moretraining,srs_smooth_Moretraining,trial1145.mat,1145,1145,828,10,110,48,82,32,50,8,2,0,1,1,12,15943,1,1,1,2,2,2,1,1,1,1,SINGLE_T1_CORRECT,10,455,1,0,3,0,0,0,80,107,107,80,-27,80,1,0,180,10,180,10,170,170,NaN,NaN,NaN,1785783139.76952,15780.1176528,2.2244439125061,0.01131272315979,0.239569902420044,0.881261348724365,1.26136159896851,1.57310628890991,1.61251020431519,1.61251020431519,-1,-1,1.84714388847351,228.257179260254,311.744689941406,39.4039154052734,351.14860534668,Instruction,Right,Left,Right,Left,Right,1,0,0,0,0,NaN,NaN,NaN,NaN,NaN,NaN,NaN,NaN,1,0,1,0,1,0,829,NaN,20260803_t1352_srsSmooth_Moretraining_B010,49,NaN,59.6947709441185,1.28345656394958,NaN,NaN,NaN,0,NaN,NaN,NaN,NaN,0
20260803_t1352_srsSmooth_Moretraining,srs_smooth_Moretraining,trial1146.mat,1146,1146,829,10,111,49,82,32,50,8,2,0,3,1,32,27474,1,2,2,1,2,1,2,1,0,0,,0,11,0,1,2,0,0,0,79,121,121,79,-42,NaN,1,0,10,180,10,180,-170,170,NaN,NaN,NaN,1785783143.31393,15783.66203272,0.837814569473267,0.0170466899871826,0.162043333053589,0.703898429870605,-1,-1,-1,-1,-1,-1,-1,144.996643066406,NaN,NaN,NaN,Instruction,Left,Right,None,Right,Right,1,0,0,0,0,NaN,NaN,NaN,NaN,NaN,NaN,NaN,NaN,0,1,1,0,0,0,829,NaN,20260803_t1352_srsSmooth_Moretraining_B010,NaN,NaN,59.7538443605105,1.3199610710144,NaN,NaN,NaN,0,NaN,NaN,NaN,NaN,0
20260803_t1352_srsSmooth_Moretraining,srs_smooth_Moretraining,trial1184.mat,1184,1184,829,10,149,49,82,32,50,8,2,0,3,1,32,27474,1,2,2,1,2,1,2,1,2,1,SINGLE_T2_CORRECT,11,455,1,0,4,0,0,0,56,128,128,56,-72,128,1,0,10,180,10,180,-170,170,NaN,NaN,NaN,1785783202.52007,15842.86695412,2.35189390182495,0.0132405757904053,0.224560260772705,0.808545351028442,1.28829169273376,1.5666811466217,1.60826373100281,1.60826373100281,-1,-1,1.90053272247314,211.3196849823,278.389453887939,41.5825843811035,319.972038269043,Instruction,Left,Right,Right,Right,Right,1,0,0,0,0,NaN,NaN,NaN,NaN,NaN,NaN,NaN,NaN,0,1,1,0,0,0,830,NaN,20260803_t1352_srsSmooth_Moretraining_B010,50,NaN,60.740613313516,58.3683226108551,NaN,NaN,NaN,0,NaN,NaN,NaN,NaN,0
20260803_t1352_srsSmooth_Moretraining,srs_smooth_Moretraining,trial1200.mat,1200,1200,830,10,165,50,82,32,50,8,2,2,7,2,74,27292,2,0,1,2,2,2,1,1,0,0,,0,11,0,1,0,0,0,0,85,132,132,85,-47,NaN,1,180,347.961299754915,202.038700245085,167.961299754915,22.0387002450854,145.922599509829,145.922599509829,NaN,NaN,NaN,1785783229.3578,15869.70425944,0.546693086624146,0.0182394981384277,0.254280567169189,-1,-1,-1,-1,-1,-1,-1,-1,236.041069030762,NaN,NaN,NaN,Conflict,Right,Left,None,Left,Right,0,1,0,1,0,NaN,NaN,NaN,NaN,NaN,NaN,NaN,NaN,1,0,1,0,1,0,830,NaN,20260803_t1352_srsSmooth_Moretraining_B010,NaN,NaN,61.1879088322322,24.4858372211456,NaN,NaN,NaN,0,NaN,NaN,NaN,NaN,0
20260803_t1352_srsSmooth_Moretraining,srs_smooth_Moretraining,trial1221.mat,1221,1221,830,10,186,50,82,32,50,8,2,2,7,2,70,5292,2,0,1,2,2,2,1,1,2,2,CHOSE_LOW_SAL,2,455,1,0,2,0,0,0,87,114,114,87,-27,114,1,180,277.216099512288,272.783900487712,97.216099512288,92.783900487712,4.43219902457599,4.43219902457599,NaN,NaN,NaN,1785783262.2283,15902.5739986,2.27066373825073,0.0157096385955811,0.225291728973389,0.73554515838623,1.34076285362244,1.59426426887512,1.63339805603027,1.63339805603027,-1,-1,1.85660982131958,209.582090377808,253.501415252686,39.1337871551514,292.635202407837,Conflict,Right,Left,Left,Left,Right,0,1,0,1,1,0,0,1,0,1,1,0,1,1,0,1,0,1,1,831,331,20260803_t1352_srsSmooth_Moretraining_B010,51,1,61.7357505122821,32.3238077163696,1,2,205,0,1,0,0,1,1
20260803_t1352_srsSmooth_Moretraining,srs_smooth_Moretraining,trial1222.mat,1222,1222,831,10,187,51,82,32,50,8,2,1,6,2,60,5696,2,0,2,1,2,1,2,1,2,1,CHOSE_HIGH_SAL,1,455,1,0,2,0,0,0,73,95,95,73,-22,95,1,180,203.62354287523,346.37645712477,23.6235428752295,166.37645712477,-142.752914249541,142.752914249541,NaN,NaN,NaN,1785783265.81673,15906.16226256,2.37398862838745,0.019087553024292,0.205487966537476,0.946520328521729,1.42747688293457,1.68841314315796,1.73095440864563,1.73095440864563,-1,-1,1.95535278320312,186.400413513184,260.936260223389,42.5412654876709,303.47752571106,Congruent,Left,Right,Right,Right,Right,0,1,1,0,1,1,0,1,1,0,1,0,0,0,1,1,0,0,1,832,332,20260803_t1352_srsSmooth_Moretraining_B010,52,2,61.795557709535,1.31776809692383,2,2,114,1,0,1,1,0,1
20260803_t1352_srsSmooth_Moretraining,srs_smooth_Moretraining,trial1223.mat,1223,1223,832,10,188,52,82,32,50,8,2,2,8,2,79,28572,2,0,2,1,2,1,1,2,1,2,CHOSE_HIGH_SAL,1,455,1,0,5,0,0,0,60,135,135,60,-75,60,1,0,162.357608559528,27.6423914404717,162.357608559528,27.6423914404717,134.715217119057,134.715217119057,NaN,NaN,NaN,1785783269.48623,15909.83168848,2.05561470985413,0.0164041519165039,0.219884872436523,0.785996913909912,1.19145154953003,1.40292119979858,1.43663096427917,1.43663096427917,-1,-1,1.66146802902222,203.48072052002,211.469650268555,33.7097644805908,245.179414749146,Conflict,Left,Right,Left,Right,Left,0,1,0,1,1,0,1,0,1,1,0,1,0,0,1,0,0,1,1,833,333,20260803_t1352_srsSmooth_Moretraining_B010,53,3,61.8567159692446,1.29550695419312,2,1,95,1,1,1,0,0,1
20260803_t1352_srsSmooth_Moretraining,srs_smooth_Moretraining,trial1224.mat,1224,1224,833,10,189,53,82,32,50,8,2,1,6,2,59,6561,2,0,2,1,2,1,2,1,1,2,CHOSE_LOW_SAL,2,455,1,0,3,0,0,0,85,123,123,85,-38,85,1,0,12.0222972816658,177.977702718334,12.0222972816658,177.977702718334,-165.955405436668,165.955405436668,NaN,NaN,NaN,1785783272.87455,15913.21997236,2.0752112865448,0.0115516185760498,0.180960178375244,0.713926076889038,1.21993350982666,1.38149619102478,1.42103672027588,1.42103672027588,-1,-1,1.6879301071167,169.408559799194,161.56268119812,39.5405292510986,201.103210449219,Congruent,Left,Right,Left,Right,Right,0,1,1,0,1,0,1,0,0,1,0,1,1,0,1,1,0,0,1,834,334,20260803_t1352_srsSmooth_Moretraining_B010,54,4,61.9131879607836,1.33270478248596,1,2,60,1,0,0,1,1,1
20260803_t1352_srsSmooth_Moretraining,srs_smooth_Moretraining,trial1225.mat,1225,1225,834,10,190,54,82,32,50,8,2,2,7,2,71,13468,2,0,1,2,2,2,1,1,1,1,CHOSE_HIGH_SAL,1,455,1,0,3,0,0,0,71,126,126,71,-55,71,1,180,335.986791151244,214.013208848756,155.986791151244,34.0132088487556,121.973582302489,121.973582302489,NaN,NaN,NaN,1785783276.22965,15916.57512676,2.5035879611969,0.0149135589599609,0.217433452606201,1.00915765762329,1.54830765724182,1.80124044418335,1.85133624076843,1.85133624076843,-1,-1,2.1351215839386,202.51989364624,252.932786941528,50.095796585083,303.028583526611,Conflict,Right,Left,Right,Left,Right,0,1,0,1,1,1,1,0,1,0,0,1,0,1,0,1,0,1,1,835,335,20260803_t1352_srsSmooth_Moretraining_B010,55,5,61.9691063761711,1.27989363670349,1,2,85,1,0,1,1,0,1
20260803_t1352_srsSmooth_Moretraining,srs_smooth_Moretraining,trial1226.mat,1226,1226,835,10,191,54,82,32,50,8,2,2,7,2,71,13468,2,0,1,2,2,2,1,1,2,2,CHOSE_LOW_SAL,2,455,1,0,2,0,0,0,35,126,126,35,-91,126,1,180,335.986791151244,214.013208848756,155.986791151244,34.0132088487556,121.973582302489,121.973582302489,NaN,NaN,NaN,1785783280.05067,15920.39613048,2.43272471427917,0.0107085704803467,0.14708948135376,0.854784727096558,1.44409847259521,1.70300936698914,1.74703574180603,1.74703574180603,-1,-1,1.97732853889465,136.380910873413,258.910894393921,44.0263748168945,302.937269210815,Conflict,Right,Left,Left,Left,Right,0,1,0,1,1,0,0,1,0,1,1,0,1,1,0,1,0,1,1,836,336,20260803_t1352_srsSmooth_Moretraining_B010,56,6,62.0327900807063,1.31743431091309,1,1,71,1,1,1,0,0,1
20260803_t1352_srsSmooth_Moretraining,srs_smooth_Moretraining,trial1227.mat,1227,1227,836,10,192,55,82,32,50,8,2,1,5,2,57,30392,2,0,1,2,2,2,2,2,2,2,CHOSE_HIGH_SAL,1,455,1,0,3,0,0,0,68,107,107,68,-39,107,1,180,270.358082620511,279.641917379489,90.3580826205115,99.6419173794885,-9.28383475897704,9.28383475897704,NaN,NaN,NaN,1785783283.79537,15924.14068068,2.30425643920898,0.016155481338501,0.25226354598999,0.977232694625854,1.3828763961792,1.57747459411621,1.61894059181213,1.61894059181213,-1,-1,1.88293528556824,236.108064651489,194.598197937012,41.4659976959229,236.064195632935,Congruent,Right,Left,Left,Left,Left,0,1,1,0,1,0,0,1,1,1,1,0,0,1,0,0,0,0,1,837,337,20260803_t1352_srsSmooth_Moretraining_B010,57,7,62.0952017664909,1.31197643280029,2,2,126,1,0,0,1,1,1
20260803_t1352_srsSmooth_Moretraining,srs_smooth_Moretraining,trial1228.mat,1228,1228,837,10,193,56,82,32,50,8,2,2,8,2,75,28131,2,0,2,1,2,1,1,2,0,0,,0,11,0,1,0,0,0,0,88,133,133,88,-45,NaN,1,180,328.624801639445,221.375198360555,148.624801639445,41.375198360555,107.24960327889,107.24960327889,NaN,NaN,NaN,1785783287.43814,15927.78343148,1.3328230381012,0.0152022838592529,0.201339244842529,1.00087690353394,-1,-1,-1,-1,-1,-1,-1,186.136960983276,NaN,NaN,NaN,Conflict,Left,Right,None,Right,Left,0,1,0,1,0,NaN,NaN,NaN,NaN,NaN,NaN,NaN,NaN,0,1,0,0,1,0,837,NaN,20260803_t1352_srsSmooth_Moretraining_B010,NaN,NaN,62.1559144854546,1.3385066986084,NaN,NaN,NaN,0,NaN,NaN,NaN,NaN,0
20260803_t1352_srsSmooth_Moretraining,srs_smooth_Moretraining,trial1229.mat,1229,1229,837,10,194,56,82,32,50,8,2,1,5,2,55,18781,2,0,1,2,2,2,2,2,0,0,,0,11,0,1,0,0,0,0,75,113,113,75,-38,NaN,1,180,198.089229468188,351.910770531812,18.0892294681884,171.910770531812,-153.821541063623,153.821541063623,NaN,NaN,NaN,1785783290.02531,15930.37039048,0.31458568572998,0.0197956562042236,0.247937440872192,-1,-1,-1,-1,-1,-1,-1,-1,228.141784667969,NaN,NaN,NaN,Congruent,Right,Left,None,Left,Left,0,1,1,0,0,NaN,NaN,NaN,NaN,NaN,NaN,NaN,NaN,1,0,0,0,0,0,837,NaN,20260803_t1352_srsSmooth_Moretraining_B010,NaN,NaN,62.1990340789159,1.25435256958008,NaN,NaN,NaN,0,NaN,NaN,NaN,NaN,0
20260803_t1352_srsSmooth_Moretraining,srs_smooth_Moretraining,trial1230.mat,1230,1230,837,10,195,56,82,32,50,8,2,2,8,2,77,10287,2,0,2,1,2,1,1,2,0,0,,0,11,0,1,0,0,0,0,66,143,143,66,-77,NaN,1,180,312.288751223191,237.711248776809,132.288751223191,57.7112487768087,74.5775024463826,74.5775024463826,NaN,NaN,NaN,1785783291.59434,15931.93949904,0.862685918807983,0.0174961090087891,0.143420696258545,-1,-1,-1,-1,-1,-1,-1,-1,125.924587249756,NaN,NaN,NaN,Conflict,Left,Right,None,Right,Left,0,1,0,1,0,NaN,NaN,NaN,NaN,NaN,NaN,NaN,NaN,0,1,0,0,1,0,837,NaN,20260803_t1352_srsSmooth_Moretraining_B010,NaN,NaN,62.2251845359802,1.25444173812866,NaN,NaN,NaN,0,NaN,NaN,NaN,NaN,0
20260803_t1352_srsSmooth_Moretraining,srs_smooth_Moretraining,trial1231.mat,1231,1231,837,10,196,56,82,32,50,8,2,1,5,2,54,16589,2,0,1,2,2,2,2,2,2,2,CHOSE_HIGH_SAL,1,455,1,0,2,0,0,0,88,123,123,88,-35,123,1,180,207.362389082829,342.637610917171,27.3623890828295,162.637610917171,-135.275221834341,135.275221834341,NaN,NaN,NaN,1785783293.70117,15934.04632604,2.21463513374329,0.0190770626068115,0.237305879592896,0.763437747955322,1.2857928276062,1.46266341209412,1.49608111381531,1.49608111381531,-1,-1,1.77084136009216,218.228816986084,176.870584487915,33.4177017211914,210.288286209106,Congruent,Right,Left,Left,Left,Left,0,1,1,0,1,0,0,1,1,1,1,0,0,1,0,0,0,0,1,838,338,20260803_t1352_srsSmooth_Moretraining_B010,58,8,62.2602984587352,1.24414944648743,2,2,107,1,0,0,1,1,1
20260803_t1352_srsSmooth_Moretraining,srs_smooth_Moretraining,trial1232.mat,1232,1232,838,10,197,57,82,32,50,8,2,2,7,2,67,11765,2,0,1,2,2,2,1,1,2,2,CHOSE_LOW_SAL,2,455,1,0,0,0,0,0,76,146,146,76,-70,146,1,0,158.987301464454,31.0126985355459,158.987301464454,31.0126985355459,127.974602928908,127.974602928908,NaN,NaN,NaN,1785783297.25513,15937.59999672,2.47003293037415,0.0152604579925537,0.234397172927856,0.985214233398438,1.49865174293518,1.67436122894287,1.71646165847778,1.71646165847778,-1,-1,2.02674388885498,219.136714935303,175.70948600769,42.1004295349121,217.809915542603,Conflict,Right,Left,Left,Left,Right,0,1,0,1,1,0,0,1,0,1,1,0,1,1,0,1,0,1,1,839,339,20260803_t1352_srsSmooth_Moretraining_B010,59,9,62.3195310433706,1.33931994438171,2,2,123,1,0,0,1,1,1
20260803_t1352_srsSmooth_Moretraining,srs_smooth_Moretraining,trial1233.mat,1233,1233,839,10,198,58,82,32,50,8,2,1,6,2,62,20145,2,0,2,1,2,1,2,1,1,2,CHOSE_LOW_SAL,2,455,1,0,2,0,0,0,80,142,142,80,-62,80,1,180,259.072877650613,290.927122349387,79.0728776506133,110.927122349387,-31.8542446987733,31.8542446987733,NaN,NaN,NaN,1785783301.06367,15941.40850104,2.31160473823547,0.0152065753936768,0.249781608581543,0.849357128143311,1.42359566688538,1.62708044052124,1.66617107391357,1.66617107391357,-1,-1,1.93236947059631,234.575033187866,203.484773635864,39.090633392334,242.575407028198,Congruent,Left,Right,Left,Right,Right,0,1,1,0,1,0,1,0,0,1,0,1,1,0,1,1,0,0,1,840,340,20260803_t1352_srsSmooth_Moretraining_B010,60,10,62.3830066283544,1.3385021686554,2,2,146,1,1,0,0,1,1
20260803_t1352_srsSmooth_Moretraining,srs_smooth_Moretraining,trial1234.mat,1234,1234,840,10,199,59,82,32,50,8,2,2,7,2,73,12813,2,0,1,2,2,2,1,1,2,2,CHOSE_LOW_SAL,2,455,1,0,5,0,0,0,43,134,134,43,-91,134,1,0,177.524828407033,12.4751715929667,177.524828407033,12.4751715929667,165.049656814067,165.049656814067,NaN,NaN,NaN,1785783304.70309,15945.04791576,2.40993046760559,0.0175895690917969,0.287574291229248,1.07732725143433,1.4759795665741,1.70332288742065,1.74572157859802,1.74572157859802,-1,-1,1.96968603134155,269.984722137451,227.343320846558,42.3986911773682,269.742012023926,Conflict,Right,Left,Left,Left,Right,0,1,0,1,1,0,0,1,0,1,1,0,1,1,0,1,0,1,1,841,341,20260803_t1352_srsSmooth_Moretraining_B010,61,11,62.4436637282372,1.32782125473022,1,2,80,1,1,0,0,1,1
20260803_t1352_srsSmooth_Moretraining,srs_smooth_Moretraining,trial1235.mat,1235,1235,841,10,200,60,82,32,50,8,2,1,5,2,51,27638,2,0,1,2,2,2,2,2,1,1,CHOSE_LOW_SAL,2,455,1,0,5,0,0,0,85,106,106,85,-21,85,1,0,38.4365810244746,151.563418975525,38.4365810244746,151.563418975525,-113.126837951051,113.126837951051,NaN,NaN,NaN,1785783308.44662,15948.79139084,2.56266355514526,0.0158741474151611,0.261068344116211,1.03568720817566,1.65760517120361,1.87541246414185,1.90877079963684,1.90877079963684,-1,-1,2.13494563102722,245.19419670105,217.807292938232,33.3583354949951,251.165628433228,Congruent,Right,Left,Right,Left,Left,0,1,1,0,1,1,1,0,0,0,0,1,1,1,0,0,0,0,1,842,342,20260803_t1352_srsSmooth_Moretraining_B010,62,12,62.5060558517774,1.33359694480896,2,2,134,1,1,1,0,0,1
20260803_t1352_srsSmooth_Moretraining,srs_smooth_Moretraining,trial1236.mat,1236,1236,842,10,201,61,82,32,50,8,2,2,7,2,72,22982,2,0,1,2,2,2,1,1,2,2,CHOSE_LOW_SAL,2,455,1,0,2,0,0,0,75,136,136,75,-61,136,1,0,167.897345376574,22.102654623426,167.897345376574,22.102654623426,145.794690753148,145.794690753148,NaN,NaN,NaN,1785783312.30007,15952.64488956,2.06767654418945,0.0125732421875,0.214905261993408,0.715835571289062,1.27095556259155,1.34097576141357,1.38043308258057,1.38043308258057,-1,-1,1.63237857818604,202.332019805908,70.0201988220215,39.4573211669922,109.477519989014,Conflict,Right,Left,Left,Left,Right,0,1,0,1,1,0,0,1,0,1,1,0,1,1,0,1,0,1,1,843,343,20260803_t1352_srsSmooth_Moretraining_B010,63,13,62.5702800353368,1.2907874584198,1,1,85,1,1,1,0,0,1
20260803_t1352_srsSmooth_Moretraining,srs_smooth_Moretraining,trial1237.mat,1237,1237,843,10,202,62,82,32,50,8,2,2,7,2,69,29046,2,0,1,2,2,2,1,1,2,2,CHOSE_LOW_SAL,2,455,1,0,4,0,0,0,51,141,141,51,-90,141,1,180,290.533253028713,259.466746971287,110.533253028713,79.4667469712871,31.0665060574258,31.0665060574258,NaN,NaN,NaN,1785783315.65594,15956.00050848,2.13550710678101,0.0151658058166504,0.251921892166138,0.81022834777832,1.26521515846252,1.37605285644531,1.40986275672913,1.40986275672913,-1,-1,1.6743791103363,236.756086349487,110.837697982788,33.8099002838135,144.647598266602,Conflict,Right,Left,Left,Left,Right,0,1,0,1,1,0,0,1,0,1,1,0,1,1,0,1,0,1,1,844,344,20260803_t1352_srsSmooth_Moretraining_B010,64,14,62.6262112061183,1.28819370269775,2,2,136,1,0,0,1,1,1
20260803_t1352_srsSmooth_Moretraining,srs_smooth_Moretraining,trial1238.mat,1238,1238,844,10,203,63,82,32,50,8,2,2,8,2,80,8189,2,0,2,1,2,1,1,2,0,0,,0,11,0,1,1,0,0,0,62,121,121,62,-59,NaN,1,0,176.10971827963,13.8902817203703,176.10971827963,13.8902817203703,162.219436559259,162.219436559259,NaN,NaN,NaN,1785783319.12341,15959.46807144,1.5521879196167,0.0144951343536377,0.275721311569214,1.01710844039917,-1,-1,-1,-1,-1,-1,-1,261.226177215576,NaN,NaN,NaN,Conflict,Left,Right,None,Right,Left,0,1,0,1,0,NaN,NaN,NaN,NaN,NaN,NaN,NaN,NaN,0,1,0,0,1,0,844,NaN,20260803_t1352_srsSmooth_Moretraining_B010,NaN,NaN,62.6840024193128,1.33196568489075,NaN,NaN,NaN,0,NaN,NaN,NaN,NaN,0
20260803_t1352_srsSmooth_Moretraining,srs_smooth_Moretraining,trial1239.mat,1239,1239,844,10,204,63,82,32,50,8,2,1,6,2,61,31905,2,0,2,1,2,1,2,1,1,2,CHOSE_LOW_SAL,2,455,1,0,4,0,0,0,86,128,128,86,-42,86,1,180,206.418493369182,343.581506630818,26.418493369182,163.581506630818,-137.163013261636,137.163013261636,NaN,NaN,NaN,1785783321.88948,15962.23408616,2.32835960388184,0.0152006149291992,0.193412065505981,0.918421268463135,1.47359085083008,1.66026830673218,1.70177102088928,1.70177102088928,-1,-1,1.92345499992371,178.211450576782,186.6774559021,41.5027141571045,228.180170059204,Congruent,Left,Right,Left,Right,Right,0,1,1,0,1,0,1,0,0,1,0,1,1,0,1,1,0,0,1,845,345,20260803_t1352_srsSmooth_Moretraining_B010,65,15,62.7301035602887,1.21388053894043,2,2,141,1,1,0,0,1,1
20260803_t1352_srsSmooth_Moretraining,srs_smooth_Moretraining,trial1240.mat,1240,1240,845,10,205,64,82,32,50,8,2,2,8,2,78,27842,2,0,2,1,2,1,1,2,1,2,CHOSE_HIGH_SAL,1,455,1,0,4,0,0,0,77,114,114,77,-37,77,1,0,165.36158889658,24.6384111034203,165.36158889658,24.6384111034203,140.723177793159,140.723177793159,NaN,NaN,NaN,1785783325.55151,15965.8959,2.14986443519592,0.0199813842773438,0.248367547988892,0.90660572052002,1.25336360931396,1.48963022232056,1.52942228317261,1.52942228317261,-1,-1,1.74816846847534,228.386163711548,236.266613006592,39.7920608520508,276.058673858643,Conflict,Left,Right,Left,Right,Left,0,1,0,1,1,0,1,0,1,1,0,1,0,0,1,0,0,1,1,846,346,20260803_t1352_srsSmooth_Moretraining_B010,66,16,62.7911373496056,1.33366775512695,1,2,86,1,0,0,1,1,1
20260803_t1352_srsSmooth_Moretraining,srs_smooth_Moretraining,trial1241.mat,1241,1241,846,10,206,65,82,32,50,8,2,2,8,2,75,28131,2,0,2,1,2,1,1,2,1,2,CHOSE_HIGH_SAL,1,455,1,0,4,0,0,0,79,86,86,79,-7,79,1,180,358.558296584568,191.441703415432,178.558296584568,11.4417034154315,167.116593169137,167.116593169137,NaN,NaN,NaN,1785783328.99756,15969.34203864,2.00333213806152,0.0157299041748047,0.225136280059814,0.817682981491089,1.18244171142578,1.30229210853577,1.34192800521851,1.34192800521851,-1,-1,1.59469389915466,209.40637588501,119.850397109985,39.6358966827393,159.486293792725,Conflict,Left,Right,Left,Right,Left,0,1,0,1,1,0,1,0,1,1,0,1,0,0,1,0,0,1,1,847,347,20260803_t1352_srsSmooth_Moretraining_B010,67,17,62.8485715587934,1.29618811607361,1,2,77,1,0,0,1,1,1
20260803_t1352_srsSmooth_Moretraining,srs_smooth_Moretraining,trial1242.mat,1242,1242,847,10,207,66,82,32,50,8,2,1,5,2,53,28430,2,0,1,2,2,2,2,2,2,2,,0,11,0,1,5,0,0,0,68,151,151,68,-83,151,1,0,88.8509180371868,101.149081962813,88.8509180371868,101.149081962813,-12.2981639256263,12.2981639256263,NaN,NaN,NaN,1785783332.27968,15972.62406544,1.72966480255127,0.0170679092407227,0.278729438781738,0.787153959274292,1.26711583137512,1.52792024612427,1.56783866882324,1.56783866882324,-1,-1,-1,261.661529541016,260.804414749146,39.9184226989746,300.72283744812,Congruent,Right,Left,Left,Left,Left,0,1,1,0,0,NaN,NaN,NaN,NaN,NaN,NaN,NaN,NaN,1,0,0,0,0,0,847,NaN,20260803_t1352_srsSmooth_Moretraining_B010,NaN,NaN,62.903273610274,1.27879095077515,NaN,NaN,NaN,0,NaN,NaN,NaN,NaN,0
20260803_t1352_srsSmooth_Moretraining,srs_smooth_Moretraining,trial1243.mat,1243,1243,847,10,208,66,82,32,50,8,2,2,7,2,74,27292,2,0,1,2,2,2,1,1,2,2,CHOSE_LOW_SAL,2,455,1,0,4,0,0,0,86,129,129,86,-43,129,1,0,154.297255081399,35.7027449186013,154.297255081399,35.7027449186012,118.594510162798,118.594510162798,NaN,NaN,NaN,1785783335.2216,15975.56581172,2.31471562385559,0.0169270038604736,0.21121621131897,0.853187322616577,1.41698169708252,1.56184864044189,1.60291075706482,1.60291075706482,-1,-1,1.83923506736755,194.289207458496,144.866943359375,41.0621166229248,185.9290599823,Conflict,Right,Left,Left,Left,Right,0,1,0,1,1,0,0,1,0,1,1,0,1,1,0,1,0,1,1,848,348,20260803_t1352_srsSmooth_Moretraining_B010,68,18,62.9523056228956,1.21225595474243,1,2,79,1,1,0,0,1,1
20260803_t1352_srsSmooth_Moretraining,srs_smooth_Moretraining,trial1244.mat,1244,1244,848,10,209,67,82,32,50,8,2,1,5,2,56,4387,2,0,1,2,2,2,2,2,2,2,CHOSE_HIGH_SAL,1,455,1,0,4,0,0,0,86,125,125,86,-39,125,1,0,17.0032258987375,172.996774101263,17.0032258987374,172.996774101263,-155.993548202525,155.993548202525,NaN,NaN,NaN,1785783338.87669,15979.2208432,2.15106821060181,0.0119826793670654,0.27983021736145,0.782216787338257,1.32036662101746,1.42319798469543,1.46506357192993,1.46506357192993,-1,-1,1.7074248790741,267.847537994385,102.831363677979,41.8655872344971,144.696950912476,Congruent,Right,Left,Left,Left,Left,0,1,1,0,1,0,0,1,1,1,1,0,0,1,0,0,0,0,1,849,349,20260803_t1352_srsSmooth_Moretraining_B010,69,19,63.0132237275442,1.34037065505981,2,2,129,1,0,0,1,1,1
20260803_t1352_srsSmooth_Moretraining,srs_smooth_Moretraining,trial1245.mat,1245,1245,849,10,210,68,82,32,50,8,2,2,8,2,77,10287,2,0,2,1,2,1,1,2,1,2,CHOSE_HIGH_SAL,1,455,1,0,3,0,0,0,65,137,137,65,-72,65,1,0,111.040927749658,78.9590722503421,111.040927749658,78.9590722503421,32.0818554993158,32.0818554993158,NaN,NaN,NaN,1785783342.35543,15982.69947236,2.11269474029541,0.0167133808135986,0.286513328552246,0.825641632080078,1.2084264755249,1.41987276077271,1.46189618110657,1.46189618110657,-1,-1,1.72762966156006,269.799947738647,211.446285247803,42.0234203338623,253.469705581665,Conflict,Left,Right,Left,Right,Left,0,1,0,1,1,0,1,0,1,1,0,1,0,0,1,0,0,1,1,850,350,20260803_t1352_srsSmooth_Moretraining_B010,70,20,63.0712026993434,1.32767009735107,2,2,125,1,1,0,0,1,1
20260803_t1352_srsSmooth_Moretraining,srs_smooth_Moretraining,trial1246.mat,1246,1246,850,10,211,69,82,32,50,8,2,2,8,2,76,22862,2,0,2,1,2,1,1,2,2,1,CHOSE_LOW_SAL,2,455,1,0,6,0,0,0,80,130,130,80,-50,130,1,0,177.061378734557,12.9386212654429,177.061378734557,12.9386212654429,164.122757469114,164.122757469114,NaN,NaN,NaN,1785783345.81407,15986.15790384,2.40613555908203,0.016535758972168,0.269818544387817,0.836583137512207,1.32491970062256,1.60290718078613,1.64458847045898,1.64458847045898,-1,-1,1.94153690338135,253.282785415649,277.987480163574,41.6812896728516,319.668769836426,Conflict,Left,Right,Right,Right,Left,0,1,0,1,1,1,0,1,0,0,1,0,1,0,1,0,0,1,1,851,351,20260803_t1352_srsSmooth_Moretraining_B010,71,21,63.1288467764854,1.34594988822937,1,2,65,1,1,1,0,0,1
20260803_t1352_srsSmooth_Moretraining,srs_smooth_Moretraining,trial1247.mat,1247,1247,851,10,212,70,82,32,50,8,2,2,8,2,80,8189,2,0,2,1,2,1,1,2,2,1,CHOSE_LOW_SAL,2,455,1,0,2,0,0,0,59,133,133,59,-74,133,1,180,340.673134304853,209.326865695147,160.673134304853,29.3268656951475,131.346268609705,131.346268609705,NaN,NaN,NaN,1785783349.54438,15989.88843476,2.48275709152222,0.0113732814788818,0.222164869308472,0.906274080276489,1.51143145561218,1.74744391441345,1.7878589630127,1.7878589630127,-1,-1,2.03149724006653,210.79158782959,236.01245880127,40.4150485992432,276.427507400513,Conflict,Left,Right,Right,Right,Left,0,1,0,1,1,1,0,1,0,0,1,0,1,0,1,0,0,1,1,852,352,20260803_t1352_srsSmooth_Moretraining_B010,72,22,63.1910185694694,1.3241720199585,2,1,130,1,0,0,1,1,1
20260803_t1352_srsSmooth_Moretraining,srs_smooth_Moretraining,trial1248.mat,1248,1248,852,10,213,71,82,32,50,8,2,2,7,2,68,9325,2,0,1,2,2,2,1,1,0,0,,0,11,0,1,1,0,0,0,83,128,128,83,-45,NaN,1,0,133.983765897353,56.0162341026468,133.983765897353,56.0162341026468,77.9675317947064,77.9675317947064,NaN,NaN,NaN,1785783353.33027,15993.67411384,1.58828020095825,0.0172944068908691,0.17856502532959,0.928749799728394,-1,-1,-1,-1,-1,-1,-1,161.270618438721,NaN,NaN,NaN,Conflict,Right,Left,None,Left,Right,0,1,0,1,0,NaN,NaN,NaN,NaN,NaN,NaN,NaN,NaN,1,0,1,0,1,0,852,NaN,20260803_t1352_srsSmooth_Moretraining_B010,NaN,NaN,63.2541167815526,1.30313563346863,NaN,NaN,NaN,0,NaN,NaN,NaN,NaN,0
20260803_t1352_srsSmooth_Moretraining,srs_smooth_Moretraining,trial1249.mat,1249,1249,852,10,214,71,82,32,50,8,2,1,6,2,64,17915,2,0,2,1,2,1,2,1,1,2,CHOSE_LOW_SAL,2,455,1,0,4,0,0,0,78,120,120,78,-42,78,1,0,85.7309789654739,104.269021034526,85.7309789654739,104.269021034526,-18.5380420690522,18.5380420690522,NaN,NaN,NaN,1785783356.13038,15996.47423264,2.33128499984741,0.0172984600067139,0.269894123077393,0.812487125396729,1.3923511505127,1.62799334526062,1.67049813270569,1.67049813270569,-1,-1,1.91489887237549,252.595663070679,235.642194747925,42.5047874450684,278.146982192993,Congruent,Left,Right,Left,Right,Right,0,1,1,0,1,0,1,0,0,1,0,1,1,0,1,1,0,0,1,853,353,20260803_t1352_srsSmooth_Moretraining_B010,73,23,63.3007851998011,1.21182489395142,2,1,133,1,1,1,0,0,1
20260803_t1352_srsSmooth_Moretraining,srs_smooth_Moretraining,trial1250.mat,1250,1250,853,10,215,72,82,32,50,8,2,1,6,2,63,15902,2,0,2,1,2,1,2,1,2,1,CHOSE_HIGH_SAL,1,455,1,0,3,0,0,0,93,122,122,93,-29,122,1,0,24.3884809361713,165.611519063829,24.3884809361713,165.611519063829,-141.223038127657,141.223038127657,NaN,NaN,NaN,1785783359.77252,16000.11610584,2.41514682769775,0.0169696807861328,0.269845247268677,0.962083578109741,1.37535548210144,1.60970830917358,1.6429500579834,1.6429500579834,-1,-1,1.96328616142273,252.875566482544,234.352827072144,33.2417488098145,267.594575881958,Congruent,Left,Right,Right,Right,Right,0,1,1,0,1,1,0,1,1,0,1,0,0,0,1,1,0,0,1,854,354,20260803_t1352_srsSmooth_Moretraining_B010,74,24,63.3614874800046,1.31085181236267,1,2,78,1,1,1,0,0,1
20260803_t1352_srsSmooth_Moretraining,srs_smooth_Moretraining,trial1251.mat,1251,1251,854,10,216,73,82,32,50,8,2,2,8,2,82,643,2,0,2,1,2,1,1,2,0,0,,0,11,0,1,4,0,0,0,87,143,143,87,-56,NaN,1,180,349.370706860517,200.629293139483,169.370706860517,20.6292931394832,148.741413721034,148.741413721034,NaN,NaN,NaN,1785783363.46008,16003.80358868,1.32539033889771,0.0128810405731201,0.249504089355469,0.882764577865601,-1,-1,-1,-1,-1,-1,-1,236.623048782349,NaN,NaN,NaN,Conflict,Left,Right,None,Right,Left,0,1,0,1,0,NaN,NaN,NaN,NaN,NaN,NaN,NaN,NaN,0,1,0,0,1,0,854,NaN,20260803_t1352_srsSmooth_Moretraining_B010,NaN,NaN,63.4229469060898,1.2724187374115,NaN,NaN,NaN,0,NaN,NaN,NaN,NaN,0
20260803_t1352_srsSmooth_Moretraining,srs_smooth_Moretraining,trial1252.mat,1252,1252,854,10,217,73,82,32,50,8,2,1,5,2,58,232,2,0,1,2,2,2,2,2,1,1,CHOSE_LOW_SAL,2,455,1,0,5,0,0,0,62,120,120,62,-58,62,1,0,71.6766007462666,118.323399253733,71.6766007462666,118.323399253733,-46.6467985074669,46.6467985074669,NaN,NaN,NaN,1785783366.03251,16006.3760346,2.05393004417419,0.015549898147583,0.227171659469604,0.777071952819824,1.14059376716614,1.38473176956177,1.42709827423096,1.42709827423096,-1,-1,1.69311046600342,211.621761322021,244.13800239563,42.3665046691895,286.504507064819,Congruent,Right,Left,Right,Left,Left,0,1,1,0,1,1,1,0,0,0,0,1,1,1,0,0,0,0,1,855,355,20260803_t1352_srsSmooth_Moretraining_B010,75,25,63.465820757548,1.24704074859619,2,1,122,1,1,0,0,1,1
20260803_t1352_srsSmooth_Moretraining,srs_smooth_Moretraining,trial1253.mat,1253,1253,855,10,218,74,82,32,50,8,2,1,6,2,65,22871,2,0,2,1,2,1,2,1,1,2,CHOSE_LOW_SAL,2,455,1,0,3,0,0,0,65,116,116,65,-51,65,1,180,198.517153713255,351.482846286745,18.517153713255,171.482846286745,-152.96569257349,152.96569257349,NaN,NaN,NaN,1785783369.38438,16009.7279218,2.29394030570984,0.0138087272644043,0.266916751861572,0.98342490196228,1.32219362258911,1.57495141029358,1.61732006072998,1.61732006072998,-1,-1,1.90606141090393,253.108024597168,252.757787704468,42.3686504364014,295.126438140869,Congruent,Left,Right,Left,Right,Right,0,1,1,0,1,0,1,0,0,1,0,1,1,0,1,1,0,0,1,856,356,20260803_t1352_srsSmooth_Moretraining_B010,76,26,63.5216852784157,1.29794120788574,1,1,62,1,0,1,1,0,1
20260803_t1352_srsSmooth_Moretraining,srs_smooth_Moretraining,trial1254.mat,1254,1254,856,10,219,75,82,32,50,8,2,2,8,2,82,643,2,0,2,1,2,1,1,2,2,1,CHOSE_LOW_SAL,2,455,1,0,4,0,0,0,71,149,149,71,-78,149,1,0,165.309041037057,24.6909589629425,165.309041037057,24.6909589629425,140.618082074115,140.618082074115,NaN,NaN,NaN,1785783373.03227,16013.37577304,2.37979316711426,0.0160624980926514,0.252963781356812,0.885747671127319,1.32444667816162,1.60861682891846,1.6416494846344,1.6416494846344,-1,-1,1.89109659194946,236.90128326416,284.170150756836,33.0326557159424,317.202806472778,Conflict,Left,Right,Right,Right,Left,0,1,0,1,1,1,0,1,0,0,1,0,1,0,1,0,0,1,1,857,357,20260803_t1352_srsSmooth_Moretraining_B010,77,27,63.5824834307035,1.35394883155823,1,2,65,1,1,1,0,0,1
20260803_t1352_srsSmooth_Moretraining,srs_smooth_Moretraining,trial1255.mat,1255,1255,857,10,220,76,82,32,50,8,2,1,6,2,66,4196,2,0,2,1,2,1,2,1,2,1,CHOSE_HIGH_SAL,1,455,1,0,3,0,0,0,78,123,123,78,-45,123,1,0,65.0788418538949,124.921158146105,65.0788418538949,124.921158146105,-59.8423162922102,59.8423162922102,NaN,NaN,NaN,1785783376.70541,16017.04883264,2.47439694404602,0.0180652141571045,0.210384130477905,1.00420069694519,1.5181245803833,1.73745441436768,1.78612732887268,1.78612732887268,-1,-1,2.05266666412354,192.318916320801,219.329833984375,48.6729145050049,268.00274848938,Congruent,Left,Right,Right,Right,Right,0,1,1,0,1,1,0,1,1,0,1,0,0,0,1,1,0,0,1,858,358,20260803_t1352_srsSmooth_Moretraining_B010,78,28,63.6437024354935,1.29334712028503,2,1,149,1,0,0,1,1,1
20260803_t1352_srsSmooth_Moretraining,srs_smooth_Moretraining,trial1256.mat,1256,1256,858,10,221,77,82,32,50,8,2,1,5,2,55,18781,2,0,1,2,2,2,2,2,1,1,CHOSE_LOW_SAL,2,455,1,0,0,0,0,0,68,111,111,68,-43,68,1,0,20.592998883797,169.407001116203,20.592998883797,169.407001116203,-148.814002232406,148.814002232406,NaN,NaN,NaN,1785783380.49709,16020.84032052,2.34002113342285,0.0182037353515625,0.210844039916992,0.911006212234497,1.43492555618286,1.69445466995239,1.7274444103241,1.7274444103241,-1,-1,1.97181582450867,192.64030456543,259.529113769531,32.9897403717041,292.518854141235,Congruent,Right,Left,Right,Left,Left,0,1,1,0,1,1,1,0,0,0,0,1,1,1,0,0,0,0,1,859,359,20260803_t1352_srsSmooth_Moretraining_B010,79,29,63.7068970481555,1.31727981567383,2,1,123,1,1,0,0,1,1
20260803_t1352_srsSmooth_Moretraining,srs_smooth_Moretraining,trial1257.mat,1257,1257,859,10,222,78,82,32,50,8,2,1,5,2,53,28430,2,0,1,2,2,2,2,2,2,2,CHOSE_HIGH_SAL,1,455,1,0,1,0,0,0,60,118,118,60,-58,118,1,0,93.6624856800178,96.3375143199822,93.6624856800178,96.3375143199822,-2.67502863996447,2.67502863996447,NaN,NaN,NaN,1785783384.15918,16024.50222832,2.26924514770508,0.0145869255065918,0.215792894363403,0.850822687149048,1.33963894844055,1.49070978164673,1.52348566055298,1.52348566055298,-1,-1,1.81801271438599,201.205968856812,151.070833206177,32.77587890625,183.846712112427,Congruent,Right,Left,Left,Left,Left,0,1,1,0,1,0,0,1,1,1,1,0,0,1,0,0,0,0,1,860,360,20260803_t1352_srsSmooth_Moretraining_B010,80,30,63.7679319222768,1.32207131385803,1,1,68,1,1,1,0,0,1
20260803_t1352_srsSmooth_Moretraining,srs_smooth_Moretraining,trial1258.mat,1258,1258,860,10,223,79,82,32,50,8,2,1,5,2,52,9915,2,0,1,2,2,2,2,2,2,2,CHOSE_HIGH_SAL,1,455,1,0,1,0,0,0,61,127,127,61,-66,127,1,180,259.640851499009,290.359148500991,79.6408514990087,110.359148500991,-30.7182970019826,30.7182970019826,NaN,NaN,NaN,1785783387.74125,16028.08436228,2.22120451927185,0.0159971714019775,0.252158164978027,0.844335079193115,1.43271899223328,1.47762274742126,1.51727771759033,1.51727771759033,-1,-1,1.75250387191772,236.16099357605,44.9037551879883,39.6549701690674,84.5587253570557,Congruent,Right,Left,Left,Left,Left,0,1,1,0,1,0,0,1,1,1,1,0,0,1,0,0,0,0,1,861,361,20260803_t1352_srsSmooth_Moretraining_B010,81,31,63.8276329716047,1.31281781196594,2,2,118,1,0,0,1,1,1
20260803_t1352_srsSmooth_Moretraining,srs_smooth_Moretraining,trial1259.mat,1259,1259,861,10,224,80,82,32,50,8,2,2,8,2,81,30796,2,0,2,1,2,1,1,2,0,0,,0,11,0,1,2,0,0,0,80,111,111,80,-31,NaN,1,180,335.597969863154,214.402030136846,155.597969863154,34.4020301368463,121.195939726307,121.195939726307,NaN,NaN,NaN,1785783391.23438,16031.5773938,1.30230855941772,0.0146653652191162,0.276620626449585,0.917988538742065,-1,-1,-1,-1,-1,-1,-1,261.955261230469,NaN,NaN,NaN,Conflict,Left,Right,None,Right,Left,0,1,0,1,0,NaN,NaN,NaN,NaN,NaN,NaN,NaN,NaN,0,1,0,0,1,0,861,NaN,20260803_t1352_srsSmooth_Moretraining_B010,NaN,NaN,63.8858518838882,1.27193021774292,NaN,NaN,NaN,0,NaN,NaN,NaN,NaN,0
20260803_t1352_srsSmooth_Moretraining,srs_smooth_Moretraining,trial1260.mat,1260,1260,861,10,225,80,82,32,50,8,2,2,8,2,81,30796,2,0,2,1,2,1,1,2,1,2,CHOSE_HIGH_SAL,1,455,1,0,5,0,0,0,79,119,119,79,-40,79,1,0,103.936368287506,86.0636317124939,103.936368287506,86.0636317124939,17.8727365750121,17.8727365750121,NaN,NaN,NaN,1785783393.77937,16034.12248784,2.00062370300293,0.0114383697509766,0.239588499069214,0.781369924545288,1.12814879417419,1.32330703735352,1.36283302307129,1.36283302307129,-1,-1,1.59032106399536,228.150129318237,195.158243179321,39.5259857177734,234.684228897095,Conflict,Left,Right,Left,Right,Left,0,1,0,1,1,0,1,0,1,1,0,1,0,0,1,0,0,1,1,862,362,20260803_t1352_srsSmooth_Moretraining_B010,82,32,63.9282684485118,1.24268531799316,2,2,127,1,1,0,0,1,1
20260803_t1352_srsSmooth_Moretraining,srs_smooth_Moretraining,trial1261.mat,1261,1261,862,10,226,81,82,32,50,8,2,2,7,2,68,9325,2,0,1,2,2,2,1,1,2,2,CHOSE_LOW_SAL,2,455,1,0,4,0,0,0,53,126,126,53,-73,126,1,180,320.282847577661,229.717152422339,140.282847577661,49.7171524223393,90.5656951553214,90.5656951553214,NaN,NaN,NaN,1785783397.1154,16037.4582666,2.2469916343689,0.0172080993652344,0.28723931312561,0.937195539474487,1.36726117134094,1.53729295730591,1.5787832736969,1.5787832736969,-1,-1,1.80523252487183,270.031213760376,170.031785964966,41.4903163909912,211.522102355957,Conflict,Right,Left,Left,Left,Right,0,1,0,1,1,0,0,1,0,1,1,0,1,1,0,1,0,1,1,863,363,20260803_t1352_srsSmooth_Moretraining_B010,83,33,63.9838689049085,1.33540368080139,1,2,79,1,1,0,0,1,1
20260803_t1352_srsSmooth_Moretraining,srs_smooth_Moretraining,trial1262.mat,1262,1262,863,11,1,0,78,28,50,8,1,0,4,1,48,2763,1,2,1,2,1,1,2,2,2,2,SINGLE_T2_CORRECT,11,455,1,0,1,0,0,0,107,59,107,59,48,59,1,180,190,0,10,180,-170,170,NaN,NaN,NaN,1785783400.70462,16041.04752688,2.13300323486328,0.0114610195159912,0.23056173324585,0.881310701370239,1.3115119934082,1.49826645851135,1.53888487815857,1.53888487815857,-1,-1,1.77336668968201,219.100713729858,186.754465103149,40.6184196472168,227.372884750366,Instruction,Right,Left,Left,Right,Left,1,0,0,0,0,NaN,NaN,NaN,NaN,NaN,NaN,NaN,NaN,1,1,0,1,0,0,864,NaN,20260803_t1352_srsSmooth_Moretraining_B011,1,NaN,64.0436892549197,1.34222936630249,NaN,NaN,NaN,0,NaN,NaN,NaN,NaN,0
20260803_t1352_srsSmooth_Moretraining,srs_smooth_Moretraining,trial1266.mat,1266,1266,864,11,5,1,78,28,50,8,1,0,2,1,14,10553,1,1,2,1,1,2,1,2,1,2,SINGLE_T1_CORRECT,10,455,1,0,6,0,0,0,123,50,123,50,73,123,1,0,180,10,180,10,170,170,NaN,NaN,NaN,1785783408.72017,16049.06297308,2.28545928001404,0.0128979682922363,0.240815401077271,0.980825185775757,1.33795118331909,1.52486324310303,1.5659863948822,1.5659863948822,-1,-1,1.85661959648132,227.917432785034,186.912059783936,41.1231517791748,228.03521156311,Instruction,Left,Right,Left,Left,Left,1,0,0,0,0,NaN,NaN,NaN,NaN,NaN,NaN,NaN,NaN,0,0,0,1,1,0,865,NaN,20260803_t1352_srsSmooth_Moretraining_B011,2,NaN,64.1772816419601,5.88253998756409,NaN,NaN,NaN,0,NaN,NaN,NaN,NaN,0
20260803_t1352_srsSmooth_Moretraining,srs_smooth_Moretraining,trial1267.mat,1267,1267,865,11,6,2,78,28,50,8,1,0,4,1,45,12948,1,2,1,2,1,1,2,2,0,0,,0,11,0,1,4,0,0,0,102,28,102,28,74,NaN,1,0,10,180,10,180,-170,170,NaN,NaN,NaN,1785783412.3263,16052.6689712,0.310102939605713,0.0152373313903809,0.235280990600586,-1,-1,-1,-1,-1,-1,-1,-1,220.043659210205,NaN,NaN,NaN,Instruction,Right,Left,None,Right,Left,1,0,0,0,0,NaN,NaN,NaN,NaN,NaN,NaN,NaN,NaN,1,1,0,1,0,0,865,NaN,20260803_t1352_srsSmooth_Moretraining_B011,NaN,NaN,64.2373839020729,1.32067632675171,NaN,NaN,NaN,0,NaN,NaN,NaN,NaN,0
20260803_t1352_srsSmooth_Moretraining,srs_smooth_Moretraining,trial1268.mat,1268,1268,865,11,7,2,78,28,50,8,1,0,4,1,45,12948,1,2,1,2,1,1,2,2,0,0,,0,11,0,1,2,0,0,0,129,50,129,50,79,NaN,1,180,190,0,10,180,-170,170,NaN,NaN,NaN,1785783413.88932,16054.23203984,1.51493310928345,0.0189502239227295,0.311233520507812,0.936421871185303,-1,-1,-1,-1,-1,-1,-1,292.283296585083,NaN,NaN,NaN,Instruction,Right,Left,None,Right,Left,1,0,0,0,0,NaN,NaN,NaN,NaN,NaN,NaN,NaN,NaN,1,1,0,1,0,0,865,NaN,20260803_t1352_srsSmooth_Moretraining_B011,NaN,NaN,64.263434167703,1.25291299819946,NaN,NaN,NaN,0,NaN,NaN,NaN,NaN,0
20260803_t1352_srsSmooth_Moretraining,srs_smooth_Moretraining,trial1269.mat,1269,1269,865,11,8,2,78,28,50,8,1,0,2,1,25,3418,1,1,2,1,1,2,1,2,1,2,SINGLE_T1_CORRECT,10,455,1,0,4,0,0,0,127,52,127,52,75,127,1,0,180,10,180,10,170,170,NaN,NaN,NaN,1785783416.66532,16057.00773516,2.38144207000732,0.0180563926696777,0.219276189804077,0.946101665496826,1.43477916717529,1.63816905021667,1.6777400970459,1.6777400970459,-1,-1,1.95269179344177,201.219797134399,203.389883041382,39.5710468292236,242.960929870605,Instruction,Left,Right,Left,Left,Left,1,0,0,0,0,NaN,NaN,NaN,NaN,NaN,NaN,NaN,NaN,0,0,0,1,1,0,866,NaN,20260803_t1352_srsSmooth_Moretraining_B011,3,NaN,64.3097008665403,1.26106882095337,NaN,NaN,NaN,0,NaN,NaN,NaN,NaN,0
20260803_t1352_srsSmooth_Moretraining,srs_smooth_Moretraining,trial1270.mat,1270,1270,866,11,9,3,78,28,50,8,1,0,3,1,31,21752,1,2,2,1,1,2,2,1,2,1,SINGLE_T2_CORRECT,11,455,1,0,3,0,0,0,122,56,122,56,66,56,1,0,10,180,10,180,-170,170,NaN,NaN,NaN,1785783420.37239,16060.71486112,2.2829487323761,0.0194668769836426,0.239418983459473,0.828710079193115,1.3445200920105,1.58047485351562,1.62164378166199,1.62164378166199,-1,-1,1.90436577796936,219.95210647583,235.954761505127,41.1689281463623,277.123689651489,Instruction,Left,Right,Right,Left,Right,1,0,0,0,0,NaN,NaN,NaN,NaN,NaN,NaN,NaN,NaN,0,0,1,1,0,0,867,NaN,20260803_t1352_srsSmooth_Moretraining_B011,4,NaN,64.3714853405952,1.32562637329102,NaN,NaN,NaN,0,NaN,NaN,NaN,NaN,0
20260803_t1352_srsSmooth_Moretraining,srs_smooth_Moretraining,trial1271.mat,1271,1271,867,11,10,4,78,28,50,8,1,0,4,1,43,18644,1,2,1,2,1,1,2,2,2,2,SINGLE_T2_CORRECT,11,455,1,0,4,0,0,0,133,43,133,43,90,43,1,180,190,0,10,180,-170,170,NaN,NaN,NaN,1785783423.97948,16064.32189768,2.13382363319397,0.012514591217041,0.213600635528564,0.755718231201172,1.25423073768616,1.44085764884949,1.48021650314331,1.48021650314331,-1,-1,1.78957200050354,201.086044311523,186.62691116333,39.3588542938232,225.985765457153,Instruction,Right,Left,Left,Right,Left,1,0,0,0,0,NaN,NaN,NaN,NaN,NaN,NaN,NaN,NaN,1,1,0,1,0,0,868,NaN,20260803_t1352_srsSmooth_Moretraining_B011,5,NaN,64.4316035787265,1.32414555549622,NaN,NaN,NaN,0,NaN,NaN,NaN,NaN,0
20260803_t1352_srsSmooth_Moretraining,srs_smooth_Moretraining,trial1272.mat,1272,1272,868,11,11,5,78,28,50,8,1,0,3,1,36,5686,1,2,2,1,1,2,2,1,2,1,SINGLE_T2_CORRECT,11,455,1,0,3,0,0,0,116,33,116,33,83,33,1,180,190,0,10,180,-170,170,NaN,NaN,NaN,1785783427.41937,16067.76172652,2.45319533348083,0.0144274234771729,0.234488487243652,1.00925135612488,1.53948712348938,1.85962533950806,1.90136766433716,1.90136766433716,-1,-1,2.12153339385986,220.061063766479,320.138216018677,41.7423248291016,361.880540847778,Instruction,Left,Right,Right,Left,Right,1,0,0,0,0,NaN,NaN,NaN,NaN,NaN,NaN,NaN,NaN,0,0,1,1,0,0,869,NaN,20260803_t1352_srsSmooth_Moretraining_B011,6,NaN,64.4889350652695,1.30606555938721,NaN,NaN,NaN,0,NaN,NaN,NaN,NaN,0
20260803_t1352_srsSmooth_Moretraining,srs_smooth_Moretraining,trial1273.mat,1273,1273,869,11,12,6,78,28,50,8,1,0,3,1,28,24417,1,2,2,1,1,2,2,1,2,1,SINGLE_T2_CORRECT,11,455,1,0,5,0,0,0,115,24,115,24,91,24,1,0,10,180,10,180,-170,170,NaN,NaN,NaN,1785783431.16242,16071.50466816,2.31738924980164,0.0131902694702148,0.265725612640381,0.991575002670288,1.39657926559448,1.65772914886475,1.69953393936157,1.69953393936157,-1,-1,1.96989631652832,252.535343170166,261.149883270264,41.8047904968262,302.95467376709,Instruction,Left,Right,Right,Left,Right,1,0,0,0,0,NaN,NaN,NaN,NaN,NaN,NaN,NaN,NaN,0,0,1,1,0,0,870,NaN,20260803_t1352_srsSmooth_Moretraining_B011,7,NaN,64.5513192335765,1.28985476493835,NaN,NaN,NaN,0,NaN,NaN,NaN,NaN,0
20260803_t1352_srsSmooth_Moretraining,srs_smooth_Moretraining,trial1274.mat,1274,1274,870,11,13,7,78,28,50,8,1,0,1,1,7,22370,1,1,1,2,1,1,1,1,1,1,SINGLE_T1_CORRECT,10,455,1,0,5,0,0,0,97,47,97,47,50,97,1,0,180,10,180,10,170,170,NaN,NaN,NaN,1785783434.75939,16075.10163176,2.6642758846283,0.0163605213165283,0.259191513061523,0.910974502563477,1.54142069816589,1.88624691963196,1.9338858127594,1.9338858127594,-1,-1,2.23530030250549,242.830991744995,344.826221466064,47.6388931274414,392.465114593506,Instruction,Right,Left,Right,Right,Right,1,0,0,0,0,NaN,NaN,NaN,NaN,NaN,NaN,NaN,NaN,1,1,1,1,1,0,871,NaN,20260803_t1352_srsSmooth_Moretraining_B011,8,NaN,64.6112687627474,1.27958250045776,NaN,NaN,NaN,0,NaN,NaN,NaN,NaN,0
20260803_t1352_srsSmooth_Moretraining,srs_smooth_Moretraining,trial1275.mat,1275,1275,871,11,14,8,78,28,50,8,1,0,3,1,34,4138,1,2,2,1,1,2,2,1,2,1,SINGLE_T2_CORRECT,11,455,1,0,3,0,0,0,91,43,91,43,48,43,1,0,10,180,10,180,-170,170,NaN,NaN,NaN,1785783438.74276,16079.08489332,2.31354522705078,0.0164864063262939,0.244585990905762,0.776018142700195,1.36654019355774,1.62592196464539,1.66805100440979,1.66805100440979,-1,-1,1.94111394882202,228.099584579468,259.381771087646,42.1290397644043,301.510810852051,Instruction,Left,Right,Right,Left,Right,1,0,0,0,0,NaN,NaN,NaN,NaN,NaN,NaN,NaN,NaN,0,0,1,1,0,0,872,NaN,20260803_t1352_srsSmooth_Moretraining_B011,9,NaN,64.6776581645012,1.31908822059631,NaN,NaN,NaN,0,NaN,NaN,NaN,NaN,0
20260803_t1352_srsSmooth_Moretraining,srs_smooth_Moretraining,trial1277.mat,1277,1277,872,11,16,9,78,28,50,8,1,0,3,1,32,24141,1,2,2,1,1,2,2,1,2,1,SINGLE_T2_CORRECT,11,455,1,0,3,0,0,0,108,45,108,45,63,45,1,0,10,180,10,180,-170,170,NaN,NaN,NaN,1785783443.87039,16084.21235976,2.48699569702148,0.0140526294708252,0.306887149810791,0.984090805053711,1.4391086101532,1.78365230560303,1.8231999874115,1.8231999874115,-1,-1,2.10005950927734,292.834520339966,344.543695449829,39.5476818084717,384.091377258301,Instruction,Left,Right,Right,Left,Right,1,0,0,0,0,NaN,NaN,NaN,NaN,NaN,NaN,NaN,NaN,0,0,1,1,0,0,873,NaN,20260803_t1352_srsSmooth_Moretraining_B011,10,NaN,64.7631187637647,2.81409072875977,NaN,NaN,NaN,0,NaN,NaN,NaN,NaN,0
20260803_t1352_srsSmooth_Moretraining,srs_smooth_Moretraining,trial1278.mat,1278,1278,873,11,17,10,78,28,50,8,1,0,2,1,24,1891,1,1,2,1,1,2,1,2,1,2,SINGLE_T1_CORRECT,10,455,1,0,2,0,0,0,90,59,90,59,31,90,1,180,0,190,180,10,170,170,NaN,NaN,NaN,1785783447.65635,16087.99835588,2.20863127708435,0.0115792751312256,0.264900922775269,0.914470195770264,1.26996207237244,1.51323580741882,1.54641199111938,1.54641199111938,-1,-1,1.78805756568909,253.321647644043,243.273735046387,33.1761837005615,276.449918746948,Instruction,Left,Right,Left,Left,Left,1,0,0,0,0,NaN,NaN,NaN,NaN,NaN,NaN,NaN,NaN,0,0,0,1,1,0,874,NaN,20260803_t1352_srsSmooth_Moretraining_B011,11,NaN,64.8262180368106,1.29896068572998,NaN,NaN,NaN,0,NaN,NaN,NaN,NaN,0
20260803_t1352_srsSmooth_Moretraining,srs_smooth_Moretraining,trial1279.mat,1279,1279,874,11,18,11,78,28,50,8,1,0,3,1,35,32526,1,2,2,1,1,2,2,1,2,1,SINGLE_T2_CORRECT,11,455,1,0,3,0,0,0,105,33,105,33,72,33,1,180,190,0,10,180,-170,170,NaN,NaN,NaN,1785783451.1714,16091.5132442,2.20930552482605,0.0133364200592041,0.139230966567993,0.832778930664062,1.21338438987732,1.54122281074524,1.58318376541138,1.58318376541138,-1,-1,1.85591197013855,125.894546508789,327.83842086792,41.9609546661377,369.799375534058,Instruction,Left,Right,Right,Left,Right,1,0,0,0,0,NaN,NaN,NaN,NaN,NaN,NaN,NaN,NaN,0,0,1,1,0,0,875,NaN,20260803_t1352_srsSmooth_Moretraining_B011,12,NaN,64.8848021666209,1.30641651153564,NaN,NaN,NaN,0,NaN,NaN,NaN,NaN,0
20260803_t1352_srsSmooth_Moretraining,srs_smooth_Moretraining,trial1280.mat,1280,1280,875,11,19,12,78,28,50,8,1,0,4,1,42,12253,1,2,1,2,1,1,2,2,2,2,SINGLE_T2_CORRECT,11,455,1,0,3,0,0,0,128,26,128,26,102,26,1,180,190,0,10,180,-170,170,NaN,NaN,NaN,1785783454.67022,16095.01197644,2.26072812080383,0.0146548748016357,0.217341899871826,0.999691724777222,1.35637474060059,1.55007910728455,1.59260392189026,1.59260392189026,-1,-1,1.90743589401245,202.68702507019,193.70436668396,42.5248146057129,236.229181289673,Instruction,Right,Left,Left,Right,Left,1,0,0,0,0,NaN,NaN,NaN,NaN,NaN,NaN,NaN,NaN,1,1,0,1,0,0,876,NaN,20260803_t1352_srsSmooth_Moretraining_B011,13,NaN,64.9431158264478,1.28951406478882,NaN,NaN,NaN,0,NaN,NaN,NaN,NaN,0
20260803_t1352_srsSmooth_Moretraining,srs_smooth_Moretraining,trial1281.mat,1281,1281,876,11,20,13,78,28,50,8,1,0,4,1,47,28168,1,2,1,2,1,1,2,2,2,2,SINGLE_T2_CORRECT,11,455,1,0,3,0,0,0,102,46,102,46,56,46,1,0,10,180,10,180,-170,170,NaN,NaN,NaN,1785783458.2343,16098.57612892,2.56709933280945,0.0173759460449219,0.278720140457153,1.04567337036133,1.65910816192627,1.85973334312439,1.90190434455872,1.90190434455872,-1,-1,2.21939826011658,261.344194412231,200.62518119812,42.1710014343262,242.796182632446,Instruction,Right,Left,Left,Right,Left,1,0,0,0,0,NaN,NaN,NaN,NaN,NaN,NaN,NaN,NaN,1,1,0,1,0,0,877,NaN,20260803_t1352_srsSmooth_Moretraining_B011,14,NaN,65.0025172591209,1.30335783958435,NaN,NaN,NaN,0,NaN,NaN,NaN,NaN,0
20260803_t1352_srsSmooth_Moretraining,srs_smooth_Moretraining,trial1282.mat,1282,1282,877,11,21,14,78,28,50,8,1,0,4,1,44,12500,1,2,1,2,1,1,2,2,2,2,SINGLE_T2_CORRECT,11,455,1,0,2,0,0,0,95,39,95,39,56,39,1,0,10,180,10,180,-170,170,NaN,NaN,NaN,1785783462.12351,16102.46518976,2.30864477157593,0.0116536617279053,0.15682578086853,0.962649822235107,1.43671083450317,1.68789625167847,1.72089123725891,1.72089123725891,-1,-1,1.96628785133362,145.172119140625,251.185417175293,32.9949855804443,284.180402755737,Instruction,Right,Left,Left,Right,Left,1,0,0,0,0,NaN,NaN,NaN,NaN,NaN,NaN,NaN,NaN,1,1,0,1,0,0,878,NaN,20260803_t1352_srsSmooth_Moretraining_B011,15,NaN,65.0673374136289,1.32210993766785,NaN,NaN,NaN,0,NaN,NaN,NaN,NaN,0
20260803_t1352_srsSmooth_Moretraining,srs_smooth_Moretraining,trial1357.mat,1357,1357,878,11,96,15,78,28,50,8,1,0,2,1,13,17278,1,1,2,1,1,2,1,2,0,0,,0,454,0,1,0,0,0,0,118,35,118,35,83,NaN,1,180,0,190,180,10,170,170,NaN,NaN,NaN,1785783579.27549,16219.61478388,1.60186839103699,0.0142872333526611,0.207181215286255,0.915023565292358,1.27266931533813,1.45669078826904,-1,-1,-1,-1,-1,192.893981933594,184.021472930908,NaN,NaN,Instruction,Left,Right,None,Left,Left,1,0,0,0,0,NaN,NaN,NaN,NaN,NaN,NaN,NaN,NaN,0,0,0,1,1,0,878,NaN,20260803_t1352_srsSmooth_Moretraining_B011,NaN,NaN,67.0198704361916,114.843336582184,NaN,NaN,NaN,0,NaN,NaN,NaN,NaN,0
20260803_t1352_srsSmooth_Moretraining,srs_smooth_Moretraining,trial1374.mat,1374,1374,878,11,113,15,78,28,50,8,1,0,4,1,41,16205,1,2,1,2,1,1,2,2,2,2,SINGLE_T2_CORRECT,11,455,1,0,2,0,0,0,120,30,120,30,90,30,1,0,10,180,10,180,-170,170,NaN,NaN,NaN,1785783606.74933,16247.08790524,2.19689726829529,0.0165152549743652,0.25936484336853,0.876259088516235,1.24156332015991,1.52611351013184,1.5678563117981,1.5678563117981,-1,-1,1.83558416366577,242.849588394165,284.550189971924,41.7428016662598,326.292991638184,Instruction,Right,Left,Left,Right,Left,1,0,0,0,0,NaN,NaN,NaN,NaN,NaN,NaN,NaN,NaN,1,1,0,1,0,0,879,NaN,20260803_t1352_srsSmooth_Moretraining_B011,16,NaN,67.4777677337329,25.871969461441,NaN,NaN,NaN,0,NaN,NaN,NaN,NaN,0
20260803_t1352_srsSmooth_Moretraining,srs_smooth_Moretraining,trial1383.mat,1383,1383,879,11,122,16,78,28,50,8,1,0,1,1,12,25282,1,1,1,2,1,1,1,1,1,1,SINGLE_T1_CORRECT,10,455,1,0,4,0,0,0,108,56,108,56,52,108,1,0,180,10,180,10,170,170,NaN,NaN,NaN,1785783622.53698,16262.8752916,2.28464579582214,0.0128173828125,0.249046325683594,0.77446436882019,1.17953038215637,1.50795388221741,1.54962658882141,1.54962658882141,-1,-1,1.84912014007568,236.228942871094,328.423500061035,41.6727066040039,370.096206665039,Instruction,Right,Left,Right,Right,Right,1,0,0,0,0,NaN,NaN,NaN,NaN,NaN,NaN,NaN,NaN,1,1,1,1,1,0,880,NaN,20260803_t1352_srsSmooth_Moretraining_B011,17,NaN,67.7408951481183,13.5907475948334,NaN,NaN,NaN,0,NaN,NaN,NaN,NaN,0
20260803_t1352_srsSmooth_Moretraining,srs_smooth_Moretraining,trial1384.mat,1384,1384,880,11,123,17,78,28,50,8,1,0,1,1,10,30972,1,1,1,2,1,1,1,1,1,1,SINGLE_T1_CORRECT,10,455,1,0,5,0,0,0,123,43,123,43,80,123,1,0,180,10,180,10,170,170,NaN,NaN,NaN,1785783626.13343,16266.4717808,2.57226538658142,0.0165009498596191,0.277982473373413,0.911297798156738,1.44155693054199,1.75315451622009,1.80326533317566,1.80326533317566,-1,-1,2.10624217987061,261.481523513794,311.597585678101,50.1108169555664,361.708402633667,Instruction,Right,Left,Right,Right,Right,1,0,0,0,0,NaN,NaN,NaN,NaN,NaN,NaN,NaN,NaN,1,1,1,1,1,0,881,NaN,20260803_t1352_srsSmooth_Moretraining_B011,18,NaN,67.8008360902468,1.31181073188782,NaN,NaN,NaN,0,NaN,NaN,NaN,NaN,0
20260803_t1352_srsSmooth_Moretraining,srs_smooth_Moretraining,trial1385.mat,1385,1385,881,11,124,18,78,28,50,8,1,0,1,1,3,25677,1,1,1,2,1,1,1,1,0,0,,0,453,0,1,4,0,0,0,95,22,95,22,73,NaN,1,180,0,190,180,10,170,170,NaN,NaN,NaN,1785783630.02321,16270.36143816,1.94769048690796,0.018538236618042,0.269621133804321,0.92195200920105,1.44359421730042,-1,-1,-1,-1,-1,-1,251.082897186279,NaN,NaN,NaN,Instruction,Right,Left,None,Right,Right,1,0,0,0,0,NaN,NaN,NaN,NaN,NaN,NaN,NaN,NaN,1,1,1,1,1,0,881,NaN,20260803_t1352_srsSmooth_Moretraining_B011,NaN,NaN,67.8656657854716,1.3175163269043,NaN,NaN,NaN,0,NaN,NaN,NaN,NaN,0
20260803_t1352_srsSmooth_Moretraining,srs_smooth_Moretraining,trial1386.mat,1386,1386,881,11,125,18,78,28,50,8,1,0,4,1,39,2299,1,2,1,2,1,1,2,2,2,2,SINGLE_T2_CORRECT,11,455,1,0,2,0,0,0,91,51,91,51,40,51,1,180,190,0,10,180,-170,170,NaN,NaN,NaN,1785783633.13511,16273.47323456,2.3112690448761,0.0150949954986572,0.243429899215698,0.891876697540283,1.48182010650635,1.65770816802979,1.70161867141724,1.70161867141724,-1,-1,1.95803713798523,228.334903717041,175.888061523438,43.9105033874512,219.798564910889,Instruction,Right,Left,Left,Right,Left,1,0,0,0,0,NaN,NaN,NaN,NaN,NaN,NaN,NaN,NaN,1,1,0,1,0,0,882,NaN,20260803_t1352_srsSmooth_Moretraining_B011,19,NaN,67.9175307393074,1.16420674324036,NaN,NaN,NaN,0,NaN,NaN,NaN,NaN,0
20260803_t1352_srsSmooth_Moretraining,srs_smooth_Moretraining,trial1387.mat,1387,1387,882,11,126,19,78,28,50,8,1,0,1,1,8,8571,1,1,1,2,1,1,1,1,1,1,SINGLE_T1_CORRECT,10,455,1,0,3,0,0,0,82,64,82,64,18,82,1,0,180,10,180,10,170,170,NaN,NaN,NaN,1785783636.78356,16277.121657,2.40524101257324,0.0167911052703857,0.253384590148926,0.886582136154175,1.41684627532959,1.65274858474731,1.69319605827332,1.69319605827332,-1,-1,1.9847092628479,236.59348487854,235.902309417725,40.447473526001,276.349782943726,Instruction,Right,Left,Right,Right,Right,1,0,0,0,0,NaN,NaN,NaN,NaN,NaN,NaN,NaN,NaN,1,1,1,1,1,0,883,NaN,20260803_t1352_srsSmooth_Moretraining_B011,20,NaN,67.9783381859461,1.33717775344849,NaN,NaN,NaN,0,NaN,NaN,NaN,NaN,0
20260803_t1352_srsSmooth_Moretraining,srs_smooth_Moretraining,trial1388.mat,1388,1388,883,11,127,20,78,28,50,8,1,0,1,1,11,6967,1,1,1,2,1,1,1,1,1,1,SINGLE_T1_CORRECT,10,455,1,0,1,0,0,0,106,67,106,67,39,106,1,180,0,190,180,10,170,170,NaN,NaN,NaN,1785783640.50715,16280.84509948,2.54940581321716,0.0183475017547607,0.262920141220093,0.954644680023193,1.47673845291138,1.76897978782654,1.81146740913391,1.81146740913391,-1,-1,2.11353373527527,244.572639465332,292.241334915161,42.487621307373,334.728956222534,Instruction,Right,Left,Right,Right,Right,1,0,0,0,0,NaN,NaN,NaN,NaN,NaN,NaN,NaN,NaN,1,1,1,1,1,0,884,NaN,20260803_t1352_srsSmooth_Moretraining_B011,21,NaN,68.0403979976972,1.31834769248962,NaN,NaN,NaN,0,NaN,NaN,NaN,NaN,0
20260803_t1352_srsSmooth_Moretraining,srs_smooth_Moretraining,trial1389.mat,1389,1389,884,11,128,21,78,28,50,8,1,0,2,1,16,19449,1,1,2,1,1,2,1,2,1,2,SINGLE_T1_CORRECT,10,455,1,0,2,0,0,0,87,48,87,48,39,87,1,0,180,10,180,10,170,170,NaN,NaN,NaN,1785783644.35134,16284.68933116,2.15570712089539,0.0159683227539062,0.227053880691528,0.861011028289795,1.27435183525085,1.45827722549438,1.49145770072937,1.49145770072937,-1,-1,1.73314952850342,211.085557937622,183.92539024353,33.1804752349854,217.105865478516,Instruction,Left,Right,Left,Left,Left,1,0,0,0,0,NaN,NaN,NaN,NaN,NaN,NaN,NaN,NaN,0,0,0,1,1,0,885,NaN,20260803_t1352_srsSmooth_Moretraining_B011,22,NaN,68.1044679284096,1.29479002952576,NaN,NaN,NaN,0,NaN,NaN,NaN,NaN,0
20260803_t1352_srsSmooth_Moretraining,srs_smooth_Moretraining,trial1390.mat,1390,1390,885,11,129,22,78,28,50,8,1,0,2,1,18,25200,1,1,2,1,1,2,1,2,1,2,SINGLE_T1_CORRECT,10,455,1,0,6,0,0,0,101,45,101,45,56,101,1,180,0,190,180,10,170,170,NaN,NaN,NaN,1785783647.79398,16288.13179036,2.51232576370239,0.0151333808898926,0.30194354057312,1.06012368202209,1.54019331932068,1.78514671325684,1.82675814628601,1.82675814628601,-1,-1,2.10693645477295,286.810159683228,244.953393936157,41.6114330291748,286.564826965332,Instruction,Left,Right,Left,Left,Left,1,0,0,0,0,NaN,NaN,NaN,NaN,NaN,NaN,NaN,NaN,0,0,0,1,1,0,886,NaN,20260803_t1352_srsSmooth_Moretraining_B011,23,NaN,68.1618451952934,1.28692889213562,NaN,NaN,NaN,0,NaN,NaN,NaN,NaN,0
20260803_t1352_srsSmooth_Moretraining,srs_smooth_Moretraining,trial1391.mat,1391,1391,886,11,130,23,78,28,50,8,1,0,4,1,40,10338,1,2,1,2,1,1,2,2,2,2,SINGLE_T2_CORRECT,11,455,1,0,6,0,0,0,95,38,95,38,57,38,1,180,190,0,10,180,-170,170,NaN,NaN,NaN,1785783651.63731,16291.97504248,2.26796555519104,0.013620138168335,0.2003014087677,0.900378704071045,1.42200899124146,1.63376617431641,1.67317366600037,1.67317366600037,-1,-1,1.89224934577942,186.681270599365,211.757183074951,39.40749168396,251.164674758911,Instruction,Right,Left,Left,Right,Left,1,0,0,0,0,NaN,NaN,NaN,NaN,NaN,NaN,NaN,NaN,1,1,0,1,0,0,887,NaN,20260803_t1352_srsSmooth_Moretraining_B011,24,NaN,68.2259007096291,1.33100509643555,NaN,NaN,NaN,0,NaN,NaN,NaN,NaN,0
20260803_t1352_srsSmooth_Moretraining,srs_smooth_Moretraining,trial1392.mat,1392,1392,887,11,131,24,78,28,50,8,1,0,1,1,2,2349,1,1,1,2,1,1,1,1,1,1,SINGLE_T1_CORRECT,10,455,1,0,4,0,0,0,137,47,137,47,90,137,1,180,0,190,180,10,170,170,NaN,NaN,NaN,1785783655.21855,16295.55624284,2.38714528083801,0.0158581733703613,0.199855804443359,0.818870067596436,1.37424397468567,1.64336252212524,1.68577337265015,1.68577337265015,-1,-1,1.93417930603027,183.997631072998,269.118547439575,42.4108505249023,311.529397964478,Instruction,Right,Left,Right,Right,Right,1,0,0,0,0,NaN,NaN,NaN,NaN,NaN,NaN,NaN,NaN,1,1,1,1,1,0,888,NaN,20260803_t1352_srsSmooth_Moretraining_B011,25,NaN,68.2855879704157,1.3132700920105,NaN,NaN,NaN,0,NaN,NaN,NaN,NaN,0
20260803_t1352_srsSmooth_Moretraining,srs_smooth_Moretraining,trial1393.mat,1393,1393,888,11,132,25,78,28,50,8,1,0,3,1,29,13992,1,2,2,1,1,2,2,1,2,1,SINGLE_T2_CORRECT,11,455,1,0,4,0,0,0,100,31,100,31,69,31,1,180,190,0,10,180,-170,170,NaN,NaN,NaN,1785783658.93012,16299.26780308,2.62631130218506,0.0127661228179932,0.215832710266113,0.999262571334839,1.60449528694153,1.99032616615295,2.03069758415222,2.03069758415222,-1,-1,2.2909369468689,203.06658744812,385.830879211426,40.3714179992676,426.202297210693,Instruction,Left,Right,Right,Left,Right,1,0,0,0,0,NaN,NaN,NaN,NaN,NaN,NaN,NaN,NaN,0,0,1,1,0,0,889,NaN,20260803_t1352_srsSmooth_Moretraining_B011,26,NaN,68.3474474708239,1.32442474365234,NaN,NaN,NaN,0,NaN,NaN,NaN,NaN,0
20260803_t1352_srsSmooth_Moretraining,srs_smooth_Moretraining,trial1440.mat,1440,1440,889,11,179,26,78,28,50,8,1,0,1,1,4,19233,1,1,1,2,1,1,1,1,1,1,SINGLE_T1_CORRECT,10,455,1,0,3,0,0,0,111,57,111,57,54,111,1,0,180,10,180,10,170,170,NaN,NaN,NaN,1785784499.37434,17139.694826,2.44830894470215,0.0182878971099854,0.227416276931763,0.936777353286743,1.43501019477844,1.67141675949097,1.71972012519836,1.71972012519836,-1,-1,2.02882695198059,209.128379821777,236.406564712524,48.3033657073975,284.709930419922,Instruction,Right,Left,Right,Right,Right,1,0,0,0,0,NaN,NaN,NaN,NaN,NaN,NaN,NaN,NaN,1,1,1,1,1,0,890,NaN,20260803_t1352_srsSmooth_Moretraining_B011,27,NaN,82.3548512061437,837.817912817001,NaN,NaN,NaN,0,NaN,NaN,NaN,NaN,0
20260803_t1352_srsSmooth_Moretraining,srs_smooth_Moretraining,trial1441.mat,1441,1441,890,11,180,27,78,28,50,8,1,0,2,1,15,27655,1,1,2,1,1,2,1,2,1,2,SINGLE_T1_CORRECT,10,455,1,0,0,0,0,0,106,50,106,50,56,106,1,180,0,190,180,10,170,170,NaN,NaN,NaN,1785784503.19839,17143.51885968,2.03301930427551,0.0193874835968018,0.220450878143311,0.762139797210693,1.09442949295044,1.2957558631897,1.33707785606384,1.33707785606384,-1,-1,1.62360024452209,201.063394546509,201.326370239258,41.3219928741455,242.648363113403,Instruction,Left,Right,Left,Left,Left,1,0,0,0,0,NaN,NaN,NaN,NaN,NaN,NaN,NaN,NaN,0,0,0,1,1,0,891,NaN,20260803_t1352_srsSmooth_Moretraining_B011,28,NaN,82.4185853481293,1.37573957443237,NaN,NaN,NaN,0,NaN,NaN,NaN,NaN,0
20260803_t1352_srsSmooth_Moretraining,srs_smooth_Moretraining,trial1443.mat,1443,1443,891,11,182,28,78,28,50,8,1,0,2,1,22,134,1,1,2,1,1,2,1,2,1,2,SINGLE_T1_CORRECT,10,455,1,0,0,0,0,0,118,37,118,37,81,118,1,0,180,10,180,10,170,170,NaN,NaN,NaN,1785784508.0257,17148.34595604,2.42232155799866,0.0172686576843262,0.23503565788269,0.88503885269165,1.38398861885071,1.66001224517822,1.70206665992737,1.70206665992737,-1,-1,2.00690054893494,217.767000198364,276.023626327515,42.0544147491455,318.07804107666,Instruction,Left,Right,Left,Left,Left,1,0,0,0,0,NaN,NaN,NaN,NaN,NaN,NaN,NaN,NaN,0,0,0,1,1,0,892,NaN,20260803_t1352_srsSmooth_Moretraining_B011,29,NaN,82.4990404605865,2.79428744316101,NaN,NaN,NaN,0,NaN,NaN,NaN,NaN,0
20260803_t1352_srsSmooth_Moretraining,srs_smooth_Moretraining,trial1444.mat,1444,1444,892,11,183,29,78,28,50,8,1,0,3,1,33,6497,1,2,2,1,1,2,2,1,2,1,SINGLE_T2_CORRECT,11,455,1,0,0,0,0,0,131,48,131,48,83,48,1,0,10,180,10,180,-170,170,NaN,NaN,NaN,1785784511.7376,17152.05793616,2.16849279403687,0.0138466358184814,0.231568813323975,0.781078815460205,1.20555973052979,1.49815464019775,1.53979468345642,1.53979468345642,-1,-1,1.82537531852722,217.722177505493,292.594909667969,41.640043258667,334.234952926636,Instruction,Left,Right,Right,Left,Right,1,0,0,0,0,NaN,NaN,NaN,NaN,NaN,NaN,NaN,NaN,0,0,1,1,0,0,893,NaN,20260803_t1352_srsSmooth_Moretraining_B011,30,NaN,82.5609054605166,1.28957843780518,NaN,NaN,NaN,0,NaN,NaN,NaN,NaN,0
20260803_t1352_srsSmooth_Moretraining,srs_smooth_Moretraining,trial1445.mat,1445,1445,893,11,184,30,78,28,50,8,1,0,2,1,23,1915,1,1,2,1,1,2,1,2,1,2,SINGLE_T1_CORRECT,10,455,1,0,2,0,0,0,99,25,99,25,74,99,1,0,180,10,180,10,170,170,NaN,NaN,NaN,1785784515.22964,17155.54993928,2.36908435821533,0.0136063098907471,0.139852523803711,0.740103006362915,1.37199330329895,1.62497591972351,1.66485524177551,1.66485524177551,-1,-1,1.96816730499268,126.246213912964,252.982616424561,39.879322052002,292.861938476562,Instruction,Left,Right,Left,Left,Left,1,0,0,0,0,NaN,NaN,NaN,NaN,NaN,NaN,NaN,NaN,0,0,0,1,1,0,894,NaN,20260803_t1352_srsSmooth_Moretraining_B011,31,NaN,82.6191061854363,1.32355070114136,NaN,NaN,NaN,0,NaN,NaN,NaN,NaN,0
20260803_t1352_srsSmooth_Moretraining,srs_smooth_Moretraining,trial1446.mat,1446,1446,894,11,185,31,78,28,50,8,1,0,1,1,5,10487,1,1,1,2,1,1,1,1,1,1,SINGLE_T1_CORRECT,10,455,1,0,1,0,0,0,102,24,102,24,78,102,1,180,0,190,180,10,170,170,NaN,NaN,NaN,1785784518.93258,17159.25280696,2.51594996452332,0.0191395282745361,0.236869812011719,0.813783407211304,1.44419550895691,1.72970938682556,1.76967334747314,1.76967334747314,-1,-1,2.09009170532227,217.730283737183,285.513877868652,39.963960647583,325.477838516235,Instruction,Right,Left,Right,Right,Right,1,0,0,0,0,NaN,NaN,NaN,NaN,NaN,NaN,NaN,NaN,1,1,1,1,1,0,895,NaN,20260803_t1352_srsSmooth_Moretraining_B011,32,NaN,82.6808219313621,1.33386039733887,NaN,NaN,NaN,0,NaN,NaN,NaN,NaN,0
20260803_t1352_srsSmooth_Moretraining,srs_smooth_Moretraining,trial1447.mat,1447,1447,895,11,186,32,78,28,50,8,1,0,4,1,46,1235,1,2,1,2,1,1,2,2,0,0,,0,11,0,1,0,0,0,0,95,36,95,36,59,NaN,1,180,190,0,10,180,-170,170,NaN,NaN,NaN,1785784522.76157,17163.08175452,1.02810120582581,0.0153019428253174,0.250030994415283,0.966519355773926,-1,-1,-1,-1,-1,-1,-1,234.729051589966,NaN,NaN,NaN,Instruction,Right,Left,None,Right,Left,1,0,0,0,0,NaN,NaN,NaN,NaN,NaN,NaN,NaN,NaN,1,1,0,1,0,0,895,NaN,20260803_t1352_srsSmooth_Moretraining_B011,NaN,NaN,82.7446383754412,1.31303668022156,NaN,NaN,NaN,0,NaN,NaN,NaN,NaN,0
20260803_t1352_srsSmooth_Moretraining,srs_smooth_Moretraining,trial1473.mat,1473,1473,895,11,212,32,78,28,50,8,1,0,2,1,17,3668,1,1,2,1,1,2,1,2,0,0,,0,11,0,1,0,0,0,0,86,33,86,33,53,NaN,1,0,180,10,180,10,170,170,NaN,NaN,NaN,1785784563.17663,17203.49598696,0.138248920440674,0.0184946060180664,0.0785789489746094,-1,-1,-1,-1,-1,-1,-1,-1,60.084342956543,NaN,NaN,NaN,Instruction,Left,Right,None,Left,Left,1,0,0,0,0,NaN,NaN,NaN,NaN,NaN,NaN,NaN,NaN,0,0,0,1,1,0,895,NaN,20260803_t1352_srsSmooth_Moretraining_B011,NaN,NaN,83.4182226618131,39.3869559764862,NaN,NaN,NaN,0,NaN,NaN,NaN,NaN,0
20260803_t1352_srsSmooth_Moretraining,srs_smooth_Moretraining,trial1500.mat,1500,1500,895,11,239,32,78,28,50,8,1,0,4,1,49,19862,1,2,1,2,1,1,2,2,0,0,,0,11,0,1,1,0,0,0,102,21,102,21,81,NaN,1,180,190,0,10,180,-170,170,NaN,NaN,NaN,1785784604.01191,17244.33033536,0.213517427444458,0.018157958984375,0.129309892654419,-1,-1,-1,-1,-1,-1,-1,-1,111.151933670044,NaN,NaN,NaN,Instruction,Right,Left,None,Right,Left,1,0,0,0,0,NaN,NaN,NaN,NaN,NaN,NaN,NaN,NaN,1,1,0,1,0,0,895,NaN,20260803_t1352_srsSmooth_Moretraining_B011,NaN,NaN,84.0988106369972,40.6970295906067,NaN,NaN,NaN,0,NaN,NaN,NaN,NaN,0
20260803_t1352_srsSmooth_Moretraining,srs_smooth_Moretraining,trial1501.mat,1501,1501,895,11,240,32,78,28,50,8,1,0,1,1,1,19982,1,1,1,2,1,1,1,1,1,1,SINGLE_T1_CORRECT,10,455,1,0,1,0,0,0,85,47,85,47,38,85,1,180,0,190,180,10,170,170,NaN,NaN,NaN,1785784605.40663,17245.72502196,2.50359773635864,0.0151576995849609,0.242394924163818,0.916114330291748,1.54021883010864,1.81776738166809,1.8576717376709,1.8576717376709,-1,-1,2.11884903907776,227.237224578857,277.548551559448,39.9043560028076,317.452907562256,Instruction,Right,Left,Right,Right,Right,1,0,0,0,0,NaN,NaN,NaN,NaN,NaN,NaN,NaN,NaN,1,1,1,1,1,0,896,NaN,20260803_t1352_srsSmooth_Moretraining_B011,33,NaN,84.1220559954643,1.18120408058167,NaN,NaN,NaN,0,NaN,NaN,NaN,NaN,0
20260803_t1352_srsSmooth_Moretraining,srs_smooth_Moretraining,trial1502.mat,1502,1502,896,11,241,33,78,28,50,8,1,0,3,1,26,12002,1,2,2,1,1,2,2,1,2,1,SINGLE_T2_CORRECT,11,455,1,0,1,0,0,0,93,35,93,35,58,35,1,0,10,180,10,180,-170,170,NaN,NaN,NaN,1785784609.23224,17249.5505354,2.55293035507202,0.0146968364715576,0.240659952163696,1.02429556846619,1.63976097106934,1.92452359199524,1.96609020233154,1.96609020233154,-1,-1,2.217613697052,225.963115692139,284.762620925903,41.5666103363037,326.329231262207,Instruction,Left,Right,Right,Left,Right,1,0,0,0,0,NaN,NaN,NaN,NaN,NaN,NaN,NaN,NaN,0,0,1,1,0,0,897,NaN,20260803_t1352_srsSmooth_Moretraining_B011,34,NaN,84.1858162085215,1.32201504707336,NaN,NaN,NaN,0,NaN,NaN,NaN,NaN,0
20260803_t1352_srsSmooth_Moretraining,srs_smooth_Moretraining,trial1503.mat,1503,1503,897,11,242,34,78,28,50,8,1,0,4,1,46,1235,1,2,1,2,1,1,2,2,2,2,SINGLE_T2_CORRECT,11,455,1,0,3,0,0,0,109,16,109,16,93,16,1,0,10,180,10,180,-170,170,NaN,NaN,NaN,1785784613.11468,17253.4328356,2.00337171554565,0.0157442092895508,0.16899561882019,0.758676290512085,1.10745334625244,1.36705851554871,1.40017628669739,1.40017628669739,-1,-1,1.65472269058228,153.25140953064,259.605169296265,33.1177711486816,292.722940444946,Instruction,Right,Left,Left,Right,Left,1,0,0,0,0,NaN,NaN,NaN,NaN,NaN,NaN,NaN,NaN,1,1,0,1,0,0,898,NaN,20260803_t1352_srsSmooth_Moretraining_B011,35,NaN,84.2505235354106,1.32950925827026,NaN,NaN,NaN,0,NaN,NaN,NaN,NaN,0
20260803_t1352_srsSmooth_Moretraining,srs_smooth_Moretraining,trial1529.mat,1529,1529,898,11,268,35,78,28,50,8,1,0,2,1,21,10605,1,1,2,1,1,2,1,2,0,0,,0,454,0,1,0,0,0,0,98,52,98,52,46,NaN,1,0,180,10,180,10,170,170,NaN,NaN,NaN,1785784657.88045,17298.19765356,1.23122811317444,0.0184142589569092,0.203170776367188,0.730105638504028,1.09345722198486,1.1024181842804,-1,-1,-1,-1,-1,184.756517410278,8.96096229553223,NaN,NaN,Instruction,Left,Right,None,Left,Left,1,0,0,0,0,NaN,NaN,NaN,NaN,NaN,NaN,NaN,NaN,0,0,0,1,1,0,898,NaN,20260803_t1352_srsSmooth_Moretraining_B011,NaN,NaN,84.9966197530429,42.762401342392,NaN,NaN,NaN,0,NaN,NaN,NaN,NaN,0
20260803_t1352_srsSmooth_Moretraining,srs_smooth_Moretraining,trial1544.mat,1544,1544,898,11,283,35,78,28,50,8,1,0,2,1,21,10605,1,1,2,1,1,2,1,2,1,2,SINGLE_T1_CORRECT,10,455,1,0,4,0,0,0,107,47,107,47,60,107,1,0,180,10,180,10,170,170,NaN,NaN,NaN,1785784681.96547,17322.28230316,2.50624060630798,0.0176920890808105,0.252289056777954,1.02939605712891,1.51775193214417,1.74611330032349,1.78779220581055,1.78779220581055,-1,-1,2.09658789634705,234.596967697144,228.361368179321,41.6789054870605,270.040273666382,Instruction,Left,Right,Left,Left,Left,1,0,0,0,0,NaN,NaN,NaN,NaN,NaN,NaN,NaN,NaN,0,0,0,1,1,0,899,NaN,20260803_t1352_srsSmooth_Moretraining_B011,36,NaN,85.3980366706848,22.853786945343,NaN,NaN,NaN,0,NaN,NaN,NaN,NaN,0
20260803_t1352_srsSmooth_Moretraining,srs_smooth_Moretraining,trial1545.mat,1545,1545,899,11,284,36,78,28,50,8,1,0,4,1,50,3248,1,2,1,2,1,1,2,2,2,2,SINGLE_T2_CORRECT,11,455,1,0,2,0,0,0,94,37,94,37,57,37,1,0,10,180,10,180,-170,170,NaN,NaN,NaN,1785784685.80549,17326.12234136,2.40834283828735,0.011155366897583,0.222486972808838,0.914593696594238,1.45288038253784,1.72309994697571,1.76226282119751,1.76226282119751,-1,-1,2.04031872749329,211.331605911255,270.219564437866,39.1628742218018,309.382438659668,Instruction,Right,Left,Left,Right,Left,1,0,0,0,0,NaN,NaN,NaN,NaN,NaN,NaN,NaN,NaN,1,1,0,1,0,0,900,NaN,20260803_t1352_srsSmooth_Moretraining_B011,37,NaN,85.462037050724,1.33378219604492,NaN,NaN,NaN,0,NaN,NaN,NaN,NaN,0
20260803_t1352_srsSmooth_Moretraining,srs_smooth_Moretraining,trial1584.mat,1584,1584,900,11,323,37,78,28,50,8,1,0,2,1,19,8070,1,1,2,1,1,2,1,2,1,2,SINGLE_T1_CORRECT,10,455,1,0,2,0,0,0,143,1,143,1,142,143,1,0,180,10,180,10,170,170,NaN,NaN,NaN,1785784747.80449,17388.11990284,2.39455103874207,0.0145919322967529,0.275613307952881,0.834651947021484,1.34797668457031,1.59908032417297,1.64088559150696,1.64088559150696,-1,-1,1.95003604888916,261.021375656128,251.103639602661,41.8052673339844,292.908906936646,Instruction,Left,Right,Left,Left,Left,1,0,0,0,0,NaN,NaN,NaN,NaN,NaN,NaN,NaN,NaN,0,0,0,1,1,0,901,NaN,20260803_t1352_srsSmooth_Moretraining_B011,38,NaN,86.4953537066778,59.5906565189362,NaN,NaN,NaN,0,NaN,NaN,NaN,NaN,0
20260803_t1352_srsSmooth_Moretraining,srs_smooth_Moretraining,trial1585.mat,1585,1585,901,11,324,38,78,28,50,8,1,0,1,1,9,23424,1,1,1,2,1,1,1,1,1,1,SINGLE_T1_CORRECT,10,455,1,0,2,0,0,0,120,43,120,43,77,120,1,180,0,190,180,10,170,170,NaN,NaN,NaN,1785784751.52466,17391.84005436,2.44166898727417,0.01123046875,0.25394082069397,1.02922105789185,1.41961860656738,1.71354269981384,1.75381183624268,1.75381183624268,-1,-1,2.00528311729431,242.71035194397,293.92409324646,40.269136428833,334.193229675293,Instruction,Right,Left,Right,Right,Right,1,0,0,0,0,NaN,NaN,NaN,NaN,NaN,NaN,NaN,NaN,1,1,1,1,1,0,902,NaN,20260803_t1352_srsSmooth_Moretraining_B011,39,NaN,86.5573565800985,1.32562136650085,NaN,NaN,NaN,0,NaN,NaN,NaN,NaN,0
20260803_t1352_srsSmooth_Moretraining,srs_smooth_Moretraining,trial1587.mat,1587,1587,902,11,326,39,78,28,50,8,1,0,1,1,6,4577,1,1,1,2,1,1,1,1,0,0,,0,11,0,1,3,0,0,0,127,24,127,24,103,NaN,1,0,180,10,180,10,170,170,NaN,NaN,NaN,1785784756.77256,17397.08766908,1.45921492576599,0.0135402679443359,0.174822568893433,0.891749620437622,-1,-1,-1,-1,-1,-1,-1,161.282300949097,NaN,NaN,NaN,Instruction,Right,Left,None,Right,Right,1,0,0,0,0,NaN,NaN,NaN,NaN,NaN,NaN,NaN,NaN,1,1,1,1,1,0,902,NaN,20260803_t1352_srsSmooth_Moretraining_B011,NaN,NaN,86.64482148091,2.80622506141663,NaN,NaN,NaN,0,NaN,NaN,NaN,NaN,0
