SessionID,ExperimentType,FileName,FileTrialIndex,Attempt,GoodTrialIndexBefore,Block,BlockAttempt,BlockGoodBefore,ExpectedTrialsInBlock,ExpectedChoiceTrialsInBlock,ExpectedInstructionTrialsInBlock,TotalBlocksTarget,BlockRichTarget,TrialType,ConditionID,SchedulePhase,CurrentScheduleRow,TrialSeed,NStim,SingleTargetID,T1Side,T2Side,RichTarget,RichSide,HighSalienceTarget,HighSalienceSide,ChosenTarget,ChosenSide,Outcome,OutcomeCode,TrialEndState,GoodTrial,TrialRepeatFlag,MissedFrames,PassEye,PassJoy,MouseEyeSim,RewardT1Ms,RewardT2Ms,ActualRichRewardMs,ActualPoorRewardMs,RewardDifferenceT1MinusT2Ms,ChosenRewardMs,SalienceType,BackgroundHueDeg,HueT1Deg,HueT2Deg,HueContrastT1Deg,HueContrastT2Deg,HueContrastDifferenceT1MinusT2Deg,HueContrastMagnitudeDeg,MeasuredLuminanceT1CdM2,MeasuredLuminanceT2CdM2,MeasuredLuminanceDifferenceT1MinusT2CdM2,TrialStartPTB,TrialStartDP,TrialDurationSec,FixOnSec,FixAcquiredSec,FixHoldReqMetSec,FixOffSec,SaccadeOnsetSec,SaccadeOffsetSec,TargetAcquiredSec,JoyPressSec,JoyReleaseSec,RewardTimeSec,FixAcquisitionLatencyMs,ReactionTimeMs,SaccadeDurationMs,TargetAcquisitionLatencyMs,TrialTypeLabel,T1SideLabel,T2SideLabel,ChosenSideLabel,RichSideLabel,HighSalienceSideLabel,IsInstruction,IsChoice,IsCongruent,IsConflict,GoodChoice,ChoseRight,ChoseT1,ChoseRich,ChoseHighSalience,ChoseLeft,ChoseT2,ChosePoor,ChoseLowSalience,T1OnRight,RichOnRight,HighSalienceOnRight,T1IsRich,T1IsHighSalience,ChoiceMappingValid,GoodTrialOrdinal,ChoiceOrdinal,BlockUID,GoodTrialInBlock,ChoiceInBlock,SessionElapsedMin,PreTrialIntervalSec,PreviousChosenTarget,PreviousChosenSide,PreviousRewardMs,PreviousChoiceSameBlock,SwitchedTarget,SwitchedSide,StayedTarget,StayedSide,RealEyeChoice
20260731_t1356_srsSmooth_Moretraining,srs_smooth_Moretraining,trial0001.mat,1,1,0,1,1,0,68,28,40,8,1,0,2,1,16,10545,1,1,2,1,1,2,1,2,1,2,SINGLE_T1_CORRECT,10,455,1,0,1,0,0,0,89,36,89,36,53,89,1,0,180,10,180,10,170,170,NaN,NaN,NaN,1785520647.74096,12469.87758044,2.24505710601807,0.0268936157226562,0.244033813476562,0.886055469512939,1.28527665138245,1.54442691802979,1.58580684661865,1.58580684661865,-1,-1,1.83893489837646,217.140197753906,259.150266647339,41.3799285888672,300.530195236206,Instruction,Left,Right,Left,Left,Left,1,0,0,0,0,NaN,NaN,NaN,NaN,NaN,NaN,NaN,NaN,0,0,0,1,1,0,1,NaN,20260731_t1356_srsSmooth_Moretraining_B001,1,NaN,0,NaN,NaN,NaN,NaN,0,NaN,NaN,NaN,NaN,0
20260731_t1356_srsSmooth_Moretraining,srs_smooth_Moretraining,trial0002.mat,2,2,1,1,2,1,68,28,40,8,1,0,1,1,4,28340,1,1,1,2,1,1,1,1,0,0,,0,11,0,1,0,0,0,0,98,56,98,56,42,NaN,1,0,180,10,180,10,170,170,NaN,NaN,NaN,1785520667.49324,12489.62950056,0.245765447616577,0.0170598030090332,0.192466497421265,-1,-1,-1,-1,-1,-1,-1,-1,175.406694412231,NaN,NaN,NaN,Instruction,Right,Left,None,Right,Right,1,0,0,0,0,NaN,NaN,NaN,NaN,NaN,NaN,NaN,NaN,1,1,1,1,1,0,1,NaN,20260731_t1356_srsSmooth_Moretraining_B001,NaN,NaN,0.329204579194387,17.5072176456451,NaN,NaN,NaN,0,NaN,NaN,NaN,NaN,0
20260731_t1356_srsSmooth_Moretraining,srs_smooth_Moretraining,trial0003.mat,3,3,1,1,3,1,68,28,40,8,1,0,1,1,6,5604,1,1,1,2,1,1,1,1,1,1,SINGLE_T1_CORRECT,10,455,1,0,0,0,0,0,103,27,103,27,76,103,1,180,0,190,180,10,170,170,NaN,NaN,NaN,1785520669.0266,12491.16273916,2.18060278892517,0.0170941352844238,0.20949125289917,0.83458948135376,1.20047426223755,1.43468070030212,1.47600889205933,1.47600889205933,-1,-1,1.77868127822876,192.397117614746,234.206438064575,41.3281917572021,275.534629821777,Instruction,Right,Left,Right,Right,Right,1,0,0,0,0,NaN,NaN,NaN,NaN,NaN,NaN,NaN,NaN,1,1,1,1,1,0,2,NaN,20260731_t1356_srsSmooth_Moretraining_B001,2,NaN,0.35476055542628,1.287593126297,NaN,NaN,NaN,0,NaN,NaN,NaN,NaN,0
20260731_t1356_srsSmooth_Moretraining,srs_smooth_Moretraining,trial0004.mat,4,4,2,1,4,2,68,28,40,8,1,0,4,1,36,4886,1,2,1,2,1,1,2,2,2,2,SINGLE_T2_CORRECT,11,455,1,0,0,0,0,0,98,36,98,36,62,36,1,180,190,0,10,180,-170,170,NaN,NaN,NaN,1785520672.65515,12494.79112904,2.05189800262451,0.0136826038360596,0.272417306900024,0.805830240249634,1.17206168174744,1.38923215866089,1.43083000183105,1.43083000183105,-1,-1,1.71702408790588,258.734703063965,217.170476913452,41.597843170166,258.768320083618,Instruction,Right,Left,Left,Right,Left,1,0,0,0,0,NaN,NaN,NaN,NaN,NaN,NaN,NaN,NaN,1,1,0,1,0,0,3,NaN,20260731_t1356_srsSmooth_Moretraining_B001,3,NaN,0.415236449241638,1.44795083999634,NaN,NaN,NaN,0,NaN,NaN,NaN,NaN,0
20260731_t1356_srsSmooth_Moretraining,srs_smooth_Moretraining,trial0005.mat,5,5,3,1,5,3,68,28,40,8,1,0,1,1,4,28340,1,1,1,2,1,1,1,1,1,1,SINGLE_T1_CORRECT,10,455,1,0,0,0,0,0,87,38,87,38,49,87,1,180,0,190,180,10,170,170,NaN,NaN,NaN,1785520676.08563,12498.22162008,2.16439175605774,0.0166728496551514,0.275528430938721,0.825625419616699,1.21671962738037,1.5006787776947,1.54220914840698,1.54220914840698,-1,-1,1.77258706092834,258.855581283569,283.959150314331,41.5303707122803,325.489521026611,Instruction,Right,Left,Right,Right,Right,1,0,0,0,0,NaN,NaN,NaN,NaN,NaN,NaN,NaN,NaN,1,1,1,1,1,0,4,NaN,20260731_t1356_srsSmooth_Moretraining_B001,4,NaN,0.472411080201467,1.37857985496521,NaN,NaN,NaN,0,NaN,NaN,NaN,NaN,0
20260731_t1356_srsSmooth_Moretraining,srs_smooth_Moretraining,trial0006.mat,6,6,4,1,6,4,68,28,40,8,1,0,2,1,19,12043,1,1,2,1,1,2,1,2,1,2,SINGLE_T1_CORRECT,10,455,1,0,0,0,0,0,98,45,98,45,53,98,1,0,180,10,180,10,170,170,NaN,NaN,NaN,1785520679.6031,12501.73893816,2.39559435844421,0.0160057544708252,0.266700029373169,0.900090217590332,1.29938960075378,1.66660618782043,1.70841121673584,1.70841121673584,-1,-1,1.99606442451477,250.694274902344,367.21658706665,41.8050289154053,409.021615982056,Instruction,Left,Right,Left,Left,Left,1,0,0,0,0,NaN,NaN,NaN,NaN,NaN,NaN,NaN,NaN,0,0,0,1,1,0,5,NaN,20260731_t1356_srsSmooth_Moretraining_B001,5,NaN,0.531035614013672,1.35308027267456,NaN,NaN,NaN,0,NaN,NaN,NaN,NaN,0
20260731_t1356_srsSmooth_Moretraining,srs_smooth_Moretraining,trial0007.mat,7,7,5,1,7,5,68,28,40,8,1,0,3,1,25,28104,1,2,2,1,1,2,2,1,2,1,SINGLE_T2_CORRECT,11,455,1,0,0,0,0,0,111,59,111,59,52,59,1,180,190,0,10,180,-170,170,NaN,NaN,NaN,1785520683.2897,12505.42566076,2.08416700363159,0.0128798484802246,0.230096578598022,0.738446712493896,1.12125682830811,1.38845992088318,1.43017196655273,1.43017196655273,-1,-1,1.72382164001465,217.216730117798,267.203092575073,41.7120456695557,308.915138244629,Instruction,Left,Right,Right,Left,Right,1,0,0,0,0,NaN,NaN,NaN,NaN,NaN,NaN,NaN,NaN,0,0,1,1,0,0,6,NaN,20260731_t1356_srsSmooth_Moretraining_B001,6,NaN,0.592479010423025,1.29100942611694,NaN,NaN,NaN,0,NaN,NaN,NaN,NaN,0
20260731_t1356_srsSmooth_Moretraining,srs_smooth_Moretraining,trial0008.mat,8,8,6,1,8,6,68,28,40,8,1,0,2,1,14,3035,1,1,2,1,1,2,1,2,1,2,SINGLE_T1_CORRECT,10,455,1,0,0,0,0,0,87,25,87,25,62,87,1,180,0,190,180,10,170,170,NaN,NaN,NaN,1785520686.67145,12508.80714484,2.29398441314697,0.0145988464355469,0.248535633087158,0.998409032821655,1.34798502922058,1.62340903282166,1.65690898895264,1.65690898895264,-1,-1,1.90875625610352,233.936786651611,275.424003601074,33.4999561309814,308.923959732056,Instruction,Left,Right,Left,Left,Left,1,0,0,0,0,NaN,NaN,NaN,NaN,NaN,NaN,NaN,NaN,0,0,0,1,1,0,7,NaN,20260731_t1356_srsSmooth_Moretraining_B001,7,NaN,0.648841460545858,1.2975800037384,NaN,NaN,NaN,0,NaN,NaN,NaN,NaN,0
20260731_t1356_srsSmooth_Moretraining,srs_smooth_Moretraining,trial0009.mat,9,9,7,1,9,7,68,28,40,8,1,0,1,1,2,16517,1,1,1,2,1,1,1,1,1,1,SINGLE_T1_CORRECT,10,455,1,0,1,0,0,0,103,40,103,40,63,103,1,0,180,10,180,10,170,170,NaN,NaN,NaN,1785520690.24425,12512.37981968,2.29627561569214,0.0169434547424316,0.226068258285522,0.950982332229614,1.37533068656921,1.62600088119507,1.66741704940796,1.66741704940796,-1,-1,1.89426946640015,209.124803543091,250.670194625854,41.4161682128906,292.086362838745,Instruction,Right,Left,Right,Right,Right,1,0,0,0,0,NaN,NaN,NaN,NaN,NaN,NaN,NaN,NaN,1,1,1,1,1,0,8,NaN,20260731_t1356_srsSmooth_Moretraining_B001,8,NaN,0.708388046423594,1.27881073951721,NaN,NaN,NaN,0,NaN,NaN,NaN,NaN,0
20260731_t1356_srsSmooth_Moretraining,srs_smooth_Moretraining,trial0010.mat,10,10,8,1,10,8,68,28,40,8,1,0,3,1,27,13039,1,2,2,1,1,2,2,1,2,1,SINGLE_T2_CORRECT,11,455,1,0,0,0,0,0,99,34,99,34,65,34,1,0,10,180,10,180,-170,170,NaN,NaN,NaN,1785520693.83673,12515.97237364,2.00546026229858,0.0162661075592041,0.267114162445068,0.791937351226807,1.13297700881958,1.3918993473053,1.42534971237183,1.42534971237183,-1,-1,1.66916751861572,250.848054885864,258.922338485718,33.4503650665283,292.372703552246,Instruction,Left,Right,Right,Left,Right,1,0,0,0,0,NaN,NaN,NaN,NaN,NaN,NaN,NaN,NaN,0,0,1,1,0,0,9,NaN,20260731_t1356_srsSmooth_Moretraining_B001,9,NaN,0.768262807528178,1.29621005058289,NaN,NaN,NaN,0,NaN,NaN,NaN,NaN,0
20260731_t1356_srsSmooth_Moretraining,srs_smooth_Moretraining,trial0011.mat,11,11,9,1,11,9,68,28,40,8,1,0,2,1,20,868,1,1,2,1,1,2,1,2,1,2,SINGLE_T1_CORRECT,10,455,1,0,0,0,0,0,73,45,73,45,28,73,1,0,180,10,180,10,170,170,NaN,NaN,NaN,1785520697.16045,12519.29611124,2.2734112739563,0.0176782608032227,0.243088483810425,0.818176746368408,1.1760573387146,1.58509182929993,1.62693357467651,1.62693357467651,-1,-1,1.89538526535034,225.410223007202,409.034490585327,41.8417453765869,450.876235961914,Instruction,Left,Right,Left,Left,Left,1,0,0,0,0,NaN,NaN,NaN,NaN,NaN,NaN,NaN,NaN,0,0,0,1,1,0,10,NaN,20260731_t1356_srsSmooth_Moretraining_B001,10,NaN,0.823658120632172,1.31825852394104,NaN,NaN,NaN,0,NaN,NaN,NaN,NaN,0
20260731_t1356_srsSmooth_Moretraining,srs_smooth_Moretraining,trial0012.mat,12,12,10,1,12,10,68,28,40,8,1,0,4,1,39,16228,1,2,1,2,1,1,2,2,2,2,SINGLE_T2_CORRECT,11,455,1,0,0,0,0,0,107,41,107,41,66,41,1,180,190,0,10,180,-170,170,NaN,NaN,NaN,1785520700.71784,12522.85341176,2.31542062759399,0.0187602043151855,0.227805376052856,0.994378805160522,1.37714719772339,1.64432835578918,1.67772459983826,1.67772459983826,-1,-1,1.97160530090332,209.045171737671,267.181158065796,33.3962440490723,300.577402114868,Instruction,Right,Left,Left,Right,Left,1,0,0,0,0,NaN,NaN,NaN,NaN,NaN,NaN,NaN,NaN,1,1,0,1,0,0,11,NaN,20260731_t1356_srsSmooth_Moretraining_B001,11,NaN,0.882947973410289,1.28397989273071,NaN,NaN,NaN,0,NaN,NaN,NaN,NaN,0
20260731_t1356_srsSmooth_Moretraining,srs_smooth_Moretraining,trial0014.mat,14,14,11,1,14,11,68,28,40,8,1,0,3,1,26,24531,1,2,2,1,1,2,2,1,2,1,SINGLE_T2_CORRECT,11,455,1,0,0,0,0,0,97,39,97,39,58,39,1,180,190,0,10,180,-170,170,NaN,NaN,NaN,1785520705.80629,12527.94166168,2.25932717323303,0.0138454437255859,0.189666986465454,0.981484174728394,1.34723138809204,1.58951210975647,1.62309169769287,1.62309169769287,-1,-1,1.91585636138916,175.821542739868,242.280721664429,33.5795879364014,275.86030960083,Instruction,Left,Right,Right,Left,Right,1,0,0,0,0,NaN,NaN,NaN,NaN,NaN,NaN,NaN,NaN,0,0,1,1,0,0,12,NaN,20260731_t1356_srsSmooth_Moretraining_B001,12,NaN,0.96775545279185,2.77302813529968,NaN,NaN,NaN,0,NaN,NaN,NaN,NaN,0
20260731_t1356_srsSmooth_Moretraining,srs_smooth_Moretraining,trial0015.mat,15,15,12,1,15,12,68,28,40,8,1,0,1,1,7,29765,1,1,1,2,1,1,1,1,1,1,SINGLE_T1_CORRECT,10,455,1,0,0,0,0,0,87,55,87,55,32,87,1,180,0,190,180,10,170,170,NaN,NaN,NaN,1785520709.35264,12531.48805036,2.22239685058594,0.0176312923431396,0.276825428009033,0.809799671173096,1.22601222991943,1.53505730628967,1.5686240196228,1.5686240196228,-1,-1,1.8374011516571,259.194135665894,309.045076370239,33.5667133331299,342.611789703369,Instruction,Right,Left,Right,Right,Right,1,0,0,0,0,NaN,NaN,NaN,NaN,NaN,NaN,NaN,NaN,1,1,1,1,1,0,13,NaN,20260731_t1356_srsSmooth_Moretraining_B001,13,NaN,1.02686135371526,1.28702688217163,NaN,NaN,NaN,0,NaN,NaN,NaN,NaN,0
20260731_t1356_srsSmooth_Moretraining,srs_smooth_Moretraining,trial0016.mat,16,16,13,1,16,13,68,28,40,8,1,0,2,1,11,9427,1,1,2,1,1,2,1,2,1,2,SINGLE_T1_CORRECT,10,455,1,0,0,0,0,0,96,45,96,45,51,96,1,180,0,190,180,10,170,170,NaN,NaN,NaN,1785520712.84256,12534.97791912,2.21499800682068,0.0111894607543945,0.186696290969849,0.753450155258179,1.13623452186584,1.4785578250885,1.52002477645874,1.52002477645874,-1,-1,1.82155752182007,175.506830215454,342.323303222656,41.4669513702393,383.790254592896,Instruction,Left,Right,Left,Left,Left,1,0,0,0,0,NaN,NaN,NaN,NaN,NaN,NaN,NaN,NaN,0,0,0,1,1,0,14,NaN,20260731_t1356_srsSmooth_Moretraining_B001,14,NaN,1.08502655029297,1.26751494407654,NaN,NaN,NaN,0,NaN,NaN,NaN,NaN,0
20260731_t1356_srsSmooth_Moretraining,srs_smooth_Moretraining,trial0018.mat,18,18,14,1,18,14,68,28,40,8,1,0,3,1,23,21800,1,2,2,1,1,2,2,1,2,1,SINGLE_T2_CORRECT,11,455,1,0,0,0,0,0,100,31,100,31,69,31,1,180,190,0,10,180,-170,170,NaN,NaN,NaN,1785520717.79058,12539.92573776,2.40132164955139,0.0133590698242188,0.272455930709839,1.0559139251709,1.48841786384583,1.78098082542419,1.81386804580688,1.81386804580688,-1,-1,2.06557106971741,259.09686088562,292.562961578369,32.8872203826904,325.45018196106,Instruction,Left,Right,Right,Left,Right,1,0,0,0,0,NaN,NaN,NaN,NaN,NaN,NaN,NaN,NaN,0,0,1,1,0,0,15,NaN,20260731_t1356_srsSmooth_Moretraining_B001,15,NaN,1.16749364535014,2.7330276966095,NaN,NaN,NaN,0,NaN,NaN,NaN,NaN,0
20260731_t1356_srsSmooth_Moretraining,srs_smooth_Moretraining,trial0019.mat,19,19,15,1,19,15,68,28,40,8,1,0,4,1,40,8493,1,2,1,2,1,1,2,2,2,2,SINGLE_T2_CORRECT,11,455,1,0,0,0,0,0,86,55,86,55,31,55,1,0,10,180,10,180,-170,170,NaN,NaN,NaN,1785520721.45419,12543.58923828,2.27071571350098,0.0165627002716064,0.266911506652832,1.00043392181396,1.39995074272156,1.65891265869141,1.69220066070557,1.69220066070557,-1,-1,1.91061925888062,250.348806381226,258.961915969849,33.2880020141602,292.249917984009,Instruction,Right,Left,Left,Right,Left,1,0,0,0,0,NaN,NaN,NaN,NaN,NaN,NaN,NaN,NaN,1,1,0,1,0,0,16,NaN,20260731_t1356_srsSmooth_Moretraining_B001,16,NaN,1.22855377991994,1.26228642463684,NaN,NaN,NaN,0,NaN,NaN,NaN,NaN,0
20260731_t1356_srsSmooth_Moretraining,srs_smooth_Moretraining,trial0020.mat,20,20,16,1,20,16,68,28,40,8,1,0,3,1,24,16313,1,2,2,1,1,2,2,1,2,1,SINGLE_T2_CORRECT,11,455,1,0,0,0,0,0,95,43,95,43,52,43,1,0,10,180,10,180,-170,170,NaN,NaN,NaN,1785520725.00914,12547.14416024,2.29068231582642,0.0117545127868652,0.254114627838135,0.945601463317871,1.32847213745117,1.60391783714294,1.64592409133911,1.64592409133911,-1,-1,1.94726252555847,242.36011505127,275.445699691772,42.006254196167,317.451953887939,Instruction,Left,Right,Right,Left,Right,1,0,0,0,0,NaN,NaN,NaN,NaN,NaN,NaN,NaN,NaN,0,0,1,1,0,0,17,NaN,20260731_t1356_srsSmooth_Moretraining_B001,17,NaN,1.28780291875203,1.28423261642456,NaN,NaN,NaN,0,NaN,NaN,NaN,NaN,0
20260731_t1356_srsSmooth_Moretraining,srs_smooth_Moretraining,trial0022.mat,22,22,17,1,22,17,68,28,40,8,1,0,3,1,21,24232,1,2,2,1,1,2,2,1,2,1,SINGLE_T2_CORRECT,11,455,1,0,0,0,0,0,103,33,103,33,70,33,1,180,190,0,10,180,-170,170,NaN,NaN,NaN,1785520730.06936,12552.2042878,2.05571627616882,0.0184025764465332,0.252172231674194,0.869097232818604,1.21011662483215,1.4522500038147,1.49402022361755,1.49402022361755,-1,-1,1.72121071815491,233.769655227661,242.133378982544,41.7702198028564,283.9035987854,Instruction,Left,Right,Right,Left,Right,1,0,0,0,0,NaN,NaN,NaN,NaN,NaN,NaN,NaN,NaN,0,0,1,1,0,0,18,NaN,20260731_t1356_srsSmooth_Moretraining_B001,18,NaN,1.37213988304138,2.76953554153442,NaN,NaN,NaN,0,NaN,NaN,NaN,NaN,0
20260731_t1356_srsSmooth_Moretraining,srs_smooth_Moretraining,trial0035.mat,35,35,18,1,35,18,68,28,40,8,1,0,3,1,22,10646,1,2,2,1,1,2,2,1,2,1,SINGLE_T2_CORRECT,11,455,1,0,0,0,0,0,87,61,87,61,26,61,1,0,10,180,10,180,-170,170,NaN,NaN,NaN,1785520751.08211,12573.21668148,2.21151232719421,0.0148074626922607,0.223677635192871,0.890398025512695,1.29819130897522,1.5403904914856,1.57377886772156,1.57377886772156,-1,-1,1.85041952133179,208.87017250061,242.199182510376,33.3883762359619,275.587558746338,Instruction,Left,Right,Right,Left,Right,1,0,0,0,0,NaN,NaN,NaN,NaN,NaN,NaN,NaN,NaN,0,0,1,1,0,0,19,NaN,20260731_t1356_srsSmooth_Moretraining_B001,19,NaN,1.72235245307287,18.9570379257202,NaN,NaN,NaN,0,NaN,NaN,NaN,NaN,0
20260731_t1356_srsSmooth_Moretraining,srs_smooth_Moretraining,trial0036.mat,36,36,19,1,36,19,68,28,40,8,1,0,4,1,33,6362,1,2,1,2,1,1,2,2,2,2,SINGLE_T2_CORRECT,11,455,1,0,0,0,0,0,114,32,114,32,82,32,1,180,190,0,10,180,-170,170,NaN,NaN,NaN,1785520754.55702,12576.69155056,2.23652863502502,0.0150315761566162,0.273868083953857,0.923882246017456,1.36508464813232,1.6156005859375,1.65721487998962,1.65721487998962,-1,-1,1.90113186836243,258.836507797241,250.515937805176,41.614294052124,292.1302318573,Instruction,Right,Left,Left,Right,Left,1,0,0,0,0,NaN,NaN,NaN,NaN,NaN,NaN,NaN,NaN,1,1,0,1,0,0,20,NaN,20260731_t1356_srsSmooth_Moretraining_B001,20,NaN,1.78026764790217,1.26339936256409,NaN,NaN,NaN,0,NaN,NaN,NaN,NaN,0
20260731_t1356_srsSmooth_Moretraining,srs_smooth_Moretraining,trial0037.mat,37,37,20,1,37,20,68,28,40,8,1,0,3,1,29,19128,1,2,2,1,1,2,2,1,2,1,SINGLE_T2_CORRECT,11,455,1,0,0,0,0,0,83,42,83,42,41,42,1,0,10,180,10,180,-170,170,NaN,NaN,NaN,1785520758.05564,12580.19008552,2.29803872108459,0.0165495872497559,0.250417470932007,1.00903034210205,1.36660194396973,1.62571811676025,1.65871357917786,1.65871357917786,-1,-1,1.95306777954102,233.867883682251,259.116172790527,32.9954624176025,292.11163520813,Instruction,Left,Right,Right,Left,Right,1,0,0,0,0,NaN,NaN,NaN,NaN,NaN,NaN,NaN,NaN,0,0,1,1,0,0,21,NaN,20260731_t1356_srsSmooth_Moretraining_B001,21,NaN,1.83857796192169,1.26209020614624,NaN,NaN,NaN,0,NaN,NaN,NaN,NaN,0
20260731_t1356_srsSmooth_Moretraining,srs_smooth_Moretraining,trial0038.mat,38,38,21,1,38,21,68,28,40,8,1,0,2,1,12,28867,1,1,2,1,1,2,1,2,1,2,SINGLE_T1_CORRECT,10,455,1,0,0,0,0,0,116,30,116,30,86,116,1,0,180,10,180,10,170,170,NaN,NaN,NaN,1785520761.62873,12583.76288372,2.36447906494141,0.0185995101928711,0.244280815124512,1.03575873374939,1.38531947135925,1.66083598136902,1.70273995399475,1.70273995399475,-1,-1,1.94619297981262,225.681304931641,275.516510009766,41.9039726257324,317.420482635498,Instruction,Left,Right,Left,Left,Left,1,0,0,0,0,NaN,NaN,NaN,NaN,NaN,NaN,NaN,NaN,0,0,0,1,1,0,22,NaN,20260731_t1356_srsSmooth_Moretraining_B001,22,NaN,1.89812945127487,1.2750506401062,NaN,NaN,NaN,0,NaN,NaN,NaN,NaN,0
20260731_t1356_srsSmooth_Moretraining,srs_smooth_Moretraining,trial0039.mat,39,39,22,1,39,22,68,28,40,8,1,0,4,1,37,25622,1,2,1,2,1,1,2,2,2,2,SINGLE_T2_CORRECT,11,455,1,0,0,0,0,0,90,30,90,30,60,30,1,180,190,0,10,180,-170,170,NaN,NaN,NaN,1785520765.26008,12587.39430252,2.34205412864685,0.0123872756958008,0.26294469833374,1.06306266784668,1.47911024093628,1.72130393981934,1.76296949386597,1.76296949386597,-1,-1,2.00672483444214,250.557422637939,242.193698883057,41.6655540466309,283.859252929688,Instruction,Right,Left,Left,Right,Left,1,0,0,0,0,NaN,NaN,NaN,NaN,NaN,NaN,NaN,NaN,1,1,0,1,0,0,23,NaN,20260731_t1356_srsSmooth_Moretraining_B001,23,NaN,1.95865200360616,1.26687407493591,NaN,NaN,NaN,0,NaN,NaN,NaN,NaN,0
20260731_t1356_srsSmooth_Moretraining,srs_smooth_Moretraining,trial0040.mat,40,40,23,1,40,23,68,28,40,8,1,0,2,1,13,17414,1,1,2,1,1,2,1,2,1,2,SINGLE_T1_CORRECT,10,455,1,0,0,0,0,0,95,23,95,23,72,95,1,0,180,10,180,10,170,170,NaN,NaN,NaN,1785520768.87965,12591.01385352,2.38892865180969,0.0179624557495117,0.210031747817993,0.98512601852417,1.39301562309265,1.66013956069946,1.70187664031982,1.70187664031982,-1,-1,1.99587869644165,192.069292068481,267.123937606812,41.7370796203613,308.861017227173,Instruction,Left,Right,Left,Left,Left,1,0,0,0,0,NaN,NaN,NaN,NaN,NaN,NaN,NaN,NaN,0,0,0,1,1,0,24,NaN,20260731_t1356_srsSmooth_Moretraining_B001,24,NaN,2.0189780831337,1.27751064300537,NaN,NaN,NaN,0,NaN,NaN,NaN,NaN,0
20260731_t1356_srsSmooth_Moretraining,srs_smooth_Moretraining,trial0041.mat,41,41,24,1,41,24,68,28,40,8,1,0,4,1,35,16994,1,2,1,2,1,1,2,2,2,2,SINGLE_T2_CORRECT,11,455,1,0,0,0,0,0,81,48,81,48,33,48,1,180,190,0,10,180,-170,170,NaN,NaN,NaN,1785520772.53415,12594.66813772,2.10964179039001,0.0136055946350098,0.247385263442993,0.814082622528076,1.19698452949524,1.48909473419189,1.53086733818054,1.53086733818054,-1,-1,1.75758290290833,233.779668807983,292.110204696655,41.7726039886475,333.882808685303,Instruction,Right,Left,Left,Right,Left,1,0,0,0,0,NaN,NaN,NaN,NaN,NaN,NaN,NaN,NaN,1,1,0,1,0,0,25,NaN,20260731_t1356_srsSmooth_Moretraining_B001,25,NaN,2.07988640069962,1.26557040214539,NaN,NaN,NaN,0,NaN,NaN,NaN,NaN,0
20260731_t1356_srsSmooth_Moretraining,srs_smooth_Moretraining,trial0042.mat,42,42,25,1,42,25,68,28,40,8,1,0,2,1,18,31349,1,1,2,1,1,2,1,2,1,2,SINGLE_T1_CORRECT,10,455,1,0,0,0,0,0,124,41,124,41,83,124,1,0,180,10,180,10,170,170,NaN,NaN,NaN,1785520775.91298,12598.04699908,2.21413779258728,0.0182383060455322,0.268696546554565,0.818619251251221,1.20995116233826,1.46069049835205,1.50234699249268,1.50234699249268,-1,-1,1.78805446624756,250.458240509033,250.739336013794,41.656494140625,292.395830154419,Instruction,Left,Right,Left,Left,Left,1,0,0,0,0,NaN,NaN,NaN,NaN,NaN,NaN,NaN,NaN,0,0,0,1,1,0,26,NaN,20260731_t1356_srsSmooth_Moretraining_B001,26,NaN,2.13620025316874,1.26918935775757,NaN,NaN,NaN,0,NaN,NaN,NaN,NaN,0
20260731_t1356_srsSmooth_Moretraining,srs_smooth_Moretraining,trial0043.mat,43,43,26,1,43,26,68,28,40,8,1,0,3,1,28,16846,1,2,2,1,1,2,2,1,2,1,SINGLE_T2_CORRECT,11,455,1,0,0,0,0,0,61,42,61,42,19,42,1,180,190,0,10,180,-170,170,NaN,NaN,NaN,1785520779.39905,12601.53306644,2.34514260292053,0.0156295299530029,0.249517679214478,1.04138278961182,1.45735144615173,1.71639490127563,1.74940514564514,1.74940514564514,-1,-1,2.00139427185059,233.888149261475,259.043455123901,33.0102443695068,292.053699493408,Instruction,Left,Right,Right,Left,Right,1,0,0,0,0,NaN,NaN,NaN,NaN,NaN,NaN,NaN,NaN,0,0,1,1,0,0,27,NaN,20260731_t1356_srsSmooth_Moretraining_B001,27,NaN,2.19430153369904,1.27193903923035,NaN,NaN,NaN,0,NaN,NaN,NaN,NaN,0
20260731_t1356_srsSmooth_Moretraining,srs_smooth_Moretraining,trial0044.mat,44,44,27,1,44,27,68,28,40,8,1,0,4,1,32,23874,1,2,1,2,1,1,2,2,2,2,SINGLE_T2_CORRECT,11,455,1,0,0,0,0,0,108,29,108,29,79,29,1,0,10,180,10,180,-170,170,NaN,NaN,NaN,1785520783.00464,12605.13859656,2.13083744049072,0.0185163021087646,0.235609531402588,0.87739634513855,1.23522925376892,1.51079773902893,1.55222654342651,1.55222654342651,-1,-1,1.8041718006134,217.093229293823,275.56848526001,41.428804397583,316.997289657593,Instruction,Right,Left,Left,Right,Left,1,0,0,0,0,NaN,NaN,NaN,NaN,NaN,NaN,NaN,NaN,1,1,0,1,0,0,28,NaN,20260731_t1356_srsSmooth_Moretraining_B001,28,NaN,2.25439463853836,1.26044368743896,NaN,NaN,NaN,0,NaN,NaN,NaN,NaN,0
20260731_t1356_srsSmooth_Moretraining,srs_smooth_Moretraining,trial0045.mat,45,45,28,1,45,28,68,28,40,8,1,0,1,1,9,16472,1,1,1,2,1,1,1,1,1,1,SINGLE_T1_CORRECT,10,455,1,0,0,0,0,0,92,45,92,45,47,92,1,180,0,190,180,10,170,170,NaN,NaN,NaN,1785520786.3998,12608.53360896,2.20240139961243,0.0151493549346924,0.232540607452393,0.832671165466309,1.19019556045532,1.51607489585876,1.55760860443115,1.55760860443115,-1,-1,1.8092725276947,217.3912525177,325.879335403442,41.5337085723877,367.41304397583,Instruction,Right,Left,Right,Right,Right,1,0,0,0,0,NaN,NaN,NaN,NaN,NaN,NaN,NaN,NaN,1,1,1,1,1,0,29,NaN,20260731_t1356_srsSmooth_Moretraining_B001,29,NaN,2.31098070144653,1.26432633399963,NaN,NaN,NaN,0,NaN,NaN,NaN,NaN,0
20260731_t1356_srsSmooth_Moretraining,srs_smooth_Moretraining,trial0046.mat,46,46,29,1,46,29,68,28,40,8,1,0,2,1,15,15845,1,1,2,1,1,2,1,2,1,2,SINGLE_T1_CORRECT,10,455,1,0,0,0,0,0,100,35,100,35,65,100,1,180,0,190,180,10,170,170,NaN,NaN,NaN,1785520789.90356,12612.03727116,2.08251738548279,0.011526346206665,0.22069525718689,0.745758295059204,1.10323405265808,1.35396432876587,1.39578080177307,1.39578080177307,-1,-1,1.68131494522095,209.168910980225,250.730276107788,41.8164730072021,292.54674911499,Instruction,Left,Right,Left,Left,Left,1,0,0,0,0,NaN,NaN,NaN,NaN,NaN,NaN,NaN,NaN,0,0,0,1,1,0,30,NaN,20260731_t1356_srsSmooth_Moretraining_B001,30,NaN,2.36937668720881,1.30135774612427,NaN,NaN,NaN,0,NaN,NaN,NaN,NaN,0
20260731_t1356_srsSmooth_Moretraining,srs_smooth_Moretraining,trial0047.mat,47,47,30,1,47,30,68,28,40,8,1,0,1,1,5,18715,1,1,1,2,1,1,1,1,1,1,SINGLE_T1_CORRECT,10,455,1,0,0,0,0,0,95,36,95,36,59,95,1,180,0,190,180,10,170,170,NaN,NaN,NaN,1785520793.23949,12615.37316188,2.03831124305725,0.0173988342285156,0.25963830947876,0.767975330352783,1.1257746219635,1.36782884597778,1.40957641601562,1.40957641601562,-1,-1,1.6446704864502,242.239475250244,242.054224014282,41.7475700378418,283.801794052124,Instruction,Right,Left,Right,Right,Right,1,0,0,0,0,NaN,NaN,NaN,NaN,NaN,NaN,NaN,NaN,1,1,1,1,1,0,31,NaN,20260731_t1356_srsSmooth_Moretraining_B001,31,NaN,2.42497539520264,1.25340509414673,NaN,NaN,NaN,0,NaN,NaN,NaN,NaN,0
20260731_t1356_srsSmooth_Moretraining,srs_smooth_Moretraining,trial0048.mat,48,48,31,1,48,31,68,28,40,8,1,0,4,1,31,24047,1,2,1,2,1,1,2,2,2,2,SINGLE_T2_CORRECT,11,455,1,0,0,0,0,0,107,61,107,61,46,61,1,180,190,0,10,180,-170,170,NaN,NaN,NaN,1785520796.54623,12618.67985196,2.02342200279236,0.0107827186584473,0.211225509643555,0.71956729888916,1.08582377433777,1.34477996826172,1.37806367874146,1.37806367874146,-1,-1,1.66377115249634,200.442790985107,258.95619392395,33.2837104797363,292.239904403687,Instruction,Right,Left,Left,Right,Left,1,0,0,0,0,NaN,NaN,NaN,NaN,NaN,NaN,NaN,NaN,1,1,0,1,0,0,32,NaN,20260731_t1356_srsSmooth_Moretraining_B001,32,NaN,2.48008779684703,1.26843285560608,NaN,NaN,NaN,0,NaN,NaN,NaN,NaN,0
20260731_t1356_srsSmooth_Moretraining,srs_smooth_Moretraining,trial0049.mat,49,49,32,1,49,32,68,28,40,8,1,0,3,1,30,16654,1,2,2,1,1,2,2,1,2,1,SINGLE_T2_CORRECT,11,455,1,0,0,0,0,0,103,50,103,50,53,50,1,180,190,0,10,180,-170,170,NaN,NaN,NaN,1785520799.83071,12621.96408364,2.12225151062012,0.0180985927581787,0.252323627471924,0.818988084793091,1.20981049537659,1.46044683456421,1.49377059936523,1.49377059936523,-1,-1,1.77095580101013,234.225034713745,250.636339187622,33.3237648010254,283.960103988647,Instruction,Left,Right,Right,Left,Right,1,0,0,0,0,NaN,NaN,NaN,NaN,NaN,NaN,NaN,NaN,0,0,1,1,0,0,33,NaN,20260731_t1356_srsSmooth_Moretraining_B001,33,NaN,2.53482909997304,1.26105618476868,NaN,NaN,NaN,0,NaN,NaN,NaN,NaN,0
20260731_t1356_srsSmooth_Moretraining,srs_smooth_Moretraining,trial0050.mat,50,50,33,1,50,33,68,28,40,8,1,0,2,1,17,17796,1,1,2,1,1,2,1,2,1,2,SINGLE_T1_CORRECT,10,455,1,0,0,0,0,0,102,48,102,48,54,102,1,180,0,190,180,10,170,170,NaN,NaN,NaN,1785520803.24321,12625.37662068,2.41892576217651,0.0140585899353027,0.248034000396729,1.0230553150177,1.40577864646912,1.6816303730011,1.72324085235596,1.72324085235596,-1,-1,2.01719689369202,233.975410461426,275.851726531982,41.6104793548584,317.462205886841,Instruction,Left,Right,Left,Left,Left,1,0,0,0,0,NaN,NaN,NaN,NaN,NaN,NaN,NaN,NaN,0,0,0,1,1,0,34,NaN,20260731_t1356_srsSmooth_Moretraining_B001,34,NaN,2.59170418183009,1.29025340080261,NaN,NaN,NaN,0,NaN,NaN,NaN,NaN,0
20260731_t1356_srsSmooth_Moretraining,srs_smooth_Moretraining,trial0051.mat,51,51,34,1,51,34,68,28,40,8,1,0,1,1,1,5729,1,1,1,2,1,1,1,1,1,1,SINGLE_T1_CORRECT,10,455,1,0,0,0,0,0,105,17,105,17,88,105,1,0,180,10,180,10,170,170,NaN,NaN,NaN,1785520807.05965,12629.19311416,2.26022815704346,0.0144400596618652,0.248466491699219,0.923518657684326,1.27282214164734,1.52362728118896,1.56532049179077,1.56532049179077,-1,-1,1.85057377815247,234.026432037354,250.805139541626,41.6932106018066,292.498350143433,Instruction,Right,Left,Right,Right,Right,1,0,0,0,0,NaN,NaN,NaN,NaN,NaN,NaN,NaN,NaN,1,1,1,1,1,0,35,NaN,20260731_t1356_srsSmooth_Moretraining_B001,35,NaN,2.65531138976415,1.39750671386719,NaN,NaN,NaN,0,NaN,NaN,NaN,NaN,0
20260731_t1356_srsSmooth_Moretraining,srs_smooth_Moretraining,trial0052.mat,52,52,35,1,52,35,68,28,40,8,1,0,4,1,38,5421,1,2,1,2,1,1,2,2,2,2,SINGLE_T2_CORRECT,11,455,1,0,1,0,0,0,85,53,85,53,32,53,1,0,10,180,10,180,-170,170,NaN,NaN,NaN,1785520810.59541,12632.72868816,2.24117851257324,0.0121424198150635,0.254404306411743,0.912950992584229,1.36219429969788,1.61295223236084,1.64638757705688,1.64638757705688,-1,-1,1.88943648338318,242.26188659668,250.757932662964,33.4353446960449,284.193277359009,Instruction,Right,Left,Left,Right,Left,1,0,0,0,0,NaN,NaN,NaN,NaN,NaN,NaN,NaN,NaN,1,1,0,1,0,0,36,NaN,20260731_t1356_srsSmooth_Moretraining_B001,36,NaN,2.71424085299174,1.27553963661194,NaN,NaN,NaN,0,NaN,NaN,NaN,NaN,0
20260731_t1356_srsSmooth_Moretraining,srs_smooth_Moretraining,trial0053.mat,53,53,36,1,53,36,68,28,40,8,1,0,1,1,8,21746,1,1,1,2,1,1,1,1,1,1,SINGLE_T1_CORRECT,10,455,1,0,0,0,0,0,81,7,81,7,74,81,1,0,180,10,180,10,170,170,NaN,NaN,NaN,1785520814.07948,12636.21278916,2.24878358840942,0.0115485191345215,0.212016582489014,0.912197351455688,1.31993269920349,1.57869482040405,1.61206102371216,1.61206102371216,-1,-1,1.8639919757843,200.468063354492,258.762121200562,33.3662033081055,292.128324508667,Instruction,Right,Left,Right,Right,Right,1,0,0,0,0,NaN,NaN,NaN,NaN,NaN,NaN,NaN,NaN,1,1,1,1,1,0,37,NaN,20260731_t1356_srsSmooth_Moretraining_B001,37,NaN,2.77230854829152,1.24288320541382,NaN,NaN,NaN,0,NaN,NaN,NaN,NaN,0
20260731_t1356_srsSmooth_Moretraining,srs_smooth_Moretraining,trial0054.mat,54,54,37,1,54,37,68,28,40,8,1,0,1,1,3,16252,1,1,1,2,1,1,1,1,1,1,SINGLE_T1_CORRECT,10,455,1,0,0,0,0,0,87,53,87,53,34,87,1,180,0,190,180,10,170,170,NaN,NaN,NaN,1785520817.60451,12639.73766832,2.09087371826172,0.0116448402404785,0.19570255279541,0.770743846893311,1.15335607528687,1.4539167881012,1.48742890357971,1.48742890357971,-1,-1,1.70564365386963,184.057712554932,300.560712814331,33.5121154785156,334.072828292847,Instruction,Right,Left,Right,Right,Right,1,0,0,0,0,NaN,NaN,NaN,NaN,NaN,NaN,NaN,NaN,1,1,1,1,1,0,38,NaN,20260731_t1356_srsSmooth_Moretraining_B001,38,NaN,2.83105920950572,1.27625608444214,NaN,NaN,NaN,0,NaN,NaN,NaN,NaN,0
20260731_t1356_srsSmooth_Moretraining,srs_smooth_Moretraining,trial0055.mat,55,55,38,1,55,38,68,28,40,8,1,0,4,1,34,14906,1,2,1,2,1,1,2,2,2,2,SINGLE_T2_CORRECT,11,455,1,0,0,0,0,0,83,20,83,20,63,20,1,180,190,0,10,180,-170,170,NaN,NaN,NaN,1785520820.9892,12643.1223046,2.24788546562195,0.0187575817108154,0.219235420227051,0.936031818389893,1.40214443206787,1.65268611907959,1.69442987442017,1.69442987442017,-1,-1,1.9297468662262,200.477838516235,250.541687011719,41.7437553405762,292.285442352295,Instruction,Right,Left,Left,Right,Left,1,0,0,0,0,NaN,NaN,NaN,NaN,NaN,NaN,NaN,NaN,1,1,0,1,0,0,39,NaN,20260731_t1356_srsSmooth_Moretraining_B001,39,NaN,2.88747063477834,1.2938117980957,NaN,NaN,NaN,0,NaN,NaN,NaN,NaN,0
20260731_t1356_srsSmooth_Moretraining,srs_smooth_Moretraining,trial0056.mat,56,56,39,1,56,39,68,28,40,8,1,0,1,1,10,26938,1,1,1,2,1,1,1,1,1,1,SINGLE_T1_CORRECT,10,455,1,0,0,0,0,0,92,39,92,39,53,92,1,180,0,190,180,10,170,170,NaN,NaN,NaN,1785520824.49336,12646.6264712,2.336261510849,0.014737606048584,0.199035406112671,0.890745639801025,1.28145360946655,1.59078240394592,1.63227128982544,1.63227128982544,-1,-1,1.94252109527588,184.297800064087,309.32879447937,41.4888858795166,350.817680358887,Instruction,Right,Left,Right,Right,Right,1,0,0,0,0,NaN,NaN,NaN,NaN,NaN,NaN,NaN,NaN,1,1,1,1,1,0,40,NaN,20260731_t1356_srsSmooth_Moretraining_B001,40,NaN,2.94587323268255,1.25627040863037,NaN,NaN,NaN,0,NaN,NaN,NaN,NaN,0
20260731_t1356_srsSmooth_Moretraining,srs_smooth_Moretraining,trial0057.mat,57,57,40,1,57,40,68,28,40,8,1,2,7,2,59,20045,2,0,1,2,1,1,2,2,1,1,CHOSE_LOW_SAL,2,455,1,0,0,0,0,0,87,66,87,66,21,87,1,180,227.171069804567,322.828930195433,47.171069804567,142.828930195433,-95.6578603908661,95.6578603908661,NaN,NaN,NaN,1785520828.08935,12650.22237776,2.08170676231384,0.0188806056976318,0.261075735092163,0.769433498382568,1.11058950424194,1.36966919898987,1.40330052375793,1.40330052375793,-1,-1,1.6968629360199,242.195129394531,259.079694747925,33.6313247680664,292.711019515991,Conflict,Right,Left,Right,Right,Left,0,1,0,1,1,1,1,1,0,0,0,0,1,1,1,0,1,0,1,41,1,20260731_t1356_srsSmooth_Moretraining_B001,41,1,3.00580651760101,1.25973558425903,NaN,NaN,NaN,0,NaN,NaN,NaN,NaN,1
20260731_t1356_srsSmooth_Moretraining,srs_smooth_Moretraining,trial0059.mat,59,59,41,1,59,41,68,28,40,8,1,2,7,2,56,14836,2,0,1,2,1,1,2,2,1,1,CHOSE_LOW_SAL,2,455,1,0,0,0,0,0,91,55,91,55,36,91,1,180,191.623671885924,358.376328114076,11.623671885924,178.376328114076,-166.752656228152,166.752656228152,NaN,NaN,NaN,1785520832.92024,12655.0531592,2.21793103218079,0.013181209564209,0.213842391967773,0.97215723991394,1.31323099136353,1.57217216491699,1.60562038421631,1.60562038421631,-1,-1,1.8248872756958,200.661182403564,258.941173553467,33.4482192993164,292.389392852783,Conflict,Right,Left,Right,Right,Left,0,1,0,1,1,1,1,1,0,0,0,0,1,1,1,0,1,0,1,42,2,20260731_t1356_srsSmooth_Moretraining_B001,42,2,3.08632129033407,2.74917960166931,1,1,87,1,0,0,1,1,1
20260731_t1356_srsSmooth_Moretraining,srs_smooth_Moretraining,trial0060.mat,60,60,42,1,60,42,68,28,40,8,1,2,7,2,55,28126,2,0,1,2,1,1,2,2,1,1,CHOSE_LOW_SAL,2,455,1,0,0,0,0,0,93,59,93,59,34,93,1,180,221.73025409707,328.26974590293,41.7302540970703,148.26974590293,-106.539491805859,106.539491805859,NaN,NaN,NaN,1785520836.39326,12658.52598484,2.33609127998352,0.0153005123138428,0.232433557510376,0.999559640884399,1.38202047348022,1.60781788825989,1.64101839065552,1.64101839065552,-1,-1,1.9429178237915,217.133045196533,225.797414779663,33.2005023956299,258.997917175293,Conflict,Right,Left,Right,Right,Left,0,1,0,1,1,1,1,1,0,0,0,0,1,1,1,0,1,0,1,43,3,20260731_t1356_srsSmooth_Moretraining_B001,43,3,3.14420488278071,1.25508451461792,1,1,91,1,0,0,1,1,1
20260731_t1356_srsSmooth_Moretraining,srs_smooth_Moretraining,trial0061.mat,61,61,43,1,61,43,68,28,40,8,1,1,5,2,45,3003,2,0,1,2,1,1,1,1,1,1,CHOSE_HIGH_SAL,1,455,1,0,0,0,0,0,84,30,84,30,54,84,1,0,148.465487877604,41.5345121223955,148.465487877604,41.5345121223955,106.930975755209,106.930975755209,NaN,NaN,NaN,1785520840.02017,12662.15288852,2.20940351486206,0.0135278701782227,0.280726432800293,0.913979053497314,1.31357789039612,1.53904366493225,1.58107662200928,1.58107662200928,-1,-1,1.82462430000305,267.19856262207,225.465774536133,42.0329570770264,267.498731613159,Congruent,Right,Left,Right,Right,Right,0,1,1,0,1,1,1,1,1,0,0,0,0,1,1,1,1,1,1,44,4,20260731_t1356_srsSmooth_Moretraining_B001,44,4,3.20465344587962,1.29082250595093,1,1,93,1,0,0,1,1,1
20260731_t1356_srsSmooth_Moretraining,srs_smooth_Moretraining,trial0062.mat,62,62,44,1,62,44,68,28,40,8,1,1,6,2,52,18086,2,0,2,1,1,2,1,2,2,1,CHOSE_LOW_SAL,2,455,1,0,0,0,0,0,86,52,86,52,34,52,1,180,359.906873342306,190.093126657694,179.906873342306,10.0931266576936,169.813746684613,169.813746684613,NaN,NaN,NaN,1785520843.51415,12665.6467414,2.32417702674866,0.0113463401794434,0.27039361000061,1.00353360176086,1.38639903068542,1.66227626800537,1.69563984870911,1.69563984870911,-1,-1,1.97220349311829,259.047269821167,275.877237319946,33.3635807037354,309.240818023682,Congruent,Left,Right,Right,Left,Left,0,1,1,0,1,1,0,0,0,0,1,1,1,0,0,0,1,1,1,45,5,20260731_t1356_srsSmooth_Moretraining_B001,45,5,3.26288650433222,1.28457999229431,1,1,84,1,1,0,0,1,1
20260731_t1356_srsSmooth_Moretraining,srs_smooth_Moretraining,trial0063.mat,63,63,45,1,63,45,68,28,40,8,1,2,8,2,66,12899,2,0,2,1,1,2,2,1,2,1,CHOSE_HIGH_SAL,1,455,1,0,0,0,0,0,81,53,81,53,28,53,1,180,192.059080191533,357.940919808467,12.0590801915328,177.940919808467,-165.881839616934,165.881839616934,NaN,NaN,NaN,1785520847.11913,12669.25162,2.01030611991882,0.014843225479126,0.207050561904907,0.924068450927734,1.33989500999451,1.38245868682861,1.42389106750488,1.42389106750488,-1,-1,1.65911030769348,192.207336425781,42.5636768341064,41.4323806762695,83.996057510376,Conflict,Left,Right,Right,Left,Right,0,1,0,1,1,1,0,0,1,0,1,1,0,0,0,1,1,0,1,46,6,20260731_t1356_srsSmooth_Moretraining_B001,46,6,3.32296944061915,1.28079915046692,2,1,52,1,0,0,1,1,1
20260731_t1356_srsSmooth_Moretraining,srs_smooth_Moretraining,trial0064.mat,64,64,46,1,64,46,68,28,40,8,1,1,5,2,41,20374,2,0,1,2,1,1,1,1,1,1,CHOSE_HIGH_SAL,1,455,1,0,0,0,0,0,97,36,97,36,61,97,1,180,356.026639649108,193.973360350892,176.026639649108,13.9733603508922,162.053279298216,162.053279298216,NaN,NaN,NaN,1785520850.41064,12672.54310892,2.12771821022034,0.0151224136352539,0.207437753677368,0.840834379196167,1.2401704788208,1.46595191955566,1.49932026863098,1.49932026863098,-1,-1,1.73393034934998,192.315340042114,225.781440734863,33.3683490753174,259.149789810181,Congruent,Right,Left,Right,Right,Right,0,1,1,0,1,1,1,1,1,0,0,0,0,1,1,1,1,1,1,47,7,20260731_t1356_srsSmooth_Moretraining_B001,47,7,3.37782803376516,1.28120946884155,2,1,53,1,1,0,0,1,1
20260731_t1356_srsSmooth_Moretraining,srs_smooth_Moretraining,trial0065.mat,65,65,47,1,65,47,68,28,40,8,1,1,6,2,53,29841,2,0,2,1,1,2,1,2,2,1,CHOSE_LOW_SAL,2,455,1,0,0,0,0,0,92,27,92,27,65,27,1,0,112.974869415491,77.0251305845089,112.974869415491,77.0251305845089,35.9497388309821,35.9497388309821,NaN,NaN,NaN,1785520853.93183,12676.06415864,2.13139986991882,0.0107395648956299,0.286269903182983,0.82806658744812,1.2774555683136,1.53620505332947,1.56940674781799,1.56940674781799,-1,-1,1.79632258415222,275.530338287354,258.749485015869,33.2016944885254,291.951179504395,Congruent,Left,Right,Right,Left,Left,0,1,1,0,1,1,0,0,0,0,1,1,1,0,0,0,1,1,1,48,8,20260731_t1356_srsSmooth_Moretraining_B001,48,8,3.43651448488235,1.39346885681152,1,1,97,1,1,0,0,1,1
20260731_t1356_srsSmooth_Moretraining,srs_smooth_Moretraining,trial0066.mat,66,66,48,1,66,48,68,28,40,8,1,2,8,2,62,7755,2,0,2,1,1,2,2,1,2,1,CHOSE_HIGH_SAL,1,455,1,0,1,0,0,0,72,35,72,35,37,35,1,180,198.62372327495,351.37627672505,18.6237232749496,171.37627672505,-152.752553450101,152.752553450101,NaN,NaN,NaN,1785520857.32995,12679.46239364,2.2670750617981,0.0127520561218262,0.288217306137085,0.938223600387573,1.35447096824646,1.65501952171326,1.68834471702576,1.68834471702576,-1,-1,1.92408609390259,275.465250015259,300.548553466797,33.3251953125,333.873748779297,Conflict,Left,Right,Right,Left,Right,0,1,0,1,1,1,0,0,1,0,1,1,0,0,0,1,1,0,1,49,9,20260731_t1356_srsSmooth_Moretraining_B001,49,9,3.49314980904261,1.26671957969666,2,1,27,1,0,0,1,1,1
20260731_t1356_srsSmooth_Moretraining,srs_smooth_Moretraining,trial0067.mat,67,67,49,1,67,48,68,28,40,8,1,2,8,2,62,7755,2,0,2,1,1,2,2,1,2,1,CHOSE_HIGH_SAL,1,455,1,0,0,0,0,0,72,35,72,35,37,35,1,180,198.62372327495,351.37627672505,18.6237232749496,171.37627672505,-152.752553450101,152.752553450101,NaN,NaN,NaN,1785520860.90053,12683.03279848,2.26299548149109,0.0173084735870361,0.251224517822266,0.926148414611816,1.31735944747925,1.58461666107178,1.62618541717529,1.62618541717529,-1,-1,1.92879152297974,233.916044235229,267.257213592529,41.5687561035156,308.825969696045,Conflict,Left,Right,Right,Left,Right,0,1,0,1,1,1,0,0,1,0,1,1,0,0,0,1,1,0,1,50,10,20260731_t1356_srsSmooth_Moretraining_B001,50,10,3.55265951951345,1.30350756645203,2,1,35,1,0,0,1,1,1
20260731_t1356_srsSmooth_Moretraining,srs_smooth_Moretraining,trial0069.mat,69,69,50,1,69,48,68,28,40,8,1,2,8,2,62,7755,2,0,2,1,1,2,2,1,0,0,,0,11,0,1,0,0,0,0,72,35,72,35,37,NaN,1,180,198.62372327495,351.37627672505,18.6237232749496,171.37627672505,-152.752553450101,152.752553450101,NaN,NaN,NaN,1785520865.99596,12688.12815616,1.08427238464355,0.0137522220611572,0.197776794433594,0.706128120422363,-1,-1,-1,-1,-1,-1,-1,184.024572372437,NaN,NaN,NaN,Conflict,Left,Right,None,Left,Right,0,1,0,1,0,NaN,NaN,NaN,NaN,NaN,NaN,NaN,NaN,0,0,1,1,0,0,50,NaN,20260731_t1356_srsSmooth_Moretraining_B001,NaN,NaN,3.63758322000504,2.83242654800415,NaN,NaN,NaN,0,NaN,NaN,NaN,NaN,0
20260731_t1356_srsSmooth_Moretraining,srs_smooth_Moretraining,trial0071.mat,71,71,50,1,71,48,68,28,40,8,1,2,8,2,62,7755,2,0,2,1,1,2,2,1,2,1,CHOSE_HIGH_SAL,1,455,1,0,0,0,0,0,72,35,72,35,37,35,1,180,198.62372327495,351.37627672505,18.6237232749496,171.37627672505,-152.752553450101,152.752553450101,NaN,NaN,NaN,1785520869.80723,12691.93931236,2.09919285774231,0.0109572410583496,0.211845636367798,0.778345823287964,1.1943371295929,1.42855834960938,1.46187663078308,1.46187663078308,-1,-1,1.76452493667603,200.888395309448,234.221220016479,33.3182811737061,267.539501190186,Conflict,Left,Right,Right,Left,Right,0,1,0,1,1,1,0,0,1,0,1,1,0,0,0,1,1,0,1,51,11,20260731_t1356_srsSmooth_Moretraining_B001,51,11,3.70110448996226,2.72700381278992,2,1,35,1,0,0,1,1,1
20260731_t1356_srsSmooth_Moretraining,srs_smooth_Moretraining,trial0072.mat,72,72,51,1,72,48,68,28,40,8,1,2,8,2,62,7755,2,0,2,1,1,2,2,1,2,1,CHOSE_HIGH_SAL,1,455,1,0,0,0,0,0,72,35,72,35,37,35,1,180,198.62372327495,351.37627672505,18.6237232749496,171.37627672505,-152.752553450101,152.752553450101,NaN,NaN,NaN,1785520873.19356,12695.32569972,2.13678884506226,0.0164253711700439,0.250421762466431,0.833755970001221,1.23313927650452,1.45062160491943,1.49201917648315,1.49201917648315,-1,-1,1.80196833610535,233.996391296387,217.482328414917,41.3975715637207,258.879899978638,Conflict,Left,Right,Right,Left,Right,0,1,0,1,1,1,0,0,1,0,1,1,0,0,0,1,1,0,1,52,12,20260731_t1356_srsSmooth_Moretraining_B001,52,12,3.7575433532397,1.28713893890381,2,1,35,1,0,0,1,1,1
20260731_t1356_srsSmooth_Moretraining,srs_smooth_Moretraining,trial0073.mat,73,73,52,1,73,48,68,28,40,8,1,2,8,2,62,7755,2,0,2,1,1,2,2,1,0,0,,0,11,0,1,0,0,0,0,72,35,72,35,37,NaN,1,180,198.62372327495,351.37627672505,18.6237232749496,171.37627672505,-152.752553450101,152.752553450101,NaN,NaN,NaN,1785520876.67341,12698.80538988,0.0890688896179199,0.0117144584655762,0.0124545097351074,-1,-1,-1,-1,-1,-1,-1,-1,0.74005126953125,NaN,NaN,NaN,Conflict,Left,Right,None,Left,Right,0,1,0,1,0,NaN,NaN,NaN,NaN,NaN,NaN,NaN,NaN,0,0,1,1,0,0,52,NaN,20260731_t1356_srsSmooth_Moretraining_B001,NaN,NaN,3.81554078658422,1.34305715560913,NaN,NaN,NaN,0,NaN,NaN,NaN,NaN,0
20260731_t1356_srsSmooth_Moretraining,srs_smooth_Moretraining,trial0078.mat,78,78,52,1,78,48,68,28,40,8,1,2,8,2,62,7755,2,0,2,1,1,2,2,1,2,1,CHOSE_HIGH_SAL,1,455,1,0,0,0,0,0,72,35,72,35,37,35,1,180,198.62372327495,351.37627672505,18.6237232749496,171.37627672505,-152.752553450101,152.752553450101,NaN,NaN,NaN,1785520883.89345,12706.0253808,2.0291862487793,0.0169572830200195,0.0180428028106689,0.726261377334595,1.1253342628479,1.4007465839386,1.43409323692322,1.43409323692322,-1,-1,1.69446039199829,1.08551979064941,275.412321090698,33.3466529846191,308.758974075317,Conflict,Left,Right,Right,Left,Right,0,1,0,1,1,1,0,0,1,0,1,1,0,0,0,1,1,0,1,53,13,20260731_t1356_srsSmooth_Moretraining_B001,53,13,3.93587477207184,7.13097023963928,2,1,35,1,0,0,1,1,1
20260731_t1356_srsSmooth_Moretraining,srs_smooth_Moretraining,trial0079.mat,79,79,53,1,79,49,68,28,40,8,1,1,5,2,44,17511,2,0,1,2,1,1,1,1,1,1,CHOSE_HIGH_SAL,1,455,1,0,0,0,0,0,92,47,92,47,45,92,1,180,298.495980375174,251.504019624826,118.495980375174,71.504019624826,46.991960750348,46.991960750348,NaN,NaN,NaN,1785520887.20017,12709.33202076,2.23097801208496,0.0186984539031982,0.219326019287109,0.952494382858276,1.31041526794434,1.54453301429749,1.57760429382324,1.57760429382324,-1,-1,1.83780336380005,200.627565383911,234.117746353149,33.0712795257568,267.189025878906,Congruent,Right,Left,Right,Right,Right,0,1,1,0,1,1,1,1,1,0,0,0,0,1,1,1,1,1,1,54,14,20260731_t1356_srsSmooth_Moretraining_B001,54,14,3.99098680019379,1.2775354385376,2,1,35,1,1,0,0,1,1
20260731_t1356_srsSmooth_Moretraining,srs_smooth_Moretraining,trial0080.mat,80,80,54,1,80,50,68,28,40,8,1,2,7,2,61,19895,2,0,1,2,1,1,2,2,1,1,CHOSE_LOW_SAL,2,455,1,0,0,0,0,0,85,40,85,40,45,85,1,180,216.328063489711,333.671936510289,36.328063489711,153.671936510289,-117.343873020578,117.343873020578,NaN,NaN,NaN,1785520890.7021,12712.83390688,2.34582138061523,0.0169041156768799,0.275843381881714,1.05916476249695,1.44196009635925,1.6843638420105,1.71747064590454,1.71747064590454,-1,-1,1.96122598648071,258.939266204834,242.403745651245,33.106803894043,275.510549545288,Conflict,Right,Left,Right,Right,Left,0,1,0,1,1,1,1,1,0,0,0,0,1,1,1,0,1,0,1,55,15,20260731_t1356_srsSmooth_Moretraining_B001,55,15,4.04935232400894,1.27095341682434,1,1,92,1,0,0,1,1,1
20260731_t1356_srsSmooth_Moretraining,srs_smooth_Moretraining,trial0081.mat,81,81,55,1,81,51,68,28,40,8,1,2,8,2,67,21217,2,0,2,1,1,2,2,1,2,1,CHOSE_HIGH_SAL,1,455,1,0,0,0,0,0,115,54,115,54,61,54,1,180,240.563458477756,309.436541522244,60.5634584777561,129.436541522244,-68.8730830444877,68.8730830444877,NaN,NaN,NaN,1785520894.36698,12716.4986448,2.29849457740784,0.0188345909118652,0.2446448802948,1.01115369796753,1.40222239494324,1.67775177955627,1.71150803565979,1.71150803565979,-1,-1,1.94709944725037,225.810289382935,275.529384613037,33.7562561035156,309.285640716553,Conflict,Left,Right,Right,Left,Right,0,1,0,1,1,1,0,0,1,0,1,1,0,0,0,1,1,0,1,56,16,20260731_t1356_srsSmooth_Moretraining_B001,56,16,4.11043365001678,1.31905817985535,1,1,85,1,1,0,0,1,1
20260731_t1356_srsSmooth_Moretraining,srs_smooth_Moretraining,trial0082.mat,82,82,56,1,82,52,68,28,40,8,1,1,6,2,54,18244,2,0,2,1,1,2,1,2,2,1,CHOSE_LOW_SAL,2,455,1,0,0,0,0,0,72,37,72,37,35,37,1,0,153.534287873114,36.4657121268858,153.534287873114,36.4657121268858,117.068575746228,117.068575746228,NaN,NaN,NaN,1785520897.94813,12720.07974296,2.15876245498657,0.0128223896026611,0.221880674362183,0.855252027511597,1.29620623588562,1.56386685371399,1.60505199432373,1.60505199432373,-1,-1,1.82436728477478,209.058284759521,267.660617828369,41.1851406097412,308.84575843811,Congruent,Left,Right,Right,Left,Left,0,1,1,0,1,1,0,0,0,0,1,1,1,0,0,0,1,1,1,57,17,20260731_t1356_srsSmooth_Moretraining_B001,57,17,4.17011952002843,1.28265762329102,2,1,54,1,0,0,1,1,1
20260731_t1356_srsSmooth_Moretraining,srs_smooth_Moretraining,trial0083.mat,83,83,57,1,83,53,68,28,40,8,1,2,8,2,65,22139,2,0,2,1,1,2,2,1,2,1,CHOSE_HIGH_SAL,1,455,1,0,0,0,0,0,76,23,76,23,53,23,1,180,198.136104249249,351.863895750751,18.1361042492487,171.863895750751,-153.727791501503,153.727791501503,NaN,NaN,NaN,1785520901.36542,12723.49683988,2.17567944526672,0.0123403072357178,0.296121120452881,0.879639625549316,1.34572625160217,1.57941150665283,1.61297273635864,1.61297273635864,-1,-1,1.8488073348999,283.780813217163,233.685255050659,33.5612297058105,267.24648475647,Conflict,Left,Right,Right,Left,Right,0,1,0,1,1,1,0,0,1,0,1,1,0,0,0,1,1,0,1,58,18,20260731_t1356_srsSmooth_Moretraining_B001,58,18,4.22707422176997,1.25851964950562,2,1,37,1,0,0,1,1,1
20260731_t1356_srsSmooth_Moretraining,srs_smooth_Moretraining,trial0084.mat,84,84,58,1,84,54,68,28,40,8,1,2,7,2,58,7773,2,0,1,2,1,1,2,2,1,1,CHOSE_LOW_SAL,2,455,1,0,0,0,0,0,97,43,97,43,54,97,1,0,48.7685560506497,141.23144394935,48.7685560506497,141.23144394935,-92.4628878987006,92.4628878987006,NaN,NaN,NaN,1785520904.83975,12726.97116792,2.29331731796265,0.0131433010101318,0.272207975387573,0.947138786315918,1.29652619361877,1.58896589279175,1.63052654266357,1.63052654266357,-1,-1,1.89083957672119,259.064674377441,292.439699172974,41.5606498718262,334.0003490448,Conflict,Right,Left,Right,Right,Left,0,1,0,1,1,1,1,1,0,0,0,0,1,1,1,0,1,0,1,59,19,20260731_t1356_srsSmooth_Moretraining_B001,59,19,4.28497978846232,1.29865455627441,2,1,23,1,1,0,0,1,1
20260731_t1356_srsSmooth_Moretraining,srs_smooth_Moretraining,trial0085.mat,85,85,59,1,85,55,68,28,40,8,1,2,8,2,64,23049,2,0,2,1,1,2,2,1,2,1,CHOSE_HIGH_SAL,1,455,1,0,0,0,0,0,111,51,111,51,60,51,1,0,82.7816185650767,107.218381434923,82.7816185650768,107.218381434923,-24.4367628698465,24.4367628698465,NaN,NaN,NaN,1785520908.42058,12730.552019,2.20345020294189,0.015782356262207,0.257869005203247,0.908122062683105,1.29083228111267,1.59128999710083,1.63289833068848,1.63289833068848,-1,-1,1.85141038894653,242.08664894104,300.457715988159,41.6083335876465,342.066049575806,Conflict,Left,Right,Right,Left,Right,0,1,0,1,1,1,0,0,1,0,1,1,0,0,0,1,1,0,1,60,20,20260731_t1356_srsSmooth_Moretraining_B001,60,20,4.34466035366058,1.28751659393311,1,1,97,1,1,0,0,1,1
20260731_t1356_srsSmooth_Moretraining,srs_smooth_Moretraining,trial0086.mat,86,86,60,1,86,56,68,28,40,8,1,1,6,2,49,17652,2,0,2,1,1,2,1,2,2,1,CHOSE_LOW_SAL,2,455,1,0,0,0,0,0,93,50,93,50,43,50,1,0,119.818867100167,70.1811328998332,119.818867100167,70.1811328998332,49.6377342003335,49.6377342003335,NaN,NaN,NaN,1785520911.91262,12734.04384224,2.16967940330505,0.0155539512634277,0.274360656738281,0.782850980758667,1.20726704597473,1.49982953071594,1.54132747650146,1.54132747650146,-1,-1,1.81850838661194,258.806705474854,292.562484741211,41.4979457855225,334.060430526733,Congruent,Left,Right,Right,Left,Left,0,1,1,0,1,1,0,0,0,0,1,1,1,0,0,0,1,1,1,61,21,20260731_t1356_srsSmooth_Moretraining_B001,61,21,4.402860891819,1.28858208656311,2,1,51,1,0,0,1,1,1
20260731_t1356_srsSmooth_Moretraining,srs_smooth_Moretraining,trial0087.mat,87,87,61,1,87,57,68,28,40,8,1,1,5,2,46,18400,2,0,1,2,1,1,1,1,1,1,CHOSE_HIGH_SAL,1,455,1,0,0,0,0,0,99,34,99,34,65,99,1,0,116.091296858552,73.9087031414481,116.091296858552,73.9087031414481,42.1825937171038,42.1825937171038,NaN,NaN,NaN,1785520915.37639,12737.50768288,2.18074560165405,0.0185835361480713,0.210633993148804,0.844135999679565,1.2019624710083,1.51112365722656,1.5441153049469,1.5441153049469,-1,-1,1.77943468093872,192.050457000732,309.161186218262,32.9916477203369,342.152833938599,Congruent,Right,Left,Right,Right,Right,0,1,1,0,1,1,1,1,1,0,0,0,0,1,1,1,1,1,1,62,22,20260731_t1356_srsSmooth_Moretraining_B001,62,22,4.46059044996897,1.29409408569336,2,1,50,1,1,0,0,1,1
20260731_t1356_srsSmooth_Moretraining,srs_smooth_Moretraining,trial0088.mat,88,88,62,1,88,58,68,28,40,8,1,1,6,2,51,28202,2,0,2,1,1,2,1,2,2,1,CHOSE_LOW_SAL,2,455,1,0,0,0,0,0,93,39,93,39,54,39,1,180,354.266480456609,195.733519543391,174.266480456609,15.7335195433911,158.532960913218,158.532960913218,NaN,NaN,NaN,1785520918.83956,12740.97062712,2.08472180366516,0.0138781070709229,0.0898182392120361,0.755996465682983,1.14725589752197,1.4811863899231,1.52281141281128,1.52281141281128,-1,-1,1.74132227897644,75.9401321411133,333.930492401123,41.6250228881836,375.555515289307,Congruent,Left,Right,Right,Left,Left,0,1,1,0,1,1,0,0,0,0,1,1,1,0,0,0,1,1,1,63,23,20260731_t1356_srsSmooth_Moretraining_B001,63,23,4.51831002235413,1.28242874145508,1,1,99,1,1,0,0,1,1
20260731_t1356_srsSmooth_Moretraining,srs_smooth_Moretraining,trial0089.mat,89,89,63,1,89,59,68,28,40,8,1,2,8,2,63,30589,2,0,2,1,1,2,2,1,2,1,CHOSE_HIGH_SAL,1,455,1,0,0,0,0,0,74,30,74,30,44,30,1,180,192.148694132572,357.851305867428,12.1486941325719,177.851305867428,-165.702611734856,165.702611734856,NaN,NaN,NaN,1785520922.27641,12744.40742956,2.02263116836548,0.0188367366790771,0.24478816986084,0.761201143264771,1.11054563522339,1.35294532775879,1.37787747383118,1.37787747383118,-1,-1,1.68789124488831,225.951433181763,242.3996925354,24.9321460723877,267.331838607788,Conflict,Left,Right,Right,Left,Right,0,1,0,1,1,1,0,0,1,0,1,1,0,0,0,1,1,0,1,64,24,20260731_t1356_srsSmooth_Moretraining_B001,64,24,4.57559074560801,1.35212159156799,2,1,39,1,0,0,1,1,1
20260731_t1356_srsSmooth_Moretraining,srs_smooth_Moretraining,trial0090.mat,90,90,64,1,90,59,68,28,40,8,1,2,8,2,63,30589,2,0,2,1,1,2,2,1,2,1,CHOSE_HIGH_SAL,1,455,1,0,0,0,0,0,74,30,74,30,44,30,1,180,192.148694132572,357.851305867428,12.1486941325719,177.851305867428,-165.702611734856,165.702611734856,NaN,NaN,NaN,1785520925.58605,12747.71690668,2.24745273590088,0.0176596641540527,0.235318899154663,1.01032471656799,1.39271354675293,1.64328098297119,1.68502116203308,1.68502116203308,-1,-1,1.91237616539001,217.65923500061,250.567436218262,41.7401790618896,292.307615280151,Conflict,Left,Right,Right,Left,Right,0,1,0,1,1,1,0,0,1,0,1,1,0,0,0,1,1,0,1,65,25,20260731_t1356_srsSmooth_Moretraining_B001,65,25,4.63075141509374,1.2870090007782,2,1,30,1,0,0,1,1,1
20260731_t1356_srsSmooth_Moretraining,srs_smooth_Moretraining,trial0091.mat,91,91,65,1,91,59,68,28,40,8,1,2,8,2,68,14721,2,0,2,1,1,2,2,1,2,1,CHOSE_HIGH_SAL,1,455,1,0,0,0,0,0,81,45,81,45,36,45,1,180,239.614565795437,310.385434204563,59.614565795437,130.385434204563,-70.770868409126,70.770868409126,NaN,NaN,NaN,1785520929.16842,12751.2994198,2.29761457443237,0.0187637805938721,0.227741956710815,0.919275999069214,1.33548212051392,1.61099910736084,1.64428782463074,1.64428782463074,-1,-1,1.95446109771729,208.978176116943,275.516986846924,33.2887172698975,308.805704116821,Conflict,Left,Right,Right,Left,Right,0,1,0,1,1,1,0,0,1,0,1,1,0,0,0,1,1,0,1,66,26,20260731_t1356_srsSmooth_Moretraining_B001,66,26,4.69045757452647,1.33491683006287,2,1,30,1,0,0,1,1,1
20260731_t1356_srsSmooth_Moretraining,srs_smooth_Moretraining,trial0092.mat,92,92,66,1,92,61,68,28,40,8,1,1,6,2,48,23838,2,0,2,1,1,2,1,2,2,1,CHOSE_LOW_SAL,2,455,1,0,0,0,0,0,87,15,87,15,72,15,1,0,175.986067534396,14.0139324656036,175.986067534396,14.0139324656036,161.972135068793,161.972135068793,NaN,NaN,NaN,1785520932.79291,12754.92381212,2.19080305099487,0.0110774040222168,0.261661052703857,0.936742305755615,1.27779316902161,1.57001996040344,1.61167240142822,1.61167240142822,-1,-1,1.87162709236145,250.583648681641,292.226791381836,41.6524410247803,333.879232406616,Congruent,Left,Right,Right,Left,Left,0,1,1,0,1,1,0,0,0,0,1,1,1,0,0,0,1,1,1,67,27,20260731_t1356_srsSmooth_Moretraining_B001,67,27,4.75086583693822,1.32688117027283,2,1,45,1,0,0,1,1,1
20260731_t1356_srsSmooth_Moretraining,srs_smooth_Moretraining,trial0093.mat,93,93,67,1,93,62,68,28,40,8,1,1,5,2,47,27925,2,0,1,2,1,1,1,1,1,1,CHOSE_HIGH_SAL,1,455,1,0,0,0,0,0,93,42,93,42,51,93,1,0,171.018899410039,18.9811005899614,171.018899410039,18.9811005899614,152.037798820077,152.037798820077,NaN,NaN,NaN,1785520936.29341,12758.42428744,2.23154044151306,0.0107183456420898,0.169849634170532,0.878185510635376,1.29410099983215,1.54452872276306,1.57784152030945,1.57784152030945,-1,-1,1.83813166618347,159.131288528442,250.427722930908,33.3127975463867,283.740520477295,Congruent,Right,Left,Right,Right,Right,0,1,1,0,1,1,1,1,1,0,0,0,0,1,1,1,1,1,1,68,28,20260731_t1356_srsSmooth_Moretraining_B001,68,28,4.80920745531718,1.30969405174255,2,1,15,1,1,0,0,1,1
20260731_t1356_srsSmooth_Moretraining,srs_smooth_Moretraining,trial0094.mat,94,94,68,1,94,63,68,28,40,8,1,1,5,2,42,14979,2,0,1,2,1,1,1,1,1,1,CHOSE_HIGH_SAL,1,455,1,0,1,0,0,0,89,50,89,50,39,89,1,0,177.534007069292,12.4659929307083,177.534007069292,12.4659929307083,165.068014138583,165.068014138583,NaN,NaN,NaN,1785520939.82423,12761.95502248,2.31742525100708,0.0133740901947021,0.205520391464233,0.938980340957642,1.32175922393799,1.58067154884338,1.61405444145203,1.61405444145203,-1,-1,1.9242696762085,192.146301269531,258.912324905396,33.3828926086426,292.295217514038,Congruent,Right,Left,Right,Right,Right,0,1,1,0,1,1,1,1,1,0,0,0,0,1,1,1,1,1,1,69,29,20260731_t1356_srsSmooth_Moretraining_B001,69,29,4.86805438995361,1.29927563667297,1,1,93,1,0,0,1,1,1
20260731_t1356_srsSmooth_Moretraining,srs_smooth_Moretraining,trial0095.mat,95,95,69,1,95,64,68,28,40,8,1,1,5,2,43,8371,2,0,1,2,1,1,1,1,1,1,CHOSE_HIGH_SAL,1,455,1,0,0,0,0,0,119,51,119,51,68,119,1,180,334.926281308318,215.073718691682,154.926281308318,35.0737186916825,119.852562616635,119.852562616635,NaN,NaN,NaN,1785520943.41854,12765.54928972,2.11591506004333,0.0108630657196045,0.286252975463867,0.811516761779785,1.19424319267273,1.42800164222717,1.46962928771973,1.46962928771973,-1,-1,1.69681310653687,275.389909744263,233.758449554443,41.6276454925537,275.386095046997,Congruent,Right,Left,Right,Right,Right,0,1,1,0,1,1,1,1,1,0,0,0,0,1,1,1,1,1,1,70,30,20260731_t1356_srsSmooth_Moretraining_B001,70,30,4.92795970439911,1.27689361572266,1,1,89,1,0,0,1,1,1
20260731_t1356_srsSmooth_Moretraining,srs_smooth_Moretraining,trial0096.mat,96,96,70,1,96,65,68,28,40,8,1,2,7,2,57,5263,2,0,1,2,1,1,2,2,0,0,,0,11,0,1,0,0,0,0,111,27,111,27,84,NaN,1,180,243.296586333018,306.703413666982,63.2965863330176,126.703413666982,-63.4068273339649,63.4068273339649,NaN,NaN,NaN,1785520946.7965,12768.92704944,0.0770111083984375,0.016373872756958,0.0178806781768799,-1,-1,-1,-1,-1,-1,-1,-1,1.50680541992188,NaN,NaN,NaN,Conflict,Right,Left,None,Right,Left,0,1,0,1,0,NaN,NaN,NaN,NaN,NaN,NaN,NaN,NaN,1,1,0,1,0,0,70,NaN,20260731_t1356_srsSmooth_Moretraining_B001,NaN,NaN,4.98425897359848,1.26204109191895,NaN,NaN,NaN,0,NaN,NaN,NaN,NaN,0
20260731_t1356_srsSmooth_Moretraining,srs_smooth_Moretraining,trial0097.mat,97,97,70,1,97,65,68,28,40,8,1,2,7,2,60,14212,2,0,1,2,1,1,2,2,1,1,CHOSE_LOW_SAL,2,455,1,0,0,0,0,0,85,36,85,36,49,85,1,180,218.342461781321,331.657538218679,38.342461781321,151.657538218679,-113.315076437358,113.315076437358,NaN,NaN,NaN,1785520948.03713,12770.1676348,2.2218165397644,0.0174610614776611,0.276428461074829,0.834652185440063,1.19250702857971,1.50141549110413,1.53488349914551,1.53488349914551,-1,-1,1.83660769462585,258.967399597168,308.908462524414,33.4680080413818,342.376470565796,Conflict,Right,Left,Right,Right,Left,0,1,0,1,1,1,1,1,0,0,0,0,1,1,1,0,1,0,1,71,31,20260731_t1356_srsSmooth_Moretraining_B001,71,31,5.00493610699972,1.16361689567566,1,1,119,1,0,0,1,1,1
20260731_t1356_srsSmooth_Moretraining,srs_smooth_Moretraining,trial0098.mat,98,98,71,1,98,66,68,28,40,8,1,1,6,2,50,22007,2,0,2,1,1,2,1,2,1,2,CHOSE_HIGH_SAL,1,455,1,0,0,0,0,0,83,10,83,10,73,83,1,0,177.468485178974,12.5315148210263,177.468485178974,12.5315148210263,164.936970357947,164.936970357947,NaN,NaN,NaN,1785520951.5231,12773.65352972,2.27745962142944,0.0149593353271484,0.207213163375854,0.907135486602783,1.24834132194519,1.5491464138031,1.59042382240295,1.59042382240295,-1,-1,1.89238953590393,192.253828048706,300.80509185791,41.2774085998535,342.082500457764,Congruent,Left,Right,Left,Left,Left,0,1,1,0,1,0,1,1,1,1,0,0,0,0,0,0,1,1,1,72,32,20260731_t1356_srsSmooth_Moretraining_B001,72,32,5.06303565502167,1.26415634155273,1,1,85,1,0,1,1,0,1
20260731_t1356_srsSmooth_Moretraining,srs_smooth_Moretraining,trial0099.mat,99,99,72,1,99,67,68,28,40,8,1,2,7,2,57,5263,2,0,1,2,1,1,2,2,1,1,CHOSE_LOW_SAL,2,455,1,0,0,0,0,0,120,34,120,34,86,120,1,180,195.549825079755,354.450174920245,15.549825079755,174.450174920245,-158.90034984049,158.90034984049,NaN,NaN,NaN,1785520955.06481,12777.19527608,2.25259876251221,0.015059232711792,0.257175922393799,0.88255500793457,1.24844121932983,1.54904389381409,1.58230757713318,1.58230757713318,-1,-1,1.83463859558105,242.116689682007,300.602674484253,33.2636833190918,333.866357803345,Conflict,Right,Left,Right,Right,Left,0,1,0,1,1,1,1,1,0,0,0,0,1,1,1,0,1,0,1,73,33,20260731_t1356_srsSmooth_Moretraining_B001,73,33,5.12206408977509,1.26424646377563,1,2,83,1,0,1,1,0,1
20260731_t1356_srsSmooth_Moretraining,srs_smooth_Moretraining,trial0100.mat,100,100,73,2,1,0,56,16,40,8,2,0,1,1,1,29166,1,1,1,2,2,2,1,1,1,1,SINGLE_T1_CORRECT,10,455,1,0,0,0,0,0,72,133,133,72,-61,72,1,0,180,10,180,10,170,170,NaN,NaN,NaN,1785520958.60101,12780.73136452,2.1333703994751,0.012326717376709,0.154697179794312,0.687690019607544,1.16237187385559,1.40445876121521,1.44624304771423,1.44624304771423,-1,-1,1.75620865821838,142.370462417603,242.086887359619,41.7842864990234,283.871173858643,Instruction,Right,Left,Right,Left,Right,1,0,0,0,0,NaN,NaN,NaN,NaN,NaN,NaN,NaN,NaN,1,0,1,0,1,0,74,NaN,20260731_t1356_srsSmooth_Moretraining_B002,1,NaN,5.18100084463755,1.28360652923584,NaN,NaN,NaN,0,NaN,NaN,NaN,NaN,0
20260731_t1356_srsSmooth_Moretraining,srs_smooth_Moretraining,trial0101.mat,101,101,74,2,2,1,56,16,40,8,2,0,2,1,13,19112,1,1,2,1,2,1,1,2,0,0,,0,454,0,1,0,0,0,0,91,120,120,91,-29,NaN,1,180,0,190,180,10,170,170,NaN,NaN,NaN,1785520961.98728,12784.11752484,1.64684200286865,0.0178647041320801,0.260289430618286,0.877021074295044,1.25124669075012,1.5687038898468,-1,-1,-1,-1,-1,242.424726486206,317.45719909668,NaN,NaN,Instruction,Left,Right,None,Right,Left,1,0,0,0,0,NaN,NaN,NaN,NaN,NaN,NaN,NaN,NaN,0,1,0,0,1,0,74,NaN,20260731_t1356_srsSmooth_Moretraining_B002,NaN,NaN,5.23743854761124,1.25289177894592,NaN,NaN,NaN,0,NaN,NaN,NaN,NaN,0
20260731_t1356_srsSmooth_Moretraining,srs_smooth_Moretraining,trial0102.mat,102,102,74,2,3,1,56,16,40,8,2,0,3,1,28,24830,1,2,2,1,2,1,2,1,2,1,SINGLE_T2_CORRECT,11,455,1,0,0,0,0,0,89,130,130,89,-41,130,1,180,190,0,10,180,-170,170,NaN,NaN,NaN,1785520964.76417,12786.89445592,2.13663268089294,0.016075611114502,0.183249950408936,0.783235549926758,1.18278765678406,1.44167637825012,1.48339176177979,1.48339176177979,-1,-1,1.70162725448608,167.174339294434,258.888721466064,41.7153835296631,300.604104995728,Instruction,Left,Right,Right,Right,Right,1,0,0,0,0,NaN,NaN,NaN,NaN,NaN,NaN,NaN,NaN,0,1,1,0,0,0,75,NaN,20260731_t1356_srsSmooth_Moretraining_B002,2,NaN,5.28372019926707,1.13005709648132,NaN,NaN,NaN,0,NaN,NaN,NaN,NaN,0
20260731_t1356_srsSmooth_Moretraining,srs_smooth_Moretraining,trial0103.mat,103,103,75,2,4,2,56,16,40,8,2,0,1,1,4,5501,1,1,1,2,2,2,1,1,1,1,SINGLE_T1_CORRECT,10,455,1,0,0,0,0,0,67,127,127,67,-60,67,1,180,0,190,180,10,170,170,NaN,NaN,NaN,1785520968.21007,12790.34014772,2.16552972793579,0.0119771957397461,0.220860004425049,0.77087140083313,1.1786904335022,1.52094101905823,1.554194688797,1.554194688797,-1,-1,1.79811859130859,208.882808685303,342.25058555603,33.2536697387695,375.5042552948,Instruction,Right,Left,Right,Left,Right,1,0,0,0,0,NaN,NaN,NaN,NaN,NaN,NaN,NaN,NaN,1,0,1,0,1,0,76,NaN,20260731_t1356_srsSmooth_Moretraining_B002,3,NaN,5.34115186929703,1.30926752090454,NaN,NaN,NaN,0,NaN,NaN,NaN,NaN,0
20260731_t1356_srsSmooth_Moretraining,srs_smooth_Moretraining,trial0104.mat,104,104,76,2,5,3,56,16,40,8,2,0,2,1,11,26549,1,1,2,1,2,1,1,2,1,2,SINGLE_T1_CORRECT,10,455,1,0,0,0,0,0,81,124,124,81,-43,81,1,0,180,10,180,10,170,170,NaN,NaN,NaN,1785520971.65782,12793.78785352,2.33550310134888,0.0143654346466064,0.306657314300537,0.93976354598999,1.28941535949707,1.6315553188324,1.67323803901672,1.67323803901672,-1,-1,1.95023083686829,292.291879653931,342.139959335327,41.6827201843262,383.822679519653,Instruction,Left,Right,Left,Right,Left,1,0,0,0,0,NaN,NaN,NaN,NaN,NaN,NaN,NaN,NaN,0,1,0,0,1,0,77,NaN,20260731_t1356_srsSmooth_Moretraining_B002,4,NaN,5.39861433506012,1.28221821784973,NaN,NaN,NaN,0,NaN,NaN,NaN,NaN,0
20260731_t1356_srsSmooth_Moretraining,srs_smooth_Moretraining,trial0105.mat,105,105,77,2,6,4,56,16,40,8,2,0,1,1,6,18893,1,1,1,2,2,2,1,1,1,1,SINGLE_T1_CORRECT,10,455,1,0,0,0,0,0,57,113,113,57,-56,57,1,0,180,10,180,10,170,170,NaN,NaN,NaN,1785520975.2681,12797.39804912,2.07490682601929,0.0125675201416016,0.263442754745483,0.813459873199463,1.17094659805298,1.44678258895874,1.48019766807556,1.48019766807556,-1,-1,1.71558308601379,250.875234603882,275.835990905762,33.4150791168213,309.251070022583,Instruction,Right,Left,Right,Left,Right,1,0,0,0,0,NaN,NaN,NaN,NaN,NaN,NaN,NaN,NaN,1,0,1,0,1,0,78,NaN,20260731_t1356_srsSmooth_Moretraining_B002,5,NaN,5.4587855497996,1.27476978302002,NaN,NaN,NaN,0,NaN,NaN,NaN,NaN,0
20260731_t1356_srsSmooth_Moretraining,srs_smooth_Moretraining,trial0106.mat,106,106,78,2,7,5,56,16,40,8,2,0,1,1,9,5917,1,1,1,2,2,2,1,1,0,0,,0,11,0,1,0,0,0,0,70,112,112,70,-42,NaN,1,0,180,10,180,10,170,170,NaN,NaN,NaN,1785520978.64448,12800.77449392,0.271919727325439,0.0113131999969482,0.220024585723877,-1,-1,-1,-1,-1,-1,-1,-1,208.711385726929,NaN,NaN,NaN,Instruction,Right,Left,None,Left,Right,1,0,0,0,0,NaN,NaN,NaN,NaN,NaN,NaN,NaN,NaN,1,0,1,0,1,0,78,NaN,20260731_t1356_srsSmooth_Moretraining_B002,NaN,NaN,5.51505867242813,1.3014805316925,NaN,NaN,NaN,0,NaN,NaN,NaN,NaN,0
20260731_t1356_srsSmooth_Moretraining,srs_smooth_Moretraining,trial0107.mat,107,107,78,2,8,5,56,16,40,8,2,0,3,1,27,20158,1,2,2,1,2,1,2,1,2,1,SINGLE_T2_CORRECT,11,455,1,0,0,0,0,0,63,147,147,63,-84,147,1,180,190,0,10,180,-170,170,NaN,NaN,NaN,1785520980.11638,12802.24638328,2.3434464931488,0.0144710540771484,0.198569059371948,0.956779003143311,1.33118891716003,1.55684638023376,1.59013271331787,1.59013271331787,-1,-1,1.89187550544739,184.0980052948,225.65746307373,33.2863330841064,258.943796157837,Instruction,Left,Right,Right,Right,Right,1,0,0,0,0,NaN,NaN,NaN,NaN,NaN,NaN,NaN,NaN,0,1,1,0,0,0,79,NaN,20260731_t1356_srsSmooth_Moretraining_B002,6,NaN,5.53959034283956,1.19998049736023,NaN,NaN,NaN,0,NaN,NaN,NaN,NaN,0
20260731_t1356_srsSmooth_Moretraining,srs_smooth_Moretraining,trial0108.mat,108,108,79,2,9,6,56,16,40,8,2,0,1,1,5,10289,1,1,1,2,2,2,1,1,1,1,SINGLE_T1_CORRECT,10,455,1,0,0,0,0,0,85,133,133,85,-48,85,1,180,0,190,180,10,170,170,NaN,NaN,NaN,1785520983.741,12805.8708396,2.35284757614136,0.0149967670440674,0.257165670394897,0.965451717376709,1.3483829498291,1.62402987480164,1.66578102111816,1.66578102111816,-1,-1,1.96770405769348,242.16890335083,275.646924972534,41.7511463165283,317.398071289062,Instruction,Right,Left,Right,Left,Right,1,0,0,0,0,NaN,NaN,NaN,NaN,NaN,NaN,NaN,NaN,1,0,1,0,1,0,80,NaN,20260731_t1356_srsSmooth_Moretraining_B002,7,NaN,5.60000061194102,1.28116965293884,NaN,NaN,NaN,0,NaN,NaN,NaN,NaN,0
20260731_t1356_srsSmooth_Moretraining,srs_smooth_Moretraining,trial0109.mat,109,109,80,2,10,7,56,16,40,8,2,0,2,1,14,23074,1,1,2,1,2,1,1,2,1,2,SINGLE_T1_CORRECT,10,455,1,0,0,0,0,0,71,113,113,71,-42,71,1,180,0,190,180,10,170,170,NaN,NaN,NaN,1785520987.38204,12809.5118186,2.03608918190002,0.0157687664031982,0.183179140090942,0.708063364028931,1.05747675895691,1.34142637252808,1.38322925567627,1.38322925567627,-1,-1,1.66807055473328,167.410373687744,283.949613571167,41.8028831481934,325.75249671936,Instruction,Left,Right,Left,Right,Left,1,0,0,0,0,NaN,NaN,NaN,NaN,NaN,NaN,NaN,NaN,0,1,0,0,1,0,81,NaN,20260731_t1356_srsSmooth_Moretraining_B002,8,NaN,5.66068456172943,1.28818941116333,NaN,NaN,NaN,0,NaN,NaN,NaN,NaN,0
20260731_t1356_srsSmooth_Moretraining,srs_smooth_Moretraining,trial0110.mat,110,110,81,2,11,8,56,16,40,8,2,0,4,1,35,24545,1,2,1,2,2,2,2,2,0,0,,0,11,0,1,0,0,0,0,76,129,129,76,-53,NaN,1,0,10,180,10,180,-170,170,NaN,NaN,NaN,1785520990.68764,12812.81733748,0.262697458267212,0.0186300277709961,0.211061954498291,-1,-1,-1,-1,-1,-1,-1,-1,192.431926727295,NaN,NaN,NaN,Instruction,Right,Left,None,Left,Left,1,0,0,0,0,NaN,NaN,NaN,NaN,NaN,NaN,NaN,NaN,1,0,0,0,0,0,81,NaN,20260731_t1356_srsSmooth_Moretraining_B002,NaN,NaN,5.71577792565028,1.26951265335083,NaN,NaN,NaN,0,NaN,NaN,NaN,NaN,0
20260731_t1356_srsSmooth_Moretraining,srs_smooth_Moretraining,trial0111.mat,111,111,81,2,12,8,56,16,40,8,2,0,1,1,3,27208,1,1,1,2,2,2,1,1,1,1,SINGLE_T1_CORRECT,10,455,1,0,0,0,0,0,66,137,137,66,-71,66,1,180,0,190,180,10,170,170,NaN,NaN,NaN,1785520992.14986,12814.27945332,2.11043739318848,0.0147960186004639,0.156829118728638,0.790266752243042,1.18150806427002,1.48196387290955,1.52360057830811,1.52360057830811,-1,-1,1.74188208580017,142.033100128174,300.455808639526,41.6367053985596,342.092514038086,Instruction,Right,Left,Right,Left,Right,1,0,0,0,0,NaN,NaN,NaN,NaN,NaN,NaN,NaN,NaN,1,0,1,0,1,0,82,NaN,20260731_t1356_srsSmooth_Moretraining_B002,9,NaN,5.74014832576116,1.19952654838562,NaN,NaN,NaN,0,NaN,NaN,NaN,NaN,0
20260731_t1356_srsSmooth_Moretraining,srs_smooth_Moretraining,trial0112.mat,112,112,82,2,13,9,56,16,40,8,2,0,4,1,36,23632,1,2,1,2,2,2,2,2,2,2,SINGLE_T2_CORRECT,11,455,1,0,0,0,0,0,82,153,153,82,-71,153,1,0,10,180,10,180,-170,170,NaN,NaN,NaN,1785520995.53818,12817.6678824,2.28086757659912,0.0182743072509766,0.252094030380249,0.852117300033569,1.2516553401947,1.53544020652771,1.57747149467468,1.57747149467468,-1,-1,1.82924675941467,233.819723129272,283.784866333008,42.0312881469727,325.81615447998,Instruction,Right,Left,Left,Left,Left,1,0,0,0,0,NaN,NaN,NaN,NaN,NaN,NaN,NaN,NaN,1,0,0,0,0,0,83,NaN,20260731_t1356_srsSmooth_Moretraining_B002,10,NaN,5.79662033716838,1.27788329124451,NaN,NaN,NaN,0,NaN,NaN,NaN,NaN,0
20260731_t1356_srsSmooth_Moretraining,srs_smooth_Moretraining,trial0113.mat,113,113,83,2,14,10,56,16,40,8,2,0,1,1,2,18595,1,1,1,2,2,2,1,1,1,1,SINGLE_T1_CORRECT,10,455,1,0,0,0,0,0,69,124,124,69,-55,69,1,0,180,10,180,10,170,170,NaN,NaN,NaN,1785520999.12788,12821.25743216,2.33266377449036,0.0120525360107422,0.245797395706177,0.970831394195557,1.36210441589355,1.62105083465576,1.65418481826782,1.65418481826782,-1,-1,1.96430277824402,233.744859695435,258.946418762207,33.1339836120605,292.080402374268,Instruction,Right,Left,Right,Left,Right,1,0,0,0,0,NaN,NaN,NaN,NaN,NaN,NaN,NaN,NaN,1,0,1,0,1,0,84,NaN,20260731_t1356_srsSmooth_Moretraining_B002,11,NaN,5.85644858280818,1.30882716178894,NaN,NaN,NaN,0,NaN,NaN,NaN,NaN,0
20260731_t1356_srsSmooth_Moretraining,srs_smooth_Moretraining,trial0114.mat,114,114,84,2,15,11,56,16,40,8,2,0,4,1,32,5645,1,2,1,2,2,2,2,2,2,2,SINGLE_T2_CORRECT,11,455,1,0,0,0,0,0,66,126,126,66,-60,126,1,180,190,0,10,180,-170,170,NaN,NaN,NaN,1785521002.73849,12824.86799956,2.24011254310608,0.0182476043701172,0.235677719116211,0.893943071365356,1.27662968635559,1.51058959960938,1.54392743110657,1.54392743110657,-1,-1,1.81245255470276,217.430114746094,233.959913253784,33.3378314971924,267.297744750977,Instruction,Right,Left,Left,Left,Left,1,0,0,0,0,NaN,NaN,NaN,NaN,NaN,NaN,NaN,NaN,1,0,0,0,0,0,85,NaN,20260731_t1356_srsSmooth_Moretraining_B002,12,NaN,5.91662544806798,1.27794814109802,NaN,NaN,NaN,0,NaN,NaN,NaN,NaN,0
20260731_t1356_srsSmooth_Moretraining,srs_smooth_Moretraining,trial0115.mat,115,115,85,2,16,12,56,16,40,8,2,0,2,1,18,13433,1,1,2,1,2,1,1,2,0,0,,0,11,0,1,0,0,0,0,57,144,144,57,-87,NaN,1,180,0,190,180,10,170,170,NaN,NaN,NaN,1785521006.25997,12828.3893222,0.308304786682129,0.0135729312896729,0.25585412979126,-1,-1,-1,-1,-1,-1,-1,-1,242.281198501587,NaN,NaN,NaN,Instruction,Left,Right,None,Right,Left,1,0,0,0,0,NaN,NaN,NaN,NaN,NaN,NaN,NaN,NaN,0,1,0,0,1,0,85,NaN,20260731_t1356_srsSmooth_Moretraining_B002,NaN,NaN,5.97531674305598,1.28136515617371,NaN,NaN,NaN,0,NaN,NaN,NaN,NaN,0
20260731_t1356_srsSmooth_Moretraining,srs_smooth_Moretraining,trial0116.mat,116,116,85,2,17,12,56,16,40,8,2,0,1,1,10,5831,1,1,1,2,2,2,1,1,1,1,SINGLE_T1_CORRECT,10,455,1,0,0,0,0,0,90,120,120,90,-30,90,1,0,180,10,180,10,170,170,NaN,NaN,NaN,1785521007.74885,12829.87821688,2.1201446056366,0.0164179801940918,0.225216150283813,0.791887044906616,1.2081310749054,1.47524452209473,1.50856280326843,1.50856280326843,-1,-1,1.72686004638672,208.798170089722,267.113447189331,33.3182811737061,300.431728363037,Instruction,Right,Left,Right,Left,Right,1,0,0,0,0,NaN,NaN,NaN,NaN,NaN,NaN,NaN,NaN,1,0,1,0,1,0,86,NaN,20260731_t1356_srsSmooth_Moretraining_B002,13,NaN,6.00013139247894,1.18057417869568,NaN,NaN,NaN,0,NaN,NaN,NaN,NaN,0
20260731_t1356_srsSmooth_Moretraining,srs_smooth_Moretraining,trial0117.mat,117,117,86,2,18,13,56,16,40,8,2,0,3,1,29,17856,1,2,2,1,2,1,2,1,2,1,SINGLE_T2_CORRECT,11,455,1,0,7,0,0,0,64,133,133,64,-69,133,1,0,10,180,10,180,-170,170,NaN,NaN,NaN,1785521011.13989,12833.269163,2.37149238586426,0.0171732902526855,0.242978096008301,0.976383686065674,1.3505585193634,1.60740208625793,1.66788148880005,1.66788148880005,-1,-1,1.93645668029785,225.804805755615,256.843566894531,60.4794025421143,317.322969436646,Instruction,Left,Right,Right,Right,Right,1,0,0,0,0,NaN,NaN,NaN,NaN,NaN,NaN,NaN,NaN,0,1,1,0,0,0,87,NaN,20260731_t1356_srsSmooth_Moretraining_B002,14,NaN,6.05664876699448,1.27089786529541,NaN,NaN,NaN,0,NaN,NaN,NaN,NaN,0
20260731_t1356_srsSmooth_Moretraining,srs_smooth_Moretraining,trial0118.mat,118,118,87,2,19,14,56,16,40,8,2,0,1,1,9,5917,1,1,1,2,2,2,1,1,1,1,SINGLE_T1_CORRECT,10,455,1,0,0,0,0,0,67,119,119,67,-52,67,1,0,180,10,180,10,170,170,NaN,NaN,NaN,1785521014.80113,12836.93028348,2.06016826629639,0.0144052505493164,0.240043640136719,0.756523370742798,1.13944864273071,1.39026927947998,1.43196678161621,1.43196678161621,-1,-1,1.69228601455688,225.638389587402,250.820636749268,41.6975021362305,292.518138885498,Instruction,Right,Left,Right,Left,Right,1,0,0,0,0,NaN,NaN,NaN,NaN,NaN,NaN,NaN,NaN,1,0,1,0,1,0,88,NaN,20260731_t1356_srsSmooth_Moretraining_B002,15,NaN,6.11766948302587,1.28975057601929,NaN,NaN,NaN,0,NaN,NaN,NaN,NaN,0
20260731_t1356_srsSmooth_Moretraining,srs_smooth_Moretraining,trial0119.mat,119,119,88,2,20,15,56,16,40,8,2,0,4,1,33,28231,1,2,1,2,2,2,2,2,2,2,SINGLE_T2_CORRECT,11,455,1,0,0,0,0,0,69,139,139,69,-70,139,1,0,10,180,10,180,-170,170,NaN,NaN,NaN,1785521018.1355,12840.26465404,2.28401374816895,0.0134978294372559,0.247202396392822,0.872265577316284,1.32188200950623,1.58060145378113,1.62229061126709,1.62229061126709,-1,-1,1.84075617790222,233.704566955566,258.719444274902,41.6891574859619,300.408601760864,Instruction,Right,Left,Left,Left,Left,1,0,0,0,0,NaN,NaN,NaN,NaN,NaN,NaN,NaN,NaN,1,0,0,0,0,0,89,NaN,20260731_t1356_srsSmooth_Moretraining_B002,16,NaN,6.17324231068293,1.27420139312744,NaN,NaN,NaN,0,NaN,NaN,NaN,NaN,0
20260731_t1356_srsSmooth_Moretraining,srs_smooth_Moretraining,trial0120.mat,120,120,89,2,21,16,56,16,40,8,2,0,3,1,25,6104,1,2,2,1,2,1,2,1,2,1,SINGLE_T2_CORRECT,11,455,1,0,0,0,0,0,66,124,124,66,-58,124,1,180,190,0,10,180,-170,170,NaN,NaN,NaN,1785521021.69947,12843.82854616,2.24572587013245,0.0163347721099854,0.308672189712524,0.841986179351807,1.23304867744446,1.4920015335083,1.52538824081421,1.52538824081421,-1,-1,1.81896042823792,292.337417602539,258.952856063843,33.3867073059082,292.339563369751,Instruction,Left,Right,Right,Right,Right,1,0,0,0,0,NaN,NaN,NaN,NaN,NaN,NaN,NaN,NaN,0,1,1,0,0,0,90,NaN,20260731_t1356_srsSmooth_Moretraining_B002,17,NaN,6.23264176448186,1.27995347976685,NaN,NaN,NaN,0,NaN,NaN,NaN,NaN,0
20260731_t1356_srsSmooth_Moretraining,srs_smooth_Moretraining,trial0121.mat,121,121,90,2,22,17,56,16,40,8,2,0,3,1,22,1271,1,2,2,1,2,1,2,1,2,1,SINGLE_T2_CORRECT,11,455,1,0,0,0,0,0,73,125,125,73,-52,125,1,180,190,0,10,180,-170,170,NaN,NaN,NaN,1785521025.2129,12847.34183548,2.34922695159912,0.0113747119903564,0.278745412826538,1.07023882865906,1.41142892837524,1.63686752319336,1.67024755477905,1.67024755477905,-1,-1,1.92182898521423,267.370700836182,225.438594818115,33.3800315856934,258.818626403809,Instruction,Left,Right,Right,Right,Right,1,0,0,0,0,NaN,NaN,NaN,NaN,NaN,NaN,NaN,NaN,0,1,1,0,0,0,91,NaN,20260731_t1356_srsSmooth_Moretraining_B002,18,NaN,6.29119890928268,1.26770281791687,NaN,NaN,NaN,0,NaN,NaN,NaN,NaN,0
20260731_t1356_srsSmooth_Moretraining,srs_smooth_Moretraining,trial0122.mat,122,122,91,2,23,18,56,16,40,8,2,0,2,1,18,13433,1,1,2,1,2,1,1,2,1,2,SINGLE_T1_CORRECT,10,455,1,0,0,0,0,0,77,109,109,77,-32,77,1,0,180,10,180,10,170,170,NaN,NaN,NaN,1785521028.87005,12850.99898164,2.2167751789093,0.0126948356628418,0.229930400848389,0.930365800857544,1.27107644081116,1.53829026222229,1.58830428123474,1.58830428123474,-1,-1,1.84041619300842,217.235565185547,267.213821411133,50.0140190124512,317.227840423584,Instruction,Left,Right,Left,Right,Left,1,0,0,0,0,NaN,NaN,NaN,NaN,NaN,NaN,NaN,NaN,0,1,0,0,1,0,92,NaN,20260731_t1356_srsSmooth_Moretraining_B002,19,NaN,6.3521514972051,1.30792832374573,NaN,NaN,NaN,0,NaN,NaN,NaN,NaN,0
20260731_t1356_srsSmooth_Moretraining,srs_smooth_Moretraining,trial0123.mat,123,123,92,2,24,19,56,16,40,8,2,0,2,1,17,28177,1,1,2,1,2,1,1,2,1,2,SINGLE_T1_CORRECT,10,455,1,0,0,0,0,0,67,121,121,67,-54,67,1,180,0,190,180,10,170,170,NaN,NaN,NaN,1785521032.40918,12854.53808728,2.32767057418823,0.0153665542602539,0.282645702362061,1.01590824127197,1.39041972160339,1.66594052314758,1.70777010917664,1.70777010917664,-1,-1,1.95966672897339,267.279148101807,275.520801544189,41.8295860290527,317.350387573242,Instruction,Left,Right,Left,Right,Left,1,0,0,0,0,NaN,NaN,NaN,NaN,NaN,NaN,NaN,NaN,0,1,0,0,1,0,93,NaN,20260731_t1356_srsSmooth_Moretraining_B002,20,NaN,6.41113701264064,1.3223557472229,NaN,NaN,NaN,0,NaN,NaN,NaN,NaN,0
20260731_t1356_srsSmooth_Moretraining,srs_smooth_Moretraining,trial0124.mat,124,124,93,2,25,20,56,16,40,8,2,0,2,1,16,9486,1,1,2,1,2,1,1,2,1,2,SINGLE_T1_CORRECT,10,455,1,0,0,0,0,0,78,138,138,78,-60,78,1,180,0,190,180,10,170,170,NaN,NaN,NaN,1785521036.02315,12858.15193392,2.17274236679077,0.0182101726531982,0.252139329910278,0.86063814163208,1.24325823783875,1.4604229927063,1.50235104560852,1.50235104560852,-1,-1,1.79610466957092,233.92915725708,217.164754867554,41.9280529022217,259.092807769775,Instruction,Left,Right,Left,Right,Left,1,0,0,0,0,NaN,NaN,NaN,NaN,NaN,NaN,NaN,NaN,0,1,0,0,1,0,94,NaN,20260731_t1356_srsSmooth_Moretraining_B002,21,NaN,6.47136972347895,1.28629207611084,NaN,NaN,NaN,0,NaN,NaN,NaN,NaN,0
20260731_t1356_srsSmooth_Moretraining,srs_smooth_Moretraining,trial0125.mat,125,125,94,2,26,21,56,16,40,8,2,0,4,1,34,27247,1,2,1,2,2,2,2,2,2,2,SINGLE_T2_CORRECT,11,455,1,0,0,0,0,0,84,157,157,84,-73,157,1,0,10,180,10,180,-170,170,NaN,NaN,NaN,1785521039.45657,12861.58529948,2.42225885391235,0.0182552337646484,0.285597324371338,1.06890845298767,1.41830921173096,1.66912221908569,1.70244383811951,1.70244383811951,-1,-1,1.96270394325256,267.342090606689,250.813007354736,33.3216190338135,284.13462638855,Instruction,Right,Left,Left,Left,Left,1,0,0,0,0,NaN,NaN,NaN,NaN,NaN,NaN,NaN,NaN,1,0,0,0,0,0,95,NaN,20260731_t1356_srsSmooth_Moretraining_B002,22,NaN,6.52859340508779,1.26067852973938,NaN,NaN,NaN,0,NaN,NaN,NaN,NaN,0
20260731_t1356_srsSmooth_Moretraining,srs_smooth_Moretraining,trial0126.mat,126,126,95,2,27,22,56,16,40,8,2,0,2,1,20,20197,1,1,2,1,2,1,1,2,1,2,SINGLE_T1_CORRECT,10,455,1,0,0,0,0,0,62,139,139,62,-77,62,1,0,180,10,180,10,170,170,NaN,NaN,NaN,1785521043.15751,12865.28616836,2.35531306266785,0.0174558162689209,0.23457145690918,1.03497505187988,1.3841757774353,1.65166664123535,1.69297432899475,1.69297432899475,-1,-1,1.99481272697449,217.115640640259,267.490863800049,41.3076877593994,308.798551559448,Instruction,Left,Right,Left,Right,Left,1,0,0,0,0,NaN,NaN,NaN,NaN,NaN,NaN,NaN,NaN,0,1,0,0,1,0,96,NaN,20260731_t1356_srsSmooth_Moretraining_B002,23,NaN,6.5902757803599,1.27868366241455,NaN,NaN,NaN,0,NaN,NaN,NaN,NaN,0
20260731_t1356_srsSmooth_Moretraining,srs_smooth_Moretraining,trial0127.mat,127,127,96,2,28,23,56,16,40,8,2,0,4,1,39,9204,1,2,1,2,2,2,2,2,2,2,SINGLE_T2_CORRECT,11,455,1,0,0,0,0,0,65,111,111,65,-46,111,1,180,190,0,10,180,-170,170,NaN,NaN,NaN,1785521046.83549,12868.9640236,2.19377112388611,0.0146164894104004,0.190147876739502,0.798907995223999,1.15632748603821,1.47372341156006,1.50719571113586,1.50719571113586,-1,-1,1.78469204902649,175.531387329102,317.395925521851,33.4722995758057,350.868225097656,Instruction,Right,Left,Left,Left,Left,1,0,0,0,0,NaN,NaN,NaN,NaN,NaN,NaN,NaN,NaN,1,0,0,0,0,0,97,NaN,20260731_t1356_srsSmooth_Moretraining_B002,24,NaN,6.65157546599706,1.32266807556152,NaN,NaN,NaN,0,NaN,NaN,NaN,NaN,0
20260731_t1356_srsSmooth_Moretraining,srs_smooth_Moretraining,trial0128.mat,128,128,97,2,29,24,56,16,40,8,2,0,4,1,31,24924,1,2,1,2,2,2,2,2,2,2,SINGLE_T2_CORRECT,11,455,1,0,0,0,0,0,67,124,124,67,-57,124,1,180,190,0,10,180,-170,170,NaN,NaN,NaN,1785521050.316,12872.44446168,2.16392922401428,0.0175786018371582,0.201598405838013,0.793388605117798,1.18429064750671,1.45170545578003,1.48504161834717,1.48504161834717,-1,-1,1.73768353462219,184.019804000854,267.414808273315,33.3361625671387,300.750970840454,Instruction,Right,Left,Left,Left,Left,1,0,0,0,0,NaN,NaN,NaN,NaN,NaN,NaN,NaN,NaN,1,0,0,0,0,0,98,NaN,20260731_t1356_srsSmooth_Moretraining_B002,25,NaN,6.70958389838537,1.28673481941223,NaN,NaN,NaN,0,NaN,NaN,NaN,NaN,0
20260731_t1356_srsSmooth_Moretraining,srs_smooth_Moretraining,trial0129.mat,129,129,98,2,30,25,56,16,40,8,2,0,4,1,40,3629,1,2,1,2,2,2,2,2,2,2,SINGLE_T2_CORRECT,11,455,1,0,0,0,0,0,36,139,139,36,-103,139,1,180,190,0,10,180,-170,170,NaN,NaN,NaN,1785521053.7718,12875.90032196,2.25866627693176,0.0119137763977051,0.204168558120728,0.937500238418579,1.3119637966156,1.55439424514771,1.5875461101532,1.5875461101532,-1,-1,1.81535387039185,192.254781723022,242.430448532104,33.1518650054932,275.582313537598,Instruction,Right,Left,Left,Left,Left,1,0,0,0,0,NaN,NaN,NaN,NaN,NaN,NaN,NaN,NaN,1,0,0,0,0,0,99,NaN,20260731_t1356_srsSmooth_Moretraining_B002,26,NaN,6.76718054612478,1.29186964035034,NaN,NaN,NaN,0,NaN,NaN,NaN,NaN,0
20260731_t1356_srsSmooth_Moretraining,srs_smooth_Moretraining,trial0131.mat,131,131,99,2,32,26,56,16,40,8,2,0,4,1,35,24545,1,2,1,2,2,2,2,2,2,2,SINGLE_T2_CORRECT,11,455,1,0,0,0,0,0,51,143,143,51,-92,143,1,180,190,0,10,180,-170,170,NaN,NaN,NaN,1785521058.8362,12880.96454368,2.21006655693054,0.0143723487854004,0.223365545272827,0.781922578811646,1.15608358383179,1.4398410320282,1.48158550262451,1.48158550262451,-1,-1,1.75822472572327,208.993196487427,283.757448196411,41.7444705963135,325.501918792725,Instruction,Right,Left,Left,Left,Left,1,0,0,0,0,NaN,NaN,NaN,NaN,NaN,NaN,NaN,NaN,1,0,0,0,0,0,100,NaN,20260731_t1356_srsSmooth_Moretraining_B002,27,NaN,6.85158726771673,2.80573701858521,NaN,NaN,NaN,0,NaN,NaN,NaN,NaN,0
20260731_t1356_srsSmooth_Moretraining,srs_smooth_Moretraining,trial0132.mat,132,132,100,2,33,27,56,16,40,8,2,0,3,1,24,3640,1,2,2,1,2,1,2,1,2,1,SINGLE_T2_CORRECT,11,455,1,0,0,0,0,0,64,121,121,64,-57,121,1,0,10,180,10,180,-170,170,NaN,NaN,NaN,1785521062.29737,12884.42564428,2.19924426078796,0.0116662979125977,0.262520790100098,0.912422180175781,1.28671526908875,1.52904057502747,1.56221985816956,1.56221985816956,-1,-1,1.78080630302429,250.8544921875,242.325305938721,33.1792831420898,275.504589080811,Instruction,Left,Right,Right,Right,Right,1,0,0,0,0,NaN,NaN,NaN,NaN,NaN,NaN,NaN,NaN,0,1,1,0,0,0,101,NaN,20260731_t1356_srsSmooth_Moretraining_B002,28,NaN,6.90927350521088,1.25110769271851,NaN,NaN,NaN,0,NaN,NaN,NaN,NaN,0
20260731_t1356_srsSmooth_Moretraining,srs_smooth_Moretraining,trial0133.mat,133,133,101,2,34,28,56,16,40,8,2,0,2,1,12,1884,1,1,2,1,2,1,1,2,1,2,SINGLE_T1_CORRECT,10,455,1,0,0,0,0,0,92,111,111,92,-19,92,1,180,0,190,180,10,170,170,NaN,NaN,NaN,1785521065.76715,12887.89542908,2.26256799697876,0.0170199871063232,0.209497928619385,0.959065675735474,1.35040497779846,1.58411645889282,1.61759805679321,1.61759805679321,-1,-1,1.86966228485107,192.477941513062,233.71148109436,33.4815979003906,267.193078994751,Instruction,Left,Right,Left,Right,Left,1,0,0,0,0,NaN,NaN,NaN,NaN,NaN,NaN,NaN,NaN,0,1,0,0,1,0,102,NaN,20260731_t1356_srsSmooth_Moretraining_B002,29,NaN,6.96710317532221,1.27053594589233,NaN,NaN,NaN,0,NaN,NaN,NaN,NaN,0
20260731_t1356_srsSmooth_Moretraining,srs_smooth_Moretraining,trial0134.mat,134,134,102,2,35,29,56,16,40,8,2,0,2,1,15,29625,1,1,2,1,2,1,1,2,1,2,SINGLE_T1_CORRECT,10,455,1,0,0,0,0,0,76,118,118,76,-42,76,1,0,180,10,180,10,170,170,NaN,NaN,NaN,1785521069.31514,12891.44331116,2.40697979927063,0.0108399391174316,0.294633626937866,1.07799029350281,1.46089696884155,1.71131134033203,1.74476051330566,1.74476051330566,-1,-1,2.03036379814148,283.793687820435,250.414371490479,33.4491729736328,283.863544464111,Instruction,Left,Right,Left,Right,Left,1,0,0,0,0,NaN,NaN,NaN,NaN,NaN,NaN,NaN,NaN,0,1,0,0,1,0,103,NaN,20260731_t1356_srsSmooth_Moretraining_B002,30,NaN,7.02623624404271,1.28541612625122,NaN,NaN,NaN,0,NaN,NaN,NaN,NaN,0
20260731_t1356_srsSmooth_Moretraining,srs_smooth_Moretraining,trial0135.mat,135,135,103,2,36,30,56,16,40,8,2,0,2,1,13,19112,1,1,2,1,2,1,1,2,1,2,SINGLE_T1_CORRECT,10,455,1,0,0,0,0,0,69,134,134,69,-65,69,1,0,180,10,180,10,170,170,NaN,NaN,NaN,1785521073.02944,12895.15755064,2.29307150840759,0.0133657455444336,0.25589656829834,0.997123718261719,1.39673781394958,1.63091444969177,1.67212009429932,1.67212009429932,-1,-1,1.92442631721497,242.530822753906,234.176635742188,41.2056446075439,275.382280349731,Instruction,Left,Right,Left,Right,Left,1,0,0,0,0,NaN,NaN,NaN,NaN,NaN,NaN,NaN,NaN,0,1,0,0,1,0,104,NaN,20260731_t1356_srsSmooth_Moretraining_B002,31,NaN,7.08814124663671,1.30732035636902,NaN,NaN,NaN,0,NaN,NaN,NaN,NaN,0
20260731_t1356_srsSmooth_Moretraining,srs_smooth_Moretraining,trial0136.mat,136,136,104,2,37,31,56,16,40,8,2,0,1,1,7,3987,1,1,1,2,2,2,1,1,1,1,SINGLE_T1_CORRECT,10,455,1,0,6,0,0,0,71,137,137,71,-66,71,1,0,180,10,180,10,170,170,NaN,NaN,NaN,1785521076.59597,12898.72393692,2.30964803695679,0.013617992401123,0.222715854644775,0.964523315429688,1.33033585548401,1.61451578140259,1.65591073036194,1.65591073036194,-1,-1,1.94113922119141,209.097862243652,284.179925918579,41.3949489593506,325.57487487793,Instruction,Right,Left,Right,Left,Right,1,0,0,0,0,NaN,NaN,NaN,NaN,NaN,NaN,NaN,NaN,1,0,1,0,1,0,105,NaN,20260731_t1356_srsSmooth_Moretraining_B002,32,NaN,7.1475835442543,1.27346634864807,NaN,NaN,NaN,0,NaN,NaN,NaN,NaN,0
20260731_t1356_srsSmooth_Moretraining,srs_smooth_Moretraining,trial0137.mat,137,137,105,2,38,32,56,16,40,8,2,0,1,1,8,21900,1,1,1,2,2,2,1,1,1,1,SINGLE_T1_CORRECT,10,455,1,0,0,0,0,0,53,129,129,53,-76,53,1,180,0,190,180,10,170,170,NaN,NaN,NaN,1785521080.18735,12902.31521248,2.343590259552,0.0140459537506104,0.272945165634155,0.972811937332153,1.33909797668457,1.65654253959656,1.68976283073425,1.68976283073425,-1,-1,1.99163627624512,258.899211883545,317.444562911987,33.2202911376953,350.664854049683,Instruction,Right,Left,Right,Left,Right,1,0,0,0,0,NaN,NaN,NaN,NaN,NaN,NaN,NaN,NaN,1,0,1,0,1,0,106,NaN,20260731_t1356_srsSmooth_Moretraining_B002,33,NaN,7.20743984381358,1.28172993659973,NaN,NaN,NaN,0,NaN,NaN,NaN,NaN,0
20260731_t1356_srsSmooth_Moretraining,srs_smooth_Moretraining,trial0138.mat,138,138,106,2,39,33,56,16,40,8,2,0,3,1,30,6442,1,2,2,1,2,1,2,1,2,1,SINGLE_T2_CORRECT,11,455,1,0,0,0,0,0,72,140,140,72,-68,140,1,0,10,180,10,180,-170,170,NaN,NaN,NaN,1785521083.835,12905.96288884,2.2206130027771,0.0165414810180664,0.242027521133423,0.842097997665405,1.20825457572937,1.48380708694458,1.52547144889832,1.52547144889832,-1,-1,1.7775239944458,225.486040115356,275.55251121521,41.6643619537354,317.216873168945,Instruction,Left,Right,Right,Right,Right,1,0,0,0,0,NaN,NaN,NaN,NaN,NaN,NaN,NaN,NaN,0,1,1,0,0,0,107,NaN,20260731_t1356_srsSmooth_Moretraining_B002,34,NaN,7.26823395093282,1.30405616760254,NaN,NaN,NaN,0,NaN,NaN,NaN,NaN,0
20260731_t1356_srsSmooth_Moretraining,srs_smooth_Moretraining,trial0139.mat,139,139,107,2,40,34,56,16,40,8,2,0,2,1,19,32702,1,1,2,1,2,1,1,2,1,2,SINGLE_T1_CORRECT,10,455,1,0,0,0,0,0,61,142,142,61,-81,61,1,0,180,10,180,10,170,170,NaN,NaN,NaN,1785521087.32215,12909.44988184,2.3174877166748,0.0128636360168457,0.288412809371948,1.03026938438416,1.46291971206665,1.68020963668823,1.71367573738098,1.71367573738098,-1,-1,1.95734930038452,275.549173355103,217.289924621582,33.466100692749,250.756025314331,Instruction,Left,Right,Left,Right,Left,1,0,0,0,0,NaN,NaN,NaN,NaN,NaN,NaN,NaN,NaN,0,1,0,0,1,0,108,NaN,20260731_t1356_srsSmooth_Moretraining_B002,35,NaN,7.32635306517283,1.26653385162354,NaN,NaN,NaN,0,NaN,NaN,NaN,NaN,0
20260731_t1356_srsSmooth_Moretraining,srs_smooth_Moretraining,trial0140.mat,140,140,108,2,41,35,56,16,40,8,2,0,4,1,38,29891,1,2,1,2,2,2,2,2,2,2,SINGLE_T2_CORRECT,11,455,1,0,0,0,0,0,58,139,139,58,-81,139,1,180,190,0,10,180,-170,170,NaN,NaN,NaN,1785521090.93465,12913.06239504,2.36333751678467,0.0171627998352051,0.242730855941772,0.959609746932983,1.35054874420166,1.59269046783447,1.62586998939514,1.62586998939514,-1,-1,1.91999888420105,225.568056106567,242.141723632812,33.1795215606689,275.321245193481,Instruction,Right,Left,Left,Left,Left,1,0,0,0,0,NaN,NaN,NaN,NaN,NaN,NaN,NaN,NaN,1,0,0,0,0,0,109,NaN,20260731_t1356_srsSmooth_Moretraining_B002,36,NaN,7.38656152884165,1.29502010345459,NaN,NaN,NaN,0,NaN,NaN,NaN,NaN,0
20260731_t1356_srsSmooth_Moretraining,srs_smooth_Moretraining,trial0141.mat,141,141,109,2,42,36,56,16,40,8,2,0,3,1,23,5908,1,2,2,1,2,1,2,1,2,1,SINGLE_T2_CORRECT,11,455,1,0,0,0,0,0,57,117,117,57,-60,117,1,180,190,0,10,180,-170,170,NaN,NaN,NaN,1785521094.59203,12916.71969496,2.32287621498108,0.0182676315307617,0.21863865852356,0.935337066650391,1.34331965446472,1.59366393089294,1.62710094451904,1.62710094451904,-1,-1,1.90440964698792,200.371026992798,250.344276428223,33.4370136260986,283.781290054321,Instruction,Left,Right,Right,Right,Right,1,0,0,0,0,NaN,NaN,NaN,NaN,NaN,NaN,NaN,NaN,0,1,1,0,0,0,110,NaN,20260731_t1356_srsSmooth_Moretraining_B002,37,NaN,7.44751771688461,1.29403376579285,NaN,NaN,NaN,0,NaN,NaN,NaN,NaN,0
20260731_t1356_srsSmooth_Moretraining,srs_smooth_Moretraining,trial0142.mat,142,142,110,2,43,37,56,16,40,8,2,0,4,1,37,17139,1,2,1,2,2,2,2,2,2,2,SINGLE_T2_CORRECT,11,455,1,0,0,0,0,0,95,118,118,95,-23,118,1,0,10,180,10,180,-170,170,NaN,NaN,NaN,1785521098.19045,12920.3179016,2.24875926971436,0.0116531848907471,0.27887487411499,0.895629405975342,1.28670215606689,1.53707957267761,1.57895660400391,1.57895660400391,-1,-1,1.83080816268921,267.221689224243,250.377416610718,41.8770313262939,292.254447937012,Instruction,Right,Left,Left,Left,Left,1,0,0,0,0,NaN,NaN,NaN,NaN,NaN,NaN,NaN,NaN,1,0,0,0,0,0,111,NaN,20260731_t1356_srsSmooth_Moretraining_B002,38,NaN,7.50749140580495,1.27554512023926,NaN,NaN,NaN,0,NaN,NaN,NaN,NaN,0
20260731_t1356_srsSmooth_Moretraining,srs_smooth_Moretraining,trial0143.mat,143,143,111,2,44,38,56,16,40,8,2,0,3,1,21,31462,1,2,2,1,2,1,2,1,2,1,SINGLE_T2_CORRECT,11,455,1,0,0,0,0,0,60,122,122,60,-62,122,1,0,10,180,10,180,-170,170,NaN,NaN,NaN,1785521101.71531,12923.84280032,2.40013122558594,0.0119268894195557,0.203955173492432,0.954205751419067,1.37031292915344,1.62934756278992,1.67111563682556,1.67111563682556,-1,-1,1.97377490997314,192.028284072876,259.034633636475,41.7680740356445,300.802707672119,Instruction,Left,Right,Right,Right,Right,1,0,0,0,0,NaN,NaN,NaN,NaN,NaN,NaN,NaN,NaN,0,1,1,0,0,0,112,NaN,20260731_t1356_srsSmooth_Moretraining_B002,39,NaN,7.56623912652334,1.27610397338867,NaN,NaN,NaN,0,NaN,NaN,NaN,NaN,0
20260731_t1356_srsSmooth_Moretraining,srs_smooth_Moretraining,trial0144.mat,144,144,112,2,45,39,56,16,40,8,2,0,3,1,26,28754,1,2,2,1,2,1,2,1,2,1,SINGLE_T2_CORRECT,11,455,1,0,0,0,0,0,70,135,135,70,-65,135,1,180,190,0,10,180,-170,170,NaN,NaN,NaN,1785521105.4035,12927.53083308,2.15314412117004,0.0155439376831055,0.232889890670776,0.80771541595459,1.18225598335266,1.44930458068848,1.49102711677551,1.49102711677551,-1,-1,1.71798610687256,217.345952987671,267.048597335815,41.7225360870361,308.771133422852,Instruction,Left,Right,Right,Right,Right,1,0,0,0,0,NaN,NaN,NaN,NaN,NaN,NaN,NaN,NaN,0,1,1,0,0,0,113,NaN,20260731_t1356_srsSmooth_Moretraining_B002,40,NaN,7.6277090271314,1.28806281089783,NaN,NaN,NaN,0,NaN,NaN,NaN,NaN,0
20260731_t1356_srsSmooth_Moretraining,srs_smooth_Moretraining,trial0145.mat,145,145,113,2,46,40,56,16,40,8,2,1,6,2,47,23621,2,0,2,1,2,1,2,1,2,1,CHOSE_HIGH_SAL,1,455,1,0,0,0,0,0,56,136,136,56,-80,136,1,180,265.809147126446,284.190852873554,85.8091471264462,104.190852873554,-18.3817057471076,18.3817057471076,NaN,NaN,NaN,1785521108.82344,12930.95087936,2.33287262916565,0.0124027729034424,0.263056039810181,0.954447031021118,1.37078976631165,1.59624910354614,1.62953305244446,1.62953305244446,-1,-1,1.89853262901306,250.653266906738,225.459337234497,33.2839488983154,258.743286132812,Congruent,Left,Right,Right,Right,Right,0,1,1,0,1,1,0,1,1,0,1,0,0,0,1,1,0,0,1,114,34,20260731_t1356_srsSmooth_Moretraining_B002,41,1,7.68470803101857,1.26679611206055,1,1,120,0,1,0,0,1,1
20260731_t1356_srsSmooth_Moretraining,srs_smooth_Moretraining,trial0146.mat,146,146,114,2,47,41,56,16,40,8,2,2,8,2,54,23749,2,0,2,1,2,1,1,2,2,1,CHOSE_LOW_SAL,2,455,1,0,0,0,0,0,66,142,142,66,-76,142,1,0,171.752818245603,18.2471817543969,171.752818245603,18.2471817543969,153.505636491206,153.505636491206,NaN,NaN,NaN,1785521112.46556,12934.5929196,2.21614336967468,0.0120971202850342,0.270939350128174,0.837620735168457,1.20380997657776,1.46283721923828,1.49611878395081,1.49611878395081,-1,-1,1.77268505096436,258.84222984314,259.027242660522,33.2815647125244,292.308807373047,Conflict,Left,Right,Right,Right,Left,0,1,0,1,1,1,0,1,0,0,1,0,1,0,1,0,0,1,1,115,35,20260731_t1356_srsSmooth_Moretraining_B002,42,2,7.74540994167328,1.30924201011658,2,1,136,1,0,0,1,1,1
20260731_t1356_srsSmooth_Moretraining,srs_smooth_Moretraining,trial0148.mat,148,148,115,2,49,42,56,16,40,8,2,2,7,2,50,11322,2,0,1,2,2,2,1,1,1,1,CHOSE_HIGH_SAL,1,455,1,0,0,0,0,0,93,129,129,93,-36,93,1,0,173.945270273549,16.054729726451,173.945270273549,16.0547297264509,157.890540547098,157.890540547098,NaN,NaN,NaN,1785521117.4076,12939.53484304,2.04960203170776,0.0119199752807617,0.0132126808166504,0.745993614196777,1.12029600143433,1.39598488807678,1.42918944358826,1.42918944358826,-1,-1,1.65603613853455,1.29270553588867,275.688886642456,33.2045555114746,308.893442153931,Conflict,Right,Left,Right,Left,Right,0,1,0,1,1,1,1,0,1,0,0,1,0,1,0,1,0,1,1,116,36,20260731_t1356_srsSmooth_Moretraining_B002,43,3,7.82777722676595,2.72589373588562,2,1,142,1,1,0,0,1,1
20260731_t1356_srsSmooth_Moretraining,srs_smooth_Moretraining,trial0149.mat,149,149,116,2,50,43,56,16,40,8,2,2,7,2,52,14550,2,0,1,2,2,2,1,1,1,1,CHOSE_HIGH_SAL,1,455,1,0,0,0,0,0,61,97,97,61,-36,61,1,180,352.375916701352,197.624083298648,172.375916701352,17.6240832986484,154.751833402703,154.751833402703,NaN,NaN,NaN,1785521120.77307,12942.90005536,2.22545623779297,0.0132431983947754,0.297465562820435,0.963965654373169,1.32162833213806,1.56409096717834,1.60552740097046,1.60552740097046,-1,-1,1.86626648902893,284.222364425659,242.462635040283,41.4364337921143,283.899068832397,Conflict,Right,Left,Right,Left,Right,0,1,0,1,1,1,1,0,1,0,0,1,0,1,0,1,0,1,1,117,37,20260731_t1356_srsSmooth_Moretraining_B002,44,4,7.88386847178141,1.31587266921997,1,1,93,1,0,0,1,1,1
20260731_t1356_srsSmooth_Moretraining,srs_smooth_Moretraining,trial0150.mat,150,150,117,2,51,44,56,16,40,8,2,1,6,2,46,20295,2,0,2,1,2,1,2,1,2,1,CHOSE_HIGH_SAL,1,455,1,0,0,0,0,0,56,148,148,56,-92,148,1,0,11.7655802104228,178.234419789577,11.7655802104228,178.234419789577,-166.468839579154,166.468839579154,NaN,NaN,NaN,1785521124.32429,12946.4513352,2.17521500587463,0.0121593475341797,0.25418496131897,0.770941257476807,1.12886953353882,1.38757228851318,1.42096543312073,1.42096543312073,-1,-1,1.72297239303589,242.02561378479,258.702754974365,33.3931446075439,292.095899581909,Congruent,Left,Right,Right,Right,Right,0,1,1,0,1,1,0,1,1,0,1,0,0,0,1,1,0,0,1,118,38,20260731_t1356_srsSmooth_Moretraining_B002,45,5,7.94305551846822,1.32576656341553,1,1,61,1,1,0,0,1,1
20260731_t1356_srsSmooth_Moretraining,srs_smooth_Moretraining,trial0151.mat,151,151,118,2,52,45,56,16,40,8,2,2,7,2,51,1975,2,0,1,2,2,2,1,1,1,1,CHOSE_HIGH_SAL,1,455,1,0,0,0,0,0,31,120,120,31,-89,31,1,180,327.477958916786,222.522041083214,147.477958916786,42.5220410832138,104.955917833572,104.955917833572,NaN,NaN,NaN,1785521127.7876,12949.91465108,2.33675336837769,0.0156581401824951,0.232852458953857,1.02478003501892,1.42404723167419,1.69122219085693,1.72457003593445,1.72457003593445,-1,-1,2.00158762931824,217.194318771362,267.174959182739,33.3478450775146,300.522804260254,Conflict,Right,Left,Right,Left,Right,0,1,0,1,1,1,1,0,1,0,0,1,0,1,0,1,0,1,1,119,39,20260731_t1356_srsSmooth_Moretraining_B002,46,6,8.00077724059423,1.28808832168579,2,1,148,1,1,0,0,1,1
20260731_t1356_srsSmooth_Moretraining,srs_smooth_Moretraining,trial0152.mat,152,152,119,2,53,46,56,16,40,8,2,1,5,2,43,19855,2,0,1,2,2,2,2,2,1,1,CHOSE_LOW_SAL,2,455,1,0,0,0,0,0,70,109,109,70,-39,70,1,180,190.237463835265,359.762536164735,10.2374638352651,179.762536164735,-169.52507232947,169.52507232947,NaN,NaN,NaN,1785521131.41991,12953.54678112,2.11239361763,0.0168225765228271,0.250699281692505,0.767421722412109,1.15019965171814,1.40903401374817,1.44245362281799,1.44245362281799,-1,-1,1.74440503120422,233.876705169678,258.834362030029,33.4196090698242,292.253971099854,Congruent,Right,Left,Right,Left,Left,0,1,1,0,1,1,1,0,0,0,0,1,1,1,0,0,0,0,1,120,40,20260731_t1356_srsSmooth_Moretraining_B002,47,7,8.06131576697032,1.29555821418762,1,1,31,1,0,0,1,1,1
20260731_t1356_srsSmooth_Moretraining,srs_smooth_Moretraining,trial0153.mat,153,153,120,2,54,47,56,16,40,8,2,1,5,2,44,11793,2,0,1,2,2,2,2,2,1,1,CHOSE_LOW_SAL,2,455,1,0,0,0,0,0,56,141,141,56,-85,56,1,0,17.6518012047586,172.348198795241,17.6518012047586,172.348198795241,-154.696397590483,154.696397590483,NaN,NaN,NaN,1785521134.80379,12956.93061528,2.19523596763611,0.0164022445678711,0.258579969406128,0.94176197052002,1.30811929702759,1.55028319358826,1.59181594848633,1.59181594848633,-1,-1,1.83508276939392,242.177724838257,242.163896560669,41.5327548980713,283.69665145874,Congruent,Right,Left,Right,Left,Left,0,1,1,0,1,1,1,0,0,0,0,1,1,1,0,0,0,0,1,121,41,20260731_t1356_srsSmooth_Moretraining_B002,48,8,8.11771387259165,1.27149271965027,1,1,70,1,0,0,1,1,1
20260731_t1356_srsSmooth_Moretraining,srs_smooth_Moretraining,trial0154.mat,154,154,121,2,55,48,56,16,40,8,2,2,7,2,49,14730,2,0,1,2,2,2,1,1,1,1,CHOSE_HIGH_SAL,1,455,1,0,0,0,0,0,68,131,131,68,-63,68,1,180,286.037168870022,263.962831129978,106.037168870022,83.9628311299781,22.0743377400438,22.0743377400438,NaN,NaN,NaN,1785521138.33357,12960.4602664,2.38227868080139,0.0117664337158203,0.279011487960815,1.06219244003296,1.4201545715332,1.68758010864258,1.72920632362366,1.72920632362366,-1,-1,2.01437330245972,267.245054244995,267.425537109375,41.6262149810791,309.051752090454,Conflict,Right,Left,Right,Left,Right,0,1,0,1,1,1,1,0,1,0,0,1,0,1,0,1,0,1,1,122,42,20260731_t1356_srsSmooth_Moretraining_B002,49,9,8.17654343446096,1.33453774452209,1,1,56,1,0,0,1,1,1
20260731_t1356_srsSmooth_Moretraining,srs_smooth_Moretraining,trial0155.mat,155,155,122,2,56,49,56,16,40,8,2,2,8,2,56,8552,2,0,2,1,2,1,1,2,2,1,CHOSE_LOW_SAL,2,455,1,0,0,0,0,0,35,144,144,35,-109,144,1,0,121.07292217683,68.9270778231703,121.07292217683,68.9270778231704,52.1458443536593,52.1458443536593,NaN,NaN,NaN,1785521142.0169,12964.14362228,2.08349657058716,0.0119144916534424,0.195745706558228,0.720595121383667,1.11195731163025,1.33749437332153,1.37919545173645,1.37919545173645,-1,-1,1.63948345184326,183.831214904785,225.537061691284,41.701078414917,267.238140106201,Conflict,Left,Right,Right,Right,Left,0,1,0,1,1,1,0,1,0,0,1,0,1,0,1,0,0,1,1,123,43,20260731_t1356_srsSmooth_Moretraining_B002,50,10,8.23793225288391,1.30105042457581,1,1,68,1,1,0,0,1,1
20260731_t1356_srsSmooth_Moretraining,srs_smooth_Moretraining,trial0156.mat,156,156,123,2,57,50,56,16,40,8,2,2,8,2,53,7238,2,0,2,1,2,1,1,2,2,1,CHOSE_LOW_SAL,2,455,1,0,0,0,0,0,45,128,128,45,-83,128,1,0,176.043499605048,13.9565003949518,176.043499605048,13.9565003949518,162.086999210096,162.086999210096,NaN,NaN,NaN,1785521145.39606,12967.52276256,2.23713302612305,0.0162181854248047,0.233695030212402,0.858509302139282,1.23293304443359,1.47531032562256,1.51701712608337,1.51701712608337,-1,-1,1.81037926673889,217.476844787598,242.377281188965,41.7068004608154,284.08408164978,Conflict,Left,Right,Right,Right,Left,0,1,0,1,1,1,0,1,0,0,1,0,1,0,1,0,0,1,1,124,44,20260731_t1356_srsSmooth_Moretraining_B002,51,11,8.29425162474314,1.2956657409668,2,1,144,1,0,0,1,1,1
20260731_t1356_srsSmooth_Moretraining,srs_smooth_Moretraining,trial0157.mat,157,157,124,2,58,51,56,16,40,8,2,1,5,2,41,11614,2,0,1,2,2,2,2,2,1,1,CHOSE_LOW_SAL,2,455,1,0,0,0,0,0,70,121,121,70,-51,70,1,0,94.5005547526201,95.4994452473799,94.5005547526201,95.4994452473799,-0.998890494759735,0.998890494759735,NaN,NaN,NaN,1785521148.95353,12971.07998164,2.11279797554016,0.0172200202941895,0.251039028167725,0.759340763092041,1.18393301963806,1.40949869155884,1.45098567008972,1.45098567008972,-1,-1,1.74486231803894,233.819007873535,225.565671920776,41.4869785308838,267.05265045166,Congruent,Right,Left,Right,Left,Left,0,1,1,0,1,1,1,0,0,0,0,1,1,1,0,0,0,0,1,125,45,20260731_t1356_srsSmooth_Moretraining_B002,52,12,8.35354280869166,1.32033801078796,2,1,128,1,1,0,0,1,1
20260731_t1356_srsSmooth_Moretraining,srs_smooth_Moretraining,trial0159.mat,159,159,125,2,60,52,56,16,40,8,2,1,6,2,45,18846,2,0,2,1,2,1,2,1,2,1,CHOSE_HIGH_SAL,1,455,1,0,0,0,0,0,78,137,137,78,-59,137,1,180,208.313431356901,341.686568643099,28.3134313569009,161.686568643099,-133.373137286198,133.373137286198,NaN,NaN,NaN,1785521153.83148,12975.95784844,2.16074228286743,0.0144612789154053,0.256916284561157,0.815182209014893,1.17283940315247,1.44863843917847,1.4900004863739,1.4900004863739,-1,-1,1.72578525543213,242.455005645752,275.799036026001,41.3620471954346,317.161083221436,Congruent,Left,Right,Right,Right,Right,0,1,1,0,1,1,0,1,1,0,1,0,0,0,1,1,0,0,1,126,46,20260731_t1356_srsSmooth_Moretraining_B002,53,13,8.43484198649724,2.7651526927948,1,1,70,1,1,0,0,1,1
20260731_t1356_srsSmooth_Moretraining,srs_smooth_Moretraining,trial0160.mat,160,160,126,2,61,53,56,16,40,8,2,2,8,2,55,24342,2,0,2,1,2,1,1,2,2,1,CHOSE_LOW_SAL,2,455,1,0,0,0,0,0,87,140,140,87,-53,140,1,0,103.703764631976,86.296235368024,103.703764631976,86.296235368024,17.407529263952,17.407529263952,NaN,NaN,NaN,1785521157.27535,12979.40176268,2.36662268638611,0.0123953819274902,0.237807750701904,0.996241569519043,1.33744859695435,1.59658718109131,1.62986063957214,1.62986063957214,-1,-1,1.9234721660614,225.412368774414,259.138584136963,33.273458480835,292.412042617798,Conflict,Left,Right,Right,Right,Left,0,1,0,1,1,1,0,1,0,0,1,0,1,0,1,0,0,1,1,127,47,20260731_t1356_srsSmooth_Moretraining_B002,54,14,8.49223976532618,1.2831244468689,2,1,137,1,0,0,1,1,1
20260731_t1356_srsSmooth_Moretraining,srs_smooth_Moretraining,trial0161.mat,161,161,127,2,62,54,56,16,40,8,2,1,6,2,48,18259,2,0,2,1,2,1,2,1,2,1,CHOSE_HIGH_SAL,1,455,1,0,0,0,0,0,70,138,138,70,-68,138,1,180,193.519777527304,356.480222472696,13.5197775273037,176.480222472696,-162.960444945393,162.960444945393,NaN,NaN,NaN,1785521160.90928,12983.03565104,2.06645226478577,0.0119442939758301,0.25441312789917,0.762966871261597,1.10365343093872,1.3378312587738,1.37102317810059,1.37102317810059,-1,-1,1.62329125404358,242.46883392334,234.177827835083,33.1919193267822,267.369747161865,Congruent,Left,Right,Right,Right,Right,0,1,1,0,1,1,0,1,1,0,1,0,0,0,1,1,0,0,1,128,48,20260731_t1356_srsSmooth_Moretraining_B002,55,15,8.55280523697535,1.26730561256409,2,1,140,1,0,0,1,1,1
20260731_t1356_srsSmooth_Moretraining,srs_smooth_Moretraining,trial0162.mat,162,162,128,2,63,55,56,16,40,8,2,1,5,2,42,3861,2,0,1,2,2,2,2,2,1,1,CHOSE_LOW_SAL,2,455,1,0,0,0,0,0,58,120,120,58,-62,58,1,180,218.962979831106,331.037020168894,38.9629798311057,151.037020168894,-112.074040337789,112.074040337789,NaN,NaN,NaN,1785521164.24272,12986.3688588,2.36643719673157,0.0119647979736328,0.229223012924194,0.99620795249939,1.40368580818176,1.67102956771851,1.70428109169006,1.70428109169006,-1,-1,2.00677728652954,217.258214950562,267.343759536743,33.2515239715576,300.595283508301,Congruent,Right,Left,Right,Left,Left,0,1,1,0,1,1,1,0,0,0,0,1,1,1,0,0,0,0,1,129,49,20260731_t1356_srsSmooth_Moretraining_B002,56,16,8.60836263100306,1.26699137687683,2,1,138,1,1,0,0,1,1
20260731_t1356_srsSmooth_Moretraining,srs_smooth_Moretraining,trial0163.mat,163,163,129,3,1,0,68,28,40,8,1,0,1,1,9,16684,1,1,1,2,1,1,1,1,1,1,SINGLE_T1_CORRECT,10,455,1,0,0,0,0,0,139,83,139,83,56,139,1,180,0,190,180,10,170,170,NaN,NaN,NaN,1785521167.89912,12990.02533256,2.22628307342529,0.0140378475189209,0.256256341934204,0.831194877624512,1.20575189590454,1.43948411941528,1.47281527519226,1.47281527519226,-1,-1,1.78292322158813,242.218494415283,233.732223510742,33.3311557769775,267.06337928772,Instruction,Right,Left,Right,Right,Right,1,0,0,0,0,NaN,NaN,NaN,NaN,NaN,NaN,NaN,NaN,1,1,1,1,1,0,130,NaN,20260731_t1356_srsSmooth_Moretraining_B003,1,NaN,8.66930269400279,1.28996658325195,NaN,NaN,NaN,0,NaN,NaN,NaN,NaN,0
20260731_t1356_srsSmooth_Moretraining,srs_smooth_Moretraining,trial0164.mat,164,164,130,3,2,1,68,28,40,8,1,0,1,1,8,29530,1,1,1,2,1,1,1,1,1,1,SINGLE_T1_CORRECT,10,455,1,0,0,0,0,0,138,76,138,76,62,138,1,0,180,10,180,10,170,170,NaN,NaN,NaN,1785521171.38989,12993.51596428,2.30319356918335,0.0150711536407471,0.257311820983887,0.93236231803894,1.36512398719788,1.6075553894043,1.64059638977051,1.64059638977051,-1,-1,1.86717510223389,242.24066734314,242.431402206421,33.0410003662109,275.472402572632,Instruction,Right,Left,Right,Right,Right,1,0,0,0,0,NaN,NaN,NaN,NaN,NaN,NaN,NaN,NaN,1,1,1,1,1,0,131,NaN,20260731_t1356_srsSmooth_Moretraining_B003,2,NaN,8.72748220761617,1.26448774337769,NaN,NaN,NaN,0,NaN,NaN,NaN,NaN,0
20260731_t1356_srsSmooth_Moretraining,srs_smooth_Moretraining,trial0165.mat,165,165,131,3,3,2,68,28,40,8,1,0,1,1,5,5020,1,1,1,2,1,1,1,1,1,1,SINGLE_T1_CORRECT,10,455,1,0,0,0,0,0,130,56,130,56,74,130,1,180,0,190,180,10,170,170,NaN,NaN,NaN,1785521174.97756,12997.10357988,2.4154942035675,0.0108816623687744,0.278342962265015,1.05326676368713,1.46927237510681,1.70324182510376,1.73657774925232,1.73657774925232,-1,-1,1.98026561737061,267.46129989624,233.969449996948,33.3359241485596,267.305374145508,Instruction,Right,Left,Right,Right,Right,1,0,0,0,0,NaN,NaN,NaN,NaN,NaN,NaN,NaN,NaN,1,1,1,1,1,0,132,NaN,20260731_t1356_srsSmooth_Moretraining_B003,3,NaN,8.78727661371231,1.28447079658508,NaN,NaN,NaN,0,NaN,NaN,NaN,NaN,0
20260731_t1356_srsSmooth_Moretraining,srs_smooth_Moretraining,trial0166.mat,166,166,132,3,4,3,68,28,40,8,1,0,3,1,26,12837,1,2,2,1,1,2,2,1,2,1,SINGLE_T2_CORRECT,11,455,1,0,0,0,0,0,139,79,139,79,60,79,1,180,190,0,10,180,-170,170,NaN,NaN,NaN,1785521178.70112,13000.82699724,2.22519278526306,0.0124673843383789,0.238039970397949,0.938215732574463,1.33751940727234,1.57957077026367,1.62158966064453,1.62158966064453,-1,-1,1.8487114906311,225.57258605957,242.051362991333,42.0188903808594,284.070253372192,Instruction,Left,Right,Right,Left,Right,1,0,0,0,0,NaN,NaN,NaN,NaN,NaN,NaN,NaN,NaN,0,0,1,1,0,0,133,NaN,20260731_t1356_srsSmooth_Moretraining_B003,4,NaN,8.84933596849442,1.30806708335876,NaN,NaN,NaN,0,NaN,NaN,NaN,NaN,0
20260731_t1356_srsSmooth_Moretraining,srs_smooth_Moretraining,trial0167.mat,167,167,133,3,5,4,68,28,40,8,1,0,4,1,34,27366,1,2,1,2,1,1,2,2,2,2,SINGLE_T2_CORRECT,11,455,1,0,0,0,0,0,120,55,120,55,65,55,1,180,190,0,10,180,-170,170,NaN,NaN,NaN,1785521182.19705,13004.3229876,2.07049560546875,0.0166776180267334,0.217280387878418,0.825754165649414,1.20005750656128,1.45063972473145,1.49217486381531,1.49217486381531,-1,-1,1.71080851554871,200.602769851685,250.582218170166,41.5351390838623,292.117357254028,Instruction,Right,Left,Left,Right,Left,1,0,0,0,0,NaN,NaN,NaN,NaN,NaN,NaN,NaN,NaN,1,1,0,1,0,0,134,NaN,20260731_t1356_srsSmooth_Moretraining_B003,5,NaN,8.90760141611099,1.27073407173157,NaN,NaN,NaN,0,NaN,NaN,NaN,NaN,0
20260731_t1356_srsSmooth_Moretraining,srs_smooth_Moretraining,trial0168.mat,168,168,134,3,6,5,68,28,40,8,1,0,1,1,6,21866,1,1,1,2,1,1,1,1,1,1,SINGLE_T1_CORRECT,10,455,1,0,0,0,0,0,133,69,133,69,64,133,1,0,180,10,180,10,170,170,NaN,NaN,NaN,1785521185.5757,13007.70149488,2.32637763023376,0.0131540298461914,0.263595819473267,0.971946954727173,1.37154102325439,1.61398553848267,1.65565323829651,1.65565323829651,-1,-1,1.89112186431885,250.441789627075,242.444515228271,41.6676998138428,284.112215042114,Instruction,Right,Left,Right,Right,Right,1,0,0,0,0,NaN,NaN,NaN,NaN,NaN,NaN,NaN,NaN,1,1,1,1,1,0,135,NaN,20260731_t1356_srsSmooth_Moretraining_B003,6,NaN,8.96391235987345,1.30816102027893,NaN,NaN,NaN,0,NaN,NaN,NaN,NaN,0
20260731_t1356_srsSmooth_Moretraining,srs_smooth_Moretraining,trial0169.mat,169,169,135,3,7,6,68,28,40,8,1,0,3,1,27,9167,1,2,2,1,1,2,2,1,2,1,SINGLE_T2_CORRECT,11,455,1,0,1,0,0,0,142,76,142,76,66,76,1,0,10,180,10,180,-170,170,NaN,NaN,NaN,1785521189.16721,13011.2930234,2.11731100082397,0.0134561061859131,0.230595111846924,0.755597114562988,1.17183494567871,1.41395688056946,1.45557427406311,1.45557427406311,-1,-1,1.74061226844788,217.139005661011,242.121934890747,41.6173934936523,283.739328384399,Instruction,Left,Right,Right,Left,Right,1,0,0,0,0,NaN,NaN,NaN,NaN,NaN,NaN,NaN,NaN,0,0,1,1,0,0,136,NaN,20260731_t1356_srsSmooth_Moretraining_B003,7,NaN,9.02377080917358,1.26512932777405,NaN,NaN,NaN,0,NaN,NaN,NaN,NaN,0
20260731_t1356_srsSmooth_Moretraining,srs_smooth_Moretraining,trial0170.mat,170,170,136,3,8,7,68,28,40,8,1,0,4,1,40,15129,1,2,1,2,1,1,2,2,2,2,SINGLE_T2_CORRECT,11,455,1,0,0,0,0,0,133,66,133,66,67,66,1,0,10,180,10,180,-170,170,NaN,NaN,NaN,1785521192.57338,13014.69898712,2.03641486167908,0.015758752822876,0.249838352203369,0.808070659637451,1.15746974945068,1.40809535980225,1.44990682601929,1.44990682601929,-1,-1,1.66824507713318,234.079599380493,250.625610351562,41.811466217041,292.437076568604,Instruction,Right,Left,Left,Right,Left,1,0,0,0,0,NaN,NaN,NaN,NaN,NaN,NaN,NaN,NaN,1,1,0,1,0,0,137,NaN,20260731_t1356_srsSmooth_Moretraining_B003,8,NaN,9.08054023186366,1.28885436058044,NaN,NaN,NaN,0,NaN,NaN,NaN,NaN,0
20260731_t1356_srsSmooth_Moretraining,srs_smooth_Moretraining,trial0171.mat,171,171,137,3,9,8,68,28,40,8,1,0,4,1,32,23179,1,2,1,2,1,1,2,2,2,2,SINGLE_T2_CORRECT,11,455,1,0,0,0,0,0,113,38,113,38,75,38,1,0,10,180,10,180,-170,170,NaN,NaN,NaN,1785521195.87952,13018.00520452,2.06366014480591,0.0180771350860596,0.251739025115967,0.768858909606934,1.15145611763,1.40222191810608,1.4352011680603,1.4352011680603,-1,-1,1.7207510471344,233.661890029907,250.765800476074,32.9792499542236,283.745050430298,Instruction,Right,Left,Left,Right,Left,1,0,0,0,0,NaN,NaN,NaN,NaN,NaN,NaN,NaN,NaN,1,1,0,1,0,0,138,NaN,20260731_t1356_srsSmooth_Moretraining_B003,9,NaN,9.13564263979594,1.26972961425781,NaN,NaN,NaN,0,NaN,NaN,NaN,NaN,0
20260731_t1356_srsSmooth_Moretraining,srs_smooth_Moretraining,trial0172.mat,172,172,138,3,10,9,68,28,40,8,1,0,3,1,23,12821,1,2,2,1,1,2,2,1,2,1,SINGLE_T2_CORRECT,11,455,1,0,0,0,0,0,129,77,129,77,52,77,1,0,10,180,10,180,-170,170,NaN,NaN,NaN,1785521199.22122,13021.34675712,2.27257394790649,0.0181772708892822,0.260768175125122,0.9021897315979,1.29322838783264,1.60198712348938,1.64403796195984,1.64403796195984,-1,-1,1.89638257026672,242.59090423584,308.758735656738,42.050838470459,350.809574127197,Instruction,Left,Right,Right,Left,Right,1,0,0,0,0,NaN,NaN,NaN,NaN,NaN,NaN,NaN,NaN,0,0,1,1,0,0,139,NaN,20260731_t1356_srsSmooth_Moretraining_B003,10,NaN,9.19133762121201,1.27803874015808,NaN,NaN,NaN,0,NaN,NaN,NaN,NaN,0
20260731_t1356_srsSmooth_Moretraining,srs_smooth_Moretraining,trial0173.mat,173,173,139,3,11,10,68,28,40,8,1,0,3,1,29,12353,1,2,2,1,1,2,2,1,2,1,SINGLE_T2_CORRECT,11,455,1,0,0,0,0,0,130,66,130,66,64,66,1,180,190,0,10,180,-170,170,NaN,NaN,NaN,1785521202.76233,13024.88785952,2.28169846534729,0.0105433464050293,0.261023044586182,0.903083324432373,1.31892824172974,1.6362292766571,1.66965007781982,1.66965007781982,-1,-1,1.91304683685303,250.479698181152,317.301034927368,33.4208011627197,350.721836090088,Instruction,Left,Right,Right,Left,Right,1,0,0,0,0,NaN,NaN,NaN,NaN,NaN,NaN,NaN,NaN,0,0,1,1,0,0,140,NaN,20260731_t1356_srsSmooth_Moretraining_B003,11,NaN,9.2503560702006,1.2685329914093,NaN,NaN,NaN,0,NaN,NaN,NaN,NaN,0
20260731_t1356_srsSmooth_Moretraining,srs_smooth_Moretraining,trial0174.mat,174,174,140,3,12,11,68,28,40,8,1,0,1,1,3,22234,1,1,1,2,1,1,1,1,1,1,SINGLE_T1_CORRECT,10,455,1,0,0,0,0,0,101,54,101,54,47,101,1,180,0,190,180,10,170,170,NaN,NaN,NaN,1785521206.29369,13028.41899364,2.25004720687866,0.0126538276672363,0.20499587059021,0.94687032699585,1.2960376739502,1.53851127624512,1.58019828796387,1.58019828796387,-1,-1,1.84907484054565,192.342042922974,242.473602294922,41.68701171875,284.160614013672,Instruction,Right,Left,Right,Right,Right,1,0,0,0,0,NaN,NaN,NaN,NaN,NaN,NaN,NaN,NaN,1,1,1,1,1,0,141,NaN,20260731_t1356_srsSmooth_Moretraining_B003,12,NaN,9.30921211242676,1.24966406822205,NaN,NaN,NaN,0,NaN,NaN,NaN,NaN,0
20260731_t1356_srsSmooth_Moretraining,srs_smooth_Moretraining,trial0175.mat,175,175,141,3,13,12,68,28,40,8,1,0,4,1,38,21213,1,2,1,2,1,1,2,2,2,2,SINGLE_T2_CORRECT,11,455,1,0,0,0,0,0,129,78,129,78,51,78,1,180,190,0,10,180,-170,170,NaN,NaN,NaN,1785521209.81997,13031.94528992,2.06595230102539,0.0115158557891846,0.186983346939087,0.736898422241211,1.11989283561707,1.42868494987488,1.47035479545593,1.47035479545593,-1,-1,1.68924999237061,175.467491149902,308.792114257812,41.6698455810547,350.461959838867,Instruction,Right,Left,Left,Right,Left,1,0,0,0,0,NaN,NaN,NaN,NaN,NaN,NaN,NaN,NaN,1,1,0,1,0,0,142,NaN,20260731_t1356_srsSmooth_Moretraining_B003,13,NaN,9.36798339684804,1.27622985839844,NaN,NaN,NaN,0,NaN,NaN,NaN,NaN,0
20260731_t1356_srsSmooth_Moretraining,srs_smooth_Moretraining,trial0176.mat,176,176,142,3,14,13,68,28,40,8,1,0,2,1,18,21243,1,1,2,1,1,2,1,2,1,2,SINGLE_T1_CORRECT,10,455,1,0,0,0,0,0,105,68,105,68,37,105,1,180,0,190,180,10,170,170,NaN,NaN,NaN,1785521213.19427,13035.31944004,2.23249506950378,0.0123436450958252,0.25438928604126,0.821199655532837,1.20405673980713,1.52943539619446,1.57105112075806,1.57105112075806,-1,-1,1.82274460792542,242.045640945435,325.378656387329,41.6157245635986,366.994380950928,Instruction,Left,Right,Left,Left,Left,1,0,0,0,0,NaN,NaN,NaN,NaN,NaN,NaN,NaN,NaN,0,0,0,1,1,0,143,NaN,20260731_t1356_srsSmooth_Moretraining_B003,14,NaN,9.42422181367874,1.30835270881653,NaN,NaN,NaN,0,NaN,NaN,NaN,NaN,0
20260731_t1356_srsSmooth_Moretraining,srs_smooth_Moretraining,trial0177.mat,177,177,143,3,15,14,68,28,40,8,1,0,4,1,37,7964,1,2,1,2,1,1,2,2,2,2,SINGLE_T2_CORRECT,11,455,1,0,0,0,0,0,103,59,103,59,44,59,1,0,10,180,10,180,-170,170,NaN,NaN,NaN,1785521216.68479,13038.81004968,2.31739902496338,0.0136265754699707,0.230718851089478,0.955720663070679,1.37201261520386,1.63098835945129,1.67277860641479,1.67277860641479,-1,-1,1.95753073692322,217.092275619507,258.975744247437,41.790246963501,300.765991210938,Instruction,Right,Left,Left,Right,Left,1,0,0,0,0,NaN,NaN,NaN,NaN,NaN,NaN,NaN,NaN,1,1,0,1,0,0,144,NaN,20260731_t1356_srsSmooth_Moretraining_B003,15,NaN,9.48239716688792,1.25802612304688,NaN,NaN,NaN,0,NaN,NaN,NaN,NaN,0
20260731_t1356_srsSmooth_Moretraining,srs_smooth_Moretraining,trial0178.mat,178,178,144,3,16,15,68,28,40,8,1,0,2,1,12,14855,1,1,2,1,1,2,1,2,1,2,SINGLE_T1_CORRECT,10,455,1,0,0,0,0,0,113,53,113,53,60,113,1,0,180,10,180,10,170,170,NaN,NaN,NaN,1785521220.29018,13042.4152146,2.13722991943359,0.0167138576507568,0.217349529266357,0.85908579826355,1.22509503364563,1.47556304931641,1.51727294921875,1.51727294921875,-1,-1,1.7275984287262,200.635671615601,250.468015670776,41.7098999023438,292.17791557312,Instruction,Left,Right,Left,Left,Left,1,0,0,0,0,NaN,NaN,NaN,NaN,NaN,NaN,NaN,NaN,0,0,0,1,1,0,145,NaN,20260731_t1356_srsSmooth_Moretraining_B003,16,NaN,9.542486957709,1.28798842430115,NaN,NaN,NaN,0,NaN,NaN,NaN,NaN,0
20260731_t1356_srsSmooth_Moretraining,srs_smooth_Moretraining,trial0179.mat,179,179,145,3,17,16,68,28,40,8,1,0,2,1,14,10598,1,1,2,1,1,2,1,2,1,2,SINGLE_T1_CORRECT,10,455,1,0,0,0,0,0,99,72,99,72,27,99,1,180,0,190,180,10,170,170,NaN,NaN,NaN,1785521223.70738,13045.8324424,2.19553160667419,0.016310453414917,0.30876612663269,0.867159128189087,1.26635932922363,1.52524614334106,1.56719732284546,1.56719732284546,-1,-1,1.79424524307251,292.455673217773,258.886814117432,41.9511795043945,300.837993621826,Instruction,Left,Right,Left,Left,Left,1,0,0,0,0,NaN,NaN,NaN,NaN,NaN,NaN,NaN,NaN,0,0,0,1,1,0,146,NaN,20260731_t1356_srsSmooth_Moretraining_B003,17,NaN,9.59944035212199,1.27997374534607,NaN,NaN,NaN,0,NaN,NaN,NaN,NaN,0
20260731_t1356_srsSmooth_Moretraining,srs_smooth_Moretraining,trial0180.mat,180,180,146,3,18,17,68,28,40,8,1,0,2,1,19,6702,1,1,2,1,1,2,1,2,1,2,SINGLE_T1_CORRECT,10,455,1,0,0,0,0,0,114,60,114,60,54,114,1,0,180,10,180,10,170,170,NaN,NaN,NaN,1785521227.18424,13049.30929144,2.36900353431702,0.0145878791809082,0.248738288879395,1.03209757804871,1.42297673225403,1.65718102455139,1.69028210639954,1.69028210639954,-1,-1,1.95012378692627,234.150409698486,234.204292297363,33.1010818481445,267.305374145508,Instruction,Left,Right,Left,Left,Left,1,0,0,0,0,NaN,NaN,NaN,NaN,NaN,NaN,NaN,NaN,0,0,0,1,1,0,147,NaN,20260731_t1356_srsSmooth_Moretraining_B003,18,NaN,9.65738799571991,1.28132700920105,NaN,NaN,NaN,0,NaN,NaN,NaN,NaN,0
20260731_t1356_srsSmooth_Moretraining,srs_smooth_Moretraining,trial0181.mat,181,181,147,3,19,18,68,28,40,8,1,0,1,1,1,8644,1,1,1,2,1,1,1,1,1,1,SINGLE_T1_CORRECT,10,455,1,0,0,0,0,0,121,60,121,60,61,121,1,0,180,10,180,10,170,170,NaN,NaN,NaN,1785521230.84961,13052.97448452,2.32033133506775,0.0160338878631592,0.241751194000244,0.991575717926025,1.38275384902954,1.62517690658569,1.65829157829285,1.65829157829285,-1,-1,1.90154886245728,225.717306137085,242.423057556152,33.1146717071533,275.537729263306,Instruction,Right,Left,Right,Right,Right,1,0,0,0,0,NaN,NaN,NaN,NaN,NaN,NaN,NaN,NaN,1,1,1,1,1,0,148,NaN,20260731_t1356_srsSmooth_Moretraining_B003,19,NaN,9.7184773961703,1.2963604927063,NaN,NaN,NaN,0,NaN,NaN,NaN,NaN,0
20260731_t1356_srsSmooth_Moretraining,srs_smooth_Moretraining,trial0182.mat,182,182,148,3,20,19,68,28,40,8,1,0,2,1,16,23949,1,1,2,1,1,2,1,2,1,2,SINGLE_T1_CORRECT,10,455,1,0,0,0,0,0,111,61,111,61,50,111,1,0,180,10,180,10,170,170,NaN,NaN,NaN,1785521234.45291,13056.57769464,2.12511992454529,0.0128669738769531,0.213693141937256,0.746971845626831,1.14624404907227,1.38823652267456,1.42995381355286,1.42995381355286,-1,-1,1.71547079086304,200.826168060303,241.992473602295,41.7172908782959,283.709764480591,Instruction,Left,Right,Left,Left,Left,1,0,0,0,0,NaN,NaN,NaN,NaN,NaN,NaN,NaN,NaN,0,0,0,1,1,0,149,NaN,20260731_t1356_srsSmooth_Moretraining_B003,20,NaN,9.77853252490362,1.28297638893127,NaN,NaN,NaN,0,NaN,NaN,NaN,NaN,0
20260731_t1356_srsSmooth_Moretraining,srs_smooth_Moretraining,trial0184.mat,184,184,149,3,22,20,68,28,40,8,1,0,2,1,20,21446,1,1,2,1,1,2,1,2,1,2,SINGLE_T1_CORRECT,10,455,1,0,0,0,0,0,138,58,138,58,80,138,1,180,0,190,180,10,170,170,NaN,NaN,NaN,1785521239.36586,13061.49059908,2.15369391441345,0.0167801380157471,0.225924491882324,0.775587320327759,1.20849323272705,1.43425917625427,1.4842689037323,1.4842689037323,-1,-1,1.71911001205444,209.144353866577,225.765943527222,50.0097274780273,275.775671005249,Instruction,Left,Right,Left,Left,Left,1,0,0,0,0,NaN,NaN,NaN,NaN,NaN,NaN,NaN,NaN,0,0,0,1,1,0,150,NaN,20260731_t1356_srsSmooth_Moretraining_B003,21,NaN,9.8604149222374,2.78782391548157,NaN,NaN,NaN,0,NaN,NaN,NaN,NaN,0
20260731_t1356_srsSmooth_Moretraining,srs_smooth_Moretraining,trial0186.mat,186,186,150,3,24,21,68,28,40,8,1,0,3,1,28,18538,1,2,2,1,1,2,2,1,0,0,,0,11,0,1,0,0,0,0,151,71,151,71,80,NaN,1,0,10,180,10,180,-170,170,NaN,NaN,NaN,1785521244.26134,13066.38600512,0.123592376708984,0.0131549835205078,0.0138864517211914,-1,-1,-1,-1,-1,-1,-1,-1,0.731468200683594,NaN,NaN,NaN,Instruction,Left,Right,None,Left,Right,1,0,0,0,0,NaN,NaN,NaN,NaN,NaN,NaN,NaN,NaN,0,0,1,1,0,0,150,NaN,20260731_t1356_srsSmooth_Moretraining_B003,NaN,NaN,9.9420062939326,2.74178838729858,NaN,NaN,NaN,0,NaN,NaN,NaN,NaN,0
20260731_t1356_srsSmooth_Moretraining,srs_smooth_Moretraining,trial0187.mat,187,187,150,3,25,21,68,28,40,8,1,0,1,1,7,25613,1,1,1,2,1,1,1,1,1,1,SINGLE_T1_CORRECT,10,455,1,0,0,0,0,0,125,57,125,57,68,125,1,180,0,190,180,10,170,170,NaN,NaN,NaN,1785521245.5861,13067.71072476,2.47660779953003,0.0134463310241699,0.264215469360352,1.0555202960968,1.47183632850647,1.73888492584229,1.77232956886292,1.77232956886292,-1,-1,2.04947543144226,250.769138336182,267.048597335815,33.4446430206299,300.493240356445,Instruction,Right,Left,Right,Right,Right,1,0,0,0,0,NaN,NaN,NaN,NaN,NaN,NaN,NaN,NaN,1,1,1,1,1,0,151,NaN,20260731_t1356_srsSmooth_Moretraining_B003,22,NaN,9.96408561865489,1.20116710662842,NaN,NaN,NaN,0,NaN,NaN,NaN,NaN,0
20260731_t1356_srsSmooth_Moretraining,srs_smooth_Moretraining,trial0188.mat,188,188,151,3,26,22,68,28,40,8,1,0,1,1,2,2975,1,1,1,2,1,1,1,1,1,1,SINGLE_T1_CORRECT,10,455,1,0,0,0,0,0,127,49,127,49,78,127,1,180,0,190,180,10,170,170,NaN,NaN,NaN,1785521249.32421,13071.4487734,2.27194380760193,0.0171480178833008,0.234763383865356,0.97623348236084,1.34219908714294,1.55976223945618,1.60134792327881,1.60134792327881,-1,-1,1.84494709968567,217.615365982056,217.563152313232,41.5856838226318,259.148836135864,Instruction,Right,Left,Right,Right,Right,1,0,0,0,0,NaN,NaN,NaN,NaN,NaN,NaN,NaN,NaN,1,1,1,1,1,0,152,NaN,20260731_t1356_srsSmooth_Moretraining_B003,23,NaN,10.0263874570529,1.26150250434875,NaN,NaN,NaN,0,NaN,NaN,NaN,NaN,0
20260731_t1356_srsSmooth_Moretraining,srs_smooth_Moretraining,trial0189.mat,189,189,152,3,27,23,68,28,40,8,1,0,3,1,25,9258,1,2,2,1,1,2,2,1,2,1,SINGLE_T2_CORRECT,11,455,1,0,0,0,0,0,107,76,107,76,31,76,1,0,10,180,10,180,-170,170,NaN,NaN,NaN,1785521252.87415,13074.99869396,2.17976355552673,0.0173437595367432,0.217824697494507,0.734593152999878,1.1840558052063,1.4594578742981,1.49277186393738,1.49277186393738,-1,-1,1.80388212203979,200.480937957764,275.402069091797,33.3139896392822,308.716058731079,Instruction,Left,Right,Right,Left,Right,1,0,0,0,0,NaN,NaN,NaN,NaN,NaN,NaN,NaN,NaN,0,0,1,1,0,0,153,NaN,20260731_t1356_srsSmooth_Moretraining_B003,24,NaN,10.0855531454086,1.2779974937439,NaN,NaN,NaN,0,NaN,NaN,NaN,NaN,0
20260731_t1356_srsSmooth_Moretraining,srs_smooth_Moretraining,trial0190.mat,190,190,153,3,28,24,68,28,40,8,1,0,4,1,31,5000,1,2,1,2,1,1,2,2,2,2,SINGLE_T2_CORRECT,11,455,1,0,0,0,0,0,106,68,106,68,38,68,1,0,10,180,10,180,-170,170,NaN,NaN,NaN,1785521256.37074,13078.49511324,2.22547698020935,0.0125560760498047,0.263273954391479,0.888453960418701,1.23760342597961,1.53017807006836,1.56306719779968,1.56306719779968,-1,-1,1.85704517364502,250.717878341675,292.574644088745,32.8891277313232,325.463771820068,Instruction,Right,Left,Left,Right,Left,1,0,0,0,0,NaN,NaN,NaN,NaN,NaN,NaN,NaN,NaN,1,1,0,1,0,0,154,NaN,20260731_t1356_srsSmooth_Moretraining_B003,25,NaN,10.1438296357791,1.31682586669922,NaN,NaN,NaN,0,NaN,NaN,NaN,NaN,0
20260731_t1356_srsSmooth_Moretraining,srs_smooth_Moretraining,trial0191.mat,191,191,154,3,29,25,68,28,40,8,1,0,3,1,30,4241,1,2,2,1,1,2,2,1,2,1,SINGLE_T2_CORRECT,11,455,1,0,0,0,0,0,131,78,131,78,53,78,1,180,190,0,10,180,-170,170,NaN,NaN,NaN,1785521259.89032,13082.01459344,2.28913950920105,0.0181097984313965,0.268553972244263,0.935163974761963,1.35149478912354,1.61016535758972,1.63550090789795,1.63550090789795,-1,-1,1.91177558898926,250.444173812866,258.670568466187,25.3355503082275,284.006118774414,Instruction,Left,Right,Right,Left,Right,1,0,0,0,0,NaN,NaN,NaN,NaN,NaN,NaN,NaN,NaN,0,0,1,1,0,0,155,NaN,20260731_t1356_srsSmooth_Moretraining_B003,26,NaN,10.202489344279,1.29410552978516,NaN,NaN,NaN,0,NaN,NaN,NaN,NaN,0
20260731_t1356_srsSmooth_Moretraining,srs_smooth_Moretraining,trial0192.mat,192,192,155,3,30,26,68,28,40,8,1,0,2,1,17,239,1,1,2,1,1,2,1,2,1,2,SINGLE_T1_CORRECT,10,455,1,0,0,0,0,0,143,88,143,88,55,143,1,180,0,190,180,10,170,170,NaN,NaN,NaN,1785521263.48918,13085.61345312,2.2324161529541,0.0110588073730469,0.161514282226562,0.894841909408569,1.36111092567444,1.4450409412384,1.47822880744934,1.47822880744934,-1,-1,1.78964734077454,150.455474853516,83.9300155639648,33.1878662109375,117.117881774902,Instruction,Left,Right,Left,Left,Left,1,0,0,0,0,NaN,NaN,NaN,NaN,NaN,NaN,NaN,NaN,0,0,0,1,1,0,156,NaN,20260731_t1356_srsSmooth_Moretraining_B003,27,NaN,10.2624702771505,1.30971646308899,NaN,NaN,NaN,0,NaN,NaN,NaN,NaN,0
20260731_t1356_srsSmooth_Moretraining,srs_smooth_Moretraining,trial0193.mat,193,193,156,3,31,27,68,28,40,8,1,0,2,1,11,24636,1,1,2,1,1,2,1,2,1,2,SINGLE_T1_CORRECT,10,455,1,0,0,0,0,0,90,72,90,72,18,90,1,180,0,190,180,10,170,170,NaN,NaN,NaN,1785521267.00658,13089.13073524,2.12398505210876,0.0187892913818359,0.294526338577271,0.810994148254395,1.20216822624207,1.46952223777771,1.51119804382324,1.51119804382324,-1,-1,1.73069429397583,275.737047195435,267.354011535645,41.6758060455322,309.029817581177,Instruction,Left,Right,Left,Left,Left,1,0,0,0,0,NaN,NaN,NaN,NaN,NaN,NaN,NaN,NaN,0,0,0,1,1,0,157,NaN,20260731_t1356_srsSmooth_Moretraining_B003,28,NaN,10.3210937062899,1.28498959541321,NaN,NaN,NaN,0,NaN,NaN,NaN,NaN,0
20260731_t1356_srsSmooth_Moretraining,srs_smooth_Moretraining,trial0194.mat,194,194,157,3,32,28,68,28,40,8,1,0,2,1,15,8796,1,1,2,1,1,2,1,2,1,2,SINGLE_T1_CORRECT,10,455,1,0,0,0,0,0,130,75,130,75,55,130,1,0,180,10,180,10,170,170,NaN,NaN,NaN,1785521270.40721,13092.53132344,2.23963475227356,0.0182919502258301,0.243841886520386,0.827175855636597,1.25167274475098,1.5356228351593,1.57735538482666,1.57735538482666,-1,-1,1.80518531799316,225.549936294556,283.950090408325,41.7325496673584,325.682640075684,Instruction,Left,Right,Left,Left,Left,1,0,0,0,0,NaN,NaN,NaN,NaN,NaN,NaN,NaN,NaN,0,0,0,1,1,0,158,NaN,20260731_t1356_srsSmooth_Moretraining_B003,29,NaN,10.3777708450953,1.2766432762146,NaN,NaN,NaN,0,NaN,NaN,NaN,NaN,0
20260731_t1356_srsSmooth_Moretraining,srs_smooth_Moretraining,trial0195.mat,195,195,158,3,33,29,68,28,40,8,1,0,4,1,36,22187,1,2,1,2,1,1,2,2,2,2,SINGLE_T2_CORRECT,11,455,1,0,0,0,0,0,147,69,147,69,78,69,1,0,10,180,10,180,-170,170,NaN,NaN,NaN,1785521273.95452,13096.07863604,2.02527189254761,0.012791633605957,0.246878623962402,0.755051374435425,1.10450077056885,1.34676742553711,1.38890171051025,1.38890171051025,-1,-1,1.65748286247253,234.086990356445,242.266654968262,42.1342849731445,284.400939941406,Instruction,Right,Left,Left,Right,Left,1,0,0,0,0,NaN,NaN,NaN,NaN,NaN,NaN,NaN,NaN,1,1,0,1,0,0,159,NaN,20260731_t1356_srsSmooth_Moretraining_B003,30,NaN,10.436892580986,1.30766940116882,NaN,NaN,NaN,0,NaN,NaN,NaN,NaN,0
20260731_t1356_srsSmooth_Moretraining,srs_smooth_Moretraining,trial0197.mat,197,197,159,3,35,30,68,28,40,8,1,0,4,1,39,10953,1,2,1,2,1,1,2,2,2,2,SINGLE_T2_CORRECT,11,455,1,0,0,0,0,0,141,77,141,77,64,77,1,0,10,180,10,180,-170,170,NaN,NaN,NaN,1785521278.74093,13100.86494156,1.88869118690491,0.0182323455810547,0.0189230442047119,0.552484512329102,0.901599407196045,1.20236802101135,1.24384999275208,1.24384999275208,-1,-1,1.51235270500183,0.690698623657227,300.768613815308,41.4819717407227,342.25058555603,Instruction,Right,Left,Left,Right,Left,1,0,0,0,0,NaN,NaN,NaN,NaN,NaN,NaN,NaN,NaN,1,1,0,1,0,0,160,NaN,20260731_t1356_srsSmooth_Moretraining_B003,31,NaN,10.5166661024094,2.76113939285278,NaN,NaN,NaN,0,NaN,NaN,NaN,NaN,0
20260731_t1356_srsSmooth_Moretraining,srs_smooth_Moretraining,trial0198.mat,198,198,160,3,36,31,68,28,40,8,1,0,4,1,35,5594,1,2,1,2,1,1,2,2,2,2,SINGLE_T2_CORRECT,11,455,1,0,0,0,0,0,123,85,123,85,38,85,1,180,190,0,10,180,-170,170,NaN,NaN,NaN,1785521281.91968,13104.04364064,2.1770703792572,0.0145981311798096,0.306843280792236,0.865073442459106,1.22297811508179,1.45689415931702,1.4819655418396,1.4819655418396,-1,-1,1.79214978218079,292.245149612427,233.916044235229,25.071382522583,258.987426757812,Instruction,Right,Left,Left,Right,Left,1,0,0,0,0,NaN,NaN,NaN,NaN,NaN,NaN,NaN,NaN,1,1,0,1,0,0,161,NaN,20260731_t1356_srsSmooth_Moretraining_B003,32,NaN,10.5696453730265,1.29006505012512,NaN,NaN,NaN,0,NaN,NaN,NaN,NaN,0
20260731_t1356_srsSmooth_Moretraining,srs_smooth_Moretraining,trial0199.mat,199,199,161,3,37,32,68,28,40,8,1,0,2,1,13,18691,1,1,2,1,1,2,1,2,1,2,SINGLE_T1_CORRECT,10,455,1,0,0,0,0,0,124,52,124,52,72,124,1,0,180,10,180,10,170,170,NaN,NaN,NaN,1785521285.35738,13107.48123752,2.34761238098145,0.0187027454376221,0.260741710662842,0.994170188903809,1.37708878517151,1.61914372444153,1.66085767745972,1.66085767745972,-1,-1,1.92082619667053,242.03896522522,242.05493927002,41.7139530181885,283.768892288208,Instruction,Left,Right,Left,Left,Left,1,0,0,0,0,NaN,NaN,NaN,NaN,NaN,NaN,NaN,NaN,0,0,0,1,1,0,162,NaN,20260731_t1356_srsSmooth_Moretraining_B003,33,NaN,10.6269402980804,1.26062512397766,NaN,NaN,NaN,0,NaN,NaN,NaN,NaN,0
20260731_t1356_srsSmooth_Moretraining,srs_smooth_Moretraining,trial0200.mat,200,200,162,3,38,33,68,28,40,8,1,0,1,1,4,30850,1,1,1,2,1,1,1,1,1,1,SINGLE_T1_CORRECT,10,455,1,0,0,0,0,0,134,75,134,75,59,134,1,0,180,10,180,10,170,170,NaN,NaN,NaN,1785521289.00427,13111.12809316,2.26833176612854,0.0136220455169678,0.239051342010498,0.914147615432739,1.30533909797668,1.57255077362061,1.60596060752869,1.60596060752869,-1,-1,1.83378267288208,225.42929649353,267.211675643921,33.4098339080811,300.621509552002,Instruction,Right,Left,Right,Right,Right,1,0,0,0,0,NaN,NaN,NaN,NaN,NaN,NaN,NaN,NaN,1,1,1,1,1,0,163,NaN,20260731_t1356_srsSmooth_Moretraining_B003,34,NaN,10.6877217570941,1.29927515983582,NaN,NaN,NaN,0,NaN,NaN,NaN,NaN,0
20260731_t1356_srsSmooth_Moretraining,srs_smooth_Moretraining,trial0201.mat,201,201,163,3,39,34,68,28,40,8,1,0,3,1,28,18538,1,2,2,1,1,2,2,1,2,1,SINGLE_T2_CORRECT,11,455,1,0,0,0,0,0,139,81,139,81,58,81,1,180,190,0,10,180,-170,170,NaN,NaN,NaN,1785521292.52859,13114.65233132,2.32708024978638,0.0144329071044922,0.256791114807129,0.948551654815674,1.35615086555481,1.64008474349976,1.67341923713684,1.67341923713684,-1,-1,1.94185972213745,242.358207702637,283.933877944946,33.334493637085,317.268371582031,Instruction,Left,Right,Right,Left,Right,1,0,0,0,0,NaN,NaN,NaN,NaN,NaN,NaN,NaN,NaN,0,0,1,1,0,0,164,NaN,20260731_t1356_srsSmooth_Moretraining_B003,35,NaN,10.7464605291684,1.25599455833435,NaN,NaN,NaN,0,NaN,NaN,NaN,NaN,0
20260731_t1356_srsSmooth_Moretraining,srs_smooth_Moretraining,trial0202.mat,202,202,164,3,40,35,68,28,40,8,1,0,4,1,33,8774,1,2,1,2,1,1,2,2,2,2,SINGLE_T2_CORRECT,11,455,1,0,0,0,0,0,133,63,133,63,70,63,1,0,10,180,10,180,-170,170,NaN,NaN,NaN,1785521296.14038,13118.2639464,2.14006233215332,0.0111188888549805,0.220269918441772,0.778732776641846,1.18616390228271,1.42019557952881,1.46206045150757,1.46206045150757,-1,-1,1.77232694625854,209.151029586792,234.031677246094,41.8648719787598,275.896549224854,Instruction,Right,Left,Left,Right,Left,1,0,0,0,0,NaN,NaN,NaN,NaN,NaN,NaN,NaN,NaN,1,1,0,1,0,0,165,NaN,20260731_t1356_srsSmooth_Moretraining_B003,36,NaN,10.8066569765409,1.28470659255981,NaN,NaN,NaN,0,NaN,NaN,NaN,NaN,0
20260731_t1356_srsSmooth_Moretraining,srs_smooth_Moretraining,trial0203.mat,203,203,165,3,41,36,68,28,40,8,1,0,3,1,24,23764,1,2,2,1,1,2,2,1,2,1,SINGLE_T2_CORRECT,11,455,1,0,0,0,0,0,142,87,142,87,55,87,1,0,10,180,10,180,-170,170,NaN,NaN,NaN,1785521299.53286,13121.65647432,2.1651554107666,0.0187697410583496,0.269273042678833,0.860828876495361,1.21048307418823,1.50247001647949,1.53585934638977,1.53585934638977,-1,-1,1.77934217453003,250.503301620483,291.98694229126,33.3893299102783,325.376272201538,Instruction,Left,Right,Right,Left,Right,1,0,0,0,0,NaN,NaN,NaN,NaN,NaN,NaN,NaN,NaN,0,0,1,1,0,0,166,NaN,20260731_t1356_srsSmooth_Moretraining_B003,37,NaN,10.86319830815,1.25241756439209,NaN,NaN,NaN,0,NaN,NaN,NaN,NaN,0
20260731_t1356_srsSmooth_Moretraining,srs_smooth_Moretraining,trial0204.mat,204,204,166,3,42,37,68,28,40,8,1,0,3,1,22,28134,1,2,2,1,1,2,2,1,2,1,SINGLE_T2_CORRECT,11,455,1,0,0,0,0,0,111,89,111,89,22,89,1,0,10,180,10,180,-170,170,NaN,NaN,NaN,1785521302.97985,13125.10327836,2.15106606483459,0.0135791301727295,0.205978155136108,0.805901765823364,1.17195820808411,1.44744515419006,1.48906111717224,1.48906111717224,-1,-1,1.75748038291931,192.399024963379,275.486946105957,41.6159629821777,317.102909088135,Instruction,Left,Right,Right,Left,Right,1,0,0,0,0,NaN,NaN,NaN,NaN,NaN,NaN,NaN,NaN,0,0,1,1,0,0,167,NaN,20260731_t1356_srsSmooth_Moretraining_B003,38,NaN,10.9206481575966,1.28183555603027,NaN,NaN,NaN,0,NaN,NaN,NaN,NaN,0
20260731_t1356_srsSmooth_Moretraining,srs_smooth_Moretraining,trial0205.mat,205,205,167,3,43,38,68,28,40,8,1,0,3,1,21,9066,1,2,2,1,1,2,2,1,2,1,SINGLE_T2_CORRECT,11,455,1,0,0,0,0,0,111,92,111,92,19,92,1,0,10,180,10,180,-170,170,NaN,NaN,NaN,1785521306.4127,13128.53617176,2.21817874908447,0.0141987800598145,0.189847707748413,0.872981786727905,1.27258110046387,1.53158402442932,1.57318115234375,1.57318115234375,-1,-1,1.8248336315155,175.648927688599,259.002923965454,41.5971279144287,300.600051879883,Instruction,Left,Right,Right,Left,Right,1,0,0,0,0,NaN,NaN,NaN,NaN,NaN,NaN,NaN,NaN,0,0,1,1,0,0,168,NaN,20260731_t1356_srsSmooth_Moretraining_B003,39,NaN,10.9778622746468,1.28178095817566,NaN,NaN,NaN,0,NaN,NaN,NaN,NaN,0
20260731_t1356_srsSmooth_Moretraining,srs_smooth_Moretraining,trial0206.mat,206,206,168,3,44,39,68,28,40,8,1,0,1,1,10,12571,1,1,1,2,1,1,1,1,1,1,SINGLE_T1_CORRECT,10,455,1,0,0,0,0,0,143,65,143,65,78,143,1,180,0,190,180,10,170,170,NaN,NaN,NaN,1785521309.94119,13132.06443436,2.44825839996338,0.0191779136657715,0.219818830490112,0.961371660232544,1.4192328453064,1.66982316970825,1.71172571182251,1.71172571182251,-1,-1,2.00565218925476,200.640916824341,250.590324401855,41.9025421142578,292.492866516113,Instruction,Right,Left,Right,Right,Right,1,0,0,0,0,NaN,NaN,NaN,NaN,NaN,NaN,NaN,NaN,1,1,1,1,1,0,169,NaN,20260731_t1356_srsSmooth_Moretraining_B003,40,NaN,11.0366704622904,1.31031250953674,NaN,NaN,NaN,0,NaN,NaN,NaN,NaN,0
20260731_t1356_srsSmooth_Moretraining,srs_smooth_Moretraining,trial0207.mat,207,207,169,3,45,40,68,28,40,8,1,2,7,2,60,31384,2,0,1,2,1,1,2,2,1,1,CHOSE_LOW_SAL,2,455,1,0,0,0,0,0,114,75,114,75,39,114,1,0,10.3508686184198,179.64913138158,10.3508686184198,179.64913138158,-169.29826276316,169.29826276316,NaN,NaN,NaN,1785521313.67026,13135.79339424,2.31143522262573,0.0152523517608643,0.265835762023926,0.849168062210083,1.29030108451843,1.54915523529053,1.58243656158447,1.58243656158447,-1,-1,1.89345383644104,250.583410263062,258.854150772095,33.2813262939453,292.13547706604,Conflict,Right,Left,Right,Right,Left,0,1,0,1,1,1,1,1,0,0,0,0,1,1,1,0,1,0,1,170,50,20260731_t1356_srsSmooth_Moretraining_B003,41,1,11.098821636041,1.28081202507019,1,1,58,0,0,0,1,1,1
20260731_t1356_srsSmooth_Moretraining,srs_smooth_Moretraining,trial0208.mat,208,208,170,3,46,41,68,28,40,8,1,1,5,2,41,23151,2,0,1,2,1,1,1,1,1,1,CHOSE_HIGH_SAL,1,455,1,0,0,0,0,0,112,91,112,91,21,112,1,180,321.479354602164,228.520645397836,141.479354602164,48.5206453978364,92.9587092043273,92.9587092043273,NaN,NaN,NaN,1785521317.25463,13139.37784824,2.16825699806213,0.014357328414917,0.248083353042603,1.02350831031799,1.42274570465088,1.45680403709412,1.49038434028625,1.49038434028625,-1,-1,1.75907564163208,233.726024627686,34.0583324432373,33.5803031921387,67.638635635376,Congruent,Right,Left,Right,Right,Right,0,1,1,0,1,1,1,1,1,0,0,0,0,1,1,1,1,1,1,171,51,20260731_t1356_srsSmooth_Moretraining_B003,42,2,11.158561082681,1.27293157577515,1,1,114,1,0,0,1,1,1
20260731_t1356_srsSmooth_Moretraining,srs_smooth_Moretraining,trial0210.mat,210,210,171,3,48,42,68,28,40,8,1,2,7,2,55,30051,2,0,1,2,1,1,2,2,1,1,CHOSE_LOW_SAL,2,455,1,0,0,0,0,0,139,38,139,38,101,139,1,0,10.9647961162241,179.035203883776,10.9647961162241,179.035203883776,-168.070407767552,168.070407767552,NaN,NaN,NaN,1785521322.17663,13144.29967056,2.28020119667053,0.0175426006317139,0.218467235565186,0.893226623535156,1.27592444419861,1.55998134613037,1.59338545799255,1.59338545799255,-1,-1,1.83700942993164,200.924634933472,284.056901931763,33.4041118621826,317.461013793945,Conflict,Right,Left,Right,Right,Left,0,1,0,1,1,1,1,1,0,0,0,0,1,1,1,0,1,0,1,172,52,20260731_t1356_srsSmooth_Moretraining_B003,43,3,11.2405945340792,2.75375008583069,1,1,112,1,0,0,1,1,1
20260731_t1356_srsSmooth_Moretraining,srs_smooth_Moretraining,trial0211.mat,211,211,172,3,49,43,68,28,40,8,1,2,7,2,58,15652,2,0,1,2,1,1,2,2,0,0,,0,11,0,1,0,0,0,0,143,58,143,58,85,NaN,1,180,215.86596354967,334.13403645033,35.8659635496699,154.13403645033,-118.26807290066,118.26807290066,NaN,NaN,NaN,1785521325.72398,13147.84706112,0.097928524017334,0.0119960308074951,0.0374538898468018,-1,-1,-1,-1,-1,-1,-1,-1,25.4578590393066,NaN,NaN,NaN,Conflict,Right,Left,None,Right,Left,0,1,0,1,0,NaN,NaN,NaN,NaN,NaN,NaN,NaN,NaN,1,1,0,1,0,0,172,NaN,20260731_t1356_srsSmooth_Moretraining_B003,NaN,NaN,11.2997170408567,1.2671492099762,NaN,NaN,NaN,0,NaN,NaN,NaN,NaN,0
20260731_t1356_srsSmooth_Moretraining,srs_smooth_Moretraining,trial0212.mat,212,212,172,3,50,43,68,28,40,8,1,1,6,2,48,12567,2,0,2,1,1,2,1,2,2,1,CHOSE_LOW_SAL,2,455,1,0,0,0,0,0,147,60,147,60,87,60,1,180,310.28413621002,239.71586378998,130.28413621002,59.7158637899797,70.5682724200407,70.5682724200407,NaN,NaN,NaN,1785521327.00906,13149.132114,2.09816241264343,0.0186352729797363,0.210713148117065,0.736732959747314,1.19368124008179,1.43620800971985,1.46953392028809,1.46953392028809,-1,-1,1.73905825614929,192.077875137329,242.526769638062,33.3259105682373,275.852680206299,Congruent,Left,Right,Right,Left,Left,0,1,1,0,1,1,0,0,0,0,1,1,1,0,0,0,1,1,1,173,53,20260731_t1356_srsSmooth_Moretraining_B003,44,4,11.3211350043615,1.18714928627014,1,1,139,1,1,0,0,1,1
20260731_t1356_srsSmooth_Moretraining,srs_smooth_Moretraining,trial0213.mat,213,213,173,3,51,44,68,28,40,8,1,1,6,2,49,19703,2,0,2,1,1,2,1,2,2,1,CHOSE_LOW_SAL,2,455,1,0,0,0,0,0,110,65,110,65,45,65,1,180,337.013553898685,212.986446101315,157.013553898685,32.9864461013148,124.02710779737,124.02710779737,NaN,NaN,NaN,1785521330.39507,13152.5179994,2.3695867061615,0.016094446182251,0.241721391677856,1.04181981086731,1.38281440734863,1.68333411216736,1.72526240348816,1.72526240348816,-1,-1,2.00189447402954,225.626945495605,300.519704818726,41.9282913208008,342.447996139526,Congruent,Left,Right,Right,Left,Left,0,1,1,0,1,1,0,0,0,0,1,1,1,0,0,0,1,1,1,174,54,20260731_t1356_srsSmooth_Moretraining_B003,45,5,11.3775684356689,1.28784346580505,2,1,60,1,0,0,1,1,1
20260731_t1356_srsSmooth_Moretraining,srs_smooth_Moretraining,trial0214.mat,214,214,174,3,52,45,68,28,40,8,1,2,8,2,66,187,2,0,2,1,1,2,2,1,2,1,CHOSE_HIGH_SAL,1,455,1,0,0,0,0,0,126,43,126,43,83,43,1,180,220.221676788476,329.778323211524,40.2216767884757,149.778323211524,-109.556646423049,109.556646423049,NaN,NaN,NaN,1785521334.0293,13156.15199584,2.31079125404358,0.0153346061706543,0.249249458312988,1.04087018966675,1.44872355461121,1.64921522140503,1.68248844146729,1.68248844146729,-1,-1,1.96765661239624,233.914852142334,200.491666793823,33.2732200622559,233.764886856079,Conflict,Left,Right,Right,Left,Right,0,1,0,1,1,1,0,0,1,0,1,1,0,0,0,1,1,0,1,175,55,20260731_t1356_srsSmooth_Moretraining_B003,46,6,11.438139017423,1.26464819908142,2,1,65,1,0,0,1,1,1
20260731_t1356_srsSmooth_Moretraining,srs_smooth_Moretraining,trial0215.mat,215,215,175,3,53,46,68,28,40,8,1,1,6,2,53,28620,2,0,2,1,1,2,1,2,1,2,CHOSE_HIGH_SAL,1,455,1,0,0,0,0,0,108,57,108,57,51,108,1,180,356.442269752009,193.557730247991,176.442269752009,13.5577302479907,162.884539504019,162.884539504019,NaN,NaN,NaN,1785521337.6306,13159.75344112,2.37724447250366,0.0141785144805908,0.231499910354614,0.948018550872803,1.41423344612122,1.64791417121887,1.68976306915283,1.68976306915283,-1,-1,1.96668648719788,217.321395874023,233.680725097656,41.84889793396,275.529623031616,Congruent,Left,Right,Left,Left,Left,0,1,1,0,1,0,1,1,1,1,0,0,0,0,0,0,1,1,1,176,56,20260731_t1356_srsSmooth_Moretraining_B003,47,7,11.4981606165568,1.29050469398499,2,1,43,1,1,1,0,0,1
20260731_t1356_srsSmooth_Moretraining,srs_smooth_Moretraining,trial0216.mat,216,216,176,3,54,47,68,28,40,8,1,1,5,2,44,24275,2,0,1,2,1,1,1,1,1,1,CHOSE_HIGH_SAL,1,455,1,0,0,0,0,0,153,71,153,71,82,153,1,180,354.868595439251,195.131404560749,174.868595439251,15.1314045607488,159.737190878502,159.737190878502,NaN,NaN,NaN,1785521341.30373,13163.42639116,1.88698554039001,0.0161871910095215,0.199965715408325,0.725008487701416,1.11623024940491,1.15842866897583,1.19172763824463,1.19172763824463,-1,-1,1.43630170822144,183.778524398804,42.1984195709229,33.2989692687988,75.4973888397217,Congruent,Right,Left,Right,Right,Right,0,1,1,0,1,1,1,1,1,0,0,0,0,1,1,1,1,1,1,177,57,20260731_t1356_srsSmooth_Moretraining_B003,48,8,11.5593795220057,1.29588985443115,1,2,108,1,0,1,1,0,1
20260731_t1356_srsSmooth_Moretraining,srs_smooth_Moretraining,trial0217.mat,217,217,177,3,55,48,68,28,40,8,1,2,8,2,62,9309,2,0,2,1,1,2,2,1,2,1,CHOSE_HIGH_SAL,1,455,1,0,0,0,0,0,123,73,123,73,50,73,1,0,53.2146813247679,136.785318675232,53.2146813247679,136.785318675232,-83.5706373504642,83.5706373504642,NaN,NaN,NaN,1785521344.44811,13166.57080212,2.15878939628601,0.0136001110076904,0.239370822906494,0.831156730651855,1.22198009490967,1.47251677513123,1.51437067985535,1.51437067985535,-1,-1,1.78261208534241,225.770711898804,250.536680221558,41.8539047241211,292.390584945679,Conflict,Left,Right,Right,Left,Right,0,1,0,1,1,1,0,0,1,0,1,1,0,0,0,1,1,0,1,178,58,20260731_t1356_srsSmooth_Moretraining_B003,49,9,11.611785809199,1.25739169120789,1,1,153,1,1,0,0,1,1
20260731_t1356_srsSmooth_Moretraining,srs_smooth_Moretraining,trial0218.mat,218,218,178,3,56,49,68,28,40,8,1,2,8,2,64,10482,2,0,2,1,1,2,2,1,2,1,CHOSE_HIGH_SAL,1,455,1,0,0,0,0,0,124,60,124,60,64,60,1,180,208.494789651191,341.505210348809,28.4947896511914,161.505210348809,-133.010420697617,133.010420697617,NaN,NaN,NaN,1785521347.88317,13170.00575092,2.04063582420349,0.0120093822479248,0.287990570068359,0.804642915725708,1.2287232875824,1.42951345443726,1.46248817443848,1.46248817443848,-1,-1,1.6810896396637,275.981187820435,200.790166854858,32.9747200012207,233.764886856079,Conflict,Left,Right,Right,Left,Right,0,1,0,1,1,1,0,0,1,0,1,1,0,0,0,1,1,0,1,179,59,20260731_t1356_srsSmooth_Moretraining_B003,50,10,11.6690367698669,1.27626824378967,2,1,73,1,0,0,1,1,1
20260731_t1356_srsSmooth_Moretraining,srs_smooth_Moretraining,trial0219.mat,219,219,179,3,57,50,68,28,40,8,1,2,7,2,61,18117,2,0,1,2,1,1,2,2,1,1,CHOSE_LOW_SAL,2,455,1,0,0,0,0,0,129,61,129,61,68,129,1,0,35.1397537059257,154.860246294074,35.1397537059257,154.860246294074,-119.720492588149,119.720492588149,NaN,NaN,NaN,1785521351.23225,13173.35462752,2.32573771476746,0.0130603313446045,0.27192211151123,0.971965789794922,1.38811326026917,1.59704637527466,1.63018870353699,1.63018870353699,-1,-1,1.89838695526123,258.861780166626,208.933115005493,33.1423282623291,242.075443267822,Conflict,Right,Left,Right,Right,Left,0,1,0,1,1,1,1,1,0,0,0,0,1,1,1,0,1,0,1,180,60,20260731_t1356_srsSmooth_Moretraining_B003,51,11,11.7248547712962,1.3084442615509,2,1,60,1,1,0,0,1,1
20260731_t1356_srsSmooth_Moretraining,srs_smooth_Moretraining,trial0220.mat,220,220,180,3,58,51,68,28,40,8,1,2,7,2,57,28950,2,0,1,2,1,1,2,2,1,1,CHOSE_LOW_SAL,2,455,1,0,0,0,0,0,109,58,109,58,51,109,1,180,266.683952017222,283.316047982778,86.6839520172221,103.316047982778,-16.6320959655558,16.6320959655558,NaN,NaN,NaN,1785521354.85221,13176.9747084,2.03852987289429,0.018242359161377,0.218657732009888,0.726994276046753,1.15995407104492,1.35207271575928,1.39375948905945,1.39375948905945,-1,-1,1.62900376319885,200.415372848511,192.118644714355,41.6867733001709,233.805418014526,Conflict,Right,Left,Right,Right,Left,0,1,0,1,1,1,1,1,0,0,0,0,1,1,1,0,1,0,1,181,61,20260731_t1356_srsSmooth_Moretraining_B003,52,12,11.7851874192556,1.29422116279602,1,1,129,1,0,0,1,1,1
20260731_t1356_srsSmooth_Moretraining,srs_smooth_Moretraining,trial0221.mat,221,221,181,3,59,52,68,28,40,8,1,2,8,2,68,19857,2,0,2,1,1,2,2,1,2,1,CHOSE_HIGH_SAL,1,455,1,0,0,0,0,0,86,51,86,51,35,51,1,180,265.716750824946,284.283249175054,85.7167508249464,104.283249175054,-18.5664983501073,18.5664983501073,NaN,NaN,NaN,1785521358.18432,13180.3067376,2.14854860305786,0.0112600326538086,0.203641176223755,0.886989116668701,1.3029773235321,1.52047419548035,1.55329012870789,1.55329012870789,-1,-1,1.79759168624878,192.381143569946,217.496871948242,32.8159332275391,250.312805175781,Conflict,Left,Right,Right,Left,Right,0,1,0,1,1,1,0,0,1,0,1,1,0,0,0,1,1,0,1,182,62,20260731_t1356_srsSmooth_Moretraining_B003,53,13,11.8407226204872,1.29358220100403,1,1,109,1,1,0,0,1,1
20260731_t1356_srsSmooth_Moretraining,srs_smooth_Moretraining,trial0222.mat,222,222,182,3,60,53,68,28,40,8,1,1,6,2,54,27229,2,0,2,1,1,2,1,2,2,1,CHOSE_LOW_SAL,2,455,1,0,0,0,0,0,112,50,112,50,62,50,1,0,144.55451685408,45.44548314592,144.55451685408,45.44548314592,99.1090337081599,99.1090337081599,NaN,NaN,NaN,1785521361.62187,13183.74415472,2.16111993789673,0.0155105590820312,0.274130582809448,0.907493829727173,1.31556153297424,1.48261189460754,1.51585698127747,1.51585698127747,-1,-1,1.80941653251648,258.620023727417,167.050361633301,33.2450866699219,200.295448303223,Congruent,Left,Right,Right,Left,Left,0,1,1,0,1,1,0,0,0,0,1,1,1,0,0,0,1,1,1,183,63,20260731_t1356_srsSmooth_Moretraining_B003,54,14,11.8980151335398,1.28900218009949,2,1,51,1,0,0,1,1,1
20260731_t1356_srsSmooth_Moretraining,srs_smooth_Moretraining,trial0223.mat,223,223,183,3,61,54,68,28,40,8,1,2,7,2,56,13408,2,0,1,2,1,1,2,2,1,1,CHOSE_LOW_SAL,2,455,1,0,0,0,0,0,115,72,115,72,43,115,1,180,207.261348275646,342.738651724354,27.2613482756463,162.738651724354,-135.477303448707,135.477303448707,NaN,NaN,NaN,1785521365.10218,13187.22441512,2.25572752952576,0.0186746120452881,0.277562141418457,0.927666902542114,1.35206079483032,1.54432654380798,1.58569669723511,1.58569669723511,-1,-1,1.83766412734985,258.887529373169,192.265748977661,41.370153427124,233.635902404785,Conflict,Right,Left,Right,Right,Left,0,1,0,1,1,1,1,1,0,0,0,0,1,1,1,0,1,0,1,184,64,20260731_t1356_srsSmooth_Moretraining_B003,55,15,11.956020228068,1.31918573379517,2,1,50,1,1,0,0,1,1
20260731_t1356_srsSmooth_Moretraining,srs_smooth_Moretraining,trial0224.mat,224,224,184,3,62,55,68,28,40,8,1,1,6,2,52,25157,2,0,2,1,1,2,1,2,2,1,CHOSE_LOW_SAL,2,455,1,0,0,0,0,0,122,83,122,83,39,83,1,0,142.432936817192,47.5670631828081,142.432936817192,47.5670631828081,94.8658736343839,94.8658736343839,NaN,NaN,NaN,1785521368.64278,13190.76494112,2.26606392860413,0.0115451812744141,0.278777360916138,0.928661108016968,1.33659720420837,1.5454158782959,1.57871055603027,1.57871055603027,-1,-1,1.88080477714539,267.232179641724,208.818674087524,33.294677734375,242.113351821899,Congruent,Left,Right,Right,Left,Left,0,1,1,0,1,1,0,0,0,0,1,1,1,0,0,0,1,1,1,185,65,20260731_t1356_srsSmooth_Moretraining_B003,56,16,12.0150302569071,1.28487420082092,1,1,115,1,1,0,0,1,1
20260731_t1356_srsSmooth_Moretraining,srs_smooth_Moretraining,trial0226.mat,226,226,185,3,64,56,68,28,40,8,1,1,5,2,43,10079,2,0,1,2,1,1,1,1,1,1,CHOSE_HIGH_SAL,1,455,1,0,0,0,0,0,147,46,147,46,101,147,1,180,351.470068929737,198.529931070263,171.470068929737,18.5299310702633,152.940137859473,152.940137859473,NaN,NaN,NaN,1785521373.70041,13195.8223296,2.41734743118286,0.0124402046203613,0.221397161483765,0.988136291503906,1.37916016578674,1.62974691390991,1.67172288894653,1.67172288894653,-1,-1,1.96573209762573,208.956956863403,250.586748123169,41.9759750366211,292.56272315979,Congruent,Right,Left,Right,Right,Right,0,1,1,0,1,1,1,1,1,0,0,0,0,1,1,1,1,1,1,186,66,20260731_t1356_srsSmooth_Moretraining_B003,57,17,12.0993241906166,2.79157209396362,2,1,83,1,1,0,0,1,1
20260731_t1356_srsSmooth_Moretraining,srs_smooth_Moretraining,trial0227.mat,227,227,186,3,65,57,68,28,40,8,1,1,5,2,42,11687,2,0,1,2,1,1,1,1,1,1,CHOSE_HIGH_SAL,1,455,1,0,0,0,0,0,127,59,127,59,68,127,1,0,162.290958383126,27.7090416168737,162.290958383126,27.7090416168737,134.581916766253,134.581916766253,NaN,NaN,NaN,1785521377.37226,13199.49419148,2.20339798927307,0.0157361030578613,0.23310375213623,0.82457423210144,1.18244814872742,1.44130635261536,1.48317170143127,1.48317170143127,-1,-1,1.77651405334473,217.367649078369,258.858203887939,41.865348815918,300.723552703857,Congruent,Right,Left,Right,Right,Right,0,1,1,0,1,1,1,1,1,0,0,0,0,1,1,1,1,1,1,187,67,20260731_t1356_srsSmooth_Moretraining_B003,58,18,12.1605216582616,1.2545006275177,1,1,147,1,0,0,1,1,1
20260731_t1356_srsSmooth_Moretraining,srs_smooth_Moretraining,trial0228.mat,228,228,187,3,66,58,68,28,40,8,1,1,6,2,51,3116,2,0,2,1,1,2,1,2,2,1,CHOSE_LOW_SAL,2,455,1,0,0,0,0,0,119,86,119,86,33,86,1,180,333.266563758127,216.733436241873,153.266563758127,36.7334362418733,116.533127516253,116.533127516253,NaN,NaN,NaN,1785521380.86732,13202.98911988,2.32509732246399,0.0124852657318115,0.296784639358521,0.938345909118652,1.31253623962402,1.61298561096191,1.6547110080719,1.6547110080719,-1,-1,1.94001936912537,284.299373626709,300.449371337891,41.7253971099854,342.174768447876,Congruent,Left,Right,Right,Left,Left,0,1,1,0,1,1,0,0,0,0,1,1,1,0,0,0,1,1,1,188,68,20260731_t1356_srsSmooth_Moretraining_B003,59,19,12.2187725702922,1.2916567325592,1,1,127,1,1,0,0,1,1
20260731_t1356_srsSmooth_Moretraining,srs_smooth_Moretraining,trial0229.mat,229,229,188,3,67,59,68,28,40,8,1,2,8,2,65,25690,2,0,2,1,1,2,2,1,2,1,CHOSE_HIGH_SAL,1,455,1,0,0,0,0,0,108,76,108,76,32,76,1,180,202.023425705232,347.976574294768,22.0234257052321,167.976574294768,-145.953148589536,145.953148589536,NaN,NaN,NaN,1785521384.47268,13206.59454932,2.01118206977844,0.0155928134918213,0.241069078445435,0.79931378364563,1.15730476379395,1.37436461448669,1.40770936012268,1.40770936012268,-1,-1,1.63446950912476,225.476264953613,217.059850692749,33.3447456359863,250.404596328735,Conflict,Left,Right,Right,Left,Right,0,1,0,1,1,1,0,0,1,0,1,1,0,0,0,1,1,0,1,189,69,20260731_t1356_srsSmooth_Moretraining_B003,60,20,12.2788620114326,1.28026914596558,2,1,86,1,0,0,1,1,1
20260731_t1356_srsSmooth_Moretraining,srs_smooth_Moretraining,trial0230.mat,230,230,189,3,68,60,68,28,40,8,1,2,7,2,59,1027,2,0,1,2,1,1,2,2,1,1,CHOSE_LOW_SAL,2,455,1,0,0,0,0,0,105,70,105,70,35,105,1,180,216.755852632415,333.244147367585,36.755852632415,153.244147367585,-116.48829473517,116.48829473517,NaN,NaN,NaN,1785521387.74692,13209.86856916,2.21179866790771,0.0164799690246582,0.233714818954468,0.850401401519775,1.21652698516846,1.46709156036377,1.5004460811615,1.5004460811615,-1,-1,1.80208516120911,217.23484992981,250.564575195312,33.3545207977295,283.919095993042,Conflict,Right,Left,Right,Right,Left,0,1,0,1,1,1,1,1,0,0,0,0,1,1,1,0,1,0,1,190,70,20260731_t1356_srsSmooth_Moretraining_B003,61,21,12.3334327101707,1.26305985450745,2,1,76,1,1,0,0,1,1
20260731_t1356_srsSmooth_Moretraining,srs_smooth_Moretraining,trial0231.mat,231,231,190,3,69,61,68,28,40,8,1,2,7,2,58,15652,2,0,1,2,1,1,2,2,1,1,CHOSE_LOW_SAL,2,455,1,0,0,0,0,0,129,46,129,46,83,129,1,180,193.188943215271,356.811056784729,13.1889432152715,176.811056784729,-163.622113569457,163.622113569457,NaN,NaN,NaN,1785521391.25154,13213.37321228,2.08275866508484,0.0120038986206055,0.212425947189331,0.745872259140015,1.14538168907166,1.38755869865417,1.42916655540466,1.42916655540466,-1,-1,1.65634489059448,200.422048568726,242.17700958252,41.6078567504883,283.784866333008,Conflict,Right,Left,Right,Right,Left,0,1,0,1,1,1,1,1,0,0,0,0,1,1,1,0,1,0,1,191,71,20260731_t1356_srsSmooth_Moretraining_B003,62,22,12.3918429295222,1.29281449317932,1,1,105,1,0,0,1,1,1
20260731_t1356_srsSmooth_Moretraining,srs_smooth_Moretraining,trial0232.mat,232,232,191,3,70,62,68,28,40,8,1,1,5,2,45,25688,2,0,1,2,1,1,1,1,1,1,CHOSE_HIGH_SAL,1,455,1,0,0,0,0,0,120,78,120,78,42,120,1,0,115.038147282847,74.9618527171531,115.038147282847,74.9618527171531,40.0762945656938,40.0762945656938,NaN,NaN,NaN,1785521394.65645,13216.77811216,2.1200954914093,0.0155589580535889,0.165985345840454,0.699647188186646,1.08226799964905,1.34112524986267,1.38283228874207,1.38283228874207,-1,-1,1.69617819786072,150.426387786865,258.857250213623,41.7070388793945,300.564289093018,Congruent,Right,Left,Right,Right,Right,0,1,1,0,1,1,1,1,1,0,0,0,0,1,1,1,1,1,1,192,72,20260731_t1356_srsSmooth_Moretraining_B003,63,23,12.4485914587975,1.32215309143066,1,1,129,1,0,0,1,1,1
20260731_t1356_srsSmooth_Moretraining,srs_smooth_Moretraining,trial0235.mat,235,235,192,3,73,63,68,28,40,8,1,2,8,2,63,13078,2,0,2,1,1,2,2,1,0,0,,0,11,0,1,0,0,0,0,144,46,144,46,98,NaN,1,0,46.4869204829973,143.513079517003,46.4869204829973,143.513079517003,-97.0261590340053,97.0261590340053,NaN,NaN,NaN,1785521401.09351,13223.21497908,0.298553228378296,0.0120871067047119,0.246119976043701,-1,-1,-1,-1,-1,-1,-1,-1,234.032869338989,NaN,NaN,NaN,Conflict,Left,Right,None,Left,Right,0,1,0,1,0,NaN,NaN,NaN,NaN,NaN,NaN,NaN,NaN,0,0,1,1,0,0,192,NaN,20260731_t1356_srsSmooth_Moretraining_B003,NaN,NaN,12.5558757742246,4.31696343421936,NaN,NaN,NaN,0,NaN,NaN,NaN,NaN,0
20260731_t1356_srsSmooth_Moretraining,srs_smooth_Moretraining,trial0237.mat,237,237,192,3,75,63,68,28,40,8,1,1,6,2,50,26498,2,0,2,1,1,2,1,2,2,1,CHOSE_LOW_SAL,2,455,1,0,0,0,0,0,124,50,124,50,74,50,1,180,341.865453003482,208.134546996518,161.865453003482,28.1345469965183,133.730906006963,133.730906006963,NaN,NaN,NaN,1785521404.06924,13226.19059788,2.39046692848206,0.0114758014678955,0.262232780456543,0.970276117324829,1.35319471359253,1.67030191421509,1.71196675300598,1.71196675300598,-1,-1,2.01414036750793,250.756978988647,317.107200622559,41.6648387908936,358.772039413452,Congruent,Left,Right,Right,Left,Left,0,1,1,0,1,1,0,0,0,0,1,1,1,0,0,0,1,1,1,193,73,20260731_t1356_srsSmooth_Moretraining_B003,64,24,12.6054712454478,2.67717504501343,1,1,120,1,1,0,0,1,1
20260731_t1356_srsSmooth_Moretraining,srs_smooth_Moretraining,trial0239.mat,239,239,193,3,77,64,68,28,40,8,1,2,8,2,63,13078,2,0,2,1,1,2,2,1,2,1,CHOSE_HIGH_SAL,1,455,1,0,1,0,0,0,121,49,121,49,72,49,1,0,70.4738938576538,119.526106142346,70.4738938576538,119.526106142346,-49.0522122846925,49.0522122846925,NaN,NaN,NaN,1785521450.92701,13273.04751224,2.19351363182068,0.0138847827911377,0.20602560043335,0.914391994476318,1.33060240745544,1.58938837051392,1.62264800071716,1.62264800071716,-1,-1,1.84179401397705,192.140817642212,258.785963058472,33.2596302032471,292.045593261719,Conflict,Left,Right,Right,Left,Right,0,1,0,1,1,1,0,0,1,0,1,1,0,0,0,1,1,0,1,194,74,20260731_t1356_srsSmooth_Moretraining_B003,65,25,13.3864340980848,44.4673042297363,2,1,50,1,0,0,1,1,1
20260731_t1356_srsSmooth_Moretraining,srs_smooth_Moretraining,trial0240.mat,240,240,194,3,78,65,68,28,40,8,1,1,5,2,47,7008,2,0,1,2,1,1,1,1,1,1,CHOSE_HIGH_SAL,1,455,1,0,0,0,0,0,127,62,127,62,65,127,1,180,358.200776646024,191.799223353976,178.200776646024,11.7992233539755,166.401553292049,166.401553292049,NaN,NaN,NaN,1785521454.40048,13276.52084352,2.36992168426514,0.015552282333374,0.232817888259888,0.999727249145508,1.4072732925415,1.60805702209473,1.64109015464783,1.64109015464783,-1,-1,1.94370436668396,217.265605926514,200.783729553223,33.0331325531006,233.816862106323,Congruent,Right,Left,Right,Right,Right,0,1,1,0,1,1,1,1,1,0,0,0,0,1,1,1,1,1,1,195,75,20260731_t1356_srsSmooth_Moretraining_B003,66,26,13.444325252374,1.27995562553406,2,1,49,1,1,0,0,1,1
20260731_t1356_srsSmooth_Moretraining,srs_smooth_Moretraining,trial0241.mat,241,241,195,3,79,66,68,28,40,8,1,2,8,2,67,24078,2,0,2,1,1,2,2,1,2,1,CHOSE_HIGH_SAL,1,455,1,0,0,0,0,0,125,72,125,72,53,72,1,180,206.048999650501,343.951000349499,26.0489996505013,163.951000349499,-137.902000698997,137.902000698997,NaN,NaN,NaN,1785521458.06755,13280.18783756,2.18610453605652,0.0152907371520996,0.224145174026489,0.965752124786377,1.36534357070923,1.54927778244019,1.59075164794922,1.59075164794922,-1,-1,1.80912089347839,208.85443687439,183.934211730957,41.4738655090332,225.40807723999,Conflict,Left,Right,Right,Left,Right,0,1,0,1,1,1,0,0,1,0,1,1,0,0,0,1,1,0,1,196,76,20260731_t1356_srsSmooth_Moretraining_B003,67,27,13.5054431319237,1.2971510887146,1,1,127,1,1,0,0,1,1
20260731_t1356_srsSmooth_Moretraining,srs_smooth_Moretraining,trial0242.mat,242,242,196,3,80,67,68,28,40,8,1,1,5,2,46,17551,2,0,1,2,1,1,1,1,1,1,CHOSE_HIGH_SAL,1,455,1,0,0,0,0,0,104,41,104,41,63,104,1,0,148.847417167323,41.1525828326768,148.847417167323,41.1525828326768,107.694834334646,107.694834334646,NaN,NaN,NaN,1785521461.55667,13283.67679976,2.33857536315918,0.017979621887207,0.243501663208008,0.976806640625,1.35139465332031,1.59346795082092,1.63533067703247,1.63533067703247,-1,-1,1.93728566169739,225.522041320801,242.07329750061,41.8627262115479,283.936023712158,Congruent,Right,Left,Right,Right,Right,0,1,1,0,1,1,1,1,1,0,0,0,0,1,1,1,1,1,1,197,77,20260731_t1356_srsSmooth_Moretraining_B003,68,28,13.5635950485865,1.3030104637146,2,1,72,1,1,0,0,1,1
20260731_t1356_srsSmooth_Moretraining,srs_smooth_Moretraining,trial0243.mat,243,243,197,4,1,0,64,24,40,8,2,0,1,1,3,25822,1,1,1,2,2,2,1,1,1,1,SINGLE_T1_CORRECT,10,455,1,0,0,0,0,0,99,206,206,99,-107,99,1,0,180,10,180,10,170,170,NaN,NaN,NaN,1785521465.19834,13287.31862464,2.13053321838379,0.0181179046630859,0.227033138275146,0.743674993515015,1.1014940738678,1.40212035179138,1.43551921844482,1.43551921844482,-1,-1,1.72882223129272,208.915233612061,300.626277923584,33.3988666534424,334.025144577026,Instruction,Right,Left,Right,Left,Right,1,0,0,0,0,NaN,NaN,NaN,NaN,NaN,NaN,NaN,NaN,1,0,1,0,1,0,198,NaN,20260731_t1356_srsSmooth_Moretraining_B004,1,NaN,13.6242895762126,1.30309629440308,NaN,NaN,NaN,0,NaN,NaN,NaN,NaN,0
20260731_t1356_srsSmooth_Moretraining,srs_smooth_Moretraining,trial0244.mat,244,244,198,4,2,1,64,24,40,8,2,0,2,1,18,12904,1,1,2,1,2,1,1,2,1,2,SINGLE_T1_CORRECT,10,455,1,0,0,0,0,0,74,220,220,74,-146,74,1,180,0,190,180,10,170,170,NaN,NaN,NaN,1785521468.61044,13290.73052852,2.19361042976379,0.0144801139831543,0.206650257110596,0.931697130203247,1.29786419868469,1.53183197975159,1.57324695587158,1.57324695587158,-1,-1,1.81665015220642,192.170143127441,233.967781066895,41.4149761199951,275.38275718689,Instruction,Left,Right,Left,Right,Left,1,0,0,0,0,NaN,NaN,NaN,NaN,NaN,NaN,NaN,NaN,0,1,0,0,1,0,199,NaN,20260731_t1356_srsSmooth_Moretraining_B004,2,NaN,13.6811579902967,1.28157162666321,NaN,NaN,NaN,0,NaN,NaN,NaN,NaN,0
20260731_t1356_srsSmooth_Moretraining,srs_smooth_Moretraining,trial0245.mat,245,245,199,4,3,2,64,24,40,8,2,0,4,1,32,10925,1,2,1,2,2,2,2,2,2,2,SINGLE_T2_CORRECT,11,455,1,0,0,0,0,0,79,174,174,79,-95,174,1,180,190,0,10,180,-170,170,NaN,NaN,NaN,1785521472.11556,13294.23571688,2.15555906295776,0.0178284645080566,0.218249559402466,0.776606321334839,1.13453936576843,1.35990977287292,1.40187978744507,1.40187978744507,-1,-1,1.67861247062683,200.421094894409,225.370407104492,41.9700145721436,267.340421676636,Instruction,Right,Left,Left,Left,Left,1,0,0,0,0,NaN,NaN,NaN,NaN,NaN,NaN,NaN,NaN,1,0,0,0,0,0,200,NaN,20260731_t1356_srsSmooth_Moretraining_B004,3,NaN,13.7395767013232,1.31151223182678,NaN,NaN,NaN,0,NaN,NaN,NaN,NaN,0
20260731_t1356_srsSmooth_Moretraining,srs_smooth_Moretraining,trial0246.mat,246,246,200,4,4,3,64,24,40,8,2,0,2,1,14,1843,1,1,2,1,2,1,1,2,1,2,SINGLE_T1_CORRECT,10,455,1,0,0,0,0,0,86,166,166,86,-80,86,1,180,0,190,180,10,170,170,NaN,NaN,NaN,1785521475.53616,13297.65617432,2.06809759140015,0.0140371322631836,0.214590072631836,0.739598989486694,1.13074803352356,1.3979926109314,1.43951463699341,1.43951463699341,-1,-1,1.68290066719055,200.552940368652,267.244577407837,41.5220260620117,308.766603469849,Instruction,Left,Right,Left,Right,Left,1,0,0,0,0,NaN,NaN,NaN,NaN,NaN,NaN,NaN,NaN,0,1,0,0,1,0,201,NaN,20260731_t1356_srsSmooth_Moretraining_B004,4,NaN,13.7965865572294,1.26503229141235,NaN,NaN,NaN,0,NaN,NaN,NaN,NaN,0
20260731_t1356_srsSmooth_Moretraining,srs_smooth_Moretraining,trial0248.mat,248,248,201,4,6,4,64,24,40,8,2,0,1,1,6,13408,1,1,1,2,2,2,1,1,1,1,SINGLE_T1_CORRECT,10,455,1,0,0,0,0,0,92,171,171,92,-79,92,1,0,180,10,180,10,170,170,NaN,NaN,NaN,1785521480.3325,13302.45248312,2.2720832824707,0.017878532409668,0.193237543106079,0.876770734786987,1.31792855262756,1.52680563926697,1.56841111183167,1.56841111183167,-1,-1,1.87916421890259,175.359010696411,208.877086639404,41.6054725646973,250.482559204102,Instruction,Right,Left,Right,Left,Right,1,0,0,0,0,NaN,NaN,NaN,NaN,NaN,NaN,NaN,NaN,1,0,1,0,1,0,202,NaN,20260731_t1356_srsSmooth_Moretraining_B004,5,NaN,13.8765256683032,2.72824907302856,NaN,NaN,NaN,0,NaN,NaN,NaN,NaN,0
20260731_t1356_srsSmooth_Moretraining,srs_smooth_Moretraining,trial0249.mat,249,249,202,4,7,5,64,24,40,8,2,0,4,1,36,26153,1,2,1,2,2,2,2,2,2,2,SINGLE_T2_CORRECT,11,455,1,0,0,0,0,0,83,177,177,83,-94,177,1,180,190,0,10,180,-170,170,NaN,NaN,NaN,1785521483.87165,13305.99154844,2.28322839736938,0.0122053623199463,0.237751483917236,0.854393482208252,1.24558639526367,1.48062229156494,1.51260852813721,1.51260852813721,-1,-1,1.8068687915802,225.54612159729,235.03589630127,31.9862365722656,267.022132873535,Instruction,Right,Left,Left,Left,Left,1,0,0,0,0,NaN,NaN,NaN,NaN,NaN,NaN,NaN,NaN,1,0,0,0,0,0,203,NaN,20260731_t1356_srsSmooth_Moretraining_B004,6,NaN,13.9355114022891,1.26706075668335,NaN,NaN,NaN,0,NaN,NaN,NaN,NaN,0
20260731_t1356_srsSmooth_Moretraining,srs_smooth_Moretraining,trial0250.mat,250,250,203,4,8,6,64,24,40,8,2,0,3,1,28,13934,1,2,2,1,2,1,2,1,2,1,SINGLE_T2_CORRECT,11,455,1,0,0,0,0,0,94,181,181,94,-87,181,1,0,10,180,10,180,-170,170,NaN,NaN,NaN,1785521487.42485,13309.54455128,2.3050479888916,0.017472505569458,0.242831707000732,0.943167686462402,1.30918955802917,1.54325532913208,1.57634115219116,1.57634115219116,-1,-1,1.82005143165588,225.359201431274,234.065771102905,33.085823059082,267.151594161987,Instruction,Left,Right,Right,Right,Right,1,0,0,0,0,NaN,NaN,NaN,NaN,NaN,NaN,NaN,NaN,0,1,1,0,0,0,204,NaN,20260731_t1356_srsSmooth_Moretraining_B004,7,NaN,13.9947314659754,1.26997542381287,NaN,NaN,NaN,0,NaN,NaN,NaN,NaN,0
20260731_t1356_srsSmooth_Moretraining,srs_smooth_Moretraining,trial0251.mat,251,251,204,4,9,7,64,24,40,8,2,0,3,1,30,25377,1,2,2,1,2,1,2,1,2,1,SINGLE_T2_CORRECT,11,455,1,0,0,0,0,0,58,213,213,58,-155,213,1,180,190,0,10,180,-170,170,NaN,NaN,NaN,1785521491.04961,13313.169173,2.38906979560852,0.0178570747375488,0.276971340179443,1.05167865753174,1.41791105270386,1.61878323554993,1.66022539138794,1.66022539138794,-1,-1,1.878737449646,259.114265441895,200.872182846069,41.4421558380127,242.314338684082,Instruction,Left,Right,Right,Right,Right,1,0,0,0,0,NaN,NaN,NaN,NaN,NaN,NaN,NaN,NaN,0,1,1,0,0,0,205,NaN,20260731_t1356_srsSmooth_Moretraining_B004,8,NaN,14.0551440755526,1.31970858573914,NaN,NaN,NaN,0,NaN,NaN,NaN,NaN,0
20260731_t1356_srsSmooth_Moretraining,srs_smooth_Moretraining,trial0252.mat,252,252,205,4,10,8,64,24,40,8,2,0,1,1,10,10293,1,1,1,2,2,2,1,1,1,1,SINGLE_T1_CORRECT,10,455,1,0,0,0,0,0,91,171,171,91,-80,91,1,180,0,190,180,10,170,170,NaN,NaN,NaN,1785521494.73854,13316.85806964,2.10896372795105,0.0123980045318604,0.212867975234985,0.837897539138794,1.20411086082458,1.43806648254395,1.47170948982239,1.47170948982239,-1,-1,1.71473741531372,200.469970703125,233.95562171936,33.6430072784424,267.598628997803,Instruction,Right,Left,Right,Left,Right,1,0,0,0,0,NaN,NaN,NaN,NaN,NaN,NaN,NaN,NaN,1,0,1,0,1,0,206,NaN,20260731_t1356_srsSmooth_Moretraining_B004,9,NaN,14.1166263262431,1.29986524581909,NaN,NaN,NaN,0,NaN,NaN,NaN,NaN,0
20260731_t1356_srsSmooth_Moretraining,srs_smooth_Moretraining,trial0253.mat,253,253,206,4,11,9,64,24,40,8,2,0,3,1,27,22596,1,2,2,1,2,1,2,1,2,1,SINGLE_T2_CORRECT,11,455,1,0,0,0,0,0,73,190,190,73,-117,190,1,0,10,180,10,180,-170,170,NaN,NaN,NaN,1785521498.12088,13320.24042876,2.35074949264526,0.0135226249694824,0.238991975784302,0.922494888305664,1.33857369422913,1.58905553817749,1.63071727752686,1.63071727752686,-1,-1,1.85765600204468,225.469350814819,250.481843948364,41.6617393493652,292.143583297729,Instruction,Left,Right,Right,Right,Right,1,0,0,0,0,NaN,NaN,NaN,NaN,NaN,NaN,NaN,NaN,0,1,1,0,0,0,207,NaN,20260731_t1356_srsSmooth_Moretraining_B004,10,NaN,14.1729986468951,1.27337551116943,NaN,NaN,NaN,0,NaN,NaN,NaN,NaN,0
20260731_t1356_srsSmooth_Moretraining,srs_smooth_Moretraining,trial0254.mat,254,254,207,4,12,10,64,24,40,8,2,0,1,1,4,17604,1,1,1,2,2,2,1,1,1,1,SINGLE_T1_CORRECT,10,455,1,0,0,0,0,0,54,185,185,54,-131,54,1,0,180,10,180,10,170,170,NaN,NaN,NaN,1785521501.754,13323.87346552,2.08513355255127,0.0138826370239258,0.19766092300415,0.739391565322876,1.16392660140991,1.41441106796265,1.45609307289124,1.45609307289124,-1,-1,1.73318004608154,183.778285980225,250.484466552734,41.6820049285889,292.166471481323,Instruction,Right,Left,Right,Left,Right,1,0,0,0,0,NaN,NaN,NaN,NaN,NaN,NaN,NaN,NaN,1,0,1,0,1,0,208,NaN,20260731_t1356_srsSmooth_Moretraining_B004,11,NaN,14.2335505485535,1.2823646068573,NaN,NaN,NaN,0,NaN,NaN,NaN,NaN,0
20260731_t1356_srsSmooth_Moretraining,srs_smooth_Moretraining,trial0256.mat,256,256,208,4,14,11,64,24,40,8,2,0,1,1,9,13986,1,1,1,2,2,2,1,1,1,1,SINGLE_T1_CORRECT,10,455,1,0,1,0,0,0,68,208,208,68,-140,68,1,0,180,10,180,10,170,170,NaN,NaN,NaN,1785521506.58737,13328.70659432,2.27627444267273,0.0140256881713867,0.248023748397827,0.948105573654175,1.30574202537537,1.57294583320618,1.60635781288147,1.60635781288147,-1,-1,1.90817713737488,233.99806022644,267.203807830811,33.411979675293,300.615787506104,Instruction,Right,Left,Right,Left,Right,1,0,0,0,0,NaN,NaN,NaN,NaN,NaN,NaN,NaN,NaN,1,0,1,0,1,0,209,NaN,20260731_t1356_srsSmooth_Moretraining_B004,12,NaN,14.3141068259875,2.7482430934906,NaN,NaN,NaN,0,NaN,NaN,NaN,NaN,0
20260731_t1356_srsSmooth_Moretraining,srs_smooth_Moretraining,trial0257.mat,257,257,209,4,15,12,64,24,40,8,2,0,4,1,31,6552,1,2,1,2,2,2,2,2,0,0,,0,11,0,1,0,0,0,0,78,204,204,78,-126,NaN,1,180,190,0,10,180,-170,170,NaN,NaN,NaN,1785521510.14318,13332.26241192,0.319713354110718,0.0166869163513184,0.267404556274414,-1,-1,-1,-1,-1,-1,-1,-1,250.717639923096,NaN,NaN,NaN,Instruction,Right,Left,None,Left,Left,1,0,0,0,0,NaN,NaN,NaN,NaN,NaN,NaN,NaN,NaN,1,0,0,0,0,0,209,NaN,20260731_t1356_srsSmooth_Moretraining_B004,NaN,NaN,14.3733703215917,1.2795352935791,NaN,NaN,NaN,0,NaN,NaN,NaN,NaN,0
20260731_t1356_srsSmooth_Moretraining,srs_smooth_Moretraining,trial0258.mat,258,258,209,4,16,12,64,24,40,8,2,0,3,1,29,7822,1,2,2,1,2,1,2,1,2,1,SINGLE_T2_CORRECT,11,455,1,0,0,0,0,0,79,178,178,79,-99,178,1,180,190,0,10,180,-170,170,NaN,NaN,NaN,1785521511.67898,13333.79823708,2.31888556480408,0.0142810344696045,0.256643056869507,0.906680345535278,1.28933000564575,1.56515955924988,1.59858274459839,1.59858274459839,-1,-1,1.842365026474,242.362022399902,275.829553604126,33.4231853485107,309.252738952637,Instruction,Left,Right,Right,Right,Right,1,0,0,0,0,NaN,NaN,NaN,NaN,NaN,NaN,NaN,NaN,0,1,1,0,0,0,210,NaN,20260731_t1356_srsSmooth_Moretraining_B004,13,NaN,14.3989669601123,1.2160849571228,NaN,NaN,NaN,0,NaN,NaN,NaN,NaN,0
20260731_t1356_srsSmooth_Moretraining,srs_smooth_Moretraining,trial0259.mat,259,259,210,4,17,13,64,24,40,8,2,0,2,1,13,32706,1,1,2,1,2,1,1,2,1,2,SINGLE_T1_CORRECT,10,455,1,0,0,0,0,0,77,186,186,77,-109,77,1,0,180,10,180,10,170,170,NaN,NaN,NaN,1785521515.3017,13337.42086228,2.16299176216125,0.0166990756988525,0.250979661941528,0.892321109771729,1.23341298103333,1.47568941116333,1.50894117355347,1.50894117355347,-1,-1,1.7866690158844,234.280586242676,242.276430130005,33.2517623901367,275.528192520142,Instruction,Left,Right,Left,Right,Left,1,0,0,0,0,NaN,NaN,NaN,NaN,NaN,NaN,NaN,NaN,0,1,0,0,1,0,211,NaN,20260731_t1356_srsSmooth_Moretraining_B004,14,NaN,14.4593456586202,1.30383634567261,NaN,NaN,NaN,0,NaN,NaN,NaN,NaN,0
20260731_t1356_srsSmooth_Moretraining,srs_smooth_Moretraining,trial0260.mat,260,260,211,4,18,14,64,24,40,8,2,0,3,1,26,13240,1,2,2,1,2,1,2,1,2,1,SINGLE_T2_CORRECT,11,455,1,0,0,0,0,0,96,181,181,96,-85,181,1,0,10,180,10,180,-170,170,NaN,NaN,NaN,1785521518.76959,13340.88854436,2.42806053161621,0.0156106948852539,0.216089963912964,0.982763290405273,1.38233065605164,1.67452192306519,1.7078537940979,1.7078537940979,-1,-1,1.9431836605072,200.47926902771,292.19126701355,33.3318710327148,325.523138046265,Instruction,Left,Right,Right,Right,Right,1,0,0,0,0,NaN,NaN,NaN,NaN,NaN,NaN,NaN,NaN,0,1,1,0,0,0,212,NaN,20260731_t1356_srsSmooth_Moretraining_B004,15,NaN,14.5171437978744,1.30489659309387,NaN,NaN,NaN,0,NaN,NaN,NaN,NaN,0
20260731_t1356_srsSmooth_Moretraining,srs_smooth_Moretraining,trial0261.mat,261,261,212,4,19,15,64,24,40,8,2,0,4,1,38,8302,1,2,1,2,2,2,2,2,2,2,SINGLE_T2_CORRECT,11,455,1,0,0,0,0,0,63,201,201,63,-138,201,1,0,10,180,10,180,-170,170,NaN,NaN,NaN,1785521522.47218,13344.59121536,2.27556014060974,0.0131590366363525,0.222350358963013,0.863999605178833,1.25487399101257,1.50560641288757,1.53885626792908,1.53885626792908,-1,-1,1.77397680282593,209.19132232666,250.732421875,33.2498550415039,283.982276916504,Instruction,Right,Left,Left,Left,Left,1,0,0,0,0,NaN,NaN,NaN,NaN,NaN,NaN,NaN,NaN,1,0,0,0,0,0,213,NaN,20260731_t1356_srsSmooth_Moretraining_B004,16,NaN,14.5788537104925,1.27453422546387,NaN,NaN,NaN,0,NaN,NaN,NaN,NaN,0
20260731_t1356_srsSmooth_Moretraining,srs_smooth_Moretraining,trial0262.mat,262,262,213,4,20,16,64,24,40,8,2,0,1,1,2,4644,1,1,1,2,2,2,1,1,1,1,SINGLE_T1_CORRECT,10,455,1,0,0,0,0,0,64,180,180,64,-116,64,1,0,180,10,180,10,170,170,NaN,NaN,NaN,1785521526.00926,13348.12824496,2.13892579078674,0.0178842544555664,0.218374490737915,0.743573904037476,1.19292902946472,1.42697048187256,1.46015906333923,1.46015906333923,-1,-1,1.7705283164978,200.490236282349,234.041452407837,33.1885814666748,267.230033874512,Instruction,Right,Left,Right,Left,Right,1,0,0,0,0,NaN,NaN,NaN,NaN,NaN,NaN,NaN,NaN,1,0,1,0,1,0,214,NaN,20260731_t1356_srsSmooth_Moretraining_B004,17,NaN,14.6378050208092,1.26151847839355,NaN,NaN,NaN,0,NaN,NaN,NaN,NaN,0
20260731_t1356_srsSmooth_Moretraining,srs_smooth_Moretraining,trial0263.mat,263,263,214,4,21,17,64,24,40,8,2,0,4,1,31,6552,1,2,1,2,2,2,2,2,2,2,SINGLE_T2_CORRECT,11,455,1,0,0,0,0,0,65,206,206,65,-141,206,1,0,10,180,10,180,-170,170,NaN,NaN,NaN,1785521529.38798,13351.5068746,2.26851415634155,0.0142991542816162,0.298387765884399,0.823184251785278,1.17267727851868,1.45633149147034,1.49811100959778,1.49811100959778,-1,-1,1.75887131690979,284.088611602783,283.65421295166,41.7795181274414,325.433731079102,Instruction,Right,Left,Left,Left,Left,1,0,0,0,0,NaN,NaN,NaN,NaN,NaN,NaN,NaN,NaN,1,0,0,0,0,0,215,NaN,20260731_t1356_srsSmooth_Moretraining_B004,18,NaN,14.6941169381142,1.23978924751282,NaN,NaN,NaN,0,NaN,NaN,NaN,NaN,0
20260731_t1356_srsSmooth_Moretraining,srs_smooth_Moretraining,trial0264.mat,264,264,215,4,22,18,64,24,40,8,2,0,2,1,11,30863,1,1,2,1,2,1,1,2,1,2,SINGLE_T1_CORRECT,10,455,1,0,0,0,0,0,74,184,184,74,-110,74,1,0,180,10,180,10,170,170,NaN,NaN,NaN,1785521532.94079,13355.05956172,2.15777111053467,0.0116293430328369,0.22051215171814,0.89568567276001,1.26167750358582,1.48720550537109,1.52055716514587,1.52055716514587,-1,-1,1.78117775917053,208.882808685303,225.528001785278,33.3516597747803,258.879661560059,Instruction,Left,Right,Left,Right,Left,1,0,0,0,0,NaN,NaN,NaN,NaN,NaN,NaN,NaN,NaN,0,1,0,0,1,0,216,NaN,20260731_t1356_srsSmooth_Moretraining_B004,19,NaN,14.753330385685,1.28429269790649,NaN,NaN,NaN,0,NaN,NaN,NaN,NaN,0
20260731_t1356_srsSmooth_Moretraining,srs_smooth_Moretraining,trial0265.mat,265,265,216,4,23,19,64,24,40,8,2,0,2,1,17,19227,1,1,2,1,2,1,1,2,1,2,SINGLE_T1_CORRECT,10,455,1,0,0,0,0,0,69,189,189,69,-120,69,1,0,180,10,180,10,170,170,NaN,NaN,NaN,1785521536.39486,13358.51364152,2.09504461288452,0.0160191059112549,0.24151086807251,0.808248519897461,1.20773220062256,1.42491579055786,1.46673774719238,1.46673774719238,-1,-1,1.7276463508606,225.491762161255,217.183589935303,41.8219566345215,259.005546569824,Instruction,Left,Right,Left,Right,Left,1,0,0,0,0,NaN,NaN,NaN,NaN,NaN,NaN,NaN,NaN,0,1,0,0,1,0,217,NaN,20260731_t1356_srsSmooth_Moretraining_B004,20,NaN,14.8108983397484,1.29630613327026,NaN,NaN,NaN,0,NaN,NaN,NaN,NaN,0
20260731_t1356_srsSmooth_Moretraining,srs_smooth_Moretraining,trial0266.mat,266,266,217,4,24,20,64,24,40,8,2,0,1,1,5,7721,1,1,1,2,2,2,1,1,1,1,SINGLE_T1_CORRECT,10,455,1,0,0,0,0,0,89,161,161,89,-72,89,1,0,180,10,180,10,170,170,NaN,NaN,NaN,1785521539.78053,13361.899268,2.18494081497192,0.0138139724731445,0.239261627197266,0.822615385055542,1.16385889053345,1.4398455619812,1.48134827613831,1.48134827613831,-1,-1,1.79189991950989,225.447654724121,275.986671447754,41.5027141571045,317.489385604858,Instruction,Right,Left,Right,Left,Right,1,0,0,0,0,NaN,NaN,NaN,NaN,NaN,NaN,NaN,NaN,1,0,1,0,1,0,218,NaN,20260731_t1356_srsSmooth_Moretraining_B004,21,NaN,14.867326160272,1.29062461853027,NaN,NaN,NaN,0,NaN,NaN,NaN,NaN,0
20260731_t1356_srsSmooth_Moretraining,srs_smooth_Moretraining,trial0267.mat,267,267,218,4,25,21,64,24,40,8,2,0,2,1,16,19207,1,1,2,1,2,1,1,2,1,2,SINGLE_T1_CORRECT,10,455,1,0,0,0,0,0,64,199,199,64,-135,64,1,180,0,190,180,10,170,170,NaN,NaN,NaN,1785521543.23874,13365.3573558,2.33465814590454,0.014075756072998,0.281521797180176,1.00617456436157,1.38912963867188,1.64779114723206,1.67274570465088,1.67274570465088,-1,-1,1.96629571914673,267.446041107178,258.661508560181,24.9545574188232,283.616065979004,Instruction,Left,Right,Left,Right,Left,1,0,0,0,0,NaN,NaN,NaN,NaN,NaN,NaN,NaN,NaN,0,1,0,0,1,0,219,NaN,20260731_t1356_srsSmooth_Moretraining_B004,22,NaN,14.92496291399,1.27326440811157,NaN,NaN,NaN,0,NaN,NaN,NaN,NaN,0
20260731_t1356_srsSmooth_Moretraining,srs_smooth_Moretraining,trial0268.mat,268,268,219,4,26,22,64,24,40,8,2,0,3,1,21,26254,1,2,2,1,2,1,2,1,2,1,SINGLE_T2_CORRECT,11,455,1,0,0,0,0,0,60,172,172,60,-112,172,1,180,190,0,10,180,-170,170,NaN,NaN,NaN,1785521546.85026,13368.9688076,2.41553711891174,0.0110306739807129,0.22845983505249,0.928504228591919,1.36108350753784,1.62008738517761,1.66191148757935,1.66191148757935,-1,-1,1.9385290145874,217.429161071777,259.003877639771,41.8241024017334,300.827980041504,Instruction,Left,Right,Right,Right,Right,1,0,0,0,0,NaN,NaN,NaN,NaN,NaN,NaN,NaN,NaN,0,1,1,0,0,0,220,NaN,20260731_t1356_srsSmooth_Moretraining_B004,23,NaN,14.9851548830668,1.276859998703,NaN,NaN,NaN,0,NaN,NaN,NaN,NaN,0
20260731_t1356_srsSmooth_Moretraining,srs_smooth_Moretraining,trial0269.mat,269,269,220,4,27,23,64,24,40,8,2,0,4,1,34,14394,1,2,1,2,2,2,2,2,2,2,SINGLE_T2_CORRECT,11,455,1,0,0,0,0,0,70,177,177,70,-107,177,1,180,190,0,10,180,-170,170,NaN,NaN,NaN,1785521550.53556,13372.65403212,2.28032541275024,0.0175366401672363,0.26809549331665,0.934799432754517,1.28425288200378,1.52647733688354,1.55961751937866,1.55961751937866,-1,-1,1.80322957038879,250.558853149414,242.224454879761,33.1401824951172,275.364637374878,Instruction,Right,Left,Left,Left,Left,1,0,0,0,0,NaN,NaN,NaN,NaN,NaN,NaN,NaN,NaN,1,0,0,0,0,0,221,NaN,20260731_t1356_srsSmooth_Moretraining_B004,24,NaN,15.046576611201,1.26976656913757,NaN,NaN,NaN,0,NaN,NaN,NaN,NaN,0
20260731_t1356_srsSmooth_Moretraining,srs_smooth_Moretraining,trial0270.mat,270,270,221,4,28,24,64,24,40,8,2,0,2,1,15,28298,1,1,2,1,2,1,1,2,1,2,SINGLE_T1_CORRECT,10,455,1,0,0,0,0,0,81,170,170,81,-89,81,1,180,0,190,180,10,170,170,NaN,NaN,NaN,1785521554.0796,13376.19810836,2.12846541404724,0.0153048038482666,0.249575138092041,0.77438759803772,1.16534876823425,1.39107799530029,1.43261957168579,1.43261957168579,-1,-1,1.74336647987366,234.270334243774,225.72922706604,41.541576385498,267.270803451538,Instruction,Left,Right,Left,Right,Left,1,0,0,0,0,NaN,NaN,NaN,NaN,NaN,NaN,NaN,NaN,0,1,0,0,1,0,222,NaN,20260731_t1356_srsSmooth_Moretraining_B004,25,NaN,15.1056438803673,1.26371073722839,NaN,NaN,NaN,0,NaN,NaN,NaN,NaN,0
20260731_t1356_srsSmooth_Moretraining,srs_smooth_Moretraining,trial0271.mat,271,271,222,4,29,25,64,24,40,8,2,0,4,1,33,11340,1,2,1,2,2,2,2,2,2,2,SINGLE_T2_CORRECT,11,455,1,0,0,0,0,0,80,207,207,80,-127,207,1,180,190,0,10,180,-170,170,NaN,NaN,NaN,1785521557.48016,13379.59844656,2.26874303817749,0.0148701667785645,0.240372657775879,0.832302331924438,1.23991703987122,1.4904100894928,1.53230428695679,1.53230428695679,-1,-1,1.7590389251709,225.502490997314,250.493049621582,41.8941974639893,292.387247085571,Instruction,Right,Left,Left,Left,Left,1,0,0,0,0,NaN,NaN,NaN,NaN,NaN,NaN,NaN,NaN,1,0,0,0,0,0,223,NaN,20260731_t1356_srsSmooth_Moretraining_B004,26,NaN,15.1623199899991,1.27210116386414,NaN,NaN,NaN,0,NaN,NaN,NaN,NaN,0
20260731_t1356_srsSmooth_Moretraining,srs_smooth_Moretraining,trial0272.mat,272,272,223,4,30,26,64,24,40,8,2,0,2,1,20,16280,1,1,2,1,2,1,1,2,1,2,SINGLE_T1_CORRECT,10,455,1,0,0,0,0,0,75,182,182,75,-107,75,1,180,0,190,180,10,170,170,NaN,NaN,NaN,1785521561.06564,13383.18400348,2.45884895324707,0.0128617286682129,0.2382493019104,1.03037524223328,1.47125172615051,1.73005366325378,1.7720091342926,1.7720091342926,-1,-1,2.08221364021301,225.387573242188,258.801937103271,41.9554710388184,300.75740814209,Instruction,Left,Right,Left,Right,Left,1,0,0,0,0,NaN,NaN,NaN,NaN,NaN,NaN,NaN,NaN,0,1,0,0,1,0,224,NaN,20260731_t1356_srsSmooth_Moretraining_B004,27,NaN,15.2220779975255,1.31673741340637,NaN,NaN,NaN,0,NaN,NaN,NaN,NaN,0
20260731_t1356_srsSmooth_Moretraining,srs_smooth_Moretraining,trial0273.mat,273,273,224,4,31,27,64,24,40,8,2,0,2,1,19,15908,1,1,2,1,2,1,1,2,1,2,SINGLE_T1_CORRECT,10,455,1,0,0,0,0,0,51,195,195,51,-144,51,1,180,0,190,180,10,170,170,NaN,NaN,NaN,1785521564.79258,13386.91085044,2.09825849533081,0.0110719203948975,0.244874477386475,0.794923543930054,1.17778372764587,1.43659591674805,1.46984267234802,1.46984267234802,-1,-1,1.74682688713074,233.802556991577,258.812189102173,33.2467555999756,292.058944702148,Instruction,Left,Right,Left,Right,Left,1,0,0,0,0,NaN,NaN,NaN,NaN,NaN,NaN,NaN,NaN,0,1,0,0,1,0,225,NaN,20260731_t1356_srsSmooth_Moretraining_B004,28,NaN,15.2841935594877,1.26808476448059,NaN,NaN,NaN,0,NaN,NaN,NaN,NaN,0
20260731_t1356_srsSmooth_Moretraining,srs_smooth_Moretraining,trial0274.mat,274,274,225,4,32,28,64,24,40,8,2,0,4,1,35,27541,1,2,1,2,2,2,2,2,2,2,SINGLE_T2_CORRECT,11,455,1,0,0,0,0,0,72,211,211,72,-139,211,1,0,10,180,10,180,-170,170,NaN,NaN,NaN,1785521568.16869,13390.28688948,2.13924288749695,0.0184223651885986,0.219099283218384,0.735732078552246,1.08513021469116,1.36894845962524,1.40272641181946,1.40272641181946,-1,-1,1.6294162273407,200.676918029785,283.818244934082,33.7779521942139,317.596197128296,Instruction,Right,Left,Left,Left,Left,1,0,0,0,0,NaN,NaN,NaN,NaN,NaN,NaN,NaN,NaN,1,0,0,0,0,0,226,NaN,20260731_t1356_srsSmooth_Moretraining_B004,29,NaN,15.3404621362686,1.27785611152649,NaN,NaN,NaN,0,NaN,NaN,NaN,NaN,0
20260731_t1356_srsSmooth_Moretraining,srs_smooth_Moretraining,trial0275.mat,275,275,226,4,33,29,64,24,40,8,2,0,1,1,1,26617,1,1,1,2,2,2,1,1,1,1,SINGLE_T1_CORRECT,10,455,1,0,0,0,0,0,62,213,213,62,-151,62,1,180,0,190,180,10,170,170,NaN,NaN,NaN,1785521571.62113,13393.73926568,2.22034788131714,0.0161185264587402,0.241590738296509,0.950410842895508,1.3411705493927,1.57504367828369,1.61654376983643,1.61654376983643,-1,-1,1.86006665229797,225.472211837769,233.873128890991,41.5000915527344,275.373220443726,Instruction,Right,Left,Right,Left,Right,1,0,0,0,0,NaN,NaN,NaN,NaN,NaN,NaN,NaN,NaN,1,0,1,0,1,0,227,NaN,20260731_t1356_srsSmooth_Moretraining_B004,30,NaN,15.3980027675629,1.31319499015808,NaN,NaN,NaN,0,NaN,NaN,NaN,NaN,0
20260731_t1356_srsSmooth_Moretraining,srs_smooth_Moretraining,trial0276.mat,276,276,227,4,34,30,64,24,40,8,2,0,4,1,37,21816,1,2,1,2,2,2,2,2,2,2,SINGLE_T2_CORRECT,11,455,1,0,0,0,0,0,68,189,189,68,-121,189,1,180,190,0,10,180,-170,170,NaN,NaN,NaN,1785521575.10377,13397.22164348,2.39555740356445,0.0169441699981689,0.21747875213623,0.809188842773438,1.30032706260681,1.55923914909363,1.60086464881897,1.60086464881897,-1,-1,1.90403747558594,200.534582138062,258.912086486816,41.6254997253418,300.537586212158,Instruction,Right,Left,Left,Left,Left,1,0,0,0,0,NaN,NaN,NaN,NaN,NaN,NaN,NaN,NaN,1,0,0,0,0,0,228,NaN,20260731_t1356_srsSmooth_Moretraining_B004,31,NaN,15.4560468236605,1.26229548454285,NaN,NaN,NaN,0,NaN,NaN,NaN,NaN,0
20260731_t1356_srsSmooth_Moretraining,srs_smooth_Moretraining,trial0277.mat,277,277,228,4,35,31,64,24,40,8,2,0,1,1,8,14453,1,1,1,2,2,2,1,1,1,1,SINGLE_T1_CORRECT,10,455,1,0,0,0,0,0,46,170,170,46,-124,46,1,0,180,10,180,10,170,170,NaN,NaN,NaN,1785521578.77549,13400.8935126,2.16594004631042,0.0120315551757812,0.279109477996826,0.912488698959351,1.3037486076355,1.52919054031372,1.56255531311035,1.56255531311035,-1,-1,1.82257866859436,267.077922821045,225.441932678223,33.3647727966309,258.806705474854,Instruction,Right,Left,Right,Left,Right,1,0,0,0,0,NaN,NaN,NaN,NaN,NaN,NaN,NaN,NaN,1,0,1,0,1,0,229,NaN,20260731_t1356_srsSmooth_Moretraining_B004,32,NaN,15.5172421813011,1.27616405487061,NaN,NaN,NaN,0,NaN,NaN,NaN,NaN,0
20260731_t1356_srsSmooth_Moretraining,srs_smooth_Moretraining,trial0278.mat,278,278,229,4,36,32,64,24,40,8,2,0,3,1,24,20730,1,2,2,1,2,1,2,1,2,1,SINGLE_T2_CORRECT,11,455,1,0,0,0,0,0,77,180,180,77,-103,180,1,180,190,0,10,180,-170,170,NaN,NaN,NaN,1785521582.22029,13404.33806456,2.22168183326721,0.0173678398132324,0.284364223480225,0.867740869522095,1.24241590499878,1.47606325149536,1.51785373687744,1.51785373687744,-1,-1,1.73668599128723,266.996383666992,233.647346496582,41.7904853820801,275.437831878662,Instruction,Left,Right,Right,Right,Right,1,0,0,0,0,NaN,NaN,NaN,NaN,NaN,NaN,NaN,NaN,0,1,1,0,0,0,230,NaN,20260731_t1356_srsSmooth_Moretraining_B004,33,NaN,15.5746554772059,1.27885770797729,NaN,NaN,NaN,0,NaN,NaN,NaN,NaN,0
20260731_t1356_srsSmooth_Moretraining,srs_smooth_Moretraining,trial0279.mat,279,279,230,4,37,33,64,24,40,8,2,0,1,1,7,5356,1,1,1,2,2,2,1,1,1,1,SINGLE_T1_CORRECT,10,455,1,0,0,0,0,0,78,217,217,78,-139,78,1,180,0,190,180,10,170,170,NaN,NaN,NaN,1785521585.74438,13407.86226284,2.35623621940613,0.0184135437011719,0.252302408218384,1.05236864089966,1.4684693813324,1.68584871292114,1.72726011276245,1.72726011276245,-1,-1,1.97910714149475,233.888864517212,217.379331588745,41.4113998413086,258.790731430054,Instruction,Right,Left,Right,Left,Right,1,0,0,0,0,NaN,NaN,NaN,NaN,NaN,NaN,NaN,NaN,1,0,1,0,1,0,231,NaN,20260731_t1356_srsSmooth_Moretraining_B004,34,NaN,15.6333903511365,1.30241060256958,NaN,NaN,NaN,0,NaN,NaN,NaN,NaN,0
20260731_t1356_srsSmooth_Moretraining,srs_smooth_Moretraining,trial0280.mat,280,280,231,4,38,34,64,24,40,8,2,0,2,1,12,8067,1,1,2,1,2,1,1,2,1,2,SINGLE_T1_CORRECT,10,455,1,0,0,0,0,0,91,186,186,91,-95,91,1,180,0,190,180,10,170,170,NaN,NaN,NaN,1785521589.41828,13411.53607276,2.22384881973267,0.0113227367401123,0.211833477020264,0.903297662734985,1.26137161254883,1.49514508247375,1.53728222846985,1.53728222846985,-1,-1,1.8310112953186,200.510740280151,233.773469924927,42.1371459960938,275.910615921021,Instruction,Left,Right,Left,Right,Left,1,0,0,0,0,NaN,NaN,NaN,NaN,NaN,NaN,NaN,NaN,0,1,0,0,1,0,232,NaN,20260731_t1356_srsSmooth_Moretraining_B004,35,NaN,15.6946220119794,1.3176634311676,NaN,NaN,NaN,0,NaN,NaN,NaN,NaN,0
20260731_t1356_srsSmooth_Moretraining,srs_smooth_Moretraining,trial0281.mat,281,281,232,4,39,35,64,24,40,8,2,0,3,1,25,17226,1,2,2,1,2,1,2,1,2,1,SINGLE_T2_CORRECT,11,455,1,0,0,0,0,0,77,176,176,77,-99,176,1,180,190,0,10,180,-170,170,NaN,NaN,NaN,1785521592.93566,13415.05327188,2.27337551116943,0.0107471942901611,0.194550752639771,0.827881097793579,1.19412636756897,1.4862642288208,1.51954674720764,1.51954674720764,-1,-1,1.7963535785675,183.803558349609,292.137861251831,33.2825183868408,325.420379638672,Instruction,Left,Right,Right,Right,Right,1,0,0,0,0,NaN,NaN,NaN,NaN,NaN,NaN,NaN,NaN,0,1,1,0,0,0,233,NaN,20260731_t1356_srsSmooth_Moretraining_B004,36,NaN,15.7532450040181,1.29353070259094,NaN,NaN,NaN,0,NaN,NaN,NaN,NaN,0
20260731_t1356_srsSmooth_Moretraining,srs_smooth_Moretraining,trial0282.mat,282,282,233,4,40,36,64,24,40,8,2,0,3,1,22,14057,1,2,2,1,2,1,2,1,2,1,SINGLE_T2_CORRECT,11,455,1,0,0,0,0,0,79,173,173,79,-94,173,1,0,10,180,10,180,-170,170,NaN,NaN,NaN,1785521596.49419,13418.61171136,2.31467270851135,0.0190210342407227,0.25305700302124,0.886343002319336,1.29407095909119,1.54458379745483,1.57813048362732,1.57813048362732,-1,-1,1.83821749687195,234.035968780518,250.512838363647,33.5466861724854,284.059524536133,Instruction,Left,Right,Right,Right,Right,1,0,0,0,0,NaN,NaN,NaN,NaN,NaN,NaN,NaN,NaN,0,1,1,0,0,0,234,NaN,20260731_t1356_srsSmooth_Moretraining_B004,37,NaN,15.812553858757,1.28515577316284,NaN,NaN,NaN,0,NaN,NaN,NaN,NaN,0
20260731_t1356_srsSmooth_Moretraining,srs_smooth_Moretraining,trial0283.mat,283,283,234,4,41,37,64,24,40,8,2,0,4,1,39,11445,1,2,1,2,2,2,2,2,2,2,SINGLE_T2_CORRECT,11,455,1,0,0,0,0,0,84,182,182,84,-98,182,1,0,10,180,10,180,-170,170,NaN,NaN,NaN,1785521600.0845,13422.20203132,2.19107031822205,0.0121891498565674,0.245918989181519,0.837874889373779,1.22056913375854,1.4460768699646,1.47936463356018,1.47936463356018,-1,-1,1.70654129981995,233.729839324951,225.507736206055,33.2877635955811,258.795499801636,Instruction,Right,Left,Left,Left,Left,1,0,0,0,0,NaN,NaN,NaN,NaN,NaN,NaN,NaN,NaN,1,0,0,0,0,0,235,NaN,20260731_t1356_srsSmooth_Moretraining_B004,38,NaN,15.8723922888438,1.27563309669495,NaN,NaN,NaN,0,NaN,NaN,NaN,NaN,0
20260731_t1356_srsSmooth_Moretraining,srs_smooth_Moretraining,trial0284.mat,284,284,235,4,42,38,64,24,40,8,2,0,3,1,23,19858,1,2,2,1,2,1,2,1,2,1,SINGLE_T2_CORRECT,11,455,1,0,0,0,0,0,93,181,181,93,-88,181,1,0,10,180,10,180,-170,170,NaN,NaN,NaN,1785521603.57742,13425.69491632,2.23162055015564,0.0110695362091064,0.236611127853394,0.869985580444336,1.24445033073425,1.49508881568909,1.52827143669128,1.52827143669128,-1,-1,1.74720668792725,225.541591644287,250.638484954834,33.1826210021973,283.821105957031,Instruction,Left,Right,Right,Right,Right,1,0,0,0,0,NaN,NaN,NaN,NaN,NaN,NaN,NaN,NaN,0,1,1,0,0,0,236,NaN,20260731_t1356_srsSmooth_Moretraining_B004,39,NaN,15.9306076685588,1.3018524646759,NaN,NaN,NaN,0,NaN,NaN,NaN,NaN,0
20260731_t1356_srsSmooth_Moretraining,srs_smooth_Moretraining,trial0285.mat,285,285,236,4,43,39,64,24,40,8,2,0,4,1,40,14916,1,2,1,2,2,2,2,2,2,2,SINGLE_T2_CORRECT,11,455,1,0,0,0,0,0,75,192,192,75,-117,192,1,180,190,0,10,180,-170,170,NaN,NaN,NaN,1785521607.06562,13429.1829884,2.18514442443848,0.0146744251251221,0.248675346374512,0.840173244476318,1.23972129821777,1.44064664840698,1.47378158569336,1.47378158569336,-1,-1,1.69294285774231,234.00092124939,200.925350189209,33.134937286377,234.060287475586,Instruction,Right,Left,Left,Left,Left,1,0,0,0,0,NaN,NaN,NaN,NaN,NaN,NaN,NaN,NaN,1,0,0,0,0,0,237,NaN,20260731_t1356_srsSmooth_Moretraining_B004,40,NaN,15.9887443025907,1.25657749176025,NaN,NaN,NaN,0,NaN,NaN,NaN,NaN,0
20260731_t1356_srsSmooth_Moretraining,srs_smooth_Moretraining,trial0286.mat,286,286,237,4,44,40,64,24,40,8,2,2,8,2,64,10316,2,0,2,1,2,1,1,2,0,0,,0,11,0,1,0,0,0,0,81,194,194,81,-113,NaN,1,0,175.480526227379,14.5194737726214,175.480526227379,14.5194737726214,160.961052454757,160.961052454757,NaN,NaN,NaN,1785521610.51588,13432.6331652,1.36837148666382,0.0145533084869385,0.240212678909302,1.01547193527222,-1,-1,-1,-1,-1,-1,-1,225.659370422363,NaN,NaN,NaN,Conflict,Left,Right,None,Right,Left,0,1,0,1,0,NaN,NaN,NaN,NaN,NaN,NaN,NaN,NaN,0,1,0,0,1,0,237,NaN,20260731_t1356_srsSmooth_Moretraining_B004,NaN,NaN,16.0462485551834,1.26511073112488,NaN,NaN,NaN,0,NaN,NaN,NaN,NaN,0
20260731_t1356_srsSmooth_Moretraining,srs_smooth_Moretraining,trial0287.mat,287,287,237,4,45,40,64,24,40,8,2,2,7,2,55,14612,2,0,1,2,2,2,1,1,1,1,CHOSE_HIGH_SAL,1,455,1,0,0,0,0,0,89,194,194,89,-105,89,1,0,158.924832664732,31.0751673352685,158.924832664732,31.0751673352685,127.849665329463,127.849665329463,NaN,NaN,NaN,1785521613.08152,13435.19875644,2.16123747825623,0.0156741142272949,0.191389322280884,0.832955837249756,1.26572299003601,1.4913330078125,1.5248167514801,1.5248167514801,-1,-1,1.76831674575806,175.715208053589,225.610017776489,33.4837436676025,259.093761444092,Conflict,Right,Left,Right,Left,Right,0,1,0,1,1,1,1,0,1,0,0,1,0,1,0,1,0,1,1,238,78,20260731_t1356_srsSmooth_Moretraining_B004,41,1,16.0890093247096,1.19727468490601,1,1,104,0,0,0,1,1,1
20260731_t1356_srsSmooth_Moretraining,srs_smooth_Moretraining,trial0288.mat,288,288,238,4,46,41,64,24,40,8,2,2,7,2,56,8624,2,0,1,2,2,2,1,1,1,1,CHOSE_HIGH_SAL,1,455,1,0,0,0,0,0,66,194,194,66,-128,66,1,180,291.97686916841,258.02313083159,111.97686916841,78.0231308315896,33.9537383368208,33.9537383368208,NaN,NaN,NaN,1785521616.51422,13438.63137672,1.93663430213928,0.0164468288421631,0.266885280609131,0.83350658416748,1.28316283226013,1.30853843688965,1.34211659431458,1.34211659431458,-1,-1,1.5693895816803,250.438451766968,25.3756046295166,33.5781574249268,58.9537620544434,Conflict,Right,Left,Right,Left,Right,0,1,0,1,1,1,1,0,1,0,0,1,0,1,0,1,0,1,1,239,79,20260731_t1356_srsSmooth_Moretraining_B004,42,2,16.1462209105492,1.27145767211914,1,1,89,1,0,0,1,1,1
20260731_t1356_srsSmooth_Moretraining,srs_smooth_Moretraining,trial0289.mat,289,289,239,4,47,42,64,24,40,8,2,2,7,2,57,24153,2,0,1,2,2,2,1,1,1,1,CHOSE_HIGH_SAL,1,455,1,0,0,0,0,0,50,200,200,50,-150,50,1,180,357.673940409458,192.326059590542,177.673940409458,12.3260595905422,165.347880818916,165.347880818916,NaN,NaN,NaN,1785521619.73189,13441.8489492,1.89422917366028,0.0155680179595947,0.182934522628784,0.758038282394409,1.13227796554565,1.22455382347107,1.25803303718567,1.25803303718567,-1,-1,1.54291987419128,167.366504669189,92.275857925415,33.4792137145996,125.755071640015,Conflict,Right,Left,Right,Left,Right,0,1,0,1,1,1,1,0,1,0,0,1,0,1,0,1,0,1,1,240,80,20260731_t1356_srsSmooth_Moretraining_B004,43,3,16.1998487750689,1.28103756904602,1,1,66,1,0,0,1,1,1
20260731_t1356_srsSmooth_Moretraining,srs_smooth_Moretraining,trial0290.mat,290,290,240,4,48,43,64,24,40,8,2,2,8,2,60,11360,2,0,2,1,2,1,1,2,1,2,CHOSE_HIGH_SAL,1,455,1,0,0,0,0,0,73,192,192,73,-119,73,1,0,175.221298383807,14.7787016161925,175.221298383807,14.7787016161925,160.442596767615,160.442596767615,NaN,NaN,NaN,1785521622.94058,13445.05761464,2.28681135177612,0.0153317451477051,0.265834093093872,0.949023246765137,1.34038376808167,1.58266687393188,1.61577725410461,1.61577725410461,-1,-1,1.90977621078491,250.502347946167,242.28310585022,33.1103801727295,275.393486022949,Conflict,Left,Right,Left,Right,Left,0,1,0,1,1,0,1,0,1,1,0,1,0,0,1,0,0,1,1,241,81,20260731_t1356_srsSmooth_Moretraining_B004,44,4,16.2533270120621,1.31446504592896,1,1,50,1,0,1,1,0,1
20260731_t1356_srsSmooth_Moretraining,srs_smooth_Moretraining,trial0291.mat,291,291,241,4,49,44,64,24,40,8,2,2,8,2,61,148,2,0,2,1,2,1,1,2,2,1,CHOSE_LOW_SAL,2,455,1,0,0,0,0,0,90,184,184,90,-94,184,1,180,303.35976194011,246.64023805989,123.35976194011,66.6402380598898,56.7195238802204,56.7195238802204,NaN,NaN,NaN,1785521626.49293,13448.60990272,2.28396701812744,0.0131282806396484,0.247178077697754,0.838474035263062,1.22984313964844,1.49729251861572,1.53053402900696,1.53053402900696,-1,-1,1.79876732826233,234.049797058105,267.449378967285,33.2415103912354,300.690889358521,Conflict,Left,Right,Right,Right,Left,0,1,0,1,1,1,0,1,0,0,1,0,1,0,1,0,0,1,1,242,82,20260731_t1356_srsSmooth_Moretraining_B004,45,5,16.31253272295,1.26553130149841,1,2,73,1,1,1,0,0,1
20260731_t1356_srsSmooth_Moretraining,srs_smooth_Moretraining,trial0292.mat,292,292,242,4,50,45,64,24,40,8,2,1,5,2,43,11417,2,0,1,2,2,2,2,2,1,1,CHOSE_LOW_SAL,2,455,1,0,0,0,0,0,79,179,179,79,-100,79,1,180,228.243322323693,321.756677676307,48.243322323693,141.756677676307,-93.513355352614,93.513355352614,NaN,NaN,NaN,1785521630.06728,13452.1841574,2.26804852485657,0.013911247253418,0.198121070861816,0.873177766799927,1.30562829971313,1.56480956077576,1.5981593132019,1.5981593132019,-1,-1,1.89145088195801,184.209823608398,259.181261062622,33.3497524261475,292.53101348877,Congruent,Right,Left,Right,Left,Left,0,1,1,0,1,1,1,0,0,0,0,1,1,1,0,0,0,0,1,243,83,20260731_t1356_srsSmooth_Moretraining_B004,46,6,16.3721053560575,1.29039096832275,2,1,184,1,1,0,0,1,1
20260731_t1356_srsSmooth_Moretraining,srs_smooth_Moretraining,trial0293.mat,293,293,243,4,51,46,64,24,40,8,2,2,8,2,62,9264,2,0,2,1,2,1,1,2,2,1,CHOSE_LOW_SAL,2,455,1,0,0,0,0,0,62,202,202,62,-140,202,1,180,336.429777789396,213.570222210604,156.429777789396,33.5702222106037,122.859555578793,122.859555578793,NaN,NaN,NaN,1785521633.61792,13455.7346858,2.36775541305542,0.0134100914001465,0.188751697540283,0.889072179794312,1.27179217338562,1.53058624267578,1.57216143608093,1.57216143608093,-1,-1,1.86660289764404,175.341606140137,258.794069290161,41.5751934051514,300.369262695312,Conflict,Left,Right,Right,Right,Left,0,1,0,1,1,1,0,1,0,0,1,0,1,0,1,0,0,1,1,244,84,20260731_t1356_srsSmooth_Moretraining_B004,47,7,16.4312826911608,1.2825915813446,1,1,79,1,1,0,0,1,1
20260731_t1356_srsSmooth_Moretraining,srs_smooth_Moretraining,trial0294.mat,294,294,244,4,52,47,64,24,40,8,2,2,7,2,54,30592,2,0,1,2,2,2,1,1,1,1,CHOSE_HIGH_SAL,1,455,1,0,0,0,0,0,58,181,181,58,-123,58,1,0,107.345019061169,82.6549809388306,107.345019061169,82.6549809388306,24.6900381223388,24.6900381223388,NaN,NaN,NaN,1785521637.27829,13459.39512712,2.29957985877991,0.0115196704864502,0.220425605773926,1.0036985874176,1.36157274246216,1.62034773826599,1.65373682975769,1.65373682975769,-1,-1,1.93875455856323,208.905935287476,258.774995803833,33.3890914916992,292.164087295532,Conflict,Right,Left,Right,Left,Right,0,1,0,1,1,1,1,0,1,0,0,1,0,1,0,1,0,1,1,245,85,20260731_t1356_srsSmooth_Moretraining_B004,48,8,16.492288796107,1.29261088371277,2,1,202,1,1,0,0,1,1
20260731_t1356_srsSmooth_Moretraining,srs_smooth_Moretraining,trial0295.mat,295,295,245,4,53,48,64,24,40,8,2,1,6,2,49,30803,2,0,2,1,2,1,2,1,2,1,CHOSE_HIGH_SAL,1,455,1,0,0,0,0,0,65,224,224,65,-159,224,1,0,63.9695563610938,126.030443638906,63.9695563610938,126.030443638906,-62.0608872778123,62.0608872778123,NaN,NaN,NaN,1785521640.85841,13462.97513384,2.59442830085754,0.0148699283599854,0.240486860275269,1.0408890247345,1.48992776870728,1.73246788978577,1.77410745620728,1.77410745620728,-1,-1,2.06794810295105,225.616931915283,242.540121078491,41.6395664215088,284.1796875,Congruent,Left,Right,Right,Right,Right,0,1,1,0,1,1,0,1,1,0,1,0,0,0,1,1,0,0,1,246,86,20260731_t1356_srsSmooth_Moretraining_B004,49,9,16.5519575277964,1.28054404258728,1,1,58,1,1,0,0,1,1
20260731_t1356_srsSmooth_Moretraining,srs_smooth_Moretraining,trial0296.mat,296,296,246,4,54,49,64,24,40,8,2,2,8,2,59,16637,2,0,2,1,2,1,1,2,2,1,CHOSE_LOW_SAL,2,455,1,0,0,0,0,0,67,200,200,67,-133,200,1,0,168.986287358772,21.0137126412285,168.986287358772,21.0137126412285,147.972574717543,147.972574717543,NaN,NaN,NaN,1785521644.73038,13466.84704888,2.12150716781616,0.0180513858795166,0.110263347625732,0.735462665557861,1.09309458732605,1.3603835105896,1.4021167755127,1.4021167755127,-1,-1,1.62055420875549,92.2119617462158,267.28892326355,41.7332649230957,309.022188186646,Conflict,Left,Right,Right,Right,Left,0,1,0,1,1,1,0,1,0,0,1,0,1,0,1,0,0,1,1,247,87,20260731_t1356_srsSmooth_Moretraining_B004,50,10,16.6164903680483,1.27754211425781,2,1,224,1,0,0,1,1,1
20260731_t1356_srsSmooth_Moretraining,srs_smooth_Moretraining,trial0297.mat,297,297,247,4,55,50,64,24,40,8,2,2,8,2,63,27697,2,0,2,1,2,1,1,2,2,1,CHOSE_LOW_SAL,2,455,1,0,0,0,0,0,93,186,186,93,-93,186,1,0,96.6893554414776,93.3106445585224,96.6893554414776,93.3106445585224,3.37871088295515,3.37871088295515,NaN,NaN,NaN,1785521648.13395,13470.25046132,2.24392795562744,0.0146193504333496,0.215042591094971,0.881708383560181,1.23133301734924,1.45673084259033,1.4984438419342,1.4984438419342,-1,-1,1.75875115394592,200.423240661621,225.397825241089,41.7129993438721,267.110824584961,Conflict,Left,Right,Right,Right,Left,0,1,0,1,1,1,0,1,0,0,1,0,1,0,1,0,0,1,1,248,88,20260731_t1356_srsSmooth_Moretraining_B004,51,11,16.6732164700826,1.28205895423889,2,1,200,1,0,0,1,1,1
20260731_t1356_srsSmooth_Moretraining,srs_smooth_Moretraining,trial0298.mat,298,298,248,4,56,51,64,24,40,8,2,1,6,2,50,25637,2,0,2,1,2,1,2,1,0,0,,0,11,0,1,0,0,0,0,93,176,176,93,-83,NaN,1,0,80.8966267761487,109.103373223851,80.8966267761488,109.103373223851,-28.2067464477025,28.2067464477025,NaN,NaN,NaN,1785521651.65699,13473.77340632,0.127737283706665,0.0167195796966553,0.0760180950164795,-1,-1,-1,-1,-1,-1,-1,-1,59.2985153198242,NaN,NaN,NaN,Congruent,Left,Right,None,Right,Right,0,1,1,0,0,NaN,NaN,NaN,NaN,NaN,NaN,NaN,NaN,0,1,1,0,0,0,248,NaN,20260731_t1356_srsSmooth_Moretraining_B004,NaN,NaN,16.7319337844849,1.2791109085083,NaN,NaN,NaN,0,NaN,NaN,NaN,NaN,0
20260731_t1356_srsSmooth_Moretraining,srs_smooth_Moretraining,trial0299.mat,299,299,248,4,57,51,64,24,40,8,2,1,6,2,47,27701,2,0,2,1,2,1,2,1,2,1,CHOSE_HIGH_SAL,1,455,1,0,0,0,0,0,77,207,207,77,-130,207,1,0,10.0465367673586,179.953463232641,10.0465367673586,179.953463232641,-169.906926465283,169.906926465283,NaN,NaN,NaN,1785521653.00896,13475.1254776,2.36098957061768,0.0148055553436279,0.257026195526123,0.89893627166748,1.26485443115234,1.52394962310791,1.55734419822693,1.55734419822693,-1,-1,1.8510308265686,242.220640182495,259.095191955566,33.3945751190186,292.489767074585,Congruent,Left,Right,Right,Right,Right,0,1,1,0,1,1,0,1,1,0,1,0,0,0,1,1,0,0,1,249,89,20260731_t1356_srsSmooth_Moretraining_B004,52,12,16.75446656545,1.22422957420349,2,1,186,1,0,0,1,1,1
20260731_t1356_srsSmooth_Moretraining,srs_smooth_Moretraining,trial0300.mat,300,300,249,4,58,52,64,24,40,8,2,2,7,2,53,12719,2,0,1,2,2,2,1,1,1,1,CHOSE_HIGH_SAL,1,455,1,0,0,0,0,0,73,168,168,73,-95,73,1,0,177.248697582091,12.7513024179085,177.248697582091,12.7513024179085,164.497395164183,164.497395164183,NaN,NaN,NaN,1785521656.63249,13478.74883044,2.37888979911804,0.0164141654968262,0.225518226623535,1.01728582382202,1.39980220794678,1.66733598709106,1.7089262008667,1.7089262008667,-1,-1,2.00250816345215,209.104061126709,267.533779144287,41.5902137756348,309.123992919922,Conflict,Right,Left,Right,Left,Right,0,1,0,1,1,1,1,0,1,0,0,1,0,1,0,1,0,1,1,250,90,20260731_t1356_srsSmooth_Moretraining_B004,53,13,16.8148587902387,1.26254391670227,2,1,207,1,1,0,0,1,1
20260731_t1356_srsSmooth_Moretraining,srs_smooth_Moretraining,trial0301.mat,301,301,250,4,59,53,64,24,40,8,2,1,5,2,41,23158,2,0,1,2,2,2,2,2,1,1,CHOSE_LOW_SAL,2,455,1,0,0,0,0,0,72,206,206,72,-134,72,1,180,214.700622571146,335.299377428854,34.7006225711456,155.299377428854,-120.598754857709,120.598754857709,NaN,NaN,NaN,1785521660.30322,13482.41950848,2.04173851013184,0.0124995708465576,0.179615259170532,0.704748630523682,1.12087655067444,1.38792419433594,1.42129063606262,1.42129063606262,-1,-1,1.66517210006714,167.115688323975,267.047643661499,33.3664417266846,300.414085388184,Congruent,Right,Left,Right,Left,Left,0,1,1,0,1,1,1,0,0,0,0,1,1,1,0,0,0,0,1,251,91,20260731_t1356_srsSmooth_Moretraining_B004,54,14,16.8760375499725,1.29183578491211,1,1,73,1,0,0,1,1,1
20260731_t1356_srsSmooth_Moretraining,srs_smooth_Moretraining,trial0302.mat,302,302,251,4,60,54,64,24,40,8,2,1,5,2,42,16353,2,0,1,2,2,2,2,2,1,1,CHOSE_LOW_SAL,2,455,1,0,0,0,0,0,59,195,195,59,-136,59,1,180,208.548833517431,341.451166482569,28.5488335174312,161.451166482569,-132.902332965138,132.902332965138,NaN,NaN,NaN,1785521663.6147,13485.7308532,2.18042087554932,0.0178127288818359,0.234931707382202,0.809908628463745,1.19285869598389,1.46854901313782,1.5100839138031,1.5100839138031,-1,-1,1.82046580314636,217.118978500366,275.690317153931,41.5349006652832,317.225217819214,Congruent,Right,Left,Right,Left,Left,0,1,1,0,1,1,1,0,0,0,0,1,1,1,0,0,0,0,1,252,92,20260731_t1356_srsSmooth_Moretraining_B004,55,15,16.9312289476395,1.26974534988403,1,1,72,1,0,0,1,1,1
20260731_t1356_srsSmooth_Moretraining,srs_smooth_Moretraining,trial0303.mat,303,303,252,4,61,55,64,24,40,8,2,2,7,2,58,18203,2,0,1,2,2,2,1,1,1,1,CHOSE_HIGH_SAL,1,455,1,0,0,0,0,0,79,179,179,79,-100,79,1,180,353.700680575463,196.299319424537,173.700680575463,16.2993194245371,157.401361150926,157.401361150926,NaN,NaN,NaN,1785521667.07917,13489.19540012,2.24949598312378,0.0118114948272705,0.220682859420776,0.995833396911621,1.3535304069519,1.62061142921448,1.65446448326111,1.65446448326111,-1,-1,1.87248277664185,208.871364593506,267.081022262573,33.8530540466309,300.934076309204,Conflict,Right,Left,Right,Left,Right,0,1,0,1,1,1,1,0,1,0,0,1,0,1,0,1,0,1,1,253,93,20260731_t1356_srsSmooth_Moretraining_B004,56,16,16.9889701326688,1.28405022621155,1,1,59,1,0,0,1,1,1
20260731_t1356_srsSmooth_Moretraining,srs_smooth_Moretraining,trial0304.mat,304,304,253,4,62,56,64,24,40,8,2,1,5,2,44,26426,2,0,1,2,2,2,2,2,1,1,CHOSE_LOW_SAL,2,455,1,0,0,0,0,0,78,179,179,78,-101,78,1,0,70.622159217866,119.377840782134,70.6221592178661,119.377840782134,-48.7556815642679,48.7556815642679,NaN,NaN,NaN,1785521670.61993,13492.7360786,2.26672124862671,0.01285719871521,0.24675464630127,0.913521766662598,1.3295750617981,1.58015179634094,1.62169742584229,1.62169742584229,-1,-1,1.89038562774658,233.89744758606,250.576734542847,41.5456295013428,292.122364044189,Congruent,Right,Left,Right,Left,Left,0,1,1,0,1,1,1,0,0,0,0,1,1,1,0,0,0,0,1,254,94,20260731_t1356_srsSmooth_Moretraining_B004,57,17,17.0479828039805,1.291264295578,1,1,79,1,0,0,1,1,1
20260731_t1356_srsSmooth_Moretraining,srs_smooth_Moretraining,trial0305.mat,305,305,254,4,63,57,64,24,40,8,2,1,5,2,45,5673,2,0,1,2,2,2,2,2,1,1,CHOSE_LOW_SAL,2,455,1,0,0,0,0,0,71,171,171,71,-100,71,1,180,205.504136712229,344.495863287771,25.5041367122293,164.495863287771,-138.991726575541,138.991726575541,NaN,NaN,NaN,1785521674.20577,13496.321732,2.13124799728394,0.018824577331543,0.252665758132935,0.886029005050659,1.29387450218201,1.48618650436401,1.52775859832764,1.52775859832764,-1,-1,1.76307702064514,233.841180801392,192.312002182007,41.572093963623,233.88409614563,Congruent,Right,Left,Right,Left,Left,0,1,1,0,1,1,1,0,0,0,0,1,1,1,0,0,0,0,1,255,95,20260731_t1356_srsSmooth_Moretraining_B004,58,18,17.1077468156815,1.31911945343018,1,1,78,1,0,0,1,1,1
20260731_t1356_srsSmooth_Moretraining,srs_smooth_Moretraining,trial0306.mat,306,306,255,4,64,58,64,24,40,8,2,1,6,2,52,9021,2,0,2,1,2,1,2,1,2,1,CHOSE_HIGH_SAL,1,455,1,0,0,0,0,0,97,187,187,97,-90,187,1,0,13.9761255719442,176.023874428056,13.9761255719442,176.023874428056,-162.047748856112,162.047748856112,NaN,NaN,NaN,1785521677.63326,13499.74920352,2.32105016708374,0.0164704322814941,0.250581979751587,0.967361211776733,1.3248553276062,1.5090115070343,1.55082511901855,1.55082511901855,-1,-1,1.83600878715515,234.111547470093,184.156179428101,41.8136119842529,225.969791412354,Congruent,Left,Right,Right,Right,Right,0,1,1,0,1,1,0,1,1,0,1,0,0,0,1,1,0,0,1,256,96,20260731_t1356_srsSmooth_Moretraining_B004,59,19,17.1648716370265,1.29624128341675,1,1,71,1,1,0,0,1,1
20260731_t1356_srsSmooth_Moretraining,srs_smooth_Moretraining,trial0307.mat,307,307,256,4,65,59,64,24,40,8,2,1,6,2,48,14196,2,0,2,1,2,1,2,1,2,1,CHOSE_HIGH_SAL,1,455,1,0,0,0,0,0,83,202,202,83,-119,202,1,0,78.9746392404741,111.025360759526,78.9746392404741,111.025360759526,-32.0507215190518,32.0507215190518,NaN,NaN,NaN,1785521681.23818,13503.35413552,2.13236856460571,0.0116915702819824,0.203814506530762,0.795499563217163,1.15340256690979,1.37891435623169,1.41219639778137,1.41219639778137,-1,-1,1.63056302070618,192.122936248779,225.511789321899,33.2820415496826,258.793830871582,Congruent,Left,Right,Right,Right,Right,0,1,1,0,1,1,0,1,1,0,1,0,0,0,1,1,0,0,1,257,97,20260731_t1356_srsSmooth_Moretraining_B004,60,20,17.2249536514282,1.28387069702148,2,1,187,1,0,0,1,1,1
20260731_t1356_srsSmooth_Moretraining,srs_smooth_Moretraining,trial0308.mat,308,308,257,4,66,60,64,24,40,8,2,2,8,2,64,10316,2,0,2,1,2,1,1,2,2,1,CHOSE_LOW_SAL,2,455,1,0,0,0,0,0,71,189,189,71,-118,189,1,180,305.323732304129,244.676267695871,125.323732304129,64.6762676958714,60.6474646082572,60.6474646082572,NaN,NaN,NaN,1785521684.64789,13506.76378004,2.48126029968262,0.0187788009643555,0.22746467590332,1.01081991195679,1.39383268356323,1.6442723274231,1.68590521812439,1.68590521812439,-1,-1,1.98758935928345,208.685874938965,250.439643859863,41.6328907012939,292.072534561157,Conflict,Left,Right,Right,Right,Left,0,1,0,1,1,1,0,1,0,0,1,0,1,0,1,0,0,1,1,258,98,20260731_t1356_srsSmooth_Moretraining_B004,61,21,17.2817822098732,1.2773449420929,2,1,202,1,0,0,1,1,1
20260731_t1356_srsSmooth_Moretraining,srs_smooth_Moretraining,trial0309.mat,309,309,258,4,67,61,64,24,40,8,2,1,6,2,51,27134,2,0,2,1,2,1,2,1,2,1,CHOSE_HIGH_SAL,1,455,1,0,0,0,0,0,69,189,189,69,-120,189,1,0,75.4905988905158,114.509401109484,75.4905988905158,114.509401109484,-39.0188022189684,39.0188022189684,NaN,NaN,NaN,1785521688.41775,13510.53333832,2.29495525360107,0.0157427787780762,0.233185291290283,0.83285117149353,1.21579074859619,1.46629762649536,1.49979090690613,1.49979090690613,-1,-1,1.80237317085266,217.442512512207,250.50687789917,33.4932804107666,284.000158309937,Congruent,Left,Right,Right,Right,Right,0,1,1,0,1,1,0,1,1,0,1,0,0,0,1,1,0,0,1,259,99,20260731_t1356_srsSmooth_Moretraining_B004,62,22,17.3446130633354,1.28859090805054,2,1,189,1,0,0,1,1,1
20260731_t1356_srsSmooth_Moretraining,srs_smooth_Moretraining,trial0310.mat,310,310,259,4,68,62,64,24,40,8,2,1,5,2,46,7042,2,0,1,2,2,2,2,2,1,1,CHOSE_LOW_SAL,2,455,1,0,0,0,0,0,57,203,203,57,-146,57,1,180,194.278030433222,355.721969566778,14.2780304332219,175.721969566778,-161.443939133556,161.443939133556,NaN,NaN,NaN,1785521691.9913,13514.10694648,2.23863554000854,0.0173296928405762,0.242850065231323,0.859505414962769,1.32571458816528,1.56825280189514,1.6015477180481,1.6015477180481,-1,-1,1.87874317169189,225.520372390747,242.538213729858,33.2949161529541,275.833129882812,Congruent,Right,Left,Right,Left,Left,0,1,1,0,1,1,1,0,0,0,0,1,1,1,0,0,0,0,1,260,100,20260731_t1356_srsSmooth_Moretraining_B004,63,23,17.4041722973188,1.27859878540039,2,1,189,1,1,0,0,1,1
20260731_t1356_srsSmooth_Moretraining,srs_smooth_Moretraining,trial0311.mat,311,311,260,4,69,63,64,24,40,8,2,1,6,2,50,25637,2,0,2,1,2,1,2,1,2,1,CHOSE_HIGH_SAL,1,455,1,0,0,0,0,0,92,190,190,92,-98,190,1,180,252.617021366936,297.382978633064,72.6170213669356,117.382978633064,-44.7659572661287,44.7659572661287,NaN,NaN,NaN,1785521695.4822,13517.59766004,2.35661554336548,0.018237829208374,0.260339975357056,0.902047157287598,1.30995488166809,1.54368090629578,1.57717967033386,1.57717967033386,-1,-1,1.86264038085938,242.102146148682,233.726024627686,33.4987640380859,267.224788665771,Congruent,Left,Right,Right,Right,Right,0,1,1,0,1,1,0,1,1,0,1,0,0,0,1,1,0,0,1,261,101,20260731_t1356_srsSmooth_Moretraining_B004,64,24,17.4623539129893,1.25226140022278,1,1,57,1,1,0,0,1,1
20260731_t1356_srsSmooth_Moretraining,srs_smooth_Moretraining,trial0312.mat,312,312,261,5,1,0,68,28,40,8,1,0,1,1,10,17294,1,1,1,2,1,1,1,1,1,1,SINGLE_T1_CORRECT,10,455,1,0,0,0,0,0,94,47,94,47,47,94,1,0,180,10,180,10,170,170,NaN,NaN,NaN,1785521699.16159,13521.27693816,2.2600564956665,0.0139896869659424,0.239586591720581,0.931305646896362,1.32237482070923,1.56460571289062,1.59793066978455,1.59793066978455,-1,-1,1.86685848236084,225.596904754639,242.230892181396,33.3249568939209,275.555849075317,Instruction,Right,Left,Right,Right,Right,1,0,0,0,0,NaN,NaN,NaN,NaN,NaN,NaN,NaN,NaN,1,1,1,1,1,0,262,NaN,20260731_t1356_srsSmooth_Moretraining_B005,1,NaN,17.5236771305402,1.32277750968933,NaN,NaN,NaN,0,NaN,NaN,NaN,NaN,0
20260731_t1356_srsSmooth_Moretraining,srs_smooth_Moretraining,trial0313.mat,313,313,262,5,2,1,68,28,40,8,1,0,4,1,31,32107,1,2,1,2,1,1,2,2,0,0,,0,454,0,1,0,0,0,0,91,39,91,39,52,NaN,1,0,10,180,10,180,-170,170,NaN,NaN,NaN,1785521702.70841,13524.8238956,1.57944321632385,0.0173099040985107,0.184888124465942,0.801027297973633,1.20902276039124,1.50110650062561,-1,-1,-1,-1,-1,167.578220367432,292.083740234375,NaN,NaN,Instruction,Right,Left,None,Right,Left,1,0,0,0,0,NaN,NaN,NaN,NaN,NaN,NaN,NaN,NaN,1,1,0,1,0,0,262,NaN,20260731_t1356_srsSmooth_Moretraining_B005,NaN,NaN,17.582790795962,1.28676342964172,NaN,NaN,NaN,0,NaN,NaN,NaN,NaN,0
20260731_t1356_srsSmooth_Moretraining,srs_smooth_Moretraining,trial0314.mat,314,314,262,5,3,1,68,28,40,8,1,0,2,1,18,29789,1,1,2,1,1,2,1,2,1,2,SINGLE_T1_CORRECT,10,455,1,0,0,0,0,0,108,53,108,53,55,108,1,0,180,10,180,10,170,170,NaN,NaN,NaN,1785521705.42155,13527.53687824,2.20061922073364,0.0126113891601562,0.2217698097229,0.838201761245728,1.22099232673645,1.45503544807434,1.49666285514832,1.49666285514832,-1,-1,1.79041957855225,209.158420562744,234.043121337891,41.6274070739746,275.670528411865,Instruction,Left,Right,Left,Left,Left,1,0,0,0,0,NaN,NaN,NaN,NaN,NaN,NaN,NaN,NaN,0,0,0,1,1,0,263,NaN,20260731_t1356_srsSmooth_Moretraining_B005,2,NaN,17.6280097524325,1.13369417190552,NaN,NaN,NaN,0,NaN,NaN,NaN,NaN,0
20260731_t1356_srsSmooth_Moretraining,srs_smooth_Moretraining,trial0315.mat,315,315,263,5,4,2,68,28,40,8,1,0,4,1,38,16384,1,2,1,2,1,1,2,2,2,2,SINGLE_T2_CORRECT,11,455,1,0,1,0,0,0,91,71,91,71,20,71,1,180,190,0,10,180,-170,170,NaN,NaN,NaN,1785521708.89707,13531.01232148,2.22474575042725,0.0122301578521729,0.2377610206604,0.904506206512451,1.29561424255371,1.52951765060425,1.56262731552124,1.56262731552124,-1,-1,1.84877371788025,225.530862808228,233.903408050537,33.1096649169922,267.013072967529,Instruction,Right,Left,Left,Right,Left,1,0,0,0,0,NaN,NaN,NaN,NaN,NaN,NaN,NaN,NaN,1,1,0,1,0,0,264,NaN,20260731_t1356_srsSmooth_Moretraining_B005,3,NaN,17.6859350562096,1.27489900588989,NaN,NaN,NaN,0,NaN,NaN,NaN,NaN,0
20260731_t1356_srsSmooth_Moretraining,srs_smooth_Moretraining,trial0316.mat,316,316,264,5,5,3,68,28,40,8,1,0,3,1,26,15581,1,2,2,1,1,2,2,1,2,1,SINGLE_T2_CORRECT,11,455,1,0,1,0,0,0,77,36,77,36,41,36,1,180,190,0,10,180,-170,170,NaN,NaN,NaN,1785521712.41836,13534.53361396,2.04551649093628,0.0160753726959229,0.225006818771362,0.791913270950317,1.14112019538879,1.39149737358093,1.42509746551514,1.42509746551514,-1,-1,1.70708250999451,208.931446075439,250.377178192139,33.6000919342041,283.977270126343,Instruction,Left,Right,Right,Left,Right,1,0,0,0,0,NaN,NaN,NaN,NaN,NaN,NaN,NaN,NaN,0,0,1,1,0,0,265,NaN,20260731_t1356_srsSmooth_Moretraining_B005,4,NaN,17.7446232716242,1.29654717445374,NaN,NaN,NaN,0,NaN,NaN,NaN,NaN,0
20260731_t1356_srsSmooth_Moretraining,srs_smooth_Moretraining,trial0317.mat,317,317,265,5,6,4,68,28,40,8,1,0,4,1,34,19517,1,2,1,2,1,1,2,2,2,2,SINGLE_T2_CORRECT,11,455,1,0,0,0,0,0,108,38,108,38,70,38,1,180,190,0,10,180,-170,170,NaN,NaN,NaN,1785521715.77854,13537.89368848,2.25144290924072,0.0143585205078125,0.231861352920532,0.965372800827026,1.36441111564636,1.59028029441833,1.61507678031921,1.61507678031921,-1,-1,1.9168803691864,217.50283241272,225.869178771973,24.7964859008789,250.665664672852,Instruction,Right,Left,Left,Right,Left,1,0,0,0,0,NaN,NaN,NaN,NaN,NaN,NaN,NaN,NaN,1,1,0,1,0,0,266,NaN,20260731_t1356_srsSmooth_Moretraining_B005,5,NaN,17.8006263017654,1.3146653175354,NaN,NaN,NaN,0,NaN,NaN,NaN,NaN,0
20260731_t1356_srsSmooth_Moretraining,srs_smooth_Moretraining,trial0318.mat,318,318,266,5,7,5,68,28,40,8,1,0,2,1,13,18831,1,1,2,1,1,2,1,2,0,0,,0,454,0,1,0,0,0,0,89,53,89,53,36,NaN,1,0,180,10,180,10,170,170,NaN,NaN,NaN,1785521719.28733,13541.4023876,1.55143022537231,0.0140435695648193,0.214682102203369,0.823030948638916,1.17242240905762,1.47305464744568,-1,-1,-1,-1,-1,200.63853263855,300.632238388062,NaN,NaN,Instruction,Left,Right,None,Left,Left,1,0,0,0,0,NaN,NaN,NaN,NaN,NaN,NaN,NaN,NaN,0,0,0,1,1,0,266,NaN,20260731_t1356_srsSmooth_Moretraining_B005,NaN,NaN,17.8591060678164,1.25734305381775,NaN,NaN,NaN,0,NaN,NaN,NaN,NaN,0
20260731_t1356_srsSmooth_Moretraining,srs_smooth_Moretraining,trial0319.mat,319,319,266,5,8,5,68,28,40,8,1,0,1,1,5,866,1,1,1,2,1,1,1,1,1,1,SINGLE_T1_CORRECT,10,455,1,0,0,0,0,0,102,28,102,28,74,102,1,180,0,190,180,10,170,170,NaN,NaN,NaN,1785521721.96774,13544.08253944,2.16284203529358,0.0170726776123047,0.184646844863892,0.809482097625732,1.15878462791443,1.44270896911621,1.48442316055298,1.48442316055298,-1,-1,1.76126217842102,167.574167251587,283.924341201782,41.7141914367676,325.63853263855,Instruction,Right,Left,Right,Right,Right,1,0,0,0,0,NaN,NaN,NaN,NaN,NaN,NaN,NaN,NaN,1,1,1,1,1,0,267,NaN,20260731_t1356_srsSmooth_Moretraining_B005,6,NaN,17.9037795464198,1.12897849082947,NaN,NaN,NaN,0,NaN,NaN,NaN,NaN,0
20260731_t1356_srsSmooth_Moretraining,srs_smooth_Moretraining,trial0320.mat,320,320,267,5,9,6,68,28,40,8,1,0,1,1,3,3488,1,1,1,2,1,1,1,1,1,1,SINGLE_T1_CORRECT,10,455,1,0,0,0,0,0,97,41,97,41,56,97,1,0,180,10,180,10,170,170,NaN,NaN,NaN,1785521725.42958,13547.54453408,2.25077438354492,0.0136947631835938,0.25597357749939,0.805953502655029,1.18873953819275,1.52302241325378,1.55587697029114,1.55587697029114,-1,-1,1.8496949672699,242.278814315796,334.282875061035,32.8545570373535,367.137432098389,Instruction,Right,Left,Right,Right,Right,1,0,0,0,0,NaN,NaN,NaN,NaN,NaN,NaN,NaN,NaN,1,1,1,1,1,0,268,NaN,20260731_t1356_srsSmooth_Moretraining_B005,7,NaN,17.9614769975344,1.29900503158569,NaN,NaN,NaN,0,NaN,NaN,NaN,NaN,0
20260731_t1356_srsSmooth_Moretraining,srs_smooth_Moretraining,trial0321.mat,321,321,268,5,10,7,68,28,40,8,1,0,2,1,20,13729,1,1,2,1,1,2,1,2,1,2,SINGLE_T1_CORRECT,10,455,1,0,0,0,0,0,79,25,79,25,54,79,1,180,0,190,180,10,170,170,NaN,NaN,NaN,1785521728.94651,13551.06149656,2.09261155128479,0.0135703086853027,0.222668170928955,0.747684717178345,1.11361336708069,1.38901329040527,1.43105506896973,1.43105506896973,-1,-1,1.71618437767029,209.097862243652,275.399923324585,42.0417785644531,317.441701889038,Instruction,Left,Right,Left,Left,Left,1,0,0,0,0,NaN,NaN,NaN,NaN,NaN,NaN,NaN,NaN,0,0,0,1,1,0,269,NaN,20260731_t1356_srsSmooth_Moretraining_B005,8,NaN,18.0200924515724,1.26615285873413,NaN,NaN,NaN,0,NaN,NaN,NaN,NaN,0
20260731_t1356_srsSmooth_Moretraining,srs_smooth_Moretraining,trial0322.mat,322,322,269,5,11,8,68,28,40,8,1,0,3,1,22,12628,1,2,2,1,1,2,2,1,2,1,SINGLE_T2_CORRECT,11,455,1,0,0,0,0,0,72,53,72,53,19,53,1,180,190,0,10,180,-170,170,NaN,NaN,NaN,1785521732.29795,13554.41281708,2.19996356964111,0.0122573375701904,0.162986755371094,0.846019744873047,1.27064037322998,1.53768634796143,1.57129716873169,1.57129716873169,-1,-1,1.84835243225098,150.729417800903,267.045974731445,33.6108207702637,300.656795501709,Instruction,Left,Right,Right,Left,Right,1,0,0,0,0,NaN,NaN,NaN,NaN,NaN,NaN,NaN,NaN,0,0,1,1,0,0,270,NaN,20260731_t1356_srsSmooth_Moretraining_B005,9,NaN,18.0759498357773,1.25883150100708,NaN,NaN,NaN,0,NaN,NaN,NaN,NaN,0
20260731_t1356_srsSmooth_Moretraining,srs_smooth_Moretraining,trial0323.mat,323,323,270,5,12,9,68,28,40,8,1,0,1,1,9,31338,1,1,1,2,1,1,1,1,1,1,SINGLE_T1_CORRECT,10,455,1,0,0,0,0,0,84,36,84,36,48,84,1,0,180,10,180,10,170,170,NaN,NaN,NaN,1785521735.81649,13557.93119836,2.1393768787384,0.0188562870025635,0.202967643737793,0.786391496658325,1.16056752204895,1.43617701530457,1.46953797340393,1.46953797340393,-1,-1,1.75470638275146,184.111356735229,275.609493255615,33.3609580993652,308.97045135498,Instruction,Right,Left,Right,Right,Right,1,0,0,0,0,NaN,NaN,NaN,NaN,NaN,NaN,NaN,NaN,1,1,1,1,1,0,271,NaN,20260731_t1356_srsSmooth_Moretraining_B005,10,NaN,18.1345921357473,1.31857442855835,NaN,NaN,NaN,0,NaN,NaN,NaN,NaN,0
20260731_t1356_srsSmooth_Moretraining,srs_smooth_Moretraining,trial0324.mat,324,324,271,5,13,10,68,28,40,8,1,0,1,1,8,13652,1,1,1,2,1,1,1,1,1,1,SINGLE_T1_CORRECT,10,455,1,0,0,0,0,0,73,48,73,48,25,73,1,0,180,10,180,10,170,170,NaN,NaN,NaN,1785521739.24634,13561.3609366,2.21825742721558,0.0141432285308838,0.223270654678345,0.79843544960022,1.18085503578186,1.52306962013245,1.56494975090027,1.56494975090027,-1,-1,1.84158372879028,209.127426147461,342.214584350586,41.8801307678223,384.094715118408,Instruction,Right,Left,Right,Right,Right,1,0,0,0,0,NaN,NaN,NaN,NaN,NaN,NaN,NaN,NaN,1,1,1,1,1,0,272,NaN,20260731_t1356_srsSmooth_Moretraining_B005,11,NaN,18.1917562405268,1.29046940803528,NaN,NaN,NaN,0,NaN,NaN,NaN,NaN,0
20260731_t1356_srsSmooth_Moretraining,srs_smooth_Moretraining,trial0325.mat,325,325,272,5,14,11,68,28,40,8,1,0,3,1,29,14912,1,2,2,1,1,2,2,1,2,1,SINGLE_T2_CORRECT,11,455,1,0,0,0,0,0,90,22,90,22,68,22,1,0,10,180,10,180,-170,170,NaN,NaN,NaN,1785521742.73235,13564.84699052,2.25711011886597,0.0115995407104492,0.195497989654541,0.995739459991455,1.39498662948608,1.67067813873291,1.70408773422241,1.70408773422241,-1,-1,1.93070220947266,183.898448944092,275.691509246826,33.409595489502,309.101104736328,Instruction,Left,Right,Right,Left,Right,1,0,0,0,0,NaN,NaN,NaN,NaN,NaN,NaN,NaN,NaN,0,0,1,1,0,0,273,NaN,20260731_t1356_srsSmooth_Moretraining_B005,12,NaN,18.2498564322789,1.26775407791138,NaN,NaN,NaN,0,NaN,NaN,NaN,NaN,0
20260731_t1356_srsSmooth_Moretraining,srs_smooth_Moretraining,trial0326.mat,326,326,273,5,15,12,68,28,40,8,1,0,3,1,25,32482,1,2,2,1,1,2,2,1,2,1,SINGLE_T2_CORRECT,11,455,1,0,0,0,0,0,92,1,92,1,91,1,1,0,10,180,10,180,-170,170,NaN,NaN,NaN,1785521746.25446,13568.36906948,2.26037621498108,0.0146269798278809,0.281976699829102,0.990172624588013,1.38134622573853,1.66525077819824,1.70700216293335,1.70700216293335,-1,-1,1.95916271209717,267.349720001221,283.904552459717,41.7513847351074,325.655937194824,Instruction,Left,Right,Right,Left,Right,1,0,0,0,0,NaN,NaN,NaN,NaN,NaN,NaN,NaN,NaN,0,0,1,1,0,0,274,NaN,20260731_t1356_srsSmooth_Moretraining_B005,13,NaN,18.3085582574209,1.26499938964844,NaN,NaN,NaN,0,NaN,NaN,NaN,NaN,0
20260731_t1356_srsSmooth_Moretraining,srs_smooth_Moretraining,trial0327.mat,327,327,274,5,16,13,68,28,40,8,1,0,3,1,28,22330,1,2,2,1,1,2,2,1,2,1,SINGLE_T2_CORRECT,11,455,1,0,0,0,0,0,88,26,88,26,62,26,1,0,10,180,10,180,-170,170,NaN,NaN,NaN,1785521749.79108,13571.90566316,2.27355265617371,0.0114738941192627,0.237270355224609,0.970319032669067,1.36152577400208,1.62042260169983,1.66195344924927,1.66195344924927,-1,-1,1.94698905944824,225.796461105347,258.896827697754,41.5308475494385,300.427675247192,Instruction,Left,Right,Right,Left,Right,1,0,0,0,0,NaN,NaN,NaN,NaN,NaN,NaN,NaN,NaN,0,0,1,1,0,0,275,NaN,20260731_t1356_srsSmooth_Moretraining_B005,14,NaN,18.3675019780795,1.27624702453613,NaN,NaN,NaN,0,NaN,NaN,NaN,NaN,0
20260731_t1356_srsSmooth_Moretraining,srs_smooth_Moretraining,trial0328.mat,328,328,275,5,17,14,68,28,40,8,1,0,4,1,40,32630,1,2,1,2,1,1,2,2,2,2,SINGLE_T2_CORRECT,11,455,1,0,0,0,0,0,72,36,72,36,36,36,1,180,190,0,10,180,-170,170,NaN,NaN,NaN,1785521753.33276,13575.44723916,2.23213529586792,0.0115985870361328,0.237025260925293,0.970404624938965,1.36165070533752,1.61241030693054,1.65379977226257,1.65379977226257,-1,-1,1.89766716957092,225.42667388916,250.759601593018,41.3894653320312,292.149066925049,Instruction,Right,Left,Left,Right,Left,1,0,0,0,0,NaN,NaN,NaN,NaN,NaN,NaN,NaN,NaN,1,1,0,1,0,0,276,NaN,20260731_t1356_srsSmooth_Moretraining_B005,15,NaN,18.4265299479167,1.26812553405762,NaN,NaN,NaN,0,NaN,NaN,NaN,NaN,0
20260731_t1356_srsSmooth_Moretraining,srs_smooth_Moretraining,trial0361.mat,361,361,276,5,50,15,68,28,40,8,1,0,2,1,15,30020,1,1,2,1,1,2,1,2,1,2,SINGLE_T1_CORRECT,10,455,1,0,0,0,0,0,113,48,113,48,65,113,1,0,180,10,180,10,170,170,NaN,NaN,NaN,1785521804.52106,13626.63448024,2.2047860622406,0.0169467926025391,0.292422533035278,0.867257595062256,1.2169930934906,1.48451018333435,1.52613687515259,1.52613687515259,-1,-1,1.78698444366455,275.475740432739,267.51708984375,41.6266918182373,309.143781661987,Instruction,Left,Right,Left,Left,Left,1,0,0,0,0,NaN,NaN,NaN,NaN,NaN,NaN,NaN,NaN,0,0,0,1,1,0,277,NaN,20260731_t1356_srsSmooth_Moretraining_B005,16,NaN,19.2796682635943,48.9561636447906,NaN,NaN,NaN,0,NaN,NaN,NaN,NaN,0
20260731_t1356_srsSmooth_Moretraining,srs_smooth_Moretraining,trial0362.mat,362,362,277,5,51,16,68,28,40,8,1,0,1,1,6,4287,1,1,1,2,1,1,1,1,1,1,SINGLE_T1_CORRECT,10,455,1,0,0,0,0,0,91,49,91,49,42,91,1,0,180,10,180,10,170,170,NaN,NaN,NaN,1785521807.99179,13630.1051768,2.22649025917053,0.0130181312561035,0.255265951156616,0.838572025299072,1.24639916419983,1.56353282928467,1.60530972480774,1.60530972480774,-1,-1,1.83278560638428,242.247819900513,317.133665084839,41.7768955230713,358.91056060791,Instruction,Right,Left,Right,Right,Right,1,0,0,0,0,NaN,NaN,NaN,NaN,NaN,NaN,NaN,NaN,1,1,1,1,1,0,278,NaN,20260731_t1356_srsSmooth_Moretraining_B005,17,NaN,19.337513756752,1.26594352722168,NaN,NaN,NaN,0,NaN,NaN,NaN,NaN,0
20260731_t1356_srsSmooth_Moretraining,srs_smooth_Moretraining,trial0363.mat,363,363,278,5,52,17,68,28,40,8,1,0,1,1,7,26237,1,1,1,2,1,1,1,1,1,1,SINGLE_T1_CORRECT,10,455,1,0,0,0,0,0,73,33,73,33,40,73,1,180,0,190,180,10,170,170,NaN,NaN,NaN,1785521811.49246,13633.60561888,2.39157938957214,0.0124773979187012,0.288220405578613,1.03827548027039,1.43753337860107,1.705153465271,1.73824024200439,1.73824024200439,-1,-1,2.01516842842102,275.743007659912,267.620086669922,33.0867767333984,300.70686340332,Instruction,Right,Left,Right,Right,Right,1,0,0,0,0,NaN,NaN,NaN,NaN,NaN,NaN,NaN,NaN,1,1,1,1,1,0,279,NaN,20260731_t1356_srsSmooth_Moretraining_B005,18,NaN,19.3958583513896,1.27418541908264,NaN,NaN,NaN,0,NaN,NaN,NaN,NaN,0
20260731_t1356_srsSmooth_Moretraining,srs_smooth_Moretraining,trial0364.mat,364,364,279,5,53,18,68,28,40,8,1,0,3,1,24,1457,1,2,2,1,1,2,2,1,2,1,SINGLE_T2_CORRECT,11,455,1,0,0,0,0,0,95,56,95,56,39,56,1,180,190,0,10,180,-170,170,NaN,NaN,NaN,1785521815.1424,13637.25554164,2.19141530990601,0.012681245803833,0.229977369308472,0.913299560546875,1.29606437683105,1.53827238082886,1.57986640930176,1.57986640930176,-1,-1,1.8319981098175,217.296123504639,242.208003997803,41.5940284729004,283.802032470703,Instruction,Left,Right,Right,Left,Right,1,0,0,0,0,NaN,NaN,NaN,NaN,NaN,NaN,NaN,NaN,0,0,1,1,0,0,280,NaN,20260731_t1356_srsSmooth_Moretraining_B005,19,NaN,19.4566906531652,1.25835871696472,NaN,NaN,NaN,0,NaN,NaN,NaN,NaN,0
20260731_t1356_srsSmooth_Moretraining,srs_smooth_Moretraining,trial0388.mat,388,388,280,5,77,19,68,28,40,8,1,0,4,1,33,10426,1,2,1,2,1,1,2,2,2,2,SINGLE_T2_CORRECT,11,455,1,0,0,0,0,0,74,21,74,21,53,21,1,180,190,0,10,180,-170,170,NaN,NaN,NaN,1785521852.77906,13674.89149916,2.12289905548096,0.0108225345611572,0.295107364654541,0.803224086761475,1.20253658294678,1.45327615737915,1.49494791030884,1.49494791030884,-1,-1,1.80544257164001,284.284830093384,250.739574432373,41.6717529296875,292.411327362061,Instruction,Right,Left,Left,Right,Left,1,0,0,0,0,NaN,NaN,NaN,NaN,NaN,NaN,NaN,NaN,1,1,0,1,0,0,281,NaN,20260731_t1356_srsSmooth_Moretraining_B005,20,NaN,20.0839682658513,35.4452414512634,NaN,NaN,NaN,0,NaN,NaN,NaN,NaN,0
20260731_t1356_srsSmooth_Moretraining,srs_smooth_Moretraining,trial0448.mat,448,448,281,5,137,20,68,28,40,8,1,0,3,1,21,26958,1,2,2,1,1,2,2,1,2,1,SINGLE_T2_CORRECT,11,455,1,0,0,0,0,0,83,46,83,46,37,46,1,0,10,180,10,180,-170,170,NaN,NaN,NaN,1785522010.73026,13832.83947516,2.01994943618774,0.0158324241638184,0.208194017410278,0.791329383850098,1.16587734222412,1.39976477622986,1.44141364097595,1.44141364097595,-1,-1,1.66919350624084,192.36159324646,233.887434005737,41.6488647460938,275.536298751831,Instruction,Left,Right,Right,Left,Right,1,0,0,0,0,NaN,NaN,NaN,NaN,NaN,NaN,NaN,NaN,0,0,1,1,0,0,282,NaN,20260731_t1356_srsSmooth_Moretraining_B005,21,NaN,22.716488301754,155.828303098679,NaN,NaN,NaN,0,NaN,NaN,NaN,NaN,0
20260731_t1356_srsSmooth_Moretraining,srs_smooth_Moretraining,trial0449.mat,449,449,282,5,138,21,68,28,40,8,1,0,2,1,16,27307,1,1,2,1,1,2,1,2,0,0,,0,11,0,1,0,0,0,0,72,65,72,65,7,NaN,1,0,180,10,180,10,170,170,NaN,NaN,NaN,1785522014.01526,13836.1243716,1.54363393783569,0.014291524887085,0.231791257858276,0.81506085395813,1.2226722240448,1.46481037139893,-1,-1,-1,-1,-1,217.499732971191,242.138147354126,NaN,NaN,Instruction,Left,Right,None,Left,Left,1,0,0,0,0,NaN,NaN,NaN,NaN,NaN,NaN,NaN,NaN,0,0,0,1,1,0,282,NaN,20260731_t1356_srsSmooth_Moretraining_B005,NaN,NaN,22.7712383508682,1.26505351066589,NaN,NaN,NaN,0,NaN,NaN,NaN,NaN,0
20260731_t1356_srsSmooth_Moretraining,srs_smooth_Moretraining,trial0452.mat,452,452,282,5,141,21,68,28,40,8,1,0,2,1,11,32416,1,1,2,1,1,2,1,2,1,2,SINGLE_T1_CORRECT,10,455,1,0,0,0,0,0,85,47,85,47,38,85,1,180,0,190,180,10,170,170,NaN,NaN,NaN,1785522019.6896,13841.7986934,2.26970720291138,0.0151727199554443,0.299408912658691,0.907658100128174,1.29855680465698,1.54097056388855,1.58279776573181,1.58279776573181,-1,-1,1.88491249084473,284.236192703247,242.413759231567,41.8272018432617,284.240961074829,Instruction,Left,Right,Left,Left,Left,1,0,0,0,0,NaN,NaN,NaN,NaN,NaN,NaN,NaN,NaN,0,0,0,1,1,0,283,NaN,20260731_t1356_srsSmooth_Moretraining_B005,22,NaN,22.8658107121785,4.13070774078369,NaN,NaN,NaN,0,NaN,NaN,NaN,NaN,0
20260731_t1356_srsSmooth_Moretraining,srs_smooth_Moretraining,trial0453.mat,453,453,283,5,142,22,68,28,40,8,1,0,2,1,13,18831,1,1,2,1,1,2,1,2,1,2,SINGLE_T1_CORRECT,10,455,1,0,0,0,0,0,71,61,71,61,10,71,1,180,0,190,180,10,170,170,NaN,NaN,NaN,1785522023.24062,13845.34967012,2.42711853981018,0.0142941474914551,0.189770698547363,0.981477499008179,1.44768309593201,1.70657515525818,1.74819540977478,1.74819540977478,-1,-1,2.05857253074646,175.476551055908,258.892059326172,41.6202545166016,300.512313842773,Instruction,Left,Right,Left,Left,Left,1,0,0,0,0,NaN,NaN,NaN,NaN,NaN,NaN,NaN,NaN,0,0,0,1,1,0,284,NaN,20260731_t1356_srsSmooth_Moretraining_B005,23,NaN,22.9249943415324,1.28131055831909,NaN,NaN,NaN,0,NaN,NaN,NaN,NaN,0
20260731_t1356_srsSmooth_Moretraining,srs_smooth_Moretraining,trial0454.mat,454,454,284,5,143,23,68,28,40,8,1,0,4,1,37,9058,1,2,1,2,1,1,2,2,2,2,SINGLE_T2_CORRECT,11,455,1,0,0,0,0,0,121,24,121,24,97,24,1,180,190,0,10,180,-170,170,NaN,NaN,NaN,1785522026.95351,13849.06249608,2.12287330627441,0.0182201862335205,0.218602180480957,0.810396432876587,1.19326519966125,1.46873569488525,1.51047992706299,1.51047992706299,-1,-1,1.79613852500916,200.381994247437,275.470495223999,41.7442321777344,317.214727401733,Instruction,Right,Left,Left,Right,Left,1,0,0,0,0,NaN,NaN,NaN,NaN,NaN,NaN,NaN,NaN,1,1,0,1,0,0,285,NaN,20260731_t1356_srsSmooth_Moretraining_B005,24,NaN,22.9868757724762,1.28576731681824,NaN,NaN,NaN,0,NaN,NaN,NaN,NaN,0
20260731_t1356_srsSmooth_Moretraining,srs_smooth_Moretraining,trial0455.mat,455,455,285,5,144,24,68,28,40,8,1,0,4,1,39,17838,1,2,1,2,1,1,2,2,2,2,SINGLE_T2_CORRECT,11,455,1,0,0,0,0,0,87,38,87,38,49,38,1,180,190,0,10,180,-170,170,NaN,NaN,NaN,1785522030.35427,13852.4631976,2.27175688743591,0.0175929069519043,0.251762866973877,0.951557397842407,1.30097603797913,1.62672758102417,1.66838502883911,1.66838502883911,-1,-1,1.93691945075989,234.169960021973,325.751543045044,41.6574478149414,367.408990859985,Instruction,Right,Left,Left,Right,Left,1,0,0,0,0,NaN,NaN,NaN,NaN,NaN,NaN,NaN,NaN,1,1,0,1,0,0,286,NaN,20260731_t1356_srsSmooth_Moretraining_B005,25,NaN,23.0435550928116,1.27788591384888,NaN,NaN,NaN,0,NaN,NaN,NaN,NaN,0
20260731_t1356_srsSmooth_Moretraining,srs_smooth_Moretraining,trial0456.mat,456,456,286,5,145,25,68,28,40,8,1,0,4,1,36,11890,1,2,1,2,1,1,2,2,2,2,SINGLE_T2_CORRECT,11,455,1,0,0,0,0,0,54,58,54,58,-4,58,1,180,190,0,10,180,-170,170,NaN,NaN,NaN,1785522033.90084,13856.00964068,2.28398442268372,0.0128254890441895,0.296727657318115,0.871749877929688,1.26287460327148,1.57207036018372,1.61381864547729,1.61381864547729,-1,-1,1.92386841773987,283.902168273926,309.195756912231,41.7482852935791,350.944042205811,Instruction,Right,Left,Left,Right,Left,1,0,0,0,0,NaN,NaN,NaN,NaN,NaN,NaN,NaN,NaN,1,1,0,1,0,0,287,NaN,20260731_t1356_srsSmooth_Moretraining_B005,26,NaN,23.1026646176974,1.27481460571289,NaN,NaN,NaN,0,NaN,NaN,NaN,NaN,0
20260731_t1356_srsSmooth_Moretraining,srs_smooth_Moretraining,trial0457.mat,457,457,287,5,146,26,68,28,40,8,1,0,2,1,16,27307,1,1,2,1,1,2,1,2,1,2,SINGLE_T1_CORRECT,10,455,1,0,0,0,0,0,74,48,74,48,26,74,1,180,0,190,180,10,170,170,NaN,NaN,NaN,1785522037.46644,13859.57513452,2.18494987487793,0.0140285491943359,0.30612850189209,0.84812068939209,1.18907475471497,1.50646018981934,1.54801082611084,1.54801082611084,-1,-1,1.80807280540466,292.099952697754,317.38543510437,41.5506362915039,358.936071395874,Instruction,Left,Right,Left,Left,Left,1,0,0,0,0,NaN,NaN,NaN,NaN,NaN,NaN,NaN,NaN,0,0,0,1,1,0,288,NaN,20260731_t1356_srsSmooth_Moretraining_B005,27,NaN,23.1620913147926,1.2816174030304,NaN,NaN,NaN,0,NaN,NaN,NaN,NaN,0
20260731_t1356_srsSmooth_Moretraining,srs_smooth_Moretraining,trial0458.mat,458,458,288,5,147,27,68,28,40,8,1,0,2,1,14,10588,1,1,2,1,1,2,1,2,1,2,SINGLE_T1_CORRECT,10,455,1,0,0,0,0,0,93,21,93,21,72,93,1,180,0,190,180,10,170,170,NaN,NaN,NaN,1785522040.94641,13863.05516344,2.17993235588074,0.017528772354126,0.184700727462769,0.884849786758423,1.25090980529785,1.52649736404419,1.55992674827576,1.55992674827576,-1,-1,1.78648447990417,167.171955108643,275.587558746338,33.4293842315674,309.016942977905,Instruction,Left,Right,Left,Left,Left,1,0,0,0,0,NaN,NaN,NaN,NaN,NaN,NaN,NaN,NaN,0,0,0,1,1,0,289,NaN,20260731_t1356_srsSmooth_Moretraining_B005,28,NaN,23.2200907945633,1.29501891136169,NaN,NaN,NaN,0,NaN,NaN,NaN,NaN,0
20260731_t1356_srsSmooth_Moretraining,srs_smooth_Moretraining,trial0459.mat,459,459,289,5,148,28,68,28,40,8,1,0,4,1,31,32107,1,2,1,2,1,1,2,2,2,2,SINGLE_T2_CORRECT,11,455,1,0,0,0,0,0,70,65,70,65,5,65,1,0,10,180,10,180,-170,170,NaN,NaN,NaN,1785522044.45047,13866.55915024,2.19345760345459,0.0136075019836426,0.205798625946045,0.822548389434814,1.27198934555054,1.55591559410095,1.58909368515015,1.58909368515015,-1,-1,1.8245108127594,192.191123962402,283.926248550415,33.1780910491943,317.104339599609,Instruction,Right,Left,Left,Right,Left,1,0,0,0,0,NaN,NaN,NaN,NaN,NaN,NaN,NaN,NaN,1,1,0,1,0,0,290,NaN,20260731_t1356_srsSmooth_Moretraining_B005,29,NaN,23.2784917354584,1.3241240978241,NaN,NaN,NaN,0,NaN,NaN,NaN,NaN,0
20260731_t1356_srsSmooth_Moretraining,srs_smooth_Moretraining,trial0460.mat,460,460,290,5,149,29,68,28,40,8,1,0,2,1,19,25424,1,1,2,1,1,2,1,2,1,2,SINGLE_T1_CORRECT,10,455,1,0,0,0,0,0,93,52,93,52,41,93,1,0,180,10,180,10,170,170,NaN,NaN,NaN,1785522047.93633,13870.04479288,2.18193125724792,0.0112111568450928,0.21173882484436,0.82012414932251,1.21125674247742,1.47012495994568,1.51168751716614,1.51168751716614,-1,-1,1.78838539123535,200.527667999268,258.868217468262,41.562557220459,300.430774688721,Instruction,Left,Right,Left,Left,Left,1,0,0,0,0,NaN,NaN,NaN,NaN,NaN,NaN,NaN,NaN,0,0,0,1,1,0,291,NaN,20260731_t1356_srsSmooth_Moretraining_B005,30,NaN,23.3365894913673,1.29240775108337,NaN,NaN,NaN,0,NaN,NaN,NaN,NaN,0
20260731_t1356_srsSmooth_Moretraining,srs_smooth_Moretraining,trial0461.mat,461,461,291,5,150,30,68,28,40,8,1,0,3,1,30,3030,1,2,2,1,1,2,2,1,2,1,SINGLE_T2_CORRECT,11,455,1,0,0,0,0,0,102,49,102,49,53,49,1,180,190,0,10,180,-170,170,NaN,NaN,NaN,1785522051.41081,13873.51927748,2.04909443855286,0.0118684768676758,0.212737321853638,0.796096801757812,1.15357947349548,1.41278958320618,1.45428967475891,1.45428967475891,-1,-1,1.69751715660095,200.868844985962,259.210109710693,41.5000915527344,300.710201263428,Instruction,Left,Right,Right,Left,Right,1,0,0,0,0,NaN,NaN,NaN,NaN,NaN,NaN,NaN,NaN,0,0,1,1,0,0,292,NaN,20260731_t1356_srsSmooth_Moretraining_B005,31,NaN,23.3944974342982,1.29254531860352,NaN,NaN,NaN,0,NaN,NaN,NaN,NaN,0
20260731_t1356_srsSmooth_Moretraining,srs_smooth_Moretraining,trial0462.mat,462,462,292,5,151,31,68,28,40,8,1,0,1,1,2,10098,1,1,1,2,1,1,1,1,1,1,SINGLE_T1_CORRECT,10,455,1,0,0,0,0,0,84,28,84,28,56,84,1,0,180,10,180,10,170,170,NaN,NaN,NaN,1785522054.73364,13876.84201936,2.33553385734558,0.0141706466674805,0.264883756637573,0.872885942459106,1.33922171592712,1.60636186599731,1.64799833297729,1.64799833297729,-1,-1,1.95002436637878,250.713109970093,267.14015007019,41.6364669799805,308.776617050171,Instruction,Right,Left,Right,Right,Right,1,0,0,0,0,NaN,NaN,NaN,NaN,NaN,NaN,NaN,NaN,1,1,1,1,1,0,293,NaN,20260731_t1356_srsSmooth_Moretraining_B005,32,NaN,23.4498778820038,1.27373242378235,NaN,NaN,NaN,0,NaN,NaN,NaN,NaN,0
20260731_t1356_srsSmooth_Moretraining,srs_smooth_Moretraining,trial0464.mat,464,464,293,5,153,32,68,28,40,8,1,0,3,1,23,17409,1,2,2,1,1,2,2,1,2,1,SINGLE_T2_CORRECT,11,455,1,0,0,0,0,0,86,55,86,55,31,55,1,180,190,0,10,180,-170,170,NaN,NaN,NaN,1785522059.7907,13881.89893496,2.16099071502686,0.0156326293945312,0.249262571334839,0.757796764373779,1.1656768321991,1.45777344703674,1.49103164672852,1.49103164672852,-1,-1,1.80126643180847,233.629941940308,292.096614837646,33.2581996917725,325.354814529419,Instruction,Left,Right,Right,Left,Right,1,0,0,0,0,NaN,NaN,NaN,NaN,NaN,NaN,NaN,NaN,0,0,1,1,0,0,294,NaN,20260731_t1356_srsSmooth_Moretraining_B005,33,NaN,23.5341623306274,2.72153306007385,NaN,NaN,NaN,0,NaN,NaN,NaN,NaN,0
20260731_t1356_srsSmooth_Moretraining,srs_smooth_Moretraining,trial0465.mat,465,465,294,5,154,33,68,28,40,8,1,0,2,1,12,31328,1,1,2,1,1,2,1,2,1,2,SINGLE_T1_CORRECT,10,455,1,0,0,0,0,0,101,47,101,47,54,101,1,180,0,190,180,10,170,170,NaN,NaN,NaN,1785522063.22812,13885.33641628,2.18264055252075,0.011676549911499,0.22912073135376,0.879100561141968,1.25339150428772,1.51250863075256,1.5542938709259,1.5542938709259,-1,-1,1.78084969520569,217.444181442261,259.117126464844,41.7852401733398,300.902366638184,Instruction,Left,Right,Left,Left,Left,1,0,0,0,0,NaN,NaN,NaN,NaN,NaN,NaN,NaN,NaN,0,0,0,1,1,0,295,NaN,20260731_t1356_srsSmooth_Moretraining_B005,34,NaN,23.5914527018865,1.27643156051636,NaN,NaN,NaN,0,NaN,NaN,NaN,NaN,0
20260731_t1356_srsSmooth_Moretraining,srs_smooth_Moretraining,trial0466.mat,466,466,295,5,155,34,68,28,40,8,1,0,1,1,4,28128,1,1,1,2,1,1,1,1,1,1,SINGLE_T1_CORRECT,10,455,1,0,0,0,0,0,90,45,90,45,45,90,1,180,0,190,180,10,170,170,NaN,NaN,NaN,1785522066.67598,13888.7840048,2.34358215332031,0.0139520168304443,0.247835397720337,1.01459503173828,1.4390070438385,1.68954491615295,1.72307252883911,1.72307252883911,-1,-1,1.950599193573,233.883380889893,250.537872314453,33.5276126861572,284.06548500061,Instruction,Right,Left,Right,Right,Right,1,0,0,0,0,NaN,NaN,NaN,NaN,NaN,NaN,NaN,NaN,1,1,1,1,1,0,296,NaN,20260731_t1356_srsSmooth_Moretraining_B005,35,NaN,23.6489170074463,1.26521778106689,NaN,NaN,NaN,0,NaN,NaN,NaN,NaN,0
20260731_t1356_srsSmooth_Moretraining,srs_smooth_Moretraining,trial0467.mat,467,467,296,5,156,35,68,28,40,8,1,0,4,1,32,9531,1,2,1,2,1,1,2,2,2,2,SINGLE_T2_CORRECT,11,455,1,0,0,0,0,0,108,46,108,46,62,46,1,0,10,180,10,180,-170,170,NaN,NaN,NaN,1785522070.29825,13892.40615768,2.09606146812439,0.0168266296386719,0.259001970291138,0.792395353317261,1.20020532608032,1.46772980690002,1.50918173789978,1.50918173789978,-1,-1,1.75277018547058,242.175340652466,267.524480819702,41.4519309997559,308.976411819458,Instruction,Right,Left,Left,Right,Left,1,0,0,0,0,NaN,NaN,NaN,NaN,NaN,NaN,NaN,NaN,1,1,0,1,0,0,297,NaN,20260731_t1356_srsSmooth_Moretraining_B005,36,NaN,23.7092881004016,1.27868342399597,NaN,NaN,NaN,0,NaN,NaN,NaN,NaN,0
20260731_t1356_srsSmooth_Moretraining,srs_smooth_Moretraining,trial0468.mat,468,468,297,5,157,36,68,28,40,8,1,0,4,1,35,29791,1,2,1,2,1,1,2,2,2,2,SINGLE_T2_CORRECT,11,455,1,0,0,0,0,0,91,25,91,25,66,25,1,180,190,0,10,180,-170,170,NaN,NaN,NaN,1785522073.66261,13895.77062152,2.24053573608398,0.0192630290985107,0.295066833496094,0.944794654846191,1.3359808921814,1.57834053039551,1.61183190345764,1.61183190345764,-1,-1,1.91353368759155,275.803804397583,242.359638214111,33.4913730621338,275.851011276245,Instruction,Right,Left,Left,Right,Left,1,0,0,0,0,NaN,NaN,NaN,NaN,NaN,NaN,NaN,NaN,1,1,0,1,0,0,298,NaN,20260731_t1356_srsSmooth_Moretraining_B005,37,NaN,23.7653607765834,1.2682991027832,NaN,NaN,NaN,0,NaN,NaN,NaN,NaN,0
20260731_t1356_srsSmooth_Moretraining,srs_smooth_Moretraining,trial0471.mat,471,471,298,5,160,37,68,28,40,8,1,0,1,1,1,9643,1,1,1,2,1,1,1,1,1,1,SINGLE_T1_CORRECT,10,455,1,0,1,0,0,0,79,46,79,46,33,79,1,0,180,10,180,10,170,170,NaN,NaN,NaN,1785522080.24237,13902.35016388,2.26020002365112,0.0147550106048584,0.290542364120483,0.832066059112549,1.20646810531616,1.54863238334656,1.59025979042053,1.59025979042053,-1,-1,1.88429713249207,275.787353515625,342.164278030396,41.6274070739746,383.79168510437,Instruction,Right,Left,Right,Right,Right,1,0,0,0,0,NaN,NaN,NaN,NaN,NaN,NaN,NaN,NaN,1,1,1,1,1,0,299,NaN,20260731_t1356_srsSmooth_Moretraining_B005,38,NaN,23.8750234921773,4.33922719955444,NaN,NaN,NaN,0,NaN,NaN,NaN,NaN,0
20260731_t1356_srsSmooth_Moretraining,srs_smooth_Moretraining,trial0472.mat,472,472,299,5,161,38,68,28,40,8,1,0,3,1,27,30424,1,2,2,1,1,2,2,1,2,1,SINGLE_T2_CORRECT,11,455,1,0,0,0,0,0,94,27,94,27,67,27,1,0,10,180,10,180,-170,170,NaN,NaN,NaN,1785522083.76878,13905.876593,2.22633600234985,0.0134811401367188,0.247660875320435,0.922774791717529,1.28019738197327,1.58916449546814,1.62269163131714,1.62269163131714,-1,-1,1.89936089515686,234.179735183716,308.967113494873,33.527135848999,342.494249343872,Instruction,Left,Right,Right,Left,Right,1,0,0,0,0,NaN,NaN,NaN,NaN,NaN,NaN,NaN,NaN,0,0,1,1,0,0,300,NaN,20260731_t1356_srsSmooth_Moretraining_B005,39,NaN,23.9337969899178,1.26620984077454,NaN,NaN,NaN,0,NaN,NaN,NaN,NaN,0
20260731_t1356_srsSmooth_Moretraining,srs_smooth_Moretraining,trial0473.mat,473,473,300,5,162,39,68,28,40,8,1,0,2,1,17,8839,1,1,2,1,1,2,1,2,1,2,SINGLE_T1_CORRECT,10,455,1,0,0,0,0,0,80,45,80,45,35,80,1,0,180,10,180,10,170,170,NaN,NaN,NaN,1785522087.25877,13909.36659212,2.17820143699646,0.01529860496521,0.282894849777222,0.807674646377563,1.22367858886719,1.50808596611023,1.54100584983826,1.54100584983826,-1,-1,1.79305481910706,267.596244812012,284.407377243042,32.9198837280273,317.327260971069,Instruction,Left,Right,Left,Left,Left,1,0,0,0,0,NaN,NaN,NaN,NaN,NaN,NaN,NaN,NaN,0,0,0,1,1,0,301,NaN,20260731_t1356_srsSmooth_Moretraining_B005,40,NaN,23.9919634143511,1.26364946365356,NaN,NaN,NaN,0,NaN,NaN,NaN,NaN,0
20260731_t1356_srsSmooth_Moretraining,srs_smooth_Moretraining,trial0474.mat,474,474,301,5,163,40,68,28,40,8,1,2,8,2,65,4095,2,0,2,1,1,2,2,1,2,1,CHOSE_HIGH_SAL,1,455,1,0,0,0,0,0,85,32,85,32,53,32,1,180,223.545627284879,326.45437271512,43.5456272848795,146.45437271512,-102.908745430241,102.908745430241,NaN,NaN,NaN,1785522090.71266,13912.82038008,2.08216118812561,0.0115435123443604,0.220494985580444,0.962079048156738,1.41993141174316,1.47071242332458,1.5037636756897,1.5037636756897,-1,-1,1.74765634536743,208.951473236084,50.7810115814209,33.0512523651123,83.8322639465332,Conflict,Left,Right,Right,Left,Right,0,1,0,1,1,1,0,0,1,0,1,1,0,0,0,1,1,0,1,302,102,20260731_t1356_srsSmooth_Moretraining_B005,41,1,24.0495282173157,1.27568674087524,2,1,190,0,0,0,1,1,1
20260731_t1356_srsSmooth_Moretraining,srs_smooth_Moretraining,trial0475.mat,475,475,302,5,164,41,68,28,40,8,1,2,8,2,62,30350,2,0,2,1,1,2,2,1,1,2,CHOSE_LOW_SAL,2,455,1,0,0,0,0,0,84,43,84,43,41,84,1,180,207.458691168799,342.541308831201,27.458691168799,162.541308831201,-135.082617662402,135.082617662402,NaN,NaN,NaN,1785522094.07671,13916.18432184,2.35991883277893,0.0142903327941895,0.27304482460022,1.04014205932617,1.43101215362549,1.69849467277527,1.739825963974,1.739825963974,-1,-1,1.97563362121582,258.75449180603,267.48251914978,41.3312911987305,308.813810348511,Conflict,Left,Right,Left,Left,Right,0,1,0,1,1,0,1,1,0,1,0,0,1,0,0,1,1,0,1,303,103,20260731_t1356_srsSmooth_Moretraining_B005,42,2,24.1055957357089,1.28188991546631,2,1,32,1,1,1,0,0,1
20260731_t1356_srsSmooth_Moretraining,srs_smooth_Moretraining,trial0476.mat,476,476,303,5,165,42,68,28,40,8,1,2,7,2,59,17089,2,0,1,2,1,1,2,2,2,2,CHOSE_HIGH_SAL,1,455,1,0,0,0,0,0,82,54,82,54,28,54,1,0,87.2763790910183,102.723620908982,87.2763790910183,102.723620908982,-15.4472418179635,15.4472418179635,NaN,NaN,NaN,1785522097.72259,13919.83019904,2.33129787445068,0.0185480117797852,0.277387857437134,0.994066476821899,1.41026782989502,1.68584609031677,1.71914291381836,1.71914291381836,-1,-1,1.97921919822693,258.839845657349,275.578260421753,33.2968235015869,308.87508392334,Conflict,Right,Left,Left,Right,Left,0,1,0,1,1,0,0,0,1,1,1,1,0,1,1,0,1,0,1,304,104,20260731_t1356_srsSmooth_Moretraining_B005,43,3,24.1663604776065,1.28596568107605,1,2,84,1,1,0,0,1,1
20260731_t1356_srsSmooth_Moretraining,srs_smooth_Moretraining,trial0477.mat,477,477,304,5,166,43,68,28,40,8,1,2,8,2,68,12643,2,0,2,1,1,2,2,1,1,2,CHOSE_LOW_SAL,2,455,1,0,0,0,0,0,92,29,92,29,63,92,1,180,190.564045014513,359.435954985487,10.5640450145134,179.435954985487,-168.871909970973,168.871909970973,NaN,NaN,NaN,1785522101.32955,13923.43695812,2.23301935195923,0.0117270946502686,0.295957803726196,0.870783805847168,1.26177501678467,1.5792293548584,1.62064862251282,1.62064862251282,-1,-1,1.83915424346924,284.230709075928,317.45433807373,41.4192676544189,358.873605728149,Conflict,Left,Right,Left,Left,Right,0,1,0,1,1,0,1,1,0,1,0,0,1,0,0,1,1,0,1,305,105,20260731_t1356_srsSmooth_Moretraining_B005,44,4,24.2264764904976,1.27566289901733,2,2,54,1,1,0,0,1,1
20260731_t1356_srsSmooth_Moretraining,srs_smooth_Moretraining,trial0478.mat,478,478,305,5,167,44,68,28,40,8,1,2,7,2,56,28001,2,0,1,2,1,1,2,2,2,2,CHOSE_HIGH_SAL,1,455,1,0,0,0,0,0,89,24,89,24,65,24,1,0,61.3761149710633,128.623885028937,61.3761149710633,128.623885028937,-67.2477700578734,67.2477700578734,NaN,NaN,NaN,1785522104.8753,13926.98275752,2.41156888008118,0.0161116123199463,0.266860246658325,0.983488798141479,1.34949684143066,1.79154419898987,1.83336663246155,1.83336663246155,-1,-1,2.08491182327271,250.748634338379,442.047357559204,41.8224334716797,483.869791030884,Conflict,Right,Left,Left,Right,Left,0,1,0,1,1,0,0,0,1,1,1,1,0,1,1,0,1,0,1,306,106,20260731_t1356_srsSmooth_Moretraining_B005,45,5,24.2855723778407,1.3127338886261,1,2,92,1,1,0,0,1,1
20260731_t1356_srsSmooth_Moretraining,srs_smooth_Moretraining,trial0479.mat,479,479,306,5,168,45,68,28,40,8,1,2,8,2,64,10285,2,0,2,1,1,2,2,1,2,1,CHOSE_HIGH_SAL,1,455,1,0,0,0,0,0,93,24,93,24,69,24,1,0,10.612984381206,179.387015618794,10.612984381206,179.387015618794,-168.774031237588,168.774031237588,NaN,NaN,NaN,1785522108.57706,13930.6843754,2.30216503143311,0.0145044326782227,0.273239612579346,0.981799840927124,1.41455841064453,1.69037747383118,1.72359704971313,1.72359704971313,-1,-1,1.97539329528809,258.735179901123,275.819063186646,33.219575881958,309.038639068604,Conflict,Left,Right,Right,Left,Right,0,1,0,1,1,1,0,0,1,0,1,1,0,0,0,1,1,0,1,307,107,20260731_t1356_srsSmooth_Moretraining_B005,46,6,24.3472682356834,1.29018259048462,2,2,24,1,0,1,1,0,1
20260731_t1356_srsSmooth_Moretraining,srs_smooth_Moretraining,trial0481.mat,481,481,307,5,170,46,68,28,40,8,1,1,5,2,46,27998,2,0,1,2,1,1,1,1,2,2,CHOSE_LOW_SAL,2,455,1,0,0,0,0,0,93,36,93,36,57,36,1,180,343.705999303431,206.294000696569,163.705999303431,26.2940006965689,137.411998606862,137.411998606862,NaN,NaN,NaN,1785522113.65256,13935.7597152,2.0849142074585,0.0141983032226562,0.239894390106201,0.781551837921143,1.17257738113403,1.4482638835907,1.48129081726074,1.48129081726074,-1,-1,1.74984931945801,225.696086883545,275.686502456665,33.0269336700439,308.713436126709,Congruent,Right,Left,Left,Right,Right,0,1,1,0,1,0,0,0,0,1,1,1,1,1,1,1,1,1,1,308,108,20260731_t1356_srsSmooth_Moretraining_B005,47,7,24.4318599541982,2.77333807945251,2,1,24,1,0,1,1,0,1
20260731_t1356_srsSmooth_Moretraining,srs_smooth_Moretraining,trial0482.mat,482,482,308,5,171,47,68,28,40,8,1,1,6,2,50,21703,2,0,2,1,1,2,1,2,2,1,CHOSE_LOW_SAL,2,455,1,0,0,0,0,0,86,63,86,63,23,63,1,180,347.466309402198,202.533690597802,167.466309402198,22.5336905978019,144.932618804396,144.932618804396,NaN,NaN,NaN,1785522117.04914,13939.15636416,2.41356420516968,0.0177474021911621,0.309827089309692,1.01823592185974,1.46780347824097,1.76824545860291,1.80166721343994,1.80166721343994,-1,-1,2.05329394340515,292.07968711853,300.441980361938,33.4217548370361,333.863735198975,Congruent,Left,Right,Right,Left,Left,0,1,1,0,1,1,0,0,0,0,1,1,1,0,0,0,1,1,1,309,109,20260731_t1356_srsSmooth_Moretraining_B005,48,8,24.488469684124,1.31166958808899,2,2,36,1,0,1,1,0,1
20260731_t1356_srsSmooth_Moretraining,srs_smooth_Moretraining,trial0483.mat,483,483,309,5,172,48,68,28,40,8,1,1,5,2,43,23181,2,0,1,2,1,1,1,1,1,1,CHOSE_HIGH_SAL,1,455,1,0,0,0,0,0,93,44,93,44,49,93,1,0,178.567106963217,11.4328930367828,178.567106963217,11.4328930367828,167.134213926434,167.134213926434,NaN,NaN,NaN,1785522120.73801,13942.84496884,2.34161710739136,0.012357234954834,0.237779140472412,0.987778425216675,1.40407824516296,1.6302433013916,1.67111968994141,1.67111968994141,-1,-1,1.94801425933838,225.421905517578,226.165056228638,40.8763885498047,267.041444778442,Congruent,Right,Left,Right,Right,Right,0,1,1,0,1,1,1,1,1,0,0,0,0,1,1,1,1,1,1,310,110,20260731_t1356_srsSmooth_Moretraining_B005,49,9,24.5499507904053,1.27530217170715,2,1,63,1,1,0,0,1,1
20260731_t1356_srsSmooth_Moretraining,srs_smooth_Moretraining,trial0484.mat,484,484,310,5,173,49,68,28,40,8,1,1,5,2,41,23265,2,0,1,2,1,1,1,1,1,1,CHOSE_HIGH_SAL,1,455,1,0,0,0,0,0,100,23,100,23,77,100,1,0,177.781140272799,12.2188597272008,177.781140272799,12.2188597272008,165.562280545598,165.562280545598,NaN,NaN,NaN,1785522124.37833,13946.4852654,2.26856303215027,0.013850212097168,0.23966383934021,0.889674663543701,1.31390142440796,1.5730893611908,1.61475872993469,1.61475872993469,-1,-1,1.86640453338623,225.813627243042,259.187936782837,41.6693687438965,300.857305526733,Congruent,Right,Left,Right,Right,Right,0,1,1,0,1,1,1,1,1,0,0,0,0,1,1,1,1,1,1,311,111,20260731_t1356_srsSmooth_Moretraining_B005,50,10,24.6106227199237,1.29869866371155,1,1,93,1,0,0,1,1,1
20260731_t1356_srsSmooth_Moretraining,srs_smooth_Moretraining,trial0486.mat,486,486,311,5,175,50,68,28,40,8,1,2,7,2,61,9135,2,0,1,2,1,1,2,2,1,1,CHOSE_LOW_SAL,2,455,1,0,0,0,0,0,108,47,108,47,61,108,1,180,195.143316728457,354.856683271543,15.1433167284568,174.856683271543,-159.713366543086,159.713366543086,NaN,NaN,NaN,1785522129.38431,13951.49116928,2.04553580284119,0.0163967609405518,0.0173826217651367,0.525375843048096,0.983100652694702,1.37530493736267,1.41722464561462,1.41722464561462,-1,-1,1.63616490364075,0.985860824584961,392.204284667969,41.9197082519531,434.123992919922,Conflict,Right,Left,Right,Right,Left,0,1,0,1,1,1,1,1,0,0,0,0,1,1,1,0,1,0,1,312,112,20260731_t1356_srsSmooth_Moretraining_B005,51,11,24.6940557638804,2.73741960525513,1,1,100,1,0,0,1,1,1
20260731_t1356_srsSmooth_Moretraining,srs_smooth_Moretraining,trial0487.mat,487,487,312,5,176,51,68,28,40,8,1,1,5,2,45,23301,2,0,1,2,1,1,1,1,1,1,CHOSE_HIGH_SAL,1,455,1,0,0,0,0,0,119,43,119,43,76,119,1,0,123.790372168333,66.2096278316672,123.790372168333,66.2096278316673,57.5807443366655,57.5807443366655,NaN,NaN,NaN,1785522132.69935,13954.80625448,2.31423211097717,0.0181519985198975,0.26029372215271,0.960188865661621,1.33487010002136,1.61865139007568,1.66035985946655,1.66035985946655,-1,-1,1.89540266990662,242.141723632812,283.781290054321,41.7084693908691,325.48975944519,Congruent,Right,Left,Right,Right,Right,0,1,1,0,1,1,1,1,1,0,0,0,0,1,1,1,1,1,1,313,113,20260731_t1356_srsSmooth_Moretraining_B005,52,12,24.7493064403534,1.26950478553772,1,1,108,1,0,0,1,1,1
20260731_t1356_srsSmooth_Moretraining,srs_smooth_Moretraining,trial0488.mat,488,488,313,5,177,52,68,28,40,8,1,1,6,2,49,31973,2,0,2,1,1,2,1,2,2,1,CHOSE_LOW_SAL,2,455,1,0,0,0,0,0,91,54,91,54,37,54,1,0,171.921088159846,18.0789118401542,171.921088159846,18.0789118401542,153.842176319692,153.842176319692,NaN,NaN,NaN,1785522136.30114,13958.40791772,2.50429677963257,0.0165030956268311,0.308854103088379,1.10030031204224,1.53322839736938,1.82541704177856,1.85878348350525,1.85878348350525,-1,-1,2.152188539505,292.351007461548,292.18864440918,33.3664417266846,325.555086135864,Congruent,Left,Right,Right,Left,Left,0,1,1,0,1,1,0,0,0,0,1,1,1,0,0,0,1,1,1,314,114,20260731_t1356_srsSmooth_Moretraining_B005,53,13,24.8093362689018,1.28755760192871,1,1,119,1,1,0,0,1,1
20260731_t1356_srsSmooth_Moretraining,srs_smooth_Moretraining,trial0489.mat,489,489,314,5,178,53,68,28,40,8,1,2,8,2,67,25679,2,0,2,1,1,2,2,1,2,1,CHOSE_HIGH_SAL,1,455,1,0,0,0,0,0,98,33,98,33,65,33,1,180,258.857712958816,291.142287041184,78.8577129588158,111.142287041184,-32.2845740823684,32.2845740823684,NaN,NaN,NaN,1785522140.09461,13962.20133264,2.29476571083069,0.0148451328277588,0.248894929885864,1.04035902023315,1.41490006446838,1.67377305030823,1.70740413665771,1.70740413665771,-1,-1,1.96011662483215,234.049797058105,258.872985839844,33.6310863494873,292.504072189331,Conflict,Left,Right,Right,Left,Right,0,1,0,1,1,1,0,0,1,0,1,1,0,0,0,1,1,0,1,315,115,20260731_t1356_srsSmooth_Moretraining_B005,54,14,24.8725608070691,1.28917551040649,2,1,54,1,0,0,1,1,1
20260731_t1356_srsSmooth_Moretraining,srs_smooth_Moretraining,trial0490.mat,490,490,315,5,179,54,68,28,40,8,1,1,6,2,48,27629,2,0,2,1,1,2,1,2,2,1,CHOSE_LOW_SAL,2,455,1,0,0,0,0,0,92,58,92,58,34,58,1,0,154.802481203647,35.1975187963528,154.802481203647,35.1975187963528,119.604962407294,119.604962407294,NaN,NaN,NaN,1785522143.6616,13965.7681994,2.16889071464539,0.014664888381958,0.248848676681519,0.840537309646606,1.23971271514893,1.47366762161255,1.51549100875854,1.51549100875854,-1,-1,1.80931615829468,234.183788299561,233.954906463623,41.8233871459961,275.778293609619,Congruent,Left,Right,Right,Left,Left,0,1,1,0,1,1,0,0,0,0,1,1,1,0,0,0,1,1,1,316,116,20260731_t1356_srsSmooth_Moretraining_B005,55,15,24.9320105791092,1.27222061157227,2,1,33,1,0,0,1,1,1
20260731_t1356_srsSmooth_Moretraining,srs_smooth_Moretraining,trial0491.mat,491,491,316,5,180,55,68,28,40,8,1,2,7,2,55,17072,2,0,1,2,1,1,2,2,1,1,CHOSE_LOW_SAL,2,455,1,0,0,0,0,0,114,41,114,41,73,114,1,180,191.800406563269,358.199593436731,11.8004065632693,178.199593436731,-166.399186873461,166.399186873461,NaN,NaN,NaN,1785522147.12982,13969.23639244,2.32564306259155,0.0132443904876709,0.238727569580078,0.922372579574585,1.28829455375671,1.59734487533569,1.63077425956726,1.63077425956726,-1,-1,1.90733122825623,225.483179092407,309.050321578979,33.4293842315674,342.479705810547,Conflict,Right,Left,Right,Right,Left,0,1,0,1,1,1,1,1,0,0,0,0,1,1,1,0,1,0,1,317,117,20260731_t1356_srsSmooth_Moretraining_B005,56,16,24.9898143013318,1.29933261871338,2,1,58,1,1,0,0,1,1
20260731_t1356_srsSmooth_Moretraining,srs_smooth_Moretraining,trial0492.mat,492,492,317,5,181,56,68,28,40,8,1,2,8,2,63,28212,2,0,2,1,1,2,2,1,2,1,CHOSE_HIGH_SAL,1,455,1,0,0,0,0,0,91,27,91,27,64,27,1,0,21.7133918452505,168.286608154749,21.7133918452505,168.28660815475,-146.573216309499,146.573216309499,NaN,NaN,NaN,1785522150.75486,13972.8612478,2.10913109779358,0.0133440494537354,0.238731861114502,0.863739728927612,1.23839211463928,1.52221512794495,1.55547118186951,1.55547118186951,-1,-1,1.78254246711731,225.387811660767,283.823013305664,33.2560539245605,317.079067230225,Conflict,Left,Right,Right,Left,Right,0,1,0,1,1,1,0,0,1,0,1,1,0,0,0,1,1,0,1,318,118,20260731_t1356_srsSmooth_Moretraining_B005,57,17,25.050231675307,1.29939937591553,1,1,114,1,1,0,0,1,1
20260731_t1356_srsSmooth_Moretraining,srs_smooth_Moretraining,trial0493.mat,493,493,318,5,182,57,68,28,40,8,1,2,7,2,60,29964,2,0,1,2,1,1,2,2,1,1,CHOSE_LOW_SAL,2,455,1,0,0,0,0,0,91,49,91,49,42,91,1,0,11.8242844197026,178.175715580297,11.8242844197026,178.175715580297,-166.351431160595,166.351431160595,NaN,NaN,NaN,1785522154.14829,13976.25475672,2.22504663467407,0.0117170810699463,0.270879507064819,0.845820426940918,1.19509720802307,1.50417113304138,1.54582905769348,1.54582905769348,-1,-1,1.83095598220825,259.162425994873,309.073925018311,41.6579246520996,350.73184967041,Conflict,Right,Left,Right,Right,Left,0,1,0,1,1,1,1,1,0,0,0,0,1,1,1,0,1,0,1,319,119,20260731_t1356_srsSmooth_Moretraining_B005,58,18,25.1067887743314,1.28429484367371,2,1,27,1,1,0,0,1,1
20260731_t1356_srsSmooth_Moretraining,srs_smooth_Moretraining,trial0494.mat,494,494,319,5,183,58,68,28,40,8,1,2,8,2,66,21927,2,0,2,1,1,2,2,1,2,1,CHOSE_HIGH_SAL,1,455,1,0,0,0,0,0,105,23,105,23,82,23,1,180,236.470043675901,313.529956324099,56.4700436759011,133.529956324099,-77.0599126481978,77.0599126481978,NaN,NaN,NaN,1785522157.64948,13979.75586356,2.15652871131897,0.0106644630432129,0.228090286254883,0.861442804336548,1.26071333885193,1.54501461982727,1.58650207519531,1.58650207519531,-1,-1,1.82969522476196,217.42582321167,284.301280975342,41.487455368042,325.788736343384,Conflict,Left,Right,Right,Left,Right,0,1,0,1,1,1,0,0,1,0,1,1,0,0,0,1,1,0,1,320,120,20260731_t1356_srsSmooth_Moretraining_B005,59,19,25.1651419361432,1.27614307403564,1,1,91,1,1,0,0,1,1
20260731_t1356_srsSmooth_Moretraining,srs_smooth_Moretraining,trial0495.mat,495,495,320,5,184,59,68,28,40,8,1,2,7,2,57,10644,2,0,1,2,1,1,2,2,1,1,CHOSE_LOW_SAL,2,455,1,0,0,0,0,0,80,60,80,60,20,80,1,0,23.7914808044879,166.208519195512,23.7914808044879,166.208519195512,-142.417038391024,142.417038391024,NaN,NaN,NaN,1785522161.09925,13983.205402,2.29895853996277,0.0193648338317871,0.22013521194458,0.920131921768188,1.3694179058075,1.63687467575073,1.67015719413757,1.67015719413757,-1,-1,1.9219081401825,200.770378112793,267.456769943237,33.2825183868408,300.739288330078,Conflict,Right,Left,Right,Right,Left,0,1,0,1,1,1,1,1,0,0,0,0,1,1,1,0,1,0,1,321,121,20260731_t1356_srsSmooth_Moretraining_B005,60,20,25.2226380785306,1.29323983192444,2,1,23,1,1,0,0,1,1
20260731_t1356_srsSmooth_Moretraining,srs_smooth_Moretraining,trial0496.mat,496,496,321,5,185,60,68,28,40,8,1,1,6,2,53,14832,2,0,2,1,1,2,1,2,2,1,CHOSE_LOW_SAL,2,455,1,0,0,0,0,0,87,40,87,40,47,40,1,180,285.030433418187,264.969566581813,105.030433418187,84.9695665818125,20.060866836375,20.060866836375,NaN,NaN,NaN,1785522164.699,13986.80523252,2.21549916267395,0.0114154815673828,0.245197534561157,1.02125573158264,1.36980152130127,1.58689856529236,1.62858366966248,1.62858366966248,-1,-1,1.87275862693787,233.782052993774,217.097043991089,41.6851043701172,258.782148361206,Congruent,Left,Right,Right,Left,Left,0,1,1,0,1,1,0,0,0,0,1,1,1,0,0,0,1,1,1,322,122,20260731_t1356_srsSmooth_Moretraining_B005,61,21,25.2826340357463,1.30079889297485,1,1,80,1,1,0,0,1,1
20260731_t1356_srsSmooth_Moretraining,srs_smooth_Moretraining,trial0498.mat,498,498,322,5,187,61,68,28,40,8,1,1,5,2,42,25187,2,0,1,2,1,1,1,1,2,2,CHOSE_LOW_SAL,2,455,1,0,0,0,0,0,95,33,95,33,62,33,1,180,283.306113038965,266.693886961035,103.306113038965,86.693886961035,16.61222607793,16.61222607793,NaN,NaN,NaN,1785522169.692,13991.7981394,2.2308976650238,0.0186116695404053,0.21916675567627,1.01066160202026,1.39366555213928,1.64396834373474,1.66912484169006,1.66912484169006,-1,-1,1.89614868164062,200.555086135864,250.302791595459,25.1564979553223,275.459289550781,Congruent,Right,Left,Left,Right,Right,0,1,1,0,1,0,0,0,0,1,1,1,1,1,1,1,1,1,1,323,123,20260731_t1356_srsSmooth_Moretraining_B005,62,22,25.3658506989479,2.77750062942505,2,1,40,1,0,1,1,0,1
20260731_t1356_srsSmooth_Moretraining,srs_smooth_Moretraining,trial0499.mat,499,499,323,5,188,62,68,28,40,8,1,1,6,2,54,29696,2,0,2,1,1,2,1,2,2,1,CHOSE_LOW_SAL,2,455,1,0,0,0,0,0,68,24,68,24,44,24,1,0,100.352449418687,89.6475505813128,100.352449418687,89.6475505813128,10.7048988373745,10.7048988373745,NaN,NaN,NaN,1785522173.2001,13995.30612048,2.36520147323608,0.0189909934997559,0.244414567947388,0.95285439491272,1.35237693786621,1.69452810287476,1.727952003479,1.727952003479,-1,-1,2.03831148147583,225.423574447632,342.151165008545,33.423900604248,375.575065612793,Congruent,Left,Right,Right,Left,Left,0,1,1,0,1,1,0,0,0,0,1,1,1,0,0,0,1,1,1,324,124,20260731_t1356_srsSmooth_Moretraining_B005,63,23,25.4243188937505,1.27719402313232,2,2,33,1,0,1,1,0,1
20260731_t1356_srsSmooth_Moretraining,srs_smooth_Moretraining,trial0500.mat,500,500,324,5,189,63,68,28,40,8,1,1,5,2,47,9633,2,0,1,2,1,1,1,1,1,1,CHOSE_HIGH_SAL,1,455,1,0,0,0,0,0,120,52,120,52,68,120,1,180,343.177767261067,206.822232738933,163.177767261067,26.8222327389328,136.355534522134,136.355534522134,NaN,NaN,NaN,1785522176.83931,13998.9451046,2.29211044311523,0.013251781463623,0.247042417526245,0.872113466262817,1.23829960823059,1.53887581825256,1.58043384552002,1.58043384552002,-1,-1,1.87391710281372,233.790636062622,300.576210021973,41.5580272674561,342.134237289429,Congruent,Right,Left,Right,Right,Right,0,1,1,0,1,1,1,1,1,0,0,0,0,1,1,1,1,1,1,325,125,20260731_t1356_srsSmooth_Moretraining_B005,64,24,25.4849724809329,1.27401375770569,2,1,24,1,1,0,0,1,1
20260731_t1356_srsSmooth_Moretraining,srs_smooth_Moretraining,trial0501.mat,501,501,325,5,190,64,68,28,40,8,1,1,5,2,44,23597,2,0,1,2,1,1,1,1,1,1,CHOSE_HIGH_SAL,1,455,1,0,0,0,0,0,90,32,90,32,58,90,1,0,178.802716196813,11.1972838031872,178.802716196813,11.1972838031872,167.605432393626,167.605432393626,NaN,NaN,NaN,1785522180.4161,14002.52198208,2.3325788974762,0.011601448059082,0.245789051055908,0.912342548370361,1.27831745147705,1.6292040348053,1.66233682632446,1.66233682632446,-1,-1,1.93924474716187,234.187602996826,350.886583328247,33.132791519165,384.019374847412,Congruent,Right,Left,Right,Right,Right,0,1,1,0,1,1,1,1,1,0,0,0,0,1,1,1,1,1,1,326,126,20260731_t1356_srsSmooth_Moretraining_B005,65,25,25.5445856690407,1.28468084335327,1,1,120,1,0,0,1,1,1
20260731_t1356_srsSmooth_Moretraining,srs_smooth_Moretraining,trial0502.mat,502,502,326,5,191,65,68,28,40,8,1,2,7,2,58,28287,2,0,1,2,1,1,2,2,1,1,CHOSE_LOW_SAL,2,455,1,0,0,0,0,0,60,41,60,41,19,60,1,0,54.2053500675548,135.794649932445,54.2053500675548,135.794649932445,-81.5892998648904,81.5892998648904,NaN,NaN,NaN,1785522184.00904,14006.11484164,2.1562762260437,0.0188090801239014,0.252641916275024,0.77772045135498,1.15218710899353,1.44440364837646,1.48642706871033,1.48642706871033,-1,-1,1.796067237854,233.832836151123,292.216539382935,42.0234203338623,334.239959716797,Conflict,Right,Left,Right,Right,Left,0,1,0,1,1,1,1,1,0,0,0,0,1,1,1,0,1,0,1,327,127,20260731_t1356_srsSmooth_Moretraining_B005,66,26,25.6044678926468,1.26035451889038,1,1,90,1,0,0,1,1,1
20260731_t1356_srsSmooth_Moretraining,srs_smooth_Moretraining,trial0503.mat,503,503,327,5,192,66,68,28,40,8,1,1,6,2,51,13467,2,0,2,1,1,2,1,2,2,1,CHOSE_LOW_SAL,2,455,1,0,0,0,0,0,127,70,127,70,57,70,1,180,319.012373620506,230.987626379494,139.012373620506,50.9876263794936,88.0247472410128,88.0247472410128,NaN,NaN,NaN,1785522187.45522,14009.56092384,2.13569188117981,0.0144267082214355,0.240255832672119,0.839920520782471,1.24780893325806,1.51508593559265,1.54863214492798,1.54863214492798,-1,-1,1.7675154209137,225.829124450684,267.277002334595,33.5462093353271,300.823211669922,Congruent,Left,Right,Right,Left,Left,0,1,1,0,1,1,0,0,0,0,1,1,1,0,0,0,1,1,1,328,128,20260731_t1356_srsSmooth_Moretraining_B005,67,27,25.6619042952855,1.28990793228149,1,1,60,1,1,0,0,1,1
20260731_t1356_srsSmooth_Moretraining,srs_smooth_Moretraining,trial0504.mat,504,504,328,5,193,67,68,28,40,8,1,1,6,2,52,5636,2,0,2,1,1,2,1,2,2,1,CHOSE_LOW_SAL,2,455,1,0,0,0,0,0,117,48,117,48,69,48,1,180,326.37208005134,223.62791994866,146.37208005134,43.6279199486604,102.744160102679,102.744160102679,NaN,NaN,NaN,1785522190.91014,14013.01588072,2.31379389762878,0.0179734230041504,0.193344116210938,0.910102605819702,1.27635645866394,1.55223250389099,1.5937180519104,1.5937180519104,-1,-1,1.90401387214661,175.370693206787,275.876045227051,41.4855480194092,317.36159324646,Congruent,Left,Right,Right,Left,Left,0,1,1,0,1,1,0,0,0,0,1,1,1,0,0,0,1,1,1,329,129,20260731_t1356_srsSmooth_Moretraining_B005,68,28,25.7194863518079,1.31923151016235,2,1,70,1,0,0,1,1,1
20260731_t1356_srsSmooth_Moretraining,srs_smooth_Moretraining,trial0505.mat,505,505,329,6,1,0,68,28,40,8,2,0,1,1,7,25903,1,1,1,2,2,2,1,1,1,1,SINGLE_T1_CORRECT,10,455,1,0,0,0,0,0,68,149,149,68,-81,68,1,180,0,190,180,10,170,170,NaN,NaN,NaN,1785522194.52833,14016.63386576,2.34627747535706,0.0165951251983643,0.242359399795532,0.97579026222229,1.37498211860657,1.64220070838928,1.6758861541748,1.6758861541748,-1,-1,1.97020220756531,225.764274597168,267.218589782715,33.6854457855225,300.904035568237,Instruction,Right,Left,Right,Left,Right,1,0,0,0,0,NaN,NaN,NaN,NaN,NaN,NaN,NaN,NaN,1,0,1,0,1,0,330,NaN,20260731_t1356_srsSmooth_Moretraining_B006,1,NaN,25.7797894755999,1.30439352989197,NaN,NaN,NaN,0,NaN,NaN,NaN,NaN,0
20260731_t1356_srsSmooth_Moretraining,srs_smooth_Moretraining,trial0506.mat,506,506,330,6,2,1,68,28,40,8,2,0,2,1,16,15356,1,1,2,1,2,1,1,2,1,2,SINGLE_T1_CORRECT,10,455,1,0,0,0,0,0,72,151,151,72,-79,72,1,0,180,10,180,10,170,170,NaN,NaN,NaN,1785522198.16156,14020.26714372,2.45425868034363,0.0168421268463135,0.275977373123169,1.04265308380127,1.45856618881226,1.74257850646973,1.77597856521606,1.77597856521606,-1,-1,2.07743120193481,259.135246276855,284.012317657471,33.4000587463379,317.412376403809,Instruction,Left,Right,Left,Right,Left,1,0,0,0,0,NaN,NaN,NaN,NaN,NaN,NaN,NaN,NaN,0,1,0,0,1,0,331,NaN,20260731_t1356_srsSmooth_Moretraining_B006,2,NaN,25.8403432885806,1.28695130348206,NaN,NaN,NaN,0,NaN,NaN,NaN,NaN,0
20260731_t1356_srsSmooth_Moretraining,srs_smooth_Moretraining,trial0507.mat,507,507,331,6,3,2,68,28,40,8,2,0,1,1,8,4781,1,1,1,2,2,2,1,1,1,1,SINGLE_T1_CORRECT,10,455,1,0,0,0,0,0,74,184,184,74,-110,74,1,0,180,10,180,10,170,170,NaN,NaN,NaN,1785522201.86871,14023.97421636,2.34766221046448,0.0181758403778076,0.218966484069824,0.968851089477539,1.37656283378601,1.6520516872406,1.69371104240417,1.69371104240417,-1,-1,1.97052574157715,200.790643692017,275.48885345459,41.6593551635742,317.148208618164,Instruction,Right,Left,Right,Left,Right,1,0,0,0,0,NaN,NaN,NaN,NaN,NaN,NaN,NaN,NaN,1,0,1,0,1,0,332,NaN,20260731_t1356_srsSmooth_Moretraining_B006,3,NaN,25.9021290620168,1.25288772583008,NaN,NaN,NaN,0,NaN,NaN,NaN,NaN,0
20260731_t1356_srsSmooth_Moretraining,srs_smooth_Moretraining,trial0508.mat,508,508,332,6,4,3,68,28,40,8,2,0,4,1,38,1044,1,2,1,2,2,2,2,2,2,2,SINGLE_T2_CORRECT,11,455,1,0,0,0,0,0,56,177,177,56,-121,177,1,180,190,0,10,180,-170,170,NaN,NaN,NaN,1785522205.48355,14027.58890524,2.21607136726379,0.0118062496185303,0.262393951416016,0.795737981796265,1.17018532752991,1.43738317489624,1.47067022323608,1.47067022323608,-1,-1,1.73961734771729,250.587701797485,267.197847366333,33.2870483398438,300.484895706177,Instruction,Right,Left,Left,Left,Left,1,0,0,0,0,NaN,NaN,NaN,NaN,NaN,NaN,NaN,NaN,1,0,0,0,0,0,333,NaN,20260731_t1356_srsSmooth_Moretraining_B006,4,NaN,25.9623764713605,1.26718235015869,NaN,NaN,NaN,0,NaN,NaN,NaN,NaN,0
20260731_t1356_srsSmooth_Moretraining,srs_smooth_Moretraining,trial0510.mat,510,510,333,6,6,4,68,28,40,8,2,0,4,1,36,5144,1,2,1,2,2,2,2,2,2,2,SINGLE_T2_CORRECT,11,455,1,0,1,0,0,0,57,179,179,57,-122,179,1,0,10,180,10,180,-170,170,NaN,NaN,NaN,1785522210.4896,14032.59489888,2.23587536811829,0.0142881870269775,0.265045642852783,0.83171558380127,1.21433615684509,1.47443580627441,1.51493525505066,1.51493525505066,-1,-1,1.75909519195557,250.757455825806,260.099649429321,40.4994487762451,300.599098205566,Instruction,Right,Left,Left,Left,Left,1,0,0,0,0,NaN,NaN,NaN,NaN,NaN,NaN,NaN,NaN,1,0,0,0,0,0,334,NaN,20260731_t1356_srsSmooth_Moretraining_B006,5,NaN,26.0458106239637,2.78997778892517,NaN,NaN,NaN,0,NaN,NaN,NaN,NaN,0
20260731_t1356_srsSmooth_Moretraining,srs_smooth_Moretraining,trial0511.mat,511,511,334,6,7,5,68,28,40,8,2,0,4,1,40,5053,1,2,1,2,2,2,2,2,2,2,SINGLE_T2_CORRECT,11,455,1,0,0,0,0,0,80,168,168,80,-88,168,1,0,10,180,10,180,-170,170,NaN,NaN,NaN,1785522214.01678,14036.1219722,2.29114151000977,0.0122461318969727,0.204427242279053,0.937962532043457,1.29563021659851,1.54634785652161,1.57952809333801,1.57952809333801,-1,-1,1.82277464866638,192.18111038208,250.717639923096,33.1802368164062,283.897876739502,Instruction,Right,Left,Left,Left,Left,1,0,0,0,0,NaN,NaN,NaN,NaN,NaN,NaN,NaN,NaN,1,0,0,0,0,0,335,NaN,20260731_t1356_srsSmooth_Moretraining_B006,6,NaN,26.1045969724655,1.29130554199219,NaN,NaN,NaN,0,NaN,NaN,NaN,NaN,0
20260731_t1356_srsSmooth_Moretraining,srs_smooth_Moretraining,trial0512.mat,512,512,335,6,8,6,68,28,40,8,2,0,1,1,9,20292,1,1,1,2,2,2,1,1,1,1,SINGLE_T1_CORRECT,10,455,1,0,0,0,0,0,50,187,187,50,-137,50,1,180,0,190,180,10,170,170,NaN,NaN,NaN,1785522217.59086,14039.69599188,2.06727838516235,0.0133075714111328,0.230663061141968,0.78917932510376,1.16335344314575,1.40575814247131,1.43884873390198,1.43884873390198,-1,-1,1.71599149703979,217.355489730835,242.404699325562,33.0905914306641,275.495290756226,Instruction,Right,Left,Right,Left,Right,1,0,0,0,0,NaN,NaN,NaN,NaN,NaN,NaN,NaN,NaN,1,0,1,0,1,0,336,NaN,20260731_t1356_srsSmooth_Moretraining_B006,7,NaN,26.1641649683317,1.28293824195862,NaN,NaN,NaN,0,NaN,NaN,NaN,NaN,0
20260731_t1356_srsSmooth_Moretraining,srs_smooth_Moretraining,trial0513.mat,513,513,336,6,9,7,68,28,40,8,2,0,3,1,26,25790,1,2,2,1,2,1,2,1,2,1,SINGLE_T2_CORRECT,11,455,1,0,0,0,0,0,40,174,174,40,-134,174,1,180,190,0,10,180,-170,170,NaN,NaN,NaN,1785522220.92273,14043.02777924,2.48585295677185,0.0148992538452148,0.307197570800781,1.04074501991272,1.4399561882019,1.66577529907227,1.6988525390625,1.6988525390625,-1,-1,2.00955152511597,292.298316955566,225.819110870361,33.0772399902344,258.896350860596,Instruction,Left,Right,Right,Right,Right,1,0,0,0,0,NaN,NaN,NaN,NaN,NaN,NaN,NaN,NaN,0,1,1,0,0,0,337,NaN,20260731_t1356_srsSmooth_Moretraining_B006,8,NaN,26.219696187973,1.2645947933197,NaN,NaN,NaN,0,NaN,NaN,NaN,NaN,0
20260731_t1356_srsSmooth_Moretraining,srs_smooth_Moretraining,trial0514.mat,514,514,337,6,10,8,68,28,40,8,2,0,4,1,31,10169,1,2,1,2,2,2,2,2,2,2,SINGLE_T2_CORRECT,11,455,1,0,0,0,0,0,33,162,162,33,-129,162,1,180,190,0,10,180,-170,170,NaN,NaN,NaN,1785522224.68662,14046.79167192,2.39659023284912,0.0178267955780029,0.201698064804077,0.976528406143188,1.36787962913513,1.60995292663574,1.65164923667908,1.65164923667908,-1,-1,1.93660449981689,183.871269226074,242.07329750061,41.696310043335,283.769607543945,Instruction,Right,Left,Left,Left,Left,1,0,0,0,0,NaN,NaN,NaN,NaN,NaN,NaN,NaN,NaN,1,0,0,0,0,0,338,NaN,20260731_t1356_srsSmooth_Moretraining_B006,9,NaN,26.2824276645978,1.27803564071655,NaN,NaN,NaN,0,NaN,NaN,NaN,NaN,0
20260731_t1356_srsSmooth_Moretraining,srs_smooth_Moretraining,trial0515.mat,515,515,338,6,11,9,68,28,40,8,2,0,1,1,2,20530,1,1,1,2,2,2,1,1,1,1,SINGLE_T1_CORRECT,10,455,1,0,0,0,0,0,60,170,170,60,-110,60,1,0,180,10,180,10,170,170,NaN,NaN,NaN,1785522228.35128,14050.45605496,2.21609568595886,0.0116486549377441,0.237050771713257,0.953965187072754,1.34503483772278,1.57057571411133,1.60395765304565,1.60395765304565,-1,-1,1.85589146614075,225.402116775513,225.54087638855,33.3819389343262,258.922815322876,Instruction,Right,Left,Right,Left,Right,1,0,0,0,0,NaN,NaN,NaN,NaN,NaN,NaN,NaN,NaN,1,0,1,0,1,0,339,NaN,20260731_t1356_srsSmooth_Moretraining_B006,10,NaN,26.3435052633286,1.26806569099426,NaN,NaN,NaN,0,NaN,NaN,NaN,NaN,0
20260731_t1356_srsSmooth_Moretraining,srs_smooth_Moretraining,trial0517.mat,517,517,339,6,13,10,68,28,40,8,2,0,1,1,5,20040,1,1,1,2,2,2,1,1,1,1,SINGLE_T1_CORRECT,10,455,1,0,0,0,0,0,39,180,180,39,-141,39,1,180,0,190,180,10,170,170,NaN,NaN,NaN,1785522233.36096,14055.46568896,2.28087091445923,0.0105001926422119,0.252646446228027,0.977697134017944,1.38555526733398,1.64569449424744,1.68597650527954,1.68597650527954,-1,-1,1.93800711631775,242.146253585815,260.139226913452,40.2820110321045,300.421237945557,Instruction,Right,Left,Right,Left,Right,1,0,0,0,0,NaN,NaN,NaN,NaN,NaN,NaN,NaN,NaN,1,0,1,0,1,0,340,NaN,20260731_t1356_srsSmooth_Moretraining_B006,11,NaN,26.4269999225934,2.79358386993408,NaN,NaN,NaN,0,NaN,NaN,NaN,NaN,0
20260731_t1356_srsSmooth_Moretraining,srs_smooth_Moretraining,trial0518.mat,518,518,340,6,14,11,68,28,40,8,2,0,3,1,25,1960,1,2,2,1,2,1,2,1,2,1,SINGLE_T2_CORRECT,11,455,1,0,0,0,0,0,52,155,155,52,-103,155,1,0,10,180,10,180,-170,170,NaN,NaN,NaN,1785522236.92824,14059.03284204,2.24767565727234,0.0183637142181396,0.285726547241211,0.84422492980957,1.21007680892944,1.47735977172852,1.51073265075684,1.51073265075684,-1,-1,1.78780436515808,267.362833023071,267.282962799072,33.3728790283203,300.655841827393,Instruction,Left,Right,Right,Right,Right,1,0,0,0,0,NaN,NaN,NaN,NaN,NaN,NaN,NaN,NaN,0,1,1,0,0,0,341,NaN,20260731_t1356_srsSmooth_Moretraining_B006,12,NaN,26.4864545623461,1.28640747070312,NaN,NaN,NaN,0,NaN,NaN,NaN,NaN,0
20260731_t1356_srsSmooth_Moretraining,srs_smooth_Moretraining,trial0519.mat,519,519,341,6,15,12,68,28,40,8,2,0,2,1,12,20042,1,1,2,1,2,1,1,2,1,2,SINGLE_T1_CORRECT,10,455,1,0,0,0,0,0,58,169,169,58,-111,58,1,0,180,10,180,10,170,170,NaN,NaN,NaN,1785522240.45453,14062.55923172,2.09660887718201,0.017207145690918,0.259717226028442,0.892721652984619,1.24225521087646,1.4760799407959,1.51786732673645,1.51786732673645,-1,-1,1.73638653755188,242.510080337524,233.824729919434,41.7873859405518,275.612115859985,Instruction,Left,Right,Left,Right,Left,1,0,0,0,0,NaN,NaN,NaN,NaN,NaN,NaN,NaN,NaN,0,1,0,0,1,0,342,NaN,20260731_t1356_srsSmooth_Moretraining_B006,13,NaN,26.5452261567116,1.27862000465393,NaN,NaN,NaN,0,NaN,NaN,NaN,NaN,0
20260731_t1356_srsSmooth_Moretraining,srs_smooth_Moretraining,trial0520.mat,520,520,342,6,16,13,68,28,40,8,2,0,4,1,33,6333,1,2,1,2,2,2,2,2,2,2,SINGLE_T2_CORRECT,11,455,1,0,0,0,0,0,40,171,171,40,-131,171,1,0,10,180,10,180,-170,170,NaN,NaN,NaN,1785522243.81905,14065.92358588,2.20686721801758,0.011157751083374,0.261779546737671,0.795345067977905,1.17786979675293,1.42874360084534,1.46192741394043,1.46192741394043,-1,-1,1.73094964027405,250.621795654297,250.873804092407,33.1838130950928,284.0576171875,Instruction,Right,Left,Left,Left,Left,1,0,0,0,0,NaN,NaN,NaN,NaN,NaN,NaN,NaN,NaN,1,0,0,0,0,0,343,NaN,20260731_t1356_srsSmooth_Moretraining_B006,14,NaN,26.6013014117877,1.26790642738342,NaN,NaN,NaN,0,NaN,NaN,NaN,NaN,0
20260731_t1356_srsSmooth_Moretraining,srs_smooth_Moretraining,trial0521.mat,521,521,343,6,17,14,68,28,40,8,2,0,2,1,18,1828,1,1,2,1,2,1,1,2,1,2,SINGLE_T1_CORRECT,10,455,1,0,0,0,0,0,48,147,147,48,-99,48,1,180,0,190,180,10,170,170,NaN,NaN,NaN,1785522247.30051,14069.40502544,2.4007728099823,0.0131616592407227,0.297366380691528,1.0553138256073,1.47155261039734,1.71368646621704,1.74722456932068,1.74722456932068,-1,-1,2.04922938346863,284.204721450806,242.133855819702,33.5381031036377,275.67195892334,Instruction,Left,Right,Left,Right,Left,1,0,0,0,0,NaN,NaN,NaN,NaN,NaN,NaN,NaN,NaN,0,1,0,0,1,0,344,NaN,20260731_t1356_srsSmooth_Moretraining_B006,15,NaN,26.6593258500099,1.27459907531738,NaN,NaN,NaN,0,NaN,NaN,NaN,NaN,0
20260731_t1356_srsSmooth_Moretraining,srs_smooth_Moretraining,trial0522.mat,522,522,344,6,18,15,68,28,40,8,2,0,1,1,10,10592,1,1,1,2,2,2,1,1,1,1,SINGLE_T1_CORRECT,10,455,1,0,0,0,0,0,79,170,170,79,-91,79,1,180,0,190,180,10,170,170,NaN,NaN,NaN,1785522250.97191,14073.07623548,2.24616622924805,0.0169062614440918,0.267486095428467,0.925809383392334,1.34195828437805,1.56756567955017,1.60927486419678,1.60927486419678,-1,-1,1.86999917030334,250.579833984375,225.607395172119,41.7091846466064,267.316579818726,Instruction,Right,Left,Right,Left,Right,1,0,0,0,0,NaN,NaN,NaN,NaN,NaN,NaN,NaN,NaN,1,0,1,0,1,0,345,NaN,20260731_t1356_srsSmooth_Moretraining_B006,16,NaN,26.7205158551534,1.27062749862671,NaN,NaN,NaN,0,NaN,NaN,NaN,NaN,0
20260731_t1356_srsSmooth_Moretraining,srs_smooth_Moretraining,trial0523.mat,523,523,345,6,19,16,68,28,40,8,2,0,1,1,4,17641,1,1,1,2,2,2,1,1,1,1,SINGLE_T1_CORRECT,10,455,1,0,0,0,0,0,65,149,149,65,-84,65,1,0,180,10,180,10,170,170,NaN,NaN,NaN,1785522254.51555,14076.61995116,2.08612179756165,0.0150778293609619,0.224220037460327,0.807605028152466,1.19845771789551,1.45715355873108,1.49901604652405,1.49901604652405,-1,-1,1.71793460845947,209.142208099365,258.695840835571,41.8624877929688,300.55832862854,Instruction,Right,Left,Right,Left,Right,1,0,0,0,0,NaN,NaN,NaN,NaN,NaN,NaN,NaN,NaN,1,0,1,0,1,0,346,NaN,20260731_t1356_srsSmooth_Moretraining_B006,17,NaN,26.7795764287313,1.2974681854248,NaN,NaN,NaN,0,NaN,NaN,NaN,NaN,0
20260731_t1356_srsSmooth_Moretraining,srs_smooth_Moretraining,trial0524.mat,524,524,346,6,20,17,68,28,40,8,2,0,4,1,37,25525,1,2,1,2,2,2,2,2,2,2,SINGLE_T2_CORRECT,11,455,1,0,6,0,0,0,63,183,183,63,-120,183,1,180,190,0,10,180,-170,170,NaN,NaN,NaN,1785522257.8875,14079.99183768,2.40619730949402,0.0182576179504395,0.310335159301758,0.943741798400879,1.31830859184265,1.56890177726746,1.61041259765625,1.61041259765625,-1,-1,1.92093515396118,292.077541351318,250.593185424805,41.5108203887939,292.104005813599,Instruction,Right,Left,Left,Left,Left,1,0,0,0,0,NaN,NaN,NaN,NaN,NaN,NaN,NaN,NaN,1,0,0,0,0,0,347,NaN,20260731_t1356_srsSmooth_Moretraining_B006,18,NaN,26.835775633653,1.2858304977417,NaN,NaN,NaN,0,NaN,NaN,NaN,NaN,0
20260731_t1356_srsSmooth_Moretraining,srs_smooth_Moretraining,trial0525.mat,525,525,347,6,21,18,68,28,40,8,2,0,2,1,20,30140,1,1,2,1,2,1,1,2,1,2,SINGLE_T1_CORRECT,10,455,1,0,0,0,0,0,52,143,143,52,-91,52,1,180,0,190,180,10,170,170,NaN,NaN,NaN,1785522261.55659,14083.66079136,1.9702525138855,0.0159809589385986,0.224982261657715,0.775023698806763,1.15769195556641,1.35839653015137,1.40002059936523,1.40002059936523,-1,-1,1.6189272403717,209.001302719116,200.704574584961,41.6240692138672,242.328643798828,Instruction,Left,Right,Left,Right,Left,1,0,0,0,0,NaN,NaN,NaN,NaN,NaN,NaN,NaN,NaN,0,1,0,0,1,0,348,NaN,20260731_t1356_srsSmooth_Moretraining_B006,19,NaN,26.8969270944595,1.26289033889771,NaN,NaN,NaN,0,NaN,NaN,NaN,NaN,0
20260731_t1356_srsSmooth_Moretraining,srs_smooth_Moretraining,trial0526.mat,526,526,348,6,22,19,68,28,40,8,2,0,3,1,30,17565,1,2,2,1,2,1,2,1,2,1,SINGLE_T2_CORRECT,11,455,1,0,0,0,0,0,66,146,146,66,-80,146,1,180,190,0,10,180,-170,170,NaN,NaN,NaN,1785522264.83163,14086.9358632,2.46226572990417,0.0160670280456543,0.23347282409668,0.991637706756592,1.42445516586304,1.69159078598022,1.72487902641296,1.72487902641296,-1,-1,2.01125168800354,217.405796051025,267.135620117188,33.2882404327393,300.423860549927,Instruction,Left,Right,Right,Right,Right,1,0,0,0,0,NaN,NaN,NaN,NaN,NaN,NaN,NaN,NaN,0,1,1,0,0,0,349,NaN,20260731_t1356_srsSmooth_Moretraining_B006,20,NaN,26.9515111247698,1.30478930473328,NaN,NaN,NaN,0,NaN,NaN,NaN,NaN,0
20260731_t1356_srsSmooth_Moretraining,srs_smooth_Moretraining,trial0527.mat,527,527,349,6,23,20,68,28,40,8,2,0,2,1,13,11751,1,1,2,1,2,1,1,2,0,0,,0,11,0,1,0,0,0,0,25,171,171,25,-146,NaN,1,0,180,10,180,10,170,170,NaN,NaN,NaN,1785522268.57065,14090.67480988,0.11303186416626,0.0105283260345459,0.0612249374389648,-1,-1,-1,-1,-1,-1,-1,-1,50.6966114044189,NaN,NaN,NaN,Instruction,Left,Right,None,Right,Left,1,0,0,0,0,NaN,NaN,NaN,NaN,NaN,NaN,NaN,NaN,0,1,0,0,1,0,349,NaN,20260731_t1356_srsSmooth_Moretraining_B006,NaN,NaN,27.013828086853,1.27675199508667,NaN,NaN,NaN,0,NaN,NaN,NaN,NaN,0
20260731_t1356_srsSmooth_Moretraining,srs_smooth_Moretraining,trial0528.mat,528,528,349,6,24,20,68,28,40,8,2,0,1,1,3,18787,1,1,1,2,2,2,1,1,1,1,SINGLE_T1_CORRECT,10,455,1,0,0,0,0,0,88,161,161,88,-73,88,1,180,0,190,180,10,170,170,NaN,NaN,NaN,1785522269.86055,14091.96449944,2.30798816680908,0.0123412609100342,0.237787008285522,0.913187503814697,1.27072310447693,1.57139253616333,1.61285543441772,1.61285543441772,-1,-1,1.92292332649231,225.445747375488,300.669431686401,41.4628982543945,342.132329940796,Instruction,Right,Left,Right,Left,Right,1,0,0,0,0,NaN,NaN,NaN,NaN,NaN,NaN,NaN,NaN,1,0,1,0,1,0,350,NaN,20260731_t1356_srsSmooth_Moretraining_B006,21,NaN,27.0353264888128,1.17687225341797,NaN,NaN,NaN,0,NaN,NaN,NaN,NaN,0
20260731_t1356_srsSmooth_Moretraining,srs_smooth_Moretraining,trial0529.mat,529,529,350,6,25,21,68,28,40,8,2,0,2,1,17,7613,1,1,2,1,2,1,1,2,1,2,SINGLE_T1_CORRECT,10,455,1,0,0,0,0,0,38,151,151,38,-113,38,1,180,0,190,180,10,170,170,NaN,NaN,NaN,1785522273.48084,14095.58479784,2.09605836868286,0.0171949863433838,0.217694282531738,0.759345054626465,1.16723895072937,1.42600083351135,1.46773791313171,1.46773791313171,-1,-1,1.75379109382629,200.499296188354,258.761882781982,41.7370796203613,300.498962402344,Instruction,Left,Right,Left,Right,Left,1,0,0,0,0,NaN,NaN,NaN,NaN,NaN,NaN,NaN,NaN,0,1,0,0,1,0,351,NaN,20260731_t1356_srsSmooth_Moretraining_B006,22,NaN,27.0956646084785,1.31229901313782,NaN,NaN,NaN,0,NaN,NaN,NaN,NaN,0
20260731_t1356_srsSmooth_Moretraining,srs_smooth_Moretraining,trial0530.mat,530,530,351,6,26,22,68,28,40,8,2,0,4,1,39,13832,1,2,1,2,2,2,2,2,2,2,SINGLE_T2_CORRECT,11,455,1,0,0,0,0,0,67,179,179,67,-112,179,1,180,190,0,10,180,-170,170,NaN,NaN,NaN,1785522276.87148,14098.97539956,2.32268762588501,0.0183532238006592,0.202027559280396,0.918877840042114,1.30173635482788,1.51062107086182,1.5438985824585,1.5438985824585,-1,-1,1.84655570983887,183.674335479736,208.884716033936,33.2775115966797,242.162227630615,Instruction,Right,Left,Left,Left,Left,1,0,0,0,0,NaN,NaN,NaN,NaN,NaN,NaN,NaN,NaN,1,0,0,0,0,0,352,NaN,20260731_t1356_srsSmooth_Moretraining_B006,23,NaN,27.1521752715111,1.29458141326904,NaN,NaN,NaN,0,NaN,NaN,NaN,NaN,0
20260731_t1356_srsSmooth_Moretraining,srs_smooth_Moretraining,trial0532.mat,532,532,352,6,28,23,68,28,40,8,2,0,2,1,13,11751,1,1,2,1,2,1,1,2,1,2,SINGLE_T1_CORRECT,10,455,1,0,0,0,0,0,40,158,158,40,-118,40,1,0,180,10,180,10,170,170,NaN,NaN,NaN,1785522282.03765,14104.14150016,2.23132514953613,0.0190489292144775,0.228232860565186,0.969937801361084,1.36910200119019,1.61989641189575,1.66187429428101,1.66187429428101,-1,-1,1.88893842697144,209.183931350708,250.794410705566,41.9778823852539,292.77229309082,Instruction,Left,Right,Left,Right,Left,1,0,0,0,0,NaN,NaN,NaN,NaN,NaN,NaN,NaN,NaN,0,1,0,0,1,0,353,NaN,20260731_t1356_srsSmooth_Moretraining_B006,24,NaN,27.2382781267166,2.84348368644714,NaN,NaN,NaN,0,NaN,NaN,NaN,NaN,0
20260731_t1356_srsSmooth_Moretraining,srs_smooth_Moretraining,trial0533.mat,533,533,353,6,29,24,68,28,40,8,2,0,4,1,35,24055,1,2,1,2,2,2,2,2,2,2,SINGLE_T2_CORRECT,11,455,1,0,0,0,0,0,56,144,144,56,-88,144,1,180,190,0,10,180,-170,170,NaN,NaN,NaN,1785522285.55799,14107.66179816,2.15341687202454,0.015512228012085,0.232555627822876,0.824470043182373,1.19055819511414,1.42427396774292,1.46599984169006,1.46599984169006,-1,-1,1.70993041992188,217.043399810791,233.715772628784,41.7258739471436,275.441646575928,Instruction,Right,Left,Left,Left,Left,1,0,0,0,0,NaN,NaN,NaN,NaN,NaN,NaN,NaN,NaN,1,0,0,0,0,0,354,NaN,20260731_t1356_srsSmooth_Moretraining_B006,25,NaN,27.2969504555066,1.2890145778656,NaN,NaN,NaN,0,NaN,NaN,NaN,NaN,0
20260731_t1356_srsSmooth_Moretraining,srs_smooth_Moretraining,trial0534.mat,534,534,354,6,30,25,68,28,40,8,2,0,1,1,1,15489,1,1,1,2,2,2,1,1,1,1,SINGLE_T1_CORRECT,10,455,1,0,0,0,0,0,51,173,173,51,-122,51,1,0,180,10,180,10,170,170,NaN,NaN,NaN,1785522288.98362,14111.08725116,2.15248346328735,0.015012264251709,0.299064874649048,0.874114990234375,1.24005937576294,1.52403473854065,1.55738186836243,1.55738186836243,-1,-1,1.80099058151245,284.052610397339,283.97536277771,33.3471298217773,317.322492599487,Instruction,Right,Left,Right,Left,Right,1,0,0,0,0,NaN,NaN,NaN,NaN,NaN,NaN,NaN,NaN,1,0,1,0,1,0,355,NaN,20260731_t1356_srsSmooth_Moretraining_B006,26,NaN,27.3540443380674,1.27221608161926,NaN,NaN,NaN,0,NaN,NaN,NaN,NaN,0
20260731_t1356_srsSmooth_Moretraining,srs_smooth_Moretraining,trial0536.mat,536,536,355,6,32,26,68,28,40,8,2,0,4,1,34,6650,1,2,1,2,2,2,2,2,2,2,SINGLE_T2_CORRECT,11,455,1,0,0,0,0,0,47,180,180,47,-133,180,1,0,10,180,10,180,-170,170,NaN,NaN,NaN,1785522293.91311,14116.0167114,2.39058041572571,0.019047737121582,0.219887495040894,0.911273956298828,1.32743191719055,1.57794117927551,1.61966419219971,1.61966419219971,-1,-1,1.90495586395264,200.839757919312,250.509262084961,41.7230129241943,292.232275009155,Instruction,Right,Left,Left,Left,Left,1,0,0,0,0,NaN,NaN,NaN,NaN,NaN,NaN,NaN,NaN,1,0,0,0,0,0,356,NaN,20260731_t1356_srsSmooth_Moretraining_B006,27,NaN,27.4362024744352,2.77700471878052,NaN,NaN,NaN,0,NaN,NaN,NaN,NaN,0
20260731_t1356_srsSmooth_Moretraining,srs_smooth_Moretraining,trial0537.mat,537,537,356,6,33,27,68,28,40,8,2,0,4,1,32,29181,1,2,1,2,2,2,2,2,2,2,SINGLE_T2_CORRECT,11,455,1,0,0,0,0,0,57,150,150,57,-93,150,1,180,190,0,10,180,-170,170,NaN,NaN,NaN,1785522297.58131,14119.68476824,2.4724109172821,0.0176551342010498,0.285093545913696,1.03487610816956,1.46771121025085,1.70992302894592,1.74315571784973,1.74315571784973,-1,-1,2.02073693275452,267.438411712646,242.211818695068,33.2326889038086,275.444507598877,Instruction,Right,Left,Left,Left,Left,1,0,0,0,0,NaN,NaN,NaN,NaN,NaN,NaN,NaN,NaN,1,0,0,0,0,0,357,NaN,20260731_t1356_srsSmooth_Moretraining_B006,28,NaN,27.497339173158,1.27762150764465,NaN,NaN,NaN,0,NaN,NaN,NaN,NaN,0
20260731_t1356_srsSmooth_Moretraining,srs_smooth_Moretraining,trial0538.mat,538,538,357,6,34,28,68,28,40,8,2,0,3,1,27,12520,1,2,2,1,2,1,2,1,2,1,SINGLE_T2_CORRECT,11,455,1,0,0,0,0,0,53,139,139,53,-86,139,1,0,10,180,10,180,-170,170,NaN,NaN,NaN,1785522301.43002,14123.53333628,2.2903847694397,0.0107624530792236,0.286343574523926,0.919761896133423,1.2691445350647,1.51139354705811,1.55307531356812,1.55307531356812,-1,-1,1.84684157371521,275.581121444702,242.249011993408,41.6817665100098,283.930778503418,Instruction,Left,Right,Right,Right,Right,1,0,0,0,0,NaN,NaN,NaN,NaN,NaN,NaN,NaN,NaN,0,1,1,0,0,0,358,NaN,20260731_t1356_srsSmooth_Moretraining_B006,29,NaN,27.5614843010902,1.37629675865173,NaN,NaN,NaN,0,NaN,NaN,NaN,NaN,0
20260731_t1356_srsSmooth_Moretraining,srs_smooth_Moretraining,trial0540.mat,540,540,358,6,36,29,68,28,40,8,2,0,3,1,23,12771,1,2,2,1,2,1,2,1,2,1,SINGLE_T2_CORRECT,11,455,1,0,0,0,0,0,61,150,150,61,-89,150,1,180,190,0,10,180,-170,170,NaN,NaN,NaN,1785522306.48406,14128.58747072,2.33612656593323,0.015256404876709,0.249370813369751,0.8906090259552,1.29863929748535,1.54911947250366,1.5823187828064,1.5823187828064,-1,-1,1.88482356071472,234.114408493042,250.480175018311,33.1993103027344,283.679485321045,Instruction,Left,Right,Right,Right,Right,1,0,0,0,0,NaN,NaN,NaN,NaN,NaN,NaN,NaN,NaN,0,1,1,0,0,0,359,NaN,20260731_t1356_srsSmooth_Moretraining_B006,30,NaN,27.6457182208697,2.76365041732788,NaN,NaN,NaN,0,NaN,NaN,NaN,NaN,0
20260731_t1356_srsSmooth_Moretraining,srs_smooth_Moretraining,trial0541.mat,541,541,359,6,37,30,68,28,40,8,2,0,2,1,14,5119,1,1,2,1,2,1,1,2,1,2,SINGLE_T1_CORRECT,10,455,1,0,0,0,0,0,38,160,160,38,-122,38,1,0,180,10,180,10,170,170,NaN,NaN,NaN,1785522310.0873,14132.1905816,2.2745156288147,0.0121495723724365,0.221233129501343,0.996057271957397,1.38720345497131,1.61270976066589,1.64613366127014,1.64613366127014,-1,-1,1.93955516815186,209.083557128906,225.50630569458,33.423900604248,258.930206298828,Instruction,Left,Right,Left,Right,Left,1,0,0,0,0,NaN,NaN,NaN,NaN,NaN,NaN,NaN,NaN,0,1,0,0,1,0,360,NaN,20260731_t1356_srsSmooth_Moretraining_B006,31,NaN,27.7057723164558,1.26711916923523,NaN,NaN,NaN,0,NaN,NaN,NaN,NaN,0
20260731_t1356_srsSmooth_Moretraining,srs_smooth_Moretraining,trial0542.mat,542,542,360,6,38,31,68,28,40,8,2,0,3,1,28,19894,1,2,2,1,2,1,2,1,0,0,,0,453,0,1,0,0,0,0,52,174,174,52,-122,NaN,1,0,10,180,10,180,-170,170,NaN,NaN,NaN,1785522313.64434,14135.74747628,1.86711525917053,0.0135846138000488,0.23114538192749,0.947448492050171,1.37196969985962,-1,-1,-1,-1,-1,-1,217.560768127441,NaN,NaN,NaN,Instruction,Left,Right,None,Right,Right,1,0,0,0,0,NaN,NaN,NaN,NaN,NaN,NaN,NaN,NaN,0,1,1,0,0,0,360,NaN,20260731_t1356_srsSmooth_Moretraining_B006,NaN,NaN,27.7650562644005,1.28252124786377,NaN,NaN,NaN,0,NaN,NaN,NaN,NaN,0
20260731_t1356_srsSmooth_Moretraining,srs_smooth_Moretraining,trial0543.mat,543,543,360,6,39,31,68,28,40,8,2,0,2,1,19,17168,1,1,2,1,2,1,1,2,1,2,SINGLE_T1_CORRECT,10,455,1,0,0,0,0,0,50,166,166,50,-116,50,1,180,0,190,180,10,170,170,NaN,NaN,NaN,1785522316.64537,14138.74840696,2.23368263244629,0.0126678943634033,0.271406412124634,1.00474619865417,1.37105393409729,1.61310577392578,1.65479516983032,1.65479516983032,-1,-1,1.88175797462463,258.73851776123,242.051839828491,41.689395904541,283.741235733032,Instruction,Left,Right,Left,Right,Left,1,0,0,0,0,NaN,NaN,NaN,NaN,NaN,NaN,NaN,NaN,0,1,0,0,1,0,361,NaN,20260731_t1356_srsSmooth_Moretraining_B006,32,NaN,27.8150734782219,1.13391757011414,NaN,NaN,NaN,0,NaN,NaN,NaN,NaN,0
20260731_t1356_srsSmooth_Moretraining,srs_smooth_Moretraining,trial0544.mat,544,544,361,6,40,32,68,28,40,8,2,0,3,1,28,19894,1,2,2,1,2,1,2,1,2,1,SINGLE_T2_CORRECT,11,455,1,0,0,0,0,0,53,178,178,53,-125,178,1,180,190,0,10,180,-170,170,NaN,NaN,NaN,1785522320.19897,14142.30193624,2.26319932937622,0.0175399780273438,0.251349687576294,0.843064308166504,1.20091891288757,1.51809573173523,1.55143189430237,1.55143189430237,-1,-1,1.78695487976074,233.80970954895,317.176818847656,33.3361625671387,350.512981414795,Instruction,Left,Right,Right,Right,Right,1,0,0,0,0,NaN,NaN,NaN,NaN,NaN,NaN,NaN,NaN,0,1,1,0,0,0,362,NaN,20260731_t1356_srsSmooth_Moretraining_B006,33,NaN,27.8743001262347,1.31991624832153,NaN,NaN,NaN,0,NaN,NaN,NaN,NaN,0
20260731_t1356_srsSmooth_Moretraining,srs_smooth_Moretraining,trial0545.mat,545,545,362,6,41,33,68,28,40,8,2,0,2,1,11,22780,1,1,2,1,2,1,1,2,1,2,SINGLE_T1_CORRECT,10,455,1,0,0,0,0,0,67,177,177,67,-110,67,1,0,180,10,180,10,170,170,NaN,NaN,NaN,1785522323.76643,14145.86925708,2.36270999908447,0.016887903213501,0.301141977310181,1.00926733016968,1.40027499198914,1.65082287788391,1.68418145179749,1.68418145179749,-1,-1,1.99533033370972,284.25407409668,250.547885894775,33.3585739135742,283.90645980835,Instruction,Left,Right,Left,Right,Left,1,0,0,0,0,NaN,NaN,NaN,NaN,NaN,NaN,NaN,NaN,0,1,0,0,1,0,363,NaN,20260731_t1356_srsSmooth_Moretraining_B006,34,NaN,27.933757742246,1.30425763130188,NaN,NaN,NaN,0,NaN,NaN,NaN,NaN,0
20260731_t1356_srsSmooth_Moretraining,srs_smooth_Moretraining,trial0546.mat,546,546,363,6,42,34,68,28,40,8,2,0,3,1,22,15379,1,2,2,1,2,1,2,1,2,1,SINGLE_T2_CORRECT,11,455,1,0,0,0,0,0,39,158,158,39,-119,158,1,0,10,180,10,180,-170,170,NaN,NaN,NaN,1785522327.40572,14149.50851636,2.38185381889343,0.0110671520233154,0.178597211837769,0.978048801422119,1.36111927032471,1.64508199691772,1.70327472686768,1.70327472686768,-1,-1,1.92139387130737,167.530059814453,283.962726593018,58.1927299499512,342.155456542969,Instruction,Left,Right,Right,Right,Right,1,0,0,0,0,NaN,NaN,NaN,NaN,NaN,NaN,NaN,NaN,0,1,1,0,0,0,364,NaN,20260731_t1356_srsSmooth_Moretraining_B006,35,NaN,27.9944126566251,1.27658486366272,NaN,NaN,NaN,0,NaN,NaN,NaN,NaN,0
20260731_t1356_srsSmooth_Moretraining,srs_smooth_Moretraining,trial0547.mat,547,547,364,6,43,35,68,28,40,8,2,0,3,1,29,18015,1,2,2,1,2,1,2,1,2,1,SINGLE_T2_CORRECT,11,455,1,0,0,0,0,0,55,151,151,55,-96,151,1,0,10,180,10,180,-170,170,NaN,NaN,NaN,1785522331.08768,14153.19059092,2.29273748397827,0.0125894546508789,0.204740047454834,0.771464824676514,1.21263647079468,1.49670600891113,1.53822231292725,1.53822231292725,-1,-1,1.83992695808411,192.150592803955,284.069538116455,41.5163040161133,325.585842132568,Instruction,Left,Right,Right,Right,Right,1,0,0,0,0,NaN,NaN,NaN,NaN,NaN,NaN,NaN,NaN,0,1,1,0,0,0,365,NaN,20260731_t1356_srsSmooth_Moretraining_B006,36,NaN,28.0557785511017,1.30009984970093,NaN,NaN,NaN,0,NaN,NaN,NaN,NaN,0
20260731_t1356_srsSmooth_Moretraining,srs_smooth_Moretraining,trial0548.mat,548,548,365,6,44,36,68,28,40,8,2,0,3,1,21,14931,1,2,2,1,2,1,2,1,2,1,SINGLE_T2_CORRECT,11,455,1,0,0,0,0,0,56,169,169,56,-113,169,1,180,190,0,10,180,-170,170,NaN,NaN,NaN,1785522334.64898,14156.75169852,2.21388363838196,0.0180907249450684,0.277313232421875,0.877315521240234,1.23480463027954,1.48556280136108,1.52689576148987,1.52689576148987,-1,-1,1.74563813209534,259.222507476807,250.758171081543,41.3329601287842,292.091131210327,Instruction,Left,Right,Right,Right,Right,1,0,0,0,0,NaN,NaN,NaN,NaN,NaN,NaN,NaN,NaN,0,1,1,0,0,0,366,NaN,20260731_t1356_srsSmooth_Moretraining_B006,37,NaN,28.1151336153348,1.26856637001038,NaN,NaN,NaN,0,NaN,NaN,NaN,NaN,0
20260731_t1356_srsSmooth_Moretraining,srs_smooth_Moretraining,trial0549.mat,549,549,366,6,45,37,68,28,40,8,2,0,2,1,15,8444,1,1,2,1,2,1,1,2,1,2,SINGLE_T1_CORRECT,10,455,1,0,0,0,0,0,30,194,194,30,-164,30,1,180,0,190,180,10,170,170,NaN,NaN,NaN,1785522338.13647,14160.23907768,1.76818871498108,0.0140645503997803,0.0152876377105713,0.556514501571655,0.905765533447266,1.12305402755737,1.16499280929565,1.16499280929565,-1,-1,1.44157290458679,1.22308731079102,217.288494110107,41.9387817382812,259.227275848389,Instruction,Left,Right,Left,Right,Left,1,0,0,0,0,NaN,NaN,NaN,NaN,NaN,NaN,NaN,NaN,0,1,0,0,1,0,367,NaN,20260731_t1356_srsSmooth_Moretraining_B006,38,NaN,28.1732585350672,1.27361154556274,NaN,NaN,NaN,0,NaN,NaN,NaN,NaN,0
20260731_t1356_srsSmooth_Moretraining,srs_smooth_Moretraining,trial0550.mat,550,550,367,6,46,38,68,28,40,8,2,0,3,1,24,32258,1,2,2,1,2,1,2,1,0,0,,0,11,0,1,0,0,0,0,65,191,191,65,-126,NaN,1,180,190,0,10,180,-170,170,NaN,NaN,NaN,1785522341.19637,14163.29906476,0.323491334915161,0.012624979019165,0.271770715713501,-1,-1,-1,-1,-1,-1,-1,-1,259.145736694336,NaN,NaN,NaN,Instruction,Left,Right,None,Right,Right,1,0,0,0,0,NaN,NaN,NaN,NaN,NaN,NaN,NaN,NaN,0,1,1,0,0,0,367,NaN,20260731_t1356_srsSmooth_Moretraining_B006,NaN,NaN,28.224256726106,1.29170274734497,NaN,NaN,NaN,0,NaN,NaN,NaN,NaN,0
20260731_t1356_srsSmooth_Moretraining,srs_smooth_Moretraining,trial0551.mat,551,551,367,6,47,38,68,28,40,8,2,0,3,1,24,32258,1,2,2,1,2,1,2,1,2,1,SINGLE_T2_CORRECT,11,455,1,0,0,0,0,0,70,158,158,70,-88,158,1,0,10,180,10,180,-170,170,NaN,NaN,NaN,1785522342.71145,14164.81391084,2.24284601211548,0.0142636299133301,0.214746236801147,0.781678438186646,1.13097453117371,1.45659995079041,1.49000978469849,1.49000978469849,-1,-1,1.78322291374207,200.482606887817,325.625419616699,33.4098339080811,359.03525352478,Instruction,Left,Right,Right,Right,Right,1,0,0,0,0,NaN,NaN,NaN,NaN,NaN,NaN,NaN,NaN,0,1,1,0,0,0,368,NaN,20260731_t1356_srsSmooth_Moretraining_B006,39,NaN,28.2495081663132,1.19159507751465,NaN,NaN,NaN,0,NaN,NaN,NaN,NaN,0
20260731_t1356_srsSmooth_Moretraining,srs_smooth_Moretraining,trial0552.mat,552,552,368,6,48,39,68,28,40,8,2,0,1,1,6,5186,1,1,1,2,2,2,1,1,1,1,SINGLE_T1_CORRECT,10,455,1,0,0,0,0,0,60,162,162,60,-102,60,1,180,0,190,180,10,170,170,NaN,NaN,NaN,1785522346.24151,14168.34411592,2.41306185722351,0.01767897605896,0.251640319824219,1.05173325538635,1.40939974784851,1.70994925498962,1.74321484565735,1.74321484565735,-1,-1,2.05321502685547,233.961343765259,300.549507141113,33.2655906677246,333.815097808838,Instruction,Right,Left,Right,Left,Right,1,0,0,0,0,NaN,NaN,NaN,NaN,NaN,NaN,NaN,NaN,1,0,1,0,1,0,369,NaN,20260731_t1356_srsSmooth_Moretraining_B006,40,NaN,28.3083424250285,1.28720951080322,NaN,NaN,NaN,0,NaN,NaN,NaN,NaN,0
20260731_t1356_srsSmooth_Moretraining,srs_smooth_Moretraining,trial0553.mat,553,553,369,6,49,40,68,28,40,8,2,1,5,2,42,5743,2,0,1,2,2,2,2,2,1,1,CHOSE_LOW_SAL,2,455,1,0,0,0,0,0,29,171,171,29,-142,29,1,180,265.140315730831,284.859684269169,85.1403157308308,104.859684269169,-19.7193685383384,19.7193685383384,NaN,NaN,NaN,1785522349.99326,14172.09564028,2.09483885765076,0.0160744190216064,0.199860095977783,0.791657209396362,1.19945335388184,1.43325448036194,1.47498989105225,1.47498989105225,-1,-1,1.76806330680847,183.785676956177,233.801126480103,41.7354106903076,275.53653717041,Congruent,Right,Left,Right,Left,Left,0,1,1,0,1,1,1,0,0,0,0,1,1,1,0,0,0,0,1,370,130,20260731_t1356_srsSmooth_Moretraining_B006,41,1,28.3708716034889,1.33868885040283,2,1,48,0,1,0,0,1,1
20260731_t1356_srsSmooth_Moretraining,srs_smooth_Moretraining,trial0554.mat,554,554,370,6,50,41,68,28,40,8,2,1,5,2,46,4717,2,0,1,2,2,2,2,2,1,1,CHOSE_LOW_SAL,2,455,1,0,0,0,0,0,34,158,158,34,-124,34,1,180,193.290235286709,356.709764713291,13.2902352867086,176.709764713291,-163.419529426583,163.419529426583,NaN,NaN,NaN,1785522353.39129,14175.49367112,1.91426920890808,0.0181708335876465,0.23569917678833,0.769051313400269,1.17654991149902,1.26061487197876,1.293940782547,1.293940782547,-1,-1,1.57902097702026,217.528343200684,84.0649604797363,33.3259105682373,117.390871047974,Congruent,Right,Left,Right,Left,Left,0,1,1,0,1,1,1,0,0,0,0,1,1,1,0,0,0,0,1,371,131,20260731_t1356_srsSmooth_Moretraining_B006,42,2,28.4275055289269,1.30319666862488,1,1,29,1,0,0,1,1,1
20260731_t1356_srsSmooth_Moretraining,srs_smooth_Moretraining,trial0555.mat,555,555,371,6,51,42,68,28,40,8,2,1,5,2,41,16635,2,0,1,2,2,2,2,2,1,1,CHOSE_LOW_SAL,2,455,1,0,0,0,0,0,61,156,156,61,-95,61,1,180,243.556347734021,306.443652265979,63.5563477340213,126.443652265979,-62.8873045319574,62.8873045319574,NaN,NaN,NaN,1785522356.58475,14178.6871584,2.12909173965454,0.0165066719055176,0.19206166267395,0.767070531845093,1.13321757316589,1.43383002281189,1.47540187835693,1.47540187835693,-1,-1,1.76894736289978,175.554990768433,300.612449645996,41.5718555450439,342.18430519104,Congruent,Right,Left,Right,Left,Left,0,1,1,0,1,1,1,0,0,0,0,1,1,1,0,0,0,0,1,372,132,20260731_t1356_srsSmooth_Moretraining_B006,43,3,28.4807297825813,1.27918601036072,1,1,34,1,0,0,1,1,1
20260731_t1356_srsSmooth_Moretraining,srs_smooth_Moretraining,trial0556.mat,556,556,372,6,52,43,68,28,40,8,2,2,8,2,67,15465,2,0,2,1,2,1,1,2,1,2,CHOSE_HIGH_SAL,1,455,1,0,0,0,0,0,47,152,152,47,-105,47,1,180,351.482846286745,198.517153713255,171.482846286745,18.517153713255,152.96569257349,152.96569257349,NaN,NaN,NaN,1785522359.98686,14182.08912624,2.07730007171631,0.0145292282104492,0.23201584815979,0.815389156341553,1.18124103546143,1.39839339256287,1.44005584716797,1.44005584716797,-1,-1,1.72581553459167,217.486619949341,217.15235710144,41.6624546051025,258.814811706543,Conflict,Left,Right,Left,Right,Left,0,1,0,1,1,0,1,0,1,1,0,1,0,0,1,0,0,1,1,373,133,20260731_t1356_srsSmooth_Moretraining_B006,44,4,28.5374316215515,1.27301859855652,1,1,61,1,0,1,1,0,1
20260731_t1356_srsSmooth_Moretraining,srs_smooth_Moretraining,trial0557.mat,557,557,373,6,53,44,68,28,40,8,2,1,5,2,45,9548,2,0,1,2,2,2,2,2,1,1,CHOSE_LOW_SAL,2,455,1,0,0,0,0,0,43,163,163,43,-120,43,1,180,259.640851499009,290.359148500991,79.6408514990087,110.359148500991,-30.7182970019826,30.7182970019826,NaN,NaN,NaN,1785522363.34399,14185.44610272,2.13634824752808,0.0158615112304688,0.266357660293579,0.908017635345459,1.24924254417419,1.51635694503784,1.54968333244324,1.54968333244324,-1,-1,1.79324960708618,250.49614906311,267.114400863647,33.3263874053955,300.440788269043,Congruent,Right,Left,Right,Left,Left,0,1,1,0,1,1,1,0,0,0,0,1,1,1,0,0,0,0,1,374,134,20260731_t1356_srsSmooth_Moretraining_B006,45,5,28.593383816878,1.27983164787292,1,2,47,1,0,1,1,0,1
20260731_t1356_srsSmooth_Moretraining,srs_smooth_Moretraining,trial0558.mat,558,558,374,6,54,45,68,28,40,8,2,1,6,2,48,30294,2,0,2,1,2,1,2,1,2,1,CHOSE_HIGH_SAL,1,455,1,0,0,0,0,0,38,155,155,38,-117,155,1,0,28.8247227087511,161.175277291249,28.8247227087511,161.175277291249,-132.350554582498,132.350554582498,NaN,NaN,NaN,1785522366.7612,14188.86328524,2.28699326515198,0.0154552459716797,0.257674932479858,0.832830905914307,1.24050331115723,1.51606607437134,1.54937672615051,1.54937672615051,-1,-1,1.82729721069336,242.219686508179,275.562763214111,33.3106517791748,308.873414993286,Congruent,Left,Right,Right,Right,Right,0,1,1,0,1,1,0,1,1,0,1,0,0,0,1,1,0,0,1,375,135,20260731_t1356_srsSmooth_Moretraining_B006,46,6,28.6503372550011,1.28085803985596,1,1,43,1,1,0,0,1,1
20260731_t1356_srsSmooth_Moretraining,srs_smooth_Moretraining,trial0559.mat,559,559,375,6,55,46,68,28,40,8,2,1,5,2,47,29927,2,0,1,2,2,2,2,2,1,1,CHOSE_LOW_SAL,2,455,1,0,0,0,0,0,61,144,144,61,-83,61,1,0,10.6520953693978,179.347904630602,10.6520953693978,179.347904630602,-168.695809261204,168.695809261204,NaN,NaN,NaN,1785522370.31289,14192.41484984,2.31764268875122,0.0139055252075195,0.27262282371521,0.998106479644775,1.4306275844574,1.68152284622192,1.72287368774414,1.72287368774414,-1,-1,1.95773816108704,258.71729850769,250.895261764526,41.3508415222168,292.246103286743,Congruent,Right,Left,Right,Left,Left,0,1,1,0,1,1,1,0,0,0,0,1,1,1,0,0,0,0,1,376,136,20260731_t1356_srsSmooth_Moretraining_B006,47,7,28.7095320502917,1.26469445228577,2,1,155,1,1,0,0,1,1
20260731_t1356_srsSmooth_Moretraining,srs_smooth_Moretraining,trial0560.mat,560,560,376,6,56,47,68,28,40,8,2,1,6,2,53,16682,2,0,2,1,2,1,2,1,2,1,CHOSE_HIGH_SAL,1,455,1,0,0,0,0,0,72,159,159,72,-87,159,1,0,20.6452367951446,169.354763204855,20.6452367951446,169.354763204855,-148.709526409711,148.709526409711,NaN,NaN,NaN,1785522373.93554,14196.03746056,2.41214799880981,0.016387939453125,0.208462715148926,0.975066184997559,1.39144158363342,1.66676425933838,1.70879483222961,1.70879483222961,-1,-1,1.95180487632751,192.074775695801,275.322675704956,42.0305728912354,317.353248596191,Congruent,Left,Right,Right,Right,Right,0,1,1,0,1,1,0,1,1,0,1,0,0,0,1,1,0,0,1,377,137,20260731_t1356_srsSmooth_Moretraining_B006,48,8,28.7699097116788,1.30501699447632,1,1,61,1,1,0,0,1,1
20260731_t1356_srsSmooth_Moretraining,srs_smooth_Moretraining,trial0561.mat,561,561,377,6,57,48,68,28,40,8,2,2,8,2,65,26442,2,0,2,1,2,1,1,2,2,1,CHOSE_LOW_SAL,2,455,1,0,0,0,0,0,44,158,158,44,-114,158,1,180,359.082501692487,190.917498307513,179.082501692487,10.917498307513,168.165003384974,168.165003384974,NaN,NaN,NaN,1785522377.6447,14199.74658544,2.41177892684937,0.015711784362793,0.224707841873169,0.999622106552124,1.36576461791992,1.6495885848999,1.68315124511719,1.68315124511719,-1,-1,1.95221590995789,208.996057510376,283.82396697998,33.5626602172852,317.386627197266,Conflict,Left,Right,Right,Right,Left,0,1,0,1,1,1,0,1,0,0,1,0,1,0,1,0,0,1,1,378,138,20260731_t1356_srsSmooth_Moretraining_B006,49,9,28.8317289471626,1.29700613021851,2,1,159,1,0,0,1,1,1
20260731_t1356_srsSmooth_Moretraining,srs_smooth_Moretraining,trial0562.mat,562,562,378,6,58,49,68,28,40,8,2,2,7,2,60,26014,2,0,1,2,2,2,1,1,1,1,CHOSE_HIGH_SAL,1,455,1,0,0,0,0,0,84,176,176,84,-92,84,1,0,123.274606850455,66.7253931495445,123.274606850455,66.7253931495445,56.549213700911,56.549213700911,NaN,NaN,NaN,1785522381.34333,14203.44505608,2.12145972251892,0.0172243118286133,0.2347412109375,0.751356601715088,1.15060114860535,1.41805529594421,1.45930862426758,1.45930862426758,-1,-1,1.73664784431458,217.516899108887,267.454147338867,41.2533283233643,308.707475662231,Conflict,Right,Left,Right,Left,Right,0,1,0,1,1,1,1,0,1,0,0,1,0,1,0,1,0,1,1,379,139,20260731_t1356_srsSmooth_Moretraining_B006,50,10,28.8933728218079,1.28685355186462,2,1,158,1,1,0,0,1,1
20260731_t1356_srsSmooth_Moretraining,srs_smooth_Moretraining,trial0563.mat,563,563,379,6,59,50,68,28,40,8,2,2,7,2,58,18553,2,0,1,2,2,2,1,1,1,1,CHOSE_HIGH_SAL,1,455,1,0,0,0,0,0,58,164,164,58,-106,58,1,180,351.235007560856,198.764992439144,171.235007560856,18.7649924391438,152.470015121713,152.470015121713,NaN,NaN,NaN,1785522384.73494,14206.83657444,2.17229890823364,0.017418384552002,0.301226854324341,0.951254606246948,1.32580232620239,1.55127835273743,1.59300184249878,1.59300184249878,-1,-1,1.8119204044342,283.808469772339,225.476026535034,41.7234897613525,267.199516296387,Conflict,Right,Left,Right,Left,Right,0,1,0,1,1,1,1,0,1,0,0,1,0,1,0,1,0,1,1,380,140,20260731_t1356_srsSmooth_Moretraining_B006,51,11,28.9498995701472,1.27014517784119,1,1,84,1,0,0,1,1,1
20260731_t1356_srsSmooth_Moretraining,srs_smooth_Moretraining,trial0564.mat,564,564,380,6,60,51,68,28,40,8,2,2,8,2,63,9710,2,0,2,1,2,1,1,2,2,1,CHOSE_LOW_SAL,2,455,1,0,0,0,0,0,72,153,153,72,-81,153,1,180,315.965681069254,234.034318930746,135.965681069254,54.0343189307461,81.9313621385078,81.9313621385078,NaN,NaN,NaN,1785522388.19193,14210.29366756,2.28964591026306,0.0188915729522705,0.236444234848022,0.911083221435547,1.293940782547,1.55322432518005,1.586177110672,1.586177110672,-1,-1,1.83881998062134,217.552661895752,259.283542633057,32.9527854919434,292.236328125,Conflict,Left,Right,Right,Right,Left,0,1,0,1,1,1,0,1,0,0,1,0,1,0,1,0,0,1,1,381,141,20260731_t1356_srsSmooth_Moretraining_B006,52,12,29.0075161616007,1.28469657897949,1,1,58,1,1,0,0,1,1
20260731_t1356_srsSmooth_Moretraining,srs_smooth_Moretraining,trial0565.mat,565,565,381,6,61,52,68,28,40,8,2,1,5,2,43,13159,2,0,1,2,2,2,2,2,1,1,CHOSE_LOW_SAL,2,455,1,0,0,0,0,0,54,146,146,54,-92,54,1,180,214.893467635852,335.106532364148,34.8934676358525,155.106532364148,-120.213064728295,120.213064728295,NaN,NaN,NaN,1785522391.74604,14213.84756948,2.27707934379578,0.014923095703125,0.257299661636353,0.999091148376465,1.42331123352051,1.65724420547485,1.69889163970947,1.69889163970947,-1,-1,1.92585158348083,242.376565933228,233.932971954346,41.6474342346191,275.580406188965,Congruent,Right,Left,Right,Left,Left,0,1,1,0,1,1,1,0,0,0,0,1,1,1,0,0,0,0,1,382,142,20260731_t1356_srsSmooth_Moretraining_B006,53,13,29.0667512893677,1.26446175575256,2,1,153,1,1,0,0,1,1
20260731_t1356_srsSmooth_Moretraining,srs_smooth_Moretraining,trial0566.mat,566,566,382,6,62,53,68,28,40,8,2,2,8,2,68,7274,2,0,2,1,2,1,1,2,2,1,CHOSE_LOW_SAL,2,455,1,0,0,0,0,0,52,158,158,52,-106,158,1,0,132.773982594844,57.2260174051563,132.773982594844,57.2260174051563,75.5479651896874,75.5479651896874,NaN,NaN,NaN,1785522395.3061,14217.40765864,2.42599081993103,0.0133371353149414,0.280575037002563,1.03885054588318,1.43839311599731,1.68892478942871,1.72215843200684,1.72215843200684,-1,-1,1.96553206443787,267.237901687622,250.531673431396,33.233642578125,283.765316009521,Conflict,Left,Right,Right,Right,Left,0,1,0,1,1,1,0,1,0,0,1,0,1,0,1,0,0,1,1,383,143,20260731_t1356_srsSmooth_Moretraining_B006,54,14,29.1260855913162,1.28297877311707,1,1,54,1,1,0,0,1,1
20260731_t1356_srsSmooth_Moretraining,srs_smooth_Moretraining,trial0567.mat,567,567,383,6,63,54,68,28,40,8,2,2,8,2,64,1389,2,0,2,1,2,1,1,2,2,1,CHOSE_LOW_SAL,2,455,1,0,0,0,0,0,70,136,136,70,-66,136,1,180,327.6944063746,222.3055936254,147.6944063746,42.3055936253997,105.388812749201,105.388812749201,NaN,NaN,NaN,1785522399.01905,14221.12053872,2.32143115997314,0.0171928405761719,0.267623662948608,0.92634129524231,1.27557492256165,1.54292988777161,1.58451509475708,1.58451509475708,-1,-1,1.8868670463562,250.430822372437,267.354965209961,41.5852069854736,308.940172195435,Conflict,Left,Right,Right,Right,Left,0,1,0,1,1,1,0,1,0,0,1,0,1,0,1,0,0,1,1,384,144,20260731_t1356_srsSmooth_Moretraining_B006,55,15,29.1879682103793,1.28696632385254,2,1,158,1,0,0,1,1,1
20260731_t1356_srsSmooth_Moretraining,srs_smooth_Moretraining,trial0568.mat,568,568,384,6,64,55,68,28,40,8,2,1,6,2,51,12589,2,0,2,1,2,1,2,1,2,1,CHOSE_HIGH_SAL,1,455,1,0,0,0,0,0,55,161,161,55,-106,161,1,180,197.551452134477,352.448547865523,17.5514521344774,172.448547865523,-154.897095731045,154.897095731045,NaN,NaN,NaN,1785522402.6336,14224.73495564,2.40714836120605,0.011120080947876,0.228271961212158,0.97002649307251,1.36117315292358,1.62001490592957,1.65348982810974,1.65348982810974,-1,-1,1.94688844680786,217.151880264282,258.841753005981,33.4749221801758,292.316675186157,Congruent,Left,Right,Right,Right,Right,0,1,1,0,1,1,0,1,1,0,1,0,0,0,1,1,0,0,1,385,145,20260731_t1356_srsSmooth_Moretraining_B006,56,16,29.2482106566429,1.29311561584473,2,1,136,1,0,0,1,1,1
20260731_t1356_srsSmooth_Moretraining,srs_smooth_Moretraining,trial0570.mat,570,570,385,6,66,56,68,28,40,8,2,2,7,2,59,27343,2,0,1,2,2,2,1,1,1,1,CHOSE_HIGH_SAL,1,455,1,0,0,0,0,0,78,180,180,78,-102,78,1,0,162.861458022388,27.1385419776123,162.861458022388,27.1385419776123,135.722916044775,135.722916044775,NaN,NaN,NaN,1785522407.82532,14229.92658144,2.18238735198975,0.0112740993499756,0.253344774246216,0.795156002044678,1.22798800468445,1.47019243240356,1.50336766242981,1.50336766242981,-1,-1,1.80498957633972,242.07067489624,242.204427719116,33.1752300262451,275.379657745361,Conflict,Right,Left,Right,Left,Right,0,1,0,1,1,1,1,0,1,0,0,1,0,1,0,1,0,1,1,386,146,20260731_t1356_srsSmooth_Moretraining_B006,57,17,29.3347392717997,2.78456854820251,2,1,161,1,1,0,0,1,1
20260731_t1356_srsSmooth_Moretraining,srs_smooth_Moretraining,trial0572.mat,572,572,386,6,68,57,68,28,40,8,2,2,7,2,61,824,2,0,1,2,2,2,1,1,1,1,CHOSE_HIGH_SAL,1,455,1,0,0,0,0,0,83,167,167,83,-84,83,1,180,324.876702073909,225.123297926091,144.876702073909,45.1232979260913,99.7534041478175,99.7534041478175,NaN,NaN,NaN,1785522412.79155,14234.89280016,2.33257627487183,0.0119006633758545,0.270829916000366,1.05399632453918,1.42028975486755,1.67910623550415,1.71246385574341,1.71246385574341,-1,-1,1.94825959205627,258.929252624512,258.816480636597,33.3576202392578,292.174100875854,Conflict,Right,Left,Right,Left,Right,0,1,0,1,1,1,1,0,1,0,0,1,0,1,0,1,0,1,1,387,147,20260731_t1356_srsSmooth_Moretraining_B006,58,18,29.4175098458926,2.78384709358215,1,1,78,1,0,0,1,1,1
20260731_t1356_srsSmooth_Moretraining,srs_smooth_Moretraining,trial0573.mat,573,573,387,6,69,58,68,28,40,8,2,2,7,2,57,23189,2,0,1,2,2,2,1,1,1,1,CHOSE_HIGH_SAL,1,455,1,0,0,0,0,0,28,188,188,28,-160,28,1,180,357.050441350187,192.949558649813,177.050441350187,12.9495586498131,164.100882700374,164.100882700374,NaN,NaN,NaN,1785522416.37788,14238.47904616,1.91299390792847,0.0173861980438232,0.19292426109314,0.701452255249023,1.07576131820679,1.32653975486755,1.35951662063599,1.35951662063599,-1,-1,1.58619523048401,175.538063049316,250.778436660767,32.9768657684326,283.755302429199,Conflict,Right,Left,Right,Left,Right,0,1,0,1,1,1,1,0,1,0,0,1,0,1,0,1,0,1,1,388,148,20260731_t1356_srsSmooth_Moretraining_B006,59,19,29.477281888326,1.25374627113342,1,1,83,1,0,0,1,1,1
20260731_t1356_srsSmooth_Moretraining,srs_smooth_Moretraining,trial0574.mat,574,574,388,6,70,59,68,28,40,8,2,2,8,2,66,22235,2,0,2,1,2,1,1,2,2,1,CHOSE_LOW_SAL,2,455,1,0,0,0,0,0,67,130,130,67,-63,130,1,0,160.697710763271,29.3022892367288,160.697710763271,29.3022892367288,131.395421526542,131.395421526542,NaN,NaN,NaN,1785522419.58123,14241.68223156,2.23462557792664,0.0141534805297852,0.264556407928467,0.873184680938721,1.2642023563385,1.52314472198486,1.56463432312012,1.56463432312012,-1,-1,1.80806636810303,250.402927398682,258.942365646362,41.4896011352539,300.431966781616,Conflict,Left,Right,Right,Right,Left,0,1,0,1,1,1,0,1,0,0,1,0,1,0,1,0,0,1,1,389,149,20260731_t1356_srsSmooth_Moretraining_B006,60,20,29.5306712031364,1.29036498069763,1,1,28,1,1,0,0,1,1
20260731_t1356_srsSmooth_Moretraining,srs_smooth_Moretraining,trial0575.mat,575,575,389,6,71,60,68,28,40,8,2,1,6,2,49,5790,2,0,2,1,2,1,2,1,2,1,CHOSE_HIGH_SAL,1,455,1,0,0,0,0,0,59,180,180,59,-121,180,1,0,55.8396353568582,134.160364643142,55.8396353568582,134.160364643142,-78.3207292862837,78.3207292862837,NaN,NaN,NaN,1785522423.08555,14245.186524,2.37233924865723,0.018310546875,0.227343320846558,0.885513067245483,1.23502445220947,1.58559799194336,1.62726378440857,1.62726378440857,-1,-1,1.88807892799377,209.032773971558,350.573539733887,41.66579246521,392.239332199097,Congruent,Left,Right,Right,Right,Right,0,1,1,0,1,1,0,1,1,0,1,0,0,0,1,1,0,0,1,390,150,20260731_t1356_srsSmooth_Moretraining_B006,61,21,29.5890764315923,1.26968812942505,2,1,130,1,0,0,1,1,1
20260731_t1356_srsSmooth_Moretraining,srs_smooth_Moretraining,trial0576.mat,576,576,390,6,72,61,68,28,40,8,2,1,5,2,44,30677,2,0,1,2,2,2,2,2,0,0,,0,11,0,1,0,0,0,0,42,151,151,42,-109,NaN,1,0,78.1164207065747,111.883579293425,78.1164207065747,111.883579293425,-33.7671585868507,33.7671585868507,NaN,NaN,NaN,1785522426.74033,14248.84122596,0.315860748291016,0.0136706829071045,0.264338254928589,-1,-1,-1,-1,-1,-1,-1,-1,250.667572021484,NaN,NaN,NaN,Congruent,Right,Left,None,Left,Left,0,1,1,0,0,NaN,NaN,NaN,NaN,NaN,NaN,NaN,NaN,1,0,0,0,0,0,390,NaN,20260731_t1356_srsSmooth_Moretraining_B006,NaN,NaN,29.649989481767,1.28244376182556,NaN,NaN,NaN,0,NaN,NaN,NaN,NaN,0
20260731_t1356_srsSmooth_Moretraining,srs_smooth_Moretraining,trial0577.mat,577,577,390,6,73,61,68,28,40,8,2,2,7,2,55,21614,2,0,1,2,2,2,1,1,1,1,CHOSE_HIGH_SAL,1,455,1,0,0,0,0,0,61,159,159,61,-98,61,1,0,146.594388640767,43.4056113592327,146.594388640767,43.4056113592327,103.188777281535,103.188777281535,NaN,NaN,NaN,1785522428.24126,14250.34207344,2.00851202011108,0.0128035545349121,0.0138275623321533,0.596909046173096,1.02951073646545,1.3469865322113,1.38813614845276,1.38813614845276,-1,-1,1.64867258071899,1.02400779724121,317.47579574585,41.1496162414551,358.625411987305,Conflict,Right,Left,Right,Left,Right,0,1,0,1,1,1,1,0,1,0,0,1,0,1,0,1,0,1,1,391,151,20260731_t1356_srsSmooth_Moretraining_B006,62,22,29.6750049153964,1.18506526947021,2,1,180,1,1,0,0,1,1
20260731_t1356_srsSmooth_Moretraining,srs_smooth_Moretraining,trial0578.mat,578,578,391,6,74,62,68,28,40,8,2,1,5,2,44,30677,2,0,1,2,2,2,2,2,1,1,CHOSE_LOW_SAL,2,455,1,0,0,0,0,0,75,179,179,75,-104,75,1,0,39.192495062894,150.807504937106,39.192495062894,150.807504937106,-111.615009874212,111.615009874212,NaN,NaN,NaN,1785522431.53572,14253.63649836,2.21501684188843,0.0184755325317383,0.210964441299438,0.827397346496582,1.21018958091736,1.50241589546204,1.53575968742371,1.53575968742371,-1,-1,1.83840847015381,192.4889087677,292.226314544678,33.3437919616699,325.570106506348,Congruent,Right,Left,Right,Left,Left,0,1,1,0,1,1,1,0,0,0,0,1,1,1,0,0,0,0,1,392,152,20260731_t1356_srsSmooth_Moretraining_B006,63,23,29.7299125512441,1.28594613075256,1,1,61,1,0,0,1,1,1
20260731_t1356_srsSmooth_Moretraining,srs_smooth_Moretraining,trial0579.mat,579,579,392,6,75,63,68,28,40,8,2,1,6,2,52,24937,2,0,2,1,2,1,2,1,2,1,CHOSE_HIGH_SAL,1,455,1,0,0,0,0,0,66,159,159,66,-93,159,1,180,259.66166845862,290.33833154138,79.6616684586195,110.33833154138,-30.6766630827609,30.6766630827609,NaN,NaN,NaN,1785522435.02254,14257.12335932,2.50278449058533,0.0151231288909912,0.265874624252319,1.04084849357605,1.45684623718262,1.72437381744385,1.75785970687866,1.75785970687866,-1,-1,2.04330635070801,250.751495361328,267.52758026123,33.4858894348145,301.013469696045,Congruent,Left,Right,Right,Right,Right,0,1,1,0,1,1,0,1,1,0,1,0,0,0,1,1,0,0,1,393,153,20260731_t1356_srsSmooth_Moretraining_B006,64,24,29.7880262732506,1.27180647850037,1,1,75,1,1,0,0,1,1
20260731_t1356_srsSmooth_Moretraining,srs_smooth_Moretraining,trial0580.mat,580,580,393,6,76,64,68,28,40,8,2,1,6,2,50,1243,2,0,2,1,2,1,2,1,2,1,CHOSE_HIGH_SAL,1,455,1,0,4,0,0,0,54,152,152,54,-98,152,1,0,54.8673131554233,135.132686844577,54.8673131554233,135.132686844577,-80.2653736891534,80.2653736891534,NaN,NaN,NaN,1785522438.80279,14260.90344036,2.38076567649841,0.0183506011962891,0.252487897872925,0.922431230545044,1.326735496521,1.62751626968384,1.66085076332092,1.66085076332092,-1,-1,1.9290246963501,234.137296676636,300.780773162842,33.334493637085,334.115266799927,Congruent,Left,Right,Right,Right,Right,0,1,1,0,1,1,0,1,1,0,1,0,0,0,1,1,0,0,1,394,154,20260731_t1356_srsSmooth_Moretraining_B006,65,25,29.8510305166245,1.27747011184692,2,1,159,1,0,0,1,1,1
20260731_t1356_srsSmooth_Moretraining,srs_smooth_Moretraining,trial0581.mat,581,581,394,6,77,65,68,28,40,8,2,2,7,2,56,5131,2,0,1,2,2,2,1,1,1,1,CHOSE_HIGH_SAL,1,455,1,0,0,0,0,0,64,157,157,64,-93,64,1,0,171.247632833264,18.7523671667358,171.247632833264,18.7523671667358,152.495265666528,152.495265666528,NaN,NaN,NaN,1785522442.45281,14264.55342064,2.21430540084839,0.0184736251831055,0.177654027938843,0.877576112747192,1.28518986701965,1.52768707275391,1.56084012985229,1.56084012985229,-1,-1,1.8456437587738,159.180402755737,242.497205734253,33.1530570983887,275.650262832642,Conflict,Right,Left,Right,Left,Right,0,1,0,1,1,1,1,0,1,0,0,1,0,1,0,1,0,1,1,395,155,20260731_t1356_srsSmooth_Moretraining_B006,66,26,29.9118641932805,1.26925492286682,2,1,152,1,1,0,0,1,1
20260731_t1356_srsSmooth_Moretraining,srs_smooth_Moretraining,trial0583.mat,583,583,395,6,79,66,68,28,40,8,2,1,6,2,54,16338,2,0,2,1,2,1,2,1,2,1,CHOSE_HIGH_SAL,1,455,1,0,0,0,0,0,58,147,147,58,-89,147,1,0,32.9708269461181,157.029173053882,32.9708269461181,157.029173053882,-124.058346107764,124.058346107764,NaN,NaN,NaN,1785522447.43883,14269.53934616,2.22813081741333,0.0159828662872314,0.249760150909424,0.808132171630859,1.20769691467285,1.48319625854492,1.51653552055359,1.51653552055359,-1,-1,1.77655458450317,233.777284622192,275.49934387207,33.339262008667,308.838605880737,Congruent,Left,Right,Right,Right,Right,0,1,1,0,1,1,0,1,1,0,1,0,0,0,1,1,0,0,1,396,156,20260731_t1356_srsSmooth_Moretraining_B006,67,27,29.9949645280838,2.77171468734741,1,1,64,1,1,0,0,1,1
20260731_t1356_srsSmooth_Moretraining,srs_smooth_Moretraining,trial0584.mat,584,584,396,6,80,67,68,28,40,8,2,2,8,2,62,14662,2,0,2,1,2,1,1,2,2,1,CHOSE_LOW_SAL,2,455,1,0,0,0,0,0,42,161,161,42,-119,161,1,0,130.529159929994,59.4708400700063,130.529159929994,59.4708400700063,71.0583198599873,71.0583198599873,NaN,NaN,NaN,1785522450.94991,14273.05034164,2.30114793777466,0.0133769512176514,0.24737548828125,0.905648946762085,1.28842687606812,1.51413369178772,1.54718422889709,1.54718422889709,-1,-1,1.84097957611084,233.998537063599,225.706815719604,33.050537109375,258.757352828979,Conflict,Left,Right,Right,Right,Left,0,1,0,1,1,1,0,1,0,0,1,0,1,0,1,0,0,1,1,397,157,20260731_t1356_srsSmooth_Moretraining_B006,68,28,30.0534824927648,1.28294706344604,2,1,147,1,0,0,1,1,1
20260731_t1356_srsSmooth_Moretraining,srs_smooth_Moretraining,trial0585.mat,585,585,397,7,1,0,60,20,40,8,1,0,4,1,36,6883,1,2,1,2,1,1,2,2,0,0,,0,454,0,1,0,0,0,0,148,38,148,38,110,NaN,1,180,190,0,10,180,-170,170,NaN,NaN,NaN,1785522454.52356,14276.62397048,1.55209112167358,0.0148658752441406,0.215632677078247,0.774038076400757,1.18157887458801,1.4658350944519,-1,-1,-1,-1,-1,200.766801834106,284.256219863892,NaN,NaN,Instruction,Right,Left,None,Right,Left,1,0,0,0,0,NaN,NaN,NaN,NaN,NaN,NaN,NaN,NaN,1,1,0,1,0,0,397,NaN,20260731_t1356_srsSmooth_Moretraining_B007,NaN,NaN,30.1130433599154,1.27250409126282,NaN,NaN,NaN,0,NaN,NaN,NaN,NaN,0
20260731_t1356_srsSmooth_Moretraining,srs_smooth_Moretraining,trial0586.mat,586,586,397,7,2,0,60,20,40,8,1,0,2,1,11,16184,1,1,2,1,1,2,1,2,1,2,SINGLE_T1_CORRECT,10,455,1,0,0,0,0,0,139,51,139,51,88,139,1,0,180,10,180,10,170,170,NaN,NaN,NaN,1785522457.23095,14279.3311946,2.45352602005005,0.0159168243408203,0.241716384887695,1.0168194770813,1.41597270965576,1.70843815803528,1.74166798591614,1.74166798591614,-1,-1,2.01006174087524,225.799560546875,292.465448379517,33.2298278808594,325.695276260376,Instruction,Left,Right,Left,Left,Left,1,0,0,0,0,NaN,NaN,NaN,NaN,NaN,NaN,NaN,NaN,0,0,0,1,1,0,398,NaN,20260731_t1356_srsSmooth_Moretraining_B007,1,NaN,30.1581665118535,1.15529799461365,NaN,NaN,NaN,0,NaN,NaN,NaN,NaN,0
20260731_t1356_srsSmooth_Moretraining,srs_smooth_Moretraining,trial0587.mat,587,587,398,7,3,1,60,20,40,8,1,0,4,1,36,6883,1,2,1,2,1,1,2,2,2,2,SINGLE_T2_CORRECT,11,455,1,0,0,0,0,0,143,65,143,65,78,65,1,180,190,0,10,180,-170,170,NaN,NaN,NaN,1785522460.97268,14283.0729712,2.02821207046509,0.0160043239593506,0.20847749710083,0.75013542175293,1.13271427154541,1.34179210662842,1.38308453559875,1.38308453559875,-1,-1,1.66008758544922,192.473173141479,209.077835083008,41.2924289703369,250.370264053345,Instruction,Right,Left,Left,Right,Left,1,0,0,0,0,NaN,NaN,NaN,NaN,NaN,NaN,NaN,NaN,1,1,0,1,0,0,399,NaN,20260731_t1356_srsSmooth_Moretraining_B007,2,NaN,30.2205286383629,1.28820157051086,NaN,NaN,NaN,0,NaN,NaN,NaN,NaN,0
20260731_t1356_srsSmooth_Moretraining,srs_smooth_Moretraining,trial0588.mat,588,588,399,7,4,2,60,20,40,8,1,0,4,1,31,20429,1,2,1,2,1,1,2,2,2,2,SINGLE_T2_CORRECT,11,455,1,0,0,0,0,0,152,50,152,50,102,50,1,180,190,0,10,180,-170,170,NaN,NaN,NaN,1785522464.33915,14286.43939188,2.16189455986023,0.0163352489471436,0.191896200180054,0.833868980407715,1.19138240814209,1.54214692115784,1.57542753219604,1.57542753219604,-1,-1,1.81033396720886,175.56095123291,350.764513015747,33.280611038208,384.045124053955,Instruction,Right,Left,Left,Right,Left,1,0,0,0,0,NaN,NaN,NaN,NaN,NaN,NaN,NaN,NaN,1,1,0,1,0,0,400,NaN,20260731_t1356_srsSmooth_Moretraining_B007,3,NaN,30.276636437575,1.33825588226318,NaN,NaN,NaN,0,NaN,NaN,NaN,NaN,0
20260731_t1356_srsSmooth_Moretraining,srs_smooth_Moretraining,trial0589.mat,589,589,400,7,5,3,60,20,40,8,1,0,4,1,32,17453,1,2,1,2,1,1,2,2,2,2,SINGLE_T2_CORRECT,11,455,1,0,0,0,0,0,129,37,129,37,92,37,1,0,10,180,10,180,-170,170,NaN,NaN,NaN,1785522467.78767,14289.88784448,2.14672470092773,0.0179493427276611,0.243560552597046,0.851864814758301,1.21799635887146,1.46009826660156,1.50194478034973,1.50194478034973,-1,-1,1.81189966201782,225.611209869385,242.101907730103,41.8465137481689,283.948421478271,Instruction,Right,Left,Left,Right,Left,1,0,0,0,0,NaN,NaN,NaN,NaN,NaN,NaN,NaN,NaN,1,1,0,1,0,0,401,NaN,20260731_t1356_srsSmooth_Moretraining_B007,4,NaN,30.3341118216515,1.28662848472595,NaN,NaN,NaN,0,NaN,NaN,NaN,NaN,0
20260731_t1356_srsSmooth_Moretraining,srs_smooth_Moretraining,trial0590.mat,590,590,401,7,6,4,60,20,40,8,1,0,3,1,29,17574,1,2,2,1,1,2,2,1,2,1,SINGLE_T2_CORRECT,11,455,1,0,0,0,0,0,128,36,128,36,92,36,1,0,10,180,10,180,-170,170,NaN,NaN,NaN,1785522471.22766,14293.32775148,2.09019732475281,0.0114340782165527,0.187166929244995,0.703656911849976,1.16147923469543,1.42023396492004,1.46198058128357,1.46198058128357,-1,-1,1.75544857978821,175.732851028442,258.754730224609,41.7466163635254,300.501346588135,Instruction,Left,Right,Right,Left,Right,1,0,0,0,0,NaN,NaN,NaN,NaN,NaN,NaN,NaN,NaN,0,0,1,1,0,0,402,NaN,20260731_t1356_srsSmooth_Moretraining_B007,5,NaN,30.3914448897044,1.29325938224792,NaN,NaN,NaN,0,NaN,NaN,NaN,NaN,0
20260731_t1356_srsSmooth_Moretraining,srs_smooth_Moretraining,trial0591.mat,591,591,402,7,7,5,60,20,40,8,1,0,1,1,3,22975,1,1,1,2,1,1,1,1,1,1,SINGLE_T1_CORRECT,10,455,1,0,0,0,0,0,149,44,149,44,105,149,1,180,0,190,180,10,170,170,NaN,NaN,NaN,1785522474.66325,14296.76318756,2.18893718719482,0.0176408290863037,0.234743595123291,0.743607521057129,1.1760196685791,1.41868948936462,1.45145702362061,1.45145702362061,-1,-1,1.73780512809753,217.102766036987,242.669820785522,32.7675342559814,275.437355041504,Instruction,Right,Left,Right,Right,Right,1,0,0,0,0,NaN,NaN,NaN,NaN,NaN,NaN,NaN,NaN,1,1,1,1,1,0,403,NaN,20260731_t1356_srsSmooth_Moretraining_B007,6,NaN,30.4487048109372,1.34539794921875,NaN,NaN,NaN,0,NaN,NaN,NaN,NaN,0
20260731_t1356_srsSmooth_Moretraining,srs_smooth_Moretraining,trial0592.mat,592,592,403,7,8,6,60,20,40,8,1,0,1,1,9,30562,1,1,1,2,1,1,1,1,1,1,SINGLE_T1_CORRECT,10,455,1,0,0,0,0,0,151,40,151,40,111,151,1,0,180,10,180,10,170,170,NaN,NaN,NaN,1785522478.1591,14300.2590506,2.45173144340515,0.0135996341705322,0.305813550949097,1.0809223651886,1.43032264709473,1.68092918395996,1.71425461769104,1.71425461769104,-1,-1,1.99959468841553,292.213916778564,250.606536865234,33.3254337310791,283.931970596313,Instruction,Right,Left,Right,Right,Right,1,0,0,0,0,NaN,NaN,NaN,NaN,NaN,NaN,NaN,NaN,1,1,1,1,1,0,404,NaN,20260731_t1356_srsSmooth_Moretraining_B007,7,NaN,30.5069689154625,1.30690908432007,NaN,NaN,NaN,0,NaN,NaN,NaN,NaN,0
20260731_t1356_srsSmooth_Moretraining,srs_smooth_Moretraining,trial0593.mat,593,593,404,7,9,7,60,20,40,8,1,0,1,1,10,4844,1,1,1,2,1,1,1,1,1,1,SINGLE_T1_CORRECT,10,455,1,0,0,0,0,0,134,38,134,38,96,134,1,0,180,10,180,10,170,170,NaN,NaN,NaN,1785522481.91519,14304.0149618,2.07035398483276,0.0159883499145508,0.016772985458374,0.741702318191528,1.08269739151001,1.31686520576477,1.3501718044281,1.3501718044281,-1,-1,1.63479804992676,0.784635543823242,234.167814254761,33.3065986633301,267.474412918091,Instruction,Right,Left,Right,Right,Right,1,0,0,0,0,NaN,NaN,NaN,NaN,NaN,NaN,NaN,NaN,1,1,1,1,1,0,405,NaN,20260731_t1356_srsSmooth_Moretraining_B007,8,NaN,30.5695704698563,1.30436182022095,NaN,NaN,NaN,0,NaN,NaN,NaN,NaN,0
20260731_t1356_srsSmooth_Moretraining,srs_smooth_Moretraining,trial0594.mat,594,594,405,7,10,8,60,20,40,8,1,0,4,1,33,2231,1,2,1,2,1,1,2,2,2,2,SINGLE_T2_CORRECT,11,455,1,0,0,0,0,0,126,32,126,32,94,32,1,180,190,0,10,180,-170,170,NaN,NaN,NaN,1785522485.25933,14307.35914768,2.02596759796143,0.0136511325836182,0.205871343612671,0.755896806716919,1.18036317825317,1.42239236831665,1.46423363685608,1.46423363685608,-1,-1,1.69135975837708,192.220211029053,242.029190063477,41.8412685394287,283.870458602905,Instruction,Right,Left,Left,Right,Left,1,0,0,0,0,NaN,NaN,NaN,NaN,NaN,NaN,NaN,NaN,1,1,0,1,0,0,406,NaN,20260731_t1356_srsSmooth_Moretraining_B007,9,NaN,30.6253060738246,1.27378225326538,NaN,NaN,NaN,0,NaN,NaN,NaN,NaN,0
20260731_t1356_srsSmooth_Moretraining,srs_smooth_Moretraining,trial0595.mat,595,595,406,7,11,9,60,20,40,8,1,0,4,1,40,22729,1,2,1,2,1,1,2,2,2,2,SINGLE_T2_CORRECT,11,455,1,0,0,0,0,0,174,44,174,44,130,44,1,0,10,180,10,180,-170,170,NaN,NaN,NaN,1785522488.57014,14310.66990512,2.26502585411072,0.0113017559051514,0.253718614578247,0.953764915466309,1.31968545913696,1.57844543457031,1.62018132209778,1.62018132209778,-1,-1,1.92218375205994,242.416858673096,258.75997543335,41.7358875274658,300.495862960815,Instruction,Right,Left,Left,Right,Left,1,0,0,0,0,NaN,NaN,NaN,NaN,NaN,NaN,NaN,NaN,1,1,0,1,0,0,407,NaN,20260731_t1356_srsSmooth_Moretraining_B007,10,NaN,30.6804862976074,1.28484582901001,NaN,NaN,NaN,0,NaN,NaN,NaN,NaN,0
20260731_t1356_srsSmooth_Moretraining,srs_smooth_Moretraining,trial0596.mat,596,596,407,7,12,10,60,20,40,8,1,0,3,1,21,15073,1,2,2,1,1,2,2,1,2,1,SINGLE_T2_CORRECT,11,455,1,0,0,0,0,0,162,22,162,22,140,22,1,0,10,180,10,180,-170,170,NaN,NaN,NaN,1785522492.1345,14314.23403444,2.10130739212036,0.0137503147125244,0.264523267745972,0.847923994064331,1.21379733085632,1.50603199005127,1.53933668136597,1.53933668136597,-1,-1,1.77476119995117,250.772953033447,292.234659194946,33.3046913146973,325.539350509644,Instruction,Left,Right,Right,Left,Right,1,0,0,0,0,NaN,NaN,NaN,NaN,NaN,NaN,NaN,NaN,0,0,1,1,0,0,408,NaN,20260731_t1356_srsSmooth_Moretraining_B007,11,NaN,30.7398922721545,1.29933261871338,NaN,NaN,NaN,0,NaN,NaN,NaN,NaN,0
20260731_t1356_srsSmooth_Moretraining,srs_smooth_Moretraining,trial0597.mat,597,597,408,7,13,11,60,20,40,8,1,0,1,1,1,21330,1,1,1,2,1,1,1,1,1,1,SINGLE_T1_CORRECT,10,455,1,0,0,0,0,0,142,61,142,61,81,142,1,180,0,190,180,10,170,170,NaN,NaN,NaN,1785522495.51952,14317.61899748,2.13269829750061,0.0121932029724121,0.213026285171509,0.762646436691284,1.12057018280029,1.37940716743469,1.42100286483765,1.42100286483765,-1,-1,1.68954539299011,200.833082199097,258.836984634399,41.5956974029541,300.432682037354,Instruction,Right,Left,Right,Right,Right,1,0,0,0,0,NaN,NaN,NaN,NaN,NaN,NaN,NaN,NaN,1,1,1,1,1,0,409,NaN,20260731_t1356_srsSmooth_Moretraining_B007,12,NaN,30.7963093241056,1.28371572494507,NaN,NaN,NaN,0,NaN,NaN,NaN,NaN,0
20260731_t1356_srsSmooth_Moretraining,srs_smooth_Moretraining,trial0598.mat,598,598,409,7,14,12,60,20,40,8,1,0,3,1,22,12916,1,2,2,1,1,2,2,1,2,1,SINGLE_T2_CORRECT,11,455,1,0,0,0,0,0,166,41,166,41,125,41,1,180,190,0,10,180,-170,170,NaN,NaN,NaN,1785522498.96471,14321.06426024,2.27122282981873,0.0171444416046143,0.27606463432312,0.900890111923218,1.32552933692932,1.60098075866699,1.64267659187317,1.64267659187317,-1,-1,1.92772722244263,258.920192718506,275.451421737671,41.6958332061768,317.147254943848,Instruction,Left,Right,Right,Left,Right,1,0,0,0,0,NaN,NaN,NaN,NaN,NaN,NaN,NaN,NaN,0,0,1,1,0,0,410,NaN,20260731_t1356_srsSmooth_Moretraining_B007,13,NaN,30.8537290692329,1.31248641014099,NaN,NaN,NaN,0,NaN,NaN,NaN,NaN,0
20260731_t1356_srsSmooth_Moretraining,srs_smooth_Moretraining,trial0599.mat,599,599,410,7,15,13,60,20,40,8,1,0,4,1,34,943,1,2,1,2,1,1,2,2,2,2,SINGLE_T2_CORRECT,11,455,1,0,0,0,0,0,143,65,143,65,78,65,1,0,10,180,10,180,-170,170,NaN,NaN,NaN,1785522502.52404,14324.62335824,2.08697915077209,0.0162854194641113,0.225089311599731,0.741700172424316,1.11632871627808,1.39173865318298,1.42514109611511,1.42514109611511,-1,-1,1.71868801116943,208.80389213562,275.409936904907,33.4024429321289,308.812379837036,Instruction,Right,Left,Left,Right,Left,1,0,0,0,0,NaN,NaN,NaN,NaN,NaN,NaN,NaN,NaN,1,1,0,1,0,0,411,NaN,20260731_t1356_srsSmooth_Moretraining_B007,14,NaN,30.9130512634913,1.28810882568359,NaN,NaN,NaN,0,NaN,NaN,NaN,NaN,0
20260731_t1356_srsSmooth_Moretraining,srs_smooth_Moretraining,trial0600.mat,600,600,411,7,16,14,60,20,40,8,1,0,2,1,13,10217,1,1,2,1,1,2,1,2,1,2,SINGLE_T1_CORRECT,10,455,1,0,0,0,0,0,144,44,144,44,100,144,1,0,180,10,180,10,170,170,NaN,NaN,NaN,1785522505.88442,14327.98383664,2.28555345535278,0.0143659114837646,0.239871978759766,0.923171043395996,1.33941674232483,1.58989310264587,1.62322425842285,1.62322425842285,-1,-1,1.84171962738037,225.506067276001,250.476360321045,33.3311557769775,283.807516098022,Instruction,Left,Right,Left,Left,Left,1,0,0,0,0,NaN,NaN,NaN,NaN,NaN,NaN,NaN,NaN,0,0,0,1,1,0,412,NaN,20260731_t1356_srsSmooth_Moretraining_B007,15,NaN,30.9690576791763,1.27340579032898,NaN,NaN,NaN,0,NaN,NaN,NaN,NaN,0
20260731_t1356_srsSmooth_Moretraining,srs_smooth_Moretraining,trial0601.mat,601,601,412,7,17,15,60,20,40,8,1,0,3,1,27,22320,1,2,2,1,1,2,2,1,2,1,SINGLE_T2_CORRECT,11,455,1,0,0,0,0,0,145,54,145,54,91,54,1,0,10,180,10,180,-170,170,NaN,NaN,NaN,1785522509.47713,14331.57641432,2.30063724517822,0.0134649276733398,0.272421360015869,0.989331245422363,1.40518593788147,1.65601968765259,1.69730520248413,1.69730520248413,-1,-1,1.94936156272888,258.956432342529,250.833749771118,41.285514831543,292.119264602661,Instruction,Left,Right,Right,Left,Right,1,0,0,0,0,NaN,NaN,NaN,NaN,NaN,NaN,NaN,NaN,0,0,1,1,0,0,413,NaN,20260731_t1356_srsSmooth_Moretraining_B007,16,NaN,31.0289361437162,1.30715441703796,NaN,NaN,NaN,0,NaN,NaN,NaN,NaN,0
20260731_t1356_srsSmooth_Moretraining,srs_smooth_Moretraining,trial0602.mat,602,602,413,7,18,16,60,20,40,8,1,0,3,1,24,30768,1,2,2,1,1,2,2,1,2,1,SINGLE_T2_CORRECT,11,455,1,0,0,0,0,0,153,51,153,51,102,51,1,0,10,180,10,180,-170,170,NaN,NaN,NaN,1785522513.04293,14335.14217204,2.13576745986938,0.0144660472869873,0.223455429077148,0.823572158813477,1.20617914199829,1.44832754135132,1.48155999183655,1.48155999183655,-1,-1,1.78381061553955,208.989381790161,242.148399353027,33.2324504852295,275.380849838257,Instruction,Left,Right,Right,Left,Right,1,0,0,0,0,NaN,NaN,NaN,NaN,NaN,NaN,NaN,NaN,0,0,1,1,0,0,414,NaN,20260731_t1356_srsSmooth_Moretraining_B007,17,NaN,31.088366206487,1.26516652107239,NaN,NaN,NaN,0,NaN,NaN,NaN,NaN,0
20260731_t1356_srsSmooth_Moretraining,srs_smooth_Moretraining,trial0603.mat,603,603,414,7,19,17,60,20,40,8,1,0,4,1,37,14231,1,2,1,2,1,1,2,2,2,2,SINGLE_T2_CORRECT,11,455,1,0,0,0,0,0,152,41,152,41,111,41,1,180,190,0,10,180,-170,170,NaN,NaN,NaN,1785522516.45444,14338.55362392,2.01562857627869,0.0114309787750244,0.195088148117065,0.753606557846069,1.16147589683533,1.41202211380005,1.45370817184448,1.45370817184448,-1,-1,1.67241024971008,183.657169342041,250.546216964722,41.6860580444336,292.232275009155,Instruction,Right,Left,Left,Right,Left,1,0,0,0,0,NaN,NaN,NaN,NaN,NaN,NaN,NaN,NaN,1,1,0,1,0,0,415,NaN,20260731_t1356_srsSmooth_Moretraining_B007,18,NaN,31.1452245593071,1.27573370933533,NaN,NaN,NaN,0,NaN,NaN,NaN,NaN,0
20260731_t1356_srsSmooth_Moretraining,srs_smooth_Moretraining,trial0604.mat,604,604,415,7,20,18,60,20,40,8,1,0,2,1,14,1169,1,1,2,1,1,2,1,2,1,2,SINGLE_T1_CORRECT,10,455,1,0,0,0,0,0,142,30,142,30,112,142,1,0,180,10,180,10,170,170,NaN,NaN,NaN,1785522519.74861,14341.84773588,2.13817524909973,0.0173828601837158,0.234643220901489,0.759361028671265,1.15075993537903,1.40120720863342,1.44298028945923,1.44298028945923,-1,-1,1.69479370117188,217.260360717773,250.447273254395,41.7730808258057,292.2203540802,Instruction,Left,Right,Left,Left,Left,1,0,0,0,0,NaN,NaN,NaN,NaN,NaN,NaN,NaN,NaN,0,0,0,1,1,0,416,NaN,20260731_t1356_srsSmooth_Moretraining_B007,19,NaN,31.2001275102297,1.2785484790802,NaN,NaN,NaN,0,NaN,NaN,NaN,NaN,0
20260731_t1356_srsSmooth_Moretraining,srs_smooth_Moretraining,trial0605.mat,605,605,416,7,21,19,60,20,40,8,1,0,1,1,2,17888,1,1,1,2,1,1,1,1,1,1,SINGLE_T1_CORRECT,10,455,1,0,0,0,0,0,140,30,140,30,110,140,1,0,180,10,180,10,170,170,NaN,NaN,NaN,1785522523.1647,14345.263753,2.22273373603821,0.0180912017822266,0.22691822052002,0.860220432281494,1.25147223472595,1.50229668617249,1.54389119148254,1.54389119148254,-1,-1,1.77930784225464,208.827018737793,250.824451446533,41.5945053100586,292.418956756592,Instruction,Right,Left,Right,Right,Right,1,0,0,0,0,NaN,NaN,NaN,NaN,NaN,NaN,NaN,NaN,1,1,1,1,1,0,417,NaN,20260731_t1356_srsSmooth_Moretraining_B007,20,NaN,31.2570623556773,1.27791547775269,NaN,NaN,NaN,0,NaN,NaN,NaN,NaN,0
20260731_t1356_srsSmooth_Moretraining,srs_smooth_Moretraining,trial0607.mat,607,607,417,7,23,20,60,20,40,8,1,0,4,1,38,16533,1,2,1,2,1,1,2,2,2,2,SINGLE_T2_CORRECT,11,455,1,0,0,0,0,0,127,33,127,33,94,33,1,180,190,0,10,180,-170,170,NaN,NaN,NaN,1785522528.14234,14350.24116332,2.11217188835144,0.0156471729278564,0.241089582443237,0.841238498687744,1.24902820587158,1.48297452926636,1.5243935585022,1.5243935585022,-1,-1,1.77635908126831,225.442409515381,233.946323394775,41.4190292358398,275.365352630615,Instruction,Right,Left,Left,Right,Left,1,0,0,0,0,NaN,NaN,NaN,NaN,NaN,NaN,NaN,NaN,1,1,0,1,0,0,418,NaN,20260731_t1356_srsSmooth_Moretraining_B007,21,NaN,31.3400229732196,2.7549033164978,NaN,NaN,NaN,0,NaN,NaN,NaN,NaN,0
20260731_t1356_srsSmooth_Moretraining,srs_smooth_Moretraining,trial0608.mat,608,608,418,7,24,21,60,20,40,8,1,0,4,1,35,6223,1,2,1,2,1,1,2,2,2,2,SINGLE_T2_CORRECT,11,455,1,0,0,0,0,0,144,53,144,53,91,53,1,180,190,0,10,180,-170,170,NaN,NaN,NaN,1785522531.53168,14353.63058328,1.97187304496765,0.0181033611297607,0.201930999755859,0.752038955688477,1.12647938728333,1.32688212394714,1.36880612373352,1.36880612373352,-1,-1,1.62129831314087,183.827638626099,200.402736663818,41.923999786377,242.326736450195,Instruction,Right,Left,Left,Right,Left,1,0,0,0,0,NaN,NaN,NaN,NaN,NaN,NaN,NaN,NaN,1,1,0,1,0,0,419,NaN,20260731_t1356_srsSmooth_Moretraining_B007,22,NaN,31.3965120037397,1.27716994285583,NaN,NaN,NaN,0,NaN,NaN,NaN,NaN,0
20260731_t1356_srsSmooth_Moretraining,srs_smooth_Moretraining,trial0609.mat,609,609,419,7,25,22,60,20,40,8,1,0,2,1,19,23693,1,1,2,1,1,2,1,2,1,2,SINGLE_T1_CORRECT,10,455,1,0,0,0,0,0,139,26,139,26,113,139,1,0,180,10,180,10,170,170,NaN,NaN,NaN,1785522534.78295,14356.88156192,2.35427021980286,0.0169568061828613,0.251115322113037,1.00937366485596,1.4003438949585,1.6427173614502,1.68408536911011,1.68408536911011,-1,-1,1.91080665588379,234.158515930176,242.373466491699,41.3680076599121,283.741474151611,Instruction,Left,Right,Left,Left,Left,1,0,0,0,0,NaN,NaN,NaN,NaN,NaN,NaN,NaN,NaN,0,0,0,1,1,0,420,NaN,20260731_t1356_srsSmooth_Moretraining_B007,23,NaN,31.4506998618444,1.2793984413147,NaN,NaN,NaN,0,NaN,NaN,NaN,NaN,0
20260731_t1356_srsSmooth_Moretraining,srs_smooth_Moretraining,trial0611.mat,611,611,420,7,27,23,60,20,40,8,1,0,1,1,4,7501,1,1,1,2,1,1,1,1,1,1,SINGLE_T1_CORRECT,10,455,1,0,0,0,0,0,131,21,131,21,110,131,1,180,0,190,180,10,170,170,NaN,NaN,NaN,1785522539.9204,14362.01891136,1.96777200698853,0.0130476951599121,0.013906717300415,0.655612945556641,1.01308679580688,1.26401615142822,1.29727125167847,1.29727125167847,-1,-1,1.53266525268555,0.85902214050293,250.929355621338,33.2551002502441,284.184455871582,Instruction,Right,Left,Right,Right,Right,1,0,0,0,0,NaN,NaN,NaN,NaN,NaN,NaN,NaN,NaN,1,1,1,1,1,0,421,NaN,20260731_t1356_srsSmooth_Moretraining_B007,24,NaN,31.5363238811493,2.78317093849182,NaN,NaN,NaN,0,NaN,NaN,NaN,NaN,0
20260731_t1356_srsSmooth_Moretraining,srs_smooth_Moretraining,trial0612.mat,612,612,421,7,28,24,60,20,40,8,1,0,3,1,23,19753,1,2,2,1,1,2,2,1,2,1,SINGLE_T2_CORRECT,11,455,1,0,0,0,0,0,160,27,160,27,133,27,1,0,10,180,10,180,-170,170,NaN,NaN,NaN,1785522543.18244,14365.2810886,2.06310391426086,0.0177929401397705,0.0189893245697021,0.810107469558716,1.22617387771606,1.47666835784912,1.51855325698853,1.51855325698853,-1,-1,1.73728537559509,1.19638442993164,250.494480133057,41.8848991394043,292.379379272461,Instruction,Left,Right,Right,Left,Right,1,0,0,0,0,NaN,NaN,NaN,NaN,NaN,NaN,NaN,NaN,0,0,1,1,0,0,422,NaN,20260731_t1356_srsSmooth_Moretraining_B007,25,NaN,31.5906913439433,1.29427576065063,NaN,NaN,NaN,0,NaN,NaN,NaN,NaN,0
20260731_t1356_srsSmooth_Moretraining,srs_smooth_Moretraining,trial0613.mat,613,613,422,7,29,25,60,20,40,8,1,0,2,1,15,8143,1,1,2,1,1,2,1,2,1,2,SINGLE_T1_CORRECT,10,455,1,0,0,0,0,0,155,42,155,42,113,155,1,0,180,10,180,10,170,170,NaN,NaN,NaN,1785522546.50634,14368.60484308,2.3066394329071,0.0190212726593018,0.277932167053223,0.861173152923584,1.25240206718445,1.49476504325867,1.53629732131958,1.53629732131958,-1,-1,1.84641218185425,258.910894393921,242.362976074219,41.5322780609131,283.895254135132,Instruction,Left,Right,Left,Left,Left,1,0,0,0,0,NaN,NaN,NaN,NaN,NaN,NaN,NaN,NaN,0,0,0,1,1,0,423,NaN,20260731_t1356_srsSmooth_Moretraining_B007,26,NaN,31.6460896889369,1.26079678535461,NaN,NaN,NaN,0,NaN,NaN,NaN,NaN,0
20260731_t1356_srsSmooth_Moretraining,srs_smooth_Moretraining,trial0614.mat,614,614,423,7,30,26,60,20,40,8,1,0,2,1,12,28430,1,1,2,1,1,2,1,2,1,2,SINGLE_T1_CORRECT,10,455,1,0,0,0,0,0,159,46,159,46,113,159,1,180,0,190,180,10,170,170,NaN,NaN,NaN,1785522550.0931,14372.19151984,2.47875046730042,0.0157339572906494,0.307908296585083,1.09957003593445,1.48245692253113,1.74132823944092,1.78299021720886,1.78299021720886,-1,-1,2.01902461051941,292.174339294434,258.87131690979,41.6619777679443,300.533294677734,Instruction,Left,Right,Left,Left,Left,1,0,0,0,0,NaN,NaN,NaN,NaN,NaN,NaN,NaN,NaN,0,0,0,1,1,0,424,NaN,20260731_t1356_srsSmooth_Moretraining_B007,27,NaN,31.7058690110842,1.28011989593506,NaN,NaN,NaN,0,NaN,NaN,NaN,NaN,0
20260731_t1356_srsSmooth_Moretraining,srs_smooth_Moretraining,trial0615.mat,615,615,424,7,31,27,60,20,40,8,1,0,3,1,26,19892,1,2,2,1,1,2,2,1,2,1,SINGLE_T2_CORRECT,11,455,1,0,0,0,0,0,147,51,147,51,96,51,1,180,190,0,10,180,-170,170,NaN,NaN,NaN,1785522553.83724,14375.93561104,2.21771311759949,0.0134110450744629,0.281048774719238,0.947447538375854,1.3467960357666,1.58923864364624,1.63065409660339,1.63065409660339,-1,-1,1.86684608459473,267.637729644775,242.442607879639,41.4154529571533,283.858060836792,Instruction,Left,Right,Right,Left,Right,1,0,0,0,0,NaN,NaN,NaN,NaN,NaN,NaN,NaN,NaN,0,0,1,1,0,0,425,NaN,20260731_t1356_srsSmooth_Moretraining_B007,28,NaN,31.7682712435722,1.26538348197937,NaN,NaN,NaN,0,NaN,NaN,NaN,NaN,0
20260731_t1356_srsSmooth_Moretraining,srs_smooth_Moretraining,trial0616.mat,616,616,425,7,32,28,60,20,40,8,1,0,2,1,18,27960,1,1,2,1,1,2,1,2,0,0,,0,11,0,1,0,0,0,0,127,51,127,51,76,NaN,1,180,0,190,180,10,170,170,NaN,NaN,NaN,1785522557.31317,14379.41139592,0.31514835357666,0.0126118659973145,0.246463298797607,-1,-1,-1,-1,-1,-1,-1,-1,233.851432800293,NaN,NaN,NaN,Instruction,Left,Right,None,Left,Left,1,0,0,0,0,NaN,NaN,NaN,NaN,NaN,NaN,NaN,NaN,0,0,0,1,1,0,425,NaN,20260731_t1356_srsSmooth_Moretraining_B007,NaN,NaN,31.8262034773827,1.258220911026,NaN,NaN,NaN,0,NaN,NaN,NaN,NaN,0
20260731_t1356_srsSmooth_Moretraining,srs_smooth_Moretraining,trial0617.mat,617,617,425,7,33,28,60,20,40,8,1,0,4,1,39,594,1,2,1,2,1,1,2,2,0,0,,0,11,0,1,0,0,0,0,151,46,151,46,105,NaN,1,180,190,0,10,180,-170,170,NaN,NaN,NaN,1785522558.80818,14380.90638216,0.295180082321167,0.0176622867584229,0.21845817565918,-1,-1,-1,-1,-1,-1,-1,-1,200.795888900757,NaN,NaN,NaN,Instruction,Right,Left,None,Right,Left,1,0,0,0,0,NaN,NaN,NaN,NaN,NaN,NaN,NaN,NaN,1,1,0,1,0,0,425,NaN,20260731_t1356_srsSmooth_Moretraining_B007,NaN,NaN,31.8511202692986,1.17985916137695,NaN,NaN,NaN,0,NaN,NaN,NaN,NaN,0
20260731_t1356_srsSmooth_Moretraining,srs_smooth_Moretraining,trial0618.mat,618,618,425,7,34,28,60,20,40,8,1,0,1,1,7,17629,1,1,1,2,1,1,1,1,1,1,SINGLE_T1_CORRECT,10,455,1,0,0,0,0,0,149,70,149,70,79,149,1,0,180,10,180,10,170,170,NaN,NaN,NaN,1785522560.29708,14382.39536752,2.39984846115112,0.0121481418609619,0.212919950485229,0.979519605636597,1.37053418159485,1.6126537322998,1.64610314369202,1.64610314369202,-1,-1,1.94852328300476,200.771808624268,242.119550704956,33.4494113922119,275.568962097168,Instruction,Right,Left,Right,Right,Right,1,0,0,0,0,NaN,NaN,NaN,NaN,NaN,NaN,NaN,NaN,1,1,1,1,1,0,426,NaN,20260731_t1356_srsSmooth_Moretraining_B007,29,NaN,31.8759353558222,1.19372510910034,NaN,NaN,NaN,0,NaN,NaN,NaN,NaN,0
20260731_t1356_srsSmooth_Moretraining,srs_smooth_Moretraining,trial0619.mat,619,619,426,7,35,29,60,20,40,8,1,0,2,1,16,12450,1,1,2,1,1,2,1,2,1,2,SINGLE_T1_CORRECT,10,455,1,0,0,0,0,0,166,30,166,30,136,166,1,180,0,190,180,10,170,170,NaN,NaN,NaN,1785522563.97891,14386.07700592,2.44334030151367,0.0137999057769775,0.256268501281738,0.989266395568848,1.43885493278503,1.6558792591095,1.68928122520447,1.68928122520447,-1,-1,1.97515892982483,242.468595504761,217.024326324463,33.4019660949707,250.426292419434,Instruction,Left,Right,Left,Left,Left,1,0,0,0,0,NaN,NaN,NaN,NaN,NaN,NaN,NaN,NaN,0,0,0,1,1,0,427,NaN,20260731_t1356_srsSmooth_Moretraining_B007,30,NaN,31.9372990926107,1.28197574615479,NaN,NaN,NaN,0,NaN,NaN,NaN,NaN,0
20260731_t1356_srsSmooth_Moretraining,srs_smooth_Moretraining,trial0620.mat,620,620,427,7,36,30,60,20,40,8,1,0,3,1,25,18463,1,2,2,1,1,2,2,1,2,1,SINGLE_T2_CORRECT,11,455,1,0,0,0,0,0,117,27,117,27,90,27,1,180,190,0,10,180,-170,170,NaN,NaN,NaN,1785522567.70061,14389.79873168,2.1379280090332,0.0172414779663086,0.242958307266235,0.84309720993042,1.26728940010071,1.47603797912598,1.50940680503845,1.50940680503845,-1,-1,1.81178069114685,225.716829299927,208.748579025269,33.3688259124756,242.117404937744,Instruction,Left,Right,Right,Left,Right,1,0,0,0,0,NaN,NaN,NaN,NaN,NaN,NaN,NaN,NaN,0,0,1,1,0,0,428,NaN,20260731_t1356_srsSmooth_Moretraining_B007,31,NaN,31.9993274688721,1.27836227416992,NaN,NaN,NaN,0,NaN,NaN,NaN,NaN,0
20260731_t1356_srsSmooth_Moretraining,srs_smooth_Moretraining,trial0621.mat,621,621,428,7,37,31,60,20,40,8,1,0,2,1,18,27960,1,1,2,1,1,2,1,2,1,2,SINGLE_T1_CORRECT,10,455,1,0,0,0,0,0,173,25,173,25,148,173,1,0,180,10,180,10,170,170,NaN,NaN,NaN,1785522571.12745,14393.22537116,2.47070837020874,0.0155320167541504,0.282910108566284,1.02477502822876,1.39058494567871,1.6828818321228,1.72447061538696,1.72447061538696,-1,-1,1.99314093589783,267.378091812134,292.296886444092,41.5887832641602,333.885669708252,Instruction,Left,Right,Left,Left,Left,1,0,0,0,0,NaN,NaN,NaN,NaN,NaN,NaN,NaN,NaN,0,0,0,1,1,0,429,NaN,20260731_t1356_srsSmooth_Moretraining_B007,32,NaN,32.0564415097237,1.28891444206238,NaN,NaN,NaN,0,NaN,NaN,NaN,NaN,0
20260731_t1356_srsSmooth_Moretraining,srs_smooth_Moretraining,trial0622.mat,622,622,429,7,38,32,60,20,40,8,1,0,1,1,5,5021,1,1,1,2,1,1,1,1,1,1,SINGLE_T1_CORRECT,10,455,1,0,0,0,0,0,117,26,117,26,91,117,1,0,180,10,180,10,170,170,NaN,NaN,NaN,1785522574.91025,14397.00814872,2.29528474807739,0.0162115097045898,0.275076389312744,0.899846792221069,1.30792737007141,1.56657242774963,1.60827207565308,1.60827207565308,-1,-1,1.87688398361206,258.864879608154,258.645057678223,41.6996479034424,300.344705581665,Instruction,Right,Left,Right,Right,Right,1,0,0,0,0,NaN,NaN,NaN,NaN,NaN,NaN,NaN,NaN,1,1,1,1,1,0,430,NaN,20260731_t1356_srsSmooth_Moretraining_B007,33,NaN,32.1194881836573,1.31209206581116,NaN,NaN,NaN,0,NaN,NaN,NaN,NaN,0
20260731_t1356_srsSmooth_Moretraining,srs_smooth_Moretraining,trial0623.mat,623,623,430,7,39,33,60,20,40,8,1,0,4,1,39,594,1,2,1,2,1,1,2,2,0,0,,0,11,0,1,0,0,0,0,126,20,126,20,106,NaN,1,0,10,180,10,180,-170,170,NaN,NaN,NaN,1785522578.51911,14400.61694312,0.343092918395996,0.0158236026763916,0.282896518707275,-1,-1,-1,-1,-1,-1,-1,-1,267.072916030884,NaN,NaN,NaN,Instruction,Right,Left,None,Right,Left,1,0,0,0,0,NaN,NaN,NaN,NaN,NaN,NaN,NaN,NaN,1,1,0,1,0,0,430,NaN,20260731_t1356_srsSmooth_Moretraining_B007,NaN,NaN,32.1796358664831,1.31357622146606,NaN,NaN,NaN,0,NaN,NaN,NaN,NaN,0
20260731_t1356_srsSmooth_Moretraining,srs_smooth_Moretraining,trial0624.mat,624,624,430,7,40,33,60,20,40,8,1,0,1,1,6,5102,1,1,1,2,1,1,1,1,1,1,SINGLE_T1_CORRECT,10,455,1,0,0,0,0,0,135,38,135,38,97,135,1,0,180,10,180,10,170,170,NaN,NaN,NaN,1785522580.06775,14402.16552724,2.40437126159668,0.0172433853149414,0.18479585647583,0.909523487091064,1.33396124839783,1.65959143638611,1.69282817840576,1.69282817840576,-1,-1,1.9696147441864,167.552471160889,325.630187988281,33.2367420196533,358.866930007935,Instruction,Right,Left,Right,Right,Right,1,0,0,0,0,NaN,NaN,NaN,NaN,NaN,NaN,NaN,NaN,1,1,1,1,1,0,431,NaN,20260731_t1356_srsSmooth_Moretraining_B007,34,NaN,32.2054465373357,1.20554733276367,NaN,NaN,NaN,0,NaN,NaN,NaN,NaN,0
20260731_t1356_srsSmooth_Moretraining,srs_smooth_Moretraining,trial0625.mat,625,625,431,7,41,34,60,20,40,8,1,0,3,1,30,4655,1,2,2,1,1,2,2,1,2,1,SINGLE_T2_CORRECT,11,455,1,0,0,0,0,0,125,38,125,38,87,38,1,180,190,0,10,180,-170,170,NaN,NaN,NaN,1785522583.72991,14405.82766708,2.19251179695129,0.0135605335235596,0.197651624679565,0.89737868309021,1.2969434261322,1.53906631469727,1.58069515228271,1.58069515228271,-1,-1,1.8575267791748,184.091091156006,242.122888565063,41.6288375854492,283.751726150513,Instruction,Left,Right,Right,Left,Right,1,0,0,0,0,NaN,NaN,NaN,NaN,NaN,NaN,NaN,NaN,0,0,1,1,0,0,432,NaN,20260731_t1356_srsSmooth_Moretraining_B007,35,NaN,32.2664825002352,1.25778651237488,NaN,NaN,NaN,0,NaN,NaN,NaN,NaN,0
20260731_t1356_srsSmooth_Moretraining,srs_smooth_Moretraining,trial0626.mat,626,626,432,7,42,35,60,20,40,8,1,0,3,1,28,8266,1,2,2,1,1,2,2,1,2,1,SINGLE_T2_CORRECT,11,455,1,0,0,0,0,0,127,43,127,43,84,43,1,180,190,0,10,180,-170,170,NaN,NaN,NaN,1785522587.21852,14409.31611104,2.19568300247192,0.0167543888092041,0.250537872314453,0.917229652404785,1.30847072601318,1.59225678443909,1.63391137123108,1.63391137123108,-1,-1,1.85353350639343,233.783483505249,283.786058425903,41.6545867919922,325.440645217896,Instruction,Left,Right,Right,Left,Right,1,0,0,0,0,NaN,NaN,NaN,NaN,NaN,NaN,NaN,NaN,0,0,1,1,0,0,433,NaN,20260731_t1356_srsSmooth_Moretraining_B007,36,NaN,32.324625980854,1.29609704017639,NaN,NaN,NaN,0,NaN,NaN,NaN,NaN,0
20260731_t1356_srsSmooth_Moretraining,srs_smooth_Moretraining,trial0627.mat,627,627,433,7,43,36,60,20,40,8,1,0,1,1,8,2589,1,1,1,2,1,1,1,1,0,0,,0,11,0,1,0,0,0,0,154,17,154,17,137,NaN,1,180,0,190,180,10,170,170,NaN,NaN,NaN,1785522590.69196,14412.78965832,0.0954270362854004,0.0184502601623535,0.0193877220153809,-1,-1,-1,-1,-1,-1,-1,-1,0.937461853027344,NaN,NaN,NaN,Instruction,Right,Left,None,Right,Right,1,0,0,0,0,NaN,NaN,NaN,NaN,NaN,NaN,NaN,NaN,1,1,1,1,1,0,433,NaN,20260731_t1356_srsSmooth_Moretraining_B007,NaN,NaN,32.3825166225433,1.27775549888611,NaN,NaN,NaN,0,NaN,NaN,NaN,NaN,0
20260731_t1356_srsSmooth_Moretraining,srs_smooth_Moretraining,trial0628.mat,628,628,433,7,44,36,60,20,40,8,1,0,2,1,20,3985,1,1,2,1,1,2,1,2,1,2,SINGLE_T1_CORRECT,10,455,1,0,0,0,0,0,135,61,135,61,74,135,1,0,180,10,180,10,170,170,NaN,NaN,NaN,1785522591.97214,14414.06978832,2.50882244110107,0.0133237838745117,0.247052669525146,1.03052377700806,1.44671249389648,1.7639946937561,1.80543041229248,1.80543041229248,-1,-1,2.07401871681213,233.728885650635,317.282199859619,41.435718536377,358.717918395996,Instruction,Left,Right,Left,Left,Left,1,0,0,0,0,NaN,NaN,NaN,NaN,NaN,NaN,NaN,NaN,0,0,0,1,1,0,434,NaN,20260731_t1356_srsSmooth_Moretraining_B007,37,NaN,32.4038528958956,1.18474936485291,NaN,NaN,NaN,0,NaN,NaN,NaN,NaN,0
20260731_t1356_srsSmooth_Moretraining,srs_smooth_Moretraining,trial0629.mat,629,629,434,7,45,37,60,20,40,8,1,0,2,1,17,29782,1,1,2,1,1,2,1,2,0,0,,0,11,0,1,0,0,0,0,161,56,161,56,105,NaN,1,180,0,190,180,10,170,170,NaN,NaN,NaN,1785522595.76159,14417.85916796,1.54429626464844,0.0156826972961426,0.283100605010986,0.882743835449219,1.24906373023987,1.45777058601379,-1,-1,-1,-1,-1,267.417907714844,208.706855773926,NaN,NaN,Instruction,Left,Right,None,Left,Left,1,0,0,0,0,NaN,NaN,NaN,NaN,NaN,NaN,NaN,NaN,0,0,0,1,1,0,434,NaN,20260731_t1356_srsSmooth_Moretraining_B007,NaN,NaN,32.4670104821523,1.28063273429871,NaN,NaN,NaN,0,NaN,NaN,NaN,NaN,0
20260731_t1356_srsSmooth_Moretraining,srs_smooth_Moretraining,trial0630.mat,630,630,434,7,46,37,60,20,40,8,1,0,2,1,17,29782,1,1,2,1,1,2,1,2,0,0,,0,11,0,1,0,0,0,0,150,32,150,32,118,NaN,1,180,0,190,180,10,170,170,NaN,NaN,NaN,1785522598.48397,14420.5814368,0.295787572860718,0.0184142589569092,0.235657453536987,-1,-1,-1,-1,-1,-1,-1,-1,217.243194580078,NaN,NaN,NaN,Instruction,Left,Right,None,Left,Left,1,0,0,0,0,NaN,NaN,NaN,NaN,NaN,NaN,NaN,NaN,0,0,0,1,1,0,434,NaN,20260731_t1356_srsSmooth_Moretraining_B007,NaN,NaN,32.512383389473,1.17807817459106,NaN,NaN,NaN,0,NaN,NaN,NaN,NaN,0
20260731_t1356_srsSmooth_Moretraining,srs_smooth_Moretraining,trial0631.mat,631,631,434,7,47,37,60,20,40,8,1,0,4,1,39,594,1,2,1,2,1,1,2,2,2,2,SINGLE_T2_CORRECT,11,455,1,0,1,0,0,0,170,56,170,56,114,56,1,0,10,180,10,180,-170,170,NaN,NaN,NaN,1785522599.95418,14422.0515778,2.27720212936401,0.014927864074707,0.240596294403076,1.01576113700867,1.39831495285034,1.67414426803589,1.70721483230591,1.70721483230591,-1,-1,1.9174816608429,225.668430328369,275.829315185547,33.0705642700195,308.899879455566,Instruction,Right,Left,Left,Right,Left,1,0,0,0,0,NaN,NaN,NaN,NaN,NaN,NaN,NaN,NaN,1,1,0,1,0,0,435,NaN,20260731_t1356_srsSmooth_Moretraining_B007,38,NaN,32.5368868947029,1.17442274093628,NaN,NaN,NaN,0,NaN,NaN,NaN,NaN,0
20260731_t1356_srsSmooth_Moretraining,srs_smooth_Moretraining,trial0632.mat,632,632,435,7,48,38,60,20,40,8,1,0,2,1,17,29782,1,1,2,1,1,2,1,2,1,2,SINGLE_T1_CORRECT,10,455,1,0,0,0,0,0,155,66,155,66,89,155,1,180,0,190,180,10,170,170,NaN,NaN,NaN,1785522603.50617,14425.60361492,2.24158477783203,0.0130741596221924,0.255660772323608,0.830251932144165,1.17978620529175,1.45521545410156,1.49689126014709,1.49689126014709,-1,-1,1.79027724266052,242.586612701416,275.429248809814,41.6758060455322,317.105054855347,Instruction,Left,Right,Left,Left,Left,1,0,0,0,0,NaN,NaN,NaN,NaN,NaN,NaN,NaN,NaN,0,0,0,1,1,0,436,NaN,20260731_t1356_srsSmooth_Moretraining_B007,39,NaN,32.5960867563883,1.27478957176208,NaN,NaN,NaN,0,NaN,NaN,NaN,NaN,0
20260731_t1356_srsSmooth_Moretraining,srs_smooth_Moretraining,trial0633.mat,633,633,436,7,49,39,60,20,40,8,1,0,1,1,8,2589,1,1,1,2,1,1,1,1,1,1,SINGLE_T1_CORRECT,10,455,1,0,0,0,0,0,128,29,128,29,99,128,1,180,0,190,180,10,170,170,NaN,NaN,NaN,1785522607.02669,14429.12398652,2.22140955924988,0.0176904201507568,0.234765768051147,0.901489973068237,1.28440642356873,1.54353308677673,1.57679653167725,1.57679653167725,-1,-1,1.79492807388306,217.075347900391,259.126663208008,33.2634449005127,292.390108108521,Instruction,Right,Left,Right,Right,Right,1,0,0,0,0,NaN,NaN,NaN,NaN,NaN,NaN,NaN,NaN,1,1,1,1,1,0,437,NaN,20260731_t1356_srsSmooth_Moretraining_B007,40,NaN,32.654762117068,1.27893686294556,NaN,NaN,NaN,0,NaN,NaN,NaN,NaN,0
20260731_t1356_srsSmooth_Moretraining,srs_smooth_Moretraining,trial0634.mat,634,634,437,7,50,40,60,20,40,8,1,1,6,2,46,15742,2,0,2,1,1,2,1,2,1,2,CHOSE_HIGH_SAL,1,455,1,0,0,0,0,0,145,27,145,27,118,145,1,180,359.821838909018,190.178161090982,179.821838909018,10.1781610909817,169.643677818037,169.643677818037,NaN,NaN,NaN,1785522610.5327,14432.62990744,2.19090414047241,0.0118117332458496,0.245722532272339,0.987572908401489,1.33686375617981,1.41259860992432,1.44598531723022,1.44598531723022,-1,-1,1.7477445602417,233.910799026489,75.7348537445068,33.3867073059082,109.121561050415,Congruent,Left,Right,Left,Left,Left,0,1,1,0,1,0,1,1,1,1,0,0,0,0,0,0,1,1,1,438,158,20260731_t1356_srsSmooth_Moretraining_B007,41,1,32.7131956974665,1.2846052646637,2,1,161,0,1,1,0,0,1
20260731_t1356_srsSmooth_Moretraining,srs_smooth_Moretraining,trial0635.mat,635,635,438,7,51,41,60,20,40,8,1,2,8,2,57,497,2,0,2,1,1,2,2,1,1,2,CHOSE_LOW_SAL,2,455,1,0,0,0,0,0,162,48,162,48,114,162,1,0,77.3825270341252,112.617472965875,77.3825270341252,112.617472965875,-35.2349459317495,35.2349459317495,NaN,NaN,NaN,1785522614.01955,14436.11677952,2.15476012229919,0.0167737007141113,0.233898878097534,0.83420205116272,1.19181966781616,1.41775345802307,1.45075964927673,1.45075964927673,-1,-1,1.69447350502014,217.125177383423,225.933790206909,33.0061912536621,258.939981460571,Conflict,Left,Right,Left,Left,Right,0,1,0,1,1,0,1,1,0,1,0,0,1,0,0,1,1,0,1,439,159,20260731_t1356_srsSmooth_Moretraining_B007,42,2,32.7713097135226,1.29593682289124,1,2,145,1,0,0,1,1,1
20260731_t1356_srsSmooth_Moretraining,srs_smooth_Moretraining,trial0637.mat,637,637,439,7,53,42,60,20,40,8,1,2,8,2,56,31560,2,0,2,1,1,2,2,1,1,2,CHOSE_LOW_SAL,2,455,1,0,0,0,0,0,141,20,141,20,121,141,1,0,61.2919339945831,128.708066005417,61.2919339945831,128.708066005417,-67.4161320108338,67.4161320108338,NaN,NaN,NaN,1785522618.94853,14441.0456812,2.3082799911499,0.0129764080047607,0.22182559967041,0.988442182540894,1.36302924156189,1.58012914657593,1.61340641975403,1.61340641975403,-1,-1,1.86522746086121,208.849191665649,217.099905014038,33.2772731781006,250.377178192139,Conflict,Left,Right,Left,Left,Right,0,1,0,1,1,0,1,1,0,1,0,0,1,0,0,1,1,0,1,440,160,20260731_t1356_srsSmooth_Moretraining_B007,43,3,32.8534595370293,2.7742292881012,1,2,162,1,0,0,1,1,1
20260731_t1356_srsSmooth_Moretraining,srs_smooth_Moretraining,trial0639.mat,639,639,440,7,55,43,60,20,40,8,1,1,5,2,42,32338,2,0,1,2,1,1,1,1,2,2,CHOSE_LOW_SAL,2,455,1,0,0,0,0,0,133,32,133,32,101,32,1,180,316.031887841426,233.968112158574,136.031887841426,53.9681121585742,82.0637756828516,82.0637756828516,NaN,NaN,NaN,1785522624.1277,14446.22461668,2.07984018325806,0.0173494815826416,0.292932271957397,0.82640552520752,1.24239754676819,1.48486137390137,1.5180332660675,1.5180332660675,-1,-1,1.74475145339966,275.582790374756,242.463827133179,33.1718921661377,275.635719299316,Congruent,Right,Left,Left,Right,Right,0,1,1,0,1,0,0,0,0,1,1,1,1,1,1,1,1,1,1,441,161,20260731_t1356_srsSmooth_Moretraining_B007,44,4,32.9397789160411,2.8708827495575,1,2,141,1,1,0,0,1,1
20260731_t1356_srsSmooth_Moretraining,srs_smooth_Moretraining,trial0641.mat,641,641,441,7,57,44,60,20,40,8,1,2,7,2,55,20627,2,0,1,2,1,1,2,2,2,2,CHOSE_HIGH_SAL,1,455,1,0,0,0,0,0,151,32,151,32,119,32,1,0,11.2051762072759,178.794823792724,11.2051762072759,178.794823792724,-167.589647585448,167.589647585448,NaN,NaN,NaN,1785522628.94897,14451.04581224,2.10072875022888,0.0129284858703613,0.255410194396973,0.855088472366333,1.31297945976257,1.50548219680786,1.54701828956604,1.54701828956604,-1,-1,1.76604032516479,242.481708526611,192.502737045288,41.5360927581787,234.038829803467,Conflict,Right,Left,Left,Right,Left,0,1,0,1,1,0,0,0,1,1,1,1,0,1,1,0,1,0,1,442,162,20260731_t1356_srsSmooth_Moretraining_B007,45,5,33.0201335191727,2.74143600463867,2,2,32,1,0,0,1,1,1
20260731_t1356_srsSmooth_Moretraining,srs_smooth_Moretraining,trial0643.mat,643,643,442,7,59,45,60,20,40,8,1,2,7,2,53,29990,2,0,1,2,1,1,2,2,1,1,CHOSE_LOW_SAL,2,455,1,0,0,0,0,0,144,40,144,40,104,144,1,0,70.1226801527625,119.877319847238,70.1226801527625,119.877319847238,-49.7546396944751,49.7546396944751,NaN,NaN,NaN,1785522633.85002,14455.94675828,2.25728988647461,0.0120768547058105,0.187505722045898,0.737503051757812,1.15378785133362,1.45412158966064,1.4957582950592,1.4957582950592,-1,-1,1.80612516403198,175.428867340088,300.333738327026,41.6367053985596,341.970443725586,Conflict,Right,Left,Right,Right,Left,0,1,0,1,1,1,1,1,0,0,0,0,1,1,1,0,1,0,1,443,163,20260731_t1356_srsSmooth_Moretraining_B007,46,6,33.1018175800641,2.80031490325928,2,2,32,1,1,1,0,0,1
20260731_t1356_srsSmooth_Moretraining,srs_smooth_Moretraining,trial0644.mat,644,644,443,7,60,46,60,20,40,8,1,1,6,2,50,6653,2,0,2,1,1,2,1,2,2,1,CHOSE_LOW_SAL,2,455,1,0,0,0,0,0,160,32,160,32,128,32,1,180,283.104975225918,266.895024774082,103.104975225918,86.8950247740821,16.2099504518358,16.2099504518358,NaN,NaN,NaN,1785522637.38944,14459.48607068,2.21932744979858,0.0144577026367188,0.223722696304321,0.982102155685425,1.38117790222168,1.62371277809143,1.66553592681885,1.66553592681885,-1,-1,1.88470888137817,209.264993667603,242.534875869751,41.823148727417,284.358024597168,Congruent,Left,Right,Right,Left,Left,0,1,1,0,1,1,0,0,0,0,1,1,1,0,0,0,1,1,1,444,164,20260731_t1356_srsSmooth_Moretraining_B007,47,7,33.1608079791069,1.28213405609131,1,1,144,1,1,0,0,1,1
20260731_t1356_srsSmooth_Moretraining,srs_smooth_Moretraining,trial0645.mat,645,645,444,7,61,47,60,20,40,8,1,1,5,2,43,31426,2,0,1,2,1,1,1,1,1,1,CHOSE_HIGH_SAL,1,455,1,0,0,0,0,0,133,33,133,33,100,133,1,0,101.186881623147,88.8131183768529,101.186881623147,88.8131183768529,12.3737632462942,12.3737632462942,NaN,NaN,NaN,1785522640.8867,14462.98325412,2.42126369476318,0.0173368453979492,0.268075227737427,1.0431125164032,1.42572474479675,1.73483753204346,1.76799488067627,1.76799488067627,-1,-1,1.9866259098053,250.738382339478,309.112787246704,33.1573486328125,342.270135879517,Congruent,Right,Left,Right,Right,Right,0,1,1,0,1,1,1,1,1,0,0,0,0,1,1,1,1,1,1,445,165,20260731_t1356_srsSmooth_Moretraining_B007,48,8,33.2190956115723,1.27793049812317,2,1,32,1,1,0,0,1,1
20260731_t1356_srsSmooth_Moretraining,srs_smooth_Moretraining,trial0646.mat,646,646,445,7,62,48,60,20,40,8,1,2,7,2,52,1340,2,0,1,2,1,1,2,2,1,1,CHOSE_LOW_SAL,2,455,1,0,0,0,0,0,156,37,156,37,119,156,1,0,72.6355502108213,117.364449789179,72.6355502108213,117.364449789179,-44.7288995783573,44.7288995783573,NaN,NaN,NaN,1785522644.59767,14466.69423336,2.17713952064514,0.0148477554321289,0.206926584243774,0.723660469055176,1.10655689239502,1.38202476501465,1.41540694236755,1.41540694236755,-1,-1,1.71716022491455,192.078828811646,275.467872619629,33.3821773529053,308.850049972534,Conflict,Right,Left,Right,Right,Left,0,1,0,1,1,1,1,1,0,0,0,0,1,1,1,0,1,0,1,446,166,20260731_t1356_srsSmooth_Moretraining_B007,49,9,33.2809450785319,1.28970432281494,1,1,133,1,0,0,1,1,1
20260731_t1356_srsSmooth_Moretraining,srs_smooth_Moretraining,trial0647.mat,647,647,446,7,63,49,60,20,40,8,1,2,8,2,59,29169,2,0,2,1,1,2,2,1,2,1,CHOSE_HIGH_SAL,1,455,1,0,0,0,0,0,147,55,147,55,92,55,1,0,38.6435605753428,151.356439424657,38.6435605753427,151.356439424657,-112.712878849315,112.712878849315,NaN,NaN,NaN,1785522648.04158,14470.137977,2.29192185401917,0.0127401351928711,0.255192279815674,0.930153846740723,1.37112712860107,1.60530686378479,1.63832998275757,1.63832998275757,-1,-1,1.93240857124329,242.452144622803,234.179735183716,33.0231189727783,267.202854156494,Conflict,Left,Right,Right,Left,Right,0,1,0,1,1,1,0,0,1,0,1,1,0,0,0,1,1,0,1,447,167,20260731_t1356_srsSmooth_Moretraining_B007,50,10,33.338343556722,1.26676917076111,1,1,156,1,1,0,0,1,1
20260731_t1356_srsSmooth_Moretraining,srs_smooth_Moretraining,trial0648.mat,648,648,447,7,64,50,60,20,40,8,1,1,6,2,49,2139,2,0,2,1,1,2,1,2,2,1,CHOSE_LOW_SAL,2,455,1,0,0,0,0,0,153,21,153,21,132,21,1,0,123.166699097566,66.8333009024343,123.166699097566,66.8333009024343,56.3333981951314,56.3333981951314,NaN,NaN,NaN,1785522651.59656,14473.69289596,2.14543151855469,0.0162255764007568,0.20853066444397,0.933682918548584,1.30794239044189,1.51699948310852,1.55001783370972,1.55001783370972,-1,-1,1.82679176330566,192.305088043213,209.057092666626,33.0183506011963,242.075443267822,Congruent,Left,Right,Right,Left,Left,0,1,1,0,1,1,0,0,0,0,1,1,1,0,0,0,1,1,1,448,168,20260731_t1356_srsSmooth_Moretraining_B007,51,11,33.3975933512052,1.26306581497192,2,1,55,1,0,0,1,1,1
20260731_t1356_srsSmooth_Moretraining,srs_smooth_Moretraining,trial0649.mat,649,649,448,7,65,51,60,20,40,8,1,1,5,2,44,13556,2,0,1,2,1,1,1,1,1,1,CHOSE_HIGH_SAL,1,455,1,0,0,0,0,0,135,40,135,40,95,135,1,180,298.790073282533,251.209926717467,118.790073282533,71.2099267174665,47.5801465650669,47.5801465650669,NaN,NaN,NaN,1785522655.0694,14477.16566848,2.21433258056641,0.0185236930847168,0.235946655273438,1.03615498542786,1.42691278457642,1.50244474411011,1.54423570632935,1.54423570632935,-1,-1,1.77942991256714,217.422962188721,75.5319595336914,41.7909622192383,117.32292175293,Congruent,Right,Left,Right,Right,Right,0,1,1,0,1,1,1,1,1,0,0,0,0,1,1,1,1,1,1,449,169,20260731_t1356_srsSmooth_Moretraining_B007,52,12,33.4554739793142,1.32740616798401,2,1,21,1,1,0,0,1,1
20260731_t1356_srsSmooth_Moretraining,srs_smooth_Moretraining,trial0650.mat,650,650,449,7,66,52,60,20,40,8,1,2,7,2,51,8553,2,0,1,2,1,1,2,2,1,1,CHOSE_LOW_SAL,2,455,1,0,0,0,0,0,154,27,154,27,127,154,1,180,194.5455660664,355.4544339336,14.5455660664002,175.4544339336,-160.9088678672,160.9088678672,NaN,NaN,NaN,1785522658.55027,14480.64642148,2.17551589012146,0.0127933025360107,0.263294219970703,0.772079229354858,1.12950372695923,1.41335415840149,1.4465594291687,1.4465594291687,-1,-1,1.72381567955017,250.500917434692,283.850431442261,33.2052707672119,317.055702209473,Conflict,Right,Left,Right,Right,Left,0,1,0,1,1,1,1,1,0,0,0,0,1,1,1,0,1,0,1,450,170,20260731_t1356_srsSmooth_Moretraining_B007,53,13,33.5134884357452,1.26653480529785,1,1,135,1,0,0,1,1,1
20260731_t1356_srsSmooth_Moretraining,srs_smooth_Moretraining,trial0651.mat,651,651,450,7,67,53,60,20,40,8,1,2,7,2,54,11312,2,0,1,2,1,1,2,2,1,1,CHOSE_LOW_SAL,2,455,1,0,0,0,0,0,147,58,147,58,89,147,1,0,37.9565748387033,152.043425161297,37.9565748387033,152.043425161297,-114.086850322593,114.086850322593,NaN,NaN,NaN,1785522662.02329,14484.11949804,2.22807002067566,0.0149059295654297,0.149010896682739,0.8070969581604,1.20661997795105,1.46537923812866,1.49062490463257,1.49062490463257,-1,-1,1.77653074264526,134.10496711731,258.759260177612,25.2456665039062,284.004926681519,Conflict,Right,Left,Right,Right,Left,0,1,0,1,1,1,1,1,0,0,0,0,1,1,1,0,1,0,1,451,171,20260731_t1356_srsSmooth_Moretraining_B007,54,14,33.5713721593221,1.29750752449036,1,1,154,1,0,0,1,1,1
20260731_t1356_srsSmooth_Moretraining,srs_smooth_Moretraining,trial0652.mat,652,652,451,7,68,54,60,20,40,8,1,1,5,2,45,8123,2,0,1,2,1,1,1,1,1,1,CHOSE_HIGH_SAL,1,455,1,0,0,0,0,0,143,29,143,29,114,143,1,0,173.288806755734,16.7111932442659,173.288806755734,16.7111932442659,156.577613511468,156.577613511468,NaN,NaN,NaN,1785522665.53805,14487.63418812,2.24668216705322,0.0169494152069092,0.200706005096436,0.850707054138184,1.30033326148987,1.52625131607056,1.56880283355713,1.56880283355713,-1,-1,1.80282831192017,183.756589889526,225.918054580688,42.5515174865723,268.469572067261,Congruent,Right,Left,Right,Right,Right,0,1,1,0,1,1,1,1,1,0,0,0,0,1,1,1,1,1,1,452,172,20260731_t1356_srsSmooth_Moretraining_B007,55,15,33.6299515207609,1.28669166564941,1,1,147,1,0,0,1,1,1
20260731_t1356_srsSmooth_Moretraining,srs_smooth_Moretraining,trial0653.mat,653,653,452,7,69,55,60,20,40,8,1,2,8,2,60,28651,2,0,2,1,1,2,2,1,2,1,CHOSE_HIGH_SAL,1,455,1,0,0,0,0,0,140,31,140,31,109,31,1,180,202.054112287116,347.945887712884,22.0541122871155,167.945887712884,-145.891775425769,145.891775425769,NaN,NaN,NaN,1785522669.09045,14491.18656804,2.06092572212219,0.0146920680999756,0.223666667938232,0.757128000259399,1.19807195663452,1.4067370891571,1.44057989120483,1.44057989120483,-1,-1,1.72563004493713,208.974599838257,208.665132522583,33.8428020477295,242.507934570312,Conflict,Left,Right,Right,Left,Right,0,1,0,1,1,1,0,0,1,0,1,1,0,0,0,1,1,0,1,453,173,20260731_t1356_srsSmooth_Moretraining_B007,56,16,33.689158141613,1.30571508407593,1,1,143,1,1,0,0,1,1
20260731_t1356_srsSmooth_Moretraining,srs_smooth_Moretraining,trial0654.mat,654,654,453,7,70,56,60,20,40,8,1,2,8,2,58,13541,2,0,2,1,1,2,2,1,2,1,CHOSE_HIGH_SAL,1,455,1,0,0,0,0,0,147,57,147,57,90,57,1,180,212.309908084382,337.690091915618,32.3099080843816,157.690091915618,-125.380183831237,125.380183831237,NaN,NaN,NaN,1785522672.42242,14494.51847672,2.19538164138794,0.016183614730835,0.258258581161499,0.925032615661621,1.2829008102417,1.50007128715515,1.53343725204468,1.53343725204468,-1,-1,1.8361279964447,242.074966430664,217.170476913452,33.3659648895264,250.536441802979,Conflict,Left,Right,Right,Left,Right,0,1,0,1,1,1,0,0,1,0,1,1,0,0,0,1,1,0,1,454,174,20260731_t1356_srsSmooth_Moretraining_B007,57,17,33.7446910142899,1.27104663848877,2,1,31,1,0,0,1,1,1
20260731_t1356_srsSmooth_Moretraining,srs_smooth_Moretraining,trial0655.mat,655,655,454,7,71,57,60,20,40,8,1,1,5,2,41,4738,2,0,1,2,1,1,1,1,1,1,CHOSE_HIGH_SAL,1,455,1,0,0,0,0,0,122,10,122,10,112,122,1,180,299.218734588871,250.781265411129,119.218734588871,70.7812654111293,48.4374691777414,48.4374691777414,NaN,NaN,NaN,1785522675.90531,14498.00129516,2.24617505073547,0.0167694091796875,0.192486763000488,0.867587327957153,1.27515149116516,1.49232339859009,1.52549815177917,1.52549815177917,-1,-1,1.81918835639954,175.717353820801,217.171907424927,33.1747531890869,250.346660614014,Congruent,Right,Left,Right,Right,Right,0,1,1,0,1,1,1,1,1,0,0,0,0,1,1,1,1,1,1,455,175,20260731_t1356_srsSmooth_Moretraining_B007,58,18,33.8027390996615,1.28750348091125,2,1,57,1,1,0,0,1,1
20260731_t1356_srsSmooth_Moretraining,srs_smooth_Moretraining,trial0656.mat,656,656,455,7,72,58,60,20,40,8,1,1,6,2,48,6255,2,0,2,1,1,2,1,2,2,1,CHOSE_LOW_SAL,2,455,1,0,0,0,0,0,151,29,151,29,122,29,1,180,310.095531657391,239.904468342609,130.095531657391,59.9044683426087,70.1910633147826,70.1910633147826,NaN,NaN,NaN,1785522679.42585,14501.52169336,2.25928068161011,0.0130367279052734,0.255218982696533,0.930439949035645,1.37975668907166,1.62188267707825,1.66347789764404,1.66347789764404,-1,-1,1.93297719955444,242.18225479126,242.125988006592,41.5952205657959,283.721208572388,Congruent,Left,Right,Right,Left,Left,0,1,1,0,1,1,0,0,0,0,1,1,1,0,0,0,1,1,1,456,176,20260731_t1356_srsSmooth_Moretraining_B007,59,19,33.8614147305489,1.27436280250549,1,1,122,1,1,0,0,1,1
20260731_t1356_srsSmooth_Moretraining,srs_smooth_Moretraining,trial0657.mat,657,657,456,7,73,59,60,20,40,8,1,1,6,2,47,30836,2,0,2,1,1,2,1,2,2,1,CHOSE_LOW_SAL,2,455,1,0,0,0,0,0,121,29,121,29,92,29,1,180,331.253692774362,218.746307225638,151.253692774362,38.7463072256379,112.507385548724,112.507385548724,NaN,NaN,NaN,1785522682.96208,14505.05777684,2.08140468597412,0.0186128616333008,0.26078987121582,0.786004543304443,1.19365882873535,1.50260019302368,1.53579139709473,1.53579139709473,-1,-1,1.75497031211853,242.17700958252,308.94136428833,33.1912040710449,342.132568359375,Congruent,Left,Right,Right,Left,Left,0,1,1,0,1,1,0,0,0,0,1,1,1,0,0,0,1,1,1,457,177,20260731_t1356_srsSmooth_Moretraining_B007,60,20,33.9203518946966,1.27694916725159,2,1,29,1,0,0,1,1,1
20260731_t1356_srsSmooth_Moretraining,srs_smooth_Moretraining,trial0658.mat,658,658,457,8,1,0,60,20,40,8,2,0,3,1,29,14251,1,2,2,1,2,1,2,1,2,1,SINGLE_T2_CORRECT,11,455,1,0,0,0,0,0,61,112,112,61,-51,112,1,180,190,0,10,180,-170,170,NaN,NaN,NaN,1785522686.31056,14508.40634196,2.2079496383667,0.0119245052337646,0.253981590270996,0.795864343643188,1.20363855361938,1.47083449363708,1.51277208328247,1.51277208328247,-1,-1,1.79764580726624,242.057085037231,267.1959400177,41.9375896453857,309.133529663086,Instruction,Left,Right,Right,Right,Right,1,0,0,0,0,NaN,NaN,NaN,NaN,NaN,NaN,NaN,NaN,0,1,1,0,0,0,458,NaN,20260731_t1356_srsSmooth_Moretraining_B008,1,NaN,33.9761600017548,1.26708173751831,NaN,NaN,NaN,0,NaN,NaN,NaN,NaN,0
20260731_t1356_srsSmooth_Moretraining,srs_smooth_Moretraining,trial0659.mat,659,659,458,8,2,1,60,20,40,8,2,0,3,1,27,25777,1,2,2,1,2,1,2,1,2,1,SINGLE_T2_CORRECT,11,455,1,0,0,0,0,0,58,105,105,58,-47,105,1,180,190,0,10,180,-170,170,NaN,NaN,NaN,1785522689.79552,14511.89111076,2.24836373329163,0.018768310546875,0.211574554443359,1.002845287323,1.3688223361969,1.57785725593567,1.61136317253113,1.61136317253113,-1,-1,1.84637141227722,192.806243896484,209.03491973877,33.505916595459,242.540836334229,Instruction,Left,Right,Right,Right,Right,1,0,0,0,0,NaN,NaN,NaN,NaN,NaN,NaN,NaN,NaN,0,1,1,0,0,0,459,NaN,20260731_t1356_srsSmooth_Moretraining_B008,2,NaN,34.0342426697413,1.27701044082642,NaN,NaN,NaN,0,NaN,NaN,NaN,NaN,0
20260731_t1356_srsSmooth_Moretraining,srs_smooth_Moretraining,trial0660.mat,660,660,459,8,3,2,60,20,40,8,2,0,3,1,30,19141,1,2,2,1,2,1,2,1,2,1,SINGLE_T2_CORRECT,11,455,1,0,0,0,0,0,48,126,126,48,-78,126,1,0,10,180,10,180,-170,170,NaN,NaN,NaN,1785522693.32893,14515.42447836,2.19784927368164,0.018829345703125,0.0361201763153076,0.786198139190674,1.16887450218201,1.43624663352966,1.46937894821167,1.46937894821167,-1,-1,1.7711501121521,17.2908306121826,267.372131347656,33.1323146820068,300.504446029663,Instruction,Left,Right,Right,Right,Right,1,0,0,0,0,NaN,NaN,NaN,NaN,NaN,NaN,NaN,NaN,0,1,1,0,0,0,460,NaN,20260731_t1356_srsSmooth_Moretraining_B008,3,NaN,34.0931328694026,1.28504824638367,NaN,NaN,NaN,0,NaN,NaN,NaN,NaN,0
20260731_t1356_srsSmooth_Moretraining,srs_smooth_Moretraining,trial0662.mat,662,662,460,8,5,3,60,20,40,8,2,0,4,1,31,19464,1,2,1,2,2,2,2,2,2,2,SINGLE_T2_CORRECT,11,455,1,0,0,0,0,0,50,102,102,50,-52,102,1,180,190,0,10,180,-170,170,NaN,NaN,NaN,1785522698.2989,14520.39443276,2.3531928062439,0.0157270431518555,0.224374055862427,0.974540948867798,1.41578197479248,1.64143800735474,1.67475152015686,1.67475152015686,-1,-1,1.95133137702942,208.647012710571,225.656032562256,33.313512802124,258.96954536438,Instruction,Right,Left,Left,Left,Left,1,0,0,0,0,NaN,NaN,NaN,NaN,NaN,NaN,NaN,NaN,1,0,0,0,0,0,461,NaN,20260731_t1356_srsSmooth_Moretraining_B008,4,NaN,34.1759656270345,2.77211618423462,NaN,NaN,NaN,0,NaN,NaN,NaN,NaN,0
20260731_t1356_srsSmooth_Moretraining,srs_smooth_Moretraining,trial0663.mat,663,663,461,8,6,4,60,20,40,8,2,0,2,1,13,14056,1,1,2,1,2,1,1,2,1,2,SINGLE_T1_CORRECT,10,455,1,0,0,0,0,0,37,125,125,37,-88,37,1,180,0,190,180,10,170,170,NaN,NaN,NaN,1785522701.92269,14524.01806172,2.13792419433594,0.0170767307281494,0.209415197372437,0.92578911781311,1.32546210289001,1.5258412361145,1.55919766426086,1.55919766426086,-1,-1,1.80309009552002,192.338466644287,200.379133224487,33.3564281463623,233.73556137085,Instruction,Left,Right,Left,Right,Left,1,0,0,0,0,NaN,NaN,NaN,NaN,NaN,NaN,NaN,NaN,0,1,0,0,1,0,462,NaN,20260731_t1356_srsSmooth_Moretraining_B008,5,NaN,34.2363621751467,1.27060008049011,NaN,NaN,NaN,0,NaN,NaN,NaN,NaN,0
20260731_t1356_srsSmooth_Moretraining,srs_smooth_Moretraining,trial0664.mat,664,664,462,8,7,5,60,20,40,8,2,0,1,1,3,9864,1,1,1,2,2,2,1,1,1,1,SINGLE_T1_CORRECT,10,455,1,0,0,0,0,0,44,98,98,44,-54,44,1,180,0,190,180,10,170,170,NaN,NaN,NaN,1785522705.34633,14527.44163352,2.36476278305054,0.0185787677764893,0.194185733795166,0.969319820404053,1.38529968261719,1.69415616989136,1.7274603843689,1.7274603843689,-1,-1,2.0208957195282,175.606966018677,308.85648727417,33.3042144775391,342.160701751709,Instruction,Right,Left,Right,Left,Right,1,0,0,0,0,NaN,NaN,NaN,NaN,NaN,NaN,NaN,NaN,1,0,1,0,1,0,463,NaN,20260731_t1356_srsSmooth_Moretraining_B008,6,NaN,34.2934227307638,1.28570914268494,NaN,NaN,NaN,0,NaN,NaN,NaN,NaN,0
20260731_t1356_srsSmooth_Moretraining,srs_smooth_Moretraining,trial0665.mat,665,665,463,8,8,6,60,20,40,8,2,0,1,1,9,8577,1,1,1,2,2,2,1,1,1,1,SINGLE_T1_CORRECT,10,455,1,0,0,0,0,0,60,107,107,60,-47,60,1,0,180,10,180,10,170,170,NaN,NaN,NaN,1785522709.00489,14531.1000632,2.08105754852295,0.0184972286224365,0.194374799728394,0.744111061096191,1.09353923797607,1.39401197433472,1.42746424674988,1.42746424674988,-1,-1,1.72102355957031,175.877571105957,300.472736358643,33.4522724151611,333.925008773804,Instruction,Right,Left,Right,Left,Right,1,0,0,0,0,NaN,NaN,NaN,NaN,NaN,NaN,NaN,NaN,1,0,1,0,1,0,464,NaN,20260731_t1356_srsSmooth_Moretraining_B008,7,NaN,34.3543987234433,1.29379677772522,NaN,NaN,NaN,0,NaN,NaN,NaN,NaN,0
20260731_t1356_srsSmooth_Moretraining,srs_smooth_Moretraining,trial0666.mat,666,666,464,8,9,7,60,20,40,8,2,0,4,1,39,8579,1,2,1,2,2,2,2,2,2,2,SINGLE_T2_CORRECT,11,455,1,0,0,0,0,0,25,157,157,25,-132,157,1,0,10,180,10,180,-170,170,NaN,NaN,NaN,1785522712.3826,14534.47777784,2.42859172821045,0.0159125328063965,0.258327722549438,1.03306221961975,1.39096760749817,1.64177894592285,1.67502856254578,1.67502856254578,-1,-1,1.96842622756958,242.415189743042,250.811338424683,33.2496166229248,284.060955047607,Instruction,Right,Left,Left,Left,Left,1,0,0,0,0,NaN,NaN,NaN,NaN,NaN,NaN,NaN,NaN,1,0,0,0,0,0,465,NaN,20260731_t1356_srsSmooth_Moretraining_B008,8,NaN,34.4106940150261,1.29665994644165,NaN,NaN,NaN,0,NaN,NaN,NaN,NaN,0
20260731_t1356_srsSmooth_Moretraining,srs_smooth_Moretraining,trial0668.mat,668,668,465,8,11,8,60,20,40,8,2,0,2,1,18,22991,1,1,2,1,2,1,1,2,1,2,SINGLE_T1_CORRECT,10,455,1,0,0,0,0,0,46,110,110,46,-64,46,1,0,180,10,180,10,170,170,NaN,NaN,NaN,1785522717.59251,14539.68763596,2.09340810775757,0.0145473480224609,0.0152397155761719,0.806694030761719,1.14792537689209,1.41495203971863,1.45657920837402,1.45657920837402,-1,-1,1.75033068656921,0.692367553710938,267.026662826538,41.6271686553955,308.653831481934,Instruction,Left,Right,Left,Right,Left,1,0,0,0,0,NaN,NaN,NaN,NaN,NaN,NaN,NaN,NaN,0,1,0,0,1,0,466,NaN,20260731_t1356_srsSmooth_Moretraining_B008,9,NaN,34.4975257515907,2.78131246566772,NaN,NaN,NaN,0,NaN,NaN,NaN,NaN,0
20260731_t1356_srsSmooth_Moretraining,srs_smooth_Moretraining,trial0669.mat,669,669,466,8,12,9,60,20,40,8,2,0,1,1,10,11916,1,1,1,2,2,2,1,1,1,1,SINGLE_T1_CORRECT,10,455,1,0,0,0,0,0,64,89,89,64,-25,64,1,0,180,10,180,10,170,170,NaN,NaN,NaN,1785522720.97378,14543.06884976,2.39656925201416,0.0167372226715088,0.225697994232178,1.00075745582581,1.42512607574463,1.7259042263031,1.75914573669434,1.75914573669434,-1,-1,2.02784991264343,208.960771560669,300.778150558472,33.2415103912354,334.019660949707,Instruction,Right,Left,Right,Left,Right,1,0,0,0,0,NaN,NaN,NaN,NaN,NaN,NaN,NaN,NaN,1,0,1,0,1,0,467,NaN,20260731_t1356_srsSmooth_Moretraining_B008,10,NaN,34.5538803736369,1.2878692150116,NaN,NaN,NaN,0,NaN,NaN,NaN,NaN,0
20260731_t1356_srsSmooth_Moretraining,srs_smooth_Moretraining,trial0670.mat,670,670,467,8,13,10,60,20,40,8,2,0,1,1,4,1331,1,1,1,2,2,2,1,1,1,1,SINGLE_T1_CORRECT,10,455,1,0,0,0,0,0,29,120,120,29,-91,29,1,180,0,190,180,10,170,170,NaN,NaN,NaN,1785522724.68616,14546.7809302,2.20048666000366,0.0128366947174072,0.213433980941772,0.905286073684692,1.32955503463745,1.58039140701294,1.6136589050293,1.6136589050293,-1,-1,1.87379336357117,200.597286224365,250.836372375488,33.2674980163574,284.103870391846,Instruction,Right,Left,Right,Left,Right,1,0,0,0,0,NaN,NaN,NaN,NaN,NaN,NaN,NaN,NaN,1,0,1,0,1,0,468,NaN,20260731_t1356_srsSmooth_Moretraining_B008,11,NaN,34.6157533764839,1.31581091880798,NaN,NaN,NaN,0,NaN,NaN,NaN,NaN,0
20260731_t1356_srsSmooth_Moretraining,srs_smooth_Moretraining,trial0671.mat,671,671,468,8,14,11,60,20,40,8,2,0,2,1,14,11954,1,1,2,1,2,1,1,2,1,2,SINGLE_T1_CORRECT,10,455,1,0,0,0,0,0,43,93,93,43,-50,43,1,0,180,10,180,10,170,170,NaN,NaN,NaN,1785522728.15664,14550.2514972,2.04702830314636,0.0174973011016846,0.243022680282593,0.751610517501831,1.13420796394348,1.37652349472046,1.41802525520325,1.41802525520325,-1,-1,1.70322489738464,225.525379180908,242.315530776978,41.5017604827881,283.817291259766,Instruction,Left,Right,Left,Right,Left,1,0,0,0,0,NaN,NaN,NaN,NaN,NaN,NaN,NaN,NaN,0,1,0,0,1,0,469,NaN,20260731_t1356_srsSmooth_Moretraining_B008,12,NaN,34.6735946377118,1.26998901367188,NaN,NaN,NaN,0,NaN,NaN,NaN,NaN,0
20260731_t1356_srsSmooth_Moretraining,srs_smooth_Moretraining,trial0672.mat,672,672,469,8,15,12,60,20,40,8,2,0,2,1,20,30509,1,1,2,1,2,1,1,2,1,2,SINGLE_T1_CORRECT,10,455,1,0,0,0,0,0,58,84,84,58,-26,58,1,0,180,10,180,10,170,170,NaN,NaN,NaN,1785522731.51617,14553.611035,2.30439639091492,0.0164291858673096,0.250288248062134,1.02516078948975,1.38314914703369,1.6084988117218,1.64209938049316,1.64209938049316,-1,-1,1.94448137283325,233.859062194824,225.34966468811,33.6005687713623,258.950233459473,Instruction,Left,Right,Left,Right,Left,1,0,0,0,0,NaN,NaN,NaN,NaN,NaN,NaN,NaN,NaN,0,1,0,0,1,0,470,NaN,20260731_t1356_srsSmooth_Moretraining_B008,13,NaN,34.729586871465,1.3125057220459,NaN,NaN,NaN,0,NaN,NaN,NaN,NaN,0
20260731_t1356_srsSmooth_Moretraining,srs_smooth_Moretraining,trial0673.mat,673,673,470,8,16,13,60,20,40,8,2,0,1,1,5,11484,1,1,1,2,2,2,1,1,0,0,,0,11,0,1,0,0,0,0,21,125,125,21,-104,NaN,1,180,0,190,180,10,170,170,NaN,NaN,NaN,1785522735.10609,14557.20082772,0.254828929901123,0.0183167457580566,0.202229499816895,-1,-1,-1,-1,-1,-1,-1,-1,183.912754058838,NaN,NaN,NaN,Instruction,Right,Left,None,Left,Right,1,0,0,0,0,NaN,NaN,NaN,NaN,NaN,NaN,NaN,NaN,1,0,1,0,1,0,470,NaN,20260731_t1356_srsSmooth_Moretraining_B008,NaN,NaN,34.7894188642502,1.28552317619324,NaN,NaN,NaN,0,NaN,NaN,NaN,NaN,0
20260731_t1356_srsSmooth_Moretraining,srs_smooth_Moretraining,trial0674.mat,674,674,470,8,17,13,60,20,40,8,2,0,2,1,19,25323,1,1,2,1,2,1,1,2,1,2,SINGLE_T1_CORRECT,10,455,1,0,0,0,0,0,48,105,105,48,-57,48,1,0,180,10,180,10,170,170,NaN,NaN,NaN,1785522736.55645,14558.65114952,2.23116016387939,0.0180127620697021,0.201925992965698,0.918578386306763,1.33473062515259,1.60187101364136,1.63552117347717,1.63552117347717,-1,-1,1.87912535667419,183.913230895996,267.14038848877,33.6501598358154,300.790548324585,Instruction,Left,Right,Left,Right,Left,1,0,0,0,0,NaN,NaN,NaN,NaN,NaN,NaN,NaN,NaN,0,1,0,0,1,0,471,NaN,20260731_t1356_srsSmooth_Moretraining_B008,14,NaN,34.8135915438334,1.19553184509277,NaN,NaN,NaN,0,NaN,NaN,NaN,NaN,0
20260731_t1356_srsSmooth_Moretraining,srs_smooth_Moretraining,trial0675.mat,675,675,471,8,18,14,60,20,40,8,2,0,2,1,17,4911,1,1,2,1,2,1,1,2,1,2,SINGLE_T1_CORRECT,10,455,1,0,0,0,0,0,38,119,119,38,-81,38,1,0,180,10,180,10,170,170,NaN,NaN,NaN,1785522740.07365,14562.16827492,2.1798415184021,0.0176198482513428,0.218156337738037,0.918171882629395,1.3426718711853,1.58488774299622,1.61863231658936,1.61863231658936,-1,-1,1.84507083892822,200.536489486694,242.215871810913,33.7445735931396,275.960445404053,Instruction,Left,Right,Left,Right,Left,1,0,0,0,0,NaN,NaN,NaN,NaN,NaN,NaN,NaN,NaN,0,1,0,0,1,0,472,NaN,20260731_t1356_srsSmooth_Moretraining_B008,15,NaN,34.8722114960353,1.2860369682312,NaN,NaN,NaN,0,NaN,NaN,NaN,NaN,0
20260731_t1356_srsSmooth_Moretraining,srs_smooth_Moretraining,trial0676.mat,676,676,472,8,19,15,60,20,40,8,2,0,1,1,1,20375,1,1,1,2,2,2,1,1,1,1,SINGLE_T1_CORRECT,10,455,1,0,0,0,0,0,71,114,114,71,-43,71,1,180,0,190,180,10,170,170,NaN,NaN,NaN,1785522743.5426,14565.63721632,2.28623700141907,0.0154719352722168,0.207532644271851,0.940852403640747,1.33219003677368,1.60779213905334,1.64094758033752,1.64094758033752,-1,-1,1.91753649711609,192.060708999634,275.602102279663,33.1554412841797,308.757543563843,Instruction,Right,Left,Right,Left,Right,1,0,0,0,0,NaN,NaN,NaN,NaN,NaN,NaN,NaN,NaN,1,0,1,0,1,0,473,NaN,20260731_t1356_srsSmooth_Moretraining_B008,16,NaN,34.9300273259481,1.28910827636719,NaN,NaN,NaN,0,NaN,NaN,NaN,NaN,0
20260731_t1356_srsSmooth_Moretraining,srs_smooth_Moretraining,trial0677.mat,677,677,473,8,20,16,60,20,40,8,2,0,2,1,11,17002,1,1,2,1,2,1,1,2,1,2,SINGLE_T1_CORRECT,10,455,1,0,0,0,0,0,29,106,106,29,-77,29,1,0,180,10,180,10,170,170,NaN,NaN,NaN,1785522747.11509,14569.2095044,2.29751634597778,0.0181269645690918,0.235157251358032,1.02685761451721,1.42651510238647,1.63539552688599,1.66853284835815,1.66853284835815,-1,-1,1.97078919410706,217.03028678894,208.880424499512,33.137321472168,242.01774597168,Instruction,Left,Right,Left,Right,Left,1,0,0,0,0,NaN,NaN,NaN,NaN,NaN,NaN,NaN,NaN,0,1,0,0,1,0,474,NaN,20260731_t1356_srsSmooth_Moretraining_B008,17,NaN,34.9895687421163,1.28624796867371,NaN,NaN,NaN,0,NaN,NaN,NaN,NaN,0
20260731_t1356_srsSmooth_Moretraining,srs_smooth_Moretraining,trial0678.mat,678,678,474,8,21,17,60,20,40,8,2,0,3,1,24,6820,1,2,2,1,2,1,2,1,2,1,SINGLE_T2_CORRECT,11,455,1,0,0,0,0,0,50,102,102,50,-52,102,1,180,190,0,10,180,-170,170,NaN,NaN,NaN,1785522750.68778,14572.78216536,2.27512335777283,0.0122339725494385,0.220925807952881,0.970970869064331,1.32895183563232,1.59602928161621,1.63781666755676,1.63781666755676,-1,-1,1.87256956100464,208.691835403442,267.077445983887,41.7873859405518,308.864831924438,Instruction,Left,Right,Right,Right,Right,1,0,0,0,0,NaN,NaN,NaN,NaN,NaN,NaN,NaN,NaN,0,1,1,0,0,0,475,NaN,20260731_t1356_srsSmooth_Moretraining_B008,18,NaN,35.0491137107213,1.27518177032471,NaN,NaN,NaN,0,NaN,NaN,NaN,NaN,0
20260731_t1356_srsSmooth_Moretraining,srs_smooth_Moretraining,trial0679.mat,679,679,475,8,22,18,60,20,40,8,2,0,4,1,38,1661,1,2,1,2,2,2,2,2,2,2,SINGLE_T2_CORRECT,11,455,1,0,0,0,0,0,42,102,102,42,-60,102,1,0,10,180,10,180,-170,170,NaN,NaN,NaN,1785522754.27162,14576.36597832,2.24928212165833,0.011866569519043,0.19564151763916,0.920889139175415,1.32025051116943,1.52097082138062,1.56257748603821,1.56257748603821,-1,-1,1.84745621681213,183.774948120117,200.720310211182,41.6066646575928,242.326974868774,Instruction,Right,Left,Left,Left,Left,1,0,0,0,0,NaN,NaN,NaN,NaN,NaN,NaN,NaN,NaN,1,0,0,0,0,0,476,NaN,20260731_t1356_srsSmooth_Moretraining_B008,19,NaN,35.1088443676631,1.30871605873108,NaN,NaN,NaN,0,NaN,NaN,NaN,NaN,0
20260731_t1356_srsSmooth_Moretraining,srs_smooth_Moretraining,trial0680.mat,680,680,476,8,23,19,60,20,40,8,2,0,3,1,26,3421,1,2,2,1,2,1,2,1,2,1,SINGLE_T2_CORRECT,11,455,1,0,0,0,0,0,45,97,97,45,-52,97,1,180,190,0,10,180,-170,170,NaN,NaN,NaN,1785522757.77241,14579.86666544,2.41582036018372,0.0112121105194092,0.236732721328735,1.03679633140564,1.43626713752747,1.73677635192871,1.77043008804321,1.77043008804321,-1,-1,2.01380968093872,225.520610809326,300.509214401245,33.653736114502,334.162950515747,Instruction,Left,Right,Right,Right,Right,1,0,0,0,0,NaN,NaN,NaN,NaN,NaN,NaN,NaN,NaN,0,1,1,0,0,0,477,NaN,20260731_t1356_srsSmooth_Moretraining_B008,20,NaN,35.1671908736229,1.2515082359314,NaN,NaN,NaN,0,NaN,NaN,NaN,NaN,0
20260731_t1356_srsSmooth_Moretraining,srs_smooth_Moretraining,trial0681.mat,681,681,477,8,24,20,60,20,40,8,2,0,4,1,34,21169,1,2,1,2,2,2,2,2,2,2,SINGLE_T2_CORRECT,11,455,1,0,0,0,0,0,42,95,95,42,-53,95,1,0,10,180,10,180,-170,170,NaN,NaN,NaN,1785522761.5123,14583.60646192,2.32587814331055,0.0131406784057617,0.272027969360352,1.03040218353271,1.39652800559998,1.63038563728333,1.66396737098694,1.66396737098694,-1,-1,1.93263792991638,258.88729095459,233.85763168335,33.5817337036133,267.439365386963,Instruction,Right,Left,Left,Left,Left,1,0,0,0,0,NaN,NaN,NaN,NaN,NaN,NaN,NaN,NaN,1,0,0,0,0,0,478,NaN,20260731_t1356_srsSmooth_Moretraining_B008,21,NaN,35.2295222600301,1.32406282424927,NaN,NaN,NaN,0,NaN,NaN,NaN,NaN,0
20260731_t1356_srsSmooth_Moretraining,srs_smooth_Moretraining,trial0682.mat,682,682,478,8,25,21,60,20,40,8,2,0,3,1,21,30174,1,2,2,1,2,1,2,1,2,1,SINGLE_T2_CORRECT,11,455,1,0,0,0,0,0,44,108,108,44,-64,108,1,180,190,0,10,180,-170,170,NaN,NaN,NaN,1785522765.12587,14587.21994976,2.06243252754211,0.0163784027099609,0.225232124328613,0.733599662780762,1.1330873966217,1.38368344306946,1.41687726974487,1.41687726974487,-1,-1,1.65272665023804,208.853721618652,250.596046447754,33.193826675415,283.789873123169,Instruction,Left,Right,Right,Right,Right,1,0,0,0,0,NaN,NaN,NaN,NaN,NaN,NaN,NaN,NaN,0,1,1,0,0,0,479,NaN,20260731_t1356_srsSmooth_Moretraining_B008,22,NaN,35.2897484183311,1.28769135475159,NaN,NaN,NaN,0,NaN,NaN,NaN,NaN,0
20260731_t1356_srsSmooth_Moretraining,srs_smooth_Moretraining,trial0683.mat,683,683,479,8,26,22,60,20,40,8,2,0,2,1,12,12646,1,1,2,1,2,1,1,2,1,2,SINGLE_T1_CORRECT,10,455,1,0,0,0,0,0,62,98,98,62,-36,62,1,0,180,10,180,10,170,170,NaN,NaN,NaN,1785522768.4831,14590.57715464,2.07954120635986,0.0176095962524414,0.284631252288818,0.834670305252075,1.24265670776367,1.40973663330078,1.45136022567749,1.45136022567749,-1,-1,1.72027969360352,267.021656036377,167.079925537109,41.623592376709,208.703517913818,Instruction,Left,Right,Left,Right,Left,1,0,0,0,0,NaN,NaN,NaN,NaN,NaN,NaN,NaN,NaN,0,1,0,0,1,0,480,NaN,20260731_t1356_srsSmooth_Moretraining_B008,23,NaN,35.3457022825877,1.29479932785034,NaN,NaN,NaN,0,NaN,NaN,NaN,NaN,0
20260731_t1356_srsSmooth_Moretraining,srs_smooth_Moretraining,trial0684.mat,684,684,480,8,27,23,60,20,40,8,2,0,4,1,36,24647,1,2,1,2,2,2,2,2,2,2,SINGLE_T2_CORRECT,11,455,1,0,0,0,0,0,62,84,84,62,-22,84,1,0,10,180,10,180,-170,170,NaN,NaN,NaN,1785522771.90948,14594.00352556,2.1708996295929,0.0163631439208984,0.233535289764404,0.933621644973755,1.29974603652954,1.50865077972412,1.55031991004944,1.55031991004944,-1,-1,1.78591322898865,217.172145843506,208.90474319458,41.6691303253174,250.573873519897,Instruction,Right,Left,Left,Left,Left,1,0,0,0,0,NaN,NaN,NaN,NaN,NaN,NaN,NaN,NaN,1,0,0,0,0,0,481,NaN,20260731_t1356_srsSmooth_Moretraining_B008,24,NaN,35.4028086066246,1.3468382358551,NaN,NaN,NaN,0,NaN,NaN,NaN,NaN,0
20260731_t1356_srsSmooth_Moretraining,srs_smooth_Moretraining,trial0685.mat,685,685,481,8,28,24,60,20,40,8,2,0,1,1,5,11484,1,1,1,2,2,2,1,1,1,1,SINGLE_T1_CORRECT,10,455,1,0,0,0,0,0,29,128,128,29,-99,29,1,0,180,10,180,10,170,170,NaN,NaN,NaN,1785522775.34316,14597.43705504,2.42872619628906,0.016143798828125,0.258403539657593,1.05001664161682,1.49120092391968,1.77504348754883,1.80838942527771,1.80838942527771,-1,-1,2.10238003730774,242.259740829468,283.84256362915,33.3459377288818,317.188501358032,Instruction,Right,Left,Right,Left,Right,1,0,0,0,0,NaN,NaN,NaN,NaN,NaN,NaN,NaN,NaN,1,0,1,0,1,0,482,NaN,20260731_t1356_srsSmooth_Moretraining_B008,25,NaN,35.4600366950035,1.26278567314148,NaN,NaN,NaN,0,NaN,NaN,NaN,NaN,0
20260731_t1356_srsSmooth_Moretraining,srs_smooth_Moretraining,trial0686.mat,686,686,482,8,29,25,60,20,40,8,2,0,3,1,25,13585,1,2,2,1,2,1,2,1,2,1,SINGLE_T2_CORRECT,11,455,1,0,0,0,0,0,56,113,113,56,-57,113,1,0,10,180,10,180,-170,170,NaN,NaN,NaN,1785522779.0907,14601.18449036,2.18914937973022,0.0187525749206543,0.194235563278198,0.910920858383179,1.25213360786438,1.51104927062988,1.5528519153595,1.5528519153595,-1,-1,1.77977299690247,175.482988357544,258.915662765503,41.8026447296143,300.718307495117,Instruction,Left,Right,Right,Right,Right,1,0,0,0,0,NaN,NaN,NaN,NaN,NaN,NaN,NaN,NaN,0,1,1,0,0,0,483,NaN,20260731_t1356_srsSmooth_Moretraining_B008,26,NaN,35.5224956313769,1.3188099861145,NaN,NaN,NaN,0,NaN,NaN,NaN,NaN,0
20260731_t1356_srsSmooth_Moretraining,srs_smooth_Moretraining,trial0687.mat,687,687,483,8,30,26,60,20,40,8,2,0,1,1,6,6088,1,1,1,2,2,2,1,1,1,1,SINGLE_T1_CORRECT,10,455,1,0,0,0,0,0,57,107,107,57,-50,57,1,180,0,190,180,10,170,170,NaN,NaN,NaN,1785522782.56842,14604.662274,2.28670215606689,0.0161631107330322,0.266825675964355,0.958373785018921,1.37454891204834,1.63320350646973,1.66667914390564,1.66667914390564,-1,-1,1.92708325386047,250.662565231323,258.654594421387,33.4756374359131,292.1302318573,Instruction,Right,Left,Right,Left,Right,1,0,0,0,0,NaN,NaN,NaN,NaN,NaN,NaN,NaN,NaN,1,0,1,0,1,0,484,NaN,20260731_t1356_srsSmooth_Moretraining_B008,27,NaN,35.5804576913516,1.28857421875,NaN,NaN,NaN,0,NaN,NaN,NaN,NaN,0
20260731_t1356_srsSmooth_Moretraining,srs_smooth_Moretraining,trial0688.mat,688,688,484,8,31,27,60,20,40,8,2,0,2,1,15,13527,1,1,2,1,2,1,1,2,0,0,,0,11,0,1,0,0,0,0,55,97,97,55,-42,NaN,1,180,0,190,180,10,170,170,NaN,NaN,NaN,1785522786.12931,14608.22308136,0.316343069076538,0.0137431621551514,0.264213562011719,-1,-1,-1,-1,-1,-1,-1,-1,250.470399856567,NaN,NaN,NaN,Instruction,Left,Right,None,Right,Left,1,0,0,0,0,NaN,NaN,NaN,NaN,NaN,NaN,NaN,NaN,0,1,0,0,1,0,484,NaN,20260731_t1356_srsSmooth_Moretraining_B008,NaN,NaN,35.6398058732351,1.27418875694275,NaN,NaN,NaN,0,NaN,NaN,NaN,NaN,0
20260731_t1356_srsSmooth_Moretraining,srs_smooth_Moretraining,trial0689.mat,689,689,484,8,32,27,60,20,40,8,2,0,4,1,37,491,1,2,1,2,2,2,2,2,2,2,SINGLE_T2_CORRECT,11,455,1,0,0,0,0,0,38,107,107,38,-69,107,1,180,190,0,10,180,-170,170,NaN,NaN,NaN,1785522787.65171,14609.74545956,2.13788962364197,0.0164103507995605,0.0173819065093994,0.800311803817749,1.19979071617126,1.44232153892517,1.48403525352478,1.48403525352478,-1,-1,1.72775769233704,0.971555709838867,242.530822753906,41.7137145996094,284.244537353516,Instruction,Right,Left,Left,Left,Left,1,0,0,0,0,NaN,NaN,NaN,NaN,NaN,NaN,NaN,NaN,1,0,0,0,0,0,485,NaN,20260731_t1356_srsSmooth_Moretraining_B008,28,NaN,35.6651790658633,1.20604848861694,NaN,NaN,NaN,0,NaN,NaN,NaN,NaN,0
20260731_t1356_srsSmooth_Moretraining,srs_smooth_Moretraining,trial0690.mat,690,690,485,8,33,28,60,20,40,8,2,0,4,1,32,3076,1,2,1,2,2,2,2,2,2,2,SINGLE_T2_CORRECT,11,455,1,0,0,0,0,0,35,114,114,35,-79,114,1,180,190,0,10,180,-170,170,NaN,NaN,NaN,1785522791.09113,14613.18473688,2.19842553138733,0.0187819004058838,0.236157894134521,0.81130313873291,1.21049499511719,1.45258259773254,1.48599553108215,1.48599553108215,-1,-1,1.78053784370422,217.375993728638,242.087602615356,33.4129333496094,275.500535964966,Instruction,Right,Left,Left,Left,Left,1,0,0,0,0,NaN,NaN,NaN,NaN,NaN,NaN,NaN,NaN,1,0,0,0,0,0,486,NaN,20260731_t1356_srsSmooth_Moretraining_B008,29,NaN,35.7225028753281,1.30153894424438,NaN,NaN,NaN,0,NaN,NaN,NaN,NaN,0
20260731_t1356_srsSmooth_Moretraining,srs_smooth_Moretraining,trial0691.mat,691,691,486,8,34,29,60,20,40,8,2,0,4,1,33,32378,1,2,1,2,2,2,2,2,2,2,SINGLE_T2_CORRECT,11,455,1,0,0,0,0,0,51,97,97,51,-46,97,1,0,10,180,10,180,-170,170,NaN,NaN,NaN,1785522794.57081,14616.6643486,2.39350509643555,0.014240026473999,0.27344799041748,1.07348227500916,1.48929715156555,1.69849300384521,1.73169302940369,1.73169302940369,-1,-1,1.99190306663513,259.207963943481,209.195852279663,33.2000255584717,242.395877838135,Instruction,Right,Left,Left,Left,Left,1,0,0,0,0,NaN,NaN,NaN,NaN,NaN,NaN,NaN,NaN,1,0,0,0,0,0,487,NaN,20260731_t1356_srsSmooth_Moretraining_B008,30,NaN,35.7804974913597,1.28125143051147,NaN,NaN,NaN,0,NaN,NaN,NaN,NaN,0
20260731_t1356_srsSmooth_Moretraining,srs_smooth_Moretraining,trial0692.mat,692,692,487,8,35,30,60,20,40,8,2,0,3,1,22,21633,1,2,2,1,2,1,2,1,2,1,SINGLE_T2_CORRECT,11,455,1,0,0,0,0,0,43,141,141,43,-98,141,1,180,190,0,10,180,-170,170,NaN,NaN,NaN,1785522798.25227,14620.34574476,2.45374846458435,0.0162551403045654,0.30019211769104,1.04209995269775,1.47464513778687,1.70857834815979,1.74210858345032,1.74210858345032,-1,-1,2.01068878173828,283.936977386475,233.933210372925,33.5302352905273,267.463445663452,Instruction,Left,Right,Right,Right,Right,1,0,0,0,0,NaN,NaN,NaN,NaN,NaN,NaN,NaN,NaN,0,1,1,0,0,0,488,NaN,20260731_t1356_srsSmooth_Moretraining_B008,31,NaN,35.8418551723162,1.28795576095581,NaN,NaN,NaN,0,NaN,NaN,NaN,NaN,0
20260731_t1356_srsSmooth_Moretraining,srs_smooth_Moretraining,trial0693.mat,693,693,488,8,36,31,60,20,40,8,2,0,2,1,16,26500,1,1,2,1,2,1,1,2,1,2,SINGLE_T1_CORRECT,10,455,1,0,0,0,0,0,50,110,110,50,-60,50,1,0,180,10,180,10,170,170,NaN,NaN,NaN,1785522801.97866,14624.07210688,1.88535809516907,0.0150077342987061,0.0159847736358643,0.573853254318237,0.94837760925293,1.23219633102417,1.26552963256836,1.26552963256836,-1,-1,1.53441691398621,0.977039337158203,283.81872177124,33.3333015441895,317.15202331543,Instruction,Left,Right,Left,Right,Left,1,0,0,0,0,NaN,NaN,NaN,NaN,NaN,NaN,NaN,NaN,0,1,0,0,1,0,489,NaN,20260731_t1356_srsSmooth_Moretraining_B008,32,NaN,35.9039616982142,1.27264308929443,NaN,NaN,NaN,0,NaN,NaN,NaN,NaN,0
20260731_t1356_srsSmooth_Moretraining,srs_smooth_Moretraining,trial0694.mat,694,694,489,8,37,32,60,20,40,8,2,0,1,1,8,4682,1,1,1,2,2,2,1,1,1,1,SINGLE_T1_CORRECT,10,455,1,0,0,0,0,0,55,95,95,55,-40,55,1,180,0,190,180,10,170,170,NaN,NaN,NaN,1785522805.18068,14627.27399592,2.276606798172,0.0131208896636963,0.222382068634033,1.005704164505,1.38817477226257,1.64745211601257,1.68907403945923,1.68907403945923,-1,-1,1.91629195213318,209.261178970337,259.27734375,41.6219234466553,300.899267196655,Instruction,Right,Left,Right,Left,Right,1,0,0,0,0,NaN,NaN,NaN,NaN,NaN,NaN,NaN,NaN,1,0,1,0,1,0,490,NaN,20260731_t1356_srsSmooth_Moretraining_B008,33,NaN,35.9573285460472,1.31665277481079,NaN,NaN,NaN,0,NaN,NaN,NaN,NaN,0
20260731_t1356_srsSmooth_Moretraining,srs_smooth_Moretraining,trial0695.mat,695,695,490,8,38,33,60,20,40,8,2,0,2,1,15,13527,1,1,2,1,2,1,1,2,1,2,SINGLE_T1_CORRECT,10,455,1,0,0,0,0,0,32,109,109,32,-77,32,1,180,0,190,180,10,170,170,NaN,NaN,NaN,1785522808.70009,14630.793336,2.10668063163757,0.010514497756958,0.278055906295776,0.911400079727173,1.26889634132385,1.51140904426575,1.54469180107117,1.54469180107117,-1,-1,1.77147054672241,267.541408538818,242.512702941895,33.2827568054199,275.795459747314,Instruction,Left,Right,Left,Right,Left,1,0,0,0,0,NaN,NaN,NaN,NaN,NaN,NaN,NaN,NaN,0,1,0,0,1,0,491,NaN,20260731_t1356_srsSmooth_Moretraining_B008,34,NaN,36.0159853855769,1.2428035736084,NaN,NaN,NaN,0,NaN,NaN,NaN,NaN,0
20260731_t1356_srsSmooth_Moretraining,srs_smooth_Moretraining,trial0696.mat,696,696,491,8,39,34,60,20,40,8,2,0,1,1,2,38,1,1,1,2,2,2,1,1,1,1,SINGLE_T1_CORRECT,10,455,1,0,0,0,0,0,53,113,113,53,-60,53,1,0,180,10,180,10,170,170,NaN,NaN,NaN,1785522812.07209,14634.16534648,2.23502326011658,0.0136425495147705,0.222423076629639,0.855750560760498,1.24702334403992,1.5558774471283,1.5890781879425,1.5890781879425,-1,-1,1.88339233398438,208.780527114868,308.854103088379,33.200740814209,342.054843902588,Instruction,Right,Left,Right,Left,Right,1,0,0,0,0,NaN,NaN,NaN,NaN,NaN,NaN,NaN,NaN,1,0,1,0,1,0,492,NaN,20260731_t1356_srsSmooth_Moretraining_B008,35,NaN,36.0721854329109,1.26532220840454,NaN,NaN,NaN,0,NaN,NaN,NaN,NaN,0
20260731_t1356_srsSmooth_Moretraining,srs_smooth_Moretraining,trial0697.mat,697,697,492,8,40,35,60,20,40,8,2,0,4,1,35,11875,1,2,1,2,2,2,2,2,2,2,SINGLE_T2_CORRECT,11,455,1,0,0,0,0,0,61,127,127,61,-66,127,1,180,190,0,10,180,-170,170,NaN,NaN,NaN,1785522815.61083,14637.70389156,2.12896680831909,0.016700267791748,0.300823926925659,0.817361831665039,1.19174551963806,1.4423611164093,1.47582769393921,1.47582769393921,-1,-1,1.70254921913147,284.123659133911,250.61559677124,33.4665775299072,284.082174301147,Instruction,Right,Left,Left,Left,Left,1,0,0,0,0,NaN,NaN,NaN,NaN,NaN,NaN,NaN,NaN,1,0,0,0,0,0,493,NaN,20260731_t1356_srsSmooth_Moretraining_B008,36,NaN,36.1311645348867,1.30372285842896,NaN,NaN,NaN,0,NaN,NaN,NaN,NaN,0
20260731_t1356_srsSmooth_Moretraining,srs_smooth_Moretraining,trial0698.mat,698,698,493,8,41,36,60,20,40,8,2,0,3,1,23,22533,1,2,2,1,2,1,2,1,2,1,SINGLE_T2_CORRECT,11,455,1,0,0,0,0,0,59,98,98,59,-39,98,1,0,10,180,10,180,-170,170,NaN,NaN,NaN,1785522819.05162,14641.14471648,2.34734725952148,0.0177111625671387,0.276727437973022,0.868285894393921,1.30942797660828,1.60161519050598,1.63497948646545,1.63497948646545,-1,-1,1.94629311561584,259.016275405884,292.187213897705,33.3642959594727,325.551509857178,Instruction,Left,Right,Right,Right,Right,1,0,0,0,0,NaN,NaN,NaN,NaN,NaN,NaN,NaN,NaN,0,1,1,0,0,0,494,NaN,20260731_t1356_srsSmooth_Moretraining_B008,37,NaN,36.188511021932,1.31182241439819,NaN,NaN,NaN,0,NaN,NaN,NaN,NaN,0
20260731_t1356_srsSmooth_Moretraining,srs_smooth_Moretraining,trial0699.mat,699,699,494,8,42,37,60,20,40,8,2,0,1,1,7,9097,1,1,1,2,2,2,1,1,1,1,SINGLE_T1_CORRECT,10,455,1,0,0,0,0,0,33,129,129,33,-96,33,1,0,180,10,180,10,170,170,NaN,NaN,NaN,1785522822.67888,14644.77178316,2.1617419719696,0.0155947208404541,0.23295259475708,0.866295576095581,1.23230862617493,1.49974679946899,1.53295850753784,1.53295850753784,-1,-1,1.82773637771606,217.357873916626,267.438173294067,33.2117080688477,300.649881362915,Instruction,Right,Left,Right,Left,Right,1,0,0,0,0,NaN,NaN,NaN,NaN,NaN,NaN,NaN,NaN,1,0,1,0,1,0,495,NaN,20260731_t1356_srsSmooth_Moretraining_B008,38,NaN,36.2489653150241,1.27991032600403,NaN,NaN,NaN,0,NaN,NaN,NaN,NaN,0
20260731_t1356_srsSmooth_Moretraining,srs_smooth_Moretraining,trial0700.mat,700,700,495,8,43,38,60,20,40,8,2,0,3,1,28,15843,1,2,2,1,2,1,2,1,2,1,SINGLE_T2_CORRECT,11,455,1,0,0,0,0,0,61,102,102,61,-41,102,1,0,10,180,10,180,-170,170,NaN,NaN,NaN,1785522826.13066,14648.22351704,2.26815843582153,0.013948917388916,0.23105525970459,0.964458703994751,1.3306667804718,1.56439399719238,1.60609698295593,1.60609698295593,-1,-1,1.86611294746399,217.106342315674,233.727216720581,41.7029857635498,275.430202484131,Instruction,Left,Right,Right,Right,Right,1,0,0,0,0,NaN,NaN,NaN,NaN,NaN,NaN,NaN,NaN,0,1,1,0,0,0,496,NaN,20260731_t1356_srsSmooth_Moretraining_B008,39,NaN,36.3064949790637,1.2900378704071,NaN,NaN,NaN,0,NaN,NaN,NaN,NaN,0
20260731_t1356_srsSmooth_Moretraining,srs_smooth_Moretraining,trial0701.mat,701,701,496,8,44,39,60,20,40,8,2,0,4,1,40,32501,1,2,1,2,2,2,2,2,2,2,SINGLE_T2_CORRECT,11,455,1,0,0,0,0,0,58,95,95,58,-37,95,1,180,190,0,10,180,-170,170,NaN,NaN,NaN,1785522829.69669,14651.7895868,2.20287942886353,0.0147228240966797,0.248574018478394,0.923674583435059,1.28977179527283,1.55688428878784,1.59050559997559,1.59050559997559,-1,-1,1.80876874923706,233.851194381714,267.112493515015,33.6213111877441,300.733804702759,Instruction,Right,Left,Left,Left,Left,1,0,0,0,0,NaN,NaN,NaN,NaN,NaN,NaN,NaN,NaN,1,0,0,0,0,0,497,NaN,20260731_t1356_srsSmooth_Moretraining_B008,40,NaN,36.3659288446108,1.29787349700928,NaN,NaN,NaN,0,NaN,NaN,NaN,NaN,0
20260731_t1356_srsSmooth_Moretraining,srs_smooth_Moretraining,trial0702.mat,702,702,497,8,45,40,60,20,40,8,2,1,6,2,48,21173,2,0,2,1,2,1,2,1,1,2,CHOSE_LOW_SAL,2,455,1,0,0,0,0,0,56,104,104,56,-48,56,1,0,76.4113234189766,113.588676581023,76.4113234189766,113.588676581023,-37.1773531620469,37.1773531620469,NaN,NaN,NaN,1785522833.18294,14655.27575896,2.04933047294617,0.0119431018829346,0.262362003326416,0.787366151809692,1.12865304946899,1.37907385826111,1.42067289352417,1.42067289352417,-1,-1,1.68920612335205,250.418901443481,250.420808792114,41.5990352630615,292.019844055176,Congruent,Left,Right,Left,Right,Right,0,1,1,0,1,0,1,0,0,1,0,1,1,0,1,1,0,0,1,498,178,20260731_t1356_srsSmooth_Moretraining_B008,41,1,36.4240329901377,1.28336930274963,2,1,29,0,1,1,0,0,1
20260731_t1356_srsSmooth_Moretraining,srs_smooth_Moretraining,trial0703.mat,703,703,498,8,46,41,60,20,40,8,2,1,6,2,46,1455,2,0,2,1,2,1,2,1,2,1,CHOSE_HIGH_SAL,1,455,1,0,0,0,0,0,62,97,97,62,-35,97,1,180,210.084032354696,339.915967645304,30.0840323546964,159.915967645304,-129.831935290607,129.831935290607,NaN,NaN,NaN,1785522836.53569,14658.62843452,2.21370816230774,0.017662525177002,0.218469619750977,0.901837110519409,1.30937957763672,1.51019716262817,1.54346323013306,1.54346323013306,-1,-1,1.81258773803711,200.807094573975,200.817584991455,33.2660675048828,234.083652496338,Congruent,Left,Right,Right,Right,Right,0,1,1,0,1,1,0,1,1,0,1,0,0,0,1,1,0,0,1,499,179,20260731_t1356_srsSmooth_Moretraining_B008,42,2,36.4799120664597,1.30341410636902,1,2,56,1,1,1,0,0,1
20260731_t1356_srsSmooth_Moretraining,srs_smooth_Moretraining,trial0704.mat,704,704,499,8,47,42,60,20,40,8,2,2,7,2,51,19152,2,0,1,2,2,2,1,1,1,1,CHOSE_HIGH_SAL,1,455,1,0,0,0,0,0,26,124,124,26,-98,26,1,0,170.781705813624,19.2182941863763,170.781705813624,19.2182941863763,151.563411627247,151.563411627247,NaN,NaN,NaN,1785522840.0288,14662.12135808,2.12069058418274,0.0163543224334717,0.283689260482788,0.858872890472412,1.28307056427002,1.50063395500183,1.53391242027283,1.53391242027283,-1,-1,1.79479813575745,267.334938049316,217.563390731812,33.2784652709961,250.841856002808,Conflict,Right,Left,Right,Left,Right,0,1,0,1,1,1,1,0,1,0,0,1,0,1,0,1,0,1,1,500,180,20260731_t1356_srsSmooth_Moretraining_B008,43,3,36.5381305654844,1.2794017791748,2,1,97,1,1,0,0,1,1
20260731_t1356_srsSmooth_Moretraining,srs_smooth_Moretraining,trial0705.mat,705,705,500,8,48,43,60,20,40,8,2,2,7,2,55,9777,2,0,1,2,2,2,1,1,2,2,CHOSE_LOW_SAL,2,455,1,0,0,0,0,0,38,77,77,38,-39,77,1,0,95.9818041085709,94.0181958914291,95.9818041085709,94.0181958914291,1.96360821714177,1.96360821714177,NaN,NaN,NaN,1785522843.45111,14665.54370836,2.24842977523804,0.0108373165130615,0.228289365768433,0.894582509994507,1.36922430992126,1.56130719184875,1.59481072425842,1.59481072425842,-1,-1,1.87170028686523,217.452049255371,192.08288192749,33.503532409668,225.586414337158,Conflict,Right,Left,Left,Left,Right,0,1,0,1,1,0,0,1,0,1,1,0,1,1,0,1,0,1,1,501,181,20260731_t1356_srsSmooth_Moretraining_B008,44,4,36.5951691865921,1.30162668228149,1,1,26,1,1,1,0,0,1
20260731_t1356_srsSmooth_Moretraining,srs_smooth_Moretraining,trial0706.mat,706,706,501,8,49,44,60,20,40,8,2,2,8,2,60,28119,2,0,2,1,2,1,1,2,1,2,CHOSE_HIGH_SAL,1,455,1,0,0,0,0,0,62,91,91,62,-29,62,1,0,111.792347160594,78.2076528394062,111.792347160594,78.2076528394062,33.5846943211876,33.5846943211876,NaN,NaN,NaN,1785522847.00716,14669.09950304,2.1607072353363,0.0132591724395752,0.22217583656311,0.939001083374023,1.30497598648071,1.54735231399536,1.58034133911133,1.58034133911133,-1,-1,1.79913449287415,208.916664123535,242.376327514648,32.9890251159668,275.365352630615,Conflict,Left,Right,Left,Right,Left,0,1,0,1,1,0,1,0,1,1,0,1,0,0,1,0,0,1,1,502,182,20260731_t1356_srsSmooth_Moretraining_B008,45,5,36.6544366916021,1.30762052536011,2,2,77,1,1,0,0,1,1
20260731_t1356_srsSmooth_Moretraining,srs_smooth_Moretraining,trial0707.mat,707,707,502,8,50,45,60,20,40,8,2,2,8,2,57,9743,2,0,2,1,2,1,1,2,1,2,CHOSE_HIGH_SAL,1,455,1,0,0,0,0,0,24,82,82,24,-58,24,1,0,134.448766809755,55.5512331902452,134.448766809755,55.5512331902452,78.8975336195096,78.8975336195096,NaN,NaN,NaN,1785522850.4534,14672.5457744,1.96276545524597,0.017160177230835,0.242684125900269,0.851208448410034,1.19220614433289,1.34289908409119,1.37619614601135,1.37619614601135,-1,-1,1.63644742965698,225.523948669434,150.692939758301,33.297061920166,183.990001678467,Conflict,Left,Right,Left,Right,Left,0,1,0,1,1,0,1,0,1,1,0,1,0,0,1,0,0,1,1,503,183,20260731_t1356_srsSmooth_Moretraining_B008,46,6,36.7118739247322,1.28552675247192,1,2,62,1,0,0,1,1,1
20260731_t1356_srsSmooth_Moretraining,srs_smooth_Moretraining,trial0708.mat,708,708,503,8,51,46,60,20,40,8,2,2,8,2,59,3956,2,0,2,1,2,1,1,2,2,1,CHOSE_LOW_SAL,2,455,1,0,0,0,0,0,46,87,87,46,-41,87,1,0,175.28122203937,14.7187779606295,175.281222039371,14.7187779606295,160.562444078741,160.562444078741,NaN,NaN,NaN,1785522853.70351,14675.79584824,2.272873878479,0.0171797275543213,0.259333848953247,1.00973343849182,1.35056471824646,1.60120439529419,1.64297676086426,1.64297676086426,-1,-1,1.8870952129364,242.154121398926,250.639677047729,41.7723655700684,292.412042617798,Conflict,Left,Right,Right,Right,Left,0,1,0,1,1,1,0,1,0,0,1,0,1,0,1,0,0,1,1,504,184,20260731_t1356_srsSmooth_Moretraining_B008,47,7,36.7660423795382,1.28734183311462,1,2,24,1,1,1,0,0,1
20260731_t1356_srsSmooth_Moretraining,srs_smooth_Moretraining,trial0710.mat,710,710,504,8,53,47,60,20,40,8,2,2,7,2,52,23566,2,0,1,2,2,2,1,1,1,1,CHOSE_HIGH_SAL,1,455,1,0,0,0,0,0,40,113,113,40,-73,40,1,180,356.621813940694,193.378186059306,176.621813940694,13.3781860593062,163.243627881388,163.243627881388,NaN,NaN,NaN,1785522858.75553,14680.84767548,2.25292992591858,0.0153543949127197,0.19933009147644,0.949343681335449,1.34874057769775,1.58270215988159,1.61624455451965,1.61624455451965,-1,-1,1.90926694869995,183.975696563721,233.961582183838,33.5423946380615,267.503976821899,Conflict,Right,Left,Right,Left,Right,0,1,0,1,1,1,1,0,1,0,0,1,0,1,0,1,0,1,1,505,185,20260731_t1356_srsSmooth_Moretraining_B008,48,8,36.8502427538236,2.7791485786438,2,1,87,1,1,0,0,1,1
20260731_t1356_srsSmooth_Moretraining,srs_smooth_Moretraining,trial0711.mat,711,711,505,8,54,48,60,20,40,8,2,1,5,2,44,11958,2,0,1,2,2,2,2,2,1,1,CHOSE_LOW_SAL,2,455,1,0,0,0,0,0,19,99,99,19,-80,19,1,0,26.3768089776209,163.623191022379,26.3768089776209,163.623191022379,-137.246382044758,137.246382044758,NaN,NaN,NaN,1785522862.32718,14684.41942564,2.09794187545776,0.0105042457580566,0.261244297027588,0.844511985778809,1.21055126190186,1.52787494659424,1.56103658676147,1.56103658676147,-1,-1,1.77941203117371,250.740051269531,317.323684692383,33.1616401672363,350.485324859619,Congruent,Right,Left,Right,Left,Left,0,1,1,0,1,1,1,0,0,0,0,1,1,1,0,0,0,0,1,506,186,20260731_t1356_srsSmooth_Moretraining_B008,49,9,36.9097703536352,1.31872606277466,1,1,40,1,0,0,1,1,1
20260731_t1356_srsSmooth_Moretraining,srs_smooth_Moretraining,trial0712.mat,712,712,506,8,55,49,60,20,40,8,2,2,8,2,58,30758,2,0,2,1,2,1,1,2,1,2,CHOSE_HIGH_SAL,1,455,1,0,0,0,0,0,54,112,112,54,-58,54,1,0,165.249199698512,24.7508003014882,165.249199698512,24.7508003014883,140.498399397023,140.498399397023,NaN,NaN,NaN,1785522865.6854,14687.77737652,2.13168263435364,0.0190834999084473,0.261235237121582,0.802973747253418,1.1941294670105,1.4947657585144,1.52807283401489,1.52807283401489,-1,-1,1.78006219863892,242.151737213135,300.636291503906,33.3070755004883,333.943367004395,Conflict,Left,Right,Left,Right,Left,0,1,0,1,1,0,1,0,1,1,0,1,0,0,1,0,0,1,1,507,187,20260731_t1356_srsSmooth_Moretraining_B008,50,10,36.9657406846682,1.26027798652649,1,1,19,1,0,1,1,0,1
20260731_t1356_srsSmooth_Moretraining,srs_smooth_Moretraining,trial0713.mat,713,713,507,8,56,50,60,20,40,8,2,2,7,2,53,22502,2,0,1,2,2,2,1,1,2,2,CHOSE_LOW_SAL,2,455,1,0,0,0,0,0,26,99,99,26,-73,99,1,0,153.007495397816,36.9925046021845,153.007495397816,36.9925046021845,116.014990795631,116.014990795631,NaN,NaN,NaN,1785522869.12938,14691.22124644,2.22255444526672,0.0169107913970947,0.26738166809082,0.867498636245728,1.23362469673157,1.50922036170959,1.55072283744812,1.55072283744812,-1,-1,1.82015466690063,250.470876693726,275.595664978027,41.5024757385254,317.098140716553,Conflict,Right,Left,Left,Left,Right,0,1,0,1,1,0,0,1,0,1,1,0,1,1,0,1,0,1,1,508,188,20260731_t1356_srsSmooth_Moretraining_B008,51,11,37.0231402476629,1.31229114532471,1,2,54,1,1,0,0,1,1
20260731_t1356_srsSmooth_Moretraining,srs_smooth_Moretraining,trial0714.mat,714,714,508,8,57,51,60,20,40,8,2,2,7,2,54,26150,2,0,1,2,2,2,1,1,2,2,CHOSE_LOW_SAL,2,455,1,0,0,0,0,0,61,121,121,61,-60,121,1,0,169.258178253576,20.7418217464238,169.258178253576,20.7418217464238,148.516356507152,148.516356507152,NaN,NaN,NaN,1785522872.64964,14694.74167076,2.0676748752594,0.0134561061859131,0.238850116729736,0.780619859695435,1.13849997520447,1.38094663619995,1.41428709030151,1.41428709030151,-1,-1,1.64939618110657,225.394010543823,242.446660995483,33.3404541015625,275.787115097046,Conflict,Right,Left,Left,Left,Right,0,1,0,1,1,0,0,1,0,1,1,0,1,1,0,1,0,1,1,509,189,20260731_t1356_srsSmooth_Moretraining_B008,52,12,37.0818112413088,1.29770517349243,2,2,99,1,0,0,1,1,1
20260731_t1356_srsSmooth_Moretraining,srs_smooth_Moretraining,trial0716.mat,716,716,509,8,59,52,60,20,40,8,2,1,6,2,47,31207,2,0,2,1,2,1,2,1,1,2,CHOSE_LOW_SAL,2,455,1,0,0,0,0,0,62,98,98,62,-36,62,1,180,243.261593343645,306.738406656355,63.2615933436449,126.738406656355,-63.4768133127102,63.4768133127102,NaN,NaN,NaN,1785522877.47201,14699.56383296,2.18713235855103,0.0162744522094727,0.291644334793091,0.808469295501709,1.21632146835327,1.48352932929993,1.51676797866821,1.51676797866821,-1,-1,1.8269202709198,275.369882583618,267.207860946655,33.2386493682861,300.446510314941,Congruent,Left,Right,Left,Right,Right,0,1,1,0,1,0,1,0,0,1,0,1,1,0,1,1,0,0,1,510,190,20260731_t1356_srsSmooth_Moretraining_B008,53,13,37.1621840834618,2.75469565391541,2,2,121,1,1,0,0,1,1
20260731_t1356_srsSmooth_Moretraining,srs_smooth_Moretraining,trial0717.mat,717,717,510,8,60,53,60,20,40,8,2,1,5,2,41,23734,2,0,1,2,2,2,2,2,2,2,CHOSE_HIGH_SAL,1,455,1,0,0,0,0,0,70,107,107,70,-37,107,1,0,15.7036702502854,174.296329749715,15.7036702502854,174.296329749715,-158.592659499429,158.592659499429,NaN,NaN,NaN,1785522880.93415,14703.02597332,2.25840473175049,0.0126011371612549,0.246458530426025,0.979962587356567,1.32931876182556,1.59649348258972,1.62985348701477,1.62985348701477,-1,-1,1.84819269180298,233.857393264771,267.17472076416,33.3600044250488,300.534725189209,Congruent,Right,Left,Left,Left,Left,0,1,1,0,1,0,0,1,1,1,1,0,0,1,0,0,0,0,1,511,191,20260731_t1356_srsSmooth_Moretraining_B008,54,14,37.2198864579201,1.27501010894775,1,2,62,1,1,0,0,1,1
20260731_t1356_srsSmooth_Moretraining,srs_smooth_Moretraining,trial0718.mat,718,718,511,8,61,54,60,20,40,8,2,1,5,2,42,72,2,0,1,2,2,2,2,2,2,2,CHOSE_HIGH_SAL,1,455,1,0,0,0,0,0,51,97,97,51,-46,97,1,0,55.0745006094849,134.925499390515,55.0745006094849,134.925499390515,-79.8509987810301,79.8509987810301,NaN,NaN,NaN,1785522884.48459,14706.57638364,2.18240284919739,0.0122978687286377,0.246062517166138,0.871016979217529,1.22901201248169,1.45450973510742,1.51265430450439,1.51265430450439,-1,-1,1.78133010864258,233.7646484375,225.497722625732,58.1445693969727,283.642292022705,Congruent,Right,Left,Left,Left,Left,0,1,1,0,1,0,0,1,1,1,1,0,0,1,0,0,0,0,1,512,192,20260731_t1356_srsSmooth_Moretraining_B008,55,15,37.2790604948998,1.29203748703003,2,2,107,1,0,0,1,1,1
20260731_t1356_srsSmooth_Moretraining,srs_smooth_Moretraining,trial0719.mat,719,719,512,8,62,55,60,20,40,8,2,1,6,2,50,16150,2,0,2,1,2,1,2,1,1,2,CHOSE_LOW_SAL,2,455,1,0,0,0,0,0,27,113,113,27,-86,27,1,0,34.117086241231,155.882913758769,34.117086241231,155.882913758769,-121.765827517538,121.765827517538,NaN,NaN,NaN,1785522887.9527,14710.04441216,1.8157320022583,0.010995626449585,0.261827707290649,0.85335636138916,1.21104264259338,1.20344805717468,1.24484896659851,1.24484896659851,-1,-1,1.48947381973267,250.832080841064,NaN,41.4009094238281,33.806324005127,Congruent,Left,Right,Left,Right,Right,0,1,1,0,1,0,1,0,0,1,0,1,1,0,1,1,0,0,1,513,193,20260731_t1356_srsSmooth_Moretraining_B008,56,16,37.3368622501691,1.28570246696472,2,2,97,1,1,0,0,1,1
20260731_t1356_srsSmooth_Moretraining,srs_smooth_Moretraining,trial0720.mat,720,720,513,8,63,56,60,20,40,8,2,1,6,2,49,13097,2,0,2,1,2,1,2,1,2,1,CHOSE_HIGH_SAL,1,455,1,0,0,0,0,0,32,127,127,32,-95,127,1,0,22.842005383959,167.157994616041,22.842005383959,167.157994616041,-144.315989232082,144.315989232082,NaN,NaN,NaN,1785522891.04581,14713.13738232,2.12233328819275,0.0179996490478516,0.152045488357544,0.777132749557495,1.14304447174072,1.41052389144897,1.45187997817993,1.45187997817993,-1,-1,1.69543695449829,134.045839309692,267.479419708252,41.356086730957,308.835506439209,Congruent,Left,Right,Right,Right,Right,0,1,1,0,1,1,0,1,1,0,1,0,0,0,1,1,0,0,1,514,194,20260731_t1356_srsSmooth_Moretraining_B008,57,17,37.388414200147,1.27738499641418,1,2,27,1,1,1,0,0,1
20260731_t1356_srsSmooth_Moretraining,srs_smooth_Moretraining,trial0721.mat,721,721,514,8,64,57,60,20,40,8,2,2,8,2,56,25738,2,0,2,1,2,1,1,2,2,1,CHOSE_LOW_SAL,2,455,1,0,0,0,0,0,68,96,96,68,-28,96,1,0,172.631085059811,17.3689149401892,172.631085059811,17.3689149401892,155.262170119622,155.262170119622,NaN,NaN,NaN,1785522894.47555,14716.56697608,2.19268035888672,0.0133979320526123,0.213871479034424,0.780900716781616,1.18011093139648,1.46391534805298,1.497318983078,1.497318983078,-1,-1,1.79947805404663,200.473546981812,283.804416656494,33.4036350250244,317.208051681519,Conflict,Left,Right,Right,Right,Left,0,1,0,1,1,1,0,1,0,0,1,0,1,0,1,0,0,1,1,515,195,20260731_t1356_srsSmooth_Moretraining_B008,58,18,37.4455764770508,1.30740332603455,2,1,127,1,0,0,1,1,1
20260731_t1356_srsSmooth_Moretraining,srs_smooth_Moretraining,trial0722.mat,722,722,515,8,65,58,60,20,40,8,2,1,5,2,43,14814,2,0,1,2,2,2,2,2,1,1,CHOSE_LOW_SAL,2,455,1,0,0,0,0,0,53,113,113,53,-60,53,1,180,191.317693244391,358.682306755609,11.3176932443909,178.682306755609,-167.364613511218,167.364613511218,NaN,NaN,NaN,1785522897.94725,14720.0387154,2.12125372886658,0.0168397426605225,0.24235463142395,0.800639629364014,1.20855283737183,1.46727204322815,1.50938415527344,1.50938415527344,-1,-1,1.77006030082703,225.514888763428,258.719205856323,42.1121120452881,300.831317901611,Congruent,Right,Left,Right,Left,Left,0,1,1,0,1,1,1,0,0,0,0,1,1,1,0,0,0,0,1,516,196,20260731_t1356_srsSmooth_Moretraining_B008,59,19,37.5034380634626,1.27901482582092,2,1,96,1,1,0,0,1,1
20260731_t1356_srsSmooth_Moretraining,srs_smooth_Moretraining,trial0723.mat,723,723,516,8,66,59,60,20,40,8,2,1,5,2,45,17775,2,0,1,2,2,2,2,2,1,1,CHOSE_LOW_SAL,2,455,1,0,0,0,0,0,48,100,100,48,-52,48,1,0,14.8166074862856,175.183392513714,14.8166074862856,175.183392513714,-160.366785027429,160.366785027429,NaN,NaN,NaN,1785522901.33996,14723.43122568,2.25371098518372,0.0159289836883545,0.249687194824219,0.883236169815063,1.28264498710632,1.57484316825867,1.60843276977539,1.60843276977539,-1,-1,1.90289330482483,233.758211135864,292.198181152344,33.5896015167236,325.787782669067,Congruent,Right,Left,Right,Left,Left,0,1,1,0,1,1,1,0,0,0,0,1,1,1,0,0,0,0,1,517,197,20260731_t1356_srsSmooth_Moretraining_B008,60,20,37.5599832415581,1.2714569568634,1,1,53,1,0,0,1,1,1
20260731_t1356_srsSmooth_Moretraining,srs_smooth_Moretraining,trial0724.mat,724,724,517,9,1,0,60,20,40,8,1,0,2,1,11,11902,1,1,2,1,1,2,1,2,1,2,SINGLE_T1_CORRECT,10,455,1,0,0,0,0,0,163,71,163,71,92,163,1,180,0,190,180,10,170,170,NaN,NaN,NaN,1785522904.89675,14726.98806596,2.26402020454407,0.0176060199737549,0.184715986251831,0.859718322753906,1.2426540851593,1.47679090499878,1.51856446266174,1.51856446266174,-1,-1,1.80366158485413,167.109966278076,234.136819839478,41.7735576629639,275.910377502441,Instruction,Left,Right,Left,Left,Left,1,0,0,0,0,NaN,NaN,NaN,NaN,NaN,NaN,NaN,NaN,0,0,0,1,1,0,518,NaN,20260731_t1356_srsSmooth_Moretraining_B009,1,NaN,37.6192631761233,1.30308508872986,NaN,NaN,NaN,0,NaN,NaN,NaN,NaN,0
20260731_t1356_srsSmooth_Moretraining,srs_smooth_Moretraining,trial0726.mat,726,726,518,9,3,1,60,20,40,8,1,0,1,1,8,15756,1,1,1,2,1,1,1,1,1,1,SINGLE_T1_CORRECT,10,455,1,0,0,0,0,0,151,98,151,98,53,151,1,0,180,10,180,10,170,170,NaN,NaN,NaN,1785522909.95141,14732.04259752,2.13346266746521,0.0131430625915527,0.0144617557525635,0.738924264907837,1.08818507194519,1.38882160186768,1.43025302886963,1.43025302886963,-1,-1,1.6821870803833,1.31869316101074,300.636529922485,41.4314270019531,342.067956924438,Instruction,Right,Left,Right,Right,Right,1,0,0,0,0,NaN,NaN,NaN,NaN,NaN,NaN,NaN,NaN,1,1,1,1,1,0,519,NaN,20260731_t1356_srsSmooth_Moretraining_B009,2,NaN,37.7035075426102,2.79064178466797,NaN,NaN,NaN,0,NaN,NaN,NaN,NaN,0
20260731_t1356_srsSmooth_Moretraining,srs_smooth_Moretraining,trial0727.mat,727,727,519,9,4,2,60,20,40,8,1,0,3,1,24,17322,1,2,2,1,1,2,2,1,2,1,SINGLE_T2_CORRECT,11,455,1,0,0,0,0,0,139,84,139,84,55,84,1,180,190,0,10,180,-170,170,NaN,NaN,NaN,1785522913.36555,14735.456658,2.13715982437134,0.0158085823059082,0.208184719085693,0.833245515823364,1.21585559844971,1.46669340133667,1.50025367736816,1.50025367736816,-1,-1,1.75186824798584,192.376136779785,250.837802886963,33.5602760314941,284.398078918457,Instruction,Left,Right,Right,Left,Right,1,0,0,0,0,NaN,NaN,NaN,NaN,NaN,NaN,NaN,NaN,0,0,1,1,0,0,520,NaN,20260731_t1356_srsSmooth_Moretraining_B009,3,NaN,37.7604098002116,1.28067278862,NaN,NaN,NaN,0,NaN,NaN,NaN,NaN,0
20260731_t1356_srsSmooth_Moretraining,srs_smooth_Moretraining,trial0728.mat,728,728,520,9,5,3,60,20,40,8,1,0,2,1,18,17630,1,1,2,1,1,2,1,2,1,2,SINGLE_T1_CORRECT,10,455,1,0,0,0,0,0,170,91,170,91,79,170,1,0,180,10,180,10,170,170,NaN,NaN,NaN,1785522916.78328,14738.87428428,2.34424543380737,0.0148801803588867,0.248952627182007,0.898813247680664,1.33159947395325,1.54898476600647,1.59066677093506,1.59066677093506,-1,-1,1.87653827667236,234.07244682312,217.385292053223,41.6820049285889,259.067296981812,Instruction,Left,Right,Left,Left,Left,1,0,0,0,0,NaN,NaN,NaN,NaN,NaN,NaN,NaN,NaN,0,0,0,1,1,0,521,NaN,20260731_t1356_srsSmooth_Moretraining_B009,4,NaN,37.8173719525337,1.28056931495667,NaN,NaN,NaN,0,NaN,NaN,NaN,NaN,0
20260731_t1356_srsSmooth_Moretraining,srs_smooth_Moretraining,trial0730.mat,730,730,521,9,7,4,60,20,40,8,1,0,2,1,19,18682,1,1,2,1,1,2,1,2,1,2,SINGLE_T1_CORRECT,10,455,1,0,0,0,0,0,124,94,124,94,30,124,1,180,0,190,180,10,170,170,NaN,NaN,NaN,1785522921.89225,14743.98328132,2.32719731330872,0.0144407749176025,0.248269319534302,0.948269844055176,1.34782695770264,1.59829187393188,1.6315815448761,1.6315815448761,-1,-1,1.90010237693787,233.828544616699,250.464916229248,33.2896709442139,283.754587173462,Instruction,Left,Right,Left,Left,Left,1,0,0,0,0,NaN,NaN,NaN,NaN,NaN,NaN,NaN,NaN,0,0,0,1,1,0,522,NaN,20260731_t1356_srsSmooth_Moretraining_B009,5,NaN,37.9025215268135,2.76472902297974,NaN,NaN,NaN,0,NaN,NaN,NaN,NaN,0
20260731_t1356_srsSmooth_Moretraining,srs_smooth_Moretraining,trial0732.mat,732,732,522,9,9,5,60,20,40,8,1,0,1,1,2,14343,1,1,1,2,1,1,1,1,1,1,SINGLE_T1_CORRECT,10,455,1,0,0,0,0,0,157,78,157,78,79,157,1,180,0,190,180,10,170,170,NaN,NaN,NaN,1785522926.96663,14749.0575628,2.13627457618713,0.0152664184570312,0.0162639617919922,0.790854454040527,1.16531157493591,1.4158992767334,1.44958090782166,1.44958090782166,-1,-1,1.67596983909607,0.997543334960938,250.587701797485,33.6816310882568,284.269332885742,Instruction,Right,Left,Right,Right,Right,1,0,0,0,0,NaN,NaN,NaN,NaN,NaN,NaN,NaN,NaN,1,1,1,1,1,0,523,NaN,20260731_t1356_srsSmooth_Moretraining_B009,6,NaN,37.9870944341024,2.74717712402344,NaN,NaN,NaN,0,NaN,NaN,NaN,NaN,0
20260731_t1356_srsSmooth_Moretraining,srs_smooth_Moretraining,trial0733.mat,733,733,523,9,10,6,60,20,40,8,1,0,2,1,13,22477,1,1,2,1,1,2,1,2,1,2,SINGLE_T1_CORRECT,10,455,1,0,0,0,0,0,144,52,144,52,92,144,1,0,180,10,180,10,170,170,NaN,NaN,NaN,1785522930.41232,14752.50319112,2.20751929283142,0.0113773345947266,0.295031309127808,0.870060682296753,1.23642563819885,1.47011494636536,1.51184368133545,1.51184368133545,-1,-1,1.76384925842285,283.653974533081,233.689308166504,41.7287349700928,275.418043136597,Instruction,Left,Right,Left,Left,Left,1,0,0,0,0,NaN,NaN,NaN,NaN,NaN,NaN,NaN,NaN,0,0,0,1,1,0,524,NaN,20260731_t1356_srsSmooth_Moretraining_B009,7,NaN,38.0445226311684,1.30941724777222,NaN,NaN,NaN,0,NaN,NaN,NaN,NaN,0
20260731_t1356_srsSmooth_Moretraining,srs_smooth_Moretraining,trial0735.mat,735,735,524,9,12,7,60,20,40,8,1,0,1,1,3,20233,1,1,1,2,1,1,1,1,1,1,SINGLE_T1_CORRECT,10,455,1,0,0,0,0,0,134,101,134,101,33,134,1,0,180,10,180,10,170,170,NaN,NaN,NaN,1785522935.36632,14757.45695088,2.22801637649536,0.0159034729003906,0.233333587646484,0.875195503234863,1.26595258712769,1.51657295227051,1.54994201660156,1.54994201660156,-1,-1,1.79320573806763,217.430114746094,250.620365142822,33.3690643310547,283.989429473877,Instruction,Right,Left,Right,Right,Right,1,0,0,0,0,NaN,NaN,NaN,NaN,NaN,NaN,NaN,NaN,1,1,1,1,1,0,525,NaN,20260731_t1356_srsSmooth_Moretraining_B009,8,NaN,38.1270893494288,2.74648380279541,NaN,NaN,NaN,0,NaN,NaN,NaN,NaN,0
20260731_t1356_srsSmooth_Moretraining,srs_smooth_Moretraining,trial0736.mat,736,736,525,9,13,8,60,20,40,8,1,0,1,1,6,16152,1,1,1,2,1,1,1,1,1,1,SINGLE_T1_CORRECT,10,455,1,0,0,0,0,0,139,79,139,79,60,139,1,180,0,190,180,10,170,170,NaN,NaN,NaN,1785522938.86748,14760.957991,2.36884617805481,0.014880895614624,0.298552513122559,1.04883980751038,1.481605052948,1.63213658332825,1.66691017150879,1.66691017150879,-1,-1,1.92574715614319,283.671617507935,150.531530380249,34.773588180542,185.305118560791,Instruction,Right,Left,Right,Right,Right,1,0,0,0,0,NaN,NaN,NaN,NaN,NaN,NaN,NaN,NaN,1,1,1,1,1,0,526,NaN,20260731_t1356_srsSmooth_Moretraining_B009,9,NaN,38.1854420264562,1.27314424514771,NaN,NaN,NaN,0,NaN,NaN,NaN,NaN,0
20260731_t1356_srsSmooth_Moretraining,srs_smooth_Moretraining,trial0737.mat,737,737,526,9,14,9,60,20,40,8,1,0,2,1,20,20757,1,1,2,1,1,2,1,2,1,2,SINGLE_T1_CORRECT,10,455,1,0,0,0,0,0,154,72,154,72,82,154,1,0,180,10,180,10,170,170,NaN,NaN,NaN,1785522942.53915,14764.62969604,2.16396951675415,0.0183553695678711,0.0190300941467285,0.810949802398682,1.1517333984375,1.3775053024292,1.41908144950867,1.41908144950867,-1,-1,1.71238207817078,0.674724578857422,225.771903991699,41.5761470794678,267.348051071167,Instruction,Left,Right,Left,Left,Left,1,0,0,0,0,NaN,NaN,NaN,NaN,NaN,NaN,NaN,NaN,0,0,0,1,1,0,527,NaN,20260731_t1356_srsSmooth_Moretraining_B009,10,NaN,38.2466365377108,1.3028244972229,NaN,NaN,NaN,0,NaN,NaN,NaN,NaN,0
20260731_t1356_srsSmooth_Moretraining,srs_smooth_Moretraining,trial0739.mat,739,739,527,9,16,10,60,20,40,8,1,0,1,1,9,13941,1,1,1,2,1,1,1,1,0,0,,0,11,0,1,0,0,0,0,156,67,156,67,89,NaN,1,0,180,10,180,10,170,170,NaN,NaN,NaN,1785522947.46461,14769.55501036,0.312557458877563,0.0180974006652832,0.243901252746582,-1,-1,-1,-1,-1,-1,-1,-1,225.803852081299,NaN,NaN,NaN,Instruction,Right,Left,None,Right,Right,1,0,0,0,0,NaN,NaN,NaN,NaN,NaN,NaN,NaN,NaN,1,1,1,1,1,0,527,NaN,20260731_t1356_srsSmooth_Moretraining_B009,NaN,NaN,38.3287274042765,2.76148247718811,NaN,NaN,NaN,0,NaN,NaN,NaN,NaN,0
20260731_t1356_srsSmooth_Moretraining,srs_smooth_Moretraining,trial0741.mat,741,741,527,9,18,10,60,20,40,8,1,0,4,1,34,28584,1,2,1,2,1,1,2,2,2,2,SINGLE_T2_CORRECT,11,455,1,0,0,0,0,0,153,77,153,77,76,77,1,180,190,0,10,180,-170,170,NaN,NaN,NaN,1785522950.45712,14772.54726908,2.28827619552612,0.0173697471618652,0.234539270401001,1.00149083137512,1.41742587089539,1.6431839466095,1.68463802337646,1.68463802337646,-1,-1,1.91168737411499,217.169523239136,225.758075714111,41.4540767669678,267.212152481079,Instruction,Right,Left,Left,Right,Left,1,0,0,0,0,NaN,NaN,NaN,NaN,NaN,NaN,NaN,NaN,1,1,0,1,0,0,528,NaN,20260731_t1356_srsSmooth_Moretraining_B009,11,NaN,38.3786026120186,2.67995500564575,NaN,NaN,NaN,0,NaN,NaN,NaN,NaN,0
20260731_t1356_srsSmooth_Moretraining,srs_smooth_Moretraining,trial0742.mat,742,742,528,9,19,11,60,20,40,8,1,0,4,1,36,7599,1,2,1,2,1,1,2,2,2,2,SINGLE_T2_CORRECT,11,455,1,0,0,0,0,0,174,64,174,64,110,64,1,0,10,180,10,180,-170,170,NaN,NaN,NaN,1785522954.02836,14776.11869848,2.09210467338562,0.0129325389862061,0.263755321502686,0.797138690948486,1.20464658737183,1.44709539413452,1.48840069770813,1.48840069770813,-1,-1,1.72373533248901,250.822782516479,242.448806762695,41.3053035736084,283.754110336304,Instruction,Right,Left,Left,Right,Left,1,0,0,0,0,NaN,NaN,NaN,NaN,NaN,NaN,NaN,NaN,1,1,0,1,0,0,529,NaN,20260731_t1356_srsSmooth_Moretraining_B009,12,NaN,38.4381233652433,1.28296899795532,NaN,NaN,NaN,0,NaN,NaN,NaN,NaN,0
20260731_t1356_srsSmooth_Moretraining,srs_smooth_Moretraining,trial0743.mat,743,743,529,9,20,12,60,20,40,8,1,0,1,1,9,13941,1,1,1,2,1,1,1,1,0,0,,0,11,0,1,0,0,0,0,146,64,146,64,82,NaN,1,180,0,190,180,10,170,170,NaN,NaN,NaN,1785522957.39895,14779.48913632,0.270509719848633,0.017481803894043,0.218241930007935,-1,-1,-1,-1,-1,-1,-1,-1,200.760126113892,NaN,NaN,NaN,Instruction,Right,Left,None,Right,Right,1,0,0,0,0,NaN,NaN,NaN,NaN,NaN,NaN,NaN,NaN,1,1,1,1,1,0,529,NaN,20260731_t1356_srsSmooth_Moretraining_B009,NaN,NaN,38.4942997614543,1.27847909927368,NaN,NaN,NaN,0,NaN,NaN,NaN,NaN,0
20260731_t1356_srsSmooth_Moretraining,srs_smooth_Moretraining,trial0744.mat,744,744,529,9,21,12,60,20,40,8,1,0,3,1,30,11203,1,2,2,1,1,2,2,1,2,1,SINGLE_T2_CORRECT,11,455,1,0,0,0,0,0,171,85,171,85,86,85,1,0,10,180,10,180,-170,170,NaN,NaN,NaN,1785522958.86498,14780.95528092,2.20589756965637,0.0181777477264404,0.235420227050781,0.843678951263428,1.20155763626099,1.50237107276917,1.54406380653381,1.54406380653381,-1,-1,1.8208954334259,217.242479324341,300.813436508179,41.6927337646484,342.506170272827,Instruction,Left,Right,Right,Left,Right,1,0,0,0,0,NaN,NaN,NaN,NaN,NaN,NaN,NaN,NaN,0,0,1,1,0,0,530,NaN,20260731_t1356_srsSmooth_Moretraining_B009,13,NaN,38.5187335809072,1.19551944732666,NaN,NaN,NaN,0,NaN,NaN,NaN,NaN,0
20260731_t1356_srsSmooth_Moretraining,srs_smooth_Moretraining,trial0745.mat,745,745,530,9,22,13,60,20,40,8,1,0,3,1,27,10770,1,2,2,1,1,2,2,1,2,1,SINGLE_T2_CORRECT,11,455,1,0,0,0,0,0,162,107,162,107,55,107,1,0,10,180,10,180,-170,170,NaN,NaN,NaN,1785522962.35449,14784.44468668,1.95732569694519,0.0121309757232666,0.0129601955413818,0.55451512336731,0.920500040054321,1.26288628578186,1.3042140007019,1.3042140007019,-1,-1,1.54761552810669,0.829219818115234,342.386245727539,41.3277149200439,383.713960647583,Instruction,Left,Right,Right,Left,Right,1,0,0,0,0,NaN,NaN,NaN,NaN,NaN,NaN,NaN,NaN,0,0,1,1,0,0,531,NaN,20260731_t1356_srsSmooth_Moretraining_B009,14,NaN,38.576892209053,1.28362011909485,NaN,NaN,NaN,0,NaN,NaN,NaN,NaN,0
20260731_t1356_srsSmooth_Moretraining,srs_smooth_Moretraining,trial0747.mat,747,747,531,9,24,14,60,20,40,8,1,0,4,1,38,28250,1,2,1,2,1,1,2,2,2,2,SINGLE_T2_CORRECT,11,455,1,0,0,0,0,0,158,81,158,81,77,81,1,0,10,180,10,180,-170,170,NaN,NaN,NaN,1785522967.08346,14789.17348032,2.37111568450928,0.016690731048584,0.275836229324341,0.983675718307495,1.43341279029846,1.69241094589233,1.7257285118103,1.7257285118103,-1,-1,1.9858136177063,259.145498275757,258.998155593872,33.3175659179688,292.315721511841,Instruction,Right,Left,Left,Right,Left,1,0,0,0,0,NaN,NaN,NaN,NaN,NaN,NaN,NaN,NaN,1,1,0,1,0,0,532,NaN,20260731_t1356_srsSmooth_Moretraining_B009,15,NaN,38.6557082136472,2.77163457870483,NaN,NaN,NaN,0,NaN,NaN,NaN,NaN,0
20260731_t1356_srsSmooth_Moretraining,srs_smooth_Moretraining,trial0748.mat,748,748,532,9,25,15,60,20,40,8,1,0,1,1,7,14371,1,1,1,2,1,1,1,1,1,1,SINGLE_T1_CORRECT,10,455,1,0,0,0,0,0,169,72,169,72,97,169,1,0,180,10,180,10,170,170,NaN,NaN,NaN,1785522970.74829,14792.83819376,2.36528015136719,0.0186684131622314,0.236187934875488,0.969070672988892,1.35205340385437,1.59435892105103,1.63631391525269,1.63631391525269,-1,-1,1.89638018608093,217.519521713257,242.305517196655,41.9549942016602,284.260511398315,Instruction,Right,Left,Right,Right,Right,1,0,0,0,0,NaN,NaN,NaN,NaN,NaN,NaN,NaN,NaN,1,1,1,1,1,0,533,NaN,20260731_t1356_srsSmooth_Moretraining_B009,16,NaN,38.7167887687683,1.29371762275696,NaN,NaN,NaN,0,NaN,NaN,NaN,NaN,0
20260731_t1356_srsSmooth_Moretraining,srs_smooth_Moretraining,trial0750.mat,750,750,533,9,27,16,60,20,40,8,1,0,4,1,35,12278,1,2,1,2,1,1,2,2,2,2,SINGLE_T2_CORRECT,11,455,1,0,0,0,0,0,170,94,170,94,76,94,1,180,190,0,10,180,-170,170,NaN,NaN,NaN,1785522975.85366,14797.94362412,2.23470687866211,0.0134947299957275,0.247257471084595,0.922698020935059,1.28854465484619,1.52271699905396,1.55598187446594,1.55598187446594,-1,-1,1.84159111976624,233.762741088867,234.172344207764,33.2648754119873,267.437219619751,Instruction,Right,Left,Left,Right,Left,1,0,0,0,0,NaN,NaN,NaN,NaN,NaN,NaN,NaN,NaN,1,1,0,1,0,0,534,NaN,20260731_t1356_srsSmooth_Moretraining_B009,17,NaN,38.8018783291181,2.74009346961975,NaN,NaN,NaN,0,NaN,NaN,NaN,NaN,0
20260731_t1356_srsSmooth_Moretraining,srs_smooth_Moretraining,trial0751.mat,751,751,534,9,28,17,60,20,40,8,1,0,1,1,10,8989,1,1,1,2,1,1,1,1,1,1,SINGLE_T1_CORRECT,10,455,1,0,1,0,0,0,135,78,135,78,57,135,1,0,180,10,180,10,170,170,NaN,NaN,NaN,1785522979.35551,14801.4453948,2.24100017547607,0.0117850303649902,0.245597839355469,0.862287759780884,1.21183204650879,1.47902584075928,1.52073383331299,1.52073383331299,-1,-1,1.8060314655304,233.812808990479,267.193794250488,41.7079925537109,308.901786804199,Instruction,Right,Left,Right,Right,Right,1,0,0,0,0,NaN,NaN,NaN,NaN,NaN,NaN,NaN,NaN,1,1,1,1,1,0,535,NaN,20260731_t1356_srsSmooth_Moretraining_B009,18,NaN,38.86024244229,1.26713991165161,NaN,NaN,NaN,0,NaN,NaN,NaN,NaN,0
20260731_t1356_srsSmooth_Moretraining,srs_smooth_Moretraining,trial0752.mat,752,752,535,9,29,18,60,20,40,8,1,0,3,1,29,3684,1,2,2,1,1,2,2,1,2,1,SINGLE_T2_CORRECT,11,455,1,0,0,0,0,0,147,70,147,70,77,70,1,0,10,180,10,180,-170,170,NaN,NaN,NaN,1785522982.90616,14804.9958634,2.30760407447815,0.0112771987915039,0.20343017578125,1.00345373153687,1.43633341789246,1.68700385093689,1.72030305862427,1.72030305862427,-1,-1,1.93963670730591,192.152976989746,250.670433044434,33.2992076873779,283.969640731812,Instruction,Left,Right,Right,Left,Right,1,0,0,0,0,NaN,NaN,NaN,NaN,NaN,NaN,NaN,NaN,0,0,1,1,0,0,536,NaN,20260731_t1356_srsSmooth_Moretraining_B009,19,NaN,38.9194198846817,1.30964636802673,NaN,NaN,NaN,0,NaN,NaN,NaN,NaN,0
20260731_t1356_srsSmooth_Moretraining,srs_smooth_Moretraining,trial0753.mat,753,753,536,9,30,19,60,20,40,8,1,0,2,1,16,2791,1,1,2,1,1,2,1,2,1,2,SINGLE_T1_CORRECT,10,455,1,0,0,0,0,0,152,53,152,53,99,152,1,0,180,10,180,10,170,170,NaN,NaN,NaN,1785522986.53229,14808.62202752,2.2815797328949,0.018620491027832,0.260749578475952,0.87747049331665,1.30200457572937,1.56111216545105,1.60247945785522,1.60247945785522,-1,-1,1.8298168182373,242.12908744812,259.10758972168,41.3672924041748,300.474882125854,Instruction,Left,Right,Left,Left,Left,1,0,0,0,0,NaN,NaN,NaN,NaN,NaN,NaN,NaN,NaN,0,0,0,1,1,0,537,NaN,20260731_t1356_srsSmooth_Moretraining_B009,20,NaN,38.9798554182053,1.31852793693542,NaN,NaN,NaN,0,NaN,NaN,NaN,NaN,0
20260731_t1356_srsSmooth_Moretraining,srs_smooth_Moretraining,trial0754.mat,754,754,537,9,31,20,60,20,40,8,1,0,4,1,31,21026,1,2,1,2,1,1,2,2,2,2,SINGLE_T2_CORRECT,11,455,1,0,0,0,0,0,148,84,148,84,64,84,1,180,190,0,10,180,-170,170,NaN,NaN,NaN,1785522990.0955,14812.18516108,2.10165143013,0.0138809680938721,0.272744417190552,0.814691305160522,1.17226004600525,1.38930892944336,1.43144345283508,1.43144345283508,-1,-1,1.71648049354553,258.86344909668,217.04888343811,42.1345233917236,259.183406829834,Instruction,Right,Left,Left,Right,Left,1,0,0,0,0,NaN,NaN,NaN,NaN,NaN,NaN,NaN,NaN,1,1,0,1,0,0,538,NaN,20260731_t1356_srsSmooth_Moretraining_B009,21,NaN,39.0392422755559,1.28163170814514,NaN,NaN,NaN,0,NaN,NaN,NaN,NaN,0
20260731_t1356_srsSmooth_Moretraining,srs_smooth_Moretraining,trial0755.mat,755,755,538,9,32,21,60,20,40,8,1,0,3,1,22,18907,1,2,2,1,1,2,2,1,2,1,SINGLE_T2_CORRECT,11,455,1,0,0,0,0,0,166,50,166,50,116,50,1,0,10,180,10,180,-170,170,NaN,NaN,NaN,1785522993.48055,14815.57004944,2.11781358718872,0.0122954845428467,0.279732942581177,0.837770700454712,1.24567747116089,1.5044219493866,1.54610991477966,1.54610991477966,-1,-1,1.76545023918152,267.43745803833,258.744478225708,41.6879653930664,300.432443618774,Instruction,Left,Right,Right,Left,Right,1,0,0,0,0,NaN,NaN,NaN,NaN,NaN,NaN,NaN,NaN,0,0,1,1,0,0,539,NaN,20260731_t1356_srsSmooth_Moretraining_B009,22,NaN,39.095659784476,1.28339910507202,NaN,NaN,NaN,0,NaN,NaN,NaN,NaN,0
20260731_t1356_srsSmooth_Moretraining,srs_smooth_Moretraining,trial0756.mat,756,756,539,9,33,22,60,20,40,8,1,0,2,1,17,25636,1,1,2,1,1,2,1,2,1,2,SINGLE_T1_CORRECT,10,455,1,0,0,0,0,0,150,61,150,61,89,150,1,180,0,190,180,10,170,170,NaN,NaN,NaN,1785522996.88658,14818.9759682,2.10999512672424,0.014728307723999,0.18178653717041,0.698777914047241,1.08977031707764,1.33210396766663,1.3739161491394,1.3739161491394,-1,-1,1.65889835357666,167.058229446411,242.333650588989,41.8121814727783,284.145832061768,Instruction,Left,Right,Left,Left,Left,1,0,0,0,0,NaN,NaN,NaN,NaN,NaN,NaN,NaN,NaN,0,0,0,1,1,0,540,NaN,20260731_t1356_srsSmooth_Moretraining_B009,23,NaN,39.1524270057678,1.28821969032288,NaN,NaN,NaN,0,NaN,NaN,NaN,NaN,0
20260731_t1356_srsSmooth_Moretraining,srs_smooth_Moretraining,trial0758.mat,758,758,540,9,35,23,60,20,40,8,1,0,4,1,37,27061,1,2,1,2,1,1,2,2,2,2,SINGLE_T2_CORRECT,11,455,1,0,0,0,0,0,166,74,166,74,92,74,1,0,10,180,10,180,-170,170,NaN,NaN,NaN,1785523001.77542,14823.86484784,1.9217221736908,0.0177459716796875,0.0190420150756836,0.560033798217773,0.967782974243164,1.23492932319641,1.27658629417419,1.27658629417419,-1,-1,1.5454421043396,1.29604339599609,267.146348953247,41.6569709777832,308.80331993103,Instruction,Right,Left,Left,Right,Left,1,0,0,0,0,NaN,NaN,NaN,NaN,NaN,NaN,NaN,NaN,1,1,0,1,0,0,541,NaN,20260731_t1356_srsSmooth_Moretraining_B009,24,NaN,39.233907643954,2.77884316444397,NaN,NaN,NaN,0,NaN,NaN,NaN,NaN,0
20260731_t1356_srsSmooth_Moretraining,srs_smooth_Moretraining,trial0760.mat,760,760,541,9,37,24,60,20,40,8,1,0,4,1,32,5113,1,2,1,2,1,1,2,2,2,2,SINGLE_T2_CORRECT,11,455,1,0,0,0,0,0,166,93,166,93,73,93,1,0,10,180,10,180,-170,170,NaN,NaN,NaN,1785523006.48408,14828.57336708,1.99639058113098,0.0176019668579102,0.0184550285339355,0.668442726135254,1.05097508430481,1.3096764087677,1.35145282745361,1.35145282745361,-1,-1,1.60303831100464,0.853061676025391,258.701324462891,41.7764186859131,300.477743148804,Instruction,Right,Left,Left,Right,Left,1,0,0,0,0,NaN,NaN,NaN,NaN,NaN,NaN,NaN,NaN,1,1,0,1,0,0,542,NaN,20260731_t1356_srsSmooth_Moretraining_B009,25,NaN,39.3123853087425,2.78693771362305,NaN,NaN,NaN,0,NaN,NaN,NaN,NaN,0
20260731_t1356_srsSmooth_Moretraining,srs_smooth_Moretraining,trial0761.mat,761,761,542,9,38,25,60,20,40,8,1,0,2,1,12,18863,1,1,2,1,1,2,1,2,1,2,SINGLE_T1_CORRECT,10,455,1,0,0,0,0,0,170,76,170,76,94,170,1,0,180,10,180,10,170,170,NaN,NaN,NaN,1785523009.88986,14831.97905404,2.24909067153931,0.0119571685791016,0.195731639862061,0.729251861572266,1.18700313568115,1.42945051193237,1.47122645378113,1.47122645378113,-1,-1,1.78120470046997,183.774471282959,242.447376251221,41.7759418487549,284.223318099976,Instruction,Left,Right,Left,Left,Left,1,0,0,0,0,NaN,NaN,NaN,NaN,NaN,NaN,NaN,NaN,0,0,0,1,1,0,543,NaN,20260731_t1356_srsSmooth_Moretraining_B009,26,NaN,39.3691482385,1.40938520431519,NaN,NaN,NaN,0,NaN,NaN,NaN,NaN,0
20260731_t1356_srsSmooth_Moretraining,srs_smooth_Moretraining,trial0763.mat,763,763,543,9,40,26,60,20,40,8,1,0,1,1,1,4962,1,1,1,2,1,1,1,1,1,1,SINGLE_T1_CORRECT,10,455,1,0,0,0,0,0,168,76,168,76,92,168,1,0,180,10,180,10,170,170,NaN,NaN,NaN,1785523014.94994,14837.03899604,2.1481556892395,0.0187358856201172,0.0199143886566162,0.64453911781311,1.06877684593201,1.37778520584106,1.41088962554932,1.41088962554932,-1,-1,1.68016505241394,1.17850303649902,309.008359909058,33.104419708252,342.11277961731,Instruction,Right,Left,Right,Right,Right,1,0,0,0,0,NaN,NaN,NaN,NaN,NaN,NaN,NaN,NaN,1,1,1,1,1,0,544,NaN,20260731_t1356_srsSmooth_Moretraining_B009,27,NaN,39.4534829775492,2.81099367141724,NaN,NaN,NaN,0,NaN,NaN,NaN,NaN,0
20260731_t1356_srsSmooth_Moretraining,srs_smooth_Moretraining,trial0764.mat,764,764,544,9,41,27,60,20,40,8,1,0,3,1,28,19849,1,2,2,1,1,2,2,1,0,0,,0,11,0,1,0,0,0,0,161,99,161,99,62,NaN,1,0,10,180,10,180,-170,170,NaN,NaN,NaN,1785523018.42288,14840.5118714,0.315184593200684,0.0125992298126221,0.263399362564087,-1,-1,-1,-1,-1,-1,-1,-1,250.800132751465,NaN,NaN,NaN,Instruction,Left,Right,None,Left,Right,1,0,0,0,0,NaN,NaN,NaN,NaN,NaN,NaN,NaN,NaN,0,0,1,1,0,0,544,NaN,20260731_t1356_srsSmooth_Moretraining_B009,NaN,NaN,39.5113652706146,1.32478189468384,NaN,NaN,NaN,0,NaN,NaN,NaN,NaN,0
20260731_t1356_srsSmooth_Moretraining,srs_smooth_Moretraining,trial0765.mat,765,765,544,9,42,27,60,20,40,8,1,0,1,1,9,13941,1,1,1,2,1,1,1,1,1,1,SINGLE_T1_CORRECT,10,455,1,0,0,0,0,0,152,79,152,79,73,152,1,180,0,190,180,10,170,170,NaN,NaN,NaN,1785523019.92736,14842.01622028,2.46310067176819,0.0165078639984131,0.225571393966675,1.01735806465149,1.40822792053223,1.70906710624695,1.7504096031189,1.7504096031189,-1,-1,2.01092863082886,209.063529968262,300.839185714722,41.3424968719482,342.18168258667,Instruction,Right,Left,Right,Right,Right,1,0,0,0,0,NaN,NaN,NaN,NaN,NaN,NaN,NaN,NaN,1,1,1,1,1,0,545,NaN,20260731_t1356_srsSmooth_Moretraining_B009,28,NaN,39.536439994971,1.18929886817932,NaN,NaN,NaN,0,NaN,NaN,NaN,NaN,0
20260731_t1356_srsSmooth_Moretraining,srs_smooth_Moretraining,trial0767.mat,767,767,545,9,44,28,60,20,40,8,1,0,4,1,33,7648,1,2,1,2,1,1,2,2,2,2,SINGLE_T2_CORRECT,11,455,1,0,0,0,0,0,140,77,140,77,63,77,1,180,190,0,10,180,-170,170,NaN,NaN,NaN,1785523025.19129,14847.28025496,2.1994354724884,0.0111143589019775,0.245331048965454,0.887100458145142,1.2528293132782,1.55342698097229,1.58674359321594,1.58674359321594,-1,-1,1.82232713699341,234.216690063477,300.597667694092,33.3166122436523,333.914279937744,Instruction,Right,Left,Left,Right,Left,1,0,0,0,0,NaN,NaN,NaN,NaN,NaN,NaN,NaN,NaN,1,1,0,1,0,0,546,NaN,20260731_t1356_srsSmooth_Moretraining_B009,29,NaN,39.6241721550624,2.80082893371582,NaN,NaN,NaN,0,NaN,NaN,NaN,NaN,0
20260731_t1356_srsSmooth_Moretraining,srs_smooth_Moretraining,trial0768.mat,768,768,546,9,45,29,60,20,40,8,1,0,3,1,25,1397,1,2,2,1,1,2,2,1,2,1,SINGLE_T2_CORRECT,11,455,1,0,0,0,0,0,154,79,154,79,75,79,1,0,10,180,10,180,-170,170,NaN,NaN,NaN,1785523028.67153,14850.76022528,2.14330577850342,0.0143463611602783,0.281645536422729,0.798338413238525,1.22272634506226,1.48182511329651,1.51517176628113,1.51517176628113,-1,-1,1.76712775230408,267.299175262451,259.098768234253,33.3466529846191,292.445421218872,Instruction,Left,Right,Right,Left,Right,1,0,0,0,0,NaN,NaN,NaN,NaN,NaN,NaN,NaN,NaN,0,0,1,1,0,0,547,NaN,20260731_t1356_srsSmooth_Moretraining_B009,30,NaN,39.6821760853132,1.28080034255981,NaN,NaN,NaN,0,NaN,NaN,NaN,NaN,0
20260731_t1356_srsSmooth_Moretraining,srs_smooth_Moretraining,trial0769.mat,769,769,547,9,46,30,60,20,40,8,1,0,1,1,5,14885,1,1,1,2,1,1,1,1,1,1,SINGLE_T1_CORRECT,10,455,1,0,0,0,0,0,154,77,154,77,77,154,1,180,0,190,180,10,170,170,NaN,NaN,NaN,1785523032.09935,14854.18798388,2.48310923576355,0.0116536617279053,0.287346363067627,1.02899217605591,1.43670892715454,1.67902803421021,1.72082781791687,1.72082781791687,-1,-1,2.02359175682068,275.692701339722,242.319107055664,41.799783706665,284.118890762329,Instruction,Right,Left,Right,Right,Right,1,0,0,0,0,NaN,NaN,NaN,NaN,NaN,NaN,NaN,NaN,1,1,1,1,1,0,548,NaN,20260731_t1356_srsSmooth_Moretraining_B009,31,NaN,39.7393065094948,1.2845196723938,NaN,NaN,NaN,0,NaN,NaN,NaN,NaN,0
20260731_t1356_srsSmooth_Moretraining,srs_smooth_Moretraining,trial0770.mat,770,770,548,9,47,31,60,20,40,8,1,0,3,1,28,19849,1,2,2,1,1,2,2,1,2,1,SINGLE_T2_CORRECT,11,455,1,0,0,0,0,0,161,95,161,95,66,95,1,0,10,180,10,180,-170,170,NaN,NaN,NaN,1785523035.8519,14857.94058156,2.07217955589294,0.017582893371582,0.209724426269531,0.726448774337769,1.11762571334839,1.35979819297791,1.39317393302917,1.39317393302917,-1,-1,1.67863297462463,192.141532897949,242.172479629517,33.3757400512695,275.548219680786,Instruction,Left,Right,Right,Left,Right,1,0,0,0,0,NaN,NaN,NaN,NaN,NaN,NaN,NaN,NaN,0,0,1,1,0,0,549,NaN,20260731_t1356_srsSmooth_Moretraining_B009,32,NaN,39.8018489956856,1.2694399356842,NaN,NaN,NaN,0,NaN,NaN,NaN,NaN,0
20260731_t1356_srsSmooth_Moretraining,srs_smooth_Moretraining,trial0771.mat,771,771,549,9,48,32,60,20,40,8,1,0,2,1,15,10990,1,1,2,1,1,2,1,2,1,2,SINGLE_T1_CORRECT,10,455,1,0,0,0,0,0,137,99,137,99,38,137,1,180,0,190,180,10,170,170,NaN,NaN,NaN,1785523039.22165,14861.31027088,2.19404745101929,0.0146327018737793,0.265185832977295,0.848549604415894,1.21467971801758,1.45678186416626,1.49021148681641,1.49021148681641,-1,-1,1.75933194160461,250.553131103516,242.102146148682,33.4296226501465,275.531768798828,Instruction,Left,Right,Left,Left,Left,1,0,0,0,0,NaN,NaN,NaN,NaN,NaN,NaN,NaN,NaN,0,0,0,1,1,0,550,NaN,20260731_t1356_srsSmooth_Moretraining_B009,33,NaN,39.8580114483833,1.29756760597229,NaN,NaN,NaN,0,NaN,NaN,NaN,NaN,0
20260731_t1356_srsSmooth_Moretraining,srs_smooth_Moretraining,trial0772.mat,772,772,550,9,49,33,60,20,40,8,1,0,1,1,4,24856,1,1,1,2,1,1,1,1,1,1,SINGLE_T1_CORRECT,10,455,1,0,0,0,0,0,145,78,145,78,67,145,1,180,0,190,180,10,170,170,NaN,NaN,NaN,1785523042.70058,14864.78903784,2.49001407623291,0.0191738605499268,0.261497974395752,1.06144189834595,1.47756385803223,1.72809672355652,1.7613673210144,1.7613673210144,-1,-1,2.04753637313843,242.324113845825,250.532865524292,33.2705974578857,283.803462982178,Instruction,Right,Left,Right,Right,Right,1,0,0,0,0,NaN,NaN,NaN,NaN,NaN,NaN,NaN,NaN,1,1,1,1,1,0,551,NaN,20260731_t1356_srsSmooth_Moretraining_B009,34,NaN,39.9159935633341,1.28487944602966,NaN,NaN,NaN,0,NaN,NaN,NaN,NaN,0
20260731_t1356_srsSmooth_Moretraining,srs_smooth_Moretraining,trial0773.mat,773,773,551,9,50,34,60,20,40,8,1,0,4,1,39,1737,1,2,1,2,1,1,2,2,2,2,SINGLE_T2_CORRECT,11,455,1,0,0,0,0,0,141,82,141,82,59,82,1,0,10,180,10,180,-170,170,NaN,NaN,NaN,1785523046.52723,14868.61562296,2.13014030456543,0.0176725387573242,0.234861135482788,0.768303871154785,1.20938563346863,1.42655944824219,1.45993781089783,1.45993781089783,-1,-1,1.74498414993286,217.188596725464,217.17381477356,33.3783626556396,250.552177429199,Instruction,Right,Left,Left,Right,Left,1,0,0,0,0,NaN,NaN,NaN,NaN,NaN,NaN,NaN,NaN,1,1,0,1,0,0,552,NaN,20260731_t1356_srsSmooth_Moretraining_B009,35,NaN,39.9797710498174,1.33663511276245,NaN,NaN,NaN,0,NaN,NaN,NaN,NaN,0
20260731_t1356_srsSmooth_Moretraining,srs_smooth_Moretraining,trial0774.mat,774,774,552,9,51,35,60,20,40,8,1,0,4,1,40,16200,1,2,1,2,1,1,2,2,2,2,SINGLE_T2_CORRECT,11,455,1,0,0,0,0,0,165,43,165,43,122,43,1,0,10,180,10,180,-170,170,NaN,NaN,NaN,1785523049.97246,14872.06089348,2.10143637657166,0.0142397880554199,0.248114109039307,0.881443023681641,1.23928761482239,1.48971152305603,1.52300238609314,1.52300238609314,-1,-1,1.75824546813965,233.874320983887,250.423908233643,33.2908630371094,283.714771270752,Instruction,Right,Left,Left,Right,Left,1,0,0,0,0,NaN,NaN,NaN,NaN,NaN,NaN,NaN,NaN,1,1,0,1,0,0,553,NaN,20260731_t1356_srsSmooth_Moretraining_B009,36,NaN,40.0371915976206,1.31509256362915,NaN,NaN,NaN,0,NaN,NaN,NaN,NaN,0
20260731_t1356_srsSmooth_Moretraining,srs_smooth_Moretraining,trial0776.mat,776,776,553,9,53,36,60,20,40,8,1,0,3,1,23,24927,1,2,2,1,1,2,2,1,2,1,SINGLE_T2_CORRECT,11,455,1,0,0,0,0,0,147,69,147,69,78,69,1,180,190,0,10,180,-170,170,NaN,NaN,NaN,1785523054.87008,14876.9583432,2.38783645629883,0.016803503036499,0.267367601394653,1.06734013557434,1.41685843467712,1.69246816635132,1.72562098503113,1.72562098503113,-1,-1,2.01957035064697,250.564098358154,275.609731674194,33.1528186798096,308.762550354004,Instruction,Left,Right,Right,Left,Right,1,0,0,0,0,NaN,NaN,NaN,NaN,NaN,NaN,NaN,NaN,0,0,1,1,0,0,554,NaN,20260731_t1356_srsSmooth_Moretraining_B009,37,NaN,40.1188187003136,2.79618978500366,NaN,NaN,NaN,0,NaN,NaN,NaN,NaN,0
20260731_t1356_srsSmooth_Moretraining,srs_smooth_Moretraining,trial0777.mat,777,777,554,9,54,37,60,20,40,8,1,0,2,1,14,28246,1,1,2,1,1,2,1,2,1,2,SINGLE_T1_CORRECT,10,455,1,0,0,0,0,0,149,93,149,93,56,149,1,180,0,190,180,10,170,170,NaN,NaN,NaN,1785523058.55991,14880.6481934,2.34798789024353,0.0187928676605225,0.286032438278198,0.902688980102539,1.35217785835266,1.61087775230408,1.64422345161438,1.64422345161438,-1,-1,1.89608311653137,267.239570617676,258.699893951416,33.3456993103027,292.045593261719,Instruction,Left,Right,Left,Left,Left,1,0,0,0,0,NaN,NaN,NaN,NaN,NaN,NaN,NaN,NaN,0,0,0,1,1,0,555,NaN,20260731_t1356_srsSmooth_Moretraining_B009,38,NaN,40.1803157130877,1.30198431015015,NaN,NaN,NaN,0,NaN,NaN,NaN,NaN,0
20260731_t1356_srsSmooth_Moretraining,srs_smooth_Moretraining,trial0778.mat,778,778,555,9,55,38,60,20,40,8,1,0,3,1,26,8628,1,2,2,1,1,2,2,1,2,1,SINGLE_T2_CORRECT,11,455,1,0,0,0,0,0,154,77,154,77,77,77,1,180,190,0,10,180,-170,170,NaN,NaN,NaN,1785523062.17269,14884.2607826,2.34359073638916,0.0144846439361572,0.27326512336731,1.01499938964844,1.40620565414429,1.66498184204102,1.69839191436768,1.69839191436768,-1,-1,1.96734309196472,258.780479431152,258.776187896729,33.4100723266602,292.186260223389,Instruction,Left,Right,Right,Left,Right,1,0,0,0,0,NaN,NaN,NaN,NaN,NaN,NaN,NaN,NaN,0,0,1,1,0,0,556,NaN,20260731_t1356_srsSmooth_Moretraining_B009,39,NaN,40.2405287305514,1.26479315757751,NaN,NaN,NaN,0,NaN,NaN,NaN,NaN,0
20260731_t1356_srsSmooth_Moretraining,srs_smooth_Moretraining,trial0779.mat,779,779,556,9,56,39,60,20,40,8,1,0,3,1,21,7921,1,2,2,1,1,2,2,1,2,1,SINGLE_T2_CORRECT,11,455,1,0,0,0,0,0,176,73,176,73,103,73,1,0,10,180,10,180,-170,170,NaN,NaN,NaN,1785523065.77904,14887.8670084,2.44611120223999,0.0166008472442627,0.300453901290894,1.09214854240417,1.46665692329407,1.72552561759949,1.76739048957825,1.76739048957825,-1,-1,2.07013010978699,283.853054046631,258.86869430542,41.8648719787598,300.73356628418,Instruction,Left,Right,Right,Left,Right,1,0,0,0,0,NaN,NaN,NaN,NaN,NaN,NaN,NaN,NaN,0,0,1,1,0,0,557,NaN,20260731_t1356_srsSmooth_Moretraining_B009,40,NaN,40.3006346940994,1.26276707649231,NaN,NaN,NaN,0,NaN,NaN,NaN,NaN,0
20260731_t1356_srsSmooth_Moretraining,srs_smooth_Moretraining,trial0780.mat,780,780,557,9,57,40,60,20,40,8,1,2,7,2,53,17053,2,0,1,2,1,1,2,2,2,2,CHOSE_HIGH_SAL,1,455,1,0,0,0,0,0,183,89,183,89,94,89,1,0,19.4404557409174,170.559544259083,19.4404557409174,170.559544259083,-151.119088518165,151.119088518165,NaN,NaN,NaN,1785523069.51838,14891.60635088,2.34841394424438,0.0107419490814209,0.29458212852478,1.00298738479614,1.41912984848022,1.63625311851501,1.66986322402954,1.66986322402954,-1,-1,1.95504450798035,283.840179443359,217.12327003479,33.6101055145264,250.733375549316,Conflict,Right,Left,Left,Right,Left,0,1,0,1,1,0,0,0,1,1,1,1,0,1,1,0,1,0,1,558,198,20260731_t1356_srsSmooth_Moretraining_B009,41,1,40.3629569768906,1.29322576522827,1,1,48,0,1,1,0,0,1
20260731_t1356_srsSmooth_Moretraining,srs_smooth_Moretraining,trial0781.mat,781,781,558,9,58,41,60,20,40,8,1,2,7,2,54,19200,2,0,1,2,1,1,2,2,2,2,CHOSE_HIGH_SAL,1,455,1,0,0,0,0,0,137,74,137,74,63,74,1,0,17.2831207837928,172.716879216207,17.2831207837928,172.716879216207,-155.433758432414,155.433758432414,NaN,NaN,NaN,1785523073.18118,14895.2691666,2.10178589820862,0.0147480964660645,0.265332937240601,0.890461921691895,1.28979802131653,1.40719676017761,1.44051909446716,1.44051909446716,-1,-1,1.72597646713257,250.584840774536,117.398738861084,33.3223342895508,150.721073150635,Conflict,Right,Left,Left,Right,Left,0,1,0,1,1,0,0,0,1,1,1,1,0,1,1,0,1,0,1,559,199,20260731_t1356_srsSmooth_Moretraining_B009,42,2,40.424003692468,1.31438899040222,2,2,89,1,0,0,1,1,1
20260731_t1356_srsSmooth_Moretraining,srs_smooth_Moretraining,trial0782.mat,782,782,559,9,59,42,60,20,40,8,1,1,6,2,46,12320,2,0,2,1,1,2,1,2,2,1,CHOSE_LOW_SAL,2,455,1,0,0,0,0,0,171,84,171,84,87,84,1,180,281.068969257405,268.931030742595,101.068969257405,88.9310307425955,12.1379385148091,12.1379385148091,NaN,NaN,NaN,1785523076.54938,14898.63725368,2.05920791625977,0.0133481025695801,0.272181272506714,0.805580854415894,1.16339302062988,1.40592837333679,1.44757580757141,1.44757580757141,-1,-1,1.6744863986969,258.833169937134,242.535352706909,41.6474342346191,284.182786941528,Congruent,Left,Right,Right,Left,Left,0,1,1,0,1,1,0,0,0,0,1,1,1,0,0,0,1,1,1,560,200,20260731_t1356_srsSmooth_Moretraining_B009,43,3,40.4801403244336,1.26641201972961,2,2,74,1,0,1,1,0,1
20260731_t1356_srsSmooth_Moretraining,srs_smooth_Moretraining,trial0783.mat,783,783,560,9,60,43,60,20,40,8,1,2,7,2,55,9206,2,0,1,2,1,1,2,2,1,1,CHOSE_LOW_SAL,2,455,1,0,0,0,0,0,175,90,175,90,85,175,1,0,76.736002837858,113.263997162142,76.736002837858,113.263997162142,-36.527994324284,36.527994324284,NaN,NaN,NaN,1785523079.88276,14901.97059028,2.26718807220459,0.0134329795837402,0.272207021713257,0.838915586471558,1.18847894668579,1.45581698417664,1.48922824859619,1.48922824859619,-1,-1,1.79111361503601,258.774042129517,267.338037490845,33.4112644195557,300.7493019104,Conflict,Right,Left,Right,Right,Left,0,1,0,1,1,1,1,1,0,0,0,0,1,1,1,0,1,0,1,561,201,20260731_t1356_srsSmooth_Moretraining_B009,44,4,40.5356966257095,1.27417016029358,2,1,84,1,1,0,0,1,1
20260731_t1356_srsSmooth_Moretraining,srs_smooth_Moretraining,trial0784.mat,784,784,561,9,61,44,60,20,40,8,1,1,5,2,41,23263,2,0,1,2,1,1,1,1,1,1,CHOSE_HIGH_SAL,1,455,1,0,0,0,0,0,148,64,148,64,84,148,1,0,171.77306477746,18.2269352225396,171.77306477746,18.2269352225396,153.546129554921,153.546129554921,NaN,NaN,NaN,1785523083.42056,14905.50821304,2.19628119468689,0.0174324512481689,0.184781789779663,0.834927320480347,1.22581338882446,1.46823573112488,1.51003813743591,1.51003813743591,-1,-1,1.7446072101593,167.349338531494,242.422342300415,41.8024063110352,284.22474861145,Congruent,Right,Left,Right,Right,Right,0,1,1,0,1,1,1,1,1,0,0,0,0,1,1,1,1,1,1,562,202,20260731_t1356_srsSmooth_Moretraining_B009,45,5,40.5946600357691,1.27061653137207,1,1,175,1,0,0,1,1,1
20260731_t1356_srsSmooth_Moretraining,srs_smooth_Moretraining,trial0785.mat,785,785,562,9,62,45,60,20,40,8,1,2,7,2,52,14018,2,0,1,2,1,1,2,2,1,1,CHOSE_LOW_SAL,2,455,1,0,0,0,0,0,142,62,142,62,80,142,1,0,16.6635196006388,173.336480399361,16.6635196006388,173.336480399361,-156.672960798722,156.672960798722,NaN,NaN,NaN,1785523086.89261,14908.98030248,2.32453894615173,0.0121917724609375,0.237809896469116,0.954275846481323,1.3455765247345,1.60434412956238,1.63760089874268,1.63760089874268,-1,-1,1.88100481033325,225.618124008179,258.767604827881,33.2567691802979,292.024374008179,Conflict,Right,Left,Right,Right,Left,0,1,0,1,1,1,1,1,0,0,0,0,1,1,1,0,1,0,1,563,203,20260731_t1356_srsSmooth_Moretraining_B009,46,6,40.6525274117788,1.2757613658905,1,1,148,1,0,0,1,1,1
20260731_t1356_srsSmooth_Moretraining,srs_smooth_Moretraining,trial0786.mat,786,786,563,9,63,46,60,20,40,8,1,1,6,2,48,28696,2,0,2,1,1,2,1,2,2,1,CHOSE_LOW_SAL,2,455,1,0,0,0,0,0,171,78,171,78,93,78,1,180,321.233900063553,228.766099936447,141.233900063553,48.766099936447,92.4678001271061,92.4678001271061,NaN,NaN,NaN,1785523090.51001,14912.59759476,1.99882459640503,0.011599063873291,0.0125539302825928,0.629168033599854,0.994969844818115,1.27894282341003,1.31251573562622,1.31251573562622,-1,-1,1.62272357940674,0.954866409301758,283.972978591919,33.5729122161865,317.545890808105,Congruent,Left,Right,Right,Left,Left,0,1,1,0,1,1,0,0,0,0,1,1,1,0,0,0,1,1,1,564,204,20260731_t1356_srsSmooth_Moretraining_B009,47,7,40.7128174265226,1.29286193847656,1,1,142,1,1,0,0,1,1
20260731_t1356_srsSmooth_Moretraining,srs_smooth_Moretraining,trial0787.mat,787,787,564,9,64,47,60,20,40,8,1,1,5,2,45,26215,2,0,1,2,1,1,1,1,1,1,CHOSE_HIGH_SAL,1,455,1,0,0,0,0,0,143,92,143,92,51,143,1,0,164.358177890221,25.6418221097791,164.358177890221,25.6418221097791,138.716355780442,138.716355780442,NaN,NaN,NaN,1785523093.78298,14915.87058192,2.37587332725525,0.0137531757354736,0.264470815658569,1.03920221328735,1.43880915641785,1.62263941764832,1.6644139289856,1.6644139289856,-1,-1,1.93300914764404,250.717639923096,183.830261230469,41.7745113372803,225.604772567749,Congruent,Right,Left,Right,Right,Right,0,1,1,0,1,1,1,1,1,0,0,0,0,1,1,1,1,1,1,565,205,20260731_t1356_srsSmooth_Moretraining_B009,48,8,40.7673669735591,1.2741482257843,2,1,78,1,1,0,0,1,1
20260731_t1356_srsSmooth_Moretraining,srs_smooth_Moretraining,trial0788.mat,788,788,565,9,65,48,60,20,40,8,1,2,8,2,58,27014,2,0,2,1,1,2,2,1,2,1,CHOSE_HIGH_SAL,1,455,1,0,0,0,0,0,136,57,136,57,79,57,1,180,243.947956539279,306.052043460721,63.9479565392792,126.052043460721,-62.1040869214416,62.1040869214416,NaN,NaN,NaN,1785523097.43694,14919.52433032,1.96368503570557,0.0182700157165527,0.210794687271118,0.719077348709106,1.09331202507019,1.33566427230835,1.37701153755188,1.37701153755188,-1,-1,1.60387134552002,192.524671554565,242.352247238159,41.3472652435303,283.699512481689,Conflict,Left,Right,Right,Left,Right,0,1,0,1,1,1,0,0,1,0,1,1,0,0,0,1,1,0,1,566,206,20260731_t1356_srsSmooth_Moretraining_B009,49,9,40.8282663106918,1.27808690071106,1,1,143,1,1,0,0,1,1
20260731_t1356_srsSmooth_Moretraining,srs_smooth_Moretraining,trial0789.mat,789,789,566,9,66,49,60,20,40,8,1,1,5,2,43,27797,2,0,1,2,1,1,1,1,0,0,,0,11,0,1,0,0,0,0,147,60,147,60,87,NaN,1,0,140.601368423865,49.3986315761346,140.601368423865,49.3986315761346,91.2027368477309,91.2027368477309,NaN,NaN,NaN,1785523100.71568,14922.80305316,0.267375946044922,0.0146560668945312,0.215401411056519,-1,-1,-1,-1,-1,-1,-1,-1,200.745344161987,NaN,NaN,NaN,Congruent,Right,Left,None,Right,Right,0,1,1,0,0,NaN,NaN,NaN,NaN,NaN,NaN,NaN,NaN,1,1,1,1,1,0,566,NaN,20260731_t1356_srsSmooth_Moretraining_B009,NaN,NaN,40.8829120079676,1.31505680084229,NaN,NaN,NaN,0,NaN,NaN,NaN,NaN,0
20260731_t1356_srsSmooth_Moretraining,srs_smooth_Moretraining,trial0790.mat,790,790,566,9,67,49,60,20,40,8,1,1,5,2,44,3900,2,0,1,2,1,1,1,1,1,1,CHOSE_HIGH_SAL,1,455,1,0,0,0,0,0,142,76,142,76,66,142,1,180,357.798834605005,192.201165394995,177.798834605005,12.2011653949951,165.59766921001,165.59766921001,NaN,NaN,NaN,1785523102.20346,14924.29088792,2.27270245552063,0.0185983180999756,0.277333498001099,0.968987464904785,1.32698321342468,1.56065583229065,1.59402441978455,1.59402441978455,-1,-1,1.82907342910767,258.735179901123,233.672618865967,33.3685874938965,267.041206359863,Congruent,Right,Left,Right,Right,Right,0,1,1,0,1,1,1,1,1,0,0,0,0,1,1,1,1,1,1,567,207,20260731_t1356_srsSmooth_Moretraining_B009,50,10,40.9077083706856,1.22040581703186,2,1,57,1,1,0,0,1,1
20260731_t1356_srsSmooth_Moretraining,srs_smooth_Moretraining,trial0791.mat,791,791,567,9,68,50,60,20,40,8,1,2,8,2,59,27667,2,0,2,1,1,2,2,1,2,1,CHOSE_HIGH_SAL,1,455,1,0,0,0,0,0,165,72,165,72,93,72,1,180,254.930819613983,295.069180386017,74.9308196139833,115.069180386017,-40.1383607720334,40.1383607720334,NaN,NaN,NaN,1785523105.75244,14927.8397876,2.07353639602661,0.0114307403564453,0.211829900741577,0.778986215591431,1.1864767074585,1.42893838882446,1.47022604942322,1.47022604942322,-1,-1,1.69692015647888,200.399160385132,242.461681365967,41.2876605987549,283.749341964722,Conflict,Left,Right,Right,Left,Right,0,1,0,1,1,1,0,0,1,0,1,1,0,0,0,1,1,0,1,568,208,20260731_t1356_srsSmooth_Moretraining_B009,51,11,40.9668579300245,1.27627110481262,1,1,142,1,1,0,0,1,1
20260731_t1356_srsSmooth_Moretraining,srs_smooth_Moretraining,trial0792.mat,792,792,568,9,69,51,60,20,40,8,1,1,5,2,42,18638,2,0,1,2,1,1,1,1,1,1,CHOSE_HIGH_SAL,1,455,1,0,0,0,0,0,136,79,136,79,57,136,1,0,177.262616168972,12.7373838310282,177.262616168972,12.7373838310282,164.525232337944,164.525232337944,NaN,NaN,NaN,1785523109.10101,14931.18816912,2.20070219039917,0.012986421585083,0.263577938079834,0.821703672409058,1.17969846725464,1.43848466873169,1.4804515838623,1.4804515838623,-1,-1,1.76597690582275,250.591516494751,258.786201477051,41.9669151306152,300.753116607666,Congruent,Right,Left,Right,Right,Right,0,1,1,0,1,1,1,1,1,0,0,0,0,1,1,1,1,1,1,569,209,20260731_t1356_srsSmooth_Moretraining_B009,52,12,41.0226675152779,1.27503871917725,2,1,72,1,1,0,0,1,1
20260731_t1356_srsSmooth_Moretraining,srs_smooth_Moretraining,trial0793.mat,793,793,569,9,70,52,60,20,40,8,1,2,8,2,60,3716,2,0,2,1,1,2,2,1,2,1,CHOSE_HIGH_SAL,1,455,1,0,0,0,0,0,146,82,146,82,64,82,1,180,197.266445151059,352.733554848941,17.2664451510589,172.733554848941,-155.467109697882,155.467109697882,NaN,NaN,NaN,1785523112.60833,14934.69553176,2.15967774391174,0.0141379833221436,0.281217098236084,0.864487409591675,1.28085374832153,1.45653200149536,1.49816751480103,1.49816751480103,-1,-1,1.77477979660034,267.07911491394,175.678253173828,41.6355133056641,217.313766479492,Conflict,Left,Right,Right,Left,Right,0,1,0,1,1,1,0,0,1,0,1,1,0,0,0,1,1,0,1,570,210,20260731_t1356_srsSmooth_Moretraining_B009,53,13,41.0811228275299,1.30661654472351,1,1,136,1,1,0,0,1,1
20260731_t1356_srsSmooth_Moretraining,srs_smooth_Moretraining,trial0794.mat,794,794,570,9,71,53,60,20,40,8,1,1,5,2,43,27797,2,0,1,2,1,1,1,1,1,1,CHOSE_HIGH_SAL,1,455,1,0,0,0,0,0,182,86,182,86,96,182,1,0,110.183331527281,79.8166684727192,110.183331527281,79.8166684727192,30.3666630545616,30.3666630545616,NaN,NaN,NaN,1785523116.05364,14938.14058528,2.25644207000732,0.0189683437347412,0.269739151000977,0.827765226364136,1.20234823226929,1.48619294166565,1.51934623718262,1.51934623718262,-1,-1,1.7717273235321,250.770807266235,283.844709396362,33.1532955169678,316.99800491333,Congruent,Right,Left,Right,Right,Right,0,1,1,0,1,1,1,1,1,0,0,0,0,1,1,1,1,1,1,571,211,20260731_t1356_srsSmooth_Moretraining_B009,54,14,41.1385445713997,1.28562688827515,2,1,82,1,1,0,0,1,1
20260731_t1356_srsSmooth_Moretraining,srs_smooth_Moretraining,trial0795.mat,795,795,571,9,72,54,60,20,40,8,1,2,7,2,51,2971,2,0,1,2,1,1,2,2,1,1,CHOSE_LOW_SAL,2,455,1,0,0,0,0,0,151,88,151,88,63,151,1,0,13.7148716212002,176.2851283788,13.7148716212002,176.2851283788,-162.5702567576,162.5702567576,NaN,NaN,NaN,1785523119.59415,14941.68109444,2.27475309371948,0.0119235515594482,0.245999097824097,0.770893812179565,1.2286376953125,1.51262927055359,1.54587006568909,1.54587006568909,-1,-1,1.82266521453857,234.075546264648,283.991575241089,33.240795135498,317.232370376587,Conflict,Right,Left,Right,Right,Left,0,1,0,1,1,1,1,1,0,0,0,0,1,1,1,0,1,0,1,572,212,20260731_t1356_srsSmooth_Moretraining_B009,55,15,41.1975531816483,1.28407454490662,1,1,182,1,0,0,1,1,1
20260731_t1356_srsSmooth_Moretraining,srs_smooth_Moretraining,trial0796.mat,796,796,572,9,73,55,60,20,40,8,1,1,6,2,49,28202,2,0,2,1,1,2,1,2,2,1,CHOSE_LOW_SAL,2,455,1,0,0,0,0,0,161,75,161,75,86,75,1,0,119.703810926811,70.2961890731894,119.703810926811,70.2961890731894,49.4076218536212,49.4076218536212,NaN,NaN,NaN,1785523123.13887,14945.22587916,2.1879620552063,0.0173454284667969,0.226293563842773,0.776480674743652,1.19239115715027,1.49301910400391,1.52647399902344,1.52647399902344,-1,-1,1.81182503700256,208.948135375977,300.627946853638,33.4548950195312,334.082841873169,Congruent,Left,Right,Right,Left,Left,0,1,1,0,1,1,0,0,0,0,1,1,1,0,0,0,1,1,1,573,213,20260731_t1356_srsSmooth_Moretraining_B009,56,16,41.2566318035126,1.26996421813965,1,1,151,1,1,0,0,1,1
20260731_t1356_srsSmooth_Moretraining,srs_smooth_Moretraining,trial0797.mat,797,797,573,9,74,56,60,20,40,8,1,2,8,2,56,8775,2,0,2,1,1,2,2,1,2,1,CHOSE_HIGH_SAL,1,455,1,0,0,0,0,0,168,74,168,74,94,74,1,180,249.257041762503,300.742958237497,69.257041762503,120.742958237497,-51.485916474994,51.485916474994,NaN,NaN,NaN,1785523126.6034,14948.69021056,2.10671782493591,0.0112757682800293,0.245044708251953,0.778393268585205,1.14466285705566,1.44507789611816,1.47855687141418,1.47855687141418,-1,-1,1.73067951202393,233.768939971924,300.4150390625,33.4789752960205,333.894014358521,Conflict,Left,Right,Right,Left,Right,0,1,0,1,1,1,0,0,1,0,1,1,0,0,0,1,1,0,1,574,214,20260731_t1356_srsSmooth_Moretraining_B009,57,17,41.3143739620845,1.27656745910645,2,1,75,1,0,0,1,1,1
20260731_t1356_srsSmooth_Moretraining,srs_smooth_Moretraining,trial0799.mat,799,799,574,9,76,56,60,20,40,8,1,2,8,2,56,8775,2,0,2,1,1,2,2,1,2,1,CHOSE_HIGH_SAL,1,455,1,0,0,0,0,0,168,37,168,37,131,37,1,180,249.257041762503,300.742958237497,69.257041762503,120.742958237497,-51.485916474994,51.485916474994,NaN,NaN,NaN,1785523131.5167,14953.60345948,1.87764191627502,0.0148463249206543,0.0154850482940674,0.523760318756104,0.956550359725952,1.22381520271301,1.26543784141541,1.26543784141541,-1,-1,1.54325866699219,0.638723373413086,267.264842987061,41.6226387023926,308.887481689453,Conflict,Left,Right,Right,Left,Right,0,1,0,1,1,1,0,0,1,0,1,1,0,0,0,1,1,0,1,575,215,20260731_t1356_srsSmooth_Moretraining_B009,58,18,41.3962622523308,2.80657958984375,2,1,74,1,0,0,1,1,1
20260731_t1356_srsSmooth_Moretraining,srs_smooth_Moretraining,trial0800.mat,800,800,575,9,77,56,60,20,40,8,1,2,8,2,56,8775,2,0,2,1,1,2,2,1,2,1,CHOSE_HIGH_SAL,1,455,1,0,0,0,0,0,168,37,168,37,131,37,1,180,249.257041762503,300.742958237497,69.257041762503,120.742958237497,-51.485916474994,51.485916474994,NaN,NaN,NaN,1785523134.67395,14956.76059768,2.32020926475525,0.0160551071166992,0.241809606552124,0.974967956542969,1.39944314956665,1.65026569366455,1.68339061737061,1.68339061737061,-1,-1,1.98550701141357,225.754499435425,250.8225440979,33.1249237060547,283.947467803955,Conflict,Left,Right,Right,Left,Right,0,1,0,1,1,1,0,0,1,0,1,1,0,0,0,1,1,0,1,576,216,20260731_t1356_srsSmooth_Moretraining_B009,59,19,41.4488830566406,1.27960634231567,2,1,37,1,0,0,1,1,1
20260731_t1356_srsSmooth_Moretraining,srs_smooth_Moretraining,trial0801.mat,801,801,576,9,78,56,60,20,40,8,1,2,8,2,56,8775,2,0,2,1,1,2,2,1,2,1,CHOSE_HIGH_SAL,1,455,1,0,0,0,0,0,168,37,168,37,131,37,1,180,249.257041762503,300.742958237497,69.257041762503,120.742958237497,-51.485916474994,51.485916474994,NaN,NaN,NaN,1785523138.28411,14960.370805,2.05201029777527,0.0143625736236572,0.139769077301025,0.839761734008789,1.21440958976746,1.45677924156189,1.49852633476257,1.49852633476257,-1,-1,1.71689128875732,125.406503677368,242.369651794434,41.7470932006836,284.116744995117,Conflict,Left,Right,Right,Left,Right,0,1,0,1,1,1,0,0,1,0,1,1,0,0,0,1,1,0,1,577,217,20260731_t1356_srsSmooth_Moretraining_B009,60,20,41.5090525150299,1.28995823860168,2,1,37,1,0,0,1,1,1
20260731_t1356_srsSmooth_Moretraining,srs_smooth_Moretraining,trial0802.mat,802,802,577,9,79,56,60,20,40,8,1,2,8,2,56,8775,2,0,2,1,1,2,2,1,1,2,CHOSE_LOW_SAL,2,455,1,0,0,0,0,0,168,74,168,74,94,168,1,180,249.257041762503,300.742958237497,69.257041762503,120.742958237497,-51.485916474994,51.485916474994,NaN,NaN,NaN,1785523141.63898,14963.7256102,2.30562043190002,0.0179653167724609,0.276922464370728,0.927060127258301,1.32634925842285,1.56877493858337,1.60195636749268,1.60195636749268,-1,-1,1.83744931221008,258.957147598267,242.425680160522,33.1814289093018,275.607109069824,Conflict,Left,Right,Left,Left,Right,0,1,0,1,1,0,1,1,0,1,0,0,1,0,0,1,1,0,1,578,218,20260731_t1356_srsSmooth_Moretraining_B009,61,21,41.564966905117,1.30285310745239,2,1,37,1,1,1,0,0,1
20260731_t1356_srsSmooth_Moretraining,srs_smooth_Moretraining,trial0804.mat,804,804,578,9,81,57,60,20,40,8,1,2,8,2,57,25066,2,0,2,1,1,2,2,1,0,0,,0,11,0,1,0,0,0,0,165,71,165,71,94,NaN,1,180,197.864064500155,352.135935499845,17.8640645001553,172.135935499845,-154.271870999689,154.271870999689,NaN,NaN,NaN,1785523146.76677,14968.8531662,0.142643928527832,0.0153744220733643,0.0160841941833496,-1,-1,-1,-1,-1,-1,-1,-1,0.709772109985352,NaN,NaN,NaN,Conflict,Left,Right,None,Left,Right,0,1,0,1,0,NaN,NaN,NaN,NaN,NaN,NaN,NaN,NaN,0,0,1,1,0,0,578,NaN,20260731_t1356_srsSmooth_Moretraining_B009,NaN,NaN,41.6504301031431,2.82217144966125,NaN,NaN,NaN,0,NaN,NaN,NaN,NaN,0
20260731_t1356_srsSmooth_Moretraining,srs_smooth_Moretraining,trial0805.mat,805,805,578,9,82,57,60,20,40,8,1,2,8,2,57,25066,2,0,2,1,1,2,2,1,1,2,CHOSE_LOW_SAL,2,455,1,0,0,0,0,0,153,80,153,80,73,153,1,180,272.237365576664,277.762634423336,92.2373655766638,97.7626344233362,-5.52526884667247,5.52526884667247,NaN,NaN,NaN,1785523148.10601,14970.1923914,2.43021702766418,0.0178530216217041,0.185043096542358,0.951655387878418,1.40957498550415,1.6350245475769,1.67667722702026,1.67667722702026,-1,-1,1.97840404510498,167.190074920654,225.449562072754,41.6526794433594,267.102241516113,Conflict,Left,Right,Left,Left,Right,0,1,0,1,1,0,1,1,0,1,0,0,1,0,0,1,1,0,1,579,219,20260731_t1356_srsSmooth_Moretraining_B009,62,22,41.6727507750193,1.19659638404846,1,2,168,1,0,0,1,1,1
20260731_t1356_srsSmooth_Moretraining,srs_smooth_Moretraining,trial0807.mat,807,807,579,9,84,58,60,20,40,8,1,1,6,2,47,32416,2,0,2,1,1,2,1,2,1,2,CHOSE_HIGH_SAL,1,455,1,0,0,0,0,0,141,77,141,77,64,141,1,0,142.093071369047,47.906928630953,142.093071369047,47.906928630953,94.186142738094,94.186142738094,NaN,NaN,NaN,1785523153.2607,14975.34706564,2.29234886169434,0.0133635997772217,0.25561261177063,0.85553765296936,1.2634129524231,1.52222228050232,1.55564379692078,1.55564379692078,-1,-1,1.84893465042114,242.249011993408,258.809328079224,33.421516418457,292.230844497681,Congruent,Left,Right,Left,Left,Left,0,1,1,0,1,0,1,1,1,1,0,0,0,0,0,0,1,1,1,580,220,20260731_t1356_srsSmooth_Moretraining_B009,63,23,41.7586623112361,2.72447514533997,1,2,153,1,0,0,1,1,1
20260731_t1356_srsSmooth_Moretraining,srs_smooth_Moretraining,trial0809.mat,809,809,580,9,86,59,60,20,40,8,1,1,6,2,50,32190,2,0,2,1,1,2,1,2,1,2,CHOSE_HIGH_SAL,1,455,1,0,0,0,0,0,193,76,193,76,117,193,1,180,316.6491910868,233.3508089132,136.6491910868,53.3508089131995,83.298382173601,83.298382173601,NaN,NaN,NaN,1785523158.35205,14980.43825596,2.45976185798645,0.013883113861084,0.289676666259766,1.08131051063538,1.50560808181763,1.70627117156982,1.74780821800232,1.74780821800232,-1,-1,1.96648120880127,275.793552398682,200.663089752197,41.5370464324951,242.200136184692,Congruent,Left,Right,Left,Left,Left,0,1,1,0,1,0,1,1,1,1,0,0,0,0,0,0,1,1,1,581,221,20260731_t1356_srsSmooth_Moretraining_B009,64,24,41.8435181061427,2.79899883270264,1,2,141,1,0,0,1,1,1
20260731_t1356_srsSmooth_Moretraining,srs_smooth_Moretraining,trial0810.mat,810,810,581,10,1,0,56,16,40,8,2,0,2,1,12,442,1,1,2,1,2,1,1,2,1,2,SINGLE_T1_CORRECT,10,455,1,0,0,0,0,0,42,172,172,42,-130,42,1,180,0,190,180,10,170,170,NaN,NaN,NaN,1785523162.08718,14984.1733062,2.29219961166382,0.0122325420379639,0.279463529586792,1.05487394332886,1.41228771209717,1.66282796859741,1.70446228981018,1.70446228981018,-1,-1,1.94867777824402,267.230987548828,250.540256500244,41.6343212127686,292.174577713013,Instruction,Left,Right,Left,Right,Left,1,0,0,0,0,NaN,NaN,NaN,NaN,NaN,NaN,NaN,NaN,0,1,0,0,1,0,582,NaN,20260731_t1356_srsSmooth_Moretraining_B010,1,NaN,41.9057702819506,1.27536869049072,NaN,NaN,NaN,0,NaN,NaN,NaN,NaN,0
20260731_t1356_srsSmooth_Moretraining,srs_smooth_Moretraining,trial0812.mat,812,812,582,10,3,1,56,16,40,8,2,0,1,1,6,26747,1,1,1,2,2,2,1,1,1,1,SINGLE_T1_CORRECT,10,455,1,0,0,0,0,0,65,175,175,65,-110,65,1,0,180,10,180,10,170,170,NaN,NaN,NaN,1785523167.14138,14989.22737904,2.0377471446991,0.0165677070617676,0.0176990032196045,0.642360687255859,1.05827593803406,1.35073113441467,1.38425135612488,1.38425135612488,-1,-1,1.67014408111572,1.13129615783691,292.455196380615,33.5202217102051,325.97541809082,Instruction,Right,Left,Right,Left,Right,1,0,0,0,0,NaN,NaN,NaN,NaN,NaN,NaN,NaN,NaN,1,0,1,0,1,0,583,NaN,20260731_t1356_srsSmooth_Moretraining_B010,2,NaN,41.9900068918864,2.76199698448181,NaN,NaN,NaN,0,NaN,NaN,NaN,NaN,0
20260731_t1356_srsSmooth_Moretraining,srs_smooth_Moretraining,trial0813.mat,813,813,583,10,4,2,56,16,40,8,2,0,3,1,26,21801,1,2,2,1,2,1,2,1,2,1,SINGLE_T2_CORRECT,11,455,1,0,0,0,0,0,58,159,159,58,-101,159,1,180,190,0,10,180,-170,170,NaN,NaN,NaN,1785523170.45075,14992.53651876,2.21201324462891,0.0156612396240234,0.166317224502563,0.791390180587769,1.17404007911682,1.44954323768616,1.48287844657898,1.48287844657898,-1,-1,1.75192070007324,150.65598487854,275.503158569336,33.3352088928223,308.838367462158,Instruction,Left,Right,Right,Right,Right,1,0,0,0,0,NaN,NaN,NaN,NaN,NaN,NaN,NaN,NaN,0,1,1,0,0,0,584,NaN,20260731_t1356_srsSmooth_Moretraining_B010,3,NaN,42.0451630711555,1.2716236114502,NaN,NaN,NaN,0,NaN,NaN,NaN,NaN,0
20260731_t1356_srsSmooth_Moretraining,srs_smooth_Moretraining,trial0814.mat,814,814,584,10,5,3,56,16,40,8,2,0,1,1,9,16706,1,1,1,2,2,2,1,1,1,1,SINGLE_T1_CORRECT,10,455,1,0,0,0,0,0,29,158,158,29,-129,29,1,180,0,190,180,10,170,170,NaN,NaN,NaN,1785523173.9348,14996.02070216,1.90257668495178,0.0150811672210693,0.0160326957702637,0.598954677581787,0.965118169784546,1.22386479377747,1.26573085784912,1.26573085784912,-1,-1,1.57647204399109,0.951528549194336,258.74662399292,41.8660640716553,300.612688064575,Instruction,Right,Left,Right,Left,Right,1,0,0,0,0,NaN,NaN,NaN,NaN,NaN,NaN,NaN,NaN,1,0,1,0,1,0,585,NaN,20260731_t1356_srsSmooth_Moretraining_B010,4,NaN,42.103230591615,1.27203798294067,NaN,NaN,NaN,0,NaN,NaN,NaN,NaN,0
20260731_t1356_srsSmooth_Moretraining,srs_smooth_Moretraining,trial0815.mat,815,815,585,10,6,4,56,16,40,8,2,0,2,1,16,6620,1,1,2,1,2,1,1,2,1,2,SINGLE_T1_CORRECT,10,455,1,0,0,0,0,0,51,166,166,51,-115,51,1,180,0,190,180,10,170,170,NaN,NaN,NaN,1785523177.10997,14999.19571948,2.17751431465149,0.0150339603424072,0.290576219558716,0.982420682907104,1.37342095375061,1.56547999382019,1.59885120391846,1.59885120391846,-1,-1,1.82585501670837,275.542259216309,192.05904006958,33.3712100982666,225.430250167847,Instruction,Left,Right,Left,Right,Left,1,0,0,0,0,NaN,NaN,NaN,NaN,NaN,NaN,NaN,NaN,0,1,0,0,1,0,586,NaN,20260731_t1356_srsSmooth_Moretraining_B010,5,NaN,42.1561501264572,1.27259540557861,NaN,NaN,NaN,0,NaN,NaN,NaN,NaN,0
20260731_t1356_srsSmooth_Moretraining,srs_smooth_Moretraining,trial0817.mat,817,817,586,10,8,5,56,16,40,8,2,0,2,1,18,7294,1,1,2,1,2,1,1,2,1,2,SINGLE_T1_CORRECT,10,455,1,0,0,0,0,0,55,210,210,55,-155,55,1,180,0,190,180,10,170,170,NaN,NaN,NaN,1785523182.06784,15004.1535316,2.17826890945435,0.0156915187835693,0.166393995285034,0.874505281448364,1.26574063301086,1.48314905166626,1.53313207626343,1.53313207626343,-1,-1,1.81899333000183,150.702476501465,217.408418655396,49.983024597168,267.391443252563,Instruction,Left,Right,Left,Right,Left,1,0,0,0,0,NaN,NaN,NaN,NaN,NaN,NaN,NaN,NaN,0,1,0,0,1,0,587,NaN,20260731_t1356_srsSmooth_Moretraining_B010,6,NaN,42.2387813170751,2.78035712242126,NaN,NaN,NaN,0,NaN,NaN,NaN,NaN,0
20260731_t1356_srsSmooth_Moretraining,srs_smooth_Moretraining,trial0818.mat,818,818,587,10,9,6,56,16,40,8,2,0,4,1,39,6988,1,2,1,2,2,2,2,2,2,2,SINGLE_T2_CORRECT,11,455,1,0,0,0,0,0,54,152,152,54,-98,152,1,180,190,0,10,180,-170,170,NaN,NaN,NaN,1785523185.52726,15007.61292792,2.33597850799561,0.0147438049316406,0.248461484909058,0.956958293914795,1.32312893867493,1.53186440467834,1.573650598526,1.573650598526,-1,-1,1.88417172431946,233.717679977417,208.735466003418,41.7861938476562,250.521659851074,Instruction,Right,Left,Left,Left,Left,1,0,0,0,0,NaN,NaN,NaN,NaN,NaN,NaN,NaN,NaN,1,0,0,0,0,0,588,NaN,20260731_t1356_srsSmooth_Moretraining_B010,7,NaN,42.2964382608732,1.28114771842957,NaN,NaN,NaN,0,NaN,NaN,NaN,NaN,0
20260731_t1356_srsSmooth_Moretraining,srs_smooth_Moretraining,trial0819.mat,819,819,588,10,10,7,56,16,40,8,2,0,4,1,38,8071,1,2,1,2,2,2,2,2,2,2,SINGLE_T2_CORRECT,11,455,1,0,0,0,0,0,38,181,181,38,-143,181,1,180,190,0,10,180,-170,170,NaN,NaN,NaN,1785523189.1433,15011.22882776,2.51186275482178,0.0155074596405029,0.257728576660156,1.04934549331665,1.44889736175537,1.69124889373779,1.73295497894287,1.73295497894287,-1,-1,2.02644896507263,242.221117019653,242.351531982422,41.7060852050781,284.0576171875,Instruction,Right,Left,Left,Left,Left,1,0,0,0,0,NaN,NaN,NaN,NaN,NaN,NaN,NaN,NaN,1,0,0,0,0,0,589,NaN,20260731_t1356_srsSmooth_Moretraining_B010,8,NaN,42.3567057013512,1.28006792068481,NaN,NaN,NaN,0,NaN,NaN,NaN,NaN,0
20260731_t1356_srsSmooth_Moretraining,srs_smooth_Moretraining,trial0820.mat,820,820,589,10,11,8,56,16,40,8,2,0,3,1,21,13111,1,2,2,1,2,1,2,1,2,1,SINGLE_T2_CORRECT,11,455,1,0,0,0,0,0,55,174,174,55,-119,174,1,0,10,180,10,180,-170,170,NaN,NaN,NaN,1785523192.93472,15015.02016396,2.26132202148438,0.0159099102020264,0.233243942260742,0.849809169769287,1.21595788002014,1.48329472541809,1.51657915115356,1.51657915115356,-1,-1,1.78491830825806,217.334032058716,267.336845397949,33.2844257354736,300.621271133423,Instruction,Left,Right,Right,Right,Right,1,0,0,0,0,NaN,NaN,NaN,NaN,NaN,NaN,NaN,NaN,0,1,1,0,0,0,590,NaN,20260731_t1356_srsSmooth_Moretraining_B010,9,NaN,42.4198959271113,1.27955079078674,NaN,NaN,NaN,0,NaN,NaN,NaN,NaN,0
20260731_t1356_srsSmooth_Moretraining,srs_smooth_Moretraining,trial0821.mat,821,821,590,10,12,9,56,16,40,8,2,0,4,1,36,13721,1,2,1,2,2,2,2,2,2,2,SINGLE_T2_CORRECT,11,455,1,0,0,0,0,0,50,167,167,50,-117,167,1,0,10,180,10,180,-170,170,NaN,NaN,NaN,1785523196.49541,15018.58092192,2.07648682594299,0.0136961936950684,0.181153774261475,0.689133167266846,1.12207317352295,1.29758882522583,1.3395254611969,1.3395254611969,-1,-1,1.60802340507507,167.457580566406,175.515651702881,41.9366359710693,217.45228767395,Instruction,Right,Left,Left,Left,Left,1,0,0,0,0,NaN,NaN,NaN,NaN,NaN,NaN,NaN,NaN,1,0,0,0,0,0,591,NaN,20260731_t1356_srsSmooth_Moretraining_B010,10,NaN,42.479240723451,1.29936575889587,NaN,NaN,NaN,0,NaN,NaN,NaN,NaN,0
20260731_t1356_srsSmooth_Moretraining,srs_smooth_Moretraining,trial0823.mat,823,823,591,10,14,10,56,16,40,8,2,0,3,1,28,25556,1,2,2,1,2,1,2,1,2,1,SINGLE_T2_CORRECT,11,455,1,0,0,0,0,0,67,158,158,67,-91,158,1,180,190,0,10,180,-170,170,NaN,NaN,NaN,1785523201.34013,15023.425538,2.05670881271362,0.0108346939086914,0.0117049217224121,0.636368036270142,1.05254244804382,1.29508805274963,1.33657145500183,1.33657145500183,-1,-1,1.59650349617004,0.870227813720703,242.545604705811,41.4834022521973,284.029006958008,Instruction,Left,Right,Right,Right,Right,1,0,0,0,0,NaN,NaN,NaN,NaN,NaN,NaN,NaN,NaN,0,1,1,0,0,0,592,NaN,20260731_t1356_srsSmooth_Moretraining_B010,11,NaN,42.5599860509237,2.76823282241821,NaN,NaN,NaN,0,NaN,NaN,NaN,NaN,0
20260731_t1356_srsSmooth_Moretraining,srs_smooth_Moretraining,trial0824.mat,824,824,592,10,15,11,56,16,40,8,2,0,3,1,30,24539,1,2,2,1,2,1,2,1,0,0,,0,11,0,1,0,0,0,0,43,169,169,43,-126,NaN,1,0,10,180,10,180,-170,170,NaN,NaN,NaN,1785523204.68204,15026.76735344,0.0633461475372314,0.0107235908508301,0.0113189220428467,-1,-1,-1,-1,-1,-1,-1,-1,0.595331192016602,NaN,NaN,NaN,Instruction,Left,Right,None,Right,Right,1,0,0,0,0,NaN,NaN,NaN,NaN,NaN,NaN,NaN,NaN,0,1,1,0,0,0,592,NaN,20260731_t1356_srsSmooth_Moretraining_B010,NaN,NaN,42.6156845490138,1.28520107269287,NaN,NaN,NaN,0,NaN,NaN,NaN,NaN,0
20260731_t1356_srsSmooth_Moretraining,srs_smooth_Moretraining,trial0825.mat,825,825,592,10,16,11,56,16,40,8,2,0,1,1,10,10977,1,1,1,2,2,2,1,1,1,1,SINGLE_T1_CORRECT,10,455,1,0,0,0,0,0,45,155,155,45,-110,45,1,0,180,10,180,10,170,170,NaN,NaN,NaN,1785523205.94772,15028.0330618,2.09130430221558,0.0117514133453369,0.228890657424927,0.753908157348633,1.12012839317322,1.46217036247253,1.49586224555969,1.49586224555969,-1,-1,1.74827098846436,217.13924407959,342.041969299316,33.6918830871582,375.733852386475,Instruction,Right,Left,Right,Left,Right,1,0,0,0,0,NaN,NaN,NaN,NaN,NaN,NaN,NaN,NaN,1,0,1,0,1,0,593,NaN,20260731_t1356_srsSmooth_Moretraining_B010,12,NaN,42.6367793520292,1.20234203338623,NaN,NaN,NaN,0,NaN,NaN,NaN,NaN,0
20260731_t1356_srsSmooth_Moretraining,srs_smooth_Moretraining,trial0826.mat,826,826,593,10,17,12,56,16,40,8,2,0,2,1,14,25959,1,1,2,1,2,1,1,2,1,2,SINGLE_T1_CORRECT,10,455,1,0,0,0,0,0,55,160,160,55,-105,55,1,180,0,190,180,10,170,170,NaN,NaN,NaN,1785523209.33068,15031.41579356,2.37487149238586,0.0122597217559814,0.271167993545532,1.03784799575806,1.48731780052185,1.72983002662659,1.77113080024719,1.77113080024719,-1,-1,2.01473617553711,258.908271789551,242.512226104736,41.3007736206055,283.812999725342,Instruction,Left,Right,Left,Right,Left,1,0,0,0,0,NaN,NaN,NaN,NaN,NaN,NaN,NaN,NaN,0,1,0,0,1,0,594,NaN,20260731_t1356_srsSmooth_Moretraining_B010,13,NaN,42.6931619962056,1.29165434837341,NaN,NaN,NaN,0,NaN,NaN,NaN,NaN,0
20260731_t1356_srsSmooth_Moretraining,srs_smooth_Moretraining,trial0827.mat,827,827,594,10,18,13,56,16,40,8,2,0,4,1,32,20639,1,2,1,2,2,2,2,2,2,2,SINGLE_T2_CORRECT,11,455,1,0,0,0,0,0,44,162,162,44,-118,162,1,180,190,0,10,180,-170,170,NaN,NaN,NaN,1785523212.97785,15035.0630454,2.21901154518127,0.0152318477630615,0.257341623306274,0.88239860534668,1.28194785118103,1.48242163658142,1.51571822166443,1.51571822166443,-1,-1,1.75928926467896,242.109775543213,200.473785400391,33.2965850830078,233.770370483398,Instruction,Right,Left,Left,Left,Left,1,0,0,0,0,NaN,NaN,NaN,NaN,NaN,NaN,NaN,NaN,1,0,0,0,0,0,595,NaN,20260731_t1356_srsSmooth_Moretraining_B010,14,NaN,42.7539481957754,1.27230048179626,NaN,NaN,NaN,0,NaN,NaN,NaN,NaN,0
20260731_t1356_srsSmooth_Moretraining,srs_smooth_Moretraining,trial0828.mat,828,828,595,10,19,14,56,16,40,8,2,0,3,1,22,18298,1,2,2,1,2,1,2,1,2,1,SINGLE_T2_CORRECT,11,455,1,0,0,0,0,0,34,172,172,34,-138,172,1,0,10,180,10,180,-170,170,NaN,NaN,NaN,1785523216.4807,15038.56582816,2.37486886978149,0.0125203132629395,0.246282339096069,0.887966394424438,1.32090544700623,1.58800673484802,1.62128829956055,1.62128829956055,-1,-1,1.89885473251343,233.76202583313,267.101287841797,33.2815647125244,300.382852554321,Instruction,Left,Right,Right,Right,Right,1,0,0,0,0,NaN,NaN,NaN,NaN,NaN,NaN,NaN,NaN,0,1,1,0,0,0,596,NaN,20260731_t1356_srsSmooth_Moretraining_B010,15,NaN,42.8123290022214,1.28383684158325,NaN,NaN,NaN,0,NaN,NaN,NaN,NaN,0
20260731_t1356_srsSmooth_Moretraining,srs_smooth_Moretraining,trial0829.mat,829,829,596,10,20,15,56,16,40,8,2,0,3,1,29,14340,1,2,2,1,2,1,2,1,2,1,SINGLE_T2_CORRECT,11,455,1,0,0,0,0,0,39,162,162,39,-123,162,1,0,10,180,10,180,-170,170,NaN,NaN,NaN,1785523220.15256,15042.23749316,2.23722052574158,0.0158023834228516,0.257827281951904,0.799551248550415,1.14084625244141,1.45797204971313,1.49991178512573,1.49991178512573,-1,-1,1.77715039253235,242.024898529053,317.125797271729,41.9397354125977,359.065532684326,Instruction,Left,Right,Right,Right,Right,1,0,0,0,0,NaN,NaN,NaN,NaN,NaN,NaN,NaN,NaN,0,1,1,0,0,0,597,NaN,20260731_t1356_srsSmooth_Moretraining_B010,16,NaN,42.8735267043114,1.29699325561523,NaN,NaN,NaN,0,NaN,NaN,NaN,NaN,0
20260731_t1356_srsSmooth_Moretraining,srs_smooth_Moretraining,trial0830.mat,830,830,597,10,21,16,56,16,40,8,2,0,2,1,17,4638,1,1,2,1,2,1,1,2,1,2,SINGLE_T1_CORRECT,10,455,1,0,0,0,0,0,45,159,159,45,-114,45,1,0,180,10,180,10,170,170,NaN,NaN,NaN,1785523223.69601,15045.78095144,2.02655482292175,0.0141639709472656,0.231363296508789,0.806402921676636,1.18920993804932,1.39812040328979,1.43158912658691,1.43158912658691,-1,-1,1.68328762054443,217.199325561523,208.910465240479,33.4687232971191,242.379188537598,Instruction,Left,Right,Left,Right,Left,1,0,0,0,0,NaN,NaN,NaN,NaN,NaN,NaN,NaN,NaN,0,1,0,0,1,0,598,NaN,20260731_t1356_srsSmooth_Moretraining_B010,17,NaN,42.9325840950012,1.30622291564941,NaN,NaN,NaN,0,NaN,NaN,NaN,NaN,0
20260731_t1356_srsSmooth_Moretraining,srs_smooth_Moretraining,trial0831.mat,831,831,598,10,22,17,56,16,40,8,2,0,1,1,7,16580,1,1,1,2,2,2,1,1,1,1,SINGLE_T1_CORRECT,10,455,1,0,0,0,0,0,52,136,136,52,-84,52,1,180,0,190,180,10,170,170,NaN,NaN,NaN,1785523227.01165,15049.09656904,2.15309500694275,0.0153148174285889,0.274258375167847,0.782569885253906,1.22369480133057,1.49089121818542,1.52424645423889,1.52424645423889,-1,-1,1.80134272575378,258.943557739258,267.196416854858,33.3552360534668,300.551652908325,Instruction,Right,Left,Right,Left,Right,1,0,0,0,0,NaN,NaN,NaN,NaN,NaN,NaN,NaN,NaN,1,0,1,0,1,0,599,NaN,20260731_t1356_srsSmooth_Moretraining_B010,18,NaN,42.9878448605537,1.28909111022949,NaN,NaN,NaN,0,NaN,NaN,NaN,NaN,0
20260731_t1356_srsSmooth_Moretraining,srs_smooth_Moretraining,trial0832.mat,832,832,599,10,23,18,56,16,40,8,2,0,2,1,20,31685,1,1,2,1,2,1,1,2,1,2,SINGLE_T1_CORRECT,10,455,1,0,1,0,0,0,46,146,146,46,-100,46,1,180,0,190,180,10,170,170,NaN,NaN,NaN,1785523230.45266,15052.53750412,2.1789665222168,0.0161058902740479,0.216694116592407,0.924870014190674,1.33282399177551,1.56659030914307,1.59987950325012,1.59987950325012,-1,-1,1.83499598503113,200.588226318359,233.766317367554,33.2891941070557,267.055511474609,Instruction,Left,Right,Left,Right,Left,1,0,0,0,0,NaN,NaN,NaN,NaN,NaN,NaN,NaN,NaN,0,1,0,0,1,0,600,NaN,20260731_t1356_srsSmooth_Moretraining_B010,19,NaN,43.0451950112979,1.28791403770447,NaN,NaN,NaN,0,NaN,NaN,NaN,NaN,0
20260731_t1356_srsSmooth_Moretraining,srs_smooth_Moretraining,trial0833.mat,833,833,600,10,24,19,56,16,40,8,2,0,1,1,4,12175,1,1,1,2,2,2,1,1,1,1,SINGLE_T1_CORRECT,10,455,1,0,1,0,0,0,28,164,164,28,-136,28,1,180,0,190,180,10,170,170,NaN,NaN,NaN,1785523233.92227,15056.0070336,2.22592425346375,0.0132966041564941,0.247191905975342,0.955415725708008,1.30501365661621,1.65540981292725,1.68046188354492,1.68046188354492,-1,-1,1.89961767196655,233.895301818848,350.396156311035,25.0520706176758,375.448226928711,Instruction,Right,Left,Right,Left,Right,1,0,0,0,0,NaN,NaN,NaN,NaN,NaN,NaN,NaN,NaN,1,0,1,0,1,0,601,NaN,20260731_t1356_srsSmooth_Moretraining_B010,20,NaN,43.1030218640963,1.29064464569092,NaN,NaN,NaN,0,NaN,NaN,NaN,NaN,0
20260731_t1356_srsSmooth_Moretraining,srs_smooth_Moretraining,trial0834.mat,834,834,601,10,25,20,56,16,40,8,2,0,1,1,2,25227,1,1,1,2,2,2,1,1,1,1,SINGLE_T1_CORRECT,10,455,1,0,0,0,0,0,57,135,135,57,-78,57,1,0,180,10,180,10,170,170,NaN,NaN,NaN,1785523237.42832,15059.51294628,2.27772569656372,0.0157198905944824,0.241137266159058,0.91616153717041,1.3157696723938,1.59129452705383,1.62453174591064,1.62453174591064,-1,-1,1.91785025596619,225.417375564575,275.524854660034,33.2372188568115,308.762073516846,Instruction,Right,Left,Right,Left,Right,1,0,0,0,0,NaN,NaN,NaN,NaN,NaN,NaN,NaN,NaN,1,0,1,0,1,0,602,NaN,20260731_t1356_srsSmooth_Moretraining_B010,21,NaN,43.161455976963,1.28012251853943,NaN,NaN,NaN,0,NaN,NaN,NaN,NaN,0
20260731_t1356_srsSmooth_Moretraining,srs_smooth_Moretraining,trial0835.mat,835,835,602,10,26,21,56,16,40,8,2,0,3,1,23,1158,1,2,2,1,2,1,2,1,2,1,SINGLE_T2_CORRECT,11,455,1,0,0,0,0,0,59,165,165,59,-106,165,1,180,190,0,10,180,-170,170,NaN,NaN,NaN,1785523240.98108,15063.06564664,2.35146379470825,0.013099193572998,0.288598775863647,0.947175741195679,1.33815121650696,1.61397385597229,1.65529131889343,1.65529131889343,-1,-1,1.88240909576416,275.499582290649,275.822639465332,41.3174629211426,317.140102386475,Instruction,Left,Right,Right,Right,Right,1,0,0,0,0,NaN,NaN,NaN,NaN,NaN,NaN,NaN,NaN,0,1,1,0,0,0,603,NaN,20260731_t1356_srsSmooth_Moretraining_B010,22,NaN,43.2206686059634,1.27503204345703,NaN,NaN,NaN,0,NaN,NaN,NaN,NaN,0
20260731_t1356_srsSmooth_Moretraining,srs_smooth_Moretraining,trial0836.mat,836,836,603,10,27,22,56,16,40,8,2,0,2,1,15,212,1,1,2,1,2,1,1,2,1,2,SINGLE_T1_CORRECT,10,455,1,0,0,0,0,0,78,162,162,78,-84,78,1,0,180,10,180,10,170,170,NaN,NaN,NaN,1785523244.59603,15066.68055756,2.07771825790405,0.0149548053741455,0.0163171291351318,0.807381868362427,1.14833188056946,1.44078207015991,1.47397780418396,1.47397780418396,-1,-1,1.70056223869324,1.36232376098633,292.450189590454,33.1957340240479,325.645923614502,Instruction,Left,Right,Left,Right,Left,1,0,0,0,0,NaN,NaN,NaN,NaN,NaN,NaN,NaN,NaN,0,1,0,0,1,0,604,NaN,20260731_t1356_srsSmooth_Moretraining_B010,23,NaN,43.2809177954992,1.26348757743835,NaN,NaN,NaN,0,NaN,NaN,NaN,NaN,0
20260731_t1356_srsSmooth_Moretraining,srs_smooth_Moretraining,trial0838.mat,838,838,604,10,29,23,56,16,40,8,2,0,4,1,33,9817,1,2,1,2,2,2,2,2,2,2,SINGLE_T2_CORRECT,11,455,1,0,0,0,0,0,53,155,155,53,-102,155,1,0,10,180,10,180,-170,170,NaN,NaN,NaN,1785523249.41718,15071.50150964,2.456383228302,0.0189900398254395,0.253175258636475,0.994693279266357,1.42737817764282,1.66959404945374,1.70302128791809,1.70302128791809,-1,-1,1.99633240699768,234.185218811035,242.215871810913,33.4272384643555,275.643110275269,Instruction,Right,Left,Left,Left,Left,1,0,0,0,0,NaN,NaN,NaN,NaN,NaN,NaN,NaN,NaN,1,0,0,0,0,0,605,NaN,20260731_t1356_srsSmooth_Moretraining_B010,24,NaN,43.3612703243891,2.74343347549438,NaN,NaN,NaN,0,NaN,NaN,NaN,NaN,0
20260731_t1356_srsSmooth_Moretraining,srs_smooth_Moretraining,trial0839.mat,839,839,605,10,30,24,56,16,40,8,2,0,3,1,25,6101,1,2,2,1,2,1,2,1,2,1,SINGLE_T2_CORRECT,11,455,1,0,0,0,0,0,37,150,150,37,-113,150,1,180,190,0,10,180,-170,170,NaN,NaN,NaN,1785523253.18063,15075.26489376,2.41875910758972,0.0140178203582764,0.273074865341187,1.01480412483215,1.36406970024109,1.64793658256531,1.68989133834839,1.68989133834839,-1,-1,1.96667838096619,259.05704498291,283.866882324219,41.9547557830811,325.8216381073,Instruction,Left,Right,Right,Right,Right,1,0,0,0,0,NaN,NaN,NaN,NaN,NaN,NaN,NaN,NaN,0,1,1,0,0,0,606,NaN,20260731_t1356_srsSmooth_Moretraining_B010,25,NaN,43.4239945133527,1.30706810951233,NaN,NaN,NaN,0,NaN,NaN,NaN,NaN,0
20260731_t1356_srsSmooth_Moretraining,srs_smooth_Moretraining,trial0840.mat,840,840,606,10,31,25,56,16,40,8,2,0,4,1,40,16853,1,2,1,2,2,2,2,2,2,2,SINGLE_T2_CORRECT,11,455,1,0,0,0,0,0,51,144,144,51,-93,144,1,180,190,0,10,180,-170,170,NaN,NaN,NaN,1785523256.86783,15078.9519276,2.31416535377502,0.0186283588409424,0.235942125320435,1.00251603126526,1.36868166923523,1.55246019363403,1.58573174476624,1.58573174476624,-1,-1,1.87074613571167,217.313766479492,183.778524398804,33.2715511322021,217.050075531006,Instruction,Right,Left,Left,Left,Left,1,0,0,0,0,NaN,NaN,NaN,NaN,NaN,NaN,NaN,NaN,1,0,0,0,0,0,607,NaN,20260731_t1356_srsSmooth_Moretraining_B010,26,NaN,43.485447816054,1.26843905448914,NaN,NaN,NaN,0,NaN,NaN,NaN,NaN,0
20260731_t1356_srsSmooth_Moretraining,srs_smooth_Moretraining,trial0842.mat,842,842,607,10,33,26,56,16,40,8,2,0,3,1,30,24539,1,2,2,1,2,1,2,1,2,1,SINGLE_T2_CORRECT,11,455,1,0,0,0,0,0,52,154,154,52,-102,154,1,0,10,180,10,180,-170,170,NaN,NaN,NaN,1785523261.9423,15084.02627796,2.39111399650574,0.011021614074707,0.211755752563477,0.978501796722412,1.37774085998535,1.6032612323761,1.64516353607178,1.64516353607178,-1,-1,1.93909454345703,200.73413848877,225.520372390747,41.9023036956787,267.422676086426,Instruction,Left,Right,Right,Right,Right,1,0,0,0,0,NaN,NaN,NaN,NaN,NaN,NaN,NaN,NaN,0,1,1,0,0,0,608,NaN,20260731_t1356_srsSmooth_Moretraining_B010,27,NaN,43.5700223128001,2.76030445098877,NaN,NaN,NaN,0,NaN,NaN,NaN,NaN,0
20260731_t1356_srsSmooth_Moretraining,srs_smooth_Moretraining,trial0843.mat,843,843,608,10,34,27,56,16,40,8,2,0,1,1,5,29525,1,1,1,2,2,2,1,1,1,1,SINGLE_T1_CORRECT,10,455,1,0,0,0,0,0,57,173,173,57,-116,57,1,0,180,10,180,10,170,170,NaN,NaN,NaN,1785523265.61076,15087.6948058,2.22243523597717,0.0177087783813477,0.193299055099487,0.951491832733154,1.33442664146423,1.60166215896606,1.63510155677795,1.63510155677795,-1,-1,1.8624095916748,175.59027671814,267.235517501831,33.4393978118896,300.674915313721,Instruction,Right,Left,Right,Left,Right,1,0,0,0,0,NaN,NaN,NaN,NaN,NaN,NaN,NaN,NaN,1,0,1,0,1,0,609,NaN,20260731_t1356_srsSmooth_Moretraining_B010,28,NaN,43.6311632315318,1.27734112739563,NaN,NaN,NaN,0,NaN,NaN,NaN,NaN,0
20260731_t1356_srsSmooth_Moretraining,srs_smooth_Moretraining,trial0844.mat,844,844,609,10,35,28,56,16,40,8,2,0,3,1,27,17594,1,2,2,1,2,1,2,1,2,1,SINGLE_T2_CORRECT,11,455,1,0,0,0,0,0,64,169,169,64,-105,169,1,180,190,0,10,180,-170,170,NaN,NaN,NaN,1785523269.10018,15091.18410592,2.53314304351807,0.0117509365081787,0.304219961166382,1.04557728767395,1.46180701255798,1.73736524581909,1.77923130989075,1.77923130989075,-1,-1,2.0649778842926,292.469024658203,275.558233261108,41.8660640716553,317.424297332764,Instruction,Left,Right,Right,Right,Right,1,0,0,0,0,NaN,NaN,NaN,NaN,NaN,NaN,NaN,NaN,0,1,1,0,0,0,610,NaN,20260731_t1356_srsSmooth_Moretraining_B010,29,NaN,43.6893203258514,1.26699042320251,NaN,NaN,NaN,0,NaN,NaN,NaN,NaN,0
20260731_t1356_srsSmooth_Moretraining,srs_smooth_Moretraining,trial0845.mat,845,845,610,10,36,29,56,16,40,8,2,0,1,1,8,8625,1,1,1,2,2,2,1,1,1,1,SINGLE_T1_CORRECT,10,455,1,0,0,0,0,0,67,169,169,67,-102,67,1,0,180,10,180,10,170,170,NaN,NaN,NaN,1785523272.90752,15094.99148008,2.23443198204041,0.0128984451293945,0.180105447769165,0.8633713722229,1.32128262519836,1.54685521125793,1.58016538619995,1.58016538619995,-1,-1,1.86565589904785,167.207002639771,225.57258605957,33.3101749420166,258.882761001587,Instruction,Right,Left,Right,Left,Right,1,0,0,0,0,NaN,NaN,NaN,NaN,NaN,NaN,NaN,NaN,1,0,1,0,1,0,611,NaN,20260731_t1356_srsSmooth_Moretraining_B010,30,NaN,43.7527758836746,1.2741904258728,NaN,NaN,NaN,0,NaN,NaN,NaN,NaN,0
20260731_t1356_srsSmooth_Moretraining,srs_smooth_Moretraining,trial0846.mat,846,846,611,10,37,30,56,16,40,8,2,0,2,1,13,2007,1,1,2,1,2,1,1,2,1,2,SINGLE_T1_CORRECT,10,455,1,0,0,0,0,0,46,202,202,46,-156,46,1,180,0,190,180,10,170,170,NaN,NaN,NaN,1785523276.4385,15098.5222404,2.05279564857483,0.0153837203979492,0.240961313247681,0.832606315612793,1.22376346588135,1.42424464225769,1.45782160758972,1.45782160758972,-1,-1,1.70943355560303,225.577592849731,200.481176376343,33.5769653320312,234.058141708374,Instruction,Left,Right,Left,Right,Left,1,0,0,0,0,NaN,NaN,NaN,NaN,NaN,NaN,NaN,NaN,0,1,0,0,1,0,612,NaN,20260731_t1356_srsSmooth_Moretraining_B010,31,NaN,43.8116256316503,1.29655289649963,NaN,NaN,NaN,0,NaN,NaN,NaN,NaN,0
20260731_t1356_srsSmooth_Moretraining,srs_smooth_Moretraining,trial0847.mat,847,847,612,10,38,31,56,16,40,8,2,0,2,1,11,3185,1,1,2,1,2,1,1,2,1,2,SINGLE_T1_CORRECT,10,455,1,0,0,0,0,0,61,148,148,61,-87,61,1,0,180,10,180,10,170,170,NaN,NaN,NaN,1785523279.76834,15101.8521016,2.19866299629211,0.0106742382049561,0.219924449920654,0.961551427841187,1.31072521209717,1.53624892234802,1.57824182510376,1.57824182510376,-1,-1,1.83897948265076,209.250211715698,225.523710250854,41.9929027557373,267.516613006592,Instruction,Left,Right,Left,Right,Left,1,0,0,0,0,NaN,NaN,NaN,NaN,NaN,NaN,NaN,NaN,0,1,0,0,1,0,613,NaN,20260731_t1356_srsSmooth_Moretraining_B010,32,NaN,43.8671229203542,1.27704167366028,NaN,NaN,NaN,0,NaN,NaN,NaN,NaN,0
20260731_t1356_srsSmooth_Moretraining,srs_smooth_Moretraining,trial0848.mat,848,848,613,10,39,32,56,16,40,8,2,0,2,1,19,11127,1,1,2,1,2,1,1,2,1,2,SINGLE_T1_CORRECT,10,455,1,0,0,0,0,0,26,170,170,26,-144,26,1,180,0,190,180,10,170,170,NaN,NaN,NaN,1785523283.26039,15105.34408252,2.18983054161072,0.0187532901763916,0.277938842773438,0.953006029129028,1.34380435943604,1.55301451683044,1.5943500995636,1.5943500995636,-1,-1,1.86303615570068,259.185552597046,209.210157394409,41.3355827331543,250.545740127563,Instruction,Left,Right,Left,Right,Left,1,0,0,0,0,NaN,NaN,NaN,NaN,NaN,NaN,NaN,NaN,0,1,0,0,1,0,614,NaN,20260731_t1356_srsSmooth_Moretraining_B010,33,NaN,43.9253238717715,1.29339408874512,NaN,NaN,NaN,0,NaN,NaN,NaN,NaN,0
20260731_t1356_srsSmooth_Moretraining,srs_smooth_Moretraining,trial0849.mat,849,849,614,10,40,33,56,16,40,8,2,0,4,1,31,3929,1,2,1,2,2,2,2,2,2,2,SINGLE_T2_CORRECT,11,455,1,0,0,0,0,0,49,152,152,49,-103,152,1,180,190,0,10,180,-170,170,NaN,NaN,NaN,1785523286.73423,15108.8177856,2.31628751754761,0.011713981628418,0.228881359100342,0.954225301742554,1.32843089103699,1.53754305839539,1.57928371429443,1.57928371429443,-1,-1,1.86497616767883,217.167377471924,209.112167358398,41.7406558990479,250.852823257446,Instruction,Right,Left,Left,Left,Left,1,0,0,0,0,NaN,NaN,NaN,NaN,NaN,NaN,NaN,NaN,1,0,0,0,0,0,615,NaN,20260731_t1356_srsSmooth_Moretraining_B010,34,NaN,43.9832212090492,1.2840096950531,NaN,NaN,NaN,0,NaN,NaN,NaN,NaN,0
20260731_t1356_srsSmooth_Moretraining,srs_smooth_Moretraining,trial0851.mat,851,851,615,10,42,34,56,16,40,8,2,0,4,1,34,30571,1,2,1,2,2,2,2,2,0,0,,0,11,0,1,0,0,0,0,35,162,162,35,-127,NaN,1,0,10,180,10,180,-170,170,NaN,NaN,NaN,1785523291.83443,15113.91803304,0.239433526992798,0.0117149353027344,0.187150716781616,-1,-1,-1,-1,-1,-1,-1,-1,175.435781478882,NaN,NaN,NaN,Instruction,Right,Left,None,Left,Left,1,0,0,0,0,NaN,NaN,NaN,NaN,NaN,NaN,NaN,NaN,1,0,0,0,0,0,615,NaN,20260731_t1356_srsSmooth_Moretraining_B010,NaN,NaN,44.0682244737943,2.78390836715698,NaN,NaN,NaN,0,NaN,NaN,NaN,NaN,0
20260731_t1356_srsSmooth_Moretraining,srs_smooth_Moretraining,trial0853.mat,853,853,615,10,44,34,56,16,40,8,2,0,4,1,34,30571,1,2,1,2,2,2,2,2,2,2,SINGLE_T2_CORRECT,11,455,1,0,0,0,0,0,54,146,146,54,-92,146,1,0,10,180,10,180,-170,170,NaN,NaN,NaN,1785523294.75581,15116.8393578,2.22826361656189,0.0154449939727783,0.0160722732543945,0.799530982971191,1.19882392883301,1.47447156906128,1.50793147087097,1.50793147087097,-1,-1,1.78510069847107,0.627279281616211,275.647640228271,33.4599018096924,309.107542037964,Instruction,Right,Left,Left,Left,Left,1,0,0,0,0,NaN,NaN,NaN,NaN,NaN,NaN,NaN,NaN,1,0,0,0,0,0,616,NaN,20260731_t1356_srsSmooth_Moretraining_B010,35,NaN,44.1169142087301,2.68195056915283,NaN,NaN,NaN,0,NaN,NaN,NaN,NaN,0
20260731_t1356_srsSmooth_Moretraining,srs_smooth_Moretraining,trial0854.mat,854,854,616,10,45,35,56,16,40,8,2,0,4,1,35,22926,1,2,1,2,2,2,2,2,2,2,SINGLE_T2_CORRECT,11,455,1,0,0,0,0,0,29,163,163,29,-134,163,1,180,190,0,10,180,-170,170,NaN,NaN,NaN,1785523298.2787,15120.36199944,2.3970091342926,0.0176975727081299,0.293332099914551,0.968273162841797,1.35108256340027,1.60178852081299,1.64322686195374,1.64322686195374,-1,-1,1.93669271469116,275.634527206421,250.70595741272,41.4383411407471,292.144298553467,Instruction,Right,Left,Left,Left,Left,1,0,0,0,0,NaN,NaN,NaN,NaN,NaN,NaN,NaN,NaN,1,0,0,0,0,0,617,NaN,20260731_t1356_srsSmooth_Moretraining_B010,36,NaN,44.1756289323171,1.29461979866028,NaN,NaN,NaN,0,NaN,NaN,NaN,NaN,0
20260731_t1356_srsSmooth_Moretraining,srs_smooth_Moretraining,trial0855.mat,855,855,617,10,46,36,56,16,40,8,2,0,4,1,37,10493,1,2,1,2,2,2,2,2,2,2,SINGLE_T2_CORRECT,11,455,1,0,0,0,0,0,24,153,153,24,-129,153,1,180,190,0,10,180,-170,170,NaN,NaN,NaN,1785523301.96524,15124.04854032,2.5044162273407,0.0146286487579346,0.248374700546265,1.04022192955017,1.43968367576599,1.71524786949158,1.74837708473206,1.74837708473206,-1,-1,2.0508439540863,233.74605178833,275.564193725586,33.1292152404785,308.693408966064,Instruction,Right,Left,Left,Left,Left,1,0,0,0,0,NaN,NaN,NaN,NaN,NaN,NaN,NaN,NaN,1,0,0,0,0,0,618,NaN,20260731_t1356_srsSmooth_Moretraining_B010,37,NaN,44.2370713631312,1.28953671455383,NaN,NaN,NaN,0,NaN,NaN,NaN,NaN,0
20260731_t1356_srsSmooth_Moretraining,srs_smooth_Moretraining,trial0856.mat,856,856,618,10,47,37,56,16,40,8,2,0,3,1,24,24078,1,2,2,1,2,1,2,1,2,1,SINGLE_T2_CORRECT,11,455,1,0,0,0,0,0,45,174,174,45,-129,174,1,0,10,180,10,180,-170,170,NaN,NaN,NaN,1785523305.79455,15127.87789384,2.40674567222595,0.0188066959381104,0.277684926986694,1.02758455276489,1.38552689552307,1.63596844673157,1.66939187049866,1.66939187049866,-1,-1,1.9300389289856,258.878231048584,250.441551208496,33.4234237670898,283.864974975586,Instruction,Left,Right,Right,Right,Right,1,0,0,0,0,NaN,NaN,NaN,NaN,NaN,NaN,NaN,NaN,0,1,1,0,0,0,619,NaN,20260731_t1356_srsSmooth_Moretraining_B010,38,NaN,44.3008930961291,1.32488775253296,NaN,NaN,NaN,0,NaN,NaN,NaN,NaN,0
20260731_t1356_srsSmooth_Moretraining,srs_smooth_Moretraining,trial0857.mat,857,857,619,10,48,38,56,16,40,8,2,0,1,1,3,21415,1,1,1,2,2,2,1,1,1,1,SINGLE_T1_CORRECT,10,455,1,0,0,0,0,0,26,153,153,26,-127,26,1,0,180,10,180,10,170,170,NaN,NaN,NaN,1785523309.47462,15131.55787784,2.41787958145142,0.0138814449310303,0.172800302505493,0.972886562347412,1.39726853370667,1.78102231025696,1.82282018661499,1.82282018661499,-1,-1,2.09159445762634,158.918857574463,383.753776550293,41.7978763580322,425.551652908325,Instruction,Right,Left,Right,Left,Right,1,0,0,0,0,NaN,NaN,NaN,NaN,NaN,NaN,NaN,NaN,1,0,1,0,1,0,620,NaN,20260731_t1356_srsSmooth_Moretraining_B010,39,NaN,44.3622275670369,1.27332258224487,NaN,NaN,NaN,0,NaN,NaN,NaN,NaN,0
20260731_t1356_srsSmooth_Moretraining,srs_smooth_Moretraining,trial0859.mat,859,859,620,10,50,39,56,16,40,8,2,0,1,1,1,7525,1,1,1,2,2,2,1,1,1,1,SINGLE_T1_CORRECT,10,455,1,0,0,0,0,0,52,146,146,52,-94,52,1,0,180,10,180,10,170,170,NaN,NaN,NaN,1785523314.63444,15136.71739608,2.34179258346558,0.0125961303710938,0.279990434646606,0.946440935134888,1.38764882087708,1.68821144104004,1.72150754928589,1.72150754928589,-1,-1,1.98973631858826,267.394304275513,300.562620162964,33.2961082458496,333.858728408813,Instruction,Right,Left,Right,Left,Right,1,0,0,0,0,NaN,NaN,NaN,NaN,NaN,NaN,NaN,NaN,1,0,1,0,1,0,621,NaN,20260731_t1356_srsSmooth_Moretraining_B010,40,NaN,44.4482245564461,2.74193978309631,NaN,NaN,NaN,0,NaN,NaN,NaN,NaN,0
20260731_t1356_srsSmooth_Moretraining,srs_smooth_Moretraining,trial0862.mat,862,862,621,10,53,40,56,16,40,8,2,1,5,2,43,8228,2,0,1,2,2,2,2,2,1,1,CHOSE_LOW_SAL,2,455,1,0,0,0,0,0,63,142,142,63,-79,63,1,0,29.5561363713324,160.443863628668,29.5561363713324,160.443863628668,-130.887727257335,130.887727257335,NaN,NaN,NaN,1785523321.3001,15143.38310272,2.28505897521973,0.0138607025146484,0.272527456283569,0.947835445404053,1.31391048431396,1.62259125709534,1.65605783462524,1.65605783462524,-1,-1,1.91689395904541,258.666753768921,308.680772781372,33.4665775299072,342.147350311279,Congruent,Right,Left,Right,Left,Left,0,1,1,0,1,1,1,0,0,0,0,1,1,1,0,0,0,0,1,622,222,20260731_t1356_srsSmooth_Moretraining_B010,41,1,44.5593189160029,4.32386898994446,1,2,193,0,0,1,1,0,1
20260731_t1356_srsSmooth_Moretraining,srs_smooth_Moretraining,trial0864.mat,864,864,622,10,55,41,56,16,40,8,2,1,5,2,44,26790,2,0,1,2,2,2,2,2,2,2,CHOSE_HIGH_SAL,1,455,1,0,0,0,0,0,50,148,148,50,-98,148,1,180,195.15520708544,354.84479291456,15.1552070854404,174.84479291456,-159.689585829119,159.689585829119,NaN,NaN,NaN,1785523326.38317,15148.46597336,2.25207948684692,0.0143225193023682,0.30669093132019,0.890305995941162,1.23937058448792,1.52347493171692,1.55704689025879,1.55704689025879,-1,-1,1.80039668083191,292.368412017822,284.104347229004,33.5719585418701,317.676305770874,Congruent,Right,Left,Left,Left,Left,0,1,1,0,1,0,0,1,1,1,1,0,0,1,0,0,0,0,1,623,223,20260731_t1356_srsSmooth_Moretraining_B010,42,2,44.6440367341042,2.7980101108551,1,1,63,1,1,1,0,0,1
20260731_t1356_srsSmooth_Moretraining,srs_smooth_Moretraining,trial0865.mat,865,865,623,10,56,42,56,16,40,8,2,1,5,2,41,21370,2,0,1,2,2,2,2,2,2,2,CHOSE_HIGH_SAL,1,455,1,0,0,0,0,0,52,168,168,52,-116,168,1,180,209.476074439238,340.523925560762,29.4760744392381,160.523925560762,-131.047851121524,131.047851121524,NaN,NaN,NaN,1785523329.91251,15151.99537044,2.29813551902771,0.0184485912322998,0.268957376480103,0.802160501480103,1.28516459465027,1.55217695236206,1.5774884223938,1.5774884223938,-1,-1,1.82886862754822,250.508785247803,267.012357711792,25.3114700317383,292.32382774353,Congruent,Right,Left,Left,Left,Left,0,1,1,0,1,0,0,1,1,1,1,0,0,1,0,0,0,0,1,624,224,20260731_t1356_srsSmooth_Moretraining_B010,43,3,44.7028591473897,1.27726531028748,2,2,148,1,0,0,1,1,1
20260731_t1356_srsSmooth_Moretraining,srs_smooth_Moretraining,trial0866.mat,866,866,624,10,57,43,56,16,40,8,2,2,7,2,50,20505,2,0,1,2,2,2,1,1,2,2,CHOSE_LOW_SAL,2,455,1,0,0,0,0,0,27,146,146,27,-119,146,1,0,132.334941954691,57.6650580453089,132.334941954691,57.6650580453089,74.6698839093823,74.6698839093823,NaN,NaN,NaN,1785523333.51508,15155.59773368,2.32058572769165,0.0160179138183594,0.300057172775269,0.949674606323242,1.34106969833374,1.57501626014709,1.61658549308777,1.61658549308777,-1,-1,1.87655568122864,284.039258956909,233.946561813354,41.5692329406738,275.515794754028,Conflict,Right,Left,Left,Left,Right,0,1,0,1,1,0,0,1,0,1,1,0,1,1,0,1,0,1,1,625,225,20260731_t1356_srsSmooth_Moretraining_B010,44,4,44.7629019935926,1.30443525314331,2,2,168,1,0,0,1,1,1
20260731_t1356_srsSmooth_Moretraining,srs_smooth_Moretraining,trial0867.mat,867,867,625,10,58,44,56,16,40,8,2,2,7,2,49,7070,2,0,1,2,2,2,1,1,2,2,CHOSE_LOW_SAL,2,455,1,0,0,0,0,0,48,166,166,48,-118,166,1,180,346.677035704968,203.322964295032,166.677035704968,23.3229642950319,143.354071409936,143.354071409936,NaN,NaN,NaN,1785523337.10553,15159.18824592,2.4296498298645,0.0173730850219727,0.309683084487915,1.05938959121704,1.44242906570435,1.72638249397278,1.75140452384949,1.75140452384949,-1,-1,1.96160697937012,292.309999465942,283.953428268433,25.022029876709,308.975458145142,Conflict,Right,Left,Left,Left,Right,0,1,0,1,1,0,0,1,0,1,1,0,1,1,0,1,0,1,1,626,226,20260731_t1356_srsSmooth_Moretraining_B010,45,5,44.8227428595225,1.26986622810364,2,2,146,1,0,0,1,1,1
20260731_t1356_srsSmooth_Moretraining,srs_smooth_Moretraining,trial0868.mat,868,868,626,10,59,45,56,16,40,8,2,2,7,2,51,10861,2,0,1,2,2,2,1,1,2,2,CHOSE_LOW_SAL,2,455,1,0,0,0,0,0,56,160,160,56,-104,160,1,180,318.363200986672,231.636799013328,138.363200986672,51.6367990133284,86.7264019733432,86.7264019733432,NaN,NaN,NaN,1785523340.85902,15162.94153008,2.2846372127533,0.0140354633331299,0.272879362106323,0.931223392486572,1.29741954803467,1.56487488746643,1.59814834594727,1.59814834594727,-1,-1,1.82499146461487,258.843898773193,267.455339431763,33.273458480835,300.728797912598,Conflict,Right,Left,Left,Left,Right,0,1,0,1,1,0,0,1,0,1,1,0,1,1,0,1,0,1,1,627,227,20260731_t1356_srsSmooth_Moretraining_B010,46,6,44.8853009184202,1.32383370399475,2,2,166,1,0,0,1,1,1
20260731_t1356_srsSmooth_Moretraining,srs_smooth_Moretraining,trial0870.mat,870,870,627,10,61,46,56,16,40,8,2,2,8,2,55,24413,2,0,2,1,2,1,1,2,1,2,CHOSE_HIGH_SAL,1,455,1,0,0,0,0,0,64,159,159,64,-95,64,1,0,171.41390883347,18.5860911665299,171.41390883347,18.5860911665299,152.82781766694,152.82781766694,NaN,NaN,NaN,1785523345.90751,15167.99003992,2.08610653877258,0.015737771987915,0.224604845046997,0.824717044830322,1.22411775588989,1.38295650482178,1.41614603996277,1.41614603996277,-1,-1,1.71889090538025,208.867073059082,158.838748931885,33.1895351409912,192.028284072876,Conflict,Left,Right,Left,Right,Left,0,1,0,1,1,0,1,0,1,1,0,1,0,0,1,0,0,1,1,628,228,20260731_t1356_srsSmooth_Moretraining_B010,47,7,44.9694425145785,2.76385855674744,2,2,160,1,1,0,0,1,1
20260731_t1356_srsSmooth_Moretraining,srs_smooth_Moretraining,trial0877.mat,877,877,628,10,68,47,56,16,40,8,2,1,6,2,45,32322,2,0,2,1,2,1,2,1,2,1,CHOSE_HIGH_SAL,1,455,1,0,0,0,0,0,20,159,159,20,-139,159,1,180,196.90513108555,353.09486891445,16.9051310855498,173.09486891445,-156.1897378289,156.1897378289,NaN,NaN,NaN,1785523358.22724,15180.3093832,2.08393549919128,0.0131542682647705,0.205580711364746,0.738932132720947,1.1882004737854,1.32222747802734,1.35557913780212,1.35557913780212,-1,-1,1.62445092201233,192.426443099976,134.027004241943,33.3516597747803,167.378664016724,Congruent,Left,Right,Right,Right,Right,0,1,1,0,1,1,0,1,1,0,1,0,0,0,1,1,0,0,1,629,229,20260731_t1356_srsSmooth_Moretraining_B010,48,8,45.1747713685036,10.2336246967316,1,2,64,1,1,1,0,0,1
20260731_t1356_srsSmooth_Moretraining,srs_smooth_Moretraining,trial0880.mat,880,880,629,10,71,48,56,16,40,8,2,1,6,2,47,22094,2,0,2,1,2,1,2,1,2,1,CHOSE_HIGH_SAL,1,455,1,0,0,0,0,0,41,165,165,41,-124,165,1,180,205.69143552479,344.30856447521,25.6914355247897,164.30856447521,-138.617128950421,138.617128950421,NaN,NaN,NaN,1785523364.57485,15186.6568906,2.28696990013123,0.015800952911377,0.258247852325439,0.891727924346924,1.31585192680359,1.55816650390625,1.59965753555298,1.59965753555298,-1,-1,1.81894493103027,242.446899414062,242.314577102661,41.4910316467285,283.80560874939,Congruent,Left,Right,Right,Right,Right,0,1,1,0,1,1,0,1,1,0,1,0,0,0,1,1,0,0,1,630,230,20260731_t1356_srsSmooth_Moretraining_B010,49,9,45.280564725399,4.26366591453552,2,1,159,1,0,0,1,1,1
20260731_t1356_srsSmooth_Moretraining,srs_smooth_Moretraining,trial0881.mat,881,881,630,10,72,49,56,16,40,8,2,2,7,2,52,22058,2,0,1,2,2,2,1,1,0,0,,0,11,0,1,0,0,0,0,51,180,180,51,-129,NaN,1,0,165.21788602112,24.7821139788799,165.21788602112,24.7821139788799,140.43577204224,140.43577204224,NaN,NaN,NaN,1785523368.14785,15190.22974432,0.362790107727051,0.0179338455200195,0.310207366943359,-1,-1,-1,-1,-1,-1,-1,-1,292.27352142334,NaN,NaN,NaN,Conflict,Right,Left,None,Left,Right,0,1,0,1,0,NaN,NaN,NaN,NaN,NaN,NaN,NaN,NaN,1,0,1,0,1,0,630,NaN,20260731_t1356_srsSmooth_Moretraining_B010,NaN,NaN,45.3401148438454,1.28603720664978,NaN,NaN,NaN,0,NaN,NaN,NaN,NaN,0
20260731_t1356_srsSmooth_Moretraining,srs_smooth_Moretraining,trial0886.mat,886,886,630,10,77,49,56,16,40,8,2,2,8,2,53,1154,2,0,2,1,2,1,1,2,2,1,CHOSE_LOW_SAL,2,455,1,0,0,0,0,0,44,178,178,44,-134,178,1,0,144.120644847485,45.8793551525154,144.120644847485,45.8793551525154,98.2412896949693,98.2412896949693,NaN,NaN,NaN,1785523375.6929,15197.7748208,2.44444632530212,0.0148520469665527,0.290584564208984,0.990382432937622,1.37323904037476,1.66539645195007,1.70710968971252,1.70710968971252,-1,-1,1.96712756156921,275.732517242432,292.157411575317,41.7132377624512,333.870649337769,Conflict,Left,Right,Right,Right,Left,0,1,0,1,1,1,0,1,0,0,1,0,1,0,1,0,0,1,1,631,231,20260731_t1356_srsSmooth_Moretraining_B010,50,10,45.4658655762672,7.18225383758545,2,1,165,1,0,0,1,1,1
20260731_t1356_srsSmooth_Moretraining,srs_smooth_Moretraining,trial0887.mat,887,887,631,10,78,50,56,16,40,8,2,1,5,2,42,2167,2,0,1,2,2,2,2,2,1,1,CHOSE_LOW_SAL,2,455,1,0,0,0,0,0,51,151,151,51,-100,51,1,0,53.4564165566969,136.543583443303,53.4564165566969,136.543583443303,-83.0871668866062,83.0871668866062,NaN,NaN,NaN,1785523379.41731,15201.49895492,2.29488134384155,0.0155808925628662,0.274267196655273,0.891086339950562,1.3573009967804,1.60776734352112,1.64111590385437,1.64111590385437,-1,-1,1.94320845603943,258.686304092407,250.466346740723,33.348560333252,283.814907073975,Congruent,Right,Left,Right,Left,Left,0,1,1,0,1,1,1,0,0,0,0,1,1,1,0,0,0,0,1,632,232,20260731_t1356_srsSmooth_Moretraining_B010,51,11,45.527939192454,1.27997064590454,2,1,178,1,1,0,0,1,1
20260731_t1356_srsSmooth_Moretraining,srs_smooth_Moretraining,trial0889.mat,889,889,632,10,80,51,56,16,40,8,2,1,6,2,46,4554,2,0,2,1,2,1,2,1,0,0,,0,453,0,1,0,0,0,0,46,162,162,46,-116,NaN,1,0,80.1634868419181,109.836513158082,80.1634868419181,109.836513158082,-29.6730263161638,29.6730263161638,NaN,NaN,NaN,1785523384.51773,15206.59946776,1.78573417663574,0.0153687000274658,0.291204690933228,0.899451017379761,1.29041862487793,-1,-1,-1,-1,-1,-1,275.835990905762,NaN,NaN,NaN,Congruent,Left,Right,None,Right,Right,0,1,1,0,0,NaN,NaN,NaN,NaN,NaN,NaN,NaN,NaN,0,1,1,0,0,0,632,NaN,20260731_t1356_srsSmooth_Moretraining_B010,NaN,NaN,45.6129460811615,2.80553197860718,NaN,NaN,NaN,0,NaN,NaN,NaN,NaN,0
20260731_t1356_srsSmooth_Moretraining,srs_smooth_Moretraining,trial0894.mat,894,894,632,10,85,51,56,16,40,8,2,2,7,2,52,22058,2,0,1,2,2,2,1,1,1,1,CHOSE_HIGH_SAL,1,455,1,0,0,0,0,0,34,142,142,34,-108,34,1,0,131.064950731452,58.9350492685484,131.064950731452,58.9350492685484,72.1299014629032,72.1299014629032,NaN,NaN,NaN,1785523393.37425,15215.45580692,2.25471687316895,0.0175271034240723,0.301380157470703,0.868070363998413,1.21757411956787,1.56812143325806,1.60967063903809,1.60967063903809,-1,-1,1.91965365409851,283.853054046631,350.547313690186,41.5492057800293,392.096519470215,Conflict,Right,Left,Right,Left,Right,0,1,0,1,1,1,1,0,1,0,0,1,0,1,0,1,0,1,1,633,233,20260731_t1356_srsSmooth_Moretraining_B010,52,12,45.7605547904968,7.07078838348389,1,1,51,1,0,0,1,1,1
20260731_t1356_srsSmooth_Moretraining,srs_smooth_Moretraining,trial0895.mat,895,895,633,10,86,51,56,16,40,8,2,2,7,2,52,22058,2,0,1,2,2,2,1,1,1,1,CHOSE_HIGH_SAL,1,455,1,0,0,0,0,0,34,142,142,34,-108,34,1,0,131.064950731452,58.9350492685484,131.064950731452,58.9350492685484,72.1299014629032,72.1299014629032,NaN,NaN,NaN,1785523396.93679,15219.01814716,2.40083169937134,0.0134568214416504,0.214240074157715,0.930728435516357,1.33017563819885,1.77243041992188,1.80574774742126,1.80574774742126,-1,-1,2.06567645072937,200.783252716064,442.254781723022,33.3173274993896,475.572109222412,Conflict,Right,Left,Right,Left,Right,0,1,0,1,1,1,1,0,1,0,0,1,0,1,0,1,0,1,1,634,234,20260731_t1356_srsSmooth_Moretraining_B010,53,13,45.8199305136999,1.30782651901245,1,1,34,1,0,0,1,1,1
20260731_t1356_srsSmooth_Moretraining,srs_smooth_Moretraining,trial0897.mat,897,897,634,10,88,51,56,16,40,8,2,2,7,2,52,22058,2,0,1,2,2,2,1,1,0,0,,0,11,0,1,0,0,0,0,34,142,142,34,-108,NaN,1,0,131.064950731452,58.9350492685484,131.064950731452,58.9350492685484,72.1299014629032,72.1299014629032,NaN,NaN,NaN,1785523402.13562,15224.21701368,0.125931262969971,0.0148394107818604,0.0154531002044678,-1,-1,-1,-1,-1,-1,-1,-1,0.613689422607422,NaN,NaN,NaN,Conflict,Right,Left,None,Left,Right,0,1,0,1,0,NaN,NaN,NaN,NaN,NaN,NaN,NaN,NaN,1,0,1,0,1,0,634,NaN,20260731_t1356_srsSmooth_Moretraining_B010,NaN,NaN,45.9065775513649,2.79799056053162,NaN,NaN,NaN,0,NaN,NaN,NaN,NaN,0
20260731_t1356_srsSmooth_Moretraining,srs_smooth_Moretraining,trial0898.mat,898,898,634,10,89,51,56,16,40,8,2,2,7,2,52,22058,2,0,1,2,2,2,1,1,2,2,CHOSE_LOW_SAL,2,455,1,0,0,0,0,0,34,142,142,34,-108,142,1,0,131.064950731452,58.9350492685484,131.064950731452,58.9350492685484,72.1299014629032,72.1299014629032,NaN,NaN,NaN,1785523403.46625,15225.5475118,2.3801600933075,0.0175859928131104,0.293407678604126,0.818214178085327,1.22596716880798,1.62637376785278,1.65983009338379,1.65983009338379,-1,-1,1.93679404258728,275.821685791016,400.4065990448,33.4563255310059,433.862924575806,Conflict,Right,Left,Left,Left,Right,0,1,0,1,1,0,0,1,0,1,1,0,1,1,0,1,0,1,1,635,235,20260731_t1356_srsSmooth_Moretraining_B010,54,14,45.9287548581759,1.20470714569092,1,1,34,1,1,1,0,0,1
20260731_t1356_srsSmooth_Moretraining,srs_smooth_Moretraining,trial0899.mat,899,899,635,10,90,52,56,16,40,8,2,2,8,2,54,29915,2,0,2,1,2,1,1,2,2,1,CHOSE_LOW_SAL,2,455,1,0,0,0,0,0,41,150,150,41,-109,150,1,180,353.85078101407,196.149218985931,173.85078101407,16.1492189859305,157.701562028139,157.701562028139,NaN,NaN,NaN,1785523407.14866,15229.22990536,2.46480965614319,0.0186600685119629,0.302857398986816,0.86066722869873,1.25204205513,1.68591451644897,1.71943473815918,1.71943473815918,-1,-1,2.01252579689026,284.197330474854,433.87246131897,33.5202217102051,467.392683029175,Conflict,Left,Right,Right,Right,Left,0,1,0,1,1,1,0,1,0,0,1,0,1,0,1,0,0,1,1,636,236,20260731_t1356_srsSmooth_Moretraining_B010,55,15,45.9901282747587,1.3022449016571,2,2,142,1,0,1,1,0,1
20260731_t1356_srsSmooth_Moretraining,srs_smooth_Moretraining,trial0900.mat,900,900,636,10,91,53,56,16,40,8,2,1,6,2,46,4554,2,0,2,1,2,1,2,1,2,1,CHOSE_HIGH_SAL,1,455,1,0,0,0,0,0,58,163,163,58,-105,163,1,0,22.3237195626552,167.676280437345,22.3237195626552,167.676280437345,-145.35256087469,145.35256087469,NaN,NaN,NaN,1785523410.912,15232.99315232,2.50118350982666,0.0137948989868164,0.264325618743896,0.989332914352417,1.43051695823669,1.722576379776,1.75591802597046,1.75591802597046,-1,-1,2.03334712982178,250.53071975708,292.059421539307,33.341646194458,325.401067733765,Congruent,Left,Right,Right,Right,Right,0,1,1,0,1,1,0,1,1,0,1,0,0,0,1,1,0,0,1,637,237,20260731_t1356_srsSmooth_Moretraining_B010,56,16,46.0528507113457,1.29853653907776,2,1,150,1,0,0,1,1,1
20260731_t1356_srsSmooth_Moretraining,srs_smooth_Moretraining,trial0901.mat,901,901,637,10,92,54,56,16,40,8,2,1,6,2,48,12517,2,0,2,1,2,1,2,1,2,1,CHOSE_HIGH_SAL,1,455,1,0,0,0,0,0,65,165,165,65,-100,165,1,180,234.028530542664,315.971469457336,54.0285305426637,135.971469457336,-81.9429389146726,81.9429389146726,NaN,NaN,NaN,1785523414.67881,15236.75988832,2.20115995407104,0.0138065814971924,0.264403104782104,0.797623634338379,1.15551853179932,1.45591735839844,1.49776148796082,1.49776148796082,-1,-1,1.732825756073,250.596523284912,300.398826599121,41.8441295623779,342.242956161499,Congruent,Left,Right,Right,Right,Right,0,1,1,0,1,1,0,1,1,0,1,0,0,0,1,1,0,0,1,638,238,20260731_t1356_srsSmooth_Moretraining_B010,57,17,46.115630765756,1.26561975479126,2,1,163,1,0,0,1,1,1
20260731_t1356_srsSmooth_Moretraining,srs_smooth_Moretraining,trial0903.mat,903,903,638,10,94,55,56,16,40,8,2,2,8,2,56,11752,2,0,2,1,2,1,1,2,2,1,CHOSE_LOW_SAL,2,455,1,0,0,0,0,0,41,181,181,41,-140,181,1,0,143.005814765062,46.9941852349377,143.005814765062,46.9941852349377,96.0116295301246,96.0116295301246,NaN,NaN,NaN,1785523419.65266,15241.73344724,1.99434900283813,0.0151810646057129,0.0173652172088623,0.540877819061279,0.931856155395508,1.21572470664978,1.2575991153717,1.2575991153717,-1,-1,1.50929570198059,2.18415260314941,283.868551254272,41.8744087219238,325.742959976196,Conflict,Left,Right,Right,Right,Left,0,1,0,1,1,1,0,1,0,0,1,0,1,0,1,0,0,1,1,639,239,20260731_t1356_srsSmooth_Moretraining_B010,58,18,46.1985282580058,2.77268958091736,2,1,165,1,0,0,1,1,1
20260731_t1356_srsSmooth_Moretraining,srs_smooth_Moretraining,trial0904.mat,904,904,639,11,1,0,68,28,40,8,1,0,2,1,15,4109,1,1,2,1,1,2,1,2,0,0,,0,453,0,1,0,0,0,0,164,81,164,81,83,NaN,1,180,0,190,180,10,170,170,NaN,NaN,NaN,1785523422.96579,15245.0466078,1.78969717025757,0.0188150405883789,0.227958917617798,0.961032629013062,1.29386496543884,-1,-1,-1,-1,-1,-1,209.143877029419,NaN,NaN,NaN,Instruction,Left,Right,None,Left,Left,1,0,0,0,0,NaN,NaN,NaN,NaN,NaN,NaN,NaN,NaN,0,0,0,1,1,0,639,NaN,20260731_t1356_srsSmooth_Moretraining_B011,NaN,NaN,46.2537471930186,1.31878709793091,NaN,NaN,NaN,0,NaN,NaN,NaN,NaN,0
20260731_t1356_srsSmooth_Moretraining,srs_smooth_Moretraining,trial0905.mat,905,905,639,11,2,0,68,28,40,8,1,0,3,1,22,32060,1,2,2,1,1,2,2,1,2,1,SINGLE_T2_CORRECT,11,455,1,0,0,0,0,0,178,53,178,53,125,53,1,180,190,0,10,180,-170,170,NaN,NaN,NaN,1785523425.86418,15247.94486232,1.983647108078,0.0122072696685791,0.212701559066772,0.729378938674927,1.08725023269653,1.31299042701721,1.35434746742249,1.35434746742249,-1,-1,1.63114023208618,200.494289398193,225.740194320679,41.3570404052734,267.097234725952,Instruction,Left,Right,Right,Left,Right,1,0,0,0,0,NaN,NaN,NaN,NaN,NaN,NaN,NaN,NaN,0,0,1,1,0,0,640,NaN,20260731_t1356_srsSmooth_Moretraining_B011,1,NaN,46.3020536541939,1.1086905002594,NaN,NaN,NaN,0,NaN,NaN,NaN,NaN,0
20260731_t1356_srsSmooth_Moretraining,srs_smooth_Moretraining,trial0906.mat,906,906,640,11,3,1,68,28,40,8,1,0,1,1,2,18602,1,1,1,2,1,1,1,1,0,0,,0,453,0,1,0,0,0,0,182,92,182,92,90,NaN,1,180,0,190,180,10,170,170,NaN,NaN,NaN,1785523429.11617,15251.1969412,1.86466717720032,0.0186789035797119,0.227761745452881,0.977800369262695,1.36873197555542,-1,-1,-1,-1,-1,-1,209.082841873169,NaN,NaN,NaN,Instruction,Right,Left,None,Right,Right,1,0,0,0,0,NaN,NaN,NaN,NaN,NaN,NaN,NaN,NaN,1,1,1,1,1,0,640,NaN,20260731_t1356_srsSmooth_Moretraining_B011,NaN,NaN,46.3562534928322,1.26834321022034,NaN,NaN,NaN,0,NaN,NaN,NaN,NaN,0
20260731_t1356_srsSmooth_Moretraining,srs_smooth_Moretraining,trial0907.mat,907,907,640,11,4,1,68,28,40,8,1,0,4,1,38,15161,1,2,1,2,1,1,2,2,2,2,SINGLE_T2_CORRECT,11,455,1,0,0,0,0,0,184,82,184,82,102,82,1,0,10,180,10,180,-170,170,NaN,NaN,NaN,1785523432.11535,15254.19607032,2.39932298660278,0.0112845897674561,0.236759424209595,1.00380444526672,1.43634080886841,1.69550204277039,1.73709917068481,1.73709917068481,-1,-1,2.01404213905334,225.474834442139,259.161233901978,41.5971279144287,300.758361816406,Instruction,Right,Left,Left,Right,Left,1,0,0,0,0,NaN,NaN,NaN,NaN,NaN,NaN,NaN,NaN,1,1,0,1,0,0,641,NaN,20260731_t1356_srsSmooth_Moretraining_B011,2,NaN,46.4062398115794,1.13451194763184,NaN,NaN,NaN,0,NaN,NaN,NaN,NaN,0
20260731_t1356_srsSmooth_Moretraining,srs_smooth_Moretraining,trial0908.mat,908,908,641,11,5,2,68,28,40,8,1,0,2,1,18,25629,1,1,2,1,1,2,1,2,1,2,SINGLE_T1_CORRECT,10,455,1,0,0,0,0,0,180,75,180,75,105,180,1,0,180,10,180,10,170,170,NaN,NaN,NaN,1785523435.79795,15257.87857184,2.19972634315491,0.0121617317199707,0.187588691711426,0.737712144851685,1.17054080963135,1.40457606315613,1.44649243354797,1.44649243354797,-1,-1,1.71551871299744,175.426959991455,234.03525352478,41.9163703918457,275.951623916626,Instruction,Left,Right,Left,Left,Left,1,0,0,0,0,NaN,NaN,NaN,NaN,NaN,NaN,NaN,NaN,0,0,0,1,1,0,642,NaN,20260731_t1356_srsSmooth_Moretraining_B011,3,NaN,46.4676165143649,1.28327918052673,NaN,NaN,NaN,0,NaN,NaN,NaN,NaN,0
20260731_t1356_srsSmooth_Moretraining,srs_smooth_Moretraining,trial0909.mat,909,909,642,11,6,3,68,28,40,8,1,0,1,1,1,15319,1,1,1,2,1,1,1,1,1,1,SINGLE_T1_CORRECT,10,455,1,0,0,0,0,0,171,67,171,67,104,171,1,0,180,10,180,10,170,170,NaN,NaN,NaN,1785523439.26755,15261.34821288,2.3799159526825,0.0176999568939209,0.243144273757935,0.934939622879028,1.30941796302795,1.58489871025085,1.62679004669189,1.62679004669189,-1,-1,1.91182470321655,225.444316864014,275.4807472229,41.89133644104,317.37208366394,Instruction,Right,Left,Right,Right,Right,1,0,0,0,0,NaN,NaN,NaN,NaN,NaN,NaN,NaN,NaN,1,1,1,1,1,0,643,NaN,20260731_t1356_srsSmooth_Moretraining_B011,4,NaN,46.5254431605339,1.26987242698669,NaN,NaN,NaN,0,NaN,NaN,NaN,NaN,0
20260731_t1356_srsSmooth_Moretraining,srs_smooth_Moretraining,trial0910.mat,910,910,643,11,7,4,68,28,40,8,1,0,1,1,6,8960,1,1,1,2,1,1,1,1,1,1,SINGLE_T1_CORRECT,10,455,1,0,0,0,0,0,154,55,154,55,99,154,1,180,0,190,180,10,170,170,NaN,NaN,NaN,1785523443.03906,15265.1194092,2.17543077468872,0.013009786605835,0.0137665271759033,0.713718891143799,1.0713849067688,1.38856959342957,1.42176294326782,1.42176294326782,-1,-1,1.72374963760376,0.756740570068359,317.184686660767,33.1933498382568,350.378036499023,Instruction,Right,Left,Right,Right,Right,1,0,0,0,0,NaN,NaN,NaN,NaN,NaN,NaN,NaN,NaN,1,1,1,1,1,0,644,NaN,20260731_t1356_srsSmooth_Moretraining_B011,5,NaN,46.5883015791575,1.39158916473389,NaN,NaN,NaN,0,NaN,NaN,NaN,NaN,0
20260731_t1356_srsSmooth_Moretraining,srs_smooth_Moretraining,trial0911.mat,911,911,644,11,8,5,68,28,40,8,1,0,2,1,11,14574,1,1,2,1,1,2,1,2,1,2,SINGLE_T1_CORRECT,10,455,1,0,0,0,0,0,163,67,163,67,96,163,1,180,0,190,180,10,170,170,NaN,NaN,NaN,1785523446.48633,15268.56677444,2.38761830329895,0.0158698558807373,0.258087873458862,0.974887132644653,1.36592292785645,1.58317685127258,1.61632990837097,1.61632990837097,-1,-1,1.91939616203308,242.218017578125,217.253923416138,33.1530570983887,250.406980514526,Instruction,Left,Right,Left,Left,Left,1,0,0,0,0,NaN,NaN,NaN,NaN,NaN,NaN,NaN,NaN,0,0,0,1,1,0,645,NaN,20260731_t1356_srsSmooth_Moretraining_B011,6,NaN,46.6457561930021,1.2718460559845,NaN,NaN,NaN,0,NaN,NaN,NaN,NaN,0
20260731_t1356_srsSmooth_Moretraining,srs_smooth_Moretraining,trial0912.mat,912,912,645,11,9,6,68,28,40,8,1,0,3,1,21,9848,1,2,2,1,1,2,2,1,2,1,SINGLE_T2_CORRECT,11,455,1,0,0,0,0,0,158,60,158,60,98,60,1,0,10,180,10,180,-170,170,NaN,NaN,NaN,1785523450.14632,15272.2265554,2.26852178573608,0.0143561363220215,0.290335178375244,1.00663900375366,1.39774417877197,1.64867234230042,1.68185687065125,1.68185687065125,-1,-1,1.90881848335266,275.979042053223,250.928163528442,33.1845283508301,284.112691879272,Instruction,Left,Right,Right,Left,Right,1,0,0,0,0,NaN,NaN,NaN,NaN,NaN,NaN,NaN,NaN,0,0,1,1,0,0,646,NaN,20260731_t1356_srsSmooth_Moretraining_B011,7,NaN,46.7067560394605,1.27237248420715,NaN,NaN,NaN,0,NaN,NaN,NaN,NaN,0
20260731_t1356_srsSmooth_Moretraining,srs_smooth_Moretraining,trial0913.mat,913,913,646,11,10,7,68,28,40,8,1,0,1,1,10,3163,1,1,1,2,1,1,1,1,1,1,SINGLE_T1_CORRECT,10,455,1,0,0,0,0,0,183,58,183,58,125,183,1,0,180,10,180,10,170,170,NaN,NaN,NaN,1785523453.69037,15275.77072196,2.17466735839844,0.0121223926544189,0.2708420753479,0.829269886016846,1.1705014705658,1.39595890045166,1.42980456352234,1.42980456352234,-1,-1,1.69003176689148,258.719682693481,225.457429885864,33.8456630706787,259.303092956543,Instruction,Right,Left,Right,Right,Right,1,0,0,0,0,NaN,NaN,NaN,NaN,NaN,NaN,NaN,NaN,1,1,1,1,1,0,647,NaN,20260731_t1356_srsSmooth_Moretraining_B011,8,NaN,46.765823384126,1.27551889419556,NaN,NaN,NaN,0,NaN,NaN,NaN,NaN,0
20260731_t1356_srsSmooth_Moretraining,srs_smooth_Moretraining,trial0914.mat,914,914,647,11,11,8,68,28,40,8,1,0,3,1,30,15350,1,2,2,1,1,2,2,1,2,1,SINGLE_T2_CORRECT,11,455,1,0,0,0,0,0,153,64,153,64,89,64,1,0,10,180,10,180,-170,170,NaN,NaN,NaN,1785523457.14141,15279.22163208,2.43207764625549,0.0112097263336182,0.303271055221558,1.09506177902222,1.48626756668091,1.74509811401367,1.77851152420044,1.77851152420044,-1,-1,2.06390237808228,292.061328887939,258.830547332764,33.4134101867676,292.243957519531,Instruction,Left,Right,Right,Left,Right,1,0,0,0,0,NaN,NaN,NaN,NaN,NaN,NaN,NaN,NaN,0,0,1,1,0,0,648,NaN,20260731_t1356_srsSmooth_Moretraining_B011,9,NaN,46.8233408649762,1.27638149261475,NaN,NaN,NaN,0,NaN,NaN,NaN,NaN,0
20260731_t1356_srsSmooth_Moretraining,srs_smooth_Moretraining,trial0915.mat,915,915,648,11,12,9,68,28,40,8,1,0,2,1,19,15994,1,1,2,1,1,2,1,2,1,2,SINGLE_T1_CORRECT,10,455,1,0,0,0,0,0,191,81,191,81,110,191,1,0,180,10,180,10,170,170,NaN,NaN,NaN,1785523460.90017,15282.98024308,2.1896448135376,0.010932445526123,0.169665813446045,0.719977617263794,1.119309425354,1.36154460906982,1.4030179977417,1.4030179977417,-1,-1,1.69703197479248,158.733367919922,242.23518371582,41.473388671875,283.708572387695,Instruction,Left,Right,Left,Left,Left,1,0,0,0,0,NaN,NaN,NaN,NaN,NaN,NaN,NaN,NaN,0,0,0,1,1,0,649,NaN,20260731_t1356_srsSmooth_Moretraining_B011,10,NaN,46.8859868367513,1.3266806602478,NaN,NaN,NaN,0,NaN,NaN,NaN,NaN,0
20260731_t1356_srsSmooth_Moretraining,srs_smooth_Moretraining,trial0916.mat,916,916,649,11,13,10,68,28,40,8,1,0,2,1,17,15825,1,1,2,1,1,2,1,2,1,2,SINGLE_T1_CORRECT,10,455,1,0,0,0,0,0,156,62,156,62,94,156,1,180,0,190,180,10,170,170,NaN,NaN,NaN,1785523464.3787,15286.458849,2.30318689346313,0.0158717632293701,0.266597986221313,0.86638355255127,1.24091982841492,1.5830352306366,1.61643838882446,1.61643838882446,-1,-1,1.84360098838806,250.726222991943,342.11540222168,33.4031581878662,375.518560409546,Instruction,Left,Right,Left,Left,Left,1,0,0,0,0,NaN,NaN,NaN,NaN,NaN,NaN,NaN,NaN,0,0,0,1,1,0,650,NaN,20260731_t1356_srsSmooth_Moretraining_B011,11,NaN,46.9439623475075,1.28888583183289,NaN,NaN,NaN,0,NaN,NaN,NaN,NaN,0
20260731_t1356_srsSmooth_Moretraining,srs_smooth_Moretraining,trial0917.mat,917,917,650,11,14,11,68,28,40,8,1,0,3,1,23,31870,1,2,2,1,1,2,2,1,2,1,SINGLE_T2_CORRECT,11,455,1,0,0,0,0,0,180,59,180,59,121,59,1,180,190,0,10,180,-170,170,NaN,NaN,NaN,1785523467.9764,15290.05641268,2.08042001724243,0.0183160305023193,0.285335779190063,0.794082880020142,1.19336175918579,1.45224833488464,1.49389171600342,1.49389171600342,-1,-1,1.72091174125671,267.019748687744,258.886575698853,41.6433811187744,300.529956817627,Instruction,Left,Right,Right,Left,Right,1,0,0,0,0,NaN,NaN,NaN,NaN,NaN,NaN,NaN,NaN,0,0,1,1,0,0,651,NaN,20260731_t1356_srsSmooth_Moretraining_B011,12,NaN,47.0039239605268,1.29450988769531,NaN,NaN,NaN,0,NaN,NaN,NaN,NaN,0
20260731_t1356_srsSmooth_Moretraining,srs_smooth_Moretraining,trial0918.mat,918,918,651,11,15,12,68,28,40,8,1,0,2,1,16,4082,1,1,2,1,1,2,1,2,0,0,,0,11,0,1,0,0,0,0,168,62,168,62,106,NaN,1,180,0,190,180,10,170,170,NaN,NaN,NaN,1785523471.33272,15293.41263068,1.66578102111816,0.0121276378631592,0.220939636230469,0.946134090423584,1.33717966079712,1.58783435821533,-1,-1,-1,-1,-1,208.81199836731,250.654697418213,NaN,NaN,Instruction,Left,Right,None,Left,Left,1,0,0,0,0,NaN,NaN,NaN,NaN,NaN,NaN,NaN,NaN,0,0,0,1,1,0,651,NaN,20260731_t1356_srsSmooth_Moretraining_B011,NaN,NaN,47.059862613678,1.27589917182922,NaN,NaN,NaN,0,NaN,NaN,NaN,NaN,0
20260731_t1356_srsSmooth_Moretraining,srs_smooth_Moretraining,trial0919.mat,919,919,651,11,16,12,68,28,40,8,1,0,2,1,12,29969,1,1,2,1,1,2,1,2,1,2,SINGLE_T1_CORRECT,10,455,1,0,0,0,0,0,170,84,170,84,86,170,1,180,0,190,180,10,170,170,NaN,NaN,NaN,1785523474.1815,15296.26135868,2.59317207336426,0.013455867767334,0.272510051727295,1.05575394630432,1.48851251602173,1.84750080108643,1.88906931877136,1.88906931877136,-1,-1,2.12402772903442,259.054183959961,358.988285064697,41.5685176849365,400.556802749634,Instruction,Left,Right,Left,Left,Left,1,0,0,0,0,NaN,NaN,NaN,NaN,NaN,NaN,NaN,NaN,0,0,0,1,1,0,652,NaN,20260731_t1356_srsSmooth_Moretraining_B011,13,NaN,47.1073423465093,1.18300294876099,NaN,NaN,NaN,0,NaN,NaN,NaN,NaN,0
20260731_t1356_srsSmooth_Moretraining,srs_smooth_Moretraining,trial0920.mat,920,920,652,11,17,13,68,28,40,8,1,0,1,1,5,14092,1,1,1,2,1,1,1,1,1,1,SINGLE_T1_CORRECT,10,455,1,0,0,0,0,0,181,86,181,86,95,181,1,0,180,10,180,10,170,170,NaN,NaN,NaN,1785523478.05237,15300.1322366,2.09692692756653,0.0177388191223145,0.209890365600586,0.726562976837158,1.10111355781555,1.35995006561279,1.39312815666199,1.39312815666199,-1,-1,1.61165690422058,192.151546478271,258.836507797241,33.1780910491943,292.014598846436,Instruction,Right,Left,Right,Right,Right,1,0,0,0,0,NaN,NaN,NaN,NaN,NaN,NaN,NaN,NaN,1,1,1,1,1,0,653,NaN,20260731_t1356_srsSmooth_Moretraining_B011,14,NaN,47.1718568126361,1.27769589424133,NaN,NaN,NaN,0,NaN,NaN,NaN,NaN,0
20260731_t1356_srsSmooth_Moretraining,srs_smooth_Moretraining,trial0921.mat,921,921,653,11,18,14,68,28,40,8,1,0,4,1,40,22333,1,2,1,2,1,1,2,2,2,2,SINGLE_T2_CORRECT,11,455,1,0,0,0,0,0,179,60,179,60,119,60,1,0,10,180,10,180,-170,170,NaN,NaN,NaN,1785523481.43722,15303.51694216,2.07064056396484,0.0163545608520508,0.233470678329468,0.7920241355896,1.22473454475403,1.4254047870636,1.45879817008972,1.45879817008972,-1,-1,1.71069383621216,217.116117477417,200.67024230957,33.393383026123,234.063625335693,Instruction,Right,Left,Left,Right,Left,1,0,0,0,0,NaN,NaN,NaN,NaN,NaN,NaN,NaN,NaN,1,1,0,1,0,0,654,NaN,20260731_t1356_srsSmooth_Moretraining_B011,15,NaN,47.2282709678014,1.28792238235474,NaN,NaN,NaN,0,NaN,NaN,NaN,NaN,0
20260731_t1356_srsSmooth_Moretraining,srs_smooth_Moretraining,trial0922.mat,922,922,654,11,19,15,68,28,40,8,1,0,4,1,33,17896,1,2,1,2,1,1,2,2,2,2,SINGLE_T2_CORRECT,11,455,1,0,0,0,0,0,182,47,182,47,135,47,1,180,190,0,10,180,-170,170,NaN,NaN,NaN,1785523484.79863,15306.87838016,2.31742691993713,0.0134100914001465,0.272118806838989,1.05596470832825,1.42179822921753,1.66397881507874,1.69726800918579,1.69726800918579,-1,-1,1.96578454971313,258.708715438843,242.180585861206,33.2891941070557,275.469779968262,Instruction,Right,Left,Left,Right,Left,1,0,0,0,0,NaN,NaN,NaN,NaN,NaN,NaN,NaN,NaN,1,1,0,1,0,0,655,NaN,20260731_t1356_srsSmooth_Moretraining_B011,16,NaN,47.2842944224675,1.29076671600342,NaN,NaN,NaN,0,NaN,NaN,NaN,NaN,0
20260731_t1356_srsSmooth_Moretraining,srs_smooth_Moretraining,trial0923.mat,923,923,655,11,20,16,68,28,40,8,1,0,3,1,25,3269,1,2,2,1,1,2,2,1,2,1,SINGLE_T2_CORRECT,11,455,1,0,0,0,0,0,183,100,183,100,83,100,1,0,10,180,10,180,-170,170,NaN,NaN,NaN,1785523488.43298,15310.51256112,2.24156308174133,0.0125336647033691,0.296563386917114,0.829634666442871,1.2375807762146,1.49649524688721,1.53809070587158,1.53809070587158,-1,-1,1.84010696411133,284.029722213745,258.914470672607,41.595458984375,300.509929656982,Instruction,Left,Right,Right,Left,Right,1,0,0,0,0,NaN,NaN,NaN,NaN,NaN,NaN,NaN,NaN,0,0,1,1,0,0,656,NaN,20260731_t1356_srsSmooth_Moretraining_B011,17,NaN,47.344866947333,1.31692457199097,NaN,NaN,NaN,0,NaN,NaN,NaN,NaN,0
20260731_t1356_srsSmooth_Moretraining,srs_smooth_Moretraining,trial0924.mat,924,924,656,11,21,17,68,28,40,8,1,0,4,1,35,15411,1,2,1,2,1,1,2,2,2,2,SINGLE_T2_CORRECT,11,455,1,0,0,0,0,0,173,61,173,61,112,61,1,0,10,180,10,180,-170,170,NaN,NaN,NaN,1785523491.97522,15314.05474948,2.14118814468384,0.0120995044708252,0.246047735214233,0.837634801864624,1.22047924995422,1.44614386558533,1.48753190040588,1.48753190040588,-1,-1,1.78161144256592,233.948230743408,225.664615631104,41.3880348205566,267.05265045166,Instruction,Right,Left,Left,Right,Left,1,0,0,0,0,NaN,NaN,NaN,NaN,NaN,NaN,NaN,NaN,1,1,0,1,0,0,657,NaN,20260731_t1356_srsSmooth_Moretraining_B011,18,NaN,47.4039042512576,1.3006751537323,NaN,NaN,NaN,0,NaN,NaN,NaN,NaN,0
20260731_t1356_srsSmooth_Moretraining,srs_smooth_Moretraining,trial0925.mat,925,925,657,11,22,18,68,28,40,8,1,0,2,1,13,11516,1,1,2,1,1,2,1,2,1,2,SINGLE_T1_CORRECT,10,455,1,0,0,0,0,0,194,74,194,74,120,194,1,180,0,190,180,10,170,170,NaN,NaN,NaN,1785523495.4054,15317.4849124,2.31946873664856,0.0153865814208984,0.190884590148926,0.865807294845581,1.25710153579712,1.48254942893982,1.52407598495483,1.52407598495483,-1,-1,1.82604718208313,175.498008728027,225.4478931427,41.5265560150146,266.974449157715,Instruction,Left,Right,Left,Left,Left,1,0,0,0,0,NaN,NaN,NaN,NaN,NaN,NaN,NaN,NaN,0,0,0,1,1,0,658,NaN,20260731_t1356_srsSmooth_Moretraining_B011,19,NaN,47.4610738992691,1.28899073600769,NaN,NaN,NaN,0,NaN,NaN,NaN,NaN,0
20260731_t1356_srsSmooth_Moretraining,srs_smooth_Moretraining,trial0926.mat,926,926,658,11,23,19,68,28,40,8,1,0,4,1,36,10074,1,2,1,2,1,1,2,2,2,2,SINGLE_T2_CORRECT,11,455,1,0,0,0,0,0,188,72,188,72,116,72,1,0,10,180,10,180,-170,170,NaN,NaN,NaN,1785523499.01969,15321.09915672,2.13043999671936,0.0179007053375244,0.301936626434326,0.826958894729614,1.2346134185791,1.44345307350159,1.48495554924011,1.48495554924011,-1,-1,1.75409507751465,284.035921096802,208.839654922485,41.5024757385254,250.342130661011,Instruction,Right,Left,Left,Right,Left,1,0,0,0,0,NaN,NaN,NaN,NaN,NaN,NaN,NaN,NaN,1,1,0,1,0,0,659,NaN,20260731_t1356_srsSmooth_Moretraining_B011,20,NaN,47.521312113603,1.29482412338257,NaN,NaN,NaN,0,NaN,NaN,NaN,NaN,0
20260731_t1356_srsSmooth_Moretraining,srs_smooth_Moretraining,trial0927.mat,927,927,659,11,24,20,68,28,40,8,1,0,4,1,34,18504,1,2,1,2,1,1,2,2,2,2,SINGLE_T2_CORRECT,11,455,1,0,0,0,0,0,182,63,182,63,119,63,1,180,190,0,10,180,-170,170,NaN,NaN,NaN,1785523502.42462,15324.50391696,2.22538542747498,0.0131034851074219,0.263947010040283,0.989128828048706,1.36315560340881,1.54739618301392,1.5806884765625,1.5806884765625,-1,-1,1.86569905281067,250.843524932861,184.240579605103,33.292293548584,217.532873153687,Instruction,Right,Left,Left,Right,Left,1,0,0,0,0,NaN,NaN,NaN,NaN,NaN,NaN,NaN,NaN,1,1,0,1,0,0,660,NaN,20260731_t1356_srsSmooth_Moretraining_B011,21,NaN,47.5780609170596,1.2744882106781,NaN,NaN,NaN,0,NaN,NaN,NaN,NaN,0
20260731_t1356_srsSmooth_Moretraining,srs_smooth_Moretraining,trial0928.mat,928,928,660,11,25,21,68,28,40,8,1,0,3,1,27,23402,1,2,2,1,1,2,2,1,2,1,SINGLE_T2_CORRECT,11,455,1,0,0,0,0,0,169,67,169,67,102,67,1,0,10,180,10,180,-170,170,NaN,NaN,NaN,1785523505.94262,15328.02194164,2.24193859100342,0.0119056701660156,0.271079301834106,0.946019411087036,1.29528880119324,1.55400133132935,1.58740758895874,1.58740758895874,-1,-1,1.87245941162109,259.173631668091,258.712530136108,33.4062576293945,292.118787765503,Instruction,Left,Right,Right,Left,Right,1,0,0,0,0,NaN,NaN,NaN,NaN,NaN,NaN,NaN,NaN,0,0,1,1,0,0,661,NaN,20260731_t1356_srsSmooth_Moretraining_B011,22,NaN,47.6366942644119,1.29261541366577,NaN,NaN,NaN,0,NaN,NaN,NaN,NaN,0
20260731_t1356_srsSmooth_Moretraining,srs_smooth_Moretraining,trial0929.mat,929,929,661,11,26,22,68,28,40,8,1,0,3,1,26,9817,1,2,2,1,1,2,2,1,2,1,SINGLE_T2_CORRECT,11,455,1,0,0,0,0,0,168,71,168,71,97,71,1,0,10,180,10,180,-170,170,NaN,NaN,NaN,1785523509.47211,15331.55127008,2.01985263824463,0.0158851146697998,0.133400201797485,0.683319091796875,1.0492582321167,1.31663203239441,1.35018754005432,1.35018754005432,-1,-1,1.65216994285583,117.515087127686,267.37380027771,33.5555076599121,300.929307937622,Instruction,Left,Right,Right,Left,Right,1,0,0,0,0,NaN,NaN,NaN,NaN,NaN,NaN,NaN,NaN,0,0,1,1,0,0,662,NaN,20260731_t1356_srsSmooth_Moretraining_B011,23,NaN,47.6955191055934,1.28755187988281,NaN,NaN,NaN,0,NaN,NaN,NaN,NaN,0
20260731_t1356_srsSmooth_Moretraining,srs_smooth_Moretraining,trial0930.mat,930,930,662,11,27,23,68,28,40,8,1,0,3,1,24,5240,1,2,2,1,1,2,2,1,2,1,SINGLE_T2_CORRECT,11,455,1,0,0,0,0,0,159,58,159,58,101,58,1,180,190,0,10,180,-170,170,NaN,NaN,NaN,1785523512.75922,15334.83827712,2.24990653991699,0.012237548828125,0.246189594268799,0.987895250320435,1.36228942871094,1.62122988700867,1.66260194778442,1.66260194778442,-1,-1,1.88943457603455,233.952045440674,258.940458297729,41.3720607757568,300.312519073486,Instruction,Left,Right,Right,Left,Right,1,0,0,0,0,NaN,NaN,NaN,NaN,NaN,NaN,NaN,NaN,0,0,1,1,0,0,663,NaN,20260731_t1356_srsSmooth_Moretraining_B011,24,NaN,47.7503042340279,1.26725506782532,NaN,NaN,NaN,0,NaN,NaN,NaN,NaN,0
20260731_t1356_srsSmooth_Moretraining,srs_smooth_Moretraining,trial0931.mat,931,931,663,11,28,24,68,28,40,8,1,0,2,1,16,4082,1,1,2,1,1,2,1,2,1,2,SINGLE_T1_CORRECT,10,455,1,0,0,0,0,0,175,66,175,66,109,175,1,0,180,10,180,10,170,170,NaN,NaN,NaN,1785523516.2977,15338.3767824,2.58719491958618,0.0155527591705322,0.274638891220093,1.06636738777161,1.4906108379364,1.76632404327393,1.80775928497314,1.80775928497314,-1,-1,2.1096408367157,259.086132049561,275.713205337524,41.4352416992188,317.148447036743,Instruction,Left,Right,Left,Left,Left,1,0,0,0,0,NaN,NaN,NaN,NaN,NaN,NaN,NaN,NaN,0,0,0,1,1,0,664,NaN,20260731_t1356_srsSmooth_Moretraining_B011,25,NaN,47.8092790285746,1.28858113288879,NaN,NaN,NaN,0,NaN,NaN,NaN,NaN,0
20260731_t1356_srsSmooth_Moretraining,srs_smooth_Moretraining,trial0932.mat,932,932,664,11,29,25,68,28,40,8,1,0,4,1,37,4962,1,2,1,2,1,1,2,2,2,2,SINGLE_T2_CORRECT,11,455,1,0,0,0,0,0,194,70,194,70,124,70,1,0,10,180,10,180,-170,170,NaN,NaN,NaN,1785523520.16179,15342.24071404,2.13106894493103,0.0182874202728271,0.269012689590454,0.852374315261841,1.20999979972839,1.46079182624817,1.50256609916687,1.50256609916687,-1,-1,1.76266837120056,250.725269317627,250.792026519775,41.7742729187012,292.566299438477,Instruction,Right,Left,Left,Right,Left,1,0,0,0,0,NaN,NaN,NaN,NaN,NaN,NaN,NaN,NaN,1,1,0,1,0,0,665,NaN,20260731_t1356_srsSmooth_Moretraining_B011,26,NaN,47.8736803968747,1.27688717842102,NaN,NaN,NaN,0,NaN,NaN,NaN,NaN,0
20260731_t1356_srsSmooth_Moretraining,srs_smooth_Moretraining,trial0933.mat,933,933,665,11,30,26,68,28,40,8,1,0,2,1,15,4109,1,1,2,1,1,2,1,2,1,2,SINGLE_T1_CORRECT,10,455,1,0,0,0,0,0,158,94,158,94,64,158,1,0,180,10,180,10,170,170,NaN,NaN,NaN,1785523523.55279,15345.6317226,2.16415500640869,0.0107438564300537,0.236157655715942,0.802846193313599,1.14412069320679,1.40325307846069,1.44455718994141,1.44455718994141,-1,-1,1.70536065101624,225.413799285889,259.132385253906,41.3041114807129,300.436496734619,Instruction,Left,Right,Left,Left,Left,1,0,0,0,0,NaN,NaN,NaN,NaN,NaN,NaN,NaN,NaN,0,0,0,1,1,0,666,NaN,20260731_t1356_srsSmooth_Moretraining_B011,27,NaN,47.930197195212,1.25993895530701,NaN,NaN,NaN,0,NaN,NaN,NaN,NaN,0
20260731_t1356_srsSmooth_Moretraining,srs_smooth_Moretraining,trial0934.mat,934,934,666,11,31,27,68,28,40,8,1,0,1,1,7,7568,1,1,1,2,1,1,1,1,1,1,SINGLE_T1_CORRECT,10,455,1,0,0,0,0,0,194,70,194,70,124,194,1,180,0,190,180,10,170,170,NaN,NaN,NaN,1785523527.00094,15349.07975172,2.97675919532776,0.012730598449707,0.296768665313721,0.971644163131714,1.37111639976501,1.6384973526001,1.67158484458923,1.67158484458923,-1,-1,1.92325568199158,284.038066864014,267.380952835083,33.0874919891357,300.468444824219,Instruction,Right,Left,Right,Right,Right,1,0,0,0,0,NaN,NaN,NaN,NaN,NaN,NaN,NaN,NaN,1,1,1,1,1,0,667,NaN,20260731_t1356_srsSmooth_Moretraining_B011,28,NaN,47.9876663009326,1.28399133682251,NaN,NaN,NaN,0,NaN,NaN,NaN,NaN,0
20260731_t1356_srsSmooth_Moretraining,srs_smooth_Moretraining,trial0935.mat,935,935,667,11,32,28,68,28,40,8,1,0,1,1,9,12228,1,1,1,2,1,1,1,1,1,1,SINGLE_T1_CORRECT,10,455,1,0,0,0,0,0,176,63,176,63,113,176,1,180,0,190,180,10,170,170,NaN,NaN,NaN,1785523531.29746,15353.3761252,2.20362281799316,0.016376256942749,0.266888380050659,0.791888236999512,1.15808749198914,1.41689610481262,1.45015215873718,1.45015215873718,-1,-1,1.72682976722717,250.51212310791,258.808612823486,33.2560539245605,292.064666748047,Instruction,Right,Left,Right,Right,Right,1,0,0,0,0,NaN,NaN,NaN,NaN,NaN,NaN,NaN,NaN,1,1,1,1,1,0,668,NaN,20260731_t1356_srsSmooth_Moretraining_B011,29,NaN,48.0592749834061,1.31976175308228,NaN,NaN,NaN,0,NaN,NaN,NaN,NaN,0
20260731_t1356_srsSmooth_Moretraining,srs_smooth_Moretraining,trial0937.mat,937,937,668,11,34,29,68,28,40,8,1,0,1,1,2,18602,1,1,1,2,1,1,1,1,1,1,SINGLE_T1_CORRECT,10,455,1,0,0,0,0,0,185,58,185,58,127,185,1,180,0,190,180,10,170,170,NaN,NaN,NaN,1785523536.2327,15358.31130172,2.50230717658997,0.0146594047546387,0.298787117004395,0.981924057006836,1.41471433639526,1.71532273292542,1.75688290596008,1.75688290596008,-1,-1,2.01750898361206,284.127712249756,300.608396530151,41.560173034668,342.168569564819,Instruction,Right,Left,Right,Right,Right,1,0,0,0,0,NaN,NaN,NaN,NaN,NaN,NaN,NaN,NaN,1,1,1,1,1,0,669,NaN,20260731_t1356_srsSmooth_Moretraining_B011,30,NaN,48.1415290037791,2.73161840438843,NaN,NaN,NaN,0,NaN,NaN,NaN,NaN,0
20260731_t1356_srsSmooth_Moretraining,srs_smooth_Moretraining,trial0938.mat,938,938,669,11,35,30,68,28,40,8,1,0,2,1,20,20778,1,1,2,1,1,2,1,2,1,2,SINGLE_T1_CORRECT,10,455,1,0,0,0,0,0,174,77,174,77,97,174,1,180,0,190,180,10,170,170,NaN,NaN,NaN,1785523539.99924,15362.07776408,2.61916828155518,0.0149393081665039,0.248847246170044,0.849130153656006,1.25665426254272,1.47395157814026,1.51559448242188,1.51559448242188,-1,-1,1.82649993896484,233.90793800354,217.297315597534,41.6429042816162,258.94021987915,Instruction,Left,Right,Left,Left,Left,1,0,0,0,0,NaN,NaN,NaN,NaN,NaN,NaN,NaN,NaN,0,0,0,1,1,0,670,NaN,20260731_t1356_srsSmooth_Moretraining_B011,31,NaN,48.2043045560519,1.26422595977783,NaN,NaN,NaN,0,NaN,NaN,NaN,NaN,0
20260731_t1356_srsSmooth_Moretraining,srs_smooth_Moretraining,trial0939.mat,939,939,670,11,36,31,68,28,40,8,1,0,1,1,8,17326,1,1,1,2,1,1,1,1,1,1,SINGLE_T1_CORRECT,10,455,1,0,0,0,0,0,168,95,168,95,73,168,1,180,0,190,180,10,170,170,NaN,NaN,NaN,1785523546.63026,15368.7085918,2.4302020072937,0.0175049304962158,0.0181221961975098,0.701265811920166,1.10087990760803,1.37639570236206,1.40151047706604,1.40151047706604,-1,-1,1.68669581413269,0.617265701293945,275.515794754028,25.1147747039795,300.630569458008,Instruction,Right,Left,Right,Right,Right,1,0,0,0,0,NaN,NaN,NaN,NaN,NaN,NaN,NaN,NaN,1,1,1,1,1,0,671,NaN,20260731_t1356_srsSmooth_Moretraining_B011,32,NaN,48.3148216446241,4.01185703277588,NaN,NaN,NaN,0,NaN,NaN,NaN,NaN,0
20260731_t1356_srsSmooth_Moretraining,srs_smooth_Moretraining,trial0940.mat,940,940,671,11,37,32,68,28,40,8,1,0,2,1,14,18944,1,1,2,1,1,2,1,2,1,2,SINGLE_T1_CORRECT,10,455,1,0,0,0,0,0,171,92,171,92,79,171,1,180,0,190,180,10,170,170,NaN,NaN,NaN,1785523550.74567,15372.82387732,2.56534647941589,0.0189220905303955,0.185965061187744,0.936111688613892,1.34397292137146,1.57789778709412,1.61951780319214,1.61951780319214,-1,-1,1.87085771560669,167.042970657349,233.924865722656,41.6200160980225,275.544881820679,Instruction,Left,Right,Left,Left,Left,1,0,0,0,0,NaN,NaN,NaN,NaN,NaN,NaN,NaN,NaN,0,0,0,1,1,0,672,NaN,20260731_t1356_srsSmooth_Moretraining_B011,33,NaN,48.3834117929141,1.6852068901062,NaN,NaN,NaN,0,NaN,NaN,NaN,NaN,0
20260731_t1356_srsSmooth_Moretraining,srs_smooth_Moretraining,trial0941.mat,941,941,672,11,38,33,68,28,40,8,1,0,4,1,32,2010,1,2,1,2,1,1,2,2,2,2,SINGLE_T2_CORRECT,11,455,1,0,0,0,0,0,173,79,173,79,94,79,1,0,10,180,10,180,-170,170,NaN,NaN,NaN,1785523554.61536,15376.69354432,2.35418653488159,0.0160508155822754,0.299856185913086,1.00821280479431,1.41610479354858,1.63323020935059,1.67491221427917,1.67491221427917,-1,-1,1.97679352760315,283.805370330811,217.125415802002,41.6820049285889,258.807420730591,Instruction,Right,Left,Left,Right,Left,1,0,0,0,0,NaN,NaN,NaN,NaN,NaN,NaN,NaN,NaN,1,1,0,1,0,0,673,NaN,20260731_t1356_srsSmooth_Moretraining_B011,34,NaN,48.4479065974553,1.3043417930603,NaN,NaN,NaN,0,NaN,NaN,NaN,NaN,0
20260731_t1356_srsSmooth_Moretraining,srs_smooth_Moretraining,trial0943.mat,943,943,673,11,40,34,68,28,40,8,1,0,4,1,31,8859,1,2,1,2,1,1,2,2,2,2,SINGLE_T2_CORRECT,11,455,1,0,0,0,0,0,180,88,180,88,92,88,1,180,190,0,10,180,-170,170,NaN,NaN,NaN,1785523559.74309,15381.8211944,2.29326462745667,0.0135180950164795,0.255917072296143,0.980957746505737,1.36357021331787,1.5893759727478,1.62264704704285,1.62264704704285,-1,-1,1.89994359016418,242.398977279663,225.805759429932,33.2710742950439,259.076833724976,Instruction,Right,Left,Left,Right,Left,1,0,0,0,0,NaN,NaN,NaN,NaN,NaN,NaN,NaN,NaN,1,1,0,1,0,0,674,NaN,20260731_t1356_srsSmooth_Moretraining_B011,35,NaN,48.5333687901497,2.77354502677917,NaN,NaN,NaN,0,NaN,NaN,NaN,NaN,0
20260731_t1356_srsSmooth_Moretraining,srs_smooth_Moretraining,trial0944.mat,944,944,674,11,41,35,68,28,40,8,1,0,1,1,4,16812,1,1,1,2,1,1,1,1,1,1,SINGLE_T1_CORRECT,10,455,1,0,0,0,0,0,182,45,182,45,137,182,1,0,180,10,180,10,170,170,NaN,NaN,NaN,1785523563.30318,15385.38123504,2.36636233329773,0.0119023323059082,0.221008777618408,0.921101093292236,1.2619514465332,1.55434250831604,1.59603428840637,1.59603428840637,-1,-1,1.88165760040283,209.1064453125,292.391061782837,41.691780090332,334.082841873169,Instruction,Right,Left,Right,Right,Right,1,0,0,0,0,NaN,NaN,NaN,NaN,NaN,NaN,NaN,NaN,1,1,1,1,1,0,675,NaN,20260731_t1356_srsSmooth_Moretraining_B011,36,NaN,48.5927035689354,1.26682209968567,NaN,NaN,NaN,0,NaN,NaN,NaN,NaN,0
20260731_t1356_srsSmooth_Moretraining,srs_smooth_Moretraining,trial0945.mat,945,945,675,11,42,36,68,28,40,8,1,0,4,1,39,27800,1,2,1,2,1,1,2,2,2,2,SINGLE_T2_CORRECT,11,455,1,0,0,0,0,0,173,61,173,61,112,61,1,180,190,0,10,180,-170,170,NaN,NaN,NaN,1785523566.95451,15389.03253756,2.14015197753906,0.0190446376800537,0.269699335098267,0.869806051254272,1.2440927028656,1.4611222743988,1.49479103088379,1.49479103088379,-1,-1,1.77983069419861,250.654697418213,217.029571533203,33.6687564849854,250.698328018188,Instruction,Right,Left,Left,Right,Left,1,0,0,0,0,NaN,NaN,NaN,NaN,NaN,NaN,NaN,NaN,1,1,0,1,0,0,676,NaN,20260731_t1356_srsSmooth_Moretraining_B011,37,NaN,48.653559132417,1.2849714756012,NaN,NaN,NaN,0,NaN,NaN,NaN,NaN,0
20260731_t1356_srsSmooth_Moretraining,srs_smooth_Moretraining,trial0946.mat,946,946,676,11,43,37,68,28,40,8,1,0,3,1,28,29838,1,2,2,1,1,2,2,1,2,1,SINGLE_T2_CORRECT,11,455,1,0,0,0,0,0,183,57,183,57,126,57,1,180,190,0,10,180,-170,170,NaN,NaN,NaN,1785523570.40431,15392.4822644,2.43173098564148,0.0110447406768799,0.270001649856567,1.02829933166504,1.43609952926636,1.7282600402832,1.77026581764221,1.77026581764221,-1,-1,2.07221794128418,258.956909179688,292.160511016846,42.0057773590088,334.166288375854,Instruction,Left,Right,Right,Left,Right,1,0,0,0,0,NaN,NaN,NaN,NaN,NaN,NaN,NaN,NaN,0,0,1,1,0,0,677,NaN,20260731_t1356_srsSmooth_Moretraining_B011,38,NaN,48.7110558152199,1.3096489906311,NaN,NaN,NaN,0,NaN,NaN,NaN,NaN,0
20260731_t1356_srsSmooth_Moretraining,srs_smooth_Moretraining,trial0947.mat,947,947,677,11,44,38,68,28,40,8,1,0,1,1,3,27452,1,1,1,2,1,1,1,1,1,1,SINGLE_T1_CORRECT,10,455,1,0,0,0,0,0,161,88,161,88,73,161,1,180,0,190,180,10,170,170,NaN,NaN,NaN,1785523574.10421,15396.182091,2.25702428817749,0.0112864971160889,0.236762762069702,0.870226383209229,1.22800064086914,1.50338768959045,1.53671503067017,1.53671503067017,-1,-1,1.79695463180542,225.476264953613,275.387048721313,33.3273410797119,308.714389801025,Instruction,Right,Left,Right,Right,Right,1,0,0,0,0,NaN,NaN,NaN,NaN,NaN,NaN,NaN,NaN,1,1,1,1,1,0,678,NaN,20260731_t1356_srsSmooth_Moretraining_B011,39,NaN,48.772720849514,1.26817107200623,NaN,NaN,NaN,0,NaN,NaN,NaN,NaN,0
20260731_t1356_srsSmooth_Moretraining,srs_smooth_Moretraining,trial0948.mat,948,948,678,11,45,39,68,28,40,8,1,0,3,1,29,31708,1,2,2,1,1,2,2,1,2,1,SINGLE_T2_CORRECT,11,455,1,0,0,0,0,0,185,98,185,98,87,98,1,180,190,0,10,180,-170,170,NaN,NaN,NaN,1785523577.64972,15399.72758428,2.2622172832489,0.0159206390380859,0.282971620559692,0.883017063140869,1.25763583183289,1.53305244445801,1.57487750053406,1.57487750053406,-1,-1,1.86045217514038,267.050981521606,275.416612625122,41.8250560760498,317.241668701172,Instruction,Left,Right,Right,Left,Right,1,0,0,0,0,NaN,NaN,NaN,NaN,NaN,NaN,NaN,NaN,0,0,1,1,0,0,679,NaN,20260731_t1356_srsSmooth_Moretraining_B011,40,NaN,48.8318125804265,1.2884795665741,NaN,NaN,NaN,0,NaN,NaN,NaN,NaN,0
20260731_t1356_srsSmooth_Moretraining,srs_smooth_Moretraining,trial0949.mat,949,949,679,11,46,40,68,28,40,8,1,2,8,2,67,17494,2,0,2,1,1,2,2,1,2,1,CHOSE_HIGH_SAL,1,455,1,0,0,0,0,0,209,86,209,86,123,86,1,0,13.4902918197106,176.509708180289,13.4902918197106,176.509708180289,-163.019416360579,163.019416360579,NaN,NaN,NaN,1785523581.1749,15403.25258104,2.16200733184814,0.0158734321594238,0.266456842422485,0.933108806610107,1.32425832748413,1.47473692893982,1.50839018821716,1.50839018821716,-1,-1,1.77708292007446,250.583410263062,150.478601455688,33.6532592773438,184.131860733032,Conflict,Left,Right,Right,Left,Right,0,1,0,1,1,1,0,0,1,0,1,1,0,0,0,1,1,0,1,680,240,20260731_t1356_srsSmooth_Moretraining_B011,41,1,48.890565653642,1.26296710968018,2,1,181,0,0,0,1,1,1
20260731_t1356_srsSmooth_Moretraining,srs_smooth_Moretraining,trial0950.mat,950,950,680,11,47,40,68,28,40,8,1,2,8,2,67,17494,2,0,2,1,1,2,2,1,2,1,CHOSE_HIGH_SAL,1,455,1,0,0,0,0,0,209,86,209,86,123,86,1,0,13.4902918197106,176.509708180289,13.4902918197106,176.509708180289,-163.019416360579,163.019416360579,NaN,NaN,NaN,1785523584.65188,15406.7296158,2.21005940437317,0.0140321254730225,0.197785139083862,0.931496620178223,1.36408424377441,1.55629634857178,1.58960247039795,1.58960247039795,-1,-1,1.82455563545227,183.75301361084,192.212104797363,33.3061218261719,225.518226623535,Conflict,Left,Right,Right,Left,Right,0,1,0,1,1,1,0,0,1,0,1,1,0,0,0,1,1,0,1,681,241,20260731_t1356_srsSmooth_Moretraining_B011,42,2,48.9485152721405,1.31496977806091,2,1,86,1,0,0,1,1,1
20260731_t1356_srsSmooth_Moretraining,srs_smooth_Moretraining,trial0951.mat,951,951,681,11,48,40,68,28,40,8,1,2,8,2,67,17494,2,0,2,1,1,2,2,1,2,1,CHOSE_HIGH_SAL,1,455,1,0,0,0,0,0,209,86,209,86,123,86,1,0,13.4902918197106,176.509708180289,13.4902918197106,176.509708180289,-163.019416360579,163.019416360579,NaN,NaN,NaN,1785523588.15278,15410.23041668,2.20924806594849,0.0132677555084229,0.180454015731812,0.838809251785278,1.27998375892639,1.4887273311615,1.53050351142883,1.53050351142883,-1,-1,1.81604838371277,167.186260223389,208.743572235107,41.776180267334,250.519752502441,Conflict,Left,Right,Right,Left,Right,0,1,0,1,1,1,0,0,1,0,1,1,0,0,0,1,1,0,1,682,242,20260731_t1356_srsSmooth_Moretraining_B011,43,3,49.0068636139234,1.2908411026001,2,1,86,1,0,0,1,1,1
20260731_t1356_srsSmooth_Moretraining,srs_smooth_Moretraining,trial0952.mat,952,952,682,11,49,40,68,28,40,8,1,2,8,2,67,17494,2,0,2,1,1,2,2,1,2,1,CHOSE_HIGH_SAL,1,455,1,0,0,0,0,0,209,86,209,86,123,86,1,0,13.4902918197106,176.509708180289,13.4902918197106,176.509708180289,-163.019416360579,163.019416360579,NaN,NaN,NaN,1785523591.6676,15413.74508164,2.09439730644226,0.0152502059936523,0.20736837387085,0.815708875656128,1.22363114356995,1.4490795135498,1.49068641662598,1.49068641662598,-1,-1,1.70950841903687,192.118167877197,225.448369979858,41.6069030761719,267.05527305603,Conflict,Left,Right,Right,Left,Right,0,1,0,1,1,1,0,0,1,0,1,1,0,0,0,1,1,0,1,683,243,20260731_t1356_srsSmooth_Moretraining_B011,44,4,49.0654439727465,1.30557346343994,2,1,86,1,0,0,1,1,1
20260731_t1356_srsSmooth_Moretraining,srs_smooth_Moretraining,trial0953.mat,953,953,683,11,50,40,68,28,40,8,1,2,8,2,67,17494,2,0,2,1,1,2,2,1,2,1,CHOSE_HIGH_SAL,1,455,1,0,0,0,0,0,209,86,209,86,123,86,1,0,13.4902918197106,176.509708180289,13.4902918197106,176.509708180289,-163.019416360579,163.019416360579,NaN,NaN,NaN,1785523595.06175,15417.13928992,2.117436170578,0.0129022598266602,0.155355453491211,0.813794612884521,1.18794822692871,1.4220495223999,1.46351146697998,1.46351146697998,-1,-1,1.73174285888672,142.453193664551,234.101295471191,41.4619445800781,275.56324005127,Conflict,Left,Right,Right,Left,Right,0,1,0,1,1,1,0,0,1,0,1,1,0,0,0,1,1,0,1,684,244,20260731_t1356_srsSmooth_Moretraining_B011,45,5,49.1220130880674,1.29974961280823,2,1,86,1,0,0,1,1,1
20260731_t1356_srsSmooth_Moretraining,srs_smooth_Moretraining,trial0954.mat,954,954,684,11,51,40,68,28,40,8,1,2,8,2,67,17494,2,0,2,1,1,2,2,1,2,1,CHOSE_HIGH_SAL,1,455,1,0,0,0,0,0,209,86,209,86,123,86,1,0,13.4902918197106,176.509708180289,13.4902918197106,176.509708180289,-163.019416360579,163.019416360579,NaN,NaN,NaN,1785523598.61832,15420.69579348,2.11828708648682,0.0148003101348877,0.215502023696899,0.781977653503418,1.18984508514404,1.43208336830139,1.46524262428284,1.46524262428284,-1,-1,1.725754737854,200.701713562012,242.238283157349,33.1592559814453,275.397539138794,Conflict,Left,Right,Right,Left,Right,0,1,0,1,1,1,0,0,1,0,1,1,0,0,0,1,1,0,1,685,245,20260731_t1356_srsSmooth_Moretraining_B011,46,6,49.1812893390656,1.43913888931274,2,1,86,1,0,0,1,1,1
20260731_t1356_srsSmooth_Moretraining,srs_smooth_Moretraining,trial0955.mat,955,955,685,11,52,40,68,28,40,8,1,2,8,2,67,17494,2,0,2,1,1,2,2,1,2,1,CHOSE_HIGH_SAL,1,455,1,0,0,0,0,0,209,43,209,43,166,43,1,0,13.4902918197106,176.509708180289,13.4902918197106,176.509708180289,-163.019416360579,163.019416360579,NaN,NaN,NaN,1785523602.04284,15424.12015072,2.20318412780762,0.0154120922088623,0.199105501174927,0.940977096557617,1.29046201705933,1.54091215133667,1.5746283531189,1.5746283531189,-1,-1,1.85945606231689,183.693408966064,250.450134277344,33.7162017822266,284.16633605957,Conflict,Left,Right,Right,Left,Right,0,1,0,1,1,1,0,0,1,0,1,1,0,0,0,1,1,0,1,686,246,20260731_t1356_srsSmooth_Moretraining_B011,47,7,49.238364692529,1.30623412132263,2,1,86,1,0,0,1,1,1
20260731_t1356_srsSmooth_Moretraining,srs_smooth_Moretraining,trial0958.mat,958,958,686,11,55,40,68,28,40,8,1,2,8,2,67,17494,2,0,2,1,1,2,2,1,0,0,,0,11,0,1,0,0,0,0,209,43,209,43,166,NaN,1,0,13.4902918197106,176.509708180289,13.4902918197106,176.509708180289,-163.019416360579,163.019416360579,NaN,NaN,NaN,1785523608.47429,15430.551469,1.51316165924072,0.0175511837005615,0.284770965576172,0.818027019500732,1.18426418304443,1.43474197387695,-1,-1,-1,-1,-1,267.21978187561,250.47779083252,NaN,NaN,Conflict,Left,Right,None,Left,Right,0,1,0,1,0,NaN,NaN,NaN,NaN,NaN,NaN,NaN,NaN,0,0,1,1,0,0,686,NaN,20260731_t1356_srsSmooth_Moretraining_B011,NaN,NaN,49.3455554564794,4.22826170921326,NaN,NaN,NaN,0,NaN,NaN,NaN,NaN,0
20260731_t1356_srsSmooth_Moretraining,srs_smooth_Moretraining,trial0960.mat,960,960,686,11,57,40,68,28,40,8,1,2,8,2,67,17494,2,0,2,1,1,2,2,1,2,1,CHOSE_HIGH_SAL,1,455,1,0,0,0,0,0,209,43,209,43,166,43,1,0,13.4902918197106,176.509708180289,13.4902918197106,176.509708180289,-163.019416360579,163.019416360579,NaN,NaN,NaN,1785523612.69489,15434.7719602,2.18521356582642,0.0137877464294434,0.289370775222778,0.881486892700195,1.26383686065674,1.52276396751404,1.56466937065125,1.56466937065125,-1,-1,1.84160208702087,275.583028793335,258.9271068573,41.905403137207,300.832509994507,Conflict,Left,Right,Right,Left,Right,0,1,0,1,1,1,0,0,1,0,1,1,0,0,0,1,1,0,1,687,247,20260731_t1356_srsSmooth_Moretraining_B011,48,8,49.4158987124761,2.70743370056152,2,1,43,1,0,0,1,1,1
20260731_t1356_srsSmooth_Moretraining,srs_smooth_Moretraining,trial0961.mat,961,961,687,11,58,40,68,28,40,8,1,2,8,2,67,17494,2,0,2,1,1,2,2,1,2,1,CHOSE_HIGH_SAL,1,455,1,0,0,0,0,0,209,43,209,43,166,43,1,0,13.4902918197106,176.509708180289,13.4902918197106,176.509708180289,-163.019416360579,163.019416360579,NaN,NaN,NaN,1785523616.17336,15438.25042028,2.18176889419556,0.010453462600708,0.235984563827515,0.836167812347412,1.25216841697693,1.49479198455811,1.53631997108459,1.53631997108459,-1,-1,1.83830904960632,225.531101226807,242.623567581177,41.5279865264893,284.151554107666,Conflict,Left,Right,Right,Left,Right,0,1,0,1,1,1,0,0,1,0,1,1,0,0,0,1,1,0,1,688,248,20260731_t1356_srsSmooth_Moretraining_B011,49,9,49.4738732179006,1.29325675964355,2,1,43,1,0,0,1,1,1
20260731_t1356_srsSmooth_Moretraining,srs_smooth_Moretraining,trial0962.mat,962,962,688,11,59,40,68,28,40,8,1,2,8,2,67,17494,2,0,2,1,1,2,2,1,1,2,CHOSE_LOW_SAL,2,455,1,0,1,0,0,0,209,43,209,43,166,209,1,0,13.4902918197106,176.509708180289,13.4902918197106,176.509708180289,-163.019416360579,163.019416360579,NaN,NaN,NaN,1785523619.64234,15441.71922852,2.35449028015137,0.0166072845458984,0.20879340171814,0.867156267166138,1.33332633972168,1.53383231163025,1.56719923019409,1.56719923019409,-1,-1,1.84406518936157,192.186117172241,200.505971908569,33.3669185638428,233.872890472412,Conflict,Left,Right,Left,Left,Right,0,1,0,1,1,0,1,1,0,1,0,0,1,0,0,1,1,0,1,689,249,20260731_t1356_srsSmooth_Moretraining_B011,50,10,49.5316895882289,1.28721332550049,2,1,43,1,1,1,0,0,1
20260731_t1356_srsSmooth_Moretraining,srs_smooth_Moretraining,trial0964.mat,964,964,689,11,61,41,68,28,40,8,1,1,5,2,44,14491,2,0,1,2,1,1,1,1,1,1,CHOSE_HIGH_SAL,1,455,1,0,0,0,0,0,155,57,155,57,98,155,1,180,356.260568175476,193.739431824524,176.260568175476,13.7394318245236,162.521136350953,162.521136350953,NaN,NaN,NaN,1785523624.75222,15446.82897416,2.30335307121277,0.0152618885040283,0.24921703338623,0.832903385162354,1.23197603225708,1.49950671195984,1.53259205818176,1.53259205818176,-1,-1,1.84280109405518,233.955144882202,267.530679702759,33.0853462219238,300.616025924683,Congruent,Right,Left,Right,Right,Right,0,1,1,0,1,1,1,1,1,0,0,0,0,1,1,1,1,1,1,690,250,20260731_t1356_srsSmooth_Moretraining_B011,51,11,49.6168542424838,2.75538897514343,1,2,209,1,0,1,1,0,1
20260731_t1356_srsSmooth_Moretraining,srs_smooth_Moretraining,trial0966.mat,966,966,690,11,63,42,68,28,40,8,1,2,8,2,65,434,2,0,2,1,1,2,2,1,0,0,,0,11,0,1,0,0,0,0,169,87,169,87,82,NaN,1,180,215.417060941066,334.582939058934,35.4170609410664,154.582939058934,-119.165878117867,119.165878117867,NaN,NaN,NaN,1785523629.7962,15451.87293692,0.273868799209595,0.0131392478942871,0.221984386444092,-1,-1,-1,-1,-1,-1,-1,-1,208.845138549805,NaN,NaN,NaN,Conflict,Left,Right,None,Left,Right,0,1,0,1,0,NaN,NaN,NaN,NaN,NaN,NaN,NaN,NaN,0,0,1,1,0,0,690,NaN,20260731_t1356_srsSmooth_Moretraining_B011,NaN,NaN,49.700920689106,2.74063372612,NaN,NaN,NaN,0,NaN,NaN,NaN,NaN,0
20260731_t1356_srsSmooth_Moretraining,srs_smooth_Moretraining,trial0967.mat,967,967,690,11,64,42,68,28,40,8,1,2,8,2,66,12899,2,0,2,1,1,2,2,1,1,2,CHOSE_LOW_SAL,2,455,1,0,0,0,0,0,193,97,193,97,96,193,1,0,31.117997945349,158.882002054651,31.117997945349,158.882002054651,-127.764004109302,127.764004109302,NaN,NaN,NaN,1785523631.2533,15453.32995808,2.26981210708618,0.0144329071044922,0.306988716125488,0.832053661346436,1.23948121070862,1.48213696479797,1.52373743057251,1.52373743057251,-1,-1,1.77587389945984,292.555809020996,242.655754089355,41.6004657745361,284.256219863892,Conflict,Left,Right,Left,Left,Right,0,1,0,1,1,0,1,1,0,1,0,0,1,0,0,1,1,0,1,691,251,20260731_t1356_srsSmooth_Moretraining_B011,52,12,49.7252056399981,1.18322825431824,1,1,155,1,0,1,1,0,1
20260731_t1356_srsSmooth_Moretraining,srs_smooth_Moretraining,trial0968.mat,968,968,691,11,65,43,68,28,40,8,1,2,8,2,64,8948,2,0,2,1,1,2,2,1,1,2,CHOSE_LOW_SAL,2,455,1,0,0,0,0,0,193,79,193,79,114,193,1,0,36.3598941498676,153.640105850132,36.3598941498676,153.640105850132,-117.280211700265,117.280211700265,NaN,NaN,NaN,1785523634.78254,15456.85921684,2.39795541763306,0.0186648368835449,0.311276435852051,0.952503204345703,1.39371871948242,1.63582420349121,1.67748832702637,1.67748832702637,-1,-1,1.9043173789978,292.611598968506,242.105484008789,41.6641235351562,283.769607543945,Conflict,Left,Right,Left,Left,Right,0,1,0,1,1,0,1,1,0,1,0,0,1,0,0,1,1,0,1,692,252,20260731_t1356_srsSmooth_Moretraining_B011,53,13,49.7840263128281,1.25942826271057,1,2,193,1,0,0,1,1,1
20260731_t1356_srsSmooth_Moretraining,srs_smooth_Moretraining,trial0969.mat,969,969,692,11,66,44,68,28,40,8,1,2,8,2,68,5478,2,0,2,1,1,2,2,1,1,2,CHOSE_LOW_SAL,2,455,1,0,0,0,0,0,195,95,195,95,100,195,1,0,89.7215009178957,100.278499082104,89.7215009178958,100.278499082104,-10.5569981642085,10.5569981642085,NaN,NaN,NaN,1785523638.46239,15460.53895812,2.55990505218506,0.0139567852020264,0.30636739730835,1.10636401176453,1.51401567459106,1.72323656082153,1.76489543914795,1.76489543914795,-1,-1,2.06677269935608,292.410612106323,209.220886230469,41.658878326416,250.879764556885,Conflict,Left,Right,Left,Left,Right,0,1,0,1,1,0,1,1,0,1,0,0,1,0,0,1,1,0,1,693,253,20260731_t1356_srsSmooth_Moretraining_B011,54,14,49.8453571796417,1.28189659118652,1,2,193,1,0,0,1,1,1
20260731_t1356_srsSmooth_Moretraining,srs_smooth_Moretraining,trial0971.mat,971,971,693,11,68,45,68,28,40,8,1,2,8,2,62,8459,2,0,2,1,1,2,2,1,1,2,CHOSE_LOW_SAL,2,455,1,0,0,0,0,0,185,56,185,56,129,185,1,180,256.656659696034,293.343340303966,76.656659696034,113.343340303966,-36.686680607932,36.686680607932,NaN,NaN,NaN,1785523643.75714,15465.83352988,2.41594624519348,0.0110843181610107,0.219864368438721,1.00338840484619,1.37780451774597,1.59524512290955,1.62825489044189,1.62825489044189,-1,-1,1.93096804618835,208.78005027771,217.440605163574,33.0097675323486,250.450372695923,Conflict,Left,Right,Left,Left,Right,0,1,0,1,1,0,1,1,0,1,0,0,1,0,0,1,1,0,1,694,254,20260731_t1356_srsSmooth_Moretraining_B011,55,15,49.9336029688517,2.73484230041504,1,2,195,1,0,0,1,1,1
20260731_t1356_srsSmooth_Moretraining,srs_smooth_Moretraining,trial0972.mat,972,972,694,11,69,46,68,28,40,8,1,2,8,2,65,434,2,0,2,1,1,2,2,1,1,2,CHOSE_LOW_SAL,2,455,1,0,0,0,0,0,163,72,163,72,91,163,1,0,59.7239137941771,130.276086205823,59.7239137941771,130.276086205823,-70.5521724116459,70.5521724116459,NaN,NaN,NaN,1785523647.4435,15469.51998016,2.32104635238647,0.0165383815765381,0.267038822174072,0.975752592086792,1.37492537498474,1.59203457832336,1.63400387763977,1.63400387763977,-1,-1,1.86061406135559,250.500440597534,217.109203338623,41.9692993164062,259.078502655029,Conflict,Left,Right,Left,Left,Right,0,1,0,1,1,0,1,1,0,1,0,0,1,0,0,1,1,0,1,695,255,20260731_t1356_srsSmooth_Moretraining_B011,56,16,49.9950422525406,1.27041077613831,1,2,185,1,0,0,1,1,1
20260731_t1356_srsSmooth_Moretraining,srs_smooth_Moretraining,trial0973.mat,973,973,695,11,70,47,68,28,40,8,1,1,6,2,51,15590,2,0,2,1,1,2,1,2,0,0,,0,11,0,1,0,0,0,0,173,61,173,61,112,NaN,1,0,145.617046605686,44.3829533943142,145.617046605686,44.3829533943142,101.234093211372,101.234093211372,NaN,NaN,NaN,1785523651.03091,15473.10721132,1.29940700531006,0.0126016139984131,0.254715442657471,0.921411037445068,-1,-1,-1,-1,-1,-1,-1,242.113828659058,NaN,NaN,NaN,Congruent,Left,Right,None,Left,Left,0,1,1,0,0,NaN,NaN,NaN,NaN,NaN,NaN,NaN,NaN,0,0,0,1,1,0,695,NaN,20260731_t1356_srsSmooth_Moretraining_B011,NaN,NaN,50.0548324505488,1.26636552810669,NaN,NaN,NaN,0,NaN,NaN,NaN,NaN,0
20260731_t1356_srsSmooth_Moretraining,srs_smooth_Moretraining,trial0974.mat,974,974,695,11,71,47,68,28,40,8,1,2,7,2,56,21993,2,0,1,2,1,1,2,2,2,2,CHOSE_HIGH_SAL,1,455,1,0,0,0,0,0,197,86,197,86,111,86,1,0,36.0025067275332,153.997493272467,36.0025067275332,153.997493272467,-117.994986544934,117.994986544934,NaN,NaN,NaN,1785523653.4978,15475.57409036,2.35035967826843,0.0124714374542236,0.238277912139893,0.987989902496338,1.36252427101135,1.6216197013855,1.66292214393616,1.66292214393616,-1,-1,1.96520829200745,225.806474685669,259.095430374146,41.3024425506592,300.397872924805,Conflict,Right,Left,Left,Right,Left,0,1,0,1,1,0,0,0,1,1,1,1,0,1,1,0,1,0,1,696,256,20260731_t1356_srsSmooth_Moretraining_B011,57,17,50.0959473371506,1.1674861907959,1,2,163,1,1,0,0,1,1
20260731_t1356_srsSmooth_Moretraining,srs_smooth_Moretraining,trial0975.mat,975,975,696,11,72,48,68,28,40,8,1,1,5,2,41,20108,2,0,1,2,1,1,1,1,2,2,CHOSE_LOW_SAL,2,455,1,0,0,0,0,0,166,52,166,52,114,52,1,180,329.548785233074,220.451214766926,149.548785233074,40.4512147669258,109.097570466148,109.097570466148,NaN,NaN,NaN,1785523657.11326,15479.1895612,2.18432855606079,0.0138216018676758,0.297516107559204,1.00584173202515,1.38054251670837,1.57253074645996,1.59772181510925,1.59772181510925,-1,-1,1.83323669433594,283.694505691528,191.988229751587,25.191068649292,217.179298400879,Congruent,Right,Left,Left,Right,Right,0,1,1,0,1,0,0,0,0,1,1,1,1,1,1,1,1,1,1,697,257,20260731_t1356_srsSmooth_Moretraining_B011,58,18,50.1562049825986,1.2650990486145,2,2,86,1,0,0,1,1,1
20260731_t1356_srsSmooth_Moretraining,srs_smooth_Moretraining,trial0977.mat,977,977,697,11,74,49,68,28,40,8,1,1,5,2,47,6284,2,0,1,2,1,1,1,1,1,1,CHOSE_HIGH_SAL,1,455,1,0,0,0,0,0,171,75,171,75,96,171,1,180,350.821230813992,199.178769186008,170.821230813992,19.1787691860082,151.642461627984,151.642461627984,NaN,NaN,NaN,1785523662.04046,15484.116503,1.99924731254578,0.0118179321289062,0.0128662586212158,0.603997707366943,1.02019095420837,1.25409030914307,1.29589104652405,1.29589104652405,-1,-1,1.53081011772156,1.04832649230957,233.899354934692,41.8007373809814,275.700092315674,Congruent,Right,Left,Right,Right,Right,0,1,1,0,1,1,1,1,1,0,0,0,0,1,1,1,1,1,1,698,258,20260731_t1356_srsSmooth_Moretraining_B011,59,19,50.2383249441783,2.74286913871765,2,2,52,1,1,1,0,0,1
20260731_t1356_srsSmooth_Moretraining,srs_smooth_Moretraining,trial0978.mat,978,978,698,11,75,50,68,28,40,8,1,2,7,2,58,18927,2,0,1,2,1,1,2,2,1,1,CHOSE_LOW_SAL,2,455,1,0,0,0,0,0,178,66,178,66,112,178,1,0,80.3772625066282,109.622737493372,80.3772625066282,109.622737493372,-29.2454749867436,29.2454749867436,NaN,NaN,NaN,1785523665.31521,15487.39132308,2.34187507629395,0.0122008323669434,0.296093225479126,0.921072483062744,1.32058572769165,1.58790612220764,1.62134099006653,1.62134099006653,-1,-1,1.86496067047119,283.892393112183,267.320394515991,33.4348678588867,300.755262374878,Conflict,Right,Left,Right,Right,Left,0,1,0,1,1,1,1,1,0,0,0,0,1,1,1,0,1,0,1,699,259,20260731_t1356_srsSmooth_Moretraining_B011,60,20,50.2929040471713,1.27549886703491,1,1,171,1,0,0,1,1,1
20260731_t1356_srsSmooth_Moretraining,srs_smooth_Moretraining,trial0979.mat,979,979,699,11,76,51,68,28,40,8,1,1,6,2,50,477,2,0,2,1,1,2,1,2,2,1,CHOSE_LOW_SAL,2,455,1,0,0,0,0,0,176,72,176,72,104,72,1,180,337.395384174004,212.604615825996,157.395384174004,32.6046158259964,124.790768348007,124.790768348007,NaN,NaN,NaN,1785523668.92133,15490.99739568,2.13476228713989,0.0145492553710938,0.0155744552612305,0.765339136123657,1.1562614440918,1.42326760292053,1.45705556869507,1.45705556869507,-1,-1,1.75871253013611,1.02519989013672,267.006158828735,33.7879657745361,300.794124603271,Congruent,Left,Right,Right,Left,Left,0,1,1,0,1,1,0,0,0,0,1,1,1,0,0,0,1,1,1,700,260,20260731_t1356_srsSmooth_Moretraining_B011,61,21,50.353006152312,1.26425123214722,1,1,178,1,1,0,0,1,1
20260731_t1356_srsSmooth_Moretraining,srs_smooth_Moretraining,trial0980.mat,980,980,700,11,77,52,68,28,40,8,1,1,6,2,48,22504,2,0,2,1,1,2,1,2,2,1,CHOSE_LOW_SAL,2,455,1,0,0,0,0,0,155,54,155,54,101,54,1,0,163.239709091585,26.7602909084153,163.239709091585,26.7602909084153,136.479418183169,136.479418183169,NaN,NaN,NaN,1785523672.31102,15494.38693712,2.20481157302856,0.016664981842041,0.233748912811279,0.883768796920776,1.26671409606934,1.55090141296387,1.58400225639343,1.58400225639343,-1,-1,1.85245013237,217.083930969238,284.187316894531,33.1008434295654,317.288160324097,Congruent,Left,Right,Right,Left,Left,0,1,1,0,1,1,0,0,0,0,1,1,1,0,0,0,1,1,1,701,261,20260731_t1356_srsSmooth_Moretraining_B011,62,22,50.4095009088516,1.25492310523987,2,1,72,1,0,0,1,1,1
20260731_t1356_srsSmooth_Moretraining,srs_smooth_Moretraining,trial0981.mat,981,981,701,11,78,53,68,28,40,8,1,1,6,2,54,21130,2,0,2,1,1,2,1,2,2,1,CHOSE_LOW_SAL,2,455,1,0,0,0,0,0,173,72,173,72,101,72,1,0,109.662925078714,80.3370749212864,109.662925078714,80.3370749212863,29.3258501574273,29.3258501574273,NaN,NaN,NaN,1785523675.81099,15497.8868594,2.12114262580872,0.0168287754058838,0.192518711090088,0.725958585739136,1.15853977203369,1.41744613647461,1.45094108581543,1.45094108581543,-1,-1,1.7449643611908,175.689935684204,258.906364440918,33.4949493408203,292.401313781738,Congruent,Left,Right,Right,Left,Left,0,1,1,0,1,1,0,0,0,0,1,1,1,0,0,0,1,1,1,702,262,20260731_t1356_srsSmooth_Moretraining_B011,63,23,50.4678338130315,1.29516267776489,2,1,54,1,0,0,1,1,1
20260731_t1356_srsSmooth_Moretraining,srs_smooth_Moretraining,trial0982.mat,982,982,702,11,79,54,68,28,40,8,1,2,7,2,59,321,2,0,1,2,1,1,2,2,1,1,CHOSE_LOW_SAL,2,455,1,0,0,0,0,0,159,55,159,55,104,159,1,180,196.32639295247,353.67360704753,16.3263929524696,173.67360704753,-157.347214095061,157.347214095061,NaN,NaN,NaN,1785523679.20541,15501.28127048,2.17649507522583,0.0142056941986084,0.223152160644531,0.731321811676025,1.08924746513367,1.38155102729797,1.41494369506836,1.41494369506836,-1,-1,1.7168333530426,208.946466445923,292.303562164307,33.3926677703857,325.696229934692,Conflict,Right,Left,Right,Right,Left,0,1,0,1,1,1,1,1,0,0,0,0,1,1,1,0,1,0,1,703,263,20260731_t1356_srsSmooth_Moretraining_B011,64,24,50.5244075298309,1.27328038215637,2,1,72,1,1,0,0,1,1
20260731_t1356_srsSmooth_Moretraining,srs_smooth_Moretraining,trial0983.mat,983,983,703,11,80,55,68,28,40,8,1,2,7,2,55,26106,2,0,1,2,1,1,2,2,1,1,CHOSE_LOW_SAL,2,455,1,0,0,0,0,0,163,103,163,103,60,163,1,180,235.576243497428,314.423756502572,55.5762434974276,134.423756502572,-78.8475130051447,78.8475130051447,NaN,NaN,NaN,1785523682.67901,15504.75464012,2.18686676025391,0.0157442092895508,0.158371210098267,0.749492645263672,1.16578912734985,1.42462801933289,1.46635150909424,1.46635150909424,-1,-1,1.71897864341736,142.627000808716,258.838891983032,41.7234897613525,300.562381744385,Conflict,Right,Left,Right,Right,Left,0,1,0,1,1,1,1,1,0,0,0,0,1,1,1,0,1,0,1,704,264,20260731_t1356_srsSmooth_Moretraining_B011,65,25,50.5823008378347,1.29710340499878,1,1,159,1,0,0,1,1,1
20260731_t1356_srsSmooth_Moretraining,srs_smooth_Moretraining,trial0984.mat,984,984,704,11,81,56,68,28,40,8,1,2,7,2,61,26105,2,0,1,2,1,1,2,2,1,1,CHOSE_LOW_SAL,2,455,1,0,0,0,0,0,168,59,168,59,109,168,1,180,229.404630099615,320.595369900385,49.4046300996153,140.595369900385,-91.1907398007693,91.1907398007693,NaN,NaN,NaN,1785523686.1932,15508.26883336,2.39861989021301,0.0183641910552979,0.293967962265015,0.919209480285645,1.32674908638,1.58596849441528,1.62769293785095,1.62769293785095,-1,-1,1.92174673080444,275.603771209717,259.219408035278,41.7244434356689,300.943851470947,Conflict,Right,Left,Right,Right,Left,0,1,0,1,1,1,1,1,0,0,0,0,1,1,1,0,1,0,1,705,265,20260731_t1356_srsSmooth_Moretraining_B011,66,26,50.6408705910047,1.3273184299469,1,1,163,1,0,0,1,1,1
20260731_t1356_srsSmooth_Moretraining,srs_smooth_Moretraining,trial0985.mat,985,985,705,11,82,57,68,28,40,8,1,2,8,2,63,29092,2,0,2,1,1,2,2,1,2,1,CHOSE_HIGH_SAL,1,455,1,0,0,0,0,0,164,66,164,66,98,66,1,0,94.2896489179697,95.7103510820303,94.2896489179697,95.7103510820303,-1.42070216406057,1.42070216406057,NaN,NaN,NaN,1785523689.88541,15511.96085448,2.00577735900879,0.0179600715637207,0.0190184116363525,0.685076236724854,1.10966897010803,1.36851143836975,1.41019010543823,1.41019010543823,-1,-1,1.63760232925415,1.05834007263184,258.842468261719,41.6786670684814,300.5211353302,Conflict,Left,Right,Right,Left,Right,0,1,0,1,1,1,0,0,1,0,1,1,0,0,0,1,1,0,1,706,266,20260731_t1356_srsSmooth_Moretraining_B011,67,27,50.7024075428645,1.29359722137451,1,1,168,1,1,0,0,1,1
20260731_t1356_srsSmooth_Moretraining,srs_smooth_Moretraining,trial0986.mat,986,986,706,11,83,57,68,28,40,8,1,2,8,2,63,29092,2,0,2,1,1,2,2,1,2,1,CHOSE_HIGH_SAL,1,455,1,0,0,0,0,0,164,33,164,33,131,33,1,0,94.2896489179697,95.7103510820303,94.2896489179697,95.7103510820303,-1.42070216406057,1.42070216406057,NaN,NaN,NaN,1785523693.16593,15515.2414044,2.1579110622406,0.0125722885131836,0.221566438674927,0.946595191955566,1.3042893409729,1.55468821525574,1.59633588790894,1.59633588790894,-1,-1,1.82323527336121,208.994150161743,250.398874282837,41.6476726531982,292.046546936035,Conflict,Left,Right,Right,Left,Right,0,1,0,1,1,1,0,0,1,0,1,1,0,0,0,1,1,0,1,707,267,20260731_t1356_srsSmooth_Moretraining_B011,68,28,50.7570828199387,1.27473926544189,2,1,66,1,0,0,1,1,1
20260731_t1356_srsSmooth_Moretraining,srs_smooth_Moretraining,trial0987.mat,987,987,707,11,84,57,68,28,40,8,1,2,8,2,63,29092,2,0,2,1,1,2,2,1,2,1,CHOSE_HIGH_SAL,1,455,1,0,0,0,0,0,164,33,164,33,131,33,1,0,94.2896489179697,95.7103510820303,94.2896489179697,95.7103510820303,-1.42070216406057,1.42070216406057,NaN,NaN,NaN,1785523696.63605,15518.71135844,2.24679827690125,0.0175950527191162,0.226643323898315,1.01851034164429,1.35931420326233,1.59346961975098,1.62634563446045,1.62634563446045,-1,-1,1.91179943084717,209.048271179199,234.155416488647,32.8760147094727,267.03143119812,Conflict,Left,Right,Right,Left,Right,0,1,0,1,1,1,0,0,1,0,1,1,0,0,0,1,1,0,1,708,268,20260731_t1356_srsSmooth_Moretraining_B011,69,29,50.8149180571238,1.31220316886902,2,1,33,1,0,0,1,1,1
20260731_t1356_srsSmooth_Moretraining,srs_smooth_Moretraining,trial0988.mat,988,988,708,11,85,57,68,28,40,8,1,2,8,2,63,29092,2,0,2,1,1,2,2,1,1,2,CHOSE_LOW_SAL,2,455,1,0,0,0,0,0,164,33,164,33,131,164,1,0,94.2896489179697,95.7103510820303,94.2896489179697,95.7103510820303,-1.42070216406057,1.42070216406057,NaN,NaN,NaN,1785523700.15941,15522.23483748,2.33206343650818,0.0110313892364502,0.236867666244507,0.878566980361938,1.29441428184509,1.5201153755188,1.56166458129883,1.56166458129883,-1,-1,1.86446189880371,225.836277008057,225.701093673706,41.5492057800293,267.250299453735,Conflict,Left,Right,Left,Left,Right,0,1,0,1,1,0,1,1,0,1,0,0,1,0,0,1,1,0,1,709,269,20260731_t1356_srsSmooth_Moretraining_B011,70,30,50.873640871048,1.27657055854797,2,1,33,1,1,1,0,0,1
20260731_t1356_srsSmooth_Moretraining,srs_smooth_Moretraining,trial0989.mat,989,989,709,11,86,58,68,28,40,8,1,2,7,2,57,12738,2,0,1,2,1,1,2,2,2,2,CHOSE_HIGH_SAL,1,455,1,0,0,0,0,0,202,45,202,45,157,45,1,180,192.17408014598,357.82591985402,12.1740801459805,177.82591985402,-165.651839708039,165.651839708039,NaN,NaN,NaN,1785523703.77156,15525.8468296,2.2198793888092,0.0156984329223633,0.291306257247925,1.05789923667908,1.41575336456299,1.60814809799194,1.64987063407898,1.64987063407898,-1,-1,1.87643480300903,275.607824325562,192.394733428955,41.7225360870361,234.117269515991,Conflict,Right,Left,Left,Right,Left,0,1,0,1,1,0,0,0,1,1,1,1,0,1,1,0,1,0,1,710,270,20260731_t1356_srsSmooth_Moretraining_B011,71,31,50.9338432192802,1.28007745742798,1,2,164,1,1,0,0,1,1
20260731_t1356_srsSmooth_Moretraining,srs_smooth_Moretraining,trial0990.mat,990,990,710,11,87,59,68,28,40,8,1,1,5,2,46,22620,2,0,1,2,1,1,1,1,0,0,,0,11,0,1,0,0,0,0,162,44,162,44,118,NaN,1,180,299.206189262387,250.793810737613,119.206189262387,70.7938107376128,48.4123785247745,48.4123785247745,NaN,NaN,NaN,1785523707.25855,15529.3338314,1.29834318161011,0.0121777057647705,0.262702465057373,0.954299688339233,-1,-1,-1,-1,-1,-1,-1,250.524759292603,NaN,NaN,NaN,Congruent,Right,Left,None,Right,Right,0,1,1,0,0,NaN,NaN,NaN,NaN,NaN,NaN,NaN,NaN,1,1,1,1,1,0,710,NaN,20260731_t1356_srsSmooth_Moretraining_B011,NaN,NaN,50.9919597268105,1.26711106300354,NaN,NaN,NaN,0,NaN,NaN,NaN,NaN,0
20260731_t1356_srsSmooth_Moretraining,srs_smooth_Moretraining,trial0991.mat,991,991,710,11,88,59,68,28,40,8,1,1,5,2,45,17368,2,0,1,2,1,1,1,1,2,2,CHOSE_LOW_SAL,2,455,1,0,0,0,0,0,181,73,181,73,108,73,1,0,169.3387573964,20.6612426036003,169.3387573964,20.6612426036003,148.677514792799,148.677514792799,NaN,NaN,NaN,1785523709.73287,15531.80789944,2.34197330474854,0.0129492282867432,0.288583278656006,1.00520133972168,1.37967038154602,1.62216091156006,1.65514659881592,1.65514659881592,-1,-1,1.9651026725769,275.634050369263,242.490530014038,32.9856872558594,275.476217269897,Congruent,Right,Left,Left,Right,Right,0,1,1,0,1,0,0,0,0,1,1,1,1,1,1,1,1,1,1,711,271,20260731_t1356_srsSmooth_Moretraining_B011,72,32,51.0331984877586,1.17598247528076,2,2,45,1,0,0,1,1,1
20260731_t1356_srsSmooth_Moretraining,srs_smooth_Moretraining,trial0992.mat,992,992,711,11,89,60,68,28,40,8,1,1,5,2,43,19248,2,0,1,2,1,1,1,1,2,2,CHOSE_LOW_SAL,2,455,1,0,0,0,0,0,177,89,177,89,88,89,1,180,348.141529033635,201.858470966365,168.141529033635,21.8584709663647,146.283058067271,146.283058067271,NaN,NaN,NaN,1785523713.36035,15535.4353552,2.29839968681335,0.0189468860626221,0.261574745178223,0.903089761734009,1.31066370010376,1.56992363929749,1.61141586303711,1.61141586303711,-1,-1,1.90487813949585,242.627859115601,259.259939193726,41.492223739624,300.75216293335,Congruent,Right,Left,Left,Right,Right,0,1,1,0,1,0,0,0,0,1,1,1,1,1,1,1,1,1,1,712,272,20260731_t1356_srsSmooth_Moretraining_B011,73,33,51.0936564604441,1.28550505638123,2,2,73,1,0,0,1,1,1
20260731_t1356_srsSmooth_Moretraining,srs_smooth_Moretraining,trial0993.mat,993,993,712,11,90,61,68,28,40,8,1,1,5,2,42,23454,2,0,1,2,1,1,1,1,2,2,CHOSE_LOW_SAL,2,455,1,0,0,0,0,0,172,70,172,70,102,70,1,0,179.8012386937,10.1987613062997,179.8012386937,10.1987613062997,169.602477387401,169.602477387401,NaN,NaN,NaN,1785523716.92716,15539.00214204,2.31447434425354,0.0189461708068848,0.277988195419312,1.02792000770569,1.41900014877319,1.61953401565552,1.66135954856873,1.66135954856873,-1,-1,1.94646883010864,259.042024612427,200.533866882324,41.825532913208,242.359399795532,Congruent,Right,Left,Left,Right,Right,0,1,1,0,1,0,0,0,0,1,1,1,1,1,1,1,1,1,1,713,273,20260731_t1356_srsSmooth_Moretraining_B011,74,34,51.153103240331,1.26840710639954,2,2,89,1,0,0,1,1,1
20260731_t1356_srsSmooth_Moretraining,srs_smooth_Moretraining,trial0994.mat,994,994,713,11,91,62,68,28,40,8,1,2,7,2,60,12357,2,0,1,2,1,1,2,2,2,2,CHOSE_HIGH_SAL,1,455,1,0,0,0,0,0,165,86,165,86,79,86,1,0,66.6256488218956,123.374351178104,66.6256488218956,123.374351178104,-56.7487023562088,56.7487023562088,NaN,NaN,NaN,1785523720.52664,15542.60151596,2.34882664680481,0.0112679004669189,0.245001792907715,1.00354552268982,1.40298891067505,1.62850999832153,1.66212558746338,1.66212558746338,-1,-1,1.96440315246582,233.733892440796,225.521087646484,33.6155891418457,259.13667678833,Conflict,Right,Left,Left,Right,Left,0,1,0,1,1,0,0,0,1,1,1,1,0,1,1,0,1,0,1,714,274,20260731_t1356_srsSmooth_Moretraining_B011,75,35,51.2130946437518,1.28500986099243,2,2,70,1,0,0,1,1,1
20260731_t1356_srsSmooth_Moretraining,srs_smooth_Moretraining,trial0995.mat,995,995,714,11,92,63,68,28,40,8,1,1,6,2,51,15590,2,0,2,1,1,2,1,2,1,2,CHOSE_HIGH_SAL,1,455,1,0,0,0,0,0,193,82,193,82,111,193,1,180,296.365003623178,253.634996376822,116.365003623178,73.6349963768223,42.7300072463554,42.7300072463554,NaN,NaN,NaN,1785523724.16561,15546.24051116,2.21795725822449,0.0141053199768066,0.206547737121582,0.764525175094604,1.18915128707886,1.41452074050903,1.45631766319275,1.45631766319275,-1,-1,1.72457671165466,192.442417144775,225.369453430176,41.7969226837158,267.166376113892,Congruent,Left,Right,Left,Left,Left,0,1,1,0,1,0,1,1,1,1,0,0,0,0,0,0,1,1,1,715,275,20260731_t1356_srsSmooth_Moretraining_B011,76,36,51.2737441539764,1.2901439666748,2,2,86,1,1,0,0,1,1
20260731_t1356_srsSmooth_Moretraining,srs_smooth_Moretraining,trial0996.mat,996,996,715,11,93,64,68,28,40,8,1,1,5,2,46,22620,2,0,1,2,1,1,1,1,2,2,CHOSE_LOW_SAL,2,455,1,0,0,0,0,0,143,37,143,37,106,37,1,180,310.450735592833,239.549264407167,130.450735592833,59.5492644071672,70.9014711856655,70.9014711856655,NaN,NaN,NaN,1785523727.64628,15549.720897,2.33764624595642,0.0169010162353516,0.276015996932983,1.07579898834229,1.46695709228516,1.69259595870972,1.73423147201538,1.73423147201538,-1,-1,2.00281167030334,259.114980697632,225.638866424561,41.6355133056641,267.274379730225,Congruent,Right,Left,Left,Right,Right,0,1,1,0,1,0,0,0,0,1,1,1,1,1,1,1,1,1,1,716,276,20260731_t1356_srsSmooth_Moretraining_B011,77,37,51.3317553758621,1.26271605491638,1,2,193,1,1,0,0,1,1
20260731_t1356_srsSmooth_Moretraining,srs_smooth_Moretraining,trial0997.mat,997,997,716,11,94,65,68,28,40,8,1,1,6,2,49,26069,2,0,2,1,1,2,1,2,0,0,,0,11,0,1,0,0,0,0,200,81,200,81,119,NaN,1,0,124.119047408434,65.8809525915657,124.119047408434,65.8809525915657,58.2380948168685,58.2380948168685,NaN,NaN,NaN,1785523731.32039,15553.395099,1.34687423706055,0.0179333686828613,0.243733406066895,1.0186071395874,-1,-1,-1,-1,-1,-1,-1,225.800037384033,NaN,NaN,NaN,Congruent,Left,Right,None,Left,Left,0,1,1,0,0,NaN,NaN,NaN,NaN,NaN,NaN,NaN,NaN,0,0,0,1,1,0,716,NaN,20260731_t1356_srsSmooth_Moretraining_B011,NaN,NaN,51.3929905374845,1.3364634513855,NaN,NaN,NaN,0,NaN,NaN,NaN,NaN,0
20260731_t1356_srsSmooth_Moretraining,srs_smooth_Moretraining,trial0998.mat,998,998,716,11,95,65,68,28,40,8,1,1,6,2,52,32414,2,0,2,1,1,2,1,2,1,2,CHOSE_HIGH_SAL,1,455,1,0,0,0,0,0,176,73,176,73,103,176,1,180,332.341673924932,217.658326075068,152.341673924932,37.6583260750679,114.683347849864,114.683347849864,NaN,NaN,NaN,1785523733.83851,15555.91316724,2.25385785102844,0.0165779590606689,0.208960771560669,0.850725889205933,1.21662497520447,1.44210696220398,1.48403668403625,1.48403668403625,-1,-1,1.77732610702515,192.3828125,225.481986999512,41.9297218322754,267.411708831787,Congruent,Left,Right,Left,Left,Left,0,1,1,0,1,0,1,1,1,1,0,0,0,0,0,0,1,1,1,717,277,20260731_t1356_srsSmooth_Moretraining_B011,78,38,51.4349591930707,1.17124509811401,2,2,37,1,1,0,0,1,1
20260731_t1356_srsSmooth_Moretraining,srs_smooth_Moretraining,trial0999.mat,999,999,717,11,96,66,68,28,40,8,1,1,6,2,53,14777,2,0,2,1,1,2,1,2,1,2,CHOSE_HIGH_SAL,1,455,1,0,0,0,0,0,164,70,164,70,94,164,1,0,157.497794127936,32.5022058720643,157.497794127936,32.5022058720643,124.995588255871,124.995588255871,NaN,NaN,NaN,1785523737.39173,15559.46635032,2.22655630111694,0.0134963989257812,0.197583436965942,0.864165067672729,1.24687767028809,1.47257971763611,1.51423335075378,1.51423335075378,-1,-1,1.75794291496277,184.087038040161,225.702047348022,41.6536331176758,267.355680465698,Congruent,Left,Right,Left,Left,Left,0,1,1,0,1,0,1,1,1,1,0,0,0,0,0,0,1,1,1,718,278,20260731_t1356_srsSmooth_Moretraining_B011,79,39,51.4941795150439,1.29936146736145,1,2,176,1,0,0,1,1,1
20260731_t1356_srsSmooth_Moretraining,srs_smooth_Moretraining,trial1001.mat,1001,1001,718,11,98,67,68,28,40,8,1,1,6,2,49,26069,2,0,2,1,1,2,1,2,1,2,CHOSE_HIGH_SAL,1,455,1,0,0,0,0,0,149,67,149,67,82,149,1,180,336.780203654173,213.219796345827,156.780203654173,33.2197963458273,123.560407308345,123.560407308345,NaN,NaN,NaN,1785523742.35735,15564.4318276,2.37757539749146,0.0147364139556885,0.231838941574097,0.990505456924438,1.3647894859314,1.63206958770752,1.67397594451904,1.67397594451904,-1,-1,1.92569637298584,217.102527618408,267.280101776123,41.9063568115234,309.186458587646,Congruent,Left,Right,Left,Left,Left,0,1,1,0,1,0,1,1,1,1,0,0,0,0,0,0,1,1,1,719,279,20260731_t1356_srsSmooth_Moretraining_B011,80,40,51.5769398172696,2.73906183242798,1,2,164,1,0,0,1,1,1
20260731_t1356_srsSmooth_Moretraining,srs_smooth_Moretraining,trial1002.mat,1002,1002,719,12,1,0,68,28,40,8,2,0,1,1,3,28159,1,1,1,2,2,2,1,1,1,1,SINGLE_T1_CORRECT,10,455,1,0,0,0,0,0,57,187,187,57,-130,57,1,180,0,190,180,10,170,170,NaN,NaN,NaN,1785523746.0082,15568.08248188,2.0679190158844,0.0140340328216553,0.256197214126587,0.789491176605225,1.17241215705872,1.45636701583862,1.48957014083862,1.48957014083862,-1,-1,1.70787525177002,242.163181304932,283.954858779907,33.203125,317.157983779907,Instruction,Right,Left,Right,Left,Right,1,0,0,0,0,NaN,NaN,NaN,NaN,NaN,NaN,NaN,NaN,1,0,1,0,1,0,720,NaN,20260731_t1356_srsSmooth_Moretraining_B012,1,NaN,51.6377872228622,1.27326893806458,NaN,NaN,NaN,0,NaN,NaN,NaN,NaN,0
20260731_t1356_srsSmooth_Moretraining,srs_smooth_Moretraining,trial1003.mat,1003,1003,720,12,2,1,68,28,40,8,2,0,3,1,26,3143,1,2,2,1,2,1,2,1,2,1,SINGLE_T2_CORRECT,11,455,1,0,1,0,0,0,74,157,157,74,-83,157,1,0,10,180,10,180,-170,170,NaN,NaN,NaN,1785523749.34638,15571.42081928,2.38854098320007,0.017648458480835,0.268369674682617,0.976428508758545,1.3426992893219,1.5848925113678,1.61815905570984,1.61815905570984,-1,-1,1.92845368385315,250.721216201782,242.193222045898,33.266544342041,275.459766387939,Instruction,Left,Right,Right,Right,Right,1,0,0,0,0,NaN,NaN,NaN,NaN,NaN,NaN,NaN,NaN,0,1,1,0,0,0,721,NaN,20260731_t1356_srsSmooth_Moretraining_B012,2,NaN,51.6934235692024,1.27026176452637,NaN,NaN,NaN,0,NaN,NaN,NaN,NaN,0
20260731_t1356_srsSmooth_Moretraining,srs_smooth_Moretraining,trial1004.mat,1004,1004,721,12,3,2,68,28,40,8,2,0,1,1,9,25036,1,1,1,2,2,2,1,1,1,1,SINGLE_T1_CORRECT,10,455,1,0,0,0,0,0,52,178,178,52,-126,52,1,0,180,10,180,10,170,170,NaN,NaN,NaN,1785523753.01659,15575.09095912,2.13583517074585,0.0142428874969482,0.0152511596679688,0.806897401809692,1.18095397949219,1.43993449211121,1.47334003448486,1.47334003448486,-1,-1,1.78334760665894,1.00827217102051,258.980512619019,33.4055423736572,292.386054992676,Instruction,Right,Left,Right,Left,Right,1,0,0,0,0,NaN,NaN,NaN,NaN,NaN,NaN,NaN,NaN,1,0,1,0,1,0,722,NaN,20260731_t1356_srsSmooth_Moretraining_B012,3,NaN,51.7545938094457,1.28167343139648,NaN,NaN,NaN,0,NaN,NaN,NaN,NaN,0
20260731_t1356_srsSmooth_Moretraining,srs_smooth_Moretraining,trial1006.mat,1006,1006,722,12,5,3,68,28,40,8,2,0,1,1,4,4804,1,1,1,2,2,2,1,1,0,0,,0,11,0,1,0,0,0,0,85,148,148,85,-63,NaN,1,0,180,10,180,10,170,170,NaN,NaN,NaN,1785523758.00841,15580.08265132,0.266676187515259,0.0142793655395508,0.015017032623291,-1,-1,-1,-1,-1,-1,-1,-1,0.737667083740234,NaN,NaN,NaN,Instruction,Right,Left,None,Left,Right,1,0,0,0,0,NaN,NaN,NaN,NaN,NaN,NaN,NaN,NaN,1,0,1,0,1,0,722,NaN,20260731_t1356_srsSmooth_Moretraining_B012,NaN,NaN,51.8377908507983,2.85598731040955,NaN,NaN,NaN,0,NaN,NaN,NaN,NaN,0
20260731_t1356_srsSmooth_Moretraining,srs_smooth_Moretraining,trial1007.mat,1007,1007,722,12,6,3,68,28,40,8,2,0,1,1,10,16542,1,1,1,2,2,2,1,1,0,0,,0,11,0,1,0,0,0,0,60,153,153,60,-93,NaN,1,180,0,190,180,10,170,170,NaN,NaN,NaN,1785523759.46746,15581.541701,0.291222810745239,0.0136184692382812,0.222391605377197,-1,-1,-1,-1,-1,-1,-1,-1,208.773136138916,NaN,NaN,NaN,Instruction,Right,Left,None,Left,Right,1,0,0,0,0,NaN,NaN,NaN,NaN,NaN,NaN,NaN,NaN,1,0,1,0,1,0,722,NaN,20260731_t1356_srsSmooth_Moretraining_B012,NaN,NaN,51.8621083696683,1.19237494468689,NaN,NaN,NaN,0,NaN,NaN,NaN,NaN,0
20260731_t1356_srsSmooth_Moretraining,srs_smooth_Moretraining,trial1008.mat,1008,1008,722,12,7,3,68,28,40,8,2,0,2,1,15,26566,1,1,2,1,2,1,1,2,1,2,SINGLE_T1_CORRECT,10,455,1,0,0,0,0,0,46,172,172,46,-126,46,1,0,180,10,180,10,170,170,NaN,NaN,NaN,1785523760.9545,15583.0286728,2.34697937965393,0.0183053016662598,0.252177715301514,1.03571605682373,1.47669529914856,1.75229334831238,1.78576827049255,1.78576827049255,-1,-1,2.00439381599426,233.872413635254,275.598049163818,33.4749221801758,309.072971343994,Instruction,Left,Right,Left,Right,Left,1,0,0,0,0,NaN,NaN,NaN,NaN,NaN,NaN,NaN,NaN,0,1,0,0,1,0,723,NaN,20260731_t1356_srsSmooth_Moretraining_B012,4,NaN,51.8868923226992,1.19581437110901,NaN,NaN,NaN,0,NaN,NaN,NaN,NaN,0
20260731_t1356_srsSmooth_Moretraining,srs_smooth_Moretraining,trial1009.mat,1009,1009,723,12,8,4,68,28,40,8,2,0,1,1,5,21442,1,1,1,2,2,2,1,1,1,1,SINGLE_T1_CORRECT,10,455,1,0,0,0,0,0,49,177,177,49,-128,49,1,0,180,10,180,10,170,170,NaN,NaN,NaN,1785523764.5795,15586.65363856,2.39788436889648,0.0184452533721924,0.252450227737427,1.03583526611328,1.468501329422,1.78571224212646,1.82758927345276,1.82758927345276,-1,-1,2.04630041122437,234.004974365234,317.210912704468,41.8770313262939,359.087944030762,Instruction,Right,Left,Right,Left,Right,1,0,0,0,0,NaN,NaN,NaN,NaN,NaN,NaN,NaN,NaN,1,0,1,0,1,0,724,NaN,20260731_t1356_srsSmooth_Moretraining_B012,5,NaN,51.9473089853923,1.27802038192749,NaN,NaN,NaN,0,NaN,NaN,NaN,NaN,0
20260731_t1356_srsSmooth_Moretraining,srs_smooth_Moretraining,trial1010.mat,1010,1010,724,12,9,5,68,28,40,8,2,0,3,1,29,23527,1,2,2,1,2,1,2,1,2,1,SINGLE_T2_CORRECT,11,455,1,0,0,0,0,0,50,163,163,50,-113,163,1,0,10,180,10,180,-170,170,NaN,NaN,NaN,1785523768.26575,15590.33958884,2.41123127937317,0.0156760215759277,0.207911491394043,0.907970666885376,1.24905705451965,1.60788369178772,1.6415548324585,1.6415548324585,-1,-1,1.95157098770142,192.235469818115,358.826637268066,33.6711406707764,392.497777938843,Instruction,Left,Right,Right,Right,Right,1,0,0,0,0,NaN,NaN,NaN,NaN,NaN,NaN,NaN,NaN,0,1,1,0,0,0,725,NaN,20260731_t1356_srsSmooth_Moretraining_B012,6,NaN,52.0087464094162,1.28836107254028,NaN,NaN,NaN,0,NaN,NaN,NaN,NaN,0
20260731_t1356_srsSmooth_Moretraining,srs_smooth_Moretraining,trial1011.mat,1011,1011,725,12,10,6,68,28,40,8,2,0,4,1,38,3014,1,2,1,2,2,2,2,2,2,2,SINGLE_T2_CORRECT,11,455,1,0,0,0,0,0,51,155,155,51,-104,155,1,0,10,180,10,180,-170,170,NaN,NaN,NaN,1785523771.9353,15594.00921564,2.20014595985413,0.0129330158233643,0.205348253250122,0.86342191696167,1.23798108100891,1.46336483955383,1.50546360015869,1.50546360015869,-1,-1,1.74086380004883,192.415237426758,225.383758544922,42.0987606048584,267.48251914978,Instruction,Right,Left,Left,Left,Left,1,0,0,0,0,NaN,NaN,NaN,NaN,NaN,NaN,NaN,NaN,1,0,0,0,0,0,726,NaN,20260731_t1356_srsSmooth_Moretraining_B012,7,NaN,52.0699055910111,1.25831961631775,NaN,NaN,NaN,0,NaN,NaN,NaN,NaN,0
20260731_t1356_srsSmooth_Moretraining,srs_smooth_Moretraining,trial1012.mat,1012,1012,726,12,11,7,68,28,40,8,2,0,2,1,11,29819,1,1,2,1,2,1,1,2,1,2,SINGLE_T1_CORRECT,10,455,1,0,0,0,0,0,54,170,170,54,-116,54,1,0,180,10,180,10,170,170,NaN,NaN,NaN,1785523775.40156,15597.47542812,2.15121078491211,0.0134692192077637,0.214178323745728,0.830745935440063,1.22184920310974,1.46431875228882,1.49761533737183,1.49761533737183,-1,-1,1.79936552047729,200.709104537964,242.469549179077,33.2965850830078,275.766134262085,Instruction,Left,Right,Left,Right,Left,1,0,0,0,0,NaN,NaN,NaN,NaN,NaN,NaN,NaN,NaN,0,1,0,0,1,0,727,NaN,20260731_t1356_srsSmooth_Moretraining_B012,8,NaN,52.1276766737302,1.2661190032959,NaN,NaN,NaN,0,NaN,NaN,NaN,NaN,0
20260731_t1356_srsSmooth_Moretraining,srs_smooth_Moretraining,trial1013.mat,1013,1013,727,12,12,8,68,28,40,8,2,0,1,1,8,22820,1,1,1,2,2,2,1,1,1,1,SINGLE_T1_CORRECT,10,455,1,0,0,0,0,0,66,164,164,66,-98,66,1,180,0,190,180,10,170,170,NaN,NaN,NaN,1785523778.83891,15600.9126284,2.42193818092346,0.017920970916748,0.277019262313843,1.00163269042969,1.41797494888306,1.7266538143158,1.78501534461975,1.78501534461975,-1,-1,2.05339431762695,259.098291397095,308.678865432739,58.3615303039551,367.040395736694,Instruction,Right,Left,Right,Left,Right,1,0,0,0,0,NaN,NaN,NaN,NaN,NaN,NaN,NaN,NaN,1,0,1,0,1,0,728,NaN,20260731_t1356_srsSmooth_Moretraining_B012,9,NaN,52.1849658091863,1.286137342453,NaN,NaN,NaN,0,NaN,NaN,NaN,NaN,0
20260731_t1356_srsSmooth_Moretraining,srs_smooth_Moretraining,trial1014.mat,1014,1014,728,12,13,9,68,28,40,8,2,0,3,1,28,9094,1,2,2,1,2,1,2,1,2,1,SINGLE_T2_CORRECT,11,455,1,0,0,0,0,0,54,168,168,54,-114,168,1,0,10,180,10,180,-170,170,NaN,NaN,NaN,1785523782.5468,15604.62055512,2.33920168876648,0.0185115337371826,0.260614156723022,0.919069051742554,1.25189256668091,1.51920509338379,1.56059908866882,1.56059908866882,-1,-1,1.87096190452576,242.10262298584,267.312526702881,41.3939952850342,308.706521987915,Instruction,Left,Right,Right,Right,Right,1,0,0,0,0,NaN,NaN,NaN,NaN,NaN,NaN,NaN,NaN,0,1,1,0,0,0,729,NaN,20260731_t1356_srsSmooth_Moretraining_B012,10,NaN,52.2467639168104,1.28594827651978,NaN,NaN,NaN,0,NaN,NaN,NaN,NaN,0
20260731_t1356_srsSmooth_Moretraining,srs_smooth_Moretraining,trial1015.mat,1015,1015,729,12,14,10,68,28,40,8,2,0,2,1,14,305,1,1,2,1,2,1,1,2,1,2,SINGLE_T1_CORRECT,10,455,1,0,0,0,0,0,56,164,164,56,-108,56,1,0,180,10,180,10,170,170,NaN,NaN,NaN,1785523786.16745,15608.2411004,1.99392628669739,0.0146608352661133,0.0156290531158447,0.723523616790771,1.12303781509399,1.32352447509766,1.36515593528748,1.36515593528748,-1,-1,1.63379192352295,0.968217849731445,200.486660003662,41.6314601898193,242.118120193481,Instruction,Left,Right,Left,Right,Left,1,0,0,0,0,NaN,NaN,NaN,NaN,NaN,NaN,NaN,NaN,0,1,0,0,1,0,730,NaN,20260731_t1356_srsSmooth_Moretraining_B012,11,NaN,52.3071081956228,1.28145503997803,NaN,NaN,NaN,0,NaN,NaN,NaN,NaN,0
20260731_t1356_srsSmooth_Moretraining,srs_smooth_Moretraining,trial1016.mat,1016,1016,730,12,15,11,68,28,40,8,2,0,3,1,30,3066,1,2,2,1,2,1,2,1,2,1,SINGLE_T2_CORRECT,11,455,1,0,0,0,0,0,68,178,178,68,-110,178,1,180,190,0,10,180,-170,170,NaN,NaN,NaN,1785523789.45613,15611.52963892,2.17175269126892,0.0177750587463379,0.243454456329346,0.776532173156738,1.14281797409058,1.40985083580017,1.44326949119568,1.44326949119568,-1,-1,1.69530344009399,225.679397583008,267.032861709595,33.4186553955078,300.451517105103,Instruction,Left,Right,Right,Right,Right,1,0,0,0,0,NaN,NaN,NaN,NaN,NaN,NaN,NaN,NaN,0,1,1,0,0,0,731,NaN,20260731_t1356_srsSmooth_Moretraining_B012,12,NaN,52.3619195421537,1.29475450515747,NaN,NaN,NaN,0,NaN,NaN,NaN,NaN,0
20260731_t1356_srsSmooth_Moretraining,srs_smooth_Moretraining,trial1017.mat,1017,1017,731,12,16,12,68,28,40,8,2,0,2,1,20,20812,1,1,2,1,2,1,1,2,1,2,SINGLE_T1_CORRECT,10,455,1,0,0,0,0,0,49,162,162,49,-113,49,1,180,0,190,180,10,170,170,NaN,NaN,NaN,1785523792.9146,15614.98795992,2.07207226753235,0.0177743434906006,0.243247032165527,0.835057258605957,1.21782112121582,1.42668080329895,1.46005344390869,1.46005344390869,-1,-1,1.72035574913025,225.472688674927,208.85968208313,33.3726406097412,242.232322692871,Instruction,Left,Right,Left,Right,Left,1,0,0,0,0,NaN,NaN,NaN,NaN,NaN,NaN,NaN,NaN,0,1,0,0,1,0,732,NaN,20260731_t1356_srsSmooth_Moretraining_B012,13,NaN,52.4195606708527,1.28671503067017,NaN,NaN,NaN,0,NaN,NaN,NaN,NaN,0
20260731_t1356_srsSmooth_Moretraining,srs_smooth_Moretraining,trial1018.mat,1018,1018,732,12,17,13,68,28,40,8,2,0,2,1,12,5005,1,1,2,1,2,1,1,2,1,2,SINGLE_T1_CORRECT,10,455,1,0,0,0,0,0,66,144,144,66,-78,66,1,180,0,190,180,10,170,170,NaN,NaN,NaN,1785523796.26921,15618.34263076,2.27552056312561,0.0132999420166016,0.255564451217651,0.997209310531616,1.36335206031799,1.60560250282288,1.63870668411255,1.63870668411255,-1,-1,1.9075608253479,242.26450920105,242.250442504883,33.1041812896729,275.354623794556,Instruction,Left,Right,Left,Right,Left,1,0,0,0,0,NaN,NaN,NaN,NaN,NaN,NaN,NaN,NaN,0,1,0,0,1,0,733,NaN,20260731_t1356_srsSmooth_Moretraining_B012,14,NaN,52.4754707415899,1.28253197669983,NaN,NaN,NaN,0,NaN,NaN,NaN,NaN,0
20260731_t1356_srsSmooth_Moretraining,srs_smooth_Moretraining,trial1019.mat,1019,1019,733,12,18,14,68,28,40,8,2,0,4,1,33,7788,1,2,1,2,2,2,2,2,2,2,SINGLE_T2_CORRECT,11,455,1,0,0,0,0,0,64,164,164,64,-100,164,1,0,10,180,10,180,-170,170,NaN,NaN,NaN,1785523799.81807,15621.8915024,2.15178275108337,0.0145785808563232,0.264956474304199,0.798425197601318,1.13962173461914,1.38205575942993,1.42369937896729,1.42369937896729,-1,-1,1.68378567695618,250.377893447876,242.434024810791,41.6436195373535,284.077644348145,Instruction,Right,Left,Left,Left,Left,1,0,0,0,0,NaN,NaN,NaN,NaN,NaN,NaN,NaN,NaN,1,0,0,0,0,0,734,NaN,20260731_t1356_srsSmooth_Moretraining_B012,15,NaN,52.5346183975538,1.27333879470825,NaN,NaN,NaN,0,NaN,NaN,NaN,NaN,0
20260731_t1356_srsSmooth_Moretraining,srs_smooth_Moretraining,trial1020.mat,1020,1020,734,12,19,15,68,28,40,8,2,0,2,1,19,3443,1,1,2,1,2,1,1,2,0,0,,0,11,0,1,0,0,0,0,67,142,142,67,-75,NaN,1,180,0,190,180,10,170,170,NaN,NaN,NaN,1785523803.24043,15625.3136612,0.295610427856445,0.0173473358154297,0.243001937866211,-1,-1,-1,-1,-1,-1,-1,-1,225.654602050781,NaN,NaN,NaN,Instruction,Left,Right,None,Right,Left,1,0,0,0,0,NaN,NaN,NaN,NaN,NaN,NaN,NaN,NaN,0,1,0,0,1,0,734,NaN,20260731_t1356_srsSmooth_Moretraining_B012,NaN,NaN,52.5916578014692,1.27058148384094,NaN,NaN,NaN,0,NaN,NaN,NaN,NaN,0
20260731_t1356_srsSmooth_Moretraining,srs_smooth_Moretraining,trial1021.mat,1021,1021,734,12,20,15,68,28,40,8,2,0,4,1,34,8013,1,2,1,2,2,2,2,2,2,2,SINGLE_T2_CORRECT,11,455,1,0,0,0,0,0,63,162,162,63,-99,162,1,180,190,0,10,180,-170,170,NaN,NaN,NaN,1785523804.75919,15626.83236216,2.17789196968079,0.015315055847168,0.0168733596801758,0.707711696624756,1.09035682678223,1.39948797225952,1.44108271598816,1.44108271598816,-1,-1,1.71775770187378,1.55830383300781,309.131145477295,41.5947437286377,350.725889205933,Instruction,Right,Left,Left,Left,Left,1,0,0,0,0,NaN,NaN,NaN,NaN,NaN,NaN,NaN,NaN,1,0,0,0,0,0,735,NaN,20260731_t1356_srsSmooth_Moretraining_B012,16,NaN,52.6169704238574,1.22314691543579,NaN,NaN,NaN,0,NaN,NaN,NaN,NaN,0
20260731_t1356_srsSmooth_Moretraining,srs_smooth_Moretraining,trial1022.mat,1022,1022,735,12,21,16,68,28,40,8,2,0,1,1,2,25707,1,1,1,2,2,2,1,1,1,1,SINGLE_T1_CORRECT,10,455,1,0,0,0,0,0,47,156,156,47,-109,47,1,0,180,10,180,10,170,170,NaN,NaN,NaN,1785523808.23466,15630.30783828,2.16946816444397,0.014981746673584,0.307087421417236,0.873845100402832,1.29003071784973,1.55715823173523,1.5989408493042,1.5989408493042,-1,-1,1.81781697273254,292.105674743652,267.127513885498,41.7826175689697,308.910131454468,Instruction,Right,Left,Right,Left,Right,1,0,0,0,0,NaN,NaN,NaN,NaN,NaN,NaN,NaN,NaN,1,0,1,0,1,0,736,NaN,20260731_t1356_srsSmooth_Moretraining_B012,17,NaN,52.6748949130376,1.29757738113403,NaN,NaN,NaN,0,NaN,NaN,NaN,NaN,0
20260731_t1356_srsSmooth_Moretraining,srs_smooth_Moretraining,trial1023.mat,1023,1023,736,12,22,17,68,28,40,8,2,0,1,1,1,4274,1,1,1,2,2,2,1,1,1,1,SINGLE_T1_CORRECT,10,455,1,0,0,0,0,0,60,159,159,60,-99,60,1,180,0,190,180,10,170,170,NaN,NaN,NaN,1785523811.70221,15633.77536488,2.11075472831726,0.0142335891723633,0.289585828781128,0.814580202102661,1.20594668388367,1.4396505355835,1.48135662078857,1.48135662078857,-1,-1,1.75014543533325,275.352239608765,233.703851699829,41.7060852050781,275.409936904907,Instruction,Right,Left,Right,Left,Right,1,0,0,0,0,NaN,NaN,NaN,NaN,NaN,NaN,NaN,NaN,1,0,1,0,1,0,737,NaN,20260731_t1356_srsSmooth_Moretraining_B012,18,NaN,52.7326873977979,1.2980809211731,NaN,NaN,NaN,0,NaN,NaN,NaN,NaN,0
20260731_t1356_srsSmooth_Moretraining,srs_smooth_Moretraining,trial1024.mat,1024,1024,737,12,23,18,68,28,40,8,2,0,1,1,6,16994,1,1,1,2,2,2,1,1,1,1,SINGLE_T1_CORRECT,10,455,1,0,0,0,0,0,49,161,161,49,-112,49,1,180,0,190,180,10,170,170,NaN,NaN,NaN,1785523815.09701,15637.16995328,2.20692181587219,0.0112302303314209,0.22870135307312,0.820258855819702,1.20294308662415,1.52020144462585,1.56193423271179,1.56193423271179,-1,-1,1.85541844367981,217.471122741699,317.258358001709,41.7327880859375,358.991146087646,Instruction,Right,Left,Right,Left,Right,1,0,0,0,0,NaN,NaN,NaN,NaN,NaN,NaN,NaN,NaN,1,0,1,0,1,0,738,NaN,20260731_t1356_srsSmooth_Moretraining_B012,19,NaN,52.789267440637,1.28404784202576,NaN,NaN,NaN,0,NaN,NaN,NaN,NaN,0
20260731_t1356_srsSmooth_Moretraining,srs_smooth_Moretraining,trial1025.mat,1025,1025,738,12,24,19,68,28,40,8,2,0,4,1,32,23998,1,2,1,2,2,2,2,2,2,2,SINGLE_T2_CORRECT,11,455,1,0,0,0,0,0,41,164,164,41,-123,164,1,180,190,0,10,180,-170,170,NaN,NaN,NaN,1785523818.57968,15640.65274012,2.19942784309387,0.0120282173156738,0.246265172958374,0.779270648956299,1.20374131202698,1.46266222000122,1.50434970855713,1.50434970855713,-1,-1,1.73158478736877,234.2369556427,258.920907974243,41.6874885559082,300.608396530151,Instruction,Right,Left,Left,Left,Left,1,0,0,0,0,NaN,NaN,NaN,NaN,NaN,NaN,NaN,NaN,1,0,0,0,0,0,739,NaN,20260731_t1356_srsSmooth_Moretraining_B012,20,NaN,52.8473119537036,1.27574896812439,NaN,NaN,NaN,0,NaN,NaN,NaN,NaN,0
20260731_t1356_srsSmooth_Moretraining,srs_smooth_Moretraining,trial1027.mat,1027,1027,739,12,26,20,68,28,40,8,2,0,4,1,31,1889,1,2,1,2,2,2,2,2,2,2,SINGLE_T2_CORRECT,11,455,1,0,0,0,0,0,48,134,134,48,-86,134,1,0,10,180,10,180,-170,170,NaN,NaN,NaN,1785523823.54509,15645.6180644,2.24226093292236,0.0134739875793457,0.238833427429199,0.863829135894775,1.20518708229065,1.48886036872864,1.53052997589111,1.53052997589111,-1,-1,1.80759787559509,225.359439849854,283.673286437988,41.6696071624756,325.342893600464,Instruction,Right,Left,Left,Left,Left,1,0,0,0,0,NaN,NaN,NaN,NaN,NaN,NaN,NaN,NaN,1,0,0,0,0,0,740,NaN,20260731_t1356_srsSmooth_Moretraining_B012,21,NaN,52.9300688584646,2.76598644256592,NaN,NaN,NaN,0,NaN,NaN,NaN,NaN,0
20260731_t1356_srsSmooth_Moretraining,srs_smooth_Moretraining,trial1029.mat,1029,1029,740,12,28,21,68,28,40,8,2,0,2,1,17,2800,1,1,2,1,2,1,1,2,1,2,SINGLE_T1_CORRECT,10,455,1,0,0,0,0,0,85,139,139,85,-54,85,1,0,180,10,180,10,170,170,NaN,NaN,NaN,1785523828.69305,15650.76588584,2.21947479248047,0.0157177448272705,0.208047389984131,0.79949688911438,1.21576476097107,1.50786471366882,1.54135775566101,1.54135775566101,-1,-1,1.83506679534912,192.32964515686,292.099952697754,33.4930419921875,325.592994689941,Instruction,Left,Right,Left,Right,Left,1,0,0,0,0,NaN,NaN,NaN,NaN,NaN,NaN,NaN,NaN,0,1,0,0,1,0,741,NaN,20260731_t1356_srsSmooth_Moretraining_B012,22,NaN,53.0158681472143,2.90569639205933,NaN,NaN,NaN,0,NaN,NaN,NaN,NaN,0
20260731_t1356_srsSmooth_Moretraining,srs_smooth_Moretraining,trial1030.mat,1030,1030,741,12,29,22,68,28,40,8,2,0,2,1,19,3443,1,1,2,1,2,1,1,2,1,2,SINGLE_T1_CORRECT,10,455,1,0,0,0,0,0,54,171,171,54,-117,54,1,180,0,190,180,10,170,170,NaN,NaN,NaN,1785523832.17742,15654.24997484,2.23565101623535,0.0148217678070068,0.26547384262085,1.04863286018372,1.38987565040588,1.60711407661438,1.64067459106445,1.64067459106445,-1,-1,1.88493657112122,250.652074813843,217.238426208496,33.5605144500732,250.798940658569,Instruction,Left,Right,Left,Right,Left,1,0,0,0,0,NaN,NaN,NaN,NaN,NaN,NaN,NaN,NaN,0,1,0,0,1,0,742,NaN,20260731_t1356_srsSmooth_Moretraining_B012,23,NaN,53.0739408969879,1.26489019393921,NaN,NaN,NaN,0,NaN,NaN,NaN,NaN,0
20260731_t1356_srsSmooth_Moretraining,srs_smooth_Moretraining,trial1031.mat,1031,1031,742,12,30,23,68,28,40,8,2,0,3,1,21,9558,1,2,2,1,2,1,2,1,2,1,SINGLE_T2_CORRECT,11,455,1,0,0,0,0,0,69,163,163,69,-94,163,1,180,190,0,10,180,-170,170,NaN,NaN,NaN,1785523835.68249,15657.75513948,2.33923244476318,0.0182201862335205,0.294061660766602,0.885525226593018,1.29327011108398,1.55248546600342,1.59405565261841,1.59405565261841,-1,-1,1.87938404083252,275.841474533081,259.215354919434,41.5701866149902,300.785541534424,Instruction,Left,Right,Right,Right,Right,1,0,0,0,0,NaN,NaN,NaN,NaN,NaN,NaN,NaN,NaN,0,1,1,0,0,0,743,NaN,20260731_t1356_srsSmooth_Moretraining_B012,24,NaN,53.1323587576548,1.2694206237793,NaN,NaN,NaN,0,NaN,NaN,NaN,NaN,0
20260731_t1356_srsSmooth_Moretraining,srs_smooth_Moretraining,trial1032.mat,1032,1032,743,12,31,24,68,28,40,8,2,0,3,1,24,24037,1,2,2,1,2,1,2,1,2,1,SINGLE_T2_CORRECT,11,455,1,0,0,0,0,0,43,199,199,43,-156,199,1,180,190,0,10,180,-170,170,NaN,NaN,NaN,1785523839.288,15661.36056608,2.44230556488037,0.0128452777862549,0.221503973007202,0.938606262207031,1.30456233024597,1.59691596031189,1.63858437538147,1.63858437538147,-1,-1,1.94018507003784,208.658695220947,292.353630065918,41.6684150695801,334.022045135498,Instruction,Left,Right,Right,Right,Right,1,0,0,0,0,NaN,NaN,NaN,NaN,NaN,NaN,NaN,NaN,0,1,1,0,0,0,744,NaN,20260731_t1356_srsSmooth_Moretraining_B012,25,NaN,53.1924506862958,1.2662832736969,NaN,NaN,NaN,0,NaN,NaN,NaN,NaN,0
20260731_t1356_srsSmooth_Moretraining,srs_smooth_Moretraining,trial1033.mat,1033,1033,744,12,32,25,68,28,40,8,2,0,1,1,7,178,1,1,1,2,2,2,1,1,1,1,SINGLE_T1_CORRECT,10,455,1,0,0,0,0,0,55,161,161,55,-106,55,1,180,0,190,180,10,170,170,NaN,NaN,NaN,1785523843.06309,15665.13566556,2.18332695960999,0.0129020214080811,0.238307952880859,0.87181544303894,1.22128200531006,1.53023934364319,1.56364703178406,1.56364703178406,-1,-1,1.82385182380676,225.405931472778,308.95733833313,33.4076881408691,342.365026473999,Instruction,Right,Left,Right,Left,Right,1,0,0,0,0,NaN,NaN,NaN,NaN,NaN,NaN,NaN,NaN,1,0,1,0,1,0,745,NaN,20260731_t1356_srsSmooth_Moretraining_B012,26,NaN,53.2553688764572,1.33278584480286,NaN,NaN,NaN,0,NaN,NaN,NaN,NaN,0
20260731_t1356_srsSmooth_Moretraining,srs_smooth_Moretraining,trial1034.mat,1034,1034,745,12,33,26,68,28,40,8,2,0,2,1,16,30617,1,1,2,1,2,1,1,2,1,2,SINGLE_T1_CORRECT,10,455,1,0,0,0,0,0,46,145,145,46,-99,46,1,180,0,190,180,10,170,170,NaN,NaN,NaN,1785523846.50749,15668.57989144,2.10616230964661,0.0186436176300049,0.202777862548828,0.894172668457031,1.29369258880615,1.51095700263977,1.54430174827576,1.54430174827576,-1,-1,1.76264476776123,184.134244918823,217.264413833618,33.3447456359863,250.609159469604,Instruction,Left,Right,Left,Right,Left,1,0,0,0,0,NaN,NaN,NaN,NaN,NaN,NaN,NaN,NaN,0,1,0,0,1,0,746,NaN,20260731_t1356_srsSmooth_Moretraining_B012,27,NaN,53.3127754330635,1.26106643676758,NaN,NaN,NaN,0,NaN,NaN,NaN,NaN,0
20260731_t1356_srsSmooth_Moretraining,srs_smooth_Moretraining,trial1035.mat,1035,1035,746,12,34,27,68,28,40,8,2,0,3,1,23,11382,1,2,2,1,2,1,2,1,2,1,SINGLE_T2_CORRECT,11,455,1,0,0,0,0,0,48,161,161,48,-113,161,1,180,190,0,10,180,-170,170,NaN,NaN,NaN,1785523849.86386,15671.93618908,2.3997859954834,0.0124027729034424,0.246232509613037,0.997275114059448,1.36245465278625,1.66290593147278,1.70458102226257,1.70458102226257,-1,-1,1.93987560272217,233.829736709595,300.451278686523,41.6750907897949,342.126369476318,Instruction,Left,Right,Right,Right,Right,1,0,0,0,0,NaN,NaN,NaN,NaN,NaN,NaN,NaN,NaN,0,1,1,0,0,0,747,NaN,20260731_t1356_srsSmooth_Moretraining_B012,28,NaN,53.3687149643898,1.25020956993103,NaN,NaN,NaN,0,NaN,NaN,NaN,NaN,0
20260731_t1356_srsSmooth_Moretraining,srs_smooth_Moretraining,trial1036.mat,1036,1036,747,12,35,28,68,28,40,8,2,0,2,1,18,21247,1,1,2,1,2,1,1,2,1,2,SINGLE_T1_CORRECT,10,455,1,0,0,0,0,0,62,153,153,62,-91,62,1,180,0,190,180,10,170,170,NaN,NaN,NaN,1785523853.5613,15675.63355656,2.21979928016663,0.0151100158691406,0.215514898300171,0.965751886367798,1.33182907104492,1.57411313056946,1.6074423789978,1.6074423789978,-1,-1,1.85938858985901,200.40488243103,242.284059524536,33.3292484283447,275.613307952881,Instruction,Left,Right,Left,Right,Left,1,0,0,0,0,NaN,NaN,NaN,NaN,NaN,NaN,NaN,NaN,0,1,0,0,1,0,748,NaN,20260731_t1356_srsSmooth_Moretraining_B012,29,NaN,53.4303389072418,1.29765057563782,NaN,NaN,NaN,0,NaN,NaN,NaN,NaN,0
20260731_t1356_srsSmooth_Moretraining,srs_smooth_Moretraining,trial1037.mat,1037,1037,748,12,36,29,68,28,40,8,2,0,4,1,40,16649,1,2,1,2,2,2,2,2,2,2,SINGLE_T2_CORRECT,11,455,1,0,0,0,0,0,65,183,183,65,-118,183,1,0,10,180,10,180,-170,170,NaN,NaN,NaN,1785523857.05948,15679.1317698,2.47126603126526,0.0170645713806152,0.2842116355896,0.992623090744019,1.39211869239807,1.65122008323669,1.69286584854126,1.69286584854126,-1,-1,1.98622488975525,267.147064208984,259.101390838623,41.6457653045654,300.747156143188,Instruction,Right,Left,Left,Left,Left,1,0,0,0,0,NaN,NaN,NaN,NaN,NaN,NaN,NaN,NaN,1,0,0,0,0,0,749,NaN,20260731_t1356_srsSmooth_Moretraining_B012,30,NaN,53.4886419494947,1.27838325500488,NaN,NaN,NaN,0,NaN,NaN,NaN,NaN,0
20260731_t1356_srsSmooth_Moretraining,srs_smooth_Moretraining,trial1038.mat,1038,1038,749,12,37,30,68,28,40,8,2,0,3,1,25,32729,1,2,2,1,2,1,2,1,2,1,SINGLE_T2_CORRECT,11,455,1,0,0,0,0,0,53,148,148,53,-95,148,1,0,10,180,10,180,-170,170,NaN,NaN,NaN,1785523860.78929,15682.8614124,2.37522912025452,0.0123999118804932,0.237941980361938,0.937971115112305,1.32911896705627,1.57966589927673,1.61290693283081,1.61290693283081,-1,-1,1.92357730865479,225.542068481445,250.546932220459,33.2410335540771,283.787965774536,Instruction,Left,Right,Right,Right,Right,1,0,0,0,0,NaN,NaN,NaN,NaN,NaN,NaN,NaN,NaN,0,1,1,0,0,0,750,NaN,20260731_t1356_srsSmooth_Moretraining_B012,31,NaN,53.5508054614067,1.25854468345642,NaN,NaN,NaN,0,NaN,NaN,NaN,NaN,0
20260731_t1356_srsSmooth_Moretraining,srs_smooth_Moretraining,trial1039.mat,1039,1039,750,12,38,31,68,28,40,8,2,0,4,1,37,19753,1,2,1,2,2,2,2,2,2,2,SINGLE_T2_CORRECT,11,455,1,0,0,0,0,0,36,148,148,36,-112,148,1,0,10,180,10,180,-170,170,NaN,NaN,NaN,1785523864.45102,15686.5230358,2.15469217300415,0.0174777507781982,0.267971515655518,0.809571743011475,1.1675226688385,1.4429874420166,1.47620677947998,1.47620677947998,-1,-1,1.70324373245239,250.493764877319,275.464773178101,33.2193374633789,308.684110641479,Instruction,Right,Left,Left,Left,Left,1,0,0,0,0,NaN,NaN,NaN,NaN,NaN,NaN,NaN,NaN,1,0,0,0,0,0,751,NaN,20260731_t1356_srsSmooth_Moretraining_B012,32,NaN,53.6118343472481,1.28650403022766,NaN,NaN,NaN,0,NaN,NaN,NaN,NaN,0
20260731_t1356_srsSmooth_Moretraining,srs_smooth_Moretraining,trial1041.mat,1041,1041,751,12,40,32,68,28,40,8,2,0,4,1,35,23097,1,2,1,2,2,2,2,2,2,2,SINGLE_T2_CORRECT,11,455,1,0,0,0,0,0,66,173,173,66,-107,173,1,180,190,0,10,180,-170,170,NaN,NaN,NaN,1785523869.33953,15691.411469,2.1753933429718,0.0124912261962891,0.229832649230957,0.763085126876831,1.22087121009827,1.43784737586975,1.47956562042236,1.47956562042236,-1,-1,1.6984555721283,217.341423034668,216.976165771484,41.7182445526123,258.694410324097,Instruction,Right,Left,Left,Left,Left,1,0,0,0,0,NaN,NaN,NaN,NaN,NaN,NaN,NaN,NaN,1,0,0,0,0,0,752,NaN,20260731_t1356_srsSmooth_Moretraining_B012,33,NaN,53.6933095375697,2.73381924629211,NaN,NaN,NaN,0,NaN,NaN,NaN,NaN,0
20260731_t1356_srsSmooth_Moretraining,srs_smooth_Moretraining,trial1042.mat,1042,1042,752,12,41,33,68,28,40,8,2,0,2,1,13,7281,1,1,2,1,2,1,1,2,1,2,SINGLE_T1_CORRECT,10,455,1,0,0,0,0,0,65,152,152,65,-87,65,1,0,180,10,180,10,170,170,NaN,NaN,NaN,1785523872.78906,15694.86096292,2.3257794380188,0.0131049156188965,0.272051811218262,1.01458740234375,1.40482616424561,1.65550804138184,1.68861699104309,1.68861699104309,-1,-1,1.95737814903259,258.946895599365,250.68187713623,33.1089496612549,283.790826797485,Instruction,Left,Right,Left,Right,Left,1,0,0,0,0,NaN,NaN,NaN,NaN,NaN,NaN,NaN,NaN,0,1,0,0,1,0,753,NaN,20260731_t1356_srsSmooth_Moretraining_B012,34,NaN,53.7508015553157,1.2741277217865,NaN,NaN,NaN,0,NaN,NaN,NaN,NaN,0
20260731_t1356_srsSmooth_Moretraining,srs_smooth_Moretraining,trial1043.mat,1043,1043,753,12,42,34,68,28,40,8,2,0,4,1,36,7654,1,2,1,2,2,2,2,2,2,2,SINGLE_T2_CORRECT,11,455,1,0,0,0,0,0,68,164,164,68,-96,164,1,0,10,180,10,180,-170,170,NaN,NaN,NaN,1785523876.3753,15698.447019,2.23154640197754,0.0186698436737061,0.27750563621521,0.861232280731201,1.21038269996643,1.4528214931488,1.48607230186462,1.48607230186462,-1,-1,1.7630672454834,258.835792541504,242.438793182373,33.2508087158203,275.689601898193,Instruction,Right,Left,Left,Left,Left,1,0,0,0,0,NaN,NaN,NaN,NaN,NaN,NaN,NaN,NaN,1,0,0,0,0,0,754,NaN,20260731_t1356_srsSmooth_Moretraining_B012,35,NaN,53.8105722784996,1.26046395301819,NaN,NaN,NaN,0,NaN,NaN,NaN,NaN,0
20260731_t1356_srsSmooth_Moretraining,srs_smooth_Moretraining,trial1044.mat,1044,1044,754,12,43,35,68,28,40,8,2,0,4,1,39,29553,1,2,1,2,2,2,2,2,2,2,SINGLE_T2_CORRECT,11,455,1,0,0,0,0,0,43,149,149,43,-106,149,1,180,190,0,10,180,-170,170,NaN,NaN,NaN,1785523879.87653,15701.94831956,2.28824520111084,0.0175745487213135,0.209932327270508,0.909781217575073,1.30929231643677,1.52645826339722,1.56835913658142,1.56835913658142,-1,-1,1.83752679824829,192.357778549194,217.165946960449,41.9008731842041,259.066820144653,Instruction,Right,Left,Left,Left,Left,1,0,0,0,0,NaN,NaN,NaN,NaN,NaN,NaN,NaN,NaN,1,0,0,0,0,0,755,NaN,20260731_t1356_srsSmooth_Moretraining_B012,36,NaN,53.8689261515935,1.26968598365784,NaN,NaN,NaN,0,NaN,NaN,NaN,NaN,0
20260731_t1356_srsSmooth_Moretraining,srs_smooth_Moretraining,trial1045.mat,1045,1045,755,12,44,36,68,28,40,8,2,0,1,1,4,4804,1,1,1,2,2,2,1,1,1,1,SINGLE_T1_CORRECT,10,455,1,0,0,0,0,0,53,164,164,53,-111,53,1,0,180,10,180,10,170,170,NaN,NaN,NaN,1785523883.42791,15705.49954244,2.26251339912415,0.0163371562957764,0.258496522903442,1.01710033416748,1.36639022827148,1.60043883323669,1.64207196235657,1.64207196235657,-1,-1,1.91085600852966,242.159366607666,234.04860496521,41.633129119873,275.681734085083,Instruction,Right,Left,Right,Left,Right,1,0,0,0,0,NaN,NaN,NaN,NaN,NaN,NaN,NaN,NaN,1,0,1,0,1,0,756,NaN,20260731_t1356_srsSmooth_Moretraining_B012,37,NaN,53.928115773201,1.26313209533691,NaN,NaN,NaN,0,NaN,NaN,NaN,NaN,0
20260731_t1356_srsSmooth_Moretraining,srs_smooth_Moretraining,trial1046.mat,1046,1046,756,12,45,37,68,28,40,8,2,0,3,1,22,28974,1,2,2,1,2,1,2,1,2,1,SINGLE_T2_CORRECT,11,455,1,0,0,0,0,0,60,166,166,60,-106,166,1,180,190,0,10,180,-170,170,NaN,NaN,NaN,1785523886.94769,15709.01936692,2.10905766487122,0.0133624076843262,0.214168548583984,0.805501937866211,1.14673948287964,1.38882946968079,1.42214441299438,1.42214441299438,-1,-1,1.64050149917603,200.806140899658,242.089986801147,33.3149433135986,275.404930114746,Instruction,Left,Right,Right,Right,Right,1,0,0,0,0,NaN,NaN,NaN,NaN,NaN,NaN,NaN,NaN,0,1,1,0,0,0,757,NaN,20260731_t1356_srsSmooth_Moretraining_B012,38,NaN,53.9867787679036,1.25726628303528,NaN,NaN,NaN,0,NaN,NaN,NaN,NaN,0
20260731_t1356_srsSmooth_Moretraining,srs_smooth_Moretraining,trial1047.mat,1047,1047,757,12,46,38,68,28,40,8,2,0,1,1,10,16542,1,1,1,2,2,2,1,1,1,1,SINGLE_T1_CORRECT,10,455,1,0,0,0,0,0,42,151,151,42,-109,42,1,0,180,10,180,10,170,170,NaN,NaN,NaN,1785523890.31507,15712.38670228,2.30869770050049,0.0127949714660645,0.279918670654297,0.904847383499146,1.34616708755493,1.62987732887268,1.66320705413818,1.66320705413818,-1,-1,1.96538019180298,267.123699188232,283.710241317749,33.3297252655029,317.039966583252,Instruction,Right,Left,Right,Left,Right,1,0,0,0,0,NaN,NaN,NaN,NaN,NaN,NaN,NaN,NaN,1,0,1,0,1,0,758,NaN,20260731_t1356_srsSmooth_Moretraining_B012,39,NaN,54.0429017583529,1.25832176208496,NaN,NaN,NaN,0,NaN,NaN,NaN,NaN,0
20260731_t1356_srsSmooth_Moretraining,srs_smooth_Moretraining,trial1048.mat,1048,1048,758,12,47,39,68,28,40,8,2,0,3,1,27,14683,1,2,2,1,2,1,2,1,2,1,SINGLE_T2_CORRECT,11,455,1,0,0,0,0,0,55,174,174,55,-119,174,1,180,190,0,10,180,-170,170,NaN,NaN,NaN,1785523893.91537,15715.98683524,2.26682615280151,0.0126168727874756,0.246516704559326,0.863349199295044,1.23766613006592,1.52175164222717,1.55507493019104,1.55507493019104,-1,-1,1.79022455215454,233.899831771851,284.085512161255,33.3232879638672,317.408800125122,Instruction,Left,Right,Right,Right,Right,1,0,0,0,0,NaN,NaN,NaN,NaN,NaN,NaN,NaN,NaN,0,1,1,0,0,0,759,NaN,20260731_t1356_srsSmooth_Moretraining_B012,40,NaN,54.1029068589211,1.29160833358765,NaN,NaN,NaN,0,NaN,NaN,NaN,NaN,0
20260731_t1356_srsSmooth_Moretraining,srs_smooth_Moretraining,trial1049.mat,1049,1049,759,12,48,40,68,28,40,8,2,1,6,2,52,24139,2,0,2,1,2,1,2,1,2,1,CHOSE_HIGH_SAL,1,455,1,0,0,0,0,0,75,143,143,75,-68,143,1,180,216.907918420963,333.092081579037,36.9079184209625,153.092081579037,-116.184163158075,116.184163158075,NaN,NaN,NaN,1785523897.46595,15719.53723564,2.30806374549866,0.0121841430664062,0.26276159286499,1.06309366226196,1.43724012374878,1.54639959335327,1.57964539527893,1.57964539527893,-1,-1,1.86499190330505,250.577449798584,109.159469604492,33.2458019256592,142.405271530151,Congruent,Left,Right,Right,Right,Right,0,1,1,0,1,1,0,1,1,0,1,0,0,0,1,1,0,0,1,760,280,20260731_t1356_srsSmooth_Moretraining_B012,41,1,54.1620830734571,1.28374671936035,1,2,149,0,1,1,0,0,1
20260731_t1356_srsSmooth_Moretraining,srs_smooth_Moretraining,trial1050.mat,1050,1050,760,12,49,41,68,28,40,8,2,2,7,2,57,24858,2,0,1,2,2,2,1,1,1,1,CHOSE_HIGH_SAL,1,455,1,0,0,0,0,0,42,165,165,42,-123,42,1,0,121.558650492304,68.441349507696,121.558650492304,68.441349507696,53.1173009846079,53.1173009846079,NaN,NaN,NaN,1785523901.0488,15723.11999608,2.38401579856873,0.0128085613250732,0.263522148132324,1.04667806625366,1.45453262329102,1.73832178115845,1.7716760635376,1.7716760635376,-1,-1,2.04014015197754,250.713586807251,283.789157867432,33.3542823791504,317.143440246582,Conflict,Right,Left,Right,Left,Right,0,1,0,1,1,1,1,0,1,0,0,1,0,1,0,1,0,1,1,761,281,20260731_t1356_srsSmooth_Moretraining_B012,42,2,54.2217972318331,1.27478575706482,2,1,143,1,1,0,0,1,1
20260731_t1356_srsSmooth_Moretraining,srs_smooth_Moretraining,trial1051.mat,1051,1051,761,12,50,41,68,28,40,8,2,2,7,2,57,24858,2,0,1,2,2,2,1,1,2,2,CHOSE_LOW_SAL,2,455,1,0,0,0,0,0,21,165,165,21,-144,165,1,0,121.558650492304,68.441349507696,121.558650492304,68.441349507696,53.1173009846079,53.1173009846079,NaN,NaN,NaN,1785523904.7014,15726.77259156,2.3901219367981,0.0186820030212402,0.227879285812378,1.0192244052887,1.43540406227112,1.62759280204773,1.66946387290955,1.66946387290955,-1,-1,1.92154479026794,209.197282791138,192.188739776611,41.8710708618164,234.059810638428,Conflict,Right,Left,Left,Left,Right,0,1,0,1,1,0,0,1,0,1,1,0,1,1,0,1,0,1,1,762,282,20260731_t1356_srsSmooth_Moretraining_B012,43,3,54.2826739748319,1.26858878135681,1,1,42,1,1,1,0,0,1
20260731_t1356_srsSmooth_Moretraining,srs_smooth_Moretraining,trial1052.mat,1052,1052,762,12,51,42,68,28,40,8,2,1,5,2,42,22028,2,0,1,2,2,2,2,2,2,2,CHOSE_HIGH_SAL,1,455,1,0,0,0,0,0,53,153,153,53,-100,153,1,0,44.6869682242336,145.313031775766,44.6869682242336,145.313031775766,-100.626063551533,100.626063551533,NaN,NaN,NaN,1785523908.38243,15730.45359472,2.07578015327454,0.0127954483032227,0.23838472366333,0.763503313064575,1.16284012794495,1.34714484214783,1.3802547454834,1.3802547454834,-1,-1,1.62339472770691,225.589275360107,184.304714202881,33.1099033355713,217.414617538452,Congruent,Right,Left,Left,Left,Left,0,1,1,0,1,0,0,1,1,1,1,0,0,1,0,0,0,0,1,763,283,20260731_t1356_srsSmooth_Moretraining_B012,44,4,54.344024503231,1.29090976715088,2,2,165,1,0,0,1,1,1
20260731_t1356_srsSmooth_Moretraining,srs_smooth_Moretraining,trial1053.mat,1053,1053,763,12,52,43,68,28,40,8,2,1,6,2,54,29194,2,0,2,1,2,1,2,1,1,2,CHOSE_LOW_SAL,2,455,1,0,0,0,0,0,69,191,191,69,-122,69,1,180,212.023955413254,337.976044586746,32.0239554132544,157.976044586746,-125.952089173491,125.952089173491,NaN,NaN,NaN,1785523911.76345,15733.834554,2.33615899085999,0.015244722366333,0.282472848892212,1.05755591392517,1.4486346244812,1.69087815284729,1.73249316215515,1.73249316215515,-1,-1,1.96780920028687,267.228126525879,242.243528366089,41.6150093078613,283.85853767395,Congruent,Left,Right,Left,Right,Right,0,1,1,0,1,0,1,0,0,1,0,1,1,0,1,1,0,0,1,764,284,20260731_t1356_srsSmooth_Moretraining_B012,45,5,54.4003747820854,1.30523657798767,2,2,153,1,1,0,0,1,1
20260731_t1356_srsSmooth_Moretraining,srs_smooth_Moretraining,trial1054.mat,1054,1054,764,12,53,44,68,28,40,8,2,2,8,2,63,5025,2,0,2,1,2,1,1,2,2,1,CHOSE_LOW_SAL,2,455,1,0,0,0,0,0,53,180,180,53,-127,180,1,180,308.9047459522,241.0952540478,128.9047459522,61.0952540478005,67.809491904399,67.809491904399,NaN,NaN,NaN,1785523915.36191,15737.43291052,2.37975788116455,0.0169246196746826,0.217421531677246,0.975796222686768,1.35864448547363,1.62571120262146,1.65917921066284,1.65917921066284,-1,-1,1.89446663856506,200.496912002563,267.066717147827,33.4680080413818,300.534725189209,Conflict,Left,Right,Right,Right,Left,0,1,0,1,1,1,0,1,0,0,1,0,1,0,1,0,0,1,1,765,285,20260731_t1356_srsSmooth_Moretraining_B012,46,6,54.4603491504987,1.26230311393738,1,2,69,1,1,1,0,0,1
20260731_t1356_srsSmooth_Moretraining,srs_smooth_Moretraining,trial1055.mat,1055,1055,765,12,54,45,68,28,40,8,2,2,8,2,66,1734,2,0,2,1,2,1,1,2,2,1,CHOSE_LOW_SAL,2,455,1,0,0,0,0,0,62,166,166,62,-104,166,1,180,324.364919304204,225.635080695796,144.364919304204,45.6350806957959,98.7298386084083,98.7298386084083,NaN,NaN,NaN,1785523919.04488,15741.115875,2.09661173820496,0.0174322128295898,0.209684133529663,0.743015289306641,1.13414335250854,1.3766622543335,1.40967035293579,1.40967035293579,-1,-1,1.62831234931946,192.251920700073,242.518901824951,33.0080986022949,275.527000427246,Conflict,Left,Right,Right,Right,Left,0,1,0,1,1,1,0,1,0,0,1,0,1,0,1,0,0,1,1,766,286,20260731_t1356_srsSmooth_Moretraining_B012,47,7,54.5217320044835,1.30321335792542,2,1,180,1,0,0,1,1,1
20260731_t1356_srsSmooth_Moretraining,srs_smooth_Moretraining,trial1056.mat,1056,1056,766,12,55,46,68,28,40,8,2,1,5,2,46,17764,2,0,1,2,2,2,2,2,1,1,CHOSE_LOW_SAL,2,455,1,0,0,0,0,0,68,173,173,68,-105,68,1,180,213.403766752667,336.596233247333,33.4037667526673,156.596233247333,-123.192466494665,123.192466494665,NaN,NaN,NaN,1785523922.46918,15744.54011464,2.13891792297363,0.0182676315307617,0.226990938186646,0.843663692474365,1.19331479072571,1.43534541130066,1.46869802474976,1.46869802474976,-1,-1,1.77084064483643,208.723306655884,242.030620574951,33.3526134490967,275.383234024048,Congruent,Right,Left,Right,Left,Left,0,1,1,0,1,1,1,0,0,0,0,1,1,1,0,0,0,0,1,767,287,20260731_t1356_srsSmooth_Moretraining_B012,48,8,54.5788036624591,1.32768774032593,2,1,166,1,1,0,0,1,1
20260731_t1356_srsSmooth_Moretraining,srs_smooth_Moretraining,trial1057.mat,1057,1057,767,12,56,47,68,28,40,8,2,2,7,2,59,15830,2,0,1,2,2,2,1,1,1,1,CHOSE_HIGH_SAL,1,455,1,0,0,0,0,0,42,174,174,42,-132,42,1,180,346.828912275179,203.171087724821,166.828912275179,23.171087724821,143.657824550358,143.657824550358,NaN,NaN,NaN,1785523925.89759,15747.9683886,2.13657879829407,0.0149917602539062,0.23206090927124,0.873883724212646,1.24004077911377,1.46558260917664,1.49890327453613,1.49890327453613,-1,-1,1.79314827919006,217.069149017334,225.541830062866,33.3206653594971,258.862495422363,Conflict,Right,Left,Right,Left,Right,0,1,0,1,1,1,1,0,1,0,0,1,0,1,0,1,0,1,1,768,288,20260731_t1356_srsSmooth_Moretraining_B012,49,9,54.6359438459078,1.28949308395386,1,1,68,1,0,0,1,1,1
20260731_t1356_srsSmooth_Moretraining,srs_smooth_Moretraining,trial1058.mat,1058,1058,768,12,57,47,68,28,40,8,2,2,7,2,59,15830,2,0,1,2,2,2,1,1,1,1,CHOSE_HIGH_SAL,1,455,1,0,0,0,0,0,21,174,174,21,-153,21,1,180,346.828912275179,203.171087724821,166.828912275179,23.171087724821,143.657824550358,143.657824550358,NaN,NaN,NaN,1785523929.30231,15751.37314852,2.09785151481628,0.0187451839447021,0.286028385162354,0.936169862747192,1.31046342849731,1.51963877677917,1.5529191493988,1.5529191493988,-1,-1,1.77925539016724,267.283201217651,209.17534828186,33.2803726196289,242.455720901489,Conflict,Right,Left,Right,Left,Right,0,1,0,1,1,1,1,0,1,0,0,1,0,1,0,1,0,1,1,769,289,20260731_t1356_srsSmooth_Moretraining_B012,50,10,54.6926890850067,1.26813554763794,1,1,42,1,0,0,1,1,1
20260731_t1356_srsSmooth_Moretraining,srs_smooth_Moretraining,trial1059.mat,1059,1059,769,12,58,47,68,28,40,8,2,2,7,2,59,15830,2,0,1,2,2,2,1,1,2,2,CHOSE_LOW_SAL,2,455,1,0,0,0,0,0,21,174,174,21,-153,174,1,180,346.828912275179,203.171087724821,166.828912275179,23.171087724821,143.657824550358,143.657824550358,NaN,NaN,NaN,1785523932.71408,15754.78458352,2.2113196849823,0.0154449939727783,0.232554912567139,0.832589387893677,1.21549272537231,1.39943027496338,1.43291282653809,1.43291282653809,-1,-1,1.73563385009766,217.10991859436,183.937549591064,33.482551574707,217.420101165771,Conflict,Right,Left,Left,Left,Right,0,1,0,1,1,0,0,1,0,1,1,0,1,1,0,1,0,1,1,770,290,20260731_t1356_srsSmooth_Moretraining_B012,51,11,54.7495518922806,1.3139169216156,1,1,21,1,1,1,0,0,1
20260731_t1356_srsSmooth_Moretraining,srs_smooth_Moretraining,trial1060.mat,1060,1060,770,12,59,48,68,28,40,8,2,1,6,2,48,17324,2,0,2,1,2,1,2,1,0,0,,0,11,0,1,0,0,0,0,55,166,166,55,-111,NaN,1,0,47.6617998162722,142.338200183728,47.6617998162722,142.338200183728,-94.6764003674557,94.6764003674557,NaN,NaN,NaN,1785523936.20433,15758.27497464,0.244434833526611,0.0169968605041504,0.192402124404907,-1,-1,-1,-1,-1,-1,-1,-1,175.405263900757,NaN,NaN,NaN,Congruent,Left,Right,None,Right,Right,0,1,1,0,0,NaN,NaN,NaN,NaN,NaN,NaN,NaN,NaN,0,1,1,0,0,0,770,NaN,20260731_t1356_srsSmooth_Moretraining_B012,NaN,NaN,54.8077227592468,1.27893233299255,NaN,NaN,NaN,0,NaN,NaN,NaN,NaN,0
20260731_t1356_srsSmooth_Moretraining,srs_smooth_Moretraining,trial1061.mat,1061,1061,770,12,60,48,68,28,40,8,2,2,8,2,68,8286,2,0,2,1,2,1,1,2,2,1,CHOSE_LOW_SAL,2,455,1,0,0,0,0,0,55,155,155,55,-100,155,1,180,320.638434264761,229.361565735239,140.638434264761,49.3615657352388,91.2768685295224,91.2768685295224,NaN,NaN,NaN,1785523937.63948,15759.71006308,2.39504313468933,0.0152325630187988,0.240976810455322,0.966149806976318,1.373619556427,1.63269662857056,1.67411184310913,1.67411184310913,-1,-1,1.93520975112915,225.744247436523,259.077072143555,41.4152145385742,300.492286682129,Conflict,Left,Right,Right,Right,Left,0,1,0,1,1,1,0,1,0,0,1,0,1,0,1,0,0,1,1,771,291,20260731_t1356_srsSmooth_Moretraining_B012,52,12,54.8316419998805,1.19071960449219,2,2,174,1,0,1,1,0,1
20260731_t1356_srsSmooth_Moretraining,srs_smooth_Moretraining,trial1062.mat,1062,1062,771,12,61,49,68,28,40,8,2,1,5,2,41,20480,2,0,1,2,2,2,2,2,1,1,CHOSE_LOW_SAL,2,455,1,0,0,0,0,0,45,166,166,45,-121,45,1,0,47.6705098588926,142.329490141107,47.6705098588926,142.329490141107,-94.6589802822148,94.6589802822148,NaN,NaN,NaN,1785523941.34264,15763.41314472,2.0246787071228,0.0122203826904297,0.246012449264526,0.754357576370239,1.15393137931824,1.39600944519043,1.42976069450378,1.42976069450378,-1,-1,1.68180704116821,233.792066574097,242.078065872192,33.7512493133545,275.829315185547,Congruent,Right,Left,Right,Left,Left,0,1,1,0,1,1,1,0,0,0,0,1,1,1,0,0,0,0,1,772,292,20260731_t1356_srsSmooth_Moretraining_B012,53,13,54.8933613022168,1.30811500549316,2,1,155,1,1,0,0,1,1
20260731_t1356_srsSmooth_Moretraining,srs_smooth_Moretraining,trial1063.mat,1063,1063,772,12,62,50,68,28,40,8,2,1,6,2,50,267,2,0,2,1,2,1,2,1,2,1,CHOSE_HIGH_SAL,1,455,1,0,0,0,0,0,76,156,156,76,-80,156,1,180,270.5133077976,279.4866922024,90.5133077976005,99.4866922023995,-8.97338440479905,8.97338440479905,NaN,NaN,NaN,1785523944.65622,15766.72661064,2.29477214813232,0.0154409408569336,0.274245738983154,0.824343681335449,1.23215484619141,1.49104404449463,1.53264045715332,1.53264045715332,-1,-1,1.8349723815918,258.804798126221,258.889198303223,41.5964126586914,300.485610961914,Congruent,Left,Right,Right,Right,Right,0,1,1,0,1,1,0,1,1,0,1,0,0,0,1,1,0,0,1,773,293,20260731_t1356_srsSmooth_Moretraining_B012,54,14,54.9485875765483,1.28889775276184,1,1,45,1,1,0,0,1,1
20260731_t1356_srsSmooth_Moretraining,srs_smooth_Moretraining,trial1064.mat,1064,1064,773,12,63,51,68,28,40,8,2,2,7,2,58,20976,2,0,1,2,2,2,1,1,1,1,CHOSE_HIGH_SAL,1,455,1,0,0,0,0,0,68,150,150,68,-82,68,1,0,166.981621559557,23.0183784404426,166.981621559557,23.0183784404426,143.963243119115,143.963243119115,NaN,NaN,NaN,1785523948.23966,15770.31010408,2.27806997299194,0.0154716968536377,0.232623338699341,0.933099269866943,1.39052581787109,1.61624670028687,1.65751314163208,1.65751314163208,-1,-1,1.90940451622009,217.151641845703,225.720882415771,41.2664413452148,266.987323760986,Conflict,Right,Left,Right,Left,Right,0,1,0,1,1,1,1,0,1,0,0,1,0,1,0,1,0,1,1,774,294,20260731_t1356_srsSmooth_Moretraining_B012,55,15,55.0083116292953,1.28867101669312,2,1,156,1,1,0,0,1,1
20260731_t1356_srsSmooth_Moretraining,srs_smooth_Moretraining,trial1065.mat,1065,1065,774,12,64,51,68,28,40,8,2,2,7,2,58,20976,2,0,1,2,2,2,1,1,1,1,CHOSE_HIGH_SAL,1,455,1,0,0,0,0,0,34,150,150,34,-116,34,1,0,166.981621559557,23.0183784404426,166.981621559557,23.0183784404426,143.963243119115,143.963243119115,NaN,NaN,NaN,1785523951.79188,15773.86217752,2.13445711135864,0.0133945941925049,0.138831377029419,0.864172220230103,1.27177739143372,1.48059129714966,1.52260208129883,1.52260208129883,-1,-1,1.79944396018982,125.436782836914,208.813905715942,42.0107841491699,250.824689865112,Conflict,Right,Left,Right,Left,Right,0,1,0,1,1,1,1,0,1,0,0,1,0,1,0,1,0,1,1,775,295,20260731_t1356_srsSmooth_Moretraining_B012,56,16,55.0675152341525,1.27414631843567,1,1,68,1,0,0,1,1,1
20260731_t1356_srsSmooth_Moretraining,srs_smooth_Moretraining,trial1066.mat,1066,1066,775,12,65,51,68,28,40,8,2,2,7,2,58,20976,2,0,1,2,2,2,1,1,1,1,CHOSE_HIGH_SAL,1,455,1,0,0,0,0,0,34,150,150,34,-116,34,1,0,166.981621559557,23.0183784404426,166.981621559557,23.0183784404426,143.963243119115,143.963243119115,NaN,NaN,NaN,1785523955.25089,15777.32111308,2.18342280387878,0.0128481388092041,0.296685457229614,0.9304518699646,1.27956438064575,1.505122423172,1.53847527503967,1.53847527503967,-1,-1,1.84909081459045,283.83731842041,225.558042526245,33.3528518676758,258.910894393921,Conflict,Right,Left,Right,Left,Right,0,1,0,1,1,1,1,0,1,0,0,1,0,1,0,1,0,1,1,776,296,20260731_t1356_srsSmooth_Moretraining_B012,57,17,55.1251654863358,1.32455801963806,1,1,34,1,0,0,1,1,1
20260731_t1356_srsSmooth_Moretraining,srs_smooth_Moretraining,trial1067.mat,1067,1067,776,12,66,51,68,28,40,8,2,2,7,2,58,20976,2,0,1,2,2,2,1,1,1,1,CHOSE_HIGH_SAL,1,455,1,0,0,0,0,0,34,150,150,34,-116,34,1,0,166.981621559557,23.0183784404426,166.981621559557,23.0183784404426,143.963243119115,143.963243119115,NaN,NaN,NaN,1785523958.71839,15780.78848924,2.05749011039734,0.0121479034423828,0.212848663330078,0.779556035995483,1.18719410896301,1.42116022109985,1.45439505577087,1.45439505577087,-1,-1,1.72284650802612,200.700759887695,233.966112136841,33.2348346710205,267.200946807861,Conflict,Right,Left,Right,Left,Right,0,1,0,1,1,1,1,0,1,0,0,1,0,1,0,1,0,1,1,777,297,20260731_t1356_srsSmooth_Moretraining_B012,58,18,55.182957192262,1.28407955169678,1,1,34,1,0,0,1,1,1
20260731_t1356_srsSmooth_Moretraining,srs_smooth_Moretraining,trial1069.mat,1069,1069,777,12,68,51,68,28,40,8,2,2,7,2,58,20976,2,0,1,2,2,2,1,1,1,1,CHOSE_HIGH_SAL,1,455,1,0,0,0,0,0,34,150,150,34,-116,34,1,0,166.981621559557,23.0183784404426,166.981621559557,23.0183784404426,143.963243119115,143.963243119115,NaN,NaN,NaN,1785523963.51595,15785.58602528,2.14450001716614,0.0147740840911865,0.248934745788574,0.907426834106445,1.28982305526733,1.4904522895813,1.52614521980286,1.52614521980286,-1,-1,1.80995106697083,234.160661697388,200.629234313965,35.6929302215576,236.322164535522,Conflict,Right,Left,Right,Left,Right,0,1,0,1,1,1,1,0,1,0,0,1,0,1,0,1,0,1,1,778,298,20260731_t1356_srsSmooth_Moretraining_B012,59,19,55.2629165410995,2.74007081985474,1,1,34,1,0,0,1,1,1
20260731_t1356_srsSmooth_Moretraining,srs_smooth_Moretraining,trial1070.mat,1070,1070,778,12,69,51,68,28,40,8,2,2,7,2,58,20976,2,0,1,2,2,2,1,1,2,2,CHOSE_LOW_SAL,2,455,1,0,0,0,0,0,34,150,150,34,-116,150,1,0,166.981621559557,23.0183784404426,166.981621559557,23.0183784404426,143.963243119115,143.963243119115,NaN,NaN,NaN,1785523966.96974,15789.03979476,2.11531352996826,0.0111217498779297,0.211485624313354,0.786505937576294,1.12783169746399,1.33649849891663,1.36991810798645,1.36991810798645,-1,-1,1.66385126113892,200.363874435425,208.666801452637,33.4196090698242,242.086410522461,Conflict,Right,Left,Left,Left,Right,0,1,0,1,1,0,0,1,0,1,1,0,1,1,0,1,0,1,1,779,299,20260731_t1356_srsSmooth_Moretraining_B012,60,20,55.3204796473185,1.30928635597229,1,1,34,1,1,1,0,0,1
20260731_t1356_srsSmooth_Moretraining,srs_smooth_Moretraining,trial1071.mat,1071,1071,779,12,70,52,68,28,40,8,2,1,5,2,47,7641,2,0,1,2,2,2,2,2,2,2,CHOSE_HIGH_SAL,1,455,1,0,0,0,0,0,65,160,160,65,-95,160,1,180,203.746593534305,346.253406465695,23.7465935343048,166.253406465695,-142.50681293139,142.50681293139,NaN,NaN,NaN,1785523970.39249,15792.46240952,2.25137281417847,0.0135064125061035,0.256036758422852,0.839459180831909,1.22188639640808,1.46410655975342,1.50595808029175,1.50595808029175,-1,-1,1.79133725166321,242.530345916748,242.220163345337,41.8515205383301,284.071683883667,Congruent,Right,Left,Left,Left,Left,0,1,1,0,1,0,0,1,1,1,1,0,0,1,0,0,0,0,1,780,300,20260731_t1356_srsSmooth_Moretraining_B012,61,21,55.3775254527728,1.30743479728699,2,2,150,1,0,0,1,1,1
20260731_t1356_srsSmooth_Moretraining,srs_smooth_Moretraining,trial1072.mat,1072,1072,780,12,71,53,68,28,40,8,2,2,8,2,62,21373,2,0,2,1,2,1,1,2,1,2,CHOSE_HIGH_SAL,1,455,1,0,0,0,0,0,44,147,147,44,-103,44,1,180,288.202435707511,261.797564292489,108.202435707511,81.7975642924886,26.4048714150229,26.4048714150229,NaN,NaN,NaN,1785523973.94126,15796.01108212,2.02787184715271,0.0148715972900391,0.248676776885986,0.823621273040771,1.26492047309875,1.42371225357056,1.45696401596069,1.45696401596069,-1,-1,1.68464136123657,233.805179595947,158.791780471802,33.2517623901367,192.043542861938,Conflict,Left,Right,Left,Right,Left,0,1,0,1,1,0,1,0,1,1,0,1,0,0,1,0,0,1,1,781,301,20260731_t1356_srsSmooth_Moretraining_B012,62,22,55.4366716504097,1.29739904403687,2,2,160,1,1,0,0,1,1
20260731_t1356_srsSmooth_Moretraining,srs_smooth_Moretraining,trial1073.mat,1073,1073,781,12,72,54,68,28,40,8,2,2,8,2,64,26931,2,0,2,1,2,1,1,2,0,0,,0,453,0,1,0,0,0,0,44,165,165,44,-121,NaN,1,180,308.790005799155,241.209994200845,128.790005799155,61.2099942008454,67.5800115983093,67.5800115983093,NaN,NaN,NaN,1785523977.25148,15799.32111024,1.84260368347168,0.0131120681762695,0.255561590194702,0.947043180465698,1.34649705886841,-1,-1,-1,-1,-1,-1,242.449522018433,NaN,NaN,NaN,Conflict,Left,Right,None,Right,Left,0,1,0,1,0,NaN,NaN,NaN,NaN,NaN,NaN,NaN,NaN,0,1,0,0,1,0,781,NaN,20260731_t1356_srsSmooth_Moretraining_B012,NaN,NaN,55.491842007637,1.28234958648682,NaN,NaN,NaN,0,NaN,NaN,NaN,NaN,0
20260731_t1356_srsSmooth_Moretraining,srs_smooth_Moretraining,trial1074.mat,1074,1074,781,12,73,54,68,28,40,8,2,2,8,2,64,26931,2,0,2,1,2,1,1,2,2,1,CHOSE_LOW_SAL,2,455,1,0,0,0,0,0,48,167,167,48,-119,167,1,0,106.837997562176,83.1620024378237,106.837997562176,83.1620024378237,23.6759951243525,23.6759951243525,NaN,NaN,NaN,1785523980.21355,15802.2833758,2.37206935882568,0.0178213119506836,0.243488550186157,1.01860117912292,1.40120816230774,1.63518142700195,1.67697525024414,1.67697525024414,-1,-1,1.90357136726379,225.667238235474,233.973264694214,41.7938232421875,275.767087936401,Conflict,Left,Right,Right,Right,Left,0,1,0,1,1,1,0,1,0,0,1,0,1,0,1,0,0,1,1,782,302,20260731_t1356_srsSmooth_Moretraining_B012,63,23,55.5412098725637,1.11946821212769,1,2,44,1,1,1,0,0,1
20260731_t1356_srsSmooth_Moretraining,srs_smooth_Moretraining,trial1075.mat,1075,1075,782,12,74,55,68,28,40,8,2,2,7,2,55,20584,2,0,1,2,2,2,1,1,1,1,CHOSE_HIGH_SAL,1,455,1,0,0,0,0,0,55,164,164,55,-109,55,1,0,166.927813824448,23.0721861755516,166.927813824448,23.0721861755516,143.855627648897,143.855627648897,NaN,NaN,NaN,1785523983.86751,15805.93704,2.25111198425293,0.0140049457550049,0.264801740646362,0.931596040725708,1.31405472755432,1.56452608108521,1.59789419174194,1.59789419174194,-1,-1,1.89139986038208,250.796794891357,250.471353530884,33.3681106567383,283.839464187622,Conflict,Right,Left,Right,Left,Right,0,1,0,1,1,1,1,0,1,0,0,1,0,1,0,1,0,1,1,783,303,20260731_t1356_srsSmooth_Moretraining_B012,64,24,55.6021091779073,1.28188896179199,2,1,167,1,1,0,0,1,1
20260731_t1356_srsSmooth_Moretraining,srs_smooth_Moretraining,trial1076.mat,1076,1076,783,12,75,55,68,28,40,8,2,2,7,2,55,20584,2,0,1,2,2,2,1,1,1,1,CHOSE_HIGH_SAL,1,455,1,0,0,0,0,0,28,164,164,28,-136,28,1,0,166.927813824448,23.0721861755516,166.927813824448,23.0721861755516,143.855627648897,143.855627648897,NaN,NaN,NaN,1785523987.40931,15809.4787984,2.17587375640869,0.0140151977539062,0.214475393295288,0.823163270950317,1.20572853088379,1.52306056022644,1.54797267913818,1.54797267913818,-1,-1,1.84977030754089,200.460195541382,317.332029342651,24.9121189117432,342.244148254395,Conflict,Right,Left,Right,Left,Right,0,1,0,1,1,1,1,0,1,0,0,1,0,1,0,1,0,1,1,784,304,20260731_t1356_srsSmooth_Moretraining_B012,65,25,55.6611390511195,1.29068040847778,1,1,55,1,0,0,1,1,1
20260731_t1356_srsSmooth_Moretraining,srs_smooth_Moretraining,trial1077.mat,1077,1077,784,12,76,55,68,28,40,8,2,2,7,2,55,20584,2,0,1,2,2,2,1,1,2,2,CHOSE_LOW_SAL,2,455,1,0,0,0,0,0,28,164,164,28,-136,164,1,0,166.927813824448,23.0721861755516,166.927813824448,23.0721861755516,143.855627648897,143.855627648897,NaN,NaN,NaN,1785523990.85931,15812.92877388,2.41042423248291,0.0141439437866211,0.223002195358276,0.96477222442627,1.37252998352051,1.61469912528992,1.64812755584717,1.64812755584717,-1,-1,1.94164109230042,208.858251571655,242.169141769409,33.428430557251,275.59757232666,Conflict,Right,Left,Left,Left,Right,0,1,0,1,1,0,0,1,0,1,1,0,1,1,0,1,0,1,1,785,305,20260731_t1356_srsSmooth_Moretraining_B012,66,26,55.718639143308,1.27413177490234,1,1,28,1,1,1,0,0,1
20260731_t1356_srsSmooth_Moretraining,srs_smooth_Moretraining,trial1078.mat,1078,1078,785,12,77,56,68,28,40,8,2,2,7,2,61,18285,2,0,1,2,2,2,1,1,2,2,CHOSE_LOW_SAL,2,455,1,0,0,0,0,0,47,172,172,47,-125,172,1,0,145.28867323443,44.7113267655701,145.28867323443,44.71132676557,100.57734646886,100.57734646886,NaN,NaN,NaN,1785523994.53942,15816.60893776,2.33051824569702,0.0175085067749023,0.159752130508423,0.926193714141846,1.3175585269928,1.51800894737244,1.55955767631531,1.55955767631531,-1,-1,1.85307455062866,142.243623733521,200.450420379639,41.5487289428711,241.99914932251,Conflict,Right,Left,Left,Left,Right,0,1,0,1,1,0,0,1,0,1,1,0,1,1,0,1,0,1,1,786,306,20260731_t1356_srsSmooth_Moretraining_B012,67,27,55.7799743334452,1.26968717575073,2,2,164,1,0,0,1,1,1
20260731_t1356_srsSmooth_Moretraining,srs_smooth_Moretraining,trial1079.mat,1079,1079,786,12,78,57,68,28,40,8,2,2,8,2,65,15549,2,0,2,1,2,1,1,2,1,2,CHOSE_HIGH_SAL,1,455,1,0,0,0,0,0,75,160,160,75,-85,75,1,0,114.422921161031,75.5770788389692,114.422921161031,75.5770788389692,38.8458423220617,38.8458423220617,NaN,NaN,NaN,1785523998.1508,15820.22022584,2.29326224327087,0.014606237411499,0.290303707122803,0.989959716796875,1.34799146652222,1.56521415710449,1.60688424110413,1.60688424110413,-1,-1,1.91739940643311,275.697469711304,217.222690582275,41.6700839996338,258.892774581909,Conflict,Left,Right,Left,Right,Left,0,1,0,1,1,0,1,0,1,1,0,1,0,0,1,0,0,1,1,787,307,20260731_t1356_srsSmooth_Moretraining_B012,68,28,55.8401639183362,1.28085684776306,2,2,172,1,1,0,0,1,1
20260731_t1356_srsSmooth_Moretraining,srs_smooth_Moretraining,trial1080.mat,1080,1080,787,12,79,58,68,28,40,8,2,1,5,2,45,4481,2,0,1,2,2,2,2,2,2,2,CHOSE_HIGH_SAL,1,455,1,0,0,0,0,0,69,156,156,69,-87,156,1,180,192.715608127794,357.284391872206,12.7156081277944,177.284391872206,-164.568783744411,164.568783744411,NaN,NaN,NaN,1785524001.72829,15823.7974882,2.07451891899109,0.0122499465942383,0.187603950500488,0.745980024337769,1.1289598941803,1.32934880256653,1.36268472671509,1.36268472671509,-1,-1,1.61495208740234,175.35400390625,200.38890838623,33.3359241485596,233.72483253479,Congruent,Right,Left,Left,Left,Left,0,1,1,0,1,0,0,1,1,1,1,0,0,1,0,0,0,0,1,788,308,20260731_t1356_srsSmooth_Moretraining_B012,69,29,55.8997888286908,1.28423237800598,1,2,75,1,1,0,0,1,1
20260731_t1356_srsSmooth_Moretraining,srs_smooth_Moretraining,trial1081.mat,1081,1081,788,12,80,59,68,28,40,8,2,2,7,2,60,5479,2,0,1,2,2,2,1,1,2,2,CHOSE_LOW_SAL,2,455,1,0,0,0,0,0,55,138,138,55,-83,138,1,180,318.74425421161,231.25574578839,138.74425421161,51.2557457883904,87.4885084232191,87.4885084232191,NaN,NaN,NaN,1785524005.07074,15827.140058,2.4411416053772,0.0115993022918701,0.2538161277771,1.02879118919373,1.46165537834167,1.67052364349365,1.71247410774231,1.71247410774231,-1,-1,2.00571393966675,242.216825485229,208.868265151978,41.9504642486572,250.818729400635,Conflict,Right,Left,Left,Left,Right,0,1,0,1,1,0,0,1,0,1,1,0,1,1,0,1,0,1,1,789,309,20260731_t1356_srsSmooth_Moretraining_B012,70,30,55.9554962714513,1.26792764663696,2,2,156,1,0,0,1,1,1
20260731_t1356_srsSmooth_Moretraining,srs_smooth_Moretraining,trial1082.mat,1082,1082,789,12,81,60,68,28,40,8,2,1,5,2,44,11638,2,0,1,2,2,2,2,2,2,2,CHOSE_HIGH_SAL,1,455,1,0,0,0,0,0,46,170,170,46,-124,170,1,0,15.1550301304299,174.84496986957,15.1550301304299,174.84496986957,-159.68993973914,159.68993973914,NaN,NaN,NaN,1785524008.80022,15830.86934328,2.36164736747742,0.0155963897705078,0.283056497573853,1.02476119995117,1.45731854438782,1.62476515769958,1.64978456497192,1.64978456497192,-1,-1,1.8941068649292,267.460107803345,167.446613311768,25.0194072723389,192.466020584106,Congruent,Right,Left,Left,Left,Left,0,1,1,0,1,0,0,1,1,1,1,0,0,1,0,0,0,0,1,790,310,20260731_t1356_srsSmooth_Moretraining_B012,71,31,56.0176542838415,1.28833913803101,2,2,138,1,0,0,1,1,1
20260731_t1356_srsSmooth_Moretraining,srs_smooth_Moretraining,trial1083.mat,1083,1083,790,12,82,61,68,28,40,8,2,1,6,2,49,31711,2,0,2,1,2,1,2,1,0,0,,0,11,0,1,0,0,0,0,37,158,158,37,-121,NaN,1,0,25.9919549566847,164.008045043315,25.9919549566847,164.008045043315,-138.016090086631,138.016090086631,NaN,NaN,NaN,1785524012.43542,15834.50454532,1.20880031585693,0.0138685703277588,0.281326055526733,0.856118679046631,-1,-1,-1,-1,-1,-1,-1,267.457485198975,NaN,NaN,NaN,Congruent,Left,Right,None,Right,Right,0,1,1,0,0,NaN,NaN,NaN,NaN,NaN,NaN,NaN,NaN,0,1,1,0,0,0,790,NaN,20260731_t1356_srsSmooth_Moretraining_B012,NaN,NaN,56.0782409787178,1.27355432510376,NaN,NaN,NaN,0,NaN,NaN,NaN,NaN,0
20260731_t1356_srsSmooth_Moretraining,srs_smooth_Moretraining,trial1084.mat,1084,1084,790,12,83,61,68,28,40,8,2,1,6,2,53,29140,2,0,2,1,2,1,2,1,1,2,CHOSE_LOW_SAL,2,455,1,0,0,0,0,0,62,147,147,62,-85,62,1,0,74.4649170006973,115.535082999303,74.4649170006973,115.535082999303,-41.0701659986054,41.0701659986054,NaN,NaN,NaN,1785524014.83336,15836.90249172,2.16151857376099,0.0160248279571533,0.216450929641724,0.874908208847046,1.26607275009155,1.5082311630249,1.54155302047729,1.54155302047729,-1,-1,1.80191779136658,200.42610168457,242.15841293335,33.3218574523926,275.480270385742,Congruent,Left,Right,Left,Right,Right,0,1,1,0,1,0,1,0,0,1,0,1,1,0,1,1,0,0,1,791,311,20260731_t1356_srsSmooth_Moretraining_B012,72,32,56.1182065963745,1.18913674354553,2,2,170,1,1,0,0,1,1
20260731_t1356_srsSmooth_Moretraining,srs_smooth_Moretraining,trial1085.mat,1085,1085,791,12,84,62,68,28,40,8,2,1,6,2,49,31711,2,0,2,1,2,1,2,1,1,2,CHOSE_LOW_SAL,2,455,1,0,0,0,0,0,43,130,130,43,-87,43,1,0,10.5533614151553,179.446638584845,10.5533614151553,179.446638584845,-168.893277169689,168.893277169689,NaN,NaN,NaN,1785524018.27892,15840.34790208,2.24964690208435,0.012258768081665,0.212647914886475,0.979322910308838,1.37064480781555,1.62115001678467,1.65447235107422,1.65447235107422,-1,-1,1.90664529800415,200.38914680481,250.505208969116,33.3223342895508,283.827543258667,Congruent,Left,Right,Left,Right,Right,0,1,1,0,1,0,1,0,0,1,0,1,1,0,1,1,0,0,1,792,312,20260731_t1356_srsSmooth_Moretraining_B012,73,33,56.175632695357,1.2840473651886,1,2,62,1,0,0,1,1,1
20260731_t1356_srsSmooth_Moretraining,srs_smooth_Moretraining,trial1086.mat,1086,1086,792,12,85,63,68,28,40,8,2,1,6,2,48,17324,2,0,2,1,2,1,2,1,2,1,CHOSE_HIGH_SAL,1,455,1,0,0,0,0,0,44,176,176,44,-132,176,1,180,196.037864843665,353.962135156335,16.0378648436654,173.962135156335,-157.924270312669,157.924270312669,NaN,NaN,NaN,1785524021.81139,15843.88029056,2.08408093452454,0.0132598876953125,0.222100734710693,0.730446100234985,1.13830375671387,1.34711599349976,1.38035488128662,1.38035488128662,-1,-1,1.60737037658691,208.840847015381,208.812236785889,33.2388877868652,242.051124572754,Congruent,Left,Right,Right,Right,Right,0,1,1,0,1,1,0,1,1,0,1,0,0,0,1,1,0,0,1,793,313,20260731_t1356_srsSmooth_Moretraining_B012,74,34,56.2345071792603,1.2828221321106,1,2,43,1,1,1,0,0,1
20260731_t1356_srsSmooth_Moretraining,srs_smooth_Moretraining,trial1087.mat,1087,1087,793,12,86,64,68,28,40,8,2,2,7,2,56,21760,2,0,1,2,2,2,1,1,1,1,CHOSE_HIGH_SAL,1,455,1,0,0,0,0,0,36,166,166,36,-130,36,1,0,143.836114389048,46.1638856109525,143.836114389048,46.1638856109525,97.6722287780951,97.6722287780951,NaN,NaN,NaN,1785524025.15363,15847.22254392,2.35858178138733,0.0128228664398193,0.296670913696289,1.07989859580994,1.44621109962463,1.7300238609314,1.77184581756592,1.77184581756592,-1,-1,2.02373552322388,283.84804725647,283.812761306763,41.8219566345215,325.634717941284,Conflict,Right,Left,Right,Left,Right,0,1,0,1,1,1,1,0,1,0,0,1,0,1,0,1,0,1,1,794,314,20260731_t1356_srsSmooth_Moretraining_B012,75,35,56.2902110735575,1.25815272331238,2,1,176,1,1,0,0,1,1
20260731_t1356_srsSmooth_Moretraining,srs_smooth_Moretraining,trial1088.mat,1088,1088,794,12,87,64,68,28,40,8,2,2,7,2,56,21760,2,0,1,2,2,2,1,1,1,1,CHOSE_HIGH_SAL,1,455,1,0,0,0,0,0,18,166,166,18,-148,18,1,0,143.836114389048,46.1638856109525,143.836114389048,46.1638856109525,97.6722287780951,97.6722287780951,NaN,NaN,NaN,1785524028.78926,15850.85793336,2.11477017402649,0.0189943313598633,0.219398021697998,0.869417428970337,1.25237512588501,1.47796225547791,1.51937294006348,1.51937294006348,-1,-1,1.79654574394226,200.403690338135,225.587129592896,41.4106845855713,266.997814178467,Conflict,Right,Left,Right,Left,Right,0,1,0,1,1,1,1,0,1,0,0,1,0,1,0,1,0,1,1,795,315,20260731_t1356_srsSmooth_Moretraining_B012,76,36,56.3508050203323,1.27705502510071,1,1,36,1,0,0,1,1,1
20260731_t1356_srsSmooth_Moretraining,srs_smooth_Moretraining,trial1089.mat,1089,1089,795,12,88,64,68,28,40,8,2,2,7,2,56,21760,2,0,1,2,2,2,1,1,1,1,CHOSE_HIGH_SAL,1,455,1,0,0,0,0,0,18,166,166,18,-148,18,1,0,143.836114389048,46.1638856109525,143.836114389048,46.1638856109525,97.6722287780951,97.6722287780951,NaN,NaN,NaN,1785524032.18193,15854.25064884,1.98040318489075,0.0181255340576172,0.235121726989746,0.860391855239868,1.28484129905701,1.32713341712952,1.368821144104,1.368821144104,-1,-1,1.66245102882385,216.996192932129,42.2921180725098,41.6877269744873,83.9798450469971,Conflict,Right,Left,Right,Left,Right,0,1,0,1,1,1,1,0,1,0,0,1,0,1,0,1,0,1,1,796,316,20260731_t1356_srsSmooth_Moretraining_B012,77,37,56.4073494672775,1.27789664268494,1,1,18,1,0,0,1,1,1
20260731_t1356_srsSmooth_Moretraining,srs_smooth_Moretraining,trial1090.mat,1090,1090,796,12,89,64,68,28,40,8,2,2,7,2,56,21760,2,0,1,2,2,2,1,1,1,1,CHOSE_HIGH_SAL,1,455,1,0,0,0,0,0,18,166,166,18,-148,18,1,0,143.836114389048,46.1638856109525,143.836114389048,46.1638856109525,97.6722287780951,97.6722287780951,NaN,NaN,NaN,1785524035.44642,15857.51513492,2.11649131774902,0.012092113494873,0.179439544677734,0.937587738037109,1.32047605514526,1.52097368240356,1.56274890899658,1.56274890899658,-1,-1,1.79840540885925,167.347431182861,200.497627258301,41.7752265930176,242.272853851318,Conflict,Right,Left,Right,Left,Right,0,1,0,1,1,1,1,0,1,0,0,1,0,1,0,1,0,1,1,797,317,20260731_t1356_srsSmooth_Moretraining_B012,78,38,56.4617576917013,1.28409028053284,1,1,18,1,0,0,1,1,1
20260731_t1356_srsSmooth_Moretraining,srs_smooth_Moretraining,trial1091.mat,1091,1091,797,12,90,64,68,28,40,8,2,2,7,2,56,21760,2,0,1,2,2,2,1,1,2,2,CHOSE_LOW_SAL,2,455,1,0,0,0,0,0,18,166,166,18,-148,166,1,0,143.836114389048,46.1638856109525,143.836114389048,46.1638856109525,97.6722287780951,97.6722287780951,NaN,NaN,NaN,1785524038.85687,15860.92544188,2.24739480018616,0.0184426307678223,0.302472829818726,0.860921859741211,1.21848964691162,1.43556594848633,1.47742486000061,1.47742486000061,-1,-1,1.77909398078918,284.030199050903,217.076301574707,41.8589115142822,258.935213088989,Conflict,Right,Left,Left,Left,Right,0,1,0,1,1,0,0,1,0,1,1,0,1,1,0,1,0,1,1,798,318,20260731_t1356_srsSmooth_Moretraining_B012,79,39,56.5185984969139,1.29395699501038,1,1,18,1,1,1,0,0,1
20260731_t1356_srsSmooth_Moretraining,srs_smooth_Moretraining,trial1092.mat,1092,1092,798,12,91,65,68,28,40,8,2,2,8,2,67,3041,2,0,2,1,2,1,1,2,1,2,CHOSE_HIGH_SAL,1,455,1,0,0,0,0,0,67,169,169,67,-102,67,1,180,340.07275138649,209.92724861351,160.07275138649,29.9272486135103,130.145502772979,130.145502772979,NaN,NaN,NaN,1785524042.37868,15864.44726864,2.05067539215088,0.0134363174438477,0.247550487518311,1.0475811958313,1.41349029541016,1.40588974952698,1.43095660209656,1.43095660209656,-1,-1,1.6827085018158,234.114170074463,NaN,25.0668525695801,17.4663066864014,Conflict,Left,Right,Left,Right,Left,0,1,0,1,1,0,1,0,1,1,0,1,0,0,1,0,0,1,1,799,319,20260731_t1356_srsSmooth_Moretraining_B012,80,40,56.5772953391075,1.27441573143005,2,2,166,1,1,0,0,1,1
20260731_t1356_srsSmooth_Moretraining,srs_smooth_Moretraining,trial1093.mat,1093,1093,799,12,92,66,68,28,40,8,2,1,6,2,51,15021,2,0,2,1,2,1,2,1,1,2,CHOSE_LOW_SAL,2,455,1,0,0,0,0,0,64,153,153,64,-89,64,1,0,31.1065951104321,158.893404889568,31.1065951104321,158.893404889568,-127.786809779136,127.786809779136,NaN,NaN,NaN,1785524045.71497,15867.78344748,2.2900071144104,0.0106127262115479,0.244360446929932,0.986282110214233,1.38566541671753,1.58648300170898,1.61130905151367,1.61130905151367,-1,-1,1.92129230499268,233.747720718384,200.817584991455,24.8260498046875,225.643634796143,Congruent,Left,Right,Left,Right,Right,0,1,1,0,1,0,1,0,0,1,0,1,1,0,1,1,0,0,1,800,320,20260731_t1356_srsSmooth_Moretraining_B012,81,41,56.6329001148542,1.28561115264893,1,2,67,1,0,0,1,1,1
20260731_t1356_srsSmooth_Moretraining,srs_smooth_Moretraining,trial1094.mat,1094,1094,800,12,93,67,68,28,40,8,2,1,5,2,43,9203,2,0,1,2,2,2,2,2,2,2,CHOSE_HIGH_SAL,1,455,1,0,0,0,0,0,40,171,171,40,-131,171,1,0,80.6844098305248,109.315590169475,80.6844098305248,109.315590169475,-28.6311803389503,28.6311803389503,NaN,NaN,NaN,1785524049.28913,15871.35737632,2.27390313148499,0.0115864276885986,0.245507478713989,0.878852844238281,1.29496932029724,1.46219277381897,1.495450258255,1.495450258255,-1,-1,1.80557012557983,233.921051025391,167.223453521729,33.2574844360352,200.480937957764,Congruent,Right,Left,Left,Left,Left,0,1,1,0,1,0,0,1,1,1,1,0,0,1,0,0,0,0,1,801,321,20260731_t1356_srsSmooth_Moretraining_B012,82,42,56.6924695372581,1.28415822982788,1,2,64,1,1,0,0,1,1
20260731_t1356_srsSmooth_Moretraining,srs_smooth_Moretraining,trial1095.mat,1095,1095,801,13,1,0,56,16,40,8,1,0,2,1,20,8563,1,1,2,1,1,2,1,2,1,2,SINGLE_T1_CORRECT,10,455,1,0,0,0,0,0,141,63,141,63,78,141,1,0,180,10,180,10,170,170,NaN,NaN,NaN,1785524052.83694,15874.90507824,2.33489418029785,0.0139174461364746,0.272894144058228,0.881411552429199,1.30563426017761,1.54776406288147,1.58145833015442,1.58145833015442,-1,-1,1.89118432998657,258.976697921753,242.129802703857,33.6942672729492,275.824069976807,Instruction,Left,Right,Left,Left,Left,1,0,0,0,0,NaN,NaN,NaN,NaN,NaN,NaN,NaN,NaN,0,0,0,1,1,0,802,NaN,20260731_t1356_srsSmooth_Moretraining_B013,1,NaN,56.7515996535619,1.27390384674072,NaN,NaN,NaN,0,NaN,NaN,NaN,NaN,0
20260731_t1356_srsSmooth_Moretraining,srs_smooth_Moretraining,trial1096.mat,1096,1096,802,13,2,1,56,16,40,8,1,0,4,1,31,32033,1,2,1,2,1,1,2,2,2,2,SINGLE_T2_CORRECT,11,455,1,0,0,0,0,0,165,60,165,60,105,60,1,180,190,0,10,180,-170,170,NaN,NaN,NaN,1785524056.43832,15878.50641976,2.24149036407471,0.012678861618042,0.27963924407959,1.03805470466614,1.39606595039368,1.6301429271698,1.66341066360474,1.66341066360474,-1,-1,1.88208031654358,266.960382461548,234.076976776123,33.2677364349365,267.34471321106,Instruction,Right,Left,Left,Right,Left,1,0,0,0,0,NaN,NaN,NaN,NaN,NaN,NaN,NaN,NaN,1,1,0,1,0,0,803,NaN,20260731_t1356_srsSmooth_Moretraining_B013,2,NaN,56.8116226434708,1.2664852142334,NaN,NaN,NaN,0,NaN,NaN,NaN,NaN,0
20260731_t1356_srsSmooth_Moretraining,srs_smooth_Moretraining,trial1097.mat,1097,1097,803,13,3,2,56,16,40,8,1,0,1,1,3,21144,1,1,1,2,1,1,1,1,1,1,SINGLE_T1_CORRECT,10,455,1,0,0,0,0,0,156,61,156,61,95,156,1,180,0,190,180,10,170,170,NaN,NaN,NaN,1785524059.97333,15882.04131768,2.29851818084717,0.0111455917358398,0.211813449859619,0.861910581588745,1.32786345481873,1.53682661056519,1.57861375808716,1.57861375808716,-1,-1,1.83886098861694,200.667858123779,208.96315574646,41.7871475219727,250.750303268433,Instruction,Right,Left,Right,Right,Right,1,0,0,0,0,NaN,NaN,NaN,NaN,NaN,NaN,NaN,NaN,1,1,1,1,1,0,804,NaN,20260731_t1356_srsSmooth_Moretraining_B013,3,NaN,56.8705393830935,1.29351401329041,NaN,NaN,NaN,0,NaN,NaN,NaN,NaN,0
20260731_t1356_srsSmooth_Moretraining,srs_smooth_Moretraining,trial1098.mat,1098,1098,804,13,4,3,56,16,40,8,1,0,1,1,7,28287,1,1,1,2,1,1,1,1,1,1,SINGLE_T1_CORRECT,10,455,1,0,0,0,0,0,188,74,188,74,114,188,1,180,0,190,180,10,170,170,NaN,NaN,NaN,1785524063.56327,15885.63130104,2.30009651184082,0.0130109786987305,0.246911525726318,0.880404710769653,1.2630603313446,1.53056311607361,1.56384778022766,1.56384778022766,-1,-1,1.81549429893494,233.900547027588,267.502784729004,33.2846641540527,300.787448883057,Instruction,Right,Left,Right,Right,Right,1,0,0,0,0,NaN,NaN,NaN,NaN,NaN,NaN,NaN,NaN,1,1,1,1,1,0,805,NaN,20260731_t1356_srsSmooth_Moretraining_B013,4,NaN,56.9303717374802,1.29142308235168,NaN,NaN,NaN,0,NaN,NaN,NaN,NaN,0
20260731_t1356_srsSmooth_Moretraining,srs_smooth_Moretraining,trial1100.mat,1100,1100,805,13,6,4,56,16,40,8,1,0,2,1,17,24062,1,1,2,1,1,2,1,2,1,2,SINGLE_T1_CORRECT,10,455,1,0,0,0,0,0,174,56,174,56,118,174,1,0,180,10,180,10,170,170,NaN,NaN,NaN,1785524068.60788,15890.6758414,2.24835538864136,0.0185980796813965,0.260933876037598,0.869254112243652,1.27698135375977,1.51924753189087,1.55265474319458,1.55265474319458,-1,-1,1.77139258384705,242.335796356201,242.266178131104,33.4072113037109,275.673389434814,Instruction,Left,Right,Left,Left,Left,1,0,0,0,0,NaN,NaN,NaN,NaN,NaN,NaN,NaN,NaN,0,0,0,1,1,0,806,NaN,20260731_t1356_srsSmooth_Moretraining_B013,5,NaN,57.0144485712051,2.74451351165771,NaN,NaN,NaN,0,NaN,NaN,NaN,NaN,0
20260731_t1356_srsSmooth_Moretraining,srs_smooth_Moretraining,trial1101.mat,1101,1101,806,13,7,5,56,16,40,8,1,0,2,1,18,2687,1,1,2,1,1,2,1,2,1,2,SINGLE_T1_CORRECT,10,455,1,0,0,0,0,0,187,52,187,52,135,187,1,0,180,10,180,10,170,170,NaN,NaN,NaN,1785524072.1525,15894.22038792,2.34582376480103,0.015784740447998,0.249888896942139,0.983248233795166,1.36583757400513,1.58335876464844,1.61674523353577,1.61674523353577,-1,-1,1.86095762252808,234.104156494141,217.521190643311,33.3864688873291,250.90765953064,Instruction,Left,Right,Left,Left,Left,1,0,0,0,0,NaN,NaN,NaN,NaN,NaN,NaN,NaN,NaN,0,0,0,1,1,0,807,NaN,20260731_t1356_srsSmooth_Moretraining_B013,6,NaN,57.0735255479813,1.29626321792603,NaN,NaN,NaN,0,NaN,NaN,NaN,NaN,0
20260731_t1356_srsSmooth_Moretraining,srs_smooth_Moretraining,trial1102.mat,1102,1102,807,13,8,6,56,16,40,8,1,0,1,1,4,6125,1,1,1,2,1,1,1,1,1,1,SINGLE_T1_CORRECT,10,455,1,0,0,0,0,0,173,60,173,60,113,173,1,0,180,10,180,10,170,170,NaN,NaN,NaN,1785524075.77078,15897.8385798,2.26860666275024,0.0143039226531982,0.289879322052002,0.914692163467407,1.28101992607117,1.53164315223694,1.57307744026184,1.57307744026184,-1,-1,1.79172539710999,275.575399398804,250.623226165771,41.4342880249023,292.057514190674,Instruction,Right,Left,Right,Right,Right,1,0,0,0,0,NaN,NaN,NaN,NaN,NaN,NaN,NaN,NaN,1,1,1,1,1,0,808,NaN,20260731_t1356_srsSmooth_Moretraining_B013,7,NaN,57.1338303605715,1.27246499061584,NaN,NaN,NaN,0,NaN,NaN,NaN,NaN,0
20260731_t1356_srsSmooth_Moretraining,srs_smooth_Moretraining,trial1103.mat,1103,1103,808,13,9,7,56,16,40,8,1,0,2,1,11,14449,1,1,2,1,1,2,1,2,1,2,SINGLE_T1_CORRECT,10,455,1,0,0,0,0,0,183,54,183,54,129,183,1,0,180,10,180,10,170,170,NaN,NaN,NaN,1785524079.30411,15901.37184344,2.31026482582092,0.014446496963501,0.26514720916748,0.898470163345337,1.24782752990723,1.48196172714233,1.5232105255127,1.5232105255127,-1,-1,1.82527184486389,250.700712203979,234.134197235107,41.2487983703613,275.382995605469,Instruction,Left,Right,Left,Left,Left,1,0,0,0,0,NaN,NaN,NaN,NaN,NaN,NaN,NaN,NaN,0,0,0,1,1,0,809,NaN,20260731_t1356_srsSmooth_Moretraining_B013,8,NaN,57.1927191853523,1.26472282409668,NaN,NaN,NaN,0,NaN,NaN,NaN,NaN,0
20260731_t1356_srsSmooth_Moretraining,srs_smooth_Moretraining,trial1104.mat,1104,1104,809,13,10,8,56,16,40,8,1,0,3,1,22,13964,1,2,2,1,1,2,2,1,2,1,SINGLE_T2_CORRECT,11,455,1,0,0,0,0,0,163,74,163,74,89,74,1,0,10,180,10,180,-170,170,NaN,NaN,NaN,1785524082.88671,15904.95441172,2.352858543396,0.0153238773345947,0.257548570632935,1.03239488601685,1.42371273040771,1.65754818916321,1.69907689094543,1.69907689094543,-1,-1,1.97608971595764,242.22469329834,233.835458755493,41.5287017822266,275.36416053772,Instruction,Left,Right,Right,Left,Right,1,0,0,0,0,NaN,NaN,NaN,NaN,NaN,NaN,NaN,NaN,0,0,1,1,0,0,810,NaN,20260731_t1356_srsSmooth_Moretraining_B013,9,NaN,57.2524291117986,1.27233076095581,NaN,NaN,NaN,0,NaN,NaN,NaN,NaN,0
20260731_t1356_srsSmooth_Moretraining,srs_smooth_Moretraining,trial1105.mat,1105,1105,810,13,11,9,56,16,40,8,1,0,2,1,14,7990,1,1,2,1,1,2,1,2,1,2,SINGLE_T1_CORRECT,10,455,1,0,0,0,0,0,172,44,172,44,128,172,1,0,180,10,180,10,170,170,NaN,NaN,NaN,1785524086.49901,15908.56646144,2.22382283210754,0.0114972591400146,0.178893566131592,0.812323331832886,1.23654532432556,1.46213722229004,1.49536395072937,1.49536395072937,-1,-1,1.74746298789978,167.396306991577,225.591897964478,33.2267284393311,258.818626403809,Instruction,Left,Right,Left,Left,Left,1,0,0,0,0,NaN,NaN,NaN,NaN,NaN,NaN,NaN,NaN,0,0,0,1,1,0,811,NaN,20260731_t1356_srsSmooth_Moretraining_B013,10,NaN,57.3126341382662,1.25944304466248,NaN,NaN,NaN,0,NaN,NaN,NaN,NaN,0
20260731_t1356_srsSmooth_Moretraining,srs_smooth_Moretraining,trial1108.mat,1108,1108,811,13,14,10,56,16,40,8,1,0,3,1,24,17155,1,2,2,1,1,2,2,1,2,1,SINGLE_T2_CORRECT,11,455,1,0,0,0,0,0,182,61,182,61,121,61,1,180,190,0,10,180,-170,170,NaN,NaN,NaN,1785524092.9745,15915.04199664,2.13218402862549,0.0195932388305664,0.0207433700561523,0.695382356643677,1.12797021865845,1.43677687644958,1.47035813331604,1.47035813331604,-1,-1,1.77219796180725,1.15013122558594,308.806657791138,33.5812568664551,342.387914657593,Instruction,Left,Right,Right,Left,Right,1,0,0,0,0,NaN,NaN,NaN,NaN,NaN,NaN,NaN,NaN,0,0,1,1,0,0,812,NaN,20260731_t1356_srsSmooth_Moretraining_B013,11,NaN,57.420558989048,4.25166821479797,NaN,NaN,NaN,0,NaN,NaN,NaN,NaN,0
20260731_t1356_srsSmooth_Moretraining,srs_smooth_Moretraining,trial1109.mat,1109,1109,812,13,15,11,56,16,40,8,1,0,4,1,33,15721,1,2,1,2,1,1,2,2,2,2,SINGLE_T2_CORRECT,11,455,1,0,0,0,0,0,160,63,160,63,97,63,1,0,10,180,10,180,-170,170,NaN,NaN,NaN,1785524096.41248,15918.47990368,2.23600816726685,0.0150802135467529,0.207186698913574,0.949119091033936,1.34013199806213,1.5823278427124,1.62432026863098,1.62432026863098,-1,-1,1.87623119354248,192.106485366821,242.195844650269,41.9924259185791,284.188270568848,Instruction,Right,Left,Left,Right,Left,1,0,0,0,0,NaN,NaN,NaN,NaN,NaN,NaN,NaN,NaN,1,1,0,1,0,0,813,NaN,20260731_t1356_srsSmooth_Moretraining_B013,12,NaN,57.4778586705526,1.30579686164856,NaN,NaN,NaN,0,NaN,NaN,NaN,NaN,0
20260731_t1356_srsSmooth_Moretraining,srs_smooth_Moretraining,trial1110.mat,1110,1110,813,13,16,12,56,16,40,8,1,0,3,1,26,7759,1,2,2,1,1,2,2,1,2,1,SINGLE_T2_CORRECT,11,455,1,0,0,0,0,0,145,47,145,47,98,47,1,180,190,0,10,180,-170,170,NaN,NaN,NaN,1785524099.92142,15921.98884968,2.21901702880859,0.014615535736084,0.265255689620972,0.948657274246216,1.28966569900513,1.5902693271637,1.62373471260071,1.62373471260071,-1,-1,1.86766481399536,250.640153884888,300.603628158569,33.4653854370117,334.069013595581,Instruction,Left,Right,Right,Left,Right,1,0,0,0,0,NaN,NaN,NaN,NaN,NaN,NaN,NaN,NaN,0,0,1,1,0,0,814,NaN,20260731_t1356_srsSmooth_Moretraining_B013,13,NaN,57.5363409320513,1.2729275226593,NaN,NaN,NaN,0,NaN,NaN,NaN,NaN,0
20260731_t1356_srsSmooth_Moretraining,srs_smooth_Moretraining,trial1111.mat,1111,1111,814,13,17,13,56,16,40,8,1,0,4,1,39,28647,1,2,1,2,1,1,2,2,2,2,SINGLE_T2_CORRECT,11,455,1,0,0,0,0,0,165,66,165,66,99,66,1,0,10,180,10,180,-170,170,NaN,NaN,NaN,1785524103.4192,15925.48638932,2.31253814697266,0.0169684886932373,0.242409467697144,1.00908350944519,1.37535548210144,1.60912895202637,1.64242339134216,1.64242339134216,-1,-1,1.94425392150879,225.440979003906,233.773469924927,33.2944393157959,267.067909240723,Instruction,Right,Left,Left,Right,Left,1,0,0,0,0,NaN,NaN,NaN,NaN,NaN,NaN,NaN,NaN,1,1,0,1,0,0,815,NaN,20260731_t1356_srsSmooth_Moretraining_B013,14,NaN,57.5946373343468,1.27876710891724,NaN,NaN,NaN,0,NaN,NaN,NaN,NaN,0
20260731_t1356_srsSmooth_Moretraining,srs_smooth_Moretraining,trial1112.mat,1112,1112,815,13,18,14,56,16,40,8,1,0,1,1,5,15389,1,1,1,2,1,1,1,1,1,1,SINGLE_T1_CORRECT,10,455,1,0,0,0,0,0,157,88,157,88,69,157,1,0,180,10,180,10,170,170,NaN,NaN,NaN,1785524107.02092,15929.08815812,2.394770860672,0.0153896808624268,0.232599258422852,0.899277448654175,1.2737729549408,1.58265781402588,1.62451577186584,1.62451577186584,-1,-1,1.93490719795227,217.209577560425,308.884859085083,41.8579578399658,350.742816925049,Instruction,Right,Left,Right,Right,Right,1,0,0,0,0,NaN,NaN,NaN,NaN,NaN,NaN,NaN,NaN,1,1,1,1,1,0,816,NaN,20260731_t1356_srsSmooth_Moretraining_B013,15,NaN,57.6546660105387,1.28918242454529,NaN,NaN,NaN,0,NaN,NaN,NaN,NaN,0
20260731_t1356_srsSmooth_Moretraining,srs_smooth_Moretraining,trial1113.mat,1113,1113,816,13,19,15,56,16,40,8,1,0,4,1,34,1041,1,2,1,2,1,1,2,2,2,2,SINGLE_T2_CORRECT,11,455,1,0,0,0,0,0,170,45,170,45,125,45,1,180,190,0,10,180,-170,170,NaN,NaN,NaN,1785524110.69618,15932.76333268,1.9606773853302,0.0152766704559326,0.182334184646606,0.724039554595947,1.09865283966064,1.31570243835449,1.35733199119568,1.35733199119568,-1,-1,1.61794281005859,167.057514190674,217.049598693848,41.6295528411865,258.679151535034,Instruction,Right,Left,Left,Right,Left,1,0,0,0,0,NaN,NaN,NaN,NaN,NaN,NaN,NaN,NaN,1,1,0,1,0,0,817,NaN,20260731_t1356_srsSmooth_Moretraining_B013,16,NaN,57.7159202973048,1.28048634529114,NaN,NaN,NaN,0,NaN,NaN,NaN,NaN,0
20260731_t1356_srsSmooth_Moretraining,srs_smooth_Moretraining,trial1114.mat,1114,1114,817,13,20,16,56,16,40,8,1,0,1,1,1,13218,1,1,1,2,1,1,1,1,1,1,SINGLE_T1_CORRECT,10,455,1,0,0,0,0,0,170,64,170,64,106,170,1,180,0,190,180,10,170,170,NaN,NaN,NaN,1785524113.92543,15935.99252864,2.34051942825317,0.0111494064331055,0.24526309967041,0.895214796066284,1.28619956970215,1.52022790908813,1.56158757209778,1.56158757209778,-1,-1,1.87236881256104,234.113693237305,234.028339385986,41.3596630096436,275.38800239563,Instruction,Right,Left,Right,Right,Right,1,0,0,0,0,NaN,NaN,NaN,NaN,NaN,NaN,NaN,NaN,1,1,1,1,1,0,818,NaN,20260731_t1356_srsSmooth_Moretraining_B013,17,NaN,57.7697412014008,1.26857686042786,NaN,NaN,NaN,0,NaN,NaN,NaN,NaN,0
20260731_t1356_srsSmooth_Moretraining,srs_smooth_Moretraining,trial1115.mat,1115,1115,818,13,21,17,56,16,40,8,1,0,2,1,15,11600,1,1,2,1,1,2,1,2,0,0,,0,11,0,1,0,0,0,0,175,71,175,71,104,NaN,1,0,180,10,180,10,170,170,NaN,NaN,NaN,1785524117.59807,15939.66496016,1.23361301422119,0.0136604309082031,0.164221525192261,0.789244413375854,1.13870429992676,1.14745831489563,-1,-1,-1,-1,-1,150.561094284058,8.75401496887207,NaN,NaN,Instruction,Left,Right,None,Left,Left,1,0,0,0,0,NaN,NaN,NaN,NaN,NaN,NaN,NaN,NaN,0,0,0,1,1,0,818,NaN,20260731_t1356_srsSmooth_Moretraining_B013,NaN,NaN,57.8309517701467,1.33211469650269,NaN,NaN,NaN,0,NaN,NaN,NaN,NaN,0
20260731_t1356_srsSmooth_Moretraining,srs_smooth_Moretraining,trial1116.mat,1116,1116,818,13,22,17,56,16,40,8,1,0,3,1,29,441,1,2,2,1,1,2,2,1,2,1,SINGLE_T2_CORRECT,11,455,1,0,0,0,0,0,160,92,160,92,68,92,1,180,190,0,10,180,-170,170,NaN,NaN,NaN,1785524119.99228,15942.05915944,2.49912595748901,0.011207103729248,0.270215511322021,1.05389308929443,1.51126623153687,1.79538655281067,1.82843852043152,1.82843852043152,-1,-1,2.10630202293396,259.008407592773,284.120321273804,33.0519676208496,317.172288894653,Instruction,Left,Right,Right,Left,Right,1,0,0,0,0,NaN,NaN,NaN,NaN,NaN,NaN,NaN,NaN,0,0,1,1,0,0,819,NaN,20260731_t1356_srsSmooth_Moretraining_B013,18,NaN,57.8708553234736,1.16060018539429,NaN,NaN,NaN,0,NaN,NaN,NaN,NaN,0
20260731_t1356_srsSmooth_Moretraining,srs_smooth_Moretraining,trial1118.mat,1118,1118,819,13,24,18,56,16,40,8,1,0,2,1,19,27,1,1,2,1,1,2,1,2,1,2,SINGLE_T1_CORRECT,10,455,1,0,0,0,0,0,147,70,147,70,77,147,1,0,180,10,180,10,170,170,NaN,NaN,NaN,1785524125.42905,15947.49590052,2.31281971931458,0.0163211822509766,0.191707849502563,0.983312606811523,1.35804033279419,1.60038661956787,1.64203429222107,1.64203429222107,-1,-1,1.86023831367493,175.386667251587,242.346286773682,41.6476726531982,283.99395942688,Instruction,Left,Right,Left,Left,Left,1,0,0,0,0,NaN,NaN,NaN,NaN,NaN,NaN,NaN,NaN,0,0,0,1,1,0,820,NaN,20260731_t1356_srsSmooth_Moretraining_B013,19,NaN,57.9614681045214,2.93764090538025,NaN,NaN,NaN,0,NaN,NaN,NaN,NaN,0
20260731_t1356_srsSmooth_Moretraining,srs_smooth_Moretraining,trial1119.mat,1119,1119,820,13,25,19,56,16,40,8,1,0,3,1,28,11541,1,2,2,1,1,2,2,1,2,1,SINGLE_T2_CORRECT,11,455,1,0,0,0,0,0,174,71,174,71,103,71,1,0,10,180,10,180,-170,170,NaN,NaN,NaN,1785524128.99644,15951.0631662,2.25315833091736,0.0157387256622314,0.241307735443115,0.908103942871094,1.26578783988953,1.5411970615387,1.58293104171753,1.58293104171753,-1,-1,1.88464570045471,225.569009780884,275.40922164917,41.733980178833,317.143201828003,Instruction,Left,Right,Right,Left,Right,1,0,0,0,0,NaN,NaN,NaN,NaN,NaN,NaN,NaN,NaN,0,0,1,1,0,0,821,NaN,20260731_t1356_srsSmooth_Moretraining_B013,20,NaN,58.0209245959918,1.25456976890564,NaN,NaN,NaN,0,NaN,NaN,NaN,NaN,0
20260731_t1356_srsSmooth_Moretraining,srs_smooth_Moretraining,trial1120.mat,1120,1120,821,13,26,20,56,16,40,8,1,0,2,1,13,3016,1,1,2,1,1,2,1,2,0,0,,0,11,0,1,0,0,0,0,169,78,169,78,91,NaN,1,180,0,190,180,10,170,170,NaN,NaN,NaN,1785524132.50476,15954.57152124,0.126494646072388,0.0158896446228027,0.0166120529174805,-1,-1,-1,-1,-1,-1,-1,-1,0.722408294677734,NaN,NaN,NaN,Instruction,Left,Right,None,Left,Left,1,0,0,0,0,NaN,NaN,NaN,NaN,NaN,NaN,NaN,NaN,0,0,0,1,1,0,821,NaN,20260731_t1356_srsSmooth_Moretraining_B013,NaN,NaN,58.0793966094653,1.25516247749329,NaN,NaN,NaN,0,NaN,NaN,NaN,NaN,0
20260731_t1356_srsSmooth_Moretraining,srs_smooth_Moretraining,trial1121.mat,1121,1121,821,13,27,20,56,16,40,8,1,0,4,1,37,21596,1,2,1,2,1,1,2,2,2,2,SINGLE_T2_CORRECT,11,455,1,0,0,0,0,0,183,60,183,60,123,60,1,0,10,180,10,180,-170,170,NaN,NaN,NaN,1785524133.79468,15955.8613402,2.23001790046692,0.0176851749420166,0.226712465286255,0.859929084777832,1.26773428916931,1.52670812606812,1.56844806671143,1.56844806671143,-1,-1,1.87060594558716,209.027290344238,258.973836898804,41.7399406433105,300.713777542114,Instruction,Right,Left,Left,Right,Left,1,0,0,0,0,NaN,NaN,NaN,NaN,NaN,NaN,NaN,NaN,1,1,0,1,0,0,822,NaN,20260731_t1356_srsSmooth_Moretraining_B013,21,NaN,58.1008953054746,1.16342711448669,NaN,NaN,NaN,0,NaN,NaN,NaN,NaN,0
20260731_t1356_srsSmooth_Moretraining,srs_smooth_Moretraining,trial1122.mat,1122,1122,822,13,28,21,56,16,40,8,1,0,4,1,35,9259,1,2,1,2,1,1,2,2,2,2,SINGLE_T2_CORRECT,11,455,1,0,0,0,0,0,175,69,175,69,106,69,1,0,10,180,10,180,-170,170,NaN,NaN,NaN,1785524137.33847,15959.40512472,2.01117753982544,0.0157008171081543,0.183059215545654,0.699620008468628,1.06574296951294,1.34120488166809,1.38283228874207,1.38283228874207,-1,-1,1.64341235160828,167.3583984375,275.461912155151,41.6274070739746,317.089319229126,Instruction,Right,Left,Left,Right,Left,1,0,0,0,0,NaN,NaN,NaN,NaN,NaN,NaN,NaN,NaN,1,1,0,1,0,0,823,NaN,20260731_t1356_srsSmooth_Moretraining_B013,22,NaN,58.159958477815,1.31377243995667,NaN,NaN,NaN,0,NaN,NaN,NaN,NaN,0
20260731_t1356_srsSmooth_Moretraining,srs_smooth_Moretraining,trial1123.mat,1123,1123,823,13,29,22,56,16,40,8,1,0,3,1,27,148,1,2,2,1,1,2,2,1,2,1,SINGLE_T2_CORRECT,11,455,1,0,0,0,0,0,175,51,175,51,124,51,1,0,10,180,10,180,-170,170,NaN,NaN,NaN,1785524140.61048,15962.67708992,2.34829235076904,0.0188210010528564,0.219341278076172,0.994292259216309,1.39387607574463,1.68608379364014,1.71942114830017,1.71942114830017,-1,-1,1.99648070335388,200.520277023315,292.207717895508,33.3373546600342,325.545072555542,Instruction,Left,Right,Right,Left,Right,1,0,0,0,0,NaN,NaN,NaN,NaN,NaN,NaN,NaN,NaN,0,0,1,1,0,0,824,NaN,20260731_t1356_srsSmooth_Moretraining_B013,23,NaN,58.2144919594129,1.26083135604858,NaN,NaN,NaN,0,NaN,NaN,NaN,NaN,0
20260731_t1356_srsSmooth_Moretraining,srs_smooth_Moretraining,trial1124.mat,1124,1124,824,13,30,23,56,16,40,8,1,0,4,1,40,25938,1,2,1,2,1,1,2,2,0,0,,0,11,0,1,0,0,0,0,187,57,187,57,130,NaN,1,0,10,180,10,180,-170,170,NaN,NaN,NaN,1785524144.21603,15966.28252652,1.45054769515991,0.013411283493042,0.18876838684082,0.755501985549927,1.12178826332092,1.3638641834259,-1,-1,-1,-1,-1,175.357103347778,242.07592010498,NaN,NaN,Instruction,Right,Left,None,Right,Left,1,0,0,0,0,NaN,NaN,NaN,NaN,NaN,NaN,NaN,NaN,1,1,0,1,0,0,824,NaN,20260731_t1356_srsSmooth_Moretraining_B013,NaN,NaN,58.274584488074,1.25725936889648,NaN,NaN,NaN,0,NaN,NaN,NaN,NaN,0
20260731_t1356_srsSmooth_Moretraining,srs_smooth_Moretraining,trial1125.mat,1125,1125,824,13,31,23,56,16,40,8,1,0,4,1,32,4763,1,2,1,2,1,1,2,2,0,0,,0,11,0,1,0,0,0,0,179,76,179,76,103,NaN,1,180,190,0,10,180,-170,170,NaN,NaN,NaN,1785524146.82727,15968.89367588,0.24635648727417,0.0189449787139893,0.194497585296631,-1,-1,-1,-1,-1,-1,-1,-1,175.552606582642,NaN,NaN,NaN,Instruction,Right,Left,None,Right,Left,1,0,0,0,0,NaN,NaN,NaN,NaN,NaN,NaN,NaN,NaN,1,1,0,1,0,0,824,NaN,20260731_t1356_srsSmooth_Moretraining_B013,NaN,NaN,58.3181050936381,1.16068863868713,NaN,NaN,NaN,0,NaN,NaN,NaN,NaN,0
20260731_t1356_srsSmooth_Moretraining,srs_smooth_Moretraining,trial1126.mat,1126,1126,824,13,32,23,56,16,40,8,1,0,1,1,10,5162,1,1,1,2,1,1,1,1,0,0,,0,11,0,1,0,0,0,0,174,83,174,83,91,NaN,1,0,180,10,180,10,170,170,NaN,NaN,NaN,1785524148.26244,15970.32871396,0.311022281646729,0.017167329788208,0.259305715560913,-1,-1,-1,-1,-1,-1,-1,-1,242.138385772705,NaN,NaN,NaN,Instruction,Right,Left,None,Right,Right,1,0,0,0,0,NaN,NaN,NaN,NaN,NaN,NaN,NaN,NaN,1,1,1,1,1,0,824,NaN,20260731_t1356_srsSmooth_Moretraining_B013,NaN,NaN,58.3420245528221,1.18881106376648,NaN,NaN,NaN,0,NaN,NaN,NaN,NaN,0
20260731_t1356_srsSmooth_Moretraining,srs_smooth_Moretraining,trial1128.mat,1128,1128,824,13,34,23,56,16,40,8,1,0,4,1,38,30591,1,2,1,2,1,1,2,2,0,0,,0,11,0,1,0,0,0,0,197,61,197,61,136,NaN,1,180,190,0,10,180,-170,170,NaN,NaN,NaN,1785524151.22038,15973.28671492,0.278450489044189,0.0176756381988525,0.226474285125732,-1,-1,-1,-1,-1,-1,-1,-1,208.79864692688,NaN,NaN,NaN,Instruction,Right,Left,None,Right,Left,1,0,0,0,0,NaN,NaN,NaN,NaN,NaN,NaN,NaN,NaN,1,1,0,1,0,0,824,NaN,20260731_t1356_srsSmooth_Moretraining_B013,NaN,NaN,58.3913235823313,2.64691948890686,NaN,NaN,NaN,0,NaN,NaN,NaN,NaN,0
20260731_t1356_srsSmooth_Moretraining,srs_smooth_Moretraining,trial1130.mat,1130,1130,824,13,36,23,56,16,40,8,1,0,3,1,21,9075,1,2,2,1,1,2,2,1,2,1,SINGLE_T2_CORRECT,11,455,1,0,0,0,0,0,164,44,164,44,120,44,1,0,10,180,10,180,-170,170,NaN,NaN,NaN,1785524154.13758,15976.20364424,2.23010039329529,0.0172557830810547,0.226076126098633,0.951213121414185,1.34230780601501,1.57652354240417,1.61782836914062,1.61782836914062,-1,-1,1.88685607910156,208.820343017578,234.21573638916,41.3048267364502,275.52056312561,Instruction,Left,Right,Right,Left,Right,1,0,0,0,0,NaN,NaN,NaN,NaN,NaN,NaN,NaN,NaN,0,0,1,1,0,0,825,NaN,20260731_t1356_srsSmooth_Moretraining_B013,24,NaN,58.4399436116219,2.63875126838684,NaN,NaN,NaN,0,NaN,NaN,NaN,NaN,0
20260731_t1356_srsSmooth_Moretraining,srs_smooth_Moretraining,trial1139.mat,1139,1139,825,13,45,24,56,16,40,8,1,0,4,1,38,30591,1,2,1,2,1,1,2,2,2,2,SINGLE_T2_CORRECT,11,455,1,0,0,0,0,0,158,59,158,59,99,59,1,0,10,180,10,180,-170,170,NaN,NaN,NaN,1785524169.40919,15991.47520872,2.20006775856018,0.0129125118255615,0.246903419494629,0.913570880889893,1.25462746620178,1.52180910110474,1.56354546546936,1.56354546546936,-1,-1,1.84068369865417,233.990907669067,267.181634902954,41.736364364624,308.917999267578,Instruction,Right,Left,Left,Right,Left,1,0,0,0,0,NaN,NaN,NaN,NaN,NaN,NaN,NaN,NaN,1,1,0,1,0,0,826,NaN,20260731_t1356_srsSmooth_Moretraining_B013,25,NaN,58.694470500946,13.041512966156,NaN,NaN,NaN,0,NaN,NaN,NaN,NaN,0
20260731_t1356_srsSmooth_Moretraining,srs_smooth_Moretraining,trial1140.mat,1140,1140,826,13,46,25,56,16,40,8,1,0,4,1,36,18767,1,2,1,2,1,1,2,2,2,2,SINGLE_T2_CORRECT,11,455,1,0,0,0,0,0,161,79,161,79,82,79,1,0,10,180,10,180,-170,170,NaN,NaN,NaN,1785524172.87379,15994.93964756,2.21157598495483,0.0151157379150391,0.21581768989563,0.96583366394043,1.31516766548157,1.54087901115417,1.58246302604675,1.58246302604675,-1,-1,1.83405685424805,200.701951980591,225.711345672607,41.5840148925781,267.295360565186,Instruction,Right,Left,Left,Right,Left,1,0,0,0,0,NaN,NaN,NaN,NaN,NaN,NaN,NaN,NaN,1,1,0,1,0,0,827,NaN,20260731_t1356_srsSmooth_Moretraining_B013,26,NaN,58.7522138317426,1.2645320892334,NaN,NaN,NaN,0,NaN,NaN,NaN,NaN,0
20260731_t1356_srsSmooth_Moretraining,srs_smooth_Moretraining,trial1141.mat,1141,1141,827,13,47,26,56,16,40,8,1,0,3,1,23,23400,1,2,2,1,1,2,2,1,2,1,SINGLE_T2_CORRECT,11,455,1,0,0,0,0,0,177,82,177,82,95,82,1,180,190,0,10,180,-170,170,NaN,NaN,NaN,1785524176.35493,15998.42058568,2.18874621391296,0.0174524784088135,0.218416929244995,0.851687431335449,1.21749949455261,1.53508543968201,1.56846404075623,1.56846404075623,-1,-1,1.8035364151001,200.964450836182,317.585945129395,33.3786010742188,350.964546203613,Instruction,Left,Right,Right,Left,Right,1,0,0,0,0,NaN,NaN,NaN,NaN,NaN,NaN,NaN,NaN,0,0,1,1,0,0,828,NaN,20260731_t1356_srsSmooth_Moretraining_B013,27,NaN,58.8102327346802,1.26955819129944,NaN,NaN,NaN,0,NaN,NaN,NaN,NaN,0
20260731_t1356_srsSmooth_Moretraining,srs_smooth_Moretraining,trial1142.mat,1142,1142,828,13,48,27,56,16,40,8,1,0,2,1,13,3016,1,1,2,1,1,2,1,2,1,2,SINGLE_T1_CORRECT,10,455,1,0,0,0,0,0,159,64,159,64,95,159,1,180,0,190,180,10,170,170,NaN,NaN,NaN,1785524179.82735,16001.892941,2.15800738334656,0.0118300914764404,0.220889568328857,0.746023178100586,1.1202073097229,1.37911677360535,1.42089200019836,1.42089200019836,-1,-1,1.69767904281616,209.059476852417,258.909463882446,41.7752265930176,300.684690475464,Instruction,Left,Right,Left,Left,Left,1,0,0,0,0,NaN,NaN,NaN,NaN,NaN,NaN,NaN,NaN,0,0,0,1,1,0,829,NaN,20260731_t1356_srsSmooth_Moretraining_B013,28,NaN,58.8681064883868,1.28367900848389,NaN,NaN,NaN,0,NaN,NaN,NaN,NaN,0
20260731_t1356_srsSmooth_Moretraining,srs_smooth_Moretraining,trial1143.mat,1143,1143,829,13,49,28,56,16,40,8,1,0,1,1,6,14961,1,1,1,2,1,1,1,1,1,1,SINGLE_T1_CORRECT,10,455,1,0,0,0,0,0,182,67,182,67,115,182,1,180,0,190,180,10,170,170,NaN,NaN,NaN,1785524183.25609,16005.3216456,2.21284461021423,0.016563892364502,0.250709772109985,0.792368173599243,1.18327689170837,1.47568774223328,1.50907182693481,1.50907182693481,-1,-1,1.72766947746277,234.145879745483,292.410850524902,33.3840847015381,325.79493522644,Instruction,Right,Left,Right,Right,Right,1,0,0,0,0,NaN,NaN,NaN,NaN,NaN,NaN,NaN,NaN,1,1,1,1,1,0,830,NaN,20260731_t1356_srsSmooth_Moretraining_B013,29,NaN,58.92525207599,1.27072787284851,NaN,NaN,NaN,0,NaN,NaN,NaN,NaN,0
20260731_t1356_srsSmooth_Moretraining,srs_smooth_Moretraining,trial1144.mat,1144,1144,830,13,50,29,56,16,40,8,1,0,4,1,32,4763,1,2,1,2,1,1,2,2,2,2,SINGLE_T2_CORRECT,11,455,1,0,0,0,0,0,156,79,156,79,77,79,1,0,10,180,10,180,-170,170,NaN,NaN,NaN,1785524186.73243,16008.79797132,2.02794098854065,0.0153617858886719,0.240986108779907,0.824258089065552,1.1904079914093,1.39112663269043,1.42453098297119,1.42453098297119,-1,-1,1.65142345428467,225.624322891235,200.718641281128,33.4043502807617,234.12299156189,Instruction,Right,Left,Left,Right,Left,1,0,0,0,0,NaN,NaN,NaN,NaN,NaN,NaN,NaN,NaN,1,1,0,1,0,0,831,NaN,20260731_t1356_srsSmooth_Moretraining_B013,30,NaN,58.9831910610199,1.26349449157715,NaN,NaN,NaN,0,NaN,NaN,NaN,NaN,0
20260731_t1356_srsSmooth_Moretraining,srs_smooth_Moretraining,trial1145.mat,1145,1145,831,13,51,30,56,16,40,8,1,0,2,1,12,21095,1,1,2,1,1,2,1,2,1,2,SINGLE_T1_CORRECT,10,455,1,0,0,0,0,0,165,60,165,60,105,165,1,0,180,10,180,10,170,170,NaN,NaN,NaN,1785524190.02988,16012.095481,2.28911685943604,0.0180332660675049,0.268439769744873,0.827257633209229,1.2180802822113,1.49340653419495,1.53508162498474,1.53508162498474,-1,-1,1.82028603553772,250.406503677368,275.326251983643,41.6750907897949,317.001342773438,Instruction,Left,Right,Left,Left,Left,1,0,0,0,0,NaN,NaN,NaN,NaN,NaN,NaN,NaN,NaN,0,0,0,1,1,0,832,NaN,20260731_t1356_srsSmooth_Moretraining_B013,31,NaN,59.0381487051646,1.26951766014099,NaN,NaN,NaN,0,NaN,NaN,NaN,NaN,0
20260731_t1356_srsSmooth_Moretraining,srs_smooth_Moretraining,trial1146.mat,1146,1146,832,13,52,31,56,16,40,8,1,0,3,1,30,12733,1,2,2,1,1,2,2,1,2,1,SINGLE_T2_CORRECT,11,455,1,0,0,0,0,0,167,50,167,50,117,50,1,180,190,0,10,180,-170,170,NaN,NaN,NaN,1785524193.64763,16015.71302744,2.24651026725769,0.0170924663543701,0.309200286865234,0.975898265838623,1.35047841072083,1.62581634521484,1.6675865650177,1.6675865650177,-1,-1,1.8945300579071,292.107820510864,275.337934494019,41.7702198028564,317.108154296875,Instruction,Left,Right,Right,Left,Right,1,0,0,0,0,NaN,NaN,NaN,NaN,NaN,NaN,NaN,NaN,0,0,1,1,0,0,833,NaN,20260731_t1356_srsSmooth_Moretraining_B013,32,NaN,59.0984445174535,1.32863187789917,NaN,NaN,NaN,0,NaN,NaN,NaN,NaN,0
20260731_t1356_srsSmooth_Moretraining,srs_smooth_Moretraining,trial1147.mat,1147,1147,833,13,53,32,56,16,40,8,1,0,1,1,10,5162,1,1,1,2,1,1,1,1,0,0,,0,11,0,1,0,0,0,0,163,66,163,66,97,NaN,1,0,180,10,180,10,170,170,NaN,NaN,NaN,1785524197.17325,16019.23872148,0.235888481140137,0.0166094303131104,0.183709859848022,-1,-1,-1,-1,-1,-1,-1,-1,167.100429534912,NaN,NaN,NaN,Instruction,Right,Left,None,Right,Right,1,0,0,0,0,NaN,NaN,NaN,NaN,NaN,NaN,NaN,NaN,1,1,1,1,1,0,833,NaN,20260731_t1356_srsSmooth_Moretraining_B013,NaN,NaN,59.1572048703829,1.2791109085083,NaN,NaN,NaN,0,NaN,NaN,NaN,NaN,0
20260731_t1356_srsSmooth_Moretraining,srs_smooth_Moretraining,trial1148.mat,1148,1148,833,13,54,32,56,16,40,8,1,0,2,1,15,11600,1,1,2,1,1,2,1,2,1,2,SINGLE_T1_CORRECT,10,455,1,0,0,0,0,0,179,45,179,45,134,179,1,0,180,10,180,10,170,170,NaN,NaN,NaN,1785524198.59223,16020.65755308,2.10240936279297,0.0143539905548096,0.206772804260254,0.715156555175781,1.08106303215027,1.34021496772766,1.38173913955688,1.38173913955688,-1,-1,1.62567806243896,192.418813705444,259.151935577393,41.5241718292236,300.676107406616,Instruction,Left,Right,Left,Left,Left,1,0,0,0,0,NaN,NaN,NaN,NaN,NaN,NaN,NaN,NaN,0,0,0,1,1,0,834,NaN,20260731_t1356_srsSmooth_Moretraining_B013,33,NaN,59.1808544913928,1.18308877944946,NaN,NaN,NaN,0,NaN,NaN,NaN,NaN,0
20260731_t1356_srsSmooth_Moretraining,srs_smooth_Moretraining,trial1149.mat,1149,1149,834,13,55,33,56,16,40,8,1,0,1,1,9,31909,1,1,1,2,1,1,1,1,1,1,SINGLE_T1_CORRECT,10,455,1,0,0,0,0,0,179,82,179,82,97,179,1,180,0,190,180,10,170,170,NaN,NaN,NaN,1785524202.00827,16024.0735902,2.29480218887329,0.0151147842407227,0.249038219451904,0.916133165359497,1.27349781990051,1.53272700309753,1.56572437286377,1.56572437286377,-1,-1,1.81862616539001,233.923435211182,259.229183197021,32.9973697662354,292.226552963257,Instruction,Right,Left,Right,Right,Right,1,0,0,0,0,NaN,NaN,NaN,NaN,NaN,NaN,NaN,NaN,1,1,1,1,1,0,835,NaN,20260731_t1356_srsSmooth_Moretraining_B013,34,NaN,59.2377884785334,1.31362986564636,NaN,NaN,NaN,0,NaN,NaN,NaN,NaN,0
20260731_t1356_srsSmooth_Moretraining,srs_smooth_Moretraining,trial1150.mat,1150,1150,835,13,56,34,56,16,40,8,1,0,1,1,10,5162,1,1,1,2,1,1,1,1,1,1,SINGLE_T1_CORRECT,10,455,1,0,0,0,0,0,156,60,156,60,96,156,1,0,180,10,180,10,170,170,NaN,NaN,NaN,1785524205.55226,16027.61755092,2.4586067199707,0.0129311084747314,0.271931409835815,0.971943140029907,1.40465211868286,1.68026304244995,1.72208142280579,1.72208142280579,-1,-1,1.99857950210571,259.000301361084,275.61092376709,41.818380355835,317.429304122925,Instruction,Right,Left,Right,Right,Right,1,0,0,0,0,NaN,NaN,NaN,NaN,NaN,NaN,NaN,NaN,1,1,1,1,1,0,836,NaN,20260731_t1356_srsSmooth_Moretraining_B013,35,NaN,59.2968549569448,1.24918651580811,NaN,NaN,NaN,0,NaN,NaN,NaN,NaN,0
20260731_t1356_srsSmooth_Moretraining,srs_smooth_Moretraining,trial1151.mat,1151,1151,836,13,57,35,56,16,40,8,1,0,1,1,8,244,1,1,1,2,1,1,1,1,1,1,SINGLE_T1_CORRECT,10,455,1,0,0,0,0,0,173,57,173,57,116,173,1,0,180,10,180,10,170,170,NaN,NaN,NaN,1785524209.31686,16031.38190036,2.41137003898621,0.0151467323303223,0.273949384689331,0.87411642074585,1.24852776527405,1.58238339424133,1.62403845787048,1.62403845787048,-1,-1,1.93448090553284,258.802652359009,333.855628967285,41.6550636291504,375.510692596436,Instruction,Right,Left,Right,Right,Right,1,0,0,0,0,NaN,NaN,NaN,NaN,NaN,NaN,NaN,NaN,1,1,1,1,1,0,837,NaN,20260731_t1356_srsSmooth_Moretraining_B013,36,NaN,59.3595982472102,1.30599069595337,NaN,NaN,NaN,0,NaN,NaN,NaN,NaN,0
20260731_t1356_srsSmooth_Moretraining,srs_smooth_Moretraining,trial1152.mat,1152,1152,837,13,58,36,56,16,40,8,1,0,2,1,16,437,1,1,2,1,1,2,1,2,1,2,SINGLE_T1_CORRECT,10,455,1,0,0,0,0,0,143,73,143,73,70,143,1,180,0,190,180,10,170,170,NaN,NaN,NaN,1785524212.99943,16035.06457304,2.17869997024536,0.0160534381866455,0.224958896636963,0.800245046615601,1.20776653289795,1.40828824043274,1.4415123462677,1.4415123462677,-1,-1,1.73483443260193,208.905458450317,200.52170753479,33.2241058349609,233.745813369751,Instruction,Left,Right,Left,Left,Left,1,0,0,0,0,NaN,NaN,NaN,NaN,NaN,NaN,NaN,NaN,0,0,0,1,1,0,838,NaN,20260731_t1356_srsSmooth_Moretraining_B013,37,NaN,59.4209744016329,1.27119922637939,NaN,NaN,NaN,0,NaN,NaN,NaN,NaN,0
20260731_t1356_srsSmooth_Moretraining,srs_smooth_Moretraining,trial1153.mat,1153,1153,838,13,59,37,56,16,40,8,1,0,3,1,25,31011,1,2,2,1,1,2,2,1,2,1,SINGLE_T2_CORRECT,11,455,1,0,0,0,0,0,192,56,192,56,136,56,1,0,10,180,10,180,-170,170,NaN,NaN,NaN,1785524216.43644,16038.50151316,2.13315558433533,0.0125064849853516,0.288107872009277,0.87167763710022,1.26255464553833,1.50468945503235,1.53793692588806,1.53793692588806,-1,-1,1.77306270599365,275.601387023926,242.134809494019,33.2474708557129,275.382280349731,Instruction,Left,Right,Right,Left,Right,1,0,0,0,0,NaN,NaN,NaN,NaN,NaN,NaN,NaN,NaN,0,0,1,1,0,0,839,NaN,20260731_t1356_srsSmooth_Moretraining_B013,38,NaN,59.4782579660416,1.25831389427185,NaN,NaN,NaN,0,NaN,NaN,NaN,NaN,0
20260731_t1356_srsSmooth_Moretraining,srs_smooth_Moretraining,trial1154.mat,1154,1154,839,13,60,38,56,16,40,8,1,0,4,1,40,25938,1,2,1,2,1,1,2,2,2,2,SINGLE_T2_CORRECT,11,455,1,0,0,0,0,0,170,75,170,75,95,75,1,180,190,0,10,180,-170,170,NaN,NaN,NaN,1785524219.85796,16041.92281192,2.35375285148621,0.016118049621582,0.29177188873291,0.983526706695557,1.36617016792297,1.6416175365448,1.68345880508423,1.68345880508423,-1,-1,1.97717976570129,275.653839111328,275.447368621826,41.8412685394287,317.288637161255,Instruction,Right,Left,Left,Right,Left,1,0,0,0,0,NaN,NaN,NaN,NaN,NaN,NaN,NaN,NaN,1,1,0,1,0,0,840,NaN,20260731_t1356_srsSmooth_Moretraining_B013,39,NaN,59.535283323129,1.28836584091187,NaN,NaN,NaN,0,NaN,NaN,NaN,NaN,0
20260731_t1356_srsSmooth_Moretraining,srs_smooth_Moretraining,trial1155.mat,1155,1155,840,13,61,39,56,16,40,8,1,0,1,1,2,23326,1,1,1,2,1,1,1,1,1,1,SINGLE_T1_CORRECT,10,455,1,0,0,0,0,0,166,69,166,69,97,166,1,180,0,190,180,10,170,170,NaN,NaN,NaN,1785524223.47482,16045.53961216,2.26206088066101,0.0160691738128662,0.250144958496094,0.808574438095093,1.23278331756592,1.50855112075806,1.54175758361816,1.54175758361816,-1,-1,1.79322528839111,234.075784683228,275.767803192139,33.2064628601074,308.974266052246,Instruction,Right,Left,Right,Right,Right,1,0,0,0,0,NaN,NaN,NaN,NaN,NaN,NaN,NaN,NaN,1,1,1,1,1,0,841,NaN,20260731_t1356_srsSmooth_Moretraining_B013,40,NaN,59.5955642382304,1.26310205459595,NaN,NaN,NaN,0,NaN,NaN,NaN,NaN,0
20260731_t1356_srsSmooth_Moretraining,srs_smooth_Moretraining,trial1157.mat,1157,1157,841,13,63,40,56,16,40,8,1,1,6,2,48,1116,2,0,2,1,1,2,1,2,2,1,CHOSE_LOW_SAL,2,455,1,0,0,0,0,0,184,76,184,76,108,76,1,0,97.3554524635491,92.6445475364509,97.3554524635491,92.6445475364509,4.71090492709823,4.71090492709823,NaN,NaN,NaN,1785524228.48633,16050.55100992,2.22551989555359,0.0130865573883057,0.255634784698486,0.947243213653564,1.31313753128052,1.54725003242493,1.58902430534363,1.58902430534363,-1,-1,1.84877848625183,242.548227310181,234.112501144409,41.7742729187012,275.88677406311,Congruent,Left,Right,Right,Left,Left,0,1,1,0,1,1,0,0,0,0,1,1,1,0,0,0,1,1,1,842,322,20260731_t1356_srsSmooth_Moretraining_B013,41,1,59.6790893991788,2.74944877624512,2,2,171,0,0,1,1,0,1
20260731_t1356_srsSmooth_Moretraining,srs_smooth_Moretraining,trial1158.mat,1158,1158,842,13,64,41,56,16,40,8,1,1,5,2,44,21571,2,0,1,2,1,1,1,1,2,2,CHOSE_LOW_SAL,2,455,1,0,0,0,0,0,178,53,178,53,125,53,1,180,291.362590698164,258.637409301836,111.362590698164,78.637409301836,32.725181396328,32.725181396328,NaN,NaN,NaN,1785524231.98315,16054.04777708,2.29574584960938,0.0163955688476562,0.275275945663452,1.02525186538696,1.47478437423706,1.65025305747986,1.68362879753113,1.68362879753113,-1,-1,1.94406414031982,258.880376815796,175.468683242798,33.3757400512695,208.844423294067,Congruent,Right,Left,Left,Right,Right,0,1,1,0,1,0,0,0,0,1,1,1,1,1,1,1,1,1,1,843,323,20260731_t1356_srsSmooth_Moretraining_B013,42,2,59.7373698512713,1.27130722999573,2,1,76,1,0,1,1,0,1
20260731_t1356_srsSmooth_Moretraining,srs_smooth_Moretraining,trial1159.mat,1159,1159,843,13,65,42,56,16,40,8,1,2,7,2,52,5288,2,0,1,2,1,1,2,2,1,1,CHOSE_LOW_SAL,2,455,1,0,0,0,0,0,188,86,188,86,102,188,1,0,46.5378580156326,143.462141984367,46.5378580156326,143.462141984367,-96.9242839687348,96.9242839687348,NaN,NaN,NaN,1785524235.54767,16057.61237068,2.44044470787048,0.0186841487884521,0.260973215103149,1.05244994163513,1.452073097229,1.67741918563843,1.71086573600769,1.71086573600769,-1,-1,1.94671559333801,242.289066314697,225.346088409424,33.4465503692627,258.792638778687,Conflict,Right,Left,Right,Right,Left,0,1,0,1,1,1,1,1,0,0,0,0,1,1,1,0,1,0,1,844,324,20260731_t1356_srsSmooth_Moretraining_B013,43,3,59.7967784404755,1.26876950263977,2,2,53,1,1,1,0,0,1
20260731_t1356_srsSmooth_Moretraining,srs_smooth_Moretraining,trial1160.mat,1160,1160,844,13,66,43,56,16,40,8,1,2,8,2,53,27487,2,0,2,1,1,2,2,1,2,1,CHOSE_HIGH_SAL,1,455,1,0,0,0,0,0,182,62,182,62,120,62,1,180,227.045855177002,322.954144822998,47.0458551770024,142.954144822998,-95.9082896459952,95.9082896459952,NaN,NaN,NaN,1785524239.24833,16061.31286872,2.28974866867065,0.0181610584259033,0.302006483078003,0.993796110153198,1.40988206863403,1.65234589576721,1.68565559387207,1.68565559387207,-1,-1,1.92982053756714,283.8454246521,242.463827133179,33.3096981048584,275.773525238037,Conflict,Left,Right,Right,Left,Right,0,1,0,1,1,1,0,0,1,0,1,1,0,0,0,1,1,0,1,845,325,20260731_t1356_srsSmooth_Moretraining_B013,44,4,59.8584562063217,1.26022124290466,1,1,188,1,1,0,0,1,1
20260731_t1356_srsSmooth_Moretraining,srs_smooth_Moretraining,trial1161.mat,1161,1161,845,13,67,43,56,16,40,8,1,2,8,2,53,27487,2,0,2,1,1,2,2,1,1,2,CHOSE_LOW_SAL,2,455,1,0,0,0,0,0,182,31,182,31,151,182,1,180,227.045855177002,322.954144822998,47.0458551770024,142.954144822998,-95.9082896459952,95.9082896459952,NaN,NaN,NaN,1785524242.86863,16064.93317512,2.43652653694153,0.0146739482879639,0.223794460296631,1.02362179756165,1.42306113243103,1.60700654983521,1.64026784896851,1.64026784896851,-1,-1,1.95105791091919,209.120512008667,183.945417404175,33.2612991333008,217.206716537476,Conflict,Left,Right,Left,Left,Right,0,1,0,1,1,0,1,1,0,1,0,0,1,0,0,1,1,0,1,846,326,20260731_t1356_srsSmooth_Moretraining_B013,45,5,59.9187944412231,1.33054542541504,2,1,62,1,1,1,0,0,1
20260731_t1356_srsSmooth_Moretraining,srs_smooth_Moretraining,trial1162.mat,1162,1162,846,13,68,44,56,16,40,8,1,2,8,2,54,23342,2,0,2,1,1,2,2,1,1,2,CHOSE_LOW_SAL,2,455,1,0,0,0,0,0,155,62,155,62,93,155,1,0,56.1897582954067,133.810241704593,56.1897582954067,133.810241704593,-77.6204834091866,77.6204834091866,NaN,NaN,NaN,1785524246.59402,16068.65828644,2.15183520317078,0.0144314765930176,0.256643772125244,0.765012979507446,1.1728093624115,1.41538119316101,1.4484555721283,1.4484555721283,-1,-1,1.69226980209351,242.212295532227,242.571830749512,33.0743789672852,275.646209716797,Conflict,Left,Right,Left,Left,Right,0,1,0,1,1,0,1,1,0,1,0,0,1,0,0,1,1,0,1,847,327,20260731_t1356_srsSmooth_Moretraining_B013,46,6,59.9808842182159,1.28886008262634,1,2,182,1,0,0,1,1,1
20260731_t1356_srsSmooth_Moretraining,srs_smooth_Moretraining,trial1163.mat,1163,1163,847,13,69,45,56,16,40,8,1,1,6,2,45,1334,2,0,2,1,1,2,1,2,0,0,,0,11,0,1,1,0,0,0,169,94,169,94,75,NaN,1,180,338.308384020964,211.691615979036,158.308384020964,31.6916159790358,126.616768041928,126.616768041928,NaN,NaN,NaN,1785524250.02724,16072.09163724,1.39339876174927,0.0146684646606445,0.290281772613525,1.04879307746887,-1,-1,-1,-1,-1,-1,-1,275.613307952881,NaN,NaN,NaN,Congruent,Left,Right,None,Left,Left,0,1,1,0,0,NaN,NaN,NaN,NaN,NaN,NaN,NaN,NaN,0,0,0,1,1,0,847,NaN,20260731_t1356_srsSmooth_Moretraining_B013,NaN,NaN,60.0381047010422,1.2813937664032,NaN,NaN,NaN,0,NaN,NaN,NaN,NaN,0
20260731_t1356_srsSmooth_Moretraining,srs_smooth_Moretraining,trial1164.mat,1164,1164,847,13,70,45,56,16,40,8,1,1,6,2,45,1334,2,0,2,1,1,2,1,2,1,2,CHOSE_HIGH_SAL,1,455,1,0,0,0,0,0,175,70,175,70,105,175,1,180,346.605688432512,203.394311567488,166.605688432512,23.394311567488,143.211376865024,143.211376865024,NaN,NaN,NaN,1785524252.58725,16074.65151604,2.36732029914856,0.0130925178527832,0.222254514694214,0.997285842895508,1.37147855758667,1.6390495300293,1.6721134185791,1.6721134185791,-1,-1,1.89048337936401,209.161996841431,267.570972442627,33.0638885498047,300.634860992432,Congruent,Left,Right,Left,Left,Left,0,1,1,0,1,0,1,1,1,1,0,0,0,0,0,0,1,1,1,848,328,20260731_t1356_srsSmooth_Moretraining_B013,47,7,60.080771501859,1.16660928726196,1,2,155,1,0,0,1,1,1
20260731_t1356_srsSmooth_Moretraining,srs_smooth_Moretraining,trial1165.mat,1165,1165,848,13,71,46,56,16,40,8,1,2,7,2,50,12795,2,0,1,2,1,1,2,2,2,2,CHOSE_HIGH_SAL,1,455,1,0,0,0,0,0,168,85,168,85,83,85,1,180,237.538434244292,312.461565755708,57.5384342442922,132.461565755708,-74.9231315114156,74.9231315114156,NaN,NaN,NaN,1785524256.25685,16078.32103836,2.08918046951294,0.0186328887939453,0.202643156051636,0.810754537582397,1.21034598350525,1.4358823299408,1.4691207408905,1.4691207408905,-1,-1,1.70442652702332,184.01026725769,225.536346435547,33.238410949707,258.774757385254,Conflict,Right,Left,Left,Right,Left,0,1,0,1,1,0,0,0,1,1,1,1,0,1,1,0,1,0,1,849,329,20260731_t1356_srsSmooth_Moretraining_B013,48,8,60.1419315258662,1.30228114128113,1,2,175,1,1,0,0,1,1
20260731_t1356_srsSmooth_Moretraining,srs_smooth_Moretraining,trial1166.mat,1166,1166,849,13,72,47,56,16,40,8,1,2,8,2,55,20336,2,0,2,1,1,2,2,1,1,2,CHOSE_LOW_SAL,2,455,1,0,0,0,0,0,176,83,176,83,93,176,1,180,202.696732829095,347.303267170905,22.6967328290954,167.303267170905,-144.606534341809,144.606534341809,NaN,NaN,NaN,1785524259.68632,16081.75049448,2.28508806228638,0.0142960548400879,0.206731557846069,0.898393154144287,1.28101086616516,1.515212059021,1.55690884590149,1.55690884590149,-1,-1,1.80889892578125,192.435503005981,234.201192855835,41.6967868804932,275.897979736328,Conflict,Left,Right,Left,Left,Right,0,1,0,1,1,0,1,1,0,1,0,0,1,0,0,1,1,0,1,850,330,20260731_t1356_srsSmooth_Moretraining_B013,49,9,60.1990893602371,1.34028959274292,2,2,85,1,1,0,0,1,1
20260731_t1356_srsSmooth_Moretraining,srs_smooth_Moretraining,trial1167.mat,1167,1167,850,13,73,48,56,16,40,8,1,2,7,2,49,3995,2,0,1,2,1,1,2,2,1,1,CHOSE_LOW_SAL,2,455,1,0,0,0,0,0,188,69,188,69,119,188,1,180,194.686636803295,355.313363196705,14.6866368032949,175.313363196705,-160.62672639341,160.62672639341,NaN,NaN,NaN,1785524263.24106,16085.30505084,2.6306517124176,0.0180318355560303,0.302192687988281,1.09387183189392,1.5014226436615,1.79353761672974,1.83522844314575,1.83522844314575,-1,-1,2.1453709602356,284.160852432251,292.114973068237,41.6908264160156,333.805799484253,Conflict,Right,Left,Right,Right,Left,0,1,0,1,1,1,1,1,0,0,0,0,1,1,1,0,1,0,1,851,331,20260731_t1356_srsSmooth_Moretraining_B013,50,10,60.2583349466324,1.26964712142944,1,2,176,1,0,1,1,0,1
20260731_t1356_srsSmooth_Moretraining,srs_smooth_Moretraining,trial1168.mat,1168,1168,851,13,74,49,56,16,40,8,1,1,5,2,41,23189,2,0,1,2,1,1,1,1,2,2,CHOSE_LOW_SAL,2,455,1,0,0,0,0,0,177,95,177,95,82,95,1,0,108.211355679115,81.7886443208853,108.211355679115,81.7886443208853,26.4227113582294,26.4227113582294,NaN,NaN,NaN,1785524267.13679,16089.2006536,2.36811184883118,0.0141217708587646,0.273217439651489,1.05628108978271,1.43084383010864,1.6645987033844,1.69792032241821,1.69792032241821,-1,-1,1.97481560707092,259.095668792725,233.754873275757,33.3216190338135,267.07649230957,Congruent,Right,Left,Left,Right,Right,0,1,1,0,1,0,0,0,0,1,1,1,1,1,1,1,1,1,1,852,332,20260731_t1356_srsSmooth_Moretraining_B013,51,11,60.3232637286186,1.26507520675659,1,1,188,1,1,1,0,0,1
20260731_t1356_srsSmooth_Moretraining,srs_smooth_Moretraining,trial1169.mat,1169,1169,852,13,75,50,56,16,40,8,1,2,7,2,51,2662,2,0,1,2,1,1,2,2,2,2,CHOSE_HIGH_SAL,1,455,1,0,0,0,0,0,170,66,170,66,104,66,1,180,251.713374431226,298.286625568774,71.7133744312262,118.286625568774,-46.5732511375477,46.5732511375477,NaN,NaN,NaN,1785524270.76833,16092.8322808,2.31201267242432,0.0160536766052246,0.233212232589722,0.966837882995605,1.39944052696228,1.65823674201965,1.69173717498779,1.69173717498779,-1,-1,1.94327116012573,217.158555984497,258.796215057373,33.5004329681396,292.296648025513,Conflict,Right,Left,Left,Right,Left,0,1,0,1,1,0,0,0,1,1,1,1,0,1,1,0,1,0,1,853,333,20260731_t1356_srsSmooth_Moretraining_B013,52,12,60.3837894320488,1.26343035697937,2,2,95,1,0,0,1,1,1
20260731_t1356_srsSmooth_Moretraining,srs_smooth_Moretraining,trial1170.mat,1170,1170,853,13,76,51,56,16,40,8,1,1,5,2,43,1435,2,0,1,2,1,1,1,1,1,1,CHOSE_HIGH_SAL,1,455,1,0,0,0,0,0,170,70,170,70,100,170,1,0,168.016130604186,21.9838693958139,168.016130604186,21.9838693958139,146.032261208372,146.032261208372,NaN,NaN,NaN,1785524274.33512,16096.39892612,2.3867073059082,0.0160713195800781,0.308259248733521,0.908087015151978,1.34945726394653,1.60824108123779,1.64993405342102,1.64993405342102,-1,-1,1.91854906082153,292.187929153442,258.78381729126,41.6929721832275,300.476789474487,Congruent,Right,Left,Right,Right,Right,0,1,1,0,1,1,1,1,1,0,0,0,0,1,1,1,1,1,1,854,334,20260731_t1356_srsSmooth_Moretraining_B013,53,13,60.443235886097,1.25477457046509,2,2,66,1,1,1,0,0,1
20260731_t1356_srsSmooth_Moretraining,srs_smooth_Moretraining,trial1171.mat,1171,1171,854,13,77,52,56,16,40,8,1,2,8,2,56,14454,2,0,2,1,1,2,2,1,2,1,CHOSE_HIGH_SAL,1,455,1,0,0,0,0,0,159,57,159,57,102,57,1,0,40.2529299235235,149.747070076477,40.2529299235235,149.747070076477,-109.494140152953,109.494140152953,NaN,NaN,NaN,1785524277.99618,16100.060026,2.32569432258606,0.0134818553924561,0.238936901092529,0.922334671020508,1.36353373527527,1.63095593452454,1.67241239547729,1.67241239547729,-1,-1,1.96583104133606,225.455045700073,267.422199249268,41.4564609527588,308.878660202026,Conflict,Left,Right,Right,Left,Right,0,1,0,1,1,1,0,0,1,0,1,1,0,0,0,1,1,0,1,855,335,20260731_t1356_srsSmooth_Moretraining_B013,54,14,60.504253645738,1.27435827255249,1,1,170,1,1,0,0,1,1
20260731_t1356_srsSmooth_Moretraining,srs_smooth_Moretraining,trial1173.mat,1173,1173,855,13,79,52,56,16,40,8,1,2,8,2,56,14454,2,0,2,1,1,2,2,1,2,1,CHOSE_HIGH_SAL,1,455,1,0,0,0,0,0,159,29,159,29,130,29,1,0,40.2529299235235,149.747070076477,40.2529299235235,149.747070076477,-109.494140152953,109.494140152953,NaN,NaN,NaN,1785524283.05154,16105.11527292,2.03749465942383,0.0166542530059814,0.159041404724121,0.700838565826416,1.0916953086853,1.37579536437988,1.41710805892944,1.41710805892944,-1,-1,1.71065211296082,142.38715171814,284.10005569458,41.3126945495605,325.412750244141,Conflict,Left,Right,Right,Left,Right,0,1,0,1,1,1,0,0,1,0,1,1,0,0,0,1,1,0,1,856,336,20260731_t1356_srsSmooth_Moretraining_B013,55,15,60.5885096033414,2.72966313362122,2,1,57,1,0,0,1,1,1
20260731_t1356_srsSmooth_Moretraining,srs_smooth_Moretraining,trial1174.mat,1174,1174,856,13,80,52,56,16,40,8,1,2,8,2,56,14454,2,0,2,1,1,2,2,1,2,1,CHOSE_HIGH_SAL,1,455,1,0,0,0,0,0,159,29,159,29,130,29,1,0,40.2529299235235,149.747070076477,40.2529299235235,149.747070076477,-109.494140152953,109.494140152953,NaN,NaN,NaN,1785524286.36036,16108.4240522,2.03698062896729,0.016291618347168,0.242009401321411,0.758518218994141,1.11633443832397,1.36709547042847,1.40046262741089,1.40046262741089,-1,-1,1.71023464202881,225.717782974243,250.761032104492,33.3671569824219,284.128189086914,Conflict,Left,Right,Right,Left,Right,0,1,0,1,1,1,0,0,1,0,1,1,0,0,0,1,1,0,1,857,337,20260731_t1356_srsSmooth_Moretraining_B013,56,16,60.6436566670736,1.271329164505,2,1,29,1,0,0,1,1,1
20260731_t1356_srsSmooth_Moretraining,srs_smooth_Moretraining,trial1175.mat,1175,1175,857,13,81,52,56,16,40,8,1,2,8,2,56,14454,2,0,2,1,1,2,2,1,1,2,CHOSE_LOW_SAL,2,455,1,0,0,0,0,0,159,29,159,29,130,159,1,0,40.2529299235235,149.747070076477,40.2529299235235,149.747070076477,-109.494140152953,109.494140152953,NaN,NaN,NaN,1785524289.67754,16111.74110144,2.27923464775085,0.015906810760498,0.224630355834961,0.999643564224243,1.37429285049438,1.55854988098145,1.59186363220215,1.59186363220215,-1,-1,1.81842947006226,208.723545074463,184.257030487061,33.3137512207031,217.570781707764,Conflict,Left,Right,Left,Left,Right,0,1,0,1,1,0,1,1,0,1,0,0,1,0,0,1,1,0,1,858,338,20260731_t1356_srsSmooth_Moretraining_B013,57,17,60.698943010966,1.28020000457764,2,1,29,1,1,1,0,0,1
20260731_t1356_srsSmooth_Moretraining,srs_smooth_Moretraining,trial1176.mat,1176,1176,858,13,82,53,56,16,40,8,1,1,6,2,46,20270,2,0,2,1,1,2,1,2,0,0,,0,11,0,1,0,0,0,0,205,60,205,60,145,NaN,1,180,344.060990017401,205.939009982599,164.060990017401,25.9390099825993,138.121980034801,138.121980034801,NaN,NaN,NaN,1785524293.23193,16115.29524284,0.306052923202515,0.0116591453552246,0.245578765869141,-1,-1,-1,-1,-1,-1,-1,-1,233.919620513916,NaN,NaN,NaN,Congruent,Left,Right,None,Left,Left,0,1,1,0,0,NaN,NaN,NaN,NaN,NaN,NaN,NaN,NaN,0,0,0,1,1,0,858,NaN,20260731_t1356_srsSmooth_Moretraining_B013,NaN,NaN,60.7581827720006,1.275151014328,NaN,NaN,NaN,0,NaN,NaN,NaN,NaN,0
20260731_t1356_srsSmooth_Moretraining,srs_smooth_Moretraining,trial1177.mat,1177,1177,858,13,83,53,56,16,40,8,1,1,5,2,42,8656,2,0,1,2,1,1,1,1,2,2,CHOSE_LOW_SAL,2,455,1,0,0,0,0,0,143,80,143,80,63,80,1,0,173.147919909961,16.8520800900392,173.147919909961,16.8520800900392,156.295839819922,156.295839819922,NaN,NaN,NaN,1785524294.71865,16116.78215512,1.97934103012085,0.016664981842041,0.0173275470733643,0.625579833984375,1.04170513153076,1.25896835327148,1.30062651634216,1.30062651634216,-1,-1,1.5939507484436,0.662565231323242,217.263221740723,41.6581630706787,258.921384811401,Congruent,Right,Left,Left,Right,Right,0,1,1,0,1,0,0,0,0,1,1,1,1,1,1,1,1,1,1,859,339,20260731_t1356_srsSmooth_Moretraining_B013,58,18,60.7829614241918,1.18066620826721,1,2,159,1,1,0,0,1,1
20260731_t1356_srsSmooth_Moretraining,srs_smooth_Moretraining,trial1178.mat,1178,1178,859,13,84,54,56,16,40,8,1,1,6,2,47,1338,2,0,2,1,1,2,1,2,0,0,,0,11,0,1,0,0,0,0,169,63,169,63,106,NaN,1,180,308.995735860885,241.004264139115,128.995735860885,61.0042641391149,67.9914717217702,67.9914717217702,NaN,NaN,NaN,1785524297.97075,16120.0341026,1.39307928085327,0.0146865844726562,0.306971311569214,1.08177328109741,-1,-1,-1,-1,-1,-1,-1,292.284727096558,NaN,NaN,NaN,Congruent,Left,Right,None,Left,Left,0,1,1,0,0,NaN,NaN,NaN,NaN,NaN,NaN,NaN,NaN,0,0,0,1,1,0,859,NaN,20260731_t1356_srsSmooth_Moretraining_B013,NaN,NaN,60.8371631662051,1.27276349067688,NaN,NaN,NaN,0,NaN,NaN,NaN,NaN,0
20260731_t1356_srsSmooth_Moretraining,srs_smooth_Moretraining,trial1179.mat,1179,1179,859,13,85,54,56,16,40,8,1,1,6,2,46,20270,2,0,2,1,1,2,1,2,1,2,CHOSE_HIGH_SAL,1,455,1,0,0,0,0,0,177,52,177,52,125,177,1,180,338.564409652955,211.435590347045,158.564409652955,31.4355903470448,127.12881930591,127.12881930591,NaN,NaN,NaN,1785524300.56738,16122.63073912,2.08916401863098,0.0181596279144287,0.160238027572632,0.693812370300293,1.06820058822632,1.31026768684387,1.35209894180298,1.35209894180298,-1,-1,1.61270666122437,142.078399658203,242.067098617554,41.8312549591064,283.89835357666,Congruent,Left,Right,Left,Left,Left,0,1,1,0,1,0,1,1,1,1,0,0,0,0,0,0,1,1,1,860,340,20260731_t1356_srsSmooth_Moretraining_B013,59,19,60.8804403146108,1.20354962348938,2,2,80,1,1,0,0,1,1
20260731_t1356_srsSmooth_Moretraining,srs_smooth_Moretraining,trial1180.mat,1180,1180,860,13,86,55,56,16,40,8,1,1,6,2,47,1338,2,0,2,1,1,2,1,2,1,2,CHOSE_HIGH_SAL,1,455,1,0,0,0,0,0,164,51,164,51,113,164,1,180,349.655397085539,200.344602914461,169.655397085539,20.3446029144615,149.310794171077,149.310794171077,NaN,NaN,NaN,1785524303.93954,16126.00287436,2.42527413368225,0.0127999782562256,0.238216400146484,0.979921340942383,1.37118697166443,1.61327266693115,1.65499448776245,1.65499448776245,-1,-1,1.95708417892456,225.416421890259,242.085695266724,41.7218208312988,283.807516098022,Congruent,Left,Right,Left,Left,Left,0,1,1,0,1,0,1,1,1,1,0,0,0,0,0,0,1,1,1,861,341,20260731_t1356_srsSmooth_Moretraining_B013,60,20,60.9366429249446,1.28299260139465,1,2,177,1,0,0,1,1,1
20260731_t1356_srsSmooth_Moretraining,srs_smooth_Moretraining,trial1181.mat,1181,1181,861,14,1,0,64,24,40,8,2,0,4,1,32,26590,1,2,1,2,2,2,2,2,2,2,SINGLE_T2_CORRECT,11,455,1,0,0,0,0,0,142,185,185,142,-43,185,1,0,10,180,10,180,-170,170,NaN,NaN,NaN,1785524307.6318,16129.69501168,2.29182815551758,0.0123507976531982,0.246515035629272,0.913174390792847,1.30406785011292,1.52952075004578,1.56283497810364,1.56283497810364,-1,-1,1.80671286582947,234.164237976074,225.452899932861,33.3142280578613,258.767127990723,Instruction,Right,Left,Left,Left,Left,1,0,0,0,0,NaN,NaN,NaN,NaN,NaN,NaN,NaN,NaN,1,0,0,0,0,0,862,NaN,20260731_t1356_srsSmooth_Moretraining_B014,1,NaN,60.9981805960337,1.26698613166809,NaN,NaN,NaN,0,NaN,NaN,NaN,NaN,0
20260731_t1356_srsSmooth_Moretraining,srs_smooth_Moretraining,trial1183.mat,1183,1183,862,14,3,1,64,24,40,8,2,0,1,1,1,8880,1,1,1,2,2,2,1,1,1,1,SINGLE_T1_CORRECT,10,455,1,0,0,0,0,0,103,182,182,103,-79,103,1,180,0,190,180,10,170,170,NaN,NaN,NaN,1785524312.67454,16134.73769212,1.93180775642395,0.0114760398864746,0.0121550559997559,0.628923416137695,1.02818274497986,1.2789318561554,1.31232500076294,1.31232500076294,-1,-1,1.53056812286377,0.67901611328125,250.749111175537,33.3931446075439,284.142255783081,Instruction,Right,Left,Right,Left,Right,1,0,0,0,0,NaN,NaN,NaN,NaN,NaN,NaN,NaN,NaN,1,0,1,0,1,0,863,NaN,20260731_t1356_srsSmooth_Moretraining_B014,2,NaN,61.0822262247403,2.75090956687927,NaN,NaN,NaN,0,NaN,NaN,NaN,NaN,0
20260731_t1356_srsSmooth_Moretraining,srs_smooth_Moretraining,trial1184.mat,1184,1184,863,14,4,2,64,24,40,8,2,0,1,1,7,20265,1,1,1,2,2,2,1,1,1,1,SINGLE_T1_CORRECT,10,455,1,0,0,0,0,0,132,189,189,132,-57,132,1,180,0,190,180,10,170,170,NaN,NaN,NaN,1785524315.86941,16137.9324884,2.21229934692383,0.0167255401611328,0.200597047805786,0.850689888000488,1.26677489280701,1.50929236412048,1.54260802268982,1.54260802268982,-1,-1,1.77766442298889,183.871507644653,242.517471313477,33.3156585693359,275.833129882812,Instruction,Right,Left,Right,Left,Right,1,0,0,0,0,NaN,NaN,NaN,NaN,NaN,NaN,NaN,NaN,1,0,1,0,1,0,864,NaN,20260731_t1356_srsSmooth_Moretraining_B014,3,NaN,61.1354741454124,1.26306748390198,NaN,NaN,NaN,0,NaN,NaN,NaN,NaN,0
20260731_t1356_srsSmooth_Moretraining,srs_smooth_Moretraining,trial1185.mat,1185,1185,864,14,5,3,64,24,40,8,2,0,3,1,25,25448,1,2,2,1,2,1,2,1,2,1,SINGLE_T2_CORRECT,11,455,1,0,0,0,0,0,134,182,182,134,-48,182,1,180,190,0,10,180,-170,170,NaN,NaN,NaN,1785524319.33418,16141.39709068,2.35666847229004,0.0187633037567139,0.202677726745605,0.944307565689087,1.2938129901886,1.51926875114441,1.56111574172974,1.56111574172974,-1,-1,1.87175178527832,183.914422988892,225.455760955811,41.8469905853271,267.302751541138,Instruction,Left,Right,Right,Right,Right,1,0,0,0,0,NaN,NaN,NaN,NaN,NaN,NaN,NaN,NaN,0,1,1,0,0,0,865,NaN,20260731_t1356_srsSmooth_Moretraining_B014,4,NaN,61.1932202219963,1.25246524810791,NaN,NaN,NaN,0,NaN,NaN,NaN,NaN,0
20260731_t1356_srsSmooth_Moretraining,srs_smooth_Moretraining,trial1187.mat,1187,1187,865,14,7,4,64,24,40,8,2,0,3,1,30,11380,1,2,2,1,2,1,2,1,2,1,SINGLE_T2_CORRECT,11,455,1,0,0,0,0,0,113,185,185,113,-72,185,1,0,10,180,10,180,-170,170,NaN,NaN,NaN,1785524324.49248,16146.55529384,2.15634441375732,0.0189900398254395,0.01995849609375,0.694509267807007,1.085697889328,1.32786703109741,1.36121821403503,1.36121821403503,-1,-1,1.67171478271484,0.968456268310547,242.169141769409,33.3511829376221,275.520324707031,Instruction,Left,Right,Right,Right,Right,1,0,0,0,0,NaN,NaN,NaN,NaN,NaN,NaN,NaN,NaN,0,1,1,0,0,0,866,NaN,20260731_t1356_srsSmooth_Moretraining_B014,5,NaN,61.2791920264562,2.80163979530334,NaN,NaN,NaN,0,NaN,NaN,NaN,NaN,0
20260731_t1356_srsSmooth_Moretraining,srs_smooth_Moretraining,trial1188.mat,1188,1188,866,14,8,5,64,24,40,8,2,0,1,1,2,5859,1,1,1,2,2,2,1,1,1,1,SINGLE_T1_CORRECT,10,455,1,0,0,0,0,0,103,161,161,103,-58,103,1,0,180,10,180,10,170,170,NaN,NaN,NaN,1785524327.95916,16150.02196152,2.37304091453552,0.0191202163696289,0.161251544952393,0.936256885528564,1.36083960533142,1.6196186542511,1.66131114959717,1.66131114959717,-1,-1,1.97138714790344,142.131328582764,258.779048919678,41.6924953460693,300.471544265747,Instruction,Right,Left,Right,Left,Right,1,0,0,0,0,NaN,NaN,NaN,NaN,NaN,NaN,NaN,NaN,1,0,1,0,1,0,867,NaN,20260731_t1356_srsSmooth_Moretraining_B014,6,NaN,61.3369698842367,1.31032705307007,NaN,NaN,NaN,0,NaN,NaN,NaN,NaN,0
20260731_t1356_srsSmooth_Moretraining,srs_smooth_Moretraining,trial1189.mat,1189,1189,867,14,9,6,64,24,40,8,2,0,2,1,19,4883,1,1,2,1,2,1,1,2,1,2,SINGLE_T1_CORRECT,10,455,1,0,0,0,0,0,128,204,204,128,-76,128,1,0,180,10,180,10,170,170,NaN,NaN,NaN,1785524331.59041,16153.65318116,2.34194350242615,0.0130047798156738,0.288501501083374,1.03017902374268,1.40472602844238,1.58848261833191,1.63017392158508,1.63017392158508,-1,-1,1.91521382331848,275.4967212677,183.756589889526,41.6913032531738,225.4478931427,Instruction,Left,Right,Left,Right,Left,1,0,0,0,0,NaN,NaN,NaN,NaN,NaN,NaN,NaN,NaN,0,1,0,0,1,0,868,NaN,20260731_t1356_srsSmooth_Moretraining_B014,7,NaN,61.3974908431371,1.25821661949158,NaN,NaN,NaN,0,NaN,NaN,NaN,NaN,0
20260731_t1356_srsSmooth_Moretraining,srs_smooth_Moretraining,trial1190.mat,1190,1190,868,14,10,7,64,24,40,8,2,0,2,1,11,19916,1,1,2,1,2,1,1,2,1,2,SINGLE_T1_CORRECT,10,455,1,0,0,0,0,0,142,183,183,142,-41,142,1,0,180,10,180,10,170,170,NaN,NaN,NaN,1785524335.23223,16157.29489788,2.37547445297241,0.0129942893981934,0.230059862136841,0.980191469192505,1.37971425056458,1.58848667144775,1.63022184371948,1.63022184371948,-1,-1,1.93187856674194,217.065572738647,208.772420883179,41.7351722717285,250.507593154907,Instruction,Left,Right,Left,Right,Left,1,0,0,0,0,NaN,NaN,NaN,NaN,NaN,NaN,NaN,NaN,0,1,0,0,1,0,869,NaN,20260731_t1356_srsSmooth_Moretraining_B014,8,NaN,61.4581878383954,1.29987621307373,NaN,NaN,NaN,0,NaN,NaN,NaN,NaN,0
20260731_t1356_srsSmooth_Moretraining,srs_smooth_Moretraining,trial1191.mat,1191,1191,869,14,11,8,64,24,40,8,2,0,3,1,21,2645,1,2,2,1,2,1,2,1,2,1,SINGLE_T2_CORRECT,11,455,1,0,0,0,0,0,120,162,162,120,-42,162,1,180,190,0,10,180,-170,170,NaN,NaN,NaN,1785524338.88394,16160.94648904,2.46613359451294,0.0114266872406006,0.27867865562439,1.00364470481873,1.3698136806488,1.70365405082703,1.74524140357971,1.74524140357971,-1,-1,2.00571465492249,267.251968383789,333.840370178223,41.5873527526855,375.427722930908,Instruction,Left,Right,Right,Right,Right,1,0,0,0,0,NaN,NaN,NaN,NaN,NaN,NaN,NaN,NaN,0,1,1,0,0,0,870,NaN,20260731_t1356_srsSmooth_Moretraining_B014,9,NaN,61.519049680233,1.27623605728149,NaN,NaN,NaN,0,NaN,NaN,NaN,NaN,0
20260731_t1356_srsSmooth_Moretraining,srs_smooth_Moretraining,trial1192.mat,1192,1192,870,14,12,9,64,24,40,8,2,0,1,1,6,9649,1,1,1,2,2,2,1,1,1,1,SINGLE_T1_CORRECT,10,455,1,0,0,0,0,0,143,202,202,143,-59,143,1,0,180,10,180,10,170,170,NaN,NaN,NaN,1785524342.65577,16164.71814856,2.36058831214905,0.0147521495819092,0.273706912994385,0.998721599578857,1.37313914299011,1.63188934326172,1.67378401756287,1.67378401756287,-1,-1,1.91810965538025,258.954763412476,258.750200271606,41.8946743011475,300.644874572754,Instruction,Right,Left,Right,Left,Right,1,0,0,0,0,NaN,NaN,NaN,NaN,NaN,NaN,NaN,NaN,1,0,1,0,1,0,871,NaN,20260731_t1356_srsSmooth_Moretraining_B014,10,NaN,61.5819133917491,1.30568909645081,NaN,NaN,NaN,0,NaN,NaN,NaN,NaN,0
20260731_t1356_srsSmooth_Moretraining,srs_smooth_Moretraining,trial1194.mat,1194,1194,871,14,14,10,64,24,40,8,2,0,3,1,23,21504,1,2,2,1,2,1,2,1,2,1,SINGLE_T2_CORRECT,11,455,1,0,0,0,0,0,125,203,203,125,-78,203,1,180,190,0,10,180,-170,170,NaN,NaN,NaN,1785524347.78621,16169.84857484,2.3470983505249,0.0178430080413818,0.268469572067261,0.918484926223755,1.27622509002686,1.50190591812134,1.54371643066406,1.54371643066406,-1,-1,1.84605884552002,250.626564025879,225.680828094482,41.8105125427246,267.491340637207,Instruction,Left,Right,Right,Right,Right,1,0,0,0,0,NaN,NaN,NaN,NaN,NaN,NaN,NaN,NaN,0,1,1,0,0,0,872,NaN,20260731_t1356_srsSmooth_Moretraining_B014,11,NaN,61.6674207925796,2.76985573768616,NaN,NaN,NaN,0,NaN,NaN,NaN,NaN,0
20260731_t1356_srsSmooth_Moretraining,srs_smooth_Moretraining,trial1195.mat,1195,1195,872,14,15,11,64,24,40,8,2,0,4,1,39,32575,1,2,1,2,2,2,2,2,2,2,SINGLE_T2_CORRECT,11,455,1,0,0,0,0,0,130,167,167,130,-37,167,1,180,190,0,10,180,-170,170,NaN,NaN,NaN,1785524351.39968,16173.46204856,2.29191660881042,0.0128469467163086,0.213204145431519,0.988751173019409,1.35456681251526,1.56376981735229,1.59657740592957,1.59657740592957,-1,-1,1.82349896430969,200.35719871521,209.203004837036,32.8075885772705,242.010593414307,Instruction,Right,Left,Left,Left,Left,1,0,0,0,0,NaN,NaN,NaN,NaN,NaN,NaN,NaN,NaN,1,0,0,0,0,0,873,NaN,20260731_t1356_srsSmooth_Moretraining_B014,12,NaN,61.7276452938716,1.26637172698975,NaN,NaN,NaN,0,NaN,NaN,NaN,NaN,0
20260731_t1356_srsSmooth_Moretraining,srs_smooth_Moretraining,trial1196.mat,1196,1196,873,14,16,12,64,24,40,8,2,0,4,1,38,32085,1,2,1,2,2,2,2,2,2,2,SINGLE_T2_CORRECT,11,455,1,0,0,0,0,0,161,199,199,161,-38,199,1,0,10,180,10,180,-170,170,NaN,NaN,NaN,1785524354.95388,16177.01606816,2.24602651596069,0.0171153545379639,0.309242963790894,0.825813770294189,1.23383045196533,1.47577786445618,1.50915312767029,1.50915312767029,-1,-1,1.74446678161621,292.12760925293,241.947412490845,33.3752632141113,275.322675704956,Instruction,Right,Left,Left,Left,Left,1,0,0,0,0,NaN,NaN,NaN,NaN,NaN,NaN,NaN,NaN,1,0,0,0,0,0,874,NaN,20260731_t1356_srsSmooth_Moretraining_B014,13,NaN,61.7868820349375,1.26228785514832,NaN,NaN,NaN,0,NaN,NaN,NaN,NaN,0
20260731_t1356_srsSmooth_Moretraining,srs_smooth_Moretraining,trial1197.mat,1197,1197,874,14,17,13,64,24,40,8,2,0,1,1,8,11574,1,1,1,2,2,2,1,1,1,1,SINGLE_T1_CORRECT,10,455,1,0,0,0,0,0,122,190,190,122,-68,122,1,180,0,190,180,10,170,170,NaN,NaN,NaN,1785524358.48177,16180.5440086,2.23480319976807,0.0143647193908691,0.28990626335144,0.948392152786255,1.31441569328308,1.54833269119263,1.58996200561523,1.58996200561523,-1,-1,1.8084077835083,275.541543960571,233.916997909546,41.6293144226074,275.546312332153,Instruction,Right,Left,Right,Left,Right,1,0,0,0,0,NaN,NaN,NaN,NaN,NaN,NaN,NaN,NaN,1,0,1,0,1,0,875,NaN,20260731_t1356_srsSmooth_Moretraining_B014,14,NaN,61.84568019708,1.28186321258545,NaN,NaN,NaN,0,NaN,NaN,NaN,NaN,0
20260731_t1356_srsSmooth_Moretraining,srs_smooth_Moretraining,trial1198.mat,1198,1198,875,14,18,14,64,24,40,8,2,0,1,1,5,32396,1,1,1,2,2,2,1,1,1,1,SINGLE_T1_CORRECT,10,455,1,0,0,0,0,0,136,189,189,136,-53,136,1,180,0,190,180,10,170,170,NaN,NaN,NaN,1785524361.97468,16184.03671656,2.35125875473022,0.0132606029510498,0.255666732788086,1.01393175125122,1.41331553459167,1.64717507362366,1.68071532249451,1.68071532249451,-1,-1,1.91642308235168,242.406129837036,233.859539031982,33.5402488708496,267.399787902832,Instruction,Right,Left,Right,Left,Right,1,0,0,0,0,NaN,NaN,NaN,NaN,NaN,NaN,NaN,NaN,1,0,1,0,1,0,876,NaN,20260731_t1356_srsSmooth_Moretraining_B014,15,NaN,61.9038953145345,1.25810384750366,NaN,NaN,NaN,0,NaN,NaN,NaN,NaN,0
20260731_t1356_srsSmooth_Moretraining,srs_smooth_Moretraining,trial1199.mat,1199,1199,876,14,19,15,64,24,40,8,2,0,4,1,37,5647,1,2,1,2,2,2,2,2,2,2,SINGLE_T2_CORRECT,11,455,1,0,0,0,0,0,157,190,190,157,-33,190,1,180,190,0,10,180,-170,170,NaN,NaN,NaN,1785524365.6185,16187.68044832,2.13241982460022,0.011256217956543,0.0124845504760742,0.703835964202881,1.11963319778442,1.35388684272766,1.38709497451782,1.38709497451782,-1,-1,1.6390438079834,1.22833251953125,234.253644943237,33.2081317901611,267.461776733398,Instruction,Right,Left,Left,Left,Left,1,0,0,0,0,NaN,NaN,NaN,NaN,NaN,NaN,NaN,NaN,1,0,0,0,0,0,877,NaN,20260731_t1356_srsSmooth_Moretraining_B014,16,NaN,61.9646255572637,1.292555809021,NaN,NaN,NaN,0,NaN,NaN,NaN,NaN,0
20260731_t1356_srsSmooth_Moretraining,srs_smooth_Moretraining,trial1201.mat,1201,1201,877,14,21,16,64,24,40,8,2,0,4,1,35,6498,1,2,1,2,2,2,2,2,2,2,SINGLE_T2_CORRECT,11,455,1,0,0,0,0,0,146,201,201,146,-55,201,1,180,190,0,10,180,-170,170,NaN,NaN,NaN,1785524370.56832,16192.63015936,2.32428979873657,0.0116302967071533,0.27908730506897,0.895785093307495,1.29501342773438,1.52067041397095,1.55403923988342,1.55403923988342,-1,-1,1.82332134246826,267.457008361816,225.656986236572,33.3688259124756,259.025812149048,Instruction,Right,Left,Left,Left,Left,1,0,0,0,0,NaN,NaN,NaN,NaN,NaN,NaN,NaN,NaN,1,0,0,0,0,0,878,NaN,20260731_t1356_srsSmooth_Moretraining_B014,17,NaN,62.0471225698789,2.81740093231201,NaN,NaN,NaN,0,NaN,NaN,NaN,NaN,0
20260731_t1356_srsSmooth_Moretraining,srs_smooth_Moretraining,trial1202.mat,1202,1202,878,14,22,17,64,24,40,8,2,0,2,1,20,23145,1,1,2,1,2,1,1,2,1,2,SINGLE_T1_CORRECT,10,455,1,0,0,0,0,0,102,174,174,102,-72,102,1,180,0,190,180,10,170,170,NaN,NaN,NaN,1785524374.21013,16196.2719496,2.0574951171875,0.0116243362426758,0.237472295761108,0.745445489883423,1.12833428382874,1.36252641677856,1.40395402908325,1.40395402908325,-1,-1,1.65659856796265,225.847959518433,234.192132949829,41.4276123046875,275.619745254517,Instruction,Left,Right,Left,Right,Left,1,0,0,0,0,NaN,NaN,NaN,NaN,NaN,NaN,NaN,NaN,0,1,0,0,1,0,879,NaN,20260731_t1356_srsSmooth_Moretraining_B014,18,NaN,62.1078195055326,1.31752634048462,NaN,NaN,NaN,0,NaN,NaN,NaN,NaN,0
20260731_t1356_srsSmooth_Moretraining,srs_smooth_Moretraining,trial1203.mat,1203,1203,879,14,23,18,64,24,40,8,2,0,4,1,31,16416,1,2,1,2,2,2,2,2,2,2,SINGLE_T2_CORRECT,11,455,1,0,0,0,0,0,148,209,209,148,-61,209,1,0,10,180,10,180,-170,170,NaN,NaN,NaN,1785524377.5476,16199.60940752,2.23661541938782,0.01595139503479,0.233082056045532,0.874744653701782,1.24099946022034,1.4664294719696,1.50808048248291,1.50808048248291,-1,-1,1.72662687301636,217.130661010742,225.430011749268,41.6510105133057,267.081022262573,Instruction,Right,Left,Left,Left,Left,1,0,0,0,0,NaN,NaN,NaN,NaN,NaN,NaN,NaN,NaN,1,0,0,0,0,0,880,NaN,20260731_t1356_srsSmooth_Moretraining_B014,19,NaN,62.163444018364,1.2799756526947,NaN,NaN,NaN,0,NaN,NaN,NaN,NaN,0
20260731_t1356_srsSmooth_Moretraining,srs_smooth_Moretraining,trial1205.mat,1205,1205,880,14,25,19,64,24,40,8,2,0,1,1,10,13680,1,1,1,2,2,2,1,1,1,1,SINGLE_T1_CORRECT,10,455,1,0,0,0,0,0,141,182,182,141,-41,141,1,180,0,190,180,10,170,170,NaN,NaN,NaN,1785524382.52218,16204.58394144,2.18700933456421,0.0165672302246094,0.225523471832275,0.750405788421631,1.14994502067566,1.41708469390869,1.45029878616333,1.45029878616333,-1,-1,1.74415850639343,208.956241607666,267.139673233032,33.2140922546387,300.353765487671,Instruction,Right,Left,Right,Left,Right,1,0,0,0,0,NaN,NaN,NaN,NaN,NaN,NaN,NaN,NaN,1,0,1,0,1,0,881,NaN,20260731_t1356_srsSmooth_Moretraining_B014,20,NaN,62.2463536739349,2.73796391487122,NaN,NaN,NaN,0,NaN,NaN,NaN,NaN,0
20260731_t1356_srsSmooth_Moretraining,srs_smooth_Moretraining,trial1206.mat,1206,1206,881,14,26,20,64,24,40,8,2,0,1,1,4,1582,1,1,1,2,2,2,1,1,1,1,SINGLE_T1_CORRECT,10,455,1,0,0,0,0,0,133,165,165,133,-32,133,1,0,180,10,180,10,170,170,NaN,NaN,NaN,1785524385.96178,16208.02327392,1.91460752487183,0.018775463104248,0.0197811126708984,0.544459581375122,0.97714638710022,1.2196581363678,1.25281691551208,1.25281691551208,-1,-1,1.47964310646057,1.00564956665039,242.511749267578,33.1587791442871,275.670528411865,Instruction,Right,Left,Right,Left,Right,1,0,0,0,0,NaN,NaN,NaN,NaN,NaN,NaN,NaN,NaN,1,0,1,0,1,0,882,NaN,20260731_t1356_srsSmooth_Moretraining_B014,21,NaN,62.3036802530289,1.25258541107178,NaN,NaN,NaN,0,NaN,NaN,NaN,NaN,0
20260731_t1356_srsSmooth_Moretraining,srs_smooth_Moretraining,trial1207.mat,1207,1207,882,14,27,21,64,24,40,8,2,0,3,1,22,27350,1,2,2,1,2,1,2,1,2,1,SINGLE_T2_CORRECT,11,455,1,0,0,0,0,0,141,169,169,141,-28,169,1,0,10,180,10,180,-170,170,NaN,NaN,NaN,1785524389.15359,16211.21508564,2.15597319602966,0.018756628036499,0.211102485656738,0.810757637023926,1.21880340576172,1.42752242088318,1.46086525917053,1.46086525917053,-1,-1,1.68759512901306,192.345857620239,208.71901512146,33.3428382873535,242.061853408813,Instruction,Left,Right,Right,Right,Right,1,0,0,0,0,NaN,NaN,NaN,NaN,NaN,NaN,NaN,NaN,0,1,1,0,0,0,883,NaN,20260731_t1356_srsSmooth_Moretraining_B014,22,NaN,62.3568771004677,1.27720332145691,NaN,NaN,NaN,0,NaN,NaN,NaN,NaN,0
20260731_t1356_srsSmooth_Moretraining,srs_smooth_Moretraining,trial1208.mat,1208,1208,883,14,28,22,64,24,40,8,2,0,2,1,12,7050,1,1,2,1,2,1,1,2,1,2,SINGLE_T1_CORRECT,10,455,1,0,0,0,0,0,151,157,157,151,-6,151,1,0,180,10,180,10,170,170,NaN,NaN,NaN,1785524392.58528,16214.64683156,2.17454719543457,0.0122013092041016,0.279322862625122,0.829315185546875,1.22891640663147,1.43764877319336,1.47922396659851,1.47922396659851,-1,-1,1.72274422645569,267.121553421021,208.73236656189,41.5751934051514,250.307559967041,Instruction,Left,Right,Left,Right,Left,1,0,0,0,0,NaN,NaN,NaN,NaN,NaN,NaN,NaN,NaN,0,1,0,0,1,0,884,NaN,20260731_t1356_srsSmooth_Moretraining_B014,23,NaN,62.4140719374021,1.27571702003479,NaN,NaN,NaN,0,NaN,NaN,NaN,NaN,0
20260731_t1356_srsSmooth_Moretraining,srs_smooth_Moretraining,trial1209.mat,1209,1209,884,14,29,23,64,24,40,8,2,0,2,1,18,29399,1,1,2,1,2,1,1,2,1,2,SINGLE_T1_CORRECT,10,455,1,0,0,0,0,0,167,210,210,167,-43,167,1,0,180,10,180,10,170,170,NaN,NaN,NaN,1785524396.03624,16218.09770684,2.20751523971558,0.0113792419433594,0.211958169937134,0.812296628952026,1.18642497062683,1.44562101364136,1.48743867874146,1.48743867874146,-1,-1,1.73911619186401,200.578927993774,259.196043014526,41.8176651000977,301.013708114624,Instruction,Left,Right,Left,Right,Left,1,0,0,0,0,NaN,NaN,NaN,NaN,NaN,NaN,NaN,NaN,0,1,0,0,1,0,885,NaN,20260731_t1356_srsSmooth_Moretraining_B014,24,NaN,62.4715879042943,1.27641081809998,NaN,NaN,NaN,0,NaN,NaN,NaN,NaN,0
20260731_t1356_srsSmooth_Moretraining,srs_smooth_Moretraining,trial1210.mat,1210,1210,885,14,30,24,64,24,40,8,2,0,4,1,34,11140,1,2,1,2,2,2,2,2,2,2,SINGLE_T2_CORRECT,11,455,1,0,0,0,0,0,155,169,169,155,-14,169,1,180,190,0,10,180,-170,170,NaN,NaN,NaN,1785524399.50955,16221.57094628,2.44308137893677,0.0132191181182861,0.230428457260132,1.01407146453857,1.46326112747192,1.68898940086365,1.72230768203735,1.72230768203735,-1,-1,1.97439241409302,217.209339141846,225.728273391724,33.3182811737061,259.04655456543,Instruction,Right,Left,Left,Left,Left,1,0,0,0,0,NaN,NaN,NaN,NaN,NaN,NaN,NaN,NaN,1,0,0,0,0,0,886,NaN,20260731_t1356_srsSmooth_Moretraining_B014,25,NaN,62.5294764399529,1.26579689979553,NaN,NaN,NaN,0,NaN,NaN,NaN,NaN,0
20260731_t1356_srsSmooth_Moretraining,srs_smooth_Moretraining,trial1211.mat,1211,1211,886,14,31,25,64,24,40,8,2,0,3,1,28,6991,1,2,2,1,2,1,2,1,2,1,SINGLE_T2_CORRECT,11,455,1,0,0,0,0,0,143,209,209,143,-66,209,1,0,10,180,10,180,-170,170,NaN,NaN,NaN,1785524403.20461,16225.26581596,2.29814982414246,0.0182836055755615,0.285698413848877,0.87736439704895,1.22666501998901,1.49394011497498,1.52730083465576,1.52730083465576,-1,-1,1.78749322891235,267.414808273315,267.275094985962,33.3607196807861,300.635814666748,Instruction,Left,Right,Right,Right,Right,1,0,0,0,0,NaN,NaN,NaN,NaN,NaN,NaN,NaN,NaN,0,1,1,0,0,0,887,NaN,20260731_t1356_srsSmooth_Moretraining_B014,26,NaN,62.5910608768463,1.25198483467102,NaN,NaN,NaN,0,NaN,NaN,NaN,NaN,0
20260731_t1356_srsSmooth_Moretraining,srs_smooth_Moretraining,trial1212.mat,1212,1212,887,14,32,26,64,24,40,8,2,0,3,1,29,27828,1,2,2,1,2,1,2,1,2,1,SINGLE_T2_CORRECT,11,455,1,0,0,0,0,0,119,200,200,119,-81,200,1,180,190,0,10,180,-170,170,NaN,NaN,NaN,1785524406.82718,16228.88842412,2.57550930976868,0.0125241279602051,0.271186590194702,1.05450010299683,1.51258301734924,1.77125835418701,1.8047149181366,1.8047149181366,-1,-1,2.07317090034485,258.662462234497,258.675336837769,33.456563949585,292.131900787354,Instruction,Left,Right,Right,Right,Right,1,0,0,0,0,NaN,NaN,NaN,NaN,NaN,NaN,NaN,NaN,0,1,1,0,0,0,888,NaN,20260731_t1356_srsSmooth_Moretraining_B014,27,NaN,62.6514370242755,1.32441902160645,NaN,NaN,NaN,0,NaN,NaN,NaN,NaN,0
20260731_t1356_srsSmooth_Moretraining,srs_smooth_Moretraining,trial1213.mat,1213,1213,888,14,33,27,64,24,40,8,2,0,2,1,16,29972,1,1,2,1,2,1,1,2,1,2,SINGLE_T1_CORRECT,10,455,1,0,0,0,0,0,128,187,187,128,-59,128,1,0,180,10,180,10,170,170,NaN,NaN,NaN,1785524410.67368,16232.7347706,2.22012543678284,0.0161793231964111,0.250331878662109,0.850214719772339,1.26622939109802,1.47498798370361,1.51697564125061,1.51697564125061,-1,-1,1.79337048530579,234.152555465698,208.758592605591,41.9876575469971,250.746250152588,Instruction,Left,Right,Left,Right,Left,1,0,0,0,0,NaN,NaN,NaN,NaN,NaN,NaN,NaN,NaN,0,1,0,0,1,0,889,NaN,20260731_t1356_srsSmooth_Moretraining_B014,28,NaN,62.7155453046163,1.27098751068115,NaN,NaN,NaN,0,NaN,NaN,NaN,NaN,0
20260731_t1356_srsSmooth_Moretraining,srs_smooth_Moretraining,trial1214.mat,1214,1214,889,14,34,28,64,24,40,8,2,0,4,1,33,29751,1,2,1,2,2,2,2,2,2,2,SINGLE_T2_CORRECT,11,455,1,0,0,0,0,0,148,164,164,148,-16,164,1,180,190,0,10,180,-170,170,NaN,NaN,NaN,1785524414.16048,16236.22155288,2.22605514526367,0.0128517150878906,0.280021905899048,0.821759700775146,1.21289968490601,1.45552563667297,1.49712371826172,1.49712371826172,-1,-1,1.75700569152832,267.170190811157,242.625951766968,41.5980815887451,284.224033355713,Instruction,Right,Left,Left,Left,Left,1,0,0,0,0,NaN,NaN,NaN,NaN,NaN,NaN,NaN,NaN,1,0,0,0,0,0,890,NaN,20260731_t1356_srsSmooth_Moretraining_B014,29,NaN,62.7736586133639,1.26667308807373,NaN,NaN,NaN,0,NaN,NaN,NaN,NaN,0
20260731_t1356_srsSmooth_Moretraining,srs_smooth_Moretraining,trial1215.mat,1215,1215,890,14,35,29,64,24,40,8,2,0,1,1,9,22346,1,1,1,2,2,2,1,1,1,1,SINGLE_T1_CORRECT,10,455,1,0,0,0,0,0,140,184,184,140,-44,140,1,180,0,190,180,10,170,170,NaN,NaN,NaN,1785524417.66861,16239.72948808,2.25978398323059,0.0131964683532715,0.239003658294678,0.939035415649414,1.29658055305481,1.54751014709473,1.5808629989624,1.5808629989624,-1,-1,1.81670928001404,225.807189941406,250.929594039917,33.3528518676758,284.282445907593,Instruction,Right,Left,Right,Left,Right,1,0,0,0,0,NaN,NaN,NaN,NaN,NaN,NaN,NaN,NaN,1,0,1,0,1,0,891,NaN,20260731_t1356_srsSmooth_Moretraining_B014,30,NaN,62.8321274002393,1.28207206726074,NaN,NaN,NaN,0,NaN,NaN,NaN,NaN,0
20260731_t1356_srsSmooth_Moretraining,srs_smooth_Moretraining,trial1216.mat,1216,1216,891,14,36,30,64,24,40,8,2,0,3,1,27,13953,1,2,2,1,2,1,2,1,2,1,SINGLE_T2_CORRECT,11,455,1,0,0,0,0,0,147,188,188,147,-41,188,1,0,10,180,10,180,-170,170,NaN,NaN,NaN,1785524421.21137,16243.27214964,2.07442593574524,0.0122358798980713,0.0131256580352783,0.679371118545532,1.03727579116821,1.29647660255432,1.32953071594238,1.32953071594238,-1,-1,1.58992671966553,0.889778137207031,259.200811386108,33.0541133880615,292.25492477417,Instruction,Left,Right,Right,Right,Right,1,0,0,0,0,NaN,NaN,NaN,NaN,NaN,NaN,NaN,NaN,0,1,1,0,0,0,892,NaN,20260731_t1356_srsSmooth_Moretraining_B014,31,NaN,62.8911735296249,1.28298377990723,NaN,NaN,NaN,0,NaN,NaN,NaN,NaN,0
20260731_t1356_srsSmooth_Moretraining,srs_smooth_Moretraining,trial1217.mat,1217,1217,892,14,37,31,64,24,40,8,2,0,2,1,13,3999,1,1,2,1,2,1,1,2,1,2,SINGLE_T1_CORRECT,10,455,1,0,0,0,0,0,148,175,175,148,-27,148,1,0,180,10,180,10,170,170,NaN,NaN,NaN,1785524424.56065,16246.62149924,2.25970387458801,0.0130960941314697,0.26394510269165,0.897307634353638,1.28815007209778,1.49729371070862,1.53062129020691,1.53062129020691,-1,-1,1.80772662162781,250.849008560181,209.14363861084,33.327579498291,242.471218109131,Instruction,Left,Right,Left,Right,Left,1,0,0,0,0,NaN,NaN,NaN,NaN,NaN,NaN,NaN,NaN,0,1,0,0,1,0,893,NaN,20260731_t1356_srsSmooth_Moretraining_B014,32,NaN,62.9469947258631,1.27484583854675,NaN,NaN,NaN,0,NaN,NaN,NaN,NaN,0
20260731_t1356_srsSmooth_Moretraining,srs_smooth_Moretraining,trial1218.mat,1218,1218,893,14,38,32,64,24,40,8,2,0,4,1,40,11614,1,2,1,2,2,2,2,2,2,2,SINGLE_T2_CORRECT,11,455,1,0,0,0,0,0,143,190,190,143,-47,190,1,0,10,180,10,180,-170,170,NaN,NaN,NaN,1785524428.10417,16250.16485196,2.56590914726257,0.0113749504089355,0.278601169586182,1.07023334503174,1.47809910774231,1.73685932159424,1.77024030685425,1.77024030685425,-1,-1,2.07294130325317,267.226219177246,258.760213851929,33.3809852600098,292.141199111938,Instruction,Right,Left,Left,Left,Left,1,0,0,0,0,NaN,NaN,NaN,NaN,NaN,NaN,NaN,NaN,1,0,0,0,0,0,894,NaN,20260731_t1356_srsSmooth_Moretraining_B014,33,NaN,63.006053507328,1.28382301330566,NaN,NaN,NaN,0,NaN,NaN,NaN,NaN,0
20260731_t1356_srsSmooth_Moretraining,srs_smooth_Moretraining,trial1219.mat,1219,1219,894,14,39,33,64,24,40,8,2,0,4,1,36,1288,1,2,1,2,2,2,2,2,2,2,SINGLE_T2_CORRECT,11,455,1,0,0,0,0,0,126,176,176,126,-50,176,1,0,10,180,10,180,-170,170,NaN,NaN,NaN,1785524431.9545,16254.01492692,2.40702700614929,0.0111949443817139,0.25327730178833,0.90338659286499,1.31124591827393,1.57839918136597,1.61998653411865,1.61998653411865,-1,-1,1.93003606796265,242.082357406616,267.153263092041,41.5873527526855,308.740615844727,Instruction,Right,Left,Left,Left,Left,1,0,0,0,0,NaN,NaN,NaN,NaN,NaN,NaN,NaN,NaN,1,0,0,0,0,0,895,NaN,20260731_t1356_srsSmooth_Moretraining_B014,34,NaN,63.0702257116636,1.28442311286926,NaN,NaN,NaN,0,NaN,NaN,NaN,NaN,0
20260731_t1356_srsSmooth_Moretraining,srs_smooth_Moretraining,trial1220.mat,1220,1220,895,14,40,34,64,24,40,8,2,0,3,1,26,22294,1,2,2,1,2,1,2,1,2,1,SINGLE_T2_CORRECT,11,455,1,0,0,0,0,0,129,177,177,129,-48,177,1,180,190,0,10,180,-170,170,NaN,NaN,NaN,1785524435.66442,16257.72504956,2.38107681274414,0.0180938243865967,0.293674230575562,1.01879000663757,1.39314818382263,1.6353132724762,1.67700600624084,1.67700600624084,-1,-1,1.90450739860535,275.580406188965,242.165088653564,41.6927337646484,283.857822418213,Instruction,Left,Right,Right,Right,Right,1,0,0,0,0,NaN,NaN,NaN,NaN,NaN,NaN,NaN,NaN,0,1,1,0,0,0,896,NaN,20260731_t1356_srsSmooth_Moretraining_B014,35,NaN,63.1320575912793,1.30288577079773,NaN,NaN,NaN,0,NaN,NaN,NaN,NaN,0
20260731_t1356_srsSmooth_Moretraining,srs_smooth_Moretraining,trial1221.mat,1221,1221,896,14,41,35,64,24,40,8,2,0,1,1,3,23183,1,1,1,2,2,2,1,1,1,1,SINGLE_T1_CORRECT,10,455,1,0,0,0,0,0,136,200,200,136,-64,136,1,0,180,10,180,10,170,170,NaN,NaN,NaN,1785524439.34028,16261.40078196,2.20516896247864,0.0173778533935547,0.29312801361084,0.817949533462524,1.20909190177917,1.47650790214539,1.51806044578552,1.51806044578552,-1,-1,1.77087640762329,275.750160217285,267.416000366211,41.5525436401367,308.968544006348,Instruction,Right,Left,Right,Left,Right,1,0,0,0,0,NaN,NaN,NaN,NaN,NaN,NaN,NaN,NaN,1,0,1,0,1,0,897,NaN,20260731_t1356_srsSmooth_Moretraining_B014,36,NaN,63.1933219273885,1.29478335380554,NaN,NaN,NaN,0,NaN,NaN,NaN,NaN,0
20260731_t1356_srsSmooth_Moretraining,srs_smooth_Moretraining,trial1222.mat,1222,1222,897,14,42,36,64,24,40,8,2,0,2,1,17,8083,1,1,2,1,2,1,1,2,1,2,SINGLE_T1_CORRECT,10,455,1,0,0,0,0,0,129,207,207,129,-78,129,1,180,0,190,180,10,170,170,NaN,NaN,NaN,1785524442.81449,16264.87488576,2.39787983894348,0.0183060169219971,0.219170808792114,1.01917147636414,1.3850269317627,1.61901211738586,1.66068243980408,1.66068243980408,-1,-1,1.97169995307922,200.864791870117,233.985185623169,41.6703224182129,275.655508041382,Instruction,Left,Right,Left,Right,Left,1,0,0,0,0,NaN,NaN,NaN,NaN,NaN,NaN,NaN,NaN,0,1,0,0,1,0,898,NaN,20260731_t1356_srsSmooth_Moretraining_B014,37,NaN,63.2512253920237,1.26903891563416,NaN,NaN,NaN,0,NaN,NaN,NaN,NaN,0
20260731_t1356_srsSmooth_Moretraining,srs_smooth_Moretraining,trial1223.mat,1223,1223,898,14,43,37,64,24,40,8,2,0,2,1,14,19523,1,1,2,1,2,1,1,2,1,2,SINGLE_T1_CORRECT,10,455,1,0,0,0,0,0,120,196,196,120,-76,120,1,0,180,10,180,10,170,170,NaN,NaN,NaN,1785524446.47309,16268.53344444,2.28884196281433,0.0181806087493896,0.293675661087036,1.01040768623352,1.37656688690186,1.58557462692261,1.61858224868774,1.61858224868774,-1,-1,1.87082695960999,275.495052337646,209.007740020752,33.0076217651367,242.015361785889,Instruction,Left,Right,Left,Right,Left,1,0,0,0,0,NaN,NaN,NaN,NaN,NaN,NaN,NaN,NaN,0,1,0,0,1,0,899,NaN,20260731_t1356_srsSmooth_Moretraining_B014,38,NaN,63.3122020959854,1.26072239875793,NaN,NaN,NaN,0,NaN,NaN,NaN,NaN,0
20260731_t1356_srsSmooth_Moretraining,srs_smooth_Moretraining,trial1224.mat,1224,1224,899,14,44,38,64,24,40,8,2,0,3,1,24,7975,1,2,2,1,2,1,2,1,2,1,SINGLE_T2_CORRECT,11,455,1,0,0,0,0,0,136,180,180,136,-44,180,1,0,10,180,10,180,-170,170,NaN,NaN,NaN,1785524450.04086,16272.10115808,2.28803753852844,0.0172116756439209,0.284311771392822,0.884348630905151,1.24225974082947,1.51765513420105,1.55107545852661,1.55107545852661,-1,-1,1.81100988388062,267.100095748901,275.395393371582,33.4203243255615,308.815717697144,Instruction,Left,Right,Right,Right,Right,1,0,0,0,0,NaN,NaN,NaN,NaN,NaN,NaN,NaN,NaN,0,1,1,0,0,0,900,NaN,20260731_t1356_srsSmooth_Moretraining_B014,39,NaN,63.3716649969419,1.27893209457397,NaN,NaN,NaN,0,NaN,NaN,NaN,NaN,0
20260731_t1356_srsSmooth_Moretraining,srs_smooth_Moretraining,trial1225.mat,1225,1225,900,14,45,39,64,24,40,8,2,0,2,1,15,20954,1,1,2,1,2,1,1,2,1,2,SINGLE_T1_CORRECT,10,455,1,0,0,0,0,0,154,188,188,154,-34,154,1,0,180,10,180,10,170,170,NaN,NaN,NaN,1785524453.62723,16275.68747368,2.04336404800415,0.014319896697998,0.0151481628417969,0.639847993850708,1.03936004638672,1.28156089782715,1.32323622703552,1.32323622703552,-1,-1,1.59213852882385,0.828266143798828,242.20085144043,41.675329208374,283.876180648804,Instruction,Left,Right,Left,Right,Left,1,0,0,0,0,NaN,NaN,NaN,NaN,NaN,NaN,NaN,NaN,0,1,0,0,1,0,901,NaN,20260731_t1356_srsSmooth_Moretraining_B014,40,NaN,63.4314377427101,1.29832720756531,NaN,NaN,NaN,0,NaN,NaN,NaN,NaN,0
20260731_t1356_srsSmooth_Moretraining,srs_smooth_Moretraining,trial1226.mat,1226,1226,901,14,46,40,64,24,40,8,2,2,8,2,60,20466,2,0,2,1,2,1,1,2,0,0,,0,11,0,1,0,0,0,0,137,177,177,137,-40,NaN,1,180,304.471071067506,245.528928932494,124.471071067506,65.5289289324942,58.9421421350116,58.9421421350116,NaN,NaN,NaN,1785524456.94086,16279.00095372,1.31267857551575,0.0174810886383057,0.268080234527588,0.926474571228027,-1,-1,-1,-1,-1,-1,-1,250.599145889282,NaN,NaN,NaN,Conflict,Left,Right,None,Right,Left,0,1,0,1,0,NaN,NaN,NaN,NaN,NaN,NaN,NaN,NaN,0,1,0,0,1,0,901,NaN,20260731_t1356_srsSmooth_Moretraining_B014,NaN,NaN,63.4866649746895,1.27026987075806,NaN,NaN,NaN,0,NaN,NaN,NaN,NaN,0
20260731_t1356_srsSmooth_Moretraining,srs_smooth_Moretraining,trial1227.mat,1227,1227,901,14,47,40,64,24,40,8,2,2,7,2,55,11235,2,0,1,2,2,2,1,1,2,2,CHOSE_LOW_SAL,2,455,1,0,0,0,0,0,139,174,174,139,-35,174,1,0,150.832690279939,39.1673097200615,150.832690279939,39.1673097200615,111.665380559877,111.665380559877,NaN,NaN,NaN,1785524459.42292,16281.4830096,2.22327136993408,0.018852710723877,0.244385719299316,0.777549743652344,1.18556475639343,1.41110277175903,1.4444363117218,1.4444363117218,-1,-1,1.74689435958862,225.533008575439,225.538015365601,33.3335399627686,258.871555328369,Conflict,Right,Left,Left,Left,Right,0,1,0,1,1,0,0,1,0,1,1,0,1,1,0,1,0,1,1,902,342,20260731_t1356_srsSmooth_Moretraining_B014,41,1,63.5280326128006,1.16937971115112,1,2,164,0,1,0,0,1,1
20260731_t1356_srsSmooth_Moretraining,srs_smooth_Moretraining,trial1229.mat,1229,1229,902,14,49,41,64,24,40,8,2,2,8,2,64,10552,2,0,2,1,2,1,1,2,1,2,CHOSE_HIGH_SAL,1,455,1,0,0,0,0,0,140,185,185,140,-45,140,1,180,323.722677964737,226.277322035263,143.722677964737,46.2773220352625,97.445355929475,97.445355929475,NaN,NaN,NaN,1785524464.52858,16286.58853276,2.21734285354614,0.0133941173553467,0.222398281097412,0.755559921264648,1.16343808174133,1.43896508216858,1.48087859153748,1.48087859153748,-1,-1,1.7740523815155,209.004163742065,275.527000427246,41.9135093688965,317.440509796143,Conflict,Left,Right,Left,Right,Left,0,1,0,1,1,0,1,0,1,1,0,1,0,0,1,0,0,1,1,903,343,20260731_t1356_srsSmooth_Moretraining_B014,42,2,63.6131268898646,2.88238525390625,2,2,174,1,1,0,0,1,1
20260731_t1356_srsSmooth_Moretraining,srs_smooth_Moretraining,trial1230.mat,1230,1230,903,14,50,42,64,24,40,8,2,1,5,2,44,26311,2,0,1,2,2,2,2,2,0,0,,0,11,0,1,0,0,0,0,155,196,196,155,-41,NaN,1,0,20.7823034569515,169.217696543048,20.7823034569516,169.217696543048,-148.435393086097,148.435393086097,NaN,NaN,NaN,1785524468.01349,16290.07345472,1.31556844711304,0.011948823928833,0.229085445404053,0.979465007781982,-1,-1,-1,-1,-1,-1,-1,217.13662147522,NaN,NaN,NaN,Congruent,Right,Left,None,Left,Left,0,1,1,0,0,NaN,NaN,NaN,NaN,NaN,NaN,NaN,NaN,1,0,0,0,0,0,903,NaN,20260731_t1356_srsSmooth_Moretraining_B014,NaN,NaN,63.6712087790171,1.26757049560547,NaN,NaN,NaN,0,NaN,NaN,NaN,NaN,0
20260731_t1356_srsSmooth_Moretraining,srs_smooth_Moretraining,trial1231.mat,1231,1231,903,14,51,42,64,24,40,8,2,2,7,2,58,11781,2,0,1,2,2,2,1,1,2,2,CHOSE_LOW_SAL,2,455,1,0,0,0,0,0,124,169,169,124,-45,169,1,0,95.4653473364164,94.5346526635836,95.4653473364164,94.5346526635836,0.930694672832715,0.930694672832715,NaN,NaN,NaN,1785524470.50648,16292.56644004,2.43106603622437,0.0190536975860596,0.244662761688232,0.961344242095947,1.39410662651062,1.61979842185974,1.65327477455139,1.65327477455139,-1,-1,1.9634120464325,225.609064102173,225.691795349121,33.4763526916504,259.168148040771,Conflict,Right,Left,Left,Left,Right,0,1,0,1,1,0,0,1,0,1,1,0,1,1,0,1,0,1,1,904,344,20260731_t1356_srsSmooth_Moretraining_B014,43,3,63.7127586483955,1.17742371559143,1,2,140,1,1,0,0,1,1
20260731_t1356_srsSmooth_Moretraining,srs_smooth_Moretraining,trial1232.mat,1232,1232,904,14,52,43,64,24,40,8,2,1,5,2,46,26640,2,0,1,2,2,2,2,2,2,2,CHOSE_HIGH_SAL,1,455,1,0,0,0,0,0,151,188,188,151,-37,188,1,0,56.9877960522641,133.012203947736,56.9877960522641,133.012203947736,-76.0244078954717,76.0244078954717,NaN,NaN,NaN,1785524474.22639,16296.2862948,2.22815227508545,0.0159566402435303,0.233098983764648,0.833245754241943,1.274338722229,1.43307518959045,1.4583146572113,1.4583146572113,-1,-1,1.74310946464539,217.142343521118,158.73646736145,25.2394676208496,183.9759349823,Congruent,Right,Left,Left,Left,Left,0,1,1,0,1,0,0,1,1,1,1,0,0,1,0,0,0,0,1,905,345,20260731_t1356_srsSmooth_Moretraining_B014,44,4,63.7747570991516,1.28884100914001,2,2,169,1,0,0,1,1,1
20260731_t1356_srsSmooth_Moretraining,srs_smooth_Moretraining,trial1233.mat,1233,1233,905,14,53,44,64,24,40,8,2,1,6,2,50,16600,2,0,2,1,2,1,2,1,2,1,CHOSE_HIGH_SAL,1,455,1,0,0,0,0,0,143,183,183,143,-40,183,1,0,11.3306426651999,178.6693573348,11.3306426651999,178.6693573348,-167.3387146696,167.3387146696,NaN,NaN,NaN,1785524477.73659,16299.79644572,2.21023225784302,0.0142204761505127,0.223200082778931,0.814943790435791,1.18926548957825,1.40659952163696,1.43978834152222,1.43978834152222,-1,-1,1.72479009628296,208.979606628418,217.334032058716,33.1888198852539,250.52285194397,Congruent,Left,Right,Right,Right,Right,0,1,1,0,1,1,0,1,1,0,1,0,0,0,1,1,0,0,1,906,346,20260731_t1356_srsSmooth_Moretraining_B014,45,5,63.8332605163256,1.28205275535583,2,2,188,1,0,1,1,0,1
20260731_t1356_srsSmooth_Moretraining,srs_smooth_Moretraining,trial1234.mat,1234,1234,906,14,54,45,64,24,40,8,2,2,8,2,61,30935,2,0,2,1,2,1,1,2,2,1,CHOSE_LOW_SAL,2,455,1,0,0,0,0,0,122,188,188,122,-66,188,1,180,356.34741271248,193.65258728752,176.34741271248,13.6525872875204,162.694825424959,162.694825424959,NaN,NaN,NaN,1785524481.268,16303.32754608,2.39625906944275,0.0162885189056396,0.258726596832275,0.983601808547974,1.3996753692627,1.62542247772217,1.65875840187073,1.65875840187073,-1,-1,1.90311741828918,242.438077926636,225.747108459473,33.3359241485596,259.083032608032,Conflict,Left,Right,Right,Right,Left,0,1,0,1,1,1,0,1,0,0,1,0,1,0,1,0,0,1,1,907,347,20260731_t1356_srsSmooth_Moretraining_B014,46,6,63.8921172181765,1.32116985321045,2,1,183,1,0,0,1,1,1
20260731_t1356_srsSmooth_Moretraining,srs_smooth_Moretraining,trial1235.mat,1235,1235,907,14,55,46,64,24,40,8,2,1,5,2,45,11870,2,0,1,2,2,2,2,2,1,1,CHOSE_LOW_SAL,2,455,1,0,0,0,0,0,123,190,190,123,-67,123,1,0,19.9495331090995,170.0504668909,19.9495331090995,170.0504668909,-150.100933781801,150.100933781801,NaN,NaN,NaN,1785524484.98872,16307.0483444,2.11732006072998,0.0123732089996338,0.221159219741821,0.8378746509552,1.22075319290161,1.42125201225281,1.46290159225464,1.46290159225464,-1,-1,1.69004702568054,208.786010742188,200.498819351196,41.6495800018311,242.148399353027,Congruent,Right,Left,Right,Left,Left,0,1,1,0,1,1,1,0,0,0,0,1,1,1,0,0,0,0,1,908,348,20260731_t1356_srsSmooth_Moretraining_B014,47,7,63.9541293064753,1.32446622848511,2,1,188,1,1,0,0,1,1
20260731_t1356_srsSmooth_Moretraining,srs_smooth_Moretraining,trial1236.mat,1236,1236,908,14,56,47,64,24,40,8,2,1,5,2,42,2996,2,0,1,2,2,2,2,2,1,1,CHOSE_LOW_SAL,2,455,1,0,0,0,0,0,133,191,191,133,-58,133,1,180,222.691041100954,327.308958899046,42.691041100954,147.308958899046,-104.617917798092,104.617917798092,NaN,NaN,NaN,1785524488.37994,16310.43948872,2.06719756126404,0.012955904006958,0.0137126445770264,0.546823024749756,0.971326112747192,1.28016805648804,1.32184314727783,1.32184314727783,-1,-1,1.63195824623108,0.756740570068359,308.841943740845,41.6750907897949,350.51703453064,Congruent,Right,Left,Right,Left,Left,0,1,1,0,1,1,1,0,0,0,0,1,1,1,0,0,0,0,1,909,349,20260731_t1356_srsSmooth_Moretraining_B014,48,8,64.0106495579084,1.2738950252533,1,1,123,1,0,0,1,1,1
20260731_t1356_srsSmooth_Moretraining,srs_smooth_Moretraining,trial1237.mat,1237,1237,909,14,57,48,64,24,40,8,2,1,6,2,52,2988,2,0,2,1,2,1,2,1,2,1,CHOSE_HIGH_SAL,1,455,1,0,0,0,0,0,147,192,192,147,-45,192,1,0,77.8284664527007,112.171533547299,77.8284664527007,112.171533547299,-34.3430670945986,34.3430670945986,NaN,NaN,NaN,1785524491.70141,16313.76088804,2.17075991630554,0.0166144371032715,0.0176446437835693,0.700433254241943,1.10832357406616,1.33374857902527,1.36708092689514,1.36708092689514,-1,-1,1.6778736114502,1.03020668029785,225.425004959106,33.332347869873,258.757352828979,Congruent,Left,Right,Right,Right,Right,0,1,1,0,1,1,0,1,1,0,1,0,0,0,1,1,0,0,1,910,350,20260731_t1356_srsSmooth_Moretraining_B014,49,9,64.0660073836645,1.25427198410034,1,1,133,1,1,0,0,1,1
20260731_t1356_srsSmooth_Moretraining,srs_smooth_Moretraining,trial1239.mat,1239,1239,910,14,59,49,64,24,40,8,2,1,6,2,49,31931,2,0,2,1,2,1,2,1,2,1,CHOSE_HIGH_SAL,1,455,1,0,0,0,0,0,130,193,193,130,-63,193,1,0,33.1878628531185,156.812137146882,33.1878628531185,156.812137146882,-123.624274293763,123.624274293763,NaN,NaN,NaN,1785524496.62707,16318.68638916,2.18742060661316,0.0161421298980713,0.017261266708374,0.750364303588867,1.12451815605164,1.35047054290771,1.38362789154053,1.38362789154053,-1,-1,1.69397401809692,1.11913681030273,225.952386856079,33.1573486328125,259.109735488892,Congruent,Left,Right,Right,Right,Right,0,1,1,0,1,1,0,1,1,0,1,0,0,0,1,1,0,0,1,911,351,20260731_t1356_srsSmooth_Moretraining_B014,50,10,64.1481017748515,2.75490355491638,2,1,192,1,0,0,1,1,1
20260731_t1356_srsSmooth_Moretraining,srs_smooth_Moretraining,trial1240.mat,1240,1240,911,14,60,50,64,24,40,8,2,1,6,2,47,24866,2,0,2,1,2,1,2,1,2,1,CHOSE_HIGH_SAL,1,455,1,0,0,0,0,0,133,185,185,133,-52,185,1,0,46.0602206652452,143.939779334755,46.0602206652452,143.939779334755,-97.8795586695096,97.8795586695096,NaN,NaN,NaN,1785524500.08222,16322.14156984,2.10757279396057,0.0111217498779297,0.211915016174316,0.803352832794189,1.16950082778931,1.29534554481506,1.32846713066101,1.32846713066101,-1,-1,1.62508249282837,200.793266296387,125.844717025757,33.1215858459473,158.966302871704,Congruent,Left,Right,Right,Right,Right,0,1,1,0,1,1,0,1,1,0,1,0,0,0,1,1,0,0,1,912,352,20260731_t1356_srsSmooth_Moretraining_B014,51,11,64.2056876619657,1.26773262023926,2,1,193,1,0,0,1,1,1
20260731_t1356_srsSmooth_Moretraining,srs_smooth_Moretraining,trial1241.mat,1241,1241,912,14,61,51,64,24,40,8,2,2,7,2,54,30677,2,0,1,2,2,2,1,1,1,1,CHOSE_HIGH_SAL,1,455,1,0,0,0,0,0,120,185,185,120,-65,120,1,180,307.196644723365,242.803355276635,127.196644723365,62.803355276635,64.3932894467299,64.3932894467299,NaN,NaN,NaN,1785524503.43581,16325.49499824,2.10299301147461,0.0160002708435059,0.26641583442688,1.00858736038208,1.42438840866089,1.41691136360168,1.44187784194946,1.44187784194946,-1,-1,1.68518543243408,250.415563583374,NaN,24.9664783477783,17.4894332885742,Conflict,Right,Left,Right,Left,Right,0,1,0,1,1,1,1,0,1,0,0,1,0,1,0,1,0,1,1,913,353,20260731_t1356_srsSmooth_Moretraining_B014,52,12,64.2615807533264,1.24601268768311,2,1,185,1,1,0,0,1,1
20260731_t1356_srsSmooth_Moretraining,srs_smooth_Moretraining,trial1242.mat,1242,1242,913,14,62,51,64,24,40,8,2,2,7,2,54,30677,2,0,1,2,2,2,1,1,1,1,CHOSE_HIGH_SAL,1,455,1,0,0,0,0,0,60,185,185,60,-125,60,1,180,307.196644723365,242.803355276635,127.196644723365,62.803355276635,64.3932894467299,64.3932894467299,NaN,NaN,NaN,1785524506.85193,16328.91097164,2.12044858932495,0.0166759490966797,0.250493288040161,0.808727502822876,1.23338985443115,1.4671790599823,1.50054597854614,1.50054597854614,-1,-1,1.76029849052429,233.817338943481,233.789205551147,33.3669185638428,267.15612411499,Conflict,Right,Left,Right,Left,Right,0,1,0,1,1,1,1,0,1,0,0,1,0,1,0,1,0,1,1,914,354,20260731_t1356_srsSmooth_Moretraining_B014,53,13,64.3185161431631,1.31313037872314,1,1,120,1,0,0,1,1,1
20260731_t1356_srsSmooth_Moretraining,srs_smooth_Moretraining,trial1243.mat,1243,1243,914,14,63,51,64,24,40,8,2,2,7,2,54,30677,2,0,1,2,2,2,1,1,2,2,CHOSE_LOW_SAL,2,455,1,0,1,0,0,0,60,185,185,60,-125,185,1,180,307.196644723365,242.803355276635,127.196644723365,62.803355276635,64.3932894467299,64.3932894467299,NaN,NaN,NaN,1785524510.26114,16332.3201844,2.27897930145264,0.0159323215484619,0.224770307540894,0.874996900558472,1.25764751434326,1.48353815078735,1.52527284622192,1.52527284622192,-1,-1,1.79300332069397,208.837985992432,225.890636444092,41.7346954345703,267.625331878662,Conflict,Right,Left,Left,Left,Right,0,1,0,1,1,0,0,1,0,1,1,0,1,1,0,1,0,1,1,915,355,20260731_t1356_srsSmooth_Moretraining_B014,54,14,64.3753362854322,1.28875994682312,1,1,60,1,1,1,0,0,1
20260731_t1356_srsSmooth_Moretraining,srs_smooth_Moretraining,trial1244.mat,1244,1244,915,14,64,52,64,24,40,8,2,1,5,2,44,26311,2,0,1,2,2,2,2,2,2,2,CHOSE_HIGH_SAL,1,455,1,0,0,0,0,0,146,184,184,146,-38,184,1,0,85.7317421845057,104.268257815494,85.7317421845057,104.268257815494,-18.5365156309886,18.5365156309886,NaN,NaN,NaN,1785524513.83219,16335.89106336,2.24937534332275,0.0116896629333496,0.287353992462158,0.929180860519409,1.29507255554199,1.49564290046692,1.53816223144531,1.53816223144531,-1,-1,1.76505732536316,275.664329528809,200.570344924927,42.5193309783936,243.08967590332,Congruent,Right,Left,Left,Left,Left,0,1,1,0,1,0,0,1,1,1,1,0,0,1,0,0,0,0,1,916,356,20260731_t1356_srsSmooth_Moretraining_B014,55,15,64.4348537484805,1.29206848144531,2,2,185,1,0,0,1,1,1
20260731_t1356_srsSmooth_Moretraining,srs_smooth_Moretraining,trial1245.mat,1245,1245,916,14,65,53,64,24,40,8,2,2,7,2,56,17180,2,0,1,2,2,2,1,1,2,2,CHOSE_LOW_SAL,2,455,1,0,0,0,0,0,129,155,155,129,-26,155,1,0,98.8583702408494,91.1416297591506,98.8583702408494,91.1416297591506,7.71674048169871,7.71674048169871,NaN,NaN,NaN,1785524517.35541,16339.41432264,2.4939169883728,0.0136055946350098,0.264111518859863,1.06423187255859,1.46366167068481,1.72261524200439,1.74771881103516,1.74771881103516,-1,-1,2.03349900245667,250.505924224854,258.95357131958,25.1035690307617,284.057140350342,Conflict,Right,Left,Left,Left,Right,0,1,0,1,1,0,0,1,0,1,1,0,1,1,0,1,0,1,1,917,357,20260731_t1356_srsSmooth_Moretraining_B014,56,16,64.493574098746,1.27384567260742,2,2,184,1,0,0,1,1,1
20260731_t1356_srsSmooth_Moretraining,srs_smooth_Moretraining,trial1246.mat,1246,1246,917,14,66,54,64,24,40,8,2,2,8,2,59,28836,2,0,2,1,2,1,1,2,1,2,CHOSE_HIGH_SAL,1,455,1,0,0,0,0,0,137,177,177,137,-40,137,1,180,358.199386215835,191.800613784165,178.199386215835,11.8006137841649,166.39877243167,166.39877243167,NaN,NaN,NaN,1785524521.11736,16343.17622764,2.07221150398254,0.0184705257415771,0.269157886505127,0.810831785202026,1.16018152236938,1.37727379798889,1.41927313804626,1.41927313804626,-1,-1,1.63771367073059,250.68736076355,217.092275619507,41.999340057373,259.09161567688,Conflict,Left,Right,Left,Right,Left,0,1,0,1,1,0,1,0,1,1,0,1,0,0,1,0,0,1,1,918,358,20260731_t1356_srsSmooth_Moretraining_B014,57,17,64.5562732338905,1.26803112030029,2,2,155,1,1,0,0,1,1
20260731_t1356_srsSmooth_Moretraining,srs_smooth_Moretraining,trial1247.mat,1247,1247,918,14,67,55,64,24,40,8,2,2,8,2,60,20466,2,0,2,1,2,1,1,2,1,2,CHOSE_HIGH_SAL,1,455,1,0,0,0,0,0,133,184,184,133,-51,133,1,0,152.152358015081,37.847641984919,152.152358015081,37.847641984919,114.304716030162,114.304716030162,NaN,NaN,NaN,1785524524.46077,16346.5194256,2.24604940414429,0.0168547630310059,0.267476320266724,0.96735692024231,1.3169047832489,1.46767449378967,1.50068664550781,1.50068664550781,-1,-1,1.8111412525177,250.621557235718,150.769710540771,33.0121517181396,183.781862258911,Conflict,Left,Right,Left,Right,Left,0,1,0,1,1,0,1,0,1,1,0,1,0,0,1,0,0,1,1,919,359,20260731_t1356_srsSmooth_Moretraining_B014,58,18,64.6119967619578,1.27120018005371,1,2,137,1,0,0,1,1,1
20260731_t1356_srsSmooth_Moretraining,srs_smooth_Moretraining,trial1248.mat,1248,1248,919,14,68,56,64,24,40,8,2,1,6,2,48,9926,2,0,2,1,2,1,2,1,1,2,CHOSE_LOW_SAL,2,455,1,0,0,0,0,0,116,172,172,116,-56,116,1,0,84.07789589717,105.92210410283,84.07789589717,105.92210410283,-21.84420820566,21.84420820566,NaN,NaN,NaN,1785524527.96903,16350.02763364,2.32184314727783,0.0170643329620361,0.259465932846069,1.04271483421326,1.44211959838867,1.63440012931824,1.66767549514771,1.66767549514771,-1,-1,1.90379524230957,242.401599884033,192.280530929565,33.2753658294678,225.555896759033,Congruent,Left,Right,Left,Right,Right,0,1,1,0,1,0,1,0,0,1,0,1,1,0,1,1,0,0,1,920,360,20260731_t1356_srsSmooth_Moretraining_B014,59,19,64.670467766126,1.26221084594727,1,2,133,1,0,0,1,1,1
20260731_t1356_srsSmooth_Moretraining,srs_smooth_Moretraining,trial1249.mat,1249,1249,920,14,69,57,64,24,40,8,2,1,6,2,51,18131,2,0,2,1,2,1,2,1,2,1,CHOSE_HIGH_SAL,1,455,1,0,0,0,0,0,108,155,155,108,-47,155,1,180,191.624171187006,358.375828812994,11.6241711870059,178.375828812994,-166.751657625988,166.751657625988,NaN,NaN,NaN,1785524531.57355,16353.63219356,2.23334956169128,0.0126843452453613,0.238257884979248,0.905118465423584,1.32940244674683,1.44690299034119,1.4802143573761,1.4802143573761,-1,-1,1.78143811225891,225.573539733887,117.50054359436,33.3113670349121,150.811910629272,Congruent,Left,Right,Right,Right,Right,0,1,1,0,1,1,0,1,1,0,1,0,0,0,1,1,0,0,1,921,361,20260731_t1356_srsSmooth_Moretraining_B014,60,20,64.7305430849393,1.28267598152161,1,2,116,1,1,1,0,0,1
20260731_t1356_srsSmooth_Moretraining,srs_smooth_Moretraining,trial1250.mat,1250,1250,921,14,70,58,64,24,40,8,2,1,5,2,43,21038,2,0,1,2,2,2,2,2,1,1,CHOSE_LOW_SAL,2,455,1,0,0,0,0,0,111,171,171,111,-60,111,1,180,224.520921687945,325.479078312055,44.5209216879448,145.479078312055,-100.95815662411,100.95815662411,NaN,NaN,NaN,1785524535.07374,16357.1323128,2.17522644996643,0.0126333236694336,0.213103055953979,0.838236808776855,1.22934627532959,1.46316766738892,1.49648189544678,1.49648189544678,-1,-1,1.76528406143188,200.469732284546,233.821392059326,33.3142280578613,267.135620117188,Congruent,Right,Left,Right,Left,Left,0,1,1,0,1,1,1,0,0,0,0,1,1,1,0,0,0,0,1,922,362,20260731_t1356_srsSmooth_Moretraining_B014,61,21,64.788879553477,1.26683855056763,2,1,155,1,1,0,0,1,1
20260731_t1356_srsSmooth_Moretraining,srs_smooth_Moretraining,trial1251.mat,1251,1251,922,14,71,59,64,24,40,8,2,1,5,2,41,23752,2,0,1,2,2,2,2,2,1,1,CHOSE_LOW_SAL,2,455,1,0,0,0,0,0,123,185,185,123,-62,123,1,180,190.834197501693,359.165802498307,10.8341975016926,179.165802498307,-168.331604996615,168.331604996615,NaN,NaN,NaN,1785524538.56343,16360.62203672,2.35251402854919,0.0147364139556885,0.256906270980835,0.890247583389282,1.32312035560608,1.61556482315063,1.65705847740173,1.65705847740173,-1,-1,1.92568516731262,242.169857025146,292.444467544556,41.4936542510986,333.938121795654,Congruent,Right,Left,Right,Left,Left,0,1,1,0,1,1,1,0,0,0,0,1,1,1,0,0,0,0,1,923,363,20260731_t1356_srsSmooth_Moretraining_B014,62,22,64.8470412015915,1.31447243690491,1,1,111,1,0,0,1,1,1
20260731_t1356_srsSmooth_Moretraining,srs_smooth_Moretraining,trial1252.mat,1252,1252,923,14,72,60,64,24,40,8,2,2,7,2,57,32164,2,0,1,2,2,2,1,1,1,1,CHOSE_HIGH_SAL,1,455,1,0,0,0,0,0,130,205,205,130,-75,130,1,180,327.880247419407,222.119752580593,147.880247419407,42.1197525805932,105.760494838814,105.760494838814,NaN,NaN,NaN,1785524542.17953,16364.23807204,2.25295305252075,0.0154526233673096,0.199673414230347,0.907955884933472,1.2655017375946,1.53279519081116,1.56640958786011,1.56640958786011,-1,-1,1.82591342926025,184.220790863037,267.293453216553,33.6143970489502,300.907850265503,Conflict,Right,Left,Right,Left,Right,0,1,0,1,1,1,1,0,1,0,0,1,0,1,0,1,0,1,1,924,364,20260731_t1356_srsSmooth_Moretraining_B014,63,23,64.9073093811671,1.26357674598694,1,1,123,1,0,0,1,1,1
20260731_t1356_srsSmooth_Moretraining,srs_smooth_Moretraining,trial1253.mat,1253,1253,924,14,73,60,64,24,40,8,2,2,7,2,57,32164,2,0,1,2,2,2,1,1,1,1,CHOSE_HIGH_SAL,1,455,1,0,0,0,0,0,65,205,205,65,-140,65,1,180,327.880247419407,222.119752580593,147.880247419407,42.1197525805932,105.760494838814,105.760494838814,NaN,NaN,NaN,1785524545.69666,16367.75513732,2.24373960494995,0.015125036239624,0.257324934005737,0.924031972885132,1.36517810821533,1.5906970500946,1.63239407539368,1.63239407539368,-1,-1,1.87717628479004,242.199897766113,225.518941879272,41.6970252990723,267.215967178345,Conflict,Right,Left,Right,Left,Right,0,1,0,1,1,1,1,0,1,0,0,1,0,1,0,1,0,1,1,925,365,20260731_t1356_srsSmooth_Moretraining_B014,64,24,64.9659282406171,1.26417851448059,1,1,130,1,0,0,1,1,1
20260731_t1356_srsSmooth_Moretraining,srs_smooth_Moretraining,trial1254.mat,1254,1254,925,14,74,60,64,24,40,8,2,2,7,2,57,32164,2,0,1,2,2,2,1,1,1,1,CHOSE_HIGH_SAL,1,455,1,0,0,0,0,0,65,205,205,65,-140,65,1,180,327.880247419407,222.119752580593,147.880247419407,42.1197525805932,105.760494838814,105.760494838814,NaN,NaN,NaN,1785524549.26441,16371.32271848,2.0599365234375,0.0141825675964355,0.206786155700684,0.781392812728882,1.18922758102417,1.43164277076721,1.46506571769714,1.46506571769714,-1,-1,1.69191360473633,192.603588104248,242.415189743042,33.4229469299316,275.838136672974,Conflict,Right,Left,Right,Left,Right,0,1,0,1,1,1,1,0,1,0,0,1,0,1,0,1,0,1,1,926,366,20260731_t1356_srsSmooth_Moretraining_B014,65,25,65.0253907163938,1.32400894165039,1,1,65,1,0,0,1,1,1
20260731_t1356_srsSmooth_Moretraining,srs_smooth_Moretraining,trial1255.mat,1255,1255,926,14,75,60,64,24,40,8,2,2,7,2,57,32164,2,0,1,2,2,2,1,1,2,2,CHOSE_LOW_SAL,2,455,1,0,0,0,0,0,65,205,205,65,-140,205,1,180,327.880247419407,222.119752580593,147.880247419407,42.1197525805932,105.760494838814,105.760494838814,NaN,NaN,NaN,1785524552.61201,16374.67028988,2.38735318183899,0.0167102813720703,0.208759307861328,0.992234230041504,1.37509727478027,1.59267282485962,1.63553547859192,1.63553547859192,-1,-1,1.87761068344116,192.049026489258,217.575550079346,42.8626537322998,260.438203811646,Conflict,Right,Left,Left,Left,Right,0,1,0,1,1,0,0,1,0,1,1,0,1,1,0,1,0,1,1,927,367,20260731_t1356_srsSmooth_Moretraining_B014,66,26,65.0811840891838,1.28766584396362,1,1,65,1,1,1,0,0,1
20260731_t1356_srsSmooth_Moretraining,srs_smooth_Moretraining,trial1256.mat,1256,1256,927,14,76,61,64,24,40,8,2,2,7,2,53,11514,2,0,1,2,2,2,1,1,2,2,CHOSE_LOW_SAL,2,455,1,0,0,0,0,0,155,183,183,155,-28,183,1,180,287.296751222563,262.703248777437,107.296751222563,82.7032487774375,24.5935024451251,24.5935024451251,NaN,NaN,NaN,1785524556.34179,16378.399859,2.16585087776184,0.0120687484741211,0.195894956588745,0.746478080749512,1.10377788543701,1.3547534942627,1.38773775100708,1.38773775100708,-1,-1,1.68102788925171,183.826208114624,250.975608825684,32.9842567443848,283.959865570068,Conflict,Right,Left,Left,Left,Right,0,1,0,1,1,0,0,1,0,1,1,0,1,1,0,1,0,1,1,928,368,20260731_t1356_srsSmooth_Moretraining_B014,67,27,65.1433472116788,1.34243416786194,2,2,205,1,0,0,1,1,1
20260731_t1356_srsSmooth_Moretraining,srs_smooth_Moretraining,trial1258.mat,1258,1258,928,14,78,62,64,24,40,8,2,2,8,2,62,8036,2,0,2,1,2,1,1,2,1,2,CHOSE_HIGH_SAL,1,455,1,0,0,0,0,0,137,197,197,137,-60,137,1,180,346.127168431701,203.872831568299,166.127168431701,23.8728315682991,142.254336863402,142.254336863402,NaN,NaN,NaN,1785524561.23361,16383.29171196,2.15727949142456,0.0121097564697266,0.245862007141113,0.854185342788696,1.2288236618042,1.45425486564636,1.48759627342224,1.48759627342224,-1,-1,1.72256445884705,233.752250671387,225.431203842163,33.3414077758789,258.772611618042,Conflict,Left,Right,Left,Right,Left,0,1,0,1,1,0,1,0,1,1,0,1,0,0,1,0,0,1,1,929,369,20260731_t1356_srsSmooth_Moretraining_B014,68,28,65.2248774806658,2.72596526145935,2,2,183,1,1,0,0,1,1
20260731_t1356_srsSmooth_Moretraining,srs_smooth_Moretraining,trial1259.mat,1259,1259,929,14,79,63,64,24,40,8,2,2,8,2,63,18120,2,0,2,1,2,1,1,2,1,2,CHOSE_HIGH_SAL,1,455,1,0,0,0,0,0,139,183,183,139,-44,139,1,180,352.055849608169,197.944150391831,172.055849608169,17.9441503918315,154.111699216337,154.111699216337,NaN,NaN,NaN,1785524564.6707,16386.72870748,2.24610662460327,0.0168204307556152,0.225715637207031,0.84252142906189,1.20020031929016,1.45905303955078,1.50089263916016,1.50089263916016,-1,-1,1.80259585380554,208.895206451416,258.85272026062,41.839599609375,300.692319869995,Conflict,Left,Right,Left,Right,Left,0,1,0,1,1,0,1,0,1,1,0,1,0,0,1,0,0,1,1,930,370,20260731_t1356_srsSmooth_Moretraining_B014,69,29,65.2821623206139,1.27981090545654,1,2,137,1,0,0,1,1,1
20260731_t1356_srsSmooth_Moretraining,srs_smooth_Moretraining,trial1260.mat,1260,1260,930,15,1,0,56,16,40,8,1,0,2,1,12,23509,1,1,2,1,1,2,1,2,1,2,SINGLE_T1_CORRECT,10,455,1,0,0,0,0,0,152,76,152,76,76,152,1,0,180,10,180,10,170,170,NaN,NaN,NaN,1785524568.18564,16390.24357916,2.34042358398438,0.0186872482299805,0.269141912460327,0.911164283752441,1.2687361240387,1.55281686782837,1.58605527877808,1.58605527877808,-1,-1,1.88905501365662,250.454664230347,284.080743789673,33.238410949707,317.31915473938,Instruction,Left,Right,Left,Left,Left,1,0,0,0,0,NaN,NaN,NaN,NaN,NaN,NaN,NaN,NaN,0,0,0,1,1,0,931,NaN,20260731_t1356_srsSmooth_Moretraining_B015,1,NaN,65.3407446066538,1.26883053779602,NaN,NaN,NaN,0,NaN,NaN,NaN,NaN,0
20260731_t1356_srsSmooth_Moretraining,srs_smooth_Moretraining,trial1261.mat,1261,1261,931,15,2,1,56,16,40,8,1,0,4,1,33,13449,1,2,1,2,1,1,2,2,0,0,,0,11,0,1,0,0,0,0,137,105,137,105,32,NaN,1,180,190,0,10,180,-170,170,NaN,NaN,NaN,1785524571.78809,16393.84583896,0.327759027481079,0.0163800716400146,0.275538444519043,-1,-1,-1,-1,-1,-1,-1,-1,259.158372879028,NaN,NaN,NaN,Instruction,Right,Left,None,Right,Left,1,0,0,0,0,NaN,NaN,NaN,NaN,NaN,NaN,NaN,NaN,1,1,0,1,0,0,931,NaN,20260731_t1356_srsSmooth_Moretraining_B015,NaN,NaN,65.4007854064306,1.26202440261841,NaN,NaN,NaN,0,NaN,NaN,NaN,NaN,0
20260731_t1356_srsSmooth_Moretraining,srs_smooth_Moretraining,trial1262.mat,1262,1262,931,15,3,1,56,16,40,8,1,0,3,1,24,10610,1,2,2,1,1,2,2,1,2,1,SINGLE_T2_CORRECT,11,455,1,0,0,0,0,0,110,74,110,74,36,74,1,0,10,180,10,180,-170,170,NaN,NaN,NaN,1785524573.29917,16395.35695756,2.09317755699158,0.0136847496032715,0.0151054859161377,0.764575719833374,1.13039565086365,1.38952159881592,1.42282128334045,1.42282128334045,-1,-1,1.71640038490295,1.42073631286621,259.125947952271,33.2996845245361,292.425632476807,Instruction,Left,Right,Right,Left,Right,1,0,0,0,0,NaN,NaN,NaN,NaN,NaN,NaN,NaN,NaN,0,0,1,1,0,0,932,NaN,20260731_t1356_srsSmooth_Moretraining_B015,2,NaN,65.4259701967239,1.18332839012146,NaN,NaN,NaN,0,NaN,NaN,NaN,NaN,0
20260731_t1356_srsSmooth_Moretraining,srs_smooth_Moretraining,trial1264.mat,1264,1264,932,15,5,2,56,16,40,8,1,0,3,1,23,14747,1,2,2,1,1,2,2,1,2,1,SINGLE_T2_CORRECT,11,455,1,0,0,0,0,0,142,48,142,48,94,48,1,0,10,180,10,180,-170,170,NaN,NaN,NaN,1785524578.15068,16400.20845636,2.30815315246582,0.0123686790466309,0.229974269866943,0.979877233505249,1.37075567245483,1.62159657478333,1.6632022857666,1.6632022857666,-1,-1,1.95669603347778,217.605590820312,250.840902328491,41.6057109832764,292.446613311768,Instruction,Left,Right,Right,Left,Right,1,0,0,0,0,NaN,NaN,NaN,NaN,NaN,NaN,NaN,NaN,0,0,1,1,0,0,933,NaN,20260731_t1356_srsSmooth_Moretraining_B015,3,NaN,65.5068286299706,2.75832843780518,NaN,NaN,NaN,0,NaN,NaN,NaN,NaN,0
20260731_t1356_srsSmooth_Moretraining,srs_smooth_Moretraining,trial1266.mat,1266,1266,933,15,7,3,56,16,40,8,1,0,4,1,36,611,1,2,1,2,1,1,2,2,2,2,SINGLE_T2_CORRECT,11,455,1,0,0,0,0,0,110,67,110,67,43,67,1,0,10,180,10,180,-170,170,NaN,NaN,NaN,1785524583.18594,16405.24348136,2.15648722648621,0.0189681053161621,0.236248016357422,0.886257410049438,1.30235171318054,1.50274991989136,1.53610849380493,1.53610849380493,-1,-1,1.78818440437317,217.27991104126,200.398206710815,33.3585739135742,233.75678062439,Instruction,Right,Left,Left,Right,Left,1,0,0,0,0,NaN,NaN,NaN,NaN,NaN,NaN,NaN,NaN,1,1,0,1,0,0,934,NaN,20260731_t1356_srsSmooth_Moretraining_B015,4,NaN,65.5907497088114,2.72711157798767,NaN,NaN,NaN,0,NaN,NaN,NaN,NaN,0
20260731_t1356_srsSmooth_Moretraining,srs_smooth_Moretraining,trial1267.mat,1267,1267,934,15,8,4,56,16,40,8,1,0,3,1,30,23321,1,2,2,1,1,2,2,1,2,1,SINGLE_T2_CORRECT,11,455,1,0,0,0,0,0,135,93,135,93,42,93,1,0,10,180,10,180,-170,170,NaN,NaN,NaN,1785524586.60775,16408.66538688,2.20156979560852,0.0139617919921875,0.189597129821777,0.897933721542358,1.28067779541016,1.54793429374695,1.58141803741455,1.58141803741455,-1,-1,1.80894756317139,175.63533782959,267.256498336792,33.4837436676025,300.740242004395,Instruction,Left,Right,Right,Left,Right,1,0,0,0,0,NaN,NaN,NaN,NaN,NaN,NaN,NaN,NaN,0,0,1,1,0,0,935,NaN,20260731_t1356_srsSmooth_Moretraining_B015,5,NaN,65.6477798302968,1.26532006263733,NaN,NaN,NaN,0,NaN,NaN,NaN,NaN,0
20260731_t1356_srsSmooth_Moretraining,srs_smooth_Moretraining,trial1268.mat,1268,1268,935,15,9,5,56,16,40,8,1,0,4,1,32,24509,1,2,1,2,1,1,2,2,2,2,SINGLE_T2_CORRECT,11,455,1,0,0,0,0,0,120,85,120,85,35,85,1,180,190,0,10,180,-170,170,NaN,NaN,NaN,1785524590.10273,16412.16018776,2.13244724273682,0.0191211700439453,0.252967834472656,0.861657619476318,1.24416923522949,1.48642063140869,1.51994562149048,1.51994562149048,-1,-1,1.74695444107056,233.846664428711,242.251396179199,33.5249900817871,275.776386260986,Instruction,Right,Left,Left,Right,Left,1,0,0,0,0,NaN,NaN,NaN,NaN,NaN,NaN,NaN,NaN,1,1,0,1,0,0,936,NaN,20260731_t1356_srsSmooth_Moretraining_B015,6,NaN,65.706029454867,1.29340767860413,NaN,NaN,NaN,0,NaN,NaN,NaN,NaN,0
20260731_t1356_srsSmooth_Moretraining,srs_smooth_Moretraining,trial1270.mat,1270,1270,936,15,11,6,56,16,40,8,1,0,4,1,39,9507,1,2,1,2,1,1,2,2,2,2,SINGLE_T2_CORRECT,11,455,1,0,0,0,0,0,143,115,143,115,28,115,1,180,190,0,10,180,-170,170,NaN,NaN,NaN,1785524594.95866,16417.01600416,2.32592439651489,0.0133764743804932,0.23062539100647,1.0223183631897,1.39676451683044,1.63063216209412,1.66396522521973,1.66396522521973,-1,-1,1.90732407569885,217.248916625977,233.867645263672,33.3330631256104,267.200708389282,Instruction,Right,Left,Left,Right,Left,1,0,0,0,0,NaN,NaN,NaN,NaN,NaN,NaN,NaN,NaN,1,1,0,1,0,0,937,NaN,20260731_t1356_srsSmooth_Moretraining_B015,7,NaN,65.7869617025057,2.72348761558533,NaN,NaN,NaN,0,NaN,NaN,NaN,NaN,0
20260731_t1356_srsSmooth_Moretraining,srs_smooth_Moretraining,trial1272.mat,1272,1272,937,15,13,7,56,16,40,8,1,0,3,1,28,5844,1,2,2,1,1,2,2,1,2,1,SINGLE_T2_CORRECT,11,455,1,0,0,0,0,0,130,69,130,69,61,69,1,180,190,0,10,180,-170,170,NaN,NaN,NaN,1785524600.02896,16422.08617064,1.92188930511475,0.0182783603668213,0.0195968151092529,0.54366135597229,0.976649284362793,1.21057653427124,1.24395489692688,1.24395489692688,-1,-1,1.5545859336853,1.31845474243164,233.927249908447,33.3783626556396,267.305612564087,Instruction,Left,Right,Right,Left,Right,1,0,0,0,0,NaN,NaN,NaN,NaN,NaN,NaN,NaN,NaN,0,0,1,1,0,0,938,NaN,20260731_t1356_srsSmooth_Moretraining_B015,8,NaN,65.8714666525523,2.74437260627747,NaN,NaN,NaN,0,NaN,NaN,NaN,NaN,0
20260731_t1356_srsSmooth_Moretraining,srs_smooth_Moretraining,trial1273.mat,1273,1273,938,15,14,8,56,16,40,8,1,0,4,1,38,31199,1,2,1,2,1,1,2,2,2,2,SINGLE_T2_CORRECT,11,455,1,0,0,0,0,0,135,49,135,49,86,49,1,0,10,180,10,180,-170,170,NaN,NaN,NaN,1785524603.22497,16425.28217332,2.15948176383972,0.014066219329834,0.206549167633057,0.923285722732544,1.27244925498962,1.52285003662109,1.56454420089722,1.56454420089722,-1,-1,1.80829286575317,192.482948303223,250.40078163147,41.694164276123,292.094945907593,Instruction,Right,Left,Left,Right,Left,1,0,0,0,0,NaN,NaN,NaN,NaN,NaN,NaN,NaN,NaN,1,1,0,1,0,0,939,NaN,20260731_t1356_srsSmooth_Moretraining_B015,9,NaN,65.9247333884239,1.27411484718323,NaN,NaN,NaN,0,NaN,NaN,NaN,NaN,0
20260731_t1356_srsSmooth_Moretraining,srs_smooth_Moretraining,trial1274.mat,1274,1274,939,15,15,9,56,16,40,8,1,0,1,1,2,17145,1,1,1,2,1,1,1,1,1,1,SINGLE_T1_CORRECT,10,455,1,0,0,0,0,0,126,76,126,76,50,126,1,180,0,190,180,10,170,170,NaN,NaN,NaN,1785524606.65574,16428.7129882,2.2961950302124,0.0167584419250488,0.208948135375977,0.900864362716675,1.34181046485901,1.58415031433105,1.61732363700867,1.61732363700867,-1,-1,1.8692729473114,192.189693450928,242.339849472046,33.1733226776123,275.513172149658,Instruction,Right,Left,Right,Right,Right,1,0,0,0,0,NaN,NaN,NaN,NaN,NaN,NaN,NaN,NaN,1,1,1,1,1,0,940,NaN,20260731_t1356_srsSmooth_Moretraining_B015,10,NaN,65.9819129864375,1.27129411697388,NaN,NaN,NaN,0,NaN,NaN,NaN,NaN,0
20260731_t1356_srsSmooth_Moretraining,srs_smooth_Moretraining,trial1275.mat,1275,1275,940,15,16,10,56,16,40,8,1,0,2,1,13,5412,1,1,2,1,1,2,1,2,1,2,SINGLE_T1_CORRECT,10,455,1,0,0,0,0,0,131,87,131,87,44,131,1,0,180,10,180,10,170,170,NaN,NaN,NaN,1785524610.22145,16432.27864804,2.13007354736328,0.017852783203125,0.0190434455871582,0.768468618392944,1.13456273078918,1.35194802284241,1.39367771148682,1.39367771148682,-1,-1,1.69552040100098,1.1906623840332,217.385292053223,41.7296886444092,259.114980697632,Instruction,Left,Right,Left,Left,Left,1,0,0,0,0,NaN,NaN,NaN,NaN,NaN,NaN,NaN,NaN,0,0,0,1,1,0,941,NaN,20260731_t1356_srsSmooth_Moretraining_B015,11,NaN,66.0413415312767,1.26951766014099,NaN,NaN,NaN,0,NaN,NaN,NaN,NaN,0
20260731_t1356_srsSmooth_Moretraining,srs_smooth_Moretraining,trial1276.mat,1276,1276,941,15,17,11,56,16,40,8,1,0,1,1,6,29768,1,1,1,2,1,1,1,1,1,1,SINGLE_T1_CORRECT,10,455,1,0,0,0,0,0,131,94,131,94,37,131,1,180,0,190,180,10,170,170,NaN,NaN,NaN,1785524613.62283,16435.67989136,2.17111134529114,0.016608715057373,0.275496006011963,0.792082071304321,1.17498683929443,1.40874838829041,1.45082020759583,1.45082020759583,-1,-1,1.73592519760132,258.88729095459,233.761548995972,42.0718193054199,275.833368301392,Instruction,Right,Left,Right,Right,Right,1,0,0,0,0,NaN,NaN,NaN,NaN,NaN,NaN,NaN,NaN,1,1,1,1,1,0,942,NaN,20260731_t1356_srsSmooth_Moretraining_B015,12,NaN,66.0980311632156,1.27130436897278,NaN,NaN,NaN,0,NaN,NaN,NaN,NaN,0
20260731_t1356_srsSmooth_Moretraining,srs_smooth_Moretraining,trial1277.mat,1277,1277,942,15,18,12,56,16,40,8,1,0,4,1,34,28261,1,2,1,2,1,1,2,2,0,0,,0,11,0,1,0,0,0,0,117,64,117,64,53,NaN,1,0,10,180,10,180,-170,170,NaN,NaN,NaN,1785524617.05767,16439.114647,0.292939186096191,0.0152349472045898,0.241119384765625,-1,-1,-1,-1,-1,-1,-1,-1,225.884437561035,NaN,NaN,NaN,Instruction,Right,Left,None,Right,Left,1,0,0,0,0,NaN,NaN,NaN,NaN,NaN,NaN,NaN,NaN,1,1,0,1,0,0,942,NaN,20260731_t1356_srsSmooth_Moretraining_B015,NaN,NaN,66.1552785277367,1.26373052597046,NaN,NaN,NaN,0,NaN,NaN,NaN,NaN,0
20260731_t1356_srsSmooth_Moretraining,srs_smooth_Moretraining,trial1278.mat,1278,1278,942,15,19,12,56,16,40,8,1,0,3,1,27,22694,1,2,2,1,1,2,2,1,2,1,SINGLE_T2_CORRECT,11,455,1,0,0,0,0,0,137,57,137,57,80,57,1,0,10,180,10,180,-170,170,NaN,NaN,NaN,1785524618.52438,16440.58141012,1.91069269180298,0.0152523517608643,0.0164484977722168,0.657315015792847,1.03195929527283,1.29908418655396,1.3323700428009,1.3323700428009,-1,-1,1.5508725643158,1.19614601135254,267.124891281128,33.2858562469482,300.410747528076,Instruction,Left,Right,Right,Left,Right,1,0,0,0,0,NaN,NaN,NaN,NaN,NaN,NaN,NaN,NaN,0,0,1,1,0,0,943,NaN,20260731_t1356_srsSmooth_Moretraining_B015,13,NaN,66.1797236363093,1.17376732826233,NaN,NaN,NaN,0,NaN,NaN,NaN,NaN,0
20260731_t1356_srsSmooth_Moretraining,srs_smooth_Moretraining,trial1279.mat,1279,1279,943,15,20,13,56,16,40,8,1,0,2,1,16,31333,1,1,2,1,1,2,1,2,1,2,SINGLE_T1_CORRECT,10,455,1,0,0,0,0,0,141,75,141,75,66,141,1,180,0,190,180,10,170,170,NaN,NaN,NaN,1785524621.7272,16443.78415804,2.23339676856995,0.0125572681427002,0.188052654266357,0.846481800079346,1.22927236557007,1.46338677406311,1.49639463424683,1.49639463424683,-1,-1,1.78981304168701,175.495386123657,234.114408493042,33.0078601837158,267.122268676758,Instruction,Left,Right,Left,Left,Left,1,0,0,0,0,NaN,NaN,NaN,NaN,NaN,NaN,NaN,NaN,0,0,0,1,1,0,944,NaN,20260731_t1356_srsSmooth_Moretraining_B015,14,NaN,66.2331039865812,1.29212832450867,NaN,NaN,NaN,0,NaN,NaN,NaN,NaN,0
20260731_t1356_srsSmooth_Moretraining,srs_smooth_Moretraining,trial1280.mat,1280,1280,944,15,21,14,56,16,40,8,1,0,3,1,26,22250,1,2,2,1,1,2,2,1,2,1,SINGLE_T2_CORRECT,11,455,1,0,0,0,0,0,147,95,147,95,52,95,1,180,190,0,10,180,-170,170,NaN,NaN,NaN,1785524625.2402,16447.2970206,2.05350208282471,0.016364574432373,0.233896017074585,0.750421762466431,1.09974050521851,1.35043716430664,1.38396167755127,1.38396167755127,-1,-1,1.66018581390381,217.531442642212,250.696659088135,33.5245132446289,284.221172332764,Instruction,Left,Right,Right,Left,Right,1,0,0,0,0,NaN,NaN,NaN,NaN,NaN,NaN,NaN,NaN,0,0,1,1,0,0,945,NaN,20260731_t1356_srsSmooth_Moretraining_B015,15,NaN,66.2916539510091,1.27960109710693,NaN,NaN,NaN,0,NaN,NaN,NaN,NaN,0
20260731_t1356_srsSmooth_Moretraining,srs_smooth_Moretraining,trial1281.mat,1281,1281,945,15,22,15,56,16,40,8,1,0,2,1,18,7088,1,1,2,1,1,2,1,2,1,2,SINGLE_T1_CORRECT,10,455,1,0,0,0,0,0,136,88,136,88,48,136,1,0,180,10,180,10,170,170,NaN,NaN,NaN,1785524628.56928,16450.62592932,2.16685676574707,0.0124130249023438,0.179851293563843,0.838236808776855,1.20412707328796,1.4466347694397,1.48798680305481,1.48798680305481,-1,-1,1.73142099380493,167.438268661499,242.507696151733,41.3520336151123,283.859729766846,Instruction,Left,Right,Left,Left,Left,1,0,0,0,0,NaN,NaN,NaN,NaN,NaN,NaN,NaN,NaN,0,0,0,1,1,0,946,NaN,20260731_t1356_srsSmooth_Moretraining_B015,16,NaN,66.3471386591593,1.27558040618896,NaN,NaN,NaN,0,NaN,NaN,NaN,NaN,0
20260731_t1356_srsSmooth_Moretraining,srs_smooth_Moretraining,trial1282.mat,1282,1282,946,15,23,16,56,16,40,8,1,0,4,1,37,26700,1,2,1,2,1,1,2,2,2,2,SINGLE_T2_CORRECT,11,455,1,0,0,0,0,0,149,93,149,93,56,93,1,0,10,180,10,180,-170,170,NaN,NaN,NaN,1785524631.99526,16454.0519514,2.22459268569946,0.0115723609924316,0.212334632873535,0.837429285049438,1.2782895565033,1.52070999145508,1.56243801116943,1.56243801116943,-1,-1,1.831698179245,200.762271881104,242.420434951782,41.7280197143555,284.148454666138,Instruction,Right,Left,Left,Right,Left,1,0,0,0,0,NaN,NaN,NaN,NaN,NaN,NaN,NaN,NaN,1,1,0,1,0,0,947,NaN,20260731_t1356_srsSmooth_Moretraining_B015,17,NaN,66.404238251845,1.2591187953949,NaN,NaN,NaN,0,NaN,NaN,NaN,NaN,0
20260731_t1356_srsSmooth_Moretraining,srs_smooth_Moretraining,trial1283.mat,1283,1283,947,15,24,17,56,16,40,8,1,0,1,1,4,13406,1,1,1,2,1,1,1,1,1,1,SINGLE_T1_CORRECT,10,455,1,0,0,0,0,0,121,63,121,63,58,121,1,180,0,190,180,10,170,170,NaN,NaN,NaN,1785524635.47187,16457.52843556,2.21394371986389,0.0184330940246582,0.294002771377563,0.844267129898071,1.3101499080658,1.53591513633728,1.57750749588013,1.57750749588013,-1,-1,1.796147108078,275.569677352905,225.765228271484,41.5923595428467,267.357587814331,Instruction,Right,Left,Right,Right,Right,1,0,0,0,0,NaN,NaN,NaN,NaN,NaN,NaN,NaN,NaN,1,1,1,1,1,0,948,NaN,20260731_t1356_srsSmooth_Moretraining_B015,18,NaN,66.4621817588806,1.25201773643494,NaN,NaN,NaN,0,NaN,NaN,NaN,NaN,0
20260731_t1356_srsSmooth_Moretraining,srs_smooth_Moretraining,trial1284.mat,1284,1284,948,15,25,18,56,16,40,8,1,0,2,1,15,11045,1,1,2,1,1,2,1,2,1,2,SINGLE_T1_CORRECT,10,455,1,0,1,0,0,0,129,70,129,70,59,129,1,180,0,190,180,10,170,170,NaN,NaN,NaN,1785524638.9604,16461.01681556,2.15921902656555,0.0133688449859619,0.0144021511077881,0.772139072418213,1.18841576576233,1.43072152137756,1.47220635414124,1.47220635414124,-1,-1,1.73290061950684,1.03330612182617,242.305755615234,41.4848327636719,283.790588378906,Instruction,Left,Right,Left,Left,Left,1,0,0,0,0,NaN,NaN,NaN,NaN,NaN,NaN,NaN,NaN,0,0,0,1,1,0,949,NaN,20260731_t1356_srsSmooth_Moretraining_B015,19,NaN,66.5203239957492,1.27459049224854,NaN,NaN,NaN,0,NaN,NaN,NaN,NaN,0
20260731_t1356_srsSmooth_Moretraining,srs_smooth_Moretraining,trial1286.mat,1286,1286,949,15,27,19,56,16,40,8,1,0,1,1,9,23904,1,1,1,2,1,1,1,1,1,1,SINGLE_T1_CORRECT,10,455,1,0,0,0,0,0,132,87,132,87,45,132,1,0,180,10,180,10,170,170,NaN,NaN,NaN,1785524643.88085,16465.93717452,2.40647101402283,0.0181179046630859,0.26863431930542,1.05232071876526,1.44317483901978,1.68569803237915,1.71860361099243,1.71860361099243,-1,-1,1.97173237800598,250.516414642334,242.523193359375,32.9055786132812,275.428771972656,Instruction,Right,Left,Right,Right,Right,1,0,0,0,0,NaN,NaN,NaN,NaN,NaN,NaN,NaN,NaN,1,1,1,1,1,0,950,NaN,20260731_t1356_srsSmooth_Moretraining_B015,20,NaN,66.6023314118385,2.761225938797,NaN,NaN,NaN,0,NaN,NaN,NaN,NaN,0
20260731_t1356_srsSmooth_Moretraining,srs_smooth_Moretraining,trial1287.mat,1287,1287,950,15,28,20,56,16,40,8,1,0,4,1,40,8255,1,2,1,2,1,1,2,2,2,2,SINGLE_T2_CORRECT,11,455,1,0,0,0,0,0,151,72,151,72,79,72,1,0,10,180,10,180,-170,170,NaN,NaN,NaN,1785524647.61926,16469.67552048,2.12584757804871,0.0131886005401611,0.247111082077026,0.76379132270813,1.19656848907471,1.44713735580444,1.48880386352539,1.48880386352539,-1,-1,1.74962711334229,233.922481536865,250.568866729736,41.6665077209473,292.235374450684,Instruction,Right,Left,Left,Right,Left,1,0,0,0,0,NaN,NaN,NaN,NaN,NaN,NaN,NaN,NaN,1,1,0,1,0,0,951,NaN,20260731_t1356_srsSmooth_Moretraining_B015,21,NaN,66.6646382490794,1.33193922042847,NaN,NaN,NaN,0,NaN,NaN,NaN,NaN,0
20260731_t1356_srsSmooth_Moretraining,srs_smooth_Moretraining,trial1288.mat,1288,1288,951,15,29,21,56,16,40,8,1,0,3,1,21,5539,1,2,2,1,1,2,2,1,2,1,SINGLE_T2_CORRECT,11,455,1,0,0,0,0,0,122,87,122,87,35,87,1,180,190,0,10,180,-170,170,NaN,NaN,NaN,1785524651.02481,16473.0810432,2.045090675354,0.0161070823669434,0.166676998138428,0.733529567718506,1.16615200042725,1.3917248249054,1.42500376701355,1.42500376701355,-1,-1,1.66022086143494,150.569915771484,225.572824478149,33.2789421081543,258.851766586304,Instruction,Left,Right,Right,Left,Right,1,0,0,0,0,NaN,NaN,NaN,NaN,NaN,NaN,NaN,NaN,0,0,1,1,0,0,952,NaN,20260731_t1356_srsSmooth_Moretraining_B015,22,NaN,66.7213974078496,1.27970194816589,NaN,NaN,NaN,0,NaN,NaN,NaN,NaN,0
20260731_t1356_srsSmooth_Moretraining,srs_smooth_Moretraining,trial1289.mat,1289,1289,952,15,30,22,56,16,40,8,1,0,1,1,3,14074,1,1,1,2,1,1,1,1,0,0,,0,11,0,1,0,0,0,0,142,72,142,72,70,NaN,1,0,180,10,180,10,170,170,NaN,NaN,NaN,1785524654.34547,16476.40170576,0.0649552345275879,0.0122377872467041,0.0131962299346924,-1,-1,-1,-1,-1,-1,-1,-1,0.958442687988281,NaN,NaN,NaN,Instruction,Right,Left,None,Right,Right,1,0,0,0,0,NaN,NaN,NaN,NaN,NaN,NaN,NaN,NaN,1,1,1,1,1,0,952,NaN,20260731_t1356_srsSmooth_Moretraining_B015,NaN,NaN,66.7767418464025,1.27557563781738,NaN,NaN,NaN,0,NaN,NaN,NaN,NaN,0
20260731_t1356_srsSmooth_Moretraining,srs_smooth_Moretraining,trial1290.mat,1290,1290,952,15,31,22,56,16,40,8,1,0,4,1,33,13449,1,2,1,2,1,1,2,2,2,2,SINGLE_T2_CORRECT,11,455,1,0,0,0,0,0,159,94,159,94,65,94,1,180,190,0,10,180,-170,170,NaN,NaN,NaN,1785524655.58095,16477.63706284,2.21492481231689,0.0184762477874756,0.227405309677124,0.793996334075928,1.23519134521484,1.4772891998291,1.51892685890198,1.51892685890198,-1,-1,1.82087469100952,208.929061889648,242.097854614258,41.637659072876,283.735513687134,Instruction,Right,Left,Left,Right,Left,1,0,0,0,0,NaN,NaN,NaN,NaN,NaN,NaN,NaN,NaN,1,1,0,1,0,0,953,NaN,20260731_t1356_srsSmooth_Moretraining_B015,23,NaN,66.7973331371943,1.17052221298218,NaN,NaN,NaN,0,NaN,NaN,NaN,NaN,0
20260731_t1356_srsSmooth_Moretraining,srs_smooth_Moretraining,trial1291.mat,1291,1291,953,15,32,23,56,16,40,8,1,0,3,1,29,26866,1,2,2,1,1,2,2,1,2,1,SINGLE_T2_CORRECT,11,455,1,0,0,0,0,0,136,89,136,89,47,89,1,0,10,180,10,180,-170,170,NaN,NaN,NaN,1785524659.07619,16481.13240728,2.2107470035553,0.015040397644043,0.190459966659546,0.757330656051636,1.19842004776001,1.47415161132812,1.50721216201782,1.50721216201782,-1,-1,1.81737470626831,175.419569015503,275.731563568115,33.0605506896973,308.792114257812,Instruction,Left,Right,Right,Left,Right,1,0,0,0,0,NaN,NaN,NaN,NaN,NaN,NaN,NaN,NaN,0,0,1,1,0,0,954,NaN,20260731_t1356_srsSmooth_Moretraining_B015,24,NaN,66.85558715264,1.28031611442566,NaN,NaN,NaN,0,NaN,NaN,NaN,NaN,0
20260731_t1356_srsSmooth_Moretraining,srs_smooth_Moretraining,trial1292.mat,1292,1292,954,15,33,24,56,16,40,8,1,0,1,1,3,14074,1,1,1,2,1,1,1,1,0,0,,0,11,0,1,0,0,0,0,153,64,153,64,89,NaN,1,180,0,190,180,10,170,170,NaN,NaN,NaN,1785524662.56177,16484.61781524,0.156928062438965,0.0129373073577881,0.105014324188232,-1,-1,-1,-1,-1,-1,-1,-1,92.0770168304443,NaN,NaN,NaN,Instruction,Right,Left,None,Right,Right,1,0,0,0,0,NaN,NaN,NaN,NaN,NaN,NaN,NaN,NaN,1,1,1,1,1,0,954,NaN,20260731_t1356_srsSmooth_Moretraining_B015,NaN,NaN,66.9136800527573,1.274827003479,NaN,NaN,NaN,0,NaN,NaN,NaN,NaN,0
20260731_t1356_srsSmooth_Moretraining,srs_smooth_Moretraining,trial1294.mat,1294,1294,954,15,35,24,56,16,40,8,1,0,2,1,11,25237,1,1,2,1,1,2,1,2,1,2,SINGLE_T1_CORRECT,10,455,1,0,0,0,0,0,105,83,105,83,22,105,1,180,0,190,180,10,170,170,NaN,NaN,NaN,1785524665.33771,16487.39376028,2.15779423713684,0.0121016502380371,0.279636144638062,0.804260015487671,1.18714785575867,1.41260576248169,1.44599151611328,1.44599151611328,-1,-1,1.74766850471497,267.534494400024,225.457906723022,33.3857536315918,258.843660354614,Instruction,Left,Right,Left,Left,Left,1,0,0,0,0,NaN,NaN,NaN,NaN,NaN,NaN,NaN,NaN,0,0,0,1,1,0,955,NaN,20260731_t1356_srsSmooth_Moretraining_B015,25,NaN,66.9599457939466,2.61901640892029,NaN,NaN,NaN,0,NaN,NaN,NaN,NaN,0
20260731_t1356_srsSmooth_Moretraining,srs_smooth_Moretraining,trial1296.mat,1296,1296,955,15,37,25,56,16,40,8,1,0,2,1,14,6506,1,1,2,1,1,2,1,2,1,2,SINGLE_T1_CORRECT,10,455,1,0,0,0,0,0,134,95,134,95,39,134,1,180,0,190,180,10,170,170,NaN,NaN,NaN,1785524670.24121,16492.29713228,2.33798575401306,0.0171291828155518,0.251108169555664,1.03440046310425,1.37551617622375,1.60942649841309,1.64257764816284,1.64257764816284,-1,-1,1.90330672264099,233.978986740112,233.910322189331,33.1511497497559,267.061471939087,Instruction,Left,Right,Left,Left,Left,1,0,0,0,0,NaN,NaN,NaN,NaN,NaN,NaN,NaN,NaN,0,0,0,1,1,0,956,NaN,20260731_t1356_srsSmooth_Moretraining_B015,26,NaN,67.0416707913081,2.74570560455322,NaN,NaN,NaN,0,NaN,NaN,NaN,NaN,0
20260731_t1356_srsSmooth_Moretraining,srs_smooth_Moretraining,trial1297.mat,1297,1297,956,15,38,26,56,16,40,8,1,0,2,1,19,4998,1,1,2,1,1,2,1,2,1,2,SINGLE_T1_CORRECT,10,455,1,0,0,0,0,0,138,98,138,98,40,138,1,0,180,10,180,10,170,170,NaN,NaN,NaN,1785524673.84607,16495.90185568,2.33335185050964,0.0124063491821289,0.263104915618896,0.971510887145996,1.32079029083252,1.54654788970947,1.57982468605042,1.57982468605042,-1,-1,1.89034914970398,250.698566436768,225.757598876953,33.2767963409424,259.034395217896,Instruction,Left,Right,Left,Left,Left,1,0,0,0,0,NaN,NaN,NaN,NaN,NaN,NaN,NaN,NaN,0,0,0,1,1,0,957,NaN,20260731_t1356_srsSmooth_Moretraining_B015,27,NaN,67.1017518719037,1.26687908172607,NaN,NaN,NaN,0,NaN,NaN,NaN,NaN,0
20260731_t1356_srsSmooth_Moretraining,srs_smooth_Moretraining,trial1299.mat,1299,1299,957,15,40,27,56,16,40,8,1,0,3,1,25,2260,1,2,2,1,1,2,2,1,2,1,SINGLE_T2_CORRECT,11,455,1,0,0,0,0,0,114,80,114,80,34,80,1,0,10,180,10,180,-170,170,NaN,NaN,NaN,1785524678.91345,16500.96919988,2.32500982284546,0.0118923187255859,0.271195411682129,0.962804555892944,1.37027931213379,1.62921380996704,1.66254639625549,1.66254639625549,-1,-1,1.93993830680847,259.303092956543,258.934497833252,33.3325862884521,292.267084121704,Instruction,Left,Right,Right,Left,Right,1,0,0,0,0,NaN,NaN,NaN,NaN,NaN,NaN,NaN,NaN,0,0,1,1,0,0,958,NaN,20260731_t1356_srsSmooth_Moretraining_B015,28,NaN,67.1862081885338,2.73402714729309,NaN,NaN,NaN,0,NaN,NaN,NaN,NaN,0
20260731_t1356_srsSmooth_Moretraining,srs_smooth_Moretraining,trial1300.mat,1300,1300,958,15,41,28,56,16,40,8,1,0,4,1,35,13059,1,2,1,2,1,1,2,2,2,2,SINGLE_T2_CORRECT,11,455,1,0,0,0,0,0,149,86,149,86,63,86,1,0,10,180,10,180,-170,170,NaN,NaN,NaN,1785524682.5146,16504.57022764,2.23135018348694,0.0192346572875977,0.211790800094604,0.920108556747437,1.32760524749756,1.5864589214325,1.61980819702148,1.61980819702148,-1,-1,1.8469500541687,192.556142807007,258.853673934937,33.3492755889893,292.202949523926,Instruction,Right,Left,Left,Right,Left,1,0,0,0,0,NaN,NaN,NaN,NaN,NaN,NaN,NaN,NaN,1,1,0,1,0,0,959,NaN,20260731_t1356_srsSmooth_Moretraining_B015,29,NaN,67.2462273001671,1.27613687515259,NaN,NaN,NaN,0,NaN,NaN,NaN,NaN,0
20260731_t1356_srsSmooth_Moretraining,srs_smooth_Moretraining,trial1301.mat,1301,1301,959,15,42,29,56,16,40,8,1,0,2,1,20,28454,1,1,2,1,1,2,1,2,1,2,SINGLE_T1_CORRECT,10,455,1,0,0,0,0,0,130,76,130,76,54,130,1,180,0,190,180,10,170,170,NaN,NaN,NaN,1785524686.02359,16508.07920952,2.34758973121643,0.018702507019043,0.277631282806396,0.944384813308716,1.37708950042725,1.61933732032776,1.66097140312195,1.66097140312195,-1,-1,1.91294050216675,258.928775787354,242.247819900513,41.6340827941895,283.881902694702,Instruction,Left,Right,Left,Left,Left,1,0,0,0,0,NaN,NaN,NaN,NaN,NaN,NaN,NaN,NaN,0,0,0,1,1,0,960,NaN,20260731_t1356_srsSmooth_Moretraining_B015,30,NaN,67.3047104517619,1.27763891220093,NaN,NaN,NaN,0,NaN,NaN,NaN,NaN,0
20260731_t1356_srsSmooth_Moretraining,srs_smooth_Moretraining,trial1303.mat,1303,1303,960,15,44,30,56,16,40,8,1,0,2,1,17,27666,1,1,2,1,1,2,1,2,1,2,SINGLE_T1_CORRECT,10,455,1,0,0,0,0,0,153,109,153,109,44,153,1,0,180,10,180,10,170,170,NaN,NaN,NaN,1785524691.12247,16513.17781132,2.38272261619568,0.0116844177246094,0.22066068649292,0.962325096130371,1.35340332984924,1.61234712600708,1.66234946250916,1.66234946250916,-1,-1,1.93073964118958,208.976268768311,258.943796157837,50.0023365020752,308.946132659912,Instruction,Left,Right,Left,Left,Left,1,0,0,0,0,NaN,NaN,NaN,NaN,NaN,NaN,NaN,NaN,0,0,0,1,1,0,961,NaN,20260731_t1356_srsSmooth_Moretraining_B015,31,NaN,67.3896918535233,2.75129437446594,NaN,NaN,NaN,0,NaN,NaN,NaN,NaN,0
20260731_t1356_srsSmooth_Moretraining,srs_smooth_Moretraining,trial1305.mat,1305,1305,961,15,46,31,56,16,40,8,1,0,4,1,31,2467,1,2,1,2,1,1,2,2,2,2,SINGLE_T2_CORRECT,11,455,1,0,0,0,0,0,129,72,129,72,57,72,1,0,10,180,10,180,-170,170,NaN,NaN,NaN,1785524696.27057,16518.3258808,2.3176212310791,0.0137875080108643,0.28945517539978,0.947850942611694,1.34717345237732,1.61430096626282,1.64761567115784,1.64761567115784,-1,-1,1.94127249717712,275.667667388916,267.127513885498,33.3147048950195,300.442218780518,Instruction,Right,Left,Left,Right,Left,1,0,0,0,0,NaN,NaN,NaN,NaN,NaN,NaN,NaN,NaN,1,1,0,1,0,0,962,NaN,20260731_t1356_srsSmooth_Moretraining_B015,32,NaN,67.4754934668541,2.76537418365479,NaN,NaN,NaN,0,NaN,NaN,NaN,NaN,0
20260731_t1356_srsSmooth_Moretraining,srs_smooth_Moretraining,trial1306.mat,1306,1306,962,15,47,32,56,16,40,8,1,0,1,1,8,5990,1,1,1,2,1,1,1,1,1,1,SINGLE_T1_CORRECT,10,455,1,0,0,0,0,0,125,83,125,83,42,125,1,0,180,10,180,10,170,170,NaN,NaN,NaN,1785524699.86271,16521.91809508,2.27652049064636,0.0134580135345459,0.205752372741699,0.922415018081665,1.32184195518494,1.58071684837341,1.61393046379089,1.61393046379089,-1,-1,1.84976100921631,192.294359207153,258.874893188477,33.2136154174805,292.088508605957,Instruction,Right,Left,Right,Right,Right,1,0,0,0,0,NaN,NaN,NaN,NaN,NaN,NaN,NaN,NaN,1,1,1,1,1,0,963,NaN,20260731_t1356_srsSmooth_Moretraining_B015,33,NaN,67.5353624105453,1.27451539039612,NaN,NaN,NaN,0,NaN,NaN,NaN,NaN,0
20260731_t1356_srsSmooth_Moretraining,srs_smooth_Moretraining,trial1307.mat,1307,1307,963,15,48,33,56,16,40,8,1,0,1,1,1,31564,1,1,1,2,1,1,1,1,1,1,SINGLE_T1_CORRECT,10,455,1,0,0,0,0,0,148,92,148,92,56,148,1,0,180,10,180,10,170,170,NaN,NaN,NaN,1785524703.41174,16525.46689424,2.31831002235413,0.0145628452301025,0.214916706085205,0.839892864227295,1.23127698898315,1.57333517074585,1.6149365901947,1.6149365901947,-1,-1,1.86716270446777,200.353860855103,342.058181762695,41.6014194488525,383.659601211548,Instruction,Right,Left,Right,Right,Right,1,0,0,0,0,NaN,NaN,NaN,NaN,NaN,NaN,NaN,NaN,1,1,1,1,1,0,964,NaN,20260731_t1356_srsSmooth_Moretraining_B015,34,NaN,67.5945129434268,1.27251148223877,NaN,NaN,NaN,0,NaN,NaN,NaN,NaN,0
20260731_t1356_srsSmooth_Moretraining,srs_smooth_Moretraining,trial1308.mat,1308,1308,964,15,49,34,56,16,40,8,1,0,3,1,22,16917,1,2,2,1,1,2,2,1,2,1,SINGLE_T2_CORRECT,11,455,1,0,0,0,0,0,122,106,122,106,16,106,1,0,10,180,10,180,-170,170,NaN,NaN,NaN,1785524707.02294,16529.0780158,2.16637563705444,0.0118331909179688,0.170514106750488,0.754065990447998,1.15354418754578,1.4456775188446,1.48768997192383,1.48768997192383,-1,-1,1.75620007514954,158.68091583252,292.133331298828,42.0124530792236,334.145784378052,Instruction,Left,Right,Right,Left,Right,1,0,0,0,0,NaN,NaN,NaN,NaN,NaN,NaN,NaN,NaN,0,0,1,1,0,0,965,NaN,20260731_t1356_srsSmooth_Moretraining_B015,35,NaN,67.6546996553739,1.29289269447327,NaN,NaN,NaN,0,NaN,NaN,NaN,NaN,0
20260731_t1356_srsSmooth_Moretraining,srs_smooth_Moretraining,trial1309.mat,1309,1309,965,15,50,35,56,16,40,8,1,0,1,1,3,14074,1,1,1,2,1,1,1,1,1,1,SINGLE_T1_CORRECT,10,455,1,0,0,0,0,0,125,79,125,79,46,125,1,0,180,10,180,10,170,170,NaN,NaN,NaN,1785524710.45071,16532.5057868,2.19673132896423,0.0175366401672363,0.176395893096924,0.868220806121826,1.23424959182739,1.49308848381042,1.53493404388428,1.53493404388428,-1,-1,1.77077198028564,158.859252929688,258.838891983032,41.8455600738525,300.684452056885,Instruction,Right,Left,Right,Right,Right,1,0,0,0,0,NaN,NaN,NaN,NaN,NaN,NaN,NaN,NaN,1,1,1,1,1,0,966,NaN,20260731_t1356_srsSmooth_Moretraining_B015,36,NaN,67.711829050382,1.26138806343079,NaN,NaN,NaN,0,NaN,NaN,NaN,NaN,0
20260731_t1356_srsSmooth_Moretraining,srs_smooth_Moretraining,trial1310.mat,1310,1310,966,15,51,36,56,16,40,8,1,0,1,1,5,28866,1,1,1,2,1,1,1,1,1,1,SINGLE_T1_CORRECT,10,455,1,0,0,0,0,0,132,91,132,91,41,132,1,0,180,10,180,10,170,170,NaN,NaN,NaN,1785524713.91779,16535.97276524,2.13819813728333,0.0172519683837891,0.226147651672363,0.751198053359985,1.14229583740234,1.41770839691162,1.45953774452209,1.45953774452209,-1,-1,1.70357012748718,208.895683288574,275.412559509277,41.8293476104736,317.241907119751,Instruction,Right,Left,Right,Right,Right,1,0,0,0,0,NaN,NaN,NaN,NaN,NaN,NaN,NaN,NaN,1,1,1,1,1,0,967,NaN,20260731_t1356_srsSmooth_Moretraining_B015,37,NaN,67.7696137944857,1.27035331726074,NaN,NaN,NaN,0,NaN,NaN,NaN,NaN,0
20260731_t1356_srsSmooth_Moretraining,srs_smooth_Moretraining,trial1311.mat,1311,1311,967,15,52,37,56,16,40,8,1,0,4,1,34,28261,1,2,1,2,1,1,2,2,2,2,SINGLE_T2_CORRECT,11,455,1,0,0,0,0,0,156,92,156,92,64,92,1,0,10,180,10,180,-170,170,NaN,NaN,NaN,1785524717.34741,16539.40245512,2.18339514732361,0.012765645980835,0.171804428100586,0.921839237213135,1.26281356811523,1.46338510513306,1.5051007270813,1.5051007270813,-1,-1,1.79068446159363,159.038782119751,200.571537017822,41.7156219482422,242.287158966064,Instruction,Right,Left,Left,Right,Left,1,0,0,0,0,NaN,NaN,NaN,NaN,NaN,NaN,NaN,NaN,1,1,0,1,0,0,968,NaN,20260731_t1356_srsSmooth_Moretraining_B015,38,NaN,67.8267741163572,1.29142117500305,NaN,NaN,NaN,0,NaN,NaN,NaN,NaN,0
20260731_t1356_srsSmooth_Moretraining,srs_smooth_Moretraining,trial1313.mat,1313,1313,968,15,54,38,56,16,40,8,1,0,1,1,7,3550,1,1,1,2,1,1,1,1,1,1,SINGLE_T1_CORRECT,10,455,1,0,0,0,0,0,120,84,120,84,36,120,1,0,180,10,180,10,170,170,NaN,NaN,NaN,1785524722.3409,16544.3957122,2.18183445930481,0.0194664001464844,0.228452920913696,0.845157623291016,1.21117949485779,1.46990728378296,1.50324773788452,1.50324773788452,-1,-1,1.76332330703735,208.986520767212,258.727788925171,33.3404541015625,292.068243026733,Instruction,Right,Left,Right,Right,Right,1,0,0,0,0,NaN,NaN,NaN,NaN,NaN,NaN,NaN,NaN,1,1,1,1,1,0,969,NaN,20260731_t1356_srsSmooth_Moretraining_B015,39,NaN,67.9099989851316,2.81009697914124,NaN,NaN,NaN,0,NaN,NaN,NaN,NaN,0
20260731_t1356_srsSmooth_Moretraining,srs_smooth_Moretraining,trial1314.mat,1314,1314,969,15,55,39,56,16,40,8,1,0,1,1,10,29205,1,1,1,2,1,1,1,1,0,0,,0,11,0,1,0,0,0,0,119,69,119,69,50,NaN,1,0,180,10,180,10,170,170,NaN,NaN,NaN,1785524725.82844,16547.88320148,1.59437656402588,0.0153965950012207,0.174303770065308,0.757671356201172,1.16544032096863,1.41604065895081,-1,-1,-1,-1,-1,158.907175064087,250.600337982178,NaN,NaN,Instruction,Right,Left,None,Right,Right,1,0,0,0,0,NaN,NaN,NaN,NaN,NaN,NaN,NaN,NaN,1,1,1,1,1,0,969,NaN,20260731_t1356_srsSmooth_Moretraining_B015,NaN,NaN,67.9681246201197,1.30570363998413,NaN,NaN,NaN,0,NaN,NaN,NaN,NaN,0
20260731_t1356_srsSmooth_Moretraining,srs_smooth_Moretraining,trial1315.mat,1315,1315,969,15,56,39,56,16,40,8,1,0,1,1,10,29205,1,1,1,2,1,1,1,1,1,1,SINGLE_T1_CORRECT,10,455,1,0,0,0,0,0,150,94,150,94,56,150,1,180,0,190,180,10,170,170,NaN,NaN,NaN,1785524728.61983,16550.67450664,2.16217565536499,0.0157766342163086,0.199751377105713,0.733437538146973,1.13248658180237,1.40785837173462,1.44143152236938,1.44143152236938,-1,-1,1.70974969863892,183.974742889404,275.371789932251,33.5731506347656,308.944940567017,Instruction,Right,Left,Right,Right,Right,1,0,0,0,0,NaN,NaN,NaN,NaN,NaN,NaN,NaN,NaN,1,1,1,1,1,0,970,NaN,20260731_t1356_srsSmooth_Moretraining_B015,40,NaN,68.0146478494008,1.19701719284058,NaN,NaN,NaN,0,NaN,NaN,NaN,NaN,0
20260731_t1356_srsSmooth_Moretraining,srs_smooth_Moretraining,trial1316.mat,1316,1316,970,15,57,40,56,16,40,8,1,1,6,2,48,678,2,0,2,1,1,2,1,2,2,1,CHOSE_LOW_SAL,2,455,1,0,0,0,0,0,136,101,136,101,35,101,1,180,289.666041393655,260.333958606345,109.666041393655,80.3339586063448,29.3320827873105,29.3320827873105,NaN,NaN,NaN,1785524732.04674,16554.10126472,2.15175104141235,0.0140020847320557,0.156014204025269,0.881642818450928,1.25571608543396,1.47340273857117,1.50613212585449,1.50613212585449,-1,-1,1.74964809417725,142.012119293213,217.686653137207,32.7293872833252,250.416040420532,Congruent,Left,Right,Right,Left,Left,0,1,1,0,1,1,0,0,0,0,1,1,1,0,0,0,1,1,1,971,371,20260731_t1356_srsSmooth_Moretraining_B015,41,1,68.071762975057,1.26473188400269,1,2,139,0,1,1,0,0,1
20260731_t1356_srsSmooth_Moretraining,srs_smooth_Moretraining,trial1319.mat,1319,1319,971,15,60,41,56,16,40,8,1,1,6,2,45,22552,2,0,2,1,1,2,1,2,2,1,CHOSE_LOW_SAL,2,455,1,0,0,0,0,0,150,82,150,82,68,82,1,180,277.532974132474,272.467025867526,97.5329741324737,92.4670258675263,5.06594826494734,5.06594826494734,NaN,NaN,NaN,1785524738.41681,16560.47137856,2.11473035812378,0.0191819667816162,0.194940090179443,0.769999265670776,1.160893201828,1.41984152793884,1.46168541908264,1.46168541908264,-1,-1,1.73016119003296,175.758123397827,258.94832611084,41.8438911437988,300.792217254639,Congruent,Left,Right,Right,Left,Left,0,1,1,0,1,1,0,0,0,0,1,1,1,0,0,0,1,1,1,972,372,20260731_t1356_srsSmooth_Moretraining_B015,42,2,68.177930744489,4.21831512451172,2,1,101,1,0,0,1,1,1
20260731_t1356_srsSmooth_Moretraining,srs_smooth_Moretraining,trial1320.mat,1320,1320,972,15,61,42,56,16,40,8,1,1,5,2,44,19257,2,0,1,2,1,1,1,1,0,0,,0,11,0,1,0,0,0,0,127,81,127,81,46,NaN,1,0,165.591741906935,24.4082580930649,165.591741906935,24.4082580930649,141.18348381387,141.18348381387,NaN,NaN,NaN,1785524741.80647,16563.86086964,1.41670060157776,0.01297926902771,0.271788358688354,1.06347250938416,-1,-1,-1,-1,-1,-1,-1,258.809089660645,NaN,NaN,NaN,Congruent,Right,Left,None,Right,Right,0,1,1,0,0,NaN,NaN,NaN,NaN,NaN,NaN,NaN,NaN,1,1,1,1,1,0,972,NaN,20260731_t1356_srsSmooth_Moretraining_B015,NaN,NaN,68.2344251871109,1.27493619918823,NaN,NaN,NaN,0,NaN,NaN,NaN,NaN,0
20260731_t1356_srsSmooth_Moretraining,srs_smooth_Moretraining,trial1323.mat,1323,1323,972,15,64,42,56,16,40,8,1,1,6,2,47,28820,2,0,2,1,1,2,1,2,2,1,CHOSE_LOW_SAL,2,455,1,0,0,0,0,0,136,62,136,62,74,62,1,0,98.4258211481258,91.5741788518742,98.4258211481258,91.5741788518742,6.85164229625161,6.85164229625161,NaN,NaN,NaN,1785524747.42999,16569.48415128,2.14401459693909,0.0146791934967041,0.274000644683838,0.781847238540649,1.22306036949158,1.50700640678406,1.54056668281555,1.54056668281555,-1,-1,1.78383874893188,259.321451187134,283.94603729248,33.5602760314941,317.506313323975,Congruent,Left,Right,Right,Left,Left,0,1,1,0,1,1,0,0,0,0,1,1,1,0,0,0,1,1,1,973,373,20260731_t1356_srsSmooth_Moretraining_B015,43,3,68.3281504710515,4.20681643486023,2,1,82,1,0,0,1,1,1
20260731_t1356_srsSmooth_Moretraining,srs_smooth_Moretraining,trial1324.mat,1324,1324,973,15,65,43,56,16,40,8,1,2,8,2,54,11146,2,0,2,1,1,2,2,1,1,2,CHOSE_LOW_SAL,2,455,1,0,0,0,0,0,141,83,141,83,58,141,1,0,17.5096394537064,172.490360546294,17.5096394537064,172.490360546294,-154.980721092587,154.980721092587,NaN,NaN,NaN,1785524750.86795,16572.92213548,2.29790806770325,0.0185158252716064,0.243929862976074,1.00234198570251,1.34356689453125,1.58578252792358,1.61920309066772,1.61920309066772,-1,-1,1.85468482971191,225.414037704468,242.215633392334,33.4205627441406,275.636196136475,Conflict,Left,Right,Left,Left,Right,0,1,0,1,1,0,1,1,0,1,0,0,1,0,0,1,1,0,1,974,374,20260731_t1356_srsSmooth_Moretraining_B015,44,4,68.3854498624802,1.29394888877869,2,1,62,1,1,1,0,0,1
20260731_t1356_srsSmooth_Moretraining,srs_smooth_Moretraining,trial1326.mat,1326,1326,974,15,67,44,56,16,40,8,1,2,7,2,49,19066,2,0,1,2,1,1,2,2,0,0,,0,453,0,1,0,0,0,0,141,85,141,85,56,NaN,1,0,20.4539573591613,169.546042640839,20.4539573591613,169.546042640839,-149.092085281677,149.092085281677,NaN,NaN,NaN,1785524755.92881,16577.9828802,1.38679146766663,0.0161845684051514,0.01753830909729,0.550425052642822,0.891218662261963,-1,-1,-1,-1,-1,-1,1.35374069213867,NaN,NaN,NaN,Conflict,Right,Left,None,Right,Left,0,1,0,1,0,NaN,NaN,NaN,NaN,NaN,NaN,NaN,NaN,1,1,0,1,0,0,974,NaN,20260731_t1356_srsSmooth_Moretraining_B015,NaN,NaN,68.4697975317637,2.76295208930969,NaN,NaN,NaN,0,NaN,NaN,NaN,NaN,0
20260731_t1356_srsSmooth_Moretraining,srs_smooth_Moretraining,trial1348.mat,1348,1348,974,15,89,44,56,16,40,8,1,2,8,2,55,19676,2,0,2,1,1,2,2,1,1,2,CHOSE_LOW_SAL,2,455,1,0,0,0,0,0,126,64,126,64,62,126,1,0,50.1458447378874,139.854155262113,50.1458447378874,139.854155262113,-89.7083105242252,89.7083105242252,NaN,NaN,NaN,1785524789.25623,16611.30978616,2.18532657623291,0.0150587558746338,0.290668725967407,0.815412044525146,1.21510481834412,1.46563529968262,1.50745582580566,1.50745582580566,-1,-1,1.75899124145508,275.609970092773,250.530481338501,41.8205261230469,292.351007461548,Conflict,Left,Right,Left,Left,Right,0,1,0,1,1,0,1,1,0,1,0,0,1,0,0,1,1,0,1,975,375,20260731_t1356_srsSmooth_Moretraining_B015,45,5,69.0252545118332,31.9406273365021,1,2,141,1,0,0,1,1,1
20260731_t1356_srsSmooth_Moretraining,srs_smooth_Moretraining,trial1411.mat,1411,1411,975,15,152,45,56,16,40,8,1,2,8,2,53,8847,2,0,2,1,1,2,2,1,1,2,CHOSE_LOW_SAL,2,455,1,0,0,0,0,0,130,101,130,101,29,130,1,0,26.6178753007523,163.382124699248,26.6178753007523,163.382124699248,-136.764249398495,136.764249398495,NaN,NaN,NaN,1785524884.37326,16706.4248974,2.39776396751404,0.0184180736541748,0.268908739089966,0.985580205917358,1.39347219467163,1.65239644050598,1.68572115898132,1.68572115898132,-1,-1,1.9627628326416,250.490665435791,258.924245834351,33.3247184753418,292.248964309692,Conflict,Left,Right,Left,Left,Right,0,1,0,1,1,0,1,1,0,1,0,0,1,0,0,1,1,0,1,976,376,20260731_t1356_srsSmooth_Moretraining_B015,46,6,70.6105383078257,92.9317011833191,1,2,126,1,0,0,1,1,1
20260731_t1356_srsSmooth_Moretraining,srs_smooth_Moretraining,trial1412.mat,1412,1412,976,15,153,46,56,16,40,8,1,2,8,2,56,17966,2,0,2,1,1,2,2,1,1,2,CHOSE_LOW_SAL,2,455,1,0,0,0,0,0,129,81,129,81,48,129,1,0,81.9340955621959,108.065904437804,81.9340955621959,108.065904437804,-26.1318088756082,26.1318088756082,NaN,NaN,NaN,1785524888.08866,16710.14026416,2.12411642074585,0.0115010738372803,0.186863899230957,0.720364570617676,1.15321207046509,1.3620069026947,1.39562225341797,1.39562225341797,-1,-1,1.69749927520752,175.362825393677,208.794832229614,33.6153507232666,242.410182952881,Conflict,Left,Right,Left,Left,Right,0,1,0,1,1,0,1,1,0,1,0,0,1,0,0,1,1,0,1,977,377,20260731_t1356_srsSmooth_Moretraining_B015,47,7,70.6724615732829,1.31763195991516,1,2,130,1,0,0,1,1,1
20260731_t1356_srsSmooth_Moretraining,srs_smooth_Moretraining,trial1413.mat,1413,1413,977,15,154,47,56,16,40,8,1,2,7,2,50,14147,2,0,1,2,1,1,2,2,1,1,CHOSE_LOW_SAL,2,455,1,0,1,0,0,0,120,98,120,98,22,120,1,180,226.525705731955,323.474294268045,46.5257057319552,143.474294268045,-96.9485885360895,96.9485885360895,NaN,NaN,NaN,1785524891.50102,16713.55248016,2.39543175697327,0.0159361362457275,0.291456460952759,0.899631500244141,1.29098629951477,1.64152240753174,1.67491054534912,1.67491054534912,-1,-1,1.97663068771362,275.520324707031,350.536108016968,33.3881378173828,383.924245834351,Conflict,Right,Left,Right,Right,Left,0,1,0,1,1,1,1,1,0,0,0,0,1,1,1,0,1,0,1,978,378,20260731_t1356_srsSmooth_Moretraining_B015,48,8,70.7293343385061,1.28824949264526,1,2,129,1,0,1,1,0,1
20260731_t1356_srsSmooth_Moretraining,srs_smooth_Moretraining,trial1414.mat,1414,1414,978,15,155,48,56,16,40,8,1,1,5,2,42,21461,2,0,1,2,1,1,1,1,1,1,CHOSE_HIGH_SAL,1,455,1,0,0,0,0,0,106,85,106,85,21,106,1,180,337.835622274185,212.164377725815,157.835622274185,32.1643777258151,125.67124454837,125.67124454837,NaN,NaN,NaN,1785524895.15469,16717.20599308,2.24996137619019,0.0124096870422363,0.221097469329834,0.921141624450684,1.31246089935303,1.55465054512024,1.58794713020325,1.58794713020325,-1,-1,1.83971953392029,208.687782287598,242.189645767212,33.2965850830078,275.48623085022,Congruent,Right,Left,Right,Right,Right,0,1,1,0,1,1,1,1,1,0,0,0,0,1,1,1,1,1,1,979,379,20260731_t1356_srsSmooth_Moretraining_B015,49,9,70.790228843689,1.25823855400085,1,1,120,1,0,0,1,1,1
20260731_t1356_srsSmooth_Moretraining,srs_smooth_Moretraining,trial1415.mat,1415,1415,979,15,156,49,56,16,40,8,1,1,5,2,44,19257,2,0,1,2,1,1,1,1,2,2,CHOSE_LOW_SAL,2,455,1,0,0,0,0,0,143,93,143,93,50,93,1,0,118.346969094123,71.6530309058772,118.346969094123,71.6530309058772,46.6939381882455,46.6939381882455,NaN,NaN,NaN,1785524898.67092,16720.72218868,2.41801071166992,0.0129873752593994,0.288594722747803,1.06366300582886,1.44637656211853,1.67173099517822,1.71345400810242,1.71345400810242,-1,-1,2.02420163154602,275.607347488403,225.354433059692,41.7230129241943,267.077445983887,Congruent,Right,Left,Left,Right,Right,0,1,1,0,1,0,0,0,0,1,1,1,1,1,1,1,1,1,1,980,380,20260731_t1356_srsSmooth_Moretraining_B015,50,10,70.8488326350848,1.2662661075592,1,1,106,1,1,1,0,0,1
20260731_t1356_srsSmooth_Moretraining,srs_smooth_Moretraining,trial1416.mat,1416,1416,980,15,157,50,56,16,40,8,1,2,7,2,52,23914,2,0,1,2,1,1,2,2,2,2,CHOSE_HIGH_SAL,1,455,1,0,0,0,0,0,119,115,119,115,4,115,1,180,234.72520668681,315.27479331319,54.7252066868099,135.27479331319,-80.5495866263801,80.5495866263801,NaN,NaN,NaN,1785524902.42076,16724.4720534,2.31705498695374,0.013291597366333,0.238987922668457,0.97243070602417,1.37167859077454,1.58887505531311,1.63059186935425,1.63059186935425,-1,-1,1.89889311790466,225.696325302124,217.196464538574,41.7168140411377,258.913278579712,Conflict,Right,Left,Left,Right,Left,0,1,0,1,1,0,0,0,1,1,1,1,0,1,1,0,1,0,1,981,381,20260731_t1356_srsSmooth_Moretraining_B015,51,11,70.9113300164541,1.33183217048645,2,2,93,1,0,0,1,1,1
20260731_t1356_srsSmooth_Moretraining,srs_smooth_Moretraining,trial1418.mat,1418,1418,981,15,159,51,56,16,40,8,1,1,5,2,41,10184,2,0,1,2,1,1,1,1,2,2,CHOSE_LOW_SAL,2,455,1,0,0,0,0,0,129,81,129,81,48,81,1,180,340.513862786809,209.486137213191,160.513862786809,29.4861372131908,131.027725573618,131.027725573618,NaN,NaN,NaN,1785524907.50149,16729.55272968,2.37851238250732,0.0160939693450928,0.266694307327271,1.00833630561829,1.42448282241821,1.65843677520752,1.70002913475037,1.70002913475037,-1,-1,1.99380111694336,250.600337982178,233.953952789307,41.5923595428467,275.546312332153,Congruent,Right,Left,Left,Right,Right,0,1,1,0,1,0,0,0,0,1,1,1,1,1,1,1,1,1,1,982,382,20260731_t1356_srsSmooth_Moretraining_B015,52,12,70.9960088769595,2.76367664337158,2,2,115,1,0,0,1,1,1
20260731_t1356_srsSmooth_Moretraining,srs_smooth_Moretraining,trial1419.mat,1419,1419,982,15,160,52,56,16,40,8,1,2,7,2,49,19066,2,0,1,2,1,1,2,2,2,2,CHOSE_HIGH_SAL,1,455,1,0,0,0,0,0,119,83,119,83,36,83,1,0,84.3262126400296,105.67378735997,84.3262126400296,105.67378735997,-21.3475747199409,21.3475747199409,NaN,NaN,NaN,1785524911.18441,16733.23547892,2.22897696495056,0.0166552066802979,0.250398397445679,0.967042684555054,1.34170699119568,1.56715321540833,1.60885167121887,1.60885167121887,-1,-1,1.84372806549072,233.743190765381,225.446224212646,41.6984558105469,267.144680023193,Conflict,Right,Left,Left,Right,Left,0,1,0,1,1,0,0,0,1,1,1,1,0,1,1,0,1,0,1,983,383,20260731_t1356_srsSmooth_Moretraining_B015,53,13,71.0573908408483,1.30440545082092,2,2,81,1,0,0,1,1,1
20260731_t1356_srsSmooth_Moretraining,srs_smooth_Moretraining,trial1420.mat,1420,1420,983,15,161,53,56,16,40,8,1,1,6,2,46,27655,2,0,2,1,1,2,1,2,1,2,CHOSE_HIGH_SAL,1,455,1,0,0,0,0,0,152,51,152,51,101,152,1,0,125.938679604128,64.0613203958718,125.938679604128,64.0613203958718,61.8773592082564,61.8773592082564,NaN,NaN,NaN,1785524914.67612,16736.72720172,2.35406279563904,0.0167868137359619,0.217489004135132,0.91722297668457,1.39181184768677,1.59229183197021,1.62550592422485,1.62550592422485,-1,-1,1.90286612510681,200.70219039917,200.479984283447,33.2140922546387,233.694076538086,Congruent,Left,Right,Left,Left,Left,0,1,1,0,1,0,1,1,1,1,0,0,0,0,0,0,1,1,1,984,384,20260731_t1356_srsSmooth_Moretraining_B015,54,14,71.1155858794848,1.26272535324097,2,2,83,1,1,0,0,1,1
20260731_t1356_srsSmooth_Moretraining,srs_smooth_Moretraining,trial1421.mat,1421,1421,984,15,162,54,56,16,40,8,1,2,7,2,51,26976,2,0,1,2,1,1,2,2,2,2,CHOSE_HIGH_SAL,1,455,1,0,0,0,0,0,133,65,133,65,68,65,1,0,42.4343480968785,147.565651903121,42.4343480968785,147.565651903121,-105.131303806243,105.131303806243,NaN,NaN,NaN,1785524918.29169,16740.34271372,2.17253279685974,0.0179941654205322,0.276857137680054,0.877294063568115,1.30971097946167,1.51065158843994,1.55188703536987,1.55188703536987,-1,-1,1.80446529388428,258.862972259521,200.940608978271,41.2354469299316,242.176055908203,Conflict,Right,Left,Left,Right,Left,0,1,0,1,1,0,0,0,1,1,1,1,0,1,1,0,1,0,1,985,385,20260731_t1356_srsSmooth_Moretraining_B015,55,15,71.1758454243342,1.26150989532471,1,2,152,1,1,0,0,1,1
20260731_t1356_srsSmooth_Moretraining,srs_smooth_Moretraining,trial1423.mat,1423,1423,985,15,164,55,56,16,40,8,1,1,5,2,43,26426,2,0,1,2,1,1,1,1,0,0,,0,11,0,1,0,0,0,0,111,87,111,87,24,NaN,1,180,356.148797484764,193.851202515236,176.148797484764,13.8512025152359,162.297594969528,162.297594969528,NaN,NaN,NaN,1785524923.19672,16745.24747348,0.0987312793731689,0.0131499767303467,0.0142683982849121,-1,-1,-1,-1,-1,-1,-1,-1,1.11842155456543,NaN,NaN,NaN,Congruent,Right,Left,None,Right,Right,0,1,1,0,0,NaN,NaN,NaN,NaN,NaN,NaN,NaN,NaN,1,1,1,1,1,0,985,NaN,20260731_t1356_srsSmooth_Moretraining_B015,NaN,NaN,71.2575960437457,2.73250436782837,NaN,NaN,NaN,0,NaN,NaN,NaN,NaN,0
20260731_t1356_srsSmooth_Moretraining,srs_smooth_Moretraining,trial1425.mat,1425,1425,985,15,166,55,56,16,40,8,1,1,5,2,43,26426,2,0,1,2,1,1,1,1,2,2,CHOSE_LOW_SAL,2,455,1,0,0,0,0,0,171,98,171,98,73,98,1,0,178.321354286751,11.678645713249,178.321354286751,11.678645713249,166.642708573502,166.642708573502,NaN,NaN,NaN,1785524925.91964,16747.97034744,2.16957211494446,0.0153396129608154,0.241082668304443,0.841078281402588,1.20705366134644,1.42453837394714,1.45787191390991,1.45787191390991,-1,-1,1.76770043373108,225.743055343628,217.484712600708,33.3335399627686,250.818252563477,Congruent,Right,Left,Left,Right,Right,0,1,1,0,1,0,0,0,0,1,1,1,1,1,1,1,1,1,1,986,386,20260731_t1356_srsSmooth_Moretraining_B015,56,16,71.3029779990514,2.62418603897095,2,2,65,1,0,0,1,1,1
20260731_t1356_srsSmooth_Moretraining,srs_smooth_Moretraining,trial1473.mat,1473,1473,986,16,48,0,60,20,40,8,2,0,3,1,22,8255,1,2,2,1,2,1,2,1,0,0,,0,11,0,1,0,0,0,0,64,132,132,64,-68,NaN,1,0,10,180,10,180,-170,170,NaN,NaN,NaN,1785524998.73969,16820.78910804,0.634955883026123,0.0147833824157715,0.273618221282959,-1,-1,-1,-1,-1,-1,-1,-1,258.834838867188,NaN,NaN,NaN,Instruction,Left,Right,None,Right,Right,1,0,0,0,0,NaN,NaN,NaN,NaN,NaN,NaN,NaN,NaN,0,1,1,0,0,0,986,NaN,20260731_t1356_srsSmooth_Moretraining_B016,NaN,NaN,72.5166455189387,70.6504790782928,NaN,NaN,NaN,0,NaN,NaN,NaN,NaN,0
20260731_t1356_srsSmooth_Moretraining,srs_smooth_Moretraining,trial1511.mat,1511,1511,986,16,86,0,60,20,40,8,2,0,2,1,17,5170,1,1,2,1,2,1,1,2,0,0,,0,11,0,1,0,0,0,0,50,116,116,50,-66,NaN,1,0,180,10,180,10,170,170,NaN,NaN,NaN,1785525055.11079,16877.15897124,0.15648341178894,0.012537956237793,0.0132436752319336,-1,-1,-1,-1,-1,-1,-1,-1,0.705718994140625,NaN,NaN,NaN,Instruction,Left,Right,None,Right,Left,1,0,0,0,0,NaN,NaN,NaN,NaN,NaN,NaN,NaN,NaN,0,1,0,0,1,0,986,NaN,20260731_t1356_srsSmooth_Moretraining_B016,NaN,NaN,73.4561638275782,55.7361426353455,NaN,NaN,NaN,0,NaN,NaN,NaN,NaN,0
20260731_t1356_srsSmooth_Moretraining,srs_smooth_Moretraining,trial1534.mat,1534,1534,986,16,109,0,60,20,40,8,2,0,2,1,12,6197,1,1,2,1,2,1,1,2,0,0,,0,11,0,1,0,0,0,0,37,158,158,37,-121,NaN,1,0,180,10,180,10,170,170,NaN,NaN,NaN,1785525406.32835,17228.36943432,0.120486974716187,0.0170633792877197,0.0591063499450684,-1,-1,-1,-1,-1,-1,-1,-1,42.0429706573486,NaN,NaN,NaN,Instruction,Left,Right,None,Right,Left,1,0,0,0,0,NaN,NaN,NaN,NaN,NaN,NaN,NaN,NaN,0,1,0,0,1,0,986,NaN,20260731_t1356_srsSmooth_Moretraining_B016,NaN,NaN,79.3097898681958,351.061079025269,NaN,NaN,NaN,0,NaN,NaN,NaN,NaN,0
20260731_t1356_srsSmooth_Moretraining,srs_smooth_Moretraining,trial1535.mat,1535,1535,986,16,110,0,60,20,40,8,2,0,3,1,28,19633,1,2,2,1,2,1,2,1,2,1,SINGLE_T2_CORRECT,11,455,1,0,0,0,0,0,36,126,126,36,-90,126,1,0,10,180,10,180,-170,170,NaN,NaN,NaN,1785525407.65829,17229.69928464,2.12500143051147,0.0121824741363525,0.212696075439453,0.738009214401245,1.09555864334106,1.37942123413086,1.42127180099487,1.42127180099487,-1,-1,1.69806694984436,200.513601303101,283.862590789795,41.8505668640137,325.713157653809,Instruction,Left,Right,Right,Right,Right,1,0,0,0,0,NaN,NaN,NaN,NaN,NaN,NaN,NaN,NaN,0,1,1,0,0,0,987,NaN,20260731_t1356_srsSmooth_Moretraining_B016,1,NaN,79.3319554169973,1.20944595336914,NaN,NaN,NaN,0,NaN,NaN,NaN,NaN,0
20260731_t1356_srsSmooth_Moretraining,srs_smooth_Moretraining,trial1536.mat,1536,1536,987,16,111,1,60,20,40,8,2,0,4,1,40,7034,1,2,1,2,2,2,2,2,2,2,SINGLE_T2_CORRECT,11,455,1,0,0,0,0,0,51,146,146,51,-95,146,1,180,190,0,10,180,-170,170,NaN,NaN,NaN,1785525411.10739,17233.14845736,2.46798300743103,0.0132122039794922,0.272403478622437,1.03910708427429,1.42160105705261,1.69715714454651,1.73909759521484,1.73909759521484,-1,-1,2.01649117469788,259.191274642944,275.556087493896,41.940450668335,317.496538162231,Instruction,Right,Left,Left,Left,Left,1,0,0,0,0,NaN,NaN,NaN,NaN,NaN,NaN,NaN,NaN,1,0,0,0,0,0,988,NaN,20260731_t1356_srsSmooth_Moretraining_B016,2,NaN,79.3894405047099,1.32410383224487,NaN,NaN,NaN,0,NaN,NaN,NaN,NaN,0
20260731_t1356_srsSmooth_Moretraining,srs_smooth_Moretraining,trial1538.mat,1538,1538,988,16,113,2,60,20,40,8,2,0,3,1,22,8255,1,2,2,1,2,1,2,1,2,1,SINGLE_T2_CORRECT,11,455,1,0,0,0,0,0,38,133,133,38,-95,133,1,0,10,180,10,180,-170,170,NaN,NaN,NaN,1785525416.34413,17238.38506852,2.28079771995544,0.0183510780334473,0.26042652130127,0.910452842712402,1.29340076446533,1.5604145526886,1.5937967300415,1.5937967300415,-1,-1,1.84562754631042,242.075443267822,267.013788223267,33.3821773529053,300.395965576172,Instruction,Left,Right,Right,Right,Right,1,0,0,0,0,NaN,NaN,NaN,NaN,NaN,NaN,NaN,NaN,0,1,1,0,0,0,989,NaN,20260731_t1356_srsSmooth_Moretraining_B016,3,NaN,79.4767194072406,2.76875114440918,NaN,NaN,NaN,0,NaN,NaN,NaN,NaN,0
20260731_t1356_srsSmooth_Moretraining,srs_smooth_Moretraining,trial1540.mat,1540,1540,989,16,115,3,60,20,40,8,2,0,4,1,32,14676,1,2,1,2,2,2,2,2,2,2,SINGLE_T2_CORRECT,11,455,1,0,0,0,0,0,63,147,147,63,-84,147,1,180,190,0,10,180,-170,170,NaN,NaN,NaN,1785525421.36065,17243.40151632,2.23206520080566,0.0186891555786133,0.277767896652222,0.827555656433105,1.21040320396423,1.49432158470154,1.52764248847961,1.52764248847961,-1,-1,1.77998948097229,259.078741073608,283.918380737305,33.3209037780762,317.239284515381,Instruction,Right,Left,Left,Left,Left,1,0,0,0,0,NaN,NaN,NaN,NaN,NaN,NaN,NaN,NaN,1,0,0,0,0,0,990,NaN,20260731_t1356_srsSmooth_Moretraining_B016,4,NaN,79.5603281736374,2.73572826385498,NaN,NaN,NaN,0,NaN,NaN,NaN,NaN,0
20260731_t1356_srsSmooth_Moretraining,srs_smooth_Moretraining,trial1541.mat,1541,1541,990,16,116,4,60,20,40,8,2,0,1,1,5,2264,1,1,1,2,2,2,1,1,1,1,SINGLE_T1_CORRECT,10,455,1,0,0,0,0,0,33,149,149,33,-116,33,1,180,0,190,180,10,170,170,NaN,NaN,NaN,1785525424.89144,17246.93230144,2.16757726669312,0.0130398273468018,0.230334997177124,0.863954067230225,1.24642205238342,1.57240295410156,1.61404204368591,1.61404204368591,-1,-1,1.83587718009949,217.295169830322,325.98090171814,41.6390895843506,367.61999130249,Instruction,Right,Left,Right,Left,Right,1,0,0,0,0,NaN,NaN,NaN,NaN,NaN,NaN,NaN,NaN,1,0,1,0,1,0,991,NaN,20260731_t1356_srsSmooth_Moretraining_B016,5,NaN,79.6191746473312,1.2987232208252,NaN,NaN,NaN,0,NaN,NaN,NaN,NaN,0
20260731_t1356_srsSmooth_Moretraining,srs_smooth_Moretraining,trial1542.mat,1542,1542,991,16,117,5,60,20,40,8,2,0,4,1,36,5674,1,2,1,2,2,2,2,2,2,2,SINGLE_T2_CORRECT,11,455,1,0,0,0,0,0,44,147,147,44,-103,147,1,180,190,0,10,180,-170,170,NaN,NaN,NaN,1785525428.37927,17250.41996848,2.17063736915588,0.0170176029205322,0.2592613697052,0.834184885025024,1.18373084068298,1.44262337684631,1.48420596122742,1.48420596122742,-1,-1,1.71972942352295,242.243766784668,258.89253616333,41.5825843811035,300.475120544434,Instruction,Right,Left,Left,Left,Left,1,0,0,0,0,NaN,NaN,NaN,NaN,NaN,NaN,NaN,NaN,1,0,0,0,0,0,992,NaN,20260731_t1356_srsSmooth_Moretraining_B016,6,NaN,79.6773050785065,1.3202486038208,NaN,NaN,NaN,0,NaN,NaN,NaN,NaN,0
20260731_t1356_srsSmooth_Moretraining,srs_smooth_Moretraining,trial1543.mat,1543,1543,992,16,118,6,60,20,40,8,2,0,1,1,9,20684,1,1,1,2,2,2,1,1,0,0,,0,11,0,1,0,0,0,0,47,126,126,47,-79,NaN,1,180,0,190,180,10,170,170,NaN,NaN,NaN,1785525431.84352,17253.88418192,0.321969270706177,0.0112378597259521,0.269989490509033,-1,-1,-1,-1,-1,-1,-1,-1,258.751630783081,NaN,NaN,NaN,Instruction,Right,Left,None,Left,Right,1,0,0,0,0,NaN,NaN,NaN,NaN,NaN,NaN,NaN,NaN,1,0,1,0,1,0,992,NaN,20260731_t1356_srsSmooth_Moretraining_B016,NaN,NaN,79.7350425601006,1.29361152648926,NaN,NaN,NaN,0,NaN,NaN,NaN,NaN,0
20260731_t1356_srsSmooth_Moretraining,srs_smooth_Moretraining,trial1544.mat,1544,1544,992,16,119,6,60,20,40,8,2,0,3,1,23,11327,1,2,2,1,2,1,2,1,2,1,SINGLE_T2_CORRECT,11,455,1,0,0,0,0,0,67,137,137,67,-70,137,1,0,10,180,10,180,-170,170,NaN,NaN,NaN,1785525433.35709,17255.39775132,2.31926465034485,0.0143890380859375,0.281486511230469,0.88988208770752,1.31444025039673,1.62334966659546,1.66521692276001,1.66521692276001,-1,-1,1.88454985618591,267.097473144531,308.90941619873,41.8672561645508,350.776672363281,Instruction,Left,Right,Right,Right,Right,1,0,0,0,0,NaN,NaN,NaN,NaN,NaN,NaN,NaN,NaN,0,1,1,0,0,0,993,NaN,20260731_t1356_srsSmooth_Moretraining_B016,7,NaN,79.7602688233058,1.19160652160645,NaN,NaN,NaN,0,NaN,NaN,NaN,NaN,0
20260731_t1356_srsSmooth_Moretraining,srs_smooth_Moretraining,trial1545.mat,1545,1545,993,16,120,7,60,20,40,8,2,0,1,1,8,28449,1,1,1,2,2,2,1,1,1,1,SINGLE_T1_CORRECT,10,455,1,0,0,0,0,0,54,157,157,54,-103,54,1,0,180,10,180,10,170,170,NaN,NaN,NaN,1785525436.95035,17258.9907208,2.15852928161621,0.0129411220550537,0.196876049041748,0.838342428207397,1.22965621948242,1.55524849891663,1.58837509155273,1.58837509155273,-1,-1,1.80711627006531,183.934926986694,325.592279434204,33.1265926361084,358.718872070312,Instruction,Right,Left,Right,Left,Right,1,0,0,0,0,NaN,NaN,NaN,NaN,NaN,NaN,NaN,NaN,1,0,1,0,1,0,994,NaN,20260731_t1356_srsSmooth_Moretraining_B016,8,NaN,79.8201564232508,1.27399134635925,NaN,NaN,NaN,0,NaN,NaN,NaN,NaN,0
20260731_t1356_srsSmooth_Moretraining,srs_smooth_Moretraining,trial1546.mat,1546,1546,994,16,121,8,60,20,40,8,2,0,1,1,6,21900,1,1,1,2,2,2,1,1,1,1,SINGLE_T1_CORRECT,10,455,1,0,0,0,0,0,10,136,136,10,-126,10,1,180,0,190,180,10,170,170,NaN,NaN,NaN,1785525440.40136,17262.44185992,2.32528734207153,0.0120644569396973,0.26247239112854,1.06275916099548,1.4204535484314,1.67106246948242,1.70416045188904,1.70416045188904,-1,-1,2.0144727230072,250.407934188843,250.608921051025,33.0979824066162,283.706903457642,Instruction,Right,Left,Right,Left,Right,1,0,0,0,0,NaN,NaN,NaN,NaN,NaN,NaN,NaN,NaN,1,0,1,0,1,0,995,NaN,20260731_t1356_srsSmooth_Moretraining_B016,9,NaN,79.8776733001073,1.29248332977295,NaN,NaN,NaN,0,NaN,NaN,NaN,NaN,0
20260731_t1356_srsSmooth_Moretraining,srs_smooth_Moretraining,trial1547.mat,1547,1547,995,16,122,9,60,20,40,8,2,0,4,1,31,6406,1,2,1,2,2,2,2,2,2,2,SINGLE_T2_CORRECT,11,455,1,0,0,0,0,0,32,175,175,32,-143,175,1,0,10,180,10,180,-170,170,NaN,NaN,NaN,1785525444.04315,17266.08360764,2.48333668708801,0.0120849609375,0.254233121871948,0.962477445602417,1.35380506515503,1.69615507125854,1.72940468788147,1.72940468788147,-1,-1,2.00636410713196,242.148160934448,342.350006103516,33.2496166229248,375.59962272644,Instruction,Right,Left,Left,Left,Left,1,0,0,0,0,NaN,NaN,NaN,NaN,NaN,NaN,NaN,NaN,1,0,0,0,0,0,996,NaN,20260731_t1356_srsSmooth_Moretraining_B016,10,NaN,79.938369790713,1.3165020942688,NaN,NaN,NaN,0,NaN,NaN,NaN,NaN,0
20260731_t1356_srsSmooth_Moretraining,srs_smooth_Moretraining,trial1550.mat,1550,1550,996,16,125,10,60,20,40,8,2,0,4,1,34,2220,1,2,1,2,2,2,2,2,2,2,SINGLE_T2_CORRECT,11,455,1,0,0,0,0,0,44,148,148,44,-104,148,1,0,10,180,10,180,-170,170,NaN,NaN,NaN,1785525450.81193,17272.8520754,2.22323155403137,0.0185692310333252,0.219160079956055,0.819116353988647,1.16861510276794,1.46065616607666,1.4939591884613,1.4939591884613,-1,-1,1.77163743972778,200.590848922729,292.041063308716,33.3030223846436,325.344085693359,Instruction,Right,Left,Left,Left,Left,1,0,0,0,0,NaN,NaN,NaN,NaN,NaN,NaN,NaN,NaN,1,0,0,0,0,0,997,NaN,20260731_t1356_srsSmooth_Moretraining_B016,11,NaN,80.051182838281,4.28544616699219,NaN,NaN,NaN,0,NaN,NaN,NaN,NaN,0
20260731_t1356_srsSmooth_Moretraining,srs_smooth_Moretraining,trial1552.mat,1552,1552,997,16,127,11,60,20,40,8,2,0,2,1,14,22058,1,1,2,1,2,1,1,2,1,2,SINGLE_T1_CORRECT,10,455,1,0,0,0,0,0,26,147,147,26,-121,26,1,180,0,190,180,10,170,170,NaN,NaN,NaN,1785525455.79067,17277.83092264,1.86042499542236,0.0150244235992432,0.0158631801605225,0.532211303710938,0.931727409362793,1.18236970901489,1.22388625144958,1.22388625144958,-1,-1,1.5341100692749,0.838756561279297,250.6422996521,41.5165424346924,292.158842086792,Instruction,Left,Right,Left,Right,Left,1,0,0,0,0,NaN,NaN,NaN,NaN,NaN,NaN,NaN,NaN,0,1,0,0,1,0,998,NaN,20260731_t1356_srsSmooth_Moretraining_B016,12,NaN,80.1341618696849,2.7555103302002,NaN,NaN,NaN,0,NaN,NaN,NaN,NaN,0
20260731_t1356_srsSmooth_Moretraining,srs_smooth_Moretraining,trial1553.mat,1553,1553,998,16,128,12,60,20,40,8,2,0,2,1,16,14171,1,1,2,1,2,1,1,2,1,2,SINGLE_T1_CORRECT,10,455,1,0,0,0,0,0,52,147,147,52,-95,52,1,180,0,190,180,10,170,170,NaN,NaN,NaN,1785525458.9574,17280.99758624,1.95222568511963,0.0150885581970215,0.215472221374512,0.723851919174194,1.06513047218323,1.31591057777405,1.34896683692932,1.34896683692932,-1,-1,1.60101461410522,200.38366317749,250.78010559082,33.0562591552734,283.836364746094,Instruction,Left,Right,Left,Right,Left,1,0,0,0,0,NaN,NaN,NaN,NaN,NaN,NaN,NaN,NaN,0,1,0,0,1,0,999,NaN,20260731_t1356_srsSmooth_Moretraining_B016,13,NaN,80.1869406501452,1.3063018321991,NaN,NaN,NaN,0,NaN,NaN,NaN,NaN,0
20260731_t1356_srsSmooth_Moretraining,srs_smooth_Moretraining,trial1554.mat,1554,1554,999,16,129,13,60,20,40,8,2,0,2,1,17,5170,1,1,2,1,2,1,1,2,1,2,SINGLE_T1_CORRECT,10,455,1,0,0,0,0,0,51,131,131,51,-80,51,1,180,0,190,180,10,170,170,NaN,NaN,NaN,1785525462.24127,17284.2812242,2.11843943595886,0.014683723449707,0.24046802520752,0.865411043167114,1.2730667591095,1.51535725593567,1.54868149757385,1.54868149757385,-1,-1,1.76746606826782,225.784301757812,242.290496826172,33.3242416381836,275.614738464355,Instruction,Left,Right,Left,Right,Left,1,0,0,0,0,NaN,NaN,NaN,NaN,NaN,NaN,NaN,NaN,0,1,0,0,1,0,1000,NaN,20260731_t1356_srsSmooth_Moretraining_B016,14,NaN,80.2416717807452,1.33164215087891,NaN,NaN,NaN,0,NaN,NaN,NaN,NaN,0
20260731_t1356_srsSmooth_Moretraining,srs_smooth_Moretraining,trial1555.mat,1555,1555,1000,16,130,14,60,20,40,8,2,0,3,1,27,29035,1,2,2,1,2,1,2,1,2,1,SINGLE_T2_CORRECT,11,455,1,0,0,0,0,0,26,138,138,26,-112,138,1,0,10,180,10,180,-170,170,NaN,NaN,NaN,1785525465.65635,17287.69639668,2.21218299865723,0.016409158706665,0.21700644493103,0.78377890586853,1.19145512580872,1.45886707305908,1.50053977966309,1.50053977966309,-1,-1,1.77699494361877,200.597286224365,267.411947250366,41.6727066040039,309.08465385437,Instruction,Left,Right,Right,Right,Right,1,0,0,0,0,NaN,NaN,NaN,NaN,NaN,NaN,NaN,NaN,0,1,1,0,0,0,1001,NaN,20260731_t1356_srsSmooth_Moretraining_B016,15,NaN,80.2985897223155,1.29663705825806,NaN,NaN,NaN,0,NaN,NaN,NaN,NaN,0
20260731_t1356_srsSmooth_Moretraining,srs_smooth_Moretraining,trial1556.mat,1556,1556,1001,16,131,15,60,20,40,8,2,0,2,1,19,32156,1,1,2,1,2,1,1,2,1,2,SINGLE_T1_CORRECT,10,455,1,0,0,0,0,0,38,145,145,38,-107,38,1,0,180,10,180,10,170,170,NaN,NaN,NaN,1785525469.19244,17291.23239644,2.09277153015137,0.0137870311737061,0.223062753677368,0.806333303451538,1.18050003051758,1.42273378372192,1.45600652694702,1.45600652694702,-1,-1,1.75085473060608,209.275722503662,242.233753204346,33.2727432250977,275.506496429443,Instruction,Left,Right,Left,Right,Left,1,0,0,0,0,NaN,NaN,NaN,NaN,NaN,NaN,NaN,NaN,0,1,0,0,1,0,1002,NaN,20260731_t1356_srsSmooth_Moretraining_B016,16,NaN,80.3575246413549,1.32391214370728,NaN,NaN,NaN,0,NaN,NaN,NaN,NaN,0
20260731_t1356_srsSmooth_Moretraining,srs_smooth_Moretraining,trial1557.mat,1557,1557,1002,16,132,16,60,20,40,8,2,0,1,1,9,20684,1,1,1,2,2,2,1,1,1,1,SINGLE_T1_CORRECT,10,455,1,0,0,0,0,0,39,136,136,39,-97,39,1,180,0,190,180,10,170,170,NaN,NaN,NaN,1785525472.55269,17294.59238244,2.24143314361572,0.0120046138763428,0.220916271209717,0.996082067489624,1.36205720901489,1.64617896080017,1.67928910255432,1.67928910255432,-1,-1,1.89801669120789,208.911657333374,284.121751785278,33.1101417541504,317.231893539429,Instruction,Right,Left,Right,Left,Right,1,0,0,0,0,NaN,NaN,NaN,NaN,NaN,NaN,NaN,NaN,1,0,1,0,1,0,1003,NaN,20260731_t1356_srsSmooth_Moretraining_B016,17,NaN,80.4135287841161,1.26747703552246,NaN,NaN,NaN,0,NaN,NaN,NaN,NaN,0
20260731_t1356_srsSmooth_Moretraining,srs_smooth_Moretraining,trial1558.mat,1558,1558,1003,16,133,17,60,20,40,8,2,0,1,1,7,14915,1,1,1,2,2,2,1,1,1,1,SINGLE_T1_CORRECT,10,455,1,0,0,0,0,0,40,154,154,40,-114,40,1,180,0,190,180,10,170,170,NaN,NaN,NaN,1785525476.09883,17298.13849028,2.26213502883911,0.016007661819458,0.241501331329346,0.933576107025146,1.31605935096741,1.57486343383789,1.61657238006592,1.61657238006592,-1,-1,1.9191746711731,225.493669509888,258.804082870483,41.7089462280273,300.513029098511,Instruction,Right,Left,Right,Left,Right,1,0,0,0,0,NaN,NaN,NaN,NaN,NaN,NaN,NaN,NaN,1,0,1,0,1,0,1004,NaN,20260731_t1356_srsSmooth_Moretraining_B016,18,NaN,80.4726310650508,1.30470371246338,NaN,NaN,NaN,0,NaN,NaN,NaN,NaN,0
20260731_t1356_srsSmooth_Moretraining,srs_smooth_Moretraining,trial1559.mat,1559,1559,1004,16,134,18,60,20,40,8,2,0,1,1,2,25093,1,1,1,2,2,2,1,1,1,1,SINGLE_T1_CORRECT,10,455,1,0,0,0,0,0,41,143,143,41,-102,41,1,0,180,10,180,10,170,170,NaN,NaN,NaN,1785525479.66827,17301.708036,2.30887913703918,0.0133726596832275,0.263681173324585,1.03908085823059,1.43842840194702,1.67226099967957,1.70554685592651,1.70554685592651,-1,-1,1.96593809127808,250.308513641357,233.832597732544,33.2858562469482,267.118453979492,Instruction,Right,Left,Right,Left,Right,1,0,0,0,0,NaN,NaN,NaN,NaN,NaN,NaN,NaN,NaN,1,0,1,0,1,0,1005,NaN,20260731_t1356_srsSmooth_Moretraining_B016,19,NaN,80.5321217815081,1.30730795860291,NaN,NaN,NaN,0,NaN,NaN,NaN,NaN,0
20260731_t1356_srsSmooth_Moretraining,srs_smooth_Moretraining,trial1561.mat,1561,1561,1005,16,136,19,60,20,40,8,2,0,1,1,1,16974,1,1,1,2,2,2,1,1,1,1,SINGLE_T1_CORRECT,10,455,1,0,0,0,0,0,43,128,128,43,-85,43,1,180,0,190,180,10,170,170,NaN,NaN,NaN,1785525484.7304,17306.7700674,2.29750442504883,0.018108606338501,0.27697229385376,0.9603590965271,1.35149359703064,1.64375877380371,1.67694687843323,1.67694687843323,-1,-1,1.95425724983215,258.863687515259,292.265176773071,33.1881046295166,325.453281402588,Instruction,Right,Left,Right,Left,Right,1,0,0,0,0,NaN,NaN,NaN,NaN,NaN,NaN,NaN,NaN,1,0,1,0,1,0,1006,NaN,20260731_t1356_srsSmooth_Moretraining_B016,20,NaN,80.6164906342824,2.75325202941895,NaN,NaN,NaN,0,NaN,NaN,NaN,NaN,0
20260731_t1356_srsSmooth_Moretraining,srs_smooth_Moretraining,trial1563.mat,1563,1563,1006,16,138,20,60,20,40,8,2,0,4,1,37,3729,1,2,1,2,2,2,2,2,2,2,SINGLE_T2_CORRECT,11,455,1,0,0,0,0,0,36,167,167,36,-131,167,1,180,190,0,10,180,-170,170,NaN,NaN,NaN,1785525489.80209,17311.84154268,2.44307708740234,0.0132849216461182,0.205430269241333,1.00542736053467,1.3800060749054,1.64733266830444,1.68065929412842,1.68065929412842,-1,-1,1.97454762458801,192.145347595215,267.326593399048,33.3266258239746,300.653219223022,Instruction,Right,Left,Left,Left,Left,1,0,0,0,0,NaN,NaN,NaN,NaN,NaN,NaN,NaN,NaN,1,0,0,0,0,0,1007,NaN,20260731_t1356_srsSmooth_Moretraining_B016,21,NaN,80.701018790404,2.77418494224548,NaN,NaN,NaN,0,NaN,NaN,NaN,NaN,0
20260731_t1356_srsSmooth_Moretraining,srs_smooth_Moretraining,trial1564.mat,1564,1564,1007,16,139,21,60,20,40,8,2,0,3,1,24,11921,1,2,2,1,2,1,2,1,2,1,SINGLE_T2_CORRECT,11,455,1,0,0,0,0,0,56,133,133,56,-77,133,1,180,190,0,10,180,-170,170,NaN,NaN,NaN,1785525493.52372,17315.56310004,2.17119598388672,0.0168030261993408,0.24269437789917,0.759307384490967,1.1335129737854,1.42574429512024,1.45937633514404,1.45937633514404,-1,-1,1.73651599884033,225.891351699829,292.231321334839,33.6320400238037,325.863361358643,Instruction,Left,Right,Right,Right,Right,1,0,0,0,0,NaN,NaN,NaN,NaN,NaN,NaN,NaN,NaN,0,1,1,0,0,0,1008,NaN,20260731_t1356_srsSmooth_Moretraining_B016,22,NaN,80.7630459427834,1.27855205535889,NaN,NaN,NaN,0,NaN,NaN,NaN,NaN,0
20260731_t1356_srsSmooth_Moretraining,srs_smooth_Moretraining,trial1565.mat,1565,1565,1008,16,140,22,60,20,40,8,2,0,2,1,18,24511,1,1,2,1,2,1,1,2,1,2,SINGLE_T1_CORRECT,10,455,1,0,0,0,0,0,20,142,142,20,-122,20,1,180,0,190,180,10,170,170,NaN,NaN,NaN,1785525496.96714,17319.00654752,2.21978521347046,0.015186071395874,0.282458305358887,1.00764656066895,1.43190813064575,1.64919853210449,1.68254446983337,1.68254446983337,-1,-1,1.90088391304016,267.272233963013,217.29040145874,33.3459377288818,250.636339187622,Instruction,Left,Right,Left,Right,Left,1,0,0,0,0,NaN,NaN,NaN,NaN,NaN,NaN,NaN,NaN,0,1,0,0,1,0,1009,NaN,20260731_t1356_srsSmooth_Moretraining_B016,23,NaN,80.8204362551371,1.27222275733948,NaN,NaN,NaN,0,NaN,NaN,NaN,NaN,0
20260731_t1356_srsSmooth_Moretraining,srs_smooth_Moretraining,trial1567.mat,1567,1567,1009,16,142,23,60,20,40,8,2,0,2,1,12,6197,1,1,2,1,2,1,1,2,0,0,,0,11,0,1,0,0,0,0,37,163,163,37,-126,NaN,1,180,0,190,180,10,170,170,NaN,NaN,NaN,1785525501.95202,17323.99126216,0.108272314071655,0.0138285160064697,0.0560173988342285,-1,-1,-1,-1,-1,-1,-1,-1,42.1888828277588,NaN,NaN,NaN,Instruction,Left,Right,None,Right,Left,1,0,0,0,0,NaN,NaN,NaN,NaN,NaN,NaN,NaN,NaN,0,1,0,0,1,0,1009,NaN,20260731_t1356_srsSmooth_Moretraining_B016,NaN,NaN,80.9035176833471,2.76510047912598,NaN,NaN,NaN,0,NaN,NaN,NaN,NaN,0
20260731_t1356_srsSmooth_Moretraining,srs_smooth_Moretraining,trial1569.mat,1569,1569,1009,16,144,23,60,20,40,8,2,0,3,1,30,19735,1,2,2,1,2,1,2,1,2,1,SINGLE_T2_CORRECT,11,455,1,0,0,0,0,0,41,159,159,41,-118,159,1,180,190,0,10,180,-170,170,NaN,NaN,NaN,1785525504.72465,17326.76389776,2.31188631057739,0.0163114070892334,0.283722162246704,0.850425481796265,1.24969363212585,1.50012707710266,1.54210686683655,1.54210686683655,-1,-1,1.85205769538879,267.410755157471,250.433444976807,41.9797897338867,292.413234710693,Instruction,Left,Right,Right,Right,Right,1,0,0,0,0,NaN,NaN,NaN,NaN,NaN,NaN,NaN,NaN,0,1,1,0,0,0,1010,NaN,20260731_t1356_srsSmooth_Moretraining_B016,24,NaN,80.9497281153997,2.66435360908508,NaN,NaN,NaN,0,NaN,NaN,NaN,NaN,0
20260731_t1356_srsSmooth_Moretraining,srs_smooth_Moretraining,trial1570.mat,1570,1570,1010,16,145,24,60,20,40,8,2,0,3,1,26,17179,1,2,2,1,2,1,2,1,2,1,SINGLE_T2_CORRECT,11,455,1,0,0,0,0,0,54,146,146,54,-92,146,1,0,10,180,10,180,-170,170,NaN,NaN,NaN,1785525508.3254,17330.36449676,2.34492063522339,0.0157005786895752,0.249363899230957,0.924604177474976,1.28241682052612,1.56612300872803,1.60778212547302,1.60778212547302,-1,-1,1.90125370025635,233.663320541382,283.706188201904,41.6591167449951,325.365304946899,Instruction,Left,Right,Right,Right,Right,1,0,0,0,0,NaN,NaN,NaN,NaN,NaN,NaN,NaN,NaN,0,1,1,0,0,0,1011,NaN,20260731_t1356_srsSmooth_Moretraining_B016,25,NaN,81.0097406466802,1.28886556625366,NaN,NaN,NaN,0,NaN,NaN,NaN,NaN,0
20260731_t1356_srsSmooth_Moretraining,srs_smooth_Moretraining,trial1571.mat,1571,1571,1011,16,146,25,60,20,40,8,2,0,1,1,10,17780,1,1,1,2,2,2,1,1,1,1,SINGLE_T1_CORRECT,10,455,1,0,0,0,0,0,38,160,160,38,-122,38,1,180,0,190,180,10,170,170,NaN,NaN,NaN,1785525511.95067,17333.98952632,2.06997442245483,0.0155701637268066,0.224539518356323,0.782920360565186,1.15728116035461,1.44976162910461,1.48292469978333,1.48292469978333,-1,-1,1.7346625328064,208.969354629517,292.48046875,33.1630706787109,325.643539428711,Instruction,Right,Left,Right,Left,Right,1,0,0,0,0,NaN,NaN,NaN,NaN,NaN,NaN,NaN,NaN,1,0,1,0,1,0,1012,NaN,20260731_t1356_srsSmooth_Moretraining_B016,26,NaN,81.0701618393262,1.28035092353821,NaN,NaN,NaN,0,NaN,NaN,NaN,NaN,0
20260731_t1356_srsSmooth_Moretraining,srs_smooth_Moretraining,trial1572.mat,1572,1572,1012,16,147,26,60,20,40,8,2,0,2,1,15,20234,1,1,2,1,2,1,1,2,1,2,SINGLE_T1_CORRECT,10,455,1,0,0,0,0,0,33,142,142,33,-109,33,1,0,180,10,180,10,170,170,NaN,NaN,NaN,1785525515.31319,17337.35224632,2.30761551856995,0.0115160942077637,0.254063606262207,1.03689861297607,1.43657088279724,1.66201138496399,1.70364022254944,1.70364022254944,-1,-1,1.9727520942688,242.547512054443,225.440502166748,41.6288375854492,267.069339752197,Instruction,Left,Right,Left,Right,Left,1,0,0,0,0,NaN,NaN,NaN,NaN,NaN,NaN,NaN,NaN,0,1,0,0,1,0,1013,NaN,20260731_t1356_srsSmooth_Moretraining_B016,27,NaN,81.126203807195,1.29254364967346,NaN,NaN,NaN,0,NaN,NaN,NaN,NaN,0
20260731_t1356_srsSmooth_Moretraining,srs_smooth_Moretraining,trial1573.mat,1573,1573,1013,16,148,27,60,20,40,8,2,0,1,1,4,10945,1,1,1,2,2,2,1,1,1,1,SINGLE_T1_CORRECT,10,455,1,0,0,0,0,0,34,159,159,34,-125,34,1,0,180,10,180,10,170,170,NaN,NaN,NaN,1785525518.89532,17340.9341814,2.15832996368408,0.0128583908081055,0.263384103775024,0.821735143661499,1.18790435791016,1.5300931930542,1.56333804130554,1.56333804130554,-1,-1,1.82403039932251,250.525712966919,342.188835144043,33.2448482513428,375.433683395386,Instruction,Right,Left,Right,Left,Right,1,0,0,0,0,NaN,NaN,NaN,NaN,NaN,NaN,NaN,NaN,1,0,1,0,1,0,1014,NaN,20260731_t1356_srsSmooth_Moretraining_B016,28,NaN,81.1859059691429,1.27451419830322,NaN,NaN,NaN,0,NaN,NaN,NaN,NaN,0
20260731_t1356_srsSmooth_Moretraining,srs_smooth_Moretraining,trial1574.mat,1574,1574,1014,16,149,28,60,20,40,8,2,0,3,1,25,28357,1,2,2,1,2,1,2,1,2,1,SINGLE_T2_CORRECT,11,455,1,0,0,0,0,0,49,162,162,49,-113,162,1,0,10,180,10,180,-170,170,NaN,NaN,NaN,1785525522.32648,17344.36533704,2.36086535453796,0.0151629447937012,0.165741920471191,0.832393169403076,1.24021005630493,1.55741143226624,1.59070515632629,1.59070515632629,-1,-1,1.90123653411865,150.57897567749,317.201375961304,33.2937240600586,350.495100021362,Instruction,Left,Right,Right,Right,Right,1,0,0,0,0,NaN,NaN,NaN,NaN,NaN,NaN,NaN,NaN,0,1,1,0,0,0,1015,NaN,20260731_t1356_srsSmooth_Moretraining_B016,29,NaN,81.2430920084318,1.27283239364624,NaN,NaN,NaN,0,NaN,NaN,NaN,NaN,0
20260731_t1356_srsSmooth_Moretraining,srs_smooth_Moretraining,trial1575.mat,1575,1575,1015,16,150,29,60,20,40,8,2,0,2,1,20,20096,1,1,2,1,2,1,1,2,1,2,SINGLE_T1_CORRECT,10,455,1,0,0,0,0,0,73,147,147,73,-74,73,1,0,180,10,180,10,170,170,NaN,NaN,NaN,1785525526.01078,17348.04951136,2.15217423439026,0.0143373012542725,0.206764221191406,0.898507118225098,1.27271914482117,1.50659084320068,1.54830527305603,1.54830527305603,-1,-1,1.77530407905579,192.426919937134,233.871698379517,41.7144298553467,275.586128234863,Instruction,Left,Right,Left,Right,Left,1,0,0,0,0,NaN,NaN,NaN,NaN,NaN,NaN,NaN,NaN,0,1,0,0,1,0,1016,NaN,20260731_t1356_srsSmooth_Moretraining_B016,30,NaN,81.3044970393181,1.32343649864197,NaN,NaN,NaN,0,NaN,NaN,NaN,NaN,0
20260731_t1356_srsSmooth_Moretraining,srs_smooth_Moretraining,trial1576.mat,1576,1576,1016,16,151,30,60,20,40,8,2,0,3,1,21,27439,1,2,2,1,2,1,2,1,2,1,SINGLE_T2_CORRECT,11,455,1,0,1,0,0,0,24,140,140,24,-116,140,1,180,190,0,10,180,-170,170,NaN,NaN,NaN,1785525529.43489,17351.4735466,2.4201352596283,0.0153646469116211,0.249512672424316,0.899542331695557,1.35708260536194,1.66620135307312,1.69956946372986,1.69956946372986,-1,-1,1.97707176208496,234.148025512695,309.118747711182,33.3681106567383,342.48685836792,Instruction,Left,Right,Right,Right,Right,1,0,0,0,0,NaN,NaN,NaN,NaN,NaN,NaN,NaN,NaN,0,1,1,0,0,0,1017,NaN,20260731_t1356_srsSmooth_Moretraining_B016,31,NaN,81.3615654667219,1.27193140983582,NaN,NaN,NaN,0,NaN,NaN,NaN,NaN,0
20260731_t1356_srsSmooth_Moretraining,srs_smooth_Moretraining,trial1577.mat,1577,1577,1017,16,152,31,60,20,40,8,2,0,4,1,38,11012,1,2,1,2,2,2,2,2,2,2,SINGLE_T2_CORRECT,11,455,1,0,0,0,0,0,22,155,155,22,-133,155,1,180,190,0,10,180,-170,170,NaN,NaN,NaN,1785525533.14563,17355.18422684,2.23409700393677,0.0131056308746338,0.26377010345459,0.813785314559937,1.21315145492554,1.43042159080505,1.47201657295227,1.47201657295227,-1,-1,1.77383017539978,250.664472579956,217.270135879517,41.5949821472168,258.865118026733,Instruction,Right,Left,Left,Left,Left,1,0,0,0,0,NaN,NaN,NaN,NaN,NaN,NaN,NaN,NaN,1,0,0,0,0,0,1018,NaN,20260731_t1356_srsSmooth_Moretraining_B016,32,NaN,81.4234110673269,1.29060077667236,NaN,NaN,NaN,0,NaN,NaN,NaN,NaN,0
20260731_t1356_srsSmooth_Moretraining,srs_smooth_Moretraining,trial1578.mat,1578,1578,1018,16,153,32,60,20,40,8,2,0,2,1,12,6197,1,1,2,1,2,1,1,2,1,2,SINGLE_T1_CORRECT,10,455,1,0,0,0,0,0,35,154,154,35,-119,35,1,0,180,10,180,10,170,170,NaN,NaN,NaN,1785525536.67226,17358.71085088,2.04951477050781,0.0116035938262939,0.237442255020142,0.837494850158691,1.21998357772827,1.45421290397644,1.49591898918152,1.49591898918152,-1,-1,1.7149486541748,225.838661193848,234.229326248169,41.7060852050781,275.935411453247,Instruction,Left,Right,Left,Right,Left,1,0,0,0,0,NaN,NaN,NaN,NaN,NaN,NaN,NaN,NaN,0,1,0,0,1,0,1019,NaN,20260731_t1356_srsSmooth_Moretraining_B016,33,NaN,81.4821883678436,1.29254102706909,NaN,NaN,NaN,0,NaN,NaN,NaN,NaN,0
20260731_t1356_srsSmooth_Moretraining,srs_smooth_Moretraining,trial1579.mat,1579,1579,1019,16,154,33,60,20,40,8,2,0,4,1,33,27352,1,2,1,2,2,2,2,2,2,2,SINGLE_T2_CORRECT,11,455,1,0,0,0,0,0,25,138,138,25,-113,138,1,180,190,0,10,180,-170,170,NaN,NaN,NaN,1785525540.01278,17362.05120408,2.35893368721008,0.0128874778747559,0.213418483734131,0.871641635894775,1.27960252761841,1.5887553691864,1.63044428825378,1.63044428825378,-1,-1,1.92362761497498,200.531005859375,309.152841567993,41.6889190673828,350.841760635376,Instruction,Right,Left,Left,Left,Left,1,0,0,0,0,NaN,NaN,NaN,NaN,NaN,NaN,NaN,NaN,1,0,0,0,0,0,1020,NaN,20260731_t1356_srsSmooth_Moretraining_B016,34,NaN,81.5378635684649,1.29099726676941,NaN,NaN,NaN,0,NaN,NaN,NaN,NaN,0
20260731_t1356_srsSmooth_Moretraining,srs_smooth_Moretraining,trial1580.mat,1580,1580,1020,16,155,34,60,20,40,8,2,0,4,1,35,10591,1,2,1,2,2,2,2,2,2,2,SINGLE_T2_CORRECT,11,455,1,0,0,0,0,0,17,131,131,17,-114,131,1,0,10,180,10,180,-170,170,NaN,NaN,NaN,1785525543.65042,17365.6889092,2.27153968811035,0.0170471668243408,0.276110410690308,0.842744827270508,1.25042772293091,1.53426909446716,1.56785607337952,1.56785607337952,-1,-1,1.83624362945557,259.063243865967,283.841371536255,33.5869789123535,317.428350448608,Instruction,Right,Left,Left,Left,Left,1,0,0,0,0,NaN,NaN,NaN,NaN,NaN,NaN,NaN,NaN,1,0,0,0,0,0,1021,NaN,20260731_t1356_srsSmooth_Moretraining_B016,35,NaN,81.598491024971,1.27871370315552,NaN,NaN,NaN,0,NaN,NaN,NaN,NaN,0
20260731_t1356_srsSmooth_Moretraining,srs_smooth_Moretraining,trial1581.mat,1581,1581,1021,16,156,35,60,20,40,8,2,0,2,1,11,27787,1,1,2,1,2,1,1,2,1,2,SINGLE_T1_CORRECT,10,455,1,0,0,0,0,0,47,145,145,47,-98,47,1,180,0,190,180,10,170,170,NaN,NaN,NaN,1785525547.19513,17369.2334188,2.25928020477295,0.0141477584838867,0.306473255157471,0.981410026550293,1.3475329875946,1.58962368965149,1.63141798973083,1.63141798973083,-1,-1,1.90798735618591,292.325496673584,242.090702056885,41.7943000793457,283.88500213623,Instruction,Left,Right,Left,Right,Left,1,0,0,0,0,NaN,NaN,NaN,NaN,NaN,NaN,NaN,NaN,0,1,0,0,1,0,1022,NaN,20260731_t1356_srsSmooth_Moretraining_B016,36,NaN,81.6575694084167,1.27316331863403,NaN,NaN,NaN,0,NaN,NaN,NaN,NaN,0
20260731_t1356_srsSmooth_Moretraining,srs_smooth_Moretraining,trial1583.mat,1583,1583,1022,16,158,36,60,20,40,8,2,0,4,1,39,6274,1,2,1,2,2,2,2,2,2,2,SINGLE_T2_CORRECT,11,455,1,0,0,0,0,0,45,139,139,45,-94,139,1,0,10,180,10,180,-170,170,NaN,NaN,NaN,1785525552.20428,17374.24248844,2.12541103363037,0.0135223865509033,0.0142345428466797,0.805729627609253,1.18023443222046,1.41406774520874,1.44765090942383,1.44765090942383,-1,-1,1.68293261528015,0.712156295776367,233.833312988281,33.5831642150879,267.416477203369,Instruction,Right,Left,Left,Left,Left,1,0,0,0,0,NaN,NaN,NaN,NaN,NaN,NaN,NaN,NaN,1,0,0,0,0,0,1023,NaN,20260731_t1356_srsSmooth_Moretraining_B016,37,NaN,81.7410552859306,2.74987244606018,NaN,NaN,NaN,0,NaN,NaN,NaN,NaN,0
20260731_t1356_srsSmooth_Moretraining,srs_smooth_Moretraining,trial1585.mat,1585,1585,1023,16,160,37,60,20,40,8,2,0,2,1,13,12354,1,1,2,1,2,1,1,2,1,2,SINGLE_T1_CORRECT,10,455,1,0,0,0,0,0,27,143,143,27,-116,27,1,0,180,10,180,10,170,170,NaN,NaN,NaN,1785525557.11041,17379.1485726,2.18667387962341,0.0159146785736084,0.299888372421265,0.941927433013916,1.31596541404724,1.60011911392212,1.63300800323486,1.63300800323486,-1,-1,1.86024022102356,283.973693847656,284.153699874878,32.8888893127441,317.042589187622,Instruction,Left,Right,Left,Right,Left,1,0,0,0,0,NaN,NaN,NaN,NaN,NaN,NaN,NaN,NaN,0,1,0,0,1,0,1024,NaN,20260731_t1356_srsSmooth_Moretraining_B016,38,NaN,81.8228241324425,2.78071975708008,NaN,NaN,NaN,0,NaN,NaN,NaN,NaN,0
20260731_t1356_srsSmooth_Moretraining,srs_smooth_Moretraining,trial1586.mat,1586,1586,1024,16,161,38,60,20,40,8,2,0,1,1,3,16248,1,1,1,2,2,2,1,1,1,1,SINGLE_T1_CORRECT,10,455,1,0,5,0,0,0,47,157,157,47,-110,47,1,0,180,10,180,10,170,170,NaN,NaN,NaN,1785525560.57904,17382.61696144,2.26855134963989,0.0140872001647949,0.20638370513916,0.847998380661011,1.19746613502502,1.56483840942383,1.60646176338196,1.60646176338196,-1,-1,1.91660356521606,192.296504974365,367.372274398804,41.6233539581299,408.995628356934,Instruction,Right,Left,Right,Left,Right,1,0,0,0,0,NaN,NaN,NaN,NaN,NaN,NaN,NaN,NaN,1,0,1,0,1,0,1025,NaN,20260731_t1356_srsSmooth_Moretraining_B016,39,NaN,81.8806346058846,1.28195452690125,NaN,NaN,NaN,0,NaN,NaN,NaN,NaN,0
20260731_t1356_srsSmooth_Moretraining,srs_smooth_Moretraining,trial1588.mat,1588,1588,1025,16,163,39,60,20,40,8,2,0,3,1,29,21169,1,2,2,1,2,1,2,1,2,1,SINGLE_T2_CORRECT,11,455,1,0,0,0,0,0,16,110,110,16,-94,110,1,180,190,0,10,180,-170,170,NaN,NaN,NaN,1785525565.61957,17387.65733416,2.14568519592285,0.01542067527771,0.240704774856567,0.782639503479004,1.15713167190552,1.44090008735657,1.47421741485596,1.47421741485596,-1,-1,1.7346510887146,225.284099578857,283.76841545105,33.3173274993896,317.085742950439,Instruction,Left,Right,Right,Right,Right,1,0,0,0,0,NaN,NaN,NaN,NaN,NaN,NaN,NaN,NaN,0,1,1,0,0,0,1026,NaN,20260731_t1356_srsSmooth_Moretraining_B016,40,NaN,81.9646434148153,2.771977186203,NaN,NaN,NaN,0,NaN,NaN,NaN,NaN,0
20260731_t1356_srsSmooth_Moretraining,srs_smooth_Moretraining,trial1589.mat,1589,1589,1026,16,164,40,60,20,40,8,2,2,8,2,56,22877,2,0,2,1,2,1,1,2,2,1,CHOSE_LOW_SAL,2,455,1,0,0,0,0,0,46,143,143,46,-97,143,1,0,176.006399667246,13.9936003327544,176.006399667246,13.9936003327544,162.012799334491,162.012799334491,NaN,NaN,NaN,1785525569.05693,17391.09481252,2.4243278503418,0.0115220546722412,0.236951351165771,1.01194715499878,1.36990809440613,1.64533543586731,1.6869752407074,1.6869752407074,-1,-1,1.98053932189941,225.42929649353,275.427341461182,41.6398048400879,317.06714630127,Conflict,Left,Right,Right,Right,Left,0,1,0,1,1,1,0,1,0,0,1,0,1,0,1,0,0,1,1,1027,387,20260731_t1356_srsSmooth_Moretraining_B016,41,1,82.0219328403473,1.29168033599854,2,2,98,0,0,1,1,0,1
20260731_t1356_srsSmooth_Moretraining,srs_smooth_Moretraining,trial1590.mat,1590,1590,1027,16,165,41,60,20,40,8,2,1,5,2,45,31487,2,0,1,2,2,2,2,2,1,1,CHOSE_LOW_SAL,2,455,1,0,0,0,0,0,18,140,140,18,-122,18,1,180,207.508627207209,342.491372792791,27.5086272072089,162.491372792791,-134.982745585582,134.982745585582,NaN,NaN,NaN,1785525572.79534,17394.83324748,2.27813267707825,0.0149228572845459,0.24034595489502,0.948744058609009,1.32330656051636,1.65721273422241,1.69072270393372,1.69072270393372,-1,-1,1.95938229560852,225.423097610474,333.906173706055,33.5099697113037,367.416143417358,Congruent,Right,Left,Right,Left,Left,0,1,1,0,1,1,1,0,0,0,0,1,1,1,0,0,0,0,1,1028,388,20260731_t1356_srsSmooth_Moretraining_B016,42,2,82.0842396775881,1.3140823841095,2,1,143,1,1,0,0,1,1
20260731_t1356_srsSmooth_Moretraining,srs_smooth_Moretraining,trial1591.mat,1591,1591,1028,16,166,42,60,20,40,8,2,1,5,2,42,17307,2,0,1,2,2,2,2,2,1,1,CHOSE_LOW_SAL,2,455,1,0,0,0,0,0,40,154,154,40,-114,40,1,0,25.8244409055722,164.175559094428,25.8244409055722,164.175559094428,-138.351118188856,138.351118188856,NaN,NaN,NaN,1785525576.35433,17398.39201672,2.1936628818512,0.014409065246582,0.231847286224365,0.965280532836914,1.3061249256134,1.55697631835938,1.59861063957214,1.59861063957214,-1,-1,1.85059952735901,217.438220977783,250.851392745972,41.6343212127686,292.48571395874,Congruent,Right,Left,Right,Left,Left,0,1,1,0,1,1,1,0,0,0,0,1,1,1,0,0,0,0,1,1029,389,20260731_t1356_srsSmooth_Moretraining_B016,43,3,82.1435561100642,1.28085327148438,1,1,18,1,0,0,1,1,1
20260731_t1356_srsSmooth_Moretraining,srs_smooth_Moretraining,trial1592.mat,1592,1592,1029,16,167,43,60,20,40,8,2,2,8,2,60,22,2,0,2,1,2,1,1,2,1,2,CHOSE_HIGH_SAL,1,455,1,0,0,0,0,0,37,129,129,37,-92,37,1,180,308.235330889643,241.764669110357,128.235330889643,61.7646691103566,66.4706617792869,66.4706617792869,NaN,NaN,NaN,1785525579.82927,17401.86696404,2.16094470024109,0.0146059989929199,0.257105588912964,0.94838285446167,1.31465697288513,1.56549859046936,1.60716080665588,1.60716080665588,-1,-1,1.82582879066467,242.499589920044,250.841617584229,41.6622161865234,292.503833770752,Conflict,Left,Right,Left,Right,Left,0,1,0,1,1,0,1,0,1,1,0,1,0,0,1,0,0,1,1,1030,390,20260731_t1356_srsSmooth_Moretraining_B016,44,4,82.2014717260997,1.28127408027649,1,1,40,1,0,1,1,0,1
20260731_t1356_srsSmooth_Moretraining,srs_smooth_Moretraining,trial1594.mat,1594,1594,1030,16,169,44,60,20,40,8,2,2,8,2,59,365,2,0,2,1,2,1,1,2,2,1,CHOSE_LOW_SAL,2,455,1,0,0,0,0,0,41,143,143,41,-102,143,1,180,335.668415239801,214.331584760199,155.668415239801,34.3315847601987,121.336830479603,121.336830479603,NaN,NaN,NaN,1785525584.76186,17406.79943332,2.23621416091919,0.0155375003814697,0.216242551803589,0.741240262985229,1.22391819953918,1.49942541122437,1.54109787940979,1.54109787940979,-1,-1,1.79278564453125,200.705051422119,275.507211685181,41.6724681854248,317.179679870605,Conflict,Left,Right,Right,Right,Left,0,1,0,1,1,1,0,1,0,0,1,0,1,0,1,0,0,1,1,1031,391,20260731_t1356_srsSmooth_Moretraining_B016,45,5,82.2836816191673,2.77164888381958,1,2,37,1,1,1,0,0,1
20260731_t1356_srsSmooth_Moretraining,srs_smooth_Moretraining,trial1595.mat,1595,1595,1031,16,170,45,60,20,40,8,2,1,6,2,50,970,2,0,2,1,2,1,2,1,2,1,CHOSE_HIGH_SAL,1,455,1,0,0,0,0,0,1,144,144,1,-143,144,1,0,29.5919638060397,160.40803619396,29.5919638060397,160.40803619396,-130.816072387921,130.816072387921,NaN,NaN,NaN,1785525588.2683,17410.30582492,2.33006811141968,0.0175621509552002,0.2180016040802,0.951623916625977,1.30094528198242,1.59331297874451,1.6265971660614,1.6265971660614,-1,-1,1.88671660423279,200.439453125,292.367696762085,33.2841873168945,325.651884078979,Congruent,Left,Right,Right,Right,Right,0,1,1,0,1,1,0,1,1,0,1,0,0,0,1,1,0,0,1,1032,392,20260731_t1356_srsSmooth_Moretraining_B016,46,6,82.3421223719915,1.27023100852966,2,1,143,1,0,0,1,1,1
20260731_t1356_srsSmooth_Moretraining,srs_smooth_Moretraining,trial1596.mat,1596,1596,1032,16,171,46,60,20,40,8,2,1,6,2,48,26964,2,0,2,1,2,1,2,1,2,1,CHOSE_HIGH_SAL,1,455,1,0,0,0,0,0,56,137,137,56,-81,137,1,0,86.1170101931072,103.882989806893,86.1170101931071,103.882989806893,-17.7659796137857,17.7659796137857,NaN,NaN,NaN,1785525591.88887,17413.9263092,2.14269614219666,0.0137991905212402,0.222622632980347,0.81437087059021,1.16384434700012,1.45604467391968,1.48943495750427,1.48943495750427,-1,-1,1.70773649215698,208.823442459106,292.200326919556,33.3902835845947,325.59061050415,Congruent,Left,Right,Right,Right,Right,0,1,1,0,1,1,0,1,1,0,1,0,0,0,1,1,0,0,1,1033,393,20260731_t1356_srsSmooth_Moretraining_B016,47,7,82.4024652043978,1.29050183296204,2,1,144,1,0,0,1,1,1
20260731_t1356_srsSmooth_Moretraining,srs_smooth_Moretraining,trial1597.mat,1597,1597,1033,16,172,47,60,20,40,8,2,2,8,2,57,24233,2,0,2,1,2,1,1,2,2,1,CHOSE_LOW_SAL,2,455,1,0,0,0,0,0,32,126,126,32,-94,126,1,0,154.176533516677,35.8234664833233,154.176533516677,35.8234664833233,118.353067033353,118.353067033353,NaN,NaN,NaN,1785525595.33366,17417.37108148,2.22314882278442,0.010819673538208,0.252898216247559,0.852972984313965,1.26920175552368,1.52806925773621,1.56138157844543,1.56138157844543,-1,-1,1.79649901390076,242.078542709351,258.867502212524,33.3123207092285,292.179822921753,Conflict,Left,Right,Right,Right,Left,0,1,0,1,1,1,0,1,0,0,1,0,1,0,1,0,0,1,1,1034,394,20260731_t1356_srsSmooth_Moretraining_B016,48,8,82.4598782142003,1.30208444595337,2,1,137,1,0,0,1,1,1
20260731_t1356_srsSmooth_Moretraining,srs_smooth_Moretraining,trial1598.mat,1598,1598,1034,16,173,48,60,20,40,8,2,1,5,2,44,6451,2,0,1,2,2,2,2,2,1,1,CHOSE_LOW_SAL,2,455,1,0,0,0,0,0,30,143,143,30,-113,30,1,180,226.238260330698,323.761739669302,46.2382603306978,143.761739669302,-97.5234793386044,97.5234793386044,NaN,NaN,NaN,1785525598.83622,17420.8735736,2.06214570999146,0.0167298316955566,0.250577688217163,0.800627470016479,1.18344187736511,1.43414950370789,1.47571229934692,1.47571229934692,-1,-1,1.72769379615784,233.847856521606,250.707626342773,41.5627956390381,292.270421981812,Congruent,Right,Left,Right,Left,Left,0,1,1,0,1,1,1,0,0,0,0,1,1,1,0,0,0,0,1,1035,395,20260731_t1356_srsSmooth_Moretraining_B016,49,9,82.5182542125384,1.27941107749939,2,1,126,1,1,0,0,1,1
20260731_t1356_srsSmooth_Moretraining,srs_smooth_Moretraining,trial1599.mat,1599,1599,1035,16,174,49,60,20,40,8,2,1,6,2,49,24276,2,0,2,1,2,1,2,1,2,1,CHOSE_HIGH_SAL,1,455,1,0,0,0,0,0,36,116,116,36,-80,116,1,0,22.6605748017124,167.339425198288,22.6605748017124,167.339425198288,-144.678850396575,144.678850396575,NaN,NaN,NaN,1785525602.20858,17424.24580228,2.26571917533875,0.0111637115478516,0.228561878204346,0.828543186187744,1.24454593658447,1.50328683853149,1.53665637969971,1.53665637969971,-1,-1,1.84676480293274,217.398166656494,258.740901947021,33.3695411682129,292.110443115234,Congruent,Left,Right,Right,Right,Right,0,1,1,0,1,1,0,1,1,0,1,0,0,0,1,1,0,0,1,1036,396,20260731_t1356_srsSmooth_Moretraining_B016,50,10,82.5744602600733,1.3102171421051,1,1,30,1,1,0,0,1,1
20260731_t1356_srsSmooth_Moretraining,srs_smooth_Moretraining,trial1600.mat,1600,1600,1036,16,175,50,60,20,40,8,2,2,7,2,54,8613,2,0,1,2,2,2,1,1,1,1,CHOSE_HIGH_SAL,1,455,1,0,0,0,0,0,37,105,105,37,-68,37,1,180,334.555030722585,215.444969277415,154.555030722585,35.4449692774153,119.110061445169,119.110061445169,NaN,NaN,NaN,1785525605.76555,17427.80269116,2.07466340065002,0.0126686096191406,0.196339130401611,0.721463441848755,1.17938041687012,1.39645051956177,1.42987084388733,1.42987084388733,-1,-1,1.74009847640991,183.670520782471,217.07010269165,33.4203243255615,250.490427017212,Conflict,Right,Left,Right,Left,Right,0,1,0,1,1,1,1,0,1,0,0,1,0,1,0,1,0,1,1,1037,397,20260731_t1356_srsSmooth_Moretraining_B016,51,11,82.6337430477142,1.29124808311462,2,1,116,1,1,0,0,1,1
20260731_t1356_srsSmooth_Moretraining,srs_smooth_Moretraining,trial1601.mat,1601,1601,1037,16,176,50,60,20,40,8,2,2,7,2,54,8613,2,0,1,2,2,2,1,1,1,1,CHOSE_HIGH_SAL,1,455,1,0,0,0,0,0,19,105,105,19,-86,19,1,180,334.555030722585,215.444969277415,154.555030722585,35.4449692774153,119.110061445169,119.110061445169,NaN,NaN,NaN,1785525609.12012,17431.15727148,1.9784951210022,0.0165565013885498,0.233739614486694,0.817087650299072,1.20827054977417,1.37541723251343,1.41725039482117,1.41725039482117,-1,-1,1.66112065315247,217.183113098145,167.146682739258,41.8331623077393,208.979845046997,Conflict,Right,Left,Right,Left,Right,0,1,0,1,1,1,1,0,1,0,0,1,0,1,0,1,0,1,1,1038,398,20260731_t1356_srsSmooth_Moretraining_B016,52,12,82.6896526495616,1.27991271018982,1,1,37,1,0,0,1,1,1
20260731_t1356_srsSmooth_Moretraining,srs_smooth_Moretraining,trial1602.mat,1602,1602,1038,16,177,50,60,20,40,8,2,2,7,2,54,8613,2,0,1,2,2,2,1,1,1,1,CHOSE_HIGH_SAL,1,455,1,0,0,0,0,0,19,105,105,19,-86,19,1,180,334.555030722585,215.444969277415,154.555030722585,35.4449692774153,119.110061445169,119.110061445169,NaN,NaN,NaN,1785525612.41956,17434.45666464,2.1457691192627,0.0172469615936279,0.259265661239624,0.792817354202271,1.21729421615601,1.47602510452271,1.51776599884033,1.51776599884033,-1,-1,1.82774972915649,242.018699645996,258.730888366699,41.740894317627,300.471782684326,Conflict,Right,Left,Right,Left,Right,0,1,0,1,1,1,1,0,1,0,0,1,0,1,0,1,0,1,1,1039,399,20260731_t1356_srsSmooth_Moretraining_B016,53,13,82.7446432908376,1.3209433555603,1,1,19,1,0,0,1,1,1
20260731_t1356_srsSmooth_Moretraining,srs_smooth_Moretraining,trial1605.mat,1605,1605,1039,16,180,50,60,20,40,8,2,2,7,2,54,8613,2,0,1,2,2,2,1,1,2,2,CHOSE_LOW_SAL,2,455,1,0,0,0,0,0,19,105,105,19,-86,105,1,180,334.555030722585,215.444969277415,154.555030722585,35.4449692774153,119.110061445169,119.110061445169,NaN,NaN,NaN,1785525618.81225,17440.84903216,2.17882490158081,0.0164728164672852,0.217203140258789,0.850650310516357,1.21651983261108,1.48403334617615,1.52553820610046,1.52553820610046,-1,-1,1.76888966560364,200.730323791504,267.513513565063,41.5048599243164,309.01837348938,Conflict,Right,Left,Left,Left,Right,0,1,0,1,1,0,0,1,0,1,1,0,1,1,0,1,0,1,1,1040,400,20260731_t1356_srsSmooth_Moretraining_B016,54,14,82.8511881271998,4.24692106246948,1,1,19,1,1,1,0,0,1
20260731_t1356_srsSmooth_Moretraining,srs_smooth_Moretraining,trial1606.mat,1606,1606,1040,16,181,51,60,20,40,8,2,1,5,2,41,28293,2,0,1,2,2,2,2,2,2,2,CHOSE_HIGH_SAL,1,455,1,0,0,0,0,0,45,117,117,45,-72,117,1,0,69.9830969525147,120.016903047485,69.9830969525147,120.016903047485,-50.0338060949705,50.0338060949705,NaN,NaN,NaN,1785525622.28946,17444.32623308,2.26045894622803,0.0143938064575195,0.198481798171997,0.865375995635986,1.28944396972656,1.52328133583069,1.56507086753845,1.56507086753845,-1,-1,1.84216952323914,184.087991714478,233.837366104126,41.7895317077637,275.62689781189,Congruent,Right,Left,Left,Left,Left,0,1,1,0,1,0,0,1,1,1,1,0,0,1,0,0,0,0,1,1041,401,20260731_t1356_srsSmooth_Moretraining_B016,55,15,82.909141711394,1.29839015007019,2,2,105,1,0,0,1,1,1
20260731_t1356_srsSmooth_Moretraining,srs_smooth_Moretraining,trial1608.mat,1608,1608,1041,16,183,52,60,20,40,8,2,2,7,2,52,12288,2,0,1,2,2,2,1,1,2,2,CHOSE_LOW_SAL,2,455,1,0,0,0,0,0,62,142,142,62,-80,142,1,0,99.5658991637716,90.4341008362284,99.5658991637716,90.4341008362284,9.13179832754315,9.13179832754315,NaN,NaN,NaN,1785525627.37041,17449.40709284,2.49597477912903,0.0169806480407715,0.250983238220215,1.05106592178345,1.4170355796814,1.70106768608093,1.74290466308594,1.74290466308594,-1,-1,2.05313372612,234.002590179443,284.032106399536,41.8369770050049,325.869083404541,Conflict,Right,Left,Left,Left,Right,0,1,0,1,1,0,0,1,0,1,1,0,1,1,0,1,0,1,1,1042,402,20260731_t1356_srsSmooth_Moretraining_B016,56,16,82.9938241322835,2.82048630714417,2,2,117,1,0,0,1,1,1
20260731_t1356_srsSmooth_Moretraining,srs_smooth_Moretraining,trial1609.mat,1609,1609,1042,16,184,53,60,20,40,8,2,1,6,2,47,6194,2,0,2,1,2,1,2,1,2,1,CHOSE_HIGH_SAL,1,455,1,0,0,0,0,0,27,146,146,27,-119,146,1,180,191.460817260842,358.539182739158,11.4608172608418,178.539182739158,-167.078365478316,167.078365478316,NaN,NaN,NaN,1785525631.14325,17453.17985496,2.25643444061279,0.0109591484069824,0.253249168395996,0.794912815093994,1.21100616455078,1.53641486167908,1.57015538215637,1.57015538215637,-1,-1,1.81360363960266,242.290019989014,325.408697128296,33.7405204772949,359.149217605591,Congruent,Left,Right,Right,Right,Right,0,1,1,0,1,1,0,1,1,0,1,0,0,0,1,1,0,0,1,1043,403,20260731_t1356_srsSmooth_Moretraining_B016,57,17,83.056704723835,1.27686071395874,2,2,142,1,0,1,1,0,1
20260731_t1356_srsSmooth_Moretraining,srs_smooth_Moretraining,trial1610.mat,1610,1610,1043,16,185,54,60,20,40,8,2,2,8,2,58,334,2,0,2,1,2,1,1,2,1,2,CHOSE_HIGH_SAL,1,455,1,0,0,0,0,0,65,152,152,65,-87,65,1,180,329.879837262352,220.120162737648,149.879837262352,40.1201627376485,109.759674524703,109.759674524703,NaN,NaN,NaN,1785525634.71306,17456.74970008,2.28705859184265,0.0162863731384277,0.208366394042969,0.958743810653687,1.34133839607239,1.65861034393311,1.69177770614624,1.69177770614624,-1,-1,1.91853618621826,192.080020904541,317.271947860718,33.1673622131348,350.439310073853,Conflict,Left,Right,Left,Right,Left,0,1,0,1,1,0,1,0,1,1,0,1,0,0,1,0,0,1,1,1044,404,20260731_t1356_srsSmooth_Moretraining_B016,58,18,83.1162016034126,1.31337833404541,2,1,146,1,1,1,0,0,1
20260731_t1356_srsSmooth_Moretraining,srs_smooth_Moretraining,trial1611.mat,1611,1611,1044,16,186,55,60,20,40,8,2,2,7,2,53,20829,2,0,1,2,2,2,1,1,1,1,CHOSE_HIGH_SAL,1,455,1,0,0,0,0,0,38,137,137,38,-99,38,1,0,167.913295676001,22.0867043239992,167.913295676001,22.0867043239992,145.826591352002,145.826591352002,NaN,NaN,NaN,1785525638.31482,17460.35131384,2.31063079833984,0.0146691799163818,0.26531195640564,0.998701333999634,1.43139100074768,1.66541504859924,1.69869661331177,1.69869661331177,-1,-1,1.97556853294373,250.642776489258,234.024047851562,33.2815647125244,267.305612564087,Conflict,Right,Left,Right,Left,Right,0,1,0,1,1,1,1,0,1,0,0,1,0,1,0,1,0,1,1,1045,405,20260731_t1356_srsSmooth_Moretraining_B016,59,19,83.1762309074402,1.31469964981079,1,2,65,1,0,1,1,0,1
20260731_t1356_srsSmooth_Moretraining,srs_smooth_Moretraining,trial1617.mat,1617,1617,1045,16,192,55,60,20,40,8,2,2,7,2,53,20829,2,0,1,2,2,2,1,1,0,0,,0,11,0,1,0,0,0,0,19,137,137,19,-118,NaN,1,0,167.913295676001,22.0867043239992,167.913295676001,22.0867043239992,145.826591352002,145.826591352002,NaN,NaN,NaN,1785525649.22601,17471.26231232,0.131247997283936,0.012237548828125,0.0128836631774902,-1,-1,-1,-1,-1,-1,-1,-1,0.646114349365234,NaN,NaN,NaN,Conflict,Right,Left,None,Left,Right,0,1,0,1,0,NaN,NaN,NaN,NaN,NaN,NaN,NaN,NaN,1,0,1,0,1,0,1045,NaN,20260731_t1356_srsSmooth_Moretraining_B016,NaN,NaN,83.3580841183662,8.60056185722351,NaN,NaN,NaN,0,NaN,NaN,NaN,NaN,0
20260731_t1356_srsSmooth_Moretraining,srs_smooth_Moretraining,trial1618.mat,1618,1618,1045,16,193,55,60,20,40,8,2,2,7,2,53,20829,2,0,1,2,2,2,1,1,2,2,CHOSE_LOW_SAL,2,455,1,0,0,0,0,0,19,137,137,19,-118,137,1,0,167.913295676001,22.0867043239992,167.913295676001,22.0867043239992,145.826591352002,145.826591352002,NaN,NaN,NaN,1785525650.57473,17472.61105216,2.31825041770935,0.0135698318481445,0.272319078445435,1.04747128486633,1.3886239528656,1.63089656829834,1.66408610343933,1.66408610343933,-1,-1,1.88261079788208,258.74924659729,242.272615432739,33.1895351409912,275.46215057373,Conflict,Right,Left,Left,Left,Right,0,1,0,1,1,0,0,1,0,1,1,0,1,1,0,1,0,1,1,1046,406,20260731_t1356_srsSmooth_Moretraining_B016,60,20,83.3805627942085,1.21747255325317,1,1,38,1,1,1,0,0,1
20260731_t1356_srsSmooth_Moretraining,srs_smooth_Moretraining,trial1619.mat,1619,1619,1046,16,194,56,60,20,40,8,2,2,7,2,51,9653,2,0,1,2,2,2,1,1,2,2,CHOSE_LOW_SAL,2,455,1,0,0,0,0,0,24,136,136,24,-112,136,1,180,353.253626814697,196.746373185303,173.253626814697,16.7463731853028,156.507253629394,156.507253629394,NaN,NaN,NaN,1785525654.1885,17476.22466252,2.36257481575012,0.0166072845458984,0.283892631530762,0.992158651351929,1.3583402633667,1.60901856422424,1.6507294178009,1.6507294178009,-1,-1,1.92736458778381,267.285346984863,250.678300857544,41.7108535766602,292.389154434204,Conflict,Right,Left,Left,Left,Right,0,1,0,1,1,0,0,1,0,1,1,0,1,1,0,1,0,1,1,1047,407,20260731_t1356_srsSmooth_Moretraining_B016,61,21,83.4407923062642,1.29552030563354,2,2,137,1,0,0,1,1,1
20260731_t1356_srsSmooth_Moretraining,srs_smooth_Moretraining,trial1620.mat,1620,1620,1047,16,195,57,60,20,40,8,2,1,6,2,46,5462,2,0,2,1,2,1,2,1,1,2,CHOSE_LOW_SAL,2,455,1,0,0,0,0,0,17,148,148,17,-131,17,1,0,46.1309931217821,143.869006878218,46.1309931217821,143.869006878218,-97.7380137564359,97.7380137564359,NaN,NaN,NaN,1785525657.86149,17479.8974732,2.3062596321106,0.0187668800354004,0.277804374694824,1.03607749938965,1.44382286071777,1.68621563911438,1.71934413909912,1.71934413909912,-1,-1,1.98802781105042,259.037494659424,242.392778396606,33.1284999847412,275.521278381348,Congruent,Left,Right,Left,Right,Right,0,1,1,0,1,0,1,0,0,1,0,1,1,0,1,1,0,0,1,1048,408,20260731_t1356_srsSmooth_Moretraining_B016,62,22,83.5020087122917,1.31040954589844,2,2,136,1,1,0,0,1,1
20260731_t1356_srsSmooth_Moretraining,srs_smooth_Moretraining,trial1621.mat,1621,1621,1048,16,196,58,60,20,40,8,2,1,5,2,43,1457,2,0,1,2,2,2,2,2,2,2,CHOSE_HIGH_SAL,1,455,1,0,0,0,0,0,26,132,132,26,-106,132,1,180,226.568833671971,323.431166328029,46.5688336719712,143.431166328029,-96.8623326560576,96.8623326560576,NaN,NaN,NaN,1785525661.48075,17483.51672696,2.37027549743652,0.0163135528564453,0.216844320297241,1.00860691070557,1.38303351402283,1.60866475105286,1.65032124519348,1.65032124519348,-1,-1,1.93585133552551,200.530767440796,225.631237030029,41.656494140625,267.287731170654,Congruent,Right,Left,Left,Left,Left,0,1,1,0,1,0,0,1,1,1,1,0,0,1,0,0,0,0,1,1049,409,20260731_t1356_srsSmooth_Moretraining_B016,63,23,83.5623297492663,1.31300258636475,1,2,17,1,1,0,0,1,1
20260731_t1356_srsSmooth_Moretraining,srs_smooth_Moretraining,trial1622.mat,1622,1622,1049,16,197,59,60,20,40,8,2,2,7,2,55,14639,2,0,1,2,2,2,1,1,2,2,CHOSE_LOW_SAL,2,455,1,0,0,0,0,0,37,144,144,37,-107,144,1,0,150.220895882503,39.7791041174967,150.220895882503,39.7791041174967,110.441791765007,110.441791765007,NaN,NaN,NaN,1785525665.14117,17487.17719304,2.4524564743042,0.0143685340881348,0.281515121459961,1.07335925102234,1.489426612854,1.74006319046021,1.77330541610718,1.77330541610718,-1,-1,2.00835061073303,267.146587371826,250.636577606201,33.2422256469727,283.878803253174,Conflict,Right,Left,Left,Left,Right,0,1,0,1,1,0,0,1,0,1,1,0,1,1,0,1,0,1,1,1050,410,20260731_t1356_srsSmooth_Moretraining_B016,64,24,83.6233367840449,1.29014658927917,2,2,132,1,0,0,1,1,1
20260731_t1356_srsSmooth_Moretraining,srs_smooth_Moretraining,trial1623.mat,1623,1623,1050,17,1,0,64,24,40,8,1,0,4,1,40,7484,1,2,1,2,1,1,2,2,2,2,SINGLE_T2_CORRECT,11,455,1,0,0,0,0,0,146,31,146,31,115,31,1,180,190,0,10,180,-170,170,NaN,NaN,NaN,1785525668.89016,17490.92605384,2.30307984352112,0.0155243873596191,0.258018255233765,1.03251194953918,1.40724658966064,1.63266611099243,1.66625213623047,1.66625213623047,-1,-1,1.9678053855896,242.493867874146,225.419521331787,33.5860252380371,259.005546569824,Instruction,Right,Left,Left,Right,Left,1,0,0,0,0,NaN,NaN,NaN,NaN,NaN,NaN,NaN,NaN,1,1,0,1,0,0,1051,NaN,20260731_t1356_srsSmooth_Moretraining_B017,1,NaN,83.6858199675878,1.29653453826904,NaN,NaN,NaN,0,NaN,NaN,NaN,NaN,0
20260731_t1356_srsSmooth_Moretraining,srs_smooth_Moretraining,trial1624.mat,1624,1624,1051,17,2,1,64,24,40,8,1,0,2,1,11,28795,1,1,2,1,1,2,1,2,1,2,SINGLE_T1_CORRECT,10,455,1,0,0,0,0,0,137,33,137,33,104,137,1,180,0,190,180,10,170,170,NaN,NaN,NaN,1785525672.51455,17494.5503698,2.22921538352966,0.0162754058837891,0.200022220611572,0.900558710098267,1.27465844154358,1.50058221817017,1.53363871574402,1.53363871574402,-1,-1,1.79446721076965,183.746814727783,225.923776626587,33.0564975738525,258.980274200439,Instruction,Left,Right,Left,Left,Left,1,0,0,0,0,NaN,NaN,NaN,NaN,NaN,NaN,NaN,NaN,0,0,0,1,1,0,1052,NaN,20260731_t1356_srsSmooth_Moretraining_B017,2,NaN,83.7462265014648,1.32131218910217,NaN,NaN,NaN,0,NaN,NaN,NaN,NaN,0
20260731_t1356_srsSmooth_Moretraining,srs_smooth_Moretraining,trial1625.mat,1625,1625,1052,17,3,2,64,24,40,8,1,0,1,1,8,29736,1,1,1,2,1,1,1,1,1,1,SINGLE_T1_CORRECT,10,455,1,0,0,0,0,0,165,76,165,76,89,165,1,180,0,190,180,10,170,170,NaN,NaN,NaN,1785525676.05252,17498.08833804,2.35757732391357,0.0117766857147217,0.237512588500977,0.954383134841919,1.34516263008118,1.59611511230469,1.6290066242218,1.6290066242218,-1,-1,1.88913202285767,225.735902786255,250.952482223511,32.8915119171143,283.843994140625,Instruction,Right,Left,Right,Right,Right,1,0,0,0,0,NaN,NaN,NaN,NaN,NaN,NaN,NaN,NaN,1,1,1,1,1,0,1053,NaN,20260731_t1356_srsSmooth_Moretraining_B017,3,NaN,83.8051926811536,1.30875539779663,NaN,NaN,NaN,0,NaN,NaN,NaN,NaN,0
20260731_t1356_srsSmooth_Moretraining,srs_smooth_Moretraining,trial1626.mat,1626,1626,1053,17,4,3,64,24,40,8,1,0,2,1,19,14800,1,1,2,1,1,2,1,2,1,2,SINGLE_T1_CORRECT,10,455,1,0,0,0,0,0,134,17,134,17,117,134,1,180,0,190,180,10,170,170,NaN,NaN,NaN,1785525679.73003,17501.76569376,2.44732785224915,0.0177533626556396,0.226457595825195,1.01835179328918,1.44280958175659,1.66841650009155,1.70156574249268,1.70156574249268,-1,-1,2.01195073127747,208.704233169556,225.606918334961,33.149242401123,258.756160736084,Instruction,Left,Right,Left,Left,Left,1,0,0,0,0,NaN,NaN,NaN,NaN,NaN,NaN,NaN,NaN,0,0,0,1,1,0,1054,NaN,20260731_t1356_srsSmooth_Moretraining_B017,4,NaN,83.866484383742,1.31992483139038,NaN,NaN,NaN,0,NaN,NaN,NaN,NaN,0
20260731_t1356_srsSmooth_Moretraining,srs_smooth_Moretraining,trial1627.mat,1627,1627,1054,17,5,4,64,24,40,8,1,0,4,1,32,29647,1,2,1,2,1,1,2,2,2,2,SINGLE_T2_CORRECT,11,455,1,0,0,0,0,0,119,43,119,43,76,43,1,0,10,180,10,180,-170,170,NaN,NaN,NaN,1785525683.47967,17505.51535196,3.79043006896973,0.018256664276123,0.260708570480347,0.810874223709106,1.21830368041992,1.45226144790649,1.48551774024963,1.48551774024963,-1,-1,1.76292872428894,242.451906204224,233.957767486572,33.2562923431396,267.214059829712,Instruction,Right,Left,Left,Right,Left,1,0,0,0,0,NaN,NaN,NaN,NaN,NaN,NaN,NaN,NaN,1,1,0,1,0,0,1055,NaN,20260731_t1356_srsSmooth_Moretraining_B017,5,NaN,83.9289784471194,1.30231595039368,NaN,NaN,NaN,0,NaN,NaN,NaN,NaN,0
20260731_t1356_srsSmooth_Moretraining,srs_smooth_Moretraining,trial1628.mat,1628,1628,1055,17,6,5,64,24,40,8,1,0,4,1,38,1741,1,2,1,2,1,1,2,2,2,2,SINGLE_T2_CORRECT,11,455,1,0,0,0,0,0,139,58,139,58,81,58,1,180,190,0,10,180,-170,170,NaN,NaN,NaN,1785525688.59916,17510.6345712,1.92749834060669,0.0156385898590088,0.224488973617554,0.749496936798096,1.09901452064514,1.29149627685547,1.3332314491272,1.3332314491272,-1,-1,1.56882500648499,208.850383758545,192.481756210327,41.7351722717285,234.216928482056,Instruction,Right,Left,Left,Right,Left,1,0,0,0,0,NaN,NaN,NaN,NaN,NaN,NaN,NaN,NaN,1,1,0,1,0,0,1056,NaN,20260731_t1356_srsSmooth_Moretraining_B017,6,NaN,84.0143032153448,1.32905602455139,NaN,NaN,NaN,0,NaN,NaN,NaN,NaN,0
20260731_t1356_srsSmooth_Moretraining,srs_smooth_Moretraining,trial1629.mat,1629,1629,1056,17,7,6,64,24,40,8,1,0,1,1,7,12198,1,1,1,2,1,1,1,1,1,1,SINGLE_T1_CORRECT,10,455,1,0,0,0,0,0,125,67,125,67,58,125,1,0,180,10,180,10,170,170,NaN,NaN,NaN,1785525691.82731,17513.86269536,2.3672194480896,0.0126104354858398,0.263089656829834,0.963301658630371,1.34599542617798,1.58838772773743,1.63011646270752,1.63011646270752,-1,-1,1.94060707092285,250.479221343994,242.392301559448,41.7287349700928,284.121036529541,Instruction,Right,Left,Right,Right,Right,1,0,0,0,0,NaN,NaN,NaN,NaN,NaN,NaN,NaN,NaN,1,1,1,1,1,0,1057,NaN,20260731_t1356_srsSmooth_Moretraining_B017,7,NaN,84.0681058168411,1.30065774917603,NaN,NaN,NaN,0,NaN,NaN,NaN,NaN,0
20260731_t1356_srsSmooth_Moretraining,srs_smooth_Moretraining,trial1630.mat,1630,1630,1057,17,8,7,64,24,40,8,1,0,1,1,4,15016,1,1,1,2,1,1,1,1,1,1,SINGLE_T1_CORRECT,10,455,1,0,0,0,0,0,144,32,144,32,112,144,1,0,180,10,180,10,170,170,NaN,NaN,NaN,1785525695.46382,17517.4991454,2.23881244659424,0.0179095268249512,0.268476247787476,0.785295009613037,1.14295339584351,1.50179624557495,1.54355573654175,1.54355573654175,-1,-1,1.79593276977539,250.566720962524,358.842849731445,41.7594909667969,400.602340698242,Instruction,Right,Left,Right,Right,Right,1,0,0,0,0,NaN,NaN,NaN,NaN,NaN,NaN,NaN,NaN,1,1,1,1,1,0,1058,NaN,20260731_t1356_srsSmooth_Moretraining_B017,8,NaN,84.1287143349648,1.269291639328,NaN,NaN,NaN,0,NaN,NaN,NaN,NaN,0
20260731_t1356_srsSmooth_Moretraining,srs_smooth_Moretraining,trial1631.mat,1631,1631,1058,17,9,8,64,24,40,8,1,0,3,1,23,32433,1,2,2,1,1,2,2,1,2,1,SINGLE_T2_CORRECT,11,455,1,0,0,0,0,0,145,27,145,27,118,27,1,180,190,0,10,180,-170,170,NaN,NaN,NaN,1785525698.98929,17521.02464888,2.17212390899658,0.0175788402557373,0.234772443771362,0.818099021911621,1.25096082687378,1.51814079284668,1.56016731262207,1.56016731262207,-1,-1,1.84489274024963,217.193603515625,267.1799659729,42.0265197753906,309.206485748291,Instruction,Left,Right,Right,Left,Right,1,0,0,0,0,NaN,NaN,NaN,NaN,NaN,NaN,NaN,NaN,0,0,1,1,0,0,1059,NaN,20260731_t1356_srsSmooth_Moretraining_B017,9,NaN,84.1874721606573,1.28665709495544,NaN,NaN,NaN,0,NaN,NaN,NaN,NaN,0
20260731_t1356_srsSmooth_Moretraining,srs_smooth_Moretraining,trial1632.mat,1632,1632,1059,17,10,9,64,24,40,8,1,0,1,1,3,29075,1,1,1,2,1,1,1,1,1,1,SINGLE_T1_CORRECT,10,455,1,0,0,0,0,0,127,34,127,34,93,127,1,0,180,10,180,10,170,170,NaN,NaN,NaN,1785525702.44994,17524.48510736,2.39452052116394,0.0153992176055908,0.257504940032959,1.01633071899414,1.39878726005554,1.66588449478149,1.69931435585022,1.69931435585022,-1,-1,1.96768403053284,242.105722427368,267.097234725952,33.4298610687256,300.527095794678,Instruction,Right,Left,Right,Right,Right,1,0,0,0,0,NaN,NaN,NaN,NaN,NaN,NaN,NaN,NaN,1,1,1,1,1,0,1060,NaN,20260731_t1356_srsSmooth_Moretraining_B017,10,NaN,84.2451496561368,1.28852581977844,NaN,NaN,NaN,0,NaN,NaN,NaN,NaN,0
20260731_t1356_srsSmooth_Moretraining,srs_smooth_Moretraining,trial1633.mat,1633,1633,1060,17,11,10,64,24,40,8,1,0,4,1,37,30198,1,2,1,2,1,1,2,2,2,2,SINGLE_T2_CORRECT,11,455,1,0,0,0,0,0,148,8,148,8,140,8,1,0,10,180,10,180,-170,170,NaN,NaN,NaN,1785525706.13736,17528.172302,1.92319059371948,0.0114631652832031,0.212120532989502,0.795633792877197,1.15317583084106,1.35371589660645,1.38695096969604,1.38695096969604,-1,-1,1.61373424530029,200.657367706299,200.540065765381,33.2350730895996,233.77513885498,Instruction,Right,Left,Left,Right,Left,1,0,0,0,0,NaN,NaN,NaN,NaN,NaN,NaN,NaN,NaN,1,1,0,1,0,0,1061,NaN,20260731_t1356_srsSmooth_Moretraining_B017,11,NaN,84.3066065510114,1.29289317131042,NaN,NaN,NaN,0,NaN,NaN,NaN,NaN,0
20260731_t1356_srsSmooth_Moretraining,srs_smooth_Moretraining,trial1634.mat,1634,1634,1061,17,12,11,64,24,40,8,1,0,1,1,5,30552,1,1,1,2,1,1,1,1,1,1,SINGLE_T1_CORRECT,10,455,1,0,0,0,0,0,135,49,135,49,86,135,1,0,180,10,180,10,170,170,NaN,NaN,NaN,1785525709.34267,17531.37773344,2.25188112258911,0.0146048069000244,0.25687313079834,0.823535203933716,1.17298364639282,1.50696396827698,1.54864358901978,1.54864358901978,-1,-1,1.81762599945068,242.268323898315,333.980321884155,41.6796207427979,375.659942626953,Instruction,Right,Left,Right,Right,Right,1,0,0,0,0,NaN,NaN,NaN,NaN,NaN,NaN,NaN,NaN,1,1,1,1,1,0,1062,NaN,20260731_t1356_srsSmooth_Moretraining_B017,12,NaN,84.3600285291672,1.28212809562683,NaN,NaN,NaN,0,NaN,NaN,NaN,NaN,0
20260731_t1356_srsSmooth_Moretraining,srs_smooth_Moretraining,trial1635.mat,1635,1635,1062,17,13,12,64,24,40,8,1,0,4,1,36,16242,1,2,1,2,1,1,2,2,2,2,SINGLE_T2_CORRECT,11,455,1,0,0,0,0,0,146,59,146,59,87,59,1,0,10,180,10,180,-170,170,NaN,NaN,NaN,1785525712.88204,17534.91704128,2.26264524459839,0.017047643661499,0.242419958114624,0.984251737594604,1.36710071563721,1.55927872657776,1.60094213485718,1.60094213485718,-1,-1,1.90281963348389,225.372314453125,192.178010940552,41.6634082794189,233.841419219971,Instruction,Right,Left,Left,Right,Left,1,0,0,0,0,NaN,NaN,NaN,NaN,NaN,NaN,NaN,NaN,1,1,0,1,0,0,1063,NaN,20260731_t1356_srsSmooth_Moretraining_B017,13,NaN,84.4190179308255,1.28748297691345,NaN,NaN,NaN,0,NaN,NaN,NaN,NaN,0
20260731_t1356_srsSmooth_Moretraining,srs_smooth_Moretraining,trial1637.mat,1637,1637,1063,17,15,13,64,24,40,8,1,0,2,1,13,6992,1,1,2,1,1,2,1,2,1,2,SINGLE_T1_CORRECT,10,455,1,0,0,0,0,0,155,31,155,31,124,155,1,0,180,10,180,10,170,170,NaN,NaN,NaN,1785525717.87802,17539.91295564,2.04208159446716,0.0129268169403076,0.0136644840240479,0.613605260848999,1.05463480949402,1.31367897987366,1.35538721084595,1.35538721084595,-1,-1,1.59032511711121,0.737667083740234,259.044170379639,41.70823097229,300.752401351929,Instruction,Left,Right,Left,Left,Left,1,0,0,0,0,NaN,NaN,NaN,NaN,NaN,NaN,NaN,NaN,0,0,0,1,1,0,1064,NaN,20260731_t1356_srsSmooth_Moretraining_B017,14,NaN,84.5022843440374,2.73333954811096,NaN,NaN,NaN,0,NaN,NaN,NaN,NaN,0
20260731_t1356_srsSmooth_Moretraining,srs_smooth_Moretraining,trial1638.mat,1638,1638,1064,17,16,14,64,24,40,8,1,0,2,1,14,29091,1,1,2,1,1,2,1,2,1,2,SINGLE_T1_CORRECT,10,455,1,0,0,0,0,0,150,59,150,59,91,150,1,180,0,190,180,10,170,170,NaN,NaN,NaN,1785525721.19505,17543.22982808,2.35881471633911,0.0126993656158447,0.263139963150024,0.979800224304199,1.41275429725647,1.64652681350708,1.68852519989014,1.68852519989014,-1,-1,1.90712928771973,250.44059753418,233.77251625061,41.9983863830566,275.770902633667,Instruction,Left,Right,Left,Left,Left,1,0,0,0,0,NaN,NaN,NaN,NaN,NaN,NaN,NaN,NaN,0,0,0,1,1,0,1065,NaN,20260731_t1356_srsSmooth_Moretraining_B017,15,NaN,84.5575681050618,1.27494406700134,NaN,NaN,NaN,0,NaN,NaN,NaN,NaN,0
20260731_t1356_srsSmooth_Moretraining,srs_smooth_Moretraining,trial1639.mat,1639,1639,1065,17,17,15,64,24,40,8,1,0,4,1,34,14298,1,2,1,2,1,1,2,2,2,2,SINGLE_T2_CORRECT,11,455,1,0,0,0,0,0,124,47,124,47,77,47,1,0,10,180,10,180,-170,170,NaN,NaN,NaN,1785525724.85123,17546.88594352,2.42726731300354,0.015000581741333,0.257212400436401,1.05729222297668,1.4900586605072,1.74058794975281,1.7740170955658,1.7740170955658,-1,-1,2.07596802711487,242.211818695068,250.529289245605,33.4291458129883,283.958435058594,Instruction,Right,Left,Left,Right,Left,1,0,0,0,0,NaN,NaN,NaN,NaN,NaN,NaN,NaN,NaN,1,1,0,1,0,0,1066,NaN,20260731_t1356_srsSmooth_Moretraining_B017,16,NaN,84.6185043811798,1.29736185073853,NaN,NaN,NaN,0,NaN,NaN,NaN,NaN,0
20260731_t1356_srsSmooth_Moretraining,srs_smooth_Moretraining,trial1641.mat,1641,1641,1066,17,19,16,64,24,40,8,1,0,3,1,29,5580,1,2,2,1,1,2,2,1,2,1,SINGLE_T2_CORRECT,11,455,1,0,0,0,0,0,103,47,103,47,56,47,1,180,190,0,10,180,-170,170,NaN,NaN,NaN,1785525730.02906,17552.06370372,2.15792608261108,0.0123648643493652,0.279760360717773,0.94627833366394,1.31241583824158,1.53813028335571,1.57127356529236,1.57127356529236,-1,-1,1.81452131271362,267.395496368408,225.714445114136,33.1432819366455,258.857727050781,Instruction,Left,Right,Right,Left,Right,1,0,0,0,0,NaN,NaN,NaN,NaN,NaN,NaN,NaN,NaN,0,0,1,1,0,0,1067,NaN,20260731_t1356_srsSmooth_Moretraining_B017,17,NaN,84.7048017104467,2.75057244300842,NaN,NaN,NaN,0,NaN,NaN,NaN,NaN,0
20260731_t1356_srsSmooth_Moretraining,srs_smooth_Moretraining,trial1642.mat,1642,1642,1067,17,20,17,64,24,40,8,1,0,2,1,15,30423,1,1,2,1,1,2,1,2,1,2,SINGLE_T1_CORRECT,10,455,1,0,0,0,0,0,153,51,153,51,102,153,1,180,0,190,180,10,170,170,NaN,NaN,NaN,1785525733.46986,17555.50441876,2.41772651672363,0.0133743286132812,0.222501993179321,0.980549812316895,1.39676141738892,1.63878512382507,1.6722469329834,1.6722469329834,-1,-1,1.96554088592529,209.12766456604,242.023706436157,33.4618091583252,275.485515594482,Instruction,Left,Right,Left,Left,Left,1,0,0,0,0,NaN,NaN,NaN,NaN,NaN,NaN,NaN,NaN,0,0,0,1,1,0,1068,NaN,20260731_t1356_srsSmooth_Moretraining_B017,18,NaN,84.7621482690175,1.28286743164062,NaN,NaN,NaN,0,NaN,NaN,NaN,NaN,0
20260731_t1356_srsSmooth_Moretraining,srs_smooth_Moretraining,trial1643.mat,1643,1643,1068,17,21,18,64,24,40,8,1,0,2,1,12,19045,1,1,2,1,1,2,1,2,1,2,SINGLE_T1_CORRECT,10,455,1,0,0,0,0,0,150,14,150,14,136,150,1,0,180,10,180,10,170,170,NaN,NaN,NaN,1785525737.16427,17559.1988264,2.43171238899231,0.0107793807983398,0.295007944107056,1.01140141487122,1.45250248908997,1.70339131355286,1.74507689476013,1.74507689476013,-1,-1,1.98040962219238,284.228563308716,250.888824462891,41.6855812072754,292.574405670166,Instruction,Left,Right,Left,Left,Left,1,0,0,0,0,NaN,NaN,NaN,NaN,NaN,NaN,NaN,NaN,0,0,0,1,1,0,1069,NaN,20260731_t1356_srsSmooth_Moretraining_B017,19,NaN,84.8237217187881,1.27668046951294,NaN,NaN,NaN,0,NaN,NaN,NaN,NaN,0
20260731_t1356_srsSmooth_Moretraining,srs_smooth_Moretraining,trial1644.mat,1644,1644,1069,17,22,19,64,24,40,8,1,0,3,1,30,22484,1,2,2,1,1,2,2,1,2,1,SINGLE_T2_CORRECT,11,455,1,0,0,0,0,0,121,14,121,14,107,14,1,0,10,180,10,180,-170,170,NaN,NaN,NaN,1785525740.89039,17562.92483672,2.26391744613647,0.0181353092193604,0.227114677429199,1.01041865348816,1.40985631942749,1.66863322257996,1.712247133255,1.712247133255,-1,-1,1.94535231590271,208.979368209839,258.776903152466,43.6139106750488,302.390813827515,Instruction,Left,Right,Right,Left,Right,1,0,0,0,0,NaN,NaN,NaN,NaN,NaN,NaN,NaN,NaN,0,0,1,1,0,0,1070,NaN,20260731_t1356_srsSmooth_Moretraining_B017,20,NaN,84.8858237862587,1.29441165924072,NaN,NaN,NaN,0,NaN,NaN,NaN,NaN,0
20260731_t1356_srsSmooth_Moretraining,srs_smooth_Moretraining,trial1645.mat,1645,1645,1070,17,23,20,64,24,40,8,1,0,3,1,26,14670,1,2,2,1,1,2,2,1,2,1,SINGLE_T2_CORRECT,11,455,1,0,0,0,0,0,129,35,129,35,94,35,1,0,10,180,10,180,-170,170,NaN,NaN,NaN,1785525744.42322,17566.45765852,2.38133335113525,0.0187728404998779,0.285958766937256,1.0693473815918,1.4604959487915,1.75285172462463,1.78593826293945,1.78593826293945,-1,-1,2.04637479782104,267.185926437378,292.35577583313,33.0865383148193,325.442314147949,Instruction,Left,Right,Right,Left,Right,1,0,0,0,0,NaN,NaN,NaN,NaN,NaN,NaN,NaN,NaN,0,0,1,1,0,0,1071,NaN,20260731_t1356_srsSmooth_Moretraining_B017,21,NaN,84.9447043617566,1.26891708374023,NaN,NaN,NaN,0,NaN,NaN,NaN,NaN,0
20260731_t1356_srsSmooth_Moretraining,srs_smooth_Moretraining,trial1646.mat,1646,1646,1071,17,24,21,64,24,40,8,1,0,4,1,35,9077,1,2,1,2,1,1,2,2,2,2,SINGLE_T2_CORRECT,11,455,1,0,0,0,0,0,146,52,146,52,94,52,1,180,190,0,10,180,-170,170,NaN,NaN,NaN,1785525748.07126,17570.1054596,2.26684427261353,0.0125453472137451,0.27148699760437,1.06320118904114,1.42926740646362,1.63827967643738,1.67172026634216,1.67172026634216,-1,-1,1.91590189933777,258.941650390625,209.012269973755,33.4405899047852,242.45285987854,Instruction,Right,Left,Left,Right,Left,1,0,0,0,0,NaN,NaN,NaN,NaN,NaN,NaN,NaN,NaN,1,1,0,1,0,0,1072,NaN,20260731_t1356_srsSmooth_Moretraining_B017,22,NaN,85.0055049697558,1.2667031288147,NaN,NaN,NaN,0,NaN,NaN,NaN,NaN,0
20260731_t1356_srsSmooth_Moretraining,srs_smooth_Moretraining,trial1647.mat,1647,1647,1072,17,25,22,64,24,40,8,1,0,1,1,1,13271,1,1,1,2,1,1,1,1,1,1,SINGLE_T1_CORRECT,10,455,1,0,0,0,0,0,151,55,151,55,96,151,1,0,180,10,180,10,170,170,NaN,NaN,NaN,1785525751.66129,17573.69549636,2.3762993812561,0.0143249034881592,0.239858865737915,0.973146200180054,1.33937668800354,1.65661764144897,1.68984770774841,1.68984770774841,-1,-1,1.92564058303833,225.533962249756,317.240953445435,33.2300662994385,350.471019744873,Instruction,Right,Left,Right,Right,Right,1,0,0,0,0,NaN,NaN,NaN,NaN,NaN,NaN,NaN,NaN,1,1,1,1,1,0,1073,NaN,20260731_t1356_srsSmooth_Moretraining_B017,23,NaN,85.0653387626012,1.32318329811096,NaN,NaN,NaN,0,NaN,NaN,NaN,NaN,0
20260731_t1356_srsSmooth_Moretraining,srs_smooth_Moretraining,trial1648.mat,1648,1648,1073,17,26,23,64,24,40,8,1,0,2,1,16,14245,1,1,2,1,1,2,1,2,1,2,SINGLE_T1_CORRECT,10,455,1,0,0,0,0,0,146,24,146,24,122,146,1,0,180,10,180,10,170,170,NaN,NaN,NaN,1785525755.33731,17577.37135944,2.23378825187683,0.013444185256958,0.238958597183228,0.872673749923706,1.23849105834961,1.45603966712952,1.49766492843628,1.49766492843628,-1,-1,1.79129123687744,225.51441192627,217.548608779907,41.6252613067627,259.17387008667,Instruction,Left,Right,Left,Left,Left,1,0,0,0,0,NaN,NaN,NaN,NaN,NaN,NaN,NaN,NaN,0,0,0,1,1,0,1074,NaN,20260731_t1356_srsSmooth_Moretraining_B017,24,NaN,85.126605840524,1.29972529411316,NaN,NaN,NaN,0,NaN,NaN,NaN,NaN,0
20260731_t1356_srsSmooth_Moretraining,srs_smooth_Moretraining,trial1650.mat,1650,1650,1074,17,28,24,64,24,40,8,1,0,1,1,6,6383,1,1,1,2,1,1,1,1,1,1,SINGLE_T1_CORRECT,10,455,1,0,0,0,0,0,133,42,133,42,91,133,1,0,180,10,180,10,170,170,NaN,NaN,NaN,1785525760.33421,17582.36819144,2.07917857170105,0.0167396068572998,0.0175426006317139,0.684134960174561,1.05011367797852,1.36747336387634,1.40077042579651,1.40077042579651,-1,-1,1.64446091651917,0.802993774414062,317.359685897827,33.297061920166,350.656747817993,Instruction,Right,Left,Right,Right,Right,1,0,0,0,0,NaN,NaN,NaN,NaN,NaN,NaN,NaN,NaN,1,1,1,1,1,0,1075,NaN,20260731_t1356_srsSmooth_Moretraining_B017,25,NaN,85.2098874807358,2.76311016082764,NaN,NaN,NaN,0,NaN,NaN,NaN,NaN,0
20260731_t1356_srsSmooth_Moretraining,srs_smooth_Moretraining,trial1651.mat,1651,1651,1075,17,29,25,64,24,40,8,1,0,3,1,27,28884,1,2,2,1,1,2,2,1,2,1,SINGLE_T2_CORRECT,11,455,1,0,0,0,0,0,158,39,158,39,119,39,1,180,190,0,10,180,-170,170,NaN,NaN,NaN,1785525763.70635,17585.74035524,2.13201642036438,0.0114030838012695,0.2202467918396,0.828968524932861,1.20311617851257,1.45380806922913,1.49567413330078,1.49567413330078,-1,-1,1.78914070129395,208.84370803833,250.691890716553,41.8660640716553,292.557954788208,Instruction,Left,Right,Right,Left,Right,1,0,0,0,0,NaN,NaN,NaN,NaN,NaN,NaN,NaN,NaN,0,0,1,1,0,0,1076,NaN,20260731_t1356_srsSmooth_Moretraining_B017,26,NaN,85.2660897215207,1.29295587539673,NaN,NaN,NaN,0,NaN,NaN,NaN,NaN,0
20260731_t1356_srsSmooth_Moretraining,srs_smooth_Moretraining,trial1652.mat,1652,1652,1076,17,30,26,64,24,40,8,1,0,1,1,2,6635,1,1,1,2,1,1,1,1,1,1,SINGLE_T1_CORRECT,10,455,1,0,0,0,0,0,161,24,161,24,137,161,1,0,180,10,180,10,170,170,NaN,NaN,NaN,1785525767.11733,17589.15114884,2.27949285507202,0.0172173976898193,0.218052625656128,0.793096303939819,1.15059447288513,1.48464107513428,1.52612805366516,1.52612805366516,-1,-1,1.81997418403625,200.835227966309,334.046602249146,41.4869785308838,375.533580780029,Instruction,Right,Left,Right,Right,Right,1,0,0,0,0,NaN,NaN,NaN,NaN,NaN,NaN,NaN,NaN,1,1,1,1,1,0,1077,NaN,20260731_t1356_srsSmooth_Moretraining_B017,27,NaN,85.3229394674301,1.278968334198,NaN,NaN,NaN,0,NaN,NaN,NaN,NaN,0
20260731_t1356_srsSmooth_Moretraining,srs_smooth_Moretraining,trial1653.mat,1653,1653,1077,17,31,27,64,24,40,8,1,0,2,1,18,19015,1,1,2,1,1,2,1,2,1,2,SINGLE_T1_CORRECT,10,455,1,0,0,0,0,0,142,19,142,19,123,142,1,0,180,10,180,10,170,170,NaN,NaN,NaN,1785525770.662,17592.69579932,2.26011753082275,0.0143499374389648,0.19015908241272,0.831546545028687,1.26439809799194,1.47323274612427,1.50642108917236,1.50642108917236,-1,-1,1.81689429283142,175.809144973755,208.834648132324,33.1883430480957,242.02299118042,Instruction,Left,Right,Left,Left,Left,1,0,0,0,0,NaN,NaN,NaN,NaN,NaN,NaN,NaN,NaN,0,0,0,1,1,0,1078,NaN,20260731_t1356_srsSmooth_Moretraining_B017,28,NaN,85.3820173223813,1.26517844200134,NaN,NaN,NaN,0,NaN,NaN,NaN,NaN,0
20260731_t1356_srsSmooth_Moretraining,srs_smooth_Moretraining,trial1654.mat,1654,1654,1078,17,32,28,64,24,40,8,1,0,4,1,33,26678,1,2,1,2,1,1,2,2,2,2,SINGLE_T2_CORRECT,11,455,1,0,0,0,0,0,127,39,127,39,88,39,1,180,190,0,10,180,-170,170,NaN,NaN,NaN,1785525774.21093,17596.24462612,2.06948399543762,0.015556812286377,0.30812668800354,0.816475868225098,1.20726990699768,1.40807914733887,1.44135236740112,1.44135236740112,-1,-1,1.72673892974854,292.569875717163,200.809240341187,33.2732200622559,234.082460403442,Instruction,Right,Left,Left,Right,Left,1,0,0,0,0,NaN,NaN,NaN,NaN,NaN,NaN,NaN,NaN,1,1,0,1,0,0,1079,NaN,20260731_t1356_srsSmooth_Moretraining_B017,29,NaN,85.4411661624908,1.28881287574768,NaN,NaN,NaN,0,NaN,NaN,NaN,NaN,0
20260731_t1356_srsSmooth_Moretraining,srs_smooth_Moretraining,trial1655.mat,1655,1655,1079,17,33,29,64,24,40,8,1,0,3,1,24,20047,1,2,2,1,1,2,2,1,2,1,SINGLE_T2_CORRECT,11,455,1,0,0,0,0,0,141,30,141,30,111,30,1,0,10,180,10,180,-170,170,NaN,NaN,NaN,1785525777.5794,17599.6131626,2.25174283981323,0.0138814449310303,0.297729253768921,0.997697114944458,1.39726853370667,1.64794731140137,1.68140697479248,1.68140697479248,-1,-1,1.91625690460205,283.847808837891,250.678777694702,33.4596633911133,284.138441085815,Instruction,Left,Right,Right,Left,Right,1,0,0,0,0,NaN,NaN,NaN,NaN,NaN,NaN,NaN,NaN,0,0,1,1,0,0,1080,NaN,20260731_t1356_srsSmooth_Moretraining_B017,30,NaN,85.4973073681196,1.29898834228516,NaN,NaN,NaN,0,NaN,NaN,NaN,NaN,0
20260731_t1356_srsSmooth_Moretraining,srs_smooth_Moretraining,trial1656.mat,1656,1656,1080,17,34,30,64,24,40,8,1,0,4,1,31,2102,1,2,1,2,1,1,2,2,2,2,SINGLE_T2_CORRECT,11,455,1,0,0,0,0,0,159,46,159,46,113,46,1,180,190,0,10,180,-170,170,NaN,NaN,NaN,1785525781.15047,17603.18417276,2.1636688709259,0.017953634262085,0.259943246841431,0.901805400848389,1.35133862495422,1.51848530769348,1.55182123184204,1.55182123184204,-1,-1,1.82058835029602,241.989612579346,167.146682739258,33.3359241485596,200.482606887817,Instruction,Right,Left,Left,Right,Left,1,0,0,0,0,NaN,NaN,NaN,NaN,NaN,NaN,NaN,NaN,1,1,0,1,0,0,1081,NaN,20260731_t1356_srsSmooth_Moretraining_B017,31,NaN,85.5568251490593,1.31932401657104,NaN,NaN,NaN,0,NaN,NaN,NaN,NaN,0
20260731_t1356_srsSmooth_Moretraining,srs_smooth_Moretraining,trial1657.mat,1657,1657,1081,17,35,31,64,24,40,8,1,0,3,1,28,31562,1,2,2,1,1,2,2,1,2,1,SINGLE_T2_CORRECT,11,455,1,0,0,0,0,0,154,56,154,56,98,56,1,0,10,180,10,180,-170,170,NaN,NaN,NaN,1785525784.58562,17606.6191716,2.32907247543335,0.0162720680236816,0.275289535522461,0.97526741027832,1.42465996742249,1.70026445388794,1.73338389396667,1.73338389396667,-1,-1,1.96913266181946,259.017467498779,275.604486465454,33.1194400787354,308.723926544189,Instruction,Left,Right,Right,Left,Right,1,0,0,0,0,NaN,NaN,NaN,NaN,NaN,NaN,NaN,NaN,0,0,1,1,0,0,1082,NaN,20260731_t1356_srsSmooth_Moretraining_B017,32,NaN,85.6140776077906,1.2714786529541,NaN,NaN,NaN,0,NaN,NaN,NaN,NaN,0
20260731_t1356_srsSmooth_Moretraining,srs_smooth_Moretraining,trial1658.mat,1658,1658,1082,17,36,32,64,24,40,8,1,0,2,1,17,17470,1,1,2,1,1,2,1,2,1,2,SINGLE_T1_CORRECT,10,455,1,0,0,0,0,0,153,39,153,39,114,153,1,180,0,190,180,10,170,170,NaN,NaN,NaN,1785525788.19763,17610.23100564,2.24158191680908,0.0377328395843506,0.288236856460571,0.813521385192871,1.27111387252808,1.49680805206299,1.53836631774902,1.53836631774902,-1,-1,1.79060077667236,250.504016876221,225.694179534912,41.5582656860352,267.252445220947,Instruction,Left,Right,Left,Left,Left,1,0,0,0,0,NaN,NaN,NaN,NaN,NaN,NaN,NaN,NaN,0,0,0,1,1,0,1083,NaN,20260731_t1356_srsSmooth_Moretraining_B017,33,NaN,85.6742778261503,1.28294062614441,NaN,NaN,NaN,0,NaN,NaN,NaN,NaN,0
20260731_t1356_srsSmooth_Moretraining,srs_smooth_Moretraining,trial1659.mat,1659,1659,1083,17,37,33,64,24,40,8,1,0,1,1,9,16438,1,1,1,2,1,1,1,1,1,1,SINGLE_T1_CORRECT,10,455,1,0,0,0,0,0,142,18,142,18,124,142,1,0,180,10,180,10,170,170,NaN,NaN,NaN,1785525791.78374,17613.81709916,2.33094310760498,0.0184316635131836,0.252337217330933,0.935615539550781,1.31848239898682,1.56065464019775,1.60248684883118,1.60248684883118,-1,-1,1.88752484321594,233.905553817749,242.172241210938,41.8322086334229,284.00444984436,Instruction,Right,Left,Right,Right,Right,1,0,0,0,0,NaN,NaN,NaN,NaN,NaN,NaN,NaN,NaN,1,1,1,1,1,0,1084,NaN,20260731_t1356_srsSmooth_Moretraining_B017,34,NaN,85.7340462485949,1.34452342987061,NaN,NaN,NaN,0,NaN,NaN,NaN,NaN,0
20260731_t1356_srsSmooth_Moretraining,srs_smooth_Moretraining,trial1660.mat,1660,1660,1084,17,38,34,64,24,40,8,1,0,4,1,39,7107,1,2,1,2,1,1,2,2,2,2,SINGLE_T2_CORRECT,11,455,1,0,0,0,0,0,146,59,146,59,87,59,1,180,190,0,10,180,-170,170,NaN,NaN,NaN,1785525795.41927,17617.45261412,2.1120445728302,0.0163776874542236,0.225182771682739,0.875133752822876,1.24142575263977,1.45015692710876,1.49176025390625,1.49176025390625,-1,-1,1.75199580192566,208.805084228516,208.731174468994,41.6033267974854,250.334501266479,Instruction,Right,Left,Left,Right,Left,1,0,0,0,0,NaN,NaN,NaN,NaN,NaN,NaN,NaN,NaN,1,1,0,1,0,0,1085,NaN,20260731_t1356_srsSmooth_Moretraining_B017,35,NaN,85.7946383794149,1.30458474159241,NaN,NaN,NaN,0,NaN,NaN,NaN,NaN,0
20260731_t1356_srsSmooth_Moretraining,srs_smooth_Moretraining,trial1661.mat,1661,1661,1085,17,39,35,64,24,40,8,1,0,2,1,20,14420,1,1,2,1,1,2,1,2,1,2,SINGLE_T1_CORRECT,10,455,1,0,0,0,0,0,139,36,139,36,103,139,1,180,0,190,180,10,170,170,NaN,NaN,NaN,1785525798.83235,17620.86570088,2.31554102897644,0.0117580890655518,0.254050493240356,1.01235032081604,1.35347604751587,1.58732843399048,1.6207594871521,1.6207594871521,-1,-1,1.87275075912476,242.292404174805,233.852386474609,33.4310531616211,267.28343963623,Instruction,Left,Right,Left,Left,Left,1,0,0,0,0,NaN,NaN,NaN,NaN,NaN,NaN,NaN,NaN,0,0,0,1,1,0,1086,NaN,20260731_t1356_srsSmooth_Moretraining_B017,36,NaN,85.8515231410662,1.30104112625122,NaN,NaN,NaN,0,NaN,NaN,NaN,NaN,0
20260731_t1356_srsSmooth_Moretraining,srs_smooth_Moretraining,trial1662.mat,1662,1662,1086,17,40,36,64,24,40,8,1,0,3,1,21,11169,1,2,2,1,1,2,2,1,2,1,SINGLE_T2_CORRECT,11,455,1,0,0,0,0,0,152,27,152,27,125,27,1,180,190,0,10,180,-170,170,NaN,NaN,NaN,1785525802.42616,17624.45932264,2.13886594772339,0.0180859565734863,0.276923894882202,0.943517208099365,1.29313516616821,1.56042170524597,1.59352111816406,1.59352111816406,-1,-1,1.81272339820862,258.837938308716,267.286539077759,33.0994129180908,300.38595199585,Instruction,Left,Right,Right,Left,Right,1,0,0,0,0,NaN,NaN,NaN,NaN,NaN,NaN,NaN,NaN,0,0,1,1,0,0,1087,NaN,20260731_t1356_srsSmooth_Moretraining_B017,37,NaN,85.9114199916522,1.27827000617981,NaN,NaN,NaN,0,NaN,NaN,NaN,NaN,0
20260731_t1356_srsSmooth_Moretraining,srs_smooth_Moretraining,trial1663.mat,1663,1663,1087,17,41,37,64,24,40,8,1,0,3,1,22,25288,1,2,2,1,1,2,2,1,2,1,SINGLE_T2_CORRECT,11,455,1,0,0,0,0,0,137,46,137,46,91,46,1,0,10,180,10,180,-170,170,NaN,NaN,NaN,1785525805.86013,17627.89330324,2.13004517555237,0.0175881385803223,0.260172605514526,0.768312931060791,1.19263410568237,1.51025295257568,1.54333424568176,1.54333424568176,-1,-1,1.78668689727783,242.584466934204,317.618846893311,33.0812931060791,350.70013999939,Instruction,Left,Right,Right,Left,Right,1,0,0,0,0,NaN,NaN,NaN,NaN,NaN,NaN,NaN,NaN,0,0,1,1,0,0,1088,NaN,20260731_t1356_srsSmooth_Moretraining_B017,38,NaN,85.9686527252197,1.29509806632996,NaN,NaN,NaN,0,NaN,NaN,NaN,NaN,0
20260731_t1356_srsSmooth_Moretraining,srs_smooth_Moretraining,trial1664.mat,1664,1664,1088,17,42,38,64,24,40,8,1,0,3,1,25,17153,1,2,2,1,1,2,2,1,0,0,,0,11,0,1,0,0,0,0,150,38,150,38,112,NaN,1,0,10,180,10,180,-170,170,NaN,NaN,NaN,1785525809.3223,17631.3552432,1.70919895172119,0.0138792991638184,0.264315366744995,1.00607419013977,1.35559701919556,1.62269902229309,-1,-1,-1,-1,-1,250.436067581177,267.102003097534,NaN,NaN,Instruction,Left,Right,None,Left,Right,1,0,0,0,0,NaN,NaN,NaN,NaN,NaN,NaN,NaN,NaN,0,0,1,1,0,0,1088,NaN,20260731_t1356_srsSmooth_Moretraining_B017,NaN,NaN,86.0263556718826,1.3321316242218,NaN,NaN,NaN,0,NaN,NaN,NaN,NaN,0
20260731_t1356_srsSmooth_Moretraining,srs_smooth_Moretraining,trial1665.mat,1665,1665,1088,17,43,38,64,24,40,8,1,0,3,1,25,17153,1,2,2,1,1,2,2,1,2,1,SINGLE_T2_CORRECT,11,455,1,0,0,0,0,0,145,38,145,38,107,38,1,180,190,0,10,180,-170,170,NaN,NaN,NaN,1785525812.2193,17634.25228624,2.30473399162292,0.0169961452484131,0.267394304275513,0.90929126739502,1.33371448516846,1.63443088531494,1.67630958557129,1.67630958557129,-1,-1,1.96956467628479,250.3981590271,300.716400146484,41.8787002563477,342.595100402832,Instruction,Left,Right,Right,Left,Right,1,0,0,0,0,NaN,NaN,NaN,NaN,NaN,NaN,NaN,NaN,0,0,1,1,0,0,1089,NaN,20260731_t1356_srsSmooth_Moretraining_B017,39,NaN,86.0746389190356,1.18779587745667,NaN,NaN,NaN,0,NaN,NaN,NaN,NaN,0
20260731_t1356_srsSmooth_Moretraining,srs_smooth_Moretraining,trial1666.mat,1666,1666,1089,17,44,39,64,24,40,8,1,0,1,1,10,5297,1,1,1,2,1,1,1,1,1,1,SINGLE_T1_CORRECT,10,455,1,0,0,0,0,0,118,38,118,38,80,118,1,180,0,190,180,10,170,170,NaN,NaN,NaN,1785525815.81173,17637.84465144,2.18701720237732,0.0163650512695312,0.225380659103394,0.758656978607178,1.13307523727417,1.43381595611572,1.47524070739746,1.47524070739746,-1,-1,1.76929616928101,209.015607833862,300.740718841553,41.4247512817383,342.165470123291,Instruction,Right,Left,Right,Right,Right,1,0,0,0,0,NaN,NaN,NaN,NaN,NaN,NaN,NaN,NaN,1,1,1,1,1,0,1090,NaN,20260731_t1356_srsSmooth_Moretraining_B017,40,NaN,86.1345128734906,1.28770327568054,NaN,NaN,NaN,0,NaN,NaN,NaN,NaN,0
20260731_t1356_srsSmooth_Moretraining,srs_smooth_Moretraining,trial1667.mat,1667,1667,1090,17,45,40,64,24,40,8,1,1,5,2,46,9119,2,0,1,2,1,1,1,1,1,1,CHOSE_HIGH_SAL,1,455,1,0,0,0,0,0,137,55,137,55,82,137,1,0,141.380709726801,48.6192902731988,141.380709726801,48.6192902731988,92.7614194536023,92.7614194536023,NaN,NaN,NaN,1785525819.2812,17641.31414504,2.22660565376282,0.0137052536010742,0.205864429473877,0.822460889816284,1.23875308036804,1.52245783805847,1.55590200424194,1.55590200424194,-1,-1,1.79133772850037,192.159175872803,283.70475769043,33.4441661834717,317.148923873901,Congruent,Right,Left,Right,Right,Right,0,1,1,0,1,1,1,1,1,0,0,0,0,1,1,1,1,1,1,1091,411,20260731_t1356_srsSmooth_Moretraining_B017,41,1,86.192337222894,1.28244376182556,2,2,144,0,1,1,0,0,1
20260731_t1356_srsSmooth_Moretraining,srs_smooth_Moretraining,trial1668.mat,1668,1668,1091,17,46,41,64,24,40,8,1,1,5,2,43,25314,2,0,1,2,1,1,1,1,1,1,CHOSE_HIGH_SAL,1,455,1,0,0,0,0,0,151,38,151,38,113,151,1,180,353.671203429019,196.328796570981,173.671203429019,16.3287965709813,157.342406858037,157.342406858037,NaN,NaN,NaN,1785525822.79326,17644.82601336,2.15596508979797,0.018439769744873,0.210624694824219,0.777214527130127,1.16848468780518,1.40225577354431,1.43558096885681,1.43558096885681,-1,-1,1.70435738563538,192.184925079346,233.771085739136,33.3251953125,267.096281051636,Congruent,Right,Left,Right,Right,Right,0,1,1,0,1,1,1,1,1,0,0,0,0,1,1,1,1,1,1,1092,412,20260731_t1356_srsSmooth_Moretraining_B017,42,2,86.2508716980616,1.28546285629272,1,1,137,1,0,0,1,1,1
20260731_t1356_srsSmooth_Moretraining,srs_smooth_Moretraining,trial1669.mat,1669,1669,1092,17,47,42,64,24,40,8,1,1,5,2,42,29060,2,0,1,2,1,1,1,1,1,1,CHOSE_HIGH_SAL,1,455,1,0,0,0,0,0,155,47,155,47,108,155,1,0,175.554895792274,14.4451042077258,175.554895792274,14.4451042077258,161.109791584548,161.109791584548,NaN,NaN,NaN,1785525826.24056,17648.27333392,2.18341684341431,0.0129492282867432,0.246769189834595,0.755056858062744,1.08799123764038,1.3884801864624,1.42181611061096,1.42181611061096,-1,-1,1.72368311882019,233.819961547852,300.488948822021,33.3359241485596,333.824872970581,Congruent,Right,Left,Right,Right,Right,0,1,1,0,1,1,1,1,1,0,0,0,0,1,1,1,1,1,1,1093,413,20260731_t1356_srsSmooth_Moretraining_B017,43,3,86.3083265542984,1.29132628440857,1,1,151,1,0,0,1,1,1
20260731_t1356_srsSmooth_Moretraining,srs_smooth_Moretraining,trial1670.mat,1670,1670,1093,17,48,43,64,24,40,8,1,2,8,2,59,20337,2,0,2,1,1,2,2,1,2,1,CHOSE_HIGH_SAL,1,455,1,0,0,0,0,0,116,45,116,45,71,45,1,0,14.7249345509381,175.275065449062,14.7249345509381,175.275065449062,-160.550130898124,160.550130898124,NaN,NaN,NaN,1785525829.73733,17651.7698838,2.25420236587524,0.0163125991821289,0.21710467338562,0.950216293334961,1.30802917480469,1.60030198097229,1.6335301399231,1.6335301399231,-1,-1,1.90490460395813,200.792074203491,292.272806167603,33.2281589508057,325.500965118408,Conflict,Left,Right,Right,Left,Right,0,1,0,1,1,1,0,0,1,0,1,1,0,0,0,1,1,0,1,1094,414,20260731_t1356_srsSmooth_Moretraining_B017,44,4,86.3666061004003,1.31335592269897,1,1,155,1,1,0,0,1,1
20260731_t1356_srsSmooth_Moretraining,srs_smooth_Moretraining,trial1672.mat,1672,1672,1094,17,50,43,64,24,40,8,1,2,8,2,59,20337,2,0,2,1,1,2,2,1,2,1,CHOSE_HIGH_SAL,1,455,1,0,0,0,0,0,116,23,116,23,93,23,1,0,14.7249345509381,175.275065449062,14.7249345509381,175.275065449062,-160.550130898124,160.550130898124,NaN,NaN,NaN,1785525834.7976,17656.83014564,2.23480367660522,0.0145692825317383,0.273638010025024,1.04005789756775,1.43129134178162,1.65688562393188,1.69008755683899,1.69008755683899,-1,-1,1.90869760513306,259.068727493286,225.594282150269,33.2019329071045,258.796215057373,Conflict,Left,Right,Right,Left,Right,0,1,0,1,1,1,0,0,1,0,1,1,0,0,0,1,1,0,1,1095,415,20260731_t1356_srsSmooth_Moretraining_B017,45,5,86.4509439865748,2.80607080459595,2,1,45,1,0,0,1,1,1
20260731_t1356_srsSmooth_Moretraining,srs_smooth_Moretraining,trial1673.mat,1673,1673,1095,17,51,43,64,24,40,8,1,2,8,2,59,20337,2,0,2,1,1,2,2,1,2,1,CHOSE_HIGH_SAL,1,455,1,0,0,0,0,0,116,23,116,23,93,23,1,0,14.7249345509381,175.275065449062,14.7249345509381,175.275065449062,-160.550130898124,160.550130898124,NaN,NaN,NaN,1785525838.32019,17660.35267484,2.18778014183044,0.0171210765838623,0.217472553253174,0.900988817214966,1.308837890625,1.51752066612244,1.55937504768372,1.55937504768372,-1,-1,1.8609733581543,200.351476669312,208.682775497437,41.8543815612793,250.537157058716,Conflict,Left,Right,Right,Left,Right,0,1,0,1,1,1,0,0,1,0,1,1,0,0,0,1,1,0,1,1096,416,20260731_t1356_srsSmooth_Moretraining_B017,46,6,86.5096537431081,1.28778171539307,2,1,23,1,0,0,1,1,1
20260731_t1356_srsSmooth_Moretraining,srs_smooth_Moretraining,trial1674.mat,1674,1674,1096,17,52,43,64,24,40,8,1,2,8,2,59,20337,2,0,2,1,1,2,2,1,1,2,CHOSE_LOW_SAL,2,455,1,0,0,0,0,0,116,23,116,23,93,116,1,0,14.7249345509381,175.275065449062,14.7249345509381,175.275065449062,-160.550130898124,160.550130898124,NaN,NaN,NaN,1785525841.83139,17663.86376076,2.2935631275177,0.0143837928771973,0.248174905776978,0.989866971969604,1.38110375404358,1.59853625297546,1.63159513473511,1.63159513473511,-1,-1,1.87563896179199,233.79111289978,217.432498931885,33.0588817596436,250.491380691528,Conflict,Left,Right,Left,Left,Right,0,1,0,1,1,0,1,1,0,1,0,0,1,0,0,1,1,0,1,1097,417,20260731_t1356_srsSmooth_Moretraining_B017,47,7,86.5681738615036,1.3234269618988,2,1,23,1,1,1,0,0,1
20260731_t1356_srsSmooth_Moretraining,srs_smooth_Moretraining,trial1677.mat,1677,1677,1097,17,55,44,64,24,40,8,1,2,8,2,60,3869,2,0,2,1,1,2,2,1,1,2,CHOSE_LOW_SAL,2,455,1,0,0,0,0,0,148,34,148,34,114,148,1,0,10.8966092221926,179.103390777807,10.8966092221926,179.103390777807,-168.206781555615,168.206781555615,NaN,NaN,NaN,1785525848.4234,17670.45568776,2.44388937950134,0.0143013000488281,0.248375415802002,1.04853534698486,1.47269153594971,1.65694355964661,1.69867944717407,1.69867944717407,-1,-1,1.99202823638916,234.074115753174,184.252023696899,41.7358875274658,225.987911224365,Conflict,Left,Right,Left,Left,Right,0,1,0,1,1,0,1,1,0,1,0,0,1,0,0,1,1,0,1,1098,418,20260731_t1356_srsSmooth_Moretraining_B017,48,8,86.6780406355858,4.29844331741333,1,2,116,1,0,0,1,1,1
20260731_t1356_srsSmooth_Moretraining,srs_smooth_Moretraining,trial1678.mat,1678,1678,1098,17,56,45,64,24,40,8,1,1,6,2,49,16978,2,0,2,1,1,2,1,2,1,2,CHOSE_HIGH_SAL,1,455,1,0,0,0,0,0,126,33,126,33,93,126,1,0,139.708702985879,50.2912970141213,139.708702985879,50.2912970141213,89.4174059717573,89.4174059717573,NaN,NaN,NaN,1785525852.15325,17674.18538148,2.23867392539978,0.0179321765899658,0.251847743988037,0.843713521957397,1.25131320953369,1.50209784507751,1.53538799285889,1.53538799285889,-1,-1,1.81273531913757,233.915567398071,250.784635543823,33.2901477813721,284.074783325195,Congruent,Left,Right,Left,Left,Left,0,1,1,0,1,0,1,1,1,1,0,0,0,0,0,0,1,1,1,1099,419,20260731_t1356_srsSmooth_Moretraining_B017,49,9,86.7402047713598,1.28595876693726,1,2,148,1,0,0,1,1,1
20260731_t1356_srsSmooth_Moretraining,srs_smooth_Moretraining,trial1679.mat,1679,1679,1099,17,57,46,64,24,40,8,1,2,7,2,54,28759,2,0,1,2,1,1,2,2,2,2,CHOSE_HIGH_SAL,1,455,1,0,0,0,0,0,137,10,137,10,127,10,1,0,80.4096520653488,109.590347934651,80.4096520653487,109.590347934651,-29.1806958693026,29.1806958693026,NaN,NaN,NaN,1785525855.754,17677.78602124,2.02993726730347,0.0173156261444092,0.301290273666382,0.851367950439453,1.22569680213928,1.41781306266785,1.45125222206116,1.45125222206116,-1,-1,1.72006797790527,283.974647521973,192.116260528564,33.4391593933105,225.555419921875,Conflict,Right,Left,Left,Right,Left,0,1,0,1,1,0,0,0,1,1,1,1,0,1,1,0,1,0,1,1100,420,20260731_t1356_srsSmooth_Moretraining_B017,50,10,86.8002173781395,1.36208248138428,1,2,126,1,1,0,0,1,1
20260731_t1356_srsSmooth_Moretraining,srs_smooth_Moretraining,trial1680.mat,1680,1680,1100,17,58,47,64,24,40,8,1,2,7,2,58,12660,2,0,1,2,1,1,2,2,2,2,CHOSE_HIGH_SAL,1,455,1,0,0,0,0,0,125,38,125,38,87,38,1,0,59.443837981373,130.556162018627,59.443837981373,130.556162018627,-71.112324037254,71.112324037254,NaN,NaN,NaN,1785525859.07307,17681.10521536,2.02707171440125,0.0150425434112549,0.24904203414917,0.815537929534912,1.23175644874573,1.39913177490234,1.43253111839294,1.43253111839294,-1,-1,1.69205093383789,233.999490737915,167.375326156616,33.3993434906006,200.774669647217,Conflict,Right,Left,Left,Right,Left,0,1,0,1,1,0,0,0,1,1,1,1,0,1,1,0,1,0,1,1101,421,20260731_t1356_srsSmooth_Moretraining_B017,51,11,86.8555352012316,1.2891321182251,2,2,10,1,0,0,1,1,1
20260731_t1356_srsSmooth_Moretraining,srs_smooth_Moretraining,trial1681.mat,1681,1681,1101,17,59,48,64,24,40,8,1,1,6,2,52,1941,2,0,2,1,1,2,1,2,0,0,,0,11,0,1,0,0,0,0,139,32,139,32,107,NaN,1,180,325.82942871241,224.17057128759,145.82942871241,44.1705712875899,101.65885742482,101.65885742482,NaN,NaN,NaN,1785525862.40549,17684.43741924,0.318932294845581,0.0160872936248779,0.258591413497925,-1,-1,-1,-1,-1,-1,-1,-1,242.504119873047,NaN,NaN,NaN,Congruent,Left,Right,None,Left,Left,0,1,1,0,0,NaN,NaN,NaN,NaN,NaN,NaN,NaN,NaN,0,0,0,1,1,0,1101,NaN,20260731_t1356_srsSmooth_Moretraining_B017,NaN,NaN,86.9110755205154,1.30534744262695,NaN,NaN,NaN,0,NaN,NaN,NaN,NaN,0
20260731_t1356_srsSmooth_Moretraining,srs_smooth_Moretraining,trial1683.mat,1683,1683,1101,17,61,48,64,24,40,8,1,1,6,2,51,14493,2,0,2,1,1,2,1,2,1,2,CHOSE_HIGH_SAL,1,455,1,0,0,0,0,0,143,32,143,32,111,143,1,180,329.750388390189,220.249611609811,149.750388390189,40.249611609811,109.500776780378,109.500776780378,NaN,NaN,NaN,1785525865.36683,17687.3986524,2.1586799621582,0.0131983757019043,0.230508804321289,0.813843011856079,1.2132453918457,1.43066167831421,1.47217607498169,1.47217607498169,-1,-1,1.71592903137207,217.310428619385,217.416286468506,41.5143966674805,258.930683135986,Congruent,Left,Right,Left,Left,Left,0,1,1,0,1,0,1,1,1,1,0,0,0,0,0,0,1,1,1,1102,422,20260731_t1356_srsSmooth_Moretraining_B017,52,12,86.960431154569,2.64240574836731,2,2,38,1,1,0,0,1,1
20260731_t1356_srsSmooth_Moretraining,srs_smooth_Moretraining,trial1684.mat,1684,1684,1102,17,62,49,64,24,40,8,1,2,8,2,63,19124,2,0,2,1,1,2,2,1,1,2,CHOSE_LOW_SAL,2,455,1,0,0,0,0,0,143,47,143,47,96,143,1,0,66.0755205122626,123.924479487737,66.0755205122626,123.924479487737,-57.8489589754747,57.8489589754747,NaN,NaN,NaN,1785525868.85744,17690.88925112,2.4527735710144,0.014394998550415,0.273327589035034,1.03163933753967,1.39778208732605,1.67353487014771,1.70669627189636,1.70669627189636,-1,-1,2.00924611091614,258.932590484619,275.752782821655,33.1614017486572,308.914184570312,Conflict,Left,Right,Left,Left,Right,0,1,0,1,1,0,1,1,0,1,0,0,1,0,0,1,1,0,1,1103,423,20260731_t1356_srsSmooth_Moretraining_B017,53,13,87.0186079263687,1.3319263458252,1,2,143,1,0,0,1,1,1
20260731_t1356_srsSmooth_Moretraining,srs_smooth_Moretraining,trial1685.mat,1685,1685,1103,17,63,50,64,24,40,8,1,2,7,2,57,3829,2,0,1,2,1,1,2,2,2,2,CHOSE_HIGH_SAL,1,455,1,0,0,0,0,0,148,30,148,30,118,30,1,180,198.871108380324,351.128891619676,18.8711083803245,171.128891619676,-152.257783239351,152.257783239351,NaN,NaN,NaN,1785525872.60476,17694.63656412,2.02977514266968,0.0172238349914551,0.27635383605957,0.976328611373901,1.36727595329285,1.40130138397217,1.44301390647888,1.44301390647888,-1,-1,1.69483208656311,259.130001068115,34.0254306793213,41.7125225067139,75.7379531860352,Conflict,Right,Left,Left,Right,Left,0,1,0,1,1,0,0,0,1,1,1,1,0,1,1,0,1,0,1,1104,424,20260731_t1356_srsSmooth_Moretraining_B017,54,14,87.0810632268588,1.29454445838928,1,2,143,1,1,0,0,1,1
20260731_t1356_srsSmooth_Moretraining,srs_smooth_Moretraining,trial1686.mat,1686,1686,1104,17,64,51,64,24,40,8,1,1,6,2,52,1941,2,0,2,1,1,2,1,2,1,2,CHOSE_HIGH_SAL,1,455,1,0,0,0,0,0,149,45,149,45,104,149,1,180,335.754197044649,214.245802955351,155.754197044649,34.2458029553511,121.508394089298,121.508394089298,NaN,NaN,NaN,1785525875.92348,17697.95528908,2.11972165107727,0.0152935981750488,0.19101881980896,0.749316692352295,1.16533875465393,1.32466220855713,1.36616444587708,1.36616444587708,-1,-1,1.66854953765869,175.725221633911,159.323453903198,41.5022373199463,200.825691223145,Congruent,Left,Right,Left,Left,Left,0,1,1,0,1,0,1,1,1,1,0,0,0,0,0,0,1,1,1,1105,425,20260731_t1356_srsSmooth_Moretraining_B017,55,15,87.1363753318787,1.28895115852356,2,2,30,1,1,0,0,1,1
20260731_t1356_srsSmooth_Moretraining,srs_smooth_Moretraining,trial1687.mat,1687,1687,1105,17,65,52,64,24,40,8,1,1,5,2,44,32306,2,0,1,2,1,1,1,1,2,2,CHOSE_LOW_SAL,2,455,1,0,0,0,0,0,138,48,138,48,90,48,1,0,164.775274200925,25.2247257990747,164.775274200925,25.2247257990747,139.550548401851,139.550548401851,NaN,NaN,NaN,1785525879.33647,17701.36808012,2.28994035720825,0.0107715129852295,0.30292010307312,1.00325727462769,1.45249438285828,1.61132311820984,1.64476370811462,1.64476370811462,-1,-1,1.93817567825317,292.148590087891,158.828735351562,33.4405899047852,192.269325256348,Congruent,Right,Left,Left,Right,Right,0,1,1,0,1,0,0,0,0,1,1,1,1,1,1,1,1,1,1,1106,426,20260731_t1356_srsSmooth_Moretraining_B017,56,16,87.1932584842046,1.29326748847961,1,2,149,1,1,0,0,1,1
20260731_t1356_srsSmooth_Moretraining,srs_smooth_Moretraining,trial1688.mat,1688,1688,1106,17,66,53,64,24,40,8,1,2,7,2,56,18719,2,0,1,2,1,1,2,2,2,2,CHOSE_HIGH_SAL,1,455,1,0,0,0,0,0,162,32,162,32,130,32,1,0,29.5294553949481,160.470544605052,29.5294553949481,160.470544605052,-130.941089210104,130.941089210104,NaN,NaN,NaN,1785525882.89928,17704.93087712,2.29396343231201,0.014772891998291,0.265167236328125,1.01516819000244,1.42316174507141,1.623619556427,1.66540861129761,1.66540861129761,-1,-1,1.95891094207764,250.394344329834,200.457811355591,41.7890548706055,242.246866226196,Conflict,Right,Left,Left,Right,Left,0,1,0,1,1,0,0,0,1,1,1,1,0,1,1,0,1,0,1,1107,427,20260731_t1356_srsSmooth_Moretraining_B017,57,17,87.2526385625203,1.27286434173584,2,2,48,1,0,0,1,1,1
20260731_t1356_srsSmooth_Moretraining,srs_smooth_Moretraining,trial1689.mat,1689,1689,1107,17,67,54,64,24,40,8,1,2,7,2,55,32221,2,0,1,2,1,1,2,2,1,1,CHOSE_LOW_SAL,2,455,1,0,0,0,0,0,153,1,153,1,152,153,1,180,195.960887130201,354.039112869799,15.9608871302012,174.039112869799,-158.078225739598,158.078225739598,NaN,NaN,NaN,1785525886.48329,17708.51475832,2.32677793502808,0.0142295360565186,0.281274795532227,0.989988565444946,1.35594844818115,1.60638046264648,1.64827418327332,1.64827418327332,-1,-1,1.87500834465027,267.045259475708,250.432014465332,41.8937206268311,292.325735092163,Conflict,Right,Left,Right,Right,Left,0,1,0,1,1,1,1,1,0,0,0,0,1,1,1,0,1,0,1,1108,428,20260731_t1356_srsSmooth_Moretraining_B017,58,18,87.3123721837997,1.2900538444519,2,2,32,1,1,1,0,0,1
20260731_t1356_srsSmooth_Moretraining,srs_smooth_Moretraining,trial1690.mat,1690,1690,1108,17,68,55,64,24,40,8,1,1,6,2,48,28023,2,0,2,1,1,2,1,2,2,1,CHOSE_LOW_SAL,2,455,1,0,0,0,0,0,142,61,142,61,81,61,1,180,311.524992016944,238.475007983056,131.524992016944,58.4750079830561,73.0499840338879,73.0499840338879,NaN,NaN,NaN,1785525890.07876,17712.11017344,2.12251758575439,0.0188999176025391,0.0198841094970703,0.777716159820557,1.15227794647217,1.42772650718689,1.46097350120544,1.46097350120544,-1,-1,1.76281499862671,0.98419189453125,275.448560714722,33.2469940185547,308.695554733276,Congruent,Left,Right,Right,Left,Left,0,1,1,0,1,1,0,0,0,0,1,1,1,0,0,0,1,1,1,1109,429,20260731_t1356_srsSmooth_Moretraining_B017,59,19,87.3722966949145,1.2686927318573,1,1,153,1,1,0,0,1,1
20260731_t1356_srsSmooth_Moretraining,srs_smooth_Moretraining,trial1691.mat,1691,1691,1109,17,69,56,64,24,40,8,1,2,8,2,62,16837,2,0,2,1,1,2,2,1,2,1,CHOSE_HIGH_SAL,1,455,1,0,0,0,0,0,122,42,122,42,80,42,1,180,218.651761440687,331.348238559313,38.6517614406865,151.348238559313,-112.696477118627,112.696477118627,NaN,NaN,NaN,1785525893.48024,17715.5116136,2.12212467193604,0.0175561904907227,0.218286991119385,0.943403482437134,1.33427429199219,1.51010227203369,1.551349401474,1.551349401474,-1,-1,1.77851700782776,200.730800628662,175.827980041504,41.2471294403076,217.075109481812,Conflict,Left,Right,Right,Left,Right,0,1,0,1,1,1,0,0,1,0,1,1,0,0,0,1,1,0,1,1110,430,20260731_t1356_srsSmooth_Moretraining_B017,60,20,87.4289879878362,1.27895998954773,2,1,61,1,0,0,1,1,1
20260731_t1356_srsSmooth_Moretraining,srs_smooth_Moretraining,trial1692.mat,1692,1692,1110,17,70,56,64,24,40,8,1,2,8,2,62,16837,2,0,2,1,1,2,2,1,0,0,,0,11,0,1,0,0,0,0,122,21,122,21,101,NaN,1,180,218.651761440687,331.348238559313,38.6517614406865,151.348238559313,-112.696477118627,112.696477118627,NaN,NaN,NaN,1785525896.87604,17718.9073332,0.708739995956421,0.0135517120361328,0.21397852897644,-1,-1,-1,-1,-1,-1,-1,-1,200.426816940308,NaN,NaN,NaN,Conflict,Left,Right,None,Left,Right,0,1,0,1,0,NaN,NaN,NaN,NaN,NaN,NaN,NaN,NaN,0,0,1,1,0,0,1110,NaN,20260731_t1356_srsSmooth_Moretraining_B017,NaN,NaN,87.4855847120285,1.27367877960205,NaN,NaN,NaN,0,NaN,NaN,NaN,NaN,0
20260731_t1356_srsSmooth_Moretraining,srs_smooth_Moretraining,trial1722.mat,1722,1722,1110,17,100,57,64,24,40,8,1,1,6,2,50,7846,2,0,2,1,1,2,1,2,0,0,,0,11,0,1,0,0,0,0,141,18,141,18,123,NaN,1,0,147.144905303836,42.8550946961635,147.144905303836,42.8550946961635,104.289810607673,104.289810607673,NaN,NaN,NaN,1785525941.86493,17763.89526912,0.496027708053589,0.0181064605712891,0.310277462005615,-1,-1,-1,-1,-1,-1,-1,-1,292.171001434326,NaN,NaN,NaN,Congruent,Left,Right,None,Left,Left,0,1,1,0,0,NaN,NaN,NaN,NaN,NaN,NaN,NaN,NaN,0,0,0,1,1,0,1110,NaN,20260731_t1356_srsSmooth_Moretraining_B017,NaN,NaN,88.2353993972143,44.2801411151886,NaN,NaN,NaN,0,NaN,NaN,NaN,NaN,0
20260731_t1356_srsSmooth_Moretraining,srs_smooth_Moretraining,trial1768.mat,1768,1768,1110,17,146,57,64,24,40,8,1,2,8,2,61,30662,2,0,2,1,1,2,2,1,1,2,CHOSE_LOW_SAL,2,455,1,0,0,0,0,0,165,46,165,46,119,165,1,180,262.07482950555,287.92517049445,82.0748295055504,107.92517049445,-25.8503409888992,25.8503409888992,NaN,NaN,NaN,1785526010.24116,17832.27018056,2.35735297203064,0.0195677280426025,0.303342342376709,1.08705568313599,1.44462370872498,1.62895107269287,1.67047810554504,1.67047810554504,-1,-1,1.88867664337158,283.774614334106,184.327363967896,41.5270328521729,225.854396820068,Conflict,Left,Right,Left,Left,Right,0,1,0,1,1,0,1,1,0,1,0,0,1,0,0,1,1,0,1,1111,431,20260731_t1356_srsSmooth_Moretraining_B017,61,21,89.3750033140182,67.8802073001862,2,1,42,1,1,1,0,0,1
20260731_t1356_srsSmooth_Moretraining,srs_smooth_Moretraining,trial1795.mat,1795,1795,1111,17,173,58,64,24,40,8,1,1,5,2,41,25322,2,0,1,2,1,1,1,1,0,0,,0,11,0,1,0,0,0,0,153,46,153,46,107,NaN,1,180,293.56261704408,256.43738295592,113.56261704408,76.4373829559196,37.1252340881608,37.1252340881608,NaN,NaN,NaN,1785526407.26417,18229.28524912,0.982128620147705,0.0120837688446045,0.229563236236572,0.762963056564331,-1,-1,-1,-1,-1,-1,-1,217.479467391968,NaN,NaN,NaN,Congruent,Right,Left,None,Right,Right,0,1,1,0,0,NaN,NaN,NaN,NaN,NaN,NaN,NaN,NaN,1,1,1,1,1,0,1111,NaN,20260731_t1356_srsSmooth_Moretraining_B017,NaN,NaN,95.992053381602,394.665651082993,NaN,NaN,NaN,0,NaN,NaN,NaN,NaN,0
20260731_t1356_srsSmooth_Moretraining,srs_smooth_Moretraining,trial1809.mat,1809,1809,1111,17,187,58,64,24,40,8,1,2,7,2,53,12534,2,0,1,2,1,1,2,2,2,2,CHOSE_HIGH_SAL,1,455,1,0,0,0,0,0,140,19,140,19,121,19,1,0,48.0417055220103,141.95829447799,48.0417055220103,141.95829447799,-93.9165889559793,93.9165889559793,NaN,NaN,NaN,1785526428.86107,18250.8816486,2.21155405044556,0.0160255432128906,0.283381462097168,0.866860866546631,1.26607441902161,1.54184985160828,1.58312702178955,1.58312702178955,-1,-1,1.89321947097778,267.355918884277,275.77543258667,41.2771701812744,317.052602767944,Conflict,Right,Left,Left,Right,Left,0,1,0,1,1,0,0,0,1,1,1,1,0,1,1,0,1,0,1,1112,432,20260731_t1356_srsSmooth_Moretraining_B017,62,22,96.3520017186801,20.614771604538,1,2,165,1,1,0,0,1,1
20260731_t1356_srsSmooth_Moretraining,srs_smooth_Moretraining,trial1829.mat,1829,1829,1112,17,207,59,64,24,40,8,1,1,6,2,47,9184,2,0,2,1,1,2,1,2,1,2,CHOSE_HIGH_SAL,1,455,1,0,0,0,0,0,121,11,121,11,110,121,1,0,96.4919478587802,93.5080521412198,96.4919478587802,93.5080521412198,2.98389571756047,2.98389571756047,NaN,NaN,NaN,1785526460.48608,18282.50613892,2.32966899871826,0.017247200012207,0.167622566223145,0.87607479095459,1.275630235672,1.59279298782349,1.63435101509094,1.63435101509094,-1,-1,1.91113114356995,150.375366210938,317.162752151489,41.5580272674561,358.720779418945,Congruent,Left,Right,Left,Left,Left,0,1,1,0,1,0,1,1,1,1,0,0,0,0,0,0,1,1,1,1113,433,20260731_t1356_srsSmooth_Moretraining_B017,63,23,96.879085290432,29.4134602546692,2,2,19,1,1,0,0,1,1
20260731_t1356_srsSmooth_Moretraining,srs_smooth_Moretraining,trial1830.mat,1830,1830,1113,17,208,60,64,24,40,8,1,1,5,2,45,28652,2,0,1,2,1,1,1,1,1,1,CHOSE_HIGH_SAL,1,455,1,0,0,0,0,0,141,41,141,41,100,141,1,0,147.79809151081,42.2019084891899,147.79809151081,42.2019084891899,105.59618302162,105.59618302162,NaN,NaN,NaN,1785526464.11136,18286.13137876,2.18827366828918,0.017103910446167,0.167454957962036,0.734157562255859,1.12548089027405,1.41779184341431,1.45085859298706,1.45085859298706,-1,-1,1.74496531486511,150.351047515869,292.310953140259,33.0667495727539,325.377702713013,Congruent,Right,Left,Right,Right,Right,0,1,1,0,1,1,1,1,1,0,0,0,0,1,1,1,1,1,1,1114,434,20260731_t1356_srsSmooth_Moretraining_B017,64,24,96.9395067095757,1.29561614990234,1,2,121,1,0,1,1,0,1
20260731_t1356_srsSmooth_Moretraining,srs_smooth_Moretraining,trial1831.mat,1831,1831,1114,17,209,61,64,24,40,8,1,1,6,2,50,7846,2,0,2,1,1,2,1,2,2,1,CHOSE_LOW_SAL,2,455,1,0,0,0,0,0,150,24,150,24,126,24,1,0,172.758326355644,17.2416736443557,172.758326355644,17.2416736443557,155.516652711289,155.516652711289,NaN,NaN,NaN,1785526467.60581,18289.62559544,2.33509421348572,0.0144615173339844,0.214909791946411,0.981858491897583,1.38951539993286,1.66500616073608,1.70670104026794,1.70670104026794,-1,-1,2.00876045227051,200.448274612427,275.490760803223,41.6948795318604,317.185640335083,Congruent,Left,Right,Right,Left,Left,0,1,1,0,1,1,0,0,0,0,1,1,1,0,0,0,1,1,1,1115,435,20260731_t1356_srsSmooth_Moretraining_B017,65,25,96.9977474848429,1.3061728477478,1,1,141,1,1,0,0,1,1
20260731_t1356_srsSmooth_Moretraining,srs_smooth_Moretraining,trial1890.mat,1890,1890,1115,17,268,62,64,24,40,8,1,2,8,2,64,29845,2,0,2,1,1,2,2,1,0,0,,0,11,0,1,0,0,0,0,169,25,169,25,144,NaN,1,0,29.0146926346568,160.985307365343,29.0146926346568,160.985307365343,-131.970614730686,131.970614730686,NaN,NaN,NaN,1785526559.4086,18381.42663188,0.184653520584106,0.0152828693389893,0.132581949234009,-1,-1,-1,-1,-1,-1,-1,-1,117.29907989502,NaN,NaN,NaN,Conflict,Left,Right,None,Left,Right,0,1,0,1,0,NaN,NaN,NaN,NaN,NaN,NaN,NaN,NaN,0,0,1,1,0,0,1115,NaN,20260731_t1356_srsSmooth_Moretraining_B017,NaN,NaN,98.5277940273285,89.4676983356476,NaN,NaN,NaN,0,NaN,NaN,NaN,NaN,0
