SessionID,ExperimentType,FileName,FileTrialIndex,Attempt,GoodTrialIndexBefore,Block,BlockAttempt,BlockGoodBefore,ExpectedTrialsInBlock,ExpectedChoiceTrialsInBlock,ExpectedInstructionTrialsInBlock,TotalBlocksTarget,BlockRichTarget,TrialType,ConditionID,SchedulePhase,CurrentScheduleRow,TrialSeed,NStim,SingleTargetID,T1Side,T2Side,RichTarget,RichSide,HighSalienceTarget,HighSalienceSide,ChosenTarget,ChosenSide,Outcome,OutcomeCode,TrialEndState,GoodTrial,TrialRepeatFlag,MissedFrames,PassEye,PassJoy,MouseEyeSim,RewardT1Ms,RewardT2Ms,ActualRichRewardMs,ActualPoorRewardMs,RewardDifferenceT1MinusT2Ms,ChosenRewardMs,SalienceType,BackgroundHueDeg,HueT1Deg,HueT2Deg,HueContrastT1Deg,HueContrastT2Deg,HueContrastDifferenceT1MinusT2Deg,HueContrastMagnitudeDeg,MeasuredLuminanceT1CdM2,MeasuredLuminanceT2CdM2,MeasuredLuminanceDifferenceT1MinusT2CdM2,TrialStartPTB,TrialStartDP,TrialDurationSec,FixOnSec,FixAcquiredSec,FixHoldReqMetSec,FixOffSec,SaccadeOnsetSec,SaccadeOffsetSec,TargetAcquiredSec,JoyPressSec,JoyReleaseSec,RewardTimeSec,FixAcquisitionLatencyMs,ReactionTimeMs,SaccadeDurationMs,TargetAcquisitionLatencyMs,TrialTypeLabel,T1SideLabel,T2SideLabel,ChosenSideLabel,RichSideLabel,HighSalienceSideLabel,IsInstruction,IsChoice,IsCongruent,IsConflict,GoodChoice,ChoseRight,ChoseT1,ChoseRich,ChoseHighSalience,ChoseLeft,ChoseT2,ChosePoor,ChoseLowSalience,T1OnRight,RichOnRight,HighSalienceOnRight,T1IsRich,T1IsHighSalience,ChoiceMappingValid,GoodTrialOrdinal,ChoiceOrdinal,BlockUID,GoodTrialInBlock,ChoiceInBlock,SessionElapsedMin,PreTrialIntervalSec,PreviousChosenTarget,PreviousChosenSide,PreviousRewardMs,PreviousChoiceSameBlock,SwitchedTarget,SwitchedSide,StayedTarget,StayedSide,RealEyeChoice
20260729_t1609_srsSmooth_training,srs_smooth_training,trial0001.mat,1,1,0,1,1,0,100,80,20,8,1,0,2,1,9,28945,1,1,2,1,1,2,1,2,0,0,,0,11,0,1,1,0,0,0,178,89,178,89,89,NaN,1,180,0,190,180,10,170,170,NaN,NaN,NaN,1785355799.12925,21403.56115152,0.463778257369995,0.0260999202728271,0.301519393920898,-1,-1,-1,-1,-1,-1,-1,-1,275.419473648071,NaN,NaN,NaN,Instruction,Left,Right,None,Left,Left,1,0,0,0,0,NaN,NaN,NaN,NaN,NaN,NaN,NaN,NaN,0,0,0,1,1,0,0,NaN,20260729_t1609_srsSmooth_training_B001,NaN,NaN,0,NaN,NaN,NaN,NaN,0,NaN,NaN,NaN,NaN,0
20260729_t1609_srsSmooth_training,srs_smooth_training,trial0002.mat,2,2,0,1,2,0,100,80,20,8,1,0,2,1,6,10544,1,1,2,1,1,2,1,2,1,2,SINGLE_T1_CORRECT,10,455,1,0,0,0,0,0,153,94,153,94,59,153,1,180,0,190,180,10,170,170,NaN,NaN,NaN,1785355816.37313,21420.80472476,2.15280079841614,0.0162312984466553,0.175095796585083,0.883758783340454,1.21627855300903,1.41704487800598,1.45869922637939,1.45869922637939,-1,-1,1.70270085334778,158.864498138428,200.766324996948,41.6543483734131,242.420673370361,Instruction,Left,Right,Left,Left,Left,1,0,0,0,0,NaN,NaN,NaN,NaN,NaN,NaN,NaN,NaN,0,0,0,1,1,0,1,NaN,20260729_t1609_srsSmooth_training_B001,1,NaN,0.28739800453186,16.7801020145416,NaN,NaN,NaN,0,NaN,NaN,NaN,NaN,0
20260729_t1609_srsSmooth_training,srs_smooth_training,trial0003.mat,3,3,1,1,3,1,100,80,20,8,1,0,3,1,12,1509,1,2,2,1,1,2,2,1,2,1,SINGLE_T2_CORRECT,11,455,1,0,0,0,0,0,154,112,154,112,42,112,1,180,190,0,10,180,-170,170,NaN,NaN,NaN,1785355819.83566,21424.2672606,2.64076256752014,0.0121750831604004,0.196484804153442,0.979317903518677,1.31222629547119,1.57102942466736,1.60438799858093,1.60438799858093,-1,-1,1.90586853027344,184.309720993042,258.803129196167,33.3585739135742,292.161703109741,Instruction,Left,Right,Right,Left,Right,1,0,0,0,0,NaN,NaN,NaN,NaN,NaN,NaN,NaN,NaN,0,0,1,1,0,0,2,NaN,20260729_t1609_srsSmooth_training_B001,2,NaN,0.345106760660807,1.30972456932068,NaN,NaN,NaN,0,NaN,NaN,NaN,NaN,0
20260729_t1609_srsSmooth_training,srs_smooth_training,trial0004.mat,4,4,2,1,4,2,100,80,20,8,1,0,2,1,9,28945,1,1,2,1,1,2,1,2,1,2,SINGLE_T1_CORRECT,10,455,1,0,0,0,0,0,165,91,165,91,74,165,1,0,180,10,180,10,170,170,NaN,NaN,NaN,1785355823.73357,21428.16503292,2.10926198959351,0.0144145488739014,0.223226070404053,0.74829626083374,1.08112335205078,1.34834432601929,1.38989090919495,1.38989090919495,-1,-1,1.64189577102661,208.811521530151,267.220973968506,41.5465831756592,308.767557144165,Instruction,Left,Right,Left,Left,Left,1,0,0,0,0,NaN,NaN,NaN,NaN,NaN,NaN,NaN,NaN,0,0,0,1,1,0,3,NaN,20260729_t1609_srsSmooth_training_B001,3,NaN,0.410072004795074,1.25715208053589,NaN,NaN,NaN,0,NaN,NaN,NaN,NaN,0
20260729_t1609_srsSmooth_training,srs_smooth_training,trial0005.mat,5,5,3,1,5,3,100,80,20,8,1,0,3,1,11,25924,1,2,2,1,1,2,2,1,0,0,,0,11,0,1,0,0,0,0,161,123,161,123,38,NaN,1,0,10,180,10,180,-170,170,NaN,NaN,NaN,1785355827.12368,21431.55506472,0.317940235137939,0.0161013603210449,0.258453845977783,-1,-1,-1,-1,-1,-1,-1,-1,242.352485656738,NaN,NaN,NaN,Instruction,Left,Right,None,Left,Right,1,0,0,0,0,NaN,NaN,NaN,NaN,NaN,NaN,NaN,NaN,0,0,1,1,0,0,3,NaN,20260729_t1609_srsSmooth_training_B001,NaN,NaN,0.466573890050252,1.28085112571716,NaN,NaN,NaN,0,NaN,NaN,NaN,NaN,0
20260729_t1609_srsSmooth_training,srs_smooth_training,trial0006.mat,6,6,3,1,6,3,100,80,20,8,1,0,3,1,13,28735,1,2,2,1,1,2,2,1,2,1,SINGLE_T2_CORRECT,11,455,1,0,0,0,0,0,184,98,184,98,86,98,1,0,10,180,10,180,-170,170,NaN,NaN,NaN,1785355828.60796,21433.03937256,2.26824641227722,0.0152194499969482,0.224197626113892,0.982513904571533,1.31527042388916,1.57400965690613,1.60750675201416,1.60750675201416,-1,-1,1.86791706085205,208.978176116943,258.739233016968,33.4970951080322,292.236328125,Instruction,Left,Right,Right,Left,Right,1,0,0,0,0,NaN,NaN,NaN,NaN,NaN,NaN,NaN,NaN,0,0,1,1,0,0,4,NaN,20260729_t1609_srsSmooth_training_B001,4,NaN,0.49131178855896,1.16633367538452,NaN,NaN,NaN,0,NaN,NaN,NaN,NaN,0
20260729_t1609_srsSmooth_training,srs_smooth_training,trial0007.mat,7,7,4,1,7,4,100,80,20,8,1,0,2,1,8,14084,1,1,2,1,1,2,1,2,1,2,SINGLE_T1_CORRECT,10,455,1,0,0,0,0,0,168,129,168,129,39,168,1,0,180,10,180,10,170,170,NaN,NaN,NaN,1785355832.08747,21436.51878224,2.25573110580444,0.0108470916748047,0.219758987426758,0.886528968811035,1.21922850608826,1.528160572052,1.56984210014343,1.56984210014343,-1,-1,1.78853487968445,208.911895751953,308.932065963745,41.6815280914307,350.613594055176,Instruction,Left,Right,Left,Left,Left,1,0,0,0,0,NaN,NaN,NaN,NaN,NaN,NaN,NaN,NaN,0,0,0,1,1,0,5,NaN,20260729_t1609_srsSmooth_training_B001,5,NaN,0.549303607145945,1.21126270294189,NaN,NaN,NaN,0,NaN,NaN,NaN,NaN,0
20260729_t1609_srsSmooth_training,srs_smooth_training,trial0008.mat,8,8,5,1,8,5,100,80,20,8,1,0,1,1,5,13098,1,1,1,2,1,1,1,1,0,0,,0,11,0,1,0,0,0,0,135,94,135,94,41,NaN,1,180,0,190,180,10,170,170,NaN,NaN,NaN,1785355835.60349,21440.0347202,0.338430881500244,0.0116307735443115,0.287136793136597,-1,-1,-1,-1,-1,-1,-1,-1,275.506019592285,NaN,NaN,NaN,Instruction,Right,Left,None,Right,Right,1,0,0,0,0,NaN,NaN,NaN,NaN,NaN,NaN,NaN,NaN,1,1,1,1,1,0,5,NaN,20260729_t1609_srsSmooth_training_B001,NaN,NaN,0.607903969287872,1.26029062271118,NaN,NaN,NaN,0,NaN,NaN,NaN,NaN,0
20260729_t1609_srsSmooth_training,srs_smooth_training,trial0009.mat,9,9,5,1,9,5,100,80,20,8,1,0,4,1,20,17336,1,2,1,2,1,1,2,2,2,2,SINGLE_T2_CORRECT,11,455,1,0,0,0,0,0,182,93,182,93,89,93,1,0,10,180,10,180,-170,170,NaN,NaN,NaN,1785355837.11324,21441.54440928,2.23854565620422,0.0186061859130859,0.244089603424072,1.00240063667297,1.33532404899597,1.56080031394958,1.59416389465332,1.59416389465332,-1,-1,1.84625864028931,225.483417510986,225.476264953613,33.3635807037354,258.839845657349,Instruction,Right,Left,Left,Right,Left,1,0,0,0,0,NaN,NaN,NaN,NaN,NaN,NaN,NaN,NaN,1,1,0,1,0,0,6,NaN,20260729_t1609_srsSmooth_training_B001,6,NaN,0.633066495259603,1.17132067680359,NaN,NaN,NaN,0,NaN,NaN,NaN,NaN,0
20260729_t1609_srsSmooth_training,srs_smooth_training,trial0010.mat,10,10,6,1,10,6,100,80,20,8,1,0,2,1,7,6534,1,1,2,1,1,2,1,2,1,2,SINGLE_T1_CORRECT,10,455,1,0,0,0,0,0,162,118,162,118,44,162,1,180,0,190,180,10,170,170,NaN,NaN,NaN,1785355840.60216,21445.03331084,2.10802960395813,0.013155460357666,0.238567113876343,0.77198314666748,1.10486435890198,1.38071513175964,1.42239093780518,1.42239093780518,-1,-1,1.64923095703125,225.411653518677,275.850772857666,41.6758060455322,317.526578903198,Instruction,Left,Right,Left,Left,Left,1,0,0,0,0,NaN,NaN,NaN,NaN,NaN,NaN,NaN,NaN,0,0,0,1,1,0,7,NaN,20260729_t1609_srsSmooth_training_B001,7,NaN,0.691215189297994,1.25037598609924,NaN,NaN,NaN,0,NaN,NaN,NaN,NaN,0
20260729_t1609_srsSmooth_training,srs_smooth_training,trial0011.mat,11,11,7,1,11,7,100,80,20,8,1,0,4,1,19,30848,1,2,1,2,1,1,2,2,2,2,SINGLE_T2_CORRECT,11,455,1,0,0,0,0,0,174,99,174,99,75,99,1,180,190,0,10,180,-170,170,NaN,NaN,NaN,1785355843.9165,21448.34758212,2.17765307426453,0.0156154632568359,0.241079330444336,0.832809209823608,1.16566133499146,1.48313450813293,1.5244824886322,1.5244824886322,-1,-1,1.77614402770996,225.4638671875,317.473173141479,41.3479804992676,358.821153640747,Instruction,Right,Left,Left,Right,Left,1,0,0,0,0,NaN,NaN,NaN,NaN,NaN,NaN,NaN,NaN,1,1,0,1,0,0,8,NaN,20260729_t1609_srsSmooth_training_B001,8,NaN,0.746454139550527,1.20630741119385,NaN,NaN,NaN,0,NaN,NaN,NaN,NaN,0
20260729_t1609_srsSmooth_training,srs_smooth_training,trial0012.mat,12,12,8,1,12,8,100,80,20,8,1,0,1,1,1,18451,1,1,1,2,1,1,1,1,1,1,SINGLE_T1_CORRECT,10,455,1,0,0,0,0,0,168,113,168,113,55,168,1,0,180,10,180,10,170,170,NaN,NaN,NaN,1785355847.31748,21451.7484878,2.09300827980042,0.0147697925567627,0.215205669403076,0.765153169631958,1.0981457233429,1.3151798248291,1.34885740280151,1.34885740280151,-1,-1,1.6252818107605,200.435876846313,217.034101486206,33.6775779724121,250.711679458618,Instruction,Right,Left,Right,Right,Right,1,0,0,0,0,NaN,NaN,NaN,NaN,NaN,NaN,NaN,NaN,1,1,1,1,1,0,9,NaN,20260729_t1609_srsSmooth_training_B001,9,NaN,0.803137135505676,1.22332668304443,NaN,NaN,NaN,0,NaN,NaN,NaN,NaN,0
20260729_t1609_srsSmooth_training,srs_smooth_training,trial0013.mat,13,13,9,1,13,9,100,80,20,8,1,0,3,1,14,6678,1,2,2,1,1,2,2,1,2,1,SINGLE_T2_CORRECT,11,455,1,0,0,0,0,0,177,103,177,103,74,103,1,0,10,180,10,180,-170,170,NaN,NaN,NaN,1785355850.62818,21455.059025,2.21654272079468,0.0125288963317871,0.238146543502808,0.963176727294922,1.29591298103333,1.53015613555908,1.56338262557983,1.56338262557983,-1,-1,1.81553149223328,225.617647171021,234.243154525757,33.226490020752,267.469644546509,Instruction,Left,Right,Right,Left,Right,1,0,0,0,0,NaN,NaN,NaN,NaN,NaN,NaN,NaN,NaN,0,0,1,1,0,0,10,NaN,20260729_t1609_srsSmooth_training_B001,10,NaN,0.858315547307332,1.21769642829895,NaN,NaN,NaN,0,NaN,NaN,NaN,NaN,0
20260729_t1609_srsSmooth_training,srs_smooth_training,trial0014.mat,14,14,10,1,14,10,100,80,20,8,1,0,2,1,10,19624,1,1,2,1,1,2,1,2,1,2,SINGLE_T1_CORRECT,10,455,1,0,0,0,0,0,177,98,177,98,79,177,1,180,0,190,180,10,170,170,NaN,NaN,NaN,1785355854.06103,21458.49182276,2.27497363090515,0.0131504535675049,0.213974237442017,0.955395221710205,1.28820037841797,1.51366543769836,1.54725408554077,1.54725408554077,-1,-1,1.79900979995728,200.823783874512,225.465059280396,33.5886478424072,259.053707122803,Instruction,Left,Right,Left,Left,Left,1,0,0,0,0,NaN,NaN,NaN,NaN,NaN,NaN,NaN,NaN,0,0,0,1,1,0,11,NaN,20260729_t1609_srsSmooth_training_B001,11,NaN,0.915529672304789,1.21630477905273,NaN,NaN,NaN,0,NaN,NaN,NaN,NaN,0
20260729_t1609_srsSmooth_training,srs_smooth_training,trial0015.mat,15,15,11,1,15,11,100,80,20,8,1,0,4,1,17,25369,1,2,1,2,1,1,2,2,2,2,SINGLE_T2_CORRECT,11,455,1,0,0,0,0,0,183,112,183,112,71,112,1,180,190,0,10,180,-170,170,NaN,NaN,NaN,1785355857.54374,21461.97441748,2.03418111801147,0.0139093399047852,0.23972749710083,0.764718770980835,1.0972855091095,1.35593962669373,1.39792418479919,1.39792418479919,-1,-1,1.62446713447571,225.818157196045,258.654117584229,41.9845581054688,300.638675689697,Instruction,Right,Left,Left,Right,Left,1,0,0,0,0,NaN,NaN,NaN,NaN,NaN,NaN,NaN,NaN,1,1,0,1,0,0,12,NaN,20260729_t1609_srsSmooth_training_B001,12,NaN,0.973574872811635,1.20773839950562,NaN,NaN,NaN,0,NaN,NaN,NaN,NaN,0
20260729_t1609_srsSmooth_training,srs_smooth_training,trial0016.mat,16,16,12,1,16,12,100,80,20,8,1,0,1,1,4,11416,1,1,1,2,1,1,1,1,1,1,SINGLE_T1_CORRECT,10,455,1,0,0,0,0,0,145,107,145,107,38,145,1,180,0,190,180,10,170,170,NaN,NaN,NaN,1785355860.78382,21465.21454196,2.28593015670776,0.0156292915344238,0.199833631515503,0.999879360198975,1.33234834671021,1.55810856819153,1.59164023399353,1.59164023399353,-1,-1,1.84414601325989,184.204339981079,225.760221481323,33.531665802002,259.291887283325,Instruction,Right,Left,Right,Right,Right,1,0,0,0,0,NaN,NaN,NaN,NaN,NaN,NaN,NaN,NaN,1,1,1,1,1,0,13,NaN,20260729_t1609_srsSmooth_training_B001,13,NaN,1.02757610877355,1.20589303970337,NaN,NaN,NaN,0,NaN,NaN,NaN,NaN,0
20260729_t1609_srsSmooth_training,srs_smooth_training,trial0017.mat,17,17,13,1,17,13,100,80,20,8,1,0,1,1,2,27901,1,1,1,2,1,1,1,1,1,1,SINGLE_T1_CORRECT,10,455,1,0,0,0,0,0,172,120,172,120,52,172,1,180,0,190,180,10,170,170,NaN,NaN,NaN,1785355864.27938,21468.7100172,2.21565580368042,0.0118727684020996,0.229211330413818,0.887325048446655,1.22025394439697,1.46247029304504,1.50407433509827,1.50407433509827,-1,-1,1.73932576179504,217.338562011719,242.216348648071,41.6040420532227,283.820390701294,Instruction,Right,Left,Right,Right,Right,1,0,0,0,0,NaN,NaN,NaN,NaN,NaN,NaN,NaN,NaN,1,1,1,1,1,0,14,NaN,20260729_t1609_srsSmooth_training_B001,14,NaN,1.08583544890086,1.20963025093079,NaN,NaN,NaN,0,NaN,NaN,NaN,NaN,0
20260729_t1609_srsSmooth_training,srs_smooth_training,trial0018.mat,18,18,14,1,18,14,100,80,20,8,1,0,4,1,18,27747,1,2,1,2,1,1,2,2,2,2,SINGLE_T2_CORRECT,11,455,1,0,0,0,0,0,153,85,153,85,68,85,1,0,10,180,10,180,-170,170,NaN,NaN,NaN,1785355867.75205,21472.18244488,2.23433017730713,0.0143413543701172,0.231562376022339,0.948372602462769,1.28105735778809,1.50673937797546,1.54011368751526,1.54011368751526,-1,-1,1.85100245475769,217.221021652222,225.682020187378,33.3743095397949,259.056329727173,Instruction,Right,Left,Left,Right,Left,1,0,0,0,0,NaN,NaN,NaN,NaN,NaN,NaN,NaN,NaN,1,1,0,1,0,0,15,NaN,20260729_t1609_srsSmooth_training_B001,15,NaN,1.14371325572332,1.25701260566711,NaN,NaN,NaN,0,NaN,NaN,NaN,NaN,0
20260729_t1609_srsSmooth_training,srs_smooth_training,trial0019.mat,19,19,15,1,19,15,100,80,20,8,1,0,4,1,16,28754,1,2,1,2,1,1,2,2,2,2,SINGLE_T2_CORRECT,11,455,1,0,0,0,0,0,185,109,185,109,76,109,1,180,190,0,10,180,-170,170,NaN,NaN,NaN,1785355871.24036,21475.67075352,2.06363749504089,0.0178308486938477,0.218455076217651,0.768422842025757,1.10120677947998,1.40205407142639,1.4353563785553,1.4353563785553,-1,-1,1.65385413169861,200.624227523804,300.847291946411,33.3023071289062,334.149599075317,Instruction,Right,Left,Left,Right,Left,1,0,0,0,0,NaN,NaN,NaN,NaN,NaN,NaN,NaN,NaN,1,1,0,1,0,0,16,NaN,20260729_t1609_srsSmooth_training_B001,16,NaN,1.2018518169721,1.25398349761963,NaN,NaN,NaN,0,NaN,NaN,NaN,NaN,0
20260729_t1609_srsSmooth_training,srs_smooth_training,trial0020.mat,20,20,16,1,20,16,100,80,20,8,1,0,1,1,5,13098,1,1,1,2,1,1,1,1,1,1,SINGLE_T1_CORRECT,10,455,1,0,0,0,0,0,164,105,164,105,59,164,1,0,180,10,180,10,170,170,NaN,NaN,NaN,1785355874.52065,21478.951022,2.19972634315491,0.0126705169677734,0.230134248733521,0.880145072937012,1.21271753311157,1.44685745239258,1.48020601272583,1.48020601272583,-1,-1,1.73177123069763,217.463731765747,234.139919281006,33.348560333252,267.488479614258,Instruction,Right,Left,Right,Right,Right,1,0,0,0,0,NaN,NaN,NaN,NaN,NaN,NaN,NaN,NaN,1,1,1,1,1,0,17,NaN,20260729_t1609_srsSmooth_training_B001,17,NaN,1.2565232872963,1.21665072441101,NaN,NaN,NaN,0,NaN,NaN,NaN,NaN,0
20260729_t1609_srsSmooth_training,srs_smooth_training,trial0021.mat,21,21,17,1,21,17,100,80,20,8,1,0,3,1,11,25924,1,2,2,1,1,2,2,1,2,1,SINGLE_T2_CORRECT,11,455,1,0,0,0,0,0,162,136,162,136,26,136,1,0,10,180,10,180,-170,170,NaN,NaN,NaN,1785355877.93737,21482.3677258,2.27476191520691,0.0127487182617188,0.18818211555481,0.929931163787842,1.2627968788147,1.51316332817078,1.54647588729858,1.54647588729858,-1,-1,1.84020042419434,175.433397293091,250.366449356079,33.3125591278076,283.679008483887,Instruction,Left,Right,Right,Left,Right,1,0,0,0,0,NaN,NaN,NaN,NaN,NaN,NaN,NaN,NaN,0,0,1,1,0,0,18,NaN,20260729_t1609_srsSmooth_training_B001,18,NaN,1.31346866687139,1.21699643135071,NaN,NaN,NaN,0,NaN,NaN,NaN,NaN,0
20260729_t1609_srsSmooth_training,srs_smooth_training,trial0022.mat,22,22,18,1,22,18,100,80,20,8,1,0,3,1,15,710,1,2,2,1,1,2,2,1,2,1,SINGLE_T2_CORRECT,11,455,1,0,0,0,0,0,157,109,157,109,48,109,1,180,190,0,10,180,-170,170,NaN,NaN,NaN,1785355881.42464,21485.85492288,2.1204149723053,0.0172841548919678,0.251043558120728,0.859574317932129,1.1923291683197,1.45107054710388,1.48455739021301,1.48455739021301,-1,-1,1.7116117477417,233.75940322876,258.74137878418,33.4868431091309,292.228221893311,Instruction,Left,Right,Right,Left,Right,1,0,0,0,0,NaN,NaN,NaN,NaN,NaN,NaN,NaN,NaN,0,0,1,1,0,0,19,NaN,20260729_t1609_srsSmooth_training_B001,19,NaN,1.37158979574839,1.21250581741333,NaN,NaN,NaN,0,NaN,NaN,NaN,NaN,0
20260729_t1609_srsSmooth_training,srs_smooth_training,trial0023.mat,23,23,19,1,23,19,100,80,20,8,1,0,1,1,3,14376,1,1,1,2,1,1,1,1,1,1,SINGLE_T1_CORRECT,10,455,1,0,0,0,0,0,166,120,166,120,46,166,1,0,180,10,180,10,170,170,NaN,NaN,NaN,1785355884.76456,21489.19470936,2.25643038749695,0.010826587677002,0.22799277305603,0.936296939849854,1.2692084312439,1.48626089096069,1.51980304718018,1.51980304718018,-1,-1,1.78924894332886,217.166185379028,217.052459716797,33.5421562194824,250.594615936279,Instruction,Right,Left,Right,Right,Right,1,0,0,0,0,NaN,NaN,NaN,NaN,NaN,NaN,NaN,NaN,1,1,1,1,1,0,20,NaN,20260729_t1609_srsSmooth_training_B001,20,NaN,1.42725513776143,1.21950554847717,NaN,NaN,NaN,0,NaN,NaN,NaN,NaN,0
20260729_t1609_srsSmooth_training,srs_smooth_training,trial0024.mat,24,24,20,1,24,20,100,80,20,8,1,2,8,2,95,28059,2,0,2,1,1,2,2,1,2,1,CHOSE_HIGH_SAL,1,455,1,0,7,0,0,0,150,110,150,110,40,110,1,180,271.296468120276,278.703531879724,91.2964681202757,98.7035318797243,-7.40706375944865,7.40706375944865,NaN,NaN,NaN,1785355888.22552,21492.655604,2.02790117263794,0.0166642665863037,0.242034912109375,0.783966541290283,1.11670732498169,1.34227824211121,1.37551522254944,1.37551522254944,-1,-1,1.61909794807434,225.370645523071,225.570917129517,33.2369804382324,258.807897567749,Conflict,Left,Right,Right,Left,Right,0,1,0,1,1,1,0,0,1,0,1,1,0,0,0,1,1,0,1,21,1,20260729_t1609_srsSmooth_training_B001,21,1,1.48493785858154,1.20453286170959,NaN,NaN,NaN,0,NaN,NaN,NaN,NaN,1
20260729_t1609_srsSmooth_training,srs_smooth_training,trial0025.mat,25,25,21,1,25,20,100,80,20,8,1,2,8,2,95,28059,2,0,2,1,1,2,2,1,2,1,CHOSE_HIGH_SAL,1,455,1,0,0,0,0,0,187,113,187,113,74,113,1,180,269.054542530829,280.945457469171,89.0545425308288,100.945457469171,-11.8909149383423,11.8909149383423,NaN,NaN,NaN,1785355891.47885,21495.90884016,2.16636109352112,0.0134611129760742,0.238936424255371,1.03069138526917,1.36351299285889,1.4556291103363,1.48888874053955,1.48888874053955,-1,-1,1.75758957862854,225.475311279297,92.116117477417,33.2596302032471,125.375747680664,Conflict,Left,Right,Right,Left,Right,0,1,0,1,1,1,0,0,1,0,1,1,0,0,0,1,1,0,1,22,2,20260729_t1609_srsSmooth_training_B001,22,2,1.53916001319885,1.22542810440063,2,1,110,1,0,0,1,1,1
20260729_t1609_srsSmooth_training,srs_smooth_training,trial0026.mat,26,26,22,1,26,20,100,80,20,8,1,2,8,2,95,28059,2,0,2,1,1,2,2,1,0,0,,0,11,0,1,0,0,0,0,154,78,154,78,76,NaN,1,0,28.2797113781529,161.720288621847,28.2797113781529,161.720288621847,-133.440577243694,133.440577243694,NaN,NaN,NaN,1785355894.89751,21499.3275118,1.05569577217102,0.0116055011749268,0.220646619796753,0.787253141403198,-1,-1,-1,-1,-1,-1,-1,209.041118621826,NaN,NaN,NaN,Conflict,Left,Right,None,Left,Right,0,1,0,1,0,NaN,NaN,NaN,NaN,NaN,NaN,NaN,NaN,0,0,1,1,0,0,22,NaN,20260729_t1609_srsSmooth_training_B001,NaN,NaN,1.59613758722941,1.25229334831238,NaN,NaN,NaN,0,NaN,NaN,NaN,NaN,0
20260729_t1609_srsSmooth_training,srs_smooth_training,trial0027.mat,27,27,22,1,27,20,100,80,20,8,1,2,8,2,95,28059,2,0,2,1,1,2,2,1,2,1,CHOSE_HIGH_SAL,1,455,1,0,0,0,0,0,191,105,191,105,86,105,1,0,57.822655518332,132.177344481668,57.822655518332,132.177344481668,-74.354688963336,74.354688963336,NaN,NaN,NaN,1785355897.09964,21501.52961092,2.07106614112854,0.0178902149200439,0.235050439834595,0.768403768539429,1.10126519203186,1.34333324432373,1.38493990898132,1.38493990898132,-1,-1,1.66209101676941,217.160224914551,242.06805229187,41.6066646575928,283.674716949463,Conflict,Left,Right,Right,Left,Right,0,1,0,1,1,1,0,0,1,0,1,1,0,0,0,1,1,0,1,23,3,20260729_t1609_srsSmooth_training_B001,23,3,1.63283982674281,1.14643859863281,2,1,113,1,0,0,1,1,1
20260729_t1609_srsSmooth_training,srs_smooth_training,trial0028.mat,28,28,23,1,28,20,100,80,20,8,1,2,8,2,95,28059,2,0,2,1,1,2,2,1,2,1,CHOSE_HIGH_SAL,1,455,1,0,0,0,0,0,169,104,169,104,65,104,1,180,203.545136120668,346.454863879332,23.5451361206677,166.454863879332,-142.909727758665,142.909727758665,NaN,NaN,NaN,1785355900.38745,21504.81732056,2.15863418579102,0.0135397911071777,0.255702018737793,0.947312355041504,1.28025579452515,1.49745845794678,1.53070044517517,1.53070044517517,-1,-1,1.75792765617371,242.162227630615,217.202663421631,33.2419872283936,250.444650650024,Conflict,Left,Right,Right,Left,Right,0,1,0,1,1,1,0,0,1,0,1,1,0,0,0,1,1,0,1,24,4,20260729_t1609_srsSmooth_training_B001,24,4,1.68763666550318,1.21674418449402,2,1,105,1,0,0,1,1,1
20260729_t1609_srsSmooth_training,srs_smooth_training,trial0029.mat,29,29,24,1,29,20,100,80,20,8,1,2,8,2,95,28059,2,0,2,1,1,2,2,1,2,1,CHOSE_HIGH_SAL,1,455,1,0,0,0,0,0,197,97,197,97,100,97,1,180,247.3388751425,302.6611248575,67.3388751424999,122.6611248575,-55.3222497150003,55.3222497150003,NaN,NaN,NaN,1785355903.79072,21508.22056088,2.07213926315308,0.0187387466430664,0.244262933731079,0.844122648239136,1.17711663246155,1.40259623527527,1.44436764717102,1.44436764717102,-1,-1,1.67209529876709,225.524187088013,225.479602813721,41.771411895752,267.251014709473,Conflict,Left,Right,Right,Left,Right,0,1,0,1,1,1,0,0,1,0,1,1,0,0,0,1,1,0,1,25,5,20260729_t1609_srsSmooth_training_B001,25,5,1.74435778458913,1.24463295936584,2,1,104,1,0,0,1,1,1
20260729_t1609_srsSmooth_training,srs_smooth_training,trial0030.mat,30,30,25,1,30,20,100,80,20,8,1,2,8,2,95,28059,2,0,2,1,1,2,2,1,2,1,CHOSE_HIGH_SAL,1,455,1,0,0,0,0,0,159,106,159,106,53,106,1,0,88.8131183768529,101.186881623147,88.8131183768529,101.186881623147,-12.3737632462942,12.3737632462942,NaN,NaN,NaN,1785355907.06072,21511.49048232,2.0019199848175,0.0155251026153564,0.22440242767334,0.999352931976318,1.33224296569824,1.34090924263,1.37442564964294,1.37442564964294,-1,-1,1.59303760528564,208.877325057983,8.6662769317627,33.5164070129395,42.1826839447021,Conflict,Left,Right,Right,Left,Right,0,1,0,1,1,1,0,0,1,0,1,1,0,0,0,1,1,0,1,26,6,20260729_t1609_srsSmooth_training_B001,26,6,1.79885787963867,1.19786643981934,2,1,97,1,0,0,1,1,1
20260729_t1609_srsSmooth_training,srs_smooth_training,trial0031.mat,31,31,26,1,31,20,100,80,20,8,1,2,8,2,95,28059,2,0,2,1,1,2,2,1,2,1,CHOSE_HIGH_SAL,1,455,1,0,8,0,0,0,155,106,155,106,49,106,1,0,67.8449693667082,122.155030633292,67.8449693667082,122.155030633292,-54.3100612665837,54.3100612665837,NaN,NaN,NaN,1785355910.25381,21514.68345156,2.18468403816223,0.0142242908477783,0.206425189971924,0.873056888580322,1.20593738555908,1.46888852119446,1.51482200622559,1.51482200622559,-1,-1,1.77565050125122,192.200899124146,262.951135635376,45.9334850311279,308.884620666504,Conflict,Left,Right,Right,Left,Right,0,1,0,1,1,1,0,0,1,0,1,1,0,0,0,1,1,0,1,27,7,20260729_t1609_srsSmooth_training_B001,27,7,1.85207605759303,1.19117069244385,2,1,106,1,0,0,1,1,1
20260729_t1609_srsSmooth_training,srs_smooth_training,trial0032.mat,32,32,27,1,32,20,100,80,20,8,1,2,8,2,95,28059,2,0,2,1,1,2,2,1,2,1,CHOSE_HIGH_SAL,1,455,1,0,0,0,0,0,183,107,183,107,76,107,1,180,215.441350728971,334.558649271029,35.441350728971,154.558649271029,-119.117298542058,119.117298542058,NaN,NaN,NaN,1785355913.63714,21518.06679384,2.12592387199402,0.01436448097229,0.256577253341675,0.79825496673584,1.13107442855835,1.37328219413757,1.40655016899109,1.40655016899109,-1,-1,1.71749567985535,242.212772369385,242.207765579224,33.2679748535156,275.475740432739,Conflict,Left,Right,Right,Left,Right,0,1,0,1,1,1,0,0,1,0,1,1,0,0,0,1,1,0,1,28,8,20260729_t1609_srsSmooth_training_B001,28,8,1.90846478939056,1.19863986968994,2,1,106,1,0,0,1,1,1
20260729_t1609_srsSmooth_training,srs_smooth_training,trial0033.mat,33,33,28,1,33,20,100,80,20,8,1,2,8,2,95,28059,2,0,2,1,1,2,2,1,2,1,CHOSE_HIGH_SAL,1,455,1,0,0,0,0,0,163,109,163,109,54,109,1,180,219.711360992034,330.288639007966,39.7113609920343,150.288639007966,-110.577278015931,110.577278015931,NaN,NaN,NaN,1785355916.9623,21521.3918758,2.11788558959961,0.0143284797668457,0.256441593170166,0.814789533615112,1.14770531654358,1.40646362304688,1.43978428840637,1.43978428840637,-1,-1,1.70910143852234,242.11311340332,258.758306503296,33.3206653594971,292.078971862793,Conflict,Left,Right,Right,Left,Right,0,1,0,1,1,1,0,0,1,0,1,1,0,0,0,1,1,0,1,29,9,20260729_t1609_srsSmooth_training_B001,29,9,1.9638842066129,1.19924116134644,2,1,107,1,0,0,1,1,1
20260729_t1609_srsSmooth_training,srs_smooth_training,trial0034.mat,34,34,29,1,34,20,100,80,20,8,1,2,8,2,95,28059,2,0,2,1,1,2,2,1,2,1,CHOSE_HIGH_SAL,1,455,1,0,1,0,0,0,160,112,160,112,48,112,1,0,56.2886790164312,133.711320983569,56.2886790164312,133.711320983569,-77.4226419671377,77.4226419671377,NaN,NaN,NaN,1785355920.29966,21524.72917432,2.10582947731018,0.0187690258026123,0.227602481842041,0.761078834533691,1.09381008148193,1.4027943611145,1.43595910072327,1.43595910072327,-1,-1,1.69609999656677,208.833456039429,308.984279632568,33.1647396087646,342.149019241333,Conflict,Left,Right,Right,Left,Right,0,1,0,1,1,1,0,0,1,0,1,1,0,0,0,1,1,0,1,30,10,20260729_t1609_srsSmooth_training_B001,30,10,2.01950679620107,1.21946978569031,2,1,109,1,0,0,1,1,1
20260729_t1609_srsSmooth_training,srs_smooth_training,trial0035.mat,35,35,30,1,35,20,100,80,20,8,1,2,8,2,95,28059,2,0,2,1,1,2,2,1,2,1,CHOSE_HIGH_SAL,1,455,1,0,0,0,0,0,174,111,174,111,63,111,1,180,207.225485245781,342.774514754219,27.2254852457809,162.774514754219,-135.549029508438,135.549029508438,NaN,NaN,NaN,1785355923.61266,21528.0421534,2.05178689956665,0.0142290592193604,0.198029041290283,0.739809513092041,1.07260322570801,1.32318735122681,1.35657739639282,1.35657739639282,-1,-1,1.64199447631836,183.799982070923,250.584125518799,33.3900451660156,283.974170684814,Conflict,Left,Right,Right,Left,Right,0,1,0,1,1,1,0,0,1,0,1,1,0,0,0,1,1,0,1,31,11,20260729_t1609_srsSmooth_training_B001,31,11,2.07472347815831,1.20717144012451,2,1,112,1,0,0,1,1,1
20260729_t1609_srsSmooth_training,srs_smooth_training,trial0036.mat,36,36,31,1,36,20,100,80,20,8,1,2,8,2,95,28059,2,0,2,1,1,2,2,1,2,1,CHOSE_HIGH_SAL,1,455,1,0,0,0,0,0,182,112,182,112,70,112,1,180,229.380481934885,320.619518065115,49.3804819348855,140.619518065115,-91.239036130229,91.239036130229,NaN,NaN,NaN,1785355926.86304,21531.29225644,2.30972075462341,0.0139777660369873,0.289769887924194,0.964383125305176,1.29736042022705,1.58980417251587,1.63122868537903,1.63122868537903,-1,-1,1.89987540245056,275.792121887207,292.443752288818,41.4245128631592,333.868265151978,Conflict,Left,Right,Right,Left,Right,0,1,0,1,1,1,0,0,1,0,1,1,0,0,0,1,1,0,1,32,12,20260729_t1609_srsSmooth_training_B001,32,12,2.12889643907547,1.19859075546265,2,1,111,1,0,0,1,1,1
20260729_t1609_srsSmooth_training,srs_smooth_training,trial0037.mat,37,37,32,1,37,20,100,80,20,8,1,2,8,2,95,28059,2,0,2,1,1,2,2,1,2,1,CHOSE_HIGH_SAL,1,455,1,0,0,0,0,0,173,95,173,95,78,95,1,180,207.38165524438,342.61834475562,27.3816552443797,162.61834475562,-135.236689511241,135.236689511241,NaN,NaN,NaN,1785355930.37518,21534.8044242,1.99714136123657,0.0186357498168945,0.194344758987427,0.786115169525146,1.11867880821228,1.33621144294739,1.37780117988586,1.37780117988586,-1,-1,1.60484552383423,175.709009170532,217.532634735107,41.5897369384766,259.122371673584,Conflict,Left,Right,Right,Left,Right,0,1,0,1,1,1,0,0,1,0,1,1,0,0,0,1,1,0,1,33,13,20260729_t1609_srsSmooth_training_B001,33,13,2.1874321659406,1.20242285728455,2,1,112,1,0,0,1,1,1
20260729_t1609_srsSmooth_training,srs_smooth_training,trial0038.mat,38,38,33,1,38,20,100,80,20,8,1,2,8,2,95,28059,2,0,2,1,1,2,2,1,2,1,CHOSE_HIGH_SAL,1,455,1,0,0,0,0,0,130,127,130,127,3,127,1,0,45.3151304848358,144.684869515164,45.3151304848358,144.684869515164,-99.3697390303283,99.3697390303283,NaN,NaN,NaN,1785355933.58789,21538.01716184,2.08466148376465,0.0143837928771973,0.264816522598267,0.806788921356201,1.13942670822144,1.39856147766113,1.43187880516052,1.43187880516052,-1,-1,1.65876460075378,250.432729721069,259.134769439697,33.3173274993896,292.452096939087,Conflict,Left,Right,Right,Left,Right,0,1,0,1,1,1,0,0,1,0,1,1,0,0,0,1,1,0,1,34,14,20260729_t1609_srsSmooth_training_B001,34,14,2.2409773349762,1.21556878089905,2,1,95,1,0,0,1,1,1
20260729_t1609_srsSmooth_training,srs_smooth_training,trial0039.mat,39,39,34,1,39,20,100,80,20,8,1,2,8,2,95,28059,2,0,2,1,1,2,2,1,2,1,CHOSE_HIGH_SAL,1,455,1,0,0,0,0,0,197,120,197,120,77,120,1,0,20.5925647146267,169.407435285373,20.5925647146267,169.407435285373,-148.814870570747,148.814870570747,NaN,NaN,NaN,1785355936.87508,21541.3042874,2.2061562538147,0.0106589794158936,0.186139106750488,0.861507177352905,1.1940381526947,1.43636202812195,1.4778892993927,1.4778892993927,-1,-1,1.78809428215027,175.480127334595,242.323875427246,41.527271270752,283.851146697998,Conflict,Left,Right,Right,Left,Right,0,1,0,1,1,1,0,0,1,0,1,1,0,0,0,1,1,0,1,35,15,20260729_t1609_srsSmooth_training_B001,35,15,2.29576374292374,1.20252299308777,2,1,127,1,0,0,1,1,1
20260729_t1609_srsSmooth_training,srs_smooth_training,trial0040.mat,40,40,35,1,40,21,100,80,20,8,1,2,8,2,96,30222,2,0,2,1,1,2,2,1,2,1,CHOSE_HIGH_SAL,1,455,1,0,0,0,0,0,180,100,180,100,80,100,1,0,16.9212505469459,173.078749453054,16.9212505469459,173.078749453054,-156.157498906108,156.157498906108,NaN,NaN,NaN,1785355940.28124,21544.7102906,2.16578960418701,0.0129556655883789,0.188404083251953,0.871747970581055,1.20466876029968,1.45514607429504,1.49682354927063,1.49682354927063,-1,-1,1.76502060890198,175.448417663574,250.477313995361,41.6774749755859,292.154788970947,Conflict,Left,Right,Right,Left,Right,0,1,0,1,1,1,0,0,1,0,1,1,0,0,0,1,1,0,1,36,16,20260729_t1609_srsSmooth_training_B001,36,16,2.35253321727117,1.20001220703125,2,1,120,1,0,0,1,1,1
20260729_t1609_srsSmooth_training,srs_smooth_training,trial0041.mat,41,41,36,1,41,21,100,80,20,8,1,2,8,2,96,30222,2,0,2,1,1,2,2,1,2,1,CHOSE_HIGH_SAL,1,455,1,0,0,0,0,0,148,132,148,132,16,132,1,0,33.1000385662308,156.899961433769,33.1000385662308,156.899961433769,-123.799922867538,123.799922867538,NaN,NaN,NaN,1785355943.65453,21548.08365364,2.34282827377319,0.0148055553436279,0.290203094482422,0.973652362823486,1.30652260780334,1.56518054008484,1.59867382049561,1.59867382049561,-1,-1,1.90857601165771,275.397539138794,258.657932281494,33.4932804107666,292.151212692261,Conflict,Left,Right,Right,Left,Right,0,1,0,1,1,1,0,0,1,0,1,1,0,0,0,1,1,0,1,37,17,20260729_t1609_srsSmooth_training_B001,37,17,2.40875457127889,1.20749163627625,2,1,100,1,0,0,1,1,1
20260729_t1609_srsSmooth_training,srs_smooth_training,trial0042.mat,42,42,37,1,42,21,100,80,20,8,1,2,8,2,96,30222,2,0,2,1,1,2,2,1,2,1,CHOSE_HIGH_SAL,1,455,1,0,0,0,0,0,165,84,165,84,81,84,1,180,208.391273382654,341.608726617346,28.3912733826535,161.608726617346,-133.217453234693,133.217453234693,NaN,NaN,NaN,1785355947.26208,21551.69113716,1.99378609657288,0.0157246589660645,0.199445724487305,0.757826805114746,1.0907666683197,1.34119510650635,1.37447595596313,1.37447595596313,-1,-1,1.60967588424683,183.72106552124,250.428438186646,33.2808494567871,283.709287643433,Conflict,Left,Right,Right,Left,Right,0,1,0,1,1,1,0,0,1,0,1,1,0,0,0,1,1,0,1,38,18,20260729_t1609_srsSmooth_training_B001,38,18,2.46888047059377,1.26472568511963,2,1,132,1,0,0,1,1,1
20260729_t1609_srsSmooth_training,srs_smooth_training,trial0043.mat,43,43,38,1,43,21,100,80,20,8,1,2,8,2,96,30222,2,0,2,1,1,2,2,1,2,1,CHOSE_HIGH_SAL,1,455,1,0,0,0,0,0,186,118,186,118,68,118,1,0,87.2642366574025,102.735763342598,87.2642366574025,102.735763342598,-15.471526685195,15.471526685195,NaN,NaN,NaN,1785355950.4668,21554.89571456,2.30676698684692,0.0111253261566162,0.211537837982178,0.961514949798584,1.29450845718384,1.56188488006592,1.59525060653687,1.59525060653687,-1,-1,1.88917088508606,200.412511825562,267.37642288208,33.3657264709473,300.742149353027,Conflict,Left,Right,Right,Left,Right,0,1,0,1,1,1,0,0,1,0,1,1,0,0,0,1,1,0,1,39,19,20260729_t1609_srsSmooth_training_B001,39,19,2.52229252258937,1.21093702316284,2,1,84,1,0,0,1,1,1
20260729_t1609_srsSmooth_training,srs_smooth_training,trial0044.mat,44,44,39,1,44,21,100,80,20,8,1,2,8,2,96,30222,2,0,2,1,1,2,2,1,2,1,CHOSE_HIGH_SAL,1,455,1,0,0,0,0,0,168,117,168,117,51,117,1,180,257.909040028835,292.090959971165,77.9090400288354,112.090959971165,-34.1819199423292,34.1819199423292,NaN,NaN,NaN,1785355954.01334,21558.44207136,2.13412976264954,0.0147240161895752,0.240364789962769,0.806931734085083,1.13976788520813,1.36513566970825,1.40680360794067,1.40680360794067,-1,-1,1.7167603969574,225.640773773193,225.367784500122,41.6679382324219,267.035722732544,Conflict,Left,Right,Right,Left,Right,0,1,0,1,1,1,0,0,1,0,1,1,0,0,0,1,1,0,1,40,20,20260729_t1609_srsSmooth_training_B001,40,20,2.58140151500702,1.23977255821228,2,1,118,1,0,0,1,1,1
20260729_t1609_srsSmooth_training,srs_smooth_training,trial0045.mat,45,45,40,1,45,21,100,80,20,8,1,2,8,2,96,30222,2,0,2,1,1,2,2,1,2,1,CHOSE_HIGH_SAL,1,455,1,0,0,0,0,0,149,135,149,135,14,135,1,0,12.9678484545477,177.032151545452,12.9678484545477,177.032151545452,-164.064303090905,164.064303090905,NaN,NaN,NaN,1785355957.36532,21561.79412844,2.27491188049316,0.0128719806671143,0.255125999450684,0.963484287261963,1.29625511169434,1.52213311195374,1.55530762672424,1.55530762672424,-1,-1,1.84014463424683,242.254018783569,225.878000259399,33.1745147705078,259.052515029907,Conflict,Left,Right,Right,Left,Right,0,1,0,1,1,1,0,0,1,0,1,1,0,0,0,1,1,0,1,41,21,20260729_t1609_srsSmooth_training_B001,41,21,2.63726787964503,1.2178521156311,2,1,117,1,0,0,1,1,1
20260729_t1609_srsSmooth_training,srs_smooth_training,trial0046.mat,46,46,41,1,46,21,100,80,20,8,1,2,8,2,96,30222,2,0,2,1,1,2,2,1,2,1,CHOSE_HIGH_SAL,1,455,1,0,0,0,0,0,176,104,176,104,72,104,1,0,38.3770021175211,151.622997882479,38.3770021175211,151.622997882479,-113.245995764958,113.245995764958,NaN,NaN,NaN,1785355960.85294,21565.2816868,2.14511346817017,0.0170576572418213,0.217518329620361,0.850920915603638,1.18376970291138,1.41752624511719,1.45927214622498,1.45927214622498,-1,-1,1.74420833587646,200.46067237854,233.756542205811,41.7459011077881,275.502443313599,Conflict,Left,Right,Right,Left,Right,0,1,0,1,1,1,0,0,1,0,1,1,0,0,0,1,1,0,1,42,22,20260729_t1609_srsSmooth_training_B001,42,22,2.69539481798808,1.21270442008972,2,1,135,1,0,0,1,1,1
20260729_t1609_srsSmooth_training,srs_smooth_training,trial0047.mat,47,47,42,1,47,21,100,80,20,8,1,2,8,2,96,30222,2,0,2,1,1,2,2,1,2,1,CHOSE_HIGH_SAL,1,455,1,0,0,0,0,0,157,89,157,89,68,89,1,0,17.8851417441693,172.114858255831,17.8851417441693,172.114858255831,-154.229716511662,154.229716511662,NaN,NaN,NaN,1785355964.21427,21568.642991,2.0265736579895,0.0141913890838623,0.206716060638428,0.731734752655029,1.06423234939575,1.33190727233887,1.36508584022522,1.36508584022522,-1,-1,1.63407492637634,192.524671554565,267.674922943115,33.1785678863525,300.853490829468,Conflict,Left,Right,Right,Left,Right,0,1,0,1,1,1,0,0,1,0,1,1,0,0,0,1,1,0,1,43,23,20260729_t1609_srsSmooth_training_B001,43,23,2.75141698916753,1.21621680259705,2,1,104,1,0,0,1,1,1
20260729_t1609_srsSmooth_training,srs_smooth_training,trial0048.mat,48,48,43,1,48,21,100,80,20,8,1,2,8,2,96,30222,2,0,2,1,1,2,2,1,2,1,CHOSE_HIGH_SAL,1,455,1,0,0,0,0,0,159,111,159,111,48,111,1,0,47.8808167913599,142.11918320864,47.8808167913599,142.11918320864,-94.2383664172801,94.2383664172801,NaN,NaN,NaN,1785355967.46921,21571.8977274,2.29615187644958,0.017709493637085,0.243317127227783,0.993288993835449,1.32609343528748,1.55147504806519,1.59329676628113,1.59329676628113,-1,-1,1.88676929473877,225.607633590698,225.38161277771,41.8217182159424,267.203330993652,Conflict,Left,Right,Right,Left,Right,0,1,0,1,1,1,0,0,1,0,1,1,0,0,0,1,1,0,1,44,24,20260729_t1609_srsSmooth_training_B001,44,24,2.80566602150599,1.22836828231812,2,1,89,1,0,0,1,1,1
20260729_t1609_srsSmooth_training,srs_smooth_training,trial0049.mat,49,49,44,1,49,21,100,80,20,8,1,2,8,2,96,30222,2,0,2,1,1,2,2,1,2,1,CHOSE_HIGH_SAL,1,455,1,0,0,0,0,0,161,112,161,112,49,112,1,0,37.8922972847522,152.107702715248,37.8922972847522,152.107702715248,-114.215405430496,114.215405430496,NaN,NaN,NaN,1785355970.98349,21575.41197952,2.0065643787384,0.0118989944458008,0.137428045272827,0.712248563766479,1.04527306556702,1.32090187072754,1.35393452644348,1.35393452644348,-1,-1,1.59753894805908,125.529050827026,275.628805160522,33.0326557159424,308.661460876465,Conflict,Left,Right,Right,Left,Right,0,1,0,1,1,1,0,0,1,0,1,1,0,0,0,1,1,0,1,45,25,20260729_t1609_srsSmooth_training_B001,45,25,2.8642373641332,1.21812868118286,2,1,111,1,0,0,1,1,1
20260729_t1609_srsSmooth_training,srs_smooth_training,trial0050.mat,50,50,45,1,50,21,100,80,20,8,1,2,8,2,96,30222,2,0,2,1,1,2,2,1,2,1,CHOSE_HIGH_SAL,1,455,1,0,0,0,0,0,180,104,180,104,76,104,1,180,233.618184407569,316.381815592431,53.6181844075694,136.381815592431,-82.7636311848612,82.7636311848612,NaN,NaN,NaN,1785355974.20706,21578.63550184,2.22547483444214,0.0134525299072266,0.247281312942505,0.872476816177368,1.20516633987427,1.4724235534668,1.50561833381653,1.50561833381653,-1,-1,1.81674218177795,233.828783035278,267.257213592529,33.1947803497314,300.451993942261,Conflict,Left,Right,Right,Left,Right,0,1,0,1,1,1,0,0,1,0,1,1,0,0,0,1,1,0,1,46,26,20260729_t1609_srsSmooth_training_B001,46,26,2.91796355644862,1.21700716018677,2,1,112,1,0,0,1,1,1
20260729_t1609_srsSmooth_training,srs_smooth_training,trial0051.mat,51,51,46,1,51,21,100,80,20,8,1,2,8,2,96,30222,2,0,2,1,1,2,2,1,2,1,CHOSE_HIGH_SAL,1,455,1,0,0,0,0,0,146,107,146,107,39,107,1,0,25.6407978930193,164.359202106981,25.6407978930193,164.359202106981,-138.718404213961,138.718404213961,NaN,NaN,NaN,1785355977.6625,21582.09087148,2.06992125511169,0.0164804458618164,0.225131511688232,0.742163181304932,1.0748553276062,1.31706523895264,1.35881543159485,1.35881543159485,-1,-1,1.66117310523987,208.651065826416,242.209911346436,41.7501926422119,283.960103988647,Conflict,Left,Right,Right,Left,Right,0,1,0,1,1,1,0,0,1,0,1,1,0,0,0,1,1,0,1,47,27,20260729_t1609_srsSmooth_training_B001,47,27,2.97555422385534,1.22996520996094,2,1,104,1,0,0,1,1,1
20260729_t1609_srsSmooth_training,srs_smooth_training,trial0052.mat,52,52,47,1,52,21,100,80,20,8,1,2,8,2,96,30222,2,0,2,1,1,2,2,1,2,1,CHOSE_HIGH_SAL,1,455,1,0,0,0,0,0,163,114,163,114,49,114,1,180,230.94262764468,319.05737235532,50.9426276446802,139.05737235532,-88.1147447106396,88.1147447106396,NaN,NaN,NaN,1785355980.95594,21585.38426156,2.28534984588623,0.0148382186889648,0.290258884429932,0.9235680103302,1.25655317306519,1.54869771003723,1.58207392692566,1.58207392692566,-1,-1,1.86803936958313,275.420665740967,292.144536972046,33.3762168884277,325.520753860474,Conflict,Left,Right,Right,Left,Right,0,1,0,1,1,1,0,0,1,0,1,1,0,0,0,1,1,0,1,48,28,20260729_t1609_srsSmooth_training_B001,48,28,3.0304448445638,1.22351598739624,2,1,107,1,0,0,1,1,1
20260729_t1609_srsSmooth_training,srs_smooth_training,trial0053.mat,53,53,48,1,53,21,100,80,20,8,1,2,8,2,96,30222,2,0,2,1,1,2,2,1,2,1,CHOSE_HIGH_SAL,1,455,1,0,0,0,0,0,163,86,163,86,77,86,1,0,30.569141585611,159.430858414389,30.569141585611,159.430858414389,-128.861716828778,128.861716828778,NaN,NaN,NaN,1785355984.4678,21588.89585308,2.0400972366333,0.0114543437957764,0.261982917785645,0.803644180297852,1.13649725914001,1.37867212295532,1.42044258117676,1.42044258117676,-1,-1,1.65613913536072,250.528573989868,242.174863815308,41.7704582214355,283.945322036743,Conflict,Left,Right,Right,Left,Right,0,1,0,1,1,1,0,0,1,0,1,1,0,0,0,1,1,0,1,49,29,20260729_t1609_srsSmooth_training_B001,49,29,3.08897575934728,1.22650504112244,2,1,114,1,0,0,1,1,1
20260729_t1609_srsSmooth_training,srs_smooth_training,trial0054.mat,54,54,49,1,54,21,100,80,20,8,1,2,8,2,96,30222,2,0,2,1,1,2,2,1,2,1,CHOSE_HIGH_SAL,1,455,1,0,0,0,0,0,181,107,181,107,74,107,1,180,196.895107354978,353.104892645022,16.8951073549779,173.104892645022,-156.209785290044,156.209785290044,NaN,NaN,NaN,1785355987.74811,21592.176192,2.31072688102722,0.0146000385284424,0.223459720611572,0.965205669403076,1.29798316955566,1.55681824684143,1.5905556678772,1.5905556678772,-1,-1,1.90086698532104,208.85968208313,258.835077285767,33.7374210357666,292.572498321533,Conflict,Left,Right,Right,Left,Right,0,1,0,1,1,1,0,0,1,0,1,1,0,0,0,1,1,0,1,50,30,20260729_t1609_srsSmooth_training_B001,50,30,3.14364767869314,1.24021792411804,2,1,86,1,0,0,1,1,1
20260729_t1609_srsSmooth_training,srs_smooth_training,trial0055.mat,55,55,50,1,55,21,100,80,20,8,1,2,8,2,96,30222,2,0,2,1,1,2,2,1,2,1,CHOSE_HIGH_SAL,1,455,1,0,0,0,0,0,162,99,162,99,63,99,1,180,247.643835778597,302.356164221403,67.6438357785973,122.356164221403,-54.7123284428053,54.7123284428053,NaN,NaN,NaN,1785355991.2812,21595.70918408,2.06020498275757,0.0149857997894287,0.182600259780884,0.774279117584229,1.10669445991516,1.35748219490051,1.39071226119995,1.39071226119995,-1,-1,1.65904116630554,167.614459991455,250.787734985352,33.2300662994385,284.01780128479,Conflict,Left,Right,Right,Left,Right,0,1,0,1,1,1,0,0,1,0,1,1,0,0,0,1,1,0,1,51,31,20260729_t1609_srsSmooth_training_B001,51,31,3.2025324344635,1.2223584651947,2,1,107,1,0,0,1,1,1
20260729_t1609_srsSmooth_training,srs_smooth_training,trial0056.mat,56,56,51,1,56,22,100,80,20,8,1,1,5,2,40,29496,2,0,1,2,1,1,1,1,1,1,CHOSE_HIGH_SAL,1,455,1,0,0,0,0,0,169,111,169,111,58,169,1,180,327.93816123892,222.06183876108,147.93816123892,42.0618387610801,105.87632247784,105.87632247784,NaN,NaN,NaN,1785355994.55206,21598.98001044,2.23147416114807,0.0192530155181885,0.261833190917969,0.903353691101074,1.23596715927124,1.4785590171814,1.52020812034607,1.52020812034607,-1,-1,1.76397252082825,242.58017539978,242.591857910156,41.6491031646729,284.240961074829,Congruent,Right,Left,Right,Right,Right,0,1,1,0,1,1,1,1,1,0,0,0,0,1,1,1,1,1,1,52,32,20260729_t1609_srsSmooth_training_B001,52,32,3.25704677899679,1.2106556892395,2,1,99,1,1,0,0,1,1
20260729_t1609_srsSmooth_training,srs_smooth_training,trial0057.mat,57,57,52,1,57,23,100,80,20,8,1,1,6,2,42,2570,2,0,2,1,1,2,1,2,2,1,CHOSE_LOW_SAL,2,455,1,0,0,0,0,0,189,114,189,114,75,114,1,180,312.519391495466,237.480608504534,132.519391495466,57.4806085045345,75.0387829909311,75.0387829909311,NaN,NaN,NaN,1785355997.99546,21602.42340292,2.15468525886536,0.0176563262939453,0.276726484298706,0.893613576889038,1.22603726387024,1.46864151954651,1.51017117500305,1.51017117500305,-1,-1,1.73648262023926,259.070158004761,242.60425567627,41.529655456543,284.133911132812,Congruent,Left,Right,Right,Left,Left,0,1,1,0,1,1,0,0,0,0,1,1,1,0,0,0,1,1,1,53,33,20260729_t1609_srsSmooth_training_B001,53,33,3.31443674166997,1.21192359924316,1,1,169,1,1,0,0,1,1
20260729_t1609_srsSmooth_training,srs_smooth_training,trial0058.mat,58,58,53,1,58,24,100,80,20,8,1,1,6,2,41,29021,2,0,2,1,1,2,1,2,2,1,CHOSE_LOW_SAL,2,455,1,0,0,0,0,0,175,119,175,119,56,119,1,180,342.969909745481,207.030090254519,162.969909745481,27.0300902545187,135.939819490963,135.939819490963,NaN,NaN,NaN,1785356001.36719,21605.79491184,2.13324403762817,0.0127208232879639,0.238576412200928,0.805174827575684,1.1377649307251,1.40535926818848,1.43859052658081,1.43859052658081,-1,-1,1.71582722663879,225.855588912964,267.594337463379,33.231258392334,300.825595855713,Congruent,Left,Right,Right,Left,Left,0,1,1,0,1,1,0,0,0,0,1,1,1,0,0,0,1,1,1,54,34,20260729_t1609_srsSmooth_training_B001,54,34,3.37063229878743,1.21704816818237,2,1,114,1,0,0,1,1,1
20260729_t1609_srsSmooth_training,srs_smooth_training,trial0059.mat,59,59,54,1,59,25,100,80,20,8,1,2,7,2,72,269,2,0,1,2,1,1,2,2,1,1,CHOSE_LOW_SAL,2,455,1,0,0,0,0,0,157,115,157,115,42,157,1,180,192.348601776952,357.651398223048,12.348601776952,177.651398223048,-165.302796446096,165.302796446096,NaN,NaN,NaN,1785356004.74048,21609.16819928,2.11003494262695,0.0145621299743652,0.140429973602295,0.923832178115845,1.2562780380249,1.33204483985901,1.36535811424255,1.36535811424255,-1,-1,1.65137910842896,125.86784362793,75.7668018341064,33.3132743835449,109.080076217651,Conflict,Right,Left,Right,Right,Left,0,1,0,1,1,1,1,1,0,0,0,0,1,1,1,0,1,0,1,55,35,20260729_t1609_srsSmooth_training_B001,55,35,3.42685381174088,1.24004673957825,2,1,119,1,1,0,0,1,1
20260729_t1609_srsSmooth_training,srs_smooth_training,trial0060.mat,60,60,55,1,60,26,100,80,20,8,1,1,5,2,30,32349,2,0,1,2,1,1,1,1,1,1,CHOSE_HIGH_SAL,1,455,1,0,0,0,0,0,163,114,163,114,49,163,1,180,321.820472412357,228.179527587643,141.820472412357,48.179527587643,93.6409448247141,93.6409448247141,NaN,NaN,NaN,1785356008.0623,21612.48999088,2.2876558303833,0.0178687572479248,0.193368911743164,0.910478591918945,1.24291682243347,1.48533010482788,1.51862955093384,1.51862955093384,-1,-1,1.82868385314941,175.500154495239,242.413282394409,33.299446105957,275.712728500366,Congruent,Right,Left,Right,Right,Right,0,1,1,0,1,1,1,1,1,0,0,0,0,1,1,1,1,1,1,56,36,20260729_t1609_srsSmooth_training_B001,56,36,3.48221753438314,1.21178841590881,1,1,157,1,0,0,1,1,1
20260729_t1609_srsSmooth_training,srs_smooth_training,trial0061.mat,61,61,56,1,61,27,100,80,20,8,1,1,5,2,35,17446,2,0,1,2,1,1,1,1,1,1,CHOSE_HIGH_SAL,1,455,1,0,0,0,0,0,162,107,162,107,55,162,1,0,145.198223086915,44.8017769130848,145.198223086915,44.8017769130848,100.39644617383,100.39644617383,NaN,NaN,NaN,1785356011.59655,21616.0242624,2.27031087875366,0.0170981884002686,0.2841956615448,0.909625053405762,1.24214601516724,1.47623634338379,1.51808166503906,1.51808166503906,-1,-1,1.81157374382019,267.097473144531,234.090328216553,41.8453216552734,275.935649871826,Congruent,Right,Left,Right,Right,Right,0,1,1,0,1,1,1,1,1,0,0,0,0,1,1,1,1,1,1,57,37,20260729_t1609_srsSmooth_training_B001,57,37,3.54112157821655,1.24658679962158,1,1,163,1,0,0,1,1,1
20260729_t1609_srsSmooth_training,srs_smooth_training,trial0062.mat,62,62,57,1,62,28,100,80,20,8,1,1,6,2,51,13439,2,0,2,1,1,2,1,2,2,1,CHOSE_LOW_SAL,2,455,1,0,0,0,0,0,154,110,154,110,44,110,1,0,99.0033311792192,90.9966688207808,99.0033311792192,90.9966688207808,8.00666235843846,8.00666235843846,NaN,NaN,NaN,1785356015.07862,21619.50616432,2.26407885551453,0.018498420715332,0.236078500747681,0.944247484207153,1.27688145637512,1.51102042198181,1.54435896873474,1.54435896873474,-1,-1,1.85450077056885,217.580080032349,234.138965606689,33.3385467529297,267.477512359619,Congruent,Left,Right,Right,Left,Left,0,1,1,0,1,1,0,0,0,0,1,1,1,0,0,0,1,1,1,58,38,20260729_t1609_srsSmooth_training_B001,58,38,3.5991560737292,1.211758852005,1,1,162,1,1,0,0,1,1
20260729_t1609_srsSmooth_training,srs_smooth_training,trial0063.mat,63,63,58,1,63,29,100,80,20,8,1,2,7,2,62,24406,2,0,1,2,1,1,2,2,1,1,CHOSE_LOW_SAL,2,455,1,0,0,0,0,0,168,115,168,115,53,168,1,180,192.829221028153,357.170778971847,12.8292210281528,177.170778971847,-164.341557943694,164.341557943694,NaN,NaN,NaN,1785356018.57755,21623.00507,2.15672421455383,0.0196976661682129,0.287230491638184,0.828990459442139,1.16140866279602,1.41237211227417,1.45385599136353,1.45385599136353,-1,-1,1.68950057029724,267.532825469971,250.963449478149,41.4838790893555,292.447328567505,Conflict,Right,Left,Right,Right,Left,0,1,0,1,1,1,1,1,0,0,0,0,1,1,1,0,1,0,1,59,39,20260729_t1609_srsSmooth_training_B001,59,39,3.65747170448303,1.23485898971558,2,1,110,1,1,0,0,1,1
20260729_t1609_srsSmooth_training,srs_smooth_training,trial0064.mat,64,64,59,1,64,30,100,80,20,8,1,2,8,2,90,32553,2,0,2,1,1,2,2,1,0,0,,0,11,0,1,0,0,0,0,167,89,167,89,78,NaN,1,180,194.560136324248,355.439863675752,14.5601363242477,175.439863675752,-160.879727351505,160.879727351505,NaN,NaN,NaN,1785356021.94952,21626.37698384,0.158444404602051,0.0145254135131836,0.0157468318939209,-1,-1,-1,-1,-1,-1,-1,-1,1.2214183807373,NaN,NaN,NaN,Conflict,Left,Right,None,Left,Right,0,1,0,1,0,NaN,NaN,NaN,NaN,NaN,NaN,NaN,NaN,0,0,1,1,0,0,59,NaN,20260729_t1609_srsSmooth_training_B001,NaN,NaN,3.71367122332255,1.21524691581726,NaN,NaN,NaN,0,NaN,NaN,NaN,NaN,0
20260729_t1609_srsSmooth_training,srs_smooth_training,trial0065.mat,65,65,59,1,65,30,100,80,20,8,1,1,6,2,46,14866,2,0,2,1,1,2,1,2,2,1,CHOSE_LOW_SAL,2,455,1,0,0,0,0,0,150,118,150,118,32,118,1,0,115.217858139626,74.7821418603744,115.217858139626,74.7821418603744,40.4357162792512,40.4357162792512,NaN,NaN,NaN,1785356023.23266,21627.66001952,2.05175948143005,0.014772891998291,0.223698616027832,0.790726900100708,1.12315011024475,1.37410759925842,1.407470703125,1.407470703125,-1,-1,1.63450908660889,208.925724029541,250.957489013672,33.3631038665771,284.320592880249,Congruent,Left,Right,Right,Left,Left,0,1,1,0,1,1,0,0,0,0,1,1,1,0,0,0,1,1,1,60,40,20260729_t1609_srsSmooth_training_B001,60,40,3.73505681355794,1.12469100952148,1,1,168,1,1,0,0,1,1
20260729_t1609_srsSmooth_training,srs_smooth_training,trial0066.mat,66,66,60,1,66,31,100,80,20,8,1,2,7,2,76,4272,2,0,1,2,1,1,2,2,1,1,CHOSE_LOW_SAL,2,455,1,0,0,0,0,0,133,97,133,97,36,133,1,0,12.9497350035518,177.050264996448,12.9497350035518,177.050264996448,-164.100529992896,164.100529992896,NaN,NaN,NaN,1785356026.49554,21630.92289336,2.08039808273315,0.0186836719512939,0.227763891220093,0.736138105392456,1.06872463226318,1.33602333068848,1.36913681030273,1.36913681030273,-1,-1,1.64631462097168,209.080219268799,267.298698425293,33.1134796142578,300.412178039551,Conflict,Right,Left,Right,Right,Left,0,1,0,1,1,1,1,1,0,0,0,0,1,1,1,0,1,0,1,61,41,20260729_t1609_srsSmooth_training_B001,61,41,3.78943821986516,1.21112489700317,2,1,118,1,1,0,0,1,1
20260729_t1609_srsSmooth_training,srs_smooth_training,trial0067.mat,67,67,61,1,67,32,100,80,20,8,1,1,5,2,36,29602,2,0,1,2,1,1,1,1,1,1,CHOSE_HIGH_SAL,1,455,1,0,0,0,0,0,201,118,201,118,83,201,1,0,177.062644542518,12.9373554574821,177.062644542518,12.9373554574821,164.125289085036,164.125289085036,NaN,NaN,NaN,1785356029.79244,21634.2197384,2.21695947647095,0.0135855674743652,0.264317512512207,0.806008100509644,1.13862943649292,1.40604019165039,1.43936419487,1.43936419487,-1,-1,1.71632289886475,250.731945037842,267.410755157471,33.3240032196045,300.734758377075,Congruent,Right,Left,Right,Right,Right,0,1,1,0,1,1,1,1,1,0,0,0,0,1,1,1,1,1,1,62,42,20260729_t1609_srsSmooth_training_B001,62,42,3.84438645442327,1.21649599075317,1,1,133,1,0,0,1,1,1
20260729_t1609_srsSmooth_training,srs_smooth_training,trial0068.mat,68,68,62,1,68,33,100,80,20,8,1,2,7,2,74,1404,2,0,1,2,1,1,2,2,1,1,CHOSE_LOW_SAL,2,455,1,0,0,0,0,0,149,106,149,106,43,149,1,0,91.4622724727288,98.5377275272712,91.4622724727287,98.5377275272713,-7.07545505454254,7.07545505454254,NaN,NaN,NaN,1785356033.23664,21637.66396692,2.27323532104492,0.0111877918243408,0.178623676300049,0.853468179702759,1.18623375892639,1.47870540618896,1.51173567771912,1.51173567771912,-1,-1,1.82188057899475,167.435884475708,292.471647262573,33.0302715301514,325.501918792725,Conflict,Right,Left,Right,Right,Left,0,1,0,1,1,1,1,1,0,0,0,0,1,1,1,0,1,0,1,63,43,20260729_t1609_srsSmooth_training_B001,63,43,3.90178978443146,1.22724032402039,1,1,201,1,0,0,1,1,1
20260729_t1609_srsSmooth_training,srs_smooth_training,trial0069.mat,69,69,63,1,69,34,100,80,20,8,1,2,8,2,81,31965,2,0,2,1,1,2,2,1,2,1,CHOSE_HIGH_SAL,1,455,1,0,0,0,0,0,172,109,172,109,63,109,1,0,61.9339409617937,128.066059038206,61.9339409617937,128.066059038206,-66.1321180764126,66.1321180764126,NaN,NaN,NaN,1785356036.74188,21641.16896856,2.25945496559143,0.0144171714782715,0.281632661819458,0.989825487136841,1.3228018283844,1.59004640579224,1.63164329528809,1.63164329528809,-1,-1,1.85004210472107,267.215490341187,267.244577407837,41.5968894958496,308.841466903687,Conflict,Left,Right,Right,Left,Right,0,1,0,1,1,1,0,0,1,0,1,1,0,0,0,1,1,0,1,64,44,20260729_t1609_srsSmooth_training_B001,64,44,3.96021047830582,1.23200631141663,1,1,149,1,1,0,0,1,1
20260729_t1609_srsSmooth_training,srs_smooth_training,trial0070.mat,70,70,64,1,70,34,100,80,20,8,1,2,8,2,81,31965,2,0,2,1,1,2,2,1,2,1,CHOSE_HIGH_SAL,1,455,1,0,0,0,0,0,136,120,136,120,16,120,1,180,245.021669802981,304.978330197019,65.0216698029809,124.978330197019,-59.9566603940382,59.9566603940382,NaN,NaN,NaN,1785356040.22147,21644.64852816,1.99630665779114,0.0182936191558838,0.22692608833313,0.752353429794312,1.08500266075134,1.31070637702942,1.34377360343933,1.34377360343933,-1,-1,1.57906436920166,208.632469177246,225.703716278076,33.0672264099121,258.770942687988,Conflict,Left,Right,Right,Left,Right,0,1,0,1,1,1,0,0,1,0,1,1,0,0,0,1,1,0,1,65,45,20260729_t1609_srsSmooth_training_B001,65,45,4.01820370356242,1.22013854980469,2,1,109,1,0,0,1,1,1
20260729_t1609_srsSmooth_training,srs_smooth_training,trial0071.mat,71,71,65,1,71,34,100,80,20,8,1,2,8,2,81,31965,2,0,2,1,1,2,2,1,2,1,CHOSE_HIGH_SAL,1,455,1,0,0,0,0,0,159,94,159,94,65,94,1,180,212.55669994879,337.44330005121,32.5566999487898,157.44330005121,-124.88660010242,124.88660010242,NaN,NaN,NaN,1785356043.43757,21647.86464488,2.07249140739441,0.010653018951416,0.211266994476318,0.803091526031494,1.13569664955139,1.39480018615723,1.42811179161072,1.42811179161072,-1,-1,1.67964577674866,200.613975524902,259.103536605835,33.3116054534912,292.415142059326,Conflict,Left,Right,Right,Left,Right,0,1,0,1,1,1,0,0,1,0,1,1,0,0,0,1,1,0,1,66,46,20260729_t1609_srsSmooth_training_B001,66,46,4.07180538574855,1.21979427337646,2,1,120,1,0,0,1,1,1
20260729_t1609_srsSmooth_training,srs_smooth_training,trial0072.mat,72,72,66,1,72,34,100,80,20,8,1,2,8,2,81,31965,2,0,2,1,1,2,2,1,2,1,CHOSE_HIGH_SAL,1,455,1,0,0,0,0,0,181,104,181,104,77,104,1,0,39.5089357425821,150.491064257418,39.5089357425821,150.491064257418,-110.982128514836,110.982128514836,NaN,NaN,NaN,1785356046.72753,21651.1544194,2.26643896102905,0.0124955177307129,0.22162938117981,0.988363265991211,1.32088041305542,1.54678153991699,1.58832335472107,1.58832335472107,-1,-1,1.86527919769287,209.133863449097,225.901126861572,41.5418148040771,267.442941665649,Conflict,Left,Right,Right,Left,Right,0,1,0,1,1,1,0,0,1,0,1,1,0,0,0,1,1,0,1,67,47,20260729_t1609_srsSmooth_training_B001,67,47,4.12663793961207,1.21746182441711,2,1,94,1,0,0,1,1,1
20260729_t1609_srsSmooth_training,srs_smooth_training,trial0073.mat,73,73,67,1,73,34,100,80,20,8,1,2,8,2,81,31965,2,0,2,1,1,2,2,1,2,1,CHOSE_HIGH_SAL,1,455,1,0,1,0,0,0,157,70,157,70,87,70,1,180,231.780648959167,318.219351040833,51.7806489591669,138.219351040833,-86.4387020816663,86.4387020816663,NaN,NaN,NaN,1785356050.21257,21654.63954964,1.99790596961975,0.0109224319458008,0.244915723800659,0.80338716506958,1.13596749305725,1.36984848976135,1.41152787208557,1.41152787208557,-1,-1,1.63032412528992,233.993291854858,233.880996704102,41.6793823242188,275.56037902832,Conflict,Left,Right,Right,Left,Right,0,1,0,1,1,1,0,0,1,0,1,1,0,0,0,1,1,0,1,68,48,20260729_t1609_srsSmooth_training_B001,68,48,4.18472199042638,1.21860408782959,2,1,104,1,0,0,1,1,1
20260729_t1609_srsSmooth_training,srs_smooth_training,trial0074.mat,74,74,68,1,74,34,100,80,20,8,1,2,8,2,81,31965,2,0,2,1,1,2,2,1,2,1,CHOSE_HIGH_SAL,1,455,1,0,0,0,0,0,162,109,162,109,53,109,1,0,33.7386140371451,156.261385962855,33.7386140371451,156.261385962855,-122.52277192571,122.52277192571,NaN,NaN,NaN,1785356053.44328,21657.87003848,2.1753146648407,0.0136697292327881,0.239375114440918,0.806136608123779,1.13871383666992,1.4310142993927,1.46429800987244,1.46429800987244,-1,-1,1.76623797416687,225.70538520813,292.300462722778,33.2837104797363,325.584173202515,Conflict,Left,Right,Right,Left,Right,0,1,0,1,1,1,0,0,1,0,1,1,0,0,0,1,1,0,1,69,49,20260729_t1609_srsSmooth_training_B001,69,49,4.23856721719106,1.23280763626099,2,1,70,1,0,0,1,1,1
20260729_t1609_srsSmooth_training,srs_smooth_training,trial0076.mat,76,76,69,1,76,34,100,80,20,8,1,2,8,2,81,31965,2,0,2,1,1,2,2,1,2,1,CHOSE_HIGH_SAL,1,455,1,0,0,0,0,0,196,110,196,110,86,110,1,180,217.333268590396,332.666731409604,37.3332685903958,152.666731409604,-115.333462819208,115.333462819208,NaN,NaN,NaN,1785356058.28651,21662.713178,2.11567878723145,0.0123050212860107,0.196516513824463,0.746107578277588,1.07901406288147,1.37106585502625,1.41281223297119,1.41281223297119,-1,-1,1.70660328865051,184.211492538452,292.051792144775,41.7463779449463,333.798170089722,Conflict,Left,Right,Right,Left,Right,0,1,0,1,1,1,0,0,1,0,1,1,0,0,0,1,1,0,1,70,50,20260729_t1609_srsSmooth_training_B001,70,50,4.31928757429123,2.66790676116943,2,1,109,1,0,0,1,1,1
20260729_t1609_srsSmooth_training,srs_smooth_training,trial0077.mat,77,77,70,1,77,34,100,80,20,8,1,2,8,2,81,31965,2,0,2,1,1,2,2,1,2,1,CHOSE_HIGH_SAL,1,455,1,0,0,0,0,0,162,102,162,102,60,102,1,180,220.534238613048,329.465761386952,40.5342386130477,149.465761386952,-108.931522773905,108.931522773905,NaN,NaN,NaN,1785356061.63796,21666.0646838,2.26420402526855,0.0109782218933105,0.244743347167969,0.986536979675293,1.3193633556366,1.56152582168579,1.60319995880127,1.60319995880127,-1,-1,1.86378788948059,233.765125274658,242.162466049194,41.6741371154785,283.836603164673,Conflict,Left,Right,Right,Left,Right,0,1,0,1,1,1,0,0,1,0,1,1,0,0,0,1,1,0,1,71,51,20260729_t1609_srsSmooth_training_B001,71,51,4.37514522473017,1.23578023910522,2,1,110,1,0,0,1,1,1
20260729_t1609_srsSmooth_training,srs_smooth_training,trial0078.mat,78,78,71,1,78,34,100,80,20,8,1,2,8,2,81,31965,2,0,2,1,1,2,2,1,2,1,CHOSE_HIGH_SAL,1,455,1,0,0,0,0,0,188,98,188,98,90,98,1,0,15.4702186820034,174.529781317997,15.4702186820033,174.529781317997,-159.059562635993,159.059562635993,NaN,NaN,NaN,1785356065.13169,21669.55837552,2.04525470733643,0.0173866748809814,0.192741394042969,0.776103496551514,1.10909676551819,1.37616467475891,1.41786217689514,1.41786217689514,-1,-1,1.64440488815308,175.354719161987,267.067909240723,41.6975021362305,308.765411376953,Conflict,Left,Right,Right,Left,Right,0,1,0,1,1,1,0,0,1,0,1,1,0,0,0,1,1,0,1,72,52,20260729_t1609_srsSmooth_training_B001,72,52,4.433374051253,1.22952556610107,2,1,102,1,0,0,1,1,1
20260729_t1609_srsSmooth_training,srs_smooth_training,trial0079.mat,79,79,72,1,79,34,100,80,20,8,1,2,8,2,81,31965,2,0,2,1,1,2,2,1,2,1,CHOSE_HIGH_SAL,1,455,1,0,0,0,0,0,151,113,151,113,38,113,1,0,13.9338709675958,176.066129032404,13.9338709675958,176.066129032404,-162.132258064808,162.132258064808,NaN,NaN,NaN,1785356068.39584,21672.8222924,2.29048681259155,0.0117015838623047,0.245598554611206,0.970683336257935,1.30341958999634,1.57898497581482,1.6121940612793,1.6121940612793,-1,-1,1.8725597858429,233.896970748901,275.565385818481,33.2090854644775,308.774471282959,Conflict,Left,Right,Right,Left,Right,0,1,0,1,1,1,0,0,1,0,1,1,0,0,0,1,1,0,1,73,53,20260729_t1609_srsSmooth_training_B001,73,53,4.48777650197347,1.21889233589172,2,1,98,1,0,0,1,1,1
20260729_t1609_srsSmooth_training,srs_smooth_training,trial0080.mat,80,80,73,1,80,34,100,80,20,8,1,2,8,2,81,31965,2,0,2,1,1,2,2,1,2,1,CHOSE_HIGH_SAL,1,455,1,0,0,0,0,0,173,127,173,127,46,127,1,180,272.929455987541,277.070544012459,92.9294559875412,97.0705440124588,-4.14108802491762,4.14108802491762,NaN,NaN,NaN,1785356071.91167,21676.33815088,2.31627202033997,0.01267409324646,0.254921913146973,1.05482721328735,1.38772916793823,1.63832592964172,1.67165517807007,1.67165517807007,-1,-1,1.89024376869202,242.247819900513,250.596761703491,33.3292484283447,283.926010131836,Conflict,Left,Right,Right,Left,Right,0,1,0,1,1,1,0,0,1,0,1,1,0,0,0,1,1,0,1,74,54,20260729_t1609_srsSmooth_training_B001,74,54,4.54637370904287,1.22534561157227,2,1,113,1,0,0,1,1,1
20260729_t1609_srsSmooth_training,srs_smooth_training,trial0081.mat,81,81,74,1,81,34,100,80,20,8,1,2,8,2,81,31965,2,0,2,1,1,2,2,1,2,1,CHOSE_HIGH_SAL,1,455,1,0,0,0,0,0,181,136,181,136,45,136,1,0,10.8424521887951,179.157547811205,10.8424521887951,179.157547811205,-168.31509562241,168.31509562241,NaN,NaN,NaN,1785356075.45063,21679.87689852,2.2363109588623,0.0155200958251953,0.291364192962646,0.89957070350647,1.23223400115967,1.47472858428955,1.50788474082947,1.50788474082947,-1,-1,1.8016836643219,275.844097137451,242.494583129883,33.156156539917,275.6507396698,Conflict,Left,Right,Right,Left,Right,0,1,0,1,1,1,0,0,1,0,1,1,0,0,0,1,1,0,1,75,55,20260729_t1609_srsSmooth_training_B001,75,55,4.6053563952446,1.22268915176392,2,1,127,1,0,0,1,1,1
20260729_t1609_srsSmooth_training,srs_smooth_training,trial0083.mat,83,83,75,1,83,34,100,80,20,8,1,2,8,2,81,31965,2,0,2,1,1,2,2,1,2,1,CHOSE_HIGH_SAL,1,455,1,0,0,0,0,0,200,115,200,115,85,115,1,0,13.4396873477589,176.560312652241,13.4396873477589,176.560312652241,-163.120625304482,163.120625304482,NaN,NaN,NaN,1785356080.33541,21684.76171016,2.11749505996704,0.0142693519592285,0.248257637023926,0.806383848190308,1.1393129825592,1.39826107025146,1.43144798278809,1.43144798278809,-1,-1,1.70039796829224,233.988285064697,258.948087692261,33.1869125366211,292.135000228882,Conflict,Left,Right,Right,Left,Right,0,1,0,1,1,1,0,0,1,0,1,1,0,0,0,1,1,0,1,76,56,20260729_t1609_srsSmooth_training_B001,76,56,4.68676934639613,2.64846611022949,2,1,136,1,0,0,1,1,1
20260729_t1609_srsSmooth_training,srs_smooth_training,trial0084.mat,84,84,76,1,84,34,100,80,20,8,1,2,8,2,81,31965,2,0,2,1,1,2,2,1,2,1,CHOSE_HIGH_SAL,1,455,1,0,0,0,0,0,172,110,172,110,62,110,1,180,202.926661326035,347.073338673965,22.9266613260349,167.073338673965,-144.14667734793,144.14667734793,NaN,NaN,NaN,1785356083.67816,21688.10423912,2.04175782203674,0.0133192539215088,0.238880634307861,0.747205495834351,1.08002829551697,1.30562829971313,1.33885526657104,1.33885526657104,-1,-1,1.63239717483521,225.561380386353,225.600004196167,33.2269668579102,258.826971054077,Conflict,Left,Right,Right,Left,Right,0,1,0,1,1,1,0,0,1,0,1,1,0,0,0,1,1,0,1,77,57,20260729_t1609_srsSmooth_training_B001,77,57,4.74248180786769,1.22525262832642,2,1,115,1,0,0,1,1,1
20260729_t1609_srsSmooth_training,srs_smooth_training,trial0085.mat,85,85,77,1,85,35,100,80,20,8,1,1,6,2,53,29906,2,0,2,1,1,2,1,2,2,1,CHOSE_LOW_SAL,2,455,1,0,0,0,0,0,193,116,193,116,77,116,1,0,176.499907427326,13.5000925726742,176.499907427326,13.5000925726742,162.999814854652,162.999814854652,NaN,NaN,NaN,1785356086.95571,21691.38177184,2.13093233108521,0.0192329883575439,0.203093767166138,0.81137752532959,1.14427804946899,1.36976218223572,1.41155672073364,1.41155672073364,-1,-1,1.71375155448914,183.860778808594,225.484132766724,41.7945384979248,267.278671264648,Congruent,Left,Right,Right,Left,Left,0,1,1,0,1,1,0,0,0,0,1,1,1,0,0,0,1,1,1,78,58,20260729_t1609_srsSmooth_training_B001,78,58,4.79710762898127,1.23579144477844,2,1,110,1,0,0,1,1,1
20260729_t1609_srsSmooth_training,srs_smooth_training,trial0086.mat,86,86,78,1,86,36,100,80,20,8,1,2,8,2,85,23568,2,0,2,1,1,2,2,1,2,1,CHOSE_HIGH_SAL,1,455,1,0,0,0,0,0,157,98,157,98,59,98,1,180,190.688618121835,359.311381878165,10.6886181218354,179.311381878165,-168.622763756329,168.622763756329,NaN,NaN,NaN,1785356090.31688,21694.74292,2.24494957923889,0.0165281295776367,0.284002065658569,0.941895008087158,1.27491235733032,1.50889587402344,1.55083823204041,1.55083823204041,-1,-1,1.84398102760315,267.473936080933,233.983516693115,41.9423580169678,275.925874710083,Conflict,Left,Right,Right,Left,Right,0,1,0,1,1,1,0,0,1,0,1,1,0,0,0,1,1,0,1,79,59,20260729_t1609_srsSmooth_training_B001,79,59,4.85312714179357,1.23023843765259,2,1,116,1,0,0,1,1,1
20260729_t1609_srsSmooth_training,srs_smooth_training,trial0087.mat,87,87,79,1,87,36,100,80,20,8,1,2,8,2,85,23568,2,0,2,1,1,2,2,1,2,1,CHOSE_HIGH_SAL,1,455,1,0,6,0,0,0,176,121,176,121,55,121,1,180,213.35297671143,336.64702328857,33.3529767114298,156.64702328857,-123.29404657714,123.29404657714,NaN,NaN,NaN,1785356093.78668,21698.21264432,2.28374361991882,0.0135362148284912,0.230773448944092,0.947551965713501,1.28025317192078,1.53897762298584,1.58094930648804,1.58094930648804,-1,-1,1.86630892753601,217.237234115601,258.724451065063,41.9716835021973,300.696134567261,Conflict,Left,Right,Right,Left,Right,0,1,0,1,1,1,0,0,1,0,1,1,0,0,0,1,1,0,1,80,60,20260729_t1609_srsSmooth_training_B001,80,60,4.91095707813899,1.22484660148621,2,1,98,1,0,0,1,1,1
20260729_t1609_srsSmooth_training,srs_smooth_training,trial0088.mat,88,88,80,1,88,36,100,80,20,8,1,2,8,2,85,23568,2,0,2,1,1,2,2,1,2,1,CHOSE_HIGH_SAL,1,455,1,0,0,0,0,0,148,137,148,137,11,137,1,180,202.024398718639,347.975601281361,22.0243987186392,167.975601281361,-145.951202562722,145.951202562722,NaN,NaN,NaN,1785356097.29113,21701.71702272,2.13800144195557,0.0175583362579346,0.201559066772461,0.826813936233521,1.15927028656006,1.40175223350525,1.43503046035767,1.43503046035767,-1,-1,1.70402193069458,184.000730514526,242.48194694519,33.278226852417,275.760173797607,Conflict,Left,Right,Right,Left,Right,0,1,0,1,1,1,0,0,1,0,1,1,0,0,0,1,1,0,1,81,61,20260729_t1609_srsSmooth_training_B001,81,61,4.96936457554499,1.22070622444153,2,1,121,1,0,0,1,1,1
20260729_t1609_srsSmooth_training,srs_smooth_training,trial0089.mat,89,89,81,1,89,36,100,80,20,8,1,2,8,2,85,23568,2,0,2,1,1,2,2,1,2,1,CHOSE_HIGH_SAL,1,455,1,0,0,0,0,0,162,92,162,92,70,92,1,180,260.543135363378,289.456864636622,80.5431353633783,109.456864636622,-28.9137292732435,28.9137292732435,NaN,NaN,NaN,1785356100.65359,21705.0794788,2.17536973953247,0.0135562419891357,0.272687435150146,0.905982732772827,1.23860430717468,1.49749326705933,1.53101229667664,1.53101229667664,-1,-1,1.78305649757385,259.131193161011,258.888959884644,33.5190296173096,292.407989501953,Conflict,Left,Right,Right,Left,Right,0,1,0,1,1,1,0,0,1,0,1,1,0,0,0,1,1,0,1,82,62,20260729_t1609_srsSmooth_training_B001,82,62,5.02540570894877,1.22446656227112,2,1,137,1,0,0,1,1,1
20260729_t1609_srsSmooth_training,srs_smooth_training,trial0091.mat,91,91,82,1,91,36,100,80,20,8,1,2,8,2,85,23568,2,0,2,1,1,2,2,1,2,1,CHOSE_HIGH_SAL,1,455,1,0,0,0,0,0,176,117,176,117,59,117,1,180,213.622312857111,336.377687142889,33.6223128571113,156.377687142889,-122.755374285777,122.755374285777,NaN,NaN,NaN,1785356105.46396,21709.88964956,2.01458048820496,0.0117137432098389,0.204227209091187,0.745825290679932,1.0784227848053,1.28744506835938,1.32078456878662,1.32078456878662,-1,-1,1.59749460220337,192.513465881348,209.022283554077,33.3395004272461,242.361783981323,Conflict,Left,Right,Right,Left,Right,0,1,0,1,1,1,0,0,1,0,1,1,0,0,0,1,1,0,1,83,63,20260729_t1609_srsSmooth_training_B001,83,63,5.10557845036189,2.63499474525452,2,1,92,1,0,0,1,1,1
20260729_t1609_srsSmooth_training,srs_smooth_training,trial0092.mat,92,92,83,1,92,36,100,80,20,8,1,2,8,2,85,23568,2,0,2,1,1,2,2,1,0,0,,0,11,0,1,0,0,0,0,165,119,165,119,46,NaN,1,0,18.3443199179894,171.655680082011,18.3443199179894,171.655680082011,-153.311360164021,153.311360164021,NaN,NaN,NaN,1785356108.71134,21713.13713072,0.291680574417114,0.0144600868225098,0.231510639190674,-1,-1,-1,-1,-1,-1,-1,-1,217.050552368164,NaN,NaN,NaN,Conflict,Left,Right,None,Left,Right,0,1,0,1,0,NaN,NaN,NaN,NaN,NaN,NaN,NaN,NaN,0,0,1,1,0,0,83,NaN,20260729_t1609_srsSmooth_training_B001,NaN,NaN,5.15970147848129,1.23280119895935,NaN,NaN,NaN,0,NaN,NaN,NaN,NaN,0
20260729_t1609_srsSmooth_training,srs_smooth_training,trial0093.mat,93,93,83,1,93,36,100,80,20,8,1,2,8,2,85,23568,2,0,2,1,1,2,2,1,2,1,CHOSE_HIGH_SAL,1,455,1,0,0,0,0,0,161,92,161,92,69,92,1,180,196.913512969772,353.086487030228,16.9135129697721,173.086487030228,-156.172974060456,156.172974060456,NaN,NaN,NaN,1785356110.13548,21714.56107444,2.36097478866577,0.0153763294219971,0.290834665298462,1.06622934341431,1.39876437187195,1.65806865692139,1.69957065582275,1.69957065582275,-1,-1,1.96826505661011,275.458335876465,259.304285049438,41.5019989013672,300.806283950806,Conflict,Left,Right,Right,Left,Right,0,1,0,1,1,1,0,0,1,0,1,1,0,0,0,1,1,0,1,84,64,20260729_t1609_srsSmooth_training_B001,84,64,5.18343714078267,1.13245916366577,2,1,117,1,0,0,1,1,1
20260729_t1609_srsSmooth_training,srs_smooth_training,trial0094.mat,94,94,84,1,94,36,100,80,20,8,1,2,8,2,85,23568,2,0,2,1,1,2,2,1,2,1,CHOSE_HIGH_SAL,1,455,1,0,0,0,0,0,166,115,166,115,51,115,1,0,42.2219734160333,147.778026583967,42.2219734160333,147.778026583967,-105.556053167933,105.556053167933,NaN,NaN,NaN,1785356113.71373,21718.13931304,2.24937796592712,0.0122640132904053,0.237977266311646,0.896307229995728,1.22897911071777,1.49621772766113,1.53795409202576,1.53795409202576,-1,-1,1.83175778388977,225.71325302124,267.238616943359,41.736364364624,308.974981307983,Conflict,Left,Right,Right,Left,Right,0,1,0,1,1,1,0,0,1,0,1,1,0,0,0,1,1,0,1,85,65,20260729_t1609_srsSmooth_training_B001,85,65,5.2430746793747,1.21727752685547,2,1,92,1,0,0,1,1,1
20260729_t1609_srsSmooth_training,srs_smooth_training,trial0095.mat,95,95,85,1,95,36,100,80,20,8,1,2,8,2,85,23568,2,0,2,1,1,2,2,1,2,1,CHOSE_HIGH_SAL,1,455,1,0,0,0,0,0,160,122,160,122,38,122,1,0,11.9212801770782,178.078719822922,11.9212801770782,178.078719822922,-166.157439645844,166.157439645844,NaN,NaN,NaN,1785356117.20692,21721.6323718,2.18926620483398,0.0192122459411621,0.145016193389893,0.861717700958252,1.19425845146179,1.41984367370605,1.45320773124695,1.45320773124695,-1,-1,1.76326155662537,125.80394744873,225.585222244263,33.3640575408936,258.949279785156,Conflict,Left,Right,Right,Left,Right,0,1,0,1,1,1,0,0,1,0,1,1,0,0,0,1,1,0,1,86,66,20260729_t1609_srsSmooth_training_B001,86,66,5.30129448970159,1.24381065368652,2,1,115,1,0,0,1,1,1
20260729_t1609_srsSmooth_training,srs_smooth_training,trial0096.mat,96,96,86,1,96,36,100,80,20,8,1,2,8,2,85,23568,2,0,2,1,1,2,2,1,2,1,CHOSE_HIGH_SAL,1,455,1,0,0,0,0,0,129,119,129,119,10,119,1,0,28.3162170528391,161.683782947161,28.3162170528391,161.683782947161,-133.367565894322,133.367565894322,NaN,NaN,NaN,1785356120.64416,21725.06957812,2.06916069984436,0.0154397487640381,0.24097466468811,0.824318885803223,1.15715074539185,1.39132571220398,1.4247727394104,1.4247727394104,-1,-1,1.65159010887146,225.534915924072,234.174966812134,33.4470272064209,267.621994018555,Conflict,Left,Right,Right,Left,Right,0,1,0,1,1,1,0,0,1,0,1,1,0,0,0,1,1,0,1,87,67,20260729_t1609_srsSmooth_training_B001,87,67,5.35858183304469,1.24797439575195,2,1,122,1,0,0,1,1,1
20260729_t1609_srsSmooth_training,srs_smooth_training,trial0097.mat,97,97,87,1,97,36,100,80,20,8,1,2,8,2,85,23568,2,0,2,1,1,2,2,1,2,1,CHOSE_HIGH_SAL,1,455,1,0,0,0,0,0,166,122,166,122,44,122,1,0,87.2981966378987,102.701803362101,87.2981966378987,102.701803362101,-15.4036067242025,15.4036067242025,NaN,NaN,NaN,1785356123.93792,21728.36319132,2.28397631645203,0.0134730339050293,0.172561645507812,0.9727783203125,1.30519008636475,1.58947539329529,1.62255501747131,1.62255501747131,-1,-1,1.8579580783844,159.088611602783,284.285306930542,33.0796241760254,317.364931106567,Conflict,Left,Right,Right,Left,Right,0,1,0,1,1,1,0,0,1,0,1,1,0,0,0,1,1,0,1,88,68,20260729_t1609_srsSmooth_training_B001,88,68,5.41347786188126,1.22460103034973,2,1,119,1,0,0,1,1,1
20260729_t1609_srsSmooth_training,srs_smooth_training,trial0098.mat,98,98,88,1,98,36,100,80,20,8,1,2,8,2,85,23568,2,0,2,1,1,2,2,1,2,1,CHOSE_HIGH_SAL,1,455,1,0,0,0,0,0,182,104,182,104,78,104,1,180,196.555171629284,353.444828370716,16.555171629284,173.444828370716,-156.889656741432,156.889656741432,NaN,NaN,NaN,1785356127.43292,21731.85834992,2.3049783706665,0.0186107158660889,0.2610764503479,1.01926732063293,1.35199666023254,1.59445428848267,1.62772369384766,1.62772369384766,-1,-1,1.90419983863831,242.465734481812,242.457628250122,33.2694053649902,275.727033615112,Conflict,Left,Right,Right,Left,Right,0,1,0,1,1,1,0,0,1,0,1,1,0,0,0,1,1,0,1,89,69,20260729_t1609_srsSmooth_training_B001,89,69,5.47172783613205,1.21102213859558,2,1,122,1,0,0,1,1,1
20260729_t1609_srsSmooth_training,srs_smooth_training,trial0099.mat,99,99,89,1,99,36,100,80,20,8,1,2,8,2,85,23568,2,0,2,1,1,2,2,1,2,1,CHOSE_HIGH_SAL,1,455,1,0,0,0,0,0,166,97,166,97,69,97,1,0,11.3971834600035,178.602816539997,11.3971834600035,178.602816539997,-167.205633079993,167.205633079993,NaN,NaN,NaN,1785356130.99333,21735.41846888,2.15392875671387,0.016669750213623,0.275641918182373,0.859168767929077,1.19171571731567,1.45101952552795,1.49257969856262,1.49257969856262,-1,-1,1.75276827812195,258.97216796875,259.30380821228,41.560173034668,300.863981246948,Conflict,Left,Right,Right,Left,Right,0,1,0,1,1,1,0,0,1,0,1,1,0,0,0,1,1,0,1,90,70,20260729_t1609_srsSmooth_training_B001,90,70,5.53106805086136,1.25543451309204,2,1,104,1,0,0,1,1,1
20260729_t1609_srsSmooth_training,srs_smooth_training,trial0100.mat,100,100,90,1,100,36,100,80,20,8,1,2,8,2,85,23568,2,0,2,1,1,2,2,1,2,1,CHOSE_HIGH_SAL,1,455,1,0,0,0,0,0,145,131,145,131,14,131,1,0,35.3780690365993,154.621930963401,35.3780690365993,154.621930963401,-119.243861926801,119.243861926801,NaN,NaN,NaN,1785356134.36102,21738.78617568,2.22795295715332,0.0157773494720459,0.182941436767578,0.841383695602417,1.17415642738342,1.44957733154297,1.48319149017334,1.48319149017334,-1,-1,1.7933931350708,167.164087295532,275.420904159546,33.6141586303711,309.035062789917,Conflict,Left,Right,Right,Left,Right,0,1,0,1,1,1,0,0,1,0,1,1,0,0,0,1,1,0,1,91,71,20260729_t1609_srsSmooth_training_B001,91,71,5.58719620704651,1.21376061439514,2,1,97,1,0,0,1,1,1
20260729_t1609_srsSmooth_training,srs_smooth_training,trial0101.mat,101,101,91,1,101,36,100,80,20,8,1,2,8,2,85,23568,2,0,2,1,1,2,2,1,2,1,CHOSE_HIGH_SAL,1,455,1,0,0,0,0,0,162,105,162,105,57,105,1,180,198.194300288981,351.805699711019,18.1943002889812,171.805699711019,-153.611399422038,153.611399422038,NaN,NaN,NaN,1785356137.83408,21742.25915612,2.12953352928162,0.0178534984588623,0.193413734436035,0.8600172996521,1.19289946556091,1.4266357421875,1.46006631851196,1.46006631851196,-1,-1,1.7282772064209,175.560235977173,233.736276626587,33.4305763244629,267.16685295105,Conflict,Left,Right,Right,Left,Right,0,1,0,1,1,1,0,0,1,0,1,1,0,0,0,1,1,0,1,92,72,20260729_t1609_srsSmooth_training_B001,92,72,5.64508052269618,1.24510598182678,2,1,131,1,0,0,1,1,1
20260729_t1609_srsSmooth_training,srs_smooth_training,trial0102.mat,102,102,92,1,102,37,100,80,20,8,1,2,7,2,73,19432,2,0,1,2,1,1,2,2,1,1,CHOSE_LOW_SAL,2,455,1,0,0,0,0,0,157,123,157,123,34,157,1,0,35.6028142749889,154.397185725011,35.6028142749889,154.397185725011,-118.794371450022,118.794371450022,NaN,NaN,NaN,1785356141.19497,21745.6200458,2.02650499343872,0.0154333114624023,0.199219465255737,0.740868806838989,1.07380819320679,1.29921460151672,1.34085297584534,1.34085297584534,-1,-1,1.56765627861023,183.786153793335,225.406408309937,41.6383743286133,267.04478263855,Conflict,Right,Left,Right,Right,Left,0,1,0,1,1,1,1,1,0,0,0,0,1,1,1,0,1,0,1,93,73,20260729_t1609_srsSmooth_training_B001,93,73,5.70109524329503,1.23134970664978,2,1,105,1,1,0,0,1,1
20260729_t1609_srsSmooth_training,srs_smooth_training,trial0103.mat,103,103,93,1,103,38,100,80,20,8,1,1,6,2,57,12230,2,0,2,1,1,2,1,2,2,1,CHOSE_LOW_SAL,2,455,1,0,0,0,0,0,173,132,173,132,41,132,1,0,140.960535203108,49.0394647968924,140.960535203108,49.0394647968924,91.9210704062152,91.9210704062152,NaN,NaN,NaN,1785356144.44948,21748.87449088,2.03129363059998,0.0110461711883545,0.170103311538696,0.711838483810425,1.04442024230957,1.28682065010071,1.32866024971008,1.32866024971008,-1,-1,1.59682822227478,159.057140350342,242.400407791138,41.839599609375,284.240007400513,Congruent,Left,Right,Right,Left,Left,0,1,1,0,1,1,0,0,0,0,1,1,1,0,0,0,1,1,1,94,74,20260729_t1609_srsSmooth_training_B001,94,74,5.75533712704976,1.22800803184509,1,1,157,1,1,0,0,1,1
20260729_t1609_srsSmooth_training,srs_smooth_training,trial0104.mat,104,104,94,1,104,39,100,80,20,8,1,1,5,2,38,9780,2,0,1,2,1,1,1,1,1,1,CHOSE_HIGH_SAL,1,455,1,0,0,0,0,0,164,85,164,85,79,164,1,0,165.884764502082,24.1152354979179,165.884764502082,24.1152354979179,141.769529004164,141.769529004164,NaN,NaN,NaN,1785356147.70822,21752.13309824,2.03926253318787,0.0107645988464355,0.186391592025757,0.953250885009766,1.28581357002258,1.28685164451599,1.31974792480469,1.31974792480469,-1,-1,1.57223343849182,175.626993179321,1.0380744934082,32.8962802886963,33.9343547821045,Congruent,Right,Left,Right,Right,Right,0,1,1,0,1,1,1,1,1,0,0,0,0,1,1,1,1,1,1,95,75,20260729_t1609_srsSmooth_training_B001,95,75,5.80964948733648,1.22744798660278,2,1,132,1,1,0,0,1,1
20260729_t1609_srsSmooth_training,srs_smooth_training,trial0105.mat,105,105,95,1,105,40,100,80,20,8,1,1,5,2,29,21445,2,0,1,2,1,1,1,1,0,0,,0,11,0,1,0,0,0,0,199,130,199,130,69,NaN,1,180,356.500588864983,193.499411135017,176.500588864983,13.4994111350174,163.001177729965,163.001177729965,NaN,NaN,NaN,1785356150.98493,21755.4097296,0.227756261825562,0.0175154209136963,0.176428079605103,-1,-1,-1,-1,-1,-1,-1,-1,158.912658691406,NaN,NaN,NaN,Congruent,Right,Left,None,Right,Right,0,1,1,0,0,NaN,NaN,NaN,NaN,NaN,NaN,NaN,NaN,1,1,1,1,1,0,95,NaN,20260729_t1609_srsSmooth_training_B001,NaN,NaN,5.86426130533218,1.23744654655457,NaN,NaN,NaN,0,NaN,NaN,NaN,NaN,0
20260729_t1609_srsSmooth_training,srs_smooth_training,trial0106.mat,106,106,95,1,106,40,100,80,20,8,1,2,8,2,86,17682,2,0,2,1,1,2,2,1,2,1,CHOSE_HIGH_SAL,1,455,1,0,0,0,0,0,191,110,191,110,81,110,1,180,217.699110736197,332.300889263803,37.699110736197,152.300889263803,-114.601778527606,114.601778527606,NaN,NaN,NaN,1785356152.39217,21756.81693184,2.02187895774841,0.0186614990234375,0.22748064994812,0.76920747756958,1.10203647613525,1.3443591594696,1.38613224029541,1.38613224029541,-1,-1,1.61326336860657,208.819150924683,242.322683334351,41.7730808258057,284.095764160156,Conflict,Left,Right,Right,Left,Right,0,1,0,1,1,1,0,0,1,0,1,1,0,0,0,1,1,0,1,96,76,20260729_t1609_srsSmooth_training_B001,96,76,5.88771533966064,1.17948579788208,1,1,164,1,1,0,0,1,1
20260729_t1609_srsSmooth_training,srs_smooth_training,trial0107.mat,107,107,96,1,107,40,100,80,20,8,1,2,8,2,86,17682,2,0,2,1,1,2,2,1,2,1,CHOSE_HIGH_SAL,1,455,1,0,0,0,0,0,168,126,168,126,42,126,1,180,201.778417923771,348.221582076229,21.7784179237708,168.221582076229,-146.443164152458,146.443164152458,NaN,NaN,NaN,1785356155.64889,21760.07367796,2.12347960472107,0.0120658874511719,0.187439441680908,0.85430908203125,1.18711185455322,1.42084622383118,1.45418643951416,1.45418643951416,-1,-1,1.69773387908936,175.373554229736,233.734369277954,33.3402156829834,267.074584960938,Conflict,Left,Right,Right,Left,Right,0,1,0,1,1,1,0,0,1,0,1,1,0,0,0,1,1,0,1,97,77,20260729_t1609_srsSmooth_training_B001,97,77,5.94199401537577,1.2348415851593,2,1,110,1,0,0,1,1,1
20260729_t1609_srsSmooth_training,srs_smooth_training,trial0108.mat,108,108,97,1,108,40,100,80,20,8,1,2,8,2,86,17682,2,0,2,1,1,2,2,1,2,1,CHOSE_HIGH_SAL,1,455,1,0,0,0,0,0,175,87,175,87,88,87,1,0,15.3687182509345,174.631281749065,15.3687182509345,174.631281749065,-159.262563498131,159.262563498131,NaN,NaN,NaN,1785356159.01129,21763.43592764,2.13636302947998,0.0164659023284912,0.25870943069458,0.841905832290649,1.17484402656555,1.43359708786011,1.46706223487854,1.46706223487854,-1,-1,1.75195622444153,242.243528366089,258.753061294556,33.4651470184326,292.218208312988,Conflict,Left,Right,Right,Left,Right,0,1,0,1,1,1,0,0,1,0,1,1,0,0,0,1,1,0,1,98,78,20260729_t1609_srsSmooth_training_B001,98,78,5.99803396463394,1.23891735076904,2,1,126,1,0,0,1,1,1
20260729_t1609_srsSmooth_training,srs_smooth_training,trial0109.mat,109,109,98,1,109,40,100,80,20,8,1,2,8,2,86,17682,2,0,2,1,1,2,2,1,2,1,CHOSE_HIGH_SAL,1,455,1,0,0,0,0,0,172,101,172,101,71,101,1,0,38.8034364697472,151.196563530253,38.8034364697472,151.196563530253,-112.393127060506,112.393127060506,NaN,NaN,NaN,1785356162.36449,21766.7891454,2.20888495445251,0.0133988857269287,0.24708890914917,0.988901615142822,1.3217830657959,1.54720139503479,1.58065509796143,1.58065509796143,-1,-1,1.80742454528809,233.690023422241,225.418329238892,33.4537029266357,258.872032165527,Conflict,Left,Right,Right,Left,Right,0,1,0,1,1,1,0,0,1,0,1,1,0,0,0,1,1,0,1,99,79,20260729_t1609_srsSmooth_training_B001,99,79,6.0539205789566,1.21683382987976,2,1,87,1,0,0,1,1,1
20260729_t1609_srsSmooth_training,srs_smooth_training,trial0110.mat,110,110,99,1,110,40,100,80,20,8,1,2,8,2,86,17682,2,0,2,1,1,2,2,1,2,1,CHOSE_HIGH_SAL,1,455,1,0,0,0,0,0,150,111,150,111,39,111,1,0,55.4446559002752,134.555344099725,55.4446559002752,134.555344099725,-79.1106881994496,79.1106881994496,NaN,NaN,NaN,1785356165.81219,21770.23685408,2.11876058578491,0.0158240795135498,0.249589204788208,0.841159820556641,1.16586828231812,1.41618323326111,1.44957160949707,1.44957160949707,-1,-1,1.70961380004883,233.765125274658,250.314950942993,33.3883762359619,283.703327178955,Conflict,Left,Right,Right,Left,Right,0,1,0,1,1,1,0,0,1,0,1,1,0,0,0,1,1,0,1,100,80,20260729_t1609_srsSmooth_training_B001,100,80,6.11138237714767,1.23882293701172,2,1,101,1,0,0,1,1,1
20260729_t1609_srsSmooth_training,srs_smooth_training,trial0111.mat,111,111,100,1,111,40,100,80,20,8,1,2,8,2,86,17682,2,0,2,1,1,2,2,1,2,1,CHOSE_HIGH_SAL,1,455,1,0,0,0,0,0,180,88,180,88,92,88,1,180,263.036336230681,286.963663769319,83.0363362306806,106.963663769319,-23.9273275386388,23.9273275386388,NaN,NaN,NaN,1785356169.16034,21773.58493668,2.15460252761841,0.0178089141845703,0.268162250518799,0.909897565841675,1.2428560256958,1.46823501586914,1.50990509986877,1.50990509986877,-1,-1,1.76215314865112,250.353336334229,225.37899017334,41.6700839996338,267.049074172974,Conflict,Left,Right,Right,Left,Right,0,1,0,1,1,1,0,0,1,0,1,1,0,0,0,1,1,0,1,101,81,20260729_t1609_srsSmooth_training_B001,101,81,6.16718479792277,1.22938466072083,2,1,111,1,0,0,1,1,1
20260729_t1609_srsSmooth_training,srs_smooth_training,trial0112.mat,112,112,101,1,112,40,100,80,20,8,1,2,8,2,86,17682,2,0,2,1,1,2,2,1,2,1,CHOSE_HIGH_SAL,1,455,1,0,0,0,0,0,173,110,173,110,63,110,1,180,190.050717197001,359.949282802999,10.0507171970009,179.949282802999,-169.898565605998,169.898565605998,NaN,NaN,NaN,1785356172.54856,21776.97308404,2.27420711517334,0.0130560398101807,0.19675874710083,0.963735103607178,1.29643893241882,1.59676146507263,1.63010191917419,1.63010191917419,-1,-1,1.86505579948425,183.702707290649,300.322532653809,33.3404541015625,333.662986755371,Conflict,Left,Right,Right,Left,Right,0,1,0,1,1,1,0,0,1,0,1,1,0,0,0,1,1,0,1,102,82,20260729_t1609_srsSmooth_training_B001,102,82,6.22365508079529,1.23361444473267,2,1,88,1,0,0,1,1,1
20260729_t1609_srsSmooth_training,srs_smooth_training,trial0113.mat,113,113,102,1,113,40,100,80,20,8,1,2,8,2,86,17682,2,0,2,1,1,2,2,1,2,1,CHOSE_HIGH_SAL,1,455,1,0,0,0,0,0,189,97,189,97,92,97,1,0,32.2129687175453,157.787031282455,32.2129687175453,157.787031282455,-125.574062564909,125.574062564909,NaN,NaN,NaN,1785356176.04702,21780.47140584,2.18429684638977,0.0147266387939453,0.198410272598267,0.823502779006958,1.15643739700317,1.44026803970337,1.47346067428589,1.47346067428589,-1,-1,1.78347158432007,183.683633804321,283.830642700195,33.1926345825195,317.023277282715,Conflict,Left,Right,Right,Left,Right,0,1,0,1,1,1,0,0,1,0,1,1,0,0,0,1,1,0,1,103,83,20260729_t1609_srsSmooth_training_B001,103,83,6.28196281989416,1.22425723075867,2,1,110,1,0,0,1,1,1
20260729_t1609_srsSmooth_training,srs_smooth_training,trial0114.mat,114,114,103,1,114,40,100,80,20,8,1,2,8,2,86,17682,2,0,2,1,1,2,2,1,2,1,CHOSE_HIGH_SAL,1,455,1,0,0,0,0,0,185,119,185,119,66,119,1,180,243.894127465237,306.105872534763,63.8941274652374,126.105872534763,-62.2117450695252,62.2117450695252,NaN,NaN,NaN,1785356179.44876,21783.87307156,2.15018272399902,0.0131185054779053,0.272135734558105,0.838778495788574,1.17149662971497,1.43887305259705,1.472163438797,1.472163438797,-1,-1,1.73292565345764,259.0172290802,267.37642288208,33.2903861999512,300.666809082031,Conflict,Left,Right,Right,Left,Right,0,1,0,1,1,1,0,0,1,0,1,1,0,0,0,1,1,0,1,104,84,20260729_t1609_srsSmooth_training_B001,104,84,6.33865848779678,1.21744322776794,2,1,97,1,0,0,1,1,1
20260729_t1609_srsSmooth_training,srs_smooth_training,trial0115.mat,115,115,104,1,115,40,100,80,20,8,1,2,8,2,86,17682,2,0,2,1,1,2,2,1,2,1,CHOSE_HIGH_SAL,1,455,1,0,0,0,0,0,176,92,176,92,84,92,1,180,196.218321360372,353.781678639628,16.218321360372,173.781678639628,-157.563357279256,157.563357279256,NaN,NaN,NaN,1785356182.80864,21787.23272828,2.0409984588623,0.0117018222808838,0.237560272216797,0.812458992004395,1.14507865905762,1.37917852401733,1.4127402305603,1.4127402305603,-1,-1,1.64868950843811,225.858449935913,234.099864959717,33.5617065429688,267.661571502686,Conflict,Left,Right,Right,Left,Right,0,1,0,1,1,1,0,0,1,0,1,1,0,0,0,1,1,0,1,105,85,20260729_t1609_srsSmooth_training_B001,105,85,6.39465648333232,1.20969700813293,2,1,119,1,0,0,1,1,1
20260729_t1609_srsSmooth_training,srs_smooth_training,trial0116.mat,116,116,105,1,116,40,100,80,20,8,1,2,8,2,86,17682,2,0,2,1,1,2,2,1,2,1,CHOSE_HIGH_SAL,1,455,1,0,0,0,0,0,170,88,170,88,82,88,1,0,11.2379306487934,178.762069351207,11.2379306487935,178.762069351207,-167.524138702413,167.524138702413,NaN,NaN,NaN,1785356186.06842,21790.49249396,2.22219085693359,0.0187134742736816,0.227605819702148,0.994252681732178,1.32709836959839,1.52758288383484,1.56099820137024,1.56099820137024,-1,-1,1.83769726753235,208.892345428467,200.48451423645,33.4153175354004,233.899831771851,Conflict,Left,Right,Right,Left,Right,0,1,0,1,1,1,0,0,1,0,1,1,0,0,0,1,1,0,1,106,86,20260729_t1609_srsSmooth_training_B001,106,86,6.44898617267609,1.21878290176392,2,1,92,1,0,0,1,1,1
20260729_t1609_srsSmooth_training,srs_smooth_training,trial0117.mat,117,117,106,1,117,40,100,80,20,8,1,2,8,2,86,17682,2,0,2,1,1,2,2,1,2,1,CHOSE_HIGH_SAL,1,455,1,0,0,0,0,0,184,110,184,110,74,110,1,180,265.093111955493,284.906888044507,85.0931119554925,104.906888044507,-19.8137760890149,19.8137760890149,NaN,NaN,NaN,1785356189.52724,21793.951248,2.28042793273926,0.0183603763580322,0.243873596191406,0.952211380004883,1.285076379776,1.52729034423828,1.56062769889832,1.56062769889832,-1,-1,1.87145853042603,225.513219833374,242.21396446228,33.3373546600342,275.551319122314,Conflict,Left,Right,Right,Left,Right,0,1,0,1,1,1,0,0,1,0,1,1,0,0,0,1,1,0,1,107,87,20260729_t1609_srsSmooth_training_B001,107,87,6.50663319031398,1.23663020133972,2,1,88,1,0,0,1,1,1
20260729_t1609_srsSmooth_training,srs_smooth_training,trial0118.mat,118,118,107,1,118,40,100,80,20,8,1,2,8,2,86,17682,2,0,2,1,1,2,2,1,2,1,CHOSE_HIGH_SAL,1,455,1,0,0,0,0,0,161,128,161,128,33,128,1,180,190.648574846496,359.351425153504,10.6485748464957,179.351425153504,-168.702850307009,168.702850307009,NaN,NaN,NaN,1785356193.03951,21797.46348728,2.07642030715942,0.0145614147186279,0.248258829116821,0.790040016174316,1.12293839454651,1.39011168479919,1.43175053596497,1.43175053596497,-1,-1,1.6508150100708,233.697414398193,267.173290252686,41.6388511657715,308.812141418457,Conflict,Left,Right,Right,Left,Right,0,1,0,1,1,1,0,0,1,0,1,1,0,0,0,1,1,0,1,108,88,20260729_t1609_srsSmooth_training_B001,108,88,6.56517099142075,1.23184013366699,2,1,110,1,0,0,1,1,1
20260729_t1609_srsSmooth_training,srs_smooth_training,trial0119.mat,119,119,108,1,119,40,100,80,20,8,1,2,8,2,86,17682,2,0,2,1,1,2,2,1,2,1,CHOSE_HIGH_SAL,1,455,1,0,0,0,0,0,161,101,161,101,60,101,1,0,55.1117084081425,134.888291591857,55.1117084081425,134.888291591857,-79.7765831837149,79.7765831837149,NaN,NaN,NaN,1785356196.33528,21800.75917576,2.10534000396729,0.0189213752746582,0.227694988250732,0.802772760391235,1.13563132286072,1.36105751991272,1.39430069923401,1.39430069923401,-1,-1,1.70438194274902,208.773612976074,225.426197052002,33.2431793212891,258.669376373291,Conflict,Left,Right,Right,Left,Right,0,1,0,1,1,1,0,0,1,0,1,1,0,0,0,1,1,0,1,109,89,20260729_t1609_srsSmooth_training_B001,109,89,6.62010045846303,1.21934771537781,2,1,128,1,0,0,1,1,1
20260729_t1609_srsSmooth_training,srs_smooth_training,trial0120.mat,120,120,109,1,120,40,100,80,20,8,1,2,8,2,86,17682,2,0,2,1,1,2,2,1,2,1,CHOSE_HIGH_SAL,1,455,1,0,0,0,0,0,189,129,189,129,60,129,1,180,253.196172876574,296.803827123426,73.1961728765735,116.803827123426,-43.6076542468529,43.6076542468529,NaN,NaN,NaN,1785356199.67914,21804.10298032,1.87006759643555,0.0168545246124268,0.0175671577453613,0.592390060424805,0.925222635269165,1.16737794876099,1.20892953872681,1.20892953872681,-1,-1,1.44391775131226,0.71263313293457,242.155313491821,41.5515899658203,283.706903457642,Conflict,Left,Right,Right,Left,Right,0,1,0,1,1,1,0,0,1,0,1,1,0,0,0,1,1,0,1,110,90,20260729_t1609_srsSmooth_training_B001,110,90,6.6758315205574,1.23852372169495,2,1,101,1,0,0,1,1,1
20260729_t1609_srsSmooth_training,srs_smooth_training,trial0121.mat,121,121,110,1,121,40,100,80,20,8,1,2,8,2,86,17682,2,0,2,1,1,2,2,1,2,1,CHOSE_HIGH_SAL,1,455,1,0,0,0,0,0,168,110,168,110,58,110,1,0,37.9354336788701,152.06456632113,37.9354336788701,152.06456632113,-114.12913264226,114.12913264226,NaN,NaN,NaN,1785356202.78015,21807.20392016,2.28618025779724,0.0159707069396973,0.233272790908813,0.99985933303833,1.33268880844116,1.57498216629028,1.61669278144836,1.61669278144836,-1,-1,1.87726497650146,217.302083969116,242.293357849121,41.7106151580811,284.003973007202,Conflict,Left,Right,Right,Left,Right,0,1,0,1,1,1,0,0,1,0,1,1,0,0,0,1,1,0,1,111,91,20260729_t1609_srsSmooth_training_B001,111,91,6.72751491864522,1.23093628883362,2,1,129,1,0,0,1,1,1
20260729_t1609_srsSmooth_training,srs_smooth_training,trial0122.mat,122,122,111,1,122,41,100,80,20,8,1,1,6,2,44,30361,2,0,2,1,1,2,1,2,2,1,CHOSE_LOW_SAL,2,455,1,0,0,0,0,0,172,95,172,95,77,95,1,180,357.521311257919,192.478688742081,177.521311257919,12.4786887420805,165.042622515839,165.042622515839,NaN,NaN,NaN,1785356206.28486,21810.7085506,2.13160991668701,0.019730806350708,0.228610992431641,0.795345544815063,1.12810683250427,1.42877554893494,1.46209597587585,1.46209597587585,-1,-1,1.73946619033813,208.880186080933,300.668716430664,33.320426940918,333.989143371582,Congruent,Left,Right,Right,Left,Left,0,1,1,0,1,1,0,0,0,0,1,1,1,0,0,0,1,1,1,112,92,20260729_t1609_srsSmooth_training_B001,112,92,6.78592675129573,1.21852970123291,2,1,110,1,0,0,1,1,1
20260729_t1609_srsSmooth_training,srs_smooth_training,trial0123.mat,123,123,112,1,123,42,100,80,20,8,1,1,6,2,50,23941,2,0,2,1,1,2,1,2,2,1,CHOSE_LOW_SAL,2,455,1,0,0,0,0,0,181,119,181,119,62,119,1,180,335.600573683928,214.399426316072,155.600573683928,34.3994263160723,121.201147367855,121.201147367855,NaN,NaN,NaN,1785356209.6423,21814.06593232,2.05725240707397,0.0124204158782959,0.188013792037964,0.762932538986206,1.09579658508301,1.33792471885681,1.37982511520386,1.37982511520386,-1,-1,1.64038395881653,175.593376159668,242.128133773804,41.9003963470459,284.02853012085,Congruent,Left,Right,Right,Left,Left,0,1,1,0,1,1,0,0,0,0,1,1,1,0,0,0,1,1,1,113,93,20260729_t1609_srsSmooth_training_B001,113,93,6.84188408851624,1.22583031654358,2,1,95,1,0,0,1,1,1
20260729_t1609_srsSmooth_training,srs_smooth_training,trial0124.mat,124,124,113,1,124,43,100,80,20,8,1,1,6,2,59,27914,2,0,2,1,1,2,1,2,2,1,CHOSE_LOW_SAL,2,455,1,0,0,0,0,0,194,116,194,116,78,116,1,0,144.232579949991,45.7674200500094,144.232579949991,45.7674200500094,98.4651598999812,98.4651598999812,NaN,NaN,NaN,1785356212.91044,21817.33407428,2.11426305770874,0.0110719203948975,0.244922399520874,0.786641836166382,1.11944890022278,1.41153216362,1.4532585144043,1.4532585144043,-1,-1,1.6967465877533,233.850479125977,292.083263397217,41.7263507843018,333.809614181519,Congruent,Left,Right,Right,Left,Left,0,1,1,0,1,1,0,0,0,0,1,1,1,0,0,0,1,1,1,114,94,20260729_t1609_srsSmooth_training_B001,114,94,6.89635313351949,1.21089029312134,2,1,119,1,0,0,1,1,1
20260729_t1609_srsSmooth_training,srs_smooth_training,trial0125.mat,125,125,114,1,125,44,100,80,20,8,1,2,8,2,91,12771,2,0,2,1,1,2,2,1,2,1,CHOSE_HIGH_SAL,1,455,1,0,0,0,0,0,157,100,157,100,57,100,1,0,74.6984176775263,115.301582322474,74.6984176775263,115.301582322474,-40.6031646449474,40.6031646449474,NaN,NaN,NaN,1785356216.26282,21820.68638608,2.3379864692688,0.0171535015106201,0.267522573471069,1.06760454177856,1.40054035186768,1.65924692153931,1.69258666038513,1.69258666038513,-1,-1,1.93650484085083,250.369071960449,258.706569671631,33.3397388458252,292.046308517456,Conflict,Left,Right,Right,Left,Right,0,1,0,1,1,1,0,0,1,0,1,1,0,0,0,1,1,0,1,115,95,20260729_t1609_srsSmooth_training_B001,115,95,6.95222617387772,1.23811936378479,2,1,116,1,0,0,1,1,1
20260729_t1609_srsSmooth_training,srs_smooth_training,trial0126.mat,126,126,115,1,126,44,100,80,20,8,1,2,8,2,91,12771,2,0,2,1,1,2,2,1,2,1,CHOSE_HIGH_SAL,1,455,1,0,0,0,0,0,195,110,195,110,85,110,1,0,19.9952321659762,170.004767834024,19.9952321659762,170.004767834024,-150.009535668048,150.009535668048,NaN,NaN,NaN,1785356219.81743,21824.240857,2.14137816429138,0.0126791000366211,0.188106775283813,0.821404933929443,1.15439105033875,1.42161750793457,1.45499873161316,1.45499873161316,-1,-1,1.73194766044617,175.427675247192,267.226457595825,33.3812236785889,300.607681274414,Conflict,Left,Right,Right,Left,Right,0,1,0,1,1,1,0,0,1,0,1,1,0,0,0,1,1,0,1,116,96,20260729_t1609_srsSmooth_training_B001,116,96,7.01146971384684,1.21662592887878,2,1,100,1,0,0,1,1,1
20260729_t1609_srsSmooth_training,srs_smooth_training,trial0127.mat,127,127,116,1,127,44,100,80,20,8,1,2,8,2,91,12771,2,0,2,1,1,2,2,1,2,1,CHOSE_HIGH_SAL,1,455,1,0,0,0,0,0,179,119,179,119,60,119,1,0,42.8056841627125,147.194315837288,42.8056841627125,147.194315837288,-104.388631674575,104.388631674575,NaN,NaN,NaN,1785356223.16045,21827.58373028,2.19013738632202,0.0114638805389404,0.162080764770508,0.878908157348633,1.21151113510132,1.45354199409485,1.48716640472412,1.48716640472412,-1,-1,1.77223896980286,150.616884231567,242.03085899353,33.6244106292725,275.655269622803,Conflict,Left,Right,Right,Left,Right,0,1,0,1,1,1,0,0,1,0,1,1,0,0,0,1,1,0,1,117,97,20260729_t1609_srsSmooth_training_B001,117,97,7.06718657811483,1.20163369178772,2,1,110,1,0,0,1,1,1
20260729_t1609_srsSmooth_training,srs_smooth_training,trial0128.mat,128,128,117,1,128,44,100,80,20,8,1,2,8,2,91,12771,2,0,2,1,1,2,2,1,2,1,CHOSE_HIGH_SAL,1,455,1,0,0,0,0,0,166,121,166,121,45,121,1,0,15.1876295482716,174.812370451728,15.1876295482716,174.812370451728,-159.624740903457,159.624740903457,NaN,NaN,NaN,1785356226.55182,21830.9750076,2.19875478744507,0.0118870735168457,0.187382459640503,0.9125657081604,1.24526906013489,1.49570059776306,1.5292010307312,1.5292010307312,-1,-1,1.78141975402832,175.495386123657,250.431537628174,33.5004329681396,283.931970596313,Conflict,Left,Right,Right,Left,Right,0,1,0,1,1,1,0,0,1,0,1,1,0,0,0,1,1,0,1,118,98,20260729_t1609_srsSmooth_training_B001,118,98,7.1237095117569,1.20123863220215,2,1,119,1,0,0,1,1,1
20260729_t1609_srsSmooth_training,srs_smooth_training,trial0129.mat,129,129,118,1,129,44,100,80,20,8,1,2,8,2,91,12771,2,0,2,1,1,2,2,1,2,1,CHOSE_HIGH_SAL,1,455,1,0,0,0,0,0,183,142,183,142,41,142,1,180,205.40600196521,344.59399803479,25.40600196521,164.59399803479,-139.18799606958,139.18799606958,NaN,NaN,NaN,1785356229.96088,21834.38407612,2.08118963241577,0.0112960338592529,0.211648225784302,0.761977672576904,1.09467077255249,1.2952287197113,1.3285219669342,1.3285219669342,-1,-1,1.63867807388306,200.352191925049,200.557947158813,33.2932472229004,233.851194381714,Conflict,Left,Right,Right,Left,Right,0,1,0,1,1,1,0,0,1,0,1,1,0,0,0,1,1,0,1,119,99,20260729_t1609_srsSmooth_training_B001,119,99,7.18052714665731,1.21030330657959,2,1,121,1,0,0,1,1,1
20260729_t1609_srsSmooth_training,srs_smooth_training,trial0130.mat,130,130,119,1,130,44,100,80,20,8,1,2,8,2,91,12771,2,0,2,1,1,2,2,1,2,1,CHOSE_HIGH_SAL,1,455,1,0,0,0,0,0,166,104,166,104,62,104,1,180,191.874150761378,358.125849238622,11.8741507613784,178.125849238622,-166.251698477243,166.251698477243,NaN,NaN,NaN,1785356233.25575,21837.67894176,2.23681664466858,0.0165519714355469,0.217407941818237,0.983689069747925,1.31660294532776,1.56710529327393,1.60045552253723,1.60045552253723,-1,-1,1.83549427986145,200.85597038269,250.502347946167,33.3502292633057,283.852577209473,Conflict,Left,Right,Right,Left,Right,0,1,0,1,1,1,0,0,1,0,1,1,0,0,0,1,1,0,1,120,100,20260729_t1609_srsSmooth_training_B001,120,100,7.23544168074926,1.2136824131012,2,1,142,1,0,0,1,1,1
20260729_t1609_srsSmooth_training,srs_smooth_training,trial0131.mat,131,131,120,1,131,44,100,80,20,8,1,2,8,2,91,12771,2,0,2,1,1,2,2,1,2,1,CHOSE_HIGH_SAL,1,455,1,0,0,0,0,0,161,125,161,125,36,125,1,0,73.7695527395524,116.230447260448,73.7695527395524,116.230447260448,-42.4608945208953,42.4608945208953,NaN,NaN,NaN,1785356236.69972,21841.12295488,2.15926218032837,0.0143816471099854,0.239863872528076,0.898192405700684,1.23109555244446,1.45652222633362,1.48987555503845,1.48987555503845,-1,-1,1.73328185081482,225.482225418091,225.42667388916,33.353328704834,258.780002593994,Conflict,Left,Right,Right,Left,Right,0,1,0,1,1,1,0,0,1,0,1,1,0,0,0,1,1,0,1,121,101,20260729_t1609_srsSmooth_training_B001,121,101,7.29284121990204,1.20715570449829,2,1,104,1,0,0,1,1,1
20260729_t1609_srsSmooth_training,srs_smooth_training,trial0132.mat,132,132,121,1,132,44,100,80,20,8,1,2,8,2,91,12771,2,0,2,1,1,2,2,1,2,1,CHOSE_HIGH_SAL,1,455,1,0,0,0,0,0,160,126,160,126,34,126,1,0,44.0748590468899,145.92514095311,44.0748590468899,145.92514095311,-101.85028190622,101.85028190622,NaN,NaN,NaN,1785356240.09889,21844.52204712,2.19334530830383,0.0153505802154541,0.224142551422119,0.832509994506836,1.16539549827576,1.41581630706787,1.4576108455658,1.4576108455658,-1,-1,1.76787352561951,208.791971206665,250.420808792114,41.7945384979248,292.215347290039,Conflict,Left,Right,Right,Left,Right,0,1,0,1,1,1,0,0,1,0,1,1,0,0,0,1,1,0,1,122,102,20260729_t1609_srsSmooth_training_B001,122,102,7.34949393669764,1.23990082740784,2,1,125,1,0,0,1,1,1
20260729_t1609_srsSmooth_training,srs_smooth_training,trial0133.mat,133,133,122,1,133,44,100,80,20,8,1,2,8,2,91,12771,2,0,2,1,1,2,2,1,2,1,CHOSE_HIGH_SAL,1,455,1,0,0,0,0,0,165,99,165,99,66,99,1,0,18.2174959746731,171.782504025327,18.2174959746731,171.782504025327,-153.565008050654,153.565008050654,NaN,NaN,NaN,1785356243.51177,21847.93482616,2.43988943099976,0.0192649364471436,0.0201923847198486,0.777946949005127,1.11097407341003,1.36137652397156,1.39464712142944,1.39464712142944,-1,-1,1.66319036483765,0.927448272705078,250.402450561523,33.2705974578857,283.673048019409,Conflict,Left,Right,Right,Left,Right,0,1,0,1,1,1,0,0,1,0,1,1,0,0,0,1,1,0,1,123,103,20260729_t1609_srsSmooth_training_B001,123,103,7.40637538035711,1.21954131126404,2,1,126,1,0,0,1,1,1
20260729_t1609_srsSmooth_training,srs_smooth_training,trial0134.mat,134,134,123,1,134,44,100,80,20,8,1,2,8,2,91,12771,2,0,2,1,1,2,2,1,2,1,CHOSE_HIGH_SAL,1,455,1,0,0,0,0,0,168,119,168,119,49,119,1,180,267.949301278015,282.050698721985,87.9493012780155,102.050698721985,-14.1013974439691,14.1013974439691,NaN,NaN,NaN,1785356247.15891,21851.58180288,2.01757502555847,0.0139367580413818,0.280949592590332,0.789282083511353,1.11397981643677,1.33948445320129,1.38109874725342,1.38109874725342,-1,-1,1.5996630191803,267.01283454895,225.504636764526,41.614294052124,267.11893081665,Conflict,Left,Right,Right,Left,Right,0,1,0,1,1,1,0,0,1,0,1,1,0,0,0,1,1,0,1,124,104,20260729_t1609_srsSmooth_training_B001,124,104,7.46716099977493,1.20724773406982,2,1,99,1,0,0,1,1,1
20260729_t1609_srsSmooth_training,srs_smooth_training,trial0137.mat,137,137,124,1,137,44,100,80,20,8,1,2,8,2,91,12771,2,0,2,1,1,2,2,1,2,1,CHOSE_HIGH_SAL,1,455,1,0,0,0,0,0,165,97,165,97,68,97,1,0,77.051695556935,112.948304443065,77.051695556935,112.948304443065,-35.8966088861299,35.8966088861299,NaN,NaN,NaN,1785356253.19556,21857.6184458,2.12298154830933,0.0108537673950195,0.186559915542603,0.761304616928101,1.09422969818115,1.37799024581909,1.41144847869873,1.41144847869873,-1,-1,1.72188830375671,175.706148147583,283.760547637939,33.4582328796387,317.218780517578,Conflict,Left,Right,Right,Left,Right,0,1,0,1,1,1,0,0,1,0,1,1,0,0,0,1,1,0,1,125,105,20260729_t1609_srsSmooth_training_B001,125,105,7.56777186791102,4.01907706260681,2,1,119,1,0,0,1,1,1
20260729_t1609_srsSmooth_training,srs_smooth_training,trial0138.mat,138,138,125,1,138,44,100,80,20,8,1,2,8,2,91,12771,2,0,2,1,1,2,2,1,2,1,CHOSE_HIGH_SAL,1,455,1,0,0,0,0,0,156,111,156,111,45,111,1,180,203.620506072115,346.379493927885,23.6205060721149,166.379493927885,-142.75898785577,142.75898785577,NaN,NaN,NaN,1785356256.53675,21860.95942316,2.15643787384033,0.0114672183990479,0.262349367141724,0.803929567337036,1.1365110874176,1.39565634727478,1.43718147277832,1.43718147277832,-1,-1,1.74775123596191,250.882148742676,259.145259857178,41.52512550354,300.670385360718,Conflict,Left,Right,Right,Left,Right,0,1,0,1,1,1,0,0,1,0,1,1,0,0,0,1,1,0,1,126,106,20260729_t1609_srsSmooth_training_B001,126,106,7.62345827817917,1.21820306777954,2,1,97,1,0,0,1,1,1
20260729_t1609_srsSmooth_training,srs_smooth_training,trial0139.mat,139,139,126,1,139,44,100,80,20,8,1,2,8,2,91,12771,2,0,2,1,1,2,2,1,0,0,,0,11,0,1,0,0,0,0,166,108,166,108,58,NaN,1,180,192.800860736021,357.199139263979,12.800860736021,177.199139263979,-164.398278527958,164.398278527958,NaN,NaN,NaN,1785356259.90072,21864.32336992,0.124154329299927,0.014293909072876,0.0231673717498779,-1,-1,-1,-1,-1,-1,-1,-1,8.87346267700195,NaN,NaN,NaN,Conflict,Left,Right,None,Left,Right,0,1,0,1,0,NaN,NaN,NaN,NaN,NaN,NaN,NaN,NaN,0,0,1,1,0,0,126,NaN,20260729_t1609_srsSmooth_training_B001,NaN,NaN,7.67952446540197,1.20753335952759,NaN,NaN,NaN,0,NaN,NaN,NaN,NaN,0
20260729_t1609_srsSmooth_training,srs_smooth_training,trial0141.mat,141,141,126,1,141,45,100,80,20,8,1,1,5,2,25,1823,2,0,1,2,1,1,1,1,0,0,,0,11,0,1,0,0,0,0,175,137,175,137,38,NaN,1,0,98.8094683880044,91.1905316119956,98.8094683880045,91.1905316119955,7.61893677600892,7.61893677600892,NaN,NaN,NaN,1785356262.54302,21866.9655924,0.299587965011597,0.0137636661529541,0.239623308181763,-1,-1,-1,-1,-1,-1,-1,-1,225.859642028809,NaN,NaN,NaN,Congruent,Right,Left,None,Right,Right,0,1,1,0,0,NaN,NaN,NaN,NaN,NaN,NaN,NaN,NaN,1,1,1,1,1,0,126,NaN,20260729_t1609_srsSmooth_training_B001,NaN,NaN,7.72356282075246,2.51814699172974,NaN,NaN,NaN,0,NaN,NaN,NaN,NaN,0
20260729_t1609_srsSmooth_training,srs_smooth_training,trial0142.mat,142,142,126,1,142,45,100,80,20,8,1,2,7,2,61,7316,2,0,1,2,1,1,2,2,1,1,CHOSE_LOW_SAL,2,455,1,0,0,0,0,0,169,128,169,128,41,169,1,180,245.524717930932,304.475282069068,65.5247179309318,124.475282069068,-58.9505641381364,58.9505641381364,NaN,NaN,NaN,1785356263.94692,21868.36936208,2.13035845756531,0.0182545185089111,0.235714673995972,0.802448272705078,1.13496446609497,1.37742638587952,1.41078948974609,1.41078948974609,-1,-1,1.663405418396,217.460155487061,242.461919784546,33.3631038665771,275.825023651123,Conflict,Right,Left,Right,Right,Left,0,1,0,1,1,1,1,1,0,0,0,0,1,1,1,0,1,0,1,127,107,20260729_t1609_srsSmooth_training_B001,127,107,7.74696110486984,1.10430908203125,2,1,111,1,1,0,0,1,1
20260729_t1609_srsSmooth_training,srs_smooth_training,trial0143.mat,143,143,127,1,143,46,100,80,20,8,1,1,6,2,47,27000,2,0,2,1,1,2,1,2,2,1,CHOSE_LOW_SAL,2,455,1,0,0,0,0,0,155,107,155,107,48,107,1,0,121.66627346003,68.3337265399704,121.66627346003,68.3337265399704,53.3325469200592,53.3325469200592,NaN,NaN,NaN,1785356267.2977,21871.72024656,2.02874779701233,0.0175983905792236,0.209635019302368,0.742978572845459,1.07597327232361,1.35140085220337,1.38471388816833,1.38471388816833,-1,-1,1.62035775184631,192.036628723145,275.427579879761,33.3130359649658,308.740615844727,Congruent,Left,Right,Right,Left,Left,0,1,1,0,1,1,0,0,0,0,1,1,1,0,0,0,1,1,1,128,108,20260729_t1609_srsSmooth_training_B001,128,108,7.80280755758286,1.22042870521545,1,1,169,1,1,0,0,1,1
20260729_t1609_srsSmooth_training,srs_smooth_training,trial0144.mat,144,144,128,1,144,47,100,80,20,8,1,1,6,2,56,7780,2,0,2,1,1,2,1,2,2,1,CHOSE_LOW_SAL,2,455,1,0,0,0,0,0,177,110,177,110,67,110,1,0,128.146555793491,61.8534442065094,128.146555793491,61.8534442065094,66.2931115869811,66.2931115869811,NaN,NaN,NaN,1785356270.55078,21874.97317576,2.01817750930786,0.0146548748016357,0.165347337722778,0.73163914680481,1.05636167526245,1.29035568237305,1.32383346557617,1.32383346557617,-1,-1,1.60853505134583,150.692462921143,233.994007110596,33.477783203125,267.471790313721,Congruent,Left,Right,Right,Left,Left,0,1,1,0,1,1,0,0,0,0,1,1,1,0,0,0,1,1,1,129,109,20260729_t1609_srsSmooth_training_B001,129,109,7.8570254166921,1.22432374954224,2,1,107,1,0,0,1,1,1
20260729_t1609_srsSmooth_training,srs_smooth_training,trial0145.mat,145,145,129,1,145,48,100,80,20,8,1,1,5,2,34,10879,2,0,1,2,1,1,1,1,1,1,CHOSE_HIGH_SAL,1,455,1,0,0,0,0,0,167,100,167,100,67,167,1,0,178.432009598961,11.5679904010387,178.432009598961,11.5679904010387,166.864019197923,166.864019197923,NaN,NaN,NaN,1785356273.77259,21878.19507572,2.28791832923889,0.0179688930511475,0.202081203460693,0.99347186088562,1.32635378837585,1.53540992736816,1.56878018379211,1.56878018379211,-1,-1,1.82059550285339,184.112310409546,209.05613899231,33.3702564239502,242.42639541626,Congruent,Right,Left,Right,Right,Right,0,1,1,0,1,1,1,1,1,0,0,0,0,1,1,1,1,1,1,130,110,20260729_t1609_srsSmooth_training_B001,130,110,7.91072228352229,1.20363450050354,2,1,110,1,1,0,0,1,1
20260729_t1609_srsSmooth_training,srs_smooth_training,trial0146.mat,146,146,130,1,146,49,100,80,20,8,1,1,5,2,39,20287,2,0,1,2,1,1,1,1,1,1,CHOSE_HIGH_SAL,1,455,1,0,0,0,0,0,171,110,171,110,61,171,1,180,342.015491624282,207.984508375718,162.015491624282,27.9845083757182,134.030983248564,134.030983248564,NaN,NaN,NaN,1785356277.28539,21881.70781,2.27536630630493,0.0136344432830811,0.222338199615479,0.905721664428711,1.23868227005005,1.4723973274231,1.51419162750244,1.51419162750244,-1,-1,1.80774140357971,208.703756332397,233.715057373047,41.7943000793457,275.509357452393,Congruent,Right,Left,Right,Right,Right,0,1,1,0,1,1,1,1,1,0,0,0,0,1,1,1,1,1,1,131,111,20260729_t1609_srsSmooth_training_B001,131,111,7.96926905711492,1.22488808631897,1,1,167,1,0,0,1,1,1
20260729_t1609_srsSmooth_training,srs_smooth_training,trial0147.mat,147,147,131,1,147,50,100,80,20,8,1,2,7,2,68,22200,2,0,1,2,1,1,2,2,1,1,CHOSE_LOW_SAL,2,455,1,0,0,0,0,0,168,141,168,141,27,168,1,0,53.9828390947351,136.017160905265,53.9828390947351,136.017160905265,-82.0343218105298,82.0343218105298,NaN,NaN,NaN,1785356280.90709,21885.32925356,2.42944240570068,0.0170793533325195,0.284580707550049,1.08455848693848,1.41713452339172,1.6594557762146,1.70114469528198,1.70114469528198,-1,-1,1.96133637428284,267.501354217529,242.321252822876,41.6889190673828,284.010171890259,Conflict,Right,Left,Right,Right,Left,0,1,0,1,1,1,1,1,0,0,0,0,1,1,1,0,1,0,1,132,112,20260729_t1609_srsSmooth_training_B001,132,112,8.02963067293167,1.3463306427002,1,1,171,1,0,0,1,1,1
20260729_t1609_srsSmooth_training,srs_smooth_training,trial0148.mat,148,148,132,1,148,51,100,80,20,8,1,1,6,2,54,24762,2,0,2,1,1,2,1,2,2,1,CHOSE_LOW_SAL,2,455,1,0,0,0,0,0,180,117,180,117,63,117,1,180,358.433758310817,191.566241689183,178.433758310817,11.5662416891832,166.867516621634,166.867516621634,NaN,NaN,NaN,1785356284.54808,21888.97010096,2.30495953559875,0.0179035663604736,0.251783847808838,0.952114343643188,1.28461956977844,1.55219078063965,1.59358787536621,1.59358787536621,-1,-1,1.88780498504639,233.880281448364,267.571210861206,41.3970947265625,308.968305587769,Congruent,Left,Right,Right,Left,Left,0,1,1,0,1,1,0,0,0,0,1,1,1,0,0,0,1,1,1,133,113,20260729_t1609_srsSmooth_training_B001,133,113,8.09031377236048,1.21154356002808,1,1,168,1,1,0,0,1,1
20260729_t1609_srsSmooth_training,srs_smooth_training,trial0150.mat,150,150,133,1,150,52,100,80,20,8,1,1,5,2,37,27040,2,0,1,2,1,1,1,1,1,1,CHOSE_HIGH_SAL,1,455,1,0,0,0,0,0,157,121,157,121,36,157,1,180,341.435153744456,208.564846255544,161.435153744456,28.5648462555442,132.870307488912,132.870307488912,NaN,NaN,NaN,1785356289.5111,21893.93310544,2.10039663314819,0.0134077072143555,0.213876485824585,0.81387734413147,1.14678573608398,1.38072752952576,1.41405272483826,1.41405272483826,-1,-1,1.64095878601074,200.468778610229,233.941793441772,33.3251953125,267.266988754272,Congruent,Right,Left,Right,Right,Right,0,1,1,0,1,1,1,1,1,0,0,0,0,1,1,1,1,1,1,134,114,20260729_t1609_srsSmooth_training_B001,134,114,8.17303083340327,2.65806412696838,2,1,117,1,1,0,0,1,1
20260729_t1609_srsSmooth_training,srs_smooth_training,trial0151.mat,151,151,134,1,151,53,100,80,20,8,1,2,7,2,71,268,2,0,1,2,1,1,2,2,1,1,CHOSE_LOW_SAL,2,455,1,0,1,0,0,0,166,115,166,115,51,166,1,0,33.8331710360036,156.166828963996,33.8331710360036,156.166828963996,-122.333657927993,122.333657927993,NaN,NaN,NaN,1785356292.87528,21897.29734444,2.42784285545349,0.0160286426544189,0.291419982910156,1.02483010292053,1.35774755477905,1.61659383773804,1.65822434425354,1.65822434425354,-1,-1,1.96017217636108,275.391340255737,258.846282958984,41.6305065155029,300.476789474487,Conflict,Right,Left,Right,Right,Left,0,1,0,1,1,1,1,1,0,0,0,0,1,1,1,0,1,0,1,135,115,20260729_t1609_srsSmooth_training_B001,135,115,8.22910046974818,1.26378154754639,1,1,157,1,0,0,1,1,1
20260729_t1609_srsSmooth_training,srs_smooth_training,trial0152.mat,152,152,135,1,152,54,100,80,20,8,1,2,7,2,69,10647,2,0,1,2,1,1,2,2,1,1,CHOSE_LOW_SAL,2,455,1,0,0,0,0,0,163,111,163,111,52,163,1,0,19.7596154146709,170.240384585329,19.7596154146709,170.240384585329,-150.480769170658,150.480769170658,NaN,NaN,NaN,1785356296.52184,21900.94374188,2.26493549346924,0.0112776756286621,0.270110368728638,0.820109128952026,1.15298867225647,1.48686981201172,1.52847218513489,1.52847218513489,-1,-1,1.79733633995056,258.832693099976,333.881139755249,41.6023731231689,375.483512878418,Conflict,Right,Left,Right,Right,Left,0,1,0,1,1,1,1,1,0,0,0,0,1,1,1,0,1,0,1,136,116,20260729_t1609_srsSmooth_training_B001,136,116,8.28987648487091,1.2187180519104,1,1,166,1,0,0,1,1,1
20260729_t1609_srsSmooth_training,srs_smooth_training,trial0153.mat,153,153,136,1,153,55,100,80,20,8,1,1,6,2,60,3127,2,0,2,1,1,2,1,2,0,0,,0,11,0,1,0,0,0,0,179,90,179,90,89,NaN,1,180,293.378839528657,256.621160471343,113.378839528657,76.6211604713432,36.7576790573137,36.7576790573137,NaN,NaN,NaN,1785356300.00618,21904.42798492,0.103911876678467,0.01873779296875,0.0199830532073975,-1,-1,-1,-1,-1,-1,-1,-1,1.24526023864746,NaN,NaN,NaN,Congruent,Left,Right,None,Left,Left,0,1,1,0,0,NaN,NaN,NaN,NaN,NaN,NaN,NaN,NaN,0,0,0,1,1,0,136,NaN,20260729_t1609_srsSmooth_training_B001,NaN,NaN,8.34794888496399,1.21940851211548,NaN,NaN,NaN,0,NaN,NaN,NaN,NaN,0
20260729_t1609_srsSmooth_training,srs_smooth_training,trial0154.mat,154,154,136,1,154,55,100,80,20,8,1,1,6,2,43,20600,2,0,2,1,1,2,1,2,2,1,CHOSE_LOW_SAL,2,455,1,0,0,0,0,0,154,120,154,120,34,120,1,180,305.294324683421,244.705675316579,125.294324683421,64.7056753165793,60.5886493668413,60.5886493668413,NaN,NaN,NaN,1785356301.23279,21905.654626,2.17102527618408,0.0171787738800049,0.201247930526733,0.892975091934204,1.22555994987488,1.4179790019989,1.45139670372009,1.45139670372009,-1,-1,1.75305461883545,184.069156646729,192.419052124023,33.4177017211914,225.836753845215,Congruent,Left,Right,Right,Left,Left,0,1,1,0,1,1,0,0,0,0,1,1,1,0,0,0,1,1,1,137,117,20260729_t1609_srsSmooth_training_B001,137,117,8.36839233239492,1.12269496917725,1,1,163,1,1,0,0,1,1
20260729_t1609_srsSmooth_training,srs_smooth_training,trial0155.mat,155,155,137,1,155,56,100,80,20,8,1,2,8,2,93,26374,2,0,2,1,1,2,2,1,2,1,CHOSE_HIGH_SAL,1,455,1,0,0,0,0,0,162,116,162,116,46,116,1,180,190.366371964424,359.633628035576,10.3663719644241,179.633628035576,-169.267256071152,169.267256071152,NaN,NaN,NaN,1785356304.62248,21909.04419788,2.16436219215393,0.0192866325378418,0.236676454544067,0.869760036468506,1.20266652107239,1.41148233413696,1.45319938659668,1.45319938659668,-1,-1,1.74731588363647,217.389822006226,208.815813064575,41.7170524597168,250.532865524292,Conflict,Left,Right,Right,Left,Right,0,1,0,1,1,1,0,0,1,0,1,1,0,0,0,1,1,0,1,138,118,20260729_t1609_srsSmooth_training_B001,138,118,8.42488720417023,1.21866703033447,2,1,120,1,0,0,1,1,1
20260729_t1609_srsSmooth_training,srs_smooth_training,trial0156.mat,156,156,138,1,156,56,100,80,20,8,1,2,8,2,93,26374,2,0,2,1,1,2,2,1,2,1,CHOSE_HIGH_SAL,1,455,1,0,0,0,0,0,181,110,181,110,71,110,1,0,38.6874371697552,151.312562830245,38.6874371697552,151.312562830245,-112.62512566049,112.62512566049,NaN,NaN,NaN,1785356308.0077,21912.42941964,2.18751859664917,0.0175371170043945,0.192975997924805,0.943049669265747,1.27592015266418,1.50141668319702,1.53474998474121,1.53474998474121,-1,-1,1.77855587005615,175.43888092041,225.496530532837,33.3333015441895,258.829832077026,Conflict,Left,Right,Right,Left,Right,0,1,0,1,1,1,0,0,1,0,1,1,0,0,0,1,1,0,1,139,119,20260729_t1609_srsSmooth_training_B001,139,119,8.48130747874578,1.22085428237915,2,1,116,1,0,0,1,1,1
20260729_t1609_srsSmooth_training,srs_smooth_training,trial0157.mat,157,157,139,1,157,56,100,80,20,8,1,2,8,2,93,26374,2,0,2,1,1,2,2,1,2,1,CHOSE_HIGH_SAL,1,455,1,0,0,0,0,0,165,110,165,110,55,110,1,0,57.0943354689211,132.905664531079,57.0943354689211,132.905664531079,-75.8113290621579,75.8113290621579,NaN,NaN,NaN,1785356311.41646,21915.83811188,2.13710975646973,0.0172414779663086,0.217722654342651,0.892740488052368,1.2256224155426,1.45959448814392,1.49268937110901,1.49268937110901,-1,-1,1.72829484939575,200.481176376343,233.972072601318,33.0948829650879,267.066955566406,Conflict,Left,Right,Right,Left,Right,0,1,0,1,1,1,0,0,1,0,1,1,0,0,0,1,1,0,1,140,120,20260729_t1609_srsSmooth_training_B001,140,120,8.5381202061971,1.2212450504303,2,1,110,1,0,0,1,1,1
20260729_t1609_srsSmooth_training,srs_smooth_training,trial0158.mat,158,158,140,1,158,56,100,80,20,8,1,2,8,2,93,26374,2,0,2,1,1,2,2,1,2,1,CHOSE_HIGH_SAL,1,455,1,0,0,0,0,0,195,101,195,101,94,101,1,0,76.9064107382228,113.093589261777,76.9064107382227,113.093589261777,-36.1871785235545,36.1871785235545,NaN,NaN,NaN,1785356314.77546,21919.19712576,2.07023930549622,0.0167076587677002,0.134009122848511,0.750917434692383,1.08341574668884,1.35075545310974,1.38406419754028,1.38406419754028,-1,-1,1.66898703575134,117.301464080811,267.339706420898,33.308744430542,300.64845085144,Conflict,Left,Right,Right,Left,Right,0,1,0,1,1,1,0,0,1,0,1,1,0,0,0,1,1,0,1,141,121,20260729_t1609_srsSmooth_training_B001,141,121,8.59410353501638,1.22188997268677,2,1,110,1,0,0,1,1,1
20260729_t1609_srsSmooth_training,srs_smooth_training,trial0159.mat,159,159,141,1,159,56,100,80,20,8,1,2,8,2,93,26374,2,0,2,1,1,2,2,1,2,1,CHOSE_HIGH_SAL,1,455,1,0,0,0,0,0,179,127,179,127,52,127,1,180,233.22379845512,316.77620154488,53.2237984551204,136.77620154488,-83.5524030897593,83.5524030897593,NaN,NaN,NaN,1785356318.06077,21922.48232256,2.25962805747986,0.0148613452911377,0.215534210205078,0.998817682266235,1.33158016204834,1.54032325744629,1.57366967201233,1.57366967201233,-1,-1,1.83368420600891,200.67286491394,208.743095397949,33.34641456604,242.089509963989,Conflict,Left,Right,Right,Left,Right,0,1,0,1,1,1,0,0,1,0,1,1,0,0,0,1,1,0,1,142,122,20260729_t1609_srsSmooth_training_B001,142,122,8.64885867834091,1.21506929397583,2,1,101,1,0,0,1,1,1
20260729_t1609_srsSmooth_training,srs_smooth_training,trial0160.mat,160,160,142,1,160,56,100,80,20,8,1,2,8,2,93,26374,2,0,2,1,1,2,2,1,2,1,CHOSE_HIGH_SAL,1,455,1,0,0,0,0,0,174,97,174,97,77,97,1,0,71.0957493656619,118.904250634338,71.0957493656618,118.904250634338,-47.8085012686763,47.8085012686763,NaN,NaN,NaN,1785356321.52033,21925.9418518,2.17588567733765,0.0137760639190674,0.222798347473145,0.914654493331909,1.24715805053711,1.48128151893616,1.52287173271179,1.52287173271179,-1,-1,1.77475237846375,209.022283554077,234.123468399048,41.5902137756348,275.713682174683,Conflict,Left,Right,Right,Left,Right,0,1,0,1,1,1,0,0,1,0,1,1,0,0,0,1,1,0,1,143,123,20260729_t1609_srsSmooth_training_B001,143,123,8.70651793082555,1.19992709159851,2,1,127,1,0,0,1,1,1
20260729_t1609_srsSmooth_training,srs_smooth_training,trial0161.mat,161,161,143,1,161,56,100,80,20,8,1,2,8,2,93,26374,2,0,2,1,1,2,2,1,2,1,CHOSE_HIGH_SAL,1,455,1,0,0,0,0,0,157,131,157,131,26,131,1,180,260.899804186112,289.100195813888,80.8998041861117,109.100195813888,-28.2003916277765,28.2003916277765,NaN,NaN,NaN,1785356324.89375,21929.31509312,2.05185151100159,0.0154843330383301,0.215933084487915,0.799432277679443,1.13219547271729,1.36622714996338,1.39941453933716,1.39941453933716,-1,-1,1.61799192428589,200.448751449585,234.031677246094,33.1873893737793,267.219066619873,Conflict,Left,Right,Right,Left,Right,0,1,0,1,1,1,0,0,1,0,1,1,0,0,0,1,1,0,1,144,124,20260729_t1609_srsSmooth_training_B001,144,124,8.76274167299271,1.19753885269165,2,1,97,1,0,0,1,1,1
20260729_t1609_srsSmooth_training,srs_smooth_training,trial0162.mat,162,162,144,1,162,56,100,80,20,8,1,2,8,2,93,26374,2,0,2,1,1,2,2,1,2,1,CHOSE_HIGH_SAL,1,455,1,0,0,0,0,0,151,129,151,129,22,129,1,0,62.9056401417277,127.094359858272,62.9056401417277,127.094359858272,-64.1887197165446,64.1887197165446,NaN,NaN,NaN,1785356328.15394,21932.57527756,2.25857901573181,0.0137579441070557,0.197522401809692,0.980888843536377,1.31380987167358,1.58120894432068,1.61448168754578,1.61448168754578,-1,-1,1.83331274986267,183.764457702637,267.399072647095,33.2727432250977,300.671815872192,Conflict,Left,Right,Right,Left,Right,0,1,0,1,1,1,0,0,1,0,1,1,0,0,0,1,1,0,1,145,125,20260729_t1609_srsSmooth_training_B001,145,125,8.81707814931869,1.20833706855774,2,1,131,1,0,0,1,1,1
20260729_t1609_srsSmooth_training,srs_smooth_training,trial0163.mat,163,163,145,1,163,56,100,80,20,8,1,2,8,2,93,26374,2,0,2,1,1,2,2,1,2,1,CHOSE_HIGH_SAL,1,455,1,0,0,0,0,0,168,131,168,131,37,131,1,180,207.914086832496,342.085913167504,27.9140868324959,162.085913167504,-134.171826335008,134.171826335008,NaN,NaN,NaN,1785356331.62572,21936.04700328,2.07035255432129,0.0171115398406982,0.184175491333008,0.734538793563843,1.06715250015259,1.30084848403931,1.33425307273865,1.33425307273865,-1,-1,1.63596844673157,167.06395149231,233.695983886719,33.4045886993408,267.10057258606,Conflict,Left,Right,Right,Left,Right,0,1,0,1,1,1,0,0,1,0,1,1,0,0,0,1,1,0,1,146,126,20260729_t1609_srsSmooth_training_B001,146,126,8.87494122187297,1.21320533752441,2,1,129,1,0,0,1,1,1
20260729_t1609_srsSmooth_training,srs_smooth_training,trial0164.mat,164,164,146,1,164,56,100,80,20,8,1,2,8,2,93,26374,2,0,2,1,1,2,2,1,2,1,CHOSE_HIGH_SAL,1,455,1,0,0,0,0,0,175,102,175,102,73,102,1,180,263.844726928191,286.155273071809,83.8447269281914,106.155273071809,-22.3105461436171,22.3105461436171,NaN,NaN,NaN,1785356334.90853,21939.3295714,2.09640431404114,0.0177731513977051,0.159824132919312,0.818183898925781,1.15115118026733,1.43541955947876,1.46875596046448,1.46875596046448,-1,-1,1.69559693336487,142.050981521606,284.268379211426,33.3364009857178,317.604780197144,Conflict,Left,Right,Right,Left,Right,0,1,0,1,1,1,0,0,1,0,1,1,0,0,0,1,1,0,1,147,127,20260729_t1609_srsSmooth_training_B001,147,127,8.92965457836787,1.21244883537292,2,1,131,1,0,0,1,1,1
20260729_t1609_srsSmooth_training,srs_smooth_training,trial0165.mat,165,165,147,1,165,56,100,80,20,8,1,2,8,2,93,26374,2,0,2,1,1,2,2,1,2,1,CHOSE_HIGH_SAL,1,455,1,0,0,0,0,0,177,118,177,118,59,118,1,180,227.441733599907,322.558266400093,47.441733599907,142.558266400093,-95.116532800186,95.116532800186,NaN,NaN,NaN,1785356338.21094,21942.63209016,2.10244083404541,0.0154850482940674,0.166450977325439,0.807986259460449,1.14052939414978,1.39130568504333,1.43299269676208,1.43299269676208,-1,-1,1.68577146530151,150.965929031372,250.776290893555,41.68701171875,292.463302612305,Conflict,Left,Right,Right,Left,Right,0,1,0,1,1,1,0,0,1,0,1,1,0,0,0,1,1,0,1,148,128,20260729_t1609_srsSmooth_training_B001,148,128,8.98469487428665,1.20601344108582,2,1,102,1,0,0,1,1,1
20260729_t1609_srsSmooth_training,srs_smooth_training,trial0166.mat,166,166,148,1,166,56,100,80,20,8,1,2,8,2,93,26374,2,0,2,1,1,2,2,1,2,1,CHOSE_HIGH_SAL,1,455,1,0,0,0,0,0,199,111,199,111,88,111,1,0,73.7173300913145,116.282669908686,73.7173300913145,116.282669908686,-42.5653398173711,42.5653398173711,NaN,NaN,NaN,1785356341.52627,21945.9472492,2.07888507843018,0.0169565677642822,0.292529106140137,0.801225423812866,1.13366675376892,1.35911560058594,1.39236640930176,1.39236640930176,-1,-1,1.66966104507446,275.572538375854,225.448846817017,33.2508087158203,258.699655532837,Conflict,Left,Right,Right,Left,Right,0,1,0,1,1,1,0,0,1,0,1,1,0,0,0,1,1,0,1,149,129,20260729_t1609_srsSmooth_training_B001,149,129,9.03995031913121,1.21288585662842,2,1,118,1,0,0,1,1,1
20260729_t1609_srsSmooth_training,srs_smooth_training,trial0167.mat,167,167,149,1,167,56,100,80,20,8,1,2,8,2,93,26374,2,0,2,1,1,2,2,1,2,1,CHOSE_HIGH_SAL,1,455,1,0,0,0,0,0,155,105,155,105,50,105,1,180,202.947211772345,347.052788227655,22.947211772345,167.052788227655,-144.10557645531,144.10557645531,NaN,NaN,NaN,1785356344.82171,21949.24269732,1.99217057228088,0.0133087635040283,0.180742740631104,0.738820552825928,1.07168364524841,1.30569529533386,1.34716749191284,1.34716749191284,-1,-1,1.59074378013611,167.433977127075,234.011650085449,41.4721965789795,275.483846664429,Conflict,Left,Right,Right,Left,Right,0,1,0,1,1,1,0,0,1,0,1,1,0,0,0,1,1,0,1,150,130,20260729_t1609_srsSmooth_training_B001,150,130,9.09487438599269,1.21655893325806,2,1,111,1,0,0,1,1,1
20260729_t1609_srsSmooth_training,srs_smooth_training,trial0168.mat,168,168,150,1,168,56,100,80,20,8,1,2,8,2,93,26374,2,0,2,1,1,2,2,1,2,1,CHOSE_HIGH_SAL,1,455,1,0,0,0,0,0,161,127,161,127,34,127,1,180,198.556867245571,351.443132754429,18.556867245571,171.443132754429,-152.886265508858,152.886265508858,NaN,NaN,NaN,1785356348.04038,21952.46127656,2.31487035751343,0.0114371776580811,0.245347499847412,0.961946964263916,1.2948203086853,1.57058262825012,1.60372161865234,1.60372161865234,-1,-1,1.8890221118927,233.910322189331,275.762319564819,33.1389904022217,308.901309967041,Conflict,Left,Right,Right,Left,Right,0,1,0,1,1,1,0,0,1,0,1,1,0,0,0,1,1,0,1,151,131,20260729_t1609_srsSmooth_training_B001,151,131,9.14851880868276,1.22649478912354,2,1,105,1,0,0,1,1,1
20260729_t1609_srsSmooth_training,srs_smooth_training,trial0169.mat,169,169,151,1,169,56,100,80,20,8,1,2,8,2,93,26374,2,0,2,1,1,2,2,1,2,1,CHOSE_HIGH_SAL,1,455,1,0,0,0,0,0,165,114,165,114,51,114,1,0,28.8475939516891,161.152406048311,28.8475939516891,161.152406048311,-132.304812096622,132.304812096622,NaN,NaN,NaN,1785356351.59282,21956.01365796,2.31262922286987,0.0174651145935059,0.20965838432312,0.99325966835022,1.32585000991821,1.56837177276611,1.60159230232239,1.60159230232239,-1,-1,1.89512467384338,192.193269729614,242.5217628479,33.2205295562744,275.742292404175,Conflict,Left,Right,Right,Left,Right,0,1,0,1,1,1,0,0,1,0,1,1,0,0,0,1,1,0,1,152,132,20260729_t1609_srsSmooth_training_B001,152,132,9.20772622823715,1.23757481575012,2,1,127,1,0,0,1,1,1
20260729_t1609_srsSmooth_training,srs_smooth_training,trial0170.mat,170,170,152,1,170,56,100,80,20,8,1,2,8,2,93,26374,2,0,2,1,1,2,2,1,2,1,CHOSE_HIGH_SAL,1,455,1,0,0,0,0,0,174,133,174,133,41,133,1,0,16.0953895702348,173.904610429765,16.0953895702348,173.904610429765,-157.80922085953,157.80922085953,NaN,NaN,NaN,1785356355.14412,21959.56470864,2.21186494827271,0.0163052082061768,0.275635957717896,0.900649070739746,1.23302030563354,1.52555084228516,1.55848503112793,1.55848503112793,-1,-1,1.77768921852112,259.330749511719,292.530536651611,32.9341888427734,325.464725494385,Conflict,Left,Right,Right,Left,Right,0,1,0,1,1,1,0,0,1,0,1,1,0,0,0,1,1,0,1,153,133,20260729_t1609_srsSmooth_training_B001,153,133,9.26691454251607,1.23866963386536,2,1,114,1,0,0,1,1,1
20260729_t1609_srsSmooth_training,srs_smooth_training,trial0171.mat,171,171,153,1,171,57,100,80,20,8,1,2,8,2,100,7184,2,0,2,1,1,2,2,1,2,1,CHOSE_HIGH_SAL,1,455,1,0,0,0,0,0,158,120,158,120,38,120,1,0,61.699405990382,128.300594009618,61.699405990382,128.300594009618,-66.6011880192361,66.6011880192361,NaN,NaN,NaN,1785356358.58393,21963.00451464,1.98871207237244,0.0182979106903076,0.2275230884552,0.744248628616333,1.07667303085327,1.3192892074585,1.35230302810669,1.35230302810669,-1,-1,1.57148408889771,209.225177764893,242.616176605225,33.0138206481934,275.629997253418,Conflict,Left,Right,Right,Left,Right,0,1,0,1,1,1,0,0,1,0,1,1,0,0,0,1,1,0,1,154,134,20260729_t1609_srsSmooth_training_B001,154,134,9.32424469788869,1.22794437408447,2,1,133,1,0,0,1,1,1
20260729_t1609_srsSmooth_training,srs_smooth_training,trial0172.mat,172,172,154,1,172,57,100,80,20,8,1,2,8,2,100,7184,2,0,2,1,1,2,2,1,2,1,CHOSE_HIGH_SAL,1,455,1,0,0,0,0,0,159,133,159,133,26,133,1,180,244.053652777336,305.946347222664,64.0536527773357,125.946347222664,-61.8926944453286,61.8926944453286,NaN,NaN,NaN,1785356361.80124,21966.22170352,2.11278700828552,0.0177822113037109,0.277075529098511,0.802038908004761,1.13449239730835,1.38532495498657,1.42698216438293,1.42698216438293,-1,-1,1.67907905578613,259.2933177948,250.832557678223,41.6572093963623,292.489767074585,Conflict,Left,Right,Right,Left,Right,0,1,0,1,1,1,0,0,1,0,1,1,0,0,0,1,1,0,1,155,135,20260729_t1609_srsSmooth_training_B001,155,135,9.37786650657654,1.22859644889832,2,1,120,1,0,0,1,1,1
20260729_t1609_srsSmooth_training,srs_smooth_training,trial0173.mat,173,173,155,1,173,57,100,80,20,8,1,2,8,2,100,7184,2,0,2,1,1,2,2,1,2,1,CHOSE_HIGH_SAL,1,455,1,0,0,0,0,0,157,113,157,113,44,113,1,180,253.268394536381,296.731605463619,73.2683945363813,116.731605463619,-43.4632109272374,43.4632109272374,NaN,NaN,NaN,1785356365.12936,21969.5498428,2.05151748657227,0.0147922039031982,0.248952865600586,0.807315826416016,1.13983607292175,1.37405157089233,1.40734148025513,1.40734148025513,-1,-1,1.64218878746033,234.160661697388,234.215497970581,33.289909362793,267.505407333374,Conflict,Left,Right,Right,Left,Right,0,1,0,1,1,1,0,0,1,0,1,1,0,0,0,1,1,0,1,156,136,20260729_t1609_srsSmooth_training_B001,156,136,9.43333517710368,1.2153332233429,2,1,133,1,0,0,1,1,1
20260729_t1609_srsSmooth_training,srs_smooth_training,trial0174.mat,174,174,156,1,174,57,100,80,20,8,1,2,8,2,100,7184,2,0,2,1,1,2,2,1,2,1,CHOSE_HIGH_SAL,1,455,1,0,0,0,0,0,159,104,159,104,55,104,1,180,199.612194549776,350.387805450224,19.6121945497762,170.387805450224,-150.775610900448,150.775610900448,NaN,NaN,NaN,1785356368.40786,21972.82833392,1.97320437431335,0.0114209651947021,0.178441762924194,0.936781406402588,1.26980304718018,1.32059574127197,1.35396099090576,1.35396099090576,-1,-1,1.57243156433105,167.020797729492,50.7926940917969,33.3652496337891,84.1579437255859,Conflict,Left,Right,Right,Left,Right,0,1,0,1,1,1,0,0,1,0,1,1,0,0,0,1,1,0,1,157,137,20260729_t1609_srsSmooth_training_B001,157,137,9.48797682921092,1.22698163986206,2,1,113,1,0,0,1,1,1
20260729_t1609_srsSmooth_training,srs_smooth_training,trial0175.mat,175,175,157,1,175,57,100,80,20,8,1,2,8,2,100,7184,2,0,2,1,1,2,2,1,2,1,,0,11,0,1,0,0,0,0,153,128,153,128,25,128,1,0,22.0613538009721,167.938646199028,22.0613538009721,167.938646199028,-145.877292398056,145.877292398056,NaN,NaN,NaN,1785356371.62044,21976.0407802,1.63561224937439,0.015634298324585,0.207753896713257,0.841124296188354,1.17401218414307,1.4161548614502,1.44948697090149,1.44948697090149,-1,-1,-1,192.119598388672,242.142677307129,33.3321094512939,275.474786758423,Conflict,Left,Right,Right,Left,Right,0,1,0,1,0,NaN,NaN,NaN,NaN,NaN,NaN,NaN,NaN,0,0,1,1,0,0,157,NaN,20260729_t1609_srsSmooth_training_B001,NaN,NaN,9.54151980876923,1.23937439918518,NaN,NaN,NaN,0,NaN,NaN,NaN,NaN,0
20260729_t1609_srsSmooth_training,srs_smooth_training,trial0176.mat,176,176,157,1,176,57,100,80,20,8,1,2,8,2,100,7184,2,0,2,1,1,2,2,1,2,1,CHOSE_HIGH_SAL,1,455,1,0,0,0,0,0,165,102,165,102,63,102,1,180,207.897507045937,342.102492954063,27.897507045937,162.102492954063,-134.204985908126,134.204985908126,NaN,NaN,NaN,1785356374.38742,21978.80780704,2.1855309009552,0.0154237747192383,0.26637864112854,0.882968187332153,1.21546983718872,1.46607398986816,1.50788021087646,1.50788021087646,-1,-1,1.78461885452271,250.954866409302,250.604152679443,41.8062210083008,292.410373687744,Conflict,Left,Right,Right,Left,Right,0,1,0,1,1,1,0,0,1,0,1,1,0,0,0,1,1,0,1,158,138,20260729_t1609_srsSmooth_training_B001,158,138,9.58763621648153,1.13137221336365,2,1,104,1,0,0,1,1,1
20260729_t1609_srsSmooth_training,srs_smooth_training,trial0177.mat,177,177,158,1,177,57,100,80,20,8,1,2,8,2,100,7184,2,0,2,1,1,2,2,1,2,1,CHOSE_HIGH_SAL,1,455,1,0,0,0,0,0,163,92,163,92,71,92,1,180,248.258585680609,301.741414319391,68.2585856806094,121.741414319391,-53.4828286387811,53.4828286387811,NaN,NaN,NaN,1785356377.79917,21982.21947,2.14883399009705,0.0121421813964844,0.212838172912598,0.862906217575073,1.19552111625671,1.45443725585938,1.48786044120789,1.48786044120789,-1,-1,1.75650548934937,200.695991516113,258.916139602661,33.4231853485107,292.339324951172,Conflict,Left,Right,Right,Left,Right,0,1,0,1,1,1,0,0,1,0,1,1,0,0,0,1,1,0,1,159,139,20260729_t1609_srsSmooth_training_B001,159,139,9.64449867804845,1.2262167930603,2,1,102,1,0,0,1,1,1
20260729_t1609_srsSmooth_training,srs_smooth_training,trial0178.mat,178,178,159,1,178,57,100,80,20,8,1,2,8,2,100,7184,2,0,2,1,1,2,2,1,2,1,CHOSE_HIGH_SAL,1,455,1,0,0,0,0,0,148,121,148,121,27,121,1,180,271.454816453139,278.545183546861,91.4548164531388,98.5451835468612,-7.09036709372231,7.09036709372231,NaN,NaN,NaN,1785356381.1759,21985.59615628,2.13034176826477,0.0188746452331543,0.18604850769043,0.836421012878418,1.16891980171204,1.43634057044983,1.47798585891724,1.47798585891724,-1,-1,1.71323156356812,167.173862457275,267.420768737793,41.6452884674072,309.0660572052,Conflict,Left,Right,Right,Left,Right,0,1,0,1,1,1,0,0,1,0,1,1,0,0,0,1,1,0,1,160,140,20260729_t1609_srsSmooth_training_B001,160,140,9.70077753464381,1.22789740562439,2,1,92,1,0,0,1,1,1
20260729_t1609_srsSmooth_training,srs_smooth_training,trial0179.mat,179,179,160,1,179,57,100,80,20,8,1,2,8,2,100,7184,2,0,2,1,1,2,2,1,2,1,CHOSE_HIGH_SAL,1,455,1,0,0,0,0,0,178,101,178,101,77,101,1,0,18.4344410439888,171.565558956011,18.4344410439888,171.565558956011,-153.131117912023,153.131117912023,NaN,NaN,NaN,1785356384.52969,21988.94987912,2.05213975906372,0.0152187347412109,0.249371528625488,0.78270411491394,1.11526083946228,1.35774326324463,1.39939141273499,1.39939141273499,-1,-1,1.65209770202637,234.152793884277,242.482423782349,41.6481494903564,284.130573272705,Conflict,Left,Right,Right,Left,Right,0,1,0,1,1,1,0,0,1,0,1,1,0,0,0,1,1,0,1,161,141,20260729_t1609_srsSmooth_training_B001,161,141,9.75667396783829,1.22344422340393,2,1,121,1,0,0,1,1,1
20260729_t1609_srsSmooth_training,srs_smooth_training,trial0180.mat,180,180,161,1,180,57,100,80,20,8,1,2,8,2,100,7184,2,0,2,1,1,2,2,1,2,1,CHOSE_HIGH_SAL,1,455,1,0,0,0,0,0,146,111,146,111,35,111,1,0,20.5409551970394,169.459044802961,20.5409551970394,169.459044802961,-148.918089605921,148.918089605921,NaN,NaN,NaN,1785356387.85552,21992.2756234,2.33499360084534,0.0145182609558105,0.215084552764893,1.01501107215881,1.34790325164795,1.66505193710327,1.69890260696411,1.69890260696411,-1,-1,1.9255006313324,200.566291809082,317.148685455322,33.8506698608398,350.999355316162,Conflict,Left,Right,Right,Left,Right,0,1,0,1,1,1,0,0,1,0,1,1,0,0,0,1,1,0,1,162,142,20260729_t1609_srsSmooth_training_B001,162,142,9.81210445960363,1.27368974685669,2,1,101,1,0,0,1,1,1
20260729_t1609_srsSmooth_training,srs_smooth_training,trial0181.mat,181,181,162,1,181,57,100,80,20,8,1,2,8,2,100,7184,2,0,2,1,1,2,2,1,2,1,CHOSE_HIGH_SAL,1,455,1,0,0,0,0,0,180,113,180,113,67,113,1,180,195.558612461767,354.441387538233,15.5586124617669,174.441387538233,-158.882775076466,158.882775076466,NaN,NaN,NaN,1785356391.41754,21995.83765676,2.23109292984009,0.0109727382659912,0.211323738098145,0.911388158798218,1.24435377120972,1.47820806503296,1.52005219459534,1.52005219459534,-1,-1,1.82172775268555,200.350999832153,233.854293823242,41.8441295623779,275.69842338562,Conflict,Left,Right,Right,Left,Right,0,1,0,1,1,1,0,0,1,0,1,1,0,0,0,1,1,0,1,163,143,20260729_t1609_srsSmooth_training_B001,163,143,9.87147140105565,1.22702288627625,2,1,111,1,0,0,1,1,1
20260729_t1609_srsSmooth_training,srs_smooth_training,trial0182.mat,182,182,163,1,182,57,100,80,20,8,1,2,8,2,100,7184,2,0,2,1,1,2,2,1,2,1,CHOSE_HIGH_SAL,1,455,1,0,0,0,0,0,173,114,173,114,59,114,1,180,264.017360923078,285.982639076922,84.0173609230777,105.982639076922,-21.9652781538447,21.9652781538447,NaN,NaN,NaN,1785356394.89216,21999.3120726,2.2235279083252,0.0114779472351074,0.170429944992065,0.953944206237793,1.28652715682983,1.51225066184998,1.54560303688049,1.54560303688049,-1,-1,1.80626916885376,158.951997756958,225.723505020142,33.3523750305176,259.075880050659,Conflict,Left,Right,Right,Left,Right,0,1,0,1,1,1,0,0,1,0,1,1,0,0,0,1,1,0,1,164,144,20260729_t1609_srsSmooth_training_B001,164,144,9.92938187917074,1.24353575706482,2,1,113,1,0,0,1,1,1
20260729_t1609_srsSmooth_training,srs_smooth_training,trial0183.mat,183,183,164,1,183,57,100,80,20,8,1,2,8,2,100,7184,2,0,2,1,1,2,2,1,2,1,CHOSE_HIGH_SAL,1,455,1,0,0,0,0,0,163,123,163,123,40,123,1,0,19.4843345246744,170.515665475326,19.4843345246744,170.515665475326,-151.031330950651,151.031330950651,NaN,NaN,NaN,1785356398.36443,22002.78420272,2.25973033905029,0.0143501758575439,0.248253583908081,0.948588609695435,1.28106641769409,1.54846096038818,1.59013485908508,1.59013485908508,-1,-1,1.83408522605896,233.903408050537,267.394542694092,41.6738986968994,309.068441390991,Conflict,Left,Right,Right,Left,Right,0,1,0,1,1,1,0,0,1,0,1,1,0,0,0,1,1,0,1,165,145,20260729_t1609_srsSmooth_training_B001,165,145,9.98725290695826,1.24873375892639,2,1,114,1,0,0,1,1,1
20260729_t1609_srsSmooth_training,srs_smooth_training,trial0184.mat,184,184,165,1,184,57,100,80,20,8,1,2,8,2,100,7184,2,0,2,1,1,2,2,1,2,1,CHOSE_HIGH_SAL,1,455,1,0,0,0,0,0,168,110,168,110,58,110,1,0,65.4203507523437,124.579649247656,65.4203507523437,124.579649247656,-59.1592984953127,59.1592984953127,NaN,NaN,NaN,1785356401.85933,22006.27900772,2.28128337860107,0.0195796489715576,0.203747034072876,0.994978189468384,1.32796382904053,1.57883048057556,1.61205124855042,1.61205124855042,-1,-1,1.87268924713135,184.167385101318,250.866651535034,33.2207679748535,284.087419509888,Conflict,Left,Right,Right,Left,Right,0,1,0,1,1,1,0,0,1,0,1,1,0,0,0,1,1,0,1,166,146,20260729_t1609_srsSmooth_training_B001,166,146,10.0455013513565,1.23517632484436,2,1,123,1,0,0,1,1,1
20260729_t1609_srsSmooth_training,srs_smooth_training,trial0185.mat,185,185,166,1,185,57,100,80,20,8,1,2,8,2,100,7184,2,0,2,1,1,2,2,1,2,1,CHOSE_HIGH_SAL,1,455,1,0,0,0,0,0,179,118,179,118,61,118,1,180,254.828812714197,295.171187285803,74.8288127141965,115.171187285803,-40.3423745716069,40.3423745716069,NaN,NaN,NaN,1785356405.36684,22009.78652696,2.29066681861877,0.0122020244598389,0.296341419219971,1.02944016456604,1.36225414276123,1.61300611495972,1.64619088172913,1.64619088172913,-1,-1,1.87285494804382,284.139394760132,250.751972198486,33.1847667694092,283.936738967896,Conflict,Left,Right,Right,Left,Right,0,1,0,1,1,1,0,0,1,0,1,1,0,0,0,1,1,0,1,167,147,20260729_t1609_srsSmooth_training_B001,167,147,10.1039598941803,1.22622919082642,2,1,110,1,0,0,1,1,1
20260729_t1609_srsSmooth_training,srs_smooth_training,trial0186.mat,186,186,167,1,186,57,100,80,20,8,1,2,8,2,100,7184,2,0,2,1,1,2,2,1,2,1,CHOSE_HIGH_SAL,1,455,1,0,0,0,0,0,170,139,170,139,31,139,1,0,10.4551148788005,179.5448851212,10.4551148788005,179.5448851212,-169.089770242399,169.089770242399,NaN,NaN,NaN,1785356408.88414,22013.303768,1.87381792068481,0.0200433731079102,0.0210585594177246,0.570522546768188,0.903411388397217,1.16240477561951,1.20414423942566,1.20414423942566,-1,-1,1.43105983734131,1.01518630981445,258.99338722229,41.7394638061523,300.732851028442,Conflict,Left,Right,Right,Left,Right,0,1,0,1,1,1,0,0,1,0,1,1,0,0,0,1,1,0,1,168,148,20260729_t1609_srsSmooth_training_B001,168,148,10.1625814755758,1.22662806510925,2,1,118,1,0,0,1,1,1
20260729_t1609_srsSmooth_training,srs_smooth_training,trial0187.mat,187,187,168,1,187,58,100,80,20,8,1,2,7,2,63,14362,2,0,1,2,1,1,2,2,0,0,,0,11,0,1,0,0,0,0,177,102,177,102,75,NaN,1,180,230.07925997127,319.92074002873,50.0792599712705,139.92074002873,-89.8414800574591,89.8414800574591,NaN,NaN,NaN,1785356411.97801,22016.39749996,0.220136642456055,0.0179629325866699,0.0190012454986572,-1,-1,-1,-1,-1,-1,-1,-1,1.0383129119873,NaN,NaN,NaN,Conflict,Right,Left,None,Right,Left,0,1,0,1,0,NaN,NaN,NaN,NaN,NaN,NaN,NaN,NaN,1,1,0,1,0,0,168,NaN,20260729_t1609_srsSmooth_training_B001,NaN,NaN,10.2141459306081,1.2200493812561,NaN,NaN,NaN,0,NaN,NaN,NaN,NaN,0
20260729_t1609_srsSmooth_training,srs_smooth_training,trial0188.mat,188,188,168,1,188,58,100,80,20,8,1,1,5,2,33,31687,2,0,1,2,1,1,1,1,1,1,CHOSE_HIGH_SAL,1,455,1,0,0,0,0,0,156,109,156,109,47,156,1,180,276.580850966235,273.419149033765,96.5808509662353,93.4191490337647,3.16170193247069,3.16170193247069,NaN,NaN,NaN,1785356413.32714,22017.7468194,2.0884895324707,0.0105488300323486,0.177830696105957,0.761083602905273,1.09392380714417,1.32783317565918,1.36128616333008,1.36128616333008,-1,-1,1.6294219493866,167.281866073608,233.909368515015,33.4529876708984,267.362356185913,Congruent,Right,Left,Right,Right,Right,0,1,1,0,1,1,1,1,1,0,0,0,0,1,1,1,1,1,1,169,149,20260729_t1609_srsSmooth_training_B001,169,149,10.2366314649582,1.12899541854858,2,1,139,1,1,0,0,1,1
20260729_t1609_srsSmooth_training,srs_smooth_training,trial0189.mat,189,189,169,1,189,59,100,80,20,8,1,2,8,2,98,28962,2,0,2,1,1,2,2,1,2,1,CHOSE_HIGH_SAL,1,455,1,0,0,0,0,0,157,136,157,136,21,136,1,0,10.9170437217147,179.082956278285,10.9170437217147,179.082956278285,-168.165912556571,168.165912556571,NaN,NaN,NaN,1785356416.64565,22021.06510868,2.27906179428101,0.0171620845794678,0.184559345245361,0.926079273223877,1.25887703895569,1.51788735389709,1.55133366584778,1.55133366584778,-1,-1,1.84455823898315,167.397260665894,259.010314941406,33.4463119506836,292.45662689209,Conflict,Left,Right,Right,Left,Right,0,1,0,1,1,1,0,0,1,0,1,1,0,0,0,1,1,0,1,170,150,20260729_t1609_srsSmooth_training_B001,170,150,10.2919400612513,1.23002624511719,1,1,156,1,1,0,0,1,1
20260729_t1609_srsSmooth_training,srs_smooth_training,trial0190.mat,190,190,170,1,190,59,100,80,20,8,1,2,8,2,98,28962,2,0,2,1,1,2,2,1,2,1,CHOSE_HIGH_SAL,1,455,1,0,0,0,0,0,163,91,163,91,72,91,1,0,24.2202546566679,165.779745343332,24.2202546566679,165.779745343332,-141.559490686664,141.559490686664,NaN,NaN,NaN,1785356420.14357,22024.56310968,2.02269101142883,0.011044979095459,0.236954212188721,0.811858415603638,1.14442229270935,1.37002897262573,1.41179919242859,1.41179919242859,-1,-1,1.6302056312561,225.909233093262,225.606679916382,41.7702198028564,267.376899719238,Conflict,Left,Right,Right,Left,Right,0,1,0,1,1,1,0,0,1,0,1,1,0,0,0,1,1,0,1,171,151,20260729_t1609_srsSmooth_training_B001,171,151,10.350238708655,1.21885704994202,2,1,136,1,0,0,1,1,1
20260729_t1609_srsSmooth_training,srs_smooth_training,trial0191.mat,191,191,171,1,191,59,100,80,20,8,1,2,8,2,98,28962,2,0,2,1,1,2,2,1,2,1,CHOSE_HIGH_SAL,1,455,1,0,0,0,0,0,167,115,167,115,52,115,1,0,39.1694148911095,150.83058510889,39.1694148911095,150.83058510889,-111.661170217781,111.661170217781,NaN,NaN,NaN,1785356423.42964,22027.84905108,2.12829518318176,0.0167737007141113,0.125778198242188,0.817700386047363,1.15015053749084,1.41740918159485,1.45081520080566,1.45081520080566,-1,-1,1.71061968803406,109.004497528076,267.258644104004,33.4060192108154,300.664663314819,Conflict,Left,Right,Right,Left,Right,0,1,0,1,1,1,0,0,1,0,1,1,0,0,0,1,1,0,1,172,152,20260729_t1609_srsSmooth_training_B001,172,152,10.4050064682961,1.26337456703186,2,1,91,1,0,0,1,1,1
20260729_t1609_srsSmooth_training,srs_smooth_training,trial0192.mat,192,192,172,1,192,59,100,80,20,8,1,2,8,2,98,28962,2,0,2,1,1,2,2,1,2,1,CHOSE_HIGH_SAL,1,455,1,0,0,0,0,0,172,103,172,103,69,103,1,0,14.5390494387333,175.460950561267,14.5390494387333,175.460950561267,-160.921901122533,160.921901122533,NaN,NaN,NaN,1785356426.79829,22031.21759548,2.07681345939636,0.0149202346801758,0.198818445205688,0.732138156890869,1.06496119499207,1.35715961456299,1.39033460617065,1.39033460617065,-1,-1,1.67638278007507,183.898210525513,292.198419570923,33.174991607666,325.373411178589,Conflict,Left,Right,Right,Left,Right,0,1,0,1,1,1,0,0,1,0,1,1,0,0,0,1,1,0,1,173,153,20260729_t1609_srsSmooth_training_B001,173,153,10.4611506422361,1.2403552532196,2,1,115,1,0,0,1,1,1
20260729_t1609_srsSmooth_training,srs_smooth_training,trial0193.mat,193,193,173,1,193,59,100,80,20,8,1,2,8,2,98,28962,2,0,2,1,1,2,2,1,2,1,CHOSE_HIGH_SAL,1,455,1,0,0,0,0,0,164,138,164,138,26,138,1,180,243.338510851379,306.661489148621,63.338510851379,126.661489148621,-63.3229782972419,63.3229782972419,NaN,NaN,NaN,1785356430.10453,22034.5238354,2.38786435127258,0.0171427726745605,0.251036167144775,1.04286742210388,1.37552881240845,1.62600612640381,1.65954446792603,1.65954446792603,-1,-1,1.95291662216187,233.893394470215,250.477313995361,33.5383415222168,284.015655517578,Conflict,Left,Right,Right,Left,Right,0,1,0,1,1,1,0,0,1,0,1,1,0,0,0,1,1,0,1,174,154,20260729_t1609_srsSmooth_training_B001,174,154,10.5162546157837,1.22942495346069,2,1,103,1,0,0,1,1,1
20260729_t1609_srsSmooth_training,srs_smooth_training,trial0194.mat,194,194,174,1,194,59,100,80,20,8,1,2,8,2,98,28962,2,0,2,1,1,2,2,1,2,1,CHOSE_HIGH_SAL,1,455,1,0,0,0,0,0,170,118,170,118,52,118,1,0,51.543609674971,138.456390325029,51.543609674971,138.456390325029,-86.9127806500581,86.9127806500581,NaN,NaN,NaN,1785356433.7261,22038.14518416,2.24902129173279,0.0123815536499023,0.288208246231079,0.929522275924683,1.2624306678772,1.50485682487488,1.53781151771545,1.53781151771545,-1,-1,1.83234024047852,275.826692581177,242.426156997681,32.9546928405762,275.380849838257,Conflict,Left,Right,Right,Left,Right,0,1,0,1,1,1,0,0,1,0,1,1,0,0,0,1,1,0,1,175,155,20260729_t1609_srsSmooth_training_B001,175,155,10.5766140858332,1.23370385169983,2,1,138,1,0,0,1,1,1
20260729_t1609_srsSmooth_training,srs_smooth_training,trial0195.mat,195,195,175,1,195,59,100,80,20,8,1,2,8,2,98,28962,2,0,2,1,1,2,2,1,2,1,CHOSE_HIGH_SAL,1,455,1,0,0,0,0,0,166,109,166,109,57,109,1,180,210.438169166005,339.561830833995,30.4381691660045,159.561830833995,-129.123661667991,129.123661667991,NaN,NaN,NaN,1785356437.21106,22041.63017884,2.11410927772522,0.0108850002288818,0.186627626419067,0.844959497451782,1.17759704589844,1.40330982208252,1.44500327110291,1.44500327110291,-1,-1,1.70509719848633,175.742626190186,225.712776184082,41.6934490203857,267.406225204468,Conflict,Left,Right,Right,Left,Right,0,1,0,1,1,1,0,0,1,0,1,1,0,0,0,1,1,0,1,176,156,20260729_t1609_srsSmooth_training_B001,176,156,10.6346968452136,1.23594427108765,2,1,118,1,0,0,1,1,1
20260729_t1609_srsSmooth_training,srs_smooth_training,trial0196.mat,196,196,176,1,196,59,100,80,20,8,1,2,8,2,98,28962,2,0,2,1,1,2,2,1,0,0,,0,11,0,1,0,0,0,0,161,132,161,132,29,NaN,1,180,227.124546737894,322.875453262106,47.1245467378938,142.875453262106,-95.7509065242123,95.7509065242123,NaN,NaN,NaN,1785356440.55566,22044.974608,0.327243566513062,0.0164163112640381,0.258899688720703,-1,-1,-1,-1,-1,-1,-1,-1,242.483377456665,NaN,NaN,NaN,Conflict,Left,Right,None,Left,Right,0,1,0,1,0,NaN,NaN,NaN,NaN,NaN,NaN,NaN,NaN,0,0,1,1,0,0,176,NaN,20260729_t1609_srsSmooth_training_B001,NaN,NaN,10.6904401580493,1.23048949241638,NaN,NaN,NaN,0,NaN,NaN,NaN,NaN,0
20260729_t1609_srsSmooth_training,srs_smooth_training,trial0197.mat,197,197,176,1,197,59,100,80,20,8,1,2,8,2,98,28962,2,0,2,1,1,2,2,1,2,1,CHOSE_HIGH_SAL,1,455,1,0,0,0,0,0,150,104,150,104,46,104,1,180,206.658919801009,343.341080198991,26.6589198010091,163.341080198991,-136.682160397982,136.682160397982,NaN,NaN,NaN,1785356442.00142,22046.4204122,2.24061322212219,0.0123798847198486,0.27949857711792,0.946161031723022,1.2790961265564,1.58782553672791,1.62112712860107,1.62112712860107,-1,-1,1.84011459350586,267.118692398071,308.729410171509,33.3015918731689,342.031002044678,Conflict,Left,Right,Right,Left,Right,0,1,0,1,1,1,0,0,1,0,1,1,0,0,0,1,1,0,1,177,157,20260729_t1609_srsSmooth_training_B001,177,157,10.7145361264547,1.11851453781128,2,1,109,1,0,0,1,1,1
20260729_t1609_srsSmooth_training,srs_smooth_training,trial0198.mat,198,198,177,1,198,59,100,80,20,8,1,2,8,2,98,28962,2,0,2,1,1,2,2,1,2,1,CHOSE_HIGH_SAL,1,455,1,0,0,0,0,0,198,73,198,73,125,73,1,0,91.5089056975299,98.4910943024701,91.5089056975299,98.4910943024701,-6.98218860494023,6.98218860494023,NaN,NaN,NaN,1785356445.48217,22049.90106488,2.00982642173767,0.0150988101959229,0.223912000656128,0.740610599517822,1.07347297668457,1.34064650535583,1.38226318359375,1.38226318359375,-1,-1,1.63506507873535,208.813190460205,267.173528671265,41.616678237915,308.79020690918,Conflict,Left,Right,Right,Left,Right,0,1,0,1,1,1,0,0,1,0,1,1,0,0,0,1,1,0,1,178,158,20260729_t1609_srsSmooth_training_B001,178,158,10.772548631827,1.24013710021973,2,1,104,1,0,0,1,1,1
20260729_t1609_srsSmooth_training,srs_smooth_training,trial0199.mat,199,199,178,1,199,59,100,80,20,8,1,2,8,2,98,28962,2,0,2,1,1,2,2,1,2,1,CHOSE_HIGH_SAL,1,455,1,0,0,0,0,0,159,124,159,124,35,124,1,180,239.89785702297,310.10214297703,59.8978570229703,130.10214297703,-70.2042859540595,70.2042859540595,NaN,NaN,NaN,1785356448.727,22053.14583888,2.05743932723999,0.012059211730957,0.22930645942688,0.787689685821533,1.12043595314026,1.32938885688782,1.37107038497925,1.37107038497925,-1,-1,1.63186645507812,217.247247695923,208.952903747559,41.6815280914307,250.634431838989,Conflict,Left,Right,Right,Left,Right,0,1,0,1,1,1,0,0,1,0,1,1,0,0,0,1,1,0,1,179,159,20260729_t1609_srsSmooth_training_B001,179,159,10.8266291618347,1.23500537872314,2,1,73,1,0,0,1,1,1
20260729_t1609_srsSmooth_training,srs_smooth_training,trial0200.mat,200,200,179,1,200,59,100,80,20,8,1,2,8,2,98,28962,2,0,2,1,1,2,2,1,2,1,CHOSE_HIGH_SAL,1,455,1,0,0,0,0,0,156,122,156,122,34,122,1,0,84.9699439719957,105.030056028004,84.9699439719957,105.030056028004,-20.0601120560085,20.0601120560085,NaN,NaN,NaN,1785356452.01741,22056.43612844,2.20901370048523,0.0134494304656982,0.239291429519653,0.897648096084595,1.23016357421875,1.47267174720764,1.51428270339966,1.51428270339966,-1,-1,1.78312587738037,225.841999053955,242.508172988892,41.6109561920166,284.119129180908,Conflict,Left,Right,Right,Left,Right,0,1,0,1,1,1,0,0,1,0,1,1,0,0,0,1,1,0,1,180,160,20260729_t1609_srsSmooth_training_B001,180,160,10.8814692378044,1.23296523094177,2,1,124,1,0,0,1,1,1
20260729_t1609_srsSmooth_training,srs_smooth_training,trial0201.mat,201,201,180,1,201,59,100,80,20,8,1,2,8,2,98,28962,2,0,2,1,1,2,2,1,2,1,CHOSE_HIGH_SAL,1,455,1,0,0,0,0,0,168,119,168,119,49,119,1,0,70.7983532790521,119.201646720948,70.7983532790522,119.201646720948,-48.4032934418957,48.4032934418957,NaN,NaN,NaN,1785356455.46143,22059.88011856,2.07285189628601,0.011223316192627,0.0122499465942383,0.670410394668579,1.00292944908142,1.30346179008484,1.3451189994812,1.3451189994812,-1,-1,1.65503835678101,1.02663040161133,300.532341003418,41.6572093963623,342.18955039978,Conflict,Left,Right,Right,Left,Right,0,1,0,1,1,1,0,0,1,0,1,1,0,0,0,1,1,0,1,181,161,20260729_t1609_srsSmooth_training_B001,181,161,10.9388696710269,1.23501229286194,2,1,122,1,0,0,1,1,1
20260729_t1609_srsSmooth_training,srs_smooth_training,trial0202.mat,202,202,181,1,202,59,100,80,20,8,1,2,8,2,98,28962,2,0,2,1,1,2,2,1,2,1,CHOSE_HIGH_SAL,1,455,1,0,0,0,0,0,164,116,164,116,48,116,1,0,70.9127636341144,119.087236365886,70.9127636341144,119.087236365886,-48.1744727317711,48.1744727317711,NaN,NaN,NaN,1785356458.77032,22063.18896712,2.09741926193237,0.0108001232147217,0.261649131774902,0.869936943054199,1.20251297950745,1.41972255706787,1.46147084236145,1.46147084236145,-1,-1,1.68008494377136,250.849008560181,217.209577560425,41.7482852935791,258.957862854004,Conflict,Left,Right,Right,Left,Right,0,1,0,1,1,1,0,0,1,0,1,1,0,0,0,1,1,0,1,182,162,20260729_t1609_srsSmooth_training_B001,182,162,10.9940177798271,1.23603463172913,2,1,119,1,0,0,1,1,1
20260729_t1609_srsSmooth_training,srs_smooth_training,trial0203.mat,203,203,182,1,203,59,100,80,20,8,1,2,8,2,98,28962,2,0,2,1,1,2,2,1,2,1,CHOSE_HIGH_SAL,1,455,1,0,0,0,0,0,145,106,145,106,39,106,1,0,52.854080966379,137.145919033621,52.854080966379,137.145919033621,-84.291838067242,84.291838067242,NaN,NaN,NaN,1785356462.15159,22066.57016576,2.0323748588562,0.0129940509796143,0.213826656341553,0.73884129524231,1.07136821746826,1.34689927101135,1.38011145591736,1.38011145591736,-1,-1,1.62419033050537,200.832605361938,275.531053543091,33.2121849060059,308.743238449097,Conflict,Left,Right,Right,Left,Right,0,1,0,1,1,1,0,0,1,0,1,1,0,0,0,1,1,0,1,183,163,20260729_t1609_srsSmooth_training_B001,183,163,11.0503722945849,1.28385162353516,2,1,116,1,0,0,1,1,1
20260729_t1609_srsSmooth_training,srs_smooth_training,trial0204.mat,204,204,183,1,204,59,100,80,20,8,1,2,8,2,98,28962,2,0,2,1,1,2,2,1,2,1,CHOSE_HIGH_SAL,1,455,1,0,0,0,0,0,163,103,163,103,60,103,1,180,221.378651806485,328.621348193515,41.3786518064846,148.621348193515,-107.242696387031,107.242696387031,NaN,NaN,NaN,1785356465.4521,22069.8705894,1.96564531326294,0.0126128196716309,0.179865837097168,0.796637296676636,1.12932300567627,1.24650168418884,1.27994918823242,1.27994918823242,-1,-1,1.5652449131012,167.253017425537,117.178678512573,33.4475040435791,150.626182556152,Conflict,Left,Right,Right,Left,Right,0,1,0,1,1,1,0,0,1,0,1,1,0,0,0,1,1,0,1,184,164,20260729_t1609_srsSmooth_training_B001,184,164,11.1053807814916,1.26813435554504,2,1,106,1,0,0,1,1,1
20260729_t1609_srsSmooth_training,srs_smooth_training,trial0205.mat,205,205,184,1,205,60,100,80,20,8,1,2,7,2,70,13862,2,0,1,2,1,1,2,2,1,1,CHOSE_LOW_SAL,2,455,1,0,0,0,0,0,187,105,187,105,82,187,1,180,203.773607451488,346.226392548512,23.7736074514878,166.226392548512,-142.452785097024,142.452785097024,NaN,NaN,NaN,1785356468.65487,22073.07335768,2.29658961296082,0.0182974338531494,0.252215385437012,0.985499620437622,1.31834840774536,1.54418253898621,1.57750964164734,1.57750964164734,-1,-1,1.81239461898804,233.917951583862,225.834131240845,33.3271026611328,259.161233901978,Conflict,Right,Left,Right,Right,Left,0,1,0,1,1,1,1,1,0,0,0,0,1,1,1,0,1,0,1,185,165,20260729_t1609_srsSmooth_training_B001,185,165,11.1587603410085,1.23712825775146,2,1,103,1,1,0,0,1,1
20260729_t1609_srsSmooth_training,srs_smooth_training,trial0206.mat,206,206,185,1,206,61,100,80,20,8,1,1,6,2,48,4817,2,0,2,1,1,2,1,2,2,1,CHOSE_LOW_SAL,2,455,1,0,0,0,0,0,152,104,152,104,48,104,1,180,358.853664125561,191.146335874439,178.853664125561,11.1463358744389,167.707328251122,167.707328251122,NaN,NaN,NaN,1785356472.17218,22076.59047472,2.17132925987244,0.0177960395812988,0.218494176864624,0.943473339080811,1.27617907524109,1.46844387054443,1.50151395797729,1.50151395797729,-1,-1,1.77053260803223,200.698137283325,192.264795303345,33.0700874328613,225.334882736206,Congruent,Left,Right,Right,Left,Left,0,1,1,0,1,1,0,0,0,0,1,1,1,0,0,0,1,1,1,186,166,20260729_t1609_srsSmooth_training_B001,186,166,11.2173820972443,1.22071576118469,1,1,187,1,1,0,0,1,1
20260729_t1609_srsSmooth_training,srs_smooth_training,trial0207.mat,207,207,186,1,207,62,100,80,20,8,1,1,6,2,58,28799,2,0,2,1,1,2,1,2,2,1,CHOSE_LOW_SAL,2,455,1,0,0,0,0,0,158,113,158,113,45,113,1,180,359.399522358082,190.600477641918,179.399522358082,10.600477641918,168.799044716164,168.799044716164,NaN,NaN,NaN,1785356475.56037,22079.97866092,2.14980936050415,0.0130646228790283,0.197195529937744,0.980414152145386,1.31311559677124,1.46386528015137,1.49727964401245,1.49727964401245,-1,-1,1.73277759552002,184.130907058716,150.749683380127,33.414363861084,184.164047241211,Congruent,Left,Right,Right,Left,Left,0,1,1,0,1,1,0,0,0,0,1,1,1,0,0,0,1,1,1,187,167,20260729_t1609_srsSmooth_training_B001,187,167,11.2738520383835,1.21686720848083,2,1,104,1,0,0,1,1,1
20260729_t1609_srsSmooth_training,srs_smooth_training,trial0208.mat,208,208,187,1,208,63,100,80,20,8,1,1,5,2,29,21445,2,0,1,2,1,1,1,1,1,1,CHOSE_HIGH_SAL,1,455,1,0,0,0,0,0,161,139,161,139,22,161,1,0,165.401139885309,24.5988601146914,165.401139885309,24.5988601146914,140.802279770617,140.802279770617,NaN,NaN,NaN,1785356478.94049,22083.35870792,2.36187219619751,0.0164141654968262,0.250577926635742,0.967273950576782,1.29979705810547,1.55889344215393,1.59194087982178,1.59194087982178,-1,-1,1.90221619606018,234.163761138916,259.096384048462,33.0474376678467,292.143821716309,Congruent,Right,Left,Right,Right,Right,0,1,1,0,1,1,1,1,1,0,0,0,0,1,1,1,1,1,1,188,168,20260729_t1609_srsSmooth_training_B001,188,168,11.3301873127619,1.23030710220337,2,1,113,1,1,0,0,1,1
20260729_t1609_srsSmooth_training,srs_smooth_training,trial0209.mat,209,209,188,1,209,64,100,80,20,8,1,2,7,2,63,14362,2,0,1,2,1,1,2,2,1,1,CHOSE_LOW_SAL,2,455,1,0,0,0,0,0,159,87,159,87,72,159,1,0,51.8228868793643,138.177113120636,51.8228868793643,138.177113120636,-86.3542262412714,86.3542262412714,NaN,NaN,NaN,1785356482.52694,22086.94506644,2.1505081653595,0.0134322643280029,0.255714893341064,0.772509574890137,1.10514116287231,1.34756755828857,1.38918709754944,1.38918709754944,-1,-1,1.69144940376282,242.282629013062,242.42639541626,41.6195392608643,284.045934677124,Conflict,Right,Left,Right,Right,Left,0,1,0,1,1,1,1,1,0,0,0,0,1,1,1,0,1,0,1,189,169,20260729_t1609_srsSmooth_training_B001,189,169,11.3899615605672,1.22458267211914,1,1,161,1,0,0,1,1,1
20260729_t1609_srsSmooth_training,srs_smooth_training,trial0210.mat,210,210,189,1,210,65,100,80,20,8,1,1,5,2,31,1060,2,0,1,2,1,1,1,1,1,1,CHOSE_HIGH_SAL,1,455,1,0,0,0,0,0,184,107,184,107,77,184,1,180,279.718233182134,270.281766817866,99.7182331821339,90.2817668178661,9.43646636426774,9.43646636426774,NaN,NaN,NaN,1785356485.91046,22090.32853472,2.32487297058105,0.0133867263793945,0.272554636001587,1.03049755096436,1.36343955993652,1.57216262817383,1.60557126998901,1.60557126998901,-1,-1,1.84076428413391,259.167909622192,208.723068237305,33.4086418151855,242.13171005249,Congruent,Right,Left,Right,Right,Right,0,1,1,0,1,1,1,1,1,0,0,0,0,1,1,1,1,1,1,190,170,20260729_t1609_srsSmooth_training_B001,190,170,11.4463534196218,1.23300337791443,1,1,159,1,0,0,1,1,1
20260729_t1609_srsSmooth_training,srs_smooth_training,trial0211.mat,211,211,190,1,211,66,100,80,20,8,1,1,6,2,60,3127,2,0,2,1,1,2,1,2,2,1,CHOSE_LOW_SAL,2,455,1,0,0,0,0,0,146,115,146,115,31,115,1,180,344.796024019748,205.203975980252,164.796024019748,25.2039759802516,139.592048039497,139.592048039497,NaN,NaN,NaN,1785356489.45985,22093.87785056,2.1421844959259,0.0141270160675049,0.197863817214966,0.88138747215271,1.21417307853699,1.44791579246521,1.48967099189758,1.48967099189758,-1,-1,1.72499537467957,183.736801147461,233.742713928223,41.755199432373,275.497913360596,Congruent,Left,Right,Right,Left,Left,0,1,1,0,1,1,0,0,0,0,1,1,1,0,0,0,1,1,1,191,171,20260729_t1609_srsSmooth_training_B001,191,171,11.5055100639661,1.22452569007874,1,1,184,1,1,0,0,1,1
20260729_t1609_srsSmooth_training,srs_smooth_training,trial0212.mat,212,212,191,1,212,67,100,80,20,8,1,2,7,2,66,25893,2,0,1,2,1,1,2,2,1,1,CHOSE_LOW_SAL,2,455,1,0,0,0,0,0,153,94,153,94,59,153,1,0,66.1847864139713,123.815213586029,66.1847864139713,123.815213586029,-57.6304271720574,57.6304271720574,NaN,NaN,NaN,1785356492.81804,22097.23606084,2.09267354011536,0.0144021511077881,0.198258876800537,0.798301696777344,1.13111305236816,1.37308096885681,1.4066436290741,1.4066436290741,-1,-1,1.64173483848572,183.856725692749,241.967916488647,33.5626602172852,275.530576705933,Conflict,Right,Left,Right,Right,Left,0,1,0,1,1,1,1,1,0,0,0,0,1,1,1,0,1,0,1,192,172,20260729_t1609_srsSmooth_training_B001,192,172,11.5614798784256,1.21600437164307,2,1,115,1,1,0,0,1,1
20260729_t1609_srsSmooth_training,srs_smooth_training,trial0213.mat,213,213,192,1,213,68,100,80,20,8,1,2,7,2,67,22496,2,0,1,2,1,1,2,2,1,1,CHOSE_LOW_SAL,2,455,1,0,0,0,0,0,158,94,158,94,64,158,1,180,213.698160625247,336.301839374753,33.6981606252469,156.301839374753,-122.603678749506,122.603678749506,NaN,NaN,NaN,1785356496.15528,22100.57321528,2.11380434036255,0.0189657211303711,0.186203479766846,0.744817972183228,1.07733941078186,1.32795119285583,1.36100316047668,1.36100316047668,-1,-1,1.65455794334412,167.237758636475,250.611782073975,33.0519676208496,283.663749694824,Conflict,Right,Left,Right,Right,Left,0,1,0,1,1,1,1,1,0,0,0,0,1,1,1,0,1,0,1,193,173,20260729_t1609_srsSmooth_training_B001,193,173,11.6171004533768,1.24456095695496,1,1,153,1,0,0,1,1,1
20260729_t1609_srsSmooth_training,srs_smooth_training,trial0214.mat,214,214,193,1,214,69,100,80,20,8,1,1,5,2,28,16219,2,0,1,2,1,1,1,1,1,1,CHOSE_HIGH_SAL,1,455,1,0,0,0,0,0,166,134,166,134,32,166,1,0,139.181193702882,50.8188062971176,139.181193702882,50.8188062971176,88.3623874057648,88.3623874057648,NaN,NaN,NaN,1785356499.49828,22103.91608312,2.13819670677185,0.0177643299102783,0.168391942977905,0.843609094619751,1.17614340782166,1.41029763221741,1.44346594810486,1.44346594810486,-1,-1,1.6708984375,150.627613067627,234.154224395752,33.1683158874512,267.322540283203,Congruent,Right,Left,Right,Right,Right,0,1,1,0,1,1,1,1,1,0,0,0,0,1,1,1,1,1,1,194,174,20260729_t1609_srsSmooth_training_B001,194,174,11.6728170911471,1.22919392585754,1,1,158,1,0,0,1,1,1
20260729_t1609_srsSmooth_training,srs_smooth_training,trial0215.mat,215,215,194,1,215,70,100,80,20,8,1,1,6,2,45,23272,2,0,2,1,1,2,1,2,2,1,CHOSE_LOW_SAL,2,455,1,0,0,0,0,0,131,128,131,128,3,128,1,180,342.167629701909,207.832370298091,162.167629701909,27.8323702980914,134.335259403817,134.335259403817,NaN,NaN,NaN,1785356502.85812,22107.27585944,2.31205630302429,0.0163817405700684,0.275217533111572,1.02519607543945,1.35810089111328,1.60059309005737,1.63392686843872,1.63392686843872,-1,-1,1.88569331169128,258.835792541504,242.492198944092,33.3337783813477,275.825977325439,Congruent,Left,Right,Right,Left,Left,0,1,1,0,1,1,0,0,0,0,1,1,1,0,0,0,1,1,1,195,175,20260729_t1609_srsSmooth_training_B001,195,175,11.7288145502408,1.22165083885193,1,1,166,1,1,0,0,1,1
20260729_t1609_srsSmooth_training,srs_smooth_training,trial0216.mat,216,216,195,1,216,71,100,80,20,8,1,2,8,2,90,32553,2,0,2,1,1,2,2,1,2,1,CHOSE_HIGH_SAL,1,455,1,0,0,0,0,0,204,120,204,120,84,120,1,180,213.845019354843,336.154980645157,33.8450193548431,156.154980645157,-122.309961290314,122.309961290314,NaN,NaN,NaN,1785356506.40812,22110.82578144,2.17022705078125,0.0165269374847412,0.2170250415802,0.933963298797607,1.26657605171204,1.45879483222961,1.50055289268494,1.50055289268494,-1,-1,1.75252938270569,200.498104095459,192.218780517578,41.7580604553223,233.9768409729,Conflict,Left,Right,Right,Left,Right,0,1,0,1,1,1,0,0,1,0,1,1,0,0,0,1,1,0,1,196,176,20260729_t1609_srsSmooth_training_B001,196,176,11.7879811127981,1.23793745040894,2,1,128,1,0,0,1,1,1
20260729_t1609_srsSmooth_training,srs_smooth_training,trial0217.mat,217,217,196,1,217,71,100,80,20,8,1,2,8,2,90,32553,2,0,2,1,1,2,2,1,2,1,CHOSE_HIGH_SAL,1,455,1,0,0,0,0,0,194,113,194,113,81,113,1,180,270.126408206851,279.873591793149,90.1264082068506,99.8735917931494,-9.74718358629889,9.74718358629889,NaN,NaN,NaN,1785356509.8041,22114.2216786,2.06582951545715,0.0123481750488281,0.263233423233032,0.788284063339233,1.12072515487671,1.3549063205719,1.38830780982971,1.38830780982971,-1,-1,1.64854884147644,250.885248184204,234.18116569519,33.4014892578125,267.582654953003,Conflict,Left,Right,Right,Left,Right,0,1,0,1,1,1,0,0,1,0,1,1,0,0,0,1,1,0,1,197,177,20260729_t1609_srsSmooth_training_B001,197,177,11.8445807615916,1.22575187683105,2,1,120,1,0,0,1,1,1
20260729_t1609_srsSmooth_training,srs_smooth_training,trial0218.mat,218,218,197,1,218,71,100,80,20,8,1,2,8,2,90,32553,2,0,2,1,1,2,2,1,2,1,CHOSE_HIGH_SAL,1,455,1,0,0,0,0,0,143,118,143,118,25,118,1,0,74.6550211770723,115.344978822928,74.6550211770723,115.344978822928,-40.6899576458554,40.6899576458554,NaN,NaN,NaN,1785356513.09882,22117.51638288,2.12056064605713,0.0177552700042725,0.168240308761597,0.784891128540039,1.11779832839966,1.35987305641174,1.39325499534607,1.39325499534607,-1,-1,1.70334362983704,150.485038757324,242.074728012085,33.3819389343262,275.456666946411,Conflict,Left,Right,Right,Left,Right,0,1,0,1,1,1,0,0,1,0,1,1,0,0,0,1,1,0,1,198,178,20260729_t1609_srsSmooth_training_B001,198,178,11.899492808183,1.2288932800293,2,1,113,1,0,0,1,1,1
20260729_t1609_srsSmooth_training,srs_smooth_training,trial0219.mat,219,219,198,1,219,71,100,80,20,8,1,2,8,2,90,32553,2,0,2,1,1,2,2,1,2,1,CHOSE_HIGH_SAL,1,455,1,0,0,0,0,0,171,107,171,107,64,107,1,0,40.8800906509153,149.119909349085,40.8800906509153,149.119909349085,-108.239818698169,108.239818698169,NaN,NaN,NaN,1785356516.44956,22120.86716412,2.0870053768158,0.0171496868133545,0.175993680953979,0.809612274169922,1.14219379425049,1.36763215065002,1.40110158920288,1.40110158920288,-1,-1,1.67754530906677,158.843994140625,225.438356399536,33.4694385528564,258.907794952393,Conflict,Left,Right,Right,Left,Right,0,1,0,1,1,1,0,0,1,0,1,1,0,0,0,1,1,0,1,199,179,20260729_t1609_srsSmooth_training_B001,199,179,11.9553384184837,1.23017597198486,2,1,118,1,0,0,1,1,1
20260729_t1609_srsSmooth_training,srs_smooth_training,trial0220.mat,220,220,199,1,220,71,100,80,20,8,1,2,8,2,90,32553,2,0,2,1,1,2,2,1,2,1,CHOSE_HIGH_SAL,1,455,1,0,0,0,0,0,163,96,163,96,67,96,1,180,190.353345531595,359.646654468405,10.353345531595,179.646654468405,-169.29330893681,169.29330893681,NaN,NaN,NaN,1785356519.77142,22124.18895752,2.09051871299744,0.0120818614959717,0.237447261810303,0.820766925811768,1.1537938117981,1.4125874042511,1.44589614868164,1.44589614868164,-1,-1,1.69779562950134,225.365400314331,258.793592453003,33.308744430542,292.102336883545,Conflict,Left,Right,Right,Left,Right,0,1,0,1,1,1,0,0,1,0,1,1,0,0,0,1,1,0,1,200,180,20260729_t1609_srsSmooth_training_B001,200,180,12.0107028325399,1.23485946655273,2,1,107,1,0,0,1,1,1
20260729_t1609_srsSmooth_training,srs_smooth_training,trial0221.mat,221,221,200,1,221,71,100,80,20,8,1,2,8,2,90,32553,2,0,2,1,1,2,2,1,2,1,CHOSE_HIGH_SAL,1,455,1,0,0,0,0,0,174,100,174,100,74,100,1,0,15.0987687754707,174.901231224529,15.0987687754707,174.901231224529,-159.802462449059,159.802462449059,NaN,NaN,NaN,1785356523.10053,22127.517918,2.29459953308105,0.01643967628479,0.200206518173218,0.983597040176392,1.31649088859558,1.54193592071533,1.5836341381073,1.5836341381073,-1,-1,1.8937463760376,183.766841888428,225.445032119751,41.6982173919678,267.143249511719,Conflict,Left,Right,Right,Left,Right,0,1,0,1,1,1,0,0,1,0,1,1,0,0,0,1,1,0,1,201,181,20260729_t1609_srsSmooth_training_B001,201,181,12.0661879340808,1.23858737945557,2,1,96,1,0,0,1,1,1
20260729_t1609_srsSmooth_training,srs_smooth_training,trial0222.mat,222,222,201,1,222,71,100,80,20,8,1,2,8,2,90,32553,2,0,2,1,1,2,2,1,2,1,CHOSE_HIGH_SAL,1,455,1,0,0,0,0,0,186,125,186,125,61,125,1,0,22.3608519651193,167.639148034881,22.3608519651193,167.639148034881,-145.278296069761,145.278296069761,NaN,NaN,NaN,1785356526.63433,22131.05171456,2.16923928260803,0.0161147117614746,0.233233690261841,0.858209609985352,1.19116067886353,1.44987082481384,1.48325538635254,1.48325538635254,-1,-1,1.73496699333191,217.118978500366,258.710145950317,33.3845615386963,292.094707489014,Conflict,Left,Right,Right,Left,Right,0,1,0,1,1,1,0,0,1,0,1,1,0,0,0,1,1,0,1,202,182,20260729_t1609_srsSmooth_training_B001,202,182,12.12508456707,1.2391984462738,2,1,100,1,0,0,1,1,1
20260729_t1609_srsSmooth_training,srs_smooth_training,trial0223.mat,223,223,202,1,223,71,100,80,20,8,1,2,8,2,90,32553,2,0,2,1,1,2,2,1,2,1,CHOSE_HIGH_SAL,1,455,1,0,0,0,0,0,186,107,186,107,79,107,1,0,61.2298995893201,128.77010041068,61.2298995893201,128.77010041068,-67.5402008213598,67.5402008213598,NaN,NaN,NaN,1785356530.04431,22134.4615078,2.01756048202515,0.014592170715332,0.223329782485962,0.773697376251221,1.10630226135254,1.34836888313293,1.38183164596558,1.38183164596558,-1,-1,1.60846734046936,208.73761177063,242.066621780396,33.4627628326416,275.529384613037,Conflict,Left,Right,Right,Left,Right,0,1,0,1,1,1,0,0,1,0,1,1,0,0,0,1,1,0,1,203,183,20260729_t1609_srsSmooth_training_B001,203,183,12.1819177269936,1.24075031280518,2,1,125,1,0,0,1,1,1
20260729_t1609_srsSmooth_training,srs_smooth_training,trial0224.mat,224,224,203,1,224,71,100,80,20,8,1,2,8,2,90,32553,2,0,2,1,1,2,2,1,2,1,CHOSE_HIGH_SAL,1,455,1,0,0,0,0,0,170,115,170,115,55,115,1,180,219.237681122648,330.762318877352,39.237681122648,150.762318877352,-111.524637754704,111.524637754704,NaN,NaN,NaN,1785356533.30549,22137.72267836,2.24869346618652,0.0118889808654785,0.245650768280029,1.01237821578979,1.34525895118713,1.52907752990723,1.56231021881104,1.56231021881104,-1,-1,1.8316376209259,233.761787414551,183.818578720093,33.2326889038086,217.051267623901,Conflict,Left,Right,Right,Left,Right,0,1,0,1,1,1,0,0,1,0,1,1,0,0,0,1,1,0,1,204,184,20260729_t1609_srsSmooth_training_B001,204,184,12.2362707297007,1.24361968040466,2,1,107,1,0,0,1,1,1
20260729_t1609_srsSmooth_training,srs_smooth_training,trial0225.mat,225,225,204,1,225,71,100,80,20,8,1,2,8,2,90,32553,2,0,2,1,1,2,2,1,2,1,CHOSE_HIGH_SAL,1,455,1,0,0,0,0,0,169,106,169,106,63,106,1,180,274.822654035179,275.177345964821,94.822654035179,95.177345964821,-0.354691929642058,0.354691929642058,NaN,NaN,NaN,1785356536.78412,22141.2012508,2.2627112865448,0.0167198181152344,0.200699090957642,0.934262275695801,1.26676893234253,1.51747751235962,1.5509626865387,1.5509626865387,-1,-1,1.85323333740234,183.979272842407,250.70858001709,33.4851741790771,284.193754196167,Conflict,Left,Right,Right,Left,Right,0,1,0,1,1,1,0,0,1,0,1,1,0,0,0,1,1,0,1,205,185,20260729_t1609_srsSmooth_training_B001,205,185,12.2942477981249,1.22993063926697,2,1,115,1,0,0,1,1,1
20260729_t1609_srsSmooth_training,srs_smooth_training,trial0226.mat,226,226,205,1,226,71,100,80,20,8,1,2,8,2,90,32553,2,0,2,1,1,2,2,1,0,0,,0,11,0,1,0,0,0,0,173,101,173,101,72,NaN,1,0,37.6703641082179,152.329635891782,37.6703641082179,152.329635891782,-114.659271783564,114.659271783564,NaN,NaN,NaN,1785356540.26621,22144.68327176,0.161227226257324,0.0180983543395996,0.0769033432006836,-1,-1,-1,-1,-1,-1,-1,-1,58.804988861084,NaN,NaN,NaN,Conflict,Left,Right,None,Left,Right,0,1,0,1,0,NaN,NaN,NaN,NaN,NaN,NaN,NaN,NaN,0,0,1,1,0,0,205,NaN,20260729_t1609_srsSmooth_training_B001,NaN,NaN,12.3522826552391,1.21938014030457,NaN,NaN,NaN,0,NaN,NaN,NaN,NaN,0
20260729_t1609_srsSmooth_training,srs_smooth_training,trial0227.mat,227,227,205,1,227,71,100,80,20,8,1,2,8,2,90,32553,2,0,2,1,1,2,2,1,0,0,,0,11,0,1,0,0,0,0,174,135,174,135,39,NaN,1,180,261.880091311241,288.119908688759,81.8800913112409,108.119908688759,-26.2398173775182,26.2398173775182,NaN,NaN,NaN,1785356541.5639,22145.98096112,0.255757808685303,0.0121278762817383,0.204423904418945,-1,-1,-1,-1,-1,-1,-1,-1,192.296028137207,NaN,NaN,NaN,Conflict,Left,Right,None,Left,Right,0,1,0,1,0,NaN,NaN,NaN,NaN,NaN,NaN,NaN,NaN,0,0,1,1,0,0,205,NaN,20260729_t1609_srsSmooth_training_B001,NaN,NaN,12.3739108006159,1.13646149635315,NaN,NaN,NaN,0,NaN,NaN,NaN,NaN,0
20260729_t1609_srsSmooth_training,srs_smooth_training,trial0228.mat,228,228,205,1,228,71,100,80,20,8,1,2,8,2,90,32553,2,0,2,1,1,2,2,1,2,1,CHOSE_HIGH_SAL,1,455,1,0,0,0,0,0,164,133,164,133,31,133,1,180,255.256385618745,294.743614381255,75.2563856187451,114.743614381255,-39.4872287625097,39.4872287625097,NaN,NaN,NaN,1785356542.9414,22147.35829572,2.38832354545593,0.0180110931396484,0.243743181228638,1.04385948181152,1.37639808654785,1.61025381088257,1.64347982406616,1.64347982406616,-1,-1,1.95373702049255,225.732088088989,233.855724334717,33.2260131835938,267.081737518311,Conflict,Left,Right,Right,Left,Right,0,1,0,1,1,1,0,0,1,0,1,1,0,0,0,1,1,0,1,206,186,20260729_t1609_srsSmooth_training_B001,206,186,12.3968692104022,1.12174677848816,2,1,106,1,0,0,1,1,1
20260729_t1609_srsSmooth_training,srs_smooth_training,trial0229.mat,229,229,206,1,229,71,100,80,20,8,1,2,8,2,90,32553,2,0,2,1,1,2,2,1,2,1,CHOSE_HIGH_SAL,1,455,1,0,0,0,0,0,154,103,154,103,51,103,1,180,190.161020782215,359.838979217785,10.1610207822148,179.838979217785,-169.67795843557,169.67795843557,NaN,NaN,NaN,1785356546.55946,22150.97635044,2.11971998214722,0.0167665481567383,0.209152936935425,0.833931684494019,1.16681146621704,1.46718215942383,1.50103807449341,1.50103807449341,-1,-1,1.71942067146301,192.386388778687,300.370693206787,33.8559150695801,334.226608276367,Conflict,Left,Right,Right,Left,Right,0,1,0,1,1,1,0,0,1,0,1,1,0,0,0,1,1,0,1,207,187,20260729_t1609_srsSmooth_training_B001,207,187,12.4571701049805,1.22973012924194,2,1,133,1,0,0,1,1,1
20260729_t1609_srsSmooth_training,srs_smooth_training,trial0230.mat,230,230,207,1,230,71,100,80,20,8,1,2,8,2,90,32553,2,0,2,1,1,2,2,1,2,1,CHOSE_HIGH_SAL,1,455,1,0,1,0,0,0,164,118,164,118,46,118,1,180,210.946766025373,339.053233974627,30.9467660253728,159.053233974627,-128.106467949254,128.106467949254,NaN,NaN,NaN,1785356549.92344,22154.3402052,2.20637130737305,0.0112528800964355,0.219948291778564,0.903343915939331,1.23630094528198,1.48677659034729,1.52010154724121,1.52010154724121,-1,-1,1.78895974159241,208.695411682129,250.475645065308,33.3249568939209,283.800601959229,Conflict,Left,Right,Right,Left,Right,0,1,0,1,1,1,0,0,1,0,1,1,0,0,0,1,1,0,1,208,188,20260729_t1609_srsSmooth_training_B001,208,188,12.5132364312808,1.24425959587097,2,1,103,1,0,0,1,1,1
20260729_t1609_srsSmooth_training,srs_smooth_training,trial0231.mat,231,231,208,1,231,71,100,80,20,8,1,2,8,2,90,32553,2,0,2,1,1,2,2,1,2,1,CHOSE_HIGH_SAL,1,455,1,0,6,0,0,0,161,141,161,141,20,141,1,180,222.099177123786,327.900822876214,42.0991771237861,147.900822876214,-105.801645752428,105.801645752428,NaN,NaN,NaN,1785356553.36743,22157.7840658,2.28777503967285,0.0173959732055664,0.176076173782349,0.951112031936646,1.28411221504211,1.51796698570251,1.55131125450134,1.55131125450134,-1,-1,1.84535551071167,158.680200576782,233.8547706604,33.3442687988281,267.199039459229,Conflict,Left,Right,Right,Left,Right,0,1,0,1,1,1,0,0,1,0,1,1,0,0,0,1,1,0,1,209,189,20260729_t1609_srsSmooth_training_B001,209,189,12.5706363081932,1.23762130737305,2,1,118,1,0,0,1,1,1
20260729_t1609_srsSmooth_training,srs_smooth_training,trial0232.mat,232,232,209,1,232,72,100,80,20,8,1,2,8,2,97,27882,2,0,2,1,1,2,2,1,2,1,CHOSE_HIGH_SAL,1,455,1,0,0,0,0,0,160,137,160,137,23,137,1,0,32.5226092485361,157.477390751464,32.5226092485361,157.477390751464,-124.954781502928,124.954781502928,NaN,NaN,NaN,1785356556.94546,22161.3620676,2.35978889465332,0.0145103931427002,0.281627416610718,1.01512217521667,1.34789633750916,1.64846563339233,1.69004559516907,1.69004559516907,-1,-1,1.92569637298584,267.117023468018,300.569295883179,41.5799617767334,342.149257659912,Conflict,Left,Right,Right,Left,Right,0,1,0,1,1,1,0,0,1,0,1,1,0,0,0,1,1,0,1,210,190,20260729_t1609_srsSmooth_training_B001,210,190,12.6302700916926,1.29025197029114,2,1,141,1,0,0,1,1,1
20260729_t1609_srsSmooth_training,srs_smooth_training,trial0233.mat,233,233,210,1,233,72,100,80,20,8,1,2,8,2,97,27882,2,0,2,1,1,2,2,1,2,1,CHOSE_HIGH_SAL,1,455,1,0,0,0,0,0,174,138,174,138,36,138,1,0,10.8019124500337,179.198087549966,10.8019124500337,179.198087549966,-168.396175099933,168.396175099933,NaN,NaN,NaN,1785356560.55197,22164.96848532,2.12014365196228,0.0164682865142822,0.225348711013794,0.783686876296997,1.11651229858398,1.35059309005737,1.38377737998962,1.38377737998962,-1,-1,1.67816233634949,208.880424499512,234.080791473389,33.184289932251,267.26508140564,Conflict,Left,Right,Right,Left,Right,0,1,0,1,1,1,0,0,1,0,1,1,0,0,0,1,1,0,1,211,191,20260729_t1609_srsSmooth_training_B001,211,191,12.6903787096341,1.24672818183899,2,1,137,1,0,0,1,1,1
20260729_t1609_srsSmooth_training,srs_smooth_training,trial0234.mat,234,234,211,1,234,72,100,80,20,8,1,2,8,2,97,27882,2,0,2,1,1,2,2,1,2,1,CHOSE_HIGH_SAL,1,455,1,0,0,0,0,0,168,102,168,102,66,102,1,180,241.629775329066,308.370224670934,61.6297753290655,128.370224670934,-66.740449341869,66.740449341869,NaN,NaN,NaN,1785356563.90168,22168.31825868,1.92045831680298,0.0168924331665039,0.0178179740905762,0.634193181991577,0.96692943572998,1.19251036643982,1.22565484046936,1.22565484046936,-1,-1,1.51988387107849,0.925540924072266,225.580930709839,33.144474029541,258.72540473938,Conflict,Left,Right,Right,Left,Right,0,1,0,1,1,1,0,0,1,0,1,1,0,0,0,1,1,0,1,212,192,20260729_t1609_srsSmooth_training_B001,212,192,12.7462071895599,1.22956514358521,2,1,138,1,0,0,1,1,1
20260729_t1609_srsSmooth_training,srs_smooth_training,trial0235.mat,235,235,212,1,235,72,100,80,20,8,1,2,8,2,97,27882,2,0,2,1,1,2,2,1,2,1,CHOSE_HIGH_SAL,1,455,1,0,0,0,0,0,170,100,170,100,70,100,1,180,196.267862012932,353.732137987068,16.2678620129319,173.732137987068,-157.464275974136,157.464275974136,NaN,NaN,NaN,1785356567.05604,22171.47248512,2.10836243629456,0.01265549659729,0.188485145568848,0.871503829956055,1.20436978340149,1.43860816955566,1.48006439208984,1.48006439208984,-1,-1,1.70794558525085,175.829648971558,234.238386154175,41.4562225341797,275.694608688354,Conflict,Left,Right,Right,Left,Right,0,1,0,1,1,1,0,0,1,0,1,1,0,0,0,1,1,0,1,213,193,20260729_t1609_srsSmooth_training_B001,213,193,12.7987798690796,1.23390245437622,2,1,102,1,0,0,1,1,1
20260729_t1609_srsSmooth_training,srs_smooth_training,trial0236.mat,236,236,213,1,236,72,100,80,20,8,1,2,8,2,97,27882,2,0,2,1,1,2,2,1,2,1,CHOSE_HIGH_SAL,1,455,1,0,0,0,0,0,169,113,169,113,56,113,1,180,211.179469780395,338.820530219605,31.1794697803954,158.820530219605,-127.641060439209,127.641060439209,NaN,NaN,NaN,1785356570.4176,22174.83392784,2.17188024520874,0.0179030895233154,0.151900291442871,0.935371398925781,1.26795220375061,1.50203847885132,1.5352201461792,1.5352201461792,-1,-1,1.76212501525879,133.997201919556,234.086275100708,33.1816673278809,267.267942428589,Conflict,Left,Right,Right,Left,Right,0,1,0,1,1,1,0,0,1,0,1,1,0,0,0,1,1,0,1,214,194,20260729_t1609_srsSmooth_training_B001,214,194,12.8548057436943,1.25319004058838,2,1,100,1,0,0,1,1,1
20260729_t1609_srsSmooth_training,srs_smooth_training,trial0237.mat,237,237,214,1,237,72,100,80,20,8,1,2,8,2,97,27882,2,0,2,1,1,2,2,1,2,1,CHOSE_HIGH_SAL,1,455,1,0,0,0,0,0,145,130,145,130,15,130,1,0,42.0979211443773,147.902078855623,42.0979211443773,147.902078855623,-105.804157711245,105.804157711245,NaN,NaN,NaN,1785356573.83071,22178.247064,1.97438144683838,0.0132534503936768,0.147149801254272,0.680659770965576,1.01329255104065,1.25539660453796,1.28871512413025,1.28871512413025,-1,-1,1.54114818572998,133.896350860596,242.104053497314,33.3185195922852,275.4225730896,Conflict,Left,Right,Right,Left,Right,0,1,0,1,1,1,0,0,1,0,1,1,0,0,0,1,1,0,1,215,195,20260729_t1609_srsSmooth_training_B001,215,195,12.9116910378138,1.24123740196228,2,1,113,1,0,0,1,1,1
20260729_t1609_srsSmooth_training,srs_smooth_training,trial0238.mat,238,238,215,1,238,72,100,80,20,8,1,2,8,2,97,27882,2,0,2,1,1,2,2,1,2,1,CHOSE_HIGH_SAL,1,455,1,0,0,0,0,0,163,87,163,87,76,87,1,180,206.318316112092,343.681683887908,26.3183161120917,163.681683887908,-137.363367775817,137.363367775817,NaN,NaN,NaN,1785356577.04603,22181.4623778,2.03473353385925,0.014725923538208,0.190217971801758,0.823666095733643,1.15643692016602,1.38236618041992,1.42350435256958,1.42350435256958,-1,-1,1.65130758285522,175.49204826355,225.929260253906,41.1381721496582,267.067432403564,Conflict,Left,Right,Right,Left,Right,0,1,0,1,1,1,0,0,1,0,1,1,0,0,0,1,1,0,1,216,196,20260729_t1609_srsSmooth_training_B001,216,196,12.965279730161,1.24094009399414,2,1,130,1,0,0,1,1,1
20260729_t1609_srsSmooth_training,srs_smooth_training,trial0239.mat,239,239,216,1,239,72,100,80,20,8,1,2,8,2,97,27882,2,0,2,1,1,2,2,1,2,1,CHOSE_HIGH_SAL,1,455,1,0,0,0,0,0,171,114,171,114,57,114,1,180,227.234332477069,322.765667522931,47.2343324770685,142.765667522931,-95.531335045863,95.531335045863,NaN,NaN,NaN,1785356580.32003,22184.73627672,2.21910977363586,0.0158588886260986,0.191454410552979,0.924529314041138,1.24924087524414,1.4914186000824,1.52463793754578,1.52463793754578,-1,-1,1.80227017402649,175.59552192688,242.177724838257,33.2193374633789,275.397062301636,Conflict,Left,Right,Right,Left,Right,0,1,0,1,1,1,0,0,1,0,1,1,0,0,0,1,1,0,1,217,197,20260729_t1609_srsSmooth_training_B001,217,197,13.0198463320732,1.23926258087158,2,1,87,1,0,0,1,1,1
20260729_t1609_srsSmooth_training,srs_smooth_training,trial0240.mat,240,240,217,1,240,72,100,80,20,8,1,2,8,2,97,27882,2,0,2,1,1,2,2,1,2,1,CHOSE_HIGH_SAL,1,455,1,0,0,0,0,0,166,97,166,97,69,97,1,180,264.995692148337,285.004307851663,84.995692148337,105.004307851663,-20.008615703326,20.008615703326,NaN,NaN,NaN,1785356583.77027,22188.18636644,2.06040477752686,0.015761137008667,0.199857234954834,0.749894380569458,1.08246922492981,1.32489275932312,1.35820698738098,1.35820698738098,-1,-1,1.65954065322876,184.096097946167,242.423534393311,33.3142280578613,275.737762451172,Conflict,Left,Right,Right,Left,Right,0,1,0,1,1,1,0,0,1,0,1,1,0,0,0,1,1,0,1,218,198,20260729_t1609_srsSmooth_training_B001,218,198,13.0773502429326,1.23112487792969,2,1,114,1,0,0,1,1,1
20260729_t1609_srsSmooth_training,srs_smooth_training,trial0241.mat,241,241,218,1,241,72,100,80,20,8,1,2,8,2,97,27882,2,0,2,1,1,2,2,1,2,1,CHOSE_HIGH_SAL,1,455,1,0,0,0,0,0,181,116,181,116,65,116,1,0,45.9546526312242,144.045347368776,45.9546526312242,144.045347368776,-98.0906947375516,98.0906947375516,NaN,NaN,NaN,1785356587.07558,22191.49166824,2.05513072013855,0.0189139842987061,0.177645206451416,0.719756603240967,1.05228805541992,1.36935424804688,1.41095685958862,1.41095685958862,-1,-1,1.63760423660278,158.73122215271,317.066192626953,41.602611541748,358.668804168701,Conflict,Left,Right,Right,Left,Right,0,1,0,1,1,1,0,0,1,0,1,1,0,0,0,1,1,0,1,219,199,20260729_t1609_srsSmooth_training_B001,219,199,13.1324387629827,1.24490642547607,2,1,97,1,0,0,1,1,1
20260729_t1609_srsSmooth_training,srs_smooth_training,trial0243.mat,243,243,219,1,243,72,100,80,20,8,1,2,8,2,97,27882,2,0,2,1,1,2,2,1,2,1,CHOSE_HIGH_SAL,1,455,1,0,0,0,0,0,171,86,171,86,85,86,1,180,223.871401628121,326.128598371879,43.8714016281215,146.128598371879,-102.257196743757,102.257196743757,NaN,NaN,NaN,1785356591.77844,22196.194424,2.00252771377563,0.016232967376709,0.191970825195312,0.741973876953125,1.07460808753967,1.33343553543091,1.36676740646362,1.36676740646362,-1,-1,1.61910843849182,175.737857818604,258.827447891235,33.3318710327148,292.15931892395,Conflict,Left,Right,Right,Left,Right,0,1,0,1,1,1,0,0,1,0,1,1,0,0,0,1,1,0,1,220,200,20260729_t1609_srsSmooth_training_B001,220,200,13.2108198801676,2.64773631095886,2,1,116,1,0,0,1,1,1
20260729_t1609_srsSmooth_training,srs_smooth_training,trial0244.mat,244,244,220,1,244,72,100,80,20,8,1,2,8,2,97,27882,2,0,2,1,1,2,2,1,2,1,CHOSE_HIGH_SAL,1,455,1,0,0,0,0,0,158,113,158,113,45,113,1,0,47.8028834446124,142.197116555388,47.8028834446124,142.197116555388,-94.3942331107751,94.3942331107751,NaN,NaN,NaN,1785356595.06306,22199.47892944,2.14332365989685,0.0150825977325439,0.215844869613647,0.815945863723755,1.14846062660217,1.42424297332764,1.45738005638123,1.45738005638123,-1,-1,1.72632646560669,200.762271881104,275.782346725464,33.1370830535889,308.919429779053,Conflict,Left,Right,Right,Left,Right,0,1,0,1,1,1,0,0,1,0,1,1,0,0,0,1,1,0,1,221,201,20260729_t1609_srsSmooth_training_B001,221,201,13.2655634363492,1.28208565711975,2,1,86,1,0,0,1,1,1
20260729_t1609_srsSmooth_training,srs_smooth_training,trial0245.mat,245,245,221,1,245,72,100,80,20,8,1,2,8,2,97,27882,2,0,2,1,1,2,2,1,2,1,CHOSE_HIGH_SAL,1,455,1,0,0,0,0,0,142,124,142,124,18,124,1,0,28.4909618151286,161.509038184871,28.4909618151286,161.509038184871,-133.018076369743,133.018076369743,NaN,NaN,NaN,1785356598.44043,22202.85637956,2.14909696578979,0.0128409862518311,0.221947431564331,0.780094861984253,1.11288404464722,1.38029217720032,1.42196249961853,1.42196249961853,-1,-1,1.72359776496887,209.1064453125,267.408132553101,41.6703224182129,309.078454971313,Conflict,Left,Right,Right,Left,Right,0,1,0,1,1,1,0,0,1,0,1,1,0,0,0,1,1,0,1,222,202,20260729_t1609_srsSmooth_training_B001,222,202,13.3218530138334,1.234050989151,2,1,113,1,0,0,1,1,1
20260729_t1609_srsSmooth_training,srs_smooth_training,trial0246.mat,246,246,222,1,246,72,100,80,20,8,1,2,8,2,97,27882,2,0,2,1,1,2,2,1,2,1,CHOSE_HIGH_SAL,1,455,1,0,0,0,0,0,175,102,175,102,73,102,1,180,191.888738163921,358.111261836079,11.8887381639211,178.111261836079,-166.222523672158,166.222523672158,NaN,NaN,NaN,1785356601.82156,22206.237435,2.18484973907471,0.0151834487915039,0.215973138809204,0.840542316436768,1.17356252670288,1.43231582641602,1.47394490242004,1.47394490242004,-1,-1,1.78404378890991,200.7896900177,258.753299713135,41.6290760040283,300.382375717163,Conflict,Left,Right,Right,Left,Right,0,1,0,1,1,1,0,0,1,0,1,1,0,0,0,1,1,0,1,223,203,20260729_t1609_srsSmooth_training_B001,223,203,13.3782050728798,1.23202657699585,2,1,124,1,0,0,1,1,1
20260729_t1609_srsSmooth_training,srs_smooth_training,trial0247.mat,247,247,223,1,247,72,100,80,20,8,1,2,8,2,97,27882,2,0,2,1,1,2,2,1,2,1,CHOSE_HIGH_SAL,1,455,1,0,0,0,0,0,189,118,189,118,71,118,1,0,78.747852411075,111.252147588925,78.747852411075,111.252147588925,-32.5042951778499,32.5042951778499,NaN,NaN,NaN,1785356605.24696,22209.66258396,2.17620372772217,0.0149173736572266,0.207333326339722,0.865514516830444,1.19829750061035,1.42363715171814,1.4572229385376,1.4572229385376,-1,-1,1.75864171981812,192.415952682495,225.339651107788,33.585786819458,258.925437927246,Conflict,Left,Right,Right,Left,Right,0,1,0,1,1,1,0,0,1,0,1,1,0,0,0,1,1,0,1,224,204,20260729_t1609_srsSmooth_training_B001,224,204,13.4352950890859,1.24055123329163,2,1,102,1,0,0,1,1,1
20260729_t1609_srsSmooth_training,srs_smooth_training,trial0248.mat,248,248,224,1,248,73,100,80,20,8,1,1,5,2,32,1898,2,0,1,2,1,1,1,1,1,1,CHOSE_HIGH_SAL,1,455,1,0,0,0,0,0,154,132,154,132,22,154,1,180,354.371502963328,195.628497036672,174.371502963328,15.6284970366717,158.743005926657,158.743005926657,NaN,NaN,NaN,1785356608.65774,22213.07333484,2.26586532592773,0.0125987529754639,0.238023996353149,0.979737043380737,1.3126494884491,1.55475687980652,1.58815860748291,1.58815860748291,-1,-1,1.80705261230469,225.425243377686,242.107391357422,33.4017276763916,275.509119033813,Congruent,Right,Left,Right,Right,Right,0,1,1,0,1,1,1,1,1,0,0,0,0,1,1,1,1,1,1,225,205,20260729_t1609_srsSmooth_training_B001,225,205,13.4921415170034,1.23458194732666,2,1,118,1,1,0,0,1,1
20260729_t1609_srsSmooth_training,srs_smooth_training,trial0249.mat,249,249,225,1,249,74,100,80,20,8,1,2,7,2,79,28527,2,0,1,2,1,1,2,2,1,1,CHOSE_LOW_SAL,2,455,1,0,0,0,0,0,152,113,152,113,39,152,1,0,21.5672729536437,168.432727046356,21.5672729536437,168.432727046356,-146.865454092713,146.865454092713,NaN,NaN,NaN,1785356612.14296,22216.55857096,2.02235412597656,0.010847806930542,0.236311435699463,0.744615077972412,1.077556848526,1.29479765892029,1.33661890029907,1.33661890029907,-1,-1,1.57144403457642,225.463628768921,217.240810394287,41.8212413787842,259.062051773071,Conflict,Right,Left,Right,Right,Left,0,1,0,1,1,1,1,1,0,0,0,0,1,1,1,0,1,0,1,226,206,20260729_t1609_srsSmooth_training_B001,226,206,13.5502285321554,1.21935558319092,1,1,154,1,0,0,1,1,1
20260729_t1609_srsSmooth_training,srs_smooth_training,trial0250.mat,250,250,226,1,250,75,100,80,20,8,1,1,5,2,25,1823,2,0,1,2,1,1,1,1,1,1,CHOSE_HIGH_SAL,1,455,1,0,0,0,0,0,157,134,157,134,23,157,1,0,165.940631494019,24.0593685059812,165.940631494019,24.0593685059812,141.881262988038,141.881262988038,NaN,NaN,NaN,1785356615.40633,22219.8217926,2.0590672492981,0.0142776966094971,0.173225402832031,0.765072107315063,1.09765267372131,1.33178210258484,1.37341809272766,1.37341809272766,-1,-1,1.59249663352966,158.947706222534,234.129428863525,41.6359901428223,275.765419006348,Congruent,Right,Left,Right,Right,Right,0,1,1,0,1,1,1,1,1,0,0,0,0,1,1,1,1,1,1,227,207,20260729_t1609_srsSmooth_training_B001,227,207,13.6046179533005,1.24101114273071,1,1,152,1,0,0,1,1,1
20260729_t1609_srsSmooth_training,srs_smooth_training,trial0251.mat,251,251,227,1,251,76,100,80,20,8,1,2,7,2,78,24990,2,0,1,2,1,1,2,2,1,1,CHOSE_LOW_SAL,2,455,1,0,0,0,0,0,161,112,161,112,49,161,1,0,14.8166074862856,175.183392513714,14.8166074862856,175.183392513714,-160.366785027429,160.366785027429,NaN,NaN,NaN,1785356618.74331,22223.15880564,2.26434588432312,0.0190932750701904,0.186205863952637,0.819909811019897,1.1524703502655,1.47828722000122,1.511225938797,1.511225938797,-1,-1,1.80483150482178,167.112588882446,325.816869735718,32.9387187957764,358.755588531494,Conflict,Right,Left,Right,Right,Left,0,1,0,1,1,1,1,1,0,0,0,0,1,1,1,0,1,0,1,228,208,20260729_t1609_srsSmooth_training_B001,228,208,13.6602343082428,1.27791404724121,1,1,157,1,0,0,1,1,1
20260729_t1609_srsSmooth_training,srs_smooth_training,trial0252.mat,252,252,228,1,252,77,100,80,20,8,1,2,7,2,80,16927,2,0,1,2,1,1,2,2,1,1,CHOSE_LOW_SAL,2,455,1,0,0,0,0,0,187,109,187,109,78,187,1,0,17.1000417531767,172.899958246823,17.1000417531767,172.899958246823,-155.799916493647,155.799916493647,NaN,NaN,NaN,1785356622.23187,22226.64727092,2.18483304977417,0.0139992237091064,0.214494228363037,0.881603002548218,1.21404528617859,1.43147778511047,1.47289872169495,1.47289872169495,-1,-1,1.70008182525635,200.495004653931,217.432498931885,41.4209365844727,258.853435516357,Conflict,Right,Left,Right,Right,Left,0,1,0,1,1,1,1,1,0,0,0,0,1,1,1,0,1,0,1,229,209,20260729_t1609_srsSmooth_training_B001,229,209,13.7183770259221,1.22421717643738,1,1,161,1,0,0,1,1,1
20260729_t1609_srsSmooth_training,srs_smooth_training,trial0253.mat,253,253,229,1,253,78,100,80,20,8,1,2,8,2,84,29187,2,0,2,1,1,2,2,1,2,1,CHOSE_HIGH_SAL,1,455,1,0,0,0,0,0,179,100,179,100,79,100,1,0,59.5766129736989,130.423387026301,59.576612973699,130.423387026301,-70.8467740526021,70.8467740526021,NaN,NaN,NaN,1785356625.66285,22230.07824704,2.17855858802795,0.0164906978607178,0.27534556388855,0.908674240112305,1.24153876304626,1.48384141921997,1.51722717285156,1.51722717285156,-1,-1,1.77736783027649,258.854866027832,242.302656173706,33.3857536315918,275.688409805298,Conflict,Left,Right,Right,Left,Right,0,1,0,1,1,1,0,0,1,0,1,1,0,0,0,1,1,0,1,230,210,20260729_t1609_srsSmooth_training_B001,230,210,13.7755599339803,1.24614143371582,1,1,187,1,1,0,0,1,1
20260729_t1609_srsSmooth_training,srs_smooth_training,trial0254.mat,254,254,230,1,254,78,100,80,20,8,1,2,8,2,84,29187,2,0,2,1,1,2,2,1,2,1,CHOSE_HIGH_SAL,1,455,1,0,0,0,0,0,165,98,165,98,67,98,1,0,52.795754015374,137.204245984626,52.795754015374,137.204245984626,-84.4084919692521,84.4084919692521,NaN,NaN,NaN,1785356629.05718,22233.4722566,2.00046896934509,0.0139563083648682,0.231343984603882,0.764848470687866,1.09733152389526,1.27307748794556,1.30635666847229,1.30635666847229,-1,-1,1.60005283355713,217.387676239014,175.745964050293,33.2791805267334,209.025144577026,Conflict,Left,Right,Right,Left,Right,0,1,0,1,1,1,0,0,1,0,1,1,0,0,0,1,1,0,1,231,211,20260729_t1609_srsSmooth_training_B001,231,211,13.83213215669,1.21577477455139,2,1,100,1,0,0,1,1,1
20260729_t1609_srsSmooth_training,srs_smooth_training,trial0255.mat,255,255,231,1,255,78,100,80,20,8,1,2,8,2,84,29187,2,0,2,1,1,2,2,1,2,1,CHOSE_HIGH_SAL,1,455,1,0,0,0,0,0,170,115,170,115,55,115,1,180,200.109859073933,349.890140926067,20.1098590739333,169.890140926067,-149.780281852133,149.780281852133,NaN,NaN,NaN,1785356632.27634,22236.691443,2.03127455711365,0.0115890502929688,0.245386600494385,0.762174367904663,1.0949649810791,1.33717155456543,1.37037754058838,1.37037754058838,-1,-1,1.61406779289246,233.797550201416,242.206573486328,33.2059860229492,275.412559509277,Conflict,Left,Right,Right,Left,Right,0,1,0,1,1,1,0,0,1,0,1,1,0,0,0,1,1,0,1,232,212,20260729_t1609_srsSmooth_training_B001,232,212,13.8857847968737,1.21868944168091,2,1,98,1,0,0,1,1,1
20260729_t1609_srsSmooth_training,srs_smooth_training,trial0257.mat,257,257,232,1,257,78,100,80,20,8,1,2,8,2,84,29187,2,0,2,1,1,2,2,1,0,0,,0,11,0,1,0,0,0,0,161,133,161,133,28,NaN,1,180,191.6552512933,358.3447487067,11.6552512933,178.3447487067,-166.6894974134,166.6894974134,NaN,NaN,NaN,1785356636.99853,22241.41367904,1.46715211868286,0.0145838260650635,0.290101766586304,1.04869484901428,-1,-1,-1,-1,-1,-1,-1,275.51794052124,NaN,NaN,NaN,Conflict,Left,Right,None,Left,Right,0,1,0,1,0,NaN,NaN,NaN,NaN,NaN,NaN,NaN,NaN,0,0,1,1,0,0,232,NaN,20260729_t1609_srsSmooth_training_B001,NaN,NaN,13.9644879500071,2.69091463088989,NaN,NaN,NaN,0,NaN,NaN,NaN,NaN,0
20260729_t1609_srsSmooth_training,srs_smooth_training,trial0269.mat,269,269,232,1,269,79,100,80,20,8,1,2,8,2,92,27391,2,0,2,1,1,2,2,1,2,1,CHOSE_HIGH_SAL,1,455,1,0,0,0,0,0,167,96,167,96,71,96,1,180,244.980423896614,305.019576103386,64.9804238966137,125.019576103386,-60.0391522067725,60.0391522067725,NaN,NaN,NaN,1785356655.76596,22260.1805992,2.13489198684692,0.0145413875579834,0.29039478302002,0.965401887893677,1.29792451858521,1.48204159736633,1.51537656784058,1.51537656784058,-1,-1,1.74213528633118,275.853395462036,184.117078781128,33.3349704742432,217.452049255371,Conflict,Left,Right,Right,Left,Right,0,1,0,1,1,1,0,0,1,0,1,1,0,0,0,1,1,0,1,233,213,20260729_t1609_srsSmooth_training_B001,233,213,14.277278538545,17.3002831935883,2,1,115,1,0,0,1,1,1
20260729_t1609_srsSmooth_training,srs_smooth_training,trial0292.mat,292,292,233,1,292,80,100,80,20,8,1,2,8,2,89,201,2,0,2,1,1,2,2,1,2,1,CHOSE_HIGH_SAL,1,455,1,0,0,0,0,0,187,95,187,95,92,95,1,0,16.7790325631323,173.220967436868,16.7790325631323,173.220967436868,-156.441934873735,156.441934873735,NaN,NaN,NaN,1785356690.28815,22294.7021108,2.19691729545593,0.0186946392059326,0.277557849884033,0.986254930496216,1.31874465942383,1.51923394203186,1.55251836776733,1.55251836776733,-1,-1,1.80436420440674,258.863210678101,200.489282608032,33.2844257354736,233.773708343506,Conflict,Left,Right,Right,Left,Right,0,1,0,1,1,1,0,0,1,0,1,1,0,0,0,1,1,0,1,234,214,20260729_t1609_srsSmooth_training_B001,234,214,14.8526482860247,32.3872928619385,2,1,96,1,0,0,1,1,1
20260729_t1609_srsSmooth_training,srs_smooth_training,trial0293.mat,293,293,234,1,293,80,100,80,20,8,1,2,8,2,89,201,2,0,2,1,1,2,2,1,2,1,CHOSE_HIGH_SAL,1,455,1,0,0,0,0,0,193,120,193,120,73,120,1,0,16.2563724025243,173.743627597476,16.2563724025243,173.743627597476,-157.487255194951,157.487255194951,NaN,NaN,NaN,1785356693.70617,22298.12016008,2.17896246910095,0.0174670219421387,0.22649097442627,0.926292419433594,1.25918197631836,1.41841793060303,1.45164370536804,1.45164370536804,-1,-1,1.76173853874207,209.023952484131,159.235954284668,33.2257747650146,192.461729049683,Conflict,Left,Right,Right,Left,Right,0,1,0,1,1,1,0,0,1,0,1,1,0,0,0,1,1,0,1,235,215,20260729_t1609_srsSmooth_training_B001,235,215,14.9096153974533,1.22110939025879,2,1,95,1,0,0,1,1,1
20260729_t1609_srsSmooth_training,srs_smooth_training,trial0294.mat,294,294,235,1,294,80,100,80,20,8,1,2,8,2,89,201,2,0,2,1,1,2,2,1,2,1,CHOSE_HIGH_SAL,1,455,1,0,0,0,0,0,135,127,135,127,8,127,1,180,270.000805706568,279.999194293432,90.0008057065679,99.9991942934321,-9.99838858686417,9.99838858686417,NaN,NaN,NaN,1785356697.10455,22301.51839628,2.20663380622864,0.0108916759490967,0.253139972686768,0.920130491256714,1.25260663032532,1.47844552993774,1.51177644729614,1.51177644729614,-1,-1,1.78107190132141,242.248296737671,225.838899612427,33.3309173583984,259.169816970825,Conflict,Left,Right,Right,Left,Right,0,1,0,1,1,1,0,0,1,0,1,1,0,0,0,1,1,0,1,236,216,20260729_t1609_srsSmooth_training_B001,236,216,14.9662549694379,1.21941184997559,2,1,120,1,0,0,1,1,1
20260729_t1609_srsSmooth_training,srs_smooth_training,trial0295.mat,295,295,236,1,295,80,100,80,20,8,1,2,8,2,89,201,2,0,2,1,1,2,2,1,2,1,CHOSE_HIGH_SAL,1,455,1,0,0,0,0,0,155,112,155,112,43,112,1,0,36.3497087771795,153.65029122282,36.3497087771795,153.65029122282,-117.300582445641,117.300582445641,NaN,NaN,NaN,1785356700.55351,22304.96732376,2.14925241470337,0.0120697021484375,0.221328020095825,0.829620838165283,1.16211366653442,1.40458393096924,1.44628596305847,1.44628596305847,-1,-1,1.74008989334106,209.258317947388,242.470264434814,41.7020320892334,284.172296524048,Conflict,Left,Right,Right,Left,Right,0,1,0,1,1,1,0,0,1,0,1,1,0,0,0,1,1,0,1,237,217,20260729_t1609_srsSmooth_training_B001,237,217,15.02373756965,1.24232220649719,2,1,127,1,0,0,1,1,1
20260729_t1609_srsSmooth_training,srs_smooth_training,trial0296.mat,296,296,237,1,296,80,100,80,20,8,1,2,8,2,89,201,2,0,2,1,1,2,2,1,0,0,,0,11,0,1,0,0,0,0,169,100,169,100,69,NaN,1,180,216.076047202678,333.923952797322,36.0760472026779,153.923952797322,-117.847905594644,117.847905594644,NaN,NaN,NaN,1785356703.93398,22308.34755932,1.22676515579224,0.0150632858276367,0.274015188217163,0.957831859588623,-1,-1,-1,-1,-1,-1,-1,258.951902389526,NaN,NaN,NaN,Conflict,Left,Right,None,Left,Right,0,1,0,1,0,NaN,NaN,NaN,NaN,NaN,NaN,NaN,NaN,0,0,1,1,0,0,237,NaN,20260729_t1609_srsSmooth_training_B001,NaN,NaN,15.0800787607829,1.23121905326843,NaN,NaN,NaN,0,NaN,NaN,NaN,NaN,0
20260729_t1609_srsSmooth_training,srs_smooth_training,trial0297.mat,297,297,237,1,297,80,100,80,20,8,1,2,8,2,89,201,2,0,2,1,1,2,2,1,2,1,CHOSE_HIGH_SAL,1,455,1,0,0,0,0,0,161,111,161,111,50,111,1,0,69.4339372479264,120.566062752074,69.4339372479264,120.566062752074,-51.1321255041471,51.1321255041471,NaN,NaN,NaN,1785356706.27314,22310.68669,2.23780584335327,0.0176525115966797,0.243593215942383,0.935341596603394,1.26770162582397,1.52687191963196,1.56006669998169,1.56006669998169,-1,-1,1.82831931114197,225.940704345703,259.170293807983,33.1947803497314,292.365074157715,Conflict,Left,Right,Right,Left,Right,0,1,0,1,1,1,0,0,1,0,1,1,0,0,0,1,1,0,1,238,218,20260729_t1609_srsSmooth_training_B001,238,218,15.1190648873647,1.11240243911743,2,1,112,1,0,0,1,1,1
20260729_t1609_srsSmooth_training,srs_smooth_training,trial0298.mat,298,298,238,1,298,80,100,80,20,8,1,2,8,2,89,201,2,0,2,1,1,2,2,1,2,1,CHOSE_HIGH_SAL,1,455,1,0,0,0,0,0,174,121,174,121,53,121,1,180,249.87295231977,300.12704768023,69.8729523197699,120.12704768023,-50.2540953604603,50.2540953604603,NaN,NaN,NaN,1785356709.72749,22314.1410914,2.13359498977661,0.0134377479553223,0.247171640396118,0.8473060131073,1.18014979362488,1.40575981140137,1.44725513458252,1.44725513458252,-1,-1,1.70816898345947,233.733892440796,225.610017776489,41.4953231811523,267.105340957642,Conflict,Left,Right,Right,Left,Right,0,1,0,1,1,1,0,0,1,0,1,1,0,0,0,1,1,0,1,239,219,20260729_t1609_srsSmooth_training_B001,239,219,15.1766373833021,1.21654391288757,2,1,111,1,0,0,1,1,1
20260729_t1609_srsSmooth_training,srs_smooth_training,trial0299.mat,299,299,239,1,299,80,100,80,20,8,1,2,8,2,89,201,2,0,2,1,1,2,2,1,2,1,CHOSE_HIGH_SAL,1,455,1,0,0,0,0,0,186,114,186,114,72,114,1,0,38.8503318879448,151.149668112055,38.8503318879448,151.149668112055,-112.29933622411,112.29933622411,NaN,NaN,NaN,1785356713.09366,22317.50719416,2.33495044708252,0.014066219329834,0.264651775360107,1.05674433708191,1.38912034034729,1.64843821525574,1.69008183479309,1.69008183479309,-1,-1,1.91767048835754,250.585556030273,259.317874908447,41.6436195373535,300.961494445801,Conflict,Left,Right,Right,Left,Right,0,1,0,1,1,1,0,0,1,0,1,1,0,0,0,1,1,0,1,240,220,20260729_t1609_srsSmooth_training_B001,240,220,15.2327401916186,1.23257350921631,2,1,121,1,0,0,1,1,1
20260729_t1609_srsSmooth_training,srs_smooth_training,trial0300.mat,300,300,240,1,300,80,100,80,20,8,1,2,8,2,89,201,2,0,2,1,1,2,2,1,2,1,CHOSE_HIGH_SAL,1,455,1,0,0,0,0,0,170,93,170,93,77,93,1,0,13.8550140684872,176.144985931513,13.8550140684872,176.144985931513,-162.289971863026,162.289971863026,NaN,NaN,NaN,1785356716.64592,22321.05933832,2.06572270393372,0.0119509696960449,0.204262733459473,0.83762788772583,1.17032885551453,1.42089223861694,1.45444941520691,1.45444941520691,-1,-1,1.67296028137207,192.311763763428,250.563383102417,33.5571765899658,284.120559692383,Conflict,Left,Right,Right,Left,Right,0,1,0,1,1,1,0,0,1,0,1,1,0,0,0,1,1,0,1,241,221,20260729_t1609_srsSmooth_training_B001,241,221,15.2919444322586,1.21730399131775,2,1,114,1,0,0,1,1,1
20260729_t1609_srsSmooth_training,srs_smooth_training,trial0301.mat,301,301,241,1,301,80,100,80,20,8,1,2,8,2,89,201,2,0,2,1,1,2,2,1,2,1,CHOSE_HIGH_SAL,1,455,1,0,0,0,0,0,187,119,187,119,68,119,1,180,259.444181590694,290.555818409306,79.4441815906943,110.555818409306,-31.1116368186115,31.1116368186115,NaN,NaN,NaN,1785356719.9394,22324.35282036,2.13851928710938,0.0185942649841309,0.219156742095947,0.827475786209106,1.16030526161194,1.41101384162903,1.45266127586365,1.45266127586365,-1,-1,1.72101879119873,200.562477111816,250.70858001709,41.6474342346191,292.356014251709,Conflict,Left,Right,Right,Left,Right,0,1,0,1,1,1,0,0,1,0,1,1,0,0,0,1,1,0,1,242,222,20260729_t1609_srsSmooth_training_B001,242,222,15.346835843722,1.22776198387146,2,1,93,1,0,0,1,1,1
20260729_t1609_srsSmooth_training,srs_smooth_training,trial0302.mat,302,302,242,1,302,80,100,80,20,8,1,2,8,2,89,201,2,0,2,1,1,2,2,1,2,1,CHOSE_HIGH_SAL,1,455,1,0,0,0,0,0,175,104,175,104,71,104,1,180,211.29650910132,338.70349089868,31.2965091013199,158.70349089868,-127.40698179736,127.40698179736,NaN,NaN,NaN,1785356723.3057,22327.71898576,2.30627155303955,0.0107653141021729,0.303025245666504,1.01987791061401,1.35248446464539,1.59489488601685,1.62831282615662,1.62831282615662,-1,-1,1.90570282936096,292.259931564331,242.41042137146,33.4179401397705,275.82836151123,Conflict,Left,Right,Right,Left,Right,0,1,0,1,1,1,0,0,1,0,1,1,0,0,0,1,1,0,1,243,223,20260729_t1609_srsSmooth_training_B001,243,223,15.4029407382011,1.22777438163757,2,1,119,1,0,0,1,1,1
20260729_t1609_srsSmooth_training,srs_smooth_training,trial0303.mat,303,303,243,1,303,80,100,80,20,8,1,2,8,2,89,201,2,0,2,1,1,2,2,1,2,1,CHOSE_HIGH_SAL,1,455,1,0,0,0,0,0,171,120,171,120,51,120,1,0,20.7976688735541,169.202331126446,20.7976688735541,169.202331126446,-148.404662252892,148.404662252892,NaN,NaN,NaN,1785356726.8469,22331.26001228,1.92321372032166,0.0113701820373535,0.136935949325562,0.653619289398193,0.986408233642578,1.22019672393799,1.25350093841553,1.25350093841553,-1,-1,1.50542020797729,125.565767288208,233.78849029541,33.3042144775391,267.092704772949,Conflict,Left,Right,Right,Left,Right,0,1,0,1,1,1,0,0,1,0,1,1,0,0,0,1,1,0,1,244,224,20260729_t1609_srsSmooth_training_B001,244,224,15.4619607448578,1.23492884635925,2,1,104,1,0,0,1,1,1
20260729_t1609_srsSmooth_training,srs_smooth_training,trial0304.mat,304,304,244,1,304,80,100,80,20,8,1,2,8,2,89,201,2,0,2,1,1,2,2,1,2,1,CHOSE_HIGH_SAL,1,455,1,0,0,0,0,0,165,93,165,93,72,93,1,180,227.381629813419,322.618370186581,47.3816298134192,142.618370186581,-95.2367403731615,95.2367403731615,NaN,NaN,NaN,1785356729.99189,22334.40513752,2.17773032188416,0.0164976119995117,0.22533130645752,0.967142820358276,1.29988074302673,1.52541422843933,1.56707859039307,1.56707859039307,-1,-1,1.78547263145447,208.833694458008,225.533485412598,41.6643619537354,267.197847366333,Conflict,Left,Right,Right,Left,Right,0,1,0,1,1,1,0,0,1,0,1,1,0,0,0,1,1,0,1,245,225,20260729_t1609_srsSmooth_training_B001,245,225,15.5143773357073,1.22178173065186,2,1,120,1,0,0,1,1,1
20260729_t1609_srsSmooth_training,srs_smooth_training,trial0305.mat,305,305,245,1,305,80,100,80,20,8,1,2,8,2,89,201,2,0,2,1,1,2,2,1,2,1,CHOSE_HIGH_SAL,1,455,1,0,0,0,0,0,197,119,197,119,78,119,1,180,233.429367369117,316.570632630883,53.4293673691174,136.570632630883,-83.1412652617653,83.1412652617653,NaN,NaN,NaN,1785356733.41724,22337.83039544,2.01113724708557,0.0162780284881592,0.266858577728271,0.791841506958008,1.12465500831604,1.3334481716156,1.36684370040894,1.36684370040894,-1,-1,1.59376287460327,250.580549240112,208.793163299561,33.395528793335,242.188692092896,Conflict,Left,Right,Right,Left,Right,0,1,0,1,1,1,0,0,1,0,1,1,0,0,0,1,1,0,1,246,226,20260729_t1609_srsSmooth_training_B001,246,226,15.5714665452639,1.24762225151062,2,1,93,1,0,0,1,1,1
20260729_t1609_srsSmooth_training,srs_smooth_training,trial0306.mat,306,306,246,1,306,80,100,80,20,8,1,2,8,2,89,201,2,0,2,1,1,2,2,1,2,1,CHOSE_HIGH_SAL,1,455,1,0,0,0,0,0,184,91,184,91,93,91,1,180,198.340249824861,351.659750175139,18.3402498248613,171.659750175139,-153.319500350277,153.319500350277,NaN,NaN,NaN,1785356736.65139,22341.06440564,2.01071834564209,0.0155963897705078,0.166294097900391,0.733123302459717,1.0656373500824,1.33291244506836,1.36628317832947,1.36628317832947,-1,-1,1.61849474906921,150.697708129883,267.275094985962,33.3707332611084,300.64582824707,Conflict,Left,Right,Right,Left,Right,0,1,0,1,1,1,0,0,1,0,1,1,0,0,0,1,1,0,1,247,227,20260729_t1609_srsSmooth_training_B001,247,227,15.6253689090411,1.22300457954407,2,1,119,1,0,0,1,1,1
20260729_t1609_srsSmooth_training,srs_smooth_training,trial0307.mat,307,307,247,1,307,80,100,80,20,8,1,2,8,2,89,201,2,0,2,1,1,2,2,1,2,1,CHOSE_HIGH_SAL,1,455,1,0,0,0,0,0,139,113,139,113,26,113,1,0,40.0265537381763,149.973446261824,40.0265537381763,149.973446261824,-109.946892523647,109.946892523647,NaN,NaN,NaN,1785356739.89107,22344.30392556,2.25413703918457,0.0177087783813477,0.201574087142944,0.993270397186279,1.32609272003174,1.5764627456665,1.61814165115356,1.61814165115356,-1,-1,1.84498596191406,183.865308761597,250.370025634766,41.6789054870605,292.048931121826,Conflict,Left,Right,Right,Left,Right,0,1,0,1,1,1,0,0,1,0,1,1,0,0,0,1,1,0,1,248,228,20260729_t1609_srsSmooth_training_B001,248,228,15.679363600413,1.22896313667297,2,1,91,1,0,0,1,1,1
20260729_t1609_srsSmooth_training,srs_smooth_training,trial0308.mat,308,308,248,1,308,81,100,80,20,8,1,2,7,2,64,28355,2,0,1,2,1,1,2,2,1,1,CHOSE_LOW_SAL,2,455,1,0,0,0,0,0,187,108,187,108,79,187,1,180,190.286110479758,359.713889520242,10.2861104797576,179.713889520242,-169.427779040485,169.427779040485,NaN,NaN,NaN,1785356743.39386,22347.80669712,2.2440938949585,0.0150547027587891,0.25730562210083,0.999060153961182,1.33177375793457,1.45741820335388,1.4906792640686,1.4906792640686,-1,-1,1.75932240486145,242.250919342041,125.644445419312,33.2610607147217,158.905506134033,Conflict,Right,Left,Right,Right,Left,0,1,0,1,1,1,1,1,0,0,0,0,1,1,1,0,1,0,1,249,229,20260729_t1609_srsSmooth_training_B001,249,229,15.7377434333165,1.24865293502808,2,1,113,1,1,0,0,1,1
20260729_t1609_srsSmooth_training,srs_smooth_training,trial0309.mat,309,309,249,1,309,82,100,80,20,8,1,1,6,2,55,15956,2,0,2,1,1,2,1,2,2,1,CHOSE_LOW_SAL,2,455,1,0,0,0,0,0,188,111,188,111,77,111,1,180,306.650046651844,243.349953348156,126.650046651844,63.3499533481559,63.3000933036883,63.3000933036883,NaN,NaN,NaN,1785356746.87944,22351.29221436,2.06612634658813,0.0129423141479492,0.163659811019897,0.780189990997314,1.11298513412476,1.33856344223022,1.3802695274353,1.3802695274353,-1,-1,1.65710520744324,150.717496871948,225.578308105469,41.7060852050781,267.284393310547,Congruent,Left,Right,Right,Left,Left,0,1,1,0,1,1,0,0,0,0,1,1,1,0,0,0,1,1,1,250,230,20260729_t1609_srsSmooth_training_B001,250,230,15.7958364764849,1.24148869514465,1,1,187,1,1,0,0,1,1
20260729_t1609_srsSmooth_training,srs_smooth_training,trial0310.mat,310,310,250,1,310,83,100,80,20,8,1,2,8,2,82,21294,2,0,2,1,1,2,2,1,2,1,CHOSE_HIGH_SAL,1,455,1,0,0,0,0,0,167,90,167,90,77,90,1,180,191.052596688312,358.947403311688,11.0525966883125,178.947403311688,-167.894806623375,167.894806623375,NaN,NaN,NaN,1785356750.1814,22354.59409784,2.35587501525879,0.0111091136932373,0.286857128143311,1.03677892684937,1.36949586868286,1.59512639045715,1.6282811164856,1.6282811164856,-1,-1,1.93864417076111,275.748014450073,225.630521774292,33.1547260284424,258.785247802734,Conflict,Left,Right,Right,Left,Right,0,1,0,1,1,1,0,0,1,0,1,1,0,0,0,1,1,0,1,251,231,20260729_t1609_srsSmooth_training_B001,251,231,15.850869178772,1.23583579063416,2,1,111,1,0,0,1,1,1
