SessionID,ExperimentType,FileName,FileTrialIndex,Attempt,GoodTrialIndexBefore,Block,BlockAttempt,BlockGoodBefore,ExpectedTrialsInBlock,ExpectedChoiceTrialsInBlock,ExpectedInstructionTrialsInBlock,TotalBlocksTarget,BlockRichTarget,TrialType,ConditionID,SchedulePhase,CurrentScheduleRow,TrialSeed,NStim,SingleTargetID,T1Side,T2Side,RichTarget,RichSide,HighSalienceTarget,HighSalienceSide,ChosenTarget,ChosenSide,Outcome,OutcomeCode,TrialEndState,GoodTrial,TrialRepeatFlag,MissedFrames,PassEye,PassJoy,MouseEyeSim,RewardT1Ms,RewardT2Ms,ActualRichRewardMs,ActualPoorRewardMs,RewardDifferenceT1MinusT2Ms,ChosenRewardMs,SalienceType,BackgroundHueDeg,HueT1Deg,HueT2Deg,HueContrastT1Deg,HueContrastT2Deg,HueContrastDifferenceT1MinusT2Deg,HueContrastMagnitudeDeg,MeasuredLuminanceT1CdM2,MeasuredLuminanceT2CdM2,MeasuredLuminanceDifferenceT1MinusT2CdM2,TrialStartPTB,TrialStartDP,TrialDurationSec,FixOnSec,FixAcquiredSec,FixHoldReqMetSec,FixOffSec,SaccadeOnsetSec,SaccadeOffsetSec,TargetAcquiredSec,JoyPressSec,JoyReleaseSec,RewardTimeSec,FixAcquisitionLatencyMs,ReactionTimeMs,SaccadeDurationMs,TargetAcquisitionLatencyMs,TrialTypeLabel,T1SideLabel,T2SideLabel,ChosenSideLabel,RichSideLabel,HighSalienceSideLabel,IsInstruction,IsChoice,IsCongruent,IsConflict,GoodChoice,ChoseRight,ChoseT1,ChoseRich,ChoseHighSalience,ChoseLeft,ChoseT2,ChosePoor,ChoseLowSalience,T1OnRight,RichOnRight,HighSalienceOnRight,T1IsRich,T1IsHighSalience,ChoiceMappingValid,GoodTrialOrdinal,ChoiceOrdinal,BlockUID,GoodTrialInBlock,ChoiceInBlock,SessionElapsedMin,PreTrialIntervalSec,PreviousChosenTarget,PreviousChosenSide,PreviousRewardMs,PreviousChoiceSameBlock,SwitchedTarget,SwitchedSide,StayedTarget,StayedSide,RealEyeChoice
20260721_t1029_srsSmooth_training,srs_smooth_training,trial0001.mat,1,1,0,1,1,0,104,84,20,8,1,0,3,1,11,19067,1,2,2,1,1,2,2,1,2,1,SINGLE_T2_CORRECT,11,455,1,0,4,1,1,0,131,77,131,77,54,77,1,180,190.5,12,10.5,168,-157.5,157.5,NaN,NaN,NaN,1784644494.22551,1107.61946992,1.06638646125793,0.0240836143493652,0.0277910232543945,0.568359136581421,0.599106550216675,0.577277421951294,0.605386018753052,0.605386018753052,-1,-1,0.651450634002686,3.7074089050293,NaN,28.1085968017578,6.27946853637695,Instruction,Left,Right,Right,Left,Right,1,0,0,0,0,NaN,NaN,NaN,NaN,NaN,NaN,NaN,NaN,0,0,1,1,0,0,1,NaN,20260721_t1029_srsSmooth_training_B001,1,NaN,0,NaN,NaN,NaN,NaN,0,NaN,NaN,NaN,NaN,0
20260721_t1029_srsSmooth_training,srs_smooth_training,trial0002.mat,2,2,1,1,2,1,104,84,20,8,1,0,2,1,6,25117,1,1,2,1,1,2,1,2,1,2,SINGLE_T1_CORRECT,10,455,1,0,0,1,1,0,142,76,142,76,66,142,1,180,14.5,197,165.5,17,148.5,148.5,NaN,NaN,NaN,1784644498.08715,1111.481161,1.11577558517456,0.0209252834320068,0.0219383239746094,0.638396501541138,0.654283285140991,0.646552562713623,0.655348777770996,0.655348777770996,-1,-1,0.673213720321655,1.01304054260254,NaN,8.79621505737305,1.06549263000488,Instruction,Left,Right,Left,Left,Left,1,0,0,0,0,NaN,NaN,NaN,NaN,NaN,NaN,NaN,NaN,0,0,0,1,1,0,2,NaN,20260721_t1029_srsSmooth_training_B001,2,NaN,0.0643607417742411,2.79525804519653,NaN,NaN,NaN,0,NaN,NaN,NaN,NaN,0
20260721_t1029_srsSmooth_training,srs_smooth_training,trial0003.mat,3,3,2,1,3,2,104,84,20,8,1,0,4,1,17,26782,1,2,1,2,1,1,2,2,2,2,SINGLE_T2_CORRECT,11,455,1,0,0,1,1,0,147,76,147,76,71,76,1,180,197.5,17,17.5,163,-145.5,145.5,NaN,NaN,NaN,1784644500.84803,1114.24192128,1.23015379905701,0.018488883972168,0.019970178604126,0.821475505828857,0.835187911987305,0.830057621002197,0.837340593338013,0.837340593338013,-1,-1,0.853888273239136,1.48129463195801,NaN,7.28297233581543,2.15268135070801,Instruction,Right,Left,Left,Right,Left,1,0,0,0,0,NaN,NaN,NaN,NaN,NaN,NaN,NaN,NaN,1,1,0,1,0,0,3,NaN,20260721_t1029_srsSmooth_training_B001,3,NaN,0.11037536462148,1.64510178565979,NaN,NaN,NaN,0,NaN,NaN,NaN,NaN,0
20260721_t1029_srsSmooth_training,srs_smooth_training,trial0004.mat,4,4,3,1,4,3,104,84,20,8,1,0,1,1,5,18848,1,1,1,2,1,1,1,1,1,1,SINGLE_T1_CORRECT,10,455,1,0,2,1,1,0,174,83,174,83,91,174,1,180,11.5,194,168.5,14,154.5,154.5,NaN,NaN,NaN,1784644503.64837,1117.0423044,1.12095856666565,0.0182530879974365,0.0198578834533691,0.579859256744385,0.60161018371582,0.588386297225952,0.603625059127808,0.603625059127808,-1,-1,0.620512962341309,1.60479545593262,NaN,15.2387619018555,2.0148754119873,Instruction,Right,Left,Right,Right,Right,1,0,0,0,0,NaN,NaN,NaN,NaN,NaN,NaN,NaN,NaN,1,1,1,1,1,0,4,NaN,20260721_t1029_srsSmooth_training_B001,4,NaN,0.157047792275747,1.57019186019897,NaN,NaN,NaN,0,NaN,NaN,NaN,NaN,0
20260721_t1029_srsSmooth_training,srs_smooth_training,trial0005.mat,5,5,4,1,5,4,104,84,20,8,1,0,3,1,14,524,1,2,2,1,1,2,2,1,2,1,SINGLE_T2_CORRECT,11,455,1,0,2,1,1,0,150,72,150,72,78,72,1,0,11,193,11,167,-156,156,NaN,NaN,NaN,1784644506.3725,1119.76624588,1.23078036308289,0.0192306041717529,0.0211308002471924,0.822463035583496,0.844263315200806,0.830661535263062,0.849504947662354,0.849504947662354,-1,-1,0.863147258758545,1.90019607543945,NaN,18.843412399292,5.24163246154785,Instruction,Left,Right,Right,Left,Right,1,0,0,0,0,NaN,NaN,NaN,NaN,NaN,NaN,NaN,NaN,0,0,1,1,0,0,5,NaN,20260721_t1029_srsSmooth_training_B001,5,NaN,0.202449953556061,1.6031711101532,NaN,NaN,NaN,0,NaN,NaN,NaN,NaN,0
20260721_t1029_srsSmooth_training,srs_smooth_training,trial0006.mat,6,6,5,1,6,5,104,84,20,8,1,0,1,1,4,29651,1,1,1,2,1,1,1,1,1,1,SINGLE_T1_CORRECT,10,455,1,0,3,1,1,0,170,83,170,83,87,170,1,0,191,10,169,10,159,159,NaN,NaN,NaN,1784644509.15231,1122.54608888,1.32632303237915,0.0145359039306641,0.0158867835998535,0.809540510177612,0.831234931945801,0.81771183013916,0.838257074356079,0.838257074356079,-1,-1,0.859127521514893,1.35087966918945,NaN,20.5452442169189,7.02214241027832,Instruction,Right,Left,Right,Right,Right,1,0,0,0,0,NaN,NaN,NaN,NaN,NaN,NaN,NaN,NaN,1,1,1,1,1,0,6,NaN,20260721_t1029_srsSmooth_training_B001,6,NaN,0.248780012130737,1.54902315139771,NaN,NaN,NaN,0,NaN,NaN,NaN,NaN,0
20260721_t1029_srsSmooth_training,srs_smooth_training,trial0007.mat,7,7,6,1,7,6,104,84,20,8,1,0,3,1,13,26681,1,2,2,1,1,2,2,1,2,1,SINGLE_T2_CORRECT,11,455,1,0,2,1,1,0,154,71,154,71,83,71,1,0,15,194.5,15,165.5,-150.5,150.5,NaN,NaN,NaN,1784644512.06258,1125.45615972,1.15731167793274,0.0127096176147461,0.0145692825317383,0.716262578964233,0.737737655639648,0.724604368209839,0.73957347869873,0.73957347869873,-1,-1,0.756855249404907,1.85966491699219,NaN,14.9691104888916,1.83582305908203,Instruction,Left,Right,Right,Left,Right,1,0,0,0,0,NaN,NaN,NaN,NaN,NaN,NaN,NaN,NaN,0,0,1,1,0,0,7,NaN,20260721_t1029_srsSmooth_training_B001,7,NaN,0.297284583250682,1.5839512348175,NaN,NaN,NaN,0,NaN,NaN,NaN,NaN,0
20260721_t1029_srsSmooth_training,srs_smooth_training,trial0008.mat,8,8,7,1,8,7,104,84,20,8,1,0,4,1,18,20712,1,2,1,2,1,1,2,2,2,2,SINGLE_T2_CORRECT,11,455,1,0,1,1,1,0,163,57,163,57,106,57,1,0,15.5,196,15.5,164,-148.5,148.5,NaN,NaN,NaN,1784644514.84343,1128.23693444,1.02683520317078,0.0153076648712158,0.0167305469512939,0.632867097854614,0.6486656665802,0.641533136367798,0.649758577346802,0.649758577346802,-1,-1,0.668388366699219,1.42288208007812,NaN,8.22544097900391,1.09291076660156,Instruction,Right,Left,Left,Right,Left,1,0,0,0,0,NaN,NaN,NaN,NaN,NaN,NaN,NaN,NaN,1,1,0,1,0,0,8,NaN,20260721_t1029_srsSmooth_training_B001,8,NaN,0.343631978829702,1.62353205680847,NaN,NaN,NaN,0,NaN,NaN,NaN,NaN,0
20260721_t1029_srsSmooth_training,srs_smooth_training,trial0009.mat,9,9,8,1,9,8,104,84,20,8,1,0,3,1,12,20279,1,2,2,1,1,2,2,1,2,1,SINGLE_T2_CORRECT,11,455,1,0,3,1,1,0,155,80,155,80,75,80,1,0,16.5,190.5,16.5,169.5,-153,153,NaN,NaN,NaN,1784644517.43318,1130.82679364,0.978040933609009,0.0173258781433105,0.0188016891479492,0.545712947845459,0.567348003387451,0.553844451904297,0.573490142822266,0.573490142822266,-1,-1,0.595365524291992,1.47581100463867,NaN,19.6456909179688,6.14213943481445,Instruction,Left,Right,Right,Left,Right,1,0,0,0,0,NaN,NaN,NaN,NaN,NaN,NaN,NaN,NaN,0,0,1,1,0,0,9,NaN,20260721_t1029_srsSmooth_training_B001,9,NaN,0.386794479688009,1.56291484832764,NaN,NaN,NaN,0,NaN,NaN,NaN,NaN,0
20260721_t1029_srsSmooth_training,srs_smooth_training,trial0010.mat,10,10,9,1,10,9,104,84,20,8,1,0,1,1,3,32309,1,1,1,2,1,1,1,1,1,1,SINGLE_T1_CORRECT,10,455,1,0,1,1,1,0,148,67,148,67,81,148,1,180,13,192,167,12,155,155,NaN,NaN,NaN,1784644519.9752,1133.36856132,1.23672127723694,0.017064094543457,0.0191919803619385,0.744828462600708,0.767094135284424,0.753734350204468,0.768073797225952,0.768073797225952,-1,-1,0.786023855209351,2.12788581848145,NaN,14.3394470214844,0.97966194152832,Instruction,Right,Left,Right,Right,Right,1,0,0,0,0,NaN,NaN,NaN,NaN,NaN,NaN,NaN,NaN,1,1,1,1,1,0,10,NaN,20260721_t1029_srsSmooth_training_B001,10,NaN,0.429161608219147,1.56398677825928,NaN,NaN,NaN,0,NaN,NaN,NaN,NaN,0
20260721_t1029_srsSmooth_training,srs_smooth_training,trial0011.mat,11,11,10,1,11,10,104,84,20,8,1,0,1,1,2,16340,1,1,1,2,1,1,1,1,1,1,SINGLE_T1_CORRECT,10,455,1,0,0,1,1,0,146,64,146,64,82,146,1,180,14.5,192.5,165.5,12.5,153,153,NaN,NaN,NaN,1784644522.79692,1136.1904202,1.25757694244385,0.0121259689331055,0.0133380889892578,0.754770755767822,0.77048921585083,0.763520956039429,0.771674156188965,0.771674156188965,-1,-1,0.789701700210571,1.21212005615234,NaN,8.15320014953613,1.18494033813477,Instruction,Right,Left,Right,Right,Right,1,0,0,0,0,NaN,NaN,NaN,NaN,NaN,NaN,NaN,NaN,1,1,1,1,1,0,11,NaN,20260721_t1029_srsSmooth_training_B001,11,NaN,0.476190193494161,1.58499383926392,NaN,NaN,NaN,0,NaN,NaN,NaN,NaN,0
20260721_t1029_srsSmooth_training,srs_smooth_training,trial0012.mat,12,12,11,1,12,11,104,84,20,8,1,0,1,1,1,2351,1,1,1,2,1,1,1,1,1,1,SINGLE_T1_CORRECT,10,455,1,0,2,1,1,0,131,73,131,73,58,131,1,180,10.5,191.5,169.5,11.5,158,158,NaN,NaN,NaN,1784644525.6405,1139.03383596,1.07292556762695,0.0186548233032227,0.0209660530090332,0.563047885894775,0.585343837738037,0.571051836013794,0.586629152297974,0.586629152297974,-1,-1,0.605055809020996,2.31122970581055,NaN,15.5773162841797,1.28531455993652,Instruction,Right,Left,Right,Right,Right,1,0,0,0,0,NaN,NaN,NaN,NaN,NaN,NaN,NaN,NaN,1,1,1,1,1,0,12,NaN,20260721_t1029_srsSmooth_training_B001,12,NaN,0.523583245277405,1.58600616455078,NaN,NaN,NaN,0,NaN,NaN,NaN,NaN,0
20260721_t1029_srsSmooth_training,srs_smooth_training,trial0013.mat,13,13,12,1,13,12,104,84,20,8,1,0,4,1,19,22352,1,2,1,2,1,1,2,2,2,2,SINGLE_T2_CORRECT,11,455,1,0,1,1,1,0,125,50,125,50,75,50,1,0,15,194,15,166,-151,151,NaN,NaN,NaN,1784644528.24715,1141.6404886,1.13229155540466,0.0121102333068848,0.0138075351715088,0.74861216545105,0.762139558792114,0.756840229034424,0.762873649597168,0.762873649597168,-1,-1,0.781082391738892,1.69730186462402,NaN,6.03342056274414,0.734090805053711,Instruction,Right,Left,Left,Right,Left,1,0,0,0,0,NaN,NaN,NaN,NaN,NaN,NaN,NaN,NaN,1,1,0,1,0,0,13,NaN,20260721_t1029_srsSmooth_training_B001,13,NaN,0.567027354240418,1.53372097015381,NaN,NaN,NaN,0,NaN,NaN,NaN,NaN,0
20260721_t1029_srsSmooth_training,srs_smooth_training,trial0014.mat,14,14,13,1,14,13,104,84,20,8,1,0,2,1,7,24470,1,1,2,1,1,2,1,2,1,2,SINGLE_T1_CORRECT,10,455,1,0,0,1,1,0,127,55,127,55,72,127,1,0,199.5,16,160.5,16,144.5,144.5,NaN,NaN,NaN,1784644530.93852,1144.33176864,1.18994164466858,0.0125100612640381,0.0134828090667725,0.731924295425415,0.745871782302856,0.739967584609985,0.746938705444336,0.746938705444336,-1,-1,0.764384746551514,0.972747802734375,NaN,6.97112083435059,1.06692314147949,Instruction,Left,Right,Left,Left,Left,1,0,0,0,0,NaN,NaN,NaN,NaN,NaN,NaN,NaN,NaN,0,0,0,1,1,0,14,NaN,20260721_t1029_srsSmooth_training_B001,14,NaN,0.611883560816447,1.5590808391571,NaN,NaN,NaN,0,NaN,NaN,NaN,NaN,0
20260721_t1029_srsSmooth_training,srs_smooth_training,trial0015.mat,15,15,14,1,15,14,104,84,20,8,1,0,2,1,10,9254,1,1,2,1,1,2,1,2,1,2,SINGLE_T1_CORRECT,10,455,1,0,4,1,1,0,137,90,137,90,47,137,1,180,18.5,198,161.5,18,143.5,143.5,NaN,NaN,NaN,1784644533.64987,1147.04308956,1.11299586296082,0.0179336071014404,0.0234968662261963,0.60468864440918,0.626291513442993,0.612814664840698,0.629385709762573,0.629385709762573,-1,-1,0.645418643951416,5.56325912475586,NaN,16.571044921875,3.09419631958008,Instruction,Left,Right,Left,Left,Left,1,0,0,0,0,NaN,NaN,NaN,NaN,NaN,NaN,NaN,NaN,0,0,0,1,1,0,15,NaN,20260721_t1029_srsSmooth_training_B001,15,NaN,0.657072714964549,1.52140760421753,NaN,NaN,NaN,0,NaN,NaN,NaN,NaN,0
20260721_t1029_srsSmooth_training,srs_smooth_training,trial0016.mat,16,16,15,1,16,15,104,84,20,8,1,0,3,1,15,7024,1,2,2,1,1,2,2,1,2,1,SINGLE_T2_CORRECT,11,455,1,0,2,1,1,0,132,71,132,71,61,71,1,0,14,197.5,14,162.5,-148.5,148.5,NaN,NaN,NaN,1784644536.3127,1149.70603384,1.19252300262451,0.0135395526885986,0.018775463104248,0.750204563140869,0.771902322769165,0.758326768875122,0.777920722961426,0.777920722961426,-1,-1,0.7907555103302,5.23591041564941,NaN,19.5939540863037,6.01840019226074,Instruction,Left,Right,Right,Left,Right,1,0,0,0,0,NaN,NaN,NaN,NaN,NaN,NaN,NaN,NaN,0,0,1,1,0,0,16,NaN,20260721_t1029_srsSmooth_training_B001,16,NaN,0.701453252633413,1.54983639717102,NaN,NaN,NaN,0,NaN,NaN,NaN,NaN,0
20260721_t1029_srsSmooth_training,srs_smooth_training,trial0017.mat,17,17,16,1,17,16,104,84,20,8,1,0,2,1,9,22194,1,1,2,1,1,2,1,2,1,2,SINGLE_T1_CORRECT,10,455,1,0,4,1,1,0,119,62,119,62,57,119,1,0,195.5,20,164.5,20,144.5,144.5,NaN,NaN,NaN,1784644539.09273,1152.48590324,1.11244535446167,0.0169529914855957,0.0228655338287354,0.620237350463867,0.641977548599243,0.628345251083374,0.644749402999878,0.644749402999878,-1,-1,0.661514282226562,5.91254234313965,NaN,16.4041519165039,2.77185440063477,Instruction,Left,Right,Left,Left,Left,1,0,0,0,0,NaN,NaN,NaN,NaN,NaN,NaN,NaN,NaN,0,0,0,1,1,0,17,NaN,20260721_t1029_srsSmooth_training_B001,17,NaN,0.74778706630071,1.58750581741333,NaN,NaN,NaN,0,NaN,NaN,NaN,NaN,0
20260721_t1029_srsSmooth_training,srs_smooth_training,trial0018.mat,18,18,17,1,18,17,104,84,20,8,1,0,4,1,16,32370,1,2,1,2,1,1,2,2,2,2,SINGLE_T2_CORRECT,11,455,1,0,2,1,1,0,154,72,154,72,82,72,1,180,194,10.5,14,169.5,-155.5,155.5,NaN,NaN,NaN,1784644541.76024,1155.15313344,1.11125755310059,0.0162148475646973,0.0180139541625977,0.694415807723999,0.716243028640747,0.702551364898682,0.719980716705322,0.719980716705322,-1,-1,0.735291957855225,1.79910659790039,NaN,17.4293518066406,3.7376880645752,Instruction,Right,Left,Left,Right,Left,1,0,0,0,0,NaN,NaN,NaN,NaN,NaN,NaN,NaN,NaN,1,1,0,1,0,0,18,NaN,20260721_t1029_srsSmooth_training_B001,18,NaN,0.792245546976725,1.55506348609924,NaN,NaN,NaN,0,NaN,NaN,NaN,NaN,0
20260721_t1029_srsSmooth_training,srs_smooth_training,trial0019.mat,19,19,18,1,19,18,104,84,20,8,1,0,2,1,8,22784,1,1,2,1,1,2,1,2,1,2,SINGLE_T1_CORRECT,10,455,1,0,2,1,1,0,112,64,112,64,48,112,1,0,193.5,19.5,166.5,19.5,147,147,NaN,NaN,NaN,1784644544.46267,1157.85552388,1.04191637039185,0.0138885974884033,0.0155582427978516,0.575700283050537,0.597245693206787,0.584069728851318,0.600238561630249,0.600238561630249,-1,-1,0.616389036178589,1.66964530944824,NaN,16.1688327789307,2.99286842346191,Instruction,Left,Right,Left,Left,Left,1,0,0,0,0,NaN,NaN,NaN,NaN,NaN,NaN,NaN,NaN,0,0,0,1,1,0,19,NaN,20260721_t1029_srsSmooth_training_B001,19,NaN,0.837286082903544,1.59117460250854,NaN,NaN,NaN,0,NaN,NaN,NaN,NaN,0
20260721_t1029_srsSmooth_training,srs_smooth_training,trial0020.mat,20,20,19,1,20,19,104,84,20,8,1,0,4,1,20,26483,1,2,1,2,1,1,2,2,2,2,SINGLE_T2_CORRECT,11,455,1,0,4,1,1,0,135,104,135,104,31,104,1,0,20,198.5,20,161.5,-141.5,141.5,NaN,NaN,NaN,1784644547.06101,1160.45398312,1.12840270996094,0.0156512260437012,0.0170090198516846,0.635433197021484,0.657344579696655,0.643870115280151,0.662599802017212,0.662599802017212,-1,-1,0.688986539840698,1.3577938079834,NaN,18.7296867370605,5.25522232055664,Instruction,Right,Left,Left,Right,Left,1,0,0,0,0,NaN,NaN,NaN,NaN,NaN,NaN,NaN,NaN,1,1,0,1,0,0,20,NaN,20260721_t1029_srsSmooth_training_B001,20,NaN,0.88059173822403,1.55642294883728,NaN,NaN,NaN,0,NaN,NaN,NaN,NaN,0
20260721_t1029_srsSmooth_training,srs_smooth_training,trial0021.mat,21,21,20,1,21,20,104,84,20,8,1,1,5,2,32,17271,2,0,1,2,1,1,1,1,1,1,CHOSE_HIGH_SAL,1,455,1,0,5,1,1,0,160,59,160,59,101,160,1,0,193,13,167,13,154,154,NaN,NaN,NaN,1784644549.74565,1163.13850416,1.31510996818542,0.014448881149292,0.0160868167877197,0.775200605392456,0.797812938690186,0.784076452255249,0.803179025650024,0.803179025650024,-1,-1,0.831052541732788,1.63793563842773,NaN,19.1025733947754,5.36608695983887,Congruent,Right,Left,Right,Right,Right,0,1,1,0,1,1,1,1,1,0,0,0,0,1,1,1,1,1,1,21,1,20260721_t1029_srsSmooth_training_B001,21,1,0.925335764884949,1.55623888969421,NaN,NaN,NaN,0,NaN,NaN,NaN,NaN,0
20260721_t1029_srsSmooth_training,srs_smooth_training,trial0022.mat,22,22,21,1,22,21,104,84,20,8,1,1,6,2,45,15891,2,0,2,1,1,2,1,2,1,2,CHOSE_HIGH_SAL,1,455,1,0,5,1,1,0,145,62,145,62,83,145,1,180,10,198.5,170,18.5,151.5,151.5,NaN,NaN,NaN,1784644552.62721,1166.02002192,1.31109213829041,0.0163364410400391,0.0228352546691895,0.778078079223633,0.799700736999512,0.78643012046814,0.806856393814087,0.806856393814087,-1,-1,0.827956676483154,6.49881362915039,NaN,20.4262733459473,7.1556568145752,Congruent,Left,Right,Left,Left,Left,0,1,1,0,1,0,1,1,1,1,0,0,0,0,0,0,1,1,1,22,2,20260721_t1029_srsSmooth_training_B001,22,2,0.973361754417419,1.56644940376282,1,1,160,1,0,1,1,0,0
20260721_t1029_srsSmooth_training,srs_smooth_training,trial0023.mat,23,23,22,1,23,22,104,84,20,8,1,1,5,2,28,30522,2,0,1,2,1,1,1,1,1,1,CHOSE_HIGH_SAL,1,455,1,0,3,1,1,0,122,86,122,86,36,122,1,0,198,11.5,162,11.5,150.5,150.5,NaN,NaN,NaN,1784644555.52175,1168.91443672,1.28287601470947,0.0135800838470459,0.0155854225158691,0.783515930175781,0.805278062820435,0.792030334472656,0.807099103927612,0.807099103927612,-1,-1,0.824626207351685,2.00533866882324,NaN,15.0687694549561,1.82104110717773,Congruent,Right,Left,Right,Right,Right,0,1,1,0,1,1,1,1,1,0,0,0,0,1,1,1,1,1,1,23,3,20260721_t1029_srsSmooth_training_B001,23,3,1.02160402536392,1.58344411849976,1,2,145,1,0,1,1,0,0
20260721_t1029_srsSmooth_training,srs_smooth_training,trial0024.mat,24,24,23,1,24,23,104,84,20,8,1,1,5,2,40,22940,2,0,1,2,1,1,1,1,1,1,CHOSE_HIGH_SAL,1,455,1,0,2,1,1,0,160,65,160,65,95,160,1,180,12,194.5,168,14.5,153.5,153.5,NaN,NaN,NaN,1784644558.33802,1171.730729,1.25360870361328,0.0140817165374756,0.0155904293060303,0.717660903930664,0.739110708236694,0.725892782211304,0.740253925323486,0.740253925323486,-1,-1,0.758459329605103,1.50871276855469,NaN,14.3611431121826,1.14321708679199,Congruent,Right,Left,Right,Right,Right,0,1,1,0,1,1,1,1,1,0,0,0,0,1,1,1,1,1,1,24,4,20260721_t1029_srsSmooth_training_B001,24,4,1.06854194800059,1.5333993434906,1,1,122,1,0,0,1,1,0
20260721_t1029_srsSmooth_training,srs_smooth_training,trial0025.mat,25,25,24,1,25,24,104,84,20,8,1,1,5,2,27,6148,2,0,1,2,1,1,1,1,1,1,CHOSE_HIGH_SAL,1,455,1,0,2,1,1,0,147,69,147,69,78,147,1,0,191.5,10.5,168.5,10.5,158,158,NaN,NaN,NaN,1784644561.18563,1174.57823364,1.13658404350281,0.0165927410125732,0.0222949981689453,0.619758129119873,0.641616821289062,0.628332138061523,0.642658472061157,0.642658472061157,-1,-1,0.661108016967773,5.70225715637207,NaN,14.3263339996338,1.04165077209473,Congruent,Right,Left,Right,Right,Right,0,1,1,0,1,1,1,1,1,0,0,0,0,1,1,1,1,1,1,25,5,20260721_t1029_srsSmooth_training_B001,25,5,1.11600198348363,1.59399342536926,1,1,160,1,0,0,1,1,0
20260721_t1029_srsSmooth_training,srs_smooth_training,trial0026.mat,26,26,25,1,26,25,104,84,20,8,1,2,7,2,72,21872,2,0,1,2,1,1,2,2,1,1,CHOSE_LOW_SAL,2,455,1,0,1,1,1,0,137,45,137,45,92,137,1,0,15,190,15,170,-155,155,NaN,NaN,NaN,1784644563.99244,1177.38502088,1.10505342483521,0.0182220935821533,0.0193831920623779,0.604745388031006,0.618245840072632,0.611303329467773,0.619089126586914,0.619089126586914,-1,-1,0.637208938598633,1.16109848022461,NaN,7.78579711914062,0.843286514282227,Conflict,Right,Left,Right,Right,Left,0,1,0,1,1,1,1,1,0,0,0,0,1,1,1,0,1,0,1,26,6,20260721_t1029_srsSmooth_training_B001,26,6,1.16278221209844,1.67022967338562,1,1,147,1,0,0,1,1,0
20260721_t1029_srsSmooth_training,srs_smooth_training,trial0027.mat,27,27,26,1,27,26,104,84,20,8,1,1,6,2,62,28653,2,0,2,1,1,2,1,2,1,2,CHOSE_HIGH_SAL,1,455,1,0,1,1,1,0,119,82,119,82,37,119,1,180,10,198.5,170,18.5,151.5,151.5,NaN,NaN,NaN,1784644566.64043,1180.03298056,1.15427899360657,0.012007474899292,0.0133743286132812,0.671558618545532,0.687033891677856,0.680059194564819,0.687994003295898,0.687994003295898,-1,-1,0.70618200302124,1.36685371398926,NaN,7.9348087310791,0.960111618041992,Congruent,Left,Right,Left,Left,Left,0,1,1,0,1,0,1,1,1,1,0,0,0,0,0,0,1,1,1,27,7,20260721_t1029_srsSmooth_training_B001,27,7,1.2069152990977,1.54293179512024,1,1,137,1,0,1,1,0,0
20260721_t1029_srsSmooth_training,srs_smooth_training,trial0028.mat,28,28,27,1,28,27,104,84,20,8,1,2,7,2,73,23963,2,0,1,2,1,1,2,2,1,1,CHOSE_LOW_SAL,2,455,1,0,1,1,1,0,139,69,139,69,70,139,1,180,200,10.5,20,169.5,-149.5,149.5,NaN,NaN,NaN,1784644569.38367,1182.7762638,1.11396265029907,0.0188727378845215,0.0198285579681396,0.63881516456604,0.66056489944458,0.647066593170166,0.663357734680176,0.663357734680176,-1,-1,0.679631948471069,0.955820083618164,NaN,16.2911415100098,2.7928352355957,Conflict,Right,Left,Right,Right,Left,0,1,0,1,1,1,1,1,0,0,0,0,1,1,1,0,1,0,1,28,8,20260721_t1029_srsSmooth_training_B001,28,8,1.25263601541519,1.58896398544312,1,2,119,1,0,1,1,0,0
20260721_t1029_srsSmooth_training,srs_smooth_training,trial0029.mat,29,29,28,1,29,28,104,84,20,8,1,1,6,2,56,29572,2,0,2,1,1,2,1,2,1,2,CHOSE_HIGH_SAL,1,455,1,0,3,1,1,0,144,95,144,95,49,144,1,0,196,19.5,164,19.5,144.5,144.5,NaN,NaN,NaN,1784644572.07789,1185.47037356,1.28650760650635,0.0164229869842529,0.0201361179351807,0.794414520263672,0.816454172134399,0.802852153778076,0.818385601043701,0.818385601043701,-1,-1,0.842763662338257,3.71313095092773,NaN,15.533447265625,1.93142890930176,Congruent,Left,Right,Left,Left,Left,0,1,1,0,1,0,1,1,1,1,0,0,0,0,0,0,1,1,1,29,9,20260721_t1029_srsSmooth_training_B001,29,9,1.29753972689311,1.58026003837585,1,1,139,1,0,1,1,0,0
20260721_t1029_srsSmooth_training,srs_smooth_training,trial0030.mat,30,30,29,1,30,29,104,84,20,8,1,2,8,2,89,6853,2,0,2,1,1,2,2,1,1,2,CHOSE_LOW_SAL,2,455,1,0,4,1,1,0,130,62,130,62,68,130,1,0,11.5,199.5,11.5,160.5,-149,149,NaN,NaN,NaN,1784644574.92809,1188.32040472,1.29535007476807,0.0163369178771973,0.0216126441955566,0.786037445068359,0.808034658432007,0.794494390487671,0.814492702484131,0.814492702484131,-1,-1,0.835699319839478,5.27572631835938,NaN,19.99831199646,6.45804405212402,Conflict,Left,Right,Left,Left,Right,0,1,0,1,1,0,1,1,0,1,0,0,1,0,0,1,1,0,1,30,10,20260721_t1029_srsSmooth_training_B001,30,10,1.34504303137461,1.56369066238403,1,2,144,1,0,0,1,1,0
20260721_t1029_srsSmooth_training,srs_smooth_training,trial0031.mat,31,31,30,1,31,30,104,84,20,8,1,2,7,2,81,20819,2,0,1,2,1,1,2,2,1,1,CHOSE_LOW_SAL,2,455,1,0,1,1,1,0,133,52,133,52,81,133,1,0,17,195.5,17,164.5,-147.5,147.5,NaN,NaN,NaN,1784644577.79389,1191.18626272,1.17978072166443,0.0173196792602539,0.0232274532318115,0.676980257034302,0.692345857620239,0.685274600982666,0.693313598632812,0.693313598632812,-1,-1,0.712022542953491,5.90777397155762,NaN,8.03899765014648,0.967741012573242,Conflict,Right,Left,Right,Right,Left,0,1,0,1,1,1,1,1,0,0,0,0,1,1,1,0,1,0,1,31,11,20260721_t1029_srsSmooth_training_B001,31,11,1.39280631542206,1.57044696807861,1,2,130,1,0,1,1,0,0
20260721_t1029_srsSmooth_training,srs_smooth_training,trial0032.mat,32,32,31,1,32,31,104,84,20,8,1,1,6,2,42,27081,2,0,2,1,1,2,1,2,1,2,CHOSE_HIGH_SAL,1,455,1,0,1,1,1,0,156,82,156,82,74,156,1,180,18.5,194.5,161.5,14.5,147,147,NaN,NaN,NaN,1784644580.57973,1193.97203316,1.25193905830383,0.0149221420288086,0.0162436962127686,0.717991828918457,0.739949941635132,0.726596117019653,0.741223335266113,0.741223335266113,-1,-1,0.760083436965942,1.32155418395996,NaN,14.62721824646,1.27339363098145,Congruent,Left,Right,Left,Left,Left,0,1,1,0,1,0,1,1,1,1,0,0,0,0,0,0,1,1,1,32,12,20260721_t1029_srsSmooth_training_B001,32,12,1.4392369945844,1.60606002807617,1,1,133,1,0,1,1,0,0
20260721_t1029_srsSmooth_training,srs_smooth_training,trial0033.mat,33,33,32,1,33,32,104,84,20,8,1,2,8,2,90,22294,2,0,2,1,1,2,2,1,1,2,CHOSE_LOW_SAL,2,455,1,0,0,1,1,0,124,64,124,64,60,124,1,0,10,193.5,10,166.5,-156.5,156.5,NaN,NaN,NaN,1784644583.41541,1196.80754308,1.16681241989136,0.0210165977478027,0.0222988128662109,0.705437898635864,0.721045017242432,0.71338152885437,0.721954584121704,0.721954584121704,-1,-1,0.73983359336853,1.2822151184082,NaN,8.57305526733398,0.909566879272461,Conflict,Left,Right,Left,Left,Right,0,1,0,1,1,0,1,1,0,1,0,0,1,0,0,1,1,0,1,33,13,20260721_t1029_srsSmooth_training_B001,33,13,1.48649837970734,1.58374404907227,1,2,156,1,0,0,1,1,0
20260721_t1029_srsSmooth_training,srs_smooth_training,trial0034.mat,34,34,33,1,34,33,104,84,20,8,1,2,8,2,84,9028,2,0,2,1,1,2,2,1,1,2,CHOSE_LOW_SAL,2,455,1,0,2,1,1,0,147,64,147,64,83,147,1,180,198,14,18,166,-148,148,NaN,NaN,NaN,1784644586.12853,1199.52069732,1.05932974815369,0.0163376331329346,0.0180132389068604,0.561390161514282,0.583026647567749,0.56949782371521,0.584383487701416,0.584383487701416,-1,-1,0.602653026580811,1.67560577392578,NaN,14.8856639862061,1.35684013366699,Conflict,Left,Right,Left,Left,Right,0,1,0,1,1,0,1,1,0,1,0,0,1,0,0,1,1,0,1,34,14,20260721_t1029_srsSmooth_training_B001,34,14,1.53171705007553,1.54630780220032,1,2,124,1,0,0,1,1,0
20260721_t1029_srsSmooth_training,srs_smooth_training,trial0035.mat,35,35,34,1,35,34,104,84,20,8,1,2,7,2,63,32714,2,0,1,2,1,1,2,2,1,1,CHOSE_LOW_SAL,2,455,1,0,3,1,1,0,153,54,153,54,99,153,1,0,17.5,195,17.5,165,-147.5,147.5,NaN,NaN,NaN,1784644588.78789,1202.179954,1.32737731933594,0.0154144763946533,0.0214009284973145,0.810325384140015,0.832113265991211,0.818789005279541,0.833115816116333,0.833115816116333,-1,-1,0.850863695144653,5.98645210266113,NaN,14.326810836792,1.00255012512207,Conflict,Right,Left,Right,Right,Left,0,1,0,1,1,1,1,1,0,0,0,0,1,1,1,0,1,0,1,35,15,20260721_t1029_srsSmooth_training_B001,35,15,1.57603973547618,1.60003137588501,1,2,147,1,0,1,1,0,0
20260721_t1029_srsSmooth_training,srs_smooth_training,trial0036.mat,36,36,35,1,36,35,104,84,20,8,1,1,5,2,41,4498,2,0,1,2,1,1,1,1,1,1,CHOSE_HIGH_SAL,1,455,1,0,5,1,1,0,141,77,141,77,64,141,1,0,197,19.5,163,19.5,143.5,143.5,NaN,NaN,NaN,1784644591.69741,1205.08939428,1.05988264083862,0.0143449306488037,0.0201699733734131,0.542570114135742,0.564366579055786,0.550467967987061,0.565505981445312,0.565505981445312,-1,-1,0.583258152008057,5.82504272460938,NaN,15.038013458252,1.13940238952637,Congruent,Right,Left,Right,Right,Right,0,1,1,0,1,1,1,1,1,0,0,0,0,1,1,1,1,1,1,36,16,20260721_t1029_srsSmooth_training_B001,36,16,1.62453169822693,1.58214044570923,1,1,153,1,0,0,1,1,0
20260721_t1029_srsSmooth_training,srs_smooth_training,trial0037.mat,37,37,36,1,37,36,104,84,20,8,1,1,5,2,23,961,2,0,1,2,1,1,1,1,1,1,CHOSE_HIGH_SAL,1,455,1,0,1,1,1,0,157,110,157,110,47,157,1,180,19,196.5,161,16.5,144.5,144.5,NaN,NaN,NaN,1784644594.33694,1207.7289902,1.05375242233276,0.0165810585021973,0.0191819667816162,0.551167249679565,0.574937105178833,0.56113600730896,0.576993227005005,0.576993227005005,-1,-1,0.593800067901611,2.60090827941895,NaN,15.8572196960449,2.05612182617188,Congruent,Right,Left,Right,Right,Right,0,1,1,0,1,1,1,1,1,0,0,0,0,1,1,1,1,1,1,37,17,20260721_t1029_srsSmooth_training_B001,37,17,1.66852394342422,1.57965207099915,1,1,141,1,0,0,1,1,0
20260721_t1029_srsSmooth_training,srs_smooth_training,trial0038.mat,38,38,37,1,38,37,104,84,20,8,1,1,6,2,53,12640,2,0,2,1,1,2,1,2,1,2,CHOSE_HIGH_SAL,1,455,1,0,4,1,1,0,165,70,165,70,95,165,1,0,190,13.5,170,13.5,156.5,156.5,NaN,NaN,NaN,1784644596.91003,1210.30193212,1.29701089859009,0.0185997486114502,0.0200505256652832,0.754966259002686,0.776962518692017,0.763487100601196,0.780720710754395,0.780720710754395,-1,-1,0.815983057022095,1.45077705383301,NaN,17.2336101531982,3.75819206237793,Congruent,Left,Right,Left,Left,Left,0,1,1,0,1,0,1,1,1,1,0,0,0,0,0,0,1,1,1,38,18,20260721_t1029_srsSmooth_training_B001,38,18,1.71140866676966,1.51933097839355,1,1,157,1,0,1,1,0,0
20260721_t1029_srsSmooth_training,srs_smooth_training,trial0039.mat,39,39,38,1,39,38,104,84,20,8,1,1,5,2,31,20438,2,0,1,2,1,1,1,1,1,1,CHOSE_HIGH_SAL,1,455,1,0,2,1,1,0,149,78,149,78,71,149,1,180,13,192,167,12,155,155,NaN,NaN,NaN,1784644599.73576,1213.1276696,1.09659957885742,0.0179829597473145,0.0231664180755615,0.610885143280029,0.626340389251709,0.619450569152832,0.627246856689453,0.627246856689453,-1,-1,0.646034955978394,5.18345832824707,NaN,7.79628753662109,0.906467437744141,Congruent,Right,Left,Right,Right,Right,0,1,1,0,1,1,1,1,1,0,0,0,0,1,1,1,1,1,1,39,19,20260721_t1029_srsSmooth_training_B001,39,19,1.75850414037704,1.52871751785278,1,2,165,1,0,1,1,0,0
20260721_t1029_srsSmooth_training,srs_smooth_training,trial0040.mat,40,40,39,1,40,39,104,84,20,8,1,1,5,2,26,28611,2,0,1,2,1,1,1,1,1,1,CHOSE_HIGH_SAL,1,455,1,0,3,1,1,0,140,64,140,64,76,140,1,180,17.5,196,162.5,16,146.5,146.5,NaN,NaN,NaN,1784644602.35316,1215.74495364,1.26226258277893,0.0173525810241699,0.0191524028778076,0.736949920654297,0.759048461914062,0.745444297790527,0.762320756912231,0.762320756912231,-1,-1,0.795331478118896,1.7998218536377,NaN,16.8764591217041,3.27229499816895,Congruent,Right,Left,Right,Right,Right,0,1,1,0,1,1,1,1,1,0,0,0,0,1,1,1,1,1,1,40,20,20260721_t1029_srsSmooth_training_B001,40,20,1.80212748448054,1.52080106735229,1,1,149,1,0,0,1,1,0
20260721_t1029_srsSmooth_training,srs_smooth_training,trial0041.mat,41,41,40,1,41,40,104,84,20,8,1,2,8,2,92,14365,2,0,2,1,1,2,2,1,1,2,CHOSE_LOW_SAL,2,455,1,0,1,1,1,0,166,100,166,100,66,166,1,0,20,199,20,161,-141,141,NaN,NaN,NaN,1784644605.12858,1218.52047708,1.07028961181641,0.0170431137084961,0.0184519290924072,0.567808389663696,0.583731889724731,0.576499223709106,0.584662437438965,0.584662437438965,-1,-1,0.602417945861816,1.40881538391113,NaN,8.1632137298584,0.930547714233398,Conflict,Left,Right,Left,Left,Right,0,1,0,1,1,0,1,1,0,1,0,0,1,0,0,1,1,0,1,41,21,20260721_t1029_srsSmooth_training_B001,41,21,1.84838447570801,1.51315689086914,1,1,140,1,0,1,1,0,0
20260721_t1029_srsSmooth_training,srs_smooth_training,trial0042.mat,42,42,41,1,42,41,104,84,20,8,1,2,7,2,75,11076,2,0,1,2,1,1,2,2,1,1,CHOSE_LOW_SAL,2,455,1,0,3,1,1,0,148,58,148,58,90,148,1,0,19.5,198.5,19.5,161.5,-142,142,NaN,NaN,NaN,1784644607.76834,1221.15999312,1.06324601173401,0.019052267074585,0.0211002826690674,0.547233581542969,0.569073915481567,0.555506467819214,0.570533275604248,0.570533275604248,-1,-1,0.587833642959595,2.04801559448242,NaN,15.0268077850342,1.45936012268066,Conflict,Right,Left,Right,Right,Left,0,1,0,1,1,1,1,1,0,0,0,0,1,1,1,0,1,0,1,42,22,20260721_t1029_srsSmooth_training_B001,42,22,1.89238050778707,1.56947231292725,1,2,166,1,0,1,1,0,0
20260721_t1029_srsSmooth_training,srs_smooth_training,trial0043.mat,43,43,42,1,43,42,104,84,20,8,1,1,5,2,33,15043,2,0,1,2,1,1,1,1,1,1,CHOSE_HIGH_SAL,1,455,1,0,2,1,1,0,154,90,154,90,64,154,1,0,193,10.5,167,10.5,156.5,156.5,NaN,NaN,NaN,1784644610.41747,1223.80912656,1.08148193359375,0.0200269222259521,0.0215809345245361,0.556613206863403,0.578382968902588,0.564425945281982,0.580129623413086,0.580129623413086,-1,-1,0.597177743911743,1.55401229858398,NaN,15.7036781311035,1.74665451049805,Congruent,Right,Left,Right,Right,Right,0,1,1,0,1,1,1,1,1,0,0,0,0,1,1,1,1,1,1,43,23,20260721_t1029_srsSmooth_training_B001,43,23,1.93653267621994,1.58588409423828,1,1,148,1,0,0,1,1,0
20260721_t1029_srsSmooth_training,srs_smooth_training,trial0044.mat,44,44,43,1,44,43,104,84,20,8,1,2,7,2,68,26750,2,0,1,2,1,1,2,2,1,1,CHOSE_LOW_SAL,2,455,1,0,4,1,1,0,157,77,157,77,80,157,1,180,199.5,10.5,19.5,169.5,-150,150,NaN,NaN,NaN,1784644613.0765,1226.46819132,1.29871034622192,0.0194301605224609,0.025099515914917,0.772658824920654,0.794460535049438,0.781085252761841,0.795453310012817,0.795453310012817,-1,-1,0.813676595687866,5.66935539245605,NaN,14.3680572509766,0.992774963378906,Conflict,Right,Left,Right,Right,Left,0,1,0,1,1,1,1,1,0,0,0,0,1,1,1,0,1,0,1,44,24,20260721_t1029_srsSmooth_training_B001,44,24,1.98084993759791,1.57755374908447,1,1,154,1,0,0,1,1,0
20260721_t1029_srsSmooth_training,srs_smooth_training,trial0045.mat,45,45,44,1,45,44,104,84,20,8,1,1,6,2,52,15600,2,0,2,1,1,2,1,2,1,2,CHOSE_HIGH_SAL,1,455,1,0,2,1,1,0,147,89,147,89,58,147,1,180,14.5,190.5,165.5,10.5,155,155,NaN,NaN,NaN,1784644615.92701,1229.3184448,1.19843339920044,0.0190401077270508,0.0207793712615967,0.686914205551147,0.702400684356689,0.695408344268799,0.703217506408691,0.703217506408691,-1,-1,0.721235036849976,1.7392635345459,NaN,7.80916213989258,0.816822052001953,Congruent,Left,Right,Left,Left,Left,0,1,1,0,1,0,1,1,1,1,0,0,0,0,0,0,1,1,1,45,25,20260721_t1029_srsSmooth_training_B001,45,25,2.02835831244787,1.55179214477539,1,1,157,1,0,1,1,0,0
20260721_t1029_srsSmooth_training,srs_smooth_training,trial0046.mat,46,46,45,1,46,45,104,84,20,8,1,2,7,2,76,24062,2,0,1,2,1,1,2,2,1,1,CHOSE_LOW_SAL,2,455,1,0,1,1,1,0,136,77,136,77,59,136,1,0,18.5,190,18.5,170,-151.5,151.5,NaN,NaN,NaN,1784644618.66082,1232.05232236,1.18811082839966,0.0186660289764404,0.0212054252624512,0.713356733322144,0.735360860824585,0.721700191497803,0.741101980209351,0.741101980209351,-1,-1,0.754112243652344,2.53939628601074,NaN,19.4017887115479,5.74111938476562,Conflict,Right,Left,Right,Right,Left,0,1,0,1,1,1,1,1,0,0,0,0,1,1,1,0,1,0,1,46,26,20260721_t1029_srsSmooth_training_B001,46,26,2.07392191092173,1.53538250923157,1,2,147,1,0,1,1,0,0
20260721_t1029_srsSmooth_training,srs_smooth_training,trial0047.mat,47,47,46,1,47,46,104,84,20,8,1,2,7,2,69,12067,2,0,1,2,1,1,2,2,1,1,CHOSE_LOW_SAL,2,455,1,0,3,1,1,0,129,74,129,74,55,129,1,0,18.5,197.5,18.5,162.5,-144,144,NaN,NaN,NaN,1784644621.44364,1234.83505832,1.0550754070282,0.0192875862121582,0.0210928916931152,0.547281742095947,0.56930947303772,0.555446147918701,0.57560920715332,0.57560920715332,-1,-1,0.59739089012146,1.80530548095703,NaN,20.1630592346191,6.29973411560059,Conflict,Right,Left,Right,Right,Left,0,1,0,1,1,1,1,1,0,0,0,0,1,1,1,0,1,0,1,47,27,20260721_t1029_srsSmooth_training_B001,47,27,2.12030228773753,1.5947117805481,1,1,136,1,0,0,1,1,0
20260721_t1029_srsSmooth_training,srs_smooth_training,trial0048.mat,48,48,47,1,48,47,104,84,20,8,1,2,8,2,91,11647,2,0,2,1,1,2,2,1,1,2,CHOSE_LOW_SAL,2,455,1,0,2,1,1,0,127,83,127,83,44,127,1,180,199,17,19,163,-144,144,NaN,NaN,NaN,1784644624.08548,1237.47680964,1.0771119594574,0.010894775390625,0.0124568939208984,0.587053060531616,0.610918521881104,0.597379446029663,0.614386558532715,0.614386558532715,-1,-1,0.630218029022217,1.56211853027344,NaN,17.0071125030518,3.46803665161133,Conflict,Left,Right,Left,Left,Right,0,1,0,1,1,0,1,1,0,1,0,0,1,0,0,1,1,0,1,48,28,20260721_t1029_srsSmooth_training_B001,48,28,2.16433279911677,1.58675527572632,1,1,129,1,0,1,1,0,0
20260721_t1029_srsSmooth_training,srs_smooth_training,trial0049.mat,49,49,48,1,49,48,104,84,20,8,1,1,6,2,60,12787,2,0,2,1,1,2,1,2,1,2,CHOSE_HIGH_SAL,1,455,1,0,3,1,1,0,128,63,128,63,65,128,1,180,11,190,169,10,159,159,NaN,NaN,NaN,1784644626.76194,1240.15325316,1.02942276000977,0.0178661346435547,0.0231468677520752,0.529557943344116,0.551220178604126,0.537780046463013,0.55333423614502,0.55333423614502,-1,-1,0.57117223739624,5.28073310852051,NaN,15.5541896820068,2.11405754089355,Congruent,Left,Right,Left,Left,Left,0,1,1,0,1,0,1,1,1,1,0,0,0,0,0,0,1,1,1,49,29,20260721_t1029_srsSmooth_training_B001,49,29,2.20894060532252,1.59935641288757,1,2,127,1,0,0,1,1,0
20260721_t1029_srsSmooth_training,srs_smooth_training,trial0050.mat,50,50,49,1,50,49,104,84,20,8,1,2,8,2,88,11416,2,0,2,1,1,2,2,1,1,2,CHOSE_LOW_SAL,2,455,1,0,4,1,1,0,168,69,168,69,99,168,1,180,190.5,12.5,10.5,167.5,-157,157,NaN,NaN,NaN,1784644629.39166,1242.783012,1.1751549243927,0.0132534503936768,0.0189456939697266,0.633354187011719,0.654945373535156,0.641602277755737,0.656316041946411,0.656316041946411,-1,-1,0.675001382827759,5.6922435760498,NaN,14.7137641906738,1.37066841125488,Conflict,Left,Right,Left,Left,Right,0,1,0,1,1,0,1,1,0,1,0,0,1,0,0,1,1,0,1,50,30,20260721_t1029_srsSmooth_training_B001,50,30,2.25276921987534,1.60029411315918,1,2,128,1,0,0,1,1,0
20260721_t1029_srsSmooth_training,srs_smooth_training,trial0051.mat,51,51,50,1,51,50,104,84,20,8,1,2,8,2,87,30583,2,0,2,1,1,2,2,1,1,2,CHOSE_LOW_SAL,2,455,1,0,2,1,1,0,170,92,170,92,78,170,1,0,17.5,198.5,17.5,161.5,-144,144,NaN,NaN,NaN,1784644632.12784,1245.51906776,1.25630903244019,0.0188517570495605,0.0206212997436523,0.747201681137085,0.768881559371948,0.755581617355347,0.773936986923218,0.773936986923218,-1,-1,0.788282632827759,1.7695426940918,NaN,18.3553695678711,5.05542755126953,Conflict,Left,Right,Left,Left,Right,0,1,0,1,1,0,1,1,0,1,0,0,1,0,0,1,1,0,1,51,31,20260721_t1029_srsSmooth_training_B001,51,31,2.29837216536204,1.56102180480957,1,2,168,1,0,0,1,1,0
20260721_t1029_srsSmooth_training,srs_smooth_training,trial0052.mat,52,52,51,1,52,51,104,84,20,8,1,2,7,2,66,10076,2,0,1,2,1,1,2,2,1,1,CHOSE_LOW_SAL,2,455,1,0,2,1,1,0,157,77,157,77,80,157,1,180,200,15.5,20,164.5,-144.5,144.5,NaN,NaN,NaN,1784644634.92982,1248.32095308,1.17018675804138,0.0169827938079834,0.0188934803009033,0.651558399200439,0.6670081615448,0.659590244293213,0.668354272842407,0.668354272842407,-1,-1,0.686062097549438,1.91068649291992,NaN,8.76402854919434,1.34611129760742,Conflict,Right,Left,Right,Right,Left,0,1,0,1,1,1,1,1,0,0,0,0,1,1,1,0,1,0,1,52,32,20260721_t1029_srsSmooth_training_B001,52,32,2.3450718442599,1.54567170143127,1,2,170,1,0,1,1,0,0
20260721_t1029_srsSmooth_training,srs_smooth_training,trial0053.mat,53,53,52,1,53,52,104,84,20,8,1,1,5,2,30,10853,2,0,1,2,1,1,1,1,1,1,CHOSE_HIGH_SAL,1,455,1,0,5,1,1,0,137,92,137,92,45,137,1,0,193,16.5,167,16.5,150.5,150.5,NaN,NaN,NaN,1784644637.65919,1251.05030796,1.23333120346069,0.0127167701721191,0.0141079425811768,0.707722425460815,0.729411602020264,0.716104507446289,0.737471103668213,0.737471103668213,-1,-1,0.764080047607422,1.39117240905762,NaN,21.3665962219238,8.05950164794922,Congruent,Right,Left,Right,Right,Right,0,1,1,0,1,1,1,1,1,0,0,0,0,1,1,1,1,1,1,53,33,20260721_t1029_srsSmooth_training_B001,53,33,2.3905614177386,1.55918765068054,1,1,157,1,0,0,1,1,0
20260721_t1029_srsSmooth_training,srs_smooth_training,trial0054.mat,54,54,53,1,54,53,104,84,20,8,1,2,8,2,102,22480,2,0,2,1,1,2,2,1,1,2,CHOSE_LOW_SAL,2,455,1,0,1,1,1,0,147,69,147,69,78,147,1,180,198.5,15.5,18.5,164.5,-146,146,NaN,NaN,NaN,1784644640.47762,1253.86873104,1.20654273033142,0.0193984508514404,0.0209424495697021,0.695690631866455,0.711092472076416,0.704002857208252,0.711812019348145,0.711812019348145,-1,-1,0.729623079299927,1.54399871826172,NaN,7.80916213989258,0.719547271728516,Conflict,Left,Right,Left,Left,Right,0,1,0,1,1,0,1,1,0,1,0,0,1,0,0,1,1,0,1,54,34,20260721_t1029_srsSmooth_training_B001,54,34,2.43753525018692,1.58509874343872,1,1,137,1,0,1,1,0,0
20260721_t1029_srsSmooth_training,srs_smooth_training,trial0055.mat,55,55,54,1,55,54,104,84,20,8,1,1,6,2,59,15902,2,0,2,1,1,2,1,2,1,2,CHOSE_HIGH_SAL,1,455,1,0,1,1,1,0,155,82,155,82,73,155,1,180,19,194.5,161,14.5,146.5,146.5,NaN,NaN,NaN,1784644643.272,1256.66283188,1.21167922019958,0.0167958736419678,0.0191569328308105,0.720196485519409,0.741824865341187,0.728583097457886,0.745004177093506,0.745004177093506,-1,-1,0.760622024536133,2.36105918884277,NaN,16.4210796356201,3.17931175231934,Congruent,Left,Right,Left,Left,Left,0,1,1,0,1,0,1,1,1,1,0,0,0,0,0,0,1,1,1,55,35,20260721_t1029_srsSmooth_training_B001,55,35,2.48410826126734,1.58783793449402,1,2,147,1,0,0,1,1,0
20260721_t1029_srsSmooth_training,srs_smooth_training,trial0056.mat,56,56,55,1,56,55,104,84,20,8,1,2,7,2,79,2947,2,0,1,2,1,1,2,2,1,1,CHOSE_LOW_SAL,2,455,1,0,3,1,1,0,119,66,119,66,53,119,1,0,13,196,13,164,-151,151,NaN,NaN,NaN,1784644646.03692,1259.42779768,1.23864269256592,0.0186586380004883,0.0202078819274902,0.746790647506714,0.768688201904297,0.755029678344727,0.770167589187622,0.770167589187622,-1,-1,0.787496089935303,1.54924392700195,NaN,15.1379108428955,1.4793872833252,Conflict,Right,Left,Right,Right,Left,0,1,0,1,1,1,1,1,0,0,0,0,1,1,1,0,1,0,1,56,36,20260721_t1029_srsSmooth_training_B001,56,36,2.53019016981125,1.55323529243469,1,2,155,1,0,1,1,0,0
20260721_t1029_srsSmooth_training,srs_smooth_training,trial0057.mat,57,57,56,1,57,56,104,84,20,8,1,1,6,2,48,13712,2,0,2,1,1,2,1,2,1,2,CHOSE_HIGH_SAL,1,455,1,0,3,1,1,0,143,70,143,70,73,143,1,0,194.5,13.5,165.5,13.5,152,152,NaN,NaN,NaN,1784644648.81903,1262.2100274,1.27395081520081,0.0116572380065918,0.0130245685577393,0.756432771682739,0.778355121612549,0.764843940734863,0.779898166656494,0.779898166656494,-1,-1,0.797293901443481,1.36733055114746,NaN,15.0542259216309,1.54304504394531,Congruent,Left,Right,Left,Left,Left,0,1,1,0,1,0,1,1,1,1,0,0,0,0,0,0,1,1,1,57,37,20260721_t1029_srsSmooth_training_B001,57,37,2.57655869325002,1.54346871376038,1,1,119,1,0,1,1,0,0
20260721_t1029_srsSmooth_training,srs_smooth_training,trial0058.mat,58,58,57,1,58,57,104,84,20,8,1,2,7,2,83,4632,2,0,1,2,1,1,2,2,1,1,CHOSE_LOW_SAL,2,455,1,0,4,1,1,0,149,79,149,79,70,149,1,180,191.5,16.5,11.5,163.5,-152,152,NaN,NaN,NaN,1784644651.65265,1265.04342656,1.3148946762085,0.0198185443878174,0.0237221717834473,0.789404630661011,0.811516523361206,0.797802209854126,0.816814184188843,0.816814184188843,-1,-1,0.848126411437988,3.90362739562988,NaN,19.0119743347168,5.29766082763672,Conflict,Right,Left,Right,Right,Left,0,1,0,1,1,1,1,1,0,0,0,0,1,1,1,0,1,0,1,58,38,20260721_t1029_srsSmooth_training_B001,58,38,2.62378567059835,1.55966782569885,1,2,143,1,0,1,1,0,0
20260721_t1029_srsSmooth_training,srs_smooth_training,trial0059.mat,59,59,58,1,59,58,104,84,20,8,1,1,5,2,25,17333,2,0,1,2,1,1,1,1,1,1,CHOSE_HIGH_SAL,1,455,1,0,0,1,1,0,162,70,162,70,92,162,1,180,20,198,160,18,142,142,NaN,NaN,NaN,1784644654.55241,1267.94314472,1.24866795539856,0.0201694965362549,0.0217187404632568,0.754777431488037,0.770199775695801,0.763055562973022,0.771364450454712,0.771364450454712,-1,-1,0.789113521575928,1.54924392700195,NaN,8.30888748168945,1.16467475891113,Congruent,Right,Left,Right,Right,Right,0,1,1,0,1,1,1,1,1,0,0,0,0,1,1,1,1,1,1,59,39,20260721_t1029_srsSmooth_training_B001,59,39,2.67211506764094,1.58486914634705,1,1,149,1,0,0,1,1,0
20260721_t1029_srsSmooth_training,srs_smooth_training,trial0060.mat,60,60,59,1,60,59,104,84,20,8,1,1,6,2,46,21619,2,0,2,1,1,2,1,2,1,2,CHOSE_HIGH_SAL,1,455,1,0,1,1,1,0,159,80,159,80,79,159,1,180,13,194,167,14,153,153,NaN,NaN,NaN,1784644657.37959,1270.77013996,1.31301593780518,0.0181078910827637,0.0235733985900879,0.812978982925415,0.834806442260742,0.821148633956909,0.838386297225952,0.838386297225952,-1,-1,0.854079008102417,5.46550750732422,NaN,17.237663269043,3.57985496520996,Congruent,Left,Right,Left,Left,Left,0,1,1,0,1,0,1,1,1,1,0,0,0,0,0,0,1,1,1,60,40,20260721_t1029_srsSmooth_training_B001,60,40,2.71923464934031,1.57850694656372,1,1,162,1,0,1,1,0,0
20260721_t1029_srsSmooth_training,srs_smooth_training,trial0061.mat,61,61,60,1,61,60,104,84,20,8,1,2,8,2,95,12825,2,0,2,1,1,2,2,1,1,2,CHOSE_LOW_SAL,2,455,1,0,2,1,1,0,140,62,140,62,78,140,1,0,10.5,193,10.5,167,-156.5,156.5,NaN,NaN,NaN,1784644660.24301,1273.6336108,1.31707882881165,0.0131263732910156,0.0144078731536865,0.799659490585327,0.821492671966553,0.807769536972046,0.822623491287231,0.822623491287231,-1,-1,0.840722799301147,1.2814998626709,NaN,14.8539543151855,1.13081932067871,Conflict,Left,Right,Left,Left,Right,0,1,0,1,1,0,1,1,0,1,0,0,1,0,0,1,1,0,1,61,41,20260721_t1029_srsSmooth_training_B001,61,41,2.76695845127106,1.55041217803955,1,2,159,1,0,0,1,1,0
20260721_t1029_srsSmooth_training,srs_smooth_training,trial0062.mat,62,62,61,1,62,61,104,84,20,8,1,2,8,2,93,29778,2,0,2,1,1,2,2,1,1,2,CHOSE_LOW_SAL,2,455,1,0,3,1,1,0,147,73,147,73,74,147,1,0,11.5,195.5,11.5,164.5,-153,153,NaN,NaN,NaN,1784644663.13274,1276.5232578,1.24649739265442,0.0151805877685547,0.016531229019165,0.735166311264038,0.756876945495605,0.742999076843262,0.762796401977539,0.762796401977539,-1,-1,0.795615911483765,1.35064125061035,NaN,19.7973251342773,5.91945648193359,Conflict,Left,Right,Left,Left,Right,0,1,0,1,1,0,1,1,0,1,0,0,1,0,0,1,1,0,1,62,42,20260721_t1029_srsSmooth_training_B001,62,42,2.81512058575948,1.57264924049377,1,2,140,1,0,0,1,1,0
20260721_t1029_srsSmooth_training,srs_smooth_training,trial0063.mat,63,63,62,1,63,62,104,84,20,8,1,1,6,2,57,484,2,0,2,1,1,2,1,2,1,2,CHOSE_HIGH_SAL,1,455,1,0,2,1,1,0,153,89,153,89,64,153,1,0,197.5,20,162.5,20,142.5,142.5,NaN,NaN,NaN,1784644665.96189,1279.35226596,1.09768342971802,0.0194811820983887,0.0213489532470703,0.60620379447937,0.627839088439941,0.614357233047485,0.629956007003784,0.629956007003784,-1,-1,0.647396802902222,1.86777114868164,NaN,15.5987739562988,2.11691856384277,Congruent,Left,Right,Left,Left,Left,0,1,1,0,1,0,1,1,1,1,0,0,0,0,0,0,1,1,1,63,43,20260721_t1029_srsSmooth_training_B001,63,43,2.86227300564448,1.58264780044556,1,2,147,1,0,0,1,1,0
20260721_t1029_srsSmooth_training,srs_smooth_training,trial0064.mat,64,64,63,1,64,63,104,84,20,8,1,1,6,2,50,30371,2,0,2,1,1,2,1,2,1,2,CHOSE_HIGH_SAL,1,455,1,0,1,1,1,0,143,61,143,61,82,143,1,180,19.5,191.5,160.5,11.5,149,149,NaN,NaN,NaN,1784644668.62766,1282.018067,1.31535935401917,0.0204832553863525,0.0222353935241699,0.815459966659546,0.837183475494385,0.823589324951172,0.840070486068726,0.840070486068726,-1,-1,0.847835063934326,1.75213813781738,NaN,16.4811611175537,2.88701057434082,Congruent,Left,Right,Left,Left,Left,0,1,1,0,1,0,1,1,1,1,0,0,0,0,0,0,1,1,1,64,44,20260721_t1029_srsSmooth_training_B001,64,44,2.90670252243678,1.56808757781982,1,2,153,1,0,0,1,1,0
20260721_t1029_srsSmooth_training,srs_smooth_training,trial0065.mat,65,65,64,1,65,64,104,84,20,8,1,2,7,2,82,17212,2,0,1,2,1,1,2,2,1,1,CHOSE_LOW_SAL,2,455,1,0,0,1,1,0,148,73,148,73,75,148,1,0,12,191.5,12,168.5,-156.5,156.5,NaN,NaN,NaN,1784644671.50433,1284.89468124,1.08824253082275,0.0189270973205566,0.0241744518280029,0.58788800239563,0.60228443145752,0.596222639083862,0.605410099029541,0.605410099029541,-1,-1,0.621609210968018,5.24735450744629,NaN,9.18745994567871,3.12566757202148,Conflict,Right,Left,Right,Right,Left,0,1,0,1,1,1,1,1,0,0,0,0,1,1,1,0,1,0,1,65,45,20260721_t1029_srsSmooth_training_B001,65,45,2.95464704036713,1.56131172180176,1,2,143,1,0,1,1,0,0
20260721_t1029_srsSmooth_training,srs_smooth_training,trial0066.mat,66,66,65,1,66,65,104,84,20,8,1,1,6,2,55,32707,2,0,2,1,1,2,1,2,1,2,CHOSE_HIGH_SAL,1,455,1,0,3,1,1,0,152,87,152,87,65,152,1,180,13.5,190.5,166.5,10.5,156,156,NaN,NaN,NaN,1784644674.17879,1287.56902432,1.22324109077454,0.0195720195770264,0.0246181488037109,0.697627067565918,0.719599723815918,0.706234931945801,0.72078800201416,0.72078800201416,-1,-1,0.740079164505005,5.04612922668457,NaN,14.5530700683594,1.18827819824219,Congruent,Left,Right,Left,Left,Left,0,1,1,0,1,0,1,1,1,1,0,0,0,0,0,0,1,1,1,66,46,20260721_t1029_srsSmooth_training_B001,66,46,2.9992214123408,1.58621978759766,1,1,148,1,0,1,1,0,0
20260721_t1029_srsSmooth_training,srs_smooth_training,trial0067.mat,67,67,66,1,67,66,104,84,20,8,1,1,6,2,51,1422,2,0,2,1,1,2,1,2,1,2,CHOSE_HIGH_SAL,1,455,1,0,1,1,1,0,175,67,175,67,108,175,1,180,18.5,196.5,161.5,16.5,145,145,NaN,NaN,NaN,1784644676.99016,1290.38043104,1.212073802948,0.0166518688201904,0.0184378623962402,0.703539848327637,0.716679811477661,0.709208965301514,0.717910766601562,0.717910766601562,-1,-1,0.7359619140625,1.7859935760498,NaN,8.70180130004883,1.23095512390137,Congruent,Left,Right,Left,Left,Left,0,1,1,0,1,0,1,1,1,1,0,0,0,0,0,0,1,1,1,67,47,20260721_t1029_srsSmooth_training_B001,67,47,3.04607749382655,1.58812379837036,1,2,152,1,0,0,1,1,0
20260721_t1029_srsSmooth_training,srs_smooth_training,trial0068.mat,68,68,67,1,68,67,104,84,20,8,1,1,5,2,37,12793,2,0,1,2,1,1,1,1,1,1,CHOSE_HIGH_SAL,1,455,1,0,1,1,1,0,134,64,134,64,70,134,1,180,19,197.5,161,17.5,143.5,143.5,NaN,NaN,NaN,1784644679.73267,1293.12292056,1.20255184173584,0.0159151554107666,0.0173041820526123,0.700533628463745,0.715943098068237,0.71109938621521,0.7177574634552,0.7177574634552,-1,-1,0.735333442687988,1.3890266418457,NaN,6.65807723999023,1.81436538696289,Congruent,Right,Left,Right,Right,Right,0,1,1,0,1,1,1,1,1,0,0,0,0,1,1,1,1,1,1,68,48,20260721_t1029_srsSmooth_training_B001,68,48,3.09178604284922,1.53043913841248,1,2,175,1,0,1,1,0,0
20260721_t1029_srsSmooth_training,srs_smooth_training,trial0069.mat,69,69,68,1,69,68,104,84,20,8,1,1,6,2,61,26971,2,0,2,1,1,2,1,2,1,2,CHOSE_HIGH_SAL,1,455,1,0,3,1,1,0,161,80,161,80,81,161,1,180,12,192.5,168,12.5,155.5,155.5,NaN,NaN,NaN,1784644682.51168,1295.90180264,1.17414975166321,0.020352840423584,0.0225570201873779,0.648468494415283,0.670378446578979,0.657092809677124,0.678956031799316,0.678956031799316,-1,-1,0.698578119277954,2.20417976379395,NaN,21.8632221221924,8.57758522033691,Congruent,Left,Right,Left,Left,Left,0,1,1,0,1,0,1,1,1,1,0,0,0,0,0,0,1,1,1,69,49,20260721_t1029_srsSmooth_training_B001,69,49,3.13810283342997,1.57645559310913,1,1,134,1,0,1,1,0,0
20260721_t1029_srsSmooth_training,srs_smooth_training,trial0070.mat,70,70,69,1,70,69,104,84,20,8,1,2,7,2,67,13475,2,0,1,2,1,1,2,2,1,1,CHOSE_LOW_SAL,2,455,1,0,1,1,1,0,160,87,160,87,73,160,1,0,10.5,190,10.5,170,-159.5,159.5,NaN,NaN,NaN,1784644685.2672,1298.65717272,1.19333791732788,0.014941930770874,0.0167768001556396,0.693358898162842,0.714969635009766,0.701656103134155,0.716188192367554,0.716188192367554,-1,-1,0.734752655029297,1.83486938476562,NaN,14.5320892333984,1.21855735778809,Conflict,Right,Left,Right,Right,Left,0,1,0,1,1,1,1,1,0,0,0,0,1,1,1,0,1,0,1,70,50,20260721_t1029_srsSmooth_training_B001,70,50,3.18402818044027,1.58137106895447,1,2,161,1,0,1,1,0,0
20260721_t1029_srsSmooth_training,srs_smooth_training,trial0071.mat,71,71,70,1,71,70,104,84,20,8,1,1,5,2,21,9164,2,0,1,2,1,1,1,1,1,1,CHOSE_HIGH_SAL,1,455,1,0,1,1,1,0,181,84,181,84,97,181,1,180,18,193.5,162,13.5,148.5,148.5,NaN,NaN,NaN,1784644688.05293,1301.44283384,1.06556916236877,0.0126557350158691,0.0163042545318604,0.557687520980835,0.571012020111084,0.563482999801636,0.572400331497192,0.572400331497192,-1,-1,0.590794801712036,3.64851951599121,NaN,8.91733169555664,1.3883113861084,Congruent,Right,Left,Right,Right,Right,0,1,1,0,1,1,1,1,1,0,0,0,0,1,1,1,1,1,1,71,51,20260721_t1029_srsSmooth_training_B001,71,51,3.23045701185862,1.59239196777344,1,1,160,1,0,0,1,1,0
20260721_t1029_srsSmooth_training,srs_smooth_training,trial0072.mat,72,72,71,1,72,71,104,84,20,8,1,2,7,2,80,15425,2,0,1,2,1,1,2,2,1,1,CHOSE_LOW_SAL,2,455,1,0,2,1,1,0,146,97,146,97,49,146,1,180,193.5,16,13.5,164,-150.5,150.5,NaN,NaN,NaN,1784644690.68366,1304.07348484,1.24417424201965,0.0153613090515137,0.0178134441375732,0.743635177612305,0.76539134979248,0.751915454864502,0.768201112747192,0.768201112747192,-1,-1,0.784983396530151,2.45213508605957,NaN,16.2856578826904,2.80976295471191,Conflict,Right,Left,Right,Right,Left,0,1,0,1,1,1,1,1,0,0,0,0,1,1,1,0,1,0,1,72,52,20260721_t1029_srsSmooth_training_B001,72,52,3.27430257002513,1.56516432762146,1,1,181,1,0,0,1,1,0
20260721_t1029_srsSmooth_training,srs_smooth_training,trial0073.mat,73,73,72,1,73,72,104,84,20,8,1,2,7,2,65,28507,2,0,1,2,1,1,2,2,1,1,CHOSE_LOW_SAL,2,455,1,0,1,1,1,0,142,67,142,67,75,142,1,0,10.5,198.5,10.5,161.5,-151,151,NaN,NaN,NaN,1784644693.47494,1306.86501752,1.16887593269348,0.0158560276031494,0.0171446800231934,0.694028377532959,0.707549810409546,0.702096700668335,0.710432529449463,0.710432529449463,-1,-1,0.72655725479126,1.28865242004395,NaN,8.33582878112793,2.88271903991699,Conflict,Right,Left,Right,Right,Left,0,1,0,1,1,1,1,1,0,0,0,0,1,1,1,0,1,0,1,73,53,20260721_t1029_srsSmooth_training_B001,73,53,3.32082395950953,1.54710912704468,1,1,146,1,0,0,1,1,0
20260721_t1029_srsSmooth_training,srs_smooth_training,trial0074.mat,74,74,73,1,74,73,104,84,20,8,1,1,6,2,58,25576,2,0,2,1,1,2,1,2,1,2,CHOSE_HIGH_SAL,1,455,1,0,3,1,1,0,161,78,161,78,83,161,1,180,19.5,196.5,160.5,16.5,144,144,NaN,NaN,NaN,1784644696.21264,1309.60259776,1.25688076019287,0.0116050243377686,0.0129654407501221,0.723365783691406,0.744968175888062,0.731425523757935,0.746453762054443,0.746453762054443,-1,-1,0.764689922332764,1.36041641235352,NaN,15.0282382965088,1.48558616638184,Congruent,Left,Right,Left,Left,Left,0,1,1,0,1,0,1,1,1,1,0,0,0,0,0,0,1,1,1,74,54,20260721_t1029_srsSmooth_training_B001,74,54,3.36645219326019,1.56881809234619,1,1,142,1,0,1,1,0,0
20260721_t1029_srsSmooth_training,srs_smooth_training,trial0075.mat,75,75,74,1,75,74,104,84,20,8,1,2,8,2,99,9726,2,0,2,1,1,2,2,1,1,2,CHOSE_LOW_SAL,2,455,1,0,2,1,1,0,143,88,143,88,55,143,1,0,14,190,14,170,-156,156,NaN,NaN,NaN,1784644699.02686,1312.41661804,1.20053005218506,0.0141646862030029,0.0158183574676514,0.701129674911499,0.722526550292969,0.709162950515747,0.724523544311523,0.724523544311523,-1,-1,0.742264747619629,1.65367126464844,NaN,15.3605937957764,1.99699401855469,Conflict,Left,Right,Left,Left,Right,0,1,0,1,1,0,1,1,0,1,0,0,1,0,0,1,1,0,1,75,55,20260721_t1029_srsSmooth_training_B001,75,55,3.41335584719976,1.55733847618103,1,2,161,1,0,0,1,1,0
20260721_t1029_srsSmooth_training,srs_smooth_training,trial0076.mat,76,76,75,1,76,75,104,84,20,8,1,1,5,2,22,21790,2,0,1,2,1,1,1,1,1,1,CHOSE_HIGH_SAL,1,455,1,0,2,1,1,0,149,79,149,79,70,149,1,180,10,200,170,20,150,150,NaN,NaN,NaN,1784644701.8111,1315.20081024,1.10817885398865,0.0133650302886963,0.0150420665740967,0.625147342681885,0.64672327041626,0.633298397064209,0.64844799041748,0.64844799041748,-1,-1,0.665686845779419,1.67703628540039,NaN,15.1495933532715,1.7247200012207,Congruent,Right,Left,Right,Right,Right,0,1,1,0,1,1,1,1,1,0,0,0,0,1,1,1,1,1,1,76,56,20260721_t1029_srsSmooth_training_B001,76,56,3.45975992282232,1.58371448516846,1,2,143,1,0,1,1,0,0
20260721_t1029_srsSmooth_training,srs_smooth_training,trial0077.mat,77,77,76,1,77,76,104,84,20,8,1,2,7,2,78,22897,2,0,1,2,1,1,2,2,1,1,CHOSE_LOW_SAL,2,455,1,0,2,1,1,0,152,80,152,80,72,152,1,0,10,191.5,10,168.5,-158.5,158.5,NaN,NaN,NaN,1784644704.46478,1317.8543876,1.08779907226562,0.0181324481964111,0.0231492519378662,0.596404790878296,0.618155241012573,0.604946851730347,0.619099855422974,0.619099855422974,-1,-1,0.638046026229858,5.01680374145508,NaN,14.153003692627,0.944614410400391,Conflict,Right,Left,Right,Right,Left,0,1,0,1,1,1,1,1,0,0,0,0,1,1,1,0,1,0,1,77,57,20260721_t1029_srsSmooth_training_B001,77,57,3.50398780504862,1.54549407958984,1,1,149,1,0,0,1,1,0
20260721_t1029_srsSmooth_training,srs_smooth_training,trial0078.mat,78,78,77,1,78,77,104,84,20,8,1,2,8,2,101,30075,2,0,2,1,1,2,2,1,1,2,CHOSE_LOW_SAL,2,455,1,0,2,1,1,0,175,72,175,72,103,175,1,0,16,190,16,170,-154,154,NaN,NaN,NaN,1784644707.12144,1320.511035,1.30672717094421,0.0199117660522461,0.021665096282959,0.764589548110962,0.778275728225708,0.771837949752808,0.779412984848022,0.779412984848022,-1,-1,0.797397613525391,1.75333023071289,NaN,7.57503509521484,1.13725662231445,Conflict,Left,Right,Left,Left,Right,0,1,0,1,1,0,1,1,0,1,0,0,1,0,0,1,1,0,1,78,58,20260721_t1029_srsSmooth_training_B001,78,58,3.54826546510061,1.56886053085327,1,1,152,1,0,1,1,0,0
20260721_t1029_srsSmooth_training,srs_smooth_training,trial0079.mat,79,79,78,1,79,78,104,84,20,8,1,1,5,2,39,15934,2,0,1,2,1,1,1,1,1,1,CHOSE_HIGH_SAL,1,455,1,0,1,1,1,0,163,81,163,81,82,163,1,180,12,196,168,16,152,152,NaN,NaN,NaN,1784644709.99222,1323.3817402,1.15247130393982,0.0159099102020264,0.0176479816436768,0.652704238891602,0.67426872253418,0.660737037658691,0.675123453140259,0.675123453140259,-1,-1,0.692910671234131,1.73807144165039,NaN,14.3864154815674,0.854730606079102,Congruent,Right,Left,Right,Right,Right,0,1,1,0,1,1,1,1,1,0,0,0,0,1,1,1,1,1,1,79,59,20260721_t1029_srsSmooth_training_B001,79,59,3.59611186186473,1.56405663490295,1,2,175,1,0,1,1,0,0
20260721_t1029_srsSmooth_training,srs_smooth_training,trial0080.mat,80,80,79,1,80,79,104,84,20,8,1,1,5,2,36,2727,2,0,1,2,1,1,1,1,1,1,CHOSE_HIGH_SAL,1,455,1,0,3,1,1,0,141,103,141,103,38,141,1,180,11.5,191.5,168.5,11.5,157,157,NaN,NaN,NaN,1784644712.69615,1326.08561256,1.28205609321594,0.0120916366577148,0.0135476589202881,0.798851013183594,0.820457458496094,0.806914806365967,0.821326732635498,0.821326732635498,-1,-1,0.839405059814453,1.45602226257324,NaN,14.4119262695312,0.869274139404297,Congruent,Right,Left,Right,Right,Right,0,1,1,0,1,1,1,1,1,0,0,0,0,1,1,1,1,1,1,80,60,20260721_t1029_srsSmooth_training_B001,80,60,3.64117730061213,1.55145502090454,1,1,163,1,0,0,1,1,0
20260721_t1029_srsSmooth_training,srs_smooth_training,trial0081.mat,81,81,80,1,81,80,104,84,20,8,1,1,6,2,54,17500,2,0,2,1,1,2,1,2,1,2,CHOSE_HIGH_SAL,1,455,1,0,2,1,1,0,141,90,141,90,51,141,1,180,16.5,192.5,163.5,12.5,151,151,NaN,NaN,NaN,1784644715.55977,1328.94934708,1.0934944152832,0.0152525901794434,0.0201833248138428,0.616533517837524,0.631943702697754,0.624066829681396,0.633114814758301,0.633114814758301,-1,-1,0.650979995727539,4.93073463439941,NaN,9.0479850769043,1.17111206054688,Congruent,Left,Right,Left,Left,Left,0,1,1,0,1,0,1,1,1,1,0,0,0,0,0,0,1,1,1,81,61,20260721_t1029_srsSmooth_training_B001,81,61,3.68890431722005,1.58156490325928,1,1,141,1,0,1,1,0,0
20260721_t1029_srsSmooth_training,srs_smooth_training,trial0082.mat,82,82,81,1,82,81,104,84,20,8,1,1,5,2,34,11750,2,0,1,2,1,1,1,1,1,1,CHOSE_HIGH_SAL,1,455,1,0,2,1,1,0,136,49,136,49,87,136,1,0,199.5,19.5,160.5,19.5,141,141,NaN,NaN,NaN,1784644718.23252,1331.62182136,1.03766250610352,0.0176036357879639,0.0195126533508301,0.562534332275391,0.584292888641357,0.570292949676514,0.585700988769531,0.585700988769531,-1,-1,0.603609323501587,1.90901756286621,NaN,15.4080390930176,1.40810012817383,Congruent,Right,Left,Right,Right,Right,0,1,1,0,1,1,1,1,1,0,0,0,0,1,1,1,1,1,1,82,62,20260721_t1029_srsSmooth_training_B001,82,62,3.73345024585724,1.579261302948,1,2,141,1,0,1,1,0,0
20260721_t1029_srsSmooth_training,srs_smooth_training,trial0083.mat,83,83,82,1,83,82,104,84,20,8,1,1,6,2,47,14955,2,0,2,1,1,2,1,2,1,2,CHOSE_HIGH_SAL,1,455,1,0,1,1,1,0,154,63,154,63,91,154,1,180,20,190.5,160,10.5,149.5,149.5,NaN,NaN,NaN,1784644720.81539,1334.20472744,1.33851051330566,0.0181691646575928,0.0193235874176025,0.821680545806885,0.834869384765625,0.829354524612427,0.835696220397949,0.835696220397949,-1,-1,0.853684186935425,1.15442276000977,NaN,6.34169578552246,0.826835632324219,Congruent,Left,Right,Left,Left,Left,0,1,1,0,1,0,1,1,1,1,0,0,0,0,0,0,1,1,1,83,63,20260721_t1029_srsSmooth_training_B001,83,63,3.77649808724721,1.54520797729492,1,1,136,1,0,1,1,0,0
20260721_t1029_srsSmooth_training,srs_smooth_training,trial0084.mat,84,84,83,1,84,83,104,84,20,8,1,2,7,2,77,32291,2,0,1,2,1,1,2,2,1,1,CHOSE_LOW_SAL,2,455,1,0,3,1,1,0,120,93,120,93,27,120,1,0,17.5,200,17.5,160,-142.5,142.5,NaN,NaN,NaN,1784644723.69033,1337.07967352,1.24713826179504,0.0183460712432861,0.02431321144104,0.779999256134033,0.801710367202759,0.787889003753662,0.802709579467773,0.802709579467773,-1,-1,0.828485488891602,5.96714019775391,NaN,14.8205757141113,0.999212265014648,Conflict,Right,Left,Right,Right,Left,0,1,0,1,1,1,1,1,0,0,0,0,1,1,1,0,1,0,1,84,64,20260721_t1029_srsSmooth_training_B001,84,64,3.82441374063492,1.53642868995667,1,2,154,1,0,1,1,0,0
20260721_t1029_srsSmooth_training,srs_smooth_training,trial0085.mat,85,85,84,1,85,84,104,84,20,8,1,2,8,2,97,9525,2,0,2,1,1,2,2,1,1,2,CHOSE_LOW_SAL,2,455,1,0,1,1,1,0,147,59,147,59,88,147,1,0,10,199.5,10,160.5,-150.5,150.5,NaN,NaN,NaN,1784644726.50869,1339.897967,1.0246753692627,0.0167655944824219,0.0212185382843018,0.53683876991272,0.558453559875488,0.545011281967163,0.562067747116089,0.562067747116089,-1,-1,0.577276945114136,4.45294380187988,NaN,17.0564651489258,3.61418724060059,Conflict,Left,Right,Left,Left,Right,0,1,0,1,1,0,1,1,0,1,0,0,1,0,0,1,1,0,1,85,65,20260721_t1029_srsSmooth_training_B001,85,65,3.87138641675313,1.57122230529785,1,1,120,1,0,1,1,0,0
20260721_t1029_srsSmooth_training,srs_smooth_training,trial0086.mat,86,86,85,1,86,85,104,84,20,8,1,1,5,2,38,7843,2,0,1,2,1,1,1,1,1,1,CHOSE_HIGH_SAL,1,455,1,0,2,1,1,0,150,60,150,60,90,150,1,180,18,197.5,162,17.5,144.5,144.5,NaN,NaN,NaN,1784644729.08373,1342.472895,1.28729438781738,0.0168325901031494,0.0186452865600586,0.79515266418457,0.816864728927612,0.803428411483765,0.817961454391479,0.817961454391479,-1,-1,0.836023569107056,1.81269645690918,NaN,14.5330429077148,1.09672546386719,Congruent,Right,Left,Right,Right,Right,0,1,1,0,1,1,1,1,1,0,0,0,0,1,1,1,1,1,1,86,66,20260721_t1029_srsSmooth_training_B001,86,66,3.91430366834005,1.55035972595215,1,2,147,1,0,1,1,0,0
20260721_t1029_srsSmooth_training,srs_smooth_training,trial0087.mat,87,87,86,1,87,86,104,84,20,8,1,2,8,2,104,16297,2,0,2,1,1,2,2,1,1,2,CHOSE_LOW_SAL,2,455,1,0,4,1,1,0,172,83,172,83,89,172,1,180,194.5,10.5,14.5,169.5,-155,155,NaN,NaN,NaN,1784644731.92667,1345.31581528,1.31976866722107,0.0156693458557129,0.0208778381347656,0.777380228042603,0.799033403396606,0.785647869110107,0.800209283828735,0.800209283828735,-1,-1,0.818266153335571,5.20849227905273,NaN,14.5614147186279,1.17588043212891,Conflict,Left,Right,Left,Left,Right,0,1,0,1,1,0,1,1,0,1,0,0,1,0,0,1,1,0,1,87,67,20260721_t1029_srsSmooth_training_B001,87,67,3.96168607076009,1.55564975738525,1,1,150,1,0,1,1,0,0
20260721_t1029_srsSmooth_training,srs_smooth_training,trial0088.mat,88,88,87,1,88,87,104,84,20,8,1,1,6,2,49,1124,2,0,2,1,1,2,1,2,1,2,CHOSE_HIGH_SAL,1,455,1,0,2,1,1,0,122,75,122,75,47,122,1,180,14,198,166,18,148,148,NaN,NaN,NaN,1784644734.8034,1348.19248232,1.10064554214478,0.0140604972839355,0.0171148777008057,0.634187459945679,0.655752420425415,0.642494916915894,0.656851291656494,0.656851291656494,-1,-1,0.674611330032349,3.05438041687012,NaN,14.3563747406006,1.0988712310791,Congruent,Left,Right,Left,Left,Left,0,1,1,0,1,0,1,1,1,1,0,0,0,0,0,0,1,1,1,88,68,20260721_t1029_srsSmooth_training_B001,88,68,4.00963147083918,1.55695533752441,1,2,172,1,0,0,1,1,0
20260721_t1029_srsSmooth_training,srs_smooth_training,trial0089.mat,89,89,88,1,89,88,104,84,20,8,1,2,7,2,74,9857,2,0,1,2,1,1,2,2,1,1,CHOSE_LOW_SAL,2,455,1,0,3,1,1,0,129,61,129,61,68,129,1,180,193,17.5,13,162.5,-149.5,149.5,NaN,NaN,NaN,1784644737.45706,1350.84612136,1.23893332481384,0.0188374519348145,0.0237903594970703,0.746993780136108,0.768867254257202,0.755078554153442,0.76982307434082,0.76982307434082,-1,-1,0.787688255310059,4.95290756225586,NaN,14.7445201873779,0.955820083618164,Conflict,Right,Left,Right,Right,Left,0,1,0,1,1,1,1,1,0,0,0,0,1,1,1,0,1,0,1,89,69,20260721_t1029_srsSmooth_training_B001,89,69,4.05385917027791,1.55301642417908,1,2,122,1,0,1,1,0,0
20260721_t1029_srsSmooth_training,srs_smooth_training,trial0090.mat,90,90,89,1,90,89,104,84,20,8,1,2,8,2,86,26050,2,0,2,1,1,2,2,1,1,2,CHOSE_LOW_SAL,2,455,1,0,2,1,1,0,136,67,136,67,69,136,1,180,193,13,13,167,-154,154,NaN,NaN,NaN,1784644740.2588,1353.64772916,1.12039184570312,0.0172030925750732,0.0191786289215088,0.628942251205444,0.650560855865479,0.63706111907959,0.651748418807983,0.651748418807983,-1,-1,0.669773817062378,1.97553634643555,NaN,14.6872997283936,1.18756294250488,Conflict,Left,Right,Left,Left,Right,0,1,0,1,1,0,1,1,0,1,0,0,1,0,0,1,1,0,1,90,70,20260721_t1029_srsSmooth_training_B001,90,70,4.10055494308472,1.56281304359436,1,1,129,1,0,1,1,0,0
20260721_t1029_srsSmooth_training,srs_smooth_training,trial0091.mat,91,91,90,1,91,90,104,84,20,8,1,2,8,2,94,27315,2,0,2,1,1,2,2,1,1,2,CHOSE_LOW_SAL,2,455,1,0,3,1,1,0,161,67,161,67,94,161,1,0,11.5,193,11.5,167,-155.5,155.5,NaN,NaN,NaN,1784644742.91563,1356.30467988,1.06353759765625,0.0188119411468506,0.0212275981903076,0.555088520050049,0.577166795730591,0.56350564956665,0.578135967254639,0.578135967254639,-1,-1,0.59593391418457,2.41565704345703,NaN,14.6303176879883,0.969171524047852,Conflict,Left,Right,Left,Left,Right,0,1,0,1,1,0,1,1,0,1,0,0,1,0,0,1,1,0,1,91,71,20260721_t1029_srsSmooth_training_B001,91,71,4.14483544826508,1.53643846511841,1,2,136,1,0,0,1,1,0
20260721_t1029_srsSmooth_training,srs_smooth_training,trial0092.mat,92,92,91,1,92,91,104,84,20,8,1,1,5,2,35,10954,2,0,1,2,1,1,1,1,1,1,CHOSE_HIGH_SAL,1,455,1,0,3,1,1,0,146,71,146,71,75,146,1,180,12.5,191.5,167.5,11.5,156,156,NaN,NaN,NaN,1784644745.54987,1358.93867928,1.27163195610046,0.0180141925811768,0.0240826606750488,0.788008213043213,0.809712171554565,0.796294927597046,0.811054706573486,0.811054706573486,-1,-1,0.828880071640015,6.06846809387207,NaN,14.7597789764404,1.3425350189209,Congruent,Right,Left,Right,Right,Right,0,1,1,0,1,1,1,1,1,0,0,0,0,1,1,1,1,1,1,92,72,20260721_t1029_srsSmooth_training_B001,92,72,4.18873937129974,1.57069778442383,1,2,161,1,0,1,1,0,0
20260721_t1029_srsSmooth_training,srs_smooth_training,trial0093.mat,93,93,92,1,93,92,104,84,20,8,1,1,6,2,44,27156,2,0,2,1,1,2,1,2,1,2,CHOSE_HIGH_SAL,1,455,1,0,1,1,1,0,106,83,106,83,23,106,1,0,199,14,161,14,147,147,NaN,NaN,NaN,1784644748.38037,1361.76910108,0.999164819717407,0.0126268863677979,0.0177891254425049,0.532574415206909,0.554314851760864,0.540582180023193,0.558290481567383,0.558290481567383,-1,-1,0.573194265365601,5.16223907470703,NaN,17.7083015441895,3.97562980651855,Congruent,Left,Right,Left,Left,Left,0,1,1,0,1,0,1,1,1,1,0,0,0,0,0,0,1,1,1,93,73,20260721_t1029_srsSmooth_training_B001,93,73,4.23591436545054,1.55886769294739,1,1,146,1,0,1,1,0,0
20260721_t1029_srsSmooth_training,srs_smooth_training,trial0094.mat,94,94,93,1,94,93,104,84,20,8,1,1,6,2,43,30476,2,0,2,1,1,2,1,2,1,2,CHOSE_HIGH_SAL,1,455,1,0,2,1,1,0,153,80,153,80,73,153,1,180,15,195,165,15,150,150,NaN,NaN,NaN,1784644750.92747,1364.31611448,1.26067924499512,0.0156276226043701,0.0172748565673828,0.743937492370605,0.765657424926758,0.752172231674194,0.769668340682983,0.769668340682983,-1,-1,0.784361124038696,1.6472339630127,NaN,17.4961090087891,4.01091575622559,Congruent,Left,Right,Left,Left,Left,0,1,1,0,1,0,1,1,1,1,0,0,0,0,0,0,1,1,1,94,74,20260721_t1029_srsSmooth_training_B001,94,74,4.27836603720983,1.54793548583984,1,2,106,1,0,0,1,1,0
20260721_t1029_srsSmooth_training,srs_smooth_training,trial0095.mat,95,95,94,1,95,94,104,84,20,8,1,2,7,2,64,6412,2,0,1,2,1,1,2,2,1,1,CHOSE_LOW_SAL,2,455,1,0,0,1,1,0,163,82,163,82,81,163,1,0,17,196,17,164,-147,147,NaN,NaN,NaN,1784644753.74365,1367.13246044,1.11138892173767,0.0162227153778076,0.0182676315307617,0.619285583496094,0.632913827896118,0.627627372741699,0.633861780166626,0.633861780166626,-1,-1,0.651723861694336,2.0449161529541,NaN,6.23440742492676,0.947952270507812,Conflict,Right,Left,Right,Right,Left,0,1,0,1,1,1,1,1,0,0,0,0,1,1,1,0,1,0,1,95,75,20260721_t1029_srsSmooth_training_B001,95,75,4.32530241409937,1.55550336837769,1,2,153,1,0,1,1,0,0
20260721_t1029_srsSmooth_training,srs_smooth_training,trial0096.mat,96,96,95,1,96,95,104,84,20,8,1,2,8,2,100,815,2,0,2,1,1,2,2,1,1,2,CHOSE_LOW_SAL,2,455,1,0,2,1,1,0,137,70,137,70,67,137,1,0,12,198,12,162,-150,150,NaN,NaN,NaN,1784644756.44198,1369.83061656,1.08700227737427,0.0180034637451172,0.0205662250518799,0.579660177230835,0.601359605789185,0.587902784347534,0.602404117584229,0.602404117584229,-1,-1,0.620944499969482,2.5627613067627,NaN,14.5013332366943,1.04451179504395,Conflict,Left,Right,Left,Left,Right,0,1,0,1,1,0,1,1,0,1,0,0,1,0,0,1,1,0,1,96,76,20260721_t1029_srsSmooth_training_B001,96,76,4.37027450005213,1.58693623542786,1,1,163,1,0,1,1,0,0
20260721_t1029_srsSmooth_training,srs_smooth_training,trial0097.mat,97,97,96,1,97,96,104,84,20,8,1,2,8,2,96,24051,2,0,2,1,1,2,2,1,1,2,CHOSE_LOW_SAL,2,455,1,0,3,1,1,0,142,90,142,90,52,142,1,180,190.5,17.5,10.5,162.5,-152,152,NaN,NaN,NaN,1784644759.11712,1372.50568096,1.04627132415771,0.0179710388183594,0.0230123996734619,0.535510063171387,0.551324844360352,0.544029235839844,0.552627563476562,0.552627563476562,-1,-1,0.570668935775757,5.04136085510254,NaN,8.59832763671875,1.30271911621094,Conflict,Left,Right,Left,Left,Right,0,1,0,1,1,0,1,1,0,1,0,0,1,0,0,1,1,0,1,97,77,20260721_t1029_srsSmooth_training_B001,97,77,4.41486014525096,1.58813643455505,1,2,137,1,0,0,1,1,0
20260721_t1029_srsSmooth_training,srs_smooth_training,trial0098.mat,98,98,97,1,98,97,104,84,20,8,1,1,5,2,29,31993,2,0,1,2,1,1,1,1,1,1,CHOSE_HIGH_SAL,1,455,1,0,3,1,1,0,160,59,160,59,101,160,1,0,195,13.5,165,13.5,151.5,151.5,NaN,NaN,NaN,1784644761.6995,1375.08795552,1.32312965393066,0.0190193653106689,0.025317907333374,0.780474662780762,0.802381992340088,0.788938999176025,0.803449630737305,0.803449630737305,-1,-1,0.821247339248657,6.29854202270508,NaN,14.5106315612793,1.0676383972168,Congruent,Right,Left,Right,Right,Right,0,1,1,0,1,1,1,1,1,0,0,0,0,1,1,1,1,1,1,98,78,20260721_t1029_srsSmooth_training_B001,98,78,4.45789992411931,1.53611540794373,1,2,142,1,0,1,1,0,0
20260721_t1029_srsSmooth_training,srs_smooth_training,trial0099.mat,99,99,98,1,99,98,104,84,20,8,1,2,8,2,85,32345,2,0,2,1,1,2,2,1,1,2,CHOSE_LOW_SAL,2,455,1,0,2,1,1,0,142,75,142,75,67,142,1,0,12,199,12,161,-149,149,NaN,NaN,NaN,1784644764.59499,1377.98339736,1.09371447563171,0.0153164863586426,0.0198929309844971,0.576708078384399,0.598672866821289,0.584941625595093,0.599608659744263,0.599608659744263,-1,-1,0.617387533187866,4.57644462585449,NaN,14.6670341491699,0.935792922973633,Conflict,Left,Right,Left,Left,Right,0,1,0,1,1,0,1,1,0,1,0,0,1,0,0,1,1,0,1,99,79,20260721_t1029_srsSmooth_training_B001,99,79,4.50615796645482,1.57235288619995,1,1,160,1,0,1,1,0,0
20260721_t1029_srsSmooth_training,srs_smooth_training,trial0100.mat,100,100,99,1,100,99,104,84,20,8,1,2,8,2,98,9573,2,0,2,1,1,2,2,1,1,2,CHOSE_LOW_SAL,2,455,1,0,3,1,1,0,120,99,120,99,21,120,1,0,12,199.5,12,160.5,-148.5,148.5,NaN,NaN,NaN,1784644767.31098,1380.69950948,1.26098608970642,0.016096830368042,0.0206255912780762,0.785798072814941,0.80779504776001,0.794126510620117,0.809122562408447,0.809122562408447,-1,-1,0.827675342559814,4.52876091003418,NaN,14.9960517883301,1.3275146484375,Conflict,Left,Right,Left,Left,Right,0,1,0,1,1,0,1,1,0,1,0,0,1,0,0,1,1,0,1,100,80,20260721_t1029_srsSmooth_training_B001,100,80,4.5514245112737,1.62227821350098,1,2,142,1,0,0,1,1,0
20260721_t1029_srsSmooth_training,srs_smooth_training,trial0101.mat,101,101,100,1,101,100,104,84,20,8,1,2,7,2,70,13966,2,0,1,2,1,1,2,2,1,1,CHOSE_LOW_SAL,2,455,1,0,1,1,1,0,140,99,140,99,41,140,1,180,190,12.5,10,167.5,-157.5,157.5,NaN,NaN,NaN,1784644770.15427,1383.54269884,1.17683482170105,0.0145854949951172,0.0166599750518799,0.699071407318115,0.714625358581543,0.707436561584473,0.715637683868408,0.715637683868408,-1,-1,0.734550476074219,2.0744800567627,NaN,8.20112228393555,1.01232528686523,Conflict,Right,Left,Right,Right,Left,0,1,0,1,1,1,1,1,0,0,0,0,1,1,1,0,1,0,1,101,81,20260721_t1029_srsSmooth_training_B001,101,81,4.59881267150243,1.58230352401733,1,2,120,1,0,1,1,0,0
20260721_t1029_srsSmooth_training,srs_smooth_training,trial0102.mat,102,102,101,1,102,101,104,84,20,8,1,2,7,2,71,2989,2,0,1,2,1,1,2,2,1,1,CHOSE_LOW_SAL,2,455,1,0,2,1,1,0,162,73,162,73,89,162,1,0,19,197,19,163,-144,144,NaN,NaN,NaN,1784644772.92301,1386.31127312,1.3242928981781,0.0126166343688965,0.0140464305877686,0.790984869003296,0.812647342681885,0.79919695854187,0.81373405456543,0.81373405456543,-1,-1,0.831367492675781,1.42979621887207,NaN,14.5370960235596,1.08671188354492,Conflict,Right,Left,Right,Right,Left,0,1,0,1,1,1,1,1,0,0,0,0,1,1,1,0,1,0,1,102,82,20260721_t1029_srsSmooth_training_B001,102,82,4.64495840072632,1.59190893173218,1,1,140,1,0,0,1,1,0
20260721_t1029_srsSmooth_training,srs_smooth_training,trial0103.mat,103,103,102,1,103,102,104,84,20,8,1,1,5,2,24,17838,2,0,1,2,1,1,1,1,1,1,CHOSE_HIGH_SAL,1,455,1,0,1,1,1,0,137,62,137,62,75,137,1,180,12,198,168,18,150,150,NaN,NaN,NaN,1784644775.8473,1389.23545696,1.14175486564636,0.0134377479553223,0.0151491165161133,0.666808605194092,0.688464641571045,0.675150632858276,0.689403533935547,0.689403533935547,-1,-1,0.707243680953979,1.71136856079102,NaN,14.2529010772705,0.938892364501953,Congruent,Right,Left,Right,Right,Right,0,1,1,0,1,1,1,1,1,0,0,0,0,1,1,1,1,1,1,103,83,20260721_t1029_srsSmooth_training_B001,103,83,4.69369661808014,1.60000014305115,1,1,162,1,0,0,1,1,0
20260721_t1029_srsSmooth_training,srs_smooth_training,trial0104.mat,104,104,103,1,104,103,104,84,20,8,1,2,8,2,103,7677,2,0,2,1,1,2,2,1,1,2,CHOSE_LOW_SAL,2,455,1,0,1,1,1,0,175,68,175,68,107,175,1,0,16,197.5,16,162.5,-146.5,146.5,NaN,NaN,NaN,1784644778.58719,1391.9753448,1.16827845573425,0.0153295993804932,0.0168890953063965,0.617625713348389,0.640354633331299,0.626008272171021,0.64148998260498,0.64148998260498,-1,-1,0.660176753997803,1.55949592590332,NaN,15.48171043396,1.13534927368164,Conflict,Left,Right,Left,Left,Right,0,1,0,1,1,0,1,1,0,1,0,0,1,0,0,1,1,0,1,104,84,20260721_t1029_srsSmooth_training_B001,104,84,4.73936131795247,1.59812712669373,1,1,137,1,0,1,1,0,0
20260721_t1029_srsSmooth_training,srs_smooth_training,trial0105.mat,105,105,104,2,1,0,100,80,20,8,2,0,3,1,12,4116,1,2,2,1,2,1,2,1,2,1,SINGLE_T2_CORRECT,11,455,1,0,1,1,1,0,52,152,152,52,-100,152,1,180,194,10.5,14,169.5,-155.5,155.5,NaN,NaN,NaN,1784644781.32289,1394.7110004,1.14982128143311,0.0130648612976074,0.0179755687713623,0.657989501953125,0.679757833480835,0.666296243667603,0.684164762496948,0.684164762496948,-1,-1,0.698613405227661,4.91070747375488,NaN,17.8685188293457,4.40692901611328,Instruction,Left,Right,Right,Right,Right,1,0,0,0,0,NaN,NaN,NaN,NaN,NaN,NaN,NaN,NaN,0,1,1,0,0,0,105,NaN,20260721_t1029_srsSmooth_training_B002,1,NaN,4.78495641152064,1.56742715835571,NaN,NaN,NaN,0,NaN,NaN,NaN,NaN,0
20260721_t1029_srsSmooth_training,srs_smooth_training,trial0106.mat,106,106,105,2,2,1,100,80,20,8,2,0,4,1,17,12928,1,2,1,2,2,2,2,2,2,2,SINGLE_T2_CORRECT,11,455,1,0,2,1,1,0,29,131,131,29,-102,131,1,180,190,14,10,166,-156,156,NaN,NaN,NaN,1784644784.01609,1397.4041962,1.10685729980469,0.0116407871246338,0.0158698558807373,0.614889860153198,0.636664628982544,0.623151779174805,0.63800835609436,0.63800835609436,-1,-1,0.65604305267334,4.22906875610352,NaN,14.8565769195557,1.34372711181641,Instruction,Right,Left,Left,Left,Left,1,0,0,0,0,NaN,NaN,NaN,NaN,NaN,NaN,NaN,NaN,1,0,0,0,0,0,106,NaN,20260721_t1029_srsSmooth_training_B002,2,NaN,4.8298430164655,1.54337501525879,NaN,NaN,NaN,0,NaN,NaN,NaN,NaN,0
20260721_t1029_srsSmooth_training,srs_smooth_training,trial0107.mat,107,107,106,2,3,2,100,80,20,8,2,0,4,1,16,19982,1,2,1,2,2,2,2,2,2,2,SINGLE_T2_CORRECT,11,455,1,0,2,1,1,0,45,161,161,45,-116,161,1,0,18,191,18,169,-151,151,NaN,NaN,NaN,1784644786.68849,1400.07659704,1.0346736907959,0.0143475532531738,0.0269529819488525,0.534409284591675,0.556034326553345,0.54262638092041,0.557356595993042,0.557356595993042,-1,-1,0.575160026550293,12.6054286956787,NaN,14.7302150726318,1.32226943969727,Instruction,Right,Left,Left,Left,Left,1,0,0,0,0,NaN,NaN,NaN,NaN,NaN,NaN,NaN,NaN,1,0,0,0,0,0,107,NaN,20260721_t1029_srsSmooth_training_B002,3,NaN,4.87438298463821,1.56554079055786,NaN,NaN,NaN,0,NaN,NaN,NaN,NaN,0
20260721_t1029_srsSmooth_training,srs_smooth_training,trial0108.mat,108,108,107,2,4,3,100,80,20,8,2,0,1,1,5,8825,1,1,1,2,2,2,1,1,1,1,SINGLE_T1_CORRECT,10,455,1,0,2,1,1,0,7,180,180,7,-173,7,1,0,199.5,16,160.5,16,144.5,144.5,NaN,NaN,NaN,1784644789.30006,1402.6880866,1.12326240539551,0.019545316696167,0.0210342407226562,0.756219625473022,0.777908086776733,0.764543533325195,0.77918267250061,0.77918267250061,-1,-1,0.788644313812256,1.48892402648926,NaN,14.639139175415,1.27458572387695,Instruction,Right,Left,Right,Left,Right,1,0,0,0,0,NaN,NaN,NaN,NaN,NaN,NaN,NaN,NaN,1,0,1,0,1,0,108,NaN,20260721_t1029_srsSmooth_training_B002,4,NaN,4.91790915727615,1.57689666748047,NaN,NaN,NaN,0,NaN,NaN,NaN,NaN,0
20260721_t1029_srsSmooth_training,srs_smooth_training,trial0109.mat,109,109,108,2,5,4,100,80,20,8,2,0,2,1,7,31274,1,1,2,1,2,1,1,2,1,2,SINGLE_T1_CORRECT,10,455,1,0,1,1,1,0,50,151,151,50,-101,50,1,180,10,193,170,13,157,157,NaN,NaN,NaN,1784644791.95325,1405.34116496,1.0611138343811,0.0164530277252197,0.02120041847229,0.652481555938721,0.666478872299194,0.660809755325317,0.67069935798645,0.67069935798645,-1,-1,0.685532808303833,4.74739074707031,NaN,9.88960266113281,4.22048568725586,Instruction,Left,Right,Left,Right,Left,1,0,0,0,0,NaN,NaN,NaN,NaN,NaN,NaN,NaN,NaN,0,1,0,0,1,0,109,NaN,20260721_t1029_srsSmooth_training_B002,5,NaN,4.96212909619013,1.52993392944336,NaN,NaN,NaN,0,NaN,NaN,NaN,NaN,0
20260721_t1029_srsSmooth_training,srs_smooth_training,trial0110.mat,110,110,109,2,6,5,100,80,20,8,2,0,3,1,15,6921,1,2,2,1,2,1,2,1,2,1,SINGLE_T2_CORRECT,11,455,1,0,4,1,1,0,33,190,190,33,-157,190,1,0,11.5,194,11.5,166,-154.5,154.5,NaN,NaN,NaN,1784644794.59417,1407.98207164,1.31632208824158,0.0173017978668213,0.0226128101348877,0.778720617294312,0.800665616989136,0.786992788314819,0.804471731185913,0.804471731185913,-1,-1,0.819334506988525,5.31101226806641,NaN,17.4789428710938,3.80611419677734,Instruction,Left,Right,Right,Right,Right,1,0,0,0,0,NaN,NaN,NaN,NaN,NaN,NaN,NaN,NaN,0,1,1,0,0,0,110,NaN,20260721_t1029_srsSmooth_training_B002,6,NaN,5.00614444812139,1.57980728149414,NaN,NaN,NaN,0,NaN,NaN,NaN,NaN,0
20260721_t1029_srsSmooth_training,srs_smooth_training,trial0111.mat,111,111,110,2,7,6,100,80,20,8,2,0,4,1,20,24583,1,2,1,2,2,2,2,2,2,2,SINGLE_T2_CORRECT,11,455,1,0,2,1,1,0,35,161,161,35,-126,161,1,180,198.5,17.5,18.5,162.5,-144,144,NaN,NaN,NaN,1784644797.47209,1410.85978508,1.25146341323853,0.0144953727722168,0.0176117420196533,0.726142406463623,0.747857093811035,0.734494686126709,0.748910903930664,0.748910903930664,-1,-1,0.766909599304199,3.11636924743652,NaN,14.4162178039551,1.05381011962891,Instruction,Right,Left,Left,Left,Left,1,0,0,0,0,NaN,NaN,NaN,NaN,NaN,NaN,NaN,NaN,1,0,0,0,0,0,111,NaN,20260721_t1029_srsSmooth_training_B002,7,NaN,5.05410975615183,1.56159639358521,NaN,NaN,NaN,0,NaN,NaN,NaN,NaN,0
20260721_t1029_srsSmooth_training,srs_smooth_training,trial0112.mat,112,112,111,2,8,7,100,80,20,8,2,0,2,1,9,816,1,1,2,1,2,1,1,2,1,2,SINGLE_T1_CORRECT,10,455,1,0,1,1,1,0,47,168,168,47,-121,47,1,180,15,193.5,165,13.5,151.5,151.5,NaN,NaN,NaN,1784644800.26822,1413.65585352,1.12105083465576,0.0184776782989502,0.019848108291626,0.721923828125,0.743505477905273,0.729964017868042,0.744812488555908,0.744812488555908,-1,-1,0.762603044509888,1.37042999267578,NaN,14.8484706878662,1.30701065063477,Instruction,Left,Right,Left,Right,Left,1,0,0,0,0,NaN,NaN,NaN,NaN,NaN,NaN,NaN,NaN,0,1,0,0,1,0,112,NaN,20260721_t1029_srsSmooth_training_B002,8,NaN,5.10071188608805,1.54466438293457,NaN,NaN,NaN,0,NaN,NaN,NaN,NaN,0
20260721_t1029_srsSmooth_training,srs_smooth_training,trial0113.mat,113,113,112,2,9,8,100,80,20,8,2,0,4,1,18,23812,1,2,1,2,2,2,2,2,2,2,SINGLE_T2_CORRECT,11,455,1,0,6,1,1,0,29,161,161,29,-132,161,1,180,196.5,18.5,16.5,161.5,-145,145,NaN,NaN,NaN,1784644802.93958,1416.32733236,1.09171152114868,0.0138866901397705,0.0183768272399902,0.550455808639526,0.572241306304932,0.558883666992188,0.577833414077759,0.577833414077759,-1,-1,0.599675893783569,4.49013710021973,NaN,18.9497470855713,5.59210777282715,Instruction,Right,Left,Left,Left,Left,1,0,0,0,0,NaN,NaN,NaN,NaN,NaN,NaN,NaN,NaN,1,0,0,0,0,0,113,NaN,20260721_t1029_srsSmooth_training_B002,9,NaN,5.14523458480835,1.55031108856201,NaN,NaN,NaN,0,NaN,NaN,NaN,NaN,0
20260721_t1029_srsSmooth_training,srs_smooth_training,trial0114.mat,114,114,113,2,10,9,100,80,20,8,2,0,2,1,6,25160,1,1,2,1,2,1,1,2,1,2,SINGLE_T1_CORRECT,10,455,1,0,0,1,1,0,53,181,181,53,-128,53,1,180,13,192.5,167,12.5,154.5,154.5,NaN,NaN,NaN,1784644805.56106,1418.94863368,0.937717437744141,0.0175118446350098,0.0226597785949707,0.553997039794922,0.567532777786255,0.562283515930176,0.568428754806519,0.568428754806519,-1,-1,0.586353540420532,5.14793395996094,NaN,6.14523887634277,0.895977020263672,Instruction,Left,Right,Left,Right,Left,1,0,0,0,0,NaN,NaN,NaN,NaN,NaN,NaN,NaN,NaN,0,1,0,0,1,0,114,NaN,20260721_t1029_srsSmooth_training_B002,10,NaN,5.18892587820689,1.52976608276367,NaN,NaN,NaN,0,NaN,NaN,NaN,NaN,0
20260721_t1029_srsSmooth_training,srs_smooth_training,trial0115.mat,115,115,114,2,11,10,100,80,20,8,2,0,1,1,4,17262,1,1,1,2,2,2,1,1,1,1,SINGLE_T1_CORRECT,10,455,1,0,2,1,1,0,48,179,179,48,-131,48,1,0,196,13,164,13,151,151,NaN,NaN,NaN,1784644808.04911,1421.43668372,1.21613574028015,0.0128965377807617,0.0144758224487305,0.806467294692993,0.821261644363403,0.814587831497192,0.822124719619751,0.822124719619751,-1,-1,0.840463399887085,1.57928466796875,NaN,7.53688812255859,0.863075256347656,Instruction,Right,Left,Right,Left,Right,1,0,0,0,0,NaN,NaN,NaN,NaN,NaN,NaN,NaN,NaN,1,0,1,0,1,0,115,NaN,20260721_t1029_srsSmooth_training_B002,11,NaN,5.23039330244064,1.55032801628113,NaN,NaN,NaN,0,NaN,NaN,NaN,NaN,0
20260721_t1029_srsSmooth_training,srs_smooth_training,trial0116.mat,116,116,115,2,12,11,100,80,20,8,2,0,1,1,3,24022,1,1,1,2,2,2,1,1,1,1,SINGLE_T1_CORRECT,10,455,1,0,2,1,1,0,52,146,146,52,-94,52,1,0,193.5,19.5,166.5,19.5,147,147,NaN,NaN,NaN,1784644810.81964,1424.20726884,1.17139649391174,0.017472505569458,0.0185959339141846,0.753563642501831,0.775835514068604,0.762399196624756,0.776750802993774,0.776750802993774,-1,-1,0.795383930206299,1.12342834472656,NaN,14.3516063690186,0.915288925170898,Instruction,Right,Left,Right,Left,Right,1,0,0,0,0,NaN,NaN,NaN,NaN,NaN,NaN,NaN,NaN,1,0,1,0,1,0,116,NaN,20260721_t1029_srsSmooth_training_B002,12,NaN,5.27656885385513,1.55439734458923,NaN,NaN,NaN,0,NaN,NaN,NaN,NaN,0
20260721_t1029_srsSmooth_training,srs_smooth_training,trial0117.mat,117,117,116,2,13,12,100,80,20,8,2,0,4,1,19,31499,1,2,1,2,2,2,2,2,2,2,SINGLE_T2_CORRECT,11,455,1,0,2,1,1,0,46,165,165,46,-119,165,1,0,13.5,198,13.5,162,-148.5,148.5,NaN,NaN,NaN,1784644813.57756,1426.96503952,1.19590187072754,0.0179944038391113,0.0195627212524414,0.694466829299927,0.709688425064087,0.702549695968628,0.71049690246582,0.71049690246582,-1,-1,0.728577852249146,1.56831741333008,NaN,7.94720649719238,0.808477401733398,Instruction,Right,Left,Left,Left,Left,1,0,0,0,0,NaN,NaN,NaN,NaN,NaN,NaN,NaN,NaN,1,0,0,0,0,0,117,NaN,20260721_t1029_srsSmooth_training_B002,13,NaN,5.32253417174021,1.58652257919312,NaN,NaN,NaN,0,NaN,NaN,NaN,NaN,0
20260721_t1029_srsSmooth_training,srs_smooth_training,trial0118.mat,118,118,117,2,14,13,100,80,20,8,2,0,2,1,10,13829,1,1,2,1,2,1,1,2,1,2,SINGLE_T1_CORRECT,10,455,1,0,4,1,1,0,48,158,158,48,-110,48,1,0,196.5,11,163.5,11,152.5,152.5,NaN,NaN,NaN,1784644816.36484,1429.752362,1.15116620063782,0.0141534805297852,0.0200004577636719,0.734224557876587,0.755849599838257,0.742164850234985,0.759212732315063,0.759212732315063,-1,-1,0.774668216705322,5.84697723388672,NaN,17.0478820800781,3.36313247680664,Instruction,Left,Right,Left,Right,Left,1,0,0,0,0,NaN,NaN,NaN,NaN,NaN,NaN,NaN,NaN,0,1,0,0,1,0,118,NaN,20260721_t1029_srsSmooth_training_B002,14,NaN,5.36898890336355,1.59138202667236,NaN,NaN,NaN,0,NaN,NaN,NaN,NaN,0
20260721_t1029_srsSmooth_training,srs_smooth_training,trial0119.mat,119,119,118,2,15,14,100,80,20,8,2,0,3,1,13,3029,1,2,2,1,2,1,2,1,2,1,SINGLE_T2_CORRECT,11,455,1,0,3,1,1,0,47,167,167,47,-120,167,1,0,19,200,19,160,-141,141,NaN,NaN,NaN,1784644819.07465,1432.46204404,1.08209109306335,0.0127792358398438,0.014270544052124,0.541299819946289,0.562800884246826,0.549522638320923,0.563822984695435,0.563822984695435,-1,-1,0.581886768341064,1.49130821228027,NaN,14.3003463745117,1.0221004486084,Instruction,Left,Right,Right,Right,Right,1,0,0,0,0,NaN,NaN,NaN,NaN,NaN,NaN,NaN,NaN,0,1,1,0,0,0,119,NaN,20260721_t1029_srsSmooth_training_B002,15,NaN,5.41415245930354,1.55864715576172,NaN,NaN,NaN,0,NaN,NaN,NaN,NaN,0
20260721_t1029_srsSmooth_training,srs_smooth_training,trial0120.mat,120,120,119,2,16,15,100,80,20,8,2,0,3,1,11,2110,1,2,2,1,2,1,2,1,2,1,SINGLE_T2_CORRECT,11,455,1,0,2,1,1,0,38,157,157,38,-119,157,1,180,190.5,19.5,10.5,160.5,-150,150,NaN,NaN,NaN,1784644821.71697,1435.10424192,1.15718817710876,0.0122370719909668,0.0137884616851807,0.65716814994812,0.678929805755615,0.665045261383057,0.680002689361572,0.680002689361572,-1,-1,0.697661876678467,1.55138969421387,NaN,14.9574279785156,1.07288360595703,Instruction,Left,Right,Right,Right,Right,1,0,0,0,0,NaN,NaN,NaN,NaN,NaN,NaN,NaN,NaN,0,1,1,0,0,0,120,NaN,20260721_t1029_srsSmooth_training_B002,16,NaN,5.45819099346797,1.56022095680237,NaN,NaN,NaN,0,NaN,NaN,NaN,NaN,0
20260721_t1029_srsSmooth_training,srs_smooth_training,trial0121.mat,121,121,120,2,17,16,100,80,20,8,2,0,2,1,8,3857,1,1,2,1,2,1,1,2,1,2,SINGLE_T1_CORRECT,10,455,1,0,2,1,1,0,34,177,177,34,-143,34,1,180,15,194.5,165,14.5,150.5,150.5,NaN,NaN,NaN,1784644824.39776,1437.78510416,1.09245014190674,0.0148804187774658,0.0162286758422852,0.701090812683105,0.723241806030273,0.709642171859741,0.724269866943359,0.724269866943359,-1,-1,0.741943597793579,1.34825706481934,NaN,14.6276950836182,1.02806091308594,Instruction,Left,Right,Left,Right,Left,1,0,0,0,0,NaN,NaN,NaN,NaN,NaN,NaN,NaN,NaN,0,1,0,0,1,0,121,NaN,20260721_t1029_srsSmooth_training_B002,17,NaN,5.50287091732025,1.52360725402832,NaN,NaN,NaN,0,NaN,NaN,NaN,NaN,0
20260721_t1029_srsSmooth_training,srs_smooth_training,trial0122.mat,122,122,121,2,18,17,100,80,20,8,2,0,3,1,14,7625,1,2,2,1,2,1,2,1,2,1,SINGLE_T2_CORRECT,11,455,1,0,3,1,1,0,37,181,181,37,-144,181,1,0,17.5,192.5,17.5,167.5,-150,150,NaN,NaN,NaN,1784644827.07274,1440.4598052,1.32233262062073,0.0150091648101807,0.0178074836730957,0.768154144287109,0.790039300918579,0.776317119598389,0.791269779205322,0.791269779205322,-1,-1,0.809455633163452,2.79831886291504,NaN,14.9526596069336,1.23047828674316,Instruction,Left,Right,Right,Right,Right,1,0,0,0,0,NaN,NaN,NaN,NaN,NaN,NaN,NaN,NaN,0,1,1,0,0,0,122,NaN,20260721_t1029_srsSmooth_training_B002,18,NaN,5.5474538564682,1.58252620697021,NaN,NaN,NaN,0,NaN,NaN,NaN,NaN,0
20260721_t1029_srsSmooth_training,srs_smooth_training,trial0123.mat,123,123,122,2,19,18,100,80,20,8,2,0,1,1,1,6567,1,1,1,2,2,2,1,1,1,1,SINGLE_T1_CORRECT,10,455,1,0,0,1,1,0,50,139,139,50,-89,50,1,180,17,193.5,163,13.5,149.5,149.5,NaN,NaN,NaN,1784644829.95478,1443.34210044,0.935934066772461,0.0164129734039307,0.0203795433044434,0.552962064743042,0.566434860229492,0.561168432235718,0.56718921661377,0.56718921661377,-1,-1,0.585356473922729,3.9665699005127,NaN,6.02078437805176,0.754356384277344,Instruction,Right,Left,Right,Left,Right,1,0,0,0,0,NaN,NaN,NaN,NaN,NaN,NaN,NaN,NaN,1,0,1,0,1,0,123,NaN,20260721_t1029_srsSmooth_training_B002,19,NaN,5.59548789660136,1.55970978736877,NaN,NaN,NaN,0,NaN,NaN,NaN,NaN,0
20260721_t1029_srsSmooth_training,srs_smooth_training,trial0124.mat,124,124,123,2,20,19,100,80,20,8,2,0,1,1,2,13978,1,1,1,2,2,2,1,1,1,1,SINGLE_T1_CORRECT,10,455,1,0,2,1,1,0,23,170,170,23,-147,23,1,0,193,18,167,18,149,149,NaN,NaN,NaN,1784644832.57565,1445.96282956,1.09945321083069,0.0123140811920166,0.0134541988372803,0.715443134307861,0.73734188079834,0.723838567733765,0.738560676574707,0.738560676574707,-1,-1,0.748147487640381,1.14011764526367,NaN,14.7221088409424,1.21879577636719,Instruction,Right,Left,Right,Left,Right,1,0,0,0,0,NaN,NaN,NaN,NaN,NaN,NaN,NaN,NaN,1,0,1,0,1,0,124,NaN,20260721_t1029_srsSmooth_training_B002,20,NaN,5.63916904528936,1.68493485450745,NaN,NaN,NaN,0,NaN,NaN,NaN,NaN,0
20260721_t1029_srsSmooth_training,srs_smooth_training,trial0125.mat,125,125,124,2,21,20,100,80,20,8,2,1,6,2,42,27643,2,0,2,1,2,1,2,1,2,1,CHOSE_HIGH_SAL,1,455,1,0,2,1,1,0,34,153,153,34,-119,153,1,0,10,194.5,10,165.5,-155.5,155.5,NaN,NaN,NaN,1784644835.22868,1448.61558656,1.1296374797821,0.017719030380249,0.0198268890380859,0.604198694229126,0.626076936721802,0.612371444702148,0.626879215240479,0.626879215240479,-1,-1,0.645514726638794,2.10785865783691,NaN,14.5077705383301,0.802278518676758,Congruent,Left,Right,Right,Right,Right,0,1,1,0,1,1,0,1,1,0,1,0,0,0,1,1,0,0,1,125,85,20260721_t1029_srsSmooth_training_B002,21,1,5.68338624636332,1.55357885360718,1,2,175,0,1,1,0,0,0
20260721_t1029_srsSmooth_training,srs_smooth_training,trial0126.mat,126,126,125,2,22,21,100,80,20,8,2,1,5,2,31,20218,2,0,1,2,2,2,2,2,2,2,CHOSE_HIGH_SAL,1,455,1,0,2,1,1,0,32,165,165,32,-133,165,1,180,191.5,15,11.5,165,-153.5,153.5,NaN,NaN,NaN,1784644837.95112,1451.33822164,1.13187575340271,0.0120525360107422,0.0166049003601074,0.598622798919678,0.620409488677979,0.606866359710693,0.621803998947144,0.621803998947144,-1,-1,0.638968944549561,4.55236434936523,NaN,14.9376392364502,1.39451026916504,Congruent,Right,Left,Left,Left,Left,0,1,1,0,1,0,0,1,1,1,1,0,0,1,0,0,0,0,1,126,86,20260721_t1029_srsSmooth_training_B002,22,2,5.72876025438309,1.59280300140381,2,1,153,1,0,1,1,0,0
20260721_t1029_srsSmooth_training,srs_smooth_training,trial0127.mat,127,127,126,2,23,22,100,80,20,8,2,2,7,2,62,4807,2,0,1,2,2,2,1,1,2,2,CHOSE_LOW_SAL,2,455,1,0,2,1,1,0,37,165,165,37,-128,165,1,0,195.5,12,164.5,12,152.5,152.5,NaN,NaN,NaN,1784644840.62115,1454.00817464,1.27098798751831,0.0171301364898682,0.0187370777130127,0.770183563232422,0.792160511016846,0.778420209884644,0.793174266815186,0.793174266815186,-1,-1,0.811235904693604,1.60694122314453,NaN,14.754056930542,1.01375579833984,Conflict,Right,Left,Left,Left,Right,0,1,0,1,1,0,0,1,0,1,1,0,1,1,0,1,0,1,1,127,87,20260721_t1029_srsSmooth_training_B002,23,3,5.77326070467631,1.53815126419067,2,2,165,1,0,0,1,1,0
20260721_t1029_srsSmooth_training,srs_smooth_training,trial0128.mat,128,128,127,2,24,23,100,80,20,8,2,1,5,2,25,25768,2,0,1,2,2,2,2,2,2,2,CHOSE_HIGH_SAL,1,455,1,0,2,1,1,0,17,157,157,17,-140,157,1,180,194,16.5,14,163.5,-149.5,149.5,NaN,NaN,NaN,1784644843.478,1456.86475132,1.15601491928101,0.0187211036682129,0.0203187465667725,0.638811349868774,0.652079105377197,0.644646167755127,0.653067827224731,0.653067827224731,-1,-1,0.671180963516235,1.59764289855957,NaN,8.42165946960449,0.98872184753418,Congruent,Right,Left,Left,Left,Left,0,1,1,0,1,0,0,1,1,1,1,0,0,1,0,0,0,0,1,128,88,20260721_t1029_srsSmooth_training_B002,24,4,5.82087496121724,1.58586740493774,2,2,165,1,0,0,1,1,0
20260721_t1029_srsSmooth_training,srs_smooth_training,trial0129.mat,129,129,128,2,25,24,100,80,20,8,2,2,7,2,66,8013,2,0,1,2,2,2,1,1,2,2,CHOSE_LOW_SAL,2,455,1,0,2,1,1,0,10,169,169,10,-159,169,1,0,194.5,10.5,165.5,10.5,155,155,NaN,NaN,NaN,1784644846.19785,1459.58476752,1.13539886474609,0.0156457424163818,0.0216095447540283,0.593888282775879,0.615669965744019,0.602254152297974,0.619628190994263,0.619628190994263,-1,-1,0.63521409034729,5.96380233764648,NaN,17.3740386962891,3.95822525024414,Conflict,Right,Left,Left,Left,Right,0,1,0,1,1,0,0,1,0,1,1,0,1,1,0,1,0,1,1,129,89,20260721_t1029_srsSmooth_training_B002,25,5,5.86620576779048,1.56383347511292,2,2,157,1,0,0,1,1,0
20260721_t1029_srsSmooth_training,srs_smooth_training,trial0130.mat,130,130,129,2,26,25,100,80,20,8,2,1,6,2,50,32691,2,0,2,1,2,1,2,1,2,1,CHOSE_HIGH_SAL,1,455,1,0,3,1,1,0,42,152,152,42,-110,152,1,180,198.5,16,18.5,164,-145.5,145.5,NaN,NaN,NaN,1784644848.89359,1462.2803898,1.07335305213928,0.0116784572601318,0.0161261558532715,0.547955989837646,0.570033550262451,0.556411027908325,0.571137189865112,0.571137189865112,-1,-1,0.590092658996582,4.44769859313965,NaN,14.7261619567871,1.10363960266113,Congruent,Left,Right,Right,Right,Right,0,1,1,0,1,1,0,1,1,0,1,0,0,0,1,1,0,0,1,130,90,20260721_t1029_srsSmooth_training_B002,26,6,5.91113477150599,1.56034135818481,2,2,169,1,0,1,1,0,0
20260721_t1029_srsSmooth_training,srs_smooth_training,trial0131.mat,131,131,130,2,27,26,100,80,20,8,2,2,7,2,77,11981,2,0,1,2,2,2,1,1,2,2,CHOSE_LOW_SAL,2,455,1,0,4,1,1,0,56,173,173,56,-117,173,1,180,14.5,194.5,165.5,14.5,151,151,NaN,NaN,NaN,1784644851.50328,1464.88986892,1.0951189994812,0.018765926361084,0.0249881744384766,0.571690797805786,0.593787908554077,0.580466032028198,0.59521222114563,0.59521222114563,-1,-1,0.612707138061523,6.22224807739258,NaN,14.7461891174316,1.42431259155273,Conflict,Right,Left,Left,Left,Right,0,1,0,1,1,0,0,1,0,1,1,0,1,1,0,1,0,1,1,131,91,20260721_t1029_srsSmooth_training_B002,27,7,5.95462947686513,1.53632926940918,2,1,152,1,0,1,1,0,0
20260721_t1029_srsSmooth_training,srs_smooth_training,trial0132.mat,132,132,131,2,28,27,100,80,20,8,2,2,8,2,93,2287,2,0,2,1,2,1,1,2,2,1,CHOSE_LOW_SAL,2,455,1,0,1,1,1,0,45,197,197,45,-152,197,1,180,20,199.5,160,19.5,140.5,140.5,NaN,NaN,NaN,1784644854.16685,1467.55347392,1.317387342453,0.0136260986328125,0.0150086879730225,0.783410310745239,0.805324077606201,0.792051553726196,0.806281328201294,0.806281328201294,-1,-1,0.824704647064209,1.38258934020996,NaN,14.2297744750977,0.957250595092773,Conflict,Left,Right,Right,Right,Left,0,1,0,1,1,1,0,1,0,0,1,0,1,0,1,0,0,1,1,132,92,20260721_t1029_srsSmooth_training_B002,28,8,5.99902242819468,1.56845808029175,2,2,173,1,0,1,1,0,0
20260721_t1029_srsSmooth_training,srs_smooth_training,trial0133.mat,133,133,132,2,29,28,100,80,20,8,2,2,7,2,78,13526,2,0,1,2,2,2,1,1,2,2,CHOSE_LOW_SAL,2,455,1,0,4,1,1,0,57,166,166,57,-109,166,1,180,14,198,166,18,148,148,NaN,NaN,NaN,1784644857.03433,1470.42086296,1.1168487071991,0.012925386428833,0.0143783092498779,0.574653148651123,0.596281051635742,0.582841157913208,0.597323179244995,0.597323179244995,-1,-1,0.615533113479614,1.45292282104492,NaN,14.4820213317871,1.04212760925293,Conflict,Right,Left,Left,Left,Right,0,1,0,1,1,0,0,1,0,1,1,0,1,1,0,1,0,1,1,133,93,20260721_t1029_srsSmooth_training_B002,29,9,6.04681377410889,1.55009341239929,2,1,197,1,0,1,1,0,0
20260721_t1029_srsSmooth_training,srs_smooth_training,trial0134.mat,134,134,133,2,30,29,100,80,20,8,2,2,8,2,91,7016,2,0,2,1,2,1,1,2,2,1,CHOSE_LOW_SAL,2,455,1,0,4,1,1,0,31,152,152,31,-121,152,1,180,10,197.5,170,17.5,152.5,152.5,NaN,NaN,NaN,1784644859.68721,1473.07373272,1.32257056236267,0.0184922218322754,0.0247209072113037,0.788632154464722,0.810189247131348,0.79688286781311,0.814455270767212,0.814455270767212,-1,-1,0.829642057418823,6.22868537902832,NaN,17.5724029541016,4.26602363586426,Conflict,Left,Right,Right,Right,Left,0,1,0,1,1,1,0,1,0,0,1,0,1,0,1,0,0,1,1,134,94,20260721_t1029_srsSmooth_training_B002,30,10,6.09102830489477,1.53602313995361,2,2,166,1,0,1,1,0,0
20260721_t1029_srsSmooth_training,srs_smooth_training,trial0135.mat,135,135,134,2,31,30,100,80,20,8,2,1,5,2,39,24534,2,0,1,2,2,2,2,2,2,2,CHOSE_HIGH_SAL,1,455,1,0,2,1,1,0,66,163,163,66,-97,163,1,0,14.5,194.5,14.5,165.5,-151,151,NaN,NaN,NaN,1784644862.5879,1475.97420924,1.16335248947144,0.0179145336151123,0.0200073719024658,0.6296706199646,0.651272535324097,0.637757301330566,0.656238079071045,0.656238079071045,-1,-1,0.670797824859619,2.09283828735352,NaN,18.4807777404785,4.96554374694824,Congruent,Right,Left,Left,Left,Left,0,1,1,0,1,0,0,1,1,1,1,0,0,1,0,0,0,0,1,135,95,20260721_t1029_srsSmooth_training_B002,31,11,6.13937316735586,1.57812118530273,2,1,152,1,0,1,1,0,0
20260721_t1029_srsSmooth_training,srs_smooth_training,trial0136.mat,136,136,135,2,32,31,100,80,20,8,2,1,5,2,28,27148,2,0,1,2,2,2,2,2,2,2,CHOSE_HIGH_SAL,1,455,1,0,2,1,1,0,41,157,157,41,-116,157,1,0,19.5,194.5,19.5,165.5,-146,146,NaN,NaN,NaN,1784644865.34263,1478.72898576,1.10846996307373,0.0132873058319092,0.0149524211883545,0.589445829391479,0.604976892471313,0.597853422164917,0.606078863143921,0.606078863143921,-1,-1,0.624054908752441,1.66511535644531,NaN,8.22544097900391,1.10197067260742,Congruent,Right,Left,Left,Left,Left,0,1,1,0,1,0,0,1,1,1,1,0,0,1,0,0,0,0,1,136,96,20260721_t1029_srsSmooth_training_B002,32,12,6.18528542518616,1.59138298034668,2,2,163,1,0,0,1,1,0
20260721_t1029_srsSmooth_training,srs_smooth_training,trial0137.mat,137,137,136,2,33,32,100,80,20,8,2,1,6,2,51,20441,2,0,2,1,2,1,2,1,2,1,CHOSE_HIGH_SAL,1,455,1,0,1,1,1,0,54,183,183,54,-129,183,1,180,192,10.5,12,169.5,-157.5,157.5,NaN,NaN,NaN,1784644868.02401,1481.41031052,1.15167307853699,0.0153508186340332,0.0163676738739014,0.627314329147339,0.648709774017334,0.635580539703369,0.649928092956543,0.649928092956543,-1,-1,0.668340444564819,1.01685523986816,NaN,14.3475532531738,1.21831893920898,Congruent,Left,Right,Right,Right,Right,0,1,1,0,1,1,0,1,1,0,1,0,0,0,1,1,0,0,1,137,97,20260721_t1029_srsSmooth_training_B002,33,13,6.22997501293818,1.57290530204773,2,2,157,1,0,1,1,0,0
20260721_t1029_srsSmooth_training,srs_smooth_training,trial0138.mat,138,138,137,2,34,33,100,80,20,8,2,2,8,2,87,18039,2,0,2,1,2,1,1,2,2,1,CHOSE_LOW_SAL,2,455,1,0,2,1,1,0,53,180,180,53,-127,180,1,180,15.5,194.5,164.5,14.5,150,150,NaN,NaN,NaN,1784644870.75697,1484.14312816,1.11914134025574,0.0158317089080811,0.0175712108612061,0.602153778076172,0.624190092086792,0.610739231109619,0.625169992446899,0.625169992446899,-1,-1,0.642877101898193,1.739501953125,NaN,14.4307613372803,0.979900360107422,Conflict,Left,Right,Right,Right,Left,0,1,0,1,1,1,0,1,0,0,1,0,1,0,1,0,0,1,1,138,98,20260721_t1029_srsSmooth_training_B002,34,14,6.27552434603373,1.58128690719604,2,1,183,1,0,0,1,1,0
20260721_t1029_srsSmooth_training,srs_smooth_training,trial0139.mat,139,139,138,2,35,34,100,80,20,8,2,2,8,2,100,10451,2,0,2,1,2,1,1,2,2,1,CHOSE_LOW_SAL,2,455,1,0,2,1,1,0,36,184,184,36,-148,184,1,0,191.5,11,168.5,11,157.5,157.5,NaN,NaN,NaN,1784644873.44087,1486.82715576,1.38957047462463,0.0153682231903076,0.0189075469970703,0.818745613098145,0.840400218963623,0.826770782470703,0.841403484344482,0.841403484344482,-1,-1,0.859890937805176,3.5393238067627,NaN,14.6327018737793,1.00326538085938,Conflict,Left,Right,Right,Right,Left,0,1,0,1,1,1,0,1,0,0,1,0,1,0,1,0,0,1,1,139,99,20260721_t1029_srsSmooth_training_B002,35,15,6.32025607029597,1.56476211547852,2,1,180,1,0,0,1,1,0
20260721_t1029_srsSmooth_training,srs_smooth_training,trial0140.mat,140,140,139,2,36,35,100,80,20,8,2,1,5,2,34,7853,2,0,1,2,2,2,2,2,2,2,CHOSE_HIGH_SAL,1,455,1,0,3,1,1,0,42,169,169,42,-127,169,1,180,191,19,11,161,-150,150,NaN,NaN,NaN,1784644876.41652,1489.80261936,1.32703900337219,0.0148327350616455,0.0167715549468994,0.784929752349854,0.806530714035034,0.793215751647949,0.807756662368774,0.807756662368774,-1,-1,0.826553344726562,1.93881988525391,NaN,14.5409107208252,1.22594833374023,Congruent,Right,Left,Left,Left,Left,0,1,1,0,1,0,0,1,1,1,1,0,0,1,0,0,0,0,1,140,100,20260721_t1029_srsSmooth_training_B002,36,16,6.36985028187434,1.58608222007751,2,1,184,1,0,1,1,0,0
20260721_t1029_srsSmooth_training,srs_smooth_training,trial0141.mat,141,141,140,2,37,36,100,80,20,8,2,2,8,2,83,17455,2,0,2,1,2,1,1,2,2,1,CHOSE_LOW_SAL,2,455,1,0,2,1,1,0,39,193,193,39,-154,193,1,180,12.5,200,167.5,20,147.5,147.5,NaN,NaN,NaN,1784644879.32467,1492.71083144,1.15942931175232,0.0151374340057373,0.0207316875457764,0.633084774017334,0.648492813110352,0.641237497329712,0.64953875541687,0.64953875541687,-1,-1,0.667676687240601,5.59425354003906,NaN,8.3012580871582,1.04594230651855,Conflict,Left,Right,Right,Right,Left,0,1,0,1,1,1,0,1,0,0,1,0,1,0,1,0,0,1,1,141,101,20260721_t1029_srsSmooth_training_B002,37,17,6.41831940015157,1.58110809326172,2,2,169,1,0,1,1,0,0
20260721_t1029_srsSmooth_training,srs_smooth_training,trial0142.mat,142,142,141,2,38,37,100,80,20,8,2,2,7,2,69,8351,2,0,1,2,2,2,1,1,2,2,CHOSE_LOW_SAL,2,455,1,0,1,1,1,0,31,166,166,31,-135,166,1,0,191.5,14,168.5,14,154.5,154.5,NaN,NaN,NaN,1784644882.03364,1495.41976052,1.05171036720276,0.014606237411499,0.0160984992980957,0.526290655136108,0.539627313613892,0.532463312149048,0.540760517120361,0.540760517120361,-1,-1,0.558622360229492,1.49226188659668,NaN,8.29720497131348,1.13320350646973,Conflict,Right,Left,Left,Left,Right,0,1,0,1,1,0,0,1,0,1,1,0,1,1,0,1,0,1,1,142,102,20260721_t1029_srsSmooth_training_B002,38,18,6.46346887350082,1.54953908920288,2,1,193,1,0,1,1,0,0
20260721_t1029_srsSmooth_training,srs_smooth_training,trial0143.mat,143,143,142,2,39,38,100,80,20,8,2,1,5,2,38,25763,2,0,1,2,2,2,2,2,2,2,CHOSE_HIGH_SAL,1,455,1,0,1,1,1,0,50,146,146,50,-96,146,1,0,15,198.5,15,161.5,-146.5,146.5,NaN,NaN,NaN,1784644884.65669,1498.04274556,1.18660593032837,0.0166585445404053,0.0177793502807617,0.678252696990967,0.700018405914307,0.686361312866211,0.701240539550781,0.701240539550781,-1,-1,0.718701124191284,1.12080574035645,NaN,14.8792266845703,1.22213363647461,Congruent,Right,Left,Left,Left,Left,0,1,1,0,1,0,0,1,1,1,1,0,0,1,0,0,0,0,1,143,103,20260721_t1029_srsSmooth_training_B002,39,19,6.50718640089035,1.57134127616882,2,2,166,1,0,0,1,1,0
20260721_t1029_srsSmooth_training,srs_smooth_training,trial0144.mat,144,144,143,2,40,39,100,80,20,8,2,2,7,2,75,2745,2,0,1,2,2,2,1,1,2,2,CHOSE_LOW_SAL,2,455,1,0,2,1,1,0,32,165,165,32,-133,165,1,180,14,192.5,166,12.5,153.5,153.5,NaN,NaN,NaN,1784644887.38497,1500.77095948,1.18366956710815,0.0134902000427246,0.0183658599853516,0.66467022895813,0.688516855239868,0.67512035369873,0.692857265472412,0.692857265472412,-1,-1,0.707607984542847,4.87565994262695,NaN,17.7369117736816,4.34041023254395,Conflict,Right,Left,Left,Left,Right,0,1,0,1,1,0,0,1,0,1,1,0,1,1,0,1,0,1,1,144,104,20260721_t1029_srsSmooth_training_B002,40,20,6.5526576757431,1.54167056083679,2,2,146,1,0,0,1,1,0
20260721_t1029_srsSmooth_training,srs_smooth_training,trial0145.mat,145,145,144,2,41,40,100,80,20,8,2,1,6,2,49,13407,2,0,2,1,2,1,2,1,2,1,CHOSE_HIGH_SAL,1,455,1,0,3,1,1,0,22,149,149,22,-127,149,1,0,11,197,11,163,-152,152,NaN,NaN,NaN,1784644890.14975,1503.53582136,1.13533067703247,0.0154824256896973,0.0201108455657959,0.651904344558716,0.67384147644043,0.660179853439331,0.674705743789673,0.674705743789673,-1,-1,0.692440986633301,4.62841987609863,NaN,14.5258903503418,0.864267349243164,Congruent,Left,Right,Right,Right,Right,0,1,1,0,1,1,0,1,1,0,1,0,0,0,1,1,0,0,1,145,105,20260721_t1029_srsSmooth_training_B002,41,21,6.59873740275701,1.5811140537262,2,2,165,1,0,1,1,0,0
20260721_t1029_srsSmooth_training,srs_smooth_training,trial0146.mat,146,146,145,2,42,41,100,80,20,8,2,1,6,2,46,28632,2,0,2,1,2,1,2,1,2,1,CHOSE_HIGH_SAL,1,455,1,0,2,1,1,0,29,171,171,29,-142,171,1,0,17.5,195.5,17.5,164.5,-147,147,NaN,NaN,NaN,1784644892.86178,1506.2476644,1.22329425811768,0.011892557144165,0.0155179500579834,0.70669412612915,0.728588581085205,0.715147972106934,0.733251333236694,0.733251333236694,-1,-1,0.75673246383667,3.62539291381836,NaN,18.1033611297607,4.66275215148926,Congruent,Left,Right,Right,Right,Right,0,1,1,0,1,1,0,1,1,0,1,0,0,0,1,1,0,0,1,146,106,20260721_t1029_srsSmooth_training_B002,42,22,6.64393790165583,1.57669925689697,2,1,149,1,0,0,1,1,0
20260721_t1029_srsSmooth_training,srs_smooth_training,trial0147.mat,147,147,146,2,43,42,100,80,20,8,2,1,5,2,24,26116,2,0,1,2,2,2,2,2,2,2,CHOSE_HIGH_SAL,1,455,1,0,3,1,1,0,45,178,178,45,-133,178,1,180,191,15,11,165,-154,154,NaN,NaN,NaN,1784644895.63762,1509.0233864,1.2063250541687,0.0194990634918213,0.0214266777038574,0.647786140441895,0.669524908065796,0.656004190444946,0.674293518066406,0.674293518066406,-1,-1,0.69784951210022,1.92761421203613,NaN,18.28932762146,4.76861000061035,Congruent,Right,Left,Left,Left,Left,0,1,1,0,1,0,0,1,1,1,1,0,0,1,0,0,0,0,1,147,107,20260721_t1029_srsSmooth_training_B002,43,23,6.6902018626531,1.55254340171814,2,1,171,1,0,1,1,0,0
20260721_t1029_srsSmooth_training,srs_smooth_training,trial0148.mat,148,148,147,2,44,43,100,80,20,8,2,2,8,2,86,9502,2,0,2,1,2,1,1,2,2,1,CHOSE_LOW_SAL,2,455,1,0,1,1,1,0,35,130,130,35,-95,130,1,180,13,191.5,167,11.5,155.5,155.5,NaN,NaN,NaN,1784644898.40993,1511.79566948,0.991578817367554,0.0139596462249756,0.0152308940887451,0.539429664611816,0.555647611618042,0.548629760742188,0.556562900543213,0.556562900543213,-1,-1,0.566335678100586,1.27124786376953,NaN,7.93313980102539,0.915288925170898,Conflict,Left,Right,Right,Right,Left,0,1,0,1,1,1,0,1,0,0,1,0,1,0,1,0,0,1,1,148,108,20260721_t1029_srsSmooth_training_B002,44,24,6.7364071170489,1.56599020957947,2,2,178,1,0,1,1,0,0
20260721_t1029_srsSmooth_training,srs_smooth_training,trial0149.mat,149,149,148,2,45,44,100,80,20,8,2,2,7,2,68,7620,2,0,1,2,2,2,1,1,2,2,CHOSE_LOW_SAL,2,455,1,0,0,1,1,0,47,171,171,47,-124,171,1,180,20,191,160,11,149,149,NaN,NaN,NaN,1784644900.97978,1514.36560484,1.28904628753662,0.0192122459411621,0.020423412322998,0.789149761199951,0.802577257156372,0.796811819076538,0.803665161132812,0.803665161132812,-1,-1,0.821733951568604,1.21116638183594,NaN,6.85334205627441,1.08790397644043,Conflict,Right,Left,Left,Left,Right,0,1,0,1,1,0,0,1,0,1,1,0,1,1,0,1,0,1,1,149,109,20260721_t1029_srsSmooth_training_B002,45,25,6.77923794190089,1.57827067375183,2,1,130,1,0,1,1,0,0
20260721_t1029_srsSmooth_training,srs_smooth_training,trial0150.mat,150,150,149,2,46,45,100,80,20,8,2,2,7,2,80,15184,2,0,1,2,2,2,1,1,2,2,CHOSE_LOW_SAL,2,455,1,0,1,1,1,0,1,171,171,1,-170,171,1,0,191.5,12,168.5,12,156.5,156.5,NaN,NaN,NaN,1784644903.84687,1517.23243284,1.23042845726013,0.0189065933227539,0.0205428600311279,0.686738967895508,0.702266693115234,0.695290088653564,0.703134059906006,0.703134059906006,-1,-1,0.721409797668457,1.63626670837402,NaN,7.84397125244141,0.867366790771484,Conflict,Right,Left,Left,Left,Right,0,1,0,1,1,0,0,1,0,1,1,0,1,1,0,1,0,1,1,150,110,20260721_t1029_srsSmooth_training_B002,46,26,6.82702271938324,1.57804036140442,2,2,171,1,0,0,1,1,0
20260721_t1029_srsSmooth_training,srs_smooth_training,trial0151.mat,151,151,150,2,47,46,100,80,20,8,2,1,5,2,29,20615,2,0,1,2,2,2,2,2,2,2,CHOSE_HIGH_SAL,1,455,1,0,1,1,1,0,18,153,153,18,-135,153,1,180,198.5,14.5,18.5,165.5,-147,147,NaN,NaN,NaN,1784644906.61853,1520.00407876,1.02493643760681,0.0140209197998047,0.0153923034667969,0.525538206100464,0.539041519165039,0.533858776092529,0.540240287780762,0.540240287780762,-1,-1,0.557739496231079,1.37138366699219,NaN,6.38151168823242,1.19876861572266,Congruent,Right,Left,Left,Left,Left,0,1,1,0,1,0,0,1,1,1,1,0,0,1,0,0,0,0,1,151,111,20260721_t1029_srsSmooth_training_B002,47,27,6.87321708202362,1.54123330116272,2,2,171,1,0,0,1,1,0
20260721_t1029_srsSmooth_training,srs_smooth_training,trial0152.mat,152,152,151,2,48,47,100,80,20,8,2,2,7,2,67,351,2,0,1,2,2,2,1,1,2,2,CHOSE_LOW_SAL,2,455,1,0,2,1,1,0,46,148,148,46,-102,148,1,0,193.5,16.5,166.5,16.5,150,150,NaN,NaN,NaN,1784644909.21142,1522.59683364,1.24903273582458,0.0129013061523438,0.0144121646881104,0.76606822013855,0.787932157516479,0.774356603622437,0.78873872756958,0.78873872756958,-1,-1,0.80654764175415,1.5108585357666,NaN,14.3821239471436,0.806570053100586,Conflict,Right,Left,Left,Left,Right,0,1,0,1,1,0,0,1,0,1,1,0,1,1,0,1,0,1,1,152,112,20260721_t1029_srsSmooth_training_B002,48,28,6.91643188794454,1.56795191764832,2,2,153,1,0,0,1,1,0
20260721_t1029_srsSmooth_training,srs_smooth_training,trial0153.mat,153,153,152,2,49,48,100,80,20,8,2,1,6,2,47,25974,2,0,2,1,2,1,2,1,2,1,CHOSE_HIGH_SAL,1,455,1,0,3,1,1,0,46,157,157,46,-111,157,1,0,15.5,192,15.5,168,-152.5,152.5,NaN,NaN,NaN,1784644912.0093,1525.39472876,1.36017251014709,0.0151386260986328,0.0175449848175049,0.817943334579468,0.840170860290527,0.826304197311401,0.841131210327148,0.841131210327148,-1,-1,0.858853340148926,2.40635871887207,NaN,14.8270130157471,0.960350036621094,Congruent,Left,Right,Right,Right,Right,0,1,1,0,1,1,0,1,1,0,1,0,0,0,1,1,0,0,1,153,113,20260721_t1029_srsSmooth_training_B002,49,29,6.96306313276291,1.54884195327759,2,2,148,1,0,1,1,0,0
20260721_t1029_srsSmooth_training,srs_smooth_training,trial0154.mat,154,154,153,2,50,49,100,80,20,8,2,1,6,2,53,5988,2,0,2,1,2,1,2,1,2,1,CHOSE_HIGH_SAL,1,455,1,0,2,1,1,0,21,173,173,21,-152,173,1,180,198,18.5,18,161.5,-143.5,143.5,NaN,NaN,NaN,1784644914.92812,1528.31350588,1.1835732460022,0.0130972862243652,0.0141890048980713,0.665884017944336,0.688124179840088,0.674978733062744,0.689408540725708,0.689408540725708,-1,-1,0.708224058151245,1.09171867370605,NaN,14.4298076629639,1.28436088562012,Congruent,Left,Right,Right,Right,Right,0,1,1,0,1,1,0,1,1,0,1,0,0,0,1,1,0,0,1,154,114,20260721_t1029_srsSmooth_training_B002,50,30,7.01171018679937,1.55865073204041,2,1,157,1,0,0,1,1,0
20260721_t1029_srsSmooth_training,srs_smooth_training,trial0155.mat,155,155,154,2,51,50,100,80,20,8,2,1,6,2,41,6010,2,0,2,1,2,1,2,1,2,1,CHOSE_HIGH_SAL,1,455,1,0,3,1,1,0,67,168,168,67,-101,168,1,0,14.5,195,14.5,165,-150.5,150.5,NaN,NaN,NaN,1784644917.68257,1531.06794612,1.14560317993164,0.0170907974243164,0.020988941192627,0.60329532623291,0.625448703765869,0.611374855041504,0.630835056304932,0.630835056304932,-1,-1,0.644988059997559,3.89814376831055,NaN,19.4602012634277,5.3863525390625,Congruent,Left,Right,Right,Right,Right,0,1,1,0,1,1,0,1,1,0,1,0,0,0,1,1,0,0,1,155,115,20260721_t1029_srsSmooth_training_B002,51,31,7.05761768420537,1.57087659835815,2,1,173,1,0,0,1,1,0
20260721_t1029_srsSmooth_training,srs_smooth_training,trial0156.mat,156,156,155,2,52,51,100,80,20,8,2,1,6,2,44,21358,2,0,2,1,2,1,2,1,2,1,CHOSE_HIGH_SAL,1,455,1,0,3,1,1,0,41,155,155,41,-114,155,1,180,199,19.5,19,160.5,-141.5,141.5,NaN,NaN,NaN,1784644920.37576,1533.76114024,1.05267357826233,0.0156707763671875,0.0174083709716797,0.519198179244995,0.540691614151001,0.527590990066528,0.547870397567749,0.547870397567749,-1,-1,0.567755699157715,1.73759460449219,NaN,20.2794075012207,7.17878341674805,Congruent,Left,Right,Right,Right,Right,0,1,1,0,1,1,0,1,1,0,1,0,0,0,1,1,0,0,1,156,116,20260721_t1029_srsSmooth_training_B002,52,32,7.10250424941381,1.54759073257446,2,1,168,1,0,0,1,1,0
20260721_t1029_srsSmooth_training,srs_smooth_training,trial0157.mat,157,157,156,2,53,52,100,80,20,8,2,1,5,2,36,29795,2,0,1,2,2,2,2,2,2,2,CHOSE_HIGH_SAL,1,455,1,0,2,1,1,0,61,172,172,61,-111,172,1,0,15,196.5,15,163.5,-148.5,148.5,NaN,NaN,NaN,1784644922.95384,1536.33899556,1.11688256263733,0.0126919746398926,0.0143947601318359,0.614042043685913,0.629382848739624,0.622223138809204,0.630647659301758,0.630647659301758,-1,-1,0.648624897003174,1.70278549194336,NaN,8.42452049255371,1.26481056213379,Congruent,Right,Left,Left,Left,Left,0,1,1,0,1,0,0,1,1,1,1,0,0,1,0,0,0,0,1,157,117,20260721_t1029_srsSmooth_training_B002,53,33,7.14547226428986,1.52540731430054,2,1,155,1,0,1,1,0,0
20260721_t1029_srsSmooth_training,srs_smooth_training,trial0158.mat,158,158,157,2,54,53,100,80,20,8,2,1,6,2,52,11573,2,0,2,1,2,1,2,1,2,1,CHOSE_HIGH_SAL,1,455,1,0,1,1,1,0,32,159,159,32,-127,159,1,0,15,191,15,169,-154,154,NaN,NaN,NaN,1784644925.62609,1539.01113276,1.1445906162262,0.0155541896820068,0.0211880207061768,0.618760824203491,0.632245302200317,0.626616477966309,0.635656833648682,0.635656833648682,-1,-1,0.65167760848999,5.63383102416992,NaN,9.04035568237305,3.41153144836426,Congruent,Left,Right,Right,Right,Right,0,1,1,0,1,1,0,1,1,0,1,0,0,0,1,1,0,0,1,158,118,20260721_t1029_srsSmooth_training_B002,54,34,7.19000967741013,1.55536222457886,2,2,172,1,0,1,1,0,0
20260721_t1029_srsSmooth_training,srs_smooth_training,trial0159.mat,159,159,158,2,55,54,100,80,20,8,2,2,8,2,95,6829,2,0,2,1,2,1,1,2,2,1,CHOSE_LOW_SAL,2,455,1,0,4,1,1,0,50,182,182,50,-132,182,1,0,198.5,19,161.5,19,142.5,142.5,NaN,NaN,NaN,1784644928.28147,1541.66659068,1.12115406990051,0.0186100006103516,0.0235030651092529,0.588611364364624,0.610300302505493,0.597043514251709,0.615455627441406,0.615455627441406,-1,-1,0.638169050216675,4.89306449890137,NaN,18.4121131896973,5.15532493591309,Conflict,Left,Right,Right,Right,Left,0,1,0,1,1,1,0,1,0,0,1,0,1,0,1,0,0,1,1,159,119,20260721_t1029_srsSmooth_training_B002,55,35,7.23426605860392,1.51079225540161,2,1,159,1,0,0,1,1,0
20260721_t1029_srsSmooth_training,srs_smooth_training,trial0160.mat,160,160,159,2,56,55,100,80,20,8,2,1,6,2,54,10516,2,0,2,1,2,1,2,1,2,1,CHOSE_HIGH_SAL,1,455,1,0,2,1,1,0,74,176,176,74,-102,176,1,0,18,196.5,18,163.5,-145.5,145.5,NaN,NaN,NaN,1784644930.90258,1544.28775216,1.19213843345642,0.0142724514007568,0.0191340446472168,0.682209968566895,0.697632551193237,0.690407514572144,0.699082136154175,0.699082136154175,-1,-1,0.716694593429565,4.86159324645996,NaN,8.67462158203125,1.4495849609375,Congruent,Left,Right,Right,Right,Right,0,1,1,0,1,1,0,1,1,0,1,0,0,0,1,1,0,0,1,160,120,20260721_t1029_srsSmooth_training_B002,56,36,7.27795120477676,1.49995470046997,2,1,182,1,0,0,1,1,0
20260721_t1029_srsSmooth_training,srs_smooth_training,trial0161.mat,161,161,160,2,57,56,100,80,20,8,2,1,5,2,40,20214,2,0,1,2,2,2,2,2,2,2,CHOSE_HIGH_SAL,1,455,1,0,4,1,1,0,56,164,164,56,-108,164,1,180,195.5,15,15.5,165,-149.5,149.5,NaN,NaN,NaN,1784644933.62562,1547.0106362,1.1119921207428,0.0163381099700928,0.0216379165649414,0.578077077865601,0.599695205688477,0.586474180221558,0.605063676834106,0.605063676834106,-1,-1,0.619144916534424,5.29980659484863,NaN,18.5894966125488,5.36847114562988,Congruent,Right,Left,Left,Left,Left,0,1,1,0,1,0,0,1,1,1,1,0,0,1,0,0,0,0,1,161,121,20260721_t1029_srsSmooth_training_B002,57,37,7.32333523829778,1.53090357780457,2,1,176,1,0,1,1,0,0
20260721_t1029_srsSmooth_training,srs_smooth_training,trial0162.mat,162,162,161,2,58,57,100,80,20,8,2,2,8,2,99,24593,2,0,2,1,2,1,1,2,2,1,CHOSE_LOW_SAL,2,455,1,0,2,1,1,0,34,167,167,34,-133,167,1,180,12,192.5,168,12.5,155.5,155.5,NaN,NaN,NaN,1784644936.2857,1549.67049832,1.33518981933594,0.014702320098877,0.0169327259063721,0.818160772323608,0.839735269546509,0.826375961303711,0.8445725440979,0.8445725440979,-1,-1,0.867157936096191,2.23040580749512,NaN,18.1965827941895,4.8372745513916,Conflict,Left,Right,Right,Right,Left,0,1,0,1,1,1,0,1,0,0,1,0,1,0,1,0,0,1,1,162,122,20260721_t1029_srsSmooth_training_B002,58,38,7.36766982078552,1.54808282852173,2,2,164,1,0,1,1,0,0
20260721_t1029_srsSmooth_training,srs_smooth_training,trial0163.mat,163,163,162,2,59,58,100,80,20,8,2,1,6,2,55,8376,2,0,2,1,2,1,2,1,2,1,CHOSE_HIGH_SAL,1,455,1,0,6,1,1,0,31,144,144,31,-113,144,1,180,193,15,13,165,-152,152,NaN,NaN,NaN,1784644939.18244,1552.5672396,1.15468716621399,0.0180785655975342,0.0198228359222412,0.621438503265381,0.643104314804077,0.629546165466309,0.648503303527832,0.648503303527832,-1,-1,0.681189298629761,1.74427032470703,NaN,18.9571380615234,5.39898872375488,Congruent,Left,Right,Right,Right,Right,0,1,1,0,1,1,0,1,1,0,1,0,0,0,1,1,0,0,1,163,123,20260721_t1029_srsSmooth_training_B002,59,39,7.41594880421956,1.56154918670654,2,1,167,1,0,0,1,1,0
20260721_t1029_srsSmooth_training,srs_smooth_training,trial0164.mat,164,164,163,2,60,59,100,80,20,8,2,1,6,2,56,30837,2,0,2,1,2,1,2,1,2,1,CHOSE_HIGH_SAL,1,455,1,0,0,1,1,0,30,163,163,30,-133,163,1,180,190,15,10,165,-155,155,NaN,NaN,NaN,1784644941.87632,1555.2611978,1.11886072158813,0.0159671306610107,0.0176572799682617,0.627537488937378,0.640991926193237,0.635657072067261,0.641837596893311,0.641837596893311,-1,-1,0.659703016281128,1.69014930725098,NaN,6.1805248260498,0.845670700073242,Congruent,Left,Right,Right,Right,Right,0,1,1,0,1,1,0,1,1,0,1,0,0,0,1,1,0,0,1,164,124,20260721_t1029_srsSmooth_training_B002,60,40,7.46084689299266,1.53919816017151,2,1,144,1,0,0,1,1,0
20260721_t1029_srsSmooth_training,srs_smooth_training,trial0165.mat,165,165,164,2,61,60,100,80,20,8,2,2,7,2,63,21293,2,0,1,2,2,2,1,1,2,2,CHOSE_LOW_SAL,2,455,1,0,0,1,1,0,56,160,160,56,-104,160,1,180,18.5,194.5,161.5,14.5,147,147,NaN,NaN,NaN,1784644944.5487,1557.93367056,1.06333184242249,0.018693208694458,0.0197310447692871,0.57195520401001,0.585381984710693,0.579899311065674,0.586402177810669,0.586402177810669,-1,-1,0.606020212173462,1.0378360748291,NaN,6.50286674499512,1.02019309997559,Conflict,Right,Left,Left,Left,Right,0,1,0,1,1,0,0,1,0,1,1,0,1,1,0,1,0,1,1,165,125,20260721_t1029_srsSmooth_training_B002,61,41,7.50538657506307,1.55352020263672,2,1,163,1,0,1,1,0,0
20260721_t1029_srsSmooth_training,srs_smooth_training,trial0166.mat,166,166,165,2,62,61,100,80,20,8,2,1,6,2,59,31210,2,0,2,1,2,1,2,1,2,1,CHOSE_HIGH_SAL,1,455,1,0,0,1,1,0,33,170,170,33,-137,170,1,180,198,18.5,18,161.5,-143.5,143.5,NaN,NaN,NaN,1784644947.16289,1560.54749448,1.1826286315918,0.0129454135894775,0.0142490863800049,0.680699110031128,0.696306467056274,0.688982009887695,0.697529792785645,0.697529792785645,-1,-1,0.71539831161499,1.30367279052734,NaN,8.54778289794922,1.22332572937012,Congruent,Left,Right,Right,Right,Right,0,1,1,0,1,1,0,1,1,0,1,0,0,0,1,1,0,0,1,166,126,20260721_t1029_srsSmooth_training_B002,62,42,7.54895632266998,1.55085301399231,2,2,160,1,0,1,1,0,0
20260721_t1029_srsSmooth_training,srs_smooth_training,trial0167.mat,167,167,166,2,63,62,100,80,20,8,2,1,6,2,45,20080,2,0,2,1,2,1,2,1,2,1,CHOSE_HIGH_SAL,1,455,1,0,6,1,1,0,20,162,162,20,-142,162,1,0,15,190,15,170,-155,155,NaN,NaN,NaN,1784644949.85695,1563.24166128,1.23061871528625,0.0189929008483887,0.0247311592102051,0.713622570037842,0.735687732696533,0.722235679626465,0.740737915039062,0.740737915039062,-1,-1,0.771946907043457,5.73825836181641,NaN,18.5022354125977,5.0501823425293,Congruent,Left,Right,Right,Right,Right,0,1,1,0,1,1,0,1,1,0,1,0,0,0,1,1,0,0,1,167,127,20260721_t1029_srsSmooth_training_B002,63,43,7.59385733207067,1.51143193244934,2,1,170,1,0,0,1,1,0
20260721_t1029_srsSmooth_training,srs_smooth_training,trial0168.mat,168,168,167,2,64,63,100,80,20,8,2,2,7,2,79,13632,2,0,1,2,2,2,1,1,2,2,CHOSE_LOW_SAL,2,455,1,0,5,1,1,0,50,159,159,50,-109,159,1,180,14,198,166,18,148,148,NaN,NaN,NaN,1784644952.60043,1565.98507828,1.31203627586365,0.0172901153564453,0.0187029838562012,0.769925355911255,0.792320728302002,0.77861499786377,0.797942161560059,0.797942161560059,-1,-1,0.82004714012146,1.41286849975586,NaN,19.3271636962891,5.62143325805664,Conflict,Right,Left,Left,Left,Right,0,1,0,1,1,0,0,1,0,1,1,0,1,1,0,1,0,1,1,168,128,20260721_t1029_srsSmooth_training_B002,64,44,7.63958197832108,1.51286005973816,2,1,162,1,0,1,1,0,0
20260721_t1029_srsSmooth_training,srs_smooth_training,trial0169.mat,169,169,168,2,65,64,100,80,20,8,2,1,5,2,33,11273,2,0,1,2,2,2,2,2,2,2,CHOSE_HIGH_SAL,1,455,1,0,5,1,1,0,22,158,158,22,-136,158,1,180,194,12,14,168,-154,154,NaN,NaN,NaN,1784644955.45568,1568.84027184,1.15406036376953,0.0121493339538574,0.0133683681488037,0.607089042663574,0.628841400146484,0.614777803421021,0.634541749954224,0.634541749954224,-1,-1,0.66286563873291,1.21903419494629,NaN,19.7639465332031,5.70034980773926,Congruent,Right,Left,Left,Left,Left,0,1,1,0,1,0,0,1,1,1,1,0,0,1,0,0,0,0,1,169,129,20260721_t1029_srsSmooth_training_B002,65,45,7.68716953595479,1.54321718215942,2,2,159,1,0,0,1,1,0
20260721_t1029_srsSmooth_training,srs_smooth_training,trial0170.mat,170,170,169,2,66,65,100,80,20,8,2,2,8,2,97,12471,2,0,2,1,2,1,1,2,2,1,CHOSE_LOW_SAL,2,455,1,0,6,1,1,0,44,178,178,44,-134,178,1,180,15,197.5,165,17.5,147.5,147.5,NaN,NaN,NaN,1784644958.17656,1571.56105572,1.17790055274963,0.0163795948028564,0.0217509269714355,0.61132550239563,0.633071422576904,0.619616746902466,0.638818979263306,0.638818979263306,-1,-1,0.668787956237793,5.3713321685791,NaN,19.2022323608398,5.74755668640137,Conflict,Left,Right,Right,Right,Left,0,1,0,1,1,1,0,1,0,0,1,0,1,0,1,0,0,1,1,170,130,20260721_t1029_srsSmooth_training_B002,66,46,7.73251751661301,1.56681847572327,2,2,158,1,0,1,1,0,0
20260721_t1029_srsSmooth_training,srs_smooth_training,trial0171.mat,171,171,170,2,67,66,100,80,20,8,2,2,8,2,88,18831,2,0,2,1,2,1,1,2,2,1,CHOSE_LOW_SAL,2,455,1,0,0,1,1,0,41,184,184,41,-143,184,1,0,192.5,13.5,167.5,13.5,154,154,NaN,NaN,NaN,1784644960.88446,1574.26887136,1.05289387702942,0.0169224739074707,0.0186347961425781,0.53473162651062,0.550277471542358,0.543200969696045,0.551561832427979,0.551561832427979,-1,-1,0.569145202636719,1.71232223510742,NaN,8.36086273193359,1.28436088562012,Conflict,Left,Right,Right,Right,Left,0,1,0,1,1,1,0,1,0,0,1,0,1,0,1,0,0,1,1,171,131,20260721_t1029_srsSmooth_training_B002,67,47,7.77764915625254,1.52999782562256,2,1,178,1,0,0,1,1,0
20260721_t1029_srsSmooth_training,srs_smooth_training,trial0172.mat,172,172,171,2,68,67,100,80,20,8,2,2,7,2,73,21326,2,0,1,2,2,2,1,1,2,2,CHOSE_LOW_SAL,2,455,1,0,0,1,1,0,56,160,160,56,-104,160,1,0,193,16.5,167,16.5,150.5,150.5,NaN,NaN,NaN,1784644963.53349,1576.91779412,1.09127926826477,0.0179917812347412,0.0199522972106934,0.596088886260986,0.609681367874146,0.604295253753662,0.610556602478027,0.610556602478027,-1,-1,0.628636121749878,1.96051597595215,NaN,6.26134872436523,0.875234603881836,Conflict,Right,Left,Left,Left,Right,0,1,0,1,1,0,0,1,0,1,1,0,1,1,0,1,0,1,1,172,132,20260721_t1029_srsSmooth_training_B002,68,48,7.82179976701736,1.59614276885986,2,1,184,1,0,1,1,0,0
20260721_t1029_srsSmooth_training,srs_smooth_training,trial0173.mat,173,173,172,2,69,68,100,80,20,8,2,2,8,2,82,17962,2,0,2,1,2,1,1,2,2,1,CHOSE_LOW_SAL,2,455,1,0,1,1,1,0,25,144,144,25,-119,144,1,0,195,19,165,19,146,146,NaN,NaN,NaN,1784644966.18616,1579.5704092,1.20996713638306,0.015432596206665,0.0172841548919678,0.73499608039856,0.7487952709198,0.744044065475464,0.750735282897949,0.750735282897949,-1,-1,0.768137693405151,1.85155868530273,NaN,6.69121742248535,1.94001197814941,Conflict,Left,Right,Right,Right,Left,0,1,0,1,1,1,0,1,0,0,1,0,1,0,1,0,0,1,1,173,133,20260721_t1029_srsSmooth_training_B002,69,49,7.86601085265478,1.56138586997986,2,2,160,1,0,1,1,0,0
20260721_t1029_srsSmooth_training,srs_smooth_training,trial0174.mat,174,174,173,2,70,69,100,80,20,8,2,2,8,2,89,6681,2,0,2,1,2,1,1,2,2,1,CHOSE_LOW_SAL,2,455,1,0,4,1,1,0,36,167,167,36,-131,167,1,0,197,17.5,163,17.5,145.5,145.5,NaN,NaN,NaN,1784644968.93905,1582.323322,1.19098043441772,0.0126533508300781,0.0139923095703125,0.65636134147644,0.671042680740356,0.664565563201904,0.67347526550293,0.67347526550293,-1,-1,0.69235897064209,1.33895874023438,NaN,8.90970230102539,2.43258476257324,Conflict,Left,Right,Right,Right,Left,0,1,0,1,1,1,0,1,0,0,1,0,1,0,1,0,0,1,1,174,134,20260721_t1029_srsSmooth_training_B002,70,50,7.91189233462016,1.54292178153992,2,1,144,1,0,0,1,1,0
20260721_t1029_srsSmooth_training,srs_smooth_training,trial0175.mat,175,175,174,2,71,70,100,80,20,8,2,1,5,2,22,28441,2,0,1,2,2,2,2,2,2,2,CHOSE_HIGH_SAL,1,455,1,0,1,1,1,0,60,158,158,60,-98,158,1,180,196,15,16,165,-149,149,NaN,NaN,NaN,1784644971.67139,1585.05560132,1.19899749755859,0.0137512683868408,0.0153594017028809,0.700243473052979,0.713779211044312,0.708570718765259,0.714557647705078,0.714557647705078,-1,-1,0.732604265213013,1.60813331604004,NaN,5.98692893981934,0.778436660766602,Congruent,Right,Left,Left,Left,Left,0,1,1,0,1,0,0,1,1,1,1,0,0,1,0,0,0,0,1,175,135,20260721_t1029_srsSmooth_training_B002,71,51,7.95743140379588,1.54136371612549,2,1,167,1,0,1,1,0,0
20260721_t1029_srsSmooth_training,srs_smooth_training,trial0176.mat,176,176,175,2,72,71,100,80,20,8,2,1,5,2,23,11887,2,0,1,2,2,2,2,2,2,2,CHOSE_HIGH_SAL,1,455,1,0,1,1,1,0,26,153,153,26,-127,153,1,180,195,12,15,168,-153,153,NaN,NaN,NaN,1784644974.41622,1587.80025404,1.06373381614685,0.0190367698669434,0.0215718746185303,0.578432559967041,0.594059944152832,0.588676691055298,0.595009803771973,0.595009803771973,-1,-1,0.613247871398926,2.53510475158691,NaN,6.3331127166748,0.949859619140625,Congruent,Right,Left,Left,Left,Left,0,1,1,0,1,0,0,1,1,1,1,0,0,1,0,0,0,0,1,176,136,20260721_t1029_srsSmooth_training_B002,72,52,8.00317848126094,1.54582715034485,2,2,158,1,0,0,1,1,0
20260721_t1029_srsSmooth_training,srs_smooth_training,trial0177.mat,177,177,176,2,73,72,100,80,20,8,2,2,7,2,61,5317,2,0,1,2,2,2,1,1,2,2,CHOSE_LOW_SAL,2,455,1,0,6,1,1,0,48,175,175,48,-127,175,1,0,190.5,18.5,169.5,18.5,151,151,NaN,NaN,NaN,1784644977.0237,1590.4078916,1.35765361785889,0.0199861526489258,0.0261149406433105,0.797696828842163,0.82001805305481,0.80629825592041,0.825661182403564,0.825661182403564,-1,-1,0.854721546173096,6.12878799438477,NaN,19.3629264831543,5.64312934875488,Conflict,Right,Left,Left,Left,Right,0,1,0,1,1,0,0,1,0,1,1,0,1,1,0,1,0,1,1,177,137,20260721_t1029_srsSmooth_training_B002,73,53,8.04663662513097,1.5437548160553,2,2,153,1,0,0,1,1,0
20260721_t1029_srsSmooth_training,srs_smooth_training,trial0178.mat,178,178,177,2,74,73,100,80,20,8,2,1,5,2,30,9687,2,0,1,2,2,2,2,2,2,2,CHOSE_HIGH_SAL,1,455,1,0,4,1,1,0,34,169,169,34,-135,169,1,0,13.5,197,13.5,163,-149.5,149.5,NaN,NaN,NaN,1784644979.92953,1593.31362796,1.10112547874451,0.0142757892608643,0.0157256126403809,0.550596237182617,0.572631597518921,0.559164047241211,0.578764200210571,0.578764200210571,-1,-1,0.599898099899292,1.4498233795166,NaN,19.6001529693604,6.13260269165039,Congruent,Right,Left,Left,Left,Left,0,1,1,0,1,0,0,1,1,1,1,0,0,1,0,0,0,0,1,178,138,20260721_t1029_srsSmooth_training_B002,74,54,8.09506704807282,1.54817175865173,2,2,175,1,0,0,1,1,0
20260721_t1029_srsSmooth_training,srs_smooth_training,trial0179.mat,179,179,178,2,75,74,100,80,20,8,2,1,5,2,37,20563,2,0,1,2,2,2,2,2,2,2,CHOSE_HIGH_SAL,1,455,1,0,0,1,1,0,52,166,166,52,-114,166,1,0,12.5,192.5,12.5,167.5,-155,155,NaN,NaN,NaN,1784644982.57602,1595.9600068,1.32068014144897,0.0178899765014648,0.0193588733673096,0.821099996566772,0.834590196609497,0.827530145645142,0.835538387298584,0.835538387298584,-1,-1,0.854127883911133,1.46889686584473,NaN,8.00824165344238,0.948190689086914,Congruent,Right,Left,Left,Left,Left,0,1,1,0,1,0,0,1,1,1,1,0,0,1,0,0,0,0,1,179,139,20260721_t1029_srsSmooth_training_B002,75,55,8.13917524417241,1.54536628723145,2,2,169,1,0,0,1,1,0
20260721_t1029_srsSmooth_training,srs_smooth_training,trial0180.mat,180,180,179,2,76,75,100,80,20,8,2,2,7,2,72,1247,2,0,1,2,2,2,1,1,2,2,CHOSE_LOW_SAL,2,455,1,0,2,1,1,0,56,178,178,56,-122,178,1,0,193,18,167,18,149,149,NaN,NaN,NaN,1784644985.43359,1598.8176768,1.10651922225952,0.0187656879425049,0.0203545093536377,0.561180114746094,0.577121734619141,0.569477081298828,0.57936692237854,0.57936692237854,-1,-1,0.595982789993286,1.58882141113281,NaN,9.88984107971191,2.24518775939941,Conflict,Right,Left,Left,Left,Right,0,1,0,1,1,0,0,1,0,1,1,0,1,1,0,1,0,1,1,180,140,20260721_t1029_srsSmooth_training_B002,76,56,8.18680144548416,1.53689193725586,2,2,166,1,0,0,1,1,0
20260721_t1029_srsSmooth_training,srs_smooth_training,trial0181.mat,181,181,180,2,77,76,100,80,20,8,2,1,6,2,48,23738,2,0,2,1,2,1,2,1,2,1,CHOSE_HIGH_SAL,1,455,1,0,3,1,1,0,30,151,151,30,-121,151,1,0,17.5,190.5,17.5,169.5,-152,152,NaN,NaN,NaN,1784644988.07299,1601.456805,1.0912401676178,0.0128104686737061,0.0145699977874756,0.590894460678101,0.612834453582764,0.599277496337891,0.618303298950195,0.618303298950195,-1,-1,0.640719413757324,1.75952911376953,NaN,19.0258026123047,5.46884536743164,Congruent,Left,Right,Right,Right,Right,0,1,1,0,1,1,0,1,1,0,1,0,0,0,1,1,0,0,1,181,141,20260721_t1029_srsSmooth_training_B002,77,57,8.23079135417938,1.53287529945374,2,2,178,1,0,1,1,0,0
20260721_t1029_srsSmooth_training,srs_smooth_training,trial0182.mat,182,182,181,2,78,77,100,80,20,8,2,2,8,2,84,16636,2,0,2,1,2,1,1,2,2,1,CHOSE_LOW_SAL,2,455,1,0,5,1,1,0,55,158,158,55,-103,158,1,0,198,17,162,17,145,145,NaN,NaN,NaN,1784644990.69962,1604.0835228,1.20682001113892,0.0112876892089844,0.0172467231750488,0.664273977279663,0.686314582824707,0.673257350921631,0.692835330963135,0.692835330963135,-1,-1,0.715115547180176,5.95903396606445,NaN,19.5779800415039,6.52074813842773,Conflict,Left,Right,Right,Right,Left,0,1,0,1,1,1,0,1,0,0,1,0,1,0,1,0,0,1,1,182,142,20260721_t1029_srsSmooth_training_B002,78,58,8.27456848224004,1.53538751602173,2,1,151,1,0,0,1,1,0
20260721_t1029_srsSmooth_training,srs_smooth_training,trial0183.mat,183,183,182,2,79,78,100,80,20,8,2,1,6,2,58,32376,2,0,2,1,2,1,2,1,2,1,CHOSE_HIGH_SAL,1,455,1,0,4,1,1,0,52,162,162,52,-110,162,1,0,12,196,12,164,-152,152,NaN,NaN,NaN,1784644993.44302,1606.8267996,1.2546272277832,0.0179927349090576,0.0240988731384277,0.74643349647522,0.768023014068604,0.754442930221558,0.774373054504395,0.774373054504395,-1,-1,0.795844078063965,6.10613822937012,NaN,19.9301242828369,6.35004043579102,Congruent,Left,Right,Right,Right,Right,0,1,1,0,1,1,0,1,1,0,1,0,0,0,1,1,0,0,1,183,143,20260721_t1029_srsSmooth_training_B002,79,59,8.32029189666112,1.53658485412598,2,1,158,1,0,0,1,1,0
20260721_t1029_srsSmooth_training,srs_smooth_training,trial0184.mat,184,184,183,2,80,79,100,80,20,8,2,2,8,2,85,25595,2,0,2,1,2,1,1,2,2,1,CHOSE_LOW_SAL,2,455,1,0,2,1,1,0,48,172,172,48,-124,172,1,0,193.5,19.5,166.5,19.5,147,147,NaN,NaN,NaN,1784644996.23166,1609.615329,1.34955286979675,0.0127954483032227,0.0143377780914307,0.814139842987061,0.829495429992676,0.822279930114746,0.830410242080688,0.830410242080688,-1,-1,0.849465608596802,1.54232978820801,NaN,8.13031196594238,0.914812088012695,Conflict,Left,Right,Right,Right,Left,0,1,0,1,1,1,0,1,0,0,1,0,1,0,1,0,0,1,1,184,144,20260721_t1029_srsSmooth_training_B002,80,60,8.36676925420761,1.5340142250061,2,1,162,1,0,0,1,1,0
20260721_t1029_srsSmooth_training,srs_smooth_training,trial0185.mat,185,185,184,2,81,80,100,80,20,8,2,2,7,2,70,29890,2,0,1,2,2,2,1,1,2,2,CHOSE_LOW_SAL,2,455,1,0,1,1,1,0,45,161,161,45,-116,161,1,180,12,191,168,11,157,157,NaN,NaN,NaN,1784644999.13441,1612.51811772,1.18871378898621,0.018496036529541,0.0200490951538086,0.69674015045166,0.710190296173096,0.703121423721313,0.711414098739624,0.711414098739624,-1,-1,0.729494333267212,1.55305862426758,NaN,8.29267501831055,1.22380256652832,Conflict,Right,Left,Left,Left,Right,0,1,0,1,1,0,0,1,0,1,1,0,1,1,0,1,0,1,1,185,145,20260721_t1029_srsSmooth_training_B002,81,61,8.41514840920766,1.5531964302063,2,1,172,1,0,1,1,0,0
20260721_t1029_srsSmooth_training,srs_smooth_training,trial0186.mat,186,186,185,2,82,81,100,80,20,8,2,2,8,2,94,28195,2,0,2,1,2,1,1,2,2,1,CHOSE_LOW_SAL,2,455,1,0,3,1,1,0,50,145,145,50,-95,145,1,180,13.5,199,166.5,19,147.5,147.5,NaN,NaN,NaN,1784645001.85921,1615.24289796,1.11380100250244,0.0188050270080566,0.0201671123504639,0.605232238769531,0.627163410186768,0.613433837890625,0.633224010467529,0.633224010467529,-1,-1,0.655436754226685,1.36208534240723,NaN,19.7901725769043,6.06060028076172,Conflict,Left,Right,Right,Right,Left,0,1,0,1,1,1,0,1,0,0,1,0,1,0,1,0,0,1,1,186,146,20260721_t1029_srsSmooth_training_B002,82,62,8.46056174039841,1.5360860824585,2,2,161,1,0,1,1,0,0
20260721_t1029_srsSmooth_training,srs_smooth_training,trial0187.mat,187,187,186,2,83,82,100,80,20,8,2,1,5,2,27,31129,2,0,1,2,2,2,2,2,2,2,CHOSE_HIGH_SAL,1,455,1,0,2,1,1,0,25,166,166,25,-141,166,1,0,10.5,194.5,10.5,165.5,-155,155,NaN,NaN,NaN,1784645004.4479,1617.83160848,1.15044593811035,0.0135505199432373,0.0150177478790283,0.624710559844971,0.638575553894043,0.633260488510132,0.639274835586548,0.639274835586548,-1,-1,0.657194137573242,1.46722793579102,NaN,6.01434707641602,0.699281692504883,Congruent,Right,Left,Left,Left,Left,0,1,1,0,1,0,0,1,1,1,1,0,0,1,0,0,0,0,1,187,147,20260721_t1029_srsSmooth_training_B002,83,63,8.50370658636093,1.47488975524902,2,1,145,1,0,1,1,0,0
20260721_t1029_srsSmooth_training,srs_smooth_training,trial0188.mat,188,188,187,2,84,83,100,80,20,8,2,2,7,2,71,12044,2,0,1,2,2,2,1,1,2,2,CHOSE_LOW_SAL,2,455,1,0,3,1,1,0,34,164,164,34,-130,164,1,180,12,196.5,168,16.5,151.5,151.5,NaN,NaN,NaN,1784645007.1141,1620.49752344,1.35110473632812,0.0141212940216064,0.0158500671386719,0.808917284011841,0.830820322036743,0.817745923995972,0.836721897125244,0.836721897125244,-1,-1,0.859103918075562,1.72877311706543,NaN,18.9759731292725,5.90157508850098,Conflict,Right,Left,Left,Left,Right,0,1,0,1,1,0,0,1,0,1,1,0,1,1,0,1,0,1,1,188,148,20260721_t1029_srsSmooth_training_B002,84,64,8.54814328749975,1.51575613021851,2,2,166,1,0,0,1,1,0
20260721_t1029_srsSmooth_training,srs_smooth_training,trial0189.mat,189,189,188,2,85,84,100,80,20,8,2,1,5,2,32,32391,2,0,1,2,2,2,2,2,2,2,CHOSE_HIGH_SAL,1,455,1,0,1,1,1,0,42,148,148,42,-106,148,1,180,192,10.5,12,169.5,-157.5,157.5,NaN,NaN,NaN,1784645010.00883,1623.3922088,1.01611185073853,0.0195162296295166,0.0256781578063965,0.538845062255859,0.552870035171509,0.547628164291382,0.553693532943726,0.553693532943726,-1,-1,0.571831226348877,6.16192817687988,NaN,6.06536865234375,0.823497772216797,Congruent,Right,Left,Left,Left,Left,0,1,1,0,1,0,0,1,1,1,1,0,0,1,0,0,0,0,1,189,149,20260721_t1029_srsSmooth_training_B002,85,65,8.5963886419932,1.54361653327942,2,2,164,1,0,0,1,1,0
20260721_t1029_srsSmooth_training,srs_smooth_training,trial0190.mat,190,190,189,2,86,85,100,80,20,8,2,1,6,2,43,23461,2,0,2,1,2,1,2,1,2,1,CHOSE_HIGH_SAL,1,455,1,0,1,1,1,0,33,145,145,33,-112,145,1,180,190,12.5,10,167.5,-157.5,157.5,NaN,NaN,NaN,1784645012.5765,1625.95979196,1.07984352111816,0.018613338470459,0.0202856063842773,0.571708917617798,0.585302352905273,0.580205678939819,0.58645224571228,0.58645224571228,-1,-1,0.604958772659302,1.67226791381836,NaN,6.24656677246094,1.14989280700684,Congruent,Left,Right,Right,Right,Right,0,1,1,0,1,1,0,1,1,0,1,0,0,0,1,1,0,0,1,190,150,20260721_t1029_srsSmooth_training_B002,86,66,8.63918315172196,1.55155873298645,2,2,148,1,0,1,1,0,0
20260721_t1029_srsSmooth_training,srs_smooth_training,trial0191.mat,191,191,190,2,87,86,100,80,20,8,2,2,7,2,74,26750,2,0,1,2,2,2,1,1,2,2,CHOSE_LOW_SAL,2,455,1,0,3,1,1,0,39,133,133,39,-94,133,1,0,196,14.5,164,14.5,149.5,149.5,NaN,NaN,NaN,1784645015.2095,1628.59286792,1.05538511276245,0.0190496444702148,0.0238242149353027,0.553493022918701,0.56907057762146,0.561753749847412,0.570176839828491,0.570176839828491,-1,-1,0.587900638580322,4.77457046508789,NaN,8.4230899810791,1.10626220703125,Conflict,Right,Left,Left,Left,Right,0,1,0,1,1,0,0,1,0,1,1,0,1,1,0,1,0,1,1,191,151,20260721_t1029_srsSmooth_training_B002,87,67,8.68306651512782,1.55315828323364,2,1,145,1,0,1,1,0,0
20260721_t1029_srsSmooth_training,srs_smooth_training,trial0192.mat,192,192,191,2,88,87,100,80,20,8,2,2,7,2,64,25889,2,0,1,2,2,2,1,1,2,2,CHOSE_LOW_SAL,2,455,1,0,6,1,1,0,29,165,165,29,-136,165,1,180,17,192,163,12,151,151,NaN,NaN,NaN,1784645017.81429,1631.19744792,1.10929727554321,0.0143642425537109,0.0160088539123535,0.559296607971191,0.581053256988525,0.567592144012451,0.58659815788269,0.58659815788269,-1,-1,0.616046667098999,1.64461135864258,NaN,19.0060138702393,5.54490089416504,Conflict,Right,Left,Left,Left,Right,0,1,0,1,1,0,0,1,0,1,1,0,1,1,0,1,0,1,1,192,152,20260721_t1029_srsSmooth_training_B002,88,68,8.7264796535174,1.54940319061279,2,2,133,1,0,0,1,1,0
20260721_t1029_srsSmooth_training,srs_smooth_training,trial0193.mat,193,193,192,2,89,88,100,80,20,8,2,1,5,2,21,2581,2,0,1,2,2,2,2,2,2,2,CHOSE_HIGH_SAL,1,455,1,0,4,1,1,0,57,164,164,57,-107,164,1,180,195,10,15,170,-155,155,NaN,NaN,NaN,1784645020.47096,1633.85404056,1.32814908027649,0.0161280632019043,0.0218713283538818,0.802278757095337,0.816160440444946,0.808501958847046,0.816855430603027,0.816855430603027,-1,-1,0.834829330444336,5.74326515197754,NaN,8.35347175598145,0.694990158081055,Congruent,Right,Left,Left,Left,Left,0,1,1,0,1,0,0,1,1,1,1,0,0,1,0,0,0,0,1,193,153,20260721_t1029_srsSmooth_training_B002,89,69,8.77075755596161,1.54737687110901,2,2,165,1,0,0,1,1,0
20260721_t1029_srsSmooth_training,srs_smooth_training,trial0194.mat,194,194,193,2,90,89,100,80,20,8,2,2,8,2,90,18194,2,0,2,1,2,1,1,2,2,1,CHOSE_LOW_SAL,2,455,1,0,3,1,1,0,37,141,141,37,-104,141,1,0,197,20,163,20,143,143,NaN,NaN,NaN,1784645023.33717,1636.72032148,1.30047059059143,0.0166983604431152,0.0186805725097656,0.803362607955933,0.825063467025757,0.811683416366577,0.831444025039673,0.831444025039673,-1,-1,0.853418588638306,1.98221206665039,NaN,19.7606086730957,6.38055801391602,Conflict,Left,Right,Right,Right,Left,0,1,0,1,1,1,0,1,0,0,1,0,1,0,1,0,0,1,1,194,154,20260721_t1029_srsSmooth_training_B002,90,70,8.8185277223587,1.53806090354919,2,2,164,1,0,1,1,0,0
20260721_t1029_srsSmooth_training,srs_smooth_training,trial0195.mat,195,195,194,2,91,90,100,80,20,8,2,1,5,2,35,14,2,0,1,2,2,2,2,2,2,2,CHOSE_HIGH_SAL,1,455,1,0,3,1,1,0,55,189,189,55,-134,189,1,0,12.5,198.5,12.5,161.5,-149,149,NaN,NaN,NaN,1784645026.15892,1639.54203208,1.10376477241516,0.0117244720458984,0.0132360458374023,0.548263788223267,0.570080518722534,0.55648946762085,0.5755774974823,0.5755774974823,-1,-1,0.597981214523315,1.51157379150391,NaN,19.0880298614502,5.49697875976562,Congruent,Right,Left,Left,Left,Left,0,1,1,0,1,0,0,1,1,1,1,0,0,1,0,0,0,0,1,195,155,20260721_t1029_srsSmooth_training_B002,91,71,8.86555689970652,1.52128005027771,2,1,141,1,0,1,1,0,0
20260721_t1029_srsSmooth_training,srs_smooth_training,trial0196.mat,196,196,195,2,92,91,100,80,20,8,2,2,8,2,92,17995,2,0,2,1,2,1,1,2,2,1,CHOSE_LOW_SAL,2,455,1,0,3,1,1,0,56,184,184,56,-128,184,1,180,12,196,168,16,152,152,NaN,NaN,NaN,1784645028.79464,1642.17777052,1.07113003730774,0.0177745819091797,0.0191035270690918,0.537537336349487,0.559462547302246,0.546421527862549,0.565793991088867,0.565793991088867,-1,-1,0.588234663009644,1.32894515991211,NaN,19.3724632263184,6.33144378662109,Conflict,Left,Right,Right,Right,Left,0,1,0,1,1,1,0,1,0,0,1,0,1,0,1,0,0,1,1,196,156,20260721_t1029_srsSmooth_training_B002,92,72,8.90948558648427,1.53195643424988,2,2,189,1,0,1,1,0,0
20260721_t1029_srsSmooth_training,srs_smooth_training,trial0197.mat,197,197,196,2,93,92,100,80,20,8,2,1,6,2,57,29258,2,0,2,1,2,1,2,1,2,1,CHOSE_HIGH_SAL,1,455,1,0,5,1,1,0,29,155,155,29,-126,155,1,0,19.5,197,19.5,163,-143.5,143.5,NaN,NaN,NaN,1784645031.42095,1644.80381772,1.15763545036316,0.0165688991546631,0.022925853729248,0.619638681411743,0.641593933105469,0.628335237503052,0.647675037384033,0.647675037384033,-1,-1,0.678135633468628,6.35695457458496,NaN,19.3397998809814,6.08110427856445,Congruent,Left,Right,Right,Right,Right,0,1,1,0,1,1,0,1,1,0,1,0,0,0,1,1,0,0,1,197,157,20260721_t1029_srsSmooth_training_B002,93,73,8.95325739383697,1.55517840385437,2,1,184,1,0,0,1,1,0
20260721_t1029_srsSmooth_training,srs_smooth_training,trial0198.mat,198,198,197,2,94,93,100,80,20,8,2,2,8,2,98,9417,2,0,2,1,2,1,1,2,2,1,CHOSE_LOW_SAL,2,455,1,0,3,1,1,0,31,144,144,31,-113,144,1,180,13,198.5,167,18.5,148.5,148.5,NaN,NaN,NaN,1784645034.16871,1647.55174052,1.2054648399353,0.0189187526702881,0.0240154266357422,0.730286598205566,0.74394679069519,0.738690137863159,0.744843721389771,0.744843721389771,-1,-1,0.762764930725098,5.0966739654541,NaN,6.15358352661133,0.896930694580078,Conflict,Left,Right,Right,Right,Left,0,1,0,1,1,1,0,1,0,0,1,0,1,0,1,0,0,1,1,198,158,20260721_t1029_srsSmooth_training_B002,94,74,8.99905336697896,1.59012293815613,2,1,155,1,0,0,1,1,0
20260721_t1029_srsSmooth_training,srs_smooth_training,trial0199.mat,199,199,198,2,95,94,100,80,20,8,2,2,8,2,81,15270,2,0,2,1,2,1,1,2,2,1,CHOSE_LOW_SAL,2,455,1,0,6,1,1,0,28,134,134,28,-106,134,1,0,194.5,17,165.5,17,148.5,148.5,NaN,NaN,NaN,1784645036.93263,1650.31549596,1.10782551765442,0.0134437084197998,0.0194978713989258,0.591372728347778,0.613467931747437,0.599703311920166,0.618774175643921,0.618774175643921,-1,-1,0.64620041847229,6.05416297912598,NaN,19.0708637237549,5.30624389648438,Conflict,Left,Right,Right,Right,Left,0,1,0,1,1,1,0,1,0,0,1,0,1,0,1,0,0,1,1,199,159,20260721_t1029_srsSmooth_training_B002,95,75,9.0451186299324,1.55845093727112,2,1,144,1,0,0,1,1,0
20260721_t1029_srsSmooth_training,srs_smooth_training,trial0200.mat,200,200,199,2,96,95,100,80,20,8,2,2,8,2,96,7820,2,0,2,1,2,1,1,2,2,1,CHOSE_LOW_SAL,2,455,1,0,2,1,1,0,41,150,150,41,-109,150,1,180,13,199.5,167,19.5,147.5,147.5,NaN,NaN,NaN,1784645039.56976,1652.95258672,1.02135539054871,0.0180745124816895,0.0212066173553467,0.53595757484436,0.551428556442261,0.544269323348999,0.55308198928833,0.55308198928833,-1,-1,0.570191383361816,3.13210487365723,NaN,8.81266593933105,1.65343284606934,Conflict,Left,Right,Right,Right,Left,0,1,0,1,1,1,0,1,0,0,1,0,1,0,1,0,0,1,1,200,160,20260721_t1029_srsSmooth_training_B002,96,76,9.08907095193863,1.52931380271912,2,1,134,1,0,0,1,1,0
20260721_t1029_srsSmooth_training,srs_smooth_training,trial0201.mat,201,201,200,2,97,96,100,80,20,8,2,1,5,2,26,10858,2,0,1,2,2,2,2,2,2,2,CHOSE_HIGH_SAL,1,455,1,0,3,1,1,0,45,167,167,45,-122,167,1,0,10,192,10,168,-158,158,NaN,NaN,NaN,1784645042.08958,1655.47238752,1.19334697723389,0.0150249004364014,0.0163800716400146,0.643179655075073,0.665051221847534,0.651504993438721,0.669641971588135,0.669641971588135,-1,-1,0.692991733551025,1.35517120361328,NaN,18.1369781494141,4.59074974060059,Congruent,Right,Left,Left,Left,Left,0,1,1,0,1,0,0,1,1,1,1,0,0,1,0,0,0,0,1,201,161,20260721_t1029_srsSmooth_training_B002,97,77,9.1310678601265,1.49845910072327,2,1,150,1,0,1,1,0,0
20260721_t1029_srsSmooth_training,srs_smooth_training,trial0202.mat,202,202,201,2,98,97,100,80,20,8,2,2,7,2,65,2370,2,0,1,2,2,2,1,1,2,2,CHOSE_LOW_SAL,2,455,1,0,4,1,1,0,48,157,157,48,-109,157,1,0,193,17.5,167,17.5,149.5,149.5,NaN,NaN,NaN,1784645044.83175,1658.2146212,1.18487167358398,0.0146286487579346,0.0200068950653076,0.651296138763428,0.672987461090088,0.659474849700928,0.681366443634033,0.681366443634033,-1,-1,0.700468063354492,5.37824630737305,NaN,21.8915939331055,8.37898254394531,Conflict,Right,Left,Left,Left,Right,0,1,0,1,1,0,0,1,0,1,1,0,1,1,0,1,0,1,1,202,162,20260721_t1029_srsSmooth_training_B002,98,78,9.17677070299784,1.548823595047,2,2,167,1,0,0,1,1,0
20260721_t1029_srsSmooth_training,srs_smooth_training,trial0203.mat,203,203,202,2,99,98,100,80,20,8,2,2,7,2,76,377,2,0,1,2,2,2,1,1,2,2,CHOSE_LOW_SAL,2,455,1,0,3,1,1,0,34,171,171,34,-137,171,1,0,192,11,168,11,157,157,NaN,NaN,NaN,1784645047.54959,1660.93240208,1.21727252006531,0.0135619640350342,0.0150864124298096,0.675173044204712,0.696922063827515,0.683138370513916,0.698385238647461,0.698385238647461,-1,-1,0.715942859649658,1.52444839477539,NaN,15.2468681335449,1.46317481994629,Conflict,Right,Left,Left,Left,Right,0,1,0,1,1,0,0,1,0,1,1,0,1,1,0,1,0,1,1,203,163,20260721_t1029_srsSmooth_training_B002,99,79,9.22206802765528,1.53296780586243,2,2,157,1,0,0,1,1,0
20260721_t1029_srsSmooth_training,srs_smooth_training,trial0204.mat,204,204,203,2,100,99,100,80,20,8,2,1,6,2,60,28646,2,0,2,1,2,1,2,1,2,1,CHOSE_HIGH_SAL,1,455,1,0,3,1,1,0,23,167,167,23,-144,167,1,180,191.5,15.5,11.5,164.5,-153,153,NaN,NaN,NaN,1784645050.30791,1663.6905096,1.12613868713379,0.0136821269989014,0.0149812698364258,0.575143575668335,0.597037792205811,0.583755254745483,0.602836608886719,0.602836608886719,-1,-1,0.624324798583984,1.29914283752441,NaN,19.0813541412354,5.7988166809082,Congruent,Left,Right,Right,Right,Right,0,1,1,0,1,1,0,1,1,0,1,0,0,0,1,1,0,0,1,204,164,20260721_t1029_srsSmooth_training_B002,100,80,9.26804004510244,1.54104852676392,2,2,171,1,0,1,1,0,0
20260721_t1029_srsSmooth_training,srs_smooth_training,trial0205.mat,205,205,204,3,1,0,92,72,20,8,1,0,2,1,7,10501,1,1,2,1,1,2,1,2,1,2,SINGLE_T1_CORRECT,10,455,1,0,3,1,1,0,163,59,163,59,104,163,1,180,10.5,200,169.5,20,149.5,149.5,NaN,NaN,NaN,1784645052.96736,1666.34980164,1.23328304290771,0.0126700401306152,0.013941764831543,0.691206932067871,0.71269702911377,0.699532270431519,0.719162225723267,0.719162225723267,-1,-1,0.741616249084473,1.27172470092773,NaN,19.629955291748,6.46519660949707,Instruction,Left,Right,Left,Left,Left,1,0,0,0,0,NaN,NaN,NaN,NaN,NaN,NaN,NaN,NaN,0,0,0,1,1,0,205,NaN,20260721_t1029_srsSmooth_training_B003,1,NaN,9.3123641928037,1.53331017494202,NaN,NaN,NaN,0,NaN,NaN,NaN,NaN,0
20260721_t1029_srsSmooth_training,srs_smooth_training,trial0206.mat,206,206,205,3,2,1,92,72,20,8,1,0,1,1,4,15645,1,1,1,2,1,1,1,1,1,1,SINGLE_T1_CORRECT,10,455,1,0,5,1,1,0,164,61,164,61,103,164,1,0,191,18.5,169,18.5,150.5,150.5,NaN,NaN,NaN,1784645055.74206,1669.12453176,1.2243435382843,0.0130784511566162,0.0145056247711182,0.67481541633606,0.696438312530518,0.683014392852783,0.702615261077881,0.702615261077881,-1,-1,0.73159646987915,1.42717361450195,NaN,19.6008682250977,6.17694854736328,Instruction,Right,Left,Right,Right,Right,1,0,0,0,0,NaN,NaN,NaN,NaN,NaN,NaN,NaN,NaN,1,1,1,1,1,0,206,NaN,20260721_t1029_srsSmooth_training_B003,2,NaN,9.358609187603,1.54141664505005,NaN,NaN,NaN,0,NaN,NaN,NaN,NaN,0
20260721_t1029_srsSmooth_training,srs_smooth_training,trial0207.mat,207,207,206,3,3,2,92,72,20,8,1,0,3,1,14,9463,1,2,2,1,1,2,2,1,2,1,SINGLE_T2_CORRECT,11,455,1,0,1,1,1,0,169,41,169,41,128,41,1,180,192.5,13.5,12.5,166.5,-154,154,NaN,NaN,NaN,1784645058.48896,1671.87144044,0.969757318496704,0.0162851810455322,0.017859935760498,0.592075824737549,0.607975482940674,0.600693941116333,0.608839511871338,0.608839511871338,-1,-1,0.627249717712402,1.57475471496582,NaN,8.14557075500488,0.864028930664062,Instruction,Left,Right,Right,Left,Right,1,0,0,0,0,NaN,NaN,NaN,NaN,NaN,NaN,NaN,NaN,0,0,1,1,0,0,207,NaN,20260721_t1029_srsSmooth_training_B003,3,NaN,9.40439085563024,1.52255654335022,NaN,NaN,NaN,0,NaN,NaN,NaN,NaN,0
20260721_t1029_srsSmooth_training,srs_smooth_training,trial0208.mat,208,208,207,3,4,3,92,72,20,8,1,0,2,1,8,12642,1,1,2,1,1,2,1,2,1,2,SINGLE_T1_CORRECT,10,455,1,0,0,1,1,0,174,43,174,43,131,174,1,0,199,17,161,17,144,144,NaN,NaN,NaN,1784645060.97504,1674.35737044,1.04955291748047,0.0136387348175049,0.0150783061981201,0.549939155578613,0.563659906387329,0.557640790939331,0.564852714538574,0.564852714538574,-1,-1,0.582685470581055,1.43957138061523,NaN,7.21192359924316,1.19280815124512,Instruction,Left,Right,Left,Left,Left,1,0,0,0,0,NaN,NaN,NaN,NaN,NaN,NaN,NaN,NaN,0,0,0,1,1,0,208,NaN,20260721_t1029_srsSmooth_training_B003,4,NaN,9.44582547744115,1.51631999015808,NaN,NaN,NaN,0,NaN,NaN,NaN,NaN,0
20260721_t1029_srsSmooth_training,srs_smooth_training,trial0209.mat,209,209,208,3,5,4,92,72,20,8,1,0,1,1,1,14119,1,1,1,2,1,1,1,1,1,1,SINGLE_T1_CORRECT,10,455,1,0,4,1,1,0,170,52,170,52,118,170,1,180,18.5,196,161.5,16,145.5,145.5,NaN,NaN,NaN,1784645063.57068,1676.95304168,1.0794792175293,0.0180976390838623,0.0195622444152832,0.529052495956421,0.551451683044434,0.537989377975464,0.557149410247803,0.557149410247803,-1,-1,0.579258918762207,1.4646053314209,NaN,19.1600322723389,5.69772720336914,Instruction,Right,Left,Right,Right,Right,1,0,0,0,0,NaN,NaN,NaN,NaN,NaN,NaN,NaN,NaN,1,1,1,1,1,0,209,NaN,20260721_t1029_srsSmooth_training_B003,5,NaN,9.48908618291219,1.54608941078186,NaN,NaN,NaN,0,NaN,NaN,NaN,NaN,0
20260721_t1029_srsSmooth_training,srs_smooth_training,trial0210.mat,210,210,209,3,6,5,92,72,20,8,1,0,1,1,3,472,1,1,1,2,1,1,1,1,1,1,SINGLE_T1_CORRECT,10,455,1,0,5,1,1,0,183,65,183,65,118,183,1,180,12.5,196,167.5,16,151.5,151.5,NaN,NaN,NaN,1784645066.18749,1679.56971468,1.37245273590088,0.0180597305297852,0.0235724449157715,0.803927898406982,0.826424598693848,0.812770128250122,0.83082127571106,0.83082127571106,-1,-1,0.854382038116455,5.51271438598633,NaN,18.0511474609375,4.39667701721191,Instruction,Right,Left,Right,Right,Right,1,0,0,0,0,NaN,NaN,NaN,NaN,NaN,NaN,NaN,NaN,1,1,1,1,1,0,210,NaN,20260721_t1029_srsSmooth_training_B003,6,NaN,9.53269963264465,1.53732776641846,NaN,NaN,NaN,0,NaN,NaN,NaN,NaN,0
20260721_t1029_srsSmooth_training,srs_smooth_training,trial0211.mat,211,211,210,3,7,6,92,72,20,8,1,0,2,1,9,23815,1,1,2,1,1,2,1,2,1,2,SINGLE_T1_CORRECT,10,455,1,0,2,1,1,0,144,62,144,62,82,144,1,180,12,190.5,168,10.5,157.5,157.5,NaN,NaN,NaN,1784645069.10259,1682.48487104,1.23179292678833,0.0114014148712158,0.0125904083251953,0.722819089889526,0.736429214477539,0.731026172637939,0.739478826522827,0.739478826522827,-1,-1,0.763237714767456,1.18899345397949,NaN,8.4526538848877,3.04961204528809,Instruction,Left,Right,Left,Left,Left,1,0,0,0,0,NaN,NaN,NaN,NaN,NaN,NaN,NaN,NaN,0,0,0,1,1,0,211,NaN,20260721_t1029_srsSmooth_training_B003,7,NaN,9.5812847216924,1.54265260696411,NaN,NaN,NaN,0,NaN,NaN,NaN,NaN,0
20260721_t1029_srsSmooth_training,srs_smooth_training,trial0212.mat,212,212,211,3,8,7,92,72,20,8,1,0,3,1,12,20529,1,2,2,1,1,2,2,1,2,1,SINGLE_T2_CORRECT,11,455,1,0,3,1,1,0,201,57,201,57,144,57,1,0,11.5,197,11.5,163,-151.5,151.5,NaN,NaN,NaN,1784645071.8615,1685.24361228,1.07324171066284,0.0192654132843018,0.0251197814941406,0.647104024887085,0.669290065765381,0.655751705169678,0.670617580413818,0.670617580413818,-1,-1,0.688658952713013,5.85436820983887,NaN,14.8658752441406,1.3275146484375,Instruction,Left,Right,Right,Left,Right,1,0,0,0,0,NaN,NaN,NaN,NaN,NaN,NaN,NaN,NaN,0,0,1,1,0,0,212,NaN,20260721_t1029_srsSmooth_training_B003,8,NaN,9.62726657390595,1.52711820602417,NaN,NaN,NaN,0,NaN,NaN,NaN,NaN,0
20260721_t1029_srsSmooth_training,srs_smooth_training,trial0213.mat,213,213,212,3,9,8,92,72,20,8,1,0,3,1,11,31792,1,2,2,1,1,2,2,1,2,1,SINGLE_T2_CORRECT,11,455,1,0,6,1,1,0,162,45,162,45,117,45,1,0,18,191.5,18,168.5,-150.5,150.5,NaN,NaN,NaN,1784645074.47126,1687.85330584,1.1772038936615,0.0179414749145508,0.0243144035339355,0.746323347091675,0.76797080039978,0.754639625549316,0.773639917373657,0.773639917373657,-1,-1,0.796102046966553,6.37292861938477,NaN,19.0002918243408,5.66911697387695,Instruction,Left,Right,Right,Left,Right,1,0,0,0,0,NaN,NaN,NaN,NaN,NaN,NaN,NaN,NaN,0,0,1,1,0,0,213,NaN,20260721_t1029_srsSmooth_training_B003,9,NaN,9.67076255083084,1.53651690483093,NaN,NaN,NaN,0,NaN,NaN,NaN,NaN,0
20260721_t1029_srsSmooth_training,srs_smooth_training,trial0214.mat,214,214,213,3,10,9,92,72,20,8,1,0,3,1,13,27905,1,2,2,1,1,2,2,1,2,1,SINGLE_T2_CORRECT,11,455,1,0,6,1,1,0,180,74,180,74,106,74,1,180,194,12.5,14,167.5,-153.5,153.5,NaN,NaN,NaN,1784645077.24238,1690.62441116,1.24205160140991,0.0135998725891113,0.0192515850067139,0.783616542816162,0.805297136306763,0.791647672653198,0.81117582321167,0.81117582321167,-1,-1,0.8382248878479,5.65171241760254,NaN,19.5281505584717,5.87868690490723,Instruction,Left,Right,Right,Left,Right,1,0,0,0,0,NaN,NaN,NaN,NaN,NaN,NaN,NaN,NaN,0,0,1,1,0,0,214,NaN,20260721_t1029_srsSmooth_training_B003,10,NaN,9.71694782574972,1.59391260147095,NaN,NaN,NaN,0,NaN,NaN,NaN,NaN,0
20260721_t1029_srsSmooth_training,srs_smooth_training,trial0215.mat,215,215,214,3,11,10,92,72,20,8,1,0,2,1,6,1896,1,1,2,1,1,2,1,2,1,2,SINGLE_T1_CORRECT,10,455,1,0,1,1,1,0,180,62,180,62,118,180,1,0,198.5,13.5,161.5,13.5,148,148,NaN,NaN,NaN,1784645079.9778,1693.3598698,1.10208511352539,0.0116164684295654,0.0128157138824463,0.589165687561035,0.603306531906128,0.595770835876465,0.604111433029175,0.604111433029175,-1,-1,0.622432231903076,1.19924545288086,NaN,8.34059715270996,0.804901123046875,Instruction,Left,Right,Left,Left,Left,1,0,0,0,0,NaN,NaN,NaN,NaN,NaN,NaN,NaN,NaN,0,0,0,1,1,0,215,NaN,20260721_t1029_srsSmooth_training_B003,11,NaN,9.76253819863001,1.49337077140808,NaN,NaN,NaN,0,NaN,NaN,NaN,NaN,0
20260721_t1029_srsSmooth_training,srs_smooth_training,trial0216.mat,216,216,215,3,12,11,92,72,20,8,1,0,4,1,16,7548,1,2,1,2,1,1,2,2,2,2,SINGLE_T2_CORRECT,11,455,1,0,4,1,1,0,167,83,167,83,84,83,1,180,192.5,11,12.5,169,-156.5,156.5,NaN,NaN,NaN,1784645082.60817,1695.98998872,1.03513050079346,0.0146868228912354,0.0170857906341553,0.567836761474609,0.589709997177124,0.575900793075562,0.594914436340332,0.594914436340332,-1,-1,0.617507696151733,2.39896774291992,NaN,19.0136432647705,5.20443916320801,Instruction,Right,Left,Left,Right,Left,1,0,0,0,0,NaN,NaN,NaN,NaN,NaN,NaN,NaN,NaN,1,1,0,1,0,0,216,NaN,20260721_t1029_srsSmooth_training_B003,12,NaN,9.80637764533361,1.52828168869019,NaN,NaN,NaN,0,NaN,NaN,NaN,NaN,0
20260721_t1029_srsSmooth_training,srs_smooth_training,trial0217.mat,217,217,216,3,13,12,92,72,20,8,1,0,3,1,15,12367,1,2,2,1,1,2,2,1,2,1,SINGLE_T2_CORRECT,11,455,1,0,5,1,1,0,155,42,155,42,113,42,1,180,198,20,18,160,-142,142,NaN,NaN,NaN,1784645085.20461,1698.58662752,0.955024480819702,0.0183463096618652,0.0239627361297607,0.563009738922119,0.585035562515259,0.571477890014648,0.590364694595337,0.590364694595337,-1,-1,0.612923860549927,5.61642646789551,NaN,18.8868045806885,5.32913208007812,Instruction,Left,Right,Right,Left,Right,1,0,0,0,0,NaN,NaN,NaN,NaN,NaN,NaN,NaN,NaN,0,0,1,1,0,0,217,NaN,20260721_t1029_srsSmooth_training_B003,13,NaN,9.84965168635051,1.56131196022034,NaN,NaN,NaN,0,NaN,NaN,NaN,NaN,0
20260721_t1029_srsSmooth_training,srs_smooth_training,trial0218.mat,218,218,217,3,14,13,92,72,20,8,1,0,4,1,19,22723,1,2,1,2,1,1,2,2,2,2,SINGLE_T2_CORRECT,11,455,1,0,2,1,1,0,186,56,186,56,130,56,1,0,17.5,193,17.5,167,-149.5,149.5,NaN,NaN,NaN,1784645087.68705,1701.06885948,1.17329907417297,0.0193395614624023,0.0218298435211182,0.772746801376343,0.794370651245117,0.781003952026367,0.800265789031982,0.800265789031982,-1,-1,0.823144674301147,2.49028205871582,NaN,19.2618370056152,5.89513778686523,Instruction,Right,Left,Left,Right,Left,1,0,0,0,0,NaN,NaN,NaN,NaN,NaN,NaN,NaN,NaN,1,1,0,1,0,0,218,NaN,20260721_t1029_srsSmooth_training_B003,14,NaN,9.89102563460668,1.52741241455078,NaN,NaN,NaN,0,NaN,NaN,NaN,NaN,0
20260721_t1029_srsSmooth_training,srs_smooth_training,trial0219.mat,219,219,218,3,15,14,92,72,20,8,1,0,2,1,10,31695,1,1,2,1,1,2,1,2,1,2,SINGLE_T1_CORRECT,10,455,1,0,3,1,1,0,185,31,185,31,154,185,1,0,193,15,167,15,152,152,NaN,NaN,NaN,1784645090.40703,1703.78877168,1.17807650566101,0.0161247253417969,0.0183541774749756,0.610675573348999,0.632815837860107,0.619687795639038,0.638147354125977,0.638147354125977,-1,-1,0.664749383926392,2.22945213317871,NaN,18.4595584869385,5.33151626586914,Instruction,Left,Right,Left,Left,Left,1,0,0,0,0,NaN,NaN,NaN,NaN,NaN,NaN,NaN,NaN,0,0,0,1,1,0,219,NaN,20260721_t1029_srsSmooth_training_B003,15,NaN,9.93635876576106,1.54668879508972,NaN,NaN,NaN,0,NaN,NaN,NaN,NaN,0
20260721_t1029_srsSmooth_training,srs_smooth_training,trial0220.mat,220,220,219,3,16,15,92,72,20,8,1,0,4,1,20,12427,1,2,1,2,1,1,2,2,2,2,SINGLE_T2_CORRECT,11,455,1,0,3,1,1,0,174,80,174,80,94,80,1,0,18,196.5,18,163.5,-145.5,145.5,NaN,NaN,NaN,1784645093.13822,1706.5199308,1.1553840637207,0.0183813571929932,0.0199756622314453,0.738277196884155,0.760077238082886,0.746468067169189,0.761858701705933,0.761858701705933,-1,-1,0.779742240905762,1.59430503845215,NaN,15.3906345367432,1.78146362304688,Instruction,Right,Left,Left,Right,Left,1,0,0,0,0,NaN,NaN,NaN,NaN,NaN,NaN,NaN,NaN,1,1,0,1,0,0,220,NaN,20260721_t1029_srsSmooth_training_B003,16,NaN,9.98187848726908,1.55310678482056,NaN,NaN,NaN,0,NaN,NaN,NaN,NaN,0
20260721_t1029_srsSmooth_training,srs_smooth_training,trial0221.mat,221,221,220,3,17,16,92,72,20,8,1,0,1,1,2,18386,1,1,1,2,1,1,1,1,1,1,SINGLE_T1_CORRECT,10,455,1,0,4,1,1,0,163,66,163,66,97,163,1,0,200,17.5,160,17.5,142.5,142.5,NaN,NaN,NaN,1784645095.80812,1709.18971104,1.32687830924988,0.0152523517608643,0.0170631408691406,0.801899671554565,0.823617219924927,0.809963226318359,0.829296827316284,0.829296827316284,-1,-1,0.859166860580444,1.81078910827637,NaN,19.3336009979248,5.67960739135742,Instruction,Right,Left,Right,Right,Right,1,0,0,0,0,NaN,NaN,NaN,NaN,NaN,NaN,NaN,NaN,1,1,1,1,1,0,221,NaN,20260721_t1029_srsSmooth_training_B003,17,NaN,10.0263768235842,1.5145161151886,NaN,NaN,NaN,0,NaN,NaN,NaN,NaN,0
20260721_t1029_srsSmooth_training,srs_smooth_training,trial0222.mat,222,222,221,3,18,17,92,72,20,8,1,0,4,1,18,239,1,2,1,2,1,1,2,2,2,2,SINGLE_T2_CORRECT,11,455,1,0,2,1,1,0,199,32,199,32,167,32,1,0,15,199,15,161,-146,146,NaN,NaN,NaN,1784645098.61673,1711.99849808,0.909670829772949,0.0150854587554932,0.0201742649078369,0.549495220184326,0.565106630325317,0.557979583740234,0.566164255142212,0.566164255142212,-1,-1,0.583928346633911,5.08880615234375,NaN,8.18467140197754,1.05762481689453,Instruction,Right,Left,Left,Right,Left,1,0,0,0,0,NaN,NaN,NaN,NaN,NaN,NaN,NaN,NaN,1,1,0,1,0,0,222,NaN,20260721_t1029_srsSmooth_training_B003,18,NaN,10.0731870015462,1.48173236846924,NaN,NaN,NaN,0,NaN,NaN,NaN,NaN,0
20260721_t1029_srsSmooth_training,srs_smooth_training,trial0223.mat,223,223,222,3,19,18,92,72,20,8,1,0,4,1,17,32239,1,2,1,2,1,1,2,2,2,2,SINGLE_T2_CORRECT,11,455,1,0,4,1,1,0,192,65,192,65,127,65,1,180,198,13,18,167,-149,149,NaN,NaN,NaN,1784645101.04994,1714.43156532,1.15219831466675,0.0152976512908936,0.0214345455169678,0.708174467086792,0.731992483139038,0.718662023544312,0.738236427307129,0.738236427307129,-1,-1,0.759389877319336,6.13689422607422,NaN,19.5744037628174,6.24394416809082,Instruction,Right,Left,Left,Right,Left,1,0,0,0,0,NaN,NaN,NaN,NaN,NaN,NaN,NaN,NaN,1,1,0,1,0,0,223,NaN,20260721_t1029_srsSmooth_training_B003,19,NaN,10.1137406031291,1.52354526519775,NaN,NaN,NaN,0,NaN,NaN,NaN,NaN,0
20260721_t1029_srsSmooth_training,srs_smooth_training,trial0224.mat,224,224,223,3,20,19,92,72,20,8,1,0,1,1,5,27330,1,1,1,2,1,1,1,1,1,1,SINGLE_T1_CORRECT,10,455,1,0,2,1,1,0,164,86,164,86,78,164,1,0,197.5,20,162.5,20,142.5,142.5,NaN,NaN,NaN,1784645103.7416,1717.12322676,1.07765650749207,0.0154149532318115,0.0168213844299316,0.558301687240601,0.573770761489868,0.566501379013062,0.574918746948242,0.574918746948242,-1,-1,0.584436893463135,1.40643119812012,NaN,8.41736793518066,1.14798545837402,Instruction,Right,Left,Right,Right,Right,1,0,0,0,0,NaN,NaN,NaN,NaN,NaN,NaN,NaN,NaN,1,1,1,1,1,0,224,NaN,20260721_t1029_srsSmooth_training_B003,20,NaN,10.1586015144984,1.53945636749268,NaN,NaN,NaN,0,NaN,NaN,NaN,NaN,0
20260721_t1029_srsSmooth_training,srs_smooth_training,trial0225.mat,225,225,224,3,21,20,92,72,20,8,1,2,7,2,72,14444,2,0,1,2,1,1,2,2,1,1,CHOSE_LOW_SAL,2,455,1,0,4,1,1,0,176,79,176,79,97,176,1,180,194.5,13,14.5,167,-152.5,152.5,NaN,NaN,NaN,1784645106.35752,1719.73899488,1.19460821151733,0.016261100769043,0.0181553363800049,0.627809047698975,0.649619102478027,0.636271476745605,0.65368390083313,0.65368390083313,-1,-1,0.677312850952148,1.89423561096191,NaN,17.4124240875244,4.06479835510254,Conflict,Right,Left,Right,Right,Left,0,1,0,1,1,1,1,1,0,0,0,0,1,1,1,0,1,0,1,225,165,20260721_t1029_srsSmooth_training_B003,21,1,10.2022002458572,1.5382673740387,2,1,167,0,1,0,0,1,0
20260721_t1029_srsSmooth_training,srs_smooth_training,trial0226.mat,226,226,225,3,22,21,92,72,20,8,1,1,6,2,52,1823,2,0,2,1,1,2,1,2,1,2,CHOSE_HIGH_SAL,1,455,1,0,2,1,1,0,167,59,167,59,108,167,1,0,199.5,14.5,160.5,14.5,146,146,NaN,NaN,NaN,1784645109.09748,1722.47874204,1.23064470291138,0.0180730819702148,0.0223915576934814,0.704539775848389,0.718100070953369,0.712748289108276,0.718980312347412,0.718980312347412,-1,-1,0.728618144989014,4.3184757232666,NaN,6.23202323913574,0.880241394042969,Congruent,Left,Right,Left,Left,Left,0,1,1,0,1,0,1,1,1,1,0,0,0,0,0,0,1,1,1,226,166,20260721_t1029_srsSmooth_training_B003,22,2,10.2478662729263,1.54535341262817,1,1,176,1,0,1,1,0,0
20260721_t1029_srsSmooth_training,srs_smooth_training,trial0227.mat,227,227,226,3,23,22,92,72,20,8,1,1,6,2,54,16034,2,0,2,1,1,2,1,2,1,2,CHOSE_HIGH_SAL,1,455,1,0,4,1,1,0,192,73,192,73,119,192,1,180,19,198,161,18,143,143,NaN,NaN,NaN,1784645111.86902,1725.2504098,1.16324806213379,0.0133125782012939,0.0180177688598633,0.591230869293213,0.613336324691772,0.599860191345215,0.618574619293213,0.618574619293213,-1,-1,0.641098976135254,4.70519065856934,NaN,18.714427947998,5.23829460144043,Congruent,Left,Right,Left,Left,Left,0,1,1,0,1,0,1,1,1,1,0,0,0,0,0,0,1,1,1,227,167,20260721_t1029_srsSmooth_training_B003,23,3,10.2940585374832,1.54089117050171,1,2,167,1,0,0,1,1,0
20260721_t1029_srsSmooth_training,srs_smooth_training,trial0228.mat,228,228,227,3,24,23,92,72,20,8,1,2,7,2,66,12216,2,0,1,2,1,1,2,2,1,1,CHOSE_LOW_SAL,2,455,1,0,6,1,1,0,182,63,182,63,119,182,1,180,190.5,17,10.5,163,-152.5,152.5,NaN,NaN,NaN,1784645114.59793,1727.9793566,1.18795561790466,0.0261726379394531,0.0309369564056396,0.629224538803101,0.651196718215942,0.637353658676147,0.65581750869751,0.65581750869751,-1,-1,0.688022136688232,4.76431846618652,NaN,18.4638500213623,4.62079048156738,Conflict,Right,Left,Right,Right,Left,0,1,0,1,1,1,1,1,0,0,0,0,1,1,1,0,1,0,1,228,168,20260721_t1029_srsSmooth_training_B003,24,4,10.3395404497782,1.56566667556763,1,2,192,1,0,1,1,0,0
20260721_t1029_srsSmooth_training,srs_smooth_training,trial0229.mat,229,229,228,3,25,24,92,72,20,8,1,1,6,2,48,12770,2,0,2,1,1,2,1,2,1,2,CHOSE_HIGH_SAL,1,455,1,0,2,1,1,0,195,55,195,55,140,195,1,180,12,194.5,168,14.5,153.5,153.5,NaN,NaN,NaN,1784645117.33948,1730.7208318,1.24613952636719,0.0180630683898926,0.0196387767791748,0.721494674682617,0.734758138656616,0.729392051696777,0.735621452331543,0.735621452331543,-1,-1,0.753931045532227,1.57570838928223,NaN,6.22940063476562,0.863313674926758,Congruent,Left,Right,Left,Left,Left,0,1,1,0,1,0,1,1,1,1,0,0,0,0,0,0,1,1,1,229,169,20260721_t1029_srsSmooth_training_B003,25,5,10.3852329452833,1.55359411239624,1,1,182,1,0,1,1,0,0
20260721_t1029_srsSmooth_training,srs_smooth_training,trial0230.mat,230,230,229,3,26,25,92,72,20,8,1,1,5,2,37,19660,2,0,1,2,1,1,1,1,1,1,CHOSE_HIGH_SAL,1,455,1,0,4,1,1,0,148,63,148,63,85,148,1,0,197,14,163,14,149,149,NaN,NaN,NaN,1784645120.11253,1733.4936742,1.20664978027344,0.0201287269592285,0.0218298435211182,0.681596517562866,0.703489542007446,0.690114498138428,0.713857889175415,0.713857889175415,-1,-1,0.730632066726685,1.70111656188965,NaN,23.7433910369873,10.3683471679688,Congruent,Right,Left,Right,Right,Right,0,1,1,0,1,1,1,1,1,0,0,0,0,1,1,1,1,1,1,230,170,20260721_t1029_srsSmooth_training_B003,26,6,10.4314503351847,1.52690386772156,1,2,195,1,0,1,1,0,0
20260721_t1029_srsSmooth_training,srs_smooth_training,trial0231.mat,231,231,230,3,27,26,92,72,20,8,1,2,7,2,63,13531,2,0,1,2,1,1,2,2,1,1,CHOSE_LOW_SAL,2,455,1,0,1,1,1,0,166,74,166,74,92,166,1,180,193,18.5,13,161.5,-148.5,148.5,NaN,NaN,NaN,1784645122.83049,1736.21168844,1.21362543106079,0.0189409255981445,0.0204451084136963,0.713812589645386,0.727301597595215,0.722001075744629,0.728256940841675,0.728256940841675,-1,-1,0.746379852294922,1.50418281555176,NaN,6.2558650970459,0.955343246459961,Conflict,Right,Left,Right,Right,Left,0,1,0,1,1,1,1,1,0,0,0,0,1,1,1,0,1,0,1,231,171,20260721_t1029_srsSmooth_training_B003,27,7,10.476749698321,1.51131200790405,1,1,148,1,0,0,1,1,0
20260721_t1029_srsSmooth_training,srs_smooth_training,trial0232.mat,232,232,231,3,28,27,92,72,20,8,1,2,8,2,75,31589,2,0,2,1,1,2,2,1,1,2,CHOSE_LOW_SAL,2,455,1,0,2,1,1,0,191,75,191,75,116,191,1,0,19,190.5,19,169.5,-150.5,150.5,NaN,NaN,NaN,1784645125.59442,1738.97551124,1.27535104751587,0.0134501457214355,0.0148277282714844,0.716627359390259,0.73014497756958,0.724793910980225,0.731098175048828,0.731098175048828,-1,-1,0.748992681503296,1.37758255004883,NaN,6.30426406860352,0.953197479248047,Conflict,Left,Right,Left,Left,Right,0,1,0,1,1,0,1,1,0,1,0,0,1,0,0,1,1,0,1,232,172,20260721_t1029_srsSmooth_training_B003,28,8,10.5228152235349,1.55030608177185,1,1,166,1,0,1,1,0,0
20260721_t1029_srsSmooth_training,srs_smooth_training,trial0233.mat,233,233,232,3,29,28,92,72,20,8,1,2,8,2,81,12508,2,0,2,1,1,2,2,1,1,2,CHOSE_LOW_SAL,2,455,1,0,1,1,1,0,179,32,179,32,147,179,1,180,199.5,14.5,19.5,165.5,-146,146,NaN,NaN,NaN,1784645128.36994,1741.75103452,1.22423100471497,0.0130434036254883,0.0140290260314941,0.708033323287964,0.729738235473633,0.716334581375122,0.734493255615234,0.734493255615234,-1,-1,0.748411655426025,0.985622406005859,NaN,18.1586742401123,4.75502014160156,Conflict,Left,Right,Left,Left,Right,0,1,0,1,1,0,1,1,0,1,0,0,1,0,0,1,1,0,1,233,173,20260721_t1029_srsSmooth_training_B003,29,9,10.5690738360087,1.50016570091248,1,2,191,1,0,0,1,1,0
20260721_t1029_srsSmooth_training,srs_smooth_training,trial0234.mat,234,234,233,3,30,29,92,72,20,8,1,1,6,2,42,1316,2,0,2,1,1,2,1,2,1,2,CHOSE_HIGH_SAL,1,455,1,0,2,1,1,0,148,71,148,71,77,148,1,180,20,197,160,17,143,143,NaN,NaN,NaN,1784645131.1178,1744.49878912,1.1185085773468,0.0152862071990967,0.0163769721984863,0.609347581863403,0.623643159866333,0.617587804794312,0.62696385383606,0.62696385383606,-1,-1,0.64317512512207,1.09076499938965,NaN,9.37604904174805,3.32069396972656,Congruent,Left,Right,Left,Left,Left,0,1,1,0,1,0,1,1,1,1,0,0,0,0,0,0,1,1,1,234,174,20260721_t1029_srsSmooth_training_B003,30,10,10.6148715893428,1.52363419532776,1,2,179,1,0,0,1,1,0
20260721_t1029_srsSmooth_training,srs_smooth_training,trial0235.mat,235,235,234,3,31,30,92,72,20,8,1,2,8,2,83,29730,2,0,2,1,1,2,2,1,1,2,CHOSE_LOW_SAL,2,455,1,0,1,1,1,0,179,91,179,91,88,179,1,180,194.5,13.5,14.5,166.5,-152,152,NaN,NaN,NaN,1784645133.73387,1747.11482724,1.13526391983032,0.0159859657287598,0.0216515064239502,0.624961376190186,0.641010046005249,0.63387393951416,0.642023086547852,0.642023086547852,-1,-1,0.661547422409058,5.66554069519043,NaN,8.14914703369141,1.01304054260254,Conflict,Left,Right,Left,Left,Right,0,1,0,1,1,0,1,1,0,1,0,0,1,0,0,1,1,0,1,235,175,20260721_t1029_srsSmooth_training_B003,31,11,10.6584727605184,1.49756169319153,1,2,148,1,0,0,1,1,0
20260721_t1029_srsSmooth_training,srs_smooth_training,trial0236.mat,236,236,235,3,32,31,92,72,20,8,1,1,6,2,51,16366,2,0,2,1,1,2,1,2,1,2,CHOSE_HIGH_SAL,1,455,1,0,3,1,1,0,163,45,163,45,118,163,1,0,194,14.5,166,14.5,151.5,151.5,NaN,NaN,NaN,1784645136.40761,1749.7884496,1.23748779296875,0.0173578262329102,0.0225234031677246,0.712141275405884,0.725718975067139,0.72049617767334,0.726883172988892,0.726883172988892,-1,-1,0.744315385818481,5.16557693481445,NaN,6.38699531555176,1.16419792175293,Congruent,Left,Right,Left,Left,Left,0,1,1,0,1,0,1,1,1,1,0,0,0,0,0,0,1,1,1,236,176,20260721_t1029_srsSmooth_training_B003,32,12,10.7030349810918,1.5384693145752,1,2,179,1,0,0,1,1,0
20260721_t1029_srsSmooth_training,srs_smooth_training,trial0237.mat,237,237,236,3,33,32,92,72,20,8,1,2,8,2,89,14348,2,0,2,1,1,2,2,1,1,2,CHOSE_LOW_SAL,2,455,1,0,3,1,1,0,155,64,155,64,91,155,1,0,11,193.5,11,166.5,-155.5,155.5,NaN,NaN,NaN,1784645139.16121,1752.54204372,1.25107574462891,0.0138568878173828,0.0154764652252197,0.733746290206909,0.755553483963013,0.742240190505981,0.7620849609375,0.7620849609375,-1,-1,0.783621072769165,1.61957740783691,NaN,19.8447704315186,6.5314769744873,Conflict,Left,Right,Left,Left,Right,0,1,0,1,1,0,1,1,0,1,0,0,1,0,0,1,1,0,1,237,177,20260721_t1029_srsSmooth_training_B003,33,13,10.7489284594854,1.51612091064453,1,2,163,1,0,0,1,1,0
20260721_t1029_srsSmooth_training,srs_smooth_training,trial0238.mat,238,238,237,3,34,33,92,72,20,8,1,2,7,2,70,22833,2,0,1,2,1,1,2,2,1,1,CHOSE_LOW_SAL,2,455,1,0,4,1,1,0,162,47,162,47,115,162,1,0,15.5,196,15.5,164,-148.5,148.5,NaN,NaN,NaN,1784645141.92881,1755.30955644,1.10879755020142,0.0130419731140137,0.0143697261810303,0.566674947738647,0.588065147399902,0.574932813644409,0.593961000442505,0.593961000442505,-1,-1,0.617086172103882,1.3277530670166,NaN,19.0281867980957,5.89585304260254,Conflict,Right,Left,Right,Right,Left,0,1,0,1,1,1,1,1,0,0,0,0,1,1,1,0,1,0,1,238,178,20260721_t1029_srsSmooth_training_B003,34,14,10.7950549801191,1.51651549339294,1,2,155,1,0,1,1,0,0
20260721_t1029_srsSmooth_training,srs_smooth_training,trial0239.mat,239,239,238,3,35,34,92,72,20,8,1,2,8,2,87,27775,2,0,2,1,1,2,2,1,1,2,CHOSE_LOW_SAL,2,455,1,0,3,1,1,0,183,84,183,84,99,183,1,0,17,200,17,160,-143,143,NaN,NaN,NaN,1784645144.5647,1757.94532216,1.40233540534973,0.0189211368560791,0.0207364559173584,0.82223916053772,0.843953132629395,0.830617666244507,0.849766254425049,0.849766254425049,-1,-1,0.872021436691284,1.8153190612793,NaN,19.148588180542,5.8131217956543,Conflict,Left,Right,Left,Left,Right,0,1,0,1,1,0,1,1,0,1,0,0,1,0,0,1,1,0,1,239,179,20260721_t1029_srsSmooth_training_B003,35,15,10.8389865080516,1.52709412574768,1,1,162,1,0,1,1,0,0
20260721_t1029_srsSmooth_training,srs_smooth_training,trial0240.mat,240,240,239,3,36,35,92,72,20,8,1,1,5,2,28,1115,2,0,1,2,1,1,1,1,1,1,CHOSE_HIGH_SAL,1,455,1,0,5,1,1,0,177,39,177,39,138,177,1,0,193,14.5,167,14.5,152.5,152.5,NaN,NaN,NaN,1784645147.49129,1760.87185564,1.34185194969177,0.0174412727355957,0.0190193653106689,0.803849458694458,0.825807094573975,0.812587738037109,0.831838607788086,0.831838607788086,-1,-1,0.860050916671753,1.57809257507324,NaN,19.2508697509766,6.03151321411133,Congruent,Right,Left,Right,Right,Right,0,1,1,0,1,1,1,1,1,0,0,0,0,1,1,1,1,1,1,240,180,20260721_t1029_srsSmooth_training_B003,36,16,10.8877630909284,1.52425956726074,1,2,183,1,0,1,1,0,0
20260721_t1029_srsSmooth_training,srs_smooth_training,trial0241.mat,241,241,240,3,37,36,92,72,20,8,1,2,8,2,79,23015,2,0,2,1,1,2,2,1,1,2,CHOSE_LOW_SAL,2,455,1,0,0,1,1,0,214,51,214,51,163,214,1,0,20,199.5,20,160.5,-140.5,140.5,NaN,NaN,NaN,1784645150.39497,1763.77557416,1.29266166687012,0.0138809680938721,0.0153663158416748,0.740128993988037,0.755576848983765,0.748530626296997,0.75678563117981,0.75678563117981,-1,-1,0.775395393371582,1.48534774780273,NaN,8.2550048828125,1.20878219604492,Conflict,Left,Right,Left,Left,Right,0,1,0,1,1,0,1,1,0,1,0,0,1,0,0,1,1,0,1,241,181,20260721_t1029_srsSmooth_training_B003,37,17,10.9361576636632,1.56182241439819,1,1,177,1,0,1,1,0,0
20260721_t1029_srsSmooth_training,srs_smooth_training,trial0242.mat,242,242,241,3,38,37,92,72,20,8,1,1,5,2,35,31890,2,0,1,2,1,1,1,1,1,1,CHOSE_HIGH_SAL,1,455,1,0,1,1,1,0,177,68,177,68,109,177,1,180,11,194,169,14,155,155,NaN,NaN,NaN,1784645153.23632,1766.61683276,1.05040383338928,0.0143036842346191,0.019758939743042,0.524245500564575,0.539323329925537,0.532396078109741,0.540790319442749,0.540790319442749,-1,-1,0.558793067932129,5.45525550842285,NaN,8.39424133300781,1.46698951721191,Congruent,Right,Left,Right,Right,Right,0,1,1,0,1,1,1,1,1,0,0,0,0,1,1,1,1,1,1,242,182,20260721_t1029_srsSmooth_training_B003,38,18,10.9835136175156,1.54869556427002,1,2,214,1,0,1,1,0,0
20260721_t1029_srsSmooth_training,srs_smooth_training,trial0243.mat,243,243,242,3,39,38,92,72,20,8,1,2,7,2,71,8797,2,0,1,2,1,1,2,2,1,1,CHOSE_LOW_SAL,2,455,1,0,2,1,1,0,181,47,181,47,134,181,1,180,195.5,18.5,15.5,161.5,-146,146,NaN,NaN,NaN,1784645155.82226,1769.20268532,1.13203096389771,0.0201375484466553,0.0221467018127441,0.565052270889282,0.58682656288147,0.573450565338135,0.588640213012695,0.588640213012695,-1,-1,0.606879949569702,2.00915336608887,NaN,15.1896476745605,1.81365013122559,Conflict,Right,Left,Right,Right,Left,0,1,0,1,1,1,1,1,0,0,0,0,1,1,1,0,1,0,1,243,183,20260721_t1029_srsSmooth_training_B003,39,19,11.0266125162443,1.53553009033203,1,1,177,1,0,0,1,1,0
20260721_t1029_srsSmooth_training,srs_smooth_training,trial0244.mat,244,244,243,3,40,39,92,72,20,8,1,2,8,2,86,12122,2,0,2,1,1,2,2,1,1,2,CHOSE_LOW_SAL,2,455,1,0,2,1,1,0,195,71,195,71,124,195,1,0,11.5,196.5,11.5,163.5,-152,152,NaN,NaN,NaN,1784645158.47836,1771.858709,1.12595820426941,0.014143705368042,0.0163958072662354,0.567626476287842,0.580832481384277,0.575583457946777,0.582090854644775,0.582090854644775,-1,-1,0.600183963775635,2.25210189819336,NaN,6.50739669799805,1.25837326049805,Conflict,Left,Right,Left,Left,Right,0,1,0,1,1,0,1,1,0,1,0,0,1,0,0,1,1,0,1,244,184,20260721_t1029_srsSmooth_training_B003,40,20,11.0708808342616,1.52406811714172,1,1,181,1,0,1,1,0,0
20260721_t1029_srsSmooth_training,srs_smooth_training,trial0245.mat,245,245,244,3,41,40,92,72,20,8,1,2,7,2,68,28850,2,0,1,2,1,1,2,2,1,1,CHOSE_LOW_SAL,2,455,1,0,7,1,1,0,163,57,163,57,106,163,1,180,198.5,13,18.5,167,-148.5,148.5,NaN,NaN,NaN,1784645161.12202,1774.50232416,1.30787420272827,0.0205812454223633,0.0268011093139648,0.757203102111816,0.778944253921509,0.765430450439453,0.784205436706543,0.784205436706543,-1,-1,0.814291000366211,6.21986389160156,NaN,18.7749862670898,5.26118278503418,Conflict,Right,Left,Right,Right,Left,0,1,0,1,1,1,1,1,0,0,0,0,1,1,1,0,1,0,1,245,185,20260721_t1029_srsSmooth_training_B003,41,21,11.1149419585864,1.51770925521851,1,2,195,1,0,1,1,0,0
20260721_t1029_srsSmooth_training,srs_smooth_training,trial0246.mat,246,246,245,3,42,41,92,72,20,8,1,2,7,2,69,7933,2,0,1,2,1,1,2,2,1,1,CHOSE_LOW_SAL,2,455,1,0,7,1,1,0,147,56,147,56,91,147,1,0,19,190.5,19,169.5,-150.5,150.5,NaN,NaN,NaN,1784645163.91085,1777.29120032,1.22773814201355,0.0151968002319336,0.020263671875,0.693337917327881,0.715224981307983,0.701160907745361,0.721158504486084,0.721158504486084,-1,-1,0.750820875167847,5.06687164306641,NaN,19.9975967407227,5.93352317810059,Conflict,Right,Left,Right,Right,Left,0,1,0,1,1,1,1,1,0,0,0,0,1,1,1,0,1,0,1,246,186,20260721_t1029_srsSmooth_training_B003,42,22,11.1614224116007,1.48095297813416,1,1,163,1,0,0,1,1,0
20260721_t1029_srsSmooth_training,srs_smooth_training,trial0247.mat,247,247,246,3,43,42,92,72,20,8,1,2,8,2,77,30218,2,0,2,1,1,2,2,1,1,2,CHOSE_LOW_SAL,2,455,1,0,3,1,1,0,173,55,173,55,118,173,1,180,196,10,16,170,-154,154,NaN,NaN,NaN,1784645166.61601,1779.99623536,1.15082764625549,0.0184783935546875,0.0202298164367676,0.596843004226685,0.618502140045166,0.604979753494263,0.624503374099731,0.624503374099731,-1,-1,0.645804166793823,1.75142288208008,NaN,19.5236206054688,6.00123405456543,Conflict,Left,Right,Left,Left,Right,0,1,0,1,1,0,1,1,0,1,0,0,1,0,0,1,1,0,1,247,187,20260721_t1029_srsSmooth_training_B003,43,23,11.2065084060033,1.4774215221405,1,1,147,1,0,1,1,0,0
20260721_t1029_srsSmooth_training,srs_smooth_training,trial0248.mat,248,248,247,3,44,43,92,72,20,8,1,1,6,2,46,15945,2,0,2,1,1,2,1,2,1,2,CHOSE_HIGH_SAL,1,455,1,0,1,1,1,0,213,65,213,65,148,213,1,0,197.5,13,162.5,13,149.5,149.5,NaN,NaN,NaN,1784645169.30873,1782.68894724,1.1345546245575,0.0175340175628662,0.0196044445037842,0.58711576461792,0.600890159606934,0.595923662185669,0.601739168167114,0.601739168167114,-1,-1,0.61974310874939,2.07042694091797,NaN,5.81550598144531,0.849008560180664,Congruent,Left,Right,Left,Left,Left,0,1,1,0,1,0,1,1,1,1,0,0,0,0,0,0,1,1,1,248,188,20260721_t1029_srsSmooth_training_B003,44,24,11.2513870239258,1.54188942909241,1,2,173,1,0,0,1,1,0
20260721_t1029_srsSmooth_training,srs_smooth_training,trial0249.mat,249,249,248,3,45,44,92,72,20,8,1,2,7,2,58,10342,2,0,1,2,1,1,2,2,1,1,CHOSE_LOW_SAL,2,455,1,0,3,1,1,0,184,72,184,72,112,184,1,0,16,197,16,163,-147,147,NaN,NaN,NaN,1784645171.98602,1785.36609572,1.2110481262207,0.0153498649597168,0.0165472030639648,0.676998615264893,0.698710203170776,0.685328006744385,0.704675912857056,0.704675912857056,-1,-1,0.725975751876831,1.19733810424805,NaN,19.3479061126709,5.9657096862793,Conflict,Right,Left,Right,Right,Left,0,1,0,1,1,1,1,1,0,0,0,0,1,1,1,0,1,0,1,249,189,20260721_t1029_srsSmooth_training_B003,45,25,11.2960085272789,1.54273557662964,1,2,213,1,0,1,1,0,0
20260721_t1029_srsSmooth_training,srs_smooth_training,trial0250.mat,250,250,249,3,46,45,92,72,20,8,1,2,7,2,60,5923,2,0,1,2,1,1,2,2,1,1,CHOSE_LOW_SAL,2,455,1,0,4,1,1,0,169,45,169,45,124,169,1,0,16,198.5,16,161.5,-145.5,145.5,NaN,NaN,NaN,1784645174.76456,1788.14465224,1.22372198104858,0.0119166374206543,0.0170717239379883,0.6730637550354,0.695276498794556,0.681760787963867,0.699948310852051,0.699948310852051,-1,-1,0.722993850708008,5.15508651733398,NaN,18.1875228881836,4.67181205749512,Conflict,Right,Left,Right,Right,Left,0,1,0,1,1,1,1,1,0,0,0,0,1,1,1,0,1,0,1,250,190,20260721_t1029_srsSmooth_training_B003,46,26,11.3423175851504,1.56749534606934,1,1,184,1,0,0,1,1,0
20260721_t1029_srsSmooth_training,srs_smooth_training,trial0251.mat,251,251,250,3,47,46,92,72,20,8,1,1,6,2,39,615,2,0,2,1,1,2,1,2,1,2,CHOSE_HIGH_SAL,1,455,1,0,2,1,1,0,168,45,168,45,123,168,1,0,194.5,12,165.5,12,153.5,153.5,NaN,NaN,NaN,1784645177.66407,1791.0440274,1.2576892375946,0.012526273727417,0.0156035423278809,0.740946769714355,0.762556076049805,0.749430179595947,0.768394470214844,0.768394470214844,-1,-1,0.79305624961853,3.07726860046387,NaN,18.9642906188965,5.83839416503906,Congruent,Left,Right,Left,Left,Left,0,1,1,0,1,0,1,1,1,1,0,0,0,0,0,0,1,1,1,251,191,20260721_t1029_srsSmooth_training_B003,47,27,11.3906426588694,1.6757824420929,1,1,169,1,0,1,1,0,0
20260721_t1029_srsSmooth_training,srs_smooth_training,trial0252.mat,252,252,251,3,48,47,92,72,20,8,1,1,5,2,33,1181,2,0,1,2,1,1,1,1,1,1,CHOSE_HIGH_SAL,1,455,1,0,5,1,1,0,182,52,182,52,130,182,1,180,18.5,195.5,161.5,15.5,146,146,NaN,NaN,NaN,1784645180.48407,1793.86414212,1.3052031993866,0.017632007598877,0.0196011066436768,0.729191064834595,0.750995397567749,0.737555503845215,0.756544828414917,0.756544828414917,-1,-1,0.789707899093628,1.9690990447998,NaN,18.9893245697021,5.54943084716797,Congruent,Right,Left,Right,Right,Right,0,1,1,0,1,1,1,1,1,0,0,0,0,1,1,1,1,1,1,252,192,20260721_t1029_srsSmooth_training_B003,48,28,11.4376427570979,1.56231665611267,1,2,168,1,0,1,1,0,0
20260721_t1029_srsSmooth_training,srs_smooth_training,trial0253.mat,253,253,252,3,49,48,92,72,20,8,1,2,7,2,64,15749,2,0,1,2,1,1,2,2,1,1,CHOSE_LOW_SAL,2,455,1,0,5,1,1,0,184,53,184,53,131,184,1,180,196.5,16.5,16.5,163.5,-147,147,NaN,NaN,NaN,1784645183.33384,1796.71373032,1.31291913986206,0.017977237701416,0.0233712196350098,0.779386758804321,0.801342248916626,0.787657737731934,0.80689811706543,0.80689811706543,-1,-1,0.829206705093384,5.39398193359375,NaN,19.2403793334961,5.55586814880371,Conflict,Right,Left,Right,Right,Left,0,1,0,1,1,1,1,1,0,0,0,0,1,1,1,0,1,0,1,253,193,20260721_t1029_srsSmooth_training_B003,49,29,11.4851388891538,1.54456472396851,1,1,182,1,0,0,1,1,0
20260721_t1029_srsSmooth_training,srs_smooth_training,trial0254.mat,254,254,253,3,50,49,92,72,20,8,1,1,5,2,29,20268,2,0,1,2,1,1,1,1,1,1,CHOSE_HIGH_SAL,1,455,1,0,4,1,1,0,208,41,208,41,167,208,1,0,195,20,165,20,145,145,NaN,NaN,NaN,1784645186.19328,1799.57304552,1.20462369918823,0.0169849395751953,0.0185723304748535,0.612033605575562,0.633675813674927,0.620083570480347,0.639170169830322,0.639170169830322,-1,-1,0.662223100662231,1.5873908996582,NaN,19.0865993499756,5.49435615539551,Congruent,Right,Left,Right,Right,Right,0,1,1,0,1,1,1,1,1,0,0,0,0,1,1,1,1,1,1,254,194,20260721_t1029_srsSmooth_training_B003,50,30,11.5327962120374,1.5465202331543,1,1,184,1,0,0,1,1,0
20260721_t1029_srsSmooth_training,srs_smooth_training,trial0255.mat,255,255,254,3,51,50,92,72,20,8,1,2,7,2,59,25655,2,0,1,2,1,1,2,2,1,1,CHOSE_LOW_SAL,2,455,1,0,6,1,1,0,187,61,187,61,126,187,1,180,199,19.5,19,160.5,-141.5,141.5,NaN,NaN,NaN,1784645188.95254,1802.33221324,1.12853527069092,0.0161635875701904,0.0213589668273926,0.5609130859375,0.582852602005005,0.569488048553467,0.588934898376465,0.588934898376465,-1,-1,0.611192226409912,5.19537925720215,NaN,19.446849822998,6.08229637145996,Conflict,Right,Left,Right,Right,Left,0,1,0,1,1,1,1,1,0,0,0,0,1,1,1,0,1,0,1,255,195,20260721_t1029_srsSmooth_training_B003,51,31,11.5787839531899,1.5546407699585,1,1,208,1,0,0,1,1,0
20260721_t1029_srsSmooth_training,srs_smooth_training,trial0256.mat,256,256,255,3,52,51,92,72,20,8,1,2,8,2,85,3844,2,0,2,1,1,2,2,1,1,2,CHOSE_LOW_SAL,2,455,1,0,5,1,1,0,178,71,178,71,107,178,1,180,200,11.5,20,168.5,-148.5,148.5,NaN,NaN,NaN,1784645191.61772,1804.99738052,1.36353158950806,0.0177626609802246,0.0238063335418701,0.804423093795776,0.826127529144287,0.812715530395508,0.831308841705322,0.831308841705322,-1,-1,0.855012893676758,6.04367256164551,NaN,18.5933113098145,5.18131256103516,Conflict,Left,Right,Left,Left,Right,0,1,0,1,1,0,1,1,0,1,0,0,1,0,0,1,1,0,1,256,196,20260721_t1029_srsSmooth_training_B003,52,32,11.6232035001119,1.53663754463196,1,1,187,1,0,1,1,0,0
20260721_t1029_srsSmooth_training,srs_smooth_training,trial0257.mat,257,257,256,3,53,52,92,72,20,8,1,2,7,2,74,9801,2,0,1,2,1,1,2,2,1,1,CHOSE_LOW_SAL,2,455,1,0,2,1,1,0,171,61,171,61,110,171,1,180,196,10.5,16,169.5,-153.5,153.5,NaN,NaN,NaN,1784645194.48376,1807.86345972,1.33025169372559,0.0185005664825439,0.0201952457427979,0.813648462295532,0.835200548171997,0.822026252746582,0.841068267822266,0.841068267822266,-1,-1,0.862448453903198,1.69467926025391,NaN,19.0420150756836,5.86771965026855,Conflict,Right,Left,Right,Right,Left,0,1,0,1,1,1,1,1,0,0,0,0,1,1,1,0,1,0,1,257,197,20260721_t1029_srsSmooth_training_B003,53,33,11.6709708690643,1.50251054763794,1,2,178,1,0,1,1,0,0
20260721_t1029_srsSmooth_training,srs_smooth_training,trial0258.mat,258,258,257,3,54,53,92,72,20,8,1,2,8,2,76,13654,2,0,2,1,1,2,2,1,1,2,CHOSE_LOW_SAL,2,455,1,0,4,1,1,0,181,55,181,55,126,181,1,180,194.5,12,14.5,168,-153.5,153.5,NaN,NaN,NaN,1784645197.34734,1810.72690692,1.29193210601807,0.0133717060089111,0.0154037475585938,0.733542680740356,0.755067348480225,0.741945505142212,0.761504888534546,0.761504888534546,-1,-1,0.783387184143066,2.03204154968262,NaN,19.559383392334,6.43754005432129,Conflict,Left,Right,Left,Left,Right,0,1,0,1,1,0,1,1,0,1,0,0,1,0,0,1,1,0,1,258,198,20260721_t1029_srsSmooth_training_B003,54,34,11.7186971346537,1.53332424163818,1,1,171,1,0,1,1,0,0
20260721_t1029_srsSmooth_training,srs_smooth_training,trial0259.mat,259,259,258,3,55,54,92,72,20,8,1,2,8,2,80,18171,2,0,2,1,1,2,2,1,1,2,CHOSE_LOW_SAL,2,455,1,0,2,1,1,0,161,48,161,48,113,161,1,0,11.5,194.5,11.5,165.5,-154,154,NaN,NaN,NaN,1784645200.14956,1813.52917288,1.28084850311279,0.0112581253051758,0.0125985145568848,0.764700174331665,0.786288738250732,0.7724289894104,0.795380115509033,0.795380115509033,-1,-1,0.818499088287354,1.34038925170898,NaN,22.9511260986328,9.09137725830078,Conflict,Left,Right,Left,Left,Right,0,1,0,1,1,0,1,1,0,1,0,0,1,0,0,1,1,0,1,259,199,20260721_t1029_srsSmooth_training_B003,55,35,11.7654008785884,1.51029253005981,1,2,181,1,0,0,1,1,0
20260721_t1029_srsSmooth_training,srs_smooth_training,trial0260.mat,260,260,259,3,56,55,92,72,20,8,1,2,8,2,84,22248,2,0,2,1,1,2,2,1,1,2,CHOSE_LOW_SAL,2,455,1,0,1,1,1,0,212,59,212,59,153,212,1,180,191,15,11,165,-154,154,NaN,NaN,NaN,1784645202.96156,1816.34105184,1.22739195823669,0.0160377025604248,0.0176548957824707,0.685654401779175,0.699397802352905,0.694096088409424,0.700288772583008,0.700288772583008,-1,-1,0.718365907669067,1.6171932220459,NaN,6.19268417358398,0.890970230102539,Conflict,Left,Right,Left,Left,Right,0,1,0,1,1,0,1,1,0,1,0,0,1,0,0,1,1,0,1,260,200,20260721_t1029_srsSmooth_training_B003,56,36,11.8122675339381,1.53115081787109,1,2,161,1,0,0,1,1,0
20260721_t1029_srsSmooth_training,srs_smooth_training,trial0261.mat,261,261,260,3,57,56,92,72,20,8,1,1,5,2,21,23393,2,0,1,2,1,1,1,1,1,1,CHOSE_HIGH_SAL,1,455,1,0,0,1,1,0,168,54,168,54,114,168,1,0,193.5,10.5,166.5,10.5,156,156,NaN,NaN,NaN,1784645205.73983,1819.11911344,1.04177236557007,0.0128772258758545,0.0148007869720459,0.538962125778198,0.5545654296875,0.547466993331909,0.555681228637695,0.555681228637695,-1,-1,0.573834419250488,1.92356109619141,NaN,8.21423530578613,1.11579895019531,Congruent,Right,Left,Right,Right,Right,0,1,1,0,1,1,1,1,1,0,0,0,0,1,1,1,1,1,1,261,201,20260721_t1029_srsSmooth_training_B003,57,37,11.8585720380147,1.55087828636169,1,2,212,1,0,1,1,0,0
20260721_t1029_srsSmooth_training,srs_smooth_training,trial0262.mat,262,262,261,3,58,57,92,72,20,8,1,1,6,2,50,7038,2,0,2,1,1,2,1,2,1,2,CHOSE_HIGH_SAL,1,455,1,0,4,1,1,0,186,85,186,85,101,186,1,0,191,11.5,169,11.5,157.5,157.5,NaN,NaN,NaN,1784645208.27959,1821.6590582,1.19354891777039,0.0148799419403076,0.0161442756652832,0.618401765823364,0.639906167984009,0.626570224761963,0.646459341049194,0.646459341049194,-1,-1,0.675317525863647,1.26433372497559,NaN,19.8891162872314,6.55317306518555,Congruent,Left,Right,Left,Left,Left,0,1,1,0,1,0,1,1,1,1,0,0,0,0,0,0,1,1,1,262,202,20260721_t1029_srsSmooth_training_B003,58,38,11.9009014407794,1.49799180030823,1,1,168,1,0,1,1,0,0
20260721_t1029_srsSmooth_training,srs_smooth_training,trial0263.mat,263,263,262,3,59,58,92,72,20,8,1,1,6,2,53,1163,2,0,2,1,1,2,1,2,1,2,CHOSE_HIGH_SAL,1,455,1,0,4,1,1,0,150,39,150,39,111,150,1,0,191,12.5,169,12.5,156.5,156.5,NaN,NaN,NaN,1784645211.03051,1824.40979416,1.33370447158813,0.0140717029571533,0.0156364440917969,0.80046534538269,0.822437524795532,0.80855917930603,0.82863712310791,0.82863712310791,-1,-1,0.850661039352417,1.56474113464355,NaN,20.0779438018799,6.19959831237793,Congruent,Left,Right,Left,Left,Left,0,1,1,0,1,0,1,1,1,1,0,0,0,0,0,0,1,1,1,263,203,20260721_t1029_srsSmooth_training_B003,59,39,11.9467500845591,1.55736970901489,1,2,186,1,0,0,1,1,0
20260721_t1029_srsSmooth_training,srs_smooth_training,trial0264.mat,264,264,263,3,60,59,92,72,20,8,1,1,5,2,32,4207,2,0,1,2,1,1,1,1,1,1,CHOSE_HIGH_SAL,1,455,1,0,3,1,1,0,155,31,155,31,124,155,1,180,18,199.5,162,19.5,142.5,142.5,NaN,NaN,NaN,1784645213.86414,1827.24341424,1.33632159233093,0.0138874053955078,0.0153584480285645,0.817329883575439,0.83892035484314,0.825531244277954,0.844712257385254,0.844712257385254,-1,-1,0.866872549057007,1.47104263305664,NaN,19.1810131072998,5.79190254211426,Congruent,Right,Left,Right,Right,Right,0,1,1,0,1,1,1,1,1,0,0,0,0,1,1,1,1,1,1,264,204,20260721_t1029_srsSmooth_training_B003,60,40,11.9939772526423,1.49992561340332,1,2,150,1,0,1,1,0,0
20260721_t1029_srsSmooth_training,srs_smooth_training,trial0265.mat,265,265,264,3,61,60,92,72,20,8,1,1,5,2,22,4185,2,0,1,2,1,1,1,1,1,1,CHOSE_HIGH_SAL,1,455,1,0,1,1,1,0,189,56,189,56,133,189,1,0,190.5,14,169.5,14,155.5,155.5,NaN,NaN,NaN,1784645216.76294,1830.14197352,1.14374041557312,0.0152015686035156,0.0164165496826172,0.593674659729004,0.606891632080078,0.601920604705811,0.608502626419067,0.608502626419067,-1,-1,0.626906633377075,1.21498107910156,NaN,6.58202171325684,1.61099433898926,Congruent,Right,Left,Right,Right,Right,0,1,1,0,1,1,1,1,1,0,0,0,0,1,1,1,1,1,1,265,205,20260721_t1029_srsSmooth_training_B003,61,41,12.0422906001409,1.56247925758362,1,1,155,1,0,0,1,1,0
20260721_t1029_srsSmooth_training,srs_smooth_training,trial0266.mat,266,266,265,3,62,61,92,72,20,8,1,1,6,2,43,24057,2,0,2,1,1,2,1,2,1,2,CHOSE_HIGH_SAL,1,455,1,0,6,1,1,0,153,60,153,60,93,153,1,180,15,191,165,11,154,154,NaN,NaN,NaN,1784645219.44271,1832.821813,1.07293438911438,0.018876314163208,0.0209109783172607,0.530158996582031,0.552231073379517,0.538957834243774,0.558872938156128,0.558872938156128,-1,-1,0.587730646133423,2.03466415405273,NaN,19.9151039123535,6.64186477661133,Congruent,Left,Right,Left,Left,Left,0,1,1,0,1,0,1,1,1,1,0,0,0,0,0,0,1,1,1,266,206,20260721_t1029_srsSmooth_training_B003,62,42,12.0869533578555,1.53602504730225,1,1,189,1,0,1,1,0,0
20260721_t1029_srsSmooth_training,srs_smooth_training,trial0267.mat,267,267,266,3,63,62,92,72,20,8,1,1,6,2,41,22763,2,0,2,1,1,2,1,2,1,2,CHOSE_HIGH_SAL,1,455,1,0,3,1,1,0,177,67,177,67,110,177,1,0,196,10.5,164,10.5,153.5,153.5,NaN,NaN,NaN,1784645222.02507,1835.40407616,1.16541314125061,0.0116138458251953,0.0132429599761963,0.640230178833008,0.661641120910645,0.648184061050415,0.668366193771362,0.668366193771362,-1,-1,0.689782857894897,1.62911415100098,NaN,20.1821327209473,6.72507286071777,Congruent,Left,Right,Left,Left,Left,0,1,1,0,1,0,1,1,1,1,0,0,0,0,0,0,1,1,1,267,207,20260721_t1029_srsSmooth_training_B003,63,43,12.1299927632014,1.50942993164062,1,2,153,1,0,0,1,1,0
20260721_t1029_srsSmooth_training,srs_smooth_training,trial0268.mat,268,268,267,3,64,63,92,72,20,8,1,2,8,2,82,14869,2,0,2,1,1,2,2,1,1,2,CHOSE_LOW_SAL,2,455,1,0,4,1,1,0,194,39,194,39,155,194,1,180,191.5,20,11.5,160,-148.5,148.5,NaN,NaN,NaN,1784645224.73225,1838.11115896,1.34979295730591,0.0128834247589111,0.0146632194519043,0.766432046890259,0.787914514541626,0.774769067764282,0.794485092163086,0.794485092163086,-1,-1,0.82110333442688,1.77979469299316,NaN,19.7160243988037,6.57057762145996,Conflict,Left,Right,Left,Left,Right,0,1,0,1,1,0,1,1,0,1,0,0,1,0,0,1,1,0,1,268,208,20260721_t1029_srsSmooth_training_B003,64,44,12.1751123070717,1.5417594909668,1,2,177,1,0,0,1,1,0
20260721_t1029_srsSmooth_training,srs_smooth_training,trial0269.mat,269,269,268,3,65,64,92,72,20,8,1,1,5,2,24,18620,2,0,1,2,1,1,1,1,1,1,CHOSE_HIGH_SAL,1,455,1,0,4,1,1,0,176,28,176,28,148,176,1,180,17,190,163,10,153,153,NaN,NaN,NaN,1784645227.62236,1841.00135588,1.25952792167664,0.01454758644104,0.0161292552947998,0.72604775428772,0.747910976409912,0.734295845031738,0.752210140228271,0.752210140228271,-1,-1,0.782763719558716,1.58166885375977,NaN,17.9142951965332,4.29916381835938,Congruent,Right,Left,Right,Right,Right,0,1,1,0,1,1,1,1,1,0,0,0,0,1,1,1,1,1,1,269,209,20260721_t1029_srsSmooth_training_B003,65,45,12.2232809146245,1.54032349586487,1,2,194,1,0,1,1,0,0
20260721_t1029_srsSmooth_training,srs_smooth_training,trial0270.mat,270,270,269,3,66,65,92,72,20,8,1,1,5,2,30,11842,2,0,1,2,1,1,1,1,1,1,CHOSE_HIGH_SAL,1,455,1,0,1,1,1,0,166,60,166,60,106,166,1,0,192,17.5,168,17.5,150.5,150.5,NaN,NaN,NaN,1784645230.41781,1843.79670028,1.05600929260254,0.0192158222198486,0.0207538604736328,0.536698341369629,0.55256986618042,0.544824838638306,0.553443908691406,0.553443908691406,-1,-1,0.571458339691162,1.53803825378418,NaN,8.61907005310059,0.874042510986328,Congruent,Right,Left,Right,Right,Right,0,1,1,0,1,1,1,1,1,0,0,0,0,1,1,1,1,1,1,270,210,20260721_t1029_srsSmooth_training_B003,66,46,12.269871644179,1.53591585159302,1,1,176,1,0,0,1,1,0
20260721_t1029_srsSmooth_training,srs_smooth_training,trial0271.mat,271,271,270,3,67,66,92,72,20,8,1,2,8,2,88,9005,2,0,2,1,1,2,2,1,1,2,CHOSE_LOW_SAL,2,455,1,0,4,1,1,0,173,58,173,58,115,173,1,180,197,18,17,162,-145,145,NaN,NaN,NaN,1784645233.00794,1846.38664716,1.29111814498901,0.0125184059143066,0.0142121315002441,0.740533351898193,0.762548208236694,0.749106645584106,0.768277168273926,0.768277168273926,-1,-1,0.790199041366577,1.6937255859375,NaN,19.1705226898193,5.72896003723145,Conflict,Left,Right,Left,Left,Right,0,1,0,1,1,0,1,1,0,1,0,0,1,0,0,1,1,0,1,271,211,20260721_t1029_srsSmooth_training_B003,67,47,12.3130405386289,1.53412437438965,1,1,166,1,0,1,1,0,0
20260721_t1029_srsSmooth_training,srs_smooth_training,trial0272.mat,272,272,271,3,68,67,92,72,20,8,1,2,7,2,65,8088,2,0,1,2,1,1,2,2,1,1,CHOSE_LOW_SAL,2,455,1,0,1,1,1,0,179,45,179,45,134,179,1,0,16.5,193,16.5,167,-150.5,150.5,NaN,NaN,NaN,1784645235.83471,1849.21353548,1.13094782829285,0.0191941261291504,0.0209298133850098,0.620473861694336,0.635885238647461,0.628679990768433,0.637262344360352,0.637262344360352,-1,-1,0.655504941940308,1.73568725585938,NaN,8.58235359191895,1.37710571289062,Conflict,Right,Left,Right,Right,Left,0,1,0,1,1,1,1,1,0,0,0,0,1,1,1,0,1,0,1,272,212,20260721_t1029_srsSmooth_training_B003,68,48,12.3601533730825,1.53565192222595,1,2,173,1,0,1,1,0,0
20260721_t1029_srsSmooth_training,srs_smooth_training,trial0273.mat,273,273,272,3,69,68,92,72,20,8,1,2,7,2,61,799,2,0,1,2,1,1,2,2,1,1,CHOSE_LOW_SAL,2,455,1,0,7,1,1,0,185,57,185,57,128,185,1,0,11.5,196.5,11.5,163.5,-152,152,NaN,NaN,NaN,1784645238.50258,1851.88139188,1.27160501480103,0.0180988311767578,0.0231842994689941,0.702290058135986,0.726460695266724,0.713343143463135,0.7326340675354,0.7326340675354,-1,-1,0.76130485534668,5.08546829223633,NaN,19.2909240722656,6.17337226867676,Conflict,Right,Left,Right,Right,Left,0,1,0,1,1,1,1,1,0,0,0,0,1,1,1,0,1,0,1,273,213,20260721_t1029_srsSmooth_training_B003,69,49,12.4046178460121,1.53692054748535,1,1,179,1,0,0,1,1,0
20260721_t1029_srsSmooth_training,srs_smooth_training,trial0274.mat,274,274,273,3,70,69,92,72,20,8,1,1,6,2,44,26586,2,0,2,1,1,2,1,2,1,2,CHOSE_HIGH_SAL,1,455,1,0,0,1,1,0,222,51,222,51,171,222,1,180,17,198,163,18,145,145,NaN,NaN,NaN,1784645241.28368,1854.66223284,1.24902176856995,0.0204427242279053,0.0229058265686035,0.696664571762085,0.712137460708618,0.705042839050293,0.713186979293823,0.713186979293823,-1,-1,0.730870008468628,2.46310234069824,NaN,8.14414024353027,1.04951858520508,Congruent,Left,Right,Left,Left,Left,0,1,1,0,1,0,1,1,1,1,0,0,0,0,0,0,1,1,1,274,214,20260721_t1029_srsSmooth_training_B003,70,50,12.450969517231,1.5094952583313,1,1,185,1,0,1,1,0,0
20260721_t1029_srsSmooth_training,srs_smooth_training,trial0275.mat,275,275,274,3,71,70,92,72,20,8,1,1,6,2,45,2123,2,0,2,1,1,2,1,2,1,2,CHOSE_HIGH_SAL,1,455,1,0,4,1,1,0,190,86,190,86,104,190,1,0,199.5,19,160.5,19,141.5,141.5,NaN,NaN,NaN,1784645244.06857,1857.44707628,1.16369605064392,0.0189933776855469,0.0212035179138184,0.622488498687744,0.644018173217773,0.630176544189453,0.649721384048462,0.649721384048462,-1,-1,0.678163051605225,2.21014022827148,NaN,19.5448398590088,5.70321083068848,Congruent,Left,Right,Left,Left,Left,0,1,1,0,1,0,1,1,1,1,0,0,0,0,0,0,1,1,1,275,215,20260721_t1029_srsSmooth_training_B003,71,51,12.4973844210307,1.53587245941162,1,2,222,1,0,0,1,1,0
20260721_t1029_srsSmooth_training,srs_smooth_training,trial0276.mat,276,276,275,3,72,71,92,72,20,8,1,1,5,2,34,13168,2,0,1,2,1,1,1,1,1,1,CHOSE_HIGH_SAL,1,455,1,0,1,1,1,0,179,39,179,39,140,179,1,180,18.5,198.5,161.5,18.5,143,143,NaN,NaN,NaN,1784645246.78798,1860.16642372,1.24436807632446,0.0163583755493164,0.0178160667419434,0.734185934066772,0.749720335006714,0.742547750473022,0.751430749893188,0.751430749893188,-1,-1,0.768820524215698,1.45769119262695,NaN,8.88299942016602,1.71041488647461,Congruent,Right,Left,Right,Right,Right,0,1,1,0,1,1,1,1,1,0,0,0,0,1,1,1,1,1,1,276,216,20260721_t1029_srsSmooth_training_B003,72,52,12.5427079240481,1.55571413040161,1,2,190,1,0,1,1,0,0
20260721_t1029_srsSmooth_training,srs_smooth_training,trial0277.mat,277,277,276,3,73,72,92,72,20,8,1,1,6,2,55,9662,2,0,2,1,1,2,1,2,1,2,CHOSE_HIGH_SAL,1,455,1,0,4,1,1,0,185,69,185,69,116,185,1,180,10,194,170,14,156,156,NaN,NaN,NaN,1784645249.56932,1862.94780968,1.37185788154602,0.0184602737426758,0.0202291011810303,0.788086175918579,0.810158252716064,0.796468257904053,0.813708066940308,0.813708066940308,-1,-1,0.844408988952637,1.76882743835449,NaN,17.2398090362549,3.54981422424316,Congruent,Left,Right,Left,Left,Left,0,1,1,0,1,0,1,1,1,1,0,0,0,0,0,0,1,1,1,277,217,20260721_t1029_srsSmooth_training_B003,73,53,12.589063624541,1.53697395324707,1,1,179,1,0,1,1,0,0
20260721_t1029_srsSmooth_training,srs_smooth_training,trial0278.mat,278,278,277,3,74,73,92,72,20,8,1,1,5,2,38,13017,2,0,1,2,1,1,1,1,1,1,CHOSE_HIGH_SAL,1,455,1,0,2,1,1,0,187,54,187,54,133,187,1,180,12.5,196.5,167.5,16.5,151,151,NaN,NaN,NaN,1784645252.45577,1865.83424628,1.29371666908264,0.0154662132263184,0.0171973705291748,0.776856422424316,0.790497303009033,0.782994985580444,0.79159140586853,0.79159140586853,-1,-1,0.809598445892334,1.73115730285645,NaN,8.59642028808594,1.09410285949707,Congruent,Right,Left,Right,Right,Right,0,1,1,0,1,1,1,1,1,0,0,0,0,1,1,1,1,1,1,278,218,20260721_t1029_srsSmooth_training_B003,74,54,12.6371709903081,1.51458406448364,1,2,185,1,0,1,1,0,0
20260721_t1029_srsSmooth_training,srs_smooth_training,trial0279.mat,279,279,278,3,75,74,92,72,20,8,1,1,5,2,31,4603,2,0,1,2,1,1,1,1,1,1,CHOSE_HIGH_SAL,1,455,1,0,5,1,1,0,172,69,172,69,103,172,1,180,13.5,193.5,166.5,13.5,153,153,NaN,NaN,NaN,1784645255.27156,1868.64996076,1.32828378677368,0.0164487361907959,0.0184338092803955,0.769344091415405,0.791480779647827,0.77789044380188,0.79764461517334,0.79764461517334,-1,-1,0.828741788864136,1.98507308959961,NaN,19.75417137146,6.1638355255127,Congruent,Right,Left,Right,Right,Right,0,1,1,0,1,1,1,1,1,0,0,0,0,1,1,1,1,1,1,279,219,20260721_t1029_srsSmooth_training_B003,75,55,12.684100929896,1.52207970619202,1,1,187,1,0,0,1,1,0
20260721_t1029_srsSmooth_training,srs_smooth_training,trial0280.mat,280,280,279,3,76,75,92,72,20,8,1,1,5,2,36,29167,2,0,1,2,1,1,1,1,1,1,CHOSE_HIGH_SAL,1,455,1,0,5,1,1,0,160,54,160,54,106,160,1,180,18,191,162,11,151,151,NaN,NaN,NaN,1784645258.1553,1871.53375244,1.07821345329285,0.0161640644073486,0.021348237991333,0.527822971343994,0.549518823623657,0.536345481872559,0.555423021316528,0.555423021316528,-1,-1,0.582442045211792,5.18417358398438,NaN,19.0775394439697,5.90419769287109,Congruent,Right,Left,Right,Right,Right,0,1,1,0,1,1,1,1,1,0,0,0,0,1,1,1,1,1,1,280,220,20260721_t1029_srsSmooth_training_B003,76,56,12.7321631630262,1.55545020103455,1,1,172,1,0,0,1,1,0
20260721_t1029_srsSmooth_training,srs_smooth_training,trial0281.mat,281,281,280,3,77,76,92,72,20,8,1,1,5,2,25,29335,2,0,1,2,1,1,1,1,1,1,CHOSE_HIGH_SAL,1,455,1,0,5,1,1,0,174,53,174,53,121,174,1,0,195,11.5,165,11.5,153.5,153.5,NaN,NaN,NaN,1784645260.78044,1874.15883364,1.15003824234009,0.0161266326904297,0.0173971652984619,0.585453748703003,0.607817649841309,0.594162225723267,0.612422704696655,0.612422704696655,-1,-1,0.642309188842773,1.27053260803223,NaN,18.2604789733887,4.60505485534668,Congruent,Right,Left,Right,Right,Right,0,1,1,0,1,1,1,1,1,0,0,0,0,1,1,1,1,1,1,281,221,20260721_t1029_srsSmooth_training_B003,77,57,12.7759155193965,1.54692792892456,1,1,160,1,0,0,1,1,0
20260721_t1029_srsSmooth_training,srs_smooth_training,trial0282.mat,282,282,281,3,78,77,92,72,20,8,1,2,7,2,57,22943,2,0,1,2,1,1,2,2,1,1,CHOSE_LOW_SAL,2,455,1,0,2,1,1,0,168,62,168,62,106,168,1,180,197.5,13,17.5,167,-149.5,149.5,NaN,NaN,NaN,1784645263.43198,1876.81015412,1.28436374664307,0.0146939754486084,0.0159399509429932,0.751446962356567,0.773057699203491,0.759809494018555,0.77939510345459,0.77939510345459,-1,-1,0.801511526107788,1.24597549438477,NaN,19.5856094360352,6.33740425109863,Conflict,Right,Left,Right,Right,Left,0,1,0,1,1,1,1,1,0,0,0,0,1,1,1,0,1,0,1,282,222,20260721_t1029_srsSmooth_training_B003,78,58,12.8201078136762,1.50149941444397,1,1,174,1,0,0,1,1,0
20260721_t1029_srsSmooth_training,srs_smooth_training,trial0283.mat,283,283,282,3,79,78,92,72,20,8,1,1,5,2,23,2542,2,0,1,2,1,1,1,1,1,1,CHOSE_HIGH_SAL,1,455,1,0,2,1,1,0,176,62,176,62,114,176,1,180,20,193.5,160,13.5,146.5,146.5,NaN,NaN,NaN,1784645266.23246,1879.610671,1.25219702720642,0.0143263339996338,0.0156025886535645,0.725576639175415,0.747688055038452,0.734297275543213,0.75337553024292,0.75337553024292,-1,-1,0.775403738021851,1.27625465393066,NaN,19.078254699707,5.68747520446777,Congruent,Right,Left,Right,Right,Right,0,1,1,0,1,1,1,1,1,0,0,0,0,1,1,1,1,1,1,283,223,20260721_t1029_srsSmooth_training_B003,79,59,12.8667824745178,1.51611590385437,1,1,168,1,0,0,1,1,0
20260721_t1029_srsSmooth_training,srs_smooth_training,trial0284.mat,284,284,283,3,80,79,92,72,20,8,1,2,8,2,92,20972,2,0,2,1,1,2,2,1,1,2,CHOSE_LOW_SAL,2,455,1,0,2,1,1,0,161,51,161,51,110,161,1,0,12,190.5,12,169.5,-157.5,157.5,NaN,NaN,NaN,1784645269.00157,1882.37974192,1.32388281822205,0.0119826793670654,0.0135231018066406,0.798644781112671,0.820348739624023,0.806463479995728,0.825793981552124,0.825793981552124,-1,-1,0.847602367401123,1.5404224395752,NaN,19.3305015563965,5.44524192810059,Conflict,Left,Right,Left,Left,Right,0,1,0,1,1,0,1,1,0,1,0,0,1,0,0,1,1,0,1,284,224,20260721_t1029_srsSmooth_training_B003,80,60,12.9129344622294,1.51692223548889,1,1,176,1,0,1,1,0,0
20260721_t1029_srsSmooth_training,srs_smooth_training,trial0285.mat,285,285,284,3,81,80,92,72,20,8,1,2,8,2,91,4115,2,0,2,1,1,2,2,1,1,2,CHOSE_LOW_SAL,2,455,1,0,0,1,1,0,184,70,184,70,114,184,1,180,198.5,13.5,18.5,166.5,-148,148,NaN,NaN,NaN,1784645271.82675,1885.2049798,1.13219785690308,0.0119199752807617,0.0129706859588623,0.615137815475464,0.628611087799072,0.62099289894104,0.629569053649902,0.629569053649902,-1,-1,0.64785099029541,1.05071067810059,NaN,8.5761547088623,0.957965850830078,Conflict,Left,Right,Left,Left,Right,0,1,0,1,1,0,1,1,0,1,0,0,1,0,0,1,1,0,1,285,225,20260721_t1029_srsSmooth_training_B003,81,61,12.9600207090378,1.50129199028015,1,2,161,1,0,0,1,1,0
20260721_t1029_srsSmooth_training,srs_smooth_training,trial0286.mat,286,286,285,3,82,81,92,72,20,8,1,2,7,2,62,25442,2,0,1,2,1,1,2,2,1,1,CHOSE_LOW_SAL,2,455,1,0,4,1,1,0,162,39,162,39,123,162,1,180,191.5,17,11.5,163,-151.5,151.5,NaN,NaN,NaN,1784645274.50061,1887.87866332,1.15747594833374,0.0131683349609375,0.0145041942596436,0.641120910644531,0.663193941116333,0.649577140808105,0.668415784835815,0.668415784835815,-1,-1,0.699264764785767,1.33585929870605,NaN,18.83864402771,5.22184371948242,Conflict,Right,Left,Right,Right,Left,0,1,0,1,1,1,1,1,0,0,0,0,1,1,1,0,1,0,1,286,226,20260721_t1029_srsSmooth_training_B003,82,62,13.0045850078265,1.54166007041931,1,2,184,1,0,1,1,0,0
20260721_t1029_srsSmooth_training,srs_smooth_training,trial0287.mat,287,287,286,3,83,82,92,72,20,8,1,2,7,2,67,27542,2,0,1,2,1,1,2,2,1,1,CHOSE_LOW_SAL,2,455,1,0,4,1,1,0,188,39,188,39,149,188,1,0,16,197.5,16,162.5,-146.5,146.5,NaN,NaN,NaN,1784645277.20546,1890.58339088,1.08607816696167,0.0167591571807861,0.0231711864471436,0.544496536254883,0.566780805587769,0.553596258163452,0.57168436050415,0.57168436050415,-1,-1,0.598475694656372,6.41202926635742,NaN,18.0881023406982,4.90355491638184,Conflict,Right,Left,Right,Right,Left,0,1,0,1,1,1,1,1,0,0,0,0,1,1,1,0,1,0,1,287,227,20260721_t1029_srsSmooth_training_B003,83,63,13.0496658285459,1.54737329483032,1,1,162,1,0,0,1,1,0
20260721_t1029_srsSmooth_training,srs_smooth_training,trial0288.mat,288,288,287,3,84,83,92,72,20,8,1,2,8,2,78,20530,2,0,2,1,1,2,2,1,1,2,CHOSE_LOW_SAL,2,455,1,0,2,1,1,0,184,69,184,69,115,184,1,180,192,19.5,12,160.5,-148.5,148.5,NaN,NaN,NaN,1784645279.83312,1893.21114864,1.06790924072266,0.0141966342926025,0.0155017375946045,0.523784399032593,0.5392165184021,0.532063722610474,0.540564775466919,0.540564775466919,-1,-1,0.5584716796875,1.30510330200195,NaN,8.50105285644531,1.34825706481934,Conflict,Left,Right,Left,Left,Right,0,1,0,1,1,0,1,1,0,1,0,0,1,0,0,1,1,0,1,288,228,20260721_t1029_srsSmooth_training_B003,84,64,13.0934602657954,1.54158806800842,1,1,188,1,0,1,1,0,0
20260721_t1029_srsSmooth_training,srs_smooth_training,trial0289.mat,289,289,288,3,85,84,92,72,20,8,1,1,6,2,56,2124,2,0,2,1,1,2,1,2,1,2,CHOSE_HIGH_SAL,1,455,1,0,1,1,1,0,182,53,182,53,129,182,1,180,17.5,196.5,162.5,16.5,146,146,NaN,NaN,NaN,1784645282.40468,1895.78256872,1.30450510978699,0.0177431106567383,0.0191617012023926,0.762167930603027,0.784440040588379,0.770992279052734,0.785847902297974,0.785847902297974,-1,-1,0.804008722305298,1.4185905456543,NaN,14.8556232452393,1.40786170959473,Congruent,Left,Right,Left,Left,Left,0,1,1,0,1,0,1,1,1,1,0,0,0,0,0,0,1,1,1,289,229,20260721_t1029_srsSmooth_training_B003,85,65,13.1363195061684,1.50364518165588,1,2,184,1,0,0,1,1,0
20260721_t1029_srsSmooth_training,srs_smooth_training,trial0290.mat,290,290,289,3,86,85,92,72,20,8,1,2,7,2,73,3154,2,0,1,2,1,1,2,2,1,1,CHOSE_LOW_SAL,2,455,1,0,5,1,1,0,174,67,174,67,107,174,1,0,11.5,196,11.5,164,-152.5,152.5,NaN,NaN,NaN,1784645285.2425,1898.62037092,1.32573580741882,0.0133676528930664,0.019402027130127,0.766410827636719,0.788397312164307,0.774571418762207,0.794216632843018,0.794216632843018,-1,-1,0.822926044464111,6.03437423706055,NaN,19.6452140808105,5.81932067871094,Conflict,Right,Left,Right,Right,Left,0,1,0,1,1,1,1,1,0,0,0,0,1,1,1,0,1,0,1,290,230,20260721_t1029_srsSmooth_training_B003,86,66,13.1836165189743,1.53331565856934,1,2,182,1,0,1,1,0,0
20260721_t1029_srsSmooth_training,srs_smooth_training,trial0291.mat,291,291,290,3,87,86,92,72,20,8,1,1,5,2,27,26415,2,0,1,2,1,1,1,1,1,1,CHOSE_HIGH_SAL,1,455,1,0,2,1,1,0,157,80,157,80,77,157,1,0,192.5,10.5,167.5,10.5,157,157,NaN,NaN,NaN,1784645288.10756,1901.48515188,1.23486709594727,0.0150861740112305,0.0204098224639893,0.734888315200806,0.756782531738281,0.743453025817871,0.758846282958984,0.758846282958984,-1,-1,0.775667667388916,5.32364845275879,NaN,15.3932571411133,2.06375122070312,Congruent,Right,Left,Right,Right,Right,0,1,1,0,1,1,1,1,1,0,0,0,0,1,1,1,1,1,1,291,231,20260721_t1029_srsSmooth_training_B003,87,67,13.2313675204913,1.53932428359985,1,1,174,1,0,0,1,1,0
20260721_t1029_srsSmooth_training,srs_smooth_training,trial0292.mat,292,292,291,3,88,87,92,72,20,8,1,1,5,2,26,20019,2,0,1,2,1,1,1,1,1,1,CHOSE_HIGH_SAL,1,455,1,0,6,1,1,0,191,65,191,65,126,191,1,0,197,17.5,163,17.5,145.5,145.5,NaN,NaN,NaN,1784645290.90202,1904.27977628,1.3404381275177,0.0123970508575439,0.0170400142669678,0.790356159210205,0.81242823600769,0.798853874206543,0.817052125930786,0.817052125930786,-1,-1,0.84930157661438,4.64296340942383,NaN,18.1982517242432,4.6238899230957,Congruent,Right,Left,Right,Right,Right,0,1,1,0,1,1,1,1,1,0,0,0,0,1,1,1,1,1,1,292,232,20260721_t1029_srsSmooth_training_B003,88,68,13.277941942215,1.55959820747375,1,1,157,1,0,0,1,1,0
20260721_t1029_srsSmooth_training,srs_smooth_training,trial0293.mat,293,293,292,3,89,88,92,72,20,8,1,2,8,2,90,10421,2,0,2,1,1,2,2,1,1,2,CHOSE_LOW_SAL,2,455,1,0,2,1,1,0,158,51,158,51,107,158,1,0,14.5,192,14.5,168,-153.5,153.5,NaN,NaN,NaN,1784645293.7827,1907.16030408,1.1269896030426,0.0151646137237549,0.0179991722106934,0.618072509765625,0.640189647674561,0.62634801864624,0.646411895751953,0.646411895751953,-1,-1,0.672117233276367,2.83455848693848,NaN,20.0638771057129,6.22224807739258,Conflict,Left,Right,Left,Left,Right,0,1,0,1,1,0,1,1,0,1,0,0,1,0,0,1,1,0,1,293,233,20260721_t1029_srsSmooth_training_B003,89,69,13.3259532491366,1.54024028778076,1,1,191,1,0,1,1,0,0
20260721_t1029_srsSmooth_training,srs_smooth_training,trial0294.mat,294,294,293,3,90,89,92,72,20,8,1,1,6,2,49,22994,2,0,2,1,1,2,1,2,1,2,CHOSE_HIGH_SAL,1,455,1,0,0,1,1,0,179,53,179,53,126,179,1,0,198,11.5,162,11.5,150.5,150.5,NaN,NaN,NaN,1784645296.47227,1909.84990952,1.22910332679749,0.0173714160919189,0.0186073780059814,0.720309734344482,0.734065055847168,0.728755950927734,0.734862327575684,0.734862327575684,-1,-1,0.752960205078125,1.2359619140625,NaN,6.10637664794922,0.797271728515625,Congruent,Left,Right,Left,Left,Left,0,1,1,0,1,0,1,1,1,1,0,0,0,0,0,0,1,1,1,294,234,20260721_t1029_srsSmooth_training_B003,90,70,13.3707793394725,1.56257581710815,1,2,158,1,0,0,1,1,0
20260721_t1029_srsSmooth_training,srs_smooth_training,trial0295.mat,295,295,294,3,91,90,92,72,20,8,1,1,6,2,47,32556,2,0,2,1,1,2,1,2,1,2,CHOSE_HIGH_SAL,1,455,1,0,6,1,1,0,172,61,172,61,111,172,1,0,191,18.5,169,18.5,150.5,150.5,NaN,NaN,NaN,1784645299.24682,1912.62426212,1.19653820991516,0.0179257392883301,0.0237271785736084,0.637864351272583,0.65961766242981,0.646313428878784,0.665197372436523,0.665197372436523,-1,-1,0.696183919906616,5.80143928527832,NaN,18.8839435577393,5.57971000671387,Congruent,Left,Right,Left,Left,Left,0,1,1,0,1,0,1,1,1,1,0,0,0,0,0,0,1,1,1,295,235,20260721_t1029_srsSmooth_training_B003,91,71,13.4170218984286,1.54545021057129,1,2,179,1,0,0,1,1,0
20260721_t1029_srsSmooth_training,srs_smooth_training,trial0296.mat,296,296,295,3,92,91,92,72,20,8,1,1,6,2,40,25304,2,0,2,1,1,2,1,2,1,2,CHOSE_HIGH_SAL,1,455,1,0,5,1,1,0,171,56,171,56,115,171,1,0,190.5,14,169.5,14,155.5,155.5,NaN,NaN,NaN,1784645301.97695,1915.35427228,1.21653079986572,0.0129022598266602,0.0147261619567871,0.682765007019043,0.704596042633057,0.69100546836853,0.710330009460449,0.710330009460449,-1,-1,0.750328540802002,1.82390213012695,NaN,19.3245410919189,5.73396682739258,Congruent,Left,Right,Left,Left,Left,0,1,1,0,1,0,1,1,1,1,0,0,0,0,0,0,1,1,1,296,236,20260721_t1029_srsSmooth_training_B003,92,72,13.4625240564346,1.53359127044678,1,2,172,1,0,0,1,1,0
20260721_t1029_srsSmooth_training,srs_smooth_training,trial0297.mat,297,297,296,4,1,0,96,76,20,8,2,0,4,1,19,10137,1,2,1,2,2,2,2,2,2,2,SINGLE_T2_CORRECT,11,455,1,0,4,1,1,0,52,169,169,52,-117,169,1,180,193,15,13,165,-152,152,NaN,NaN,NaN,1784645304.75736,1918.1346436,1.24482488632202,0.0159378051757812,0.0174880027770996,0.694022655487061,0.71596622467041,0.70253586769104,0.722257852554321,0.722257852554321,-1,-1,0.744191884994507,1.55019760131836,NaN,19.7219848632812,6.29162788391113,Instruction,Right,Left,Left,Left,Left,1,0,0,0,0,NaN,NaN,NaN,NaN,NaN,NaN,NaN,NaN,1,0,0,0,0,0,297,NaN,20260721_t1029_srsSmooth_training_B004,1,NaN,13.5088641603788,1.56387543678284,NaN,NaN,NaN,0,NaN,NaN,NaN,NaN,0
20260721_t1029_srsSmooth_training,srs_smooth_training,trial0298.mat,298,298,297,4,2,1,96,76,20,8,2,0,3,1,12,28297,1,2,2,1,2,1,2,1,2,1,SINGLE_T2_CORRECT,11,455,1,0,4,1,1,0,44,160,160,44,-116,160,1,0,12,194,12,166,-154,154,NaN,NaN,NaN,1784645307.54176,1920.91919696,1.24322605133057,0.0149781703948975,0.0166213512420654,0.701574802398682,0.723339319229126,0.709984540939331,0.729323148727417,0.729323148727417,-1,-1,0.751189947128296,1.64318084716797,NaN,19.3386077880859,5.98382949829102,Instruction,Left,Right,Right,Right,Right,1,0,0,0,0,NaN,NaN,NaN,NaN,NaN,NaN,NaN,NaN,0,1,1,0,0,0,298,NaN,20260721_t1029_srsSmooth_training_B004,2,NaN,13.5552708546321,1.53957676887512,NaN,NaN,NaN,0,NaN,NaN,NaN,NaN,0
20260721_t1029_srsSmooth_training,srs_smooth_training,trial0299.mat,299,299,298,4,3,2,96,76,20,8,2,0,3,1,13,16563,1,2,2,1,2,1,2,1,2,1,SINGLE_T2_CORRECT,11,455,1,0,3,1,1,0,49,197,197,49,-148,197,1,180,196,20,16,160,-144,144,NaN,NaN,NaN,1784645310.35166,1923.72889816,1.07168340682983,0.0135154724121094,0.015444278717041,0.525183439254761,0.54686975479126,0.533292770385742,0.552946805953979,0.552946805953979,-1,-1,0.575016736984253,1.92880630493164,NaN,19.6540355682373,6.07705116271973,Instruction,Left,Right,Right,Right,Right,1,0,0,0,0,NaN,NaN,NaN,NaN,NaN,NaN,NaN,NaN,0,1,1,0,0,0,299,NaN,20260721_t1029_srsSmooth_training_B004,3,NaN,13.6021026174227,1.56667971611023,NaN,NaN,NaN,0,NaN,NaN,NaN,NaN,0
20260721_t1029_srsSmooth_training,srs_smooth_training,trial0300.mat,300,300,299,4,4,3,96,76,20,8,2,0,4,1,20,28824,1,2,1,2,2,2,2,2,2,2,SINGLE_T2_CORRECT,11,455,1,0,9,1,1,0,71,165,165,71,-94,165,1,0,17.5,197,17.5,163,-145.5,145.5,NaN,NaN,NaN,1784645312.97621,1926.35351596,1.305330991745,0.0140702724456787,0.0193624496459961,0.742225170135498,0.764100074768066,0.750764131546021,0.770304441452026,0.770304441452026,-1,-1,0.802721738815308,5.29217720031738,NaN,19.5403099060059,6.20436668395996,Instruction,Right,Left,Left,Left,Left,1,0,0,0,0,NaN,NaN,NaN,NaN,NaN,NaN,NaN,NaN,1,0,0,0,0,0,300,NaN,20260721_t1029_srsSmooth_training_B004,4,NaN,13.6458450754484,1.55286407470703,NaN,NaN,NaN,0,NaN,NaN,NaN,NaN,0
20260721_t1029_srsSmooth_training,srs_smooth_training,trial0301.mat,301,301,300,4,5,4,96,76,20,8,2,0,2,1,7,29735,1,1,2,1,2,1,1,2,1,2,SINGLE_T1_CORRECT,10,455,1,0,4,1,1,0,63,185,185,63,-122,63,1,0,198,18,162,18,144,144,NaN,NaN,NaN,1784645315.8372,1929.21433732,1.06428623199463,0.019864559173584,0.0216195583343506,0.622890949249268,0.644889831542969,0.631439208984375,0.649981021881104,0.649981021881104,-1,-1,0.6832115650177,1.7549991607666,NaN,18.5418128967285,5.09119033813477,Instruction,Left,Right,Left,Right,Left,1,0,0,0,0,NaN,NaN,NaN,NaN,NaN,NaN,NaN,NaN,0,1,0,0,1,0,301,NaN,20260721_t1029_srsSmooth_training_B004,5,NaN,13.6935281316439,1.55565237998962,NaN,NaN,NaN,0,NaN,NaN,NaN,NaN,0
20260721_t1029_srsSmooth_training,srs_smooth_training,trial0302.mat,302,302,301,4,6,5,96,76,20,8,2,0,1,1,2,20589,1,1,1,2,2,2,1,1,1,1,SINGLE_T1_CORRECT,10,455,1,0,4,1,1,0,83,189,189,83,-106,83,1,180,18.5,198.5,161.5,18.5,143,143,NaN,NaN,NaN,1784645318.46754,1931.844692,1.15107274055481,0.0146205425262451,0.0164933204650879,0.68447470664978,0.706315279006958,0.692827939987183,0.712154865264893,0.712154865264893,-1,-1,0.734141111373901,1.87277793884277,NaN,19.32692527771,5.83958625793457,Instruction,Right,Left,Right,Left,Right,1,0,0,0,0,NaN,NaN,NaN,NaN,NaN,NaN,NaN,NaN,1,0,1,0,1,0,302,NaN,20260721_t1029_srsSmooth_training_B004,6,NaN,13.7373672525088,1.56606101989746,NaN,NaN,NaN,0,NaN,NaN,NaN,NaN,0
20260721_t1029_srsSmooth_training,srs_smooth_training,trial0303.mat,303,303,302,4,7,6,96,76,20,8,2,0,3,1,15,7760,1,2,2,1,2,1,2,1,2,1,SINGLE_T2_CORRECT,11,455,1,0,1,1,1,0,70,171,171,70,-101,171,1,0,14.5,193,14.5,167,-152.5,152.5,NaN,NaN,NaN,1784645321.16291,1934.53994776,1.14805603027344,0.019352912902832,0.0206019878387451,0.611794233322144,0.627710342407227,0.620588064193726,0.629360675811768,0.629360675811768,-1,-1,0.647602319717407,1.24907493591309,NaN,8.77261161804199,1.65033340454102,Instruction,Left,Right,Right,Right,Right,1,0,0,0,0,NaN,NaN,NaN,NaN,NaN,NaN,NaN,NaN,0,1,1,0,0,0,303,NaN,20260721_t1029_srsSmooth_training_B004,7,NaN,13.7822901248932,1.54429960250854,NaN,NaN,NaN,0,NaN,NaN,NaN,NaN,0
20260721_t1029_srsSmooth_training,srs_smooth_training,trial0304.mat,304,304,303,4,8,7,96,76,20,8,2,0,2,1,6,2887,1,1,2,1,2,1,1,2,1,2,SINGLE_T1_CORRECT,10,455,1,0,1,1,1,0,51,191,191,51,-140,51,1,0,191.5,17,168.5,17,151.5,151.5,NaN,NaN,NaN,1784645323.86106,1937.23802996,1.15495872497559,0.0129766464233398,0.0143303871154785,0.774367570877075,0.788007020950317,0.782951593399048,0.788684129714966,0.788684129714966,-1,-1,0.798829317092896,1.35374069213867,NaN,5.73253631591797,0.677108764648438,Instruction,Left,Right,Left,Right,Left,1,0,0,0,0,NaN,NaN,NaN,NaN,NaN,NaN,NaN,NaN,0,1,0,0,1,0,304,NaN,20260721_t1029_srsSmooth_training_B004,8,NaN,13.8272592465083,1.55009126663208,NaN,NaN,NaN,0,NaN,NaN,NaN,NaN,0
20260721_t1029_srsSmooth_training,srs_smooth_training,trial0305.mat,305,305,304,4,9,8,96,76,20,8,2,0,2,1,8,13060,1,1,2,1,2,1,1,2,1,2,SINGLE_T1_CORRECT,10,455,1,0,1,1,1,0,56,199,199,56,-143,56,1,0,195,15.5,165,15.5,149.5,149.5,NaN,NaN,NaN,1784645326.50996,1939.8869382,1.17546367645264,0.0141851902008057,0.0159955024719238,0.758972406387329,0.772548198699951,0.767309665679932,0.773553371429443,0.773553371429443,-1,-1,0.791627168655396,1.81031227111816,NaN,6.24370574951172,1.00517272949219,Instruction,Left,Right,Left,Right,Left,1,0,0,0,0,NaN,NaN,NaN,NaN,NaN,NaN,NaN,NaN,0,1,0,0,1,0,305,NaN,20260721_t1029_srsSmooth_training_B004,9,NaN,13.8714074889819,1.49393582344055,NaN,NaN,NaN,0,NaN,NaN,NaN,NaN,0
20260721_t1029_srsSmooth_training,srs_smooth_training,trial0306.mat,306,306,305,4,10,9,96,76,20,8,2,0,1,1,3,16195,1,1,1,2,2,2,1,1,1,1,SINGLE_T1_CORRECT,10,455,1,0,4,1,1,0,46,189,189,46,-143,46,1,180,16.5,198,163.5,18,145.5,145.5,NaN,NaN,NaN,1784645329.21219,1942.58906744,0.956228017807007,0.020395040512085,0.0255279541015625,0.557201623916626,0.578749656677246,0.565536975860596,0.584452390670776,0.584452390670776,-1,-1,0.61353611946106,5.13291358947754,NaN,18.9154148101807,5.70273399353027,Instruction,Right,Left,Right,Left,Right,1,0,0,0,0,NaN,NaN,NaN,NaN,NaN,NaN,NaN,NaN,1,0,1,0,1,0,306,NaN,20260721_t1029_srsSmooth_training_B004,10,NaN,13.9164446632067,1.52676677703857,NaN,NaN,NaN,0,NaN,NaN,NaN,NaN,0
20260721_t1029_srsSmooth_training,srs_smooth_training,trial0307.mat,307,307,306,4,11,10,96,76,20,8,2,0,4,1,17,4786,1,2,1,2,2,2,2,2,2,2,SINGLE_T2_CORRECT,11,455,1,0,1,1,1,0,65,155,155,65,-90,155,1,180,198.5,16.5,18.5,163.5,-145,145,NaN,NaN,NaN,1784645331.71699,1945.09385032,1.26912689208984,0.0156872272491455,0.0179216861724854,0.743762969970703,0.75738263130188,0.749994277954102,0.75817346572876,0.75817346572876,-1,-1,0.776191473007202,2.23445892333984,NaN,8.1791877746582,0.790834426879883,Instruction,Right,Left,Left,Left,Left,1,0,0,0,0,NaN,NaN,NaN,NaN,NaN,NaN,NaN,NaN,1,0,0,0,0,0,307,NaN,20260721_t1029_srsSmooth_training_B004,11,NaN,13.9581914027532,1.54857635498047,NaN,NaN,NaN,0,NaN,NaN,NaN,NaN,0
20260721_t1029_srsSmooth_training,srs_smooth_training,trial0308.mat,308,308,307,4,12,11,96,76,20,8,2,0,4,1,16,31801,1,2,1,2,2,2,2,2,2,2,SINGLE_T2_CORRECT,11,455,1,0,3,1,1,0,67,188,188,67,-121,188,1,180,193,11,13,169,-156,156,NaN,NaN,NaN,1784645334.48687,1947.86380208,1.29071187973022,0.012582540512085,0.0141301155090332,0.757208108901978,0.770945310592651,0.765384435653687,0.774613857269287,0.774613857269287,-1,-1,0.802639484405518,1.54757499694824,NaN,9.22942161560059,3.66854667663574,Instruction,Right,Left,Left,Left,Left,1,0,0,0,0,NaN,NaN,NaN,NaN,NaN,NaN,NaN,NaN,1,0,0,0,0,0,308,NaN,20260721_t1029_srsSmooth_training_B004,12,NaN,14.004356054465,1.50075221061707,NaN,NaN,NaN,0,NaN,NaN,NaN,NaN,0
20260721_t1029_srsSmooth_training,srs_smooth_training,trial0309.mat,309,309,308,4,13,12,96,76,20,8,2,0,1,1,5,3396,1,1,1,2,2,2,1,1,1,1,SINGLE_T1_CORRECT,10,455,1,0,4,1,1,0,73,190,190,73,-117,73,1,0,193.5,18,166.5,18,148.5,148.5,NaN,NaN,NaN,1784645337.4592,1950.83588724,1.18558740615845,0.0153722763061523,0.0168964862823486,0.768754720687866,0.790403127670288,0.777242183685303,0.796881675720215,0.796881675720215,-1,-1,0.818063974380493,1.52420997619629,NaN,19.6394920349121,6.47854804992676,Instruction,Right,Left,Right,Left,Right,1,0,0,0,0,NaN,NaN,NaN,NaN,NaN,NaN,NaN,NaN,1,0,1,0,1,0,309,NaN,20260721_t1029_srsSmooth_training_B004,13,NaN,14.0538948257764,1.6816143989563,NaN,NaN,NaN,0,NaN,NaN,NaN,NaN,0
20260721_t1029_srsSmooth_training,srs_smooth_training,trial0310.mat,310,310,309,4,14,13,96,76,20,8,2,0,2,1,10,15299,1,1,2,1,2,1,1,2,1,2,SINGLE_T1_CORRECT,10,455,1,0,4,1,1,0,65,179,179,65,-114,65,1,180,11,191.5,169,11.5,157.5,157.5,NaN,NaN,NaN,1784645340.19455,1953.57133156,1.10074663162231,0.013455867767334,0.0153501033782959,0.68365478515625,0.70514988899231,0.691945552825928,0.711815357208252,0.711815357208252,-1,-1,0.733596324920654,1.89423561096191,NaN,19.8698043823242,6.66546821594238,Instruction,Left,Right,Left,Right,Left,1,0,0,0,0,NaN,NaN,NaN,NaN,NaN,NaN,NaN,NaN,0,1,0,0,1,0,310,NaN,20260721_t1029_srsSmooth_training_B004,14,NaN,14.0994840979576,1.54976892471313,NaN,NaN,NaN,0,NaN,NaN,NaN,NaN,0
20260721_t1029_srsSmooth_training,srs_smooth_training,trial0311.mat,311,311,310,4,15,14,96,76,20,8,2,0,4,1,18,3989,1,2,1,2,2,2,2,2,2,2,SINGLE_T2_CORRECT,11,455,1,0,4,1,1,0,79,189,189,79,-110,189,1,180,190.5,19.5,10.5,160.5,-150,150,NaN,NaN,NaN,1784645342.87748,1956.25398828,1.22582292556763,0.0139627456665039,0.0174758434295654,0.650506734848022,0.672321796417236,0.658854246139526,0.676412105560303,0.676412105560303,-1,-1,0.701889276504517,3.51309776306152,NaN,17.5578594207764,4.09030914306641,Instruction,Right,Left,Left,Left,Left,1,0,0,0,0,NaN,NaN,NaN,NaN,NaN,NaN,NaN,NaN,1,0,0,0,0,0,311,NaN,20260721_t1029_srsSmooth_training_B004,15,NaN,14.1441996137301,1.58218431472778,NaN,NaN,NaN,0,NaN,NaN,NaN,NaN,0
20260721_t1029_srsSmooth_training,srs_smooth_training,trial0312.mat,312,312,311,4,16,15,96,76,20,8,2,0,3,1,11,28124,1,2,2,1,2,1,2,1,2,1,SINGLE_T2_CORRECT,11,455,1,0,4,1,1,0,46,160,160,46,-114,160,1,180,191,17.5,11,162.5,-151.5,151.5,NaN,NaN,NaN,1784645345.65324,1959.02965276,1.06679725646973,0.0133147239685059,0.0144658088684082,0.524978160858154,0.546669721603394,0.533706188201904,0.553745031356812,0.553745031356812,-1,-1,0.574918508529663,1.15108489990234,NaN,20.0388431549072,7.07530975341797,Instruction,Left,Right,Right,Right,Right,1,0,0,0,0,NaN,NaN,NaN,NaN,NaN,NaN,NaN,NaN,0,1,1,0,0,0,312,NaN,20260721_t1029_srsSmooth_training_B004,16,NaN,14.1904622157415,1.54993319511414,NaN,NaN,NaN,0,NaN,NaN,NaN,NaN,0
20260721_t1029_srsSmooth_training,srs_smooth_training,trial0313.mat,313,313,312,4,17,16,96,76,20,8,2,0,3,1,14,15987,1,2,2,1,2,1,2,1,2,1,SINGLE_T2_CORRECT,11,455,1,0,5,1,1,0,56,169,169,56,-113,169,1,0,13,200,13,160,-147,147,NaN,NaN,NaN,1784645348.25716,1961.633534,1.09418535232544,0.0178346633911133,0.0233945846557617,0.537885904312134,0.55952262878418,0.54635214805603,0.565979719161987,0.565979719161987,-1,-1,0.58820629119873,5.55992126464844,NaN,19.627571105957,6.45709037780762,Instruction,Left,Right,Right,Right,Right,1,0,0,0,0,NaN,NaN,NaN,NaN,NaN,NaN,NaN,NaN,0,1,1,0,0,0,313,NaN,20260721_t1029_srsSmooth_training_B004,17,NaN,14.233860818545,1.53711891174316,NaN,NaN,NaN,0,NaN,NaN,NaN,NaN,0
20260721_t1029_srsSmooth_training,srs_smooth_training,trial0314.mat,314,314,313,4,18,17,96,76,20,8,2,0,1,1,1,7288,1,1,1,2,2,2,1,1,1,1,SINGLE_T1_CORRECT,10,455,1,0,4,1,1,0,39,142,142,39,-103,39,1,0,196,11.5,164,11.5,152.5,152.5,NaN,NaN,NaN,1784645350.90841,1964.28478908,1.13725805282593,0.0166795253753662,0.0232784748077393,0.7447190284729,0.766709327697754,0.753114223480225,0.772635698318481,0.772635698318481,-1,-1,0.795054912567139,6.59894943237305,NaN,19.5214748382568,5.92637062072754,Instruction,Right,Left,Right,Left,Right,1,0,0,0,0,NaN,NaN,NaN,NaN,NaN,NaN,NaN,NaN,1,0,1,0,1,0,314,NaN,20260721_t1029_srsSmooth_training_B004,18,NaN,14.2780484517415,1.55707263946533,NaN,NaN,NaN,0,NaN,NaN,NaN,NaN,0
20260721_t1029_srsSmooth_training,srs_smooth_training,trial0315.mat,315,315,314,4,19,18,96,76,20,8,2,0,1,1,4,15109,1,1,1,2,2,2,1,1,1,1,SINGLE_T1_CORRECT,10,455,1,0,4,1,1,0,58,191,191,58,-133,58,1,0,199,13,161,13,148,148,NaN,NaN,NaN,1784645353.55669,1966.93324708,0.971920251846313,0.0185062885284424,0.0194277763366699,0.530175447463989,0.551860332489014,0.538399934768677,0.559551239013672,0.559551239013672,-1,-1,0.586191892623901,0.921487808227539,NaN,21.1513042449951,7.6909065246582,Instruction,Right,Left,Right,Left,Right,1,0,0,0,0,NaN,NaN,NaN,NaN,NaN,NaN,NaN,NaN,1,0,1,0,1,0,315,NaN,20260721_t1029_srsSmooth_training_B004,19,NaN,14.3221864064535,1.51101922988892,NaN,NaN,NaN,0,NaN,NaN,NaN,NaN,0
20260721_t1029_srsSmooth_training,srs_smooth_training,trial0316.mat,316,316,315,4,20,19,96,76,20,8,2,0,2,1,9,802,1,1,2,1,2,1,1,2,1,2,SINGLE_T1_CORRECT,10,455,1,0,4,1,1,0,74,152,152,74,-78,74,1,0,191,17,169,17,152,152,NaN,NaN,NaN,1784645356.05302,1969.42938372,1.15024065971375,0.0139398574829102,0.0162711143493652,0.692190170288086,0.713966846466064,0.700206756591797,0.719924449920654,0.719924449920654,-1,-1,0.740979909896851,2.33125686645508,NaN,19.7176933288574,5.95760345458984,Instruction,Left,Right,Left,Right,Left,1,0,0,0,0,NaN,NaN,NaN,NaN,NaN,NaN,NaN,NaN,0,1,0,0,1,0,316,NaN,20260721_t1029_srsSmooth_training_B004,20,NaN,14.3637919147809,1.52441024780273,NaN,NaN,NaN,0,NaN,NaN,NaN,NaN,0
20260721_t1029_srsSmooth_training,srs_smooth_training,trial0317.mat,317,317,316,4,21,20,96,76,20,8,2,2,7,2,68,12335,2,0,1,2,2,2,1,1,2,2,CHOSE_LOW_SAL,2,455,1,0,2,1,1,0,76,164,164,76,-88,164,1,0,197,19.5,163,19.5,143.5,143.5,NaN,NaN,NaN,1784645358.71354,1972.08974448,1.21458530426025,0.0118875503540039,0.0148169994354248,0.690367698669434,0.711886405944824,0.698086977005005,0.717755317687988,0.717755317687988,-1,-1,0.739950656890869,2.9294490814209,NaN,19.6683406829834,5.86891174316406,Conflict,Right,Left,Left,Left,Right,0,1,0,1,1,0,0,1,0,1,1,0,1,1,0,1,0,1,1,317,237,20260721_t1029_srsSmooth_training_B004,21,1,14.408133884271,1.51027750968933,1,2,171,0,1,0,0,1,0
20260721_t1029_srsSmooth_training,srs_smooth_training,trial0318.mat,318,318,317,4,22,21,96,76,20,8,2,1,5,2,26,5316,2,0,1,2,2,2,2,2,2,2,CHOSE_HIGH_SAL,1,455,1,0,3,1,1,0,60,178,178,60,-118,178,1,0,17,192,17,168,-151,151,NaN,NaN,NaN,1784645361.44366,1974.81996904,1.26111483573914,0.0151753425598145,0.0165982246398926,0.710352420806885,0.731870412826538,0.718512296676636,0.733566045761108,0.733566045761108,-1,-1,0.751039028167725,1.42288208007812,NaN,15.0537490844727,1.69563293457031,Congruent,Right,Left,Left,Left,Left,0,1,1,0,1,0,0,1,1,1,1,0,0,1,0,0,0,0,1,318,238,20260721_t1029_srsSmooth_training_B004,22,2,14.4536359389623,1.51553797721863,2,2,164,1,0,0,1,1,0
20260721_t1029_srsSmooth_training,srs_smooth_training,trial0319.mat,319,319,318,4,23,22,96,76,20,8,2,1,6,2,51,12542,2,0,2,1,2,1,2,1,2,1,CHOSE_HIGH_SAL,1,455,1,0,3,1,1,0,81,177,177,81,-96,177,1,0,10,192,10,168,-158,158,NaN,NaN,NaN,1784645364.23351,1977.6097518,1.06203460693359,0.017106294631958,0.022075891494751,0.553591012954712,0.56712818145752,0.561761617660522,0.56795334815979,0.56795334815979,-1,-1,0.585876941680908,4.96959686279297,NaN,6.19173049926758,0.825166702270508,Congruent,Left,Right,Right,Right,Right,0,1,1,0,1,1,0,1,1,0,1,0,0,0,1,1,0,0,1,319,239,20260721_t1029_srsSmooth_training_B004,23,3,14.5001333554586,1.52873015403748,2,2,178,1,0,1,1,0,0
20260721_t1029_srsSmooth_training,srs_smooth_training,trial0320.mat,320,320,319,4,24,23,96,76,20,8,2,2,8,2,93,21692,2,0,2,1,2,1,1,2,2,1,CHOSE_LOW_SAL,2,455,1,0,1,1,1,0,55,188,188,55,-133,188,1,0,196,11,164,11,153,153,NaN,NaN,NaN,1784645366.80668,1980.18291772,1.03855848312378,0.0107011795043945,0.0122101306915283,0.521986484527588,0.535722255706787,0.530598640441895,0.536672353744507,0.536672353744507,-1,-1,0.554447889328003,1.50895118713379,NaN,6.0737133026123,0.950098037719727,Conflict,Left,Right,Right,Right,Left,0,1,0,1,1,1,0,1,0,0,1,0,1,0,1,0,0,1,1,320,240,20260721_t1029_srsSmooth_training_B004,24,4,14.5430195569992,1.51113748550415,2,1,177,1,0,0,1,1,0
20260721_t1029_srsSmooth_training,srs_smooth_training,trial0321.mat,321,321,320,4,25,24,96,76,20,8,2,1,6,2,45,16258,2,0,2,1,2,1,2,1,2,1,CHOSE_HIGH_SAL,1,455,1,0,2,1,1,0,48,171,171,48,-123,171,1,180,193,15,13,165,-152,152,NaN,NaN,NaN,1784645369.38769,1982.76377748,1.11641573905945,0.0131301879882812,0.0144181251525879,0.583185195922852,0.604820013046265,0.59140682220459,0.612381458282471,0.612381458282471,-1,-1,0.631900310516357,1.28793716430664,NaN,20.9746360778809,7.56144523620605,Congruent,Left,Right,Right,Right,Right,0,1,1,0,1,1,0,1,1,0,1,0,0,0,1,1,0,0,1,321,241,20260721_t1029_srsSmooth_training_B004,25,5,14.586036324501,1.54244756698608,2,1,188,1,0,0,1,1,0
20260721_t1029_srsSmooth_training,srs_smooth_training,trial0322.mat,322,322,321,4,26,25,96,76,20,8,2,2,7,2,77,1833,2,0,1,2,2,2,1,1,2,2,CHOSE_LOW_SAL,2,455,1,0,4,1,1,0,71,163,163,71,-92,163,1,180,16.5,197,163.5,17,146.5,146.5,NaN,NaN,NaN,1784645372.05271,1985.42870524,1.25195789337158,0.0148804187774658,0.0203940868377686,0.726383686065674,0.748242616653442,0.73456597328186,0.756068229675293,0.756068229675293,-1,-1,0.776152849197388,5.51366806030273,NaN,21.5022563934326,7.82561302185059,Conflict,Right,Left,Left,Left,Right,0,1,0,1,1,0,0,1,0,1,1,0,1,1,0,1,0,1,1,322,242,20260721_t1029_srsSmooth_training_B004,26,6,14.6304533362389,1.54860496520996,2,1,171,1,0,1,1,0,0
20260721_t1029_srsSmooth_training,srs_smooth_training,trial0323.mat,323,323,322,4,27,26,96,76,20,8,2,2,8,2,79,16318,2,0,2,1,2,1,1,2,2,1,CHOSE_LOW_SAL,2,455,1,0,5,1,1,0,73,158,158,73,-85,158,1,0,199,14.5,161,14.5,146.5,146.5,NaN,NaN,NaN,1784645374.84144,1988.21741924,1.14649319648743,0.0179216861724854,0.0204298496246338,0.604533433914185,0.626278877258301,0.612772464752197,0.632453441619873,0.632453441619873,-1,-1,0.654100179672241,2.50816345214844,NaN,19.6809768676758,6.17456436157227,Conflict,Left,Right,Right,Right,Left,0,1,0,1,1,1,0,1,0,0,1,0,1,0,1,0,0,1,1,323,243,20260721_t1029_srsSmooth_training_B004,27,7,14.6769322474798,1.53677678108215,2,2,163,1,0,1,1,0,0
20260721_t1029_srsSmooth_training,srs_smooth_training,trial0324.mat,324,324,323,4,28,27,96,76,20,8,2,1,5,2,25,19837,2,0,1,2,2,2,2,2,2,2,CHOSE_HIGH_SAL,1,455,1,0,5,1,1,0,92,191,191,92,-99,191,1,180,196,16.5,16,163.5,-147.5,147.5,NaN,NaN,NaN,1784645377.53717,1990.91297132,1.30005717277527,0.0139644145965576,0.0204732418060303,0.734017372131348,0.755660057067871,0.741882085800171,0.761227369308472,0.761227369308472,-1,-1,0.793387889862061,6.50882720947266,NaN,19.3452835083008,5.56731224060059,Congruent,Right,Left,Left,Left,Left,0,1,1,0,1,0,0,1,1,1,1,0,0,1,0,0,0,0,1,324,244,20260721_t1029_srsSmooth_training_B004,28,8,14.7218610723813,1.54923629760742,2,1,158,1,0,1,1,0,0
20260721_t1029_srsSmooth_training,srs_smooth_training,trial0325.mat,325,325,324,4,29,28,96,76,20,8,2,1,6,2,49,31040,2,0,2,1,2,1,2,1,2,1,CHOSE_HIGH_SAL,1,455,1,0,4,1,1,0,33,187,187,33,-154,187,1,180,193.5,16.5,13.5,163.5,-150,150,NaN,NaN,NaN,1784645380.3727,1993.74866404,1.12354874610901,0.0118856430053711,0.0172021389007568,0.573639154434204,0.595241785049438,0.581579208374023,0.601003408432007,0.601003408432007,-1,-1,0.623226642608643,5.31649589538574,NaN,19.4242000579834,5.76162338256836,Congruent,Left,Right,Right,Right,Right,0,1,1,0,1,1,0,1,1,0,1,0,0,0,1,1,0,0,1,325,245,20260721_t1029_srsSmooth_training_B004,29,9,14.7691197991371,1.53546643257141,2,2,191,1,0,1,1,0,0
20260721_t1029_srsSmooth_training,srs_smooth_training,trial0326.mat,326,326,325,4,30,29,96,76,20,8,2,2,8,2,85,62,2,0,2,1,2,1,1,2,2,1,CHOSE_LOW_SAL,2,455,1,0,4,1,1,0,61,181,181,61,-120,181,1,0,190,19,170,19,151,151,NaN,NaN,NaN,1784645383.05269,1996.42839288,1.22703504562378,0.0153267383575439,0.021486759185791,0.668595314025879,0.690353631973267,0.676957368850708,0.693785190582275,0.693785190582275,-1,-1,0.7112877368927,6.16002082824707,NaN,16.8278217315674,3.43155860900879,Conflict,Left,Right,Right,Right,Left,0,1,0,1,1,1,0,1,0,0,1,0,1,0,1,0,0,1,1,326,246,20260721_t1029_srsSmooth_training_B004,30,10,14.813786415259,1.55644822120667,2,1,187,1,0,0,1,1,0
20260721_t1029_srsSmooth_training,srs_smooth_training,trial0327.mat,327,327,326,4,31,30,96,76,20,8,2,2,7,2,72,4360,2,0,1,2,2,2,1,1,2,2,CHOSE_LOW_SAL,2,455,1,0,3,1,1,0,63,193,193,63,-130,193,1,0,195.5,12,164.5,12,152.5,152.5,NaN,NaN,NaN,1784645385.77592,1999.15179884,1.11209988594055,0.0172011852264404,0.0188131332397461,0.570250749588013,0.592223882675171,0.579006671905518,0.598290205001831,0.598290205001831,-1,-1,0.620513439178467,1.61194801330566,NaN,19.2835330963135,6.06632232666016,Conflict,Right,Left,Left,Left,Right,0,1,0,1,1,0,0,1,0,1,1,0,1,1,0,1,0,1,1,327,247,20260721_t1029_srsSmooth_training_B004,31,11,14.8591736276944,1.49619770050049,2,1,181,1,0,1,1,0,0
20260721_t1029_srsSmooth_training,srs_smooth_training,trial0328.mat,328,328,327,4,32,31,96,76,20,8,2,2,8,2,90,2170,2,0,2,1,2,1,1,2,2,1,CHOSE_LOW_SAL,2,455,1,0,4,1,1,0,64,164,164,64,-100,164,1,0,198,12,162,12,150,150,NaN,NaN,NaN,1784645388.42234,2001.79789352,1.11629605293274,0.0125563144683838,0.0132665634155273,0.557447671890259,0.579245328903198,0.565596580505371,0.584853172302246,0.584853172302246,-1,-1,0.618343353271484,0.710248947143555,NaN,19.256591796875,5.60784339904785,Conflict,Left,Right,Right,Right,Left,0,1,0,1,1,1,0,1,0,0,1,0,1,0,1,0,0,1,1,328,248,20260721_t1029_srsSmooth_training_B004,32,12,14.9032805562019,1.53431582450867,2,2,193,1,0,1,1,0,0
20260721_t1029_srsSmooth_training,srs_smooth_training,trial0329.mat,329,329,328,4,33,32,96,76,20,8,2,1,5,2,31,8684,2,0,1,2,2,2,2,2,2,2,CHOSE_HIGH_SAL,1,455,1,0,3,1,1,0,55,169,169,55,-114,169,1,0,13,198.5,13,161.5,-148.5,148.5,NaN,NaN,NaN,1784645391.07658,2004.45220996,1.11125731468201,0.0167529582977295,0.0190606117248535,0.595173120498657,0.616776704788208,0.603405952453613,0.621442794799805,0.621442794799805,-1,-1,0.644855976104736,2.30765342712402,NaN,18.0368423461914,4.66609001159668,Congruent,Right,Left,Left,Left,Left,0,1,1,0,1,0,0,1,1,1,1,0,0,1,0,0,0,0,1,329,249,20260721_t1029_srsSmooth_training_B004,33,13,14.9475178956985,1.53794431686401,2,1,164,1,0,1,1,0,0
20260721_t1029_srsSmooth_training,srs_smooth_training,trial0330.mat,330,330,329,4,34,33,96,76,20,8,2,1,5,2,33,27938,2,0,1,2,2,2,2,2,2,2,CHOSE_HIGH_SAL,1,455,1,0,5,1,1,0,55,167,167,55,-112,167,1,180,191,19,11,161,-150,150,NaN,NaN,NaN,1784645393.74711,2007.12259224,1.2998321056366,0.0130002498626709,0.0190072059631348,0.749940872192383,0.771363019943237,0.758004665374756,0.777776479721069,0.777776479721069,-1,-1,0.799383878707886,6.00695610046387,NaN,19.7718143463135,6.41345977783203,Congruent,Right,Left,Left,Left,Left,0,1,1,0,1,0,0,1,1,1,1,0,0,1,0,0,0,0,1,330,250,20260721_t1029_srsSmooth_training_B004,34,14,14.9920266429583,1.55926752090454,2,2,169,1,0,0,1,1,0
20260721_t1029_srsSmooth_training,srs_smooth_training,trial0331.mat,331,331,330,4,35,34,96,76,20,8,2,2,8,2,81,32709,2,0,2,1,2,1,1,2,2,1,CHOSE_LOW_SAL,2,455,1,0,3,1,1,0,47,166,166,47,-119,166,1,180,13,197,167,17,150,150,NaN,NaN,NaN,1784645396.58262,2009.95820936,1.35628700256348,0.0192630290985107,0.0240187644958496,0.820178508758545,0.835962057113647,0.828537940979004,0.837482213973999,0.837482213973999,-1,-1,0.855124711990356,4.75573539733887,NaN,8.94427299499512,1.52015686035156,Conflict,Left,Right,Right,Right,Left,0,1,0,1,1,1,0,1,0,0,1,0,1,0,1,0,0,1,1,331,251,20260721_t1029_srsSmooth_training_B004,35,15,15.0392852226893,1.53568267822266,2,2,167,1,0,1,1,0,0
20260721_t1029_srsSmooth_training,srs_smooth_training,trial0332.mat,332,332,331,4,36,35,96,76,20,8,2,2,7,2,73,28286,2,0,1,2,2,2,1,1,2,2,CHOSE_LOW_SAL,2,455,1,0,5,1,1,0,43,177,177,43,-134,177,1,0,197,15,163,15,148,148,NaN,NaN,NaN,1784645399.45882,2012.83439656,1.09640431404114,0.0181734561920166,0.0239160060882568,0.538165807723999,0.559861660003662,0.546462535858154,0.564857959747314,0.564857959747314,-1,-1,0.594865560531616,5.74254989624023,NaN,18.3954238891602,4.99629974365234,Conflict,Right,Left,Left,Left,Right,0,1,0,1,1,0,0,1,0,1,1,0,1,1,0,1,0,1,1,332,252,20260721_t1029_srsSmooth_training_B004,36,16,15.0872219324112,1.51991558074951,2,1,166,1,0,1,1,0,0
20260721_t1029_srsSmooth_training,srs_smooth_training,trial0333.mat,333,333,332,4,37,36,96,76,20,8,2,2,8,2,92,207,2,0,2,1,2,1,1,2,2,1,CHOSE_LOW_SAL,2,455,1,0,2,1,1,0,77,189,189,77,-112,189,1,180,18,190.5,162,10.5,151.5,151.5,NaN,NaN,NaN,1784645402.08954,2015.46496728,1.23212146759033,0.0125629901885986,0.0141496658325195,0.690455198287964,0.712591171264648,0.699043989181519,0.718090295791626,0.718090295791626,-1,-1,0.744451999664307,1.5866756439209,NaN,19.0463066101074,5.49912452697754,Conflict,Left,Right,Right,Right,Left,0,1,0,1,1,1,0,1,0,0,1,0,1,0,1,0,0,1,1,333,253,20260721_t1029_srsSmooth_training_B004,37,17,15.1310671607653,1.53430938720703,2,2,177,1,0,1,1,0,0
20260721_t1029_srsSmooth_training,srs_smooth_training,trial0334.mat,334,334,333,4,38,37,96,76,20,8,2,2,7,2,65,11017,2,0,1,2,2,2,1,1,2,2,CHOSE_LOW_SAL,2,455,1,0,6,1,1,0,52,170,170,52,-118,170,1,0,199.5,18,160.5,18,142.5,142.5,NaN,NaN,NaN,1784645404.88312,2018.25852436,1.35625982284546,0.0190896987915039,0.0201635360717773,0.797623634338379,0.819120407104492,0.805832386016846,0.825186491012573,0.825186491012573,-1,-1,0.854068279266357,1.07383728027344,NaN,19.3541049957275,6.06608390808105,Conflict,Right,Left,Left,Left,Right,0,1,0,1,1,0,0,1,0,1,1,0,1,1,0,1,0,1,1,334,254,20260721_t1029_srsSmooth_training_B004,38,18,15.1776268998782,1.56146287918091,2,1,189,1,0,1,1,0,0
20260721_t1029_srsSmooth_training,srs_smooth_training,trial0335.mat,335,335,334,4,39,38,96,76,20,8,2,2,8,2,84,21964,2,0,2,1,2,1,1,2,2,1,CHOSE_LOW_SAL,2,455,1,0,4,1,1,0,56,181,181,56,-125,181,1,180,10.5,197.5,169.5,17.5,152,152,NaN,NaN,NaN,1784645407.78731,2021.16260372,1.23527050018311,0.0150117874145508,0.0166535377502441,0.676503658294678,0.69837212562561,0.684656143188477,0.703946828842163,0.703946828842163,-1,-1,0.7322678565979,1.64175033569336,NaN,19.2906856536865,5.57470321655273,Conflict,Left,Right,Right,Right,Left,0,1,0,1,1,1,0,1,0,0,1,0,1,0,1,0,0,1,1,335,255,20260721_t1029_srsSmooth_training_B004,39,19,15.2260300954183,1.54793190956116,2,2,170,1,0,1,1,0,0
20260721_t1029_srsSmooth_training,srs_smooth_training,trial0336.mat,336,336,335,4,40,39,96,76,20,8,2,2,8,2,91,17512,2,0,2,1,2,1,1,2,2,1,CHOSE_LOW_SAL,2,455,1,0,1,1,1,0,60,155,155,60,-95,155,1,0,196.5,13.5,163.5,13.5,150,150,NaN,NaN,NaN,1784645410.56249,2023.93762564,1.11886119842529,0.0149433612823486,0.0203814506530762,0.599636554718018,0.614967584609985,0.607973575592041,0.61688494682312,0.61688494682312,-1,-1,0.634612798690796,5.43808937072754,NaN,8.9113712310791,1.91736221313477,Conflict,Left,Right,Right,Right,Left,0,1,0,1,1,1,0,1,0,0,1,0,1,0,1,0,0,1,1,336,256,20260721_t1029_srsSmooth_training_B004,40,20,15.2722830533981,1.53990697860718,2,1,181,1,0,0,1,1,0
20260721_t1029_srsSmooth_training,srs_smooth_training,trial0337.mat,337,337,336,4,41,40,96,76,20,8,2,2,7,2,71,28069,2,0,1,2,2,2,1,1,2,2,CHOSE_LOW_SAL,2,455,1,0,1,1,1,0,84,166,166,84,-82,166,1,0,199.5,19.5,160.5,19.5,141,141,NaN,NaN,NaN,1784645413.24244,2026.617497,1.27204418182373,0.0184290409088135,0.0254411697387695,0.754311800003052,0.768457651138306,0.761329650878906,0.769596099853516,0.769596099853516,-1,-1,0.787949085235596,7.01212882995605,NaN,8.26644897460938,1.13844871520996,Conflict,Right,Left,Left,Left,Right,0,1,0,1,1,0,0,1,0,1,1,0,1,1,0,1,0,1,1,337,257,20260721_t1029_srsSmooth_training_B004,41,21,15.316948946317,1.56109237670898,2,1,155,1,0,1,1,0,0
20260721_t1029_srsSmooth_training,srs_smooth_training,trial0338.mat,338,338,337,4,42,41,96,76,20,8,2,1,6,2,54,5683,2,0,2,1,2,1,2,1,2,1,CHOSE_HIGH_SAL,1,455,1,0,1,1,1,0,49,168,168,49,-119,168,1,0,12,199.5,12,160.5,-148.5,148.5,NaN,NaN,NaN,1784645416.04273,2029.41775808,1.15523791313171,0.0182523727416992,0.0194699764251709,0.621006488800049,0.634943246841431,0.629661321640015,0.635724306106567,0.635724306106567,-1,-1,0.653610706329346,1.21760368347168,NaN,6.06298446655273,0.781059265136719,Congruent,Left,Right,Right,Right,Right,0,1,1,0,1,1,0,1,1,0,1,0,0,0,1,1,0,0,1,338,258,20260721_t1029_srsSmooth_training_B004,42,22,15.3636203885078,1.52824234962463,2,2,166,1,0,1,1,0,0
20260721_t1029_srsSmooth_training,srs_smooth_training,trial0339.mat,339,339,338,4,43,42,96,76,20,8,2,1,5,2,22,19703,2,0,1,2,2,2,2,2,2,2,CHOSE_HIGH_SAL,1,455,1,0,3,1,1,0,71,180,180,71,-109,180,1,180,193,11,13,169,-156,156,NaN,NaN,NaN,1784645418.7449,2032.1198824,1.1273193359375,0.0161936283111572,0.0176780223846436,0.602549076080322,0.624550580978394,0.610645532608032,0.630011081695557,0.630011081695557,-1,-1,0.652357816696167,1.48439407348633,NaN,19.3655490875244,5.46050071716309,Congruent,Right,Left,Left,Left,Left,0,1,1,0,1,0,0,1,1,1,1,0,0,1,0,0,0,0,1,339,259,20260721_t1029_srsSmooth_training_B004,43,23,15.4086564858754,1.54692792892456,2,1,168,1,0,1,1,0,0
20260721_t1029_srsSmooth_training,srs_smooth_training,trial0340.mat,340,340,339,4,44,43,96,76,20,8,2,1,6,2,40,9669,2,0,2,1,2,1,2,1,2,1,CHOSE_HIGH_SAL,1,455,1,0,3,1,1,0,79,170,170,79,-91,170,1,0,10,200,10,160,-150,150,NaN,NaN,NaN,1784645421.39199,2034.76701236,1.13862538337708,0.0192041397094727,0.020942211151123,0.622344970703125,0.644227981567383,0.63092565536499,0.650175333023071,0.650175333023071,-1,-1,0.673149108886719,1.73807144165039,NaN,19.2496776580811,5.94735145568848,Congruent,Left,Right,Right,Right,Right,0,1,1,0,1,1,0,1,1,0,1,0,0,0,1,1,0,0,1,340,260,20260721_t1029_srsSmooth_training_B004,44,24,15.4527747273445,1.51977515220642,2,2,180,1,0,1,1,0,0
20260721_t1029_srsSmooth_training,srs_smooth_training,trial0341.mat,341,341,340,4,45,44,96,76,20,8,2,1,5,2,21,9174,2,0,1,2,2,2,2,2,2,2,CHOSE_HIGH_SAL,1,455,1,0,3,1,1,0,51,168,168,51,-117,168,1,0,15.5,195.5,15.5,164.5,-149,149,NaN,NaN,NaN,1784645424.06806,2037.44300524,1.21486377716064,0.0182406902313232,0.0298693180084229,0.696550369262695,0.718268632888794,0.704680442810059,0.724029541015625,0.724029541015625,-1,-1,0.746706962585449,11.6286277770996,NaN,19.3490982055664,5.76090812683105,Congruent,Right,Left,Left,Left,Left,0,1,1,0,1,0,0,1,1,1,1,0,0,1,0,0,0,0,1,341,261,20260721_t1029_srsSmooth_training_B004,45,25,15.4973758657773,1.53744292259216,2,1,170,1,0,1,1,0,0
20260721_t1029_srsSmooth_training,srs_smooth_training,trial0342.mat,342,342,341,4,46,45,96,76,20,8,2,2,7,2,76,30080,2,0,1,2,2,2,1,1,2,2,CHOSE_LOW_SAL,2,455,1,0,3,1,1,0,65,195,195,65,-130,195,1,0,196.5,18.5,163.5,18.5,145,145,NaN,NaN,NaN,1784645426.79924,2040.17413272,1.39046859741211,0.0121669769287109,0.0138480663299561,0.815442800521851,0.837199926376343,0.823871612548828,0.842674016952515,0.842674016952515,-1,-1,0.865486860275269,1.68108940124512,NaN,18.8024044036865,5.47409057617188,Conflict,Right,Left,Left,Left,Right,0,1,0,1,1,0,0,1,0,1,1,0,1,1,0,1,0,1,1,342,262,20260721_t1029_srsSmooth_training_B004,46,26,15.5428955435753,1.51631689071655,2,2,168,1,0,0,1,1,0
20260721_t1029_srsSmooth_training,srs_smooth_training,trial0343.mat,343,343,342,4,47,46,96,76,20,8,2,1,6,2,42,10385,2,0,2,1,2,1,2,1,2,1,CHOSE_HIGH_SAL,1,455,1,0,3,1,1,0,59,186,186,59,-127,186,1,180,192,15.5,12,164.5,-152.5,152.5,NaN,NaN,NaN,1784645429.74769,2043.12259064,1.1169900894165,0.0138304233551025,0.01957106590271,0.590162992477417,0.605520248413086,0.598515510559082,0.607059478759766,0.607059478759766,-1,-1,0.625165700912476,5.74064254760742,NaN,8.54396820068359,1.53923034667969,Congruent,Left,Right,Right,Right,Right,0,1,1,0,1,1,0,1,1,0,1,0,0,0,1,1,0,0,1,343,263,20260721_t1029_srsSmooth_training_B004,47,27,15.5920364419619,1.55798530578613,2,2,195,1,0,1,1,0,0
20260721_t1029_srsSmooth_training,srs_smooth_training,trial0344.mat,344,344,343,4,48,47,96,76,20,8,2,1,5,2,39,26658,2,0,1,2,2,2,2,2,2,2,CHOSE_HIGH_SAL,1,455,1,0,6,1,1,0,67,173,173,67,-106,173,1,180,199.5,12.5,19.5,167.5,-148,148,NaN,NaN,NaN,1784645432.38276,2045.7576588,1.16595888137817,0.0122020244598389,0.0170021057128906,0.632296562194824,0.653894186019897,0.640419960021973,0.659785032272339,0.659785032272339,-1,-1,0.687754392623901,4.80008125305176,NaN,19.3650722503662,5.89084625244141,Congruent,Right,Left,Left,Left,Left,0,1,1,0,1,0,0,1,1,1,1,0,0,1,0,0,0,0,1,344,264,20260721_t1029_srsSmooth_training_B004,48,28,15.6359541893005,1.51807475090027,2,1,186,1,0,1,1,0,0
20260721_t1029_srsSmooth_training,srs_smooth_training,trial0345.mat,345,345,344,4,49,48,96,76,20,8,2,1,6,2,48,12939,2,0,2,1,2,1,2,1,2,1,CHOSE_HIGH_SAL,1,455,1,0,0,1,1,0,52,175,175,52,-123,175,1,0,13,193.5,13,166.5,-153.5,153.5,NaN,NaN,NaN,1784645435.10761,2048.48221368,1.13226938247681,0.0207955837249756,0.0220797061920166,0.624046087265015,0.637486696243286,0.630168199539185,0.638878107070923,0.638878107070923,-1,-1,0.656752824783325,1.28412246704102,NaN,8.70990753173828,1.39141082763672,Congruent,Left,Right,Right,Right,Right,0,1,1,0,1,1,0,1,1,0,1,0,0,0,1,1,0,0,1,345,265,20260721_t1029_srsSmooth_training_B004,49,29,15.6813683152199,1.55888867378235,2,2,173,1,0,1,1,0,0
20260721_t1029_srsSmooth_training,srs_smooth_training,trial0346.mat,346,346,345,4,50,49,96,76,20,8,2,2,8,2,82,31293,2,0,2,1,2,1,1,2,2,1,CHOSE_LOW_SAL,2,455,1,0,2,1,1,0,60,186,186,60,-126,186,1,0,191,16.5,169,16.5,152.5,152.5,NaN,NaN,NaN,1784645437.75267,2051.12747408,1.27106022834778,0.0175025463104248,0.0191864967346191,0.704410552978516,0.725863218307495,0.712225675582886,0.731886863708496,0.731886863708496,-1,-1,0.753948211669922,1.68395042419434,NaN,19.6611881256104,6.02364540100098,Conflict,Left,Right,Right,Right,Left,0,1,0,1,1,1,0,1,0,0,1,0,1,0,1,0,0,1,1,346,266,20260721_t1029_srsSmooth_training_B004,50,30,15.7254527370135,1.51279592514038,2,1,175,1,0,0,1,1,0
20260721_t1029_srsSmooth_training,srs_smooth_training,trial0347.mat,347,347,346,4,51,50,96,76,20,8,2,1,6,2,52,23937,2,0,2,1,2,1,2,1,2,1,CHOSE_HIGH_SAL,1,455,1,0,0,1,1,0,92,164,164,92,-72,164,1,0,17.5,196,17.5,164,-146.5,146.5,NaN,NaN,NaN,1784645440.54952,2053.92417096,1.24870753288269,0.0124261379241943,0.0142195224761963,0.756982564926147,0.770788908004761,0.765174150466919,0.77233362197876,0.77233362197876,-1,-1,0.789919853210449,1.79338455200195,NaN,7.15947151184082,1.54471397399902,Congruent,Left,Right,Right,Right,Right,0,1,1,0,1,1,0,1,1,0,1,0,0,0,1,1,0,0,1,347,267,20260721_t1029_srsSmooth_training_B004,51,31,15.7720669587453,1.52579307556152,2,1,186,1,0,0,1,1,0
20260721_t1029_srsSmooth_training,srs_smooth_training,trial0348.mat,348,348,347,4,52,51,96,76,20,8,2,1,5,2,32,327,2,0,1,2,2,2,2,2,2,2,CHOSE_HIGH_SAL,1,455,1,0,1,1,1,0,54,162,162,54,-108,162,1,180,192,10,12,170,-158,158,NaN,NaN,NaN,1784645443.33777,2056.71240332,1.02728009223938,0.0159592628479004,0.0174338817596436,0.535832166671753,0.549313306808472,0.543975830078125,0.550118923187256,0.550118923187256,-1,-1,0.568614721298218,1.47461891174316,NaN,6.14309310913086,0.80561637878418,Congruent,Right,Left,Left,Left,Left,0,1,1,0,1,0,0,1,1,1,1,0,0,1,0,0,0,0,1,348,268,20260721_t1029_srsSmooth_training_B004,52,32,15.818537692229,1.53953647613525,2,1,164,1,0,1,1,0,0
20260721_t1029_srsSmooth_training,srs_smooth_training,trial0349.mat,349,349,348,4,53,52,96,76,20,8,2,2,8,2,89,28175,2,0,2,1,2,1,1,2,2,1,CHOSE_LOW_SAL,2,455,1,0,4,1,1,0,48,172,172,48,-124,172,1,180,18.5,191,161.5,11,150.5,150.5,NaN,NaN,NaN,1784645445.89168,2059.26631924,1.33296084403992,0.0121474266052246,0.0164694786071777,0.774001121520996,0.795511245727539,0.782027959823608,0.802193880081177,0.802193880081177,-1,-1,0.830761909484863,4.32205200195312,NaN,20.1659202575684,6.6826343536377,Conflict,Left,Right,Right,Right,Left,0,1,0,1,1,1,0,1,0,0,1,0,1,0,1,0,0,1,1,349,269,20260721_t1029_srsSmooth_training_B004,53,33,15.8611029068629,1.52663278579712,2,2,162,1,0,1,1,0,0
20260721_t1029_srsSmooth_training,srs_smooth_training,trial0350.mat,350,350,349,4,54,53,96,76,20,8,2,1,5,2,35,29770,2,0,1,2,2,2,2,2,2,2,CHOSE_HIGH_SAL,1,455,1,0,2,1,1,0,64,170,170,64,-106,170,1,180,191,17.5,11,162.5,-151.5,151.5,NaN,NaN,NaN,1784645448.76761,2062.14196304,1.06911063194275,0.0196695327758789,0.0217812061309814,0.53152060508728,0.553024291992188,0.539828538894653,0.558840990066528,0.558840990066528,-1,-1,0.581015110015869,2.11167335510254,NaN,19.012451171875,5.81669807434082,Congruent,Right,Left,Left,Left,Left,0,1,1,0,1,0,0,1,1,1,1,0,0,1,0,0,0,0,1,350,270,20260721_t1029_srsSmooth_training_B004,54,34,15.9090349872907,1.54296398162842,2,1,172,1,0,1,1,0,0
20260721_t1029_srsSmooth_training,srs_smooth_training,trial0351.mat,351,351,350,4,55,54,96,76,20,8,2,1,6,2,57,20571,2,0,2,1,2,1,2,1,2,1,CHOSE_HIGH_SAL,1,455,1,0,3,1,1,0,65,190,190,65,-125,190,1,180,196.5,13,16.5,167,-150.5,150.5,NaN,NaN,NaN,1784645451.36764,2064.74196244,1.34858727455139,0.0197393894195557,0.0216546058654785,0.814886569976807,0.836438417434692,0.823251485824585,0.837966680526733,0.837966680526733,-1,-1,0.856547117233276,1.91521644592285,NaN,14.7151947021484,1.52826309204102,Congruent,Left,Right,Right,Right,Right,0,1,1,0,1,1,0,1,1,0,1,0,0,0,1,1,0,0,1,351,271,20260721_t1029_srsSmooth_training_B004,55,35,15.952368871371,1.53092241287231,2,2,170,1,0,1,1,0,0
20260721_t1029_srsSmooth_training,srs_smooth_training,trial0352.mat,352,352,351,4,56,55,96,76,20,8,2,1,6,2,47,32512,2,0,2,1,2,1,2,1,2,1,CHOSE_HIGH_SAL,1,455,1,0,3,1,1,0,72,187,187,72,-115,187,1,180,198.5,13,18.5,167,-148.5,148.5,NaN,NaN,NaN,1784645454.26292,2067.63719568,1.19475269317627,0.0162439346313477,0.0202891826629639,0.661427021026611,0.682936906814575,0.669599771499634,0.684224367141724,0.684224367141724,-1,-1,0.702415227890015,4.04524803161621,NaN,14.6245956420898,1.28746032714844,Congruent,Left,Right,Right,Right,Right,0,1,1,0,1,1,0,1,1,0,1,0,0,0,1,1,0,0,1,352,272,20260721_t1029_srsSmooth_training_B004,56,36,16.0006234804789,1.54668927192688,2,1,190,1,0,0,1,1,0
20260721_t1029_srsSmooth_training,srs_smooth_training,trial0353.mat,353,353,352,4,57,56,96,76,20,8,2,1,5,2,29,4704,2,0,1,2,2,2,2,2,2,2,CHOSE_HIGH_SAL,1,455,1,0,5,1,1,0,70,160,160,70,-90,160,1,0,10,195,10,165,-155,155,NaN,NaN,NaN,1784645457.01045,2070.38481508,1.17994546890259,0.0188186168670654,0.0202090740203857,0.621981382369995,0.643843412399292,0.630528450012207,0.64881420135498,0.64881420135498,-1,-1,0.67786431312561,1.39045715332031,NaN,18.2857513427734,4.97078895568848,Congruent,Right,Left,Left,Left,Left,0,1,1,0,1,0,0,1,1,1,1,0,0,1,0,0,0,0,1,353,273,20260721_t1029_srsSmooth_training_B004,57,37,16.0464157183965,1.55278158187866,2,1,187,1,0,1,1,0,0
20260721_t1029_srsSmooth_training,srs_smooth_training,trial0354.mat,354,354,353,4,58,57,96,76,20,8,2,2,8,2,80,11987,2,0,2,1,2,1,1,2,2,1,CHOSE_LOW_SAL,2,455,1,0,2,1,1,0,67,181,181,67,-114,181,1,180,11,197.5,169,17.5,151.5,151.5,NaN,NaN,NaN,1784645459.74176,2073.11597352,1.25031232833862,0.0126180648803711,0.0137734413146973,0.706892013549805,0.720979928970337,0.715278625488281,0.724848508834839,0.724848508834839,-1,-1,0.741278409957886,1.15537643432617,NaN,9.56988334655762,3.86857986450195,Conflict,Left,Right,Right,Right,Left,0,1,0,1,1,1,0,1,0,0,1,0,1,0,1,0,0,1,1,354,274,20260721_t1029_srsSmooth_training_B004,58,38,16.0919375260671,1.55136299133301,2,2,160,1,0,1,1,0,0
20260721_t1029_srsSmooth_training,srs_smooth_training,trial0355.mat,355,355,354,4,59,58,96,76,20,8,2,1,5,2,38,32482,2,0,1,2,2,2,2,2,2,2,CHOSE_HIGH_SAL,1,455,1,0,5,1,1,0,61,184,184,61,-123,184,1,0,15,194,15,166,-151,151,NaN,NaN,NaN,1784645462.5373,2075.91148304,1.30452823638916,0.0171864032745361,0.0184688568115234,0.736997365951538,0.758883476257324,0.745639801025391,0.764230012893677,0.764230012893677,-1,-1,0.793014049530029,1.2824535369873,NaN,18.5902118682861,5.34653663635254,Congruent,Right,Left,Left,Left,Left,0,1,1,0,1,0,0,1,1,1,1,0,0,1,0,0,0,0,1,355,275,20260721_t1029_srsSmooth_training_B004,59,39,16.1385299046834,1.54523038864136,2,1,181,1,0,1,1,0,0
20260721_t1029_srsSmooth_training,srs_smooth_training,trial0356.mat,356,356,355,4,60,59,96,76,20,8,2,1,6,2,55,11861,2,0,2,1,2,1,2,1,2,1,CHOSE_HIGH_SAL,1,455,1,0,4,1,1,0,109,186,186,109,-77,186,1,180,193,19,13,161,-148,148,NaN,NaN,NaN,1784645465.38131,2078.75547236,1.1844789981842,0.014955997467041,0.0166864395141602,0.651752471923828,0.673315286636353,0.660185098648071,0.675087213516235,0.675087213516235,-1,-1,0.693473339080811,1.73044204711914,NaN,14.9021148681641,1.77192687988281,Congruent,Left,Right,Right,Right,Right,0,1,1,0,1,1,0,1,1,0,1,0,0,0,1,1,0,0,1,356,276,20260721_t1029_srsSmooth_training_B004,60,40,16.1859300732613,1.53948187828064,2,2,184,1,0,1,1,0,0
20260721_t1029_srsSmooth_training,srs_smooth_training,trial0357.mat,357,357,356,4,61,60,96,76,20,8,2,1,5,2,34,10100,2,0,1,2,2,2,2,2,2,2,CHOSE_HIGH_SAL,1,455,1,0,2,1,1,0,67,159,159,67,-92,159,1,180,190.5,18.5,10.5,161.5,-151,151,NaN,NaN,NaN,1784645468.09876,2081.472846,1.19224405288696,0.0142803192138672,0.0162117481231689,0.700445413589478,0.714308738708496,0.70707106590271,0.715257406234741,0.715257406234741,-1,-1,0.732872724533081,1.93142890930176,NaN,8.18634033203125,0.948667526245117,Congruent,Right,Left,Left,Left,Left,0,1,1,0,1,0,0,1,1,1,1,0,0,1,0,0,0,0,1,357,277,20260721_t1029_srsSmooth_training_B004,61,41,16.2312209010124,1.53297066688538,2,1,186,1,0,1,1,0,0
20260721_t1029_srsSmooth_training,srs_smooth_training,trial0358.mat,358,358,357,4,62,61,96,76,20,8,2,2,8,2,95,14601,2,0,2,1,2,1,1,2,2,1,CHOSE_LOW_SAL,2,455,1,0,3,1,1,0,57,174,174,57,-117,174,1,0,195.5,14,164.5,14,150.5,150.5,NaN,NaN,NaN,1784645470.80242,2084.17649508,1.0806348323822,0.0107319355010986,0.0117535591125488,0.555593252182007,0.57742166519165,0.564015865325928,0.583243608474731,0.583243608474731,-1,-1,0.605131387710571,1.0216236114502,NaN,19.2277431488037,5.82194328308105,Conflict,Left,Right,Right,Right,Left,0,1,0,1,1,1,0,1,0,0,1,0,1,0,1,0,0,1,1,358,278,20260721_t1029_srsSmooth_training_B004,62,42,16.276281829675,1.51141166687012,2,2,159,1,0,1,1,0,0
20260721_t1029_srsSmooth_training,srs_smooth_training,trial0359.mat,359,359,358,4,63,62,96,76,20,8,2,2,7,2,59,22040,2,0,1,2,2,2,1,1,2,2,CHOSE_LOW_SAL,2,455,1,0,1,1,1,0,78,161,161,78,-83,161,1,0,194,19,166,19,147,147,NaN,NaN,NaN,1784645473.43187,2086.80584224,1.06446170806885,0.0147185325622559,0.0165724754333496,0.55883526802063,0.573074102401733,0.568305730819702,0.573987245559692,0.573987245559692,-1,-1,0.583573579788208,1.85394287109375,NaN,5.68151473999023,0.913143157958984,Conflict,Right,Left,Left,Left,Right,0,1,0,1,1,0,0,1,0,1,1,0,1,1,0,1,0,1,1,359,279,20260721_t1029_srsSmooth_training_B004,63,43,16.3201060215632,1.5488166809082,2,1,174,1,0,1,1,0,0
20260721_t1029_srsSmooth_training,srs_smooth_training,trial0360.mat,360,360,359,4,64,63,96,76,20,8,2,1,6,2,46,16114,2,0,2,1,2,1,2,1,2,1,CHOSE_HIGH_SAL,1,455,1,0,2,1,1,0,38,191,191,38,-153,191,1,180,192,17,12,163,-151,151,NaN,NaN,NaN,1784645476.06286,2089.43675556,1.29587173461914,0.0171627998352051,0.0198600292205811,0.77619194984436,0.79219388961792,0.784747838973999,0.792949438095093,0.792949438095093,-1,-1,0.802875757217407,2.69722938537598,NaN,8.20159912109375,0.755548477172852,Congruent,Left,Right,Right,Right,Right,0,1,1,0,1,1,0,1,1,0,1,0,0,0,1,1,0,0,1,360,280,20260721_t1029_srsSmooth_training_B004,64,44,16.3639559110006,1.56653165817261,2,2,161,1,0,1,1,0,0
20260721_t1029_srsSmooth_training,srs_smooth_training,trial0361.mat,361,361,360,4,65,64,96,76,20,8,2,2,8,2,88,10023,2,0,2,1,2,1,1,2,2,1,CHOSE_LOW_SAL,2,455,1,0,0,1,1,0,86,185,185,86,-99,185,1,180,16.5,200,163.5,20,143.5,143.5,NaN,NaN,NaN,1784645478.89756,2092.27132024,1.06059670448303,0.0159139633178711,0.0180881023406982,0.552564144134521,0.565935850143433,0.560374021530151,0.566711902618408,0.566711902618408,-1,-1,0.576573371887207,2.17413902282715,NaN,6.33788108825684,0.776052474975586,Conflict,Left,Right,Right,Right,Left,0,1,0,1,1,1,0,1,0,0,1,0,1,0,1,0,0,1,1,361,281,20260721_t1029_srsSmooth_training_B004,65,45,16.411200829347,1.53882336616516,2,1,191,1,0,0,1,1,0
20260721_t1029_srsSmooth_training,srs_smooth_training,trial0362.mat,362,362,361,4,66,65,96,76,20,8,2,1,6,2,56,21671,2,0,2,1,2,1,2,1,2,1,CHOSE_HIGH_SAL,1,455,1,0,3,1,1,0,67,163,163,67,-96,163,1,180,195,15.5,15,164.5,-149.5,149.5,NaN,NaN,NaN,1784645481.50827,2094.88205292,1.1917712688446,0.0136415958404541,0.0150778293609619,0.666717767715454,0.680334806442261,0.675174236297607,0.681255102157593,0.681255102157593,-1,-1,0.699190139770508,1.43623352050781,NaN,6.08086585998535,0.920295715332031,Congruent,Left,Right,Right,Right,Right,0,1,1,0,1,1,0,1,1,0,1,0,0,0,1,1,0,0,1,362,282,20260721_t1029_srsSmooth_training_B004,66,46,16.4547126491865,1.55011248588562,2,1,185,1,0,0,1,1,0
20260721_t1029_srsSmooth_training,srs_smooth_training,trial0363.mat,363,363,362,4,67,66,96,76,20,8,2,1,6,2,58,23748,2,0,2,1,2,1,2,1,2,1,CHOSE_HIGH_SAL,1,455,1,0,4,1,1,0,67,170,170,67,-103,170,1,0,12,193.5,12,166.5,-154.5,154.5,NaN,NaN,NaN,1784645484.19793,2097.57168468,1.12714266777039,0.0157546997070312,0.0209560394287109,0.610034704208374,0.632445812225342,0.619171380996704,0.637518167495728,0.637518167495728,-1,-1,0.660343647003174,5.20133972167969,NaN,18.3467864990234,5.07235527038574,Congruent,Left,Right,Right,Right,Right,0,1,1,0,1,1,0,1,1,0,1,0,0,0,1,1,0,0,1,363,283,20260721_t1029_srsSmooth_training_B004,67,47,16.4995403289795,1.49788951873779,2,1,163,1,0,0,1,1,0
20260721_t1029_srsSmooth_training,srs_smooth_training,trial0364.mat,364,364,363,4,68,67,96,76,20,8,2,2,7,2,75,19342,2,0,1,2,2,2,1,1,2,2,CHOSE_LOW_SAL,2,455,1,0,2,1,1,0,51,190,190,51,-139,190,1,180,11.5,192.5,168.5,12.5,156,156,NaN,NaN,NaN,1784645486.82672,2100.20045948,1.28594136238098,0.0120689868927002,0.0137155055999756,0.748220205307007,0.770432233810425,0.756826877593994,0.774035692214966,0.774035692214966,-1,-1,0.789599180221558,1.64651870727539,NaN,17.2088146209717,3.60345840454102,Conflict,Right,Left,Left,Left,Right,0,1,0,1,1,0,0,1,0,1,1,0,1,1,0,1,0,1,1,364,284,20260721_t1029_srsSmooth_training_B004,68,48,16.5433534940084,1.50164723396301,2,1,170,1,0,1,1,0,0
20260721_t1029_srsSmooth_training,srs_smooth_training,trial0365.mat,365,365,364,4,69,68,96,76,20,8,2,2,8,2,86,16153,2,0,2,1,2,1,1,2,2,1,CHOSE_LOW_SAL,2,455,1,0,4,1,1,0,73,159,159,73,-86,159,1,0,197.5,12,162.5,12,150.5,150.5,NaN,NaN,NaN,1784645489.66699,2103.04060636,1.24221897125244,0.0135774612426758,0.0167362689971924,0.699590444564819,0.7219398021698,0.708420753479004,0.727862119674683,0.727862119674683,-1,-1,0.749332189559937,3.1588077545166,NaN,19.4413661956787,5.92231750488281,Conflict,Left,Right,Right,Right,Left,0,1,0,1,1,1,0,1,0,0,1,0,1,0,1,0,0,1,1,365,285,20260721_t1029_srsSmooth_training_B004,69,49,16.5906913320223,1.55432891845703,2,2,190,1,0,1,1,0,0
20260721_t1029_srsSmooth_training,srs_smooth_training,trial0366.mat,366,366,365,4,70,69,96,76,20,8,2,2,8,2,94,17656,2,0,2,1,2,1,1,2,2,1,CHOSE_LOW_SAL,2,455,1,0,4,1,1,0,61,174,174,61,-113,174,1,0,195,13,165,13,152,152,NaN,NaN,NaN,1784645492.47225,2105.84580372,1.19512295722961,0.0167574882507324,0.0186216831207275,0.669843196868896,0.691784143447876,0.678459405899048,0.697515964508057,0.697515964508057,-1,-1,0.727047204971313,1.86419486999512,NaN,19.0565586090088,5.73182106018066,Conflict,Left,Right,Right,Right,Left,0,1,0,1,1,1,0,1,0,0,1,0,1,0,1,0,0,1,1,366,286,20260721_t1029_srsSmooth_training_B004,70,50,16.6374457557996,1.5630464553833,2,1,159,1,0,0,1,1,0
20260721_t1029_srsSmooth_training,srs_smooth_training,trial0367.mat,367,367,366,4,71,70,96,76,20,8,2,2,7,2,61,9823,2,0,1,2,2,2,1,1,2,2,CHOSE_LOW_SAL,2,455,1,0,7,1,1,0,55,167,167,55,-112,167,1,180,17.5,198.5,162.5,18.5,144,144,NaN,NaN,NaN,1784645495.23985,2108.61336712,1.15287590026855,0.0159385204315186,0.021787166595459,0.602211713790894,0.624296426773071,0.610576868057251,0.629492998123169,0.629492998123169,-1,-1,0.658103227615356,5.84864616394043,NaN,18.916130065918,5.19657135009766,Conflict,Right,Left,Left,Left,Right,0,1,0,1,1,0,0,1,0,1,1,0,1,1,0,1,0,1,1,367,287,20260721_t1029_srsSmooth_training_B004,71,51,16.6835723519325,1.57247281074524,2,1,174,1,0,1,1,0,0
20260721_t1029_srsSmooth_training,srs_smooth_training,trial0368.mat,368,368,367,4,72,71,96,76,20,8,2,2,7,2,67,4678,2,0,1,2,2,2,1,1,2,2,CHOSE_LOW_SAL,2,455,1,0,3,1,1,0,78,170,170,78,-92,170,1,180,17.5,191,162.5,11,151.5,151.5,NaN,NaN,NaN,1784645497.93204,2111.30555736,1.17634272575378,0.0155253410339355,0.0175619125366211,0.643711805343628,0.665551662445068,0.652004241943359,0.670721054077148,0.670721054077148,-1,-1,0.69241738319397,2.03657150268555,NaN,18.7168121337891,5.16939163208008,Conflict,Right,Left,Left,Left,Right,0,1,0,1,1,0,0,1,0,1,1,0,1,1,0,1,0,1,1,368,288,20260721_t1029_srsSmooth_training_B004,72,52,16.7284421364466,1.539311170578,2,2,167,1,0,0,1,1,0
20260721_t1029_srsSmooth_training,srs_smooth_training,trial0369.mat,369,369,368,4,73,72,96,76,20,8,2,2,7,2,70,28329,2,0,1,2,2,2,1,1,2,2,CHOSE_LOW_SAL,2,455,1,0,4,1,1,0,51,202,202,51,-151,202,1,180,11,198.5,169,18.5,150.5,150.5,NaN,NaN,NaN,1784645500.66764,2114.04109532,1.11649417877197,0.0133588314056396,0.0192868709564209,0.541575908660889,0.563380479812622,0.549695730209351,0.564955949783325,0.564955949783325,-1,-1,0.583314657211304,5.92803955078125,NaN,15.2602195739746,1.57546997070312,Conflict,Right,Left,Left,Left,Right,0,1,0,1,1,0,0,1,0,1,1,0,1,1,0,1,0,1,1,369,289,20260721_t1029_srsSmooth_training_B004,73,53,16.7740356167158,1.55926609039307,2,2,170,1,0,0,1,1,0
20260721_t1029_srsSmooth_training,srs_smooth_training,trial0370.mat,370,370,369,4,74,73,96,76,20,8,2,1,5,2,24,29937,2,0,1,2,2,2,2,2,2,2,CHOSE_HIGH_SAL,1,455,1,0,4,1,1,0,55,169,169,55,-114,169,1,0,16,192.5,16,167.5,-151.5,151.5,NaN,NaN,NaN,1784645503.33833,2116.71166424,1.37448239326477,0.0177793502807617,0.0235426425933838,0.812986612319946,0.834478139877319,0.82080340385437,0.840375185012817,0.840375185012817,-1,-1,0.862620115280151,5.76329231262207,NaN,19.5717811584473,5.89704513549805,Congruent,Right,Left,Left,Left,Left,0,1,1,0,1,0,0,1,1,1,1,0,0,1,0,0,0,0,1,370,290,20260721_t1029_srsSmooth_training_B004,74,54,16.8185470581055,1.55419230461121,2,2,202,1,0,0,1,1,0
20260721_t1029_srsSmooth_training,srs_smooth_training,trial0371.mat,371,371,370,4,75,74,96,76,20,8,2,1,6,2,50,2995,2,0,2,1,2,1,2,1,2,1,CHOSE_HIGH_SAL,1,455,1,0,0,1,1,0,57,189,189,57,-132,189,1,180,198.5,18,18.5,162,-143.5,143.5,NaN,NaN,NaN,1784645506.26065,2119.63394488,1.16528940200806,0.0122408866882324,0.0139901638031006,0.649265289306641,0.662266731262207,0.657227277755737,0.663313865661621,0.663313865661621,-1,-1,0.681429386138916,1.74927711486816,NaN,6.08658790588379,1.04713439941406,Congruent,Left,Right,Right,Right,Right,0,1,1,0,1,1,0,1,1,0,1,0,0,0,1,1,0,0,1,371,291,20260721_t1029_srsSmooth_training_B004,75,55,16.8672523975372,1.54783797264099,2,2,169,1,0,1,1,0,0
20260721_t1029_srsSmooth_training,srs_smooth_training,trial0372.mat,372,372,371,4,76,75,96,76,20,8,2,1,5,2,23,8827,2,0,1,2,2,2,2,2,2,2,CHOSE_HIGH_SAL,1,455,1,0,1,1,1,0,47,183,183,47,-136,183,1,0,11,191.5,11,168.5,-157.5,157.5,NaN,NaN,NaN,1784645508.94074,2122.31415144,1.21067690849304,0.0155959129333496,0.016599178314209,0.694041728973389,0.707289934158325,0.70009183883667,0.708447933197021,0.708447933197021,-1,-1,0.726581573486328,1.00326538085938,NaN,8.35609436035156,1.15799903869629,Congruent,Right,Left,Left,Left,Left,0,1,1,0,1,0,0,1,1,1,1,0,0,1,0,0,0,0,1,372,292,20260721_t1029_srsSmooth_training_B004,76,56,16.9119204799334,1.51479554176331,2,1,189,1,0,1,1,0,0
20260721_t1029_srsSmooth_training,srs_smooth_training,trial0373.mat,373,373,372,4,77,76,96,76,20,8,2,2,7,2,66,4013,2,0,1,2,2,2,1,1,2,2,CHOSE_LOW_SAL,2,455,1,0,2,1,1,0,77,162,162,77,-85,162,1,0,200,10,160,10,150,150,NaN,NaN,NaN,1784645511.71573,2125.08897092,1.07725691795349,0.0157091617584229,0.0173497200012207,0.569315671920776,0.590732336044312,0.576939821243286,0.596306562423706,0.596306562423706,-1,-1,0.618628263473511,1.64055824279785,NaN,19.3667411804199,5.57422637939453,Conflict,Right,Left,Left,Left,Right,0,1,0,1,1,0,0,1,0,1,1,0,1,1,0,1,0,1,1,373,293,20260721_t1029_srsSmooth_training_B004,77,57,16.9581704219182,1.5643196105957,2,2,183,1,0,0,1,1,0
20260721_t1029_srsSmooth_training,srs_smooth_training,trial0374.mat,374,374,373,4,78,77,96,76,20,8,2,1,5,2,37,10769,2,0,1,2,2,2,2,2,2,2,CHOSE_HIGH_SAL,1,455,1,0,2,1,1,0,41,171,171,41,-130,171,1,180,191.5,19.5,11.5,160.5,-149,149,NaN,NaN,NaN,1784645514.33812,2127.71116052,1.13044452667236,0.0184237957000732,0.0201756954193115,0.605369567871094,0.626781702041626,0.613508224487305,0.6328284740448,0.6328284740448,-1,-1,0.656225919723511,1.75189971923828,NaN,19.3202495574951,6.04677200317383,Congruent,Right,Left,Left,Left,Left,0,1,1,0,1,0,0,1,1,1,1,0,0,1,0,0,0,0,1,374,294,20260721_t1029_srsSmooth_training_B004,78,58,17.0018769145012,1.54513263702393,2,2,162,1,0,0,1,1,0
20260721_t1029_srsSmooth_training,srs_smooth_training,trial0375.mat,375,375,374,4,79,78,96,76,20,8,2,2,7,2,64,2476,2,0,1,2,2,2,1,1,2,2,CHOSE_LOW_SAL,2,455,1,0,3,1,1,0,58,155,155,58,-97,155,1,0,194.5,15,165.5,15,150.5,150.5,NaN,NaN,NaN,1784645517.00714,2130.38027084,1.28338027000427,0.0161798000335693,0.0180108547210693,0.752533197402954,0.774542808532715,0.760902404785156,0.780204296112061,0.780204296112061,-1,-1,0.810503244400024,1.8310546875,NaN,19.3018913269043,5.6614875793457,Conflict,Right,Left,Left,Left,Right,0,1,0,1,1,0,0,1,0,1,1,0,1,1,0,1,0,1,1,375,295,20260721_t1029_srsSmooth_training_B004,79,59,17.0463605324427,1.53857254981995,2,2,171,1,0,0,1,1,0
20260721_t1029_srsSmooth_training,srs_smooth_training,trial0376.mat,376,376,375,4,80,79,96,76,20,8,2,2,8,2,78,23091,2,0,2,1,2,1,1,2,2,1,CHOSE_LOW_SAL,2,455,1,0,2,1,1,0,60,218,218,60,-158,218,1,180,14.5,196.5,165.5,16.5,149,149,NaN,NaN,NaN,1784645519.83332,2133.20637152,1.16017484664917,0.0151071548461914,0.0206930637359619,0.574672222137451,0.590128898620605,0.583264112472534,0.591230869293213,0.591230869293213,-1,-1,0.609589576721191,5.58590888977051,NaN,7.96675682067871,1.10197067260742,Conflict,Left,Right,Right,Right,Left,0,1,0,1,1,1,0,1,0,0,1,0,1,0,1,0,0,1,1,376,296,20260721_t1029_srsSmooth_training_B004,80,60,17.0934636116028,1.542804479599,2,2,155,1,0,1,1,0,0
20260721_t1029_srsSmooth_training,srs_smooth_training,trial0377.mat,377,377,376,4,81,80,96,76,20,8,2,1,6,2,41,28701,2,0,2,1,2,1,2,1,2,1,CHOSE_HIGH_SAL,1,455,1,0,4,1,1,0,50,180,180,50,-130,180,1,0,13,190.5,13,169.5,-156.5,156.5,NaN,NaN,NaN,1784645522.49568,2135.86874488,1.08915662765503,0.0111842155456543,0.0165512561798096,0.547674417495728,0.561206102371216,0.556168556213379,0.562119483947754,0.562119483947754,-1,-1,0.580198287963867,5.36704063415527,NaN,5.950927734375,0.913381576538086,Congruent,Left,Right,Right,Right,Right,0,1,1,0,1,1,0,1,1,0,1,0,0,0,1,1,0,0,1,377,297,20260721_t1029_srsSmooth_training_B004,81,61,17.1378362894058,1.5021858215332,2,1,218,1,0,0,1,1,0
20260721_t1029_srsSmooth_training,srs_smooth_training,trial0378.mat,378,378,377,4,82,81,96,76,20,8,2,2,7,2,60,1406,2,0,1,2,2,2,1,1,2,2,CHOSE_LOW_SAL,2,455,1,0,3,1,1,0,64,194,194,64,-130,194,1,180,20,197.5,160,17.5,142.5,142.5,NaN,NaN,NaN,1784645525.11646,2138.48950832,1.37764430046082,0.0155162811279297,0.0202732086181641,0.818678140640259,0.840549230575562,0.826975345611572,0.845616102218628,0.845616102218628,-1,-1,0.851300239562988,4.75692749023438,NaN,18.6407566070557,5.06687164306641,Conflict,Right,Left,Left,Left,Right,0,1,0,1,1,0,0,1,0,1,1,0,1,1,0,1,0,1,1,378,298,20260721_t1029_srsSmooth_training_B004,82,62,17.1815158208211,1.53161525726318,2,1,180,1,0,1,1,0,0
20260721_t1029_srsSmooth_training,srs_smooth_training,trial0379.mat,379,379,378,4,83,82,96,76,20,8,2,1,5,2,27,30149,2,0,1,2,2,2,2,2,2,2,CHOSE_HIGH_SAL,1,455,1,0,0,1,1,0,67,178,178,67,-111,178,1,0,19,194,19,166,-147,147,NaN,NaN,NaN,1784645528.03803,2141.4107274,1.28889513015747,0.0190596580505371,0.0201132297515869,0.780562162399292,0.794089794158936,0.788579940795898,0.795092105865479,0.795092105865479,-1,-1,0.813157796859741,1.0535717010498,NaN,6.51216506958008,1.00231170654297,Congruent,Right,Left,Left,Left,Left,0,1,1,0,1,0,0,1,1,1,1,0,0,1,0,0,0,0,1,379,299,20260721_t1029_srsSmooth_training_B004,83,63,17.2302086830139,1.54392743110657,2,2,194,1,0,0,1,1,0
20260721_t1029_srsSmooth_training,srs_smooth_training,trial0380.mat,380,380,379,4,84,83,96,76,20,8,2,2,7,2,69,24858,2,0,1,2,2,2,1,1,2,2,CHOSE_LOW_SAL,2,455,1,0,2,1,1,0,68,177,177,68,-109,177,1,0,198.5,17,161.5,17,144.5,144.5,NaN,NaN,NaN,1784645530.88694,2144.25961884,1.14017677307129,0.0202574729919434,0.0221242904663086,0.637373685836792,0.653615236282349,0.646340608596802,0.654575347900391,0.654575347900391,-1,-1,0.664323568344116,1.86681747436523,NaN,8.23473930358887,0.960111618041992,Conflict,Right,Left,Left,Left,Right,0,1,0,1,1,0,0,1,0,1,1,0,1,1,0,1,0,1,1,380,300,20260721_t1029_srsSmooth_training_B004,84,64,17.2776905894279,1.56001925468445,2,2,178,1,0,0,1,1,0
20260721_t1029_srsSmooth_training,srs_smooth_training,trial0381.mat,381,381,380,4,85,84,96,76,20,8,2,2,8,2,87,17408,2,0,2,1,2,1,1,2,2,1,CHOSE_LOW_SAL,2,455,1,0,4,1,1,0,67,161,161,67,-94,161,1,0,198.5,16.5,161.5,16.5,145,145,NaN,NaN,NaN,1784645533.57862,2146.95131788,1.04906535148621,0.0203478336334229,0.0224299430847168,0.54045581817627,0.562036037445068,0.548449754714966,0.567584753036499,0.567584753036499,-1,-1,0.590104579925537,2.08210945129395,NaN,19.1349983215332,5.54871559143066,Conflict,Left,Right,Right,Right,Left,0,1,0,1,1,1,0,1,0,0,1,0,1,0,1,0,0,1,1,381,301,20260721_t1029_srsSmooth_training_B004,85,65,17.3225519617399,1.55150556564331,2,2,177,1,0,1,1,0,0
20260721_t1029_srsSmooth_training,srs_smooth_training,trial0382.mat,382,382,381,4,86,85,96,76,20,8,2,1,5,2,30,20957,2,0,1,2,2,2,2,2,2,2,CHOSE_HIGH_SAL,1,455,1,0,3,1,1,0,45,195,195,45,-150,195,1,0,12,195.5,12,164.5,-152.5,152.5,NaN,NaN,NaN,1784645536.17742,2149.54995576,1.25858783721924,0.0133252143859863,0.0190193653106689,0.731322526931763,0.746687173843384,0.739447832107544,0.747892618179321,0.747892618179321,-1,-1,0.766282081604004,5.69415092468262,NaN,8.44478607177734,1.2054443359375,Congruent,Right,Left,Left,Left,Left,0,1,1,0,1,0,0,1,1,1,1,0,0,1,0,0,0,0,1,382,302,20260721_t1029_srsSmooth_training_B004,86,66,17.3658651431402,1.54972553253174,2,1,161,1,0,1,1,0,0
20260721_t1029_srsSmooth_training,srs_smooth_training,trial0383.mat,383,383,382,4,87,86,96,76,20,8,2,1,6,2,43,31450,2,0,2,1,2,1,2,1,2,1,CHOSE_HIGH_SAL,1,455,1,0,3,1,1,0,86,159,159,86,-73,159,1,180,195.5,16.5,15.5,163.5,-148,148,NaN,NaN,NaN,1784645538.96008,2152.3325498,1.06765580177307,0.0141010284423828,0.0149002075195312,0.534030914306641,0.555788993835449,0.542632579803467,0.561410427093506,0.561410427093506,-1,-1,0.574665069580078,0.799179077148438,NaN,18.7778472900391,5.62143325805664,Congruent,Left,Right,Right,Right,Right,0,1,1,0,1,1,0,1,1,0,1,0,0,0,1,1,0,0,1,383,303,20260721_t1029_srsSmooth_training_B004,87,67,17.4122429132462,1.52407836914062,2,2,195,1,0,1,1,0,0
20260721_t1029_srsSmooth_training,srs_smooth_training,trial0384.mat,384,384,383,4,88,87,96,76,20,8,2,1,6,2,53,24451,2,0,2,1,2,1,2,1,2,1,CHOSE_HIGH_SAL,1,455,1,0,2,1,1,0,53,187,187,53,-134,187,1,180,193.5,18,13.5,162,-148.5,148.5,NaN,NaN,NaN,1784645541.57289,2154.94553636,1.17106699943542,0.0180649757385254,0.0207490921020508,0.62134313583374,0.64309024810791,0.629780054092407,0.648751735687256,0.648751735687256,-1,-1,0.670808553695679,2.68411636352539,NaN,18.9716815948486,5.6614875793457,Congruent,Left,Right,Right,Right,Right,0,1,1,0,1,1,0,1,1,0,1,0,0,0,1,1,0,0,1,384,304,20260721_t1029_srsSmooth_training_B004,88,68,17.4557896574338,1.5451488494873,2,1,159,1,0,0,1,1,0
20260721_t1029_srsSmooth_training,srs_smooth_training,trial0385.mat,385,385,384,4,89,88,96,76,20,8,2,1,6,2,44,30428,2,0,2,1,2,1,2,1,2,1,CHOSE_HIGH_SAL,1,455,1,0,5,1,1,0,42,193,193,42,-151,193,1,180,196,18.5,16,161.5,-145.5,145.5,NaN,NaN,NaN,1784645544.29736,2157.66985956,1.33893299102783,0.0187015533447266,0.0236477851867676,0.788677453994751,0.81039834022522,0.796733856201172,0.816276788711548,0.816276788711548,-1,-1,0.837737083435059,4.94623184204102,NaN,19.542932510376,5.87844848632812,Congruent,Left,Right,Right,Right,Right,0,1,1,0,1,1,0,1,1,0,1,0,0,0,1,1,0,0,1,385,305,20260721_t1029_srsSmooth_training_B004,89,69,17.5011975010236,1.55340361595154,2,1,187,1,0,0,1,1,0
20260721_t1029_srsSmooth_training,srs_smooth_training,trial0386.mat,386,386,385,4,90,89,96,76,20,8,2,1,5,2,36,15019,2,0,1,2,2,2,2,2,2,2,CHOSE_HIGH_SAL,1,455,1,0,4,1,1,0,52,174,174,52,-122,174,1,0,18,191.5,18,168.5,-150.5,150.5,NaN,NaN,NaN,1784645547.12855,2160.5011244,1.24952745437622,0.0126199722290039,0.0176272392272949,0.724534273147583,0.745981693267822,0.732133865356445,0.753465175628662,0.753465175628662,-1,-1,0.773093700408936,5.00726699829102,NaN,21.3313102722168,7.48348236083984,Congruent,Right,Left,Left,Left,Left,0,1,1,0,1,0,0,1,1,1,1,0,0,1,0,0,0,0,1,386,306,20260721_t1029_srsSmooth_training_B004,90,70,17.54838403066,1.49225878715515,2,1,193,1,0,1,1,0,0
20260721_t1029_srsSmooth_training,srs_smooth_training,trial0387.mat,387,387,386,4,91,90,96,76,20,8,2,2,7,2,63,11270,2,0,1,2,2,2,1,1,2,2,CHOSE_LOW_SAL,2,455,1,0,4,1,1,0,63,161,161,63,-98,161,1,180,16,198,164,18,146,146,NaN,NaN,NaN,1784645549.88483,2163.25729512,1.16002058982849,0.0147783756256104,0.0164017677307129,0.651588678359985,0.673137426376343,0.659876108169556,0.679730415344238,0.679730415344238,-1,-1,0.701940298080444,1.62339210510254,NaN,19.8543071746826,6.59298896789551,Conflict,Right,Left,Left,Left,Right,0,1,0,1,1,0,0,1,0,1,1,0,1,1,0,1,0,1,1,387,307,20260721_t1029_srsSmooth_training_B004,91,71,17.5943220734596,1.50675511360168,2,2,174,1,0,0,1,1,0
20260721_t1029_srsSmooth_training,srs_smooth_training,trial0388.mat,388,388,387,4,92,91,96,76,20,8,2,2,8,2,83,16821,2,0,2,1,2,1,1,2,2,1,CHOSE_LOW_SAL,2,455,1,0,0,1,1,0,55,135,135,55,-80,135,1,0,192,13.5,168,13.5,154.5,154.5,NaN,NaN,NaN,1784645552.5873,2165.95960596,1.27888154983521,0.0124199390411377,0.0136580467224121,0.813507556915283,0.829118013381958,0.821462154388428,0.83021879196167,0.83021879196167,-1,-1,0.839856863021851,1.23810768127441,NaN,8.75663757324219,1.10077857971191,Conflict,Left,Right,Right,Right,Left,0,1,0,1,1,1,0,1,0,0,1,0,1,0,1,0,0,1,1,388,308,20260721_t1029_srsSmooth_training_B004,92,72,17.6393631299337,1.5424427986145,2,2,161,1,0,1,1,0,0
20260721_t1029_srsSmooth_training,srs_smooth_training,trial0389.mat,389,389,388,4,93,92,96,76,20,8,2,1,5,2,28,3503,2,0,1,2,2,2,2,2,2,2,CHOSE_HIGH_SAL,1,455,1,0,5,1,1,0,62,147,147,62,-85,147,1,0,19,199,19,161,-142,142,NaN,NaN,NaN,1784645555.4011,2168.7733214,1.22687244415283,0.015390157699585,0.0214524269104004,0.717815637588501,0.732085466384888,0.726041793823242,0.736093759536743,0.736093759536743,-1,-1,0.759648323059082,6.06226921081543,NaN,10.051965713501,4.00829315185547,Congruent,Right,Left,Left,Left,Left,0,1,1,0,1,0,0,1,1,1,1,0,0,1,0,0,0,0,1,389,309,20260721_t1029_srsSmooth_training_B004,93,73,17.6862598896027,1.53492403030396,2,1,135,1,0,1,1,0,0
20260721_t1029_srsSmooth_training,srs_smooth_training,trial0390.mat,390,390,389,4,94,93,96,76,20,8,2,2,8,2,96,25694,2,0,2,1,2,1,1,2,2,1,CHOSE_LOW_SAL,2,455,1,0,6,1,1,0,45,153,153,45,-108,153,1,0,191,17,169,17,152,152,NaN,NaN,NaN,1784645558.13381,2171.50617464,1.22013139724731,0.016122579574585,0.021881103515625,0.686054229736328,0.707816362380981,0.69434642791748,0.71342396736145,0.71342396736145,-1,-1,0.735581874847412,5.75852394104004,NaN,19.0775394439697,5.60760498046875,Conflict,Left,Right,Right,Right,Left,0,1,0,1,1,1,0,1,0,0,1,0,1,0,1,0,0,1,1,390,310,20260721_t1029_srsSmooth_training_B004,94,74,17.7318050185839,1.50583529472351,2,2,147,1,0,1,1,0,0
20260721_t1029_srsSmooth_training,srs_smooth_training,trial0391.mat,391,391,390,4,95,94,96,76,20,8,2,2,7,2,74,19474,2,0,1,2,2,2,1,1,2,2,CHOSE_LOW_SAL,2,455,1,0,3,1,1,0,71,160,160,71,-89,160,1,180,10,193.5,170,13.5,156.5,156.5,NaN,NaN,NaN,1784645560.86387,2174.23607712,1.18161511421204,0.011167049407959,0.0131878852844238,0.639535665512085,0.661192417144775,0.64823317527771,0.666692972183228,0.666692972183228,-1,-1,0.6889967918396,2.02083587646484,NaN,18.4597969055176,5.50055503845215,Conflict,Right,Left,Left,Left,Right,0,1,0,1,1,0,0,1,0,1,1,0,1,1,0,1,0,1,1,391,311,20260721_t1029_srsSmooth_training_B004,95,75,17.7773060441017,1.50993013381958,2,1,153,1,0,1,1,0,0
20260721_t1029_srsSmooth_training,srs_smooth_training,trial0392.mat,392,392,391,4,96,95,96,76,20,8,2,2,7,2,62,15970,2,0,1,2,2,2,1,1,2,2,CHOSE_LOW_SAL,2,455,1,0,5,1,1,0,49,164,164,49,-115,164,1,180,11,197.5,169,17.5,151.5,151.5,NaN,NaN,NaN,1784645563.5572,2176.92935924,1.1957414150238,0.0179445743560791,0.023442268371582,0.654581785202026,0.676303863525391,0.662955284118652,0.681636095046997,0.681636095046997,-1,-1,0.704563617706299,5.49769401550293,NaN,18.6808109283447,5.33223152160645,Conflict,Right,Left,Left,Left,Right,0,1,0,1,1,0,0,1,0,1,1,0,1,1,0,1,0,1,1,392,312,20260721_t1029_srsSmooth_training_B004,96,76,17.8221948305766,1.51171207427979,2,2,160,1,0,0,1,1,0
20260721_t1029_srsSmooth_training,srs_smooth_training,trial0393.mat,393,393,392,5,1,0,108,88,20,8,1,0,1,1,3,2593,1,1,1,2,1,1,1,1,1,1,SINGLE_T1_CORRECT,10,455,1,0,4,1,1,0,191,120,191,120,71,191,1,0,192.5,19,167.5,19,148.5,148.5,NaN,NaN,NaN,1784645566.30911,2179.6811574,1.13584232330322,0.0161385536193848,0.0218307971954346,0.577782869338989,0.599494934082031,0.585550785064697,0.609365463256836,0.609365463256836,-1,-1,0.635797023773193,5.6922435760498,NaN,23.8146781921387,9.87052917480469,Instruction,Right,Left,Right,Right,Right,1,0,0,0,0,NaN,NaN,NaN,NaN,NaN,NaN,NaN,NaN,1,1,1,1,1,0,393,NaN,20260721_t1029_srsSmooth_training_B005,1,NaN,17.8680600484212,1.55617165565491,NaN,NaN,NaN,0,NaN,NaN,NaN,NaN,0
20260721_t1029_srsSmooth_training,srs_smooth_training,trial0394.mat,394,394,393,5,2,1,108,88,20,8,1,0,2,1,10,27524,1,1,2,1,1,2,1,2,1,2,SINGLE_T1_CORRECT,10,455,1,0,1,1,1,0,188,98,188,98,90,188,1,0,196.5,20,163.5,20,143.5,143.5,NaN,NaN,NaN,1784645568.98876,2182.36086868,1.09913802146912,0.0199308395385742,0.0215330123901367,0.548308372497559,0.561617612838745,0.556419610977173,0.562288045883179,0.562288045883179,-1,-1,0.58031964302063,1.6021728515625,NaN,5.86843490600586,0.670433044433594,Instruction,Left,Right,Left,Left,Left,1,0,0,0,0,NaN,NaN,NaN,NaN,NaN,NaN,NaN,NaN,0,0,0,1,1,0,394,NaN,20260721_t1029_srsSmooth_training_B005,2,NaN,17.9127208153407,1.54380369186401,NaN,NaN,NaN,0,NaN,NaN,NaN,NaN,0
20260721_t1029_srsSmooth_training,srs_smooth_training,trial0395.mat,395,395,394,5,3,2,108,88,20,8,1,0,3,1,13,17642,1,2,2,1,1,2,2,1,2,1,SINGLE_T2_CORRECT,11,455,1,0,6,1,1,0,182,98,182,98,84,98,1,0,10.5,197.5,10.5,162.5,-152,152,NaN,NaN,NaN,1784645571.61552,2184.98752224,1.10453701019287,0.018265962600708,0.0230276584625244,0.63805103302002,0.659957885742188,0.64648699760437,0.665498018264771,0.665498018264771,-1,-1,0.698081970214844,4.76169586181641,NaN,19.0110206604004,5.54013252258301,Instruction,Left,Right,Right,Left,Right,1,0,0,0,0,NaN,NaN,NaN,NaN,NaN,NaN,NaN,NaN,0,0,1,1,0,0,395,NaN,20260721_t1029_srsSmooth_training_B005,3,NaN,17.9565002600352,1.52762866020203,NaN,NaN,NaN,0,NaN,NaN,NaN,NaN,0
20260721_t1029_srsSmooth_training,srs_smooth_training,trial0396.mat,396,396,395,5,4,3,108,88,20,8,1,0,4,1,19,28388,1,2,1,2,1,1,2,2,2,2,SINGLE_T2_CORRECT,11,455,1,0,1,1,1,0,156,108,156,108,48,108,1,180,197.5,12.5,17.5,167.5,-150,150,NaN,NaN,NaN,1784645574.28354,2187.6553422,1.11199402809143,0.0170202255249023,0.0234034061431885,0.670457601547241,0.68371319770813,0.678558111190796,0.684838533401489,0.684838533401489,-1,-1,0.703038454055786,6.38318061828613,NaN,6.28042221069336,1.12533569335938,Instruction,Right,Left,Left,Right,Left,1,0,0,0,0,NaN,NaN,NaN,NaN,NaN,NaN,NaN,NaN,1,1,0,1,0,0,396,NaN,20260721_t1029_srsSmooth_training_B005,4,NaN,18.0009671926498,1.56347894668579,NaN,NaN,NaN,0,NaN,NaN,NaN,NaN,0
20260721_t1029_srsSmooth_training,srs_smooth_training,trial0397.mat,397,397,396,5,5,4,108,88,20,8,1,0,4,1,18,29637,1,2,1,2,1,1,2,2,2,2,SINGLE_T2_CORRECT,11,455,1,0,0,1,1,0,183,112,183,112,71,112,1,0,11.5,191,11.5,169,-157.5,157.5,NaN,NaN,NaN,1784645576.91223,2190.284166,1.09947204589844,0.013434886932373,0.0144565105438232,0.656247138977051,0.671793699264526,0.664567232131958,0.672944307327271,0.672944307327271,-1,-1,0.690937042236328,1.0216236114502,NaN,8.3770751953125,1.15060806274414,Instruction,Right,Left,Left,Right,Left,1,0,0,0,0,NaN,NaN,NaN,NaN,NaN,NaN,NaN,NaN,1,1,0,1,0,0,397,NaN,20260721_t1029_srsSmooth_training_B005,5,NaN,18.0447786490122,1.51669335365295,NaN,NaN,NaN,0,NaN,NaN,NaN,NaN,0
20260721_t1029_srsSmooth_training,srs_smooth_training,trial0398.mat,398,398,397,5,6,5,108,88,20,8,1,0,3,1,12,25788,1,2,2,1,1,2,2,1,2,1,SINGLE_T2_CORRECT,11,455,1,0,3,1,1,0,167,103,167,103,64,103,1,180,196.5,12,16.5,168,-151.5,151.5,NaN,NaN,NaN,1784645579.56659,2192.93840672,1.14596962928772,0.0175039768218994,0.0194718837738037,0.695787906646729,0.717530727386475,0.704369306564331,0.719472169876099,0.719472169876099,-1,-1,0.738460779190063,1.9679069519043,NaN,15.1028633117676,1.94144248962402,Instruction,Left,Right,Right,Left,Right,1,0,0,0,0,NaN,NaN,NaN,NaN,NaN,NaN,NaN,NaN,0,0,1,1,0,0,398,NaN,20260721_t1029_srsSmooth_training_B005,6,NaN,18.0890181144079,1.55489587783813,NaN,NaN,NaN,0,NaN,NaN,NaN,NaN,0
20260721_t1029_srsSmooth_training,srs_smooth_training,trial0399.mat,399,399,398,5,7,6,108,88,20,8,1,0,1,1,1,10883,1,1,1,2,1,1,1,1,1,1,SINGLE_T1_CORRECT,10,455,1,0,1,1,1,0,197,105,197,105,92,197,1,0,197,20,163,20,143,143,NaN,NaN,NaN,1784645582.2754,2195.64722468,1.12240171432495,0.0171327590942383,0.0191969871520996,0.5525963306427,0.567153692245483,0.560140609741211,0.568145513534546,0.568145513534546,-1,-1,0.58621621131897,2.06422805786133,NaN,8.00490379333496,0.9918212890625,Instruction,Right,Left,Right,Right,Right,1,0,0,0,0,NaN,NaN,NaN,NaN,NaN,NaN,NaN,NaN,1,1,1,1,1,0,399,NaN,20260721_t1029_srsSmooth_training_B005,7,NaN,18.1341649492582,1.56284046173096,NaN,NaN,NaN,0,NaN,NaN,NaN,NaN,0
20260721_t1029_srsSmooth_training,srs_smooth_training,trial0400.mat,400,400,399,5,8,7,108,88,20,8,1,0,4,1,17,13477,1,2,1,2,1,1,2,2,2,2,SINGLE_T2_CORRECT,11,455,1,0,6,1,1,0,204,100,204,100,104,100,1,180,194.5,18,14.5,162,-147.5,147.5,NaN,NaN,NaN,1784645584.95252,2198.3241456,1.30264902114868,0.0151200294494629,0.0217578411102295,0.809973955154419,0.8318190574646,0.818571329116821,0.837912082672119,0.837912082672119,-1,-1,0.860367298126221,6.6378116607666,NaN,19.3407535552979,6.09302520751953,Instruction,Right,Left,Left,Right,Left,1,0,0,0,0,NaN,NaN,NaN,NaN,NaN,NaN,NaN,NaN,1,1,0,1,0,0,400,NaN,20260721_t1029_srsSmooth_training_B005,8,NaN,18.1787835597992,1.5547149181366,NaN,NaN,NaN,0,NaN,NaN,NaN,NaN,0
20260721_t1029_srsSmooth_training,srs_smooth_training,trial0401.mat,401,401,400,5,9,8,108,88,20,8,1,0,4,1,16,10454,1,2,1,2,1,1,2,2,2,2,SINGLE_T2_CORRECT,11,455,1,0,3,1,1,0,169,98,169,98,71,98,1,180,198,14,18,166,-148,148,NaN,NaN,NaN,1784645587.81721,2201.18870844,1.09612631797791,0.0172119140625,0.0197033882141113,0.612534046173096,0.633903026580811,0.620922088623047,0.639809608459473,0.639809608459473,-1,-1,0.662678718566895,2.49147415161133,NaN,18.8875198364258,5.90658187866211,Instruction,Right,Left,Left,Right,Left,1,0,0,0,0,NaN,NaN,NaN,NaN,NaN,NaN,NaN,NaN,1,1,0,1,0,0,401,NaN,20260721_t1029_srsSmooth_training_B005,9,NaN,18.2265283266703,1.56203699111938,NaN,NaN,NaN,0,NaN,NaN,NaN,NaN,0
20260721_t1029_srsSmooth_training,srs_smooth_training,trial0402.mat,402,402,401,5,10,9,108,88,20,8,1,0,3,1,11,6496,1,2,2,1,1,2,2,1,2,1,SINGLE_T2_CORRECT,11,455,1,0,2,1,1,0,172,108,172,108,64,108,1,180,199.5,15.5,19.5,164.5,-145,145,NaN,NaN,NaN,1784645590.47784,2203.84930264,1.06018328666687,0.0150117874145508,0.0166008472442627,0.601178407669067,0.623368740081787,0.610040426254272,0.629880428314209,0.629880428314209,-1,-1,0.652213335037231,1.58905982971191,NaN,19.8400020599365,6.51168823242188,Instruction,Left,Right,Right,Left,Right,1,0,0,0,0,NaN,NaN,NaN,NaN,NaN,NaN,NaN,NaN,0,0,1,1,0,0,402,NaN,20260721_t1029_srsSmooth_training_B005,10,NaN,18.2708722829819,1.56451106071472,NaN,NaN,NaN,0,NaN,NaN,NaN,NaN,0
20260721_t1029_srsSmooth_training,srs_smooth_training,trial0403.mat,403,403,402,5,11,10,108,88,20,8,1,0,1,1,5,20737,1,1,1,2,1,1,1,1,1,1,SINGLE_T1_CORRECT,10,455,1,0,1,1,1,0,149,118,149,118,31,149,1,180,19.5,191,160.5,11,149.5,149.5,NaN,NaN,NaN,1784645593.07571,2206.44717968,1.07958173751831,0.0172445774078369,0.0189855098724365,0.562593936920166,0.575600862503052,0.570467948913574,0.579011678695679,0.579011678695679,-1,-1,0.595376014709473,1.74093246459961,NaN,8.54372978210449,3.41081619262695,Instruction,Right,Left,Right,Right,Right,1,0,0,0,0,NaN,NaN,NaN,NaN,NaN,NaN,NaN,NaN,1,1,1,1,1,0,403,NaN,20260721_t1029_srsSmooth_training_B005,11,NaN,18.3141700824102,1.53768467903137,NaN,NaN,NaN,0,NaN,NaN,NaN,NaN,0
20260721_t1029_srsSmooth_training,srs_smooth_training,trial0404.mat,404,404,403,5,12,11,108,88,20,8,1,0,2,1,6,24850,1,1,2,1,1,2,1,2,1,2,SINGLE_T1_CORRECT,10,455,1,0,2,1,1,0,190,112,190,112,78,190,1,0,194,13.5,166,13.5,152.5,152.5,NaN,NaN,NaN,1784645595.69004,2209.06152224,1.28165292739868,0.019681453704834,0.021094799041748,0.729322671890259,0.744709253311157,0.737685441970825,0.746503114700317,0.746503114700317,-1,-1,0.76457691192627,1.41334533691406,NaN,8.81767272949219,1.79386138916016,Instruction,Left,Right,Left,Left,Left,1,0,0,0,0,NaN,NaN,NaN,NaN,NaN,NaN,NaN,NaN,0,0,0,1,1,0,404,NaN,20260721_t1029_srsSmooth_training_B005,12,NaN,18.3577422897021,1.53475069999695,NaN,NaN,NaN,0,NaN,NaN,NaN,NaN,0
20260721_t1029_srsSmooth_training,srs_smooth_training,trial0405.mat,405,405,404,5,13,12,108,88,20,8,1,0,3,1,14,16680,1,2,2,1,1,2,2,1,2,1,SINGLE_T2_CORRECT,11,455,1,0,4,1,1,0,178,115,178,115,63,115,1,180,197,18.5,17,161.5,-144.5,144.5,NaN,NaN,NaN,1784645598.5285,2211.89997828,1.24279236793518,0.0146651268005371,0.0161759853363037,0.743116617202759,0.764694213867188,0.751265287399292,0.770613193511963,0.770613193511963,-1,-1,0.793074607849121,1.5108585357666,NaN,19.3479061126709,5.91897964477539,Instruction,Left,Right,Right,Left,Right,1,0,0,0,0,NaN,NaN,NaN,NaN,NaN,NaN,NaN,NaN,0,0,1,1,0,0,405,NaN,20260721_t1029_srsSmooth_training_B005,13,NaN,18.4050499598185,1.55680727958679,NaN,NaN,NaN,0,NaN,NaN,NaN,NaN,0
20260721_t1029_srsSmooth_training,srs_smooth_training,trial0406.mat,406,406,405,5,14,13,108,88,20,8,1,0,3,1,15,18251,1,2,2,1,1,2,2,1,2,1,SINGLE_T2_CORRECT,11,455,1,0,1,1,1,0,195,76,195,76,119,76,1,0,18,193.5,18,166.5,-148.5,148.5,NaN,NaN,NaN,1784645601.30999,2214.68132828,1.04520916938782,0.0166263580322266,0.0180847644805908,0.601103782653809,0.616649150848389,0.609460115432739,0.61780309677124,0.61780309677124,-1,-1,0.635525465011597,1.45840644836426,NaN,8.34298133850098,1.15394592285156,Instruction,Left,Right,Right,Left,Right,1,0,0,0,0,NaN,NaN,NaN,NaN,NaN,NaN,NaN,NaN,0,0,1,1,0,0,406,NaN,20260721_t1029_srsSmooth_training_B005,14,NaN,18.4514079729716,1.53868842124939,NaN,NaN,NaN,0,NaN,NaN,NaN,NaN,0
20260721_t1029_srsSmooth_training,srs_smooth_training,trial0407.mat,407,407,406,5,15,14,108,88,20,8,1,0,2,1,9,20366,1,1,2,1,1,2,1,2,1,2,SINGLE_T1_CORRECT,10,455,1,0,4,1,1,0,159,104,159,104,55,159,1,0,196.5,15.5,163.5,15.5,148,148,NaN,NaN,NaN,1784645603.92271,2217.29410928,1.13244462013245,0.020665168762207,0.0226225852966309,0.582436084747314,0.604022026062012,0.590395450592041,0.609984874725342,0.609984874725342,-1,-1,0.641572952270508,1.95741653442383,NaN,19.5894241333008,5.96284866333008,Instruction,Left,Right,Left,Left,Left,1,0,0,0,0,NaN,NaN,NaN,NaN,NaN,NaN,NaN,NaN,0,0,0,1,1,0,407,NaN,20260721_t1029_srsSmooth_training_B005,15,NaN,18.4949534575144,1.56751990318298,NaN,NaN,NaN,0,NaN,NaN,NaN,NaN,0
20260721_t1029_srsSmooth_training,srs_smooth_training,trial0408.mat,408,408,407,5,16,15,108,88,20,8,1,0,2,1,8,8763,1,1,2,1,1,2,1,2,1,2,SINGLE_T1_CORRECT,10,455,1,0,4,1,1,0,190,108,190,108,82,190,1,0,194,16,166,16,150,150,NaN,NaN,NaN,1784645606.58435,2219.95569024,1.27949810028076,0.017470121383667,0.0189063549041748,0.711980104446411,0.73416543006897,0.720612287521362,0.740414619445801,0.740414619445801,-1,-1,0.762281656265259,1.43623352050781,NaN,19.8023319244385,6.24918937683105,Instruction,Left,Right,Left,Left,Left,1,0,0,0,0,NaN,NaN,NaN,NaN,NaN,NaN,NaN,NaN,0,0,0,1,1,0,408,NaN,20260721_t1029_srsSmooth_training_B005,16,NaN,18.5393139878909,1.52918720245361,NaN,NaN,NaN,0,NaN,NaN,NaN,NaN,0
20260721_t1029_srsSmooth_training,srs_smooth_training,trial0409.mat,409,409,408,5,17,16,108,88,20,8,1,0,2,1,7,15928,1,1,2,1,1,2,1,2,1,2,SINGLE_T1_CORRECT,10,455,1,0,4,1,1,0,192,103,192,103,89,192,1,0,192,12.5,168,12.5,155.5,155.5,NaN,NaN,NaN,1784645609.41295,2222.7841644,1.23432898521423,0.0139789581298828,0.0156099796295166,0.659002542495728,0.68067193031311,0.667285680770874,0.686021327972412,0.686021327972412,-1,-1,0.708682060241699,1.63102149963379,NaN,18.7356472015381,5.34939765930176,Instruction,Left,Right,Left,Left,Left,1,0,0,0,0,NaN,NaN,NaN,NaN,NaN,NaN,NaN,NaN,0,0,0,1,1,0,409,NaN,20260721_t1029_srsSmooth_training_B005,17,NaN,18.5864573597908,1.5491042137146,NaN,NaN,NaN,0,NaN,NaN,NaN,NaN,0
20260721_t1029_srsSmooth_training,srs_smooth_training,trial0410.mat,410,410,409,5,18,17,108,88,20,8,1,0,1,1,2,6374,1,1,1,2,1,1,1,1,1,1,SINGLE_T1_CORRECT,10,455,1,0,7,1,1,0,184,127,184,127,57,184,1,0,197.5,20,162.5,20,142.5,142.5,NaN,NaN,NaN,1784645612.21243,2225.58355364,1.21787142753601,0.0146071910858154,0.0195674896240234,0.642711877822876,0.664632320404053,0.651137590408325,0.670362949371338,0.670362949371338,-1,-1,0.699724912643433,4.96029853820801,NaN,19.2253589630127,5.73062896728516,Instruction,Right,Left,Right,Right,Right,1,0,0,0,0,NaN,NaN,NaN,NaN,NaN,NaN,NaN,NaN,1,1,1,1,1,0,410,NaN,20260721_t1029_srsSmooth_training_B005,18,NaN,18.6331153909365,1.56515288352966,NaN,NaN,NaN,0,NaN,NaN,NaN,NaN,0
20260721_t1029_srsSmooth_training,srs_smooth_training,trial0411.mat,411,411,410,5,19,18,108,88,20,8,1,0,1,1,4,5362,1,1,1,2,1,1,1,1,1,1,SINGLE_T1_CORRECT,10,455,1,0,4,1,1,0,186,103,186,103,83,186,1,0,198,11.5,162,11.5,150.5,150.5,NaN,NaN,NaN,1784645614.97252,2228.3435854,1.2828049659729,0.0129570960998535,0.0144212245941162,0.706717014312744,0.729652404785156,0.716439008712769,0.736005783081055,0.736005783081055,-1,-1,0.764999389648438,1.4641284942627,NaN,19.5667743682861,6.35337829589844,Instruction,Right,Left,Right,Right,Right,1,0,0,0,0,NaN,NaN,NaN,NaN,NaN,NaN,NaN,NaN,1,1,1,1,1,0,411,NaN,20260721_t1029_srsSmooth_training_B005,19,NaN,18.679116888841,1.54221844673157,NaN,NaN,NaN,0,NaN,NaN,NaN,NaN,0
20260721_t1029_srsSmooth_training,srs_smooth_training,trial0412.mat,412,412,411,5,20,19,108,88,20,8,1,0,4,1,20,30229,1,2,1,2,1,1,2,2,2,2,SINGLE_T2_CORRECT,11,455,1,0,5,1,1,0,182,113,182,113,69,113,1,0,15,197,15,163,-148,148,NaN,NaN,NaN,1784645617.80258,2231.17360532,1.13700914382935,0.0163407325744629,0.0183465480804443,0.644795417785645,0.666365385055542,0.652622699737549,0.671977281570435,0.671977281570435,-1,-1,0.694382429122925,2.00581550598145,NaN,19.3545818328857,5.61189651489258,Instruction,Right,Left,Left,Right,Left,1,0,0,0,0,NaN,NaN,NaN,NaN,NaN,NaN,NaN,NaN,1,1,0,1,0,0,412,NaN,20260721_t1029_srsSmooth_training_B005,20,NaN,18.7262845834096,1.54725670814514,NaN,NaN,NaN,0,NaN,NaN,NaN,NaN,0
20260721_t1029_srsSmooth_training,srs_smooth_training,trial0413.mat,413,413,412,5,21,20,108,88,20,8,1,1,6,2,54,17491,2,0,2,1,1,2,1,2,1,2,CHOSE_HIGH_SAL,1,455,1,0,6,1,1,0,180,106,180,106,74,180,1,180,14,191.5,166,11.5,154.5,154.5,NaN,NaN,NaN,1784645620.44472,2233.81585156,1.11961436271667,0.0159759521484375,0.0179953575134277,0.552370548248291,0.574331760406494,0.560590505599976,0.580322265625,0.580322265625,-1,-1,0.608673334121704,2.01940536499023,NaN,19.7317600250244,5.99050521850586,Congruent,Left,Right,Left,Left,Left,0,1,1,0,1,0,1,1,1,1,0,0,0,0,0,0,1,1,1,413,313,20260721_t1029_srsSmooth_training_B005,21,1,18.7703201452891,1.50512456893921,2,2,164,0,1,0,0,1,0
20260721_t1029_srsSmooth_training,srs_smooth_training,trial0414.mat,414,414,413,5,22,21,108,88,20,8,1,1,6,2,43,16971,2,0,2,1,1,2,1,2,1,2,CHOSE_HIGH_SAL,1,455,1,0,6,1,1,0,181,98,181,98,83,181,1,0,193.5,15,166.5,15,151.5,151.5,NaN,NaN,NaN,1784645623.12683,2236.49771192,1.25393009185791,0.0173044204711914,0.0192272663116455,0.712157487869263,0.733999490737915,0.720712900161743,0.739588260650635,0.739588260650635,-1,-1,0.768646478652954,1.9228458404541,NaN,18.8753604888916,5.58876991271973,Congruent,Left,Right,Left,Left,Left,0,1,1,0,1,0,1,1,1,1,0,0,0,0,0,0,1,1,1,414,314,20260721_t1029_srsSmooth_training_B005,22,2,18.8150219877561,1.56249618530273,1,2,180,1,0,0,1,1,0
20260721_t1029_srsSmooth_training,srs_smooth_training,trial0415.mat,415,415,414,5,23,22,108,88,20,8,1,1,5,2,25,5904,2,0,1,2,1,1,1,1,1,1,CHOSE_HIGH_SAL,1,455,1,0,2,1,1,0,179,115,179,115,64,179,1,180,19,194.5,161,14.5,146.5,146.5,NaN,NaN,NaN,1784645625.89562,2239.26653244,1.07692360877991,0.0152833461761475,0.0166878700256348,0.559942245483398,0.581972360610962,0.568087816238403,0.585923671722412,0.585923671722412,-1,-1,0.600960969924927,1.4045238494873,NaN,17.8358554840088,3.9513111114502,Congruent,Right,Left,Right,Right,Right,0,1,1,0,1,1,1,1,1,0,0,0,0,1,1,1,1,1,1,415,315,20260721_t1029_srsSmooth_training_B005,23,3,18.8611685911814,1.51486611366272,1,2,181,1,0,1,1,0,0
20260721_t1029_srsSmooth_training,srs_smooth_training,trial0416.mat,416,416,415,5,24,23,108,88,20,8,1,1,6,2,61,29029,2,0,2,1,1,2,1,2,1,2,CHOSE_HIGH_SAL,1,455,1,0,1,1,1,0,194,112,194,112,82,194,1,0,199,18,161,18,143,143,NaN,NaN,NaN,1784645628.50492,2241.87582296,1.0769464969635,0.0144212245941162,0.0159308910369873,0.548848152160645,0.564442873001099,0.557366847991943,0.565787792205811,0.565787792205811,-1,-1,0.583415508270264,1.50966644287109,NaN,8.42094421386719,1.34491920471191,Congruent,Left,Right,Left,Left,Left,0,1,1,0,1,0,1,1,1,1,0,0,0,0,0,0,1,1,1,416,316,20260721_t1029_srsSmooth_training_B005,24,4,18.9046568751335,1.53237342834473,1,1,179,1,0,1,1,0,0
20260721_t1029_srsSmooth_training,srs_smooth_training,trial0417.mat,417,417,416,5,25,24,108,88,20,8,1,2,8,2,102,12311,2,0,2,1,1,2,2,1,1,2,CHOSE_LOW_SAL,2,455,1,0,6,1,1,0,164,80,164,80,84,164,1,180,193,15.5,13,164.5,-151.5,151.5,NaN,NaN,NaN,1784645631.11254,2244.48334892,1.1830267906189,0.0152418613433838,0.0214321613311768,0.626962900161743,0.648599863052368,0.635376453399658,0.654665470123291,0.654665470123291,-1,-1,0.684700965881348,6.19029998779297,NaN,19.2890167236328,6.06560707092285,Conflict,Left,Right,Left,Left,Right,0,1,0,1,1,0,1,1,0,1,0,0,1,0,0,1,1,0,1,417,317,20260721_t1029_srsSmooth_training_B005,25,5,18.9481171329816,1.53066897392273,1,2,194,1,0,0,1,1,0
20260721_t1029_srsSmooth_training,srs_smooth_training,trial0418.mat,418,418,417,5,26,25,108,88,20,8,1,2,7,2,81,18093,2,0,1,2,1,1,2,2,1,1,CHOSE_LOW_SAL,2,455,1,0,1,1,1,0,188,90,188,90,98,188,1,0,13,196.5,13,163.5,-150.5,150.5,NaN,NaN,NaN,1784645633.85278,2247.22344092,1.17876577377319,0.0167715549468994,0.0223855972290039,0.644908666610718,0.658463954925537,0.652746677398682,0.661999940872192,0.661999940872192,-1,-1,0.677217721939087,5.61404228210449,NaN,9.25326347351074,3.53598594665527,Conflict,Right,Left,Right,Right,Left,0,1,0,1,1,1,1,1,0,0,0,0,1,1,1,0,1,0,1,418,318,20260721_t1029_srsSmooth_training_B005,26,6,18.9937878688176,1.55721735954285,1,2,164,1,0,1,1,0,0
20260721_t1029_srsSmooth_training,srs_smooth_training,trial0419.mat,419,419,418,5,27,26,108,88,20,8,1,2,8,2,108,7639,2,0,2,1,1,2,2,1,1,2,CHOSE_LOW_SAL,2,455,1,0,3,1,1,0,198,82,198,82,116,198,1,0,13,195.5,13,164.5,-151.5,151.5,NaN,NaN,NaN,1784645636.56265,2249.93340204,1.12682223320007,0.015345573425293,0.020798921585083,0.59374213218689,0.615368366241455,0.60222864151001,0.617017507553101,0.617017507553101,-1,-1,0.635355472564697,5.45334815979004,NaN,14.7888660430908,1.64914131164551,Conflict,Left,Right,Left,Left,Right,0,1,0,1,1,0,1,1,0,1,0,0,1,0,0,1,1,0,1,419,319,20260721_t1029_srsSmooth_training_B005,27,7,19.0389523029327,1.53110027313232,1,1,188,1,0,1,1,0,0
20260721_t1029_srsSmooth_training,srs_smooth_training,trial0420.mat,420,420,419,5,28,27,108,88,20,8,1,1,6,2,62,32753,2,0,2,1,1,2,1,2,1,2,CHOSE_HIGH_SAL,1,455,1,0,5,1,1,0,193,125,193,125,68,193,1,180,11.5,191.5,168.5,11.5,157,157,NaN,NaN,NaN,1784645639.25198,2252.62251976,1.2969388961792,0.0177810192108154,0.02335524559021,0.720928907394409,0.742808818817139,0.729022264480591,0.748026371002197,0.748026371002197,-1,-1,0.771449565887451,5.57422637939453,NaN,19.0041065216064,5.21755218505859,Congruent,Left,Right,Left,Left,Left,0,1,1,0,1,0,1,1,1,1,0,0,0,0,0,0,1,1,1,420,320,20260721_t1029_srsSmooth_training_B005,28,8,19.0837745785713,1.56251430511475,1,2,198,1,0,0,1,1,0
20260721_t1029_srsSmooth_training,srs_smooth_training,trial0421.mat,421,421,420,5,29,28,108,88,20,8,1,1,5,2,42,21053,2,0,1,2,1,1,1,1,1,1,CHOSE_HIGH_SAL,1,455,1,0,3,1,1,0,185,106,185,106,79,185,1,180,11,195.5,169,15.5,153.5,153.5,NaN,NaN,NaN,1784645642.09263,2255.4631538,1.3547420501709,0.0189120769500732,0.0204963684082031,0.803282976150513,0.81894326210022,0.811180353164673,0.819911003112793,0.819911003112793,-1,-1,0.838518381118774,1.58429145812988,NaN,8.73064994812012,0.967741012573242,Congruent,Right,Left,Right,Right,Right,0,1,1,0,1,1,1,1,1,0,0,0,0,1,1,1,1,1,1,421,321,20260721_t1029_srsSmooth_training_B005,29,9,19.1311186909676,1.54370784759521,1,2,193,1,0,1,1,0,0
20260721_t1029_srsSmooth_training,srs_smooth_training,trial0422.mat,422,422,421,5,30,29,108,88,20,8,1,1,6,2,45,14067,2,0,2,1,1,2,1,2,1,2,CHOSE_HIGH_SAL,1,455,1,0,6,1,1,0,206,121,206,121,85,206,1,0,195.5,15,164.5,15,149.5,149.5,NaN,NaN,NaN,1784645644.98954,2258.36003564,1.38372540473938,0.0137851238250732,0.0194554328918457,0.80055046081543,0.822150468826294,0.808466196060181,0.82795262336731,0.82795262336731,-1,-1,0.863323450088501,5.67030906677246,NaN,19.4864273071289,5.80215454101562,Congruent,Left,Right,Left,Left,Left,0,1,1,0,1,0,1,1,1,1,0,0,0,0,0,0,1,1,1,422,322,20260721_t1029_srsSmooth_training_B005,30,10,19.1794004718463,1.54216480255127,1,1,185,1,0,1,1,0,0
20260721_t1029_srsSmooth_training,srs_smooth_training,trial0423.mat,423,423,422,5,31,30,108,88,20,8,1,1,5,2,35,12568,2,0,1,2,1,1,1,1,1,1,CHOSE_HIGH_SAL,1,455,1,0,3,1,1,0,193,113,193,113,80,193,1,180,12.5,193.5,167.5,13.5,154,154,NaN,NaN,NaN,1784645647.91219,2261.28258676,1.10204839706421,0.0162479877471924,0.0180275440216064,0.560643911361694,0.574602842330933,0.56859827041626,0.578989028930664,0.578989028930664,-1,-1,0.608313322067261,1.77955627441406,NaN,10.3907585144043,4.38618659973145,Congruent,Right,Left,Right,Right,Right,0,1,1,0,1,1,1,1,1,0,0,0,0,1,1,1,1,1,1,423,323,20260721_t1029_srsSmooth_training_B005,31,11,19.2281113465627,1.53892707824707,1,2,206,1,0,1,1,0,0
20260721_t1029_srsSmooth_training,srs_smooth_training,trial0424.mat,424,424,423,5,32,31,108,88,20,8,1,1,6,2,48,27490,2,0,2,1,1,2,1,2,1,2,CHOSE_HIGH_SAL,1,455,1,0,5,1,1,0,187,124,187,124,63,187,1,180,20,190.5,160,10.5,149.5,149.5,NaN,NaN,NaN,1784645650.57238,2263.9427082,1.31008458137512,0.0144951343536377,0.0200374126434326,0.7676682472229,0.789524793624878,0.776436567306519,0.796204328536987,0.796204328536987,-1,-1,0.817663908004761,5.54227828979492,NaN,19.7677612304688,6.67953491210938,Congruent,Left,Right,Left,Left,Left,0,1,1,0,1,0,1,1,1,1,0,0,0,0,0,0,1,1,1,424,324,20260721_t1029_srsSmooth_training_B005,32,12,19.2724478642146,1.55814266204834,1,1,193,1,0,1,1,0,0
20260721_t1029_srsSmooth_training,srs_smooth_training,trial0425.mat,425,425,424,5,33,32,108,88,20,8,1,1,5,2,21,18472,2,0,1,2,1,1,1,1,1,1,CHOSE_HIGH_SAL,1,455,1,0,2,1,1,0,205,116,205,116,89,205,1,180,12,190,168,10,158,158,NaN,NaN,NaN,1784645653.41859,2266.78889736,1.2551474571228,0.0183956623077393,0.019634485244751,0.711286783218384,0.726757526397705,0.719596862792969,0.728769302368164,0.728769302368164,-1,-1,0.746297597885132,1.23882293701172,NaN,9.17243957519531,2.01177597045898,Congruent,Right,Left,Right,Right,Right,0,1,1,0,1,1,1,1,1,0,0,0,0,1,1,1,1,1,1,425,325,20260721_t1029_srsSmooth_training_B005,33,13,19.3198847015699,1.53612565994263,1,2,187,1,0,1,1,0,0
20260721_t1029_srsSmooth_training,srs_smooth_training,trial0426.mat,426,426,425,5,34,33,108,88,20,8,1,2,8,2,91,14716,2,0,2,1,1,2,2,1,1,2,CHOSE_LOW_SAL,2,455,1,0,1,1,1,0,191,119,191,119,72,191,1,180,191,20,11,160,-149,149,NaN,NaN,NaN,1784645656.22529,2269.59550712,1.06501722335815,0.0118043422698975,0.0183396339416504,0.548624992370605,0.561825275421143,0.556811332702637,0.562814235687256,0.562814235687256,-1,-1,0.572431325912476,6.53529167175293,NaN,6.00290298461914,0.988960266113281,Conflict,Left,Right,Left,Left,Right,0,1,0,1,1,0,1,1,0,1,0,0,1,0,0,1,1,0,1,426,326,20260721_t1029_srsSmooth_training_B005,34,14,19.3666630705198,1.55155467987061,1,1,205,1,0,1,1,0,0
20260721_t1029_srsSmooth_training,srs_smooth_training,trial0427.mat,427,427,426,5,35,34,108,88,20,8,1,1,6,2,59,7172,2,0,2,1,1,2,1,2,1,2,CHOSE_HIGH_SAL,1,455,1,0,0,1,1,0,158,136,158,136,22,158,1,0,198,17,162,17,145,145,NaN,NaN,NaN,1784645658.84264,2272.21282344,1.30651426315308,0.0195598602294922,0.0205655097961426,0.812684297561646,0.827924489974976,0.820915460586548,0.829310655593872,0.829310655593872,-1,-1,0.847130298614502,1.00564956665039,NaN,8.39519500732422,1.38616561889648,Congruent,Left,Right,Left,Left,Left,0,1,1,0,1,0,1,1,1,1,0,0,0,0,0,0,1,1,1,427,327,20260721_t1029_srsSmooth_training_B005,35,15,19.4102855324745,1.552330493927,1,2,191,1,0,0,1,1,0
20260721_t1029_srsSmooth_training,srs_smooth_training,trial0428.mat,428,428,427,5,36,35,108,88,20,8,1,2,8,2,92,7004,2,0,2,1,1,2,2,1,1,2,CHOSE_LOW_SAL,2,455,1,0,3,1,1,0,198,74,198,74,124,198,1,0,13,192.5,13,167.5,-154.5,154.5,NaN,NaN,NaN,1784645661.67909,2275.04910276,1.18308854103088,0.016549825668335,0.0182909965515137,0.628055095672607,0.649908065795898,0.636338710784912,0.656064748764038,0.656064748764038,-1,-1,0.678237676620483,1.74117088317871,NaN,19.726037979126,6.15668296813965,Conflict,Left,Right,Left,Left,Right,0,1,0,1,1,0,1,1,0,1,0,0,1,0,0,1,1,0,1,428,328,20260721_t1029_srsSmooth_training_B005,36,16,19.4575597763062,1.529940366745,1,2,158,1,0,0,1,1,0
20260721_t1029_srsSmooth_training,srs_smooth_training,trial0429.mat,429,429,428,5,37,36,108,88,20,8,1,2,7,2,69,28263,2,0,1,2,1,1,2,2,1,1,CHOSE_LOW_SAL,2,455,1,0,2,1,1,0,176,90,176,90,86,176,1,0,11.5,192,11.5,168,-156.5,156.5,NaN,NaN,NaN,1784645664.40401,2277.77408196,1.21229720115662,0.0167379379272461,0.0228555202484131,0.6787269115448,0.700097560882568,0.686986207962036,0.705174684524536,0.705174684524536,-1,-1,0.719697952270508,6.11758232116699,NaN,18.1884765625,5.07712364196777,Conflict,Right,Left,Right,Right,Left,0,1,0,1,1,1,1,1,0,0,0,0,1,1,1,0,1,0,1,429,329,20260721_t1029_srsSmooth_training_B005,37,17,19.502975098292,1.54183077812195,1,2,198,1,0,1,1,0,0
20260721_t1029_srsSmooth_training,srs_smooth_training,trial0430.mat,430,430,429,5,38,37,108,88,20,8,1,2,8,2,107,32215,2,0,2,1,1,2,2,1,1,2,CHOSE_LOW_SAL,2,455,1,0,4,1,1,0,167,105,167,105,62,167,1,180,198,16.5,18,163.5,-145.5,145.5,NaN,NaN,NaN,1784645667.15753,2280.52758924,1.30114102363586,0.0133256912231445,0.0188097953796387,0.749764919281006,0.771689414978027,0.758096933364868,0.778201818466187,0.778201818466187,-1,-1,0.800461769104004,5.48410415649414,NaN,20.1048851013184,6.51240348815918,Conflict,Left,Right,Left,Left,Right,0,1,0,1,1,0,1,1,0,1,0,0,1,0,0,1,1,0,1,430,330,20260721_t1029_srsSmooth_training_B005,38,18,19.5488671064377,1.5412232875824,1,1,176,1,0,1,1,0,0
20260721_t1029_srsSmooth_training,srs_smooth_training,trial0431.mat,431,431,430,5,39,38,108,88,20,8,1,2,8,2,99,24919,2,0,2,1,1,2,2,1,1,2,CHOSE_LOW_SAL,2,455,1,0,6,1,1,0,200,116,200,116,84,200,1,180,200,11.5,20,168.5,-148.5,148.5,NaN,NaN,NaN,1784645669.99835,2283.3683994,1.14264369010925,0.0142862796783447,0.0160136222839355,0.550572156906128,0.572641134262085,0.558959722518921,0.578107833862305,0.578107833862305,-1,-1,0.608108520507812,1.72734260559082,NaN,19.1481113433838,5.46669960021973,Conflict,Left,Right,Left,Left,Right,0,1,0,1,1,0,1,1,0,1,0,0,1,0,0,1,1,0,1,431,331,20260721_t1029_srsSmooth_training_B005,39,19,19.5962140758832,1.53967714309692,1,2,167,1,0,0,1,1,0
20260721_t1029_srsSmooth_training,srs_smooth_training,trial0432.mat,432,432,431,5,40,39,108,88,20,8,1,2,8,2,103,16902,2,0,2,1,1,2,2,1,1,2,CHOSE_LOW_SAL,2,455,1,0,1,1,1,0,164,134,164,134,30,164,1,180,196,17.5,16,162.5,-146.5,146.5,NaN,NaN,NaN,1784645672.68152,2286.05139628,1.27629089355469,0.0145533084869385,0.0192875862121582,0.767652273178101,0.78125,0.776247262954712,0.781976699829102,0.781976699829102,-1,-1,0.800644636154175,4.73427772521973,NaN,5.72943687438965,0.726699829101562,Conflict,Left,Right,Left,Left,Right,0,1,0,1,1,0,1,1,0,1,0,0,1,0,0,1,1,0,1,432,332,20260721_t1029_srsSmooth_training_B005,40,20,19.6409336090088,1.54052829742432,1,2,200,1,0,0,1,1,0
20260721_t1029_srsSmooth_training,srs_smooth_training,trial0433.mat,433,433,432,5,41,40,108,88,20,8,1,1,5,2,28,8234,2,0,1,2,1,1,1,1,1,1,CHOSE_HIGH_SAL,1,455,1,0,1,1,1,0,185,124,185,124,61,185,1,180,12,195.5,168,15.5,152.5,152.5,NaN,NaN,NaN,1784645675.46655,2288.83637972,1.33265256881714,0.0129721164703369,0.0149433612823486,0.799328327178955,0.821337223052979,0.807979822158813,0.822588205337524,0.822588205337524,-1,-1,0.840630292892456,1.97124481201172,NaN,14.6083831787109,1.2509822845459,Congruent,Right,Left,Right,Right,Right,0,1,1,0,1,1,1,1,1,0,0,0,0,1,1,1,1,1,1,433,333,20260721_t1029_srsSmooth_training_B005,41,21,19.6873506744703,1.50873303413391,1,2,164,1,0,1,1,0,0
20260721_t1029_srsSmooth_training,srs_smooth_training,trial0434.mat,434,434,433,5,42,41,108,88,20,8,1,1,5,2,27,26246,2,0,1,2,1,1,1,1,1,1,CHOSE_HIGH_SAL,1,455,1,0,1,1,1,0,184,133,184,133,51,184,1,180,14,191.5,166,11.5,154.5,154.5,NaN,NaN,NaN,1784645678.37281,2291.74258464,1.26930618286133,0.0151584148406982,0.0170876979827881,0.751935482025146,0.76518702507019,0.7601318359375,0.766104936599731,0.766104936599731,-1,-1,0.784524917602539,1.92928314208984,NaN,5.97310066223145,0.917911529541016,Congruent,Right,Left,Right,Right,Right,0,1,1,0,1,1,1,1,1,0,0,0,0,1,1,1,1,1,1,434,334,20260721_t1029_srsSmooth_training_B005,42,22,19.7357883731524,1.57360935211182,1,1,185,1,0,0,1,1,0
20260721_t1029_srsSmooth_training,srs_smooth_training,trial0435.mat,435,435,434,5,43,42,108,88,20,8,1,2,8,2,106,14796,2,0,2,1,1,2,2,1,1,2,CHOSE_LOW_SAL,2,455,1,0,5,1,1,0,200,94,200,94,106,200,1,180,200,10,20,170,-150,150,NaN,NaN,NaN,1784645681.16853,2294.53825432,1.25726628303528,0.0195446014404297,0.0249960422515869,0.672607183456421,0.694571733474731,0.680724859237671,0.700018882751465,0.700018882751465,-1,-1,0.72298264503479,5.45144081115723,NaN,19.2940235137939,5.4471492767334,Conflict,Left,Right,Left,Left,Right,0,1,0,1,1,0,1,1,0,1,0,0,1,0,0,1,1,0,1,435,335,20260721_t1029_srsSmooth_training_B005,43,23,19.7823837796847,1.52641820907593,1,1,184,1,0,1,1,0,0
20260721_t1029_srsSmooth_training,srs_smooth_training,trial0436.mat,436,436,435,5,44,43,108,88,20,8,1,1,6,2,56,7800,2,0,2,1,1,2,1,2,1,2,CHOSE_HIGH_SAL,1,455,1,0,5,1,1,0,175,124,175,124,51,175,1,0,195,18.5,165,18.5,146.5,146.5,NaN,NaN,NaN,1784645684.00694,2297.37653752,1.1013388633728,0.0145804882049561,0.0160155296325684,0.534492492675781,0.556268692016602,0.542694330215454,0.56190037727356,0.56190037727356,-1,-1,0.591521739959717,1.4350414276123,NaN,19.2060470581055,5.63168525695801,Congruent,Left,Right,Left,Left,Left,0,1,1,0,1,0,1,1,1,1,0,0,0,0,0,0,1,1,1,436,336,20260721_t1029_srsSmooth_training_B005,44,24,19.8296905994415,1.58114290237427,1,2,200,1,0,0,1,1,0
20260721_t1029_srsSmooth_training,srs_smooth_training,trial0437.mat,437,437,436,5,45,44,108,88,20,8,1,1,5,2,33,9862,2,0,1,2,1,1,1,1,1,1,CHOSE_HIGH_SAL,1,455,1,0,3,1,1,0,177,112,177,112,65,177,1,0,192,16.5,168,16.5,151.5,151.5,NaN,NaN,NaN,1784645686.65687,2300.02648372,1.26005816459656,0.0147607326507568,0.0166938304901123,0.734262704849243,0.756456613540649,0.743121862411499,0.762320280075073,0.762320280075073,-1,-1,0.784383535385132,1.93309783935547,NaN,19.1984176635742,5.86366653442383,Congruent,Right,Left,Right,Right,Right,0,1,1,0,1,1,1,1,1,0,0,0,0,1,1,1,1,1,1,437,337,20260721_t1029_srsSmooth_training_B005,45,25,19.8738559961319,1.54858493804932,1,2,175,1,0,1,1,0,0
20260721_t1029_srsSmooth_training,srs_smooth_training,trial0438.mat,438,438,437,5,46,45,108,88,20,8,1,1,5,2,23,22170,2,0,1,2,1,1,1,1,1,1,CHOSE_HIGH_SAL,1,455,1,0,3,1,1,0,181,99,181,99,82,181,1,180,17.5,190.5,162.5,10.5,152,152,NaN,NaN,NaN,1784645689.48887,2302.85827192,1.32010293006897,0.0162069797515869,0.0211572647094727,0.76114559173584,0.782904624938965,0.769651651382446,0.789047241210938,0.789047241210938,-1,-1,0.811407327651978,4.95028495788574,NaN,19.3955898284912,6.14261627197266,Congruent,Right,Left,Right,Right,Right,0,1,1,0,1,1,1,1,1,0,0,0,0,1,1,1,1,1,1,438,338,20260721_t1029_srsSmooth_training_B005,46,26,19.9210559805234,1.57194089889526,1,1,177,1,0,0,1,1,0
20260721_t1029_srsSmooth_training,srs_smooth_training,trial0439.mat,439,439,438,5,47,46,108,88,20,8,1,2,8,2,101,3019,2,0,2,1,1,2,2,1,1,2,CHOSE_LOW_SAL,2,455,1,0,4,1,1,0,168,111,168,111,57,168,1,180,200,13.5,20,166.5,-146.5,146.5,NaN,NaN,NaN,1784645692.35695,2305.726416,1.22665905952454,0.0149030685424805,0.0165224075317383,0.676746368408203,0.698263883590698,0.685035705566406,0.704243421554565,0.704243421554565,-1,-1,0.726679086685181,1.61933898925781,NaN,19.2077159881592,5.97953796386719,Conflict,Left,Right,Left,Left,Right,0,1,0,1,1,0,1,1,0,1,0,0,1,0,0,1,1,0,1,439,339,20260721_t1029_srsSmooth_training_B005,47,27,19.9688573757807,1.54798078536987,1,1,181,1,0,1,1,0,0
20260721_t1029_srsSmooth_training,srs_smooth_training,trial0440.mat,440,440,439,5,48,47,108,88,20,8,1,2,7,2,86,6250,2,0,1,2,1,1,2,2,1,1,CHOSE_LOW_SAL,2,455,1,0,2,1,1,0,205,96,205,96,109,205,1,180,193,17.5,13,162.5,-149.5,149.5,NaN,NaN,NaN,1784645695.10675,2308.47613156,1.31033301353455,0.0152132511138916,0.0164189338684082,0.760027170181274,0.781909942626953,0.768358707427979,0.787941217422485,0.787941217422485,-1,-1,0.809341192245483,1.2056827545166,NaN,19.5825099945068,6.03127479553223,Conflict,Right,Left,Right,Right,Left,0,1,0,1,1,1,1,1,0,0,0,0,1,1,1,0,1,0,1,440,340,20260721_t1029_srsSmooth_training_B005,48,28,20.014687359333,1.52313995361328,1,2,168,1,0,1,1,0,0
20260721_t1029_srsSmooth_training,srs_smooth_training,trial0441.mat,441,441,440,5,49,48,108,88,20,8,1,1,5,2,29,21790,2,0,1,2,1,1,1,1,1,1,CHOSE_HIGH_SAL,1,455,1,0,5,1,1,0,186,134,186,134,52,186,1,180,10,198.5,170,18.5,151.5,151.5,NaN,NaN,NaN,1784645697.97656,2311.34605712,1.19867062568665,0.0121867656707764,0.0134847164154053,0.615463018417358,0.637211561203003,0.623717069625854,0.643187761306763,0.643187761306763,-1,-1,0.671929836273193,1.29795074462891,NaN,19.4706916809082,5.97620010375977,Congruent,Right,Left,Right,Right,Right,0,1,1,0,1,1,1,1,1,0,0,0,0,1,1,1,1,1,1,441,341,20260721_t1029_srsSmooth_training_B005,49,29,20.0625174681346,1.55947351455688,1,1,205,1,0,0,1,1,0
20260721_t1029_srsSmooth_training,srs_smooth_training,trial0442.mat,442,442,441,5,50,49,108,88,20,8,1,1,5,2,26,13548,2,0,1,2,1,1,1,1,1,1,CHOSE_HIGH_SAL,1,455,1,0,3,1,1,0,187,129,187,129,58,187,1,180,19,194,161,14,147,147,NaN,NaN,NaN,1784645700.71844,2314.08775148,1.19069576263428,0.0204107761383057,0.0213823318481445,0.623104095458984,0.645435810089111,0.632091999053955,0.651211738586426,0.651211738586426,-1,-1,0.673202276229858,0.971555709838867,NaN,19.1197395324707,5.77592849731445,Congruent,Right,Left,Right,Right,Right,0,1,1,0,1,1,1,1,1,0,0,0,0,1,1,1,1,1,1,442,342,20260721_t1029_srsSmooth_training_B005,50,30,20.108215546608,1.5432140827179,1,1,186,1,0,0,1,1,0
20260721_t1029_srsSmooth_training,srs_smooth_training,trial0443.mat,443,443,442,5,51,50,108,88,20,8,1,1,6,2,58,23527,2,0,2,1,1,2,1,2,1,2,CHOSE_HIGH_SAL,1,455,1,0,0,1,1,0,192,109,192,109,83,192,1,0,190.5,16,169.5,16,153.5,153.5,NaN,NaN,NaN,1784645703.43246,2316.80163464,1.201176404953,0.0148279666900635,0.0201811790466309,0.674012422561646,0.68985390663147,0.682626247406006,0.691242456436157,0.691242456436157,-1,-1,0.708556652069092,5.35321235656738,NaN,8.61620903015137,1.3885498046875,Congruent,Left,Right,Left,Left,Left,0,1,1,0,1,0,1,1,1,1,0,0,0,0,0,0,1,1,1,443,343,20260721_t1029_srsSmooth_training_B005,51,31,20.1534492770831,1.52332806587219,1,1,187,1,0,1,1,0,0
20260721_t1029_srsSmooth_training,srs_smooth_training,trial0444.mat,444,444,443,5,52,51,108,88,20,8,1,2,7,2,83,9813,2,0,1,2,1,1,2,2,1,1,CHOSE_LOW_SAL,2,455,1,0,2,1,1,0,195,122,195,122,73,195,1,0,16,191.5,16,168.5,-152.5,152.5,NaN,NaN,NaN,1784645706.19166,2319.56084472,1.23361921310425,0.01407790184021,0.0195460319519043,0.692354917526245,0.71410608291626,0.70094108581543,0.720487356185913,0.720487356185913,-1,-1,0.744009733200073,5.46813011169434,NaN,19.5462703704834,6.38127326965332,Conflict,Right,Left,Right,Right,Left,0,1,0,1,1,1,1,1,0,0,0,0,1,1,1,0,1,0,1,444,344,20260721_t1029_srsSmooth_training_B005,52,32,20.1994358102481,1.55801558494568,1,2,192,1,0,1,1,0,0
20260721_t1029_srsSmooth_training,srs_smooth_training,trial0445.mat,445,445,444,5,53,52,108,88,20,8,1,2,7,2,65,20543,2,0,1,2,1,1,2,2,1,1,CHOSE_LOW_SAL,2,455,1,0,1,1,1,0,183,128,183,128,55,183,1,180,200,18,20,162,-142,142,NaN,NaN,NaN,1784645708.93053,2322.29966648,1.1116783618927,0.0169777870178223,0.0180466175079346,0.59508752822876,0.608667850494385,0.603656530380249,0.609658718109131,0.609658718109131,-1,-1,0.627815008163452,1.0688304901123,NaN,6.00218772888184,0.990867614746094,Conflict,Right,Left,Right,Right,Left,0,1,0,1,1,1,1,1,0,0,0,0,1,1,1,0,1,0,1,445,345,20260721_t1029_srsSmooth_training_B005,53,33,20.2450837333997,1.50525617599487,1,1,195,1,0,0,1,1,0
20260721_t1029_srsSmooth_training,srs_smooth_training,trial0446.mat,446,446,445,5,54,53,108,88,20,8,1,1,5,2,32,3140,2,0,1,2,1,1,1,1,1,1,CHOSE_HIGH_SAL,1,455,1,0,6,1,1,0,175,155,175,155,20,175,1,180,16,196,164,16,148,148,NaN,NaN,NaN,1784645711.60248,2324.97145572,1.33219432830811,0.020129919052124,0.0265460014343262,0.773421049118042,0.795161008834839,0.78180456161499,0.800990343093872,0.800990343093872,-1,-1,0.823102235794067,6.41608238220215,NaN,19.1857814788818,5.8293342590332,Congruent,Right,Left,Right,Right,Right,0,1,1,0,1,1,1,1,1,0,0,0,0,1,1,1,1,1,1,446,346,20260721_t1029_srsSmooth_training_B005,54,34,20.2896162947019,1.5602753162384,1,1,183,1,0,0,1,1,0
20260721_t1029_srsSmooth_training,srs_smooth_training,trial0447.mat,447,447,446,5,55,54,108,88,20,8,1,2,7,2,82,28684,2,0,1,2,1,1,2,2,1,1,CHOSE_LOW_SAL,2,455,1,0,5,1,1,0,180,102,180,102,78,180,1,180,191.5,11,11.5,169,-157.5,157.5,NaN,NaN,NaN,1784645714.49194,2327.86088428,1.21777129173279,0.0141215324401855,0.0157408714294434,0.684232711791992,0.705816030502319,0.692544221878052,0.712278842926025,0.712278842926025,-1,-1,0.73427939414978,1.61933898925781,NaN,19.7346210479736,6.46281242370605,Conflict,Right,Left,Right,Right,Left,0,1,0,1,1,1,1,1,0,0,0,0,1,1,1,0,1,0,1,447,347,20260721_t1029_srsSmooth_training_B005,55,35,20.3377738992373,1.55726194381714,1,1,175,1,0,0,1,1,0
20260721_t1029_srsSmooth_training,srs_smooth_training,trial0448.mat,448,448,447,5,56,55,108,88,20,8,1,1,6,2,63,25774,2,0,2,1,1,2,1,2,1,2,CHOSE_HIGH_SAL,1,455,1,0,6,1,1,0,168,110,168,110,58,168,1,180,14,196,166,16,150,150,NaN,NaN,NaN,1784645717.26311,2330.63215512,1.23828101158142,0.018064022064209,0.0230860710144043,0.687992572784424,0.709757804870605,0.696649551391602,0.715387344360352,0.715387344360352,-1,-1,0.74355411529541,5.02204895019531,NaN,18.73779296875,5.62953948974609,Congruent,Left,Right,Left,Left,Left,0,1,1,0,1,0,1,1,1,1,0,0,0,0,0,0,1,1,1,448,348,20260721_t1029_srsSmooth_training_B005,56,36,20.3839600284894,1.55339646339417,1,1,180,1,0,1,1,0,0
20260721_t1029_srsSmooth_training,srs_smooth_training,trial0449.mat,449,449,448,5,57,56,108,88,20,8,1,1,5,2,31,14159,2,0,1,2,1,1,1,1,1,1,CHOSE_HIGH_SAL,1,455,1,0,5,1,1,0,167,111,167,111,56,167,1,180,15,198.5,165,18.5,146.5,146.5,NaN,NaN,NaN,1784645720.00669,2333.3756748,1.25334668159485,0.016261100769043,0.0215911865234375,0.736411333084106,0.757957220077515,0.744456052780151,0.76488733291626,0.76488733291626,-1,-1,0.785901308059692,5.33008575439453,NaN,20.4312801361084,6.93011283874512,Congruent,Right,Left,Right,Right,Right,0,1,1,0,1,1,1,1,1,0,0,0,0,1,1,1,1,1,1,449,349,20260721_t1029_srsSmooth_training_B005,57,37,20.4296863238017,1.50529670715332,1,2,168,1,0,1,1,0,0
20260721_t1029_srsSmooth_training,srs_smooth_training,trial0450.mat,450,450,449,5,58,57,108,88,20,8,1,2,7,2,75,7950,2,0,1,2,1,1,2,2,1,1,CHOSE_LOW_SAL,2,455,1,0,3,1,1,0,197,118,197,118,79,197,1,180,196,13,16,167,-151,151,NaN,NaN,NaN,1784645722.80474,2336.17361852,1.14729070663452,0.0183160305023193,0.0203049182891846,0.586209058761597,0.601672887802124,0.594597578048706,0.60291576385498,0.60291576385498,-1,-1,0.620844841003418,1.98888778686523,NaN,8.31818580627441,1.24287605285645,Conflict,Right,Left,Right,Right,Left,0,1,0,1,1,1,1,1,0,0,0,0,1,1,1,0,1,0,1,450,350,20260721_t1029_srsSmooth_training_B005,58,38,20.4763205925624,1.54470944404602,1,1,167,1,0,0,1,1,0
20260721_t1029_srsSmooth_training,srs_smooth_training,trial0451.mat,451,451,450,5,59,58,108,88,20,8,1,2,7,2,66,10695,2,0,1,2,1,1,2,2,1,1,CHOSE_LOW_SAL,2,455,1,0,4,1,1,0,191,96,191,96,95,191,1,0,13,193,13,167,-154,154,NaN,NaN,NaN,1784645725.46978,2338.838673,1.2403826713562,0.0117180347442627,0.0132381916046143,0.665090799331665,0.686744928359985,0.673304557800293,0.692654132843018,0.692654132843018,-1,-1,0.714462757110596,1.52015686035156,NaN,19.3495750427246,5.90920448303223,Conflict,Right,Left,Right,Right,Left,0,1,0,1,1,1,1,1,0,0,0,0,1,1,1,0,1,0,1,451,351,20260721_t1029_srsSmooth_training_B005,59,39,20.5207378784815,1.51774644851685,1,1,197,1,0,0,1,1,0
20260721_t1029_srsSmooth_training,srs_smooth_training,trial0452.mat,452,452,451,5,60,59,108,88,20,8,1,2,7,2,84,2063,2,0,1,2,1,1,2,2,1,1,CHOSE_LOW_SAL,2,455,1,0,5,1,1,0,164,103,164,103,61,164,1,0,13.5,197.5,13.5,162.5,-149,149,NaN,NaN,NaN,1784645728.25313,2341.62193392,1.34034109115601,0.0118091106414795,0.0171220302581787,0.798299312591553,0.820173978805542,0.806733131408691,0.82526159286499,0.82526159286499,-1,-1,0.85831880569458,5.31291961669922,NaN,18.5284614562988,5.08761405944824,Conflict,Right,Left,Right,Right,Left,0,1,0,1,1,1,1,1,0,0,0,0,1,1,1,0,1,0,1,452,352,20260721_t1029_srsSmooth_training_B005,60,40,20.5671270926793,1.54297018051147,1,1,191,1,0,0,1,1,0
20260721_t1029_srsSmooth_training,srs_smooth_training,trial0453.mat,453,453,452,5,61,60,108,88,20,8,1,1,5,2,40,21467,2,0,1,2,1,1,1,1,1,1,CHOSE_HIGH_SAL,1,455,1,0,5,1,1,0,176,98,176,98,78,176,1,180,15,195,165,15,150,150,NaN,NaN,NaN,1784645731.13187,2344.50053964,1.22838187217712,0.0165212154388428,0.0178351402282715,0.669619560241699,0.691548109054565,0.678059339523315,0.697203159332275,0.697203159332275,-1,-1,0.719645261764526,1.31392478942871,NaN,19.14381980896,5.65505027770996,Congruent,Right,Left,Right,Right,Right,0,1,1,0,1,1,1,1,1,0,0,0,0,1,1,1,1,1,1,453,353,20260721_t1029_srsSmooth_training_B005,61,41,20.615106010437,1.5383939743042,1,1,164,1,0,0,1,1,0
20260721_t1029_srsSmooth_training,srs_smooth_training,trial0454.mat,454,454,453,5,62,61,108,88,20,8,1,1,6,2,50,5892,2,0,2,1,1,2,1,2,1,2,CHOSE_HIGH_SAL,1,455,1,0,4,1,1,0,191,128,191,128,63,191,1,180,18.5,192,161.5,12,149.5,149.5,NaN,NaN,NaN,1784645733.90746,2347.27621304,1.17775321006775,0.016035795211792,0.0175521373748779,0.602503061294556,0.624393701553345,0.611117601394653,0.629619598388672,0.629619598388672,-1,-1,0.651882410049438,1.51634216308594,NaN,18.5019969940186,5.22589683532715,Congruent,Left,Right,Left,Left,Left,0,1,1,0,1,0,1,1,1,1,0,0,0,0,0,0,1,1,1,454,354,20260721_t1029_srsSmooth_training_B005,62,42,20.661365934213,1.54721355438232,1,1,176,1,0,1,1,0,0
20260721_t1029_srsSmooth_training,srs_smooth_training,trial0455.mat,455,455,454,5,63,62,108,88,20,8,1,2,7,2,80,1428,2,0,1,2,1,1,2,2,1,1,CHOSE_LOW_SAL,2,455,1,0,2,1,1,0,195,120,195,120,75,195,1,180,197.5,13,17.5,167,-149.5,149.5,NaN,NaN,NaN,1784645736.6273,2349.99576364,1.35816764831543,0.0129749774932861,0.0178496837615967,0.816164016723633,0.838007926940918,0.824669122695923,0.843815326690674,0.843815326690674,-1,-1,0.866291522979736,4.87470626831055,NaN,19.146203994751,5.80739974975586,Conflict,Right,Left,Right,Right,Left,0,1,0,1,1,1,1,1,0,0,0,0,1,1,1,0,1,0,1,455,355,20260721_t1029_srsSmooth_training_B005,63,43,20.7066965301832,1.54208254814148,1,2,191,1,0,1,1,0,0
20260721_t1029_srsSmooth_training,srs_smooth_training,trial0456.mat,456,456,455,5,64,63,108,88,20,8,1,2,7,2,76,16634,2,0,1,2,1,1,2,2,1,1,CHOSE_LOW_SAL,2,455,1,0,4,1,1,0,199,118,199,118,81,199,1,180,191.5,11.5,11.5,168.5,-157,157,NaN,NaN,NaN,1784645739.52829,2352.89669944,1.27399969100952,0.0204315185546875,0.0225145816802979,0.706976652145386,0.728792428970337,0.715354204177856,0.734901189804077,0.734901189804077,-1,-1,0.757253408432007,2.08306312561035,NaN,19.5469856262207,6.10876083374023,Conflict,Right,Left,Right,Right,Left,0,1,0,1,1,1,1,1,0,0,0,0,1,1,1,0,1,0,1,456,356,20260721_t1029_srsSmooth_training_B005,64,44,20.7550464034081,1.54282474517822,1,1,195,1,0,0,1,1,0
20260721_t1029_srsSmooth_training,srs_smooth_training,trial0457.mat,457,457,456,5,65,64,108,88,20,8,1,2,7,2,71,19900,2,0,1,2,1,1,2,2,1,1,CHOSE_LOW_SAL,2,455,1,0,1,1,1,0,185,106,185,106,79,185,1,0,19,192.5,19,167.5,-148.5,148.5,NaN,NaN,NaN,1784645742.36092,2355.72933716,1.07503366470337,0.0129117965698242,0.0148065090179443,0.524433612823486,0.537932634353638,0.532462596893311,0.538777828216553,0.538777828216553,-1,-1,0.557486534118652,1.89471244812012,NaN,6.31523132324219,0.845193862915039,Conflict,Right,Left,Right,Right,Left,0,1,0,1,1,1,1,1,0,0,0,0,1,1,1,0,1,0,1,457,357,20260721_t1029_srsSmooth_training_B005,65,45,20.8022569338481,1.55863213539124,1,1,199,1,0,0,1,1,0
20260721_t1029_srsSmooth_training,srs_smooth_training,trial0458.mat,458,458,457,5,66,65,108,88,20,8,1,1,6,2,46,32553,2,0,2,1,1,2,1,2,1,2,CHOSE_HIGH_SAL,1,455,1,0,4,1,1,0,181,105,181,105,76,181,1,0,194,13,166,13,153,153,NaN,NaN,NaN,1784645744.98364,2358.3519692,1.12662696838379,0.0153007507324219,0.0211999416351318,0.568502187728882,0.590323686599731,0.577151536941528,0.596316576004028,0.596316576004028,-1,-1,0.617581605911255,5.89919090270996,NaN,19.1650390625,5.99288940429688,Congruent,Left,Right,Left,Left,Left,0,1,1,0,1,0,1,1,1,1,0,0,0,0,0,0,1,1,1,458,358,20260721_t1029_srsSmooth_training_B005,66,46,20.8459688504537,1.54768133163452,1,1,185,1,0,1,1,0,0
20260721_t1029_srsSmooth_training,srs_smooth_training,trial0459.mat,459,459,458,5,67,66,108,88,20,8,1,2,8,2,90,1238,2,0,2,1,1,2,2,1,1,2,CHOSE_LOW_SAL,2,455,1,0,2,1,1,0,169,131,169,131,38,169,1,0,10,199,10,161,-151,151,NaN,NaN,NaN,1784645747.68284,2361.05122148,1.03603291511536,0.0162105560302734,0.0224971771240234,0.536243677139282,0.549564361572266,0.544264554977417,0.550787687301636,0.550787687301636,-1,-1,0.569005727767944,6.28662109375,NaN,6.52313232421875,1.22332572937012,Conflict,Left,Right,Left,Left,Right,0,1,0,1,1,0,1,1,0,1,0,0,1,0,0,1,1,0,1,459,359,20260721_t1029_srsSmooth_training_B005,67,47,20.8909554878871,1.57257127761841,1,2,181,1,0,0,1,1,0
20260721_t1029_srsSmooth_training,srs_smooth_training,trial0460.mat,460,460,459,5,68,67,108,88,20,8,1,2,8,2,100,31874,2,0,2,1,1,2,2,1,1,2,CHOSE_LOW_SAL,2,455,1,0,1,1,1,0,194,117,194,117,77,194,1,0,12,190,12,170,-158,158,NaN,NaN,NaN,1784645750.26734,2363.63555252,1.33625388145447,0.0151400566101074,0.0169363021850586,0.776625156402588,0.790171146392822,0.785190582275391,0.791293621063232,0.791293621063232,-1,-1,0.809244394302368,1.79624557495117,NaN,6.1030387878418,1.12247467041016,Conflict,Left,Right,Left,Left,Right,0,1,0,1,1,0,1,1,0,1,0,0,1,0,0,1,1,0,1,460,360,20260721_t1029_srsSmooth_training_B005,68,48,20.934030576547,1.54847240447998,1,2,169,1,0,0,1,1,0
20260721_t1029_srsSmooth_training,srs_smooth_training,trial0461.mat,461,461,460,5,69,68,108,88,20,8,1,1,6,2,47,12473,2,0,2,1,1,2,1,2,1,2,CHOSE_HIGH_SAL,1,455,1,0,2,1,1,0,188,124,188,124,64,188,1,0,197.5,11,162.5,11,151.5,151.5,NaN,NaN,NaN,1784645753.10459,2366.47285952,1.10640978813171,0.0196747779846191,0.0217678546905518,0.573051929473877,0.594697713851929,0.581520318984985,0.600822448730469,0.600822448730469,-1,-1,0.62296986579895,2.09307670593262,NaN,19.3021297454834,6.12473487854004,Congruent,Left,Right,Left,Left,Left,0,1,1,0,1,0,1,1,1,1,0,0,0,0,0,0,1,1,1,461,361,20260721_t1029_srsSmooth_training_B005,69,49,20.9813179969788,1.5009913444519,1,2,194,1,0,0,1,1,0
20260721_t1029_srsSmooth_training,srs_smooth_training,trial0462.mat,462,462,461,5,70,69,108,88,20,8,1,2,7,2,67,19645,2,0,1,2,1,1,2,2,1,1,CHOSE_LOW_SAL,2,455,1,0,4,1,1,0,170,89,170,89,81,170,1,180,199.5,17.5,19.5,162.5,-143,143,NaN,NaN,NaN,1784645755.73462,2369.10281784,1.28525304794312,0.0147428512573242,0.0165343284606934,0.768060684204102,0.789775133132935,0.776558876037598,0.796198606491089,0.796198606491089,-1,-1,0.817969799041748,1.79147720336914,NaN,19.6397304534912,6.4234733581543,Conflict,Right,Left,Right,Right,Left,0,1,0,1,1,1,1,1,0,0,0,0,1,1,1,0,1,0,1,462,362,20260721_t1029_srsSmooth_training_B005,70,50,21.0251519282659,1.52362608909607,1,2,188,1,0,1,1,0,0
20260721_t1029_srsSmooth_training,srs_smooth_training,trial0463.mat,463,463,462,5,71,70,108,88,20,8,1,1,5,2,41,14251,2,0,1,2,1,1,1,1,1,1,CHOSE_HIGH_SAL,1,455,1,0,2,1,1,0,187,121,187,121,66,187,1,0,196.5,10,163.5,10,153.5,153.5,NaN,NaN,NaN,1784645758.5708,2371.93892484,1.19088196754456,0.0120081901550293,0.0132300853729248,0.665185928344727,0.687035083770752,0.673768281936646,0.688637971878052,0.688637971878052,-1,-1,0.706979513168335,1.22189521789551,NaN,14.8696899414062,1.6028881072998,Congruent,Right,Left,Right,Right,Right,0,1,1,0,1,1,1,1,1,0,0,0,0,1,1,1,1,1,1,463,363,20260721_t1029_srsSmooth_training_B005,71,51,21.0724216103554,1.55092787742615,1,1,170,1,0,0,1,1,0
20260721_t1029_srsSmooth_training,srs_smooth_training,trial0464.mat,464,464,463,5,72,71,108,88,20,8,1,1,6,2,52,9760,2,0,2,1,1,2,1,2,1,2,CHOSE_HIGH_SAL,1,455,1,0,2,1,1,0,174,97,174,97,77,174,1,0,195,13,165,13,152,152,NaN,NaN,NaN,1784645761.31386,2374.68198612,1.08095479011536,0.0190563201904297,0.0207808017730713,0.561605453491211,0.577412128448486,0.570005655288696,0.57862663269043,0.57862663269043,-1,-1,0.597005844116211,1.7244815826416,NaN,8.6209774017334,1.21450424194336,Congruent,Left,Right,Left,Left,Left,0,1,1,0,1,0,1,1,1,1,0,0,0,0,0,0,1,1,1,464,364,20260721_t1029_srsSmooth_training_B005,72,52,21.1181392908096,1.55217885971069,1,1,187,1,0,1,1,0,0
20260721_t1029_srsSmooth_training,srs_smooth_training,trial0465.mat,465,465,464,5,73,72,108,88,20,8,1,2,8,2,104,130,2,0,2,1,1,2,2,1,1,2,CHOSE_LOW_SAL,2,455,1,0,4,1,1,0,174,90,174,90,84,174,1,180,192,16.5,12,163.5,-151.5,151.5,NaN,NaN,NaN,1784645763.94807,2377.31600176,1.36394214630127,0.0182881355285645,0.0208477973937988,0.80489182472229,0.826654434204102,0.813217401504517,0.832602500915527,0.832602500915527,-1,-1,0.86064600944519,2.55966186523438,NaN,19.3850994110107,5.94806671142578,Conflict,Left,Right,Left,Left,Right,0,1,0,1,1,0,1,1,0,1,0,0,1,0,0,1,1,0,1,465,365,20260721_t1029_srsSmooth_training_B005,73,53,21.1620427211126,1.55325102806091,1,2,174,1,0,0,1,1,0
20260721_t1029_srsSmooth_training,srs_smooth_training,trial0466.mat,466,466,465,5,74,73,108,88,20,8,1,2,7,2,73,13568,2,0,1,2,1,1,2,2,1,1,CHOSE_LOW_SAL,2,455,1,0,12,1,1,0,195,102,195,102,93,195,1,180,198.5,20,18.5,160,-141.5,141.5,NaN,NaN,NaN,1784645766.8498,2380.217931,1.3791835308075,0.0166726112365723,0.0183353424072266,0.795083045959473,0.816704750061035,0.803450345993042,0.822129964828491,0.822129964828491,-1,-1,0.851300239562988,1.6627311706543,NaN,18.6796188354492,5.42521476745605,Conflict,Right,Left,Right,Right,Left,0,1,0,1,1,1,1,1,0,0,0,0,1,1,1,0,1,0,1,466,366,20260721_t1029_srsSmooth_training_B005,74,54,21.2104048967361,1.53778839111328,1,2,174,1,0,1,1,0,0
20260721_t1029_srsSmooth_training,srs_smooth_training,trial0467.mat,467,467,466,5,75,74,108,88,20,8,1,2,8,2,95,30950,2,0,2,1,1,2,2,1,1,2,CHOSE_LOW_SAL,2,455,1,0,4,1,1,0,195,116,195,116,79,195,1,180,196.5,18,16.5,162,-145.5,145.5,NaN,NaN,NaN,1784645769.7659,2383.13378284,1.35532569885254,0.0173561573028564,0.0188267230987549,0.779112815856934,0.80072021484375,0.787478446960449,0.806433200836182,0.806433200836182,-1,-1,0.828641176223755,1.47056579589844,NaN,18.9547538757324,5.71298599243164,Conflict,Left,Right,Left,Left,Right,0,1,0,1,1,0,1,1,0,1,0,0,1,0,0,1,1,0,1,467,367,20260721_t1029_srsSmooth_training_B005,75,55,21.2590065439542,1.53691530227661,1,1,195,1,0,1,1,0,0
20260721_t1029_srsSmooth_training,srs_smooth_training,trial0468.mat,468,468,467,5,76,75,108,88,20,8,1,1,5,2,38,5654,2,0,1,2,1,1,1,1,1,1,CHOSE_HIGH_SAL,1,455,1,0,4,1,1,0,177,99,177,99,78,177,1,0,191.5,16.5,168.5,16.5,152,152,NaN,NaN,NaN,1784645772.67065,2386.03845636,1.24989557266235,0.0127236843109131,0.0143890380859375,0.691004753112793,0.712751626968384,0.699329614639282,0.718972206115723,0.718972206115723,-1,-1,0.740739345550537,1.66535377502441,NaN,19.6425914764404,6.22057914733887,Congruent,Right,Left,Right,Right,Right,0,1,1,0,1,1,1,1,1,0,0,0,0,1,1,1,1,1,1,468,368,20260721_t1029_srsSmooth_training_B005,76,56,21.3074189861616,1.54942083358765,1,2,195,1,0,1,1,0,0
20260721_t1029_srsSmooth_training,srs_smooth_training,trial0469.mat,469,469,468,5,77,76,108,88,20,8,1,2,7,2,85,19464,2,0,1,2,1,1,2,2,1,1,CHOSE_LOW_SAL,2,455,1,0,3,1,1,0,202,135,202,135,67,202,1,180,198.5,11,18.5,169,-150.5,150.5,NaN,NaN,NaN,1784645775.46758,2388.83537008,1.21874284744263,0.0159006118774414,0.0211570262908936,0.650582075119019,0.665925741195679,0.6587073802948,0.667449712753296,0.667449712753296,-1,-1,0.68551230430603,5.25641441345215,NaN,8.74233245849609,1.52397155761719,Conflict,Right,Left,Right,Right,Left,0,1,0,1,1,1,1,1,0,0,0,0,1,1,1,0,1,0,1,469,369,20260721_t1029_srsSmooth_training_B005,77,57,21.3540345509847,1.54703831672668,1,1,177,1,0,0,1,1,0
20260721_t1029_srsSmooth_training,srs_smooth_training,trial0470.mat,470,470,469,5,78,77,108,88,20,8,1,2,7,2,79,31991,2,0,1,2,1,1,2,2,1,1,CHOSE_LOW_SAL,2,455,1,0,4,1,1,0,177,121,177,121,56,177,1,0,14.5,193.5,14.5,166.5,-152,152,NaN,NaN,NaN,1784645778.24259,2391.61035288,1.17047667503357,0.0159974098205566,0.0271327495574951,0.611079931259155,0.632688283920288,0.619500398635864,0.639161586761475,0.639161586761475,-1,-1,0.661307811737061,11.1353397369385,NaN,19.6611881256104,6.47330284118652,Conflict,Right,Left,Right,Right,Left,0,1,0,1,1,1,1,1,0,0,0,0,1,1,1,0,1,0,1,470,370,20260721_t1029_srsSmooth_training_B005,78,58,21.40028475523,1.55626940727234,1,1,202,1,0,0,1,1,0
20260721_t1029_srsSmooth_training,srs_smooth_training,trial0471.mat,471,471,470,5,79,78,108,88,20,8,1,2,8,2,96,15052,2,0,2,1,1,2,2,1,1,2,CHOSE_LOW_SAL,2,455,1,0,3,1,1,0,182,133,182,133,49,182,1,0,10.5,199.5,10.5,160.5,-150,150,NaN,NaN,NaN,1784645780.9145,2394.28226164,1.36422038078308,0.0108628273010254,0.0121731758117676,0.805525064468384,0.827561855316162,0.814206838607788,0.833100318908691,0.833100318908691,-1,-1,0.846852779388428,1.31034851074219,NaN,18.8934803009033,5.5384635925293,Conflict,Left,Right,Left,Left,Right,0,1,0,1,1,0,1,1,0,1,0,0,1,0,0,1,1,0,1,471,371,20260721_t1029_srsSmooth_training_B005,79,59,21.4448165098826,1.50142860412598,1,1,177,1,0,1,1,0,0
20260721_t1029_srsSmooth_training,srs_smooth_training,trial0472.mat,472,472,471,5,80,79,108,88,20,8,1,2,8,2,88,7714,2,0,2,1,1,2,2,1,1,2,CHOSE_LOW_SAL,2,455,1,0,3,1,1,0,189,106,189,106,83,189,1,180,192.5,19,12.5,161,-148.5,148.5,NaN,NaN,NaN,1784645783.78982,2397.1574722,1.36430382728577,0.0189876556396484,0.0207135677337646,0.79744291305542,0.81902003288269,0.805776119232178,0.825198650360107,0.825198650360107,-1,-1,0.846987962722778,1.72591209411621,NaN,19.4225311279297,6.17861747741699,Conflict,Left,Right,Left,Left,Right,0,1,0,1,1,0,1,1,0,1,0,0,1,0,0,1,1,0,1,472,372,20260721_t1029_srsSmooth_training_B005,80,60,21.4927385290464,1.51110076904297,1,2,182,1,0,0,1,1,0
20260721_t1029_srsSmooth_training,srs_smooth_training,trial0473.mat,473,473,472,5,81,80,108,88,20,8,1,1,6,2,60,16033,2,0,2,1,1,2,1,2,1,2,CHOSE_HIGH_SAL,1,455,1,0,4,1,1,0,206,106,206,106,100,206,1,0,194,10,166,10,156,156,NaN,NaN,NaN,1784645786.70484,2400.07248336,1.33742260932922,0.0124154090881348,0.0138955116271973,0.782727956771851,0.804113388061523,0.791211128234863,0.810209989547729,0.810209989547729,-1,-1,0.832149744033813,1.4801025390625,NaN,18.9988613128662,6.09660148620605,Congruent,Left,Right,Left,Left,Left,0,1,1,0,1,0,1,1,1,1,0,0,0,0,0,0,1,1,1,473,373,20260721_t1029_srsSmooth_training_B005,81,61,21.541322183609,1.55071544647217,1,2,189,1,0,0,1,1,0
20260721_t1029_srsSmooth_training,srs_smooth_training,trial0474.mat,474,474,473,5,82,81,108,88,20,8,1,1,6,2,57,20500,2,0,2,1,1,2,1,2,1,2,CHOSE_HIGH_SAL,1,455,1,0,3,1,1,0,155,108,155,108,47,155,1,0,193,16.5,167,16.5,150.5,150.5,NaN,NaN,NaN,1784645789.58601,2402.95346312,1.14315724372864,0.0146937370300293,0.0166068077087402,0.617881298065186,0.639748096466064,0.626216411590576,0.647369623184204,0.647369623184204,-1,-1,0.670590877532959,1.91307067871094,NaN,21.1532115936279,7.62152671813965,Congruent,Left,Right,Left,Left,Left,0,1,1,0,1,0,1,1,1,1,0,0,0,0,0,0,1,1,1,474,374,20260721_t1029_srsSmooth_training_B005,82,62,21.5893416444461,1.54374504089355,1,2,206,1,0,0,1,1,0
20260721_t1029_srsSmooth_training,srs_smooth_training,trial0475.mat,475,475,474,5,83,82,108,88,20,8,1,1,5,2,36,14365,2,0,1,2,1,1,1,1,1,1,CHOSE_HIGH_SAL,1,455,1,0,5,1,1,0,176,90,176,90,86,176,1,0,194,17.5,166,17.5,148.5,148.5,NaN,NaN,NaN,1784645792.26006,2405.627519,1.36188387870789,0.0157449245452881,0.0258276462554932,0.79402756690979,0.815775632858276,0.802415132522583,0.824576139450073,0.824576139450073,-1,-1,0.850430965423584,10.0827217102051,NaN,22.1610069274902,8.80050659179688,Congruent,Right,Left,Right,Right,Right,0,1,1,0,1,1,1,1,1,0,0,0,0,1,1,1,1,1,1,475,375,20260721_t1029_srsSmooth_training_B005,83,63,21.6339092135429,1.53089690208435,1,2,155,1,0,1,1,0,0
20260721_t1029_srsSmooth_training,srs_smooth_training,trial0476.mat,476,476,475,5,84,83,108,88,20,8,1,1,5,2,39,2727,2,0,1,2,1,1,1,1,1,1,CHOSE_HIGH_SAL,1,455,1,0,5,1,1,0,195,134,195,134,61,195,1,180,15,191.5,165,11.5,153.5,153.5,NaN,NaN,NaN,1784645795.17633,2408.54388104,1.30317974090576,0.0162575244903564,0.0176455974578857,0.72757887840271,0.749619483947754,0.736160755157471,0.756139993667603,0.756139993667603,-1,-1,0.777019023895264,1.3880729675293,NaN,19.9792385101318,6.52050971984863,Congruent,Right,Left,Right,Right,Right,0,1,1,0,1,1,1,1,1,0,0,0,0,1,1,1,1,1,1,476,376,20260721_t1029_srsSmooth_training_B005,84,64,21.682513666153,1.55438327789307,1,1,176,1,0,0,1,1,0
20260721_t1029_srsSmooth_training,srs_smooth_training,trial0477.mat,477,477,476,5,85,84,108,88,20,8,1,1,6,2,55,25285,2,0,2,1,1,2,1,2,1,2,CHOSE_HIGH_SAL,1,455,1,0,5,1,1,0,210,73,210,73,137,210,1,0,197,10.5,163,10.5,152.5,152.5,NaN,NaN,NaN,1784645798.02475,2411.39221156,1.16131472587585,0.0179460048675537,0.0199911594390869,0.554268836975098,0.576301097869873,0.563116788864136,0.582993984222412,0.582993984222412,-1,-1,0.604622602462769,2.0451545715332,NaN,19.8771953582764,6.69288635253906,Congruent,Left,Right,Left,Left,Left,0,1,1,0,1,0,1,1,1,1,0,0,0,0,0,0,1,1,1,477,377,20260721_t1029_srsSmooth_training_B005,85,65,21.7299873789152,1.54524302482605,1,1,195,1,0,1,1,0,0
20260721_t1029_srsSmooth_training,srs_smooth_training,trial0478.mat,478,478,477,5,86,85,108,88,20,8,1,2,8,2,105,31043,2,0,2,1,1,2,2,1,1,2,CHOSE_LOW_SAL,2,455,1,0,2,1,1,0,201,95,201,95,106,201,1,0,17.5,197,17.5,163,-145.5,145.5,NaN,NaN,NaN,1784645800.77741,2414.14456164,1.1607518196106,0.0153963565826416,0.0194668769836426,0.618764162063599,0.640420436859131,0.627209663391113,0.64212703704834,0.64212703704834,-1,-1,0.659455299377441,4.07052040100098,NaN,14.9173736572266,1.70660018920898,Conflict,Left,Right,Left,Left,Right,0,1,0,1,1,0,1,1,0,1,0,0,1,0,0,1,1,0,1,478,378,20260721_t1029_srsSmooth_training_B005,86,66,21.7758649865786,1.5913417339325,1,2,210,1,0,0,1,1,0
20260721_t1029_srsSmooth_training,srs_smooth_training,trial0479.mat,479,479,478,5,87,86,108,88,20,8,1,2,8,2,98,3504,2,0,2,1,1,2,2,1,1,2,CHOSE_LOW_SAL,2,455,1,0,1,1,1,0,197,114,197,114,83,197,1,180,195.5,12,15.5,168,-152.5,152.5,NaN,NaN,NaN,1784645803.49277,2416.8598652,1.13686227798462,0.0168094635009766,0.0180809497833252,0.61107325553894,0.625166654586792,0.617775440216064,0.62672233581543,0.62672233581543,-1,-1,0.644300937652588,1.27148628234863,NaN,8.94689559936523,1.5556812286377,Conflict,Left,Right,Left,Left,Right,0,1,0,1,1,0,1,1,0,1,0,0,1,0,0,1,1,0,1,479,379,20260721_t1029_srsSmooth_training_B005,87,67,21.8211209654808,1.55460691452026,1,2,201,1,0,0,1,1,0
20260721_t1029_srsSmooth_training,srs_smooth_training,trial0480.mat,480,480,479,5,88,87,108,88,20,8,1,2,7,2,68,24530,2,0,1,2,1,1,2,2,1,1,CHOSE_LOW_SAL,2,455,1,0,5,1,1,0,203,126,203,126,77,203,1,180,200,17.5,20,162.5,-142.5,142.5,NaN,NaN,NaN,1784645806.21482,2419.5820148,1.2966628074646,0.0198602676391602,0.0213210582733154,0.731274604797363,0.753222227096558,0.739570140838623,0.758675575256348,0.758675575256348,-1,-1,0.787980556488037,1.46079063415527,NaN,19.1054344177246,5.45334815979004,Conflict,Right,Left,Right,Right,Left,0,1,0,1,1,1,1,1,0,0,0,0,1,1,1,0,1,0,1,480,380,20260721_t1029_srsSmooth_training_B005,88,68,21.8664885560672,1.58519315719604,1,2,197,1,0,1,1,0,0
20260721_t1029_srsSmooth_training,srs_smooth_training,trial0481.mat,481,481,480,5,89,88,108,88,20,8,1,2,7,2,78,15004,2,0,1,2,1,1,2,2,1,1,CHOSE_LOW_SAL,2,455,1,0,2,1,1,0,191,114,191,114,77,191,1,0,15,195,15,165,-150,150,NaN,NaN,NaN,1784645809.06901,2422.43610904,1.17783904075623,0.0157778263092041,0.0217146873474121,0.643808603286743,0.665803194046021,0.652367353439331,0.671093463897705,0.671093463897705,-1,-1,0.685390949249268,5.93686103820801,NaN,18.726110458374,5.29026985168457,Conflict,Right,Left,Right,Right,Left,0,1,0,1,1,1,1,1,0,0,0,0,1,1,1,0,1,0,1,481,381,20260721_t1029_srsSmooth_training_B005,89,69,21.9140584429105,1.55753040313721,1,1,203,1,0,0,1,1,0
20260721_t1029_srsSmooth_training,srs_smooth_training,trial0482.mat,482,482,481,5,90,89,108,88,20,8,1,2,8,2,87,9691,2,0,2,1,1,2,2,1,1,2,CHOSE_LOW_SAL,2,455,1,0,4,1,1,0,201,94,201,94,107,201,1,0,20,192.5,20,167.5,-147.5,147.5,NaN,NaN,NaN,1784645811.78007,2425.14710488,1.34904599189758,0.0131628513336182,0.0139729976654053,0.774120807647705,0.796526908874512,0.782875299453735,0.801218748092651,0.801218748092651,-1,-1,0.834352731704712,0.810146331787109,NaN,18.343448638916,4.69183921813965,Conflict,Left,Right,Left,Left,Right,0,1,0,1,1,0,1,1,0,1,0,0,1,0,0,1,1,0,1,482,382,20260721_t1029_srsSmooth_training_B005,90,70,21.959242661794,1.53321409225464,1,1,191,1,0,1,1,0,0
20260721_t1029_srsSmooth_training,srs_smooth_training,trial0483.mat,483,483,482,5,91,90,108,88,20,8,1,2,7,2,77,32049,2,0,1,2,1,1,2,2,1,1,CHOSE_LOW_SAL,2,455,1,0,2,1,1,0,192,126,192,126,66,192,1,180,194.5,17,14.5,163,-148.5,148.5,NaN,NaN,NaN,1784645814.70016,2428.0670506,1.3719539642334,0.0181825160980225,0.0220382213592529,0.811209440231323,0.826547622680664,0.819572925567627,0.828006982803345,0.828006982803345,-1,-1,0.845997333526611,3.85570526123047,NaN,8.43405723571777,1.45936012268066,Conflict,Right,Left,Right,Right,Left,0,1,0,1,1,1,1,1,0,0,0,0,1,1,1,0,1,0,1,483,383,20260721_t1029_srsSmooth_training_B005,91,71,22.0079108993212,1.57104825973511,1,2,201,1,0,1,1,0,0
20260721_t1029_srsSmooth_training,srs_smooth_training,trial0484.mat,484,484,483,5,92,91,108,88,20,8,1,1,5,2,24,11708,2,0,1,2,1,1,1,1,1,1,CHOSE_HIGH_SAL,1,455,1,0,0,1,1,0,187,140,187,140,47,187,1,0,198,10.5,162,10.5,151.5,151.5,NaN,NaN,NaN,1784645817.6177,2430.984636,1.12982296943665,0.0174198150634766,0.0197362899780273,0.610225677490234,0.625776767730713,0.618338823318481,0.626781702041626,0.626781702041626,-1,-1,0.645339488983154,2.31647491455078,NaN,8.44287872314453,1.00493431091309,Congruent,Right,Left,Right,Right,Right,0,1,1,0,1,1,1,1,1,0,0,0,0,1,1,1,1,1,1,484,384,20260721_t1029_srsSmooth_training_B005,92,72,22.0565366109212,1.54558873176575,1,1,192,1,0,0,1,1,0
20260721_t1029_srsSmooth_training,srs_smooth_training,trial0485.mat,485,485,484,5,93,92,108,88,20,8,1,1,6,2,64,5336,2,0,2,1,1,2,1,2,1,2,CHOSE_HIGH_SAL,1,455,1,0,1,1,1,0,165,127,165,127,38,165,1,0,192.5,12.5,167.5,12.5,155,155,NaN,NaN,NaN,1784645820.3026,2433.6695474,1.12753343582153,0.0159602165222168,0.0177199840545654,0.60053539276123,0.615983247756958,0.609172105789185,0.617426872253418,0.617426872253418,-1,-1,0.63479208946228,1.75976753234863,NaN,8.2547664642334,1.44362449645996,Congruent,Left,Right,Left,Left,Left,0,1,1,0,1,0,1,1,1,1,0,0,0,0,0,0,1,1,1,485,385,20260721_t1029_srsSmooth_training_B005,93,73,22.1012849052747,1.55507469177246,1,1,187,1,0,1,1,0,0
20260721_t1029_srsSmooth_training,srs_smooth_training,trial0486.mat,486,486,485,5,94,93,108,88,20,8,1,2,8,2,94,1103,2,0,2,1,1,2,2,1,1,2,CHOSE_LOW_SAL,2,455,1,0,1,1,1,0,179,120,179,120,59,179,1,0,12.5,198.5,12.5,161.5,-149,149,NaN,NaN,NaN,1784645822.97205,2436.33896204,1.30848908424377,0.0132861137390137,0.0142683982849121,0.7988600730896,0.81331729888916,0.807234764099121,0.815913200378418,0.815913200378418,-1,-1,0.832021951675415,0.982284545898438,NaN,8.67843627929688,2.59590148925781,Conflict,Left,Right,Left,Left,Right,0,1,0,1,1,0,1,1,0,1,0,0,1,0,0,1,1,0,1,486,386,20260721_t1029_srsSmooth_training_B005,94,74,22.1457756400108,1.54191064834595,1,2,165,1,0,0,1,1,0
20260721_t1029_srsSmooth_training,srs_smooth_training,trial0487.mat,487,487,486,5,95,94,108,88,20,8,1,2,7,2,70,2017,2,0,1,2,1,1,2,2,1,1,CHOSE_LOW_SAL,2,455,1,0,3,1,1,0,153,102,153,102,51,153,1,180,196,15.5,16,164.5,-148.5,148.5,NaN,NaN,NaN,1784645825.80827,2439.17516412,1.29660630226135,0.0105016231536865,0.0155959129333496,0.763687133789062,0.785531520843506,0.771952629089355,0.790890216827393,0.790890216827393,-1,-1,0.81386137008667,5.09428977966309,NaN,18.9375877380371,5.35869598388672,Conflict,Right,Left,Right,Right,Left,0,1,0,1,1,1,1,1,0,0,0,0,1,1,1,0,1,0,1,487,387,20260721_t1029_srsSmooth_training_B005,95,75,22.1930461168289,1.52773952484131,1,2,179,1,0,1,1,0,0
20260721_t1029_srsSmooth_training,srs_smooth_training,trial0488.mat,488,488,487,5,96,95,108,88,20,8,1,2,8,2,89,20670,2,0,2,1,1,2,2,1,1,2,CHOSE_LOW_SAL,2,455,1,0,2,1,1,0,197,118,197,118,79,197,1,180,195.5,17,15.5,163,-147.5,147.5,NaN,NaN,NaN,1784645828.65982,2442.02648496,1.21010065078735,0.017402172088623,0.0195155143737793,0.670339107513428,0.69242787361145,0.678714275360107,0.693634510040283,0.693634510040283,-1,-1,0.711170434951782,2.11334228515625,NaN,14.9202346801758,1.20663642883301,Conflict,Left,Right,Left,Left,Right,0,1,0,1,1,0,1,1,0,1,0,0,1,0,0,1,1,0,1,488,388,20260721_t1029_srsSmooth_training_B005,96,76,22.2405718445778,1.5549373626709,1,1,153,1,0,1,1,0,0
20260721_t1029_srsSmooth_training,srs_smooth_training,trial0489.mat,489,489,488,5,97,96,108,88,20,8,1,1,6,2,51,23043,2,0,2,1,1,2,1,2,1,2,CHOSE_HIGH_SAL,1,455,1,0,1,1,1,0,173,129,173,129,44,173,1,180,20,191,160,11,149,149,NaN,NaN,NaN,1784645831.43593,2444.80255024,1.09096527099609,0.0164027214050293,0.0182108879089355,0.550574779510498,0.566423654556274,0.559380531311035,0.568086862564087,0.568086862564087,-1,-1,0.586173057556152,1.80816650390625,NaN,8.70633125305176,1.6632080078125,Congruent,Left,Right,Left,Left,Left,0,1,1,0,1,0,1,1,1,1,0,0,0,0,0,0,1,1,1,489,389,20260721_t1029_srsSmooth_training_B005,97,77,22.2868402997653,1.56600666046143,1,2,197,1,0,0,1,1,0
20260721_t1029_srsSmooth_training,srs_smooth_training,trial0490.mat,490,490,489,5,98,97,108,88,20,8,1,1,5,2,30,5799,2,0,1,2,1,1,1,1,1,1,CHOSE_HIGH_SAL,1,455,1,0,2,1,1,0,187,126,187,126,61,187,1,180,18,198.5,162,18.5,143.5,143.5,NaN,NaN,NaN,1784645834.06364,2447.43043828,1.31775164604187,0.0137934684753418,0.014732837677002,0.783897876739502,0.80549144744873,0.79218602180481,0.811405420303345,0.811405420303345,-1,-1,0.833279132843018,0.939369201660156,NaN,19.2193984985352,5.91397285461426,Congruent,Right,Left,Right,Right,Right,0,1,1,0,1,1,1,1,1,0,0,0,0,1,1,1,1,1,1,490,390,20260721_t1029_srsSmooth_training_B005,98,78,22.3306354840597,1.53674578666687,1,2,173,1,0,1,1,0,0
20260721_t1029_srsSmooth_training,srs_smooth_training,trial0491.mat,491,491,490,5,99,98,108,88,20,8,1,2,8,2,97,25903,2,0,2,1,1,2,2,1,1,2,CHOSE_LOW_SAL,2,455,1,0,6,1,1,0,186,115,186,115,71,186,1,180,191.5,16,11.5,164,-152.5,152.5,NaN,NaN,NaN,1784645836.89626,2450.26278144,1.18418741226196,0.0146117210388184,0.0203113555908203,0.60969066619873,0.631301879882812,0.618001699447632,0.636553287506104,0.636553287506104,-1,-1,0.668374061584473,5.69963455200195,NaN,18.5515880584717,5.25140762329102,Conflict,Left,Right,Left,Left,Right,0,1,0,1,1,0,1,1,0,1,0,0,1,0,0,1,1,0,1,491,391,20260721_t1029_srsSmooth_training_B005,99,79,22.3778459111849,1.51487398147583,1,1,187,1,0,1,1,0,0
20260721_t1029_srsSmooth_training,srs_smooth_training,trial0492.mat,492,492,491,5,100,99,108,88,20,8,1,1,6,2,53,13869,2,0,2,1,1,2,1,2,1,2,CHOSE_HIGH_SAL,1,455,1,0,6,1,1,0,193,106,193,106,87,193,1,180,12,199,168,19,149,149,NaN,NaN,NaN,1784645839.61946,2452.98598788,1.34480810165405,0.0165219306945801,0.0217242240905762,0.778315305709839,0.799885749816895,0.78657341003418,0.806266069412231,0.806266069412231,-1,-1,0.832454442977905,5.20229339599609,NaN,19.6926593780518,6.38031959533691,Congruent,Left,Right,Left,Left,Left,0,1,1,0,1,0,1,1,1,1,0,0,0,0,0,0,1,1,1,492,392,20260721_t1029_srsSmooth_training_B005,100,80,22.4232325116793,1.53900861740112,1,2,186,1,0,0,1,1,0
20260721_t1029_srsSmooth_training,srs_smooth_training,trial0493.mat,493,493,492,5,101,100,108,88,20,8,1,1,6,2,44,4313,2,0,2,1,1,2,1,2,1,2,CHOSE_HIGH_SAL,1,455,1,0,4,1,1,0,197,119,197,119,78,197,1,0,197.5,18,162.5,18,144.5,144.5,NaN,NaN,NaN,1784645842.51147,2455.8778928,1.30251359939575,0.0162851810455322,0.0209355354309082,0.728000402450562,0.74964714050293,0.736431121826172,0.75563645362854,0.75563645362854,-1,-1,0.777250289916992,4.65035438537598,NaN,19.2053318023682,5.98931312561035,Congruent,Left,Right,Left,Left,Left,0,1,1,0,1,0,1,1,1,1,0,0,0,0,0,0,1,1,1,493,393,20260721_t1029_srsSmooth_training_B005,101,81,22.4714327732722,1.54720759391785,1,2,193,1,0,0,1,1,0
20260721_t1029_srsSmooth_training,srs_smooth_training,trial0494.mat,494,494,493,5,102,101,108,88,20,8,1,1,5,2,37,298,2,0,1,2,1,1,1,1,1,1,CHOSE_HIGH_SAL,1,455,1,0,1,1,1,0,162,119,162,119,43,162,1,0,198,11,162,11,151,151,NaN,NaN,NaN,1784645845.37036,2458.73688048,1.05286240577698,0.0158436298370361,0.0167863368988037,0.527652740478516,0.54086446762085,0.535639762878418,0.541848421096802,0.541848421096802,-1,-1,0.56042218208313,0.942707061767578,NaN,6.20865821838379,0.983953475952148,Congruent,Right,Left,Right,Right,Right,0,1,1,0,1,1,1,1,1,0,0,0,0,1,1,1,1,1,1,494,394,20260721_t1029_srsSmooth_training_B005,102,82,22.5190808693568,1.55637216567993,1,2,197,1,0,1,1,0,0
20260721_t1029_srsSmooth_training,srs_smooth_training,trial0495.mat,495,495,494,5,103,102,108,88,20,8,1,2,8,2,93,12707,2,0,2,1,1,2,2,1,1,2,CHOSE_LOW_SAL,2,455,1,0,1,1,1,0,169,136,169,136,33,169,1,0,11.5,192,11.5,168,-156.5,156.5,NaN,NaN,NaN,1784645847.97449,2461.34087516,1.04523944854736,0.0201482772827148,0.0211584568023682,0.531387567520142,0.553502559661865,0.539921522140503,0.555245876312256,0.555245876312256,-1,-1,0.573169946670532,1.01017951965332,NaN,15.3243541717529,1.74331665039062,Conflict,Left,Right,Left,Left,Right,0,1,0,1,1,0,1,1,0,1,0,0,1,0,0,1,1,0,1,495,395,20260721_t1029_srsSmooth_training_B005,103,83,22.5624830365181,1.55126762390137,1,1,162,1,0,1,1,0,0
20260721_t1029_srsSmooth_training,srs_smooth_training,trial0496.mat,496,496,495,5,104,103,108,88,20,8,1,2,7,2,74,12223,2,0,1,2,1,1,2,2,1,1,CHOSE_LOW_SAL,2,455,1,0,0,1,1,0,198,125,198,125,73,198,1,0,14.5,190.5,14.5,169.5,-155,155,NaN,NaN,NaN,1784645850.54979,2463.9160134,1.20639681816101,0.0199494361877441,0.0217597484588623,0.680664777755737,0.694975614547729,0.689072370529175,0.699123859405518,0.699123859405518,-1,-1,0.714316844940186,1.81031227111816,NaN,10.0514888763428,4.14824485778809,Conflict,Right,Left,Right,Right,Left,0,1,0,1,1,1,1,1,0,0,0,0,1,1,1,0,1,0,1,496,396,20260721_t1029_srsSmooth_training_B005,104,84,22.605404706796,1.53006076812744,1,2,169,1,0,1,1,0,0
20260721_t1029_srsSmooth_training,srs_smooth_training,trial0497.mat,497,497,496,5,105,104,108,88,20,8,1,1,5,2,34,23583,2,0,1,2,1,1,1,1,1,1,CHOSE_HIGH_SAL,1,455,1,0,3,1,1,0,180,91,180,91,89,180,1,0,195.5,19,164.5,19,145.5,145.5,NaN,NaN,NaN,1784645853.27466,2466.64093032,1.34871625900269,0.0118532180786133,0.0162372589111328,0.815282106399536,0.836885452270508,0.823582887649536,0.843100547790527,0.843100547790527,-1,-1,0.868941783905029,4.38404083251953,NaN,19.5176601409912,6.21509552001953,Congruent,Right,Left,Right,Right,Right,0,1,1,0,1,1,1,1,1,0,0,0,0,1,1,1,1,1,1,497,397,20260721_t1029_srsSmooth_training_B005,105,85,22.6508191903432,1.51847219467163,1,1,198,1,0,0,1,1,0
20260721_t1029_srsSmooth_training,srs_smooth_training,trial0498.mat,498,498,497,5,106,105,108,88,20,8,1,1,6,2,49,1596,2,0,2,1,1,2,1,2,1,2,CHOSE_HIGH_SAL,1,455,1,0,2,1,1,0,166,124,166,124,42,166,1,0,199,13,161,13,148,148,NaN,NaN,NaN,1784645856.17839,2469.54451344,1.12858724594116,0.0165719985961914,0.0173647403717041,0.586800813674927,0.608262300491333,0.594816207885742,0.614515066146851,0.614515066146851,-1,-1,0.627339839935303,0.792741775512695,NaN,19.6988582611084,6.25276565551758,Congruent,Left,Right,Left,Left,Left,0,1,1,0,1,0,1,1,1,1,0,0,0,0,0,0,1,1,1,498,398,20260721_t1029_srsSmooth_training_B005,106,86,22.6992146412532,1.55501079559326,1,1,180,1,0,1,1,0,0
20260721_t1029_srsSmooth_training,srs_smooth_training,trial0499.mat,499,499,498,5,107,106,108,88,20,8,1,1,5,2,22,6106,2,0,1,2,1,1,1,1,1,1,CHOSE_HIGH_SAL,1,455,1,0,5,1,1,0,164,149,164,149,15,164,1,0,190.5,11.5,169.5,11.5,158,158,NaN,NaN,NaN,1784645858.86749,2472.2334732,1.28023386001587,0.0192387104034424,0.0218744277954102,0.739202499389648,0.760934591293335,0.747778415679932,0.767362833023071,0.767362833023071,-1,-1,0.789109945297241,2.63571739196777,NaN,19.5844173431396,6.42824172973633,Congruent,Right,Left,Right,Right,Right,0,1,1,0,1,1,1,1,1,0,0,0,0,1,1,1,1,1,1,499,399,20260721_t1029_srsSmooth_training_B005,107,87,22.7440330664317,1.56051826477051,1,2,166,1,0,1,1,0,0
20260721_t1029_srsSmooth_training,srs_smooth_training,trial0500.mat,500,500,499,5,108,107,108,88,20,8,1,2,7,2,72,13601,2,0,1,2,1,1,2,2,1,1,CHOSE_LOW_SAL,2,455,1,0,4,1,1,0,159,123,159,123,36,159,1,0,16,200,16,160,-144,144,NaN,NaN,NaN,1784645861.68406,2475.05008336,1.29804158210754,0.0194482803344727,0.0210988521575928,0.764179229736328,0.786145210266113,0.772671937942505,0.78744912147522,0.78744912147522,-1,-1,0.805965185165405,1.65057182312012,NaN,14.7771835327148,1.30391120910645,Conflict,Right,Left,Right,Right,Left,0,1,0,1,1,1,1,1,0,0,0,0,1,1,1,0,1,0,1,500,400,20260721_t1029_srsSmooth_training_B005,108,88,22.7909758408864,1.53633260726929,1,1,164,1,0,0,1,1,0
20260721_t1029_srsSmooth_training,srs_smooth_training,trial0501.mat,501,501,500,6,1,0,108,88,20,8,2,0,3,1,15,15817,1,2,2,1,2,1,2,1,2,1,SINGLE_T2_CORRECT,11,455,1,0,6,1,1,0,68,167,167,68,-99,167,1,180,191.5,18.5,11.5,161.5,-150,150,NaN,NaN,NaN,1784645864.51641,2477.88252288,1.25705647468567,0.0122034549713135,0.0140795707702637,0.706801176071167,0.728898525238037,0.715251445770264,0.735062122344971,0.735062122344971,-1,-1,0.763123512268066,1.8761157989502,NaN,19.810676574707,6.16359710693359,Instruction,Left,Right,Right,Right,Right,1,0,0,0,0,NaN,NaN,NaN,NaN,NaN,NaN,NaN,NaN,0,1,1,0,0,0,501,NaN,20260721_t1029_srsSmooth_training_B006,1,NaN,22.8381817698479,1.53431415557861,NaN,NaN,NaN,0,NaN,NaN,NaN,NaN,0
20260721_t1029_srsSmooth_training,srs_smooth_training,trial0502.mat,502,502,501,6,2,1,108,88,20,8,2,0,1,1,5,11684,1,1,1,2,2,2,1,1,1,1,SINGLE_T1_CORRECT,10,455,1,0,2,1,1,0,70,137,137,70,-67,70,1,0,199,12,161,12,149,149,NaN,NaN,NaN,1784645867.31959,2480.68564108,1.12086081504822,0.017470121383667,0.0188794136047363,0.687365055084229,0.700830459594727,0.693523645401001,0.702425718307495,0.702425718307495,-1,-1,0.72006893157959,1.40929222106934,NaN,8.90207290649414,1.59525871276855,Instruction,Right,Left,Right,Left,Right,1,0,0,0,0,NaN,NaN,NaN,NaN,NaN,NaN,NaN,NaN,1,0,1,0,1,0,502,NaN,20260721_t1029_srsSmooth_training_B006,2,NaN,22.8849013725917,1.54611968994141,NaN,NaN,NaN,0,NaN,NaN,NaN,NaN,0
20260721_t1029_srsSmooth_training,srs_smooth_training,trial0503.mat,503,503,502,6,3,2,108,88,20,8,2,0,3,1,13,18049,1,2,2,1,2,1,2,1,2,1,SINGLE_T2_CORRECT,11,455,1,0,2,1,1,0,63,151,151,63,-88,151,1,180,196,13.5,16,166.5,-150.5,150.5,NaN,NaN,NaN,1784645869.96523,2483.331244,1.29973745346069,0.0136003494262695,0.0150332450866699,0.791273832321167,0.805298328399658,0.799703121185303,0.809412479400635,0.809412479400635,-1,-1,0.836833715438843,1.43289566040039,NaN,9.70935821533203,4.11415100097656,Instruction,Left,Right,Right,Right,Right,1,0,0,0,0,NaN,NaN,NaN,NaN,NaN,NaN,NaN,NaN,0,1,1,0,0,0,503,NaN,20260721_t1029_srsSmooth_training_B006,3,NaN,22.9289953748385,1.52477931976318,NaN,NaN,NaN,0,NaN,NaN,NaN,NaN,0
20260721_t1029_srsSmooth_training,srs_smooth_training,trial0504.mat,504,504,503,6,4,3,108,88,20,8,2,0,1,1,2,2259,1,1,1,2,2,2,1,1,1,1,SINGLE_T1_CORRECT,10,455,1,0,0,1,1,0,66,150,150,66,-84,66,1,0,197,17,163,17,146,146,NaN,NaN,NaN,1784645872.8031,2486.168957,1.18332648277283,0.0175096988677979,0.0185110569000244,0.78526496887207,0.800873756408691,0.793412685394287,0.801806926727295,0.801806926727295,-1,-1,0.8115234375,1.00135803222656,NaN,8.39424133300781,0.933170318603516,Instruction,Right,Left,Right,Left,Right,1,0,0,0,0,NaN,NaN,NaN,NaN,NaN,NaN,NaN,NaN,1,0,1,0,1,0,504,NaN,20260721_t1029_srsSmooth_training_B006,4,NaN,22.976293182373,1.53813099861145,NaN,NaN,NaN,0,NaN,NaN,NaN,NaN,0
20260721_t1029_srsSmooth_training,srs_smooth_training,trial0505.mat,505,505,504,6,5,4,108,88,20,8,2,0,1,1,4,10270,1,1,1,2,2,2,1,1,1,1,SINGLE_T1_CORRECT,10,455,1,0,3,1,1,0,16,148,148,16,-132,16,1,0,199,17,161,17,144,144,NaN,NaN,NaN,1784645875.51569,2488.88153292,1.08366918563843,0.0133588314056396,0.0148491859436035,0.69109845161438,0.713385581970215,0.699737548828125,0.714850187301636,0.714850187301636,-1,-1,0.732607126235962,1.49035453796387,NaN,15.1126384735107,1.4646053314209,Instruction,Right,Left,Right,Left,Right,1,0,0,0,0,NaN,NaN,NaN,NaN,NaN,NaN,NaN,NaN,1,0,1,0,1,0,505,NaN,20260721_t1029_srsSmooth_training_B006,5,NaN,23.0215030153592,1.52926349639893,NaN,NaN,NaN,0,NaN,NaN,NaN,NaN,0
20260721_t1029_srsSmooth_training,srs_smooth_training,trial0506.mat,506,506,505,6,6,5,108,88,20,8,2,0,2,1,7,8421,1,1,2,1,2,1,1,2,1,2,SINGLE_T1_CORRECT,10,455,1,0,1,1,1,0,75,171,171,75,-96,75,1,0,196.5,15.5,163.5,15.5,148,148,NaN,NaN,NaN,1784645878.14369,2491.50940548,0.971642255783081,0.0187909603118896,0.0214028358459473,0.563402891159058,0.577147006988525,0.571902990341187,0.578089475631714,0.578089475631714,-1,-1,0.595963478088379,2.61187553405762,NaN,6.18648529052734,0.942468643188477,Instruction,Left,Right,Left,Right,Left,1,0,0,0,0,NaN,NaN,NaN,NaN,NaN,NaN,NaN,NaN,0,1,0,0,1,0,506,NaN,20260721_t1029_srsSmooth_training_B006,6,NaN,23.0653030753136,1.54433441162109,NaN,NaN,NaN,0,NaN,NaN,NaN,NaN,0
20260721_t1029_srsSmooth_training,srs_smooth_training,trial0507.mat,507,507,506,6,7,6,108,88,20,8,2,0,4,1,20,25099,1,2,1,2,2,2,2,2,2,2,SINGLE_T2_CORRECT,11,455,1,0,0,1,1,0,43,153,153,43,-110,153,1,180,193,16.5,13,163.5,-150.5,150.5,NaN,NaN,NaN,1784645880.76809,2494.13376896,1.2234148979187,0.0194976329803467,0.0216586589813232,0.739681720733643,0.752859592437744,0.747807502746582,0.753971815109253,0.753971815109253,-1,-1,0.77239203453064,2.16102600097656,NaN,6.1643123626709,1.11222267150879,Instruction,Right,Left,Left,Left,Left,1,0,0,0,0,NaN,NaN,NaN,NaN,NaN,NaN,NaN,NaN,1,0,0,0,0,0,507,NaN,20260721_t1029_srsSmooth_training_B006,7,NaN,23.1090430180232,1.65275430679321,NaN,NaN,NaN,0,NaN,NaN,NaN,NaN,0
20260721_t1029_srsSmooth_training,srs_smooth_training,trial0508.mat,508,508,507,6,8,7,108,88,20,8,2,0,3,1,12,25227,1,2,2,1,2,1,2,1,2,1,SINGLE_T2_CORRECT,11,455,1,0,3,1,1,0,49,157,157,49,-108,157,1,0,11,198,11,162,-151,151,NaN,NaN,NaN,1784645883.54256,2496.90808812,1.18212890625,0.0201354026794434,0.0254616737365723,0.654487371444702,0.670161724090576,0.663095712661743,0.673030138015747,0.673030138015747,-1,-1,0.689891338348389,5.32627105712891,NaN,9.93442535400391,2.8684139251709,Instruction,Left,Right,Right,Right,Right,1,0,0,0,0,NaN,NaN,NaN,NaN,NaN,NaN,NaN,NaN,0,1,1,0,0,0,508,NaN,20260721_t1029_srsSmooth_training_B006,8,NaN,23.1552842020988,1.5510561466217,NaN,NaN,NaN,0,NaN,NaN,NaN,NaN,0
20260721_t1029_srsSmooth_training,srs_smooth_training,trial0509.mat,509,509,508,6,9,8,108,88,20,8,2,0,2,1,10,10893,1,1,2,1,2,1,1,2,1,2,SINGLE_T1_CORRECT,10,455,1,0,4,1,1,0,36,141,141,36,-105,36,1,0,196.5,16.5,163.5,16.5,147,147,NaN,NaN,NaN,1784645886.28707,2499.6525242,1.08712530136108,0.0173957347869873,0.0226871967315674,0.701693058013916,0.717422723770142,0.710130929946899,0.718976974487305,0.718976974487305,-1,-1,0.743229389190674,5.29146194458008,NaN,8.84604454040527,1.55425071716309,Instruction,Left,Right,Left,Right,Left,1,0,0,0,0,NaN,NaN,NaN,NaN,NaN,NaN,NaN,NaN,0,1,0,0,1,0,509,NaN,20260721_t1029_srsSmooth_training_B006,9,NaN,23.2010261019071,1.56238508224487,NaN,NaN,NaN,0,NaN,NaN,NaN,NaN,0
20260721_t1029_srsSmooth_training,srs_smooth_training,trial0510.mat,510,510,509,6,10,9,108,88,20,8,2,0,4,1,19,27799,1,2,1,2,2,2,2,2,2,2,SINGLE_T2_CORRECT,11,455,1,0,6,1,1,0,70,132,132,70,-62,132,1,0,16,191.5,16,168.5,-152.5,152.5,NaN,NaN,NaN,1784645888.91712,2502.28259344,1.15759682655334,0.0124490261077881,0.0140962600708008,0.640839815139771,0.662475109100342,0.649039745330811,0.668501377105713,0.668501377105713,-1,-1,0.697489976882935,1.6472339630127,NaN,19.4616317749023,6.02626800537109,Instruction,Right,Left,Left,Left,Left,1,0,0,0,0,NaN,NaN,NaN,NaN,NaN,NaN,NaN,NaN,1,0,0,0,0,0,510,NaN,20260721_t1029_srsSmooth_training_B006,10,NaN,23.2448602596919,1.54292416572571,NaN,NaN,NaN,0,NaN,NaN,NaN,NaN,0
20260721_t1029_srsSmooth_training,srs_smooth_training,trial0511.mat,511,511,510,6,11,10,108,88,20,8,2,0,1,1,3,25429,1,1,1,2,2,2,1,1,1,1,SINGLE_T1_CORRECT,10,455,1,0,6,1,1,0,40,148,148,40,-108,40,1,180,17,196.5,163,16.5,146.5,146.5,NaN,NaN,NaN,1784645891.6097,2504.97517164,1.14952111244202,0.0116426944732666,0.0130152702331543,0.715049743652344,0.736671924591064,0.723150730133057,0.742911338806152,0.742911338806152,-1,-1,0.773377895355225,1.3725757598877,NaN,19.7606086730957,6.23941421508789,Instruction,Right,Left,Right,Left,Right,1,0,0,0,0,NaN,NaN,NaN,NaN,NaN,NaN,NaN,NaN,1,0,1,0,1,0,511,NaN,20260721_t1029_srsSmooth_training_B006,11,NaN,23.2897365649541,1.53498148918152,NaN,NaN,NaN,0,NaN,NaN,NaN,NaN,0
20260721_t1029_srsSmooth_training,srs_smooth_training,trial0512.mat,512,512,511,6,12,11,108,88,20,8,2,0,4,1,18,29748,1,2,1,2,2,2,2,2,2,2,SINGLE_T2_CORRECT,11,455,1,0,7,1,1,0,37,123,123,37,-86,123,1,0,13.5,198,13.5,162,-148.5,148.5,NaN,NaN,NaN,1784645894.3047,2507.6701004,1.07016539573669,0.0167481899261475,0.0232443809509277,0.561912775039673,0.583437204360962,0.570265769958496,0.589298725128174,0.589298725128174,-1,-1,0.616492509841919,6.49619102478027,NaN,19.0329551696777,5.86152076721191,Instruction,Right,Left,Left,Left,Left,1,0,0,0,0,NaN,NaN,NaN,NaN,NaN,NaN,NaN,NaN,1,0,0,0,0,0,512,NaN,20260721_t1029_srsSmooth_training_B006,12,NaN,23.3346532424291,1.54547953605652,NaN,NaN,NaN,0,NaN,NaN,NaN,NaN,0
20260721_t1029_srsSmooth_training,srs_smooth_training,trial0513.mat,513,513,512,6,13,12,108,88,20,8,2,0,2,1,6,3974,1,1,2,1,2,1,1,2,1,2,SINGLE_T1_CORRECT,10,455,1,0,0,1,1,0,68,145,145,68,-77,68,1,0,193.5,15,166.5,15,151.5,151.5,NaN,NaN,NaN,1784645896.86778,2510.23315444,0.973068475723267,0.0121035575866699,0.0132901668548584,0.573229551315308,0.587125301361084,0.581770420074463,0.588219165802002,0.588219165802002,-1,-1,0.605760812759399,1.18660926818848,NaN,6.44874572753906,1.09386444091797,Instruction,Left,Right,Left,Right,Left,1,0,0,0,0,NaN,NaN,NaN,NaN,NaN,NaN,NaN,NaN,0,1,0,0,1,0,513,NaN,20260721_t1029_srsSmooth_training_B006,13,NaN,23.377371219794,1.49291324615479,NaN,NaN,NaN,0,NaN,NaN,NaN,NaN,0
20260721_t1029_srsSmooth_training,srs_smooth_training,trial0514.mat,514,514,513,6,14,13,108,88,20,8,2,0,4,1,16,21805,1,2,1,2,2,2,2,2,2,2,SINGLE_T2_CORRECT,11,455,1,0,5,1,1,0,69,151,151,69,-82,151,1,0,15.5,197,15.5,163,-147.5,147.5,NaN,NaN,NaN,1784645899.39568,2512.76094928,1.33693170547485,0.0176362991333008,0.0230348110198975,0.812382698059082,0.834334373474121,0.820452690124512,0.839034795761108,0.839034795761108,-1,-1,0.870889902114868,5.39851188659668,NaN,18.5821056365967,4.7004222869873,Instruction,Right,Left,Left,Left,Left,1,0,0,0,0,NaN,NaN,NaN,NaN,NaN,NaN,NaN,NaN,1,0,0,0,0,0,514,NaN,20260721_t1029_srsSmooth_training_B006,14,NaN,23.4195028861364,1.55483150482178,NaN,NaN,NaN,0,NaN,NaN,NaN,NaN,0
20260721_t1029_srsSmooth_training,srs_smooth_training,trial0515.mat,515,515,514,6,15,14,108,88,20,8,2,0,2,1,9,31999,1,1,2,1,2,1,1,2,1,2,SINGLE_T1_CORRECT,10,455,1,0,1,1,1,0,53,139,139,53,-86,53,1,180,15,195.5,165,15.5,149.5,149.5,NaN,NaN,NaN,1784645902.30108,2515.66610692,0.931601285934448,0.0206868648529053,0.0250873565673828,0.538357734680176,0.554040670394897,0.54679799079895,0.55463719367981,0.55463719367981,-1,-1,0.564839839935303,4.40049171447754,NaN,7.83920288085938,0.596523284912109,Instruction,Left,Right,Left,Right,Left,1,0,0,0,0,NaN,NaN,NaN,NaN,NaN,NaN,NaN,NaN,0,1,0,0,1,0,515,NaN,20260721_t1029_srsSmooth_training_B006,15,NaN,23.4679261644681,1.56846499443054,NaN,NaN,NaN,0,NaN,NaN,NaN,NaN,0
20260721_t1029_srsSmooth_training,srs_smooth_training,trial0516.mat,516,516,515,6,16,15,108,88,20,8,2,0,4,1,17,31172,1,2,1,2,2,2,2,2,2,2,SINGLE_T2_CORRECT,11,455,1,0,5,1,1,0,45,149,149,45,-104,149,1,0,15,193.5,15,166.5,-151.5,151.5,NaN,NaN,NaN,1784645904.76593,2518.1312266,1.14176917076111,0.0142667293548584,0.0188486576080322,0.633399486541748,0.655958652496338,0.642162322998047,0.660566329956055,0.660566329956055,-1,-1,0.692196607589722,4.58192825317383,NaN,18.4040069580078,4.6076774597168,Instruction,Right,Left,Left,Left,Left,1,0,0,0,0,NaN,NaN,NaN,NaN,NaN,NaN,NaN,NaN,1,0,0,0,0,0,516,NaN,20260721_t1029_srsSmooth_training_B006,16,NaN,23.5090069969495,1.53324866294861,NaN,NaN,NaN,0,NaN,NaN,NaN,NaN,0
20260721_t1029_srsSmooth_training,srs_smooth_training,trial0517.mat,517,517,516,6,17,16,108,88,20,8,2,0,2,1,8,12876,1,1,2,1,2,1,1,2,1,2,SINGLE_T1_CORRECT,10,455,1,0,2,1,1,0,54,157,157,54,-103,54,1,0,196.5,19,163.5,19,144.5,144.5,NaN,NaN,NaN,1784645907.44016,2520.80517104,1.14357852935791,0.0151395797729492,0.0166046619415283,0.726685523986816,0.740168333053589,0.734821796417236,0.741385936737061,0.741385936737061,-1,-1,0.759599208831787,1.4650821685791,NaN,6.56414031982422,1.21760368347168,Instruction,Left,Right,Left,Right,Left,1,0,0,0,0,NaN,NaN,NaN,NaN,NaN,NaN,NaN,NaN,0,1,0,0,1,0,517,NaN,20260721_t1029_srsSmooth_training_B006,17,NaN,23.5535775343577,1.53246307373047,NaN,NaN,NaN,0,NaN,NaN,NaN,NaN,0
20260721_t1029_srsSmooth_training,srs_smooth_training,trial0518.mat,518,518,517,6,18,17,108,88,20,8,2,0,3,1,14,9441,1,2,2,1,2,1,2,1,2,1,SINGLE_T2_CORRECT,11,455,1,0,6,1,1,0,58,146,146,58,-88,146,1,180,194.5,10.5,14.5,169.5,-155,155,NaN,NaN,NaN,1784645910.12751,2523.49258516,1.09002757072449,0.0195634365081787,0.0211293697357178,0.55625057220459,0.577918291091919,0.564647197723389,0.584219217300415,0.584219217300415,-1,-1,0.613935232162476,1.56593322753906,NaN,19.5720195770264,6.30092620849609,Instruction,Left,Right,Right,Right,Right,1,0,0,0,0,NaN,NaN,NaN,NaN,NaN,NaN,NaN,NaN,0,1,1,0,0,0,518,NaN,20260721_t1029_srsSmooth_training_B006,18,NaN,23.598366689682,1.5437707901001,NaN,NaN,NaN,0,NaN,NaN,NaN,NaN,0
20260721_t1029_srsSmooth_training,srs_smooth_training,trial0519.mat,519,519,518,6,19,18,108,88,20,8,2,0,3,1,11,18261,1,2,2,1,2,1,2,1,2,1,SINGLE_T2_CORRECT,11,455,1,0,4,1,1,0,66,149,149,66,-83,149,1,0,17.5,199.5,17.5,160.5,-143,143,NaN,NaN,NaN,1784645912.73054,2526.0956648,1.10368132591248,0.0166327953338623,0.018369197845459,0.569573640823364,0.591655969619751,0.578452348709106,0.597656488418579,0.597656488418579,-1,-1,0.619937658309937,1.73640251159668,NaN,19.2041397094727,6.00051879882812,Instruction,Left,Right,Right,Right,Right,1,0,0,0,0,NaN,NaN,NaN,NaN,NaN,NaN,NaN,NaN,0,1,1,0,0,0,519,NaN,20260721_t1029_srsSmooth_training_B006,19,NaN,23.641750562191,1.51300477981567,NaN,NaN,NaN,0,NaN,NaN,NaN,NaN,0
20260721_t1029_srsSmooth_training,srs_smooth_training,trial0520.mat,520,520,519,6,20,19,108,88,20,8,2,0,1,1,1,21084,1,1,1,2,2,2,1,1,1,1,SINGLE_T1_CORRECT,10,455,1,0,1,1,1,0,36,148,148,36,-112,36,1,180,11.5,195,168.5,15,153.5,153.5,NaN,NaN,NaN,1784645915.38352,2528.74854076,1.01694345474243,0.0137603282928467,0.0155386924743652,0.615247011184692,0.630450963973999,0.623334884643555,0.632049083709717,0.632049083709717,-1,-1,0.650371074676514,1.77836418151855,NaN,8.71419906616211,1.59811973571777,Instruction,Right,Left,Right,Left,Right,1,0,0,0,0,NaN,NaN,NaN,NaN,NaN,NaN,NaN,NaN,1,0,1,0,1,0,520,NaN,20260721_t1029_srsSmooth_training_B006,20,NaN,23.6859668413798,1.54929542541504,NaN,NaN,NaN,0,NaN,NaN,NaN,NaN,0
20260721_t1029_srsSmooth_training,srs_smooth_training,trial0521.mat,521,521,520,6,21,20,108,88,20,8,2,1,6,2,62,11010,2,0,2,1,2,1,2,1,2,1,CHOSE_HIGH_SAL,1,455,1,0,2,1,1,0,32,140,140,32,-108,140,1,180,192.5,10.5,12.5,169.5,-157,157,NaN,NaN,NaN,1784645917.91287,2531.27782348,1.18743705749512,0.0178382396697998,0.0228903293609619,0.686317443847656,0.70119833946228,0.69399094581604,0.702689409255981,0.702689409255981,-1,-1,0.721110820770264,5.05208969116211,NaN,8.69846343994141,1.49106979370117,Congruent,Left,Right,Right,Right,Right,0,1,1,0,1,1,0,1,1,0,1,0,0,0,1,1,0,0,1,521,401,20260721_t1029_srsSmooth_training_B006,21,1,23.7281227747599,1.51241254806519,1,1,159,0,1,0,0,1,0
20260721_t1029_srsSmooth_training,srs_smooth_training,trial0522.mat,522,522,521,6,22,21,108,88,20,8,2,1,5,2,22,21666,2,0,1,2,2,2,2,2,2,2,CHOSE_HIGH_SAL,1,455,1,0,3,1,1,0,51,147,147,51,-96,147,1,180,194,16,14,164,-150,150,NaN,NaN,NaN,1784645920.60649,2533.97141232,1.28559947013855,0.0159916877746582,0.0175483226776123,0.76893138885498,0.791022777557373,0.777360916137695,0.797037124633789,0.797037124633789,-1,-1,0.825161695480347,1.5566349029541,NaN,19.6762084960938,6.01434707641602,Congruent,Right,Left,Left,Left,Left,0,1,1,0,1,0,0,1,1,1,1,0,0,1,0,0,0,0,1,522,402,20260721_t1029_srsSmooth_training_B006,22,2,23.7730164130529,1.50618124008179,2,1,140,1,0,1,1,0,0
20260721_t1029_srsSmooth_training,srs_smooth_training,trial0523.mat,523,523,522,6,23,22,108,88,20,8,2,2,8,2,89,3941,2,0,2,1,2,1,1,2,2,1,CHOSE_LOW_SAL,2,455,1,0,5,1,1,0,70,142,142,70,-72,142,1,0,191.5,16,168.5,16,152.5,152.5,NaN,NaN,NaN,1784645923.42737,2536.79213976,1.13242650032043,0.0118882656097412,0.0136406421661377,0.606637954711914,0.628579616546631,0.614894866943359,0.634079217910767,0.634079217910767,-1,-1,0.66294002532959,1.75237655639648,NaN,19.1843509674072,5.49960136413574,Conflict,Left,Right,Right,Right,Left,0,1,0,1,1,1,0,1,0,0,1,0,1,0,1,0,0,1,1,523,403,20260721_t1029_srsSmooth_training_B006,23,3,23.8200311024984,1.53528189659119,2,2,147,1,0,1,1,0,0
20260721_t1029_srsSmooth_training,srs_smooth_training,trial0524.mat,524,524,523,6,24,23,108,88,20,8,2,1,6,2,57,17802,2,0,2,1,2,1,2,1,2,1,CHOSE_HIGH_SAL,1,455,1,0,4,1,1,0,48,129,129,48,-81,129,1,180,197.5,11.5,17.5,168.5,-151,151,NaN,NaN,NaN,1784645926.10468,2539.46940332,1.07114624977112,0.0180215835571289,0.0193953514099121,0.596253156661987,0.618045568466187,0.604593753814697,0.623377561569214,0.623377561569214,-1,-1,0.64610767364502,1.3737678527832,NaN,18.7838077545166,5.33199310302734,Congruent,Left,Right,Right,Right,Right,0,1,1,0,1,1,0,1,1,0,1,0,0,0,1,1,0,0,1,524,404,20260721_t1029_srsSmooth_training_B006,24,4,23.8646528681119,1.54487943649292,2,1,142,1,0,0,1,1,0
20260721_t1029_srsSmooth_training,srs_smooth_training,trial0525.mat,525,525,524,6,25,24,108,88,20,8,2,2,8,2,88,9246,2,0,2,1,2,1,1,2,2,1,CHOSE_LOW_SAL,2,455,1,0,4,1,1,0,63,126,126,63,-63,126,1,180,13.5,194.5,166.5,14.5,152,152,NaN,NaN,NaN,1784645928.75686,2542.12152804,1.11860489845276,0.0159482955932617,0.0182018280029297,0.602663040161133,0.624306440353394,0.610966682434082,0.628803253173828,0.628803253173828,-1,-1,0.658642768859863,2.25353240966797,NaN,17.8365707397461,4.49681282043457,Conflict,Left,Right,Right,Right,Left,0,1,0,1,1,1,0,1,0,0,1,0,1,0,1,0,0,1,1,525,405,20260721_t1029_srsSmooth_training_B006,25,5,23.9088558236758,1.58103108406067,2,1,129,1,0,0,1,1,0
20260721_t1029_srsSmooth_training,srs_smooth_training,trial0526.mat,526,526,525,6,26,25,108,88,20,8,2,1,6,2,44,2490,2,0,2,1,2,1,2,1,2,1,CHOSE_HIGH_SAL,1,455,1,0,2,1,1,0,61,148,148,61,-87,148,1,180,199,15.5,19,164.5,-145.5,145.5,NaN,NaN,NaN,1784645931.41252,2544.77702516,1.27256774902344,0.0187268257141113,0.0217959880828857,0.786472320556641,0.802090644836426,0.794985055923462,0.803187370300293,0.803187370300293,-1,-1,0.821009159088135,3.06916236877441,NaN,8.20231437683105,1.09672546386719,Congruent,Left,Right,Right,Right,Right,0,1,1,0,1,1,0,1,1,0,1,0,0,0,1,1,0,0,1,526,406,20260721_t1029_srsSmooth_training_B006,26,6,23.9531168142955,1.53705453872681,2,1,126,1,0,0,1,1,0
20260721_t1029_srsSmooth_training,srs_smooth_training,trial0527.mat,527,527,526,6,27,26,108,88,20,8,2,1,5,2,27,2023,2,0,1,2,2,2,2,2,2,2,CHOSE_HIGH_SAL,1,455,1,0,4,1,1,0,30,149,149,30,-119,149,1,180,197.5,11,17.5,169,-151.5,151.5,NaN,NaN,NaN,1784645934.25721,2547.62176964,1.19489240646362,0.0158095359802246,0.0213441848754883,0.666943311691284,0.682502508163452,0.675311088562012,0.683908224105835,0.683908224105835,-1,-1,0.701271772384644,5.53464889526367,NaN,8.59713554382324,1.40571594238281,Congruent,Right,Left,Left,Left,Left,0,1,1,0,1,0,0,1,1,1,1,0,0,1,0,0,0,0,1,527,407,20260721_t1029_srsSmooth_training_B006,27,7,24.0005284190178,1.57212853431702,2,1,148,1,0,1,1,0,0
20260721_t1029_srsSmooth_training,srs_smooth_training,trial0528.mat,528,528,527,6,28,27,108,88,20,8,2,2,7,2,77,2371,2,0,1,2,2,2,1,1,2,2,CHOSE_LOW_SAL,2,455,1,0,3,1,1,0,58,122,122,58,-64,122,1,180,13,191,167,11,156,156,NaN,NaN,NaN,1784645936.99187,2550.35656256,1.15927147865295,0.0145969390869141,0.0180680751800537,0.684357166290283,0.706292152404785,0.692948818206787,0.711250782012939,0.711250782012939,-1,-1,0.736869096755981,3.47113609313965,NaN,18.3019638061523,4.9586296081543,Conflict,Right,Left,Left,Left,Right,0,1,0,1,1,0,0,1,0,1,1,0,1,1,0,1,0,1,1,528,408,20260721_t1029_srsSmooth_training_B006,28,8,24.0461059768995,1.53976106643677,2,2,149,1,0,0,1,1,0
20260721_t1029_srsSmooth_training,srs_smooth_training,trial0529.mat,529,529,528,6,29,28,108,88,20,8,2,1,5,2,37,12154,2,0,1,2,2,2,2,2,2,2,CHOSE_HIGH_SAL,1,455,1,0,4,1,1,0,54,159,159,54,-105,159,1,180,192.5,10,12.5,170,-157.5,157.5,NaN,NaN,NaN,1784645939.69163,2553.05609208,1.10184693336487,0.0149378776550293,0.0170326232910156,0.551641225814819,0.573294162750244,0.559571743011475,0.57904314994812,0.57904314994812,-1,-1,0.609684228897095,2.09474563598633,NaN,19.4714069366455,5.74898719787598,Congruent,Right,Left,Left,Left,Left,0,1,1,0,1,0,0,1,1,1,1,0,0,1,0,0,0,0,1,529,409,20260721_t1029_srsSmooth_training_B006,29,9,24.0911020755768,1.54049444198608,2,2,122,1,0,0,1,1,0
20260721_t1029_srsSmooth_training,srs_smooth_training,trial0530.mat,530,530,529,6,30,29,108,88,20,8,2,2,8,2,98,26897,2,0,2,1,2,1,1,2,2,1,CHOSE_LOW_SAL,2,455,1,0,3,1,1,0,51,123,123,51,-72,123,1,0,199.5,17,160.5,17,143.5,143.5,NaN,NaN,NaN,1784645942.36653,2555.73083252,1.05149102210999,0.0151493549346924,0.0200202465057373,0.576974868774414,0.59850549697876,0.585083246231079,0.604202508926392,0.604202508926392,-1,-1,0.626021862030029,4.87089157104492,NaN,19.1192626953125,5.69701194763184,Conflict,Left,Right,Right,Right,Left,0,1,0,1,1,1,0,1,0,0,1,0,1,0,1,0,0,1,1,530,410,20260721_t1029_srsSmooth_training_B006,30,10,24.1356836517652,1.57304763793945,2,2,159,1,0,1,1,0,0
20260721_t1029_srsSmooth_training,srs_smooth_training,trial0531.mat,531,531,530,6,31,30,108,88,20,8,2,1,6,2,59,1143,2,0,2,1,2,1,2,1,2,1,CHOSE_HIGH_SAL,1,455,1,0,2,1,1,0,66,148,148,66,-82,148,1,0,18,194,18,166,-148,148,NaN,NaN,NaN,1784645944.96747,2558.3317872,1.12655258178711,0.0143065452575684,0.0191779136657715,0.615400314331055,0.630996465682983,0.623949527740479,0.631887674331665,0.631887674331665,-1,-1,0.641574382781982,4.87136840820312,NaN,7.93814659118652,0.891208648681641,Congruent,Left,Right,Right,Right,Right,0,1,1,0,1,1,0,1,1,0,1,0,0,0,1,1,0,0,1,531,411,20260721_t1029_srsSmooth_training_B006,31,11,24.1790327548981,1.54945516586304,2,1,123,1,0,0,1,1,0
20260721_t1029_srsSmooth_training,srs_smooth_training,trial0532.mat,532,532,531,6,32,31,108,88,20,8,2,2,8,2,105,9664,2,0,2,1,2,1,1,2,2,1,CHOSE_LOW_SAL,2,455,1,0,0,1,1,0,56,173,173,56,-117,173,1,180,16.5,191,163.5,11,152.5,152.5,NaN,NaN,NaN,1784645947.63705,2561.00126916,1.09027004241943,0.0198385715484619,0.0247104167938232,0.581424713134766,0.594861268997192,0.58954381942749,0.595795631408691,0.595795631408691,-1,-1,0.613712549209595,4.87184524536133,NaN,6.25181198120117,0.934362411499023,Conflict,Left,Right,Right,Right,Left,0,1,0,1,1,1,0,1,0,0,1,0,1,0,1,0,0,1,1,532,412,20260721_t1029_srsSmooth_training_B006,32,12,24.2235256354014,1.54302024841309,2,1,148,1,0,0,1,1,0
20260721_t1029_srsSmooth_training,srs_smooth_training,trial0533.mat,533,533,532,6,33,32,108,88,20,8,2,2,8,2,108,31147,2,0,2,1,2,1,1,2,2,1,CHOSE_LOW_SAL,2,455,1,0,5,1,1,0,66,177,177,66,-111,177,1,180,16.5,193.5,163.5,13.5,150,150,NaN,NaN,NaN,1784645950.28242,2563.64664264,1.14962887763977,0.0162320137023926,0.0177457332611084,0.577770709991455,0.599588871002197,0.586024761199951,0.605414628982544,0.605414628982544,-1,-1,0.632370471954346,1.51371955871582,NaN,19.3898677825928,5.82575798034668,Conflict,Left,Right,Right,Right,Left,0,1,0,1,1,1,0,1,0,0,1,0,1,0,1,0,0,1,1,533,413,20260721_t1029_srsSmooth_training_B006,33,13,24.2676152626673,1.55510759353638,2,1,173,1,0,0,1,1,0
20260721_t1029_srsSmooth_training,srs_smooth_training,trial0534.mat,534,534,533,6,34,33,108,88,20,8,2,1,6,2,43,28359,2,0,2,1,2,1,2,1,2,1,CHOSE_HIGH_SAL,1,455,1,0,6,1,1,0,33,147,147,33,-114,147,1,180,199.5,16.5,19.5,163.5,-144,144,NaN,NaN,NaN,1784645952.98234,2566.34660784,1.16191101074219,0.0164167881011963,0.0182812213897705,0.628520727157593,0.64977502822876,0.636607646942139,0.656407356262207,0.656407356262207,-1,-1,0.682603597640991,1.86443328857422,NaN,19.7997093200684,6.63232803344727,Congruent,Left,Right,Right,Right,Right,0,1,1,0,1,1,0,1,1,0,1,0,0,0,1,1,0,0,1,534,414,20260721_t1029_srsSmooth_training_B006,34,14,24.3126139601072,1.55029296875,2,1,177,1,0,0,1,1,0
20260721_t1029_srsSmooth_training,srs_smooth_training,trial0535.mat,535,535,534,6,35,34,108,88,20,8,2,2,7,2,78,30810,2,0,1,2,2,2,1,1,2,2,CHOSE_LOW_SAL,2,455,1,0,2,1,1,0,45,151,151,45,-106,151,1,180,14.5,191,165.5,11,154.5,154.5,NaN,NaN,NaN,1784645955.6606,2569.02482756,1.10805344581604,0.01326584815979,0.0147247314453125,0.608107328414917,0.629957914352417,0.616049289703369,0.634692192077637,0.634692192077637,-1,-1,0.657824754714966,1.45888328552246,NaN,18.6429023742676,4.73427772521973,Conflict,Right,Left,Left,Left,Right,0,1,0,1,1,0,0,1,0,1,1,0,1,1,0,1,0,1,1,535,415,20260721_t1029_srsSmooth_training_B006,35,15,24.3572515646617,1.51634526252747,2,1,147,1,0,1,1,0,0
20260721_t1029_srsSmooth_training,srs_smooth_training,trial0536.mat,536,536,535,6,36,35,108,88,20,8,2,1,5,2,28,8977,2,0,1,2,2,2,2,2,2,2,CHOSE_HIGH_SAL,1,455,1,0,1,1,1,0,78,153,153,78,-75,153,1,0,10.5,192.5,10.5,167.5,-157,157,NaN,NaN,NaN,1784645958.30767,2571.67165436,1.15226697921753,0.0163021087646484,0.0185055732727051,0.669296741485596,0.682995319366455,0.676826953887939,0.683947801589966,0.683947801589966,-1,-1,0.701819658279419,2.20346450805664,NaN,7.12084770202637,0.952482223510742,Congruent,Right,Left,Left,Left,Left,0,1,1,0,1,0,0,1,1,1,1,0,0,1,0,0,0,0,1,536,416,20260721_t1029_srsSmooth_training_B006,36,16,24.4013693730036,1.53901505470276,2,2,151,1,0,0,1,1,0
20260721_t1029_srsSmooth_training,srs_smooth_training,trial0537.mat,537,537,536,6,37,36,108,88,20,8,2,1,6,2,51,31580,2,0,2,1,2,1,2,1,2,1,CHOSE_HIGH_SAL,1,455,1,0,3,1,1,0,59,154,154,59,-95,154,1,180,196,18.5,16,161.5,-145.5,145.5,NaN,NaN,NaN,1784645961.00177,2574.36576264,1.29228806495667,0.0139756202697754,0.0185613632202148,0.784186363220215,0.805673837661743,0.791931867599487,0.809824228286743,0.809824228286743,-1,-1,0.840898513793945,4.58574295043945,NaN,17.8923606872559,4.150390625,Congruent,Left,Right,Right,Right,Right,0,1,1,0,1,1,0,1,1,0,1,0,0,0,1,1,0,0,1,537,417,20260721_t1029_srsSmooth_training_B006,37,17,24.4462710460027,1.54183340072632,2,2,153,1,0,1,1,0,0
20260721_t1029_srsSmooth_training,srs_smooth_training,trial0538.mat,538,538,537,6,38,37,108,88,20,8,2,2,7,2,81,18389,2,0,1,2,2,2,1,1,2,2,CHOSE_LOW_SAL,2,455,1,0,4,1,1,0,44,154,154,44,-110,154,1,0,197.5,13,162.5,13,149.5,149.5,NaN,NaN,NaN,1784645963.82826,2577.19221148,1.14131832122803,0.0126001834869385,0.0138039588928223,0.641021966934204,0.662626266479492,0.649365425109863,0.669310092926025,0.669310092926025,-1,-1,0.691039800643921,1.20377540588379,NaN,19.9446678161621,6.6838264465332,Conflict,Right,Left,Left,Left,Right,0,1,0,1,1,0,0,1,0,1,1,0,1,1,0,1,0,1,1,538,418,20260721_t1029_srsSmooth_training_B006,38,18,24.4933791597684,1.53419876098633,2,1,154,1,0,1,1,0,0
20260721_t1029_srsSmooth_training,srs_smooth_training,trial0539.mat,539,539,538,6,39,38,108,88,20,8,2,1,5,2,36,22476,2,0,1,2,2,2,2,2,2,2,CHOSE_HIGH_SAL,1,455,1,0,1,1,1,0,57,191,191,57,-134,191,1,0,10.5,196.5,10.5,163.5,-153,153,NaN,NaN,NaN,1784645966.52513,2579.88898768,1.21990180015564,0.0158317089080811,0.0174200534820557,0.660879850387573,0.67419171333313,0.668977499008179,0.674985647201538,0.674985647201538,-1,-1,0.69322943687439,1.58834457397461,NaN,6.00814819335938,0.793933868408203,Congruent,Right,Left,Left,Left,Left,0,1,1,0,1,0,0,1,1,1,1,0,0,1,0,0,0,0,1,539,419,20260721_t1029_srsSmooth_training_B006,39,19,24.5383270780245,1.5555567741394,2,2,154,1,0,0,1,1,0
20260721_t1029_srsSmooth_training,srs_smooth_training,trial0540.mat,540,540,539,6,40,39,108,88,20,8,2,1,5,2,32,16273,2,0,1,2,2,2,2,2,2,2,CHOSE_HIGH_SAL,1,455,1,0,1,1,1,0,61,142,142,61,-81,142,1,0,18.5,196,18.5,164,-145.5,145.5,NaN,NaN,NaN,1784645969.24692,2582.61083,1.12231254577637,0.0191504955291748,0.0209510326385498,0.64542818069458,0.660842180252075,0.65333080291748,0.662247180938721,0.662247180938721,-1,-1,0.679770708084106,1.800537109375,NaN,8.91637802124023,1.40500068664551,Congruent,Right,Left,Left,Left,Left,0,1,1,0,1,0,0,1,1,1,1,0,0,1,0,0,0,0,1,540,420,20260721_t1029_srsSmooth_training_B006,40,20,24.583690237999,1.50188779830933,2,2,191,1,0,0,1,1,0
20260721_t1029_srsSmooth_training,srs_smooth_training,trial0541.mat,541,541,540,6,41,40,108,88,20,8,2,1,5,2,29,18583,2,0,1,2,2,2,2,2,2,2,CHOSE_HIGH_SAL,1,455,1,0,2,1,1,0,43,156,156,43,-113,156,1,0,12,194.5,12,165.5,-153.5,153.5,NaN,NaN,NaN,1784645971.91288,2585.27656644,1.23844194412231,0.0199618339538574,0.0210857391357422,0.731695413589478,0.753323793411255,0.740185737609863,0.759134292602539,0.759134292602539,-1,-1,0.781280994415283,1.12390518188477,NaN,18.9485549926758,5.81049919128418,Congruent,Right,Left,Left,Left,Left,0,1,1,0,1,0,0,1,1,1,1,0,0,1,0,0,0,0,1,541,421,20260721_t1029_srsSmooth_training_B006,41,21,24.628122929732,1.54364895820618,2,2,142,1,0,0,1,1,0
20260721_t1029_srsSmooth_training,srs_smooth_training,trial0542.mat,542,542,541,6,42,41,108,88,20,8,2,1,6,2,53,19707,2,0,2,1,2,1,2,1,2,1,CHOSE_HIGH_SAL,1,455,1,0,3,1,1,0,59,152,152,59,-93,152,1,180,193,17,13,163,-150,150,NaN,NaN,NaN,1784645974.70794,2588.0715538,1.23616528511047,0.0166804790496826,0.0187788009643555,0.703729629516602,0.725042581558228,0.711578607559204,0.731745481491089,0.731745481491089,-1,-1,0.75279688835144,2.09832191467285,NaN,20.1668739318848,6.70289993286133,Congruent,Left,Right,Right,Right,Right,0,1,1,0,1,1,0,1,1,0,1,0,0,0,1,1,0,0,1,542,422,20260721_t1029_srsSmooth_training_B006,42,22,24.6747072378794,1.55661654472351,2,2,156,1,0,1,1,0,0
20260721_t1029_srsSmooth_training,srs_smooth_training,trial0543.mat,543,543,542,6,43,42,108,88,20,8,2,1,5,2,41,10797,2,0,1,2,2,2,2,2,2,2,CHOSE_HIGH_SAL,1,455,1,0,4,1,1,0,57,153,153,57,-96,153,1,0,18.5,191,18.5,169,-150.5,150.5,NaN,NaN,NaN,1784645977.43784,2590.80156396,1.28252840042114,0.0118849277496338,0.0129296779632568,0.756543874740601,0.7702476978302,0.763036489486694,0.771114110946655,0.771114110946655,-1,-1,0.80070948600769,1.04475021362305,NaN,8.07762145996094,0.866413116455078,Congruent,Right,Left,Left,Left,Left,0,1,1,0,1,0,0,1,1,1,1,0,0,1,0,0,0,0,1,543,423,20260721_t1029_srsSmooth_training_B006,43,23,24.7202056288719,1.49373817443848,2,1,152,1,0,1,1,0,0
20260721_t1029_srsSmooth_training,srs_smooth_training,trial0544.mat,544,544,543,6,44,43,108,88,20,8,2,1,6,2,47,15311,2,0,2,1,2,1,2,1,2,1,CHOSE_HIGH_SAL,1,455,1,0,1,1,1,0,55,150,150,55,-95,150,1,0,13,190.5,13,169.5,-156.5,156.5,NaN,NaN,NaN,1784645980.27787,2593.64155956,1.15822887420654,0.0136435031890869,0.0184566974639893,0.674622774124146,0.688669443130493,0.683277368545532,0.689640760421753,0.689640760421753,-1,-1,0.707701444625854,4.81319427490234,NaN,6.3633918762207,0.971317291259766,Congruent,Left,Right,Right,Right,Right,0,1,1,0,1,1,0,1,1,0,1,0,0,0,1,1,0,0,1,544,424,20260721_t1029_srsSmooth_training_B006,44,24,24.7675393223763,1.55749320983887,2,2,153,1,0,1,1,0,0
20260721_t1029_srsSmooth_training,srs_smooth_training,trial0545.mat,545,545,544,6,45,44,108,88,20,8,2,2,7,2,73,20799,2,0,1,2,2,2,1,1,2,2,CHOSE_LOW_SAL,2,455,1,0,2,1,1,0,45,135,135,45,-90,135,1,180,19.5,193.5,160.5,13.5,147,147,NaN,NaN,NaN,1784645982.93782,2596.3014376,1.14051795005798,0.0121257305145264,0.0135877132415771,0.665364742279053,0.678819894790649,0.673020839691162,0.68445873260498,0.68445873260498,-1,-1,0.707472562789917,1.46198272705078,NaN,11.4378929138184,5.63883781433105,Conflict,Right,Left,Left,Left,Right,0,1,0,1,1,0,0,1,0,1,1,0,1,1,0,1,0,1,1,545,425,20260721_t1029_srsSmooth_training_B006,45,25,24.8118719140689,1.50172662734985,2,1,150,1,0,1,1,0,0
20260721_t1029_srsSmooth_training,srs_smooth_training,trial0546.mat,546,546,545,6,46,45,108,88,20,8,2,1,6,2,52,28855,2,0,2,1,2,1,2,1,2,1,CHOSE_HIGH_SAL,1,455,1,0,4,1,1,0,57,141,141,57,-84,141,1,0,16,191,16,169,-153,153,NaN,NaN,NaN,1784645985.60294,2598.96639648,1.16742348670959,0.0137784481048584,0.0148406028747559,0.642137050628662,0.663804769515991,0.650684833526611,0.669881343841553,0.669881343841553,-1,-1,0.692249059677124,1.06215476989746,NaN,19.1965103149414,6.07657432556152,Congruent,Left,Right,Right,Right,Right,0,1,1,0,1,1,0,1,1,0,1,0,0,0,1,1,0,0,1,546,426,20260721_t1029_srsSmooth_training_B006,46,26,24.8562905867894,1.52460241317749,2,2,135,1,0,1,1,0,0
20260721_t1029_srsSmooth_training,srs_smooth_training,trial0547.mat,547,547,546,6,47,46,108,88,20,8,2,2,7,2,74,6498,2,0,1,2,2,2,1,1,2,2,CHOSE_LOW_SAL,2,455,1,0,1,1,1,0,45,132,132,45,-87,132,1,180,13.5,199.5,166.5,19.5,147,147,NaN,NaN,NaN,1784645988.31058,2601.6741026,1.28461480140686,0.0145795345306396,0.0191569328308105,0.823541164398193,0.839611291885376,0.832273483276367,0.84036922454834,0.84036922454834,-1,-1,0.85866379737854,4.5773983001709,NaN,8.09574127197266,0.757932662963867,Conflict,Right,Left,Left,Left,Right,0,1,0,1,1,0,0,1,0,1,1,0,1,1,0,1,0,1,1,547,427,20260721_t1029_srsSmooth_training_B006,47,27,24.901417919,1.54021644592285,2,1,141,1,0,1,1,0,0
20260721_t1029_srsSmooth_training,srs_smooth_training,trial0548.mat,548,548,547,6,48,47,108,88,20,8,2,2,7,2,76,29119,2,0,1,2,2,2,1,1,2,2,CHOSE_LOW_SAL,2,455,1,0,4,1,1,0,66,118,118,66,-52,118,1,180,14,193,166,13,153,153,NaN,NaN,NaN,1784645991.12573,2604.48908316,1.09434676170349,0.0162110328674316,0.0215976238250732,0.619692087173462,0.641236066818237,0.627965211868286,0.647194385528564,0.647194385528564,-1,-1,0.674862623214722,5.3865909576416,NaN,19.2291736602783,5.95831871032715,Conflict,Right,Left,Left,Left,Right,0,1,0,1,1,0,0,1,0,1,1,0,1,1,0,1,0,1,1,548,428,20260721_t1029_srsSmooth_training_B006,48,28,24.9483370264371,1.53053164482117,2,2,132,1,0,0,1,1,0
20260721_t1029_srsSmooth_training,srs_smooth_training,trial0549.mat,549,549,548,6,49,48,108,88,20,8,2,2,7,2,80,10330,2,0,1,2,2,2,1,1,2,2,CHOSE_LOW_SAL,2,455,1,0,3,1,1,0,54,160,160,54,-106,160,1,0,195,10,165,10,155,155,NaN,NaN,NaN,1784645993.7865,2607.14980504,1.17552900314331,0.0138823986053467,0.0195329189300537,0.665144681930542,0.680575370788574,0.67340612411499,0.681926012039185,0.681926012039185,-1,-1,0.699741840362549,5.65052032470703,NaN,8.51988792419434,1.35064125061035,Conflict,Right,Left,Left,Left,Right,0,1,0,1,1,0,0,1,0,1,1,0,1,1,0,1,0,1,1,549,429,20260721_t1029_srsSmooth_training_B006,49,29,24.9926831523577,1.56642079353333,2,2,118,1,0,0,1,1,0
20260721_t1029_srsSmooth_training,srs_smooth_training,trial0550.mat,550,550,549,6,50,49,108,88,20,8,2,1,5,2,34,31870,2,0,1,2,2,2,2,2,2,2,CHOSE_HIGH_SAL,1,455,1,0,5,1,1,0,76,170,170,76,-94,170,1,180,194,18.5,14,161.5,-147.5,147.5,NaN,NaN,NaN,1784645996.51375,2609.87701232,1.22326922416687,0.0200715065002441,0.0255973339080811,0.673646688461304,0.695098400115967,0.681984424591064,0.701236248016357,0.701236248016357,-1,-1,0.722531318664551,5.52582740783691,NaN,19.251823425293,6.13784790039062,Congruent,Right,Left,Left,Left,Left,0,1,1,0,1,0,0,1,1,1,1,0,0,1,0,0,0,0,1,550,430,20260721_t1029_srsSmooth_training_B006,50,30,25.0381373723348,1.55172419548035,2,2,160,1,0,0,1,1,0
20260721_t1029_srsSmooth_training,srs_smooth_training,trial0551.mat,551,551,550,6,51,50,108,88,20,8,2,1,6,2,56,9792,2,0,2,1,2,1,2,1,2,1,CHOSE_HIGH_SAL,1,455,1,0,2,1,1,0,66,166,166,66,-100,166,1,180,194.5,16.5,14.5,163.5,-149,149,NaN,NaN,NaN,1784645999.24393,2612.60719528,1.09777474403381,0.0149941444396973,0.0166494846343994,0.576501846313477,0.598351001739502,0.585072994232178,0.604790210723877,0.604790210723877,-1,-1,0.626975297927856,1.65534019470215,NaN,19.7172164916992,6.439208984375,Congruent,Left,Right,Right,Right,Right,0,1,1,0,1,1,0,1,1,0,1,0,0,0,1,1,0,0,1,551,431,20260721_t1029_srsSmooth_training_B006,51,31,25.0836404601733,1.50691604614258,2,2,170,1,0,1,1,0,0
20260721_t1029_srsSmooth_training,srs_smooth_training,trial0552.mat,552,552,551,6,52,51,108,88,20,8,2,1,6,2,45,28352,2,0,2,1,2,1,2,1,2,1,CHOSE_HIGH_SAL,1,455,1,0,4,1,1,0,49,146,146,49,-97,146,1,180,198,16.5,18,163.5,-145.5,145.5,NaN,NaN,NaN,1784646001.8779,2615.24098492,1.21356248855591,0.0144710540771484,0.0166313648223877,0.676105976104736,0.697832107543945,0.684294700622559,0.704007625579834,0.704007625579834,-1,-1,0.732294797897339,2.16031074523926,NaN,19.7129249572754,6.17551803588867,Congruent,Left,Right,Right,Right,Right,0,1,1,0,1,1,0,1,1,0,1,0,0,0,1,1,0,0,1,552,432,20260721_t1029_srsSmooth_training_B006,52,32,25.1275398095449,1.53618621826172,2,1,166,1,0,0,1,1,0
20260721_t1029_srsSmooth_training,srs_smooth_training,trial0553.mat,553,553,552,6,53,52,108,88,20,8,2,2,8,2,87,24192,2,0,2,1,2,1,1,2,2,1,CHOSE_LOW_SAL,2,455,1,0,5,1,1,0,62,159,159,62,-97,159,1,180,20,197,160,17,143,143,NaN,NaN,NaN,1784646004.65242,2618.01553104,1.10981035232544,0.0150594711303711,0.0207653045654297,0.584963798522949,0.606749296188354,0.593271970748901,0.612603187561035,0.612603187561035,-1,-1,0.634887933731079,5.70583343505859,NaN,19.3312168121338,5.85389137268066,Conflict,Left,Right,Right,Right,Left,0,1,0,1,1,1,0,1,0,0,1,0,1,0,1,0,0,1,1,553,433,20260721_t1029_srsSmooth_training_B006,53,33,25.1737818559011,1.56096029281616,2,1,146,1,0,0,1,1,0
20260721_t1029_srsSmooth_training,srs_smooth_training,trial0554.mat,554,554,553,6,54,53,108,88,20,8,2,1,5,2,35,9726,2,0,1,2,2,2,2,2,2,2,CHOSE_HIGH_SAL,1,455,1,0,3,1,1,0,51,154,154,51,-103,154,1,0,13.5,193,13.5,167,-153.5,153.5,NaN,NaN,NaN,1784646007.3222,2620.68526376,1.12221217155457,0.012047290802002,0.0139968395233154,0.598924398422241,0.620405197143555,0.607306241989136,0.626838684082031,0.626838684082031,-1,-1,0.648115158081055,1.94954872131348,NaN,19.5324420928955,6.43348693847656,Congruent,Right,Left,Left,Left,Left,0,1,1,0,1,0,0,1,1,1,1,0,0,1,0,0,0,0,1,554,434,20260721_t1029_srsSmooth_training_B006,54,34,25.2182782570521,1.55997371673584,2,1,159,1,0,1,1,0,0
20260721_t1029_srsSmooth_training,srs_smooth_training,trial0555.mat,555,555,554,6,55,54,108,88,20,8,2,1,5,2,26,31481,2,0,1,2,2,2,2,2,2,2,CHOSE_HIGH_SAL,1,455,1,0,3,1,1,0,64,144,144,64,-80,144,1,0,14,198,14,162,-148,148,NaN,NaN,NaN,1784646009.98092,2623.34389184,1.1492965221405,0.011770486831665,0.013310432434082,0.623643636703491,0.64512825012207,0.631510496139526,0.651217699050903,0.651217699050903,-1,-1,0.673152446746826,1.53994560241699,NaN,19.707202911377,6.08944892883301,Congruent,Right,Left,Left,Left,Left,0,1,1,0,1,0,0,1,1,1,1,0,0,1,0,0,0,0,1,555,435,20260721_t1029_srsSmooth_training_B006,55,35,25.2625901858012,1.5365035533905,2,2,154,1,0,0,1,1,0
20260721_t1029_srsSmooth_training,srs_smooth_training,trial0556.mat,556,556,555,6,56,55,108,88,20,8,2,2,8,2,97,19156,2,0,2,1,2,1,1,2,2,1,CHOSE_LOW_SAL,2,455,1,0,5,1,1,0,84,134,134,84,-50,134,1,180,18,194.5,162,14.5,147.5,147.5,NaN,NaN,NaN,1784646012.66796,2626.03100224,1.20356583595276,0.0165069103240967,0.0182318687438965,0.686655044555664,0.708200693130493,0.695026397705078,0.714768886566162,0.714768886566162,-1,-1,0.737367391586304,1.7249584197998,NaN,19.742488861084,6.56819343566895,Conflict,Left,Right,Right,Right,Left,0,1,0,1,1,1,0,1,0,0,1,0,1,0,1,0,0,1,1,556,436,20260721_t1029_srsSmooth_training_B006,56,36,25.3073741316795,1.5377402305603,2,2,144,1,0,1,1,0,0
20260721_t1029_srsSmooth_training,srs_smooth_training,trial0557.mat,557,557,556,6,57,56,108,88,20,8,2,1,6,2,54,710,2,0,2,1,2,1,2,1,2,1,CHOSE_HIGH_SAL,1,455,1,0,3,1,1,0,74,126,126,74,-52,126,1,180,193,15.5,13,164.5,-151.5,151.5,NaN,NaN,NaN,1784646015.42955,2628.7925236,1.20923137664795,0.0133547782897949,0.0149140357971191,0.700042247772217,0.72171688079834,0.708665370941162,0.728090286254883,0.728090286254883,-1,-1,0.749940633773804,1.55925750732422,NaN,19.4249153137207,6.37340545654297,Congruent,Left,Right,Right,Right,Right,0,1,1,0,1,1,0,1,1,0,1,0,0,0,1,1,0,0,1,557,437,20260721_t1029_srsSmooth_training_B006,57,37,25.3534006953239,1.55802798271179,2,1,134,1,0,0,1,1,0
20260721_t1029_srsSmooth_training,srs_smooth_training,trial0558.mat,558,558,557,6,58,57,108,88,20,8,2,1,5,2,42,8366,2,0,1,2,2,2,2,2,2,2,CHOSE_HIGH_SAL,1,455,1,0,5,1,1,0,33,136,136,33,-103,136,1,0,19.5,200,19.5,160,-140.5,140.5,NaN,NaN,NaN,1784646018.18928,2631.5520368,1.18207168579102,0.020402193069458,0.0262401103973389,0.656801223754883,0.678761005401611,0.665302276611328,0.68269944190979,0.68269944190979,-1,-1,0.717261075973511,5.83791732788086,NaN,17.3971652984619,3.93843650817871,Congruent,Right,Left,Left,Left,Left,0,1,1,0,1,0,0,1,1,1,1,0,0,1,0,0,0,0,1,558,438,20260721_t1029_srsSmooth_training_B006,58,38,25.3993961970011,1.55049872398376,2,1,126,1,0,1,1,0,0
20260721_t1029_srsSmooth_training,srs_smooth_training,trial0559.mat,559,559,558,6,59,58,108,88,20,8,2,1,6,2,58,23128,2,0,2,1,2,1,2,1,2,1,CHOSE_HIGH_SAL,1,455,1,0,3,1,1,0,50,143,143,50,-93,143,1,0,11.5,198,11.5,162,-150.5,150.5,NaN,NaN,NaN,1784646020.88009,2634.24294192,1.13252711296082,0.0130345821380615,0.0147073268890381,0.632788419723511,0.654726505279541,0.640847206115723,0.659784078598022,0.659784078598022,-1,-1,0.689410448074341,1.67274475097656,NaN,18.9368724822998,5.05757331848145,Congruent,Left,Right,Right,Right,Right,0,1,1,0,1,1,0,1,1,0,1,0,0,0,1,1,0,0,1,559,439,20260721_t1029_srsSmooth_training_B006,59,39,25.4442429701487,1.50873470306396,2,2,136,1,0,1,1,0,0
20260721_t1029_srsSmooth_training,srs_smooth_training,trial0560.mat,560,560,559,6,60,59,108,88,20,8,2,2,7,2,83,8078,2,0,1,2,2,2,1,1,2,2,CHOSE_LOW_SAL,2,455,1,0,1,1,1,0,51,169,169,51,-118,169,1,180,10.5,193.5,169.5,13.5,156,156,NaN,NaN,NaN,1784646023.54751,2636.9103508,1.23267269134521,0.0123775005340576,0.017765998840332,0.730397939682007,0.745739459991455,0.738539457321167,0.748292922973633,0.748292922973633,-1,-1,0.764859676361084,5.38849830627441,NaN,9.75346565246582,2.55346298217773,Conflict,Right,Left,Left,Left,Right,0,1,0,1,1,0,0,1,0,1,1,0,1,1,0,1,0,1,1,560,440,20260721_t1029_srsSmooth_training_B006,60,40,25.4887001156807,1.53490161895752,2,1,143,1,0,1,1,0,0
20260721_t1029_srsSmooth_training,srs_smooth_training,trial0561.mat,561,561,560,6,61,60,108,88,20,8,2,2,7,2,67,27357,2,0,1,2,2,2,1,1,2,2,CHOSE_LOW_SAL,2,455,1,0,4,1,1,0,33,155,155,33,-122,155,1,0,195.5,14.5,164.5,14.5,150,150,NaN,NaN,NaN,1784646026.33841,2639.70108168,1.08396005630493,0.0132606029510498,0.015430212020874,0.550102472305298,0.571616411209106,0.558251857757568,0.577578544616699,0.577578544616699,-1,-1,0.609133720397949,2.16960906982422,NaN,19.3266868591309,5.96213340759277,Conflict,Right,Left,Left,Left,Right,0,1,0,1,1,0,0,1,0,1,1,0,1,1,0,1,0,1,1,561,441,20260721_t1029_srsSmooth_training_B006,61,41,25.5352150003115,1.55822038650513,2,2,169,1,0,0,1,1,0
20260721_t1029_srsSmooth_training,srs_smooth_training,trial0562.mat,562,562,561,6,62,61,108,88,20,8,2,2,7,2,68,29689,2,0,1,2,2,2,1,1,2,2,CHOSE_LOW_SAL,2,455,1,0,5,1,1,0,29,141,141,29,-112,141,1,0,197,11,163,11,152,152,NaN,NaN,NaN,1784646028.99041,2642.353178,1.30590844154358,0.0113627910614014,0.015967845916748,0.805739402770996,0.828062057495117,0.814407587051392,0.832638740539551,0.832638740539551,-1,-1,0.865118741989136,4.60505485534668,NaN,18.2311534881592,4.57668304443359,Conflict,Right,Left,Left,Left,Right,0,1,0,1,1,0,0,1,0,1,1,0,1,1,0,1,0,1,1,562,442,20260721_t1029_srsSmooth_training_B006,62,42,25.5794150431951,1.56804251670837,2,2,155,1,0,0,1,1,0
20260721_t1029_srsSmooth_training,srs_smooth_training,trial0563.mat,563,563,562,6,63,62,108,88,20,8,2,1,6,2,61,18764,2,0,2,1,2,1,2,1,2,1,CHOSE_HIGH_SAL,1,455,1,0,3,1,1,0,43,142,142,43,-99,142,1,180,191.5,18,11.5,162,-150.5,150.5,NaN,NaN,NaN,1784646031.84088,2645.203461,1.08601665496826,0.0193378925323486,0.0241043567657471,0.572660207748413,0.594361305236816,0.581122159957886,0.600205659866333,0.600205659866333,-1,-1,0.622157335281372,4.76646423339844,NaN,19.0834999084473,5.8443546295166,Congruent,Left,Right,Right,Right,Right,0,1,1,0,1,1,0,1,1,0,1,0,0,0,1,1,0,0,1,563,443,20260721_t1029_srsSmooth_training_B006,63,43,25.6269228776296,1.54456162452698,2,2,141,1,0,1,1,0,0
20260721_t1029_srsSmooth_training,srs_smooth_training,trial0564.mat,564,564,563,6,64,63,108,88,20,8,2,1,6,2,48,25281,2,0,2,1,2,1,2,1,2,1,CHOSE_HIGH_SAL,1,455,1,0,6,1,1,0,65,154,154,65,-89,154,1,0,19,193.5,19,166.5,-147.5,147.5,NaN,NaN,NaN,1784646034.49751,2647.86006156,1.20442008972168,0.0128152370452881,0.0175185203552246,0.66615891456604,0.687842130661011,0.674451112747192,0.693421125411987,0.693421125411987,-1,-1,0.720986604690552,4.70328330993652,NaN,18.9700126647949,5.57899475097656,Congruent,Left,Right,Right,Right,Right,0,1,1,0,1,1,0,1,1,0,1,0,0,0,1,1,0,0,1,564,444,20260721_t1029_srsSmooth_training_B006,64,44,25.6711999893188,1.57061004638672,2,1,142,1,0,0,1,1,0
20260721_t1029_srsSmooth_training,srs_smooth_training,trial0565.mat,565,565,564,6,65,64,108,88,20,8,2,1,5,2,38,12652,2,0,1,2,2,2,2,2,2,2,CHOSE_HIGH_SAL,1,455,1,0,3,1,1,0,59,144,144,59,-85,144,1,180,198,17.5,18,162.5,-144.5,144.5,NaN,NaN,NaN,1784646037.27321,2650.63574384,1.27424645423889,0.0122206211090088,0.0138247013092041,0.749035120010376,0.770584583282471,0.757453680038452,0.776483774185181,0.776483774185181,-1,-1,0.79878568649292,1.60408020019531,NaN,19.0300941467285,5.89919090270996,Congruent,Right,Left,Left,Left,Left,0,1,1,0,1,0,0,1,1,1,1,0,0,1,0,0,0,0,1,565,445,20260721_t1029_srsSmooth_training_B006,65,45,25.7174617012342,1.57128262519836,2,1,154,1,0,1,1,0,0
20260721_t1029_srsSmooth_training,srs_smooth_training,trial0566.mat,566,566,565,6,66,65,108,88,20,8,2,1,6,2,60,11995,2,0,2,1,2,1,2,1,2,1,CHOSE_HIGH_SAL,1,455,1,0,2,1,1,0,63,172,172,63,-109,172,1,180,199,14.5,19,165.5,-146.5,146.5,NaN,NaN,NaN,1784646040.09792,2653.4604898,1.32915091514587,0.0126214027404785,0.0139541625976562,0.798943042755127,0.812652349472046,0.807745695114136,0.813517332077026,0.813517332077026,-1,-1,0.823326110839844,1.33275985717773,NaN,5.77163696289062,0.864982604980469,Congruent,Left,Right,Right,Right,Right,0,1,1,0,1,1,0,1,1,0,1,0,0,0,1,1,0,0,1,566,446,20260721_t1029_srsSmooth_training_B006,66,46,25.7645402034124,1.55046367645264,2,2,144,1,0,1,1,0,0
20260721_t1029_srsSmooth_training,srs_smooth_training,trial0567.mat,567,567,566,6,67,66,108,88,20,8,2,1,5,2,33,6989,2,0,1,2,2,2,2,2,2,2,CHOSE_HIGH_SAL,1,455,1,0,6,1,1,0,60,110,110,60,-50,110,1,0,12,191.5,12,168.5,-156.5,156.5,NaN,NaN,NaN,1784646042.98303,2656.3452916,1.28200960159302,0.0192933082580566,0.0233333110809326,0.772374868392944,0.794323205947876,0.78082537651062,0.800183296203613,0.800183296203613,-1,-1,0.827630281448364,4.04000282287598,NaN,19.3579196929932,5.8600902557373,Congruent,Right,Left,Left,Left,Left,0,1,1,0,1,0,0,1,1,1,1,0,0,1,0,0,0,0,1,567,447,20260721_t1029_srsSmooth_training_B006,67,47,25.8126253247261,1.55595636367798,2,1,172,1,0,1,1,0,0
20260721_t1029_srsSmooth_training,srs_smooth_training,trial0568.mat,568,568,567,6,68,67,108,88,20,8,2,1,6,2,46,27411,2,0,2,1,2,1,2,1,2,1,CHOSE_HIGH_SAL,1,455,1,0,1,1,1,0,56,151,151,56,-95,151,1,0,17.5,197,17.5,163,-145.5,145.5,NaN,NaN,NaN,1784646045.76467,2659.12701444,1.09940385818481,0.0127570629119873,0.013718843460083,0.616064786911011,0.629448175430298,0.624182939529419,0.630497455596924,0.630497455596924,-1,-1,0.648964643478394,0.961780548095703,NaN,6.31451606750488,1.04928016662598,Congruent,Left,Right,Right,Right,Right,0,1,1,0,1,1,0,1,1,0,1,0,0,0,1,1,0,0,1,568,448,20260721_t1029_srsSmooth_training_B006,68,48,25.8589860598246,1.49963450431824,2,2,110,1,0,1,1,0,0
20260721_t1029_srsSmooth_training,srs_smooth_training,trial0569.mat,569,569,568,6,69,68,108,88,20,8,2,2,7,2,65,26425,2,0,1,2,2,2,1,1,2,2,CHOSE_LOW_SAL,2,455,1,0,3,1,1,0,55,136,136,55,-81,136,1,0,199,13,161,13,148,148,NaN,NaN,NaN,1784646048.4096,2661.77186412,1.12988233566284,0.0179357528686523,0.019472599029541,0.64648175239563,0.667960405349731,0.654562950134277,0.669756650924683,0.669756650924683,-1,-1,0.688605070114136,1.53684616088867,NaN,15.1937007904053,1.79624557495117,Conflict,Right,Left,Left,Left,Right,0,1,0,1,1,0,0,1,0,1,1,0,1,1,0,1,0,1,1,569,449,20260721_t1029_srsSmooth_training_B006,69,49,25.9030681331952,1.54552054405212,2,1,151,1,0,1,1,0,0
20260721_t1029_srsSmooth_training,srs_smooth_training,trial0570.mat,570,570,569,6,70,69,108,88,20,8,2,2,7,2,70,31024,2,0,1,2,2,2,1,1,2,2,CHOSE_LOW_SAL,2,455,1,0,5,1,1,0,74,135,135,74,-61,135,1,180,19,195.5,161,15.5,145.5,145.5,NaN,NaN,NaN,1784646051.10252,2664.46483212,1.06186270713806,0.0167777538299561,0.0177638530731201,0.536559581756592,0.558465957641602,0.545068264007568,0.562624454498291,0.562624454498291,-1,-1,0.593828201293945,0.986099243164062,NaN,17.5561904907227,4.15849685668945,Conflict,Right,Left,Left,Left,Right,0,1,0,1,1,0,0,1,0,1,1,0,1,1,0,1,0,1,1,570,450,20260721_t1029_srsSmooth_training_B006,70,50,25.9479502956072,1.56304740905762,2,2,136,1,0,0,1,1,0
20260721_t1029_srsSmooth_training,srs_smooth_training,trial0571.mat,571,571,570,6,71,70,108,88,20,8,2,1,6,2,63,8245,2,0,2,1,2,1,2,1,2,1,CHOSE_HIGH_SAL,1,455,1,0,6,1,1,0,76,154,154,76,-78,154,1,0,11,194,11,166,-155,155,NaN,NaN,NaN,1784646053.72762,2667.08978496,1.33669400215149,0.0167832374572754,0.0217382907867432,0.786747694015503,0.808480501174927,0.795143604278564,0.814040184020996,0.814040184020996,-1,-1,0.848317623138428,4.95505332946777,NaN,18.8965797424316,5.55968284606934,Congruent,Left,Right,Right,Right,Right,0,1,1,0,1,1,0,1,1,0,1,0,0,0,1,1,0,0,1,571,451,20260721_t1029_srsSmooth_training_B006,71,51,25.9917019089063,1.56323409080505,2,2,135,1,0,1,1,0,0
20260721_t1029_srsSmooth_training,srs_smooth_training,trial0572.mat,572,572,571,6,72,71,108,88,20,8,2,2,8,2,99,4769,2,0,2,1,2,1,1,2,2,1,CHOSE_LOW_SAL,2,455,1,0,5,1,1,0,40,144,144,40,-104,144,1,180,17.5,192,162.5,12,150.5,150.5,NaN,NaN,NaN,1784646056.61673,2669.9788908,1.17273592948914,0.0194547176361084,0.0242280960083008,0.64738392829895,0.669479846954346,0.65615439414978,0.675205230712891,0.675205230712891,-1,-1,0.697809219360352,4.77337837219238,NaN,19.0508365631104,5.72538375854492,Conflict,Left,Right,Right,Right,Left,0,1,0,1,1,1,0,1,0,0,1,0,1,0,1,0,0,1,1,572,452,20260721_t1029_srsSmooth_training_B006,72,52,26.039853700002,1.55241346359253,2,1,154,1,0,0,1,1,0
20260721_t1029_srsSmooth_training,srs_smooth_training,trial0573.mat,573,573,572,6,73,72,108,88,20,8,2,2,8,2,96,3087,2,0,2,1,2,1,1,2,2,1,CHOSE_LOW_SAL,2,455,1,0,3,1,1,0,62,170,170,62,-108,170,1,0,192,20,168,20,148,148,NaN,NaN,NaN,1784646059.3523,2672.71434464,1.23007011413574,0.0173285007476807,0.0231459140777588,0.692967653274536,0.709021329879761,0.701327562332153,0.710209131240845,0.710209131240845,-1,-1,0.728004693984985,5.81741333007812,NaN,8.88156890869141,1.18780136108398,Conflict,Left,Right,Right,Right,Left,0,1,0,1,1,1,0,1,0,0,1,0,1,0,1,0,0,1,1,573,453,20260721_t1029_srsSmooth_training_B006,73,53,26.0854464729627,1.56283044815063,2,1,144,1,0,0,1,1,0
20260721_t1029_srsSmooth_training,srs_smooth_training,trial0574.mat,574,574,573,6,74,73,108,88,20,8,2,1,5,2,40,18196,2,0,1,2,2,2,2,2,2,2,CHOSE_HIGH_SAL,1,455,1,0,5,1,1,0,56,166,166,56,-110,166,1,0,17.5,194.5,17.5,165.5,-148,148,NaN,NaN,NaN,1784646062.12821,2675.49016244,1.32968688011169,0.0165183544158936,0.022374153137207,0.761650085449219,0.783215522766113,0.769777774810791,0.788934230804443,0.788934230804443,-1,-1,0.819314002990723,5.85579872131348,NaN,19.1564559936523,5.71870803833008,Congruent,Right,Left,Left,Left,Left,0,1,1,0,1,0,0,1,1,1,1,0,0,1,0,0,0,0,1,574,454,20260721_t1029_srsSmooth_training_B006,74,54,26.1317117532094,1.54584670066833,2,1,170,1,0,1,1,0,0
20260721_t1029_srsSmooth_training,srs_smooth_training,trial0575.mat,575,575,574,6,75,74,108,88,20,8,2,2,7,2,72,23659,2,0,1,2,2,2,1,1,2,2,CHOSE_LOW_SAL,2,455,1,0,3,1,1,0,51,134,134,51,-83,134,1,180,15.5,192.5,164.5,12.5,152,152,NaN,NaN,NaN,1784646064.97229,2678.33407776,1.14854383468628,0.0142221450805664,0.0198194980621338,0.665648460388184,0.689248561859131,0.67581033706665,0.691116809844971,0.691116809844971,-1,-1,0.708274602890015,5.59735298156738,NaN,15.3064727783203,1.86824798583984,Conflict,Right,Left,Left,Left,Right,0,1,0,1,1,0,0,1,0,1,1,0,1,1,0,1,0,1,1,575,455,20260721_t1029_srsSmooth_training_B006,75,55,26.179112970829,1.51438617706299,2,2,166,1,0,0,1,1,0
20260721_t1029_srsSmooth_training,srs_smooth_training,trial0576.mat,576,576,575,6,76,75,108,88,20,8,2,1,5,2,24,14138,2,0,1,2,2,2,2,2,2,2,CHOSE_HIGH_SAL,1,455,1,0,0,1,1,0,63,169,169,63,-106,169,1,0,18,198.5,18,161.5,-143.5,143.5,NaN,NaN,NaN,1784646067.6814,2681.04315204,1.20508408546448,0.0135498046875,0.0149147510528564,0.708058834075928,0.721910715103149,0.716655015945435,0.722495317459106,0.722495317459106,-1,-1,0.732538223266602,1.36494636535645,NaN,5.84030151367188,0.584602355957031,Congruent,Right,Left,Left,Left,Left,0,1,1,0,1,0,0,1,1,1,1,0,0,1,0,0,0,0,1,576,456,20260721_t1029_srsSmooth_training_B006,76,56,26.2242648164431,1.56056690216064,2,2,134,1,0,0,1,1,0
20260721_t1029_srsSmooth_training,srs_smooth_training,trial0577.mat,577,577,576,6,77,76,108,88,20,8,2,1,6,2,64,18480,2,0,2,1,2,1,2,1,2,1,CHOSE_HIGH_SAL,1,455,1,0,3,1,1,0,65,136,136,65,-71,136,1,0,10.5,192.5,10.5,167.5,-157,157,NaN,NaN,NaN,1784646070.4344,2683.79622356,1.24761366844177,0.0189828872680664,0.0209653377532959,0.76360011100769,0.785679817199707,0.77252984046936,0.791573762893677,0.791573762893677,-1,-1,0.81408429145813,1.98245048522949,NaN,19.0439224243164,5.89394569396973,Congruent,Left,Right,Right,Right,Right,0,1,1,0,1,1,0,1,1,0,1,0,0,0,1,1,0,0,1,577,457,20260721_t1029_srsSmooth_training_B006,77,57,26.2701482772827,1.54792356491089,2,2,169,1,0,1,1,0,0
20260721_t1029_srsSmooth_training,srs_smooth_training,trial0578.mat,578,578,577,6,78,77,108,88,20,8,2,1,5,2,23,19523,2,0,1,2,2,2,2,2,2,2,CHOSE_HIGH_SAL,1,455,1,0,3,1,1,0,76,138,138,76,-62,138,1,0,11,200,11,160,-149,149,NaN,NaN,NaN,1784646073.2081,2686.56981132,1.11363053321838,0.0203919410705566,0.022658109664917,0.59015941619873,0.612082242965698,0.59888482093811,0.61860203742981,0.61860203742981,-1,-1,0.640860080718994,2.26616859436035,NaN,19.7172164916992,6.51979446411133,Congruent,Right,Left,Left,Left,Left,0,1,1,0,1,0,0,1,1,1,1,0,0,1,0,0,0,0,1,578,458,20260721_t1029_srsSmooth_training_B006,78,58,26.3163765907288,1.52608513832092,2,1,136,1,0,1,1,0,0
20260721_t1029_srsSmooth_training,srs_smooth_training,trial0579.mat,579,579,578,6,79,78,108,88,20,8,2,2,8,2,94,23290,2,0,2,1,2,1,1,2,2,1,CHOSE_LOW_SAL,2,455,1,0,4,1,1,0,42,151,151,42,-109,151,1,180,16,194.5,164,14.5,149.5,149.5,NaN,NaN,NaN,1784646075.8831,2689.24472652,1.24061560630798,0.0121674537658691,0.0138084888458252,0.740368366241455,0.76219654083252,0.749040365219116,0.768054723739624,0.768054723739624,-1,-1,0.790328502655029,1.64103507995605,NaN,19.0143585205078,5.85818290710449,Conflict,Left,Right,Right,Right,Left,0,1,0,1,1,1,0,1,0,0,1,0,1,0,1,0,0,1,1,579,459,20260721_t1029_srsSmooth_training_B006,79,59,26.3609598358472,1.56136417388916,2,2,138,1,0,1,1,0,0
20260721_t1029_srsSmooth_training,srs_smooth_training,trial0580.mat,580,580,579,6,80,79,108,88,20,8,2,2,7,2,75,23165,2,0,1,2,2,2,1,1,2,2,CHOSE_LOW_SAL,2,455,1,0,4,1,1,0,54,147,147,54,-93,147,1,180,19,197,161,17,144,144,NaN,NaN,NaN,1784646078.67758,2692.03919028,1.13855838775635,0.0177907943725586,0.0201928615570068,0.612539529800415,0.63448166847229,0.62129807472229,0.640448331832886,0.640448331832886,-1,-1,0.663290023803711,2.40206718444824,NaN,19.1502571105957,5.9666633605957,Conflict,Right,Left,Left,Left,Right,0,1,0,1,1,0,0,1,0,1,1,0,1,1,0,1,0,1,1,580,460,20260721_t1029_srsSmooth_training_B006,80,60,26.4075345993042,1.55387020111084,2,1,151,1,0,1,1,0,0
20260721_t1029_srsSmooth_training,srs_smooth_training,trial0581.mat,581,581,580,6,81,80,108,88,20,8,2,2,7,2,85,28330,2,0,1,2,2,2,1,1,2,2,CHOSE_LOW_SAL,2,455,1,0,1,1,1,0,41,175,175,41,-134,175,1,180,20,193.5,160,13.5,146.5,146.5,NaN,NaN,NaN,1784646081.38448,2694.74602532,1.15604829788208,0.019329309463501,0.0212302207946777,0.647762775421143,0.661021709442139,0.655736684799194,0.661791324615479,0.661791324615479,-1,-1,0.679823160171509,1.90091133117676,NaN,6.05463981628418,0.769615173339844,Conflict,Right,Left,Left,Left,Right,0,1,0,1,1,0,0,1,0,1,1,0,1,1,0,1,0,1,1,581,461,20260721_t1029_srsSmooth_training_B006,81,61,26.452649585406,1.56834077835083,2,2,147,1,0,0,1,1,0
20260721_t1029_srsSmooth_training,srs_smooth_training,trial0582.mat,582,582,581,6,82,81,108,88,20,8,2,2,8,2,106,28700,2,0,2,1,2,1,1,2,2,1,CHOSE_LOW_SAL,2,455,1,0,1,1,1,0,54,164,164,54,-110,164,1,0,196.5,10.5,163.5,10.5,153,153,NaN,NaN,NaN,1784646084.09172,2697.4531858,1.24051451683044,0.0121991634368896,0.0139186382293701,0.748687267303467,0.76222825050354,0.757126569747925,0.763055801391602,0.763055801391602,-1,-1,0.781534433364868,1.71947479248047,NaN,5.92923164367676,0.827550888061523,Conflict,Left,Right,Right,Right,Left,0,1,0,1,1,1,0,1,0,0,1,0,1,0,1,0,0,1,1,582,462,20260721_t1029_srsSmooth_training_B006,82,62,26.4977701743444,1.55118703842163,2,2,175,1,0,1,1,0,0
20260721_t1029_srsSmooth_training,srs_smooth_training,trial0583.mat,583,583,582,6,83,82,108,88,20,8,2,2,7,2,79,20477,2,0,1,2,2,2,1,1,2,2,CHOSE_LOW_SAL,2,455,1,0,2,1,1,0,37,141,141,37,-104,141,1,0,200,14.5,160,14.5,145.5,145.5,NaN,NaN,NaN,1784646086.8689,2700.23028768,1.07992458343506,0.0184633731842041,0.0204830169677734,0.571757078170776,0.585151433944702,0.579660177230835,0.586198806762695,0.586198806762695,-1,-1,0.604193687438965,2.01964378356934,NaN,6.53862953186035,1.04737281799316,Conflict,Right,Left,Left,Left,Right,0,1,0,1,1,0,0,1,0,1,1,0,1,1,0,1,0,1,1,583,463,20260721_t1029_srsSmooth_training_B006,83,63,26.5440564672152,1.53666305541992,2,1,164,1,0,1,1,0,0
20260721_t1029_srsSmooth_training,srs_smooth_training,trial0584.mat,584,584,583,6,84,83,108,88,20,8,2,2,8,2,93,3107,2,0,2,1,2,1,1,2,2,1,CHOSE_LOW_SAL,2,455,1,0,7,1,1,0,29,169,169,29,-140,169,1,180,13,191.5,167,11.5,155.5,155.5,NaN,NaN,NaN,1784646089.48833,2702.84966468,1.31087112426758,0.0158011913299561,0.022125244140625,0.752755641937256,0.774163961410522,0.76053786277771,0.780222654342651,0.780222654342651,-1,-1,0.80917501449585,6.32405281066895,NaN,19.6847915649414,6.05869293212891,Conflict,Left,Right,Right,Right,Left,0,1,0,1,1,1,0,1,0,0,1,0,1,0,1,0,0,1,1,584,464,20260721_t1029_srsSmooth_training_B006,84,64,26.5877136468887,1.53950619697571,2,2,141,1,0,1,1,0,0
20260721_t1029_srsSmooth_training,srs_smooth_training,trial0585.mat,585,585,584,6,85,84,108,88,20,8,2,1,5,2,30,25341,2,0,1,2,2,2,2,2,2,2,CHOSE_HIGH_SAL,1,455,1,0,2,1,1,0,62,123,123,62,-61,123,1,0,10,196,10,164,-154,154,NaN,NaN,NaN,1784646092.33549,2705.69677004,1.23808979988098,0.018747091293335,0.0201659202575684,0.763558626174927,0.777109861373901,0.771703004837036,0.780384063720703,0.780384063720703,-1,-1,0.796668529510498,1.4188289642334,NaN,8.68105888366699,3.27420234680176,Congruent,Right,Left,Left,Left,Left,0,1,1,0,1,0,0,1,1,1,1,0,0,1,0,0,0,0,1,585,465,20260721_t1029_srsSmooth_training_B006,85,65,26.6351663947105,1.53629374504089,2,1,169,1,0,1,1,0,0
20260721_t1029_srsSmooth_training,srs_smooth_training,trial0586.mat,586,586,585,6,86,85,108,88,20,8,2,2,8,2,90,27336,2,0,2,1,2,1,1,2,2,1,CHOSE_LOW_SAL,2,455,1,0,4,1,1,0,70,138,138,70,-68,138,1,0,194.5,12,165.5,12,153.5,153.5,NaN,NaN,NaN,1784646095.14832,2708.50951756,1.25116109848022,0.01436448097229,0.0160562992095947,0.734553575515747,0.756060600280762,0.742738723754883,0.762196779251099,0.762196779251099,-1,-1,0.788729190826416,1.69181823730469,NaN,19.4580554962158,6.13617897033691,Conflict,Left,Right,Right,Right,Left,0,1,0,1,1,1,0,1,0,0,1,0,1,0,1,0,0,1,1,586,466,20260721_t1029_srsSmooth_training_B006,86,66,26.6820468028386,1.57473468780518,2,2,123,1,0,1,1,0,0
20260721_t1029_srsSmooth_training,srs_smooth_training,trial0587.mat,587,587,586,6,87,86,108,88,20,8,2,2,8,2,101,31772,2,0,2,1,2,1,1,2,2,1,CHOSE_LOW_SAL,2,455,1,0,2,1,1,0,44,129,129,44,-85,129,1,180,13.5,193,166.5,13,153.5,153.5,NaN,NaN,NaN,1784646097.94721,2711.3085362,1.11356568336487,0.0155794620513916,0.0175397396087646,0.618798971176147,0.640603542327881,0.627457857131958,0.646401882171631,0.646401882171631,-1,-1,0.65129542350769,1.96027755737305,NaN,18.9440250396729,5.79833984375,Conflict,Left,Right,Right,Right,Left,0,1,0,1,1,1,0,1,0,0,1,0,1,0,1,0,0,1,1,587,467,20260721_t1029_srsSmooth_training_B006,87,67,26.728695054849,1.5477340221405,2,1,138,1,0,0,1,1,0
20260721_t1029_srsSmooth_training,srs_smooth_training,trial0588.mat,588,588,587,6,88,87,108,88,20,8,2,2,8,2,102,3133,2,0,2,1,2,1,1,2,2,1,CHOSE_LOW_SAL,2,455,1,0,5,1,1,0,47,166,166,47,-119,166,1,180,19,190,161,10,151,151,NaN,NaN,NaN,1784646100.62393,2713.98510508,1.25036096572876,0.0139596462249756,0.0158109664916992,0.700335502624512,0.722320795059204,0.708910465240479,0.728182792663574,0.728182792663574,-1,-1,0.756734848022461,1.85132026672363,NaN,19.2723274230957,5.86199760437012,Conflict,Left,Right,Right,Right,Left,0,1,0,1,1,1,0,1,0,0,1,0,1,0,1,0,0,1,1,588,468,20260721_t1029_srsSmooth_training_B006,88,68,26.7733071168264,1.56315803527832,2,1,129,1,0,0,1,1,0
20260721_t1029_srsSmooth_training,srs_smooth_training,trial0589.mat,589,589,588,6,89,88,108,88,20,8,2,2,7,2,82,2821,2,0,1,2,2,2,1,1,2,2,CHOSE_LOW_SAL,2,455,1,0,4,1,1,0,56,161,161,56,-105,161,1,180,10,199.5,170,19.5,150.5,150.5,NaN,NaN,NaN,1784646103.57682,2716.93797996,1.15531468391418,0.0195174217224121,0.0330824851989746,0.638952970504761,0.661209344863892,0.647489786148071,0.665969133377075,0.665969133377075,-1,-1,0.698421478271484,13.5650634765625,NaN,18.4793472290039,4.75978851318359,Conflict,Right,Left,Left,Left,Right,0,1,0,1,1,0,0,1,0,1,1,0,1,1,0,1,0,1,1,589,469,20260721_t1029_srsSmooth_training_B006,89,69,26.8225219567617,1.7025294303894,2,1,166,1,0,1,1,0,0
20260721_t1029_srsSmooth_training,srs_smooth_training,trial0590.mat,590,590,589,6,90,89,108,88,20,8,2,2,7,2,86,3256,2,0,1,2,2,2,1,1,2,2,CHOSE_LOW_SAL,2,455,1,0,5,1,1,0,57,138,138,57,-81,138,1,0,193,11,167,11,156,156,NaN,NaN,NaN,1784646106.30279,2719.66384536,1.14779233932495,0.0186562538146973,0.0241198539733887,0.630405187606812,0.652014493942261,0.638431072235107,0.658210515975952,0.658210515975952,-1,-1,0.679956912994385,5.46360015869141,NaN,19.7794437408447,6.19602203369141,Conflict,Right,Left,Left,Left,Right,0,1,0,1,1,0,0,1,0,1,1,0,1,1,0,1,0,1,1,590,470,20260721_t1029_srsSmooth_training_B006,90,70,26.867954758803,1.57065343856812,2,2,161,1,0,0,1,1,0
20260721_t1029_srsSmooth_training,srs_smooth_training,trial0591.mat,591,591,590,6,91,90,108,88,20,8,2,2,8,2,100,28407,2,0,2,1,2,1,1,2,2,1,CHOSE_LOW_SAL,2,455,1,0,3,1,1,0,68,130,130,68,-62,130,1,180,13,199.5,167,19.5,147.5,147.5,NaN,NaN,NaN,1784646109.00188,2722.36292532,1.08134388923645,0.0196709632873535,0.0215787887573242,0.573093891143799,0.594692707061768,0.581368923187256,0.601203918457031,0.601203918457031,-1,-1,0.622517824172974,1.9078254699707,NaN,19.8349952697754,6.51121139526367,Conflict,Left,Right,Right,Right,Left,0,1,0,1,1,1,0,1,0,0,1,0,1,0,1,0,0,1,1,591,471,20260721_t1029_srsSmooth_training_B006,91,71,26.9129395961761,1.55129790306091,2,2,138,1,0,1,1,0,0
20260721_t1029_srsSmooth_training,srs_smooth_training,trial0592.mat,592,592,591,6,92,91,108,88,20,8,2,2,8,2,103,12712,2,0,2,1,2,1,1,2,2,1,CHOSE_LOW_SAL,2,455,1,0,5,1,1,0,56,152,152,56,-96,152,1,0,195.5,12.5,164.5,12.5,152,152,NaN,NaN,NaN,1784646111.63832,2724.99921636,1.29516196250916,0.0166702270507812,0.0191035270690918,0.778395414352417,0.800034523010254,0.786868095397949,0.806106567382812,0.806106567382812,-1,-1,0.828135013580322,2.43330001831055,NaN,19.2384719848633,6.07204437255859,Conflict,Left,Right,Right,Right,Left,0,1,0,1,1,1,0,1,0,0,1,0,1,0,1,0,0,1,1,592,472,20260721_t1029_srsSmooth_training_B006,92,72,26.9568802038829,1.55509257316589,2,1,130,1,0,0,1,1,0
20260721_t1029_srsSmooth_training,srs_smooth_training,trial0593.mat,593,593,592,6,93,92,108,88,20,8,2,1,5,2,31,7492,2,0,1,2,2,2,2,2,2,2,CHOSE_HIGH_SAL,1,455,1,0,4,1,1,0,67,142,142,67,-75,142,1,180,192.5,14,12.5,166,-153.5,153.5,NaN,NaN,NaN,1784646114.46942,2727.8303238,1.30533790588379,0.0190157890319824,0.0205526351928711,0.788552045822144,0.810712575912476,0.796890258789062,0.814297676086426,0.814297676086426,-1,-1,0.847786903381348,1.53684616088867,NaN,17.4074172973633,3.5851001739502,Congruent,Right,Left,Left,Left,Left,0,1,1,0,1,0,0,1,1,1,1,0,0,1,0,0,0,0,1,593,473,20260721_t1029_srsSmooth_training_B006,93,73,27.0040651837985,1.53593683242798,2,1,152,1,0,1,1,0,0
20260721_t1029_srsSmooth_training,srs_smooth_training,trial0594.mat,594,594,593,6,94,93,108,88,20,8,2,2,8,2,91,25042,2,0,2,1,2,1,1,2,2,1,CHOSE_LOW_SAL,2,455,1,0,3,1,1,0,73,141,141,73,-68,141,1,0,197.5,14.5,162.5,14.5,148,148,NaN,NaN,NaN,1784646117.34645,2730.70734504,1.23675966262817,0.0170929431915283,0.022289514541626,0.726542949676514,0.742120981216431,0.73445725440979,0.743018627166748,0.743018627166748,-1,-1,0.761799097061157,5.19657135009766,NaN,8.56137275695801,0.897645950317383,Conflict,Left,Right,Right,Right,Left,0,1,0,1,1,1,0,1,0,0,1,0,1,0,1,0,0,1,1,594,474,20260721_t1029_srsSmooth_training_B006,94,74,27.0520157575607,1.57169651985168,2,2,142,1,0,1,1,0,0
20260721_t1029_srsSmooth_training,srs_smooth_training,trial0595.mat,595,595,594,6,95,94,108,88,20,8,2,2,7,2,66,30506,2,0,1,2,2,2,1,1,2,2,CHOSE_LOW_SAL,2,455,1,0,2,1,1,0,34,147,147,34,-113,147,1,0,194,14.5,166,14.5,151.5,151.5,NaN,NaN,NaN,1784646120.14376,2733.50467856,1.14755272865295,0.0115623474121094,0.0130181312561035,0.664832353591919,0.686589241027832,0.672931432723999,0.687413215637207,0.687413215637207,-1,-1,0.705621480941772,1.45578384399414,NaN,14.481782913208,0.823974609375,Conflict,Right,Left,Left,Left,Right,0,1,0,1,1,0,0,1,0,1,1,0,1,1,0,1,0,1,1,595,475,20260721_t1029_srsSmooth_training_B006,95,75,27.0986375212669,1.56054615974426,2,1,141,1,0,1,1,0,0
20260721_t1029_srsSmooth_training,srs_smooth_training,trial0596.mat,596,596,595,6,96,95,108,88,20,8,2,2,8,2,95,15176,2,0,2,1,2,1,1,2,2,1,CHOSE_LOW_SAL,2,455,1,0,4,1,1,0,71,162,162,71,-91,162,1,0,197,17,163,17,146,146,NaN,NaN,NaN,1784646122.83259,2736.19331316,1.16393876075745,0.014498233795166,0.0158085823059082,0.651360988616943,0.672858238220215,0.659605026245117,0.679450273513794,0.679450273513794,-1,-1,0.701158046722412,1.31034851074219,NaN,19.8452472686768,6.5920352935791,Conflict,Left,Right,Right,Right,Left,0,1,0,1,1,1,0,1,0,0,1,0,1,0,1,0,0,1,1,596,476,20260721_t1029_srsSmooth_training_B006,96,76,27.1434514562289,1.54128336906433,2,2,147,1,0,1,1,0,0
20260721_t1029_srsSmooth_training,srs_smooth_training,trial0597.mat,597,597,596,6,97,96,108,88,20,8,2,1,5,2,21,4357,2,0,1,2,2,2,2,2,2,2,CHOSE_HIGH_SAL,1,455,1,0,1,1,1,0,53,171,171,53,-118,171,1,0,14,191,14,169,-155,155,NaN,NaN,NaN,1784646125.52331,2738.88398556,1.30190753936768,0.015556812286377,0.0174248218536377,0.799996614456177,0.815587997436523,0.808397769927979,0.81663966178894,0.81663966178894,-1,-1,0.834338426589966,1.86800956726074,NaN,8.24189186096191,1.05166435241699,Congruent,Right,Left,Left,Left,Left,0,1,1,0,1,0,0,1,1,1,1,0,0,1,0,0,0,0,1,597,477,20260721_t1029_srsSmooth_training_B006,97,77,27.1882966796557,1.52677464485168,2,1,162,1,0,1,1,0,0
20260721_t1029_srsSmooth_training,srs_smooth_training,trial0598.mat,598,598,597,6,98,97,108,88,20,8,2,2,8,2,107,5011,2,0,2,1,2,1,1,2,2,1,CHOSE_LOW_SAL,2,455,1,0,4,1,1,0,37,145,145,37,-108,145,1,0,199.5,15,160.5,15,145.5,145.5,NaN,NaN,NaN,1784646128.39557,2741.7562758,1.21291065216064,0.0184047222137451,0.0197782516479492,0.688438415527344,0.710098743438721,0.696285724639893,0.715361356735229,0.715361356735229,-1,-1,0.737487316131592,1.3735294342041,NaN,19.0756320953369,5.26261329650879,Conflict,Left,Right,Right,Right,Left,0,1,0,1,1,1,0,1,0,0,1,0,1,0,1,0,0,1,1,598,478,20260721_t1029_srsSmooth_training_B006,98,78,27.2361677646637,1.57035756111145,2,2,171,1,0,1,1,0,0
20260721_t1029_srsSmooth_training,srs_smooth_training,trial0599.mat,599,599,598,6,99,98,108,88,20,8,2,2,7,2,69,18840,2,0,1,2,2,2,1,1,2,2,CHOSE_LOW_SAL,2,455,1,0,4,1,1,0,48,135,135,48,-87,135,1,180,10.5,194.5,169.5,14.5,155,155,NaN,NaN,NaN,1784646131.177,2744.5374948,1.2576277256012,0.0204205513000488,0.0225484371185303,0.740269899368286,0.762116670608521,0.748715400695801,0.768841743469238,0.768841743469238,-1,-1,0.790047645568848,2.12788581848145,NaN,20.1263427734375,6.72507286071777,Conflict,Right,Left,Left,Left,Right,0,1,0,1,1,0,0,1,0,1,1,0,1,1,0,1,0,1,1,599,479,20260721_t1029_srsSmooth_training_B006,99,79,27.2825248638789,1.56851530075073,2,1,145,1,0,1,1,0,0
20260721_t1029_srsSmooth_training,srs_smooth_training,trial0600.mat,600,600,599,6,100,99,108,88,20,8,2,1,6,2,55,5957,2,0,2,1,2,1,2,1,2,1,CHOSE_HIGH_SAL,1,455,1,0,3,1,1,0,68,151,151,68,-83,151,1,0,16,197.5,16,162.5,-146.5,146.5,NaN,NaN,NaN,1784646133.99778,2747.3582698,1.12400221824646,0.0164151191711426,0.020052433013916,0.586605787277222,0.608104705810547,0.594529390335083,0.614252805709839,0.614252805709839,-1,-1,0.636201858520508,3.63731384277344,NaN,19.7234153747559,6.14809989929199,Congruent,Left,Right,Right,Right,Right,0,1,1,0,1,1,0,1,1,0,1,0,0,0,1,1,0,0,1,600,480,20260721_t1029_srsSmooth_training_B006,100,80,27.3295379122098,1.56315517425537,2,2,135,1,0,1,1,0,0
20260721_t1029_srsSmooth_training,srs_smooth_training,trial0601.mat,601,601,600,6,101,100,108,88,20,8,2,2,8,2,104,25212,2,0,2,1,2,1,1,2,2,1,CHOSE_LOW_SAL,2,455,1,0,4,1,1,0,16,128,128,16,-112,128,1,0,198.5,16.5,161.5,16.5,145,145,NaN,NaN,NaN,1784646136.67774,2750.03823368,1.1491539478302,0.0198953151702881,0.0230376720428467,0.648112773895264,0.661587238311768,0.656498432159424,0.66255521774292,0.66255521774292,-1,-1,0.68668532371521,3.14235687255859,NaN,6.05678558349609,0.967979431152344,Conflict,Left,Right,Right,Right,Left,0,1,0,1,1,1,0,1,0,0,1,0,1,0,1,0,0,1,1,601,481,20260721_t1029_srsSmooth_training_B006,101,81,27.3742038726807,1.55595541000366,2,1,151,1,0,0,1,1,0
20260721_t1029_srsSmooth_training,srs_smooth_training,trial0602.mat,602,602,601,6,102,101,108,88,20,8,2,1,6,2,49,24912,2,0,2,1,2,1,2,1,2,1,CHOSE_HIGH_SAL,1,455,1,0,3,1,1,0,55,160,160,55,-105,160,1,0,15.5,193.5,15.5,166.5,-151,151,NaN,NaN,NaN,1784646139.37303,2752.73333012,1.23662829399109,0.0163815021514893,0.0180819034576416,0.694576263427734,0.71640944480896,0.702982425689697,0.722841501235962,0.722841501235962,-1,-1,0.744625568389893,1.70040130615234,NaN,19.8590755462646,6.43205642700195,Congruent,Left,Right,Right,Right,Right,0,1,1,0,1,1,0,1,1,0,1,0,0,0,1,1,0,0,1,602,482,20260721_t1029_srsSmooth_training_B006,102,82,27.4191253026327,1.54613184928894,2,1,128,1,0,0,1,1,0
20260721_t1029_srsSmooth_training,srs_smooth_training,trial0603.mat,603,603,602,6,103,102,108,88,20,8,2,2,7,2,71,1349,2,0,1,2,2,2,1,1,2,2,CHOSE_LOW_SAL,2,455,1,0,4,1,1,0,80,143,143,80,-63,143,1,0,197,18,163,18,145,145,NaN,NaN,NaN,1784646142.14798,2755.50822616,1.19502115249634,0.0165400505065918,0.0204124450683594,0.702953577041626,0.72490119934082,0.711266994476318,0.730922937393188,0.730922937393188,-1,-1,0.753097534179688,3.87239456176758,NaN,19.6559429168701,6.02173805236816,Conflict,Right,Left,Left,Left,Right,0,1,0,1,1,0,0,1,0,1,1,0,1,1,0,1,0,1,1,603,483,20260721_t1029_srsSmooth_training_B006,103,83,27.4653744737307,1.53832197189331,2,1,160,1,0,1,1,0,0
20260721_t1029_srsSmooth_training,srs_smooth_training,trial0604.mat,604,604,603,6,104,103,108,88,20,8,2,2,8,2,92,25090,2,0,2,1,2,1,1,2,2,1,CHOSE_LOW_SAL,2,455,1,0,6,1,1,0,75,133,133,75,-58,133,1,0,195,11,165,11,154,154,NaN,NaN,NaN,1784646144.90381,2758.26406776,1.33102178573608,0.0108120441436768,0.0122218132019043,0.805822372436523,0.827511072158813,0.813896417617798,0.833005666732788,0.833005666732788,-1,-1,0.86585545539856,1.40976905822754,NaN,19.1092491149902,5.49459457397461,Conflict,Left,Right,Right,Right,Left,0,1,0,1,1,1,0,1,0,0,1,0,1,0,1,0,0,1,1,604,484,20260721_t1029_srsSmooth_training_B006,104,84,27.511305073897,1.56081485748291,2,2,143,1,0,1,1,0,0
20260721_t1029_srsSmooth_training,srs_smooth_training,trial0605.mat,605,605,604,6,105,104,108,88,20,8,2,1,5,2,25,23741,2,0,1,2,2,2,2,2,2,2,CHOSE_HIGH_SAL,1,455,1,0,4,1,1,0,46,144,144,46,-98,144,1,0,13.5,197.5,13.5,162.5,-149,149,NaN,NaN,NaN,1784646147.78805,2761.14815368,1.13853216171265,0.0183529853820801,0.0235471725463867,0.604810476303101,0.626710176467896,0.612999200820923,0.630847692489624,0.630847692489624,-1,-1,0.662266254425049,5.19418716430664,NaN,17.8484916687012,4.13751602172852,Congruent,Right,Left,Left,Left,Left,0,1,1,0,1,0,0,1,1,1,1,0,0,1,0,0,0,0,1,605,485,20260721_t1029_srsSmooth_training_B006,105,85,27.5593757271767,1.55321741104126,2,1,133,1,0,1,1,0,0
20260721_t1029_srsSmooth_training,srs_smooth_training,trial0606.mat,606,606,605,6,106,105,108,88,20,8,2,1,5,2,39,12459,2,0,1,2,2,2,2,2,2,2,CHOSE_HIGH_SAL,1,455,1,0,4,1,1,0,53,136,136,53,-83,136,1,0,13.5,194,13.5,166,-152.5,152.5,NaN,NaN,NaN,1784646150.50272,2763.86288988,1.1150848865509,0.0204603672027588,0.0258719921112061,0.615281105041504,0.637151479721069,0.62385368347168,0.643372058868408,0.643372058868408,-1,-1,0.665449857711792,5.41162490844727,NaN,19.5183753967285,6.22057914733887,Congruent,Right,Left,Left,Left,Left,0,1,1,0,1,0,0,1,1,1,1,0,0,1,0,0,0,0,1,606,486,20260721_t1029_srsSmooth_training_B006,106,86,27.604620150725,1.57613325119019,2,2,144,1,0,0,1,1,0
20260721_t1029_srsSmooth_training,srs_smooth_training,trial0607.mat,607,607,606,6,107,106,108,88,20,8,2,2,7,2,84,11393,2,0,1,2,2,2,1,1,2,2,CHOSE_LOW_SAL,2,455,1,0,6,1,1,0,56,140,140,56,-84,140,1,180,17.5,200,162.5,20,142.5,142.5,NaN,NaN,NaN,1784646153.19226,2766.55239848,1.25165200233459,0.0143585205078125,0.0193607807159424,0.750698328018188,0.7727210521698,0.75906777381897,0.77843189239502,0.77843189239502,-1,-1,0.810131788253784,5.00226020812988,NaN,19.3641185760498,5.71084022521973,Conflict,Right,Left,Left,Left,Right,0,1,0,1,1,0,0,1,0,1,1,0,1,1,0,1,0,1,1,607,487,20260721_t1029_srsSmooth_training_B006,107,87,27.649445839723,1.57445645332336,2,2,136,1,0,0,1,1,0
20260721_t1029_srsSmooth_training,srs_smooth_training,trial0608.mat,608,608,607,6,108,107,108,88,20,8,2,1,6,2,50,5658,2,0,2,1,2,1,2,1,2,1,CHOSE_HIGH_SAL,1,455,1,0,1,1,1,0,58,138,138,58,-80,138,1,180,200,20,20,160,-140,140,NaN,NaN,NaN,1784646156.01728,2769.3773788,1.14281463623047,0.0144457817077637,0.016207218170166,0.673825979232788,0.689471960067749,0.682331800460815,0.690571308135986,0.690571308135986,-1,-1,0.70877480506897,1.76143646240234,NaN,8.2395076751709,1.0993480682373,Congruent,Left,Right,Right,Right,Right,0,1,1,0,1,1,0,1,1,0,1,0,0,0,1,1,0,0,1,608,488,20260721_t1029_srsSmooth_training_B006,108,88,27.696529563268,1.57337141036987,2,2,140,1,0,1,1,0,0
20260721_t1029_srsSmooth_training,srs_smooth_training,trial0609.mat,609,609,608,7,1,0,100,80,20,8,1,0,1,1,2,442,1,1,1,2,1,1,1,1,1,1,SINGLE_T1_CORRECT,10,455,1,0,2,1,1,0,112,96,112,96,16,112,1,0,192,14.5,168,14.5,153.5,153.5,NaN,NaN,NaN,1784646158.70353,2772.06341068,1.03967261314392,0.0116312503814697,0.0166232585906982,0.564828395843506,0.57831883430481,0.573086977005005,0.579226016998291,0.579226016998291,-1,-1,0.59721851348877,4.99200820922852,NaN,6.13903999328613,0.907182693481445,Instruction,Right,Left,Right,Right,Right,1,0,0,0,0,NaN,NaN,NaN,NaN,NaN,NaN,NaN,NaN,1,1,1,1,1,0,609,NaN,20260721_t1029_srsSmooth_training_B007,1,NaN,27.7413004597028,1.54343914985657,NaN,NaN,NaN,0,NaN,NaN,NaN,NaN,0
20260721_t1029_srsSmooth_training,srs_smooth_training,trial0610.mat,610,610,609,7,2,1,100,80,20,8,1,0,3,1,13,18169,1,2,2,1,1,2,2,1,2,1,SINGLE_T2_CORRECT,11,455,1,0,3,1,1,0,119,80,119,80,39,80,1,180,190.5,10.5,10.5,169.5,-159,159,NaN,NaN,NaN,1784646161.27331,2774.63322932,1.11011695861816,0.0169520378112793,0.0181326866149902,0.661665201187134,0.683645248413086,0.670684099197388,0.690464735031128,0.690464735031128,-1,-1,0.712494134902954,1.18064880371094,NaN,19.7806358337402,6.81948661804199,Instruction,Left,Right,Right,Left,Right,1,0,0,0,0,NaN,NaN,NaN,NaN,NaN,NaN,NaN,NaN,0,0,1,1,0,0,610,NaN,20260721_t1029_srsSmooth_training_B007,2,NaN,27.784130124251,1.53010725975037,NaN,NaN,NaN,0,NaN,NaN,NaN,NaN,0
20260721_t1029_srsSmooth_training,srs_smooth_training,trial0611.mat,611,611,610,7,3,2,100,80,20,8,1,0,1,1,1,4061,1,1,1,2,1,1,1,1,1,1,SINGLE_T1_CORRECT,10,455,1,0,5,1,1,0,106,60,106,60,46,106,1,180,17.5,198,162.5,18,144.5,144.5,NaN,NaN,NaN,1784646163.92721,2777.28710424,1.2511305809021,0.0131628513336182,0.0149853229522705,0.765823602676392,0.788193702697754,0.774823427200317,0.794581890106201,0.794581890106201,-1,-1,0.816747426986694,1.82247161865234,NaN,19.7584629058838,6.38818740844727,Instruction,Right,Left,Right,Right,Right,1,0,0,0,0,NaN,NaN,NaN,NaN,NaN,NaN,NaN,NaN,1,1,1,1,1,0,611,NaN,20260721_t1029_srsSmooth_training_B007,3,NaN,27.8283616781235,1.54377627372742,NaN,NaN,NaN,0,NaN,NaN,NaN,NaN,0
20260721_t1029_srsSmooth_training,srs_smooth_training,trial0612.mat,612,612,611,7,4,3,100,80,20,8,1,0,4,1,18,10583,1,2,1,2,1,1,2,2,2,2,SINGLE_T2_CORRECT,11,455,1,0,5,1,1,0,124,93,124,93,31,93,1,0,17.5,196,17.5,164,-146.5,146.5,NaN,NaN,NaN,1784646166.72247,2780.082218,1.27084112167358,0.0180137157440186,0.0240776538848877,0.804182767868042,0.826378583908081,0.812707662582397,0.830424547195435,0.830424547195435,-1,-1,0.864616870880127,6.06393814086914,NaN,17.7168846130371,4.04596328735352,Instruction,Right,Left,Left,Right,Left,1,0,0,0,0,NaN,NaN,NaN,NaN,NaN,NaN,NaN,NaN,1,1,0,1,0,0,612,NaN,20260721_t1029_srsSmooth_training_B007,4,NaN,27.8749493320783,1.54412865638733,NaN,NaN,NaN,0,NaN,NaN,NaN,NaN,0
20260721_t1029_srsSmooth_training,srs_smooth_training,trial0613.mat,613,613,612,7,5,4,100,80,20,8,1,0,2,1,9,24466,1,1,2,1,1,2,1,2,1,2,SINGLE_T1_CORRECT,10,455,1,0,0,1,1,0,134,76,134,76,58,134,1,0,194,16,166,16,150,150,NaN,NaN,NaN,1784646169.55299,2782.9126356,1.13218379020691,0.0126056671142578,0.0144124031066895,0.665774822235107,0.679298877716064,0.673764705657959,0.680025100708008,0.680025100708008,-1,-1,0.698090314865112,1.80673599243164,NaN,6.26039505004883,0.726222991943359,Instruction,Left,Right,Left,Left,Left,1,0,0,0,0,NaN,NaN,NaN,NaN,NaN,NaN,NaN,NaN,0,0,0,1,1,0,613,NaN,20260721_t1029_srsSmooth_training_B007,5,NaN,27.9221246480942,1.55967783927917,NaN,NaN,NaN,0,NaN,NaN,NaN,NaN,0
20260721_t1029_srsSmooth_training,srs_smooth_training,trial0614.mat,614,614,613,7,6,5,100,80,20,8,1,0,2,1,8,12554,1,1,2,1,1,2,1,2,1,2,SINGLE_T1_CORRECT,10,455,1,0,6,1,1,0,136,88,136,88,48,136,1,180,18,199.5,162,19.5,142.5,142.5,NaN,NaN,NaN,1784646172.22347,2785.58312492,1.25403833389282,0.0172305107116699,0.0190529823303223,0.728686094284058,0.750593900680542,0.737309694290161,0.755814790725708,0.755814790725708,-1,-1,0.784742116928101,1.82247161865234,NaN,18.5050964355469,5.22089004516602,Instruction,Left,Right,Left,Left,Left,1,0,0,0,0,NaN,NaN,NaN,NaN,NaN,NaN,NaN,NaN,0,0,0,1,1,0,614,NaN,20260721_t1029_srsSmooth_training_B007,6,NaN,27.9666326483091,1.53829622268677,NaN,NaN,NaN,0,NaN,NaN,NaN,NaN,0
20260721_t1029_srsSmooth_training,srs_smooth_training,trial0615.mat,615,615,614,7,7,6,100,80,20,8,1,0,4,1,20,23353,1,2,1,2,1,1,2,2,2,2,SINGLE_T2_CORRECT,11,455,1,0,5,1,1,0,140,95,140,95,45,95,1,0,18.5,190.5,18.5,169.5,-151,151,NaN,NaN,NaN,1784646175.03453,2788.39426064,1.27631330490112,0.0146095752716064,0.0165605545043945,0.792891979217529,0.814641952514648,0.801023721694946,0.820908069610596,0.820908069610596,-1,-1,0.850414276123047,1.95097923278809,NaN,19.8843479156494,6.26611709594727,Instruction,Right,Left,Left,Right,Left,1,0,0,0,0,NaN,NaN,NaN,NaN,NaN,NaN,NaN,NaN,1,1,0,1,0,0,615,NaN,20260721_t1029_srsSmooth_training_B007,7,NaN,28.0134837309519,1.55702662467957,NaN,NaN,NaN,0,NaN,NaN,NaN,NaN,0
20260721_t1029_srsSmooth_training,srs_smooth_training,trial0616.mat,616,616,615,7,8,7,100,80,20,8,1,0,2,1,7,11050,1,1,2,1,1,2,1,2,1,2,SINGLE_T1_CORRECT,10,455,1,0,3,1,1,0,145,89,145,89,56,145,1,0,190,12.5,170,12.5,157.5,157.5,NaN,NaN,NaN,1784646177.8146,2791.17416408,1.03028082847595,0.0179872512817383,0.0195653438568115,0.546601295471191,0.568009614944458,0.554385423660278,0.570012331008911,0.570012331008911,-1,-1,0.588515758514404,1.57809257507324,NaN,15.6269073486328,2.00271606445312,Instruction,Left,Right,Left,Left,Left,1,0,0,0,0,NaN,NaN,NaN,NaN,NaN,NaN,NaN,NaN,0,0,0,1,1,0,616,NaN,20260721_t1029_srsSmooth_training_B007,8,NaN,28.0598181525866,1.50375199317932,NaN,NaN,NaN,0,NaN,NaN,NaN,NaN,0
20260721_t1029_srsSmooth_training,srs_smooth_training,trial0617.mat,617,617,616,7,9,8,100,80,20,8,1,0,3,1,14,29568,1,2,2,1,1,2,2,1,2,1,SINGLE_T2_CORRECT,11,455,1,0,5,1,1,0,173,75,173,75,98,75,1,0,14.5,197,14.5,163,-148.5,148.5,NaN,NaN,NaN,1784646180.38296,2793.74241228,1.24178552627563,0.0163958072662354,0.0209102630615234,0.786078691482544,0.808094024658203,0.794801712036133,0.814717531204224,0.814717531204224,-1,-1,0.844882488250732,4.51445579528809,NaN,19.9158191680908,6.62350654602051,Instruction,Left,Right,Right,Left,Right,1,0,0,0,0,NaN,NaN,NaN,NaN,NaN,NaN,NaN,NaN,0,0,1,1,0,0,617,NaN,20260721_t1029_srsSmooth_training_B007,9,NaN,28.1026241461436,1.53807878494263,NaN,NaN,NaN,0,NaN,NaN,NaN,NaN,0
20260721_t1029_srsSmooth_training,srs_smooth_training,trial0618.mat,618,618,617,7,10,9,100,80,20,8,1,0,1,1,5,22345,1,1,1,2,1,1,1,1,1,1,SINGLE_T1_CORRECT,10,455,1,0,4,1,1,0,144,94,144,94,50,144,1,180,11.5,197,168.5,17,151.5,151.5,NaN,NaN,NaN,1784646183.17849,2796.53802144,1.07476806640625,0.0126376152038574,0.0178725719451904,0.582148790359497,0.60432767868042,0.590460062026978,0.609348773956299,0.609348773956299,-1,-1,0.632089138031006,5.23495674133301,NaN,18.8887119293213,5.02109527587891,Instruction,Right,Left,Right,Right,Right,1,0,0,0,0,NaN,NaN,NaN,NaN,NaN,NaN,NaN,NaN,1,1,1,1,1,0,618,NaN,20260721_t1029_srsSmooth_training_B007,10,NaN,28.1492163976034,1.55374956130981,NaN,NaN,NaN,0,NaN,NaN,NaN,NaN,0
20260721_t1029_srsSmooth_training,srs_smooth_training,trial0619.mat,619,619,618,7,11,10,100,80,20,8,1,0,2,1,10,23554,1,1,2,1,1,2,1,2,1,2,SINGLE_T1_CORRECT,10,455,1,0,4,1,1,0,125,78,125,78,47,125,1,0,196.5,16.5,163.5,16.5,147,147,NaN,NaN,NaN,1784646185.7787,2799.1382432,1.04956293106079,0.0125329494476318,0.0182280540466309,0.546891689300537,0.570889234542847,0.556919574737549,0.576530694961548,0.576530694961548,-1,-1,0.60490870475769,5.69510459899902,NaN,19.611120223999,5.64146041870117,Instruction,Left,Right,Left,Left,Left,1,0,0,0,0,NaN,NaN,NaN,NaN,NaN,NaN,NaN,NaN,0,0,0,1,1,0,619,NaN,20260721_t1029_srsSmooth_training_B007,11,NaN,28.1925531744957,1.5254385471344,NaN,NaN,NaN,0,NaN,NaN,NaN,NaN,0
20260721_t1029_srsSmooth_training,srs_smooth_training,trial0620.mat,620,620,619,7,12,11,100,80,20,8,1,0,3,1,15,3816,1,2,2,1,1,2,2,1,2,1,SINGLE_T2_CORRECT,11,455,1,0,3,1,1,0,130,63,130,63,67,63,1,180,197.5,11,17.5,169,-151.5,151.5,NaN,NaN,NaN,1784646188.36571,2801.72516712,0.99517822265625,0.017289400100708,0.0188302993774414,0.545517444610596,0.567311525344849,0.553865194320679,0.570173501968384,0.570173501968384,-1,-1,0.586418390274048,1.5408992767334,NaN,16.3083076477051,2.86197662353516,Instruction,Left,Right,Right,Left,Right,1,0,0,0,0,NaN,NaN,NaN,NaN,NaN,NaN,NaN,NaN,0,0,1,1,0,0,620,NaN,20260721_t1029_srsSmooth_training_B007,12,NaN,28.2356700499852,1.53744959831238,NaN,NaN,NaN,0,NaN,NaN,NaN,NaN,0
20260721_t1029_srsSmooth_training,srs_smooth_training,trial0621.mat,621,621,620,7,13,12,100,80,20,8,1,0,4,1,17,27611,1,2,1,2,1,1,2,2,2,2,SINGLE_T2_CORRECT,11,455,1,0,3,1,1,0,144,84,144,84,60,84,1,0,16.5,198.5,16.5,161.5,-145,145,NaN,NaN,NaN,1784646190.88799,2804.24734852,1.15650463104248,0.0117728710174561,0.0135700702667236,0.723066091537476,0.74513578414917,0.731566667556763,0.750091552734375,0.750091552734375,-1,-1,0.773085594177246,1.79719924926758,NaN,18.5248851776123,4.95576858520508,Instruction,Right,Left,Left,Right,Left,1,0,0,0,0,NaN,NaN,NaN,NaN,NaN,NaN,NaN,NaN,1,1,0,1,0,0,621,NaN,20260721_t1029_srsSmooth_training_B007,13,NaN,28.2777080972989,1.52710461616516,NaN,NaN,NaN,0,NaN,NaN,NaN,NaN,0
20260721_t1029_srsSmooth_training,srs_smooth_training,trial0622.mat,622,622,621,7,14,13,100,80,20,8,1,0,3,1,12,14297,1,2,2,1,1,2,2,1,2,1,SINGLE_T2_CORRECT,11,455,1,0,2,1,1,0,136,90,136,90,46,90,1,0,17,199.5,17,160.5,-143.5,143.5,NaN,NaN,NaN,1784646193.574,2806.93328416,1.16293573379517,0.0175340175628662,0.0191762447357178,0.744347810745239,0.759230136871338,0.752544403076172,0.760087966918945,0.760087966918945,-1,-1,0.778125047683716,1.64222717285156,NaN,7.54356384277344,0.857830047607422,Instruction,Left,Right,Right,Left,Right,1,0,0,0,0,NaN,NaN,NaN,NaN,NaN,NaN,NaN,NaN,0,0,1,1,0,0,622,NaN,20260721_t1029_srsSmooth_training_B007,14,NaN,28.3224749604861,1.52950716018677,NaN,NaN,NaN,0,NaN,NaN,NaN,NaN,0
20260721_t1029_srsSmooth_training,srs_smooth_training,trial0623.mat,623,623,622,7,15,14,100,80,20,8,1,0,2,1,6,32135,1,1,2,1,1,2,1,2,1,2,SINGLE_T1_CORRECT,10,455,1,0,0,1,1,0,150,102,150,102,48,150,1,180,19,200,161,20,141,141,NaN,NaN,NaN,1784646196.2822,2809.64132792,1.0137734413147,0.0177748203277588,0.0226473808288574,0.527576923370361,0.542795896530151,0.535836219787598,0.544106960296631,0.544106960296631,-1,-1,0.562585353851318,4.87256050109863,NaN,8.2707405090332,1.31106376647949,Instruction,Left,Right,Left,Left,Left,1,0,0,0,0,NaN,NaN,NaN,NaN,NaN,NaN,NaN,NaN,0,0,0,1,1,0,623,NaN,20260721_t1029_srsSmooth_training_B007,15,NaN,28.3676116148631,1.54526352882385,NaN,NaN,NaN,0,NaN,NaN,NaN,NaN,0
20260721_t1029_srsSmooth_training,srs_smooth_training,trial0624.mat,624,624,623,7,16,15,100,80,20,8,1,0,1,1,4,14101,1,1,1,2,1,1,1,1,1,1,SINGLE_T1_CORRECT,10,455,1,0,3,1,1,0,161,82,161,82,79,161,1,0,196,13.5,164,13.5,150.5,150.5,NaN,NaN,NaN,1784646198.85199,2812.21122264,1.23508286476135,0.0147566795349121,0.0208783149719238,0.726723194122314,0.748119831085205,0.73482871055603,0.754604816436768,0.754604816436768,-1,-1,0.776386976242065,6.12163543701172,NaN,19.7761058807373,6.4849853515625,Instruction,Right,Left,Right,Right,Right,1,0,0,0,0,NaN,NaN,NaN,NaN,NaN,NaN,NaN,NaN,1,1,1,1,1,0,624,NaN,20260721_t1029_srsSmooth_training_B007,16,NaN,28.410441382726,1.55601263046265,NaN,NaN,NaN,0,NaN,NaN,NaN,NaN,0
20260721_t1029_srsSmooth_training,srs_smooth_training,trial0625.mat,625,625,624,7,17,16,100,80,20,8,1,0,4,1,19,15274,1,2,1,2,1,1,2,2,2,2,SINGLE_T2_CORRECT,11,455,1,0,3,1,1,0,156,98,156,98,58,98,1,0,15,199.5,15,160.5,-145.5,145.5,NaN,NaN,NaN,1784646201.60558,2814.96483664,1.14721441268921,0.0196146965026855,0.0252571105957031,0.689498901367188,0.702974319458008,0.697674512863159,0.703914880752563,0.703914880752563,-1,-1,0.721988439559937,5.64241409301758,NaN,6.2403678894043,0.940561294555664,Instruction,Right,Left,Left,Right,Left,1,0,0,0,0,NaN,NaN,NaN,NaN,NaN,NaN,NaN,NaN,1,1,0,1,0,0,625,NaN,20260721_t1029_srsSmooth_training_B007,17,NaN,28.4563344717026,1.51850247383118,NaN,NaN,NaN,0,NaN,NaN,NaN,NaN,0
20260721_t1029_srsSmooth_training,srs_smooth_training,trial0626.mat,626,626,625,7,18,17,100,80,20,8,1,0,4,1,16,2526,1,2,1,2,1,1,2,2,2,2,SINGLE_T2_CORRECT,11,455,1,0,0,1,1,0,136,84,136,84,52,84,1,0,14,192,14,168,-154,154,NaN,NaN,NaN,1784646204.25398,2817.61305772,1.01601457595825,0.0129845142364502,0.0142085552215576,0.599664449691772,0.613008260726929,0.607522249221802,0.614009857177734,0.614009857177734,-1,-1,0.631656885147095,1.22404098510742,NaN,6.48760795593262,1.00159645080566,Instruction,Right,Left,Left,Right,Left,1,0,0,0,0,NaN,NaN,NaN,NaN,NaN,NaN,NaN,NaN,1,1,0,1,0,0,626,NaN,20260721_t1029_srsSmooth_training_B007,18,NaN,28.500474468867,1.50118541717529,NaN,NaN,NaN,0,NaN,NaN,NaN,NaN,0
20260721_t1029_srsSmooth_training,srs_smooth_training,trial0627.mat,627,627,626,7,19,18,100,80,20,8,1,0,3,1,11,32247,1,2,2,1,1,2,2,1,2,1,SINGLE_T2_CORRECT,11,455,1,0,1,1,1,0,148,69,148,69,79,69,1,0,15.5,196,15.5,164,-148.5,148.5,NaN,NaN,NaN,1784646206.81869,2820.1777998,1.16014432907104,0.0150382518768311,0.0164778232574463,0.758075714111328,0.773401260375977,0.76628041267395,0.774868488311768,0.774868488311768,-1,-1,0.792513608932495,1.43957138061523,NaN,8.58807563781738,1.46722793579102,Instruction,Left,Right,Right,Left,Right,1,0,0,0,0,NaN,NaN,NaN,NaN,NaN,NaN,NaN,NaN,0,0,1,1,0,0,627,NaN,20260721_t1029_srsSmooth_training_B007,19,NaN,28.5432197252909,1.54870080947876,NaN,NaN,NaN,0,NaN,NaN,NaN,NaN,0
20260721_t1029_srsSmooth_training,srs_smooth_training,trial0628.mat,628,628,627,7,20,19,100,80,20,8,1,0,1,1,3,17432,1,1,1,2,1,1,1,1,1,1,SINGLE_T1_CORRECT,10,455,1,0,1,1,1,0,124,79,124,79,45,124,1,180,18,195,162,15,147,147,NaN,NaN,NaN,1784646209.53686,2822.89590528,1.15911173820496,0.0136477947235107,0.0150704383850098,0.664969921112061,0.680340766906738,0.672875165939331,0.681641340255737,0.681641340255737,-1,-1,0.699989318847656,1.42264366149902,NaN,8.76617431640625,1.30057334899902,Instruction,Right,Left,Right,Right,Right,1,0,0,0,0,NaN,NaN,NaN,NaN,NaN,NaN,NaN,NaN,1,1,1,1,1,0,628,NaN,20260721_t1029_srsSmooth_training_B007,20,NaN,28.5885224660238,1.55802011489868,NaN,NaN,NaN,0,NaN,NaN,NaN,NaN,0
20260721_t1029_srsSmooth_training,srs_smooth_training,trial0629.mat,629,629,628,7,21,20,100,80,20,8,1,1,5,2,39,18719,2,0,1,2,1,1,1,1,1,1,CHOSE_HIGH_SAL,1,455,1,0,5,1,1,0,138,94,138,94,44,138,1,0,192.5,17.5,167.5,17.5,150,150,NaN,NaN,NaN,1784646212.24061,2825.599679,1.32136631011963,0.0183360576629639,0.0195386409759521,0.795836687088013,0.818367958068848,0.80489182472229,0.824019432067871,0.824019432067871,-1,-1,0.852901458740234,1.20258331298828,NaN,19.1276073455811,5.65147399902344,Congruent,Right,Left,Right,Right,Right,0,1,1,0,1,1,1,1,1,0,0,0,0,1,1,1,1,1,1,629,489,20260721_t1029_srsSmooth_training_B007,21,1,28.6335849960645,1.5446400642395,2,1,138,0,1,0,0,1,0
20260721_t1029_srsSmooth_training,srs_smooth_training,trial0630.mat,630,630,629,7,22,21,100,80,20,8,1,2,7,2,75,14536,2,0,1,2,1,1,2,2,1,1,CHOSE_LOW_SAL,2,455,1,0,3,1,1,0,130,91,130,91,39,130,1,180,195.5,14,15.5,166,-150.5,150.5,NaN,NaN,NaN,1784646215.04396,2828.40280336,1.04767918586731,0.0150942802429199,0.0167770385742188,0.568030118942261,0.590124368667603,0.576859712600708,0.597147464752197,0.597147464752197,-1,-1,0.618300676345825,1.68275833129883,NaN,20.2877521514893,7.02309608459473,Conflict,Right,Left,Right,Right,Left,0,1,0,1,1,1,1,1,0,0,0,0,1,1,1,0,1,0,1,630,490,20260721_t1029_srsSmooth_training_B007,22,2,28.6803075353305,1.4819860458374,1,1,138,1,0,0,1,1,0
20260721_t1029_srsSmooth_training,srs_smooth_training,trial0631.mat,631,631,630,7,23,22,100,80,20,8,1,2,7,2,68,30378,2,0,1,2,1,1,2,2,1,1,CHOSE_LOW_SAL,2,455,1,0,4,1,1,0,145,106,145,106,39,145,1,0,13,200,13,160,-147,147,NaN,NaN,NaN,1784646217.61613,2830.9748734,1.23831963539124,0.0180299282073975,0.0197405815124512,0.713117361068726,0.734724998474121,0.721397161483765,0.740316867828369,0.740316867828369,-1,-1,0.762974739074707,1.71065330505371,NaN,18.9197063446045,5.59186935424805,Conflict,Right,Left,Right,Right,Left,0,1,0,1,1,1,1,1,0,0,0,0,1,1,1,0,1,0,1,631,491,20260721_t1029_srsSmooth_training_B007,23,3,28.7231769800186,1.52448749542236,1,1,130,1,0,0,1,1,0
20260721_t1029_srsSmooth_training,srs_smooth_training,trial0632.mat,632,632,631,7,24,23,100,80,20,8,1,1,6,2,54,15685,2,0,2,1,1,2,1,2,1,2,CHOSE_HIGH_SAL,1,455,1,0,1,1,1,0,157,75,157,75,82,157,1,0,194.5,18.5,165.5,18.5,147,147,NaN,NaN,NaN,1784646220.38993,2833.74867644,1.21461653709412,0.0193336009979248,0.0230121612548828,0.731062173843384,0.744361877441406,0.739036798477173,0.745580196380615,0.745580196380615,-1,-1,0.763151407241821,3.67856025695801,NaN,6.54339790344238,1.21831893920898,Congruent,Left,Right,Left,Left,Left,0,1,1,0,1,0,1,1,1,1,0,0,0,0,0,0,1,1,1,632,492,20260721_t1029_srsSmooth_training_B007,24,4,28.769407081604,1.53548645973206,1,1,145,1,0,1,1,0,0
20260721_t1029_srsSmooth_training,srs_smooth_training,trial0633.mat,633,633,632,7,25,24,100,80,20,8,1,2,8,2,91,19471,2,0,2,1,1,2,2,1,1,2,CHOSE_LOW_SAL,2,455,1,0,3,1,1,0,161,98,161,98,63,161,1,180,192.5,19.5,12.5,160.5,-148,148,NaN,NaN,NaN,1784646223.15768,2836.51634044,1.23842835426331,0.0183594226837158,0.0330395698547363,0.730085372924805,0.751721382141113,0.738264560699463,0.757814645767212,0.757814645767212,-1,-1,0.779953956604004,14.6801471710205,NaN,19.550085067749,6.09326362609863,Conflict,Left,Right,Left,Left,Right,0,1,0,1,1,0,1,1,0,1,0,0,1,0,0,1,1,0,1,633,493,20260721_t1029_srsSmooth_training_B007,25,5,28.8155362526576,1.55313372612,1,2,157,1,0,0,1,1,0
20260721_t1029_srsSmooth_training,srs_smooth_training,trial0634.mat,634,634,633,7,26,25,100,80,20,8,1,1,5,2,35,9053,2,0,1,2,1,1,1,1,1,1,CHOSE_HIGH_SAL,1,455,1,0,5,1,1,0,120,75,120,75,45,120,1,180,20,190,160,10,150,150,NaN,NaN,NaN,1784646225.91731,2839.27585624,1.23878145217896,0.0171771049499512,0.0229239463806152,0.745761156082153,0.767206192016602,0.753690481185913,0.773270130157471,0.773270130157471,-1,-1,0.795655250549316,5.74684143066406,NaN,19.5796489715576,6.06393814086914,Congruent,Right,Left,Right,Right,Right,0,1,1,0,1,1,1,1,1,0,0,0,0,1,1,1,1,1,1,634,494,20260721_t1029_srsSmooth_training_B007,26,6,28.8615300059319,1.5211968421936,1,2,161,1,0,1,1,0,0
20260721_t1029_srsSmooth_training,srs_smooth_training,trial0635.mat,635,635,634,7,27,26,100,80,20,8,1,1,6,2,50,5435,2,0,2,1,1,2,1,2,1,2,CHOSE_HIGH_SAL,1,455,1,0,2,1,1,0,133,109,133,109,24,133,1,180,19,199,161,19,142,142,NaN,NaN,NaN,1784646228.69147,2842.04998044,1.17986249923706,0.0181205272674561,0.0210819244384766,0.710661888122559,0.72648286819458,0.719390869140625,0.727798461914062,0.727798461914062,-1,-1,0.746096849441528,2.96139717102051,NaN,8.4075927734375,1.31559371948242,Congruent,Left,Right,Left,Left,Left,0,1,1,0,1,0,1,1,1,1,0,0,0,0,0,0,1,1,1,635,495,20260721_t1029_srsSmooth_training_B007,27,7,28.9077660997709,1.53538417816162,1,1,120,1,0,1,1,0,0
20260721_t1029_srsSmooth_training,srs_smooth_training,trial0636.mat,636,636,635,7,28,27,100,80,20,8,1,1,5,2,25,2194,2,0,1,2,1,1,1,1,1,1,CHOSE_HIGH_SAL,1,455,1,0,2,1,1,0,134,68,134,68,66,134,1,0,200,10,160,10,150,150,NaN,NaN,NaN,1784646231.44984,2844.8083742,1.16153621673584,0.0181941986083984,0.0197501182556152,0.6551513671875,0.668219327926636,0.663209438323975,0.669366121292114,0.669366121292114,-1,-1,0.687745571136475,1.5559196472168,NaN,6.15668296813965,1.14679336547852,Congruent,Right,Left,Right,Right,Right,0,1,1,0,1,1,1,1,1,0,0,0,0,1,1,1,1,1,1,636,496,20260721_t1029_srsSmooth_training_B007,28,8,28.9537389198939,1.57850670814514,1,2,133,1,0,1,1,0,0
20260721_t1029_srsSmooth_training,srs_smooth_training,trial0637.mat,637,637,636,7,29,28,100,80,20,8,1,1,5,2,34,30462,2,0,1,2,1,1,1,1,1,1,CHOSE_HIGH_SAL,1,455,1,0,0,1,1,0,147,80,147,80,67,147,1,0,193.5,14,166.5,14,152.5,152.5,NaN,NaN,NaN,1784646234.17328,2847.53172836,1.05682444572449,0.0198671817779541,0.021104097366333,0.580914974212646,0.594888925552368,0.589868545532227,0.595649480819702,0.595649480819702,-1,-1,0.613731861114502,1.23691558837891,NaN,5.78093528747559,0.760555267333984,Congruent,Right,Left,Right,Right,Right,0,1,1,0,1,1,1,1,1,0,0,0,0,1,1,1,1,1,1,637,497,20260721_t1029_srsSmooth_training_B007,29,9,28.9991295099258,1.56189918518066,1,1,134,1,0,0,1,1,0
20260721_t1029_srsSmooth_training,srs_smooth_training,trial0638.mat,638,638,637,7,30,29,100,80,20,8,1,1,6,2,55,15991,2,0,2,1,1,2,1,2,1,2,CHOSE_HIGH_SAL,1,455,1,0,3,1,1,0,155,96,155,96,59,155,1,0,199.5,11.5,160.5,11.5,149,149,NaN,NaN,NaN,1784646236.7851,2850.14343668,1.08645486831665,0.0164802074432373,0.0185160636901855,0.57776951789856,0.599837303161621,0.586065292358398,0.605154514312744,0.605154514312744,-1,-1,0.627238512039185,2.03585624694824,NaN,19.0892219543457,5.31721115112305,Congruent,Left,Right,Left,Left,Left,0,1,1,0,1,0,1,1,1,1,0,0,0,0,0,0,1,1,1,638,498,20260721_t1029_srsSmooth_training_B007,30,10,29.0426598906517,1.55499839782715,1,1,147,1,0,1,1,0,0
20260721_t1029_srsSmooth_training,srs_smooth_training,trial0639.mat,639,639,638,7,31,30,100,80,20,8,1,1,6,2,57,11633,2,0,2,1,1,2,1,2,1,2,CHOSE_HIGH_SAL,1,455,1,0,2,1,1,0,141,100,141,100,41,141,1,0,199,10.5,161,10.5,150.5,150.5,NaN,NaN,NaN,1784646239.41183,2852.77017564,1.07687878608704,0.0148506164550781,0.0166323184967041,0.576467037200928,0.598207473754883,0.584793567657471,0.601821660995483,0.601821660995483,-1,-1,0.617356777191162,1.78170204162598,NaN,17.0280933380127,3.61418724060059,Congruent,Left,Right,Left,Left,Left,0,1,1,0,1,0,1,1,1,1,0,0,0,0,0,0,1,1,1,639,499,20260721_t1029_srsSmooth_training_B007,31,11,29.0864387869835,1.54027891159058,1,2,155,1,0,0,1,1,0
20260721_t1029_srsSmooth_training,srs_smooth_training,trial0640.mat,640,640,639,7,32,31,100,80,20,8,1,2,8,2,99,17394,2,0,2,1,1,2,2,1,1,2,CHOSE_LOW_SAL,2,455,1,0,4,1,1,0,132,79,132,79,53,132,1,0,12.5,198.5,12.5,161.5,-149,149,NaN,NaN,NaN,1784646242.01075,2855.3692258,1.31158185005188,0.0160353183746338,0.0177092552185059,0.794667482376099,0.816068410873413,0.802526950836182,0.821566581726074,0.821566581726074,-1,-1,0.843958377838135,1.67393684387207,NaN,19.0396308898926,5.49817085266113,Conflict,Left,Right,Left,Left,Right,0,1,0,1,1,0,1,1,0,1,0,0,1,0,0,1,1,0,1,640,500,20260721_t1029_srsSmooth_training_B007,32,12,29.1297540903091,1.52203941345215,1,2,141,1,0,0,1,1,0
20260721_t1029_srsSmooth_training,srs_smooth_training,trial0641.mat,641,641,640,7,33,32,100,80,20,8,1,2,8,2,96,6173,2,0,2,1,1,2,2,1,1,2,CHOSE_LOW_SAL,2,455,1,0,3,1,1,0,156,76,156,76,80,156,1,0,13.5,194.5,13.5,165.5,-152,152,NaN,NaN,NaN,1784646244.88288,2858.2412114,1.13012361526489,0.0190179347991943,0.0207598209381104,0.622297286987305,0.644043207168579,0.630630493164062,0.649348735809326,0.649348735809326,-1,-1,0.675211668014526,1.74188613891602,NaN,18.7182426452637,5.30552864074707,Conflict,Left,Right,Left,Left,Right,0,1,0,1,1,0,1,1,0,1,0,0,1,0,0,1,1,0,1,641,501,20260721_t1029_srsSmooth_training_B007,33,13,29.1776229580243,1.56055021286011,1,2,132,1,0,0,1,1,0
20260721_t1029_srsSmooth_training,srs_smooth_training,trial0642.mat,642,642,641,7,34,33,100,80,20,8,1,2,8,2,85,24665,2,0,2,1,1,2,2,1,1,2,CHOSE_LOW_SAL,2,455,1,0,5,1,1,0,140,98,140,98,42,140,1,0,14,198,14,162,-148,148,NaN,NaN,NaN,1784646247.56679,2860.92497364,1.22997784614563,0.0185492038726807,0.0201971530914307,0.713216066360474,0.735244989395142,0.721846580505371,0.740845203399658,0.740845203399658,-1,-1,0.763029336929321,1.64794921875,NaN,18.9986228942871,5.6002140045166,Conflict,Left,Right,Left,Left,Right,0,1,0,1,1,0,1,1,0,1,0,0,1,0,0,1,1,0,1,642,502,20260721_t1029_srsSmooth_training_B007,34,14,29.2223547577858,1.55378437042236,1,2,156,1,0,0,1,1,0
20260721_t1029_srsSmooth_training,srs_smooth_training,trial0643.mat,643,643,642,7,35,34,100,80,20,8,1,2,7,2,72,25451,2,0,1,2,1,1,2,2,1,1,CHOSE_LOW_SAL,2,455,1,0,2,1,1,0,129,78,129,78,51,129,1,0,20,198.5,20,161.5,-141.5,141.5,NaN,NaN,NaN,1784646250.36264,2863.72078316,1.03419542312622,0.0144791603088379,0.0168459415435791,0.540708065032959,0.556167125701904,0.549065351486206,0.557312965393066,0.557312965393066,-1,-1,0.566653728485107,2.36678123474121,NaN,8.24761390686035,1.14583969116211,Conflict,Right,Left,Right,Right,Left,0,1,0,1,1,1,1,1,0,0,0,0,1,1,1,0,1,0,1,643,503,20260721_t1029_srsSmooth_training_B007,35,15,29.2689522266388,1.56587028503418,1,2,140,1,0,1,1,0,0
20260721_t1029_srsSmooth_training,srs_smooth_training,trial0644.mat,644,644,643,7,36,35,100,80,20,8,1,2,7,2,65,7789,2,0,1,2,1,1,2,2,1,1,CHOSE_LOW_SAL,2,455,1,0,4,1,1,0,133,91,133,91,42,133,1,180,196,15,16,165,-149,149,NaN,NaN,NaN,1784646252.96764,2866.32575628,1.1626443862915,0.0179133415222168,0.0236256122589111,0.679619312286377,0.701273202896118,0.687861680984497,0.707025766372681,0.707025766372681,-1,-1,0.728992700576782,5.71227073669434,NaN,19.1640853881836,5.7525634765625,Conflict,Right,Left,Right,Right,Left,0,1,0,1,1,1,1,1,0,0,0,0,1,1,1,0,1,0,1,644,504,20260721_t1029_srsSmooth_training_B007,36,16,29.3123689413071,1.57080745697021,1,1,129,1,0,0,1,1,0
20260721_t1029_srsSmooth_training,srs_smooth_training,trial0645.mat,645,645,644,7,37,36,100,80,20,8,1,1,6,2,42,28821,2,0,2,1,1,2,1,2,1,2,CHOSE_HIGH_SAL,1,455,1,0,5,1,1,0,126,82,126,82,44,126,1,0,196.5,11.5,163.5,11.5,152,152,NaN,NaN,NaN,1784646255.71651,2869.07454192,1.11051487922668,0.019153356552124,0.02461838722229,0.597741365432739,0.619177103042603,0.605737447738647,0.625805854797363,0.625805854797363,-1,-1,0.647314071655273,5.46503067016602,NaN,20.0684070587158,6.62875175476074,Congruent,Left,Right,Left,Left,Left,0,1,1,0,1,0,1,1,1,1,0,0,0,0,0,0,1,1,1,645,505,20260721_t1029_srsSmooth_training_B007,37,17,29.3581834236781,1.58622455596924,1,1,133,1,0,1,1,0,0
20260721_t1029_srsSmooth_training,srs_smooth_training,trial0646.mat,646,646,645,7,38,37,100,80,20,8,1,1,6,2,60,25713,2,0,2,1,1,2,1,2,1,2,CHOSE_HIGH_SAL,1,455,1,0,3,1,1,0,130,82,130,82,48,130,1,180,10.5,196.5,169.5,16.5,153,153,NaN,NaN,NaN,1784646258.38088,2871.73888372,1.23395109176636,0.0132286548614502,0.0145025253295898,0.733359575271606,0.754924535751343,0.741570711135864,0.761772632598877,0.761772632598877,-1,-1,0.782964706420898,1.27387046813965,NaN,20.2019214630127,6.84809684753418,Congruent,Left,Right,Left,Left,Left,0,1,1,0,1,0,1,1,1,1,0,0,0,0,0,0,1,1,1,646,506,20260721_t1029_srsSmooth_training_B007,38,18,29.4025894840558,1.55384874343872,1,2,126,1,0,0,1,1,0
20260721_t1029_srsSmooth_training,srs_smooth_training,trial0647.mat,647,647,646,7,39,38,100,80,20,8,1,2,8,2,90,19089,2,0,2,1,1,2,2,1,1,2,CHOSE_LOW_SAL,2,455,1,0,5,1,1,0,145,64,145,64,81,145,1,0,14.5,197.5,14.5,162.5,-148,148,NaN,NaN,NaN,1784646261.16178,2874.51965116,1.18624258041382,0.015770435333252,0.0220060348510742,0.652459144592285,0.674129486083984,0.661001443862915,0.680408239364624,0.680408239364624,-1,-1,0.702155590057373,6.23559951782227,NaN,19.406795501709,6.27875328063965,Conflict,Left,Right,Left,Left,Right,0,1,0,1,1,0,1,1,0,1,0,0,1,0,0,1,1,0,1,647,507,20260721_t1029_srsSmooth_training_B007,39,19,29.4489378531774,1.54695105552673,1,2,130,1,0,0,1,1,0
20260721_t1029_srsSmooth_training,srs_smooth_training,trial0648.mat,648,648,647,7,40,39,100,80,20,8,1,2,8,2,93,4235,2,0,2,1,1,2,2,1,1,2,CHOSE_LOW_SAL,2,455,1,0,5,1,1,0,151,75,151,75,76,151,1,0,14,190.5,14,169.5,-155.5,155.5,NaN,NaN,NaN,1784646263.90374,2877.26147476,1.25268507003784,0.0155830383300781,0.0217287540435791,0.718964338302612,0.740612030029297,0.727255344390869,0.747540473937988,0.747540473937988,-1,-1,0.767792701721191,6.14571571350098,NaN,20.2851295471191,6.92844390869141,Conflict,Left,Right,Left,Left,Right,0,1,0,1,1,0,1,1,0,1,0,0,1,0,0,1,1,0,1,648,508,20260721_t1029_srsSmooth_training_B007,40,20,29.4946372270584,1.55571985244751,1,2,145,1,0,0,1,1,0
20260721_t1029_srsSmooth_training,srs_smooth_training,trial0649.mat,649,649,648,7,41,40,100,80,20,8,1,1,6,2,53,28245,2,0,2,1,1,2,1,2,1,2,CHOSE_HIGH_SAL,1,455,1,0,4,1,1,0,128,58,128,58,70,128,1,180,15.5,196,164.5,16,148.5,148.5,NaN,NaN,NaN,1784646266.71064,2880.06840536,1.14500141143799,0.017127513885498,0.022998571395874,0.670663833618164,0.6921546459198,0.678998947143555,0.698023557662964,0.698023557662964,-1,-1,0.720183610916138,5.87105751037598,NaN,19.0246105194092,5.86891174316406,Congruent,Left,Right,Left,Left,Left,0,1,1,0,1,0,1,1,1,1,0,0,0,0,0,0,1,1,1,649,509,20260721_t1029_srsSmooth_training_B007,41,21,29.5414189020793,1.55421543121338,1,2,151,1,0,0,1,1,0
20260721_t1029_srsSmooth_training,srs_smooth_training,trial0650.mat,650,650,649,7,42,41,100,80,20,8,1,2,7,2,79,1335,2,0,1,2,1,1,2,2,1,1,CHOSE_LOW_SAL,2,455,1,0,3,1,1,0,129,80,129,80,49,129,1,180,192,14.5,12,165.5,-153.5,153.5,NaN,NaN,NaN,1784646269.41248,2882.77025624,1.05680894851685,0.0153908729553223,0.0173454284667969,0.543404579162598,0.565412759780884,0.552258253097534,0.571380138397217,0.571380138397217,-1,-1,0.593780755996704,1.95455551147461,NaN,19.1218852996826,5.96737861633301,Conflict,Right,Left,Right,Right,Left,0,1,0,1,1,1,1,1,0,0,0,0,1,1,1,0,1,0,1,650,510,20260721_t1029_srsSmooth_training_B007,42,22,29.586449611187,1.55684113502502,1,2,128,1,0,1,1,0,0
20260721_t1029_srsSmooth_training,srs_smooth_training,trial0651.mat,651,651,650,7,43,42,100,80,20,8,1,2,7,2,61,2009,2,0,1,2,1,1,2,2,1,1,CHOSE_LOW_SAL,2,455,1,0,4,1,1,0,150,72,150,72,78,150,1,180,190.5,17,10.5,163,-152.5,152.5,NaN,NaN,NaN,1784646271.99445,2885.3522838,1.26166296005249,0.0168609619140625,0.0215945243835449,0.761730194091797,0.783557891845703,0.770035982131958,0.788601160049438,0.788601160049438,-1,-1,0.811516046524048,4.73356246948242,NaN,18.5651779174805,5.04326820373535,Conflict,Right,Left,Right,Right,Left,0,1,0,1,1,1,1,1,0,0,0,0,1,1,1,0,1,0,1,651,511,20260721_t1029_srsSmooth_training_B007,43,23,29.6294823805491,1.52515721321106,1,1,129,1,0,0,1,1,0
20260721_t1029_srsSmooth_training,srs_smooth_training,trial0652.mat,652,652,651,7,44,43,100,80,20,8,1,1,5,2,21,14837,2,0,1,2,1,1,1,1,1,1,CHOSE_HIGH_SAL,1,455,1,0,6,1,1,0,153,73,153,73,80,153,1,180,18.5,193,161.5,13,148.5,148.5,NaN,NaN,NaN,1784646274.79047,2888.14812648,1.24083828926086,0.0126194953918457,0.0142674446105957,0.698822498321533,0.720980882644653,0.707283496856689,0.725576400756836,0.725576400756836,-1,-1,0.757170915603638,1.64794921875,NaN,18.2929039001465,4.59551811218262,Congruent,Right,Left,Right,Right,Right,0,1,1,0,1,1,1,1,1,0,0,0,0,1,1,1,1,1,1,652,512,20260721_t1029_srsSmooth_training_B007,44,24,29.6760826865832,1.5343554019928,1,1,150,1,0,0,1,1,0
20260721_t1029_srsSmooth_training,srs_smooth_training,trial0653.mat,653,653,652,7,45,44,100,80,20,8,1,2,8,2,87,29660,2,0,2,1,1,2,2,1,1,2,CHOSE_LOW_SAL,2,455,1,0,2,1,1,0,157,80,157,80,77,157,1,180,192.5,11.5,12.5,168.5,-156,156,NaN,NaN,NaN,1784646277.57033,2890.92803916,1.06910538673401,0.0161995887756348,0.0209519863128662,0.566699028015137,0.582888603210449,0.575360059738159,0.583589315414429,0.583589315414429,-1,-1,0.601885080337524,4.75239753723145,NaN,8.22925567626953,0.700712203979492,Conflict,Left,Right,Left,Left,Right,0,1,0,1,1,0,1,1,0,1,0,0,1,0,0,1,1,0,1,653,513,20260721_t1029_srsSmooth_training_B007,45,25,29.722413734595,1.53902459144592,1,1,153,1,0,1,1,0,0
20260721_t1029_srsSmooth_training,srs_smooth_training,trial0654.mat,654,654,653,7,46,45,100,80,20,8,1,2,8,2,83,7761,2,0,2,1,1,2,2,1,1,2,CHOSE_LOW_SAL,2,455,1,0,4,1,1,0,118,82,118,82,36,118,1,0,11.5,199,11.5,161,-149.5,149.5,NaN,NaN,NaN,1784646280.20977,2893.56738696,1.10618877410889,0.0185270309448242,0.0231368541717529,0.61344838142395,0.635217905044556,0.621762275695801,0.641086101531982,0.641086101531982,-1,-1,0.654120922088623,4.60982322692871,NaN,19.3238258361816,5.86819648742676,Conflict,Left,Right,Left,Left,Right,0,1,0,1,1,0,1,1,0,1,0,0,1,0,0,1,1,0,1,654,514,20260721_t1029_srsSmooth_training_B007,46,26,29.7664044618607,1.57033824920654,1,2,157,1,0,0,1,1,0
20260721_t1029_srsSmooth_training,srs_smooth_training,trial0655.mat,655,655,654,7,47,46,100,80,20,8,1,2,7,2,74,17082,2,0,1,2,1,1,2,2,1,1,CHOSE_LOW_SAL,2,455,1,0,2,1,1,0,114,97,114,97,17,114,1,180,196,10,16,170,-154,154,NaN,NaN,NaN,1784646282.92274,2896.2801462,1.15138649940491,0.0140020847320557,0.0163643360137939,0.675379753112793,0.689028978347778,0.681729078292847,0.690116167068481,0.690116167068481,-1,-1,0.708373308181763,2.36225128173828,NaN,8.38708877563477,1.08718872070312,Conflict,Right,Left,Right,Right,Left,0,1,0,1,1,1,1,1,0,0,0,0,1,1,1,0,1,0,1,655,515,20260721_t1029_srsSmooth_training_B007,47,27,29.8116205294927,1.60677528381348,1,2,118,1,0,1,1,0,0
20260721_t1029_srsSmooth_training,srs_smooth_training,trial0656.mat,656,656,655,7,48,47,100,80,20,8,1,2,8,2,97,10379,2,0,2,1,1,2,2,1,1,2,CHOSE_LOW_SAL,2,455,1,0,5,1,1,0,138,98,138,98,40,138,1,0,13,199,13,161,-148,148,NaN,NaN,NaN,1784646285.6186,2898.9760052,1.0374641418457,0.0182449817657471,0.0202219486236572,0.529636859893799,0.551600217819214,0.538021802902222,0.555793046951294,0.555793046951294,-1,-1,0.586012363433838,1.97696685791016,NaN,17.7712440490723,4.19282913208008,Conflict,Left,Right,Left,Left,Right,0,1,0,1,1,0,1,1,0,1,0,0,1,0,0,1,1,0,1,656,516,20260721_t1029_srsSmooth_training_B007,48,28,29.8565515756607,1.54447627067566,1,1,114,1,0,1,1,0,0
20260721_t1029_srsSmooth_training,srs_smooth_training,trial0657.mat,657,657,656,7,49,48,100,80,20,8,1,1,6,2,43,14399,2,0,2,1,1,2,1,2,1,2,CHOSE_HIGH_SAL,1,455,1,0,3,1,1,0,136,74,136,74,62,136,1,0,192,14,168,14,154,154,NaN,NaN,NaN,1784646288.1725,2901.52991392,1.09234714508057,0.0144436359405518,0.0156583786010742,0.601096153259277,0.622801542282104,0.609436511993408,0.628399133682251,0.628399133682251,-1,-1,0.657863616943359,1.21474266052246,NaN,18.9626216888428,5.59759140014648,Congruent,Left,Right,Left,Left,Left,0,1,1,0,1,0,1,1,1,1,0,0,0,0,0,0,1,1,1,657,517,20260721_t1029_srsSmooth_training_B007,49,29,29.8991165995598,1.516437292099,1,2,138,1,0,0,1,1,0
20260721_t1029_srsSmooth_training,srs_smooth_training,trial0658.mat,658,658,657,7,50,49,100,80,20,8,1,2,8,2,81,19574,2,0,2,1,1,2,2,1,1,2,CHOSE_LOW_SAL,2,455,1,0,2,1,1,0,144,101,144,101,43,144,1,180,193.5,13.5,13.5,166.5,-153,153,NaN,NaN,NaN,1784646290.8176,2904.17506004,1.29481482505798,0.0194525718688965,0.0223493576049805,0.781168937683105,0.80281662940979,0.789345264434814,0.80876612663269,0.80876612663269,-1,-1,0.830974340438843,2.89678573608398,NaN,19.420862197876,5.94949722290039,Conflict,Left,Right,Left,Left,Right,0,1,0,1,1,0,1,1,0,1,0,0,1,0,0,1,1,0,1,658,518,20260721_t1029_srsSmooth_training_B007,50,30,29.9432015180588,1.55274796485901,1,2,136,1,0,0,1,1,0
20260721_t1029_srsSmooth_training,srs_smooth_training,trial0659.mat,659,659,658,7,51,50,100,80,20,8,1,1,6,2,47,18535,2,0,2,1,1,2,1,2,1,2,CHOSE_HIGH_SAL,1,455,1,0,3,1,1,0,126,69,126,69,57,126,1,180,11,190.5,169,10.5,158.5,158.5,NaN,NaN,NaN,1784646293.67941,2907.0367326,1.16119360923767,0.0160853862762451,0.028606653213501,0.660960674285889,0.682778596878052,0.669245481491089,0.688219308853149,0.688219308853149,-1,-1,0.710492134094238,12.5212669372559,NaN,18.9738273620605,5.44071197509766,Congruent,Left,Right,Left,Left,Left,0,1,1,0,1,0,1,1,1,1,0,0,0,0,0,0,1,1,1,659,519,20260721_t1029_srsSmooth_training_B007,51,31,29.9908983866374,1.56699728965759,1,2,144,1,0,0,1,1,0
20260721_t1029_srsSmooth_training,srs_smooth_training,trial0660.mat,660,660,659,7,52,51,100,80,20,8,1,2,7,2,67,10737,2,0,1,2,1,1,2,2,1,1,CHOSE_LOW_SAL,2,455,1,0,3,1,1,0,155,96,155,96,59,155,1,0,20,198,20,162,-142,142,NaN,NaN,NaN,1784646296.39736,2909.75453308,1.19057703018188,0.0149056911468506,0.0166821479797363,0.668055057525635,0.689932823181152,0.67625880241394,0.694693565368652,0.694693565368652,-1,-1,0.716907739639282,1.77645683288574,NaN,18.4347629547119,4.7607421875,Conflict,Right,Left,Right,Right,Left,0,1,0,1,1,1,1,1,0,0,0,0,1,1,1,0,1,0,1,660,520,20260721_t1029_srsSmooth_training_B007,52,32,30.0361975828807,1.5567581653595,1,2,126,1,0,1,1,0,0
20260721_t1029_srsSmooth_training,srs_smooth_training,trial0661.mat,661,661,660,7,53,52,100,80,20,8,1,1,5,2,22,10251,2,0,1,2,1,1,1,1,1,1,CHOSE_HIGH_SAL,1,455,1,0,1,1,1,0,150,81,150,81,69,150,1,0,195.5,17,164.5,17,147.5,147.5,NaN,NaN,NaN,1784646299.16565,2912.52286916,1.17560935020447,0.0133934020996094,0.014768123626709,0.691495895385742,0.70508599281311,0.699491500854492,0.705917358398438,0.705917358398438,-1,-1,0.724275827407837,1.37472152709961,NaN,6.42585754394531,0.831365585327148,Congruent,Right,Left,Right,Right,Right,0,1,1,0,1,1,1,1,1,0,0,0,0,1,1,1,1,1,1,661,521,20260721_t1029_srsSmooth_training_B007,53,33,30.0823357065519,1.57771039009094,1,1,155,1,0,0,1,1,0
20260721_t1029_srsSmooth_training,srs_smooth_training,trial0662.mat,662,662,661,7,54,53,100,80,20,8,1,1,5,2,24,183,2,0,1,2,1,1,1,1,1,1,CHOSE_HIGH_SAL,1,455,1,0,6,1,1,0,136,90,136,90,46,136,1,180,17.5,199,162.5,19,143.5,143.5,NaN,NaN,NaN,1784646301.91324,2915.27033612,1.17805314064026,0.0159125328063965,0.0175251960754395,0.651899099349976,0.674271106719971,0.66097617149353,0.679948568344116,0.679948568344116,-1,-1,0.707423448562622,1.61266326904297,NaN,18.9723968505859,5.67746162414551,Congruent,Right,Left,Right,Right,Right,0,1,1,0,1,1,1,1,1,0,0,0,0,1,1,1,1,1,1,662,522,20260721_t1029_srsSmooth_training_B007,54,34,30.1281288385391,1.57197856903076,1,1,150,1,0,0,1,1,0
20260721_t1029_srsSmooth_training,srs_smooth_training,trial0663.mat,663,663,662,7,55,54,100,80,20,8,1,1,5,2,38,20885,2,0,1,2,1,1,1,1,1,1,CHOSE_HIGH_SAL,1,455,1,0,1,1,1,0,157,56,157,56,101,157,1,180,12,196,168,16,152,152,NaN,NaN,NaN,1784646304.61462,2917.97170476,1.13440084457397,0.0146369934082031,0.0159885883331299,0.649394035339355,0.664661884307861,0.657256603240967,0.665462970733643,0.665462970733643,-1,-1,0.675459623336792,1.35159492492676,NaN,8.20636749267578,0.80108642578125,Congruent,Right,Left,Right,Right,Right,0,1,1,0,1,1,1,1,1,0,0,0,0,1,1,1,1,1,1,663,523,20260721_t1029_srsSmooth_training_B007,55,35,30.1731518467267,1.52332735061646,1,1,136,1,0,0,1,1,0
20260721_t1029_srsSmooth_training,srs_smooth_training,trial0664.mat,664,664,663,7,56,55,100,80,20,8,1,2,7,2,80,25536,2,0,1,2,1,1,2,2,1,1,CHOSE_LOW_SAL,2,455,1,0,4,1,1,0,150,100,150,100,50,150,1,180,194,14.5,14,165.5,-151.5,151.5,NaN,NaN,NaN,1784646307.30508,2920.6620466,1.16096115112305,0.0159468650817871,0.0174729824066162,0.627589464187622,0.649304866790771,0.635926485061646,0.655292510986328,0.655292510986328,-1,-1,0.677619934082031,1.5261173248291,NaN,19.3660259246826,5.98764419555664,Conflict,Right,Left,Right,Right,Left,0,1,0,1,1,1,1,1,0,0,0,0,1,1,1,0,1,0,1,664,524,20260721_t1029_srsSmooth_training_B007,56,36,30.2179928660393,1.55606031417847,1,1,157,1,0,0,1,1,0
20260721_t1029_srsSmooth_training,srs_smooth_training,trial0665.mat,665,665,664,7,57,56,100,80,20,8,1,2,7,2,69,16625,2,0,1,2,1,1,2,2,1,1,CHOSE_LOW_SAL,2,455,1,0,5,1,1,0,127,94,127,94,33,127,1,0,14.5,190.5,14.5,169.5,-155,155,NaN,NaN,NaN,1784646310.00821,2923.36501668,1.30039834976196,0.0129213333129883,0.0149405002593994,0.791016578674316,0.812952280044556,0.799661636352539,0.818856239318848,0.818856239318848,-1,-1,0.841502666473389,2.01916694641113,NaN,19.1946029663086,5.90395927429199,Conflict,Right,Left,Right,Right,Left,0,1,0,1,1,1,1,1,0,0,0,0,1,1,1,0,1,0,1,665,525,20260721_t1029_srsSmooth_training_B007,57,37,30.2630450367928,1.54216909408569,1,1,150,1,0,0,1,1,0
20260721_t1029_srsSmooth_training,srs_smooth_training,trial0666.mat,666,666,665,7,58,57,100,80,20,8,1,2,7,2,77,31393,2,0,1,2,1,1,2,2,1,1,CHOSE_LOW_SAL,2,455,1,0,4,1,1,0,139,103,139,103,36,139,1,180,195.5,11,15.5,169,-153.5,153.5,NaN,NaN,NaN,1784646312.82484,2926.18174652,1.29241871833801,0.0130660533905029,0.0147185325622559,0.775089025497437,0.796426057815552,0.782999038696289,0.802188873291016,0.802188873291016,-1,-1,0.825008392333984,1.65247917175293,NaN,19.1898345947266,5.76281547546387,Conflict,Right,Left,Right,Right,Left,0,1,0,1,1,1,1,1,0,0,0,0,1,1,1,0,1,0,1,666,526,20260721_t1029_srsSmooth_training_B007,58,38,30.3099889596303,1.51623702049255,1,1,127,1,0,0,1,1,0
20260721_t1029_srsSmooth_training,srs_smooth_training,trial0667.mat,667,667,666,7,59,58,100,80,20,8,1,2,8,2,100,11755,2,0,2,1,1,2,2,1,1,2,CHOSE_LOW_SAL,2,455,1,0,4,1,1,0,104,100,104,100,4,104,1,180,194,13,14,167,-153,153,NaN,NaN,NaN,1784646315.67278,2929.02947988,1.16028714179993,0.0152394771575928,0.017812967300415,0.710287570953369,0.731933116912842,0.718311071395874,0.737912654876709,0.737912654876709,-1,-1,0.760138034820557,2.57349014282227,NaN,19.601583480835,5.97953796386719,Conflict,Left,Right,Left,Left,Right,0,1,0,1,1,0,1,1,0,1,0,0,1,0,0,1,1,0,1,667,527,20260721_t1029_srsSmooth_training_B007,59,39,30.3574545224508,1.55551505088806,1,1,139,1,0,1,1,0,0
20260721_t1029_srsSmooth_training,srs_smooth_training,trial0668.mat,668,668,667,7,60,59,100,80,20,8,1,1,6,2,52,23375,2,0,2,1,1,2,1,2,1,2,CHOSE_HIGH_SAL,1,455,1,0,4,1,1,0,126,78,126,78,48,126,1,0,200,13.5,160,13.5,146.5,146.5,NaN,NaN,NaN,1784646318.35007,2931.70688384,1.16648244857788,0.0130536556243896,0.0189030170440674,0.658183097839355,0.679745435714722,0.666280746459961,0.686420202255249,0.686420202255249,-1,-1,0.7077796459198,5.84936141967773,NaN,20.1394557952881,6.67476654052734,Congruent,Left,Right,Left,Left,Left,0,1,1,0,1,0,1,1,1,1,0,0,0,0,0,0,1,1,1,668,528,20260721_t1029_srsSmooth_training_B007,60,40,30.4020760218302,1.51700282096863,1,2,104,1,0,0,1,1,0
20260721_t1029_srsSmooth_training,srs_smooth_training,trial0669.mat,669,669,668,7,61,60,100,80,20,8,1,1,5,2,36,3083,2,0,1,2,1,1,1,1,1,1,CHOSE_HIGH_SAL,1,455,1,0,6,1,1,0,163,87,163,87,76,163,1,0,191.5,14.5,168.5,14.5,154,154,NaN,NaN,NaN,1784646321.06207,2934.41872668,1.11319899559021,0.0178272724151611,0.0242102146148682,0.570910215377808,0.592849254608154,0.579105854034424,0.599566698074341,0.599566698074341,-1,-1,0.621008157730103,6.38294219970703,NaN,20.460844039917,6.71744346618652,Congruent,Right,Left,Right,Right,Right,0,1,1,0,1,1,1,1,1,0,0,0,0,1,1,1,1,1,1,669,529,20260721_t1029_srsSmooth_training_B007,61,41,30.4472759922345,1.54551577568054,1,2,126,1,0,1,1,0,0
20260721_t1029_srsSmooth_training,srs_smooth_training,trial0670.mat,670,670,669,7,62,61,100,80,20,8,1,1,5,2,27,16424,2,0,1,2,1,1,1,1,1,1,CHOSE_HIGH_SAL,1,455,1,0,4,1,1,0,147,62,147,62,85,147,1,180,17.5,191,162.5,11,151.5,151.5,NaN,NaN,NaN,1784646323.68976,2937.0465372,1.26042556762695,0.0152337551116943,0.0208418369293213,0.760370016098022,0.781929492950439,0.768433332443237,0.788502216339111,0.788502216339111,-1,-1,0.81693959236145,5.60808181762695,NaN,20.068883895874,6.57272338867188,Congruent,Right,Left,Right,Right,Right,0,1,1,0,1,1,1,1,1,0,0,0,0,1,1,1,1,1,1,670,530,20260721_t1029_srsSmooth_training_B007,62,42,30.4910709182421,1.51449656486511,1,1,163,1,0,0,1,1,0
20260721_t1029_srsSmooth_training,srs_smooth_training,trial0671.mat,671,671,670,7,63,62,100,80,20,8,1,1,5,2,31,30293,2,0,1,2,1,1,1,1,1,1,CHOSE_HIGH_SAL,1,455,1,0,0,1,1,0,145,79,145,79,66,145,1,0,197.5,18.5,162.5,18.5,144,144,NaN,NaN,NaN,1784646326.51868,2939.8753288,1.06489777565002,0.0197584629058838,0.0232906341552734,0.587270259857178,0.603114604949951,0.595995903015137,0.604364395141602,0.604364395141602,-1,-1,0.622229099273682,3.53217124938965,NaN,8.36849212646484,1.24979019165039,Congruent,Right,Left,Right,Right,Right,0,1,1,0,1,1,1,1,1,0,0,0,0,1,1,1,1,1,1,671,531,20260721_t1029_srsSmooth_training_B007,63,43,30.5382195512454,1.56849241256714,1,1,147,1,0,0,1,1,0
20260721_t1029_srsSmooth_training,srs_smooth_training,trial0672.mat,672,672,671,7,64,63,100,80,20,8,1,2,7,2,71,3343,2,0,1,2,1,1,2,2,1,1,CHOSE_LOW_SAL,2,455,1,0,2,1,1,0,137,104,137,104,33,137,1,180,190,14,10,166,-156,156,NaN,NaN,NaN,1784646329.14197,2942.49855708,1.09215259552002,0.0132379531860352,0.0147404670715332,0.583236217498779,0.60493016242981,0.591800689697266,0.607089519500732,0.607089519500732,-1,-1,0.623931407928467,1.50251388549805,NaN,15.2888298034668,2.15935707092285,Conflict,Right,Left,Right,Right,Left,0,1,0,1,1,1,1,1,0,0,0,0,1,1,1,0,1,0,1,672,532,20260721_t1029_srsSmooth_training_B007,64,44,30.5819410244624,1.55839061737061,1,1,145,1,0,0,1,1,0
20260721_t1029_srsSmooth_training,srs_smooth_training,trial0673.mat,673,673,672,7,65,64,100,80,20,8,1,2,8,2,86,11328,2,0,2,1,1,2,2,1,1,2,CHOSE_LOW_SAL,2,455,1,0,4,1,1,0,139,130,139,130,9,139,1,180,199.5,13,19.5,167,-147.5,147.5,NaN,NaN,NaN,1784646331.77247,2945.1288268,1.14519071578979,0.0161759853363037,0.0216469764709473,0.627549648284912,0.649533987045288,0.636179208755493,0.655907392501831,0.655907392501831,-1,-1,0.677712440490723,5.47099113464355,NaN,19.7281837463379,6.37340545654297,Conflict,Left,Right,Left,Left,Right,0,1,0,1,1,0,1,1,0,1,0,0,1,0,0,1,1,0,1,673,533,20260721_t1029_srsSmooth_training_B007,65,45,30.6257826566696,1.53834533691406,1,1,137,1,0,1,1,0,0
20260721_t1029_srsSmooth_training,srs_smooth_training,trial0674.mat,674,674,673,7,66,65,100,80,20,8,1,1,6,2,45,23972,2,0,2,1,1,2,1,2,1,2,CHOSE_HIGH_SAL,1,455,1,0,5,1,1,0,145,77,145,77,68,145,1,0,190,19.5,170,19.5,150.5,150.5,NaN,NaN,NaN,1784646334.47341,2947.829867,1.30242872238159,0.0153341293334961,0.0171060562133789,0.776639938354492,0.79869818687439,0.785615921020508,0.805005788803101,0.805005788803101,-1,-1,0.827607154846191,1.77192687988281,NaN,19.3898677825928,6.30760192871094,Congruent,Left,Right,Left,Left,Left,0,1,1,0,1,0,1,1,1,1,0,0,0,0,0,0,1,1,1,674,534,20260721_t1029_srsSmooth_training_B007,66,46,30.6707984209061,1.55575513839722,1,2,139,1,0,0,1,1,0
20260721_t1029_srsSmooth_training,srs_smooth_training,trial0675.mat,675,675,674,7,67,66,100,80,20,8,1,1,5,2,28,7997,2,0,1,2,1,1,1,1,1,1,CHOSE_HIGH_SAL,1,455,1,0,2,1,1,0,157,80,157,80,77,157,1,0,195.5,10,164.5,10,154.5,154.5,NaN,NaN,NaN,1784646337.33736,2950.69370892,1.28425931930542,0.0181615352630615,0.0310409069061279,0.788346290588379,0.809858560562134,0.796549797058105,0.815714836120605,0.815714836120605,-1,-1,0.829160928726196,12.8793716430664,NaN,19.1650390625,5.85627555847168,Congruent,Right,Left,Right,Right,Right,0,1,1,0,1,1,1,1,1,0,0,0,0,1,1,1,1,1,1,675,535,20260721_t1029_srsSmooth_training_B007,67,47,30.7185309529305,1.56152319908142,1,2,145,1,0,1,1,0,0
20260721_t1029_srsSmooth_training,srs_smooth_training,trial0676.mat,676,676,675,7,68,67,100,80,20,8,1,2,8,2,88,21415,2,0,2,1,1,2,2,1,1,2,CHOSE_LOW_SAL,2,455,1,0,5,1,1,0,148,84,148,84,64,148,1,0,15.5,191,15.5,169,-153.5,153.5,NaN,NaN,NaN,1784646340.19189,2953.54819864,1.30038142204285,0.0137498378753662,0.0153803825378418,0.800182342529297,0.82211446762085,0.808505058288574,0.827790975570679,0.827790975570679,-1,-1,0.85745906829834,1.63054466247559,NaN,19.2859172821045,5.6765079498291,Conflict,Left,Right,Left,Left,Right,0,1,0,1,1,0,1,1,0,1,0,0,1,0,0,1,1,0,1,676,536,20260721_t1029_srsSmooth_training_B007,68,48,30.7661063154538,1.57026243209839,1,1,157,1,0,1,1,0,0
20260721_t1029_srsSmooth_training,srs_smooth_training,trial0677.mat,677,677,676,7,69,68,100,80,20,8,1,2,8,2,95,27876,2,0,2,1,1,2,2,1,1,2,CHOSE_LOW_SAL,2,455,1,0,3,1,1,0,137,93,137,93,44,137,1,0,17,197,17,163,-146,146,NaN,NaN,NaN,1784646343.00352,2956.35984764,1.03907608985901,0.0188887119293213,0.0201880931854248,0.530518531799316,0.552242755889893,0.538762092590332,0.558052778244019,0.558052778244019,-1,-1,0.571307420730591,1.29938125610352,NaN,19.2906856536865,5.81002235412598,Conflict,Left,Right,Left,Left,Right,0,1,0,1,1,0,1,1,0,1,0,0,1,0,0,1,1,0,1,677,537,20260721_t1029_srsSmooth_training_B007,69,49,30.8129669348399,1.51125574111938,1,2,148,1,0,0,1,1,0
20260721_t1029_srsSmooth_training,srs_smooth_training,trial0678.mat,678,678,677,7,70,69,100,80,20,8,1,2,7,2,73,29397,2,0,1,2,1,1,2,2,1,1,CHOSE_LOW_SAL,2,455,1,0,2,1,1,0,160,64,160,64,96,160,1,180,197.5,11.5,17.5,168.5,-151,151,NaN,NaN,NaN,1784646345.57492,2958.93118676,1.1183750629425,0.0142612457275391,0.015998363494873,0.623868703842163,0.639286279678345,0.634111166000366,0.640331745147705,0.640331745147705,-1,-1,0.65840482711792,1.73711776733398,NaN,6.22057914733887,1.04546546936035,Conflict,Right,Left,Right,Right,Left,0,1,0,1,1,1,1,1,0,0,0,0,1,1,1,0,1,0,1,678,538,20260721_t1029_srsSmooth_training_B007,70,50,30.8558234890302,1.53231716156006,1,2,137,1,0,1,1,0,0
20260721_t1029_srsSmooth_training,srs_smooth_training,trial0679.mat,679,679,678,7,71,70,100,80,20,8,1,2,8,2,92,20993,2,0,2,1,1,2,2,1,1,2,CHOSE_LOW_SAL,2,455,1,0,2,1,1,0,128,99,128,99,29,128,1,180,191,10.5,11,169.5,-158.5,158.5,NaN,NaN,NaN,1784646348.25723,2961.61347336,1.13296461105347,0.015385627746582,0.0173509120941162,0.652733564376831,0.673744678497314,0.659644365310669,0.679623126983643,0.679623126983643,-1,-1,0.702418088912964,1.96528434753418,NaN,19.9787616729736,5.87844848632812,Conflict,Left,Right,Left,Left,Right,0,1,0,1,1,0,1,1,0,1,0,0,1,0,0,1,1,0,1,679,539,20260721_t1029_srsSmooth_training_B007,71,51,30.900528717041,1.5639386177063,1,1,160,1,0,1,1,0,0
20260721_t1029_srsSmooth_training,srs_smooth_training,trial0680.mat,680,680,679,7,72,71,100,80,20,8,1,2,7,2,63,24738,2,0,1,2,1,1,2,2,1,1,CHOSE_LOW_SAL,2,455,1,0,2,1,1,0,130,90,130,90,40,130,1,180,196,11,16,169,-153,153,NaN,NaN,NaN,1784646350.93761,2964.29368196,1.07095837593079,0.018441915512085,0.0208086967468262,0.580112457275391,0.601798295974731,0.588495254516602,0.607741832733154,0.607741832733154,-1,-1,0.629957675933838,2.36678123474121,NaN,19.2465782165527,5.94353675842285,Conflict,Right,Left,Right,Right,Left,0,1,0,1,1,1,1,1,0,0,0,0,1,1,1,0,1,0,1,680,540,20260721_t1029_srsSmooth_training_B007,72,52,30.9452017426491,1.5474169254303,1,2,128,1,0,1,1,0,0
20260721_t1029_srsSmooth_training,srs_smooth_training,trial0681.mat,681,681,680,7,73,72,100,80,20,8,1,2,8,2,82,15363,2,0,2,1,1,2,2,1,1,2,CHOSE_LOW_SAL,2,455,1,0,3,1,1,0,140,76,140,76,64,140,1,180,199,19.5,19,160.5,-141.5,141.5,NaN,NaN,NaN,1784646353.57758,2966.93359668,1.15700387954712,0.0285792350769043,0.0334999561309814,0.690276384353638,0.703605175018311,0.698336124420166,0.704580307006836,0.704580307006836,-1,-1,0.722400903701782,4.92072105407715,NaN,6.24418258666992,0.975131988525391,Conflict,Left,Right,Left,Left,Right,0,1,0,1,1,0,1,1,0,1,0,0,1,0,0,1,1,0,1,681,541,20260721_t1029_srsSmooth_training_B007,73,53,30.9892011761665,1.56900763511658,1,1,130,1,0,1,1,0,0
20260721_t1029_srsSmooth_training,srs_smooth_training,trial0682.mat,682,682,681,7,74,73,100,80,20,8,1,1,6,2,41,9784,2,0,2,1,1,2,1,2,1,2,CHOSE_HIGH_SAL,1,455,1,0,5,1,1,0,116,68,116,68,48,116,1,0,190.5,16.5,169.5,16.5,153,153,NaN,NaN,NaN,1784646356.29027,2969.64621604,1.01139974594116,0.015995979309082,0.0170557498931885,0.544442176818848,0.566018104553223,0.552875280380249,0.572088003158569,0.572088003158569,-1,-1,0.600211381912231,1.05977058410645,NaN,19.2127227783203,6.06989860534668,Congruent,Left,Right,Left,Left,Left,0,1,1,0,1,0,1,1,1,1,0,0,0,0,0,0,1,1,1,682,542,20260721_t1029_srsSmooth_training_B007,74,54,31.03441264232,1.55568408966064,1,2,140,1,0,0,1,1,0
20260721_t1029_srsSmooth_training,srs_smooth_training,trial0683.mat,683,683,682,7,75,74,100,80,20,8,1,1,6,2,48,21475,2,0,2,1,1,2,1,2,1,2,CHOSE_HIGH_SAL,1,455,1,0,3,1,1,0,151,94,151,94,57,151,1,180,14.5,190,165.5,10,155.5,155.5,NaN,NaN,NaN,1784646358.85374,2972.20963516,1.23401427268982,0.0192842483520508,0.0210785865783691,0.696754217147827,0.719310998916626,0.705006837844849,0.723718166351318,0.723718166351318,-1,-1,0.746652841567993,1.79433822631836,NaN,18.7113285064697,4.40716743469238,Congruent,Left,Right,Left,Left,Left,0,1,1,0,1,0,1,1,1,1,0,0,0,0,0,0,1,1,1,683,543,20260721_t1029_srsSmooth_training_B007,75,55,31.0771372914314,1.55207920074463,1,2,116,1,0,0,1,1,0
20260721_t1029_srsSmooth_training,srs_smooth_training,trial0684.mat,684,684,683,7,76,75,100,80,20,8,1,1,6,2,56,16934,2,0,2,1,1,2,1,2,1,2,CHOSE_HIGH_SAL,1,455,1,0,4,1,1,0,145,89,145,89,56,145,1,180,10.5,200,169.5,20,149.5,149.5,NaN,NaN,NaN,1784646361.60395,2974.95989204,1.1061384677887,0.0191867351531982,0.0210540294647217,0.581120014190674,0.602542638778687,0.589370012283325,0.608635902404785,0.608635902404785,-1,-1,0.630468845367432,1.86729431152344,NaN,19.26589012146,6.09326362609863,Congruent,Left,Right,Left,Left,Left,0,1,1,0,1,0,1,1,1,1,0,0,0,0,0,0,1,1,1,684,544,20260721_t1029_srsSmooth_training_B007,76,56,31.1229740341504,1.51619029045105,1,2,151,1,0,0,1,1,0
20260721_t1029_srsSmooth_training,srs_smooth_training,trial0685.mat,685,685,684,7,77,76,100,80,20,8,1,1,6,2,46,5381,2,0,2,1,1,2,1,2,1,2,CHOSE_HIGH_SAL,1,455,1,0,6,1,1,0,139,75,139,75,64,139,1,180,11,195.5,169,15.5,153.5,153.5,NaN,NaN,NaN,1784646364.23763,2977.59344308,1.30622148513794,0.0189449787139893,0.020247220993042,0.780556201934814,0.802309036254883,0.788834095001221,0.80839204788208,0.80839204788208,-1,-1,0.837023258209229,1.30224227905273,NaN,19.5579528808594,6.08301162719727,Congruent,Left,Right,Left,Left,Left,0,1,1,0,1,0,1,1,1,1,0,0,0,0,0,0,1,1,1,685,545,20260721_t1029_srsSmooth_training_B007,77,57,31.1668686628342,1.52753925323486,1,2,145,1,0,0,1,1,0
20260721_t1029_srsSmooth_training,srs_smooth_training,trial0686.mat,686,686,685,7,78,77,100,80,20,8,1,2,7,2,76,22887,2,0,1,2,1,1,2,2,1,1,CHOSE_LOW_SAL,2,455,1,0,5,1,1,0,148,67,148,67,81,148,1,180,191,18,11,162,-151,151,NaN,NaN,NaN,1784646367.10505,2980.46087324,1.21899509429932,0.018303394317627,0.0238621234893799,0.712821960449219,0.734998464584351,0.721700668334961,0.741117477416992,0.741117477416992,-1,-1,0.768612146377563,5.55872917175293,NaN,19.4168090820312,6.1190128326416,Conflict,Right,Left,Right,Right,Left,0,1,0,1,1,1,1,1,0,0,0,0,1,1,1,0,1,0,1,686,546,20260721_t1029_srsSmooth_training_B007,78,58,31.2146589875221,1.56119799613953,1,2,139,1,0,1,1,0,0
20260721_t1029_srsSmooth_training,srs_smooth_training,trial0687.mat,687,687,686,7,79,78,100,80,20,8,1,2,7,2,66,22771,2,0,1,2,1,1,2,2,1,1,CHOSE_LOW_SAL,2,455,1,0,3,1,1,0,141,89,141,89,52,141,1,0,12,196.5,12,163.5,-151.5,151.5,NaN,NaN,NaN,1784646369.85167,2983.20731728,1.19181823730469,0.0134549140930176,0.0145473480224609,0.66660737991333,0.688481092453003,0.675277471542358,0.694566965103149,0.694566965103149,-1,-1,0.716244220733643,1.09243392944336,NaN,19.289493560791,6.08587265014648,Conflict,Right,Left,Right,Right,Left,0,1,0,1,1,1,1,1,0,0,0,0,1,1,1,0,1,0,1,687,547,20260721_t1029_srsSmooth_training_B007,79,59,31.2604360262553,1.52762722969055,1,1,148,1,0,0,1,1,0
20260721_t1029_srsSmooth_training,srs_smooth_training,trial0688.mat,688,688,687,7,80,79,100,80,20,8,1,1,6,2,49,1343,2,0,2,1,1,2,1,2,1,2,CHOSE_HIGH_SAL,1,455,1,0,6,1,1,0,157,92,157,92,65,157,1,0,191,10,169,10,159,159,NaN,NaN,NaN,1784646372.61872,2985.97439928,1.35875558853149,0.0131771564483643,0.0146079063415527,0.807916402816772,0.829876184463501,0.816425800323486,0.83613920211792,0.83613920211792,-1,-1,0.868434906005859,1.43074989318848,NaN,19.7134017944336,6.26301765441895,Congruent,Left,Right,Left,Left,Left,0,1,1,0,1,0,1,1,1,1,0,0,0,0,0,0,1,1,1,688,548,20260721_t1029_srsSmooth_training_B007,80,60,31.3065535585086,1.57523369789124,1,1,141,1,0,1,1,0,0
20260721_t1029_srsSmooth_training,srs_smooth_training,trial0689.mat,689,689,688,7,81,80,100,80,20,8,1,2,8,2,84,15660,2,0,2,1,1,2,2,1,1,2,CHOSE_LOW_SAL,2,455,1,0,2,1,1,0,154,90,154,90,64,154,1,0,12,198,12,162,-150,150,NaN,NaN,NaN,1784646375.53681,2988.89245936,1.19825625419617,0.0118703842163086,0.0132570266723633,0.673144340515137,0.695230007171631,0.682060480117798,0.701322555541992,0.701322555541992,-1,-1,0.723340272903442,1.38664245605469,NaN,19.2620754241943,6.09254837036133,Conflict,Left,Right,Left,Left,Right,0,1,0,1,1,0,1,1,0,1,0,0,1,0,0,1,1,0,1,689,549,20260721_t1029_srsSmooth_training_B007,81,61,31.35518835783,1.55933237075806,1,2,157,1,0,0,1,1,0
20260721_t1029_srsSmooth_training,srs_smooth_training,trial0690.mat,690,690,689,7,82,81,100,80,20,8,1,1,6,2,58,6450,2,0,2,1,1,2,1,2,1,2,CHOSE_HIGH_SAL,1,455,1,0,5,1,1,0,146,101,146,101,45,146,1,180,18,197,162,17,145,145,NaN,NaN,NaN,1784646378.27266,2991.62829512,1.0626814365387,0.0177934169769287,0.0228676795959473,0.553920745849609,0.576148748397827,0.562238693237305,0.579586029052734,0.579586029052734,-1,-1,0.612901449203491,5.07426261901855,NaN,17.3473358154297,3.43728065490723,Congruent,Left,Right,Left,Left,Left,0,1,1,0,1,0,1,1,1,1,0,0,0,0,0,0,1,1,1,690,550,20260721_t1029_srsSmooth_training_B007,82,62,31.4007858673731,1.53759431838989,1,2,154,1,0,0,1,1,0
20260721_t1029_srsSmooth_training,srs_smooth_training,trial0691.mat,691,691,690,7,83,82,100,80,20,8,1,1,6,2,44,7514,2,0,2,1,1,2,1,2,1,2,CHOSE_HIGH_SAL,1,455,1,0,2,1,1,0,153,71,153,71,82,153,1,180,15,194.5,165,14.5,150.5,150.5,NaN,NaN,NaN,1784646380.87809,2994.23349816,1.21374869346619,0.0124671459197998,0.0139961242675781,0.674287557601929,0.695828199386597,0.682561159133911,0.700818061828613,0.700818061828613,-1,-1,0.715590238571167,1.52897834777832,NaN,18.2569026947021,4.9898624420166,Congruent,Left,Right,Left,Left,Left,0,1,1,0,1,0,1,1,1,1,0,0,0,0,0,0,1,1,1,691,551,20260721_t1029_srsSmooth_training_B007,83,63,31.4442096551259,1.54274582862854,1,2,146,1,0,0,1,1,0
20260721_t1029_srsSmooth_training,srs_smooth_training,trial0692.mat,692,692,691,7,84,83,100,80,20,8,1,2,7,2,62,19686,2,0,1,2,1,1,2,2,1,1,CHOSE_LOW_SAL,2,455,1,0,1,1,1,0,112,74,112,74,38,112,1,180,190,11.5,10,168.5,-158.5,158.5,NaN,NaN,NaN,1784646383.64182,2996.99713664,1.10216474533081,0.0155093669891357,0.017874002456665,0.624383926391602,0.640533208847046,0.633443117141724,0.641566514968872,0.641566514968872,-1,-1,0.659749984741211,2.3646354675293,NaN,8.12339782714844,1.03330612182617,Conflict,Right,Left,Right,Right,Left,0,1,0,1,1,1,1,1,0,0,0,0,1,1,1,0,1,0,1,692,552,20260721_t1029_srsSmooth_training_B007,84,64,31.4902718742688,1.54998445510864,1,2,153,1,0,1,1,0,0
20260721_t1029_srsSmooth_training,srs_smooth_training,trial0693.mat,693,693,692,7,85,84,100,80,20,8,1,1,6,2,51,4831,2,0,2,1,1,2,1,2,1,2,CHOSE_HIGH_SAL,1,455,1,0,4,1,1,0,154,95,154,95,59,154,1,0,193.5,12,166.5,12,154.5,154.5,NaN,NaN,NaN,1784646386.3001,2999.65554444,1.1103298664093,0.0156664848327637,0.0211501121520996,0.610510110855103,0.6323561668396,0.618906497955322,0.638422250747681,0.638422250747681,-1,-1,0.660468816757202,5.48362731933594,NaN,19.5157527923584,6.06608390808105,Congruent,Left,Right,Left,Left,Left,0,1,1,0,1,0,1,1,1,1,0,0,0,0,0,0,1,1,1,693,553,20260721_t1029_srsSmooth_training_B007,85,65,31.5345765550931,1.55611610412598,1,1,112,1,0,1,1,0,0
20260721_t1029_srsSmooth_training,srs_smooth_training,trial0694.mat,694,694,693,7,86,85,100,80,20,8,1,1,5,2,29,11878,2,0,1,2,1,1,1,1,1,1,CHOSE_HIGH_SAL,1,455,1,0,6,1,1,0,128,86,128,86,42,128,1,180,17,199,163,19,144,144,NaN,NaN,NaN,1784646388.93313,3002.2884524,1.11986088752747,0.0160768032073975,0.0215651988983154,0.602873086929321,0.624433994293213,0.610799789428711,0.630043506622314,0.630043506622314,-1,-1,0.653471946716309,5.48839569091797,NaN,19.2437171936035,5.60951232910156,Congruent,Right,Left,Right,Right,Right,0,1,1,0,1,1,1,1,1,0,0,0,0,1,1,1,1,1,1,694,554,20260721_t1029_srsSmooth_training_B007,86,66,31.5784603118896,1.52269554138184,1,2,154,1,0,1,1,0,0
20260721_t1029_srsSmooth_training,srs_smooth_training,trial0695.mat,695,695,694,7,87,86,100,80,20,8,1,2,7,2,64,25246,2,0,1,2,1,1,2,2,1,1,CHOSE_LOW_SAL,2,455,1,0,3,1,1,0,154,91,154,91,63,154,1,180,191,19.5,11,160.5,-149.5,149.5,NaN,NaN,NaN,1784646391.6133,3004.96854504,1.20645093917847,0.0110046863555908,0.0124444961547852,0.671997547149658,0.694364547729492,0.680769681930542,0.699340105056763,0.699340105056763,-1,-1,0.721766710281372,1.43980979919434,NaN,18.5704231262207,4.97555732727051,Conflict,Right,Left,Right,Right,Left,0,1,0,1,1,1,1,1,0,0,0,0,1,1,1,0,1,0,1,695,555,20260721_t1029_srsSmooth_training_B007,87,67,31.6231299360593,1.56031656265259,1,1,128,1,0,0,1,1,0
20260721_t1029_srsSmooth_training,srs_smooth_training,trial0696.mat,696,696,695,7,88,87,100,80,20,8,1,1,5,2,37,26763,2,0,1,2,1,1,1,1,1,1,CHOSE_HIGH_SAL,1,455,1,0,6,1,1,0,149,78,149,78,71,149,1,0,199,18.5,161,18.5,142.5,142.5,NaN,NaN,NaN,1784646394.3836,3007.7388026,1.19469952583313,0.015817403793335,0.0214252471923828,0.661036014556885,0.682510375976562,0.66936206817627,0.688608884811401,0.688608884811401,-1,-1,0.71112847328186,5.60784339904785,NaN,19.2468166351318,6.09850883483887,Congruent,Right,Left,Right,Right,Right,0,1,1,0,1,1,1,1,1,0,0,0,0,1,1,1,1,1,1,696,556,20260721_t1029_srsSmooth_training_B007,88,68,31.6693015217781,1.56384420394897,1,1,154,1,0,0,1,1,0
20260721_t1029_srsSmooth_training,srs_smooth_training,trial0697.mat,697,697,696,7,89,88,100,80,20,8,1,1,5,2,40,26,2,0,1,2,1,1,1,1,1,1,CHOSE_HIGH_SAL,1,455,1,0,5,1,1,0,130,86,130,86,44,130,1,180,10,190,170,10,160,160,NaN,NaN,NaN,1784646397.13933,3010.49447492,1.213702917099,0.0185310840606689,0.0200855731964111,0.704978704452515,0.726893186569214,0.713695526123047,0.732903480529785,0.732903480529785,-1,-1,0.761449813842773,1.55448913574219,NaN,19.2079544067383,6.01029396057129,Congruent,Right,Left,Right,Right,Right,0,1,1,0,1,1,1,1,1,0,0,0,0,1,1,1,1,1,1,697,557,20260721_t1029_srsSmooth_training_B007,89,69,31.7152303099632,1.56102776527405,1,1,149,1,0,0,1,1,0
20260721_t1029_srsSmooth_training,srs_smooth_training,trial0698.mat,698,698,697,7,90,89,100,80,20,8,1,2,7,2,78,20281,2,0,1,2,1,1,2,2,1,1,CHOSE_LOW_SAL,2,455,1,0,4,1,1,0,154,76,154,76,78,154,1,180,196,14,16,166,-150,150,NaN,NaN,NaN,1784646399.90669,3013.2616982,1.11914396286011,0.0179448127746582,0.0198616981506348,0.579674243927002,0.601301670074463,0.587619781494141,0.607907056808472,0.607907056808472,-1,-1,0.628888130187988,1.91688537597656,NaN,20.2872753143311,6.60538673400879,Conflict,Right,Left,Right,Right,Left,0,1,0,1,1,1,1,1,0,0,0,0,1,1,1,0,1,0,1,698,558,20260721_t1029_srsSmooth_training_B007,90,70,31.7613530000051,1.5536584854126,1,1,130,1,0,0,1,1,0
20260721_t1029_srsSmooth_training,srs_smooth_training,trial0699.mat,699,699,698,7,91,90,100,80,20,8,1,1,5,2,32,30905,2,0,1,2,1,1,1,1,1,1,CHOSE_HIGH_SAL,1,455,1,0,5,1,1,0,154,104,154,104,50,154,1,0,191.5,10.5,168.5,10.5,158,158,NaN,NaN,NaN,1784646402.57268,3015.92771948,1.30192446708679,0.0187253952026367,0.0233442783355713,0.770941734313965,0.793755292892456,0.78005576133728,0.7984619140625,0.7984619140625,-1,-1,0.829885721206665,4.61888313293457,NaN,18.4061527252197,4.70662117004395,Congruent,Right,Left,Right,Right,Right,0,1,1,0,1,1,1,1,1,0,0,0,0,1,1,1,1,1,1,699,559,20260721_t1029_srsSmooth_training_B007,91,71,31.8057861884435,1.54684734344482,1,1,154,1,0,0,1,1,0
20260721_t1029_srsSmooth_training,srs_smooth_training,trial0700.mat,700,700,699,7,92,91,100,80,20,8,1,2,7,2,70,8057,2,0,1,2,1,1,2,2,1,1,CHOSE_LOW_SAL,2,455,1,0,2,1,1,0,162,64,162,64,98,162,1,180,197.5,14.5,17.5,165.5,-148,148,NaN,NaN,NaN,1784646405.45258,3018.8075914,1.15891647338867,0.0222747325897217,0.0273630619049072,0.650301694869995,0.67229962348938,0.658885955810547,0.67867112159729,0.67867112159729,-1,-1,0.69994854927063,5.08832931518555,NaN,19.7851657867432,6.37149810791016,Conflict,Right,Left,Right,Right,Left,0,1,0,1,1,1,1,1,0,0,0,0,1,1,1,0,1,0,1,700,560,20260721_t1029_srsSmooth_training_B007,92,72,31.8537844816844,1.57797312736511,1,1,154,1,0,0,1,1,0
20260721_t1029_srsSmooth_training,srs_smooth_training,trial0701.mat,701,701,700,7,93,92,100,80,20,8,1,1,5,2,33,378,2,0,1,2,1,1,1,1,1,1,CHOSE_HIGH_SAL,1,455,1,0,3,1,1,0,151,84,151,84,67,151,1,180,11.5,197.5,168.5,17.5,151,151,NaN,NaN,NaN,1784646408.13736,3021.4922668,1.21627998352051,0.0125949382781982,0.0143089294433594,0.715752601623535,0.737623929977417,0.724535942077637,0.744170188903809,0.744170188903809,-1,-1,0.765660047531128,1.71399116516113,NaN,19.6342468261719,6.5462589263916,Congruent,Right,Left,Right,Right,Right,0,1,1,0,1,1,1,1,1,0,0,0,0,1,1,1,1,1,1,701,561,20260721_t1029_srsSmooth_training_B007,93,73,31.8985308766365,1.52586722373962,1,1,162,1,0,0,1,1,0
20260721_t1029_srsSmooth_training,srs_smooth_training,trial0702.mat,702,702,701,7,94,93,100,80,20,8,1,1,5,2,26,1501,2,0,1,2,1,1,1,1,1,1,CHOSE_HIGH_SAL,1,455,1,0,6,1,1,0,140,87,140,87,53,140,1,0,191.5,17,168.5,17,151.5,151.5,NaN,NaN,NaN,1784646410.90799,3024.26284544,1.07814025878906,0.0170764923095703,0.02274489402771,0.561766147613525,0.583765745162964,0.570255517959595,0.588573932647705,0.588573932647705,-1,-1,0.620175838470459,5.66840171813965,NaN,18.3184146881104,4.80818748474121,Congruent,Right,Left,Right,Right,Right,0,1,1,0,1,1,1,1,1,0,0,0,0,1,1,1,1,1,1,702,562,20260721_t1029_srsSmooth_training_B007,94,74,31.9447080016136,1.5543475151062,1,1,151,1,0,0,1,1,0
20260721_t1029_srsSmooth_training,srs_smooth_training,trial0703.mat,703,703,702,7,95,94,100,80,20,8,1,1,6,2,59,10497,2,0,2,1,1,2,1,2,1,2,CHOSE_HIGH_SAL,1,455,1,0,2,1,1,0,141,78,141,78,63,141,1,0,190.5,13,169.5,13,156.5,156.5,NaN,NaN,NaN,1784646413.51498,3026.86981932,1.29717421531677,0.0185239315032959,0.0201976299285889,0.785885095596313,0.801887989044189,0.794670104980469,0.802971124649048,0.802971124649048,-1,-1,0.821208000183105,1.67369842529297,NaN,8.3010196685791,1.0831356048584,Congruent,Left,Right,Left,Left,Left,0,1,1,0,1,0,1,1,1,1,0,0,0,0,0,0,1,1,1,703,563,20260721_t1029_srsSmooth_training_B007,95,75,31.9881578127543,1.52884840965271,1,1,140,1,0,1,1,0,0
20260721_t1029_srsSmooth_training,srs_smooth_training,trial0704.mat,704,704,703,7,96,95,100,80,20,8,1,2,8,2,94,9228,2,0,2,1,1,2,2,1,1,2,CHOSE_LOW_SAL,2,455,1,0,5,1,1,0,150,82,150,82,68,150,1,0,19,199,19,161,-142,142,NaN,NaN,NaN,1784646416.34767,3029.70241256,1.30633974075317,0.0192747116088867,0.0212759971618652,0.772620439529419,0.794305324554443,0.78045392036438,0.800708532333374,0.800708532333374,-1,-1,0.828816175460815,2.00128555297852,NaN,20.2546119689941,6.40320777893066,Conflict,Left,Right,Left,Left,Right,0,1,0,1,1,0,1,1,0,1,0,0,1,0,0,1,1,0,1,704,564,20260721_t1029_srsSmooth_training_B007,96,76,32.0353693683942,1.53551912307739,1,2,141,1,0,0,1,1,0
20260721_t1029_srsSmooth_training,srs_smooth_training,trial0705.mat,705,705,704,7,97,96,100,80,20,8,1,2,8,2,89,17242,2,0,2,1,1,2,2,1,1,2,CHOSE_LOW_SAL,2,455,1,0,3,1,1,0,125,98,125,98,27,125,1,0,18.5,192,18.5,168,-149.5,149.5,NaN,NaN,NaN,1784646419.22101,3032.57569292,1.12408304214478,0.0127158164978027,0.0144670009613037,0.649566650390625,0.671075105667114,0.657835721969604,0.677754640579224,0.677754640579224,-1,-1,0.699749946594238,1.75118446350098,NaN,19.9189186096191,6.67953491210938,Conflict,Left,Right,Left,Left,Right,0,1,0,1,1,0,1,1,0,1,0,0,1,0,0,1,1,0,1,705,565,20260721_t1029_srsSmooth_training_B007,97,77,32.0832583427429,1.56699872016907,1,2,150,1,0,0,1,1,0
20260721_t1029_srsSmooth_training,srs_smooth_training,trial0706.mat,706,706,705,7,98,97,100,80,20,8,1,2,8,2,98,25436,2,0,2,1,1,2,2,1,1,2,CHOSE_LOW_SAL,2,455,1,0,2,1,1,0,129,92,129,92,37,129,1,0,13,196,13,164,-151,151,NaN,NaN,NaN,1784646421.9072,3035.26175688,1.16349601745605,0.0182974338531494,0.0213961601257324,0.671635389328003,0.684991121292114,0.677523136138916,0.690137624740601,0.690137624740601,-1,-1,0.703956127166748,3.09872627258301,NaN,12.6144886016846,5.14650344848633,Conflict,Left,Right,Left,Left,Right,0,1,0,1,1,0,1,1,0,1,0,0,1,0,0,1,1,0,1,706,566,20260721_t1029_srsSmooth_training_B007,98,78,32.128028190136,1.56210780143738,1,2,125,1,0,0,1,1,0
20260721_t1029_srsSmooth_training,srs_smooth_training,trial0707.mat,707,707,706,7,99,98,100,80,20,8,1,1,5,2,23,712,2,0,1,2,1,1,1,1,1,1,CHOSE_HIGH_SAL,1,455,1,0,4,1,1,0,162,62,162,62,100,162,1,0,198,13,162,13,149,149,NaN,NaN,NaN,1784646424.63735,3037.99204328,1.29114890098572,0.0132489204406738,0.0150086879730225,0.766367197036743,0.788279056549072,0.774695158004761,0.791796207427979,0.791796207427979,-1,-1,0.822289228439331,1.75976753234863,NaN,17.1010494232178,3.51715087890625,Congruent,Right,Left,Right,Right,Right,0,1,1,0,1,1,1,1,1,0,0,0,0,1,1,1,1,1,1,707,567,20260721_t1029_srsSmooth_training_B007,99,79,32.17353079319,1.56666016578674,1,2,129,1,0,1,1,0,0
20260721_t1029_srsSmooth_training,srs_smooth_training,trial0708.mat,708,708,707,7,100,99,100,80,20,8,1,1,5,2,30,28193,2,0,1,2,1,1,1,1,1,1,CHOSE_HIGH_SAL,1,455,1,0,3,1,1,0,155,82,155,82,73,155,1,180,11,199.5,169,19.5,149.5,149.5,NaN,NaN,NaN,1784646427.4823,3040.83685552,1.30561494827271,0.0184202194213867,0.020122766494751,0.771408557891846,0.793450355529785,0.779860019683838,0.798805713653564,0.798805713653564,-1,-1,0.8206787109375,1.70254707336426,NaN,18.9456939697266,5.3553581237793,Congruent,Right,Left,Right,Right,Right,0,1,1,0,1,1,1,1,1,0,0,0,0,1,1,1,1,1,1,708,568,20260721_t1029_srsSmooth_training_B007,100,80,32.22094647487,1.55379199981689,1,1,162,1,0,0,1,1,0
20260721_t1029_srsSmooth_training,srs_smooth_training,trial0709.mat,709,709,708,8,1,0,96,76,20,8,2,0,2,1,8,3830,1,1,2,1,2,1,1,2,1,2,SINGLE_T1_CORRECT,10,455,1,0,5,1,1,0,113,162,162,113,-49,113,1,0,192.5,14,167.5,14,153.5,153.5,NaN,NaN,NaN,1784646430.3458,3043.70027792,1.0670063495636,0.0133607387542725,0.0143270492553711,0.575366020202637,0.596718072891235,0.582993030548096,0.603121757507324,0.603121757507324,-1,-1,0.625242471694946,0.966310501098633,NaN,20.1287269592285,6.40368461608887,Instruction,Left,Right,Left,Right,Left,1,0,0,0,0,NaN,NaN,NaN,NaN,NaN,NaN,NaN,NaN,0,1,0,0,1,0,709,NaN,20260721_t1029_srsSmooth_training_B008,1,NaN,32.2686715443929,1.55788922309875,NaN,NaN,NaN,0,NaN,NaN,NaN,NaN,0
20260721_t1029_srsSmooth_training,srs_smooth_training,trial0710.mat,710,710,709,8,2,1,96,76,20,8,2,0,2,1,10,29016,1,1,2,1,2,1,1,2,1,2,SINGLE_T1_CORRECT,10,455,1,0,4,1,1,0,89,164,164,89,-75,89,1,0,197.5,18.5,162.5,18.5,144,144,NaN,NaN,NaN,1784646432.97234,3046.32676544,1.09379625320435,0.0202593803405762,0.0254454612731934,0.623603105545044,0.645283460617065,0.63195538520813,0.65104603767395,0.65104603767395,-1,-1,0.673189878463745,5.18608093261719,NaN,19.0906524658203,5.76257705688477,Instruction,Left,Right,Left,Right,Left,1,0,0,0,0,NaN,NaN,NaN,NaN,NaN,NaN,NaN,NaN,0,1,0,0,1,0,710,NaN,20260721_t1029_srsSmooth_training_B008,2,NaN,32.3124472022057,1.55953311920166,NaN,NaN,NaN,0,NaN,NaN,NaN,NaN,0
20260721_t1029_srsSmooth_training,srs_smooth_training,trial0711.mat,711,711,710,8,3,2,96,76,20,8,2,0,4,1,18,250,1,2,1,2,2,2,2,2,2,2,SINGLE_T2_CORRECT,11,455,1,0,5,1,1,0,62,150,150,62,-88,150,1,180,197.5,18,17.5,162,-144.5,144.5,NaN,NaN,NaN,1784646435.63764,3048.99205704,1.33901524543762,0.0134010314941406,0.0157570838928223,0.781232833862305,0.80509877204895,0.791747093200684,0.8104567527771,0.8104567527771,-1,-1,0.843741893768311,2.35605239868164,NaN,18.709659576416,5.35798072814941,Instruction,Right,Left,Left,Left,Left,1,0,0,0,0,NaN,NaN,NaN,NaN,NaN,NaN,NaN,NaN,1,0,0,0,0,0,711,NaN,20260721_t1029_srsSmooth_training_B008,3,NaN,32.3568688114484,1.57150030136108,NaN,NaN,NaN,0,NaN,NaN,NaN,NaN,0
20260721_t1029_srsSmooth_training,srs_smooth_training,trial0712.mat,712,712,711,8,4,3,96,76,20,8,2,0,3,1,15,11335,1,2,2,1,2,1,2,1,2,1,SINGLE_T2_CORRECT,11,455,1,0,5,1,1,0,71,192,192,71,-121,192,1,180,196,13.5,16,166.5,-150.5,150.5,NaN,NaN,NaN,1784646438.4998,3051.85428632,1.38782048225403,0.0180168151855469,0.019078254699707,0.810905456542969,0.834715604782104,0.820843935012817,0.840772867202759,0.840772867202759,-1,-1,0.86765193939209,1.06143951416016,NaN,19.9289321899414,6.0572624206543,Instruction,Left,Right,Right,Right,Right,1,0,0,0,0,NaN,NaN,NaN,NaN,NaN,NaN,NaN,NaN,0,1,1,0,0,0,712,NaN,20260721_t1029_srsSmooth_training_B008,4,NaN,32.4045715332031,1.52314805984497,NaN,NaN,NaN,0,NaN,NaN,NaN,NaN,0
20260721_t1029_srsSmooth_training,srs_smooth_training,trial0713.mat,713,713,712,8,5,4,96,76,20,8,2,0,3,1,12,23970,1,2,2,1,2,1,2,1,2,1,SINGLE_T2_CORRECT,11,455,1,0,2,1,1,0,75,153,153,75,-78,153,1,180,194.5,18.5,14.5,161.5,-147,147,NaN,NaN,NaN,1784646441.44055,3054.79494852,1.18051743507385,0.0190463066101074,0.0247039794921875,0.695879220962524,0.710740327835083,0.703621864318848,0.712592363357544,0.712592363357544,-1,-1,0.73078441619873,5.65767288208008,NaN,8.97049903869629,1.85203552246094,Instruction,Left,Right,Right,Right,Right,1,0,0,0,0,NaN,NaN,NaN,NaN,NaN,NaN,NaN,NaN,0,1,1,0,0,0,713,NaN,20260721_t1029_srsSmooth_training_B008,5,NaN,32.4535840908686,1.55293297767639,NaN,NaN,NaN,0,NaN,NaN,NaN,NaN,0
20260721_t1029_srsSmooth_training,srs_smooth_training,trial0714.mat,714,714,713,8,6,5,96,76,20,8,2,0,4,1,20,24964,1,2,1,2,2,2,2,2,2,2,SINGLE_T2_CORRECT,11,455,1,0,2,1,1,0,91,163,163,91,-72,163,1,180,196.5,12,16.5,168,-151.5,151.5,NaN,NaN,NaN,1784646444.15863,3057.51280568,1.21250867843628,0.0177452564239502,0.0202791690826416,0.685199022293091,0.701106548309326,0.694150924682617,0.702305316925049,0.702305316925049,-1,-1,0.720435380935669,2.53391265869141,NaN,8.15439224243164,1.19876861572266,Instruction,Right,Left,Left,Left,Left,1,0,0,0,0,NaN,NaN,NaN,NaN,NaN,NaN,NaN,NaN,1,0,0,0,0,0,714,NaN,20260721_t1029_srsSmooth_training_B008,6,NaN,32.4988853216171,1.53755640983582,NaN,NaN,NaN,0,NaN,NaN,NaN,NaN,0
20260721_t1029_srsSmooth_training,srs_smooth_training,trial0715.mat,715,715,714,8,7,6,96,76,20,8,2,0,1,1,5,611,1,1,1,2,2,2,1,1,1,1,SINGLE_T1_CORRECT,10,455,1,0,3,1,1,0,112,142,142,112,-30,112,1,180,17.5,199,162.5,19,143.5,143.5,NaN,NaN,NaN,1784646446.92266,3060.27678816,1.26556611061096,0.020491361618042,0.0260343551635742,0.782116651535034,0.803855180740356,0.790528535842896,0.809380054473877,0.809380054473877,-1,-1,0.838920593261719,5.54299354553223,NaN,18.8515186309814,5.52487373352051,Instruction,Right,Left,Right,Left,Right,1,0,0,0,0,NaN,NaN,NaN,NaN,NaN,NaN,NaN,NaN,1,0,1,0,1,0,715,NaN,20260721_t1029_srsSmooth_training_B008,7,NaN,32.5449525038401,1.55152225494385,NaN,NaN,NaN,0,NaN,NaN,NaN,NaN,0
20260721_t1029_srsSmooth_training,srs_smooth_training,trial0716.mat,716,716,715,8,8,7,96,76,20,8,2,0,4,1,17,361,1,2,1,2,2,2,2,2,2,2,SINGLE_T2_CORRECT,11,455,1,0,5,1,1,0,99,186,186,99,-87,186,1,180,195,16.5,15,163.5,-148.5,148.5,NaN,NaN,NaN,1784646449.73375,3063.0878388,1.2043788433075,0.0178472995758057,0.0227518081665039,0.671563148498535,0.692873001098633,0.679637670516968,0.699072360992432,0.699072360992432,-1,-1,0.721251010894775,4.90450859069824,NaN,19.4346904754639,6.19935989379883,Instruction,Right,Left,Left,Left,Left,1,0,0,0,0,NaN,NaN,NaN,NaN,NaN,NaN,NaN,NaN,1,0,0,0,0,0,716,NaN,20260721_t1029_srsSmooth_training_B008,8,NaN,32.5918039759,1.54552221298218,NaN,NaN,NaN,0,NaN,NaN,NaN,NaN,0
20260721_t1029_srsSmooth_training,srs_smooth_training,trial0717.mat,717,717,716,8,9,8,96,76,20,8,2,0,2,1,7,11328,1,1,2,1,2,1,1,2,1,2,SINGLE_T1_CORRECT,10,455,1,0,3,1,1,0,76,163,163,76,-87,76,1,0,193.5,15.5,166.5,15.5,151,151,NaN,NaN,NaN,1784646452.50284,3065.85682536,1.15823769569397,0.0155291557312012,0.0216760635375977,0.727144241333008,0.748891115188599,0.735516786575317,0.755244731903076,0.755244731903076,-1,-1,0.777861356735229,6.14690780639648,NaN,19.7279453277588,6.35361671447754,Instruction,Left,Right,Left,Right,Left,1,0,0,0,0,NaN,NaN,NaN,NaN,NaN,NaN,NaN,NaN,0,1,0,0,1,0,717,NaN,20260721_t1029_srsSmooth_training_B008,9,NaN,32.6379555384318,1.56471490859985,NaN,NaN,NaN,0,NaN,NaN,NaN,NaN,0
20260721_t1029_srsSmooth_training,srs_smooth_training,trial0718.mat,718,718,717,8,10,9,96,76,20,8,2,0,1,1,3,19488,1,1,1,2,2,2,1,1,1,1,SINGLE_T1_CORRECT,10,455,1,0,2,1,1,0,92,167,167,92,-75,92,1,180,18,198.5,162,18.5,143.5,143.5,NaN,NaN,NaN,1784646455.22715,3068.5810598,1.21721076965332,0.0163271427154541,0.0185708999633789,0.783578634262085,0.799691438674927,0.79248571395874,0.801058292388916,0.801058292388916,-1,-1,0.819182872772217,2.2437572479248,NaN,8.57257843017578,1.36685371398926,Instruction,Right,Left,Right,Left,Right,1,0,0,0,0,NaN,NaN,NaN,NaN,NaN,NaN,NaN,NaN,1,0,1,0,1,0,718,NaN,20260721_t1029_srsSmooth_training_B008,10,NaN,32.6833606878916,1.56607127189636,NaN,NaN,NaN,0,NaN,NaN,NaN,NaN,0
20260721_t1029_srsSmooth_training,srs_smooth_training,trial0719.mat,719,719,718,8,11,10,96,76,20,8,2,0,1,1,1,12336,1,1,1,2,2,2,1,1,1,1,SINGLE_T1_CORRECT,10,455,1,0,3,1,1,0,85,187,187,85,-102,85,1,0,199,15.5,161,15.5,145.5,145.5,NaN,NaN,NaN,1784646458.00555,3071.35941208,1.10817360877991,0.0130362510681152,0.0141360759735107,0.666513919830322,0.696397304534912,0.674188613891602,0.702344179153442,0.702344179153442,-1,-1,0.724170446395874,1.09982490539551,NaN,28.1555652618408,5.94687461853027,Instruction,Right,Left,Right,Left,Right,1,0,0,0,0,NaN,NaN,NaN,NaN,NaN,NaN,NaN,NaN,1,0,1,0,1,0,719,NaN,20260721_t1029_srsSmooth_training_B008,11,NaN,32.7296673536301,1.5611891746521,NaN,NaN,NaN,0,NaN,NaN,NaN,NaN,0
20260721_t1029_srsSmooth_training,srs_smooth_training,trial0720.mat,720,720,719,8,12,11,96,76,20,8,2,0,3,1,14,32760,1,2,2,1,2,1,2,1,2,1,SINGLE_T2_CORRECT,11,455,1,0,3,1,1,0,83,179,179,83,-96,179,1,180,196.5,10.5,16.5,169.5,-153,153,NaN,NaN,NaN,1784646460.6578,3074.01158156,1.24425363540649,0.0192210674285889,0.021312952041626,0.714558601379395,0.735916137695312,0.722423076629639,0.741818428039551,0.741818428039551,-1,-1,0.764238595962524,2.09188461303711,NaN,19.3953514099121,5.90229034423828,Instruction,Left,Right,Right,Right,Right,1,0,0,0,0,NaN,NaN,NaN,NaN,NaN,NaN,NaN,NaN,0,1,1,0,0,0,720,NaN,20260721_t1029_srsSmooth_training_B008,12,NaN,32.773871588707,1.54408049583435,NaN,NaN,NaN,0,NaN,NaN,NaN,NaN,0
20260721_t1029_srsSmooth_training,srs_smooth_training,trial0721.mat,721,721,720,8,13,12,96,76,20,8,2,0,1,1,4,17208,1,1,1,2,2,2,1,1,1,1,SINGLE_T1_CORRECT,10,455,1,0,4,1,1,0,116,164,164,116,-48,116,1,180,16.5,197,163.5,17,146.5,146.5,NaN,NaN,NaN,1784646463.46284,3076.81661832,1.19376420974731,0.0142917633056641,0.0203304290771484,0.726096868515015,0.747653722763062,0.734437704086304,0.753932237625122,0.753932237625122,-1,-1,0.776622772216797,6.03866577148438,NaN,19.4945335388184,6.27851486206055,Instruction,Right,Left,Right,Left,Right,1,0,0,0,0,NaN,NaN,NaN,NaN,NaN,NaN,NaN,NaN,1,0,1,0,1,0,721,NaN,20260721_t1029_srsSmooth_training_B008,13,NaN,32.8206222653389,1.56078696250916,NaN,NaN,NaN,0,NaN,NaN,NaN,NaN,0
20260721_t1029_srsSmooth_training,srs_smooth_training,trial0722.mat,722,722,721,8,14,13,96,76,20,8,2,0,4,1,19,6829,1,2,1,2,2,2,2,2,2,2,SINGLE_T2_CORRECT,11,455,1,0,3,1,1,0,97,140,140,97,-43,140,1,0,16.5,198,16.5,162,-145.5,145.5,NaN,NaN,NaN,1784646466.17995,3079.53376308,1.16758513450623,0.0139544010162354,0.0153717994689941,0.659275054931641,0.6806480884552,0.6676185131073,0.687240123748779,0.687240123748779,-1,-1,0.709389209747314,1.41739845275879,NaN,19.6216106414795,6.5920352935791,Instruction,Right,Left,Left,Left,Left,1,0,0,0,0,NaN,NaN,NaN,NaN,NaN,NaN,NaN,NaN,1,0,0,0,0,0,722,NaN,20260721_t1029_srsSmooth_training_B008,14,NaN,32.8659074385961,1.5233461856842,NaN,NaN,NaN,0,NaN,NaN,NaN,NaN,0
20260721_t1029_srsSmooth_training,srs_smooth_training,trial0723.mat,723,723,722,8,15,14,96,76,20,8,2,0,1,1,2,648,1,1,1,2,2,2,1,1,1,1,SINGLE_T1_CORRECT,10,455,1,0,3,1,1,0,60,143,143,60,-83,60,1,180,13,196,167,16,151,151,NaN,NaN,NaN,1784646468.9049,3082.25856556,1.22635626792908,0.0141136646270752,0.015960693359375,0.783966541290283,0.805813074111938,0.792192697525024,0.811965703964233,0.811965703964233,-1,-1,0.834130048751831,1.8470287322998,NaN,19.773006439209,6.15262985229492,Instruction,Right,Left,Right,Left,Right,1,0,0,0,0,NaN,NaN,NaN,NaN,NaN,NaN,NaN,NaN,1,0,1,0,1,0,723,NaN,20260721_t1029_srsSmooth_training_B008,15,NaN,32.9113232453664,1.55736327171326,NaN,NaN,NaN,0,NaN,NaN,NaN,NaN,0
20260721_t1029_srsSmooth_training,srs_smooth_training,trial0724.mat,724,724,723,8,16,15,96,76,20,8,2,0,4,1,16,11969,1,2,1,2,2,2,2,2,2,2,SINGLE_T2_CORRECT,11,455,1,0,3,1,1,0,48,160,160,48,-112,160,1,0,16.5,195,16.5,165,-148.5,148.5,NaN,NaN,NaN,1784646471.66865,3085.0222716,1.23256325721741,0.0171403884887695,0.0224649906158447,0.734797954559326,0.750502586364746,0.74499249458313,0.751356363296509,0.751356363296509,-1,-1,0.769795894622803,5.3246021270752,NaN,6.36386871337891,0.853776931762695,Instruction,Right,Left,Left,Left,Left,1,0,0,0,0,NaN,NaN,NaN,NaN,NaN,NaN,NaN,NaN,1,0,0,0,0,0,724,NaN,20260721_t1029_srsSmooth_training_B008,16,NaN,32.9573857506116,1.53739404678345,NaN,NaN,NaN,0,NaN,NaN,NaN,NaN,0
20260721_t1029_srsSmooth_training,srs_smooth_training,trial0725.mat,725,725,724,8,17,16,96,76,20,8,2,0,2,1,9,17114,1,1,2,1,2,1,1,2,1,2,SINGLE_T1_CORRECT,10,455,1,0,5,1,1,0,77,138,138,77,-61,77,1,180,10,194.5,170,14.5,155.5,155.5,NaN,NaN,NaN,1784646474.43042,3087.78406112,1.17559051513672,0.0138130187988281,0.018657922744751,0.742212295532227,0.763843059539795,0.750405311584473,0.769520282745361,0.769520282745361,-1,-1,0.79827880859375,4.84490394592285,NaN,19.1149711608887,5.67722320556641,Instruction,Left,Right,Left,Right,Left,1,0,0,0,0,NaN,NaN,NaN,NaN,NaN,NaN,NaN,NaN,0,1,0,0,1,0,725,NaN,20260721_t1029_srsSmooth_training_B008,17,NaN,33.0034152428309,1.52920627593994,NaN,NaN,NaN,0,NaN,NaN,NaN,NaN,0
20260721_t1029_srsSmooth_training,srs_smooth_training,trial0726.mat,726,726,725,8,18,17,96,76,20,8,2,0,2,1,6,12639,1,1,2,1,2,1,1,2,1,2,SINGLE_T1_CORRECT,10,455,1,0,4,1,1,0,82,158,158,82,-76,82,1,0,194.5,19,165.5,19,146.5,146.5,NaN,NaN,NaN,1784646477.16973,3090.52336552,1.16949510574341,0.0162832736968994,0.017890453338623,0.702571153640747,0.724645614624023,0.711180925369263,0.730568408966064,0.730568408966064,-1,-1,0.752647638320923,1.60717964172363,NaN,19.3874835968018,5.92279434204102,Instruction,Left,Right,Left,Right,Left,1,0,0,0,0,NaN,NaN,NaN,NaN,NaN,NaN,NaN,NaN,0,1,0,0,1,0,726,NaN,20260721_t1029_srsSmooth_training_B008,18,NaN,33.0490703185399,1.56371402740479,NaN,NaN,NaN,0,NaN,NaN,NaN,NaN,0
20260721_t1029_srsSmooth_training,srs_smooth_training,trial0727.mat,727,727,726,8,19,18,96,76,20,8,2,0,3,1,13,17368,1,2,2,1,2,1,2,1,2,1,SINGLE_T2_CORRECT,11,455,1,0,1,1,1,0,83,168,168,83,-85,168,1,180,193.5,15,13.5,165,-151.5,151.5,NaN,NaN,NaN,1784646479.8381,3093.19153624,1.36025333404541,0.0146865844726562,0.0197820663452148,0.826624870300293,0.839718818664551,0.833446025848389,0.844322919845581,0.844322919845581,-1,-1,0.858936071395874,5.09548187255859,NaN,10.8768939971924,4.60410118103027,Instruction,Left,Right,Right,Right,Right,1,0,0,0,0,NaN,NaN,NaN,NaN,NaN,NaN,NaN,NaN,0,1,1,0,0,0,727,NaN,20260721_t1029_srsSmooth_training_B008,19,NaN,33.0935431480408,1.49887466430664,NaN,NaN,NaN,0,NaN,NaN,NaN,NaN,0
20260721_t1029_srsSmooth_training,srs_smooth_training,trial0728.mat,728,728,727,8,20,19,96,76,20,8,2,0,3,1,11,31868,1,2,2,1,2,1,2,1,2,1,SINGLE_T2_CORRECT,11,455,1,0,1,1,1,0,98,142,142,98,-44,142,1,180,196.5,14,16.5,166,-149.5,149.5,NaN,NaN,NaN,1784646482.71176,3096.06528856,1.27722430229187,0.0161383152008057,0.0186853408813477,0.802180290222168,0.816170692443848,0.811271190643311,0.817162990570068,0.817162990570068,-1,-1,0.835323095321655,2.54702568054199,NaN,5.89179992675781,0.992298126220703,Instruction,Left,Right,Right,Right,Right,1,0,0,0,0,NaN,NaN,NaN,NaN,NaN,NaN,NaN,NaN,0,1,1,0,0,0,728,NaN,20260721_t1029_srsSmooth_training_B008,20,NaN,33.1414375027021,1.51340794563293,NaN,NaN,NaN,0,NaN,NaN,NaN,NaN,0
20260721_t1029_srsSmooth_training,srs_smooth_training,trial0729.mat,729,729,728,8,21,20,96,76,20,8,2,2,7,2,69,23904,2,0,1,2,2,2,1,1,2,2,CHOSE_LOW_SAL,2,455,1,0,4,1,1,0,85,169,169,85,-84,169,1,180,11.5,195,168.5,15,153.5,153.5,NaN,NaN,NaN,1784646485.52271,3098.87607608,1.13975262641907,0.0136282444000244,0.0153563022613525,0.583404302597046,0.605318546295166,0.592209100723267,0.611423015594482,0.611423015594482,-1,-1,0.633577823638916,1.72805786132812,NaN,19.2139148712158,6.10446929931641,Conflict,Right,Left,Left,Left,Right,0,1,0,1,1,0,0,1,0,1,1,0,1,1,0,1,0,1,1,729,569,20260721_t1029_srsSmooth_training_B008,21,1,33.1882867534955,1.53373074531555,1,1,155,0,1,1,0,0,0
20260721_t1029_srsSmooth_training,srs_smooth_training,trial0730.mat,730,730,729,8,22,21,96,76,20,8,2,2,8,2,92,16723,2,0,2,1,2,1,1,2,2,1,CHOSE_LOW_SAL,2,455,1,0,5,1,1,0,68,160,160,68,-92,160,1,0,199.5,14,160.5,14,146.5,146.5,NaN,NaN,NaN,1784646488.2257,3101.57906416,1.31475615501404,0.0190784931182861,0.0252282619476318,0.780337810516357,0.802442312240601,0.789089202880859,0.808058261871338,0.808058261871338,-1,-1,0.829528093338013,6.1497688293457,NaN,18.9690589904785,5.6159496307373,Conflict,Left,Right,Right,Right,Left,0,1,0,1,1,1,0,1,0,0,1,0,1,0,1,0,0,1,1,730,570,20260721_t1029_srsSmooth_training_B008,22,2,33.2333366036415,1.56323838233948,2,2,169,1,0,1,1,0,0
20260721_t1029_srsSmooth_training,srs_smooth_training,trial0731.mat,731,731,730,8,23,22,96,76,20,8,2,2,7,2,68,18692,2,0,1,2,2,2,1,1,2,2,CHOSE_LOW_SAL,2,455,1,0,6,1,1,0,92,159,159,92,-67,159,1,180,16.5,200,163.5,20,143.5,143.5,NaN,NaN,NaN,1784646491.09639,3104.44972464,1.1690661907196,0.0151691436767578,0.0198612213134766,0.61806583404541,0.640194177627563,0.626469612121582,0.644895315170288,0.644895315170288,-1,-1,0.677982330322266,4.69207763671875,NaN,18.4257030487061,4.70113754272461,Conflict,Right,Left,Left,Left,Right,0,1,0,1,1,0,0,1,0,1,1,0,1,1,0,1,0,1,1,731,571,20260721_t1029_srsSmooth_training_B008,23,3,33.2811814228694,1.55593299865723,2,1,160,1,0,1,1,0,0
20260721_t1029_srsSmooth_training,srs_smooth_training,trial0732.mat,732,732,731,8,24,23,96,76,20,8,2,2,7,2,77,3312,2,0,1,2,2,2,1,1,2,2,CHOSE_LOW_SAL,2,455,1,0,4,1,1,0,103,164,164,103,-61,164,1,180,15,194,165,14,151,151,NaN,NaN,NaN,1784646493.81103,3107.16423912,1.22818470001221,0.0173048973083496,0.0219509601593018,0.703747510910034,0.725666999816895,0.71230149269104,0.730616807937622,0.730616807937622,-1,-1,0.753518104553223,4.64606285095215,NaN,18.315315246582,4.94980812072754,Conflict,Right,Left,Left,Left,Right,0,1,0,1,1,0,0,1,0,1,1,0,1,1,0,1,0,1,1,732,572,20260721_t1029_srsSmooth_training_B008,24,4,33.3264253934224,1.54557204246521,2,2,159,1,0,0,1,1,0
20260721_t1029_srsSmooth_training,srs_smooth_training,trial0733.mat,733,733,732,8,25,24,96,76,20,8,2,1,5,2,36,10851,2,0,1,2,2,2,2,2,2,2,CHOSE_HIGH_SAL,1,455,1,0,2,1,1,0,93,174,174,93,-81,174,1,180,195,15.5,15,164.5,-149.5,149.5,NaN,NaN,NaN,1784646496.60717,3109.96031004,1.18289589881897,0.012944221496582,0.0144953727722168,0.647048234939575,0.662971258163452,0.657327890396118,0.667828321456909,0.667828321456909,-1,-1,0.681781053543091,1.55115127563477,NaN,10.500431060791,4.85706329345703,Congruent,Right,Left,Left,Left,Left,0,1,1,0,1,0,0,1,1,1,1,0,0,1,0,0,0,0,1,733,573,20260721_t1029_srsSmooth_training_B008,25,5,33.3730276902517,1.56795310974121,2,2,164,1,0,0,1,1,0
20260721_t1029_srsSmooth_training,srs_smooth_training,trial0734.mat,734,734,733,8,26,25,96,76,20,8,2,1,6,2,52,3342,2,0,2,1,2,1,2,1,2,1,CHOSE_HIGH_SAL,1,455,1,0,4,1,1,0,69,161,161,69,-92,161,1,0,11.5,198,11.5,162,-150.5,150.5,NaN,NaN,NaN,1784646499.33278,3112.68598944,1.08245730400085,0.0124382972717285,0.0169014930725098,0.557043075561523,0.570793151855469,0.565465927124023,0.571751117706299,0.571751117706299,-1,-1,0.589811563491821,4.46319580078125,NaN,6.28519058227539,0.957965850830078,Congruent,Left,Right,Right,Right,Right,0,1,1,0,1,1,0,1,1,0,1,0,0,0,1,1,0,0,1,734,574,20260721_t1029_srsSmooth_training_B008,26,6,33.4184546073278,1.54271912574768,2,2,174,1,0,1,1,0,0
20260721_t1029_srsSmooth_training,srs_smooth_training,trial0735.mat,735,735,734,8,27,26,96,76,20,8,2,1,6,2,54,28377,2,0,2,1,2,1,2,1,2,1,CHOSE_HIGH_SAL,1,455,1,0,2,1,1,0,82,150,150,82,-68,150,1,180,190,13,10,167,-157,157,NaN,NaN,NaN,1784646501.96897,3115.32207044,1.17092895507812,0.0180237293243408,0.0199754238128662,0.645895719528198,0.65971565246582,0.654945611953735,0.660664558410645,0.660664558410645,-1,-1,0.678874254226685,1.95169448852539,NaN,5.71894645690918,0.948905944824219,Congruent,Left,Right,Right,Right,Right,0,1,1,0,1,1,0,1,1,0,1,0,0,0,1,1,0,0,1,735,575,20260721_t1029_srsSmooth_training_B008,27,7,33.4623910347621,1.55372834205627,2,1,161,1,0,0,1,1,0
20260721_t1029_srsSmooth_training,srs_smooth_training,trial0736.mat,736,736,735,8,28,27,96,76,20,8,2,2,8,2,85,23052,2,0,2,1,2,1,1,2,2,1,CHOSE_LOW_SAL,2,455,1,0,3,1,1,0,73,176,176,73,-103,176,1,0,199,20,161,20,141,141,NaN,NaN,NaN,1784646504.7105,3118.06360468,1.28614354133606,0.0182716846466064,0.0195662975311279,0.729572057723999,0.743300437927246,0.736062288284302,0.744807243347168,0.744807243347168,-1,-1,0.763633489608765,1.29461288452148,NaN,8.74495506286621,1.50680541992188,Conflict,Left,Right,Right,Right,Left,0,1,0,1,1,1,0,1,0,0,1,0,1,0,1,0,0,1,1,736,576,20260721_t1029_srsSmooth_training_B008,28,8,33.508083152771,1.57059812545776,2,1,150,1,0,0,1,1,0
20260721_t1029_srsSmooth_training,srs_smooth_training,trial0737.mat,737,737,736,8,29,28,96,76,20,8,2,2,7,2,75,20281,2,0,1,2,2,2,1,1,2,2,CHOSE_LOW_SAL,2,455,1,0,3,1,1,0,88,158,158,88,-70,158,1,180,16.5,196.5,163.5,16.5,147,147,NaN,NaN,NaN,1784646507.56679,3120.91972836,1.28271555900574,0.02042555809021,0.0230331420898438,0.740109920501709,0.762122631072998,0.749130725860596,0.767998695373535,0.767998695373535,-1,-1,0.789828062057495,2.60758399963379,NaN,18.8679695129395,5.87606430053711,Conflict,Right,Left,Left,Left,Right,0,1,0,1,1,0,0,1,0,1,1,0,1,1,0,1,0,1,1,737,577,20260721_t1029_srsSmooth_training_B008,29,9,33.5556880315145,1.57014918327332,2,1,176,1,0,1,1,0,0
20260721_t1029_srsSmooth_training,srs_smooth_training,trial0738.mat,738,738,737,8,30,29,96,76,20,8,2,1,6,2,50,1834,2,0,2,1,2,1,2,1,2,1,CHOSE_HIGH_SAL,1,455,1,0,3,1,1,0,92,149,149,92,-57,149,1,180,198.5,12.5,18.5,167.5,-149,149,NaN,NaN,NaN,1784646510.41778,3123.77074416,1.27372026443481,0.0195484161376953,0.0203630924224854,0.73908805847168,0.761245250701904,0.747674703598022,0.766508817672729,0.766508817672729,-1,-1,0.78905200958252,0.814676284790039,NaN,18.834114074707,5.2635669708252,Congruent,Left,Right,Right,Right,Right,0,1,1,0,1,1,0,1,1,0,1,0,0,0,1,1,0,0,1,738,578,20260721_t1029_srsSmooth_training_B008,30,10,33.603204536438,1.56827473640442,2,2,158,1,0,1,1,0,0
20260721_t1029_srsSmooth_training,srs_smooth_training,trial0739.mat,739,739,738,8,31,30,96,76,20,8,2,1,6,2,51,4196,2,0,2,1,2,1,2,1,2,1,CHOSE_HIGH_SAL,1,455,1,0,6,1,1,0,64,167,167,64,-103,167,1,180,196,11.5,16,168.5,-152.5,152.5,NaN,NaN,NaN,1784646513.22227,3126.57506992,1.3363139629364,0.0235030651092529,0.0287063121795654,0.768596172332764,0.790199995040894,0.776901721954346,0.795938014984131,0.795938014984131,-1,-1,0.826307773590088,5.2032470703125,NaN,19.0362930297852,5.7380199432373,Congruent,Left,Right,Right,Right,Right,0,1,1,0,1,1,0,1,1,0,1,0,0,0,1,1,0,0,1,739,579,20260721_t1029_srsSmooth_training_B008,31,11,33.6499460458756,1.53077030181885,2,1,149,1,0,0,1,1,0
20260721_t1029_srsSmooth_training,srs_smooth_training,trial0740.mat,740,740,739,8,32,31,96,76,20,8,2,2,7,2,67,15285,2,0,1,2,2,2,1,1,2,2,CHOSE_LOW_SAL,2,455,1,0,3,1,1,0,85,146,146,85,-61,146,1,180,19,193.5,161,13.5,147.5,147.5,NaN,NaN,NaN,1784646516.11474,3129.46751444,1.23466086387634,0.0144779682159424,0.016068696975708,0.742873907089233,0.764508008956909,0.75128960609436,0.771010637283325,0.771010637283325,-1,-1,0.793043375015259,1.59072875976562,NaN,19.7210311889648,6.50262832641602,Conflict,Right,Left,Left,Left,Right,0,1,0,1,1,0,0,1,0,1,1,0,1,1,0,1,0,1,1,740,580,20260721_t1029_srsSmooth_training_B008,32,12,33.6981539130211,1.5561580657959,2,1,167,1,0,1,1,0,0
20260721_t1029_srsSmooth_training,srs_smooth_training,trial0741.mat,741,741,740,8,33,32,96,76,20,8,2,2,7,2,62,1687,2,0,1,2,2,2,1,1,2,2,CHOSE_LOW_SAL,2,455,1,0,5,1,1,0,88,140,140,88,-52,140,1,0,199.5,10.5,160.5,10.5,150,150,NaN,NaN,NaN,1784646518.89255,3132.24536492,1.09774827957153,0.0117793083190918,0.0133566856384277,0.58946967124939,0.61180305480957,0.598050832748413,0.6154625415802,0.6154625415802,-1,-1,0.646162748336792,1.57737731933594,NaN,17.4117088317871,3.65948677062988,Conflict,Right,Left,Left,Left,Right,0,1,0,1,1,0,0,1,0,1,1,0,1,1,0,1,0,1,1,741,581,20260721_t1029_srsSmooth_training_B008,33,13,33.7444507241249,1.54314780235291,2,2,146,1,0,0,1,1,0
20260721_t1029_srsSmooth_training,srs_smooth_training,trial0742.mat,742,742,741,8,34,33,96,76,20,8,2,2,8,2,86,28767,2,0,2,1,2,1,1,2,2,1,CHOSE_LOW_SAL,2,455,1,0,4,1,1,0,96,144,144,96,-48,144,1,180,18,190.5,162,10.5,151.5,151.5,NaN,NaN,NaN,1784646521.55883,3134.91161084,1.05811595916748,0.0122694969177246,0.0136420726776123,0.530083179473877,0.545624256134033,0.538338422775269,0.55167293548584,0.55167293548584,-1,-1,0.573712587356567,1.3725757598877,NaN,13.3345127105713,6.04867935180664,Conflict,Left,Right,Right,Right,Left,0,1,0,1,1,1,0,1,0,0,1,0,1,0,1,0,0,1,1,742,582,20260721_t1029_srsSmooth_training_B008,34,14,33.7888887524605,1.56853342056274,2,2,140,1,0,1,1,0,0
20260721_t1029_srsSmooth_training,srs_smooth_training,trial0743.mat,743,743,742,8,35,34,96,76,20,8,2,2,8,2,91,2782,2,0,2,1,2,1,1,2,2,1,CHOSE_LOW_SAL,2,455,1,0,6,1,1,0,72,171,171,72,-99,171,1,0,200,16.5,160,16.5,143.5,143.5,NaN,NaN,NaN,1784646524.16568,3137.51837752,1.0666606426239,0.0221962928771973,0.028012752532959,0.542301177978516,0.563884496688843,0.550441026687622,0.570234060287476,0.570234060287476,-1,-1,0.597920179367065,5.81645965576172,NaN,19.7930335998535,6.34956359863281,Conflict,Left,Right,Right,Right,Left,0,1,0,1,1,1,0,1,0,0,1,0,1,0,1,0,0,1,1,743,583,20260721_t1029_srsSmooth_training_B008,35,15,33.832336139679,1.54872727394104,2,1,144,1,0,0,1,1,0
20260721_t1029_srsSmooth_training,srs_smooth_training,trial0744.mat,744,744,743,8,36,35,96,76,20,8,2,2,7,2,76,27343,2,0,1,2,2,2,1,1,2,2,CHOSE_LOW_SAL,2,455,1,0,3,1,1,0,93,160,160,93,-67,160,1,0,195.5,17,164.5,17,147.5,147.5,NaN,NaN,NaN,1784646526.8019,3140.15450552,1.18977999687195,0.0194046497344971,0.0239551067352295,0.663844108581543,0.67776346206665,0.672155141830444,0.678572654724121,0.678572654724121,-1,-1,0.696944713592529,4.55045700073242,NaN,6.41751289367676,0.809192657470703,Conflict,Right,Left,Left,Left,Right,0,1,0,1,1,0,0,1,0,1,1,0,1,1,0,1,0,1,1,744,584,20260721_t1029_srsSmooth_training_B008,36,16,33.876273282369,1.56956791877747,2,1,171,1,0,1,1,0,0
20260721_t1029_srsSmooth_training,srs_smooth_training,trial0745.mat,745,745,744,8,37,36,96,76,20,8,2,1,5,2,32,11167,2,0,1,2,2,2,2,2,2,2,CHOSE_HIGH_SAL,1,455,1,0,2,1,1,0,100,183,183,100,-83,183,1,180,200,20,20,160,-140,140,NaN,NaN,NaN,1784646529.55092,3142.90336936,1.30752539634705,0.0121645927429199,0.0139343738555908,0.756732225418091,0.770527839660645,0.765008211135864,0.771316528320312,0.771316528320312,-1,-1,0.78974175453186,1.7697811126709,NaN,6.30831718444824,0.788688659667969,Congruent,Right,Left,Left,Left,Left,0,1,1,0,1,0,0,1,1,1,1,0,0,1,0,0,0,0,1,745,585,20260721_t1029_srsSmooth_training_B008,37,17,33.9220901807149,1.55923390388489,2,2,160,1,0,0,1,1,0
20260721_t1029_srsSmooth_training,srs_smooth_training,trial0746.mat,746,746,745,8,38,37,96,76,20,8,2,1,5,2,21,25974,2,0,1,2,2,2,2,2,2,2,CHOSE_HIGH_SAL,1,455,1,0,3,1,1,0,60,148,148,60,-88,148,1,0,17,194,17,166,-149,149,NaN,NaN,NaN,1784646532.39989,3145.75224944,1.07459545135498,0.013300895690918,0.0146913528442383,0.550074100494385,0.571657180786133,0.558529138565063,0.578082323074341,0.578082323074341,-1,-1,0.599710464477539,1.39045715332031,NaN,19.5531845092773,6.42514228820801,Congruent,Right,Left,Left,Left,Left,0,1,1,0,1,0,0,1,1,1,1,0,0,1,0,0,0,0,1,746,586,20260721_t1029_srsSmooth_training_B008,38,18,33.9695731083552,1.5414502620697,2,2,183,1,0,0,1,1,0
20260721_t1029_srsSmooth_training,srs_smooth_training,trial0747.mat,747,747,746,8,39,38,96,76,20,8,2,2,7,2,73,24741,2,0,1,2,2,2,1,1,2,2,CHOSE_LOW_SAL,2,455,1,0,1,1,1,0,84,163,163,84,-79,163,1,0,193,10,167,10,157,157,NaN,NaN,NaN,1784646535.05751,3148.40993568,1.09274911880493,0.0141220092773438,0.0150301456451416,0.592001676559448,0.614144802093506,0.600566864013672,0.615442276000977,0.615442276000977,-1,-1,0.633160829544067,0.908136367797852,NaN,14.8754119873047,1.2974739074707,Conflict,Right,Left,Left,Left,Right,0,1,0,1,1,0,0,1,0,1,1,0,1,1,0,1,0,1,1,747,587,20260721_t1029_srsSmooth_training_B008,39,19,34.0138667265574,1.58302164077759,2,2,148,1,0,0,1,1,0
20260721_t1029_srsSmooth_training,srs_smooth_training,trial0748.mat,748,748,747,8,40,39,96,76,20,8,2,1,5,2,25,19131,2,0,1,2,2,2,2,2,2,2,CHOSE_HIGH_SAL,1,455,1,0,4,1,1,0,75,151,151,75,-76,151,1,0,15.5,197.5,15.5,162.5,-147,147,NaN,NaN,NaN,1784646537.71681,3151.06910396,1.22544503211975,0.0132637023925781,0.0151128768920898,0.691741466522217,0.713291883468628,0.700074911117554,0.718290090560913,0.718290090560913,-1,-1,0.740678787231445,1.84917449951172,NaN,18.2151794433594,4.99820709228516,Congruent,Right,Left,Left,Left,Left,0,1,1,0,1,0,0,1,1,1,1,0,0,1,0,0,0,0,1,748,588,20260721_t1029_srsSmooth_training_B008,40,20,34.0581883152326,1.56654620170593,2,2,163,1,0,0,1,1,0
20260721_t1029_srsSmooth_training,srs_smooth_training,trial0749.mat,749,749,748,8,41,40,96,76,20,8,2,2,8,2,84,24920,2,0,2,1,2,1,1,2,2,1,CHOSE_LOW_SAL,2,455,1,0,2,1,1,0,85,138,138,85,-53,138,1,0,199,16,161,16,145,145,NaN,NaN,NaN,1784646540.47141,3153.82374548,1.22890686988831,0.0171008110046387,0.0180222988128662,0.745655298233032,0.767130613327026,0.753361940383911,0.773021936416626,0.773021936416626,-1,-1,0.795827150344849,0.921487808227539,NaN,19.6599960327148,5.89132308959961,Conflict,Left,Right,Right,Right,Left,0,1,0,1,1,1,0,1,0,0,1,0,1,0,1,0,0,1,1,749,589,20260721_t1029_srsSmooth_training_B008,41,21,34.1040983835856,1.52915906906128,2,2,151,1,0,1,1,0,0
20260721_t1029_srsSmooth_training,srs_smooth_training,trial0750.mat,750,750,749,8,42,41,96,76,20,8,2,1,5,2,30,28958,2,0,1,2,2,2,2,2,2,2,CHOSE_HIGH_SAL,1,455,1,0,3,1,1,0,99,148,148,99,-49,148,1,0,18,195,18,165,-147,147,NaN,NaN,NaN,1784646543.22361,3156.57587488,1.10968351364136,0.0150091648101807,0.0168981552124023,0.610135555267334,0.631700277328491,0.618346452713013,0.637894153594971,0.637894153594971,-1,-1,0.659680128097534,1.88899040222168,NaN,19.547700881958,6.19387626647949,Congruent,Right,Left,Left,Left,Left,0,1,1,0,1,0,0,1,1,1,1,0,0,1,0,0,0,0,1,750,590,20260721_t1029_srsSmooth_training_B008,42,22,34.1499683578809,1.52329158782959,2,1,138,1,0,1,1,0,0
20260721_t1029_srsSmooth_training,srs_smooth_training,trial0751.mat,751,751,750,8,43,42,96,76,20,8,2,2,8,2,87,27725,2,0,2,1,2,1,1,2,2,1,CHOSE_LOW_SAL,2,455,1,0,4,1,1,0,101,154,154,101,-53,154,1,0,199.5,12.5,160.5,12.5,148,148,NaN,NaN,NaN,1784646545.903,3159.25513392,1.21403384208679,0.0190587043762207,0.0207297801971436,0.680243015289307,0.702418565750122,0.688905715942383,0.708683967590332,0.708683967590332,-1,-1,0.730539560317993,1.67107582092285,NaN,19.7782516479492,6.26540184020996,Conflict,Left,Right,Right,Right,Left,0,1,0,1,1,1,0,1,0,0,1,0,1,0,1,0,0,1,1,751,591,20260721_t1029_srsSmooth_training_B008,43,23,34.1946248332659,1.56970500946045,2,2,148,1,0,1,1,0,0
20260721_t1029_srsSmooth_training,srs_smooth_training,trial0752.mat,752,752,751,8,44,43,96,76,20,8,2,2,7,2,59,30712,2,0,1,2,2,2,1,1,2,2,CHOSE_LOW_SAL,2,455,1,0,0,1,1,0,98,152,152,98,-54,152,1,180,19,190.5,161,10.5,150.5,150.5,NaN,NaN,NaN,1784646548.69951,3162.051615,1.20887756347656,0.0143239498138428,0.0159523487091064,0.723530292510986,0.739352703094482,0.731628179550171,0.740173101425171,0.740173101425171,-1,-1,0.758042335510254,1.62839889526367,NaN,8.544921875,0.820398330688477,Conflict,Right,Left,Left,Left,Right,0,1,0,1,1,0,0,1,0,1,1,0,1,1,0,1,0,1,1,752,592,20260721_t1029_srsSmooth_training_B008,44,24,34.2412333289782,1.58247590065002,2,1,154,1,0,1,1,0,0
20260721_t1029_srsSmooth_training,srs_smooth_training,trial0753.mat,753,753,752,8,45,44,96,76,20,8,2,1,6,2,46,22858,2,0,2,1,2,1,2,1,2,1,CHOSE_HIGH_SAL,1,455,1,0,3,1,1,0,86,170,170,86,-84,170,1,180,193,10,13,170,-157,157,NaN,NaN,NaN,1784646551.4669,3164.81904756,1.24241161346436,0.0137050151824951,0.0156941413879395,0.68362021446228,0.705397844314575,0.692044734954834,0.711093664169312,0.711093664169312,-1,-1,0.733015298843384,1.98912620544434,NaN,19.0489292144775,5.69581985473633,Congruent,Left,Right,Right,Right,Right,0,1,1,0,1,1,0,1,1,0,1,0,0,0,1,1,0,0,1,753,593,20260721_t1029_srsSmooth_training_B008,45,25,34.2873565594355,1.55851626396179,2,2,152,1,0,1,1,0,0
20260721_t1029_srsSmooth_training,srs_smooth_training,trial0754.mat,754,754,753,8,46,45,96,76,20,8,2,1,5,2,23,1872,2,0,1,2,2,2,2,2,2,2,CHOSE_HIGH_SAL,1,455,1,0,0,1,1,0,83,180,180,83,-97,180,1,0,15.5,196.5,15.5,163.5,-148,148,NaN,NaN,NaN,1784646554.28293,3167.63477372,1.29341840744019,0.0144505500793457,0.0158329010009766,0.782358884811401,0.797813892364502,0.790707349777222,0.799197912216187,0.799197912216187,-1,-1,0.817427158355713,1.38235092163086,NaN,8.49056243896484,1.38401985168457,Congruent,Right,Left,Left,Left,Left,0,1,1,0,1,0,0,1,1,1,1,0,0,1,0,0,0,0,1,754,594,20260721_t1029_srsSmooth_training_B008,46,26,34.3342903971672,1.5736186504364,2,1,170,1,0,1,1,0,0
20260721_t1029_srsSmooth_training,srs_smooth_training,trial0755.mat,755,755,754,8,47,46,96,76,20,8,2,2,8,2,81,4436,2,0,2,1,2,1,1,2,2,1,CHOSE_LOW_SAL,2,455,1,0,1,1,1,0,74,171,171,74,-97,171,1,180,18,200,162,20,142,142,NaN,NaN,NaN,1784646557.14708,3170.49887012,1.28770637512207,0.0170798301696777,0.0225911140441895,0.786861419677734,0.800443887710571,0.794355154037476,0.803841590881348,0.803841590881348,-1,-1,0.819462776184082,5.51128387451172,NaN,9.48643684387207,3.39770317077637,Conflict,Left,Right,Right,Right,Left,0,1,0,1,1,1,0,1,0,0,1,0,1,0,1,0,0,1,1,755,595,20260721_t1029_srsSmooth_training_B008,47,27,34.3820262153943,1.57073068618774,2,2,180,1,0,1,1,0,0
20260721_t1029_srsSmooth_training,srs_smooth_training,trial0756.mat,756,756,755,8,48,47,96,76,20,8,2,2,8,2,95,22873,2,0,2,1,2,1,1,2,2,1,CHOSE_LOW_SAL,2,455,1,0,2,1,1,0,56,154,154,56,-98,154,1,0,197,13.5,163,13.5,149.5,149.5,NaN,NaN,NaN,1784646559.97293,3173.32479432,1.07385444641113,0.0163397789001465,0.017880916595459,0.56973671913147,0.591362714767456,0.577592134475708,0.59708571434021,0.59708571434021,-1,-1,0.618627309799194,1.5411376953125,NaN,19.493579864502,5.72299957275391,Conflict,Left,Right,Right,Right,Left,0,1,0,1,1,1,0,1,0,0,1,0,1,0,1,0,0,1,1,756,596,20260721_t1029_srsSmooth_training_B008,48,28,34.4291236996651,1.53814268112183,2,1,171,1,0,0,1,1,0
20260721_t1029_srsSmooth_training,srs_smooth_training,trial0757.mat,757,757,756,8,49,48,96,76,20,8,2,1,6,2,41,25492,2,0,2,1,2,1,2,1,2,1,CHOSE_HIGH_SAL,1,455,1,0,2,1,1,0,72,172,172,72,-100,172,1,0,19.5,190.5,19.5,169.5,-150,150,NaN,NaN,NaN,1784646562.62389,3175.97569932,1.20223355293274,0.0154826641082764,0.0174751281738281,0.683029174804688,0.707176446914673,0.693769693374634,0.713068008422852,0.713068008422852,-1,-1,0.735674381256104,1.99246406555176,NaN,19.2983150482178,5.89156150817871,Congruent,Left,Right,Right,Right,Right,0,1,1,0,1,1,0,1,1,0,1,0,0,0,1,1,0,0,1,757,597,20260721_t1029_srsSmooth_training_B008,49,29,34.4733063658079,1.57710552215576,2,1,154,1,0,0,1,1,0
20260721_t1029_srsSmooth_training,srs_smooth_training,trial0758.mat,758,758,757,8,50,49,96,76,20,8,2,1,6,2,45,4495,2,0,2,1,2,1,2,1,2,1,CHOSE_HIGH_SAL,1,455,1,0,4,1,1,0,89,168,168,89,-79,168,1,0,12.5,196.5,12.5,163.5,-151,151,NaN,NaN,NaN,1784646565.39322,3178.74498204,1.08268475532532,0.0129249095916748,0.014432430267334,0.56645131111145,0.587946891784668,0.574693441390991,0.593518495559692,0.593518495559692,-1,-1,0.615651369094849,1.50752067565918,NaN,18.8250541687012,5.57160377502441,Congruent,Left,Right,Right,Right,Right,0,1,1,0,1,1,0,1,1,0,1,0,0,0,1,1,0,0,1,758,598,20260721_t1029_srsSmooth_training_B008,50,30,34.5194618940353,1.56709814071655,2,1,172,1,0,0,1,1,0
20260721_t1029_srsSmooth_training,srs_smooth_training,trial0759.mat,759,759,758,8,51,50,96,76,20,8,2,1,6,2,55,32656,2,0,2,1,2,1,2,1,2,1,CHOSE_HIGH_SAL,1,455,1,0,3,1,1,0,52,185,185,52,-133,185,1,0,19.5,191.5,19.5,168.5,-149,149,NaN,NaN,NaN,1784646568.02078,3181.37264216,1.13863229751587,0.018803596496582,0.0237479209899902,0.588634729385376,0.610492467880249,0.597099542617798,0.616440773010254,0.616440773010254,-1,-1,0.638810396194458,4.9443244934082,NaN,19.3412303924561,5.94830513000488,Congruent,Left,Right,Right,Right,Right,0,1,1,0,1,1,0,1,1,0,1,0,0,0,1,1,0,0,1,759,599,20260721_t1029_srsSmooth_training_B008,51,31,34.56325451533,1.54487252235413,2,1,168,1,0,0,1,1,0
20260721_t1029_srsSmooth_training,srs_smooth_training,trial0760.mat,760,760,759,8,52,51,96,76,20,8,2,2,7,2,65,7236,2,0,1,2,2,2,1,1,2,2,CHOSE_LOW_SAL,2,455,1,0,5,1,1,0,68,161,161,68,-93,161,1,0,195.5,16,164.5,16,148.5,148.5,NaN,NaN,NaN,1784646570.69092,3184.04261808,1.24979090690613,0.0154275894165039,0.0209178924560547,0.727118730545044,0.748788356781006,0.735062122344971,0.754132509231567,0.754132509231567,-1,-1,0.782447814941406,5.49030303955078,NaN,19.0703868865967,5.34415245056152,Conflict,Right,Left,Left,Left,Right,0,1,0,1,1,0,0,1,0,1,1,0,1,1,0,1,0,1,1,760,600,20260721_t1029_srsSmooth_training_B008,52,32,34.6077569524447,1.53151392936707,2,1,185,1,0,1,1,0,0
20260721_t1029_srsSmooth_training,srs_smooth_training,trial0761.mat,761,761,760,8,53,52,96,76,20,8,2,1,6,2,44,26804,2,0,2,1,2,1,2,1,2,1,CHOSE_HIGH_SAL,1,455,1,0,6,1,1,0,86,170,170,86,-84,170,1,0,15.5,196,15.5,164,-148.5,148.5,NaN,NaN,NaN,1784646573.4668,3186.81847844,1.25442814826965,0.0146570205688477,0.0192484855651855,0.693041801452637,0.714684009552002,0.70115065574646,0.720788955688477,0.720788955688477,-1,-1,0.747207164764404,4.59146499633789,NaN,19.6382999420166,6.10494613647461,Congruent,Left,Right,Right,Right,Right,0,1,1,0,1,1,0,1,1,0,1,0,0,0,1,1,0,0,1,761,601,20260721_t1029_srsSmooth_training_B008,53,33,34.6540215770404,1.5260865688324,2,2,161,1,0,1,1,0,0
20260721_t1029_srsSmooth_training,srs_smooth_training,trial0762.mat,762,762,761,8,54,53,96,76,20,8,2,1,6,2,53,24784,2,0,2,1,2,1,2,1,2,1,CHOSE_HIGH_SAL,1,455,1,0,3,1,1,0,60,138,138,60,-78,138,1,180,194,15.5,14,164.5,-150.5,150.5,NaN,NaN,NaN,1784646576.28263,3189.634165,1.3278329372406,0.0156064033508301,0.0180583000183105,0.819038391113281,0.840638399124146,0.827422380447388,0.842368602752686,0.842368602752686,-1,-1,0.859460830688477,2.45189666748047,NaN,14.9462223052979,1.73020362854004,Congruent,Left,Right,Right,Right,Right,0,1,1,0,1,1,0,1,1,0,1,0,0,0,1,1,0,0,1,762,602,20260721_t1029_srsSmooth_training_B008,54,34,34.7009520212809,1.56139850616455,2,1,170,1,0,0,1,1,0
20260721_t1029_srsSmooth_training,srs_smooth_training,trial0763.mat,763,763,762,8,55,54,96,76,20,8,2,2,8,2,80,12456,2,0,2,1,2,1,1,2,2,1,CHOSE_LOW_SAL,2,455,1,0,3,1,1,0,62,132,132,62,-70,132,1,180,18.5,196,161.5,16,145.5,145.5,NaN,NaN,NaN,1784646579.15257,3192.50407452,1.26625037193298,0.0207746028900146,0.0226893424987793,0.782127857208252,0.795804500579834,0.790123224258423,0.796531200408936,0.796531200408936,-1,-1,0.814647197723389,1.91473960876465,NaN,6.4079761505127,0.726699829101562,Conflict,Left,Right,Right,Right,Left,0,1,0,1,1,1,0,1,0,0,1,0,1,0,1,0,0,1,1,763,603,20260721_t1029_srsSmooth_training_B008,55,35,34.7487844030062,1.54210996627808,2,1,138,1,0,0,1,1,0
20260721_t1029_srsSmooth_training,srs_smooth_training,trial0764.mat,764,764,763,8,56,55,96,76,20,8,2,1,5,2,31,15802,2,0,1,2,2,2,2,2,2,2,CHOSE_HIGH_SAL,1,455,1,0,2,1,1,0,57,171,171,57,-114,171,1,180,192.5,16.5,12.5,163.5,-151,151,NaN,NaN,NaN,1784646581.97363,3195.32496832,1.35077118873596,0.0164878368377686,0.0228862762451172,0.811034917831421,0.824852705001831,0.817821025848389,0.825600385665894,0.825600385665894,-1,-1,0.843737125396729,6.39843940734863,NaN,7.77935981750488,0.7476806640625,Congruent,Right,Left,Left,Left,Left,0,1,1,0,1,0,0,1,1,1,1,0,0,1,0,0,0,0,1,764,604,20260721_t1029_srsSmooth_training_B008,56,36,34.795802116394,1.55481243133545,2,1,132,1,0,1,1,0,0
20260721_t1029_srsSmooth_training,srs_smooth_training,trial0765.mat,765,765,764,8,57,56,96,76,20,8,2,2,8,2,94,9256,2,0,2,1,2,1,1,2,2,1,CHOSE_LOW_SAL,2,455,1,0,2,1,1,0,56,158,158,56,-102,158,1,180,12.5,196,167.5,16,151.5,151.5,NaN,NaN,NaN,1784646584.89942,3198.25075432,1.12742972373962,0.0158119201660156,0.0209577083587646,0.633304595947266,0.649168729782104,0.641324758529663,0.649868249893188,0.649868249893188,-1,-1,0.667916536331177,5.14578819274902,NaN,8.54349136352539,0.699520111083984,Conflict,Left,Right,Right,Right,Left,0,1,0,1,1,1,0,1,0,0,1,0,1,0,1,0,0,1,1,765,605,20260721_t1029_srsSmooth_training_B008,57,37,34.8445652802785,1.57501864433289,2,2,171,1,0,1,1,0,0
20260721_t1029_srsSmooth_training,srs_smooth_training,trial0766.mat,766,766,765,8,58,57,96,76,20,8,2,2,7,2,72,12244,2,0,1,2,2,2,1,1,2,2,CHOSE_LOW_SAL,2,455,1,0,3,1,1,0,88,144,144,88,-56,144,1,0,192,14.5,168,14.5,153.5,153.5,NaN,NaN,NaN,1784646587.56988,3200.92119,1.30711913108826,0.0121300220489502,0.014030933380127,0.815554141998291,0.837162017822266,0.823753118515015,0.843959808349609,0.843959808349609,-1,-1,0.865789651870728,1.90091133117676,NaN,20.2066898345947,6.79779052734375,Conflict,Right,Left,Left,Left,Right,0,1,0,1,1,0,0,1,0,1,1,0,1,1,0,1,0,1,1,766,606,20260721_t1029_srsSmooth_training_B008,58,38,34.8890728116035,1.54302215576172,2,1,158,1,0,1,1,0,0
20260721_t1029_srsSmooth_training,srs_smooth_training,trial0767.mat,767,767,766,8,59,58,96,76,20,8,2,1,5,2,33,10590,2,0,1,2,2,2,2,2,2,2,CHOSE_HIGH_SAL,1,455,1,0,4,1,1,0,77,160,160,77,-83,160,1,180,192.5,13,12.5,167,-154.5,154.5,NaN,NaN,NaN,1784646590.41768,3203.76905444,1.15981197357178,0.014439582824707,0.0156710147857666,0.617085456848145,0.639464378356934,0.626033782958984,0.644874572753906,0.644874572753906,-1,-1,0.668439865112305,1.23143196105957,NaN,18.8407897949219,5.41019439697266,Congruent,Right,Left,Left,Left,Left,0,1,1,0,1,0,0,1,1,1,1,0,0,1,0,0,0,0,1,767,607,20260721_t1029_srsSmooth_training_B008,59,39,34.9365361531576,1.5406813621521,2,2,144,1,0,0,1,1,0
20260721_t1029_srsSmooth_training,srs_smooth_training,trial0768.mat,768,768,767,8,60,59,96,76,20,8,2,1,6,2,57,5655,2,0,2,1,2,1,2,1,2,1,CHOSE_HIGH_SAL,1,455,1,0,4,1,1,0,95,136,136,95,-41,136,1,180,199.5,19,19.5,161,-141.5,141.5,NaN,NaN,NaN,1784646593.11743,3206.46849736,1.21823358535767,0.0147860050201416,0.0202455520629883,0.684677600860596,0.706480264663696,0.692827701568604,0.712291240692139,0.712291240692139,-1,-1,0.739364385604858,5.45954704284668,NaN,19.4635391235352,5.81097602844238,Congruent,Left,Right,Right,Right,Right,0,1,1,0,1,1,0,1,1,0,1,0,0,0,1,1,0,0,1,768,608,20260721_t1029_srsSmooth_training_B008,60,40,34.9815321246783,1.53994631767273,2,2,160,1,0,1,1,0,0
20260721_t1029_srsSmooth_training,srs_smooth_training,trial0769.mat,769,769,768,8,61,60,96,76,20,8,2,1,6,2,48,12975,2,0,2,1,2,1,2,1,2,1,CHOSE_HIGH_SAL,1,455,1,0,1,1,1,0,74,162,162,74,-88,162,1,0,10.5,199.5,10.5,160.5,-150,150,NaN,NaN,NaN,1784646595.90233,3209.2534802,1.30021476745605,0.0133364200592041,0.015192985534668,0.806453943252563,0.821701288223267,0.81454610824585,0.822832107543945,0.822832107543945,-1,-1,0.841259241104126,1.85656547546387,NaN,8.2859992980957,1.13081932067871,Congruent,Left,Right,Right,Right,Right,0,1,1,0,1,1,0,1,1,0,1,0,0,0,1,1,0,0,1,769,609,20260721_t1029_srsSmooth_training_B008,61,41,35.0279469688733,1.56665706634521,2,1,136,1,0,0,1,1,0
20260721_t1029_srsSmooth_training,srs_smooth_training,trial0770.mat,770,770,769,8,62,61,96,76,20,8,2,1,5,2,28,8105,2,0,1,2,2,2,2,2,2,2,CHOSE_HIGH_SAL,1,455,1,0,2,1,1,0,70,144,144,70,-74,144,1,180,190.5,10.5,10.5,169.5,-159,159,NaN,NaN,NaN,1784646598.75736,3212.10831632,1.16167902946472,0.016746997833252,0.0180046558380127,0.67858362197876,0.700107097625732,0.686384677886963,0.701824903488159,0.701824903488159,-1,-1,0.720905303955078,1.25765800476074,NaN,15.4402256011963,1.71780586242676,Congruent,Right,Left,Left,Left,Left,0,1,1,0,1,0,0,1,1,1,1,0,0,1,0,0,0,0,1,770,610,20260721_t1029_srsSmooth_training_B008,62,42,35.0755308787028,1.5548198223114,2,1,162,1,0,1,1,0,0
20260721_t1029_srsSmooth_training,srs_smooth_training,trial0771.mat,771,771,770,8,63,62,96,76,20,8,2,2,8,2,96,18676,2,0,2,1,2,1,1,2,2,1,CHOSE_LOW_SAL,2,455,1,0,5,1,1,0,67,133,133,67,-66,133,1,0,192,10.5,168,10.5,157.5,157.5,NaN,NaN,NaN,1784646601.48981,3214.84084388,1.23799681663513,0.0177381038665771,0.0195372104644775,0.754744529724121,0.776102066040039,0.762408494949341,0.782821893692017,0.782821893692017,-1,-1,0.808776140213013,1.79910659790039,NaN,20.4133987426758,6.71982765197754,Conflict,Left,Right,Right,Right,Left,0,1,0,1,1,1,0,1,0,0,1,0,1,0,1,0,0,1,1,771,611,20260721_t1029_srsSmooth_training_B008,63,43,35.1210716764132,1.5707688331604,2,2,144,1,0,1,1,0,0
20260721_t1029_srsSmooth_training,srs_smooth_training,trial0772.mat,772,772,771,8,64,63,96,76,20,8,2,1,6,2,42,8337,2,0,2,1,2,1,2,1,2,1,CHOSE_HIGH_SAL,1,455,1,0,1,1,1,0,76,174,174,76,-98,174,1,180,191,19.5,11,160.5,-149.5,149.5,NaN,NaN,NaN,1784646604.2739,3217.62475,1.27061057090759,0.0170927047729492,0.0224769115447998,0.762209177017212,0.775455474853516,0.770091772079468,0.776566743850708,0.776566743850708,-1,-1,0.79477858543396,5.38420677185059,NaN,6.47497177124023,1.11126899719238,Congruent,Left,Right,Right,Right,Right,0,1,1,0,1,1,0,1,1,0,1,0,0,0,1,1,0,0,1,772,612,20260721_t1029_srsSmooth_training_B008,64,44,35.167473133405,1.54609060287476,2,1,133,1,0,0,1,1,0
20260721_t1029_srsSmooth_training,srs_smooth_training,trial0773.mat,773,773,772,8,65,64,96,76,20,8,2,2,8,2,90,22708,2,0,2,1,2,1,1,2,2,1,CHOSE_LOW_SAL,2,455,1,0,5,1,1,0,58,174,174,58,-116,174,1,180,19.5,199.5,160.5,19.5,141,141,NaN,NaN,NaN,1784646607.0788,3220.42978604,1.19920682907104,0.0122973918914795,0.0182101726531982,0.640122652053833,0.662322521209717,0.649136543273926,0.668525457382202,0.668525457382202,-1,-1,0.693775177001953,5.91278076171875,NaN,19.3889141082764,6.20293617248535,Conflict,Left,Right,Right,Right,Left,0,1,0,1,1,1,0,1,0,0,1,0,1,0,1,0,0,1,1,773,613,20260721_t1029_srsSmooth_training_B008,65,45,35.2142215331395,1.53429341316223,2,1,174,1,0,0,1,1,0
20260721_t1029_srsSmooth_training,srs_smooth_training,trial0774.mat,774,774,773,8,66,65,96,76,20,8,2,1,5,2,38,1088,2,0,1,2,2,2,2,2,2,2,CHOSE_HIGH_SAL,1,455,1,0,2,1,1,0,86,131,131,86,-45,131,1,180,190,19,10,161,-151,151,NaN,NaN,NaN,1784646609.83616,3223.1870662,1.05871200561523,0.0133731365203857,0.0148706436157227,0.566738605499268,0.5800621509552,0.574827671051025,0.58089017868042,0.58089017868042,-1,-1,0.599318981170654,1.49750709533691,NaN,6.06250762939453,0.828027725219727,Congruent,Right,Left,Left,Left,Left,0,1,1,0,1,0,0,1,1,1,1,0,0,1,0,0,0,0,1,774,614,20260721_t1029_srsSmooth_training_B008,66,46,35.260177608331,1.55815768241882,2,1,174,1,0,1,1,0,0
20260721_t1029_srsSmooth_training,srs_smooth_training,trial0775.mat,775,775,774,8,67,66,96,76,20,8,2,2,8,2,89,3316,2,0,2,1,2,1,1,2,2,1,CHOSE_LOW_SAL,2,455,1,0,6,1,1,0,82,162,162,82,-80,162,1,180,20,192.5,160,12.5,147.5,147.5,NaN,NaN,NaN,1784646612.44814,3225.7988732,1.13859510421753,0.0181646347045898,0.0198006629943848,0.587986469268799,0.609854698181152,0.59611964225769,0.615414381027222,0.615414381027222,-1,-1,0.6426100730896,1.63602828979492,NaN,19.2947387695312,5.55968284606934,Conflict,Left,Right,Right,Right,Left,0,1,0,1,1,1,0,1,0,0,1,0,1,0,1,0,0,1,1,775,615,20260721_t1029_srsSmooth_training_B008,67,47,35.3037105679512,1.55326557159424,2,2,131,1,0,1,1,0,0
20260721_t1029_srsSmooth_training,srs_smooth_training,trial0776.mat,776,776,775,8,68,67,96,76,20,8,2,1,5,2,39,25628,2,0,1,2,2,2,2,2,2,2,CHOSE_HIGH_SAL,1,455,1,0,5,1,1,0,95,154,154,95,-59,154,1,180,198.5,15.5,18.5,164.5,-146,146,NaN,NaN,NaN,1784646615.13262,3228.483342,1.25411128997803,0.0171248912811279,0.0221474170684814,0.720484972000122,0.74215292930603,0.728714942932129,0.74809193611145,0.74809193611145,-1,-1,0.770446300506592,5.02252578735352,NaN,19.3769931793213,5.93900680541992,Congruent,Right,Left,Left,Left,Left,0,1,1,0,1,0,0,1,1,1,1,0,0,1,0,0,0,0,1,776,616,20260721_t1029_srsSmooth_training_B008,68,48,35.3484518607457,1.5458824634552,2,1,162,1,0,1,1,0,0
20260721_t1029_srsSmooth_training,srs_smooth_training,trial0777.mat,777,777,776,8,69,68,96,76,20,8,2,2,7,2,63,21298,2,0,1,2,2,2,1,1,2,2,CHOSE_LOW_SAL,2,455,1,0,6,1,1,0,73,160,160,73,-87,160,1,180,17,194.5,163,14.5,148.5,148.5,NaN,NaN,NaN,1784646617.9476,3231.29824512,1.23914504051208,0.0189170837402344,0.0242264270782471,0.697111845016479,0.718944072723389,0.70536208152771,0.724240779876709,0.724240779876709,-1,-1,0.751939296722412,5.3093433380127,NaN,18.878698348999,5.29670715332031,Conflict,Right,Left,Left,Left,Right,0,1,0,1,1,0,0,1,0,1,1,0,1,1,0,1,0,1,1,777,617,20260721_t1029_srsSmooth_training_B008,69,49,35.3953682740529,1.56087350845337,2,2,154,1,0,0,1,1,0
20260721_t1029_srsSmooth_training,srs_smooth_training,trial0778.mat,778,778,777,8,70,69,96,76,20,8,2,1,5,2,27,12129,2,0,1,2,2,2,2,2,2,2,CHOSE_HIGH_SAL,1,455,1,0,4,1,1,0,86,160,160,86,-74,160,1,180,200,20,20,160,-140,140,NaN,NaN,NaN,1784646620.75549,3234.1061442,1.20617723464966,0.0111384391784668,0.0125880241394043,0.689408779144287,0.711166381835938,0.697161197662354,0.716941595077515,0.716941595077515,-1,-1,0.739356994628906,1.4495849609375,NaN,19.7803974151611,5.77521324157715,Congruent,Right,Left,Left,Left,Left,0,1,1,0,1,0,0,1,1,1,1,0,0,1,0,0,0,0,1,778,618,20260721_t1029_srsSmooth_training_B008,70,50,35.4421663880348,1.56874179840088,2,2,160,1,0,0,1,1,0
20260721_t1029_srsSmooth_training,srs_smooth_training,trial0779.mat,779,779,778,8,71,70,96,76,20,8,2,1,6,2,49,12329,2,0,2,1,2,1,2,1,2,1,CHOSE_HIGH_SAL,1,455,1,0,3,1,1,0,84,159,159,84,-75,159,1,0,20,195.5,20,164.5,-144.5,144.5,NaN,NaN,NaN,1784646623.48446,3236.83498812,1.18600749969482,0.0156128406524658,0.0221133232116699,0.660599231719971,0.673970937728882,0.666823625564575,0.675066947937012,0.675066947937012,-1,-1,0.693156719207764,6.5004825592041,NaN,8.24332237243652,1.09601020812988,Congruent,Left,Right,Right,Right,Right,0,1,1,0,1,1,0,1,1,0,1,0,0,0,1,1,0,0,1,779,619,20260721_t1029_srsSmooth_training_B008,71,51,35.4876491626104,1.52278923988342,2,2,160,1,0,1,1,0,0
20260721_t1029_srsSmooth_training,srs_smooth_training,trial0780.mat,780,780,779,8,72,71,96,76,20,8,2,2,7,2,74,14002,2,0,1,2,2,2,1,1,2,2,CHOSE_LOW_SAL,2,455,1,0,5,1,1,0,67,178,178,67,-111,178,1,180,17.5,196.5,162.5,16.5,146,146,NaN,NaN,NaN,1784646626.24271,3239.59326076,1.27765870094299,0.0157976150512695,0.0181465148925781,0.710568428039551,0.732492685317993,0.718754053115845,0.737984180450439,0.737984180450439,-1,-1,0.770238637924194,2.34889984130859,NaN,19.2301273345947,5.49149513244629,Conflict,Right,Left,Left,Left,Right,0,1,0,1,1,0,0,1,0,1,1,0,1,1,0,1,0,1,1,780,620,20260721_t1029_srsSmooth_training_B008,72,52,35.5336200833321,1.57224774360657,2,1,159,1,0,1,1,0,0
20260721_t1029_srsSmooth_training,srs_smooth_training,trial0781.mat,781,781,780,8,73,72,96,76,20,8,2,1,5,2,24,6422,2,0,1,2,2,2,2,2,2,2,CHOSE_HIGH_SAL,1,455,1,0,0,1,1,0,114,154,154,114,-40,154,1,0,10,194.5,10,165.5,-155.5,155.5,NaN,NaN,NaN,1784646629.06298,3242.41342728,1.26547598838806,0.0123097896575928,0.0139627456665039,0.779631614685059,0.795673370361328,0.788576126098633,0.796513080596924,0.796513080596924,-1,-1,0.814365148544312,1.65295600891113,NaN,7.93695449829102,0.839710235595703,Congruent,Right,Left,Left,Left,Left,0,1,1,0,1,0,0,1,1,1,1,0,0,1,0,0,0,0,1,781,621,20260721_t1029_srsSmooth_training_B008,73,53,35.5806245009104,1.54260635375977,2,2,178,1,0,0,1,1,0
20260721_t1029_srsSmooth_training,srs_smooth_training,trial0782.mat,782,782,781,8,74,73,96,76,20,8,2,1,6,2,47,30797,2,0,2,1,2,1,2,1,2,1,CHOSE_HIGH_SAL,1,455,1,0,5,1,1,0,65,147,147,65,-82,147,1,180,198.5,18,18.5,162,-143.5,143.5,NaN,NaN,NaN,1784646631.88549,3245.23609884,1.25180530548096,0.0149035453796387,0.0162684917449951,0.726628065109253,0.748266220092773,0.734643220901489,0.753645658493042,0.753645658493042,-1,-1,0.776182889938354,1.36494636535645,NaN,19.0024375915527,5.37943840026855,Congruent,Left,Right,Right,Right,Right,0,1,1,0,1,1,0,1,1,0,1,0,0,0,1,1,0,0,1,782,622,20260721_t1029_srsSmooth_training_B008,74,54,35.6276664376259,1.55704021453857,2,2,154,1,0,1,1,0,0
20260721_t1029_srsSmooth_training,srs_smooth_training,trial0783.mat,783,783,782,8,75,74,96,76,20,8,2,1,5,2,34,23372,2,0,1,2,2,2,2,2,2,2,CHOSE_HIGH_SAL,1,455,1,0,3,1,1,0,110,145,145,110,-35,145,1,0,16,193,16,167,-151,151,NaN,NaN,NaN,1784646634.70657,3248.05687696,1.05473709106445,0.0189428329467773,0.0232162475585938,0.562948942184448,0.577297925949097,0.571325302124023,0.58025336265564,0.58025336265564,-1,-1,0.596580028533936,4.27341461181641,NaN,8.92806053161621,2.95543670654297,Congruent,Right,Left,Left,Left,Left,0,1,1,0,1,0,0,1,1,1,1,0,0,1,0,0,0,0,1,783,623,20260721_t1029_srsSmooth_training_B008,75,55,35.6746842980385,1.5692663192749,2,1,147,1,0,1,1,0,0
20260721_t1029_srsSmooth_training,srs_smooth_training,trial0784.mat,784,784,783,8,76,75,96,76,20,8,2,1,5,2,26,30296,2,0,1,2,2,2,2,2,2,2,CHOSE_HIGH_SAL,1,455,1,0,2,1,1,0,86,157,157,86,-71,157,1,0,20,194.5,20,165.5,-145.5,145.5,NaN,NaN,NaN,1784646637.32513,3250.67536412,1.33559989929199,0.0171504020690918,0.0219986438751221,0.795814990997314,0.808847665786743,0.803462505340576,0.809917688369751,0.809917688369751,-1,-1,0.827978849411011,4.84824180603027,NaN,6.4551830291748,1.07002258300781,Congruent,Right,Left,Left,Left,Left,0,1,1,0,1,0,0,1,1,1,1,0,0,1,0,0,0,0,1,784,624,20260721_t1029_srsSmooth_training_B008,76,56,35.718326985836,1.56382417678833,2,2,145,1,0,0,1,1,0
20260721_t1029_srsSmooth_training,srs_smooth_training,trial0785.mat,785,785,784,8,77,76,96,76,20,8,2,1,6,2,43,10053,2,0,2,1,2,1,2,1,2,1,CHOSE_HIGH_SAL,1,455,1,0,4,1,1,0,66,146,146,66,-80,146,1,180,190.5,13.5,10.5,166.5,-156,156,NaN,NaN,NaN,1784646640.21866,3253.5688608,1.1854555606842,0.0153999328613281,0.0167989730834961,0.668793201446533,0.690426588058472,0.677051305770874,0.69622015953064,0.69622015953064,-1,-1,0.724272012710571,1.39904022216797,NaN,19.1688537597656,5.79357147216797,Congruent,Left,Right,Right,Right,Right,0,1,1,0,1,1,0,1,1,0,1,0,0,0,1,1,0,0,1,785,625,20260721_t1029_srsSmooth_training_B008,77,57,35.7665524800618,1.5579297542572,2,2,157,1,0,1,1,0,0
20260721_t1029_srsSmooth_training,srs_smooth_training,trial0786.mat,786,786,785,8,78,77,96,76,20,8,2,1,6,2,58,15877,2,0,2,1,2,1,2,1,2,1,CHOSE_HIGH_SAL,1,455,1,0,6,1,1,0,91,132,132,91,-41,132,1,0,17.5,193.5,17.5,166.5,-149,149,NaN,NaN,NaN,1784646642.95808,3256.30828024,1.17947292327881,0.0177485942840576,0.0231988430023193,0.662663459777832,0.684440612792969,0.671123027801514,0.690169811248779,0.690169811248779,-1,-1,0.720312356948853,5.45024871826172,NaN,19.0467834472656,5.72919845581055,Congruent,Left,Right,Right,Right,Right,0,1,1,0,1,1,0,1,1,0,1,0,0,0,1,1,0,0,1,786,626,20260721_t1029_srsSmooth_training_B008,78,58,35.8122095863024,1.55397081375122,2,1,146,1,0,0,1,1,0
20260721_t1029_srsSmooth_training,srs_smooth_training,trial0787.mat,787,787,786,8,79,78,96,76,20,8,2,2,8,2,83,3233,2,0,2,1,2,1,1,2,2,1,CHOSE_LOW_SAL,2,455,1,0,4,1,1,0,99,147,147,99,-48,147,1,180,16.5,195.5,163.5,15.5,148,148,NaN,NaN,NaN,1784646645.68234,3259.03250704,1.19632625579834,0.0185956954956055,0.023545503616333,0.688626527786255,0.710289716720581,0.696879148483276,0.715929746627808,0.715929746627808,-1,-1,0.738330602645874,4.94980812072754,NaN,19.0505981445312,5.64002990722656,Conflict,Left,Right,Right,Right,Left,0,1,0,1,1,1,0,1,0,0,1,0,1,0,1,0,0,1,1,787,627,20260721_t1029_srsSmooth_training_B008,79,59,35.8576139012972,1.54478597640991,2,1,132,1,0,0,1,1,0
20260721_t1029_srsSmooth_training,srs_smooth_training,trial0788.mat,788,788,787,8,80,79,96,76,20,8,2,2,7,2,60,16698,2,0,1,2,2,2,1,1,2,2,CHOSE_LOW_SAL,2,455,1,0,4,1,1,0,73,160,160,73,-87,160,1,0,196,14,164,14,150,150,NaN,NaN,NaN,1784646648.46565,3261.81592476,1.13858723640442,0.0187337398529053,0.0240182876586914,0.613573551177979,0.63542366027832,0.621844053268433,0.640495300292969,0.640495300292969,-1,-1,0.667214870452881,5.28454780578613,NaN,18.6512470245361,5.07164001464844,Conflict,Right,Left,Left,Left,Right,0,1,0,1,1,0,0,1,0,1,1,0,1,1,0,1,0,1,1,788,628,20260721_t1029_srsSmooth_training_B008,80,60,35.9040023167928,1.58697867393494,2,1,147,1,0,1,1,0,0
20260721_t1029_srsSmooth_training,srs_smooth_training,trial0789.mat,789,789,788,8,81,80,96,76,20,8,2,2,8,2,79,26711,2,0,2,1,2,1,1,2,2,1,CHOSE_LOW_SAL,2,455,1,0,3,1,1,0,76,159,159,76,-83,159,1,0,198,12,162,12,150,150,NaN,NaN,NaN,1784646651.13973,3264.48980032,1.11858201026917,0.0197525024414062,0.0211701393127441,0.60647439956665,0.628109931945801,0.614718914031982,0.634720802307129,0.634720802307129,-1,-1,0.656397819519043,1.41763687133789,NaN,20.0018882751465,6.61087036132812,Conflict,Left,Right,Right,Right,Left,0,1,0,1,1,1,0,1,0,0,1,0,1,0,1,0,0,1,1,789,629,20260721_t1029_srsSmooth_training_B008,81,61,35.9485703984896,1.53549766540527,2,2,160,1,0,1,1,0,0
20260721_t1029_srsSmooth_training,srs_smooth_training,trial0790.mat,790,790,789,8,82,81,96,76,20,8,2,1,5,2,37,16638,2,0,1,2,2,2,2,2,2,2,CHOSE_HIGH_SAL,1,455,1,0,4,1,1,0,90,194,194,90,-104,194,1,0,18,198,18,162,-144,144,NaN,NaN,NaN,1784646653.78072,3267.13069004,1.17399525642395,0.0122003555297852,0.0180225372314453,0.63227105140686,0.653892278671265,0.640321254730225,0.658998250961304,0.658998250961304,-1,-1,0.681170225143433,5.82218170166016,NaN,18.6769962310791,5.10597229003906,Congruent,Right,Left,Left,Left,Left,0,1,1,0,1,0,0,1,1,1,1,0,0,1,0,0,0,0,1,790,630,20260721_t1029_srsSmooth_training_B008,82,62,35.9925868868828,1.5224072933197,2,1,159,1,0,1,1,0,0
20260721_t1029_srsSmooth_training,srs_smooth_training,trial0791.mat,791,791,790,8,83,82,96,76,20,8,2,1,6,2,40,23198,2,0,2,1,2,1,2,1,2,1,CHOSE_HIGH_SAL,1,455,1,0,6,1,1,0,82,166,166,82,-84,166,1,0,10,200,10,160,-150,150,NaN,NaN,NaN,1784646656.50765,3269.85755216,1.21361923217773,0.0187118053436279,0.0241250991821289,0.663236379623413,0.685404539108276,0.671560525894165,0.690948009490967,0.690948009490967,-1,-1,0.720538377761841,5.41329383850098,NaN,19.3874835968018,5.54347038269043,Congruent,Left,Right,Right,Right,Right,0,1,1,0,1,1,0,1,1,0,1,0,0,0,1,1,0,0,1,791,631,20260721_t1029_srsSmooth_training_B008,83,63,36.0380356987317,1.55293345451355,2,2,194,1,0,1,1,0,0
20260721_t1029_srsSmooth_training,srs_smooth_training,trial0792.mat,792,792,791,8,84,83,96,76,20,8,2,1,5,2,29,4388,2,0,1,2,2,2,2,2,2,2,CHOSE_HIGH_SAL,1,455,1,0,2,1,1,0,74,153,153,74,-79,153,1,180,192,15,12,165,-153,153,NaN,NaN,NaN,1784646659.29225,3272.64208652,1.25450706481934,0.0175516605377197,0.0224690437316895,0.735410928726196,0.750913858413696,0.743663787841797,0.752893924713135,0.752893924713135,-1,-1,0.769769430160522,4.91738319396973,NaN,9.23013687133789,1.98006629943848,Congruent,Right,Left,Left,Left,Left,0,1,1,0,1,0,0,1,1,1,1,0,0,1,0,0,0,0,1,792,632,20260721_t1029_srsSmooth_training_B008,84,64,36.0844457467397,1.57098364830017,2,1,166,1,0,1,1,0,0
20260721_t1029_srsSmooth_training,srs_smooth_training,trial0793.mat,793,793,792,8,85,84,96,76,20,8,2,2,7,2,70,31799,2,0,1,2,2,2,1,1,2,2,CHOSE_LOW_SAL,2,455,1,0,5,1,1,0,78,161,161,78,-83,161,1,180,13.5,191.5,166.5,11.5,155,155,NaN,NaN,NaN,1784646662.11589,3275.4657144,1.34682202339172,0.0190243721008301,0.0243563652038574,0.805740356445312,0.827389240264893,0.81402850151062,0.832482576370239,0.832482576370239,-1,-1,0.855165004730225,5.33199310302734,NaN,18.4540748596191,5.09333610534668,Conflict,Right,Left,Left,Left,Right,0,1,0,1,1,0,0,1,0,1,1,0,1,1,0,1,0,1,1,793,633,20260721_t1029_srsSmooth_training_B008,85,65,36.1315063913663,1.56913161277771,2,2,153,1,0,0,1,1,0
20260721_t1029_srsSmooth_training,srs_smooth_training,trial0794.mat,794,794,793,8,86,85,96,76,20,8,2,2,8,2,93,14332,2,0,2,1,2,1,1,2,2,1,CHOSE_LOW_SAL,2,455,1,0,6,1,1,0,76,178,178,76,-102,178,1,0,196,10,164,10,154,154,NaN,NaN,NaN,1784646665.02268,3278.37254672,1.36313629150391,0.0123448371887207,0.0180075168609619,0.790703535079956,0.812375545501709,0.79897928237915,0.817569255828857,0.817569255828857,-1,-1,0.84640645980835,5.66267967224121,NaN,18.589973449707,5.19371032714844,Conflict,Left,Right,Right,Right,Left,0,1,0,1,1,1,0,1,0,0,1,0,1,0,1,0,0,1,1,794,634,20260721_t1029_srsSmooth_training_B008,86,66,36.1799529472987,1.55997133255005,2,2,161,1,0,1,1,0,0
20260721_t1029_srsSmooth_training,srs_smooth_training,trial0795.mat,795,795,794,8,87,86,96,76,20,8,2,1,5,2,22,11202,2,0,1,2,2,2,2,2,2,2,CHOSE_HIGH_SAL,1,455,1,0,7,1,1,0,88,168,168,88,-80,168,1,180,199.5,10,19.5,170,-150.5,150.5,NaN,NaN,NaN,1784646667.98656,3281.33624412,1.30231666564941,0.0152528285980225,0.0203726291656494,0.743437528610229,0.765282154083252,0.751614809036255,0.771320104598999,0.771320104598999,-1,-1,0.799447774887085,5.11980056762695,NaN,19.7052955627441,6.03795051574707,Congruent,Right,Left,Left,Left,Left,0,1,1,0,1,0,0,1,1,1,1,0,0,1,0,0,0,0,1,795,635,20260721_t1029_srsSmooth_training_B008,87,67,36.2293508609136,1.60073852539062,2,1,178,1,0,1,1,0,0
20260721_t1029_srsSmooth_training,srs_smooth_training,trial0796.mat,796,796,795,8,88,87,96,76,20,8,2,2,7,2,71,16473,2,0,1,2,2,2,1,1,2,2,CHOSE_LOW_SAL,2,455,1,0,4,1,1,0,96,167,167,96,-71,167,1,0,196,15,164,15,149,149,NaN,NaN,NaN,1784646670.83772,3284.18736628,1.16753530502319,0.0141992568969727,0.0157699584960938,0.617546796798706,0.639224290847778,0.626008033752441,0.646933794021606,0.646933794021606,-1,-1,0.672258377075195,1.57070159912109,NaN,20.925760269165,7.70950317382812,Conflict,Right,Left,Left,Left,Right,0,1,0,1,1,0,0,1,0,1,1,0,1,1,0,1,0,1,1,796,636,20260721_t1029_srsSmooth_training_B008,88,68,36.2768702745438,1.54884815216064,2,2,168,1,0,0,1,1,0
20260721_t1029_srsSmooth_training,srs_smooth_training,trial0797.mat,797,797,796,8,89,88,96,76,20,8,2,2,8,2,82,23817,2,0,2,1,2,1,1,2,2,1,CHOSE_LOW_SAL,2,455,1,0,2,1,1,0,121,166,166,121,-45,166,1,180,19.5,191.5,160.5,11.5,149,149,NaN,NaN,NaN,1784646673.53246,3286.8821152,1.25666308403015,0.0112373828887939,0.0165255069732666,0.723076105117798,0.736266136169434,0.729273557662964,0.737510442733765,0.737510442733765,-1,-1,0.755499839782715,5.28812408447266,NaN,8.23688507080078,1.24430656433105,Conflict,Left,Right,Right,Right,Left,0,1,0,1,1,1,0,1,0,0,1,0,1,0,1,0,0,1,1,797,637,20260721_t1029_srsSmooth_training_B008,89,69,36.3217825214068,1.52719950675964,2,2,167,1,0,1,1,0,0
20260721_t1029_srsSmooth_training,srs_smooth_training,trial0798.mat,798,798,797,8,90,89,96,76,20,8,2,2,7,2,61,7088,2,0,1,2,2,2,1,1,2,2,CHOSE_LOW_SAL,2,455,1,0,4,1,1,0,93,151,151,93,-58,151,1,180,19.5,192,160.5,12,148.5,148.5,NaN,NaN,NaN,1784646676.33778,3289.68728096,1.32587385177612,0.0143640041351318,0.0199329853057861,0.809299468994141,0.822728872299194,0.817560195922852,0.823745489120483,0.823745489120483,-1,-1,0.842176675796509,5.5689811706543,NaN,6.18529319763184,1.01661682128906,Conflict,Right,Left,Left,Left,Right,0,1,0,1,1,0,0,1,0,1,1,0,1,1,0,1,0,1,1,798,638,20260721_t1029_srsSmooth_training_B008,90,70,36.3685378114382,1.54865431785583,2,1,166,1,0,1,1,0,0
20260721_t1029_srsSmooth_training,srs_smooth_training,trial0799.mat,799,799,798,8,91,90,96,76,20,8,2,2,8,2,88,10742,2,0,2,1,2,1,1,2,2,1,CHOSE_LOW_SAL,2,455,1,0,2,1,1,0,82,172,172,82,-90,172,1,0,197.5,11.5,162.5,11.5,151,151,NaN,NaN,NaN,1784646679.23842,3292.5878678,1.23344993591309,0.0138349533081055,0.0151000022888184,0.698596000671387,0.713862180709839,0.706332445144653,0.715097427368164,0.715097427368164,-1,-1,0.732961893081665,1.26504898071289,NaN,8.76498222351074,1.2352466583252,Conflict,Left,Right,Right,Right,Left,0,1,0,1,1,1,0,1,0,0,1,0,1,0,1,0,0,1,1,799,639,20260721_t1029_srsSmooth_training_B008,91,71,36.4168818593025,1.57476902008057,2,2,151,1,0,1,1,0,0
20260721_t1029_srsSmooth_training,srs_smooth_training,trial0800.mat,800,800,799,8,92,91,96,76,20,8,2,2,7,2,64,13205,2,0,1,2,2,2,1,1,2,2,CHOSE_LOW_SAL,2,455,1,0,5,1,1,0,94,141,141,94,-47,141,1,180,16.5,199.5,163.5,19.5,144,144,NaN,NaN,NaN,1784646682.03761,3295.38700052,1.25918936729431,0.0147523880004883,0.016366720199585,0.726389169692993,0.748115539550781,0.734784841537476,0.754262924194336,0.754262924194336,-1,-1,0.786407947540283,1.61433219909668,NaN,19.4780826568604,6.14738464355469,Conflict,Right,Left,Left,Left,Right,0,1,0,1,1,0,0,1,0,1,1,0,1,1,0,1,0,1,1,800,640,20260721_t1029_srsSmooth_training_B008,92,72,36.4635350704193,1.56574273109436,2,1,172,1,0,1,1,0,0
20260721_t1029_srsSmooth_training,srs_smooth_training,trial0801.mat,801,801,800,8,93,92,96,76,20,8,2,1,5,2,35,12784,2,0,1,2,2,2,2,2,2,2,CHOSE_HIGH_SAL,1,455,1,0,2,1,1,0,100,159,159,100,-59,159,1,180,193,19.5,13,160.5,-147.5,147.5,NaN,NaN,NaN,1784646684.85823,3298.2075536,1.21421551704407,0.0109169483184814,0.0120952129364014,0.705690622329712,0.727611541748047,0.714210271835327,0.733458042144775,0.733458042144775,-1,-1,0.755515575408936,1.17826461791992,NaN,19.2477703094482,5.84650039672852,Congruent,Right,Left,Left,Left,Left,0,1,1,0,1,0,0,1,1,1,1,0,0,1,0,0,0,0,1,801,641,20260721_t1029_srsSmooth_training_B008,93,73,36.5105452974637,1.56142425537109,2,2,141,1,0,0,1,1,0
20260721_t1029_srsSmooth_training,srs_smooth_training,trial0802.mat,802,802,801,8,94,93,96,76,20,8,2,2,7,2,66,1573,2,0,1,2,2,2,1,1,2,2,CHOSE_LOW_SAL,2,455,1,0,4,1,1,0,76,171,171,76,-95,171,1,180,10,195.5,170,15.5,154.5,154.5,NaN,NaN,NaN,1784646687.60299,3300.95228048,1.22354936599731,0.0162572860717773,0.0177769660949707,0.660946846008301,0.682950496673584,0.669294357299805,0.688780069351196,0.688780069351196,-1,-1,0.719386577606201,1.51968002319336,NaN,19.4857120513916,5.8295726776123,Conflict,Right,Left,Left,Left,Right,0,1,0,1,1,0,0,1,0,1,1,0,1,1,0,1,0,1,1,802,642,20260721_t1029_srsSmooth_training_B008,94,74,36.5562914212545,1.53055191040039,2,2,159,1,0,0,1,1,0
20260721_t1029_srsSmooth_training,srs_smooth_training,trial0803.mat,803,803,802,8,95,94,96,76,20,8,2,2,8,2,78,16546,2,0,2,1,2,1,1,2,2,1,CHOSE_LOW_SAL,2,455,1,0,6,1,1,0,82,158,158,82,-76,158,1,180,17,200,163,20,143,143,NaN,NaN,NaN,1784646690.39768,3303.74680476,1.32262086868286,0.0133426189422607,0.0160901546478271,0.77441668510437,0.796706676483154,0.783241033554077,0.802227258682251,0.802227258682251,-1,-1,0.830740213394165,2.74753570556641,NaN,18.9862251281738,5.52058219909668,Conflict,Left,Right,Right,Right,Left,0,1,0,1,1,1,0,1,0,0,1,0,1,0,1,0,0,1,1,803,643,20260721_t1029_srsSmooth_training_B008,95,75,36.602869617939,1.57114243507385,2,2,171,1,0,1,1,0,0
20260721_t1029_srsSmooth_training,srs_smooth_training,trial0804.mat,804,804,803,8,96,95,96,76,20,8,2,1,6,2,56,3227,2,0,2,1,2,1,2,1,2,1,CHOSE_HIGH_SAL,1,455,1,0,3,1,1,0,97,178,178,97,-81,178,1,180,193.5,13.5,13.5,166.5,-153,153,NaN,NaN,NaN,1784646693.29758,3306.64675588,1.30841040611267,0.013563871383667,0.0150072574615479,0.775310277938843,0.796928882598877,0.78339695930481,0.802790641784668,0.802790641784668,-1,-1,0.824598789215088,1.44338607788086,NaN,19.3936824798584,5.86175918579102,Congruent,Left,Right,Right,Right,Right,0,1,1,0,1,1,0,1,1,0,1,0,0,0,1,1,0,0,1,804,644,20260721_t1029_srsSmooth_training_B008,96,76,36.6512011607488,1.5772716999054,2,1,158,1,0,0,1,1,0
20260721_t1029_srsSmooth_training,srs_smooth_training,trial0805.mat,805,805,804,9,1,0,96,76,20,8,1,0,1,1,5,14618,1,1,1,2,1,1,1,1,1,1,SINGLE_T1_CORRECT,10,455,1,0,5,1,1,0,202,109,202,109,93,202,1,180,20,191,160,11,149,149,NaN,NaN,NaN,1784646696.12535,3309.47458076,1.27303624153137,0.0109069347381592,0.0153687000274658,0.714375972747803,0.735934972763062,0.722566843032837,0.742425918579102,0.742425918579102,-1,-1,0.770225048065186,4.46176528930664,NaN,19.8590755462646,6.49094581604004,Instruction,Right,Left,Right,Right,Right,1,0,0,0,0,NaN,NaN,NaN,NaN,NaN,NaN,NaN,NaN,1,1,1,1,1,0,805,NaN,20260721_t1029_srsSmooth_training_B009,1,NaN,36.6983306447665,1.51935863494873,NaN,NaN,NaN,0,NaN,NaN,NaN,NaN,0
20260721_t1029_srsSmooth_training,srs_smooth_training,trial0806.mat,806,806,805,9,2,1,96,76,20,8,1,0,2,1,8,24855,1,1,2,1,1,2,1,2,1,2,SINGLE_T1_CORRECT,10,455,1,0,3,1,1,0,198,92,198,92,106,198,1,180,18,195,162,15,147,147,NaN,NaN,NaN,1784646698.95718,3312.30609328,1.30769324302673,0.0125131607055664,0.0138499736785889,0.732870578765869,0.754209518432617,0.740594625473022,0.76141095161438,0.76141095161438,-1,-1,0.782302141189575,1.33681297302246,NaN,20.8163261413574,7.2014331817627,Instruction,Left,Right,Left,Left,Left,1,0,0,0,0,NaN,NaN,NaN,NaN,NaN,NaN,NaN,NaN,0,0,0,1,1,0,806,NaN,20260721_t1029_srsSmooth_training_B009,2,NaN,36.7455279548963,1.55880236625671,NaN,NaN,NaN,0,NaN,NaN,NaN,NaN,0
20260721_t1029_srsSmooth_training,srs_smooth_training,trial0807.mat,807,807,806,9,3,2,96,76,20,8,1,0,3,1,11,2885,1,2,2,1,1,2,2,1,2,1,SINGLE_T2_CORRECT,11,455,1,0,2,1,1,0,202,101,202,101,101,101,1,0,15,199,15,161,-146,146,NaN,NaN,NaN,1784646701.76801,3315.11702384,1.19435119628906,0.018460750579834,0.0241713523864746,0.72197413444519,0.743489027023315,0.730450630187988,0.751189470291138,0.751189470291138,-1,-1,0.772384881973267,5.71060180664062,NaN,20.7388401031494,7.70044326782227,Instruction,Left,Right,Right,Left,Right,1,0,0,0,0,NaN,NaN,NaN,NaN,NaN,NaN,NaN,NaN,0,0,1,1,0,0,807,NaN,20260721_t1029_srsSmooth_training_B009,3,NaN,36.7923751274745,1.50313711166382,NaN,NaN,NaN,0,NaN,NaN,NaN,NaN,0
20260721_t1029_srsSmooth_training,srs_smooth_training,trial0808.mat,808,808,807,9,4,3,96,76,20,8,1,0,4,1,20,27546,1,2,1,2,1,1,2,2,2,2,SINGLE_T2_CORRECT,11,455,1,0,1,1,1,0,209,93,209,93,116,93,1,0,10.5,194.5,10.5,165.5,-155,155,NaN,NaN,NaN,1784646704.49991,3317.84889416,1.20667338371277,0.0116736888885498,0.0132558345794678,0.773472547531128,0.795037508010864,0.781316041946411,0.796960115432739,0.796960115432739,-1,-1,0.814340353012085,1.58214569091797,NaN,15.6440734863281,1.922607421875,Instruction,Right,Left,Left,Right,Left,1,0,0,0,0,NaN,NaN,NaN,NaN,NaN,NaN,NaN,NaN,1,1,0,1,0,0,808,NaN,20260721_t1029_srsSmooth_training_B009,4,NaN,36.8379067023595,1.53754329681396,NaN,NaN,NaN,0,NaN,NaN,NaN,NaN,0
20260721_t1029_srsSmooth_training,srs_smooth_training,trial0809.mat,809,809,808,9,5,4,96,76,20,8,1,0,1,1,3,32117,1,1,1,2,1,1,1,1,1,1,SINGLE_T1_CORRECT,10,455,1,0,5,1,1,0,187,119,187,119,68,187,1,180,19,190.5,161,10.5,150.5,150.5,NaN,NaN,NaN,1784646707.27127,3320.62010968,1.30214381217957,0.0154259204864502,0.0219051837921143,0.733397245407104,0.757122278213501,0.743713855743408,0.763438701629639,0.763438701629639,-1,-1,0.78576397895813,6.47926330566406,NaN,19.7248458862305,6.3164234161377,Instruction,Right,Left,Right,Right,Right,1,0,0,0,0,NaN,NaN,NaN,NaN,NaN,NaN,NaN,NaN,1,1,1,1,1,0,809,NaN,20260721_t1029_srsSmooth_training_B009,5,NaN,36.8840959946315,1.56468415260315,NaN,NaN,NaN,0,NaN,NaN,NaN,NaN,0
20260721_t1029_srsSmooth_training,srs_smooth_training,trial0810.mat,810,810,809,9,6,5,96,76,20,8,1,0,1,1,4,18037,1,1,1,2,1,1,1,1,1,1,SINGLE_T1_CORRECT,10,455,1,0,5,1,1,0,199,107,199,107,92,199,1,180,10.5,195.5,169.5,15.5,154,154,NaN,NaN,NaN,1784646710.13889,3323.48760692,1.36063456535339,0.0145795345306396,0.0163547992706299,0.768100023269653,0.789609432220459,0.776530027389526,0.800979137420654,0.800979137420654,-1,-1,0.832976102828979,1.77526473999023,NaN,24.4491100311279,11.3697052001953,Instruction,Right,Left,Right,Right,Right,1,0,0,0,0,NaN,NaN,NaN,NaN,NaN,NaN,NaN,NaN,1,1,1,1,1,0,810,NaN,20260721_t1029_srsSmooth_training_B009,6,NaN,36.9318897684415,1.56548261642456,NaN,NaN,NaN,0,NaN,NaN,NaN,NaN,0
20260721_t1029_srsSmooth_training,srs_smooth_training,trial0811.mat,811,811,810,9,7,6,96,76,20,8,1,0,1,1,2,6196,1,1,1,2,1,1,1,1,1,1,SINGLE_T1_CORRECT,10,455,1,0,7,1,1,0,193,101,193,101,92,193,1,180,10.5,195.5,169.5,15.5,154,154,NaN,NaN,NaN,1784646713.04783,3326.39675404,1.33426284790039,0.0140917301177979,0.0188853740692139,0.775552749633789,0.797456026077271,0.784009695053101,0.80319356918335,0.80319356918335,-1,-1,0.831573486328125,4.79364395141602,NaN,19.183874130249,5.7375431060791,Instruction,Right,Left,Right,Right,Right,1,0,0,0,0,NaN,NaN,NaN,NaN,NaN,NaN,NaN,NaN,1,1,1,1,1,0,811,NaN,20260721_t1029_srsSmooth_training_B009,7,NaN,36.9803720275561,1.54830098152161,NaN,NaN,NaN,0,NaN,NaN,NaN,NaN,0
20260721_t1029_srsSmooth_training,srs_smooth_training,trial0812.mat,812,812,811,9,8,7,96,76,20,8,1,0,4,1,17,2135,1,2,1,2,1,1,2,2,2,2,SINGLE_T2_CORRECT,11,455,1,0,3,1,1,0,187,125,187,125,62,125,1,0,14.5,192,14.5,168,-153.5,153.5,NaN,NaN,NaN,1784646715.90256,3329.25124564,1.01255989074707,0.0178463459014893,0.0206577777862549,0.538027763366699,0.559491395950317,0.545515298843384,0.565817356109619,0.565817356109619,-1,-1,0.587923049926758,2.81143188476562,NaN,20.3020572662354,6.32596015930176,Instruction,Right,Left,Left,Right,Left,1,0,0,0,0,NaN,NaN,NaN,NaN,NaN,NaN,NaN,NaN,1,1,0,1,0,0,812,NaN,20260721_t1029_srsSmooth_training_B009,8,NaN,37.027950934569,1.52047157287598,NaN,NaN,NaN,0,NaN,NaN,NaN,NaN,0
20260721_t1029_srsSmooth_training,srs_smooth_training,trial0813.mat,813,813,812,9,9,8,96,76,20,8,1,0,2,1,9,23572,1,1,2,1,1,2,1,2,1,2,SINGLE_T1_CORRECT,10,455,1,0,2,1,1,0,171,108,171,108,63,171,1,180,17.5,199,162.5,19,143.5,143.5,NaN,NaN,NaN,1784646718.46809,3331.81667068,1.27217102050781,0.0190465450286865,0.0214309692382812,0.770343542098999,0.785743713378906,0.778757572174072,0.787078857421875,0.787078857421875,-1,-1,0.80513596534729,2.38442420959473,NaN,8.32128524780273,1.33514404296875,Instruction,Left,Right,Left,Left,Left,1,0,0,0,0,NaN,NaN,NaN,NaN,NaN,NaN,NaN,NaN,0,0,0,1,1,0,813,NaN,20260721_t1029_srsSmooth_training_B009,9,NaN,37.0707096854846,1.55296516418457,NaN,NaN,NaN,0,NaN,NaN,NaN,NaN,0
20260721_t1029_srsSmooth_training,srs_smooth_training,trial0814.mat,814,814,813,9,10,9,96,76,20,8,1,0,4,1,18,31977,1,2,1,2,1,1,2,2,2,2,SINGLE_T2_CORRECT,11,455,1,0,3,1,1,0,183,122,183,122,61,122,1,180,191,10,11,170,-159,159,NaN,NaN,NaN,1784646721.28078,3334.62935424,1.2177038192749,0.0147976875305176,0.0167372226715088,0.726418018341064,0.748159885406494,0.734806537628174,0.754097461700439,0.754097461700439,-1,-1,0.782963275909424,1.93953514099121,NaN,19.2909240722656,5.93757629394531,Instruction,Right,Left,Left,Right,Left,1,0,0,0,0,NaN,NaN,NaN,NaN,NaN,NaN,NaN,NaN,1,1,0,1,0,0,814,NaN,20260721_t1029_srsSmooth_training_B009,10,NaN,37.1175879120827,1.54052257537842,NaN,NaN,NaN,0,NaN,NaN,NaN,NaN,0
20260721_t1029_srsSmooth_training,srs_smooth_training,trial0815.mat,815,815,814,9,11,10,96,76,20,8,1,0,3,1,14,9488,1,2,2,1,1,2,2,1,2,1,SINGLE_T2_CORRECT,11,455,1,0,2,1,1,0,173,94,173,94,79,94,1,0,17,196,17,164,-147,147,NaN,NaN,NaN,1784646724.01458,3337.36328216,1.06779170036316,0.0144376754760742,0.0156633853912354,0.606909275054932,0.622794389724731,0.61524772644043,0.623830080032349,0.623830080032349,-1,-1,0.64153003692627,1.22570991516113,NaN,8.58235359191895,1.03569030761719,Instruction,Left,Right,Right,Left,Right,1,0,0,0,0,NaN,NaN,NaN,NaN,NaN,NaN,NaN,NaN,0,0,1,1,0,0,815,NaN,20260721_t1029_srsSmooth_training_B009,11,NaN,37.1631512681643,1.51609754562378,NaN,NaN,NaN,0,NaN,NaN,NaN,NaN,0
20260721_t1029_srsSmooth_training,srs_smooth_training,trial0816.mat,816,816,815,9,12,11,96,76,20,8,1,0,3,1,12,19270,1,2,2,1,1,2,2,1,2,1,SINGLE_T2_CORRECT,11,455,1,0,6,1,1,0,202,112,202,112,90,112,1,0,14.5,193,14.5,167,-152.5,152.5,NaN,NaN,NaN,1784646726.61574,3339.96437852,1.09572315216064,0.0133841037750244,0.0147087574005127,0.591561079025269,0.613408088684082,0.59997296333313,0.618942022323608,0.618942022323608,-1,-1,0.64868950843811,1.32465362548828,NaN,18.9690589904785,5.53393363952637,Instruction,Left,Right,Right,Left,Right,1,0,0,0,0,NaN,NaN,NaN,NaN,NaN,NaN,NaN,NaN,0,0,1,1,0,0,816,NaN,20260721_t1029_srsSmooth_training_B009,12,NaN,37.2065038720767,1.53336453437805,NaN,NaN,NaN,0,NaN,NaN,NaN,NaN,0
20260721_t1029_srsSmooth_training,srs_smooth_training,trial0817.mat,817,817,816,9,13,12,96,76,20,8,1,0,3,1,13,9346,1,2,2,1,1,2,2,1,2,1,SINGLE_T2_CORRECT,11,455,1,0,5,1,1,0,173,113,173,113,60,113,1,0,20,194,20,166,-146,146,NaN,NaN,NaN,1784646729.27282,3342.62123476,1.11582231521606,0.0147476196289062,0.0166261196136475,0.609855890274048,0.631438493728638,0.618093729019165,0.637243509292603,0.637243509292603,-1,-1,0.66675877571106,1.87849998474121,NaN,19.1497802734375,5.80501556396484,Instruction,Left,Right,Right,Left,Right,1,0,0,0,0,NaN,NaN,NaN,NaN,NaN,NaN,NaN,NaN,0,0,1,1,0,0,817,NaN,20260721_t1029_srsSmooth_training_B009,13,NaN,37.2507884701093,1.56135272979736,NaN,NaN,NaN,0,NaN,NaN,NaN,NaN,0
20260721_t1029_srsSmooth_training,srs_smooth_training,trial0818.mat,818,818,817,9,14,13,96,76,20,8,1,0,4,1,19,28898,1,2,1,2,1,1,2,2,2,2,SINGLE_T2_CORRECT,11,455,1,0,5,1,1,0,189,126,189,126,63,126,1,180,200,10,20,170,-150,150,NaN,NaN,NaN,1784646731.93895,3345.28745352,1.21888113021851,0.015385627746582,0.0168070793151855,0.710348844528198,0.732080459594727,0.718741178512573,0.737834453582764,0.737834453582764,-1,-1,0.76499080657959,1.42145156860352,NaN,19.0932750701904,5.75399398803711,Instruction,Right,Left,Left,Right,Left,1,0,0,0,0,NaN,NaN,NaN,NaN,NaN,NaN,NaN,NaN,1,1,0,1,0,0,818,NaN,20260721_t1029_srsSmooth_training_B009,14,NaN,37.2952240347862,1.55031156539917,NaN,NaN,NaN,0,NaN,NaN,NaN,NaN,0
20260721_t1029_srsSmooth_training,srs_smooth_training,trial0819.mat,819,819,818,9,15,14,96,76,20,8,1,0,3,1,15,15038,1,2,2,1,1,2,2,1,2,1,SINGLE_T2_CORRECT,11,455,1,0,5,1,1,0,180,122,180,122,58,122,1,0,18.5,196,18.5,164,-145.5,145.5,NaN,NaN,NaN,1784646734.7119,3348.06022056,1.32126641273499,0.0175426006317139,0.0227434635162354,0.820861101150513,0.842575311660767,0.829125642776489,0.8482825756073,0.8482825756073,-1,-1,0.869644403457642,5.20086288452148,NaN,19.1569328308105,5.7072639465332,Instruction,Left,Right,Right,Left,Right,1,0,0,0,0,NaN,NaN,NaN,NaN,NaN,NaN,NaN,NaN,0,0,1,1,0,0,819,NaN,20260721_t1029_srsSmooth_training_B009,15,NaN,37.341439918677,1.55407190322876,NaN,NaN,NaN,0,NaN,NaN,NaN,NaN,0
20260721_t1029_srsSmooth_training,srs_smooth_training,trial0820.mat,820,820,819,9,16,15,96,76,20,8,1,0,4,1,16,1680,1,2,1,2,1,1,2,2,2,2,SINGLE_T2_CORRECT,11,455,1,0,4,1,1,0,191,70,191,70,121,70,1,180,196.5,20,16.5,160,-143.5,143.5,NaN,NaN,NaN,1784646737.57776,3350.92603776,0.980106353759766,0.0184624195098877,0.0250835418701172,0.547007083892822,0.568484783172607,0.555268287658691,0.574793100357056,0.574793100357056,-1,-1,0.596798419952393,6.62112236022949,NaN,19.5248126983643,6.30831718444824,Instruction,Right,Left,Left,Right,Left,1,0,0,0,0,NaN,NaN,NaN,NaN,NaN,NaN,NaN,NaN,1,1,0,1,0,0,820,NaN,20260721_t1029_srsSmooth_training_B009,16,NaN,37.3892042517662,1.54459357261658,NaN,NaN,NaN,0,NaN,NaN,NaN,NaN,0
20260721_t1029_srsSmooth_training,srs_smooth_training,trial0821.mat,821,821,820,9,17,16,96,76,20,8,1,0,2,1,7,16869,1,1,2,1,1,2,1,2,1,2,SINGLE_T1_CORRECT,10,455,1,0,3,1,1,0,186,120,186,120,66,186,1,180,16.5,193.5,163.5,13.5,150,150,NaN,NaN,NaN,1784646740.12734,3353.4754346,1.09531784057617,0.0189886093139648,0.0208542346954346,0.547085523605347,0.569010257720947,0.555381059646606,0.575390338897705,0.575390338897705,-1,-1,0.597338199615479,1.86562538146973,NaN,20.0092792510986,6.38008117675781,Instruction,Left,Right,Left,Left,Left,1,0,0,0,0,NaN,NaN,NaN,NaN,NaN,NaN,NaN,NaN,0,0,0,1,1,0,821,NaN,20260721_t1029_srsSmooth_training_B009,17,NaN,37.4316971699397,1.56946873664856,NaN,NaN,NaN,0,NaN,NaN,NaN,NaN,0
20260721_t1029_srsSmooth_training,srs_smooth_training,trial0822.mat,822,822,821,9,18,17,96,76,20,8,1,0,2,1,6,22419,1,1,2,1,1,2,1,2,1,2,SINGLE_T1_CORRECT,10,455,1,0,2,1,1,0,186,84,186,84,102,186,1,0,191,19.5,169,19.5,149.5,149.5,NaN,NaN,NaN,1784646742.79206,3356.14021204,1.14949703216553,0.0127084255218506,0.0136911869049072,0.632609367370605,0.646066665649414,0.641182899475098,0.647082805633545,0.647082805633545,-1,-1,0.665059566497803,0.982761383056641,NaN,5.89990615844727,1.01613998413086,Instruction,Left,Right,Left,Left,Left,1,0,0,0,0,NaN,NaN,NaN,NaN,NaN,NaN,NaN,NaN,0,0,0,1,1,0,822,NaN,20260721_t1029_srsSmooth_training_B009,18,NaN,37.4761091510455,1.56940102577209,NaN,NaN,NaN,0,NaN,NaN,NaN,NaN,0
20260721_t1029_srsSmooth_training,srs_smooth_training,trial0823.mat,823,823,822,9,19,18,96,76,20,8,1,0,1,1,1,21706,1,1,1,2,1,1,1,1,1,1,SINGLE_T1_CORRECT,10,455,1,0,3,1,1,0,173,116,173,116,57,173,1,0,192,16.5,168,16.5,151.5,151.5,NaN,NaN,NaN,1784646745.51598,3358.86400676,1.0833113193512,0.013887882232666,0.0156402587890625,0.566934585571289,0.588911294937134,0.575393199920654,0.594914197921753,0.594914197921753,-1,-1,0.617183208465576,1.75237655639648,NaN,19.5209980010986,6.00290298461914,Instruction,Right,Left,Right,Right,Right,1,0,0,0,0,NaN,NaN,NaN,NaN,NaN,NaN,NaN,NaN,1,1,1,1,1,0,823,NaN,20260721_t1029_srsSmooth_training_B009,19,NaN,37.5215079585711,1.57443141937256,NaN,NaN,NaN,0,NaN,NaN,NaN,NaN,0
20260721_t1029_srsSmooth_training,srs_smooth_training,trial0824.mat,824,824,823,9,20,19,96,76,20,8,1,0,2,1,10,21194,1,1,2,1,1,2,1,2,1,2,SINGLE_T1_CORRECT,10,455,1,0,4,1,1,0,193,95,193,95,98,193,1,0,196,16,164,16,148,148,NaN,NaN,NaN,1784646748.15149,3361.49940496,1.36251020431519,0.0201559066772461,0.0257761478424072,0.815140247344971,0.836854934692383,0.823439836502075,0.848120927810669,0.848120927810669,-1,-1,0.864137649536133,5.62024116516113,NaN,24.6810913085938,11.2659931182861,Instruction,Left,Right,Left,Left,Left,1,0,0,0,0,NaN,NaN,NaN,NaN,NaN,NaN,NaN,NaN,0,0,0,1,1,0,824,NaN,20260721_t1029_srsSmooth_training_B009,20,NaN,37.5654330293338,1.55219292640686,NaN,NaN,NaN,0,NaN,NaN,NaN,NaN,0
20260721_t1029_srsSmooth_training,srs_smooth_training,trial0825.mat,825,825,824,9,21,20,96,76,20,8,1,2,8,2,87,7112,2,0,2,1,1,2,2,1,1,2,CHOSE_LOW_SAL,2,455,1,0,3,1,1,0,207,130,207,130,77,207,1,0,20,198,20,162,-142,142,NaN,NaN,NaN,1784646751.06265,3364.4105884,1.09510207176208,0.0174465179443359,0.0233380794525146,0.54552149772644,0.567468881607056,0.554266452789307,0.569087505340576,0.569087505340576,-1,-1,0.587043523788452,5.89156150817871,NaN,14.8210525512695,1.61862373352051,Conflict,Left,Right,Left,Left,Right,0,1,0,1,1,0,1,1,0,1,0,0,1,0,0,1,1,0,1,825,645,20260721_t1029_srsSmooth_training_B009,21,1,37.6139523148537,1.54864692687988,2,1,178,0,1,1,0,0,0
20260721_t1029_srsSmooth_training,srs_smooth_training,trial0826.mat,826,826,825,9,22,21,96,76,20,8,1,2,7,2,62,28375,2,0,1,2,1,1,2,2,1,1,CHOSE_LOW_SAL,2,455,1,0,4,1,1,0,192,91,192,91,101,192,1,180,192,11,12,169,-157,157,NaN,NaN,NaN,1784646753.71759,3367.06569,1.23236346244812,0.012606143951416,0.0137522220611572,0.690941095352173,0.712634325027466,0.699331521987915,0.718378067016602,0.718378067016602,-1,-1,0.740408182144165,1.14607810974121,NaN,19.0465450286865,5.74374198913574,Conflict,Right,Left,Right,Right,Left,0,1,0,1,1,1,1,1,0,0,0,0,1,1,1,0,1,0,1,826,646,20260721_t1029_srsSmooth_training_B009,22,2,37.6582014083862,1.55984354019165,1,2,207,1,0,1,1,0,0
20260721_t1029_srsSmooth_training,srs_smooth_training,trial0827.mat,827,827,826,9,23,22,96,76,20,8,1,1,6,2,43,1540,2,0,2,1,1,2,1,2,1,2,CHOSE_HIGH_SAL,1,455,1,0,4,1,1,0,201,97,201,97,104,201,1,0,191,13.5,169,13.5,155.5,155.5,NaN,NaN,NaN,1784646756.50746,3369.8552028,1.14336466789246,0.014517068862915,0.0161304473876953,0.592537641525269,0.614541292190552,0.600968360900879,0.618741750717163,0.618741750717163,-1,-1,0.642410278320312,1.61337852478027,NaN,17.7733898162842,4.20045852661133,Congruent,Left,Right,Left,Left,Left,0,1,1,0,1,0,1,1,1,1,0,0,0,0,0,0,1,1,1,827,647,20260721_t1029_srsSmooth_training_B009,23,3,37.7046991904577,1.55750346183777,1,1,192,1,0,1,1,0,0
20260721_t1029_srsSmooth_training,srs_smooth_training,trial0828.mat,828,828,827,9,24,23,96,76,20,8,1,2,7,2,76,9145,2,0,1,2,1,1,2,2,1,1,CHOSE_LOW_SAL,2,455,1,0,3,1,1,0,198,119,198,119,79,198,1,180,197.5,12.5,17.5,167.5,-150,150,NaN,NaN,NaN,1784646759.22199,3372.56969096,1.34568047523499,0.0167593955993652,0.0227067470550537,0.778161525726318,0.800124406814575,0.786529541015625,0.801286935806274,0.801286935806274,-1,-1,0.819275856018066,5.94735145568848,NaN,14.7573947906494,1.16252899169922,Conflict,Right,Left,Right,Right,Left,0,1,0,1,1,1,1,1,0,0,0,0,1,1,1,0,1,0,1,828,648,20260721_t1029_srsSmooth_training_B009,24,4,37.7499413847923,1.5711669921875,1,2,201,1,0,1,1,0,0
20260721_t1029_srsSmooth_training,srs_smooth_training,trial0829.mat,829,829,828,9,25,24,96,76,20,8,1,2,7,2,67,10567,2,0,1,2,1,1,2,2,1,1,CHOSE_LOW_SAL,2,455,1,0,5,1,1,0,204,101,204,101,103,204,1,180,192.5,12,12.5,168,-155.5,155.5,NaN,NaN,NaN,1784646762.11267,3375.46048296,1.13841700553894,0.0178658962249756,0.0196487903594971,0.546262979507446,0.567887783050537,0.554123878479004,0.573638200759888,0.573638200759888,-1,-1,0.60114860534668,1.78289413452148,NaN,19.5143222808838,5.75041770935059,Conflict,Right,Left,Right,Right,Left,0,1,0,1,1,1,1,1,0,0,0,0,1,1,1,0,1,0,1,829,649,20260721_t1029_srsSmooth_training_B009,25,5,37.798119310538,1.54499506950378,1,1,198,1,0,0,1,1,0
20260721_t1029_srsSmooth_training,srs_smooth_training,trial0830.mat,830,830,829,9,26,25,96,76,20,8,1,1,5,2,27,9636,2,0,1,2,1,1,1,1,1,1,CHOSE_HIGH_SAL,1,455,1,0,5,1,1,0,195,94,195,94,101,195,1,180,19,193,161,13,148,148,NaN,NaN,NaN,1784646764.75572,3378.1034078,1.37524485588074,0.0165784358978271,0.0183863639831543,0.786914110183716,0.808276653289795,0.795171976089478,0.814284563064575,0.814284563064575,-1,-1,0.843590974807739,1.80792808532715,NaN,19.1125869750977,6.00790977478027,Congruent,Right,Left,Right,Right,Right,0,1,1,0,1,1,1,1,1,0,0,0,0,1,1,1,1,1,1,830,650,20260721_t1029_srsSmooth_training_B009,26,6,37.8421702861786,1.50464153289795,1,1,204,1,0,0,1,1,0
20260721_t1029_srsSmooth_training,srs_smooth_training,trial0831.mat,831,831,830,9,27,26,96,76,20,8,1,1,6,2,48,22692,2,0,2,1,1,2,1,2,1,2,CHOSE_HIGH_SAL,1,455,1,0,2,1,1,0,191,118,191,118,73,191,1,0,194,10.5,166,10.5,155.5,155.5,NaN,NaN,NaN,1784646767.69731,3381.04487016,1.14878273010254,0.0167734622955322,0.0193965435028076,0.595246553421021,0.608463525772095,0.603306531906128,0.609601736068726,0.609601736068726,-1,-1,0.627509117126465,2.62308120727539,NaN,6.29520416259766,1.13821029663086,Congruent,Left,Right,Left,Left,Left,0,1,1,0,1,0,1,1,1,1,0,0,0,0,0,0,1,1,1,831,651,20260721_t1029_srsSmooth_training_B009,27,7,37.8911967515945,1.56634306907654,1,1,195,1,0,1,1,0,0
20260721_t1029_srsSmooth_training,srs_smooth_training,trial0832.mat,832,832,831,9,28,27,96,76,20,8,1,2,8,2,94,31533,2,0,2,1,1,2,2,1,1,2,CHOSE_LOW_SAL,2,455,1,0,2,1,1,0,166,83,166,83,83,166,1,180,196,10.5,16,169.5,-153.5,153.5,NaN,NaN,NaN,1784646770.37615,3383.7236912,1.0739574432373,0.013042688369751,0.0146684646606445,0.557771921157837,0.579731225967407,0.566532611846924,0.585799694061279,0.585799694061279,-1,-1,0.607673406600952,1.62577629089355,NaN,19.2670822143555,6.06846809387207,Conflict,Left,Right,Left,Left,Right,0,1,0,1,1,0,1,1,0,1,0,0,1,0,0,1,1,0,1,832,652,20260721_t1029_srsSmooth_training_B009,28,8,37.9358440359433,1.53005433082581,1,2,191,1,0,0,1,1,0
20260721_t1029_srsSmooth_training,srs_smooth_training,trial0833.mat,833,833,832,9,29,28,96,76,20,8,1,1,6,2,41,28227,2,0,2,1,1,2,1,2,1,2,CHOSE_HIGH_SAL,1,455,1,0,5,1,1,0,176,107,176,107,69,176,1,0,192.5,15.5,167.5,15.5,152,152,NaN,NaN,NaN,1784646773.01075,3386.35834032,1.1981737613678,0.0118801593780518,0.0134949684143066,0.631929874420166,0.653572082519531,0.640092134475708,0.659675121307373,0.659675121307373,-1,-1,0.689577341079712,1.61480903625488,NaN,19.582986831665,6.1030387878418,Congruent,Left,Right,Left,Left,Left,0,1,1,0,1,0,1,1,1,1,0,0,0,0,0,0,1,1,1,833,653,20260721_t1029_srsSmooth_training_B009,29,9,37.9797540267309,1.56064200401306,1,2,166,1,0,0,1,1,0
20260721_t1029_srsSmooth_training,srs_smooth_training,trial0834.mat,834,834,833,9,30,29,96,76,20,8,1,2,7,2,66,2186,2,0,1,2,1,1,2,2,1,1,CHOSE_LOW_SAL,2,455,1,0,1,1,1,0,196,116,196,116,80,196,1,180,196.5,14,16.5,166,-149.5,149.5,NaN,NaN,NaN,1784646775.75824,3389.10572304,1.16758728027344,0.0144948959350586,0.0159852504730225,0.62580418586731,0.639519929885864,0.634174585342407,0.640446901321411,0.640446901321411,-1,-1,0.658337831497192,1.49035453796387,NaN,6.27231597900391,0.926971435546875,Conflict,Right,Left,Right,Right,Left,0,1,0,1,1,1,1,1,0,0,0,0,1,1,1,0,1,0,1,834,654,20260721_t1029_srsSmooth_training_B009,30,10,38.0255455811818,1.54931950569153,1,2,176,1,0,1,1,0,0
20260721_t1029_srsSmooth_training,srs_smooth_training,trial0835.mat,835,835,834,9,31,30,96,76,20,8,1,2,7,2,61,28518,2,0,1,2,1,1,2,2,1,1,CHOSE_LOW_SAL,2,455,1,0,4,1,1,0,176,115,176,115,61,176,1,180,196,13,16,167,-151,151,NaN,NaN,NaN,1784646778.44806,3391.79555628,1.17903566360474,0.0164499282836914,0.021944522857666,0.611696481704712,0.633140802383423,0.620085716247559,0.639131546020508,0.639131546020508,-1,-1,0.661181449890137,5.49459457397461,NaN,19.0458297729492,5.99074363708496,Conflict,Right,Left,Right,Right,Left,0,1,0,1,1,1,1,1,0,0,0,0,1,1,1,0,1,0,1,835,655,20260721_t1029_srsSmooth_training_B009,31,11,38.0703758835793,1.52223086357117,1,1,196,1,0,0,1,1,0
20260721_t1029_srsSmooth_training,srs_smooth_training,trial0836.mat,836,836,835,9,32,31,96,76,20,8,1,1,6,2,51,18770,2,0,2,1,1,2,1,2,1,2,CHOSE_HIGH_SAL,1,455,1,0,5,1,1,0,190,103,190,103,87,190,1,0,192,15.5,168,15.5,152.5,152.5,NaN,NaN,NaN,1784646781.19198,3394.53937068,1.08414077758789,0.0143017768859863,0.0159177780151367,0.534576177597046,0.555989742279053,0.542770385742188,0.561954259872437,0.561954259872437,-1,-1,0.590879917144775,1.61600112915039,NaN,19.183874130249,5.96451759338379,Congruent,Left,Right,Left,Left,Left,0,1,1,0,1,0,1,1,1,1,0,0,0,0,0,0,1,1,1,836,656,20260721_t1029_srsSmooth_training_B009,32,12,38.1161079327265,1.56488728523254,1,1,176,1,0,1,1,0,0
20260721_t1029_srsSmooth_training,srs_smooth_training,trial0837.mat,837,837,836,9,33,32,96,76,20,8,1,1,5,2,33,15502,2,0,1,2,1,1,1,1,1,1,CHOSE_HIGH_SAL,1,455,1,0,1,1,1,0,194,97,194,97,97,194,1,180,13,198,167,18,149,149,NaN,NaN,NaN,1784646783.83202,3397.1792948,1.07797884941101,0.0160379409790039,0.0170071125030518,0.543867588043213,0.566060066223145,0.552714586257935,0.571707487106323,0.571707487106323,-1,-1,0.585817813873291,0.969171524047852,NaN,18.9929008483887,5.64742088317871,Congruent,Right,Left,Right,Right,Right,0,1,1,0,1,1,1,1,1,0,0,0,0,1,1,1,1,1,1,837,657,20260721_t1029_srsSmooth_training_B009,33,13,38.160108490785,1.55589270591736,1,2,190,1,0,1,1,0,0
20260721_t1029_srsSmooth_training,srs_smooth_training,trial0838.mat,838,838,837,9,34,33,96,76,20,8,1,2,8,2,88,21931,2,0,2,1,1,2,2,1,1,2,CHOSE_LOW_SAL,2,455,1,0,3,1,1,0,207,104,207,104,103,207,1,0,17.5,197.5,17.5,162.5,-145,145,NaN,NaN,NaN,1784646786.45473,3399.80211692,1.3133020401001,0.0184237957000732,0.0199902057647705,0.754897594451904,0.77678656578064,0.763241529464722,0.782531261444092,0.782531261444092,-1,-1,0.810760736465454,1.56641006469727,NaN,19.2897319793701,5.74469566345215,Conflict,Left,Right,Left,Left,Right,0,1,0,1,1,0,1,1,0,1,0,0,1,0,0,1,1,0,1,838,658,20260721_t1029_srsSmooth_training_B009,34,14,38.203820447127,1.54473853111267,1,1,194,1,0,1,1,0,0
20260721_t1029_srsSmooth_training,srs_smooth_training,trial0839.mat,839,839,838,9,35,34,96,76,20,8,1,2,8,2,78,20576,2,0,2,1,1,2,2,1,1,2,CHOSE_LOW_SAL,2,455,1,0,4,1,1,0,180,118,180,118,62,180,1,180,190.5,10,10.5,170,-159.5,159.5,NaN,NaN,NaN,1784646789.30222,3402.64948156,1.10850691795349,0.0127153396606445,0.0185549259185791,0.563669919967651,0.579404592514038,0.572429418563843,0.580374717712402,0.580374717712402,-1,-1,0.598406314849854,5.83958625793457,NaN,7.94529914855957,0.970125198364258,Conflict,Left,Right,Left,Left,Right,0,1,0,1,1,0,1,1,0,1,0,0,1,0,0,1,1,0,1,839,659,20260721_t1029_srsSmooth_training_B009,35,15,38.2512785514196,1.534184217453,1,2,207,1,0,0,1,1,0
20260721_t1029_srsSmooth_training,srs_smooth_training,trial0840.mat,840,840,839,9,36,35,96,76,20,8,1,2,7,2,65,11514,2,0,1,2,1,1,2,2,1,1,CHOSE_LOW_SAL,2,455,1,0,2,1,1,0,181,90,181,90,91,181,1,180,198,19.5,18,160.5,-142.5,142.5,NaN,NaN,NaN,1784646791.98282,3405.32997812,1.18206715583801,0.0155544281005859,0.017085075378418,0.652161836624146,0.673913478851318,0.660423994064331,0.679349422454834,0.679349422454834,-1,-1,0.701092481613159,1.53064727783203,NaN,18.9254283905029,5.43594360351562,Conflict,Right,Left,Right,Right,Left,0,1,0,1,1,1,1,1,0,0,0,0,1,1,1,0,1,0,1,840,660,20260721_t1029_srsSmooth_training_B009,36,16,38.2959552049637,1.57209229469299,1,2,180,1,0,1,1,0,0
20260721_t1029_srsSmooth_training,srs_smooth_training,trial0841.mat,841,841,840,9,37,36,96,76,20,8,1,2,7,2,59,1865,2,0,1,2,1,1,2,2,1,1,CHOSE_LOW_SAL,2,455,1,0,4,1,1,0,178,105,178,105,73,178,1,180,196.5,19.5,16.5,160.5,-144,144,NaN,NaN,NaN,1784646794.69652,3408.04357592,1.32111620903015,0.018622875213623,0.0203347206115723,0.780385732650757,0.801987886428833,0.788712739944458,0.80776834487915,0.80776834487915,-1,-1,0.829992532730103,1.71184539794922,NaN,19.0556049346924,5.78045845031738,Conflict,Right,Left,Right,Right,Left,0,1,0,1,1,1,1,1,0,0,0,0,1,1,1,0,1,0,1,841,661,20260721_t1029_srsSmooth_training_B009,37,17,38.3411835988363,1.53163647651672,1,1,181,1,0,0,1,1,0
20260721_t1029_srsSmooth_training,srs_smooth_training,trial0842.mat,842,842,841,9,38,37,96,76,20,8,1,1,6,2,58,28082,2,0,2,1,1,2,1,2,1,2,CHOSE_HIGH_SAL,1,455,1,0,5,1,1,0,203,93,203,93,110,203,1,0,195,18,165,18,147,147,NaN,NaN,NaN,1784646797.58732,3410.93436044,1.13106060028076,0.0196094512939453,0.0215697288513184,0.554206371307373,0.577964544296265,0.564583778381348,0.583133220672607,0.583133220672607,-1,-1,0.612372159957886,1.96027755737305,NaN,18.5494422912598,5.16867637634277,Congruent,Left,Right,Left,Left,Left,0,1,1,0,1,0,1,1,1,1,0,0,0,0,0,0,1,1,1,842,662,20260721_t1029_srsSmooth_training_B009,38,18,38.3893634875615,1.56967711448669,1,1,178,1,0,1,1,0,0
20260721_t1029_srsSmooth_training,srs_smooth_training,trial0843.mat,843,843,842,9,39,38,96,76,20,8,1,1,6,2,47,3717,2,0,2,1,1,2,1,2,1,2,CHOSE_HIGH_SAL,1,455,1,0,2,1,1,0,156,90,156,90,66,156,1,180,20,191,160,11,149,149,NaN,NaN,NaN,1784646800.29334,3413.64033824,1.18931365013123,0.0136897563934326,0.0153660774230957,0.666699409484863,0.680382013320923,0.675088167190552,0.683027267456055,0.683027267456055,-1,-1,0.69972038269043,1.67632102966309,NaN,7.93910026550293,2.64525413513184,Congruent,Left,Right,Left,Left,Left,0,1,1,0,1,0,1,1,1,1,0,0,0,0,0,0,1,1,1,843,663,20260721_t1029_srsSmooth_training_B009,39,19,38.4344638943672,1.57496380805969,1,2,203,1,0,0,1,1,0
20260721_t1029_srsSmooth_training,srs_smooth_training,trial0844.mat,844,844,843,9,40,39,96,76,20,8,1,1,6,2,56,30403,2,0,2,1,1,2,1,2,1,2,CHOSE_HIGH_SAL,1,455,1,0,1,1,1,0,200,122,200,122,78,200,1,0,198.5,18.5,161.5,18.5,143,143,NaN,NaN,NaN,1784646803.01289,3416.35980592,1.19715094566345,0.0192420482635498,0.021221399307251,0.655681848526001,0.677601337432861,0.663719177246094,0.681333065032959,0.681333065032959,-1,-1,0.696337699890137,1.97935104370117,NaN,17.6138877868652,3.73172760009766,Congruent,Left,Right,Left,Left,Left,0,1,1,0,1,0,1,1,1,1,0,0,0,0,0,0,1,1,1,844,664,20260721_t1029_srsSmooth_training_B009,40,20,38.4797897895177,1.53024005889893,1,2,156,1,0,0,1,1,0
20260721_t1029_srsSmooth_training,srs_smooth_training,trial0845.mat,845,845,844,9,41,40,96,76,20,8,1,2,8,2,82,32301,2,0,2,1,1,2,2,1,1,2,CHOSE_LOW_SAL,2,455,1,0,4,1,1,0,193,118,193,118,75,193,1,180,199,10,19,170,-151,151,NaN,NaN,NaN,1784646805.71154,3419.05856944,1.1824254989624,0.0123703479766846,0.013242244720459,0.597176074981689,0.620727300643921,0.607443332672119,0.626481533050537,0.626481533050537,-1,-1,0.656817436218262,0.871896743774414,NaN,19.038200378418,5.75423240661621,Conflict,Left,Right,Left,Left,Right,0,1,0,1,1,0,1,1,0,1,0,0,1,0,0,1,1,0,1,845,665,20260721_t1029_srsSmooth_training_B009,41,21,38.5247671723366,1.50149202346802,1,2,200,1,0,0,1,1,0
20260721_t1029_srsSmooth_training,srs_smooth_training,trial0846.mat,846,846,845,9,42,41,96,76,20,8,1,2,7,2,75,19455,2,0,1,2,1,1,2,2,1,1,CHOSE_LOW_SAL,2,455,1,0,6,1,1,0,159,87,159,87,72,159,1,0,11,199.5,11,160.5,-149.5,149.5,NaN,NaN,NaN,1784646808.44054,3421.787401,1.20347738265991,0.0168125629425049,0.0223424434661865,0.686472654342651,0.708505630493164,0.694754123687744,0.714436292648315,0.714436292648315,-1,-1,0.743957757949829,5.52988052368164,NaN,19.6821689605713,5.93066215515137,Conflict,Right,Left,Right,Right,Left,0,1,0,1,1,1,1,1,0,0,0,0,1,1,1,0,1,0,1,846,666,20260721_t1029_srsSmooth_training_B009,42,22,38.5702504674594,1.54657220840454,1,2,193,1,0,1,1,0,0
20260721_t1029_srsSmooth_training,srs_smooth_training,trial0847.mat,847,847,846,9,43,42,96,76,20,8,1,1,6,2,57,11673,2,0,2,1,1,2,1,2,1,2,CHOSE_HIGH_SAL,1,455,1,0,4,1,1,0,181,99,181,99,82,181,1,180,15,196,165,16,149,149,NaN,NaN,NaN,1784646811.19215,3424.53889588,1.21412420272827,0.0153086185455322,0.016721248626709,0.651884794235229,0.673668622970581,0.66013765335083,0.679006338119507,0.679006338119507,-1,-1,0.701746702194214,1.41263008117676,NaN,18.8686847686768,5.33771514892578,Congruent,Left,Right,Left,Left,Left,0,1,1,0,1,0,1,1,1,1,0,0,0,0,0,0,1,1,1,847,667,20260721_t1029_srsSmooth_training_B009,43,23,38.6161106308301,1.54813241958618,1,1,159,1,0,1,1,0,0
20260721_t1029_srsSmooth_training,srs_smooth_training,trial0848.mat,848,848,847,9,44,43,96,76,20,8,1,1,6,2,40,22424,2,0,2,1,1,2,1,2,1,2,CHOSE_HIGH_SAL,1,455,1,0,3,1,1,0,177,114,177,114,63,177,1,180,13.5,200,166.5,20,146.5,146.5,NaN,NaN,NaN,1784646813.97579,3427.32252236,1.28531455993652,0.0151059627532959,0.016505241394043,0.741426467895508,0.756800889968872,0.749889135360718,0.758756160736084,0.758756160736084,-1,-1,0.77738356590271,1.39927864074707,NaN,8.86702537536621,1.95527076721191,Congruent,Left,Right,Left,Left,Left,0,1,1,0,1,0,1,1,1,1,0,0,0,0,0,0,1,1,1,848,668,20260721_t1029_srsSmooth_training_B009,44,24,38.6625047127406,1.5695207118988,1,2,181,1,0,0,1,1,0
20260721_t1029_srsSmooth_training,srs_smooth_training,trial0849.mat,849,849,848,9,45,44,96,76,20,8,1,2,8,2,91,30637,2,0,2,1,1,2,2,1,1,2,CHOSE_LOW_SAL,2,455,1,0,4,1,1,0,173,104,173,104,69,173,1,0,15,192,15,168,-153,153,NaN,NaN,NaN,1784646816.80276,3430.1493136,1.16969156265259,0.0215787887573242,0.0252156257629395,0.608106851577759,0.629936218261719,0.616435766220093,0.634636402130127,0.634636402130127,-1,-1,0.658575296401978,3.63683700561523,NaN,18.2006359100342,4.7001838684082,Conflict,Left,Right,Left,Left,Right,0,1,0,1,1,0,1,1,0,1,0,0,1,0,0,1,1,0,1,849,669,20260721_t1029_srsSmooth_training_B009,45,25,38.709620877107,1.54165530204773,1,2,177,1,0,0,1,1,0
20260721_t1029_srsSmooth_training,srs_smooth_training,trial0850.mat,850,850,849,9,46,45,96,76,20,8,1,1,6,2,46,12259,2,0,2,1,1,2,1,2,1,2,CHOSE_HIGH_SAL,1,455,1,0,6,1,1,0,213,123,213,123,90,213,1,0,194,19.5,166,19.5,146.5,146.5,NaN,NaN,NaN,1784646819.5428,3432.88945936,1.16782927513123,0.0149750709533691,0.0197005271911621,0.576684236526489,0.598330974578857,0.584938526153564,0.604013681411743,0.604013681411743,-1,-1,0.632702589035034,4.72545623779297,NaN,19.0751552581787,5.68270683288574,Congruent,Left,Right,Left,Left,Left,0,1,1,0,1,0,1,1,1,1,0,0,0,0,0,0,1,1,1,850,670,20260721_t1029_srsSmooth_training_B009,46,26,38.7552882790566,1.57035255432129,1,2,173,1,0,0,1,1,0
20260721_t1029_srsSmooth_training,srs_smooth_training,trial0851.mat,851,851,850,9,47,46,96,76,20,8,1,1,5,2,29,14535,2,0,1,2,1,1,1,1,1,1,CHOSE_HIGH_SAL,1,455,1,0,1,1,1,0,200,86,200,86,114,200,1,180,14.5,197,165.5,17,148.5,148.5,NaN,NaN,NaN,1784646822.28781,3435.6343796,1.34876465797424,0.0200760364532471,0.0253827571868896,0.798190355300903,0.811774015426636,0.806508779525757,0.812495946884155,0.812495946884155,-1,-1,0.830636024475098,5.30672073364258,NaN,5.98716735839844,0.721931457519531,Congruent,Right,Left,Right,Right,Right,0,1,1,0,1,1,1,1,1,0,0,0,0,1,1,1,1,1,1,851,671,20260721_t1029_srsSmooth_training_B009,47,27,38.8010383605957,1.57717561721802,1,2,213,1,0,1,1,0,0
20260721_t1029_srsSmooth_training,srs_smooth_training,trial0852.mat,852,852,851,9,48,47,96,76,20,8,1,1,5,2,34,8944,2,0,1,2,1,1,1,1,1,1,CHOSE_HIGH_SAL,1,455,1,0,4,1,1,0,196,105,196,105,91,196,1,180,15.5,192,164.5,12,152.5,152.5,NaN,NaN,NaN,1784646825.19998,3438.5465214,1.33609843254089,0.0163567066192627,0.0214319229125977,0.786269903182983,0.808053970336914,0.794647693634033,0.812427282333374,0.812427282333374,-1,-1,0.828289270401001,5.07521629333496,NaN,17.7795886993408,4.37331199645996,Congruent,Right,Left,Right,Right,Right,0,1,1,0,1,1,1,1,1,0,0,0,0,1,1,1,1,1,1,852,672,20260721_t1029_srsSmooth_training_B009,48,28,38.8495744625727,1.56340146064758,1,1,200,1,0,0,1,1,0
20260721_t1029_srsSmooth_training,srs_smooth_training,trial0853.mat,853,853,852,9,49,48,96,76,20,8,1,2,8,2,96,22351,2,0,2,1,1,2,2,1,1,2,CHOSE_LOW_SAL,2,455,1,0,5,1,1,0,244,110,244,110,134,244,1,180,192.5,11.5,12.5,168.5,-156,156,NaN,NaN,NaN,1784646828.10521,3441.45162104,1.28122663497925,0.0195670127868652,0.0263915061950684,0.656033515930176,0.677926063537598,0.664534330368042,0.683395624160767,0.683395624160767,-1,-1,0.70585560798645,6.82449340820312,NaN,18.8612937927246,5.46956062316895,Conflict,Left,Right,Left,Left,Right,0,1,0,1,1,0,1,1,0,1,0,0,1,0,0,1,1,0,1,853,673,20260721_t1029_srsSmooth_training_B009,49,29,38.8979950626691,1.56913757324219,1,1,196,1,0,1,1,0,0
20260721_t1029_srsSmooth_training,srs_smooth_training,trial0854.mat,854,854,853,9,50,49,96,76,20,8,1,1,5,2,31,12330,2,0,1,2,1,1,1,1,1,1,CHOSE_HIGH_SAL,1,455,1,0,6,1,1,0,177,131,177,131,46,177,1,0,195.5,11,164.5,11,153.5,153.5,NaN,NaN,NaN,1784646830.96357,3444.3099748,1.2144660949707,0.0196475982666016,0.0215194225311279,0.647488117218018,0.669672727584839,0.656295299530029,0.675334453582764,0.675334453582764,-1,-1,0.704993963241577,1.87182426452637,NaN,19.0391540527344,5.6617259979248,Congruent,Right,Left,Right,Right,Right,0,1,1,0,1,1,1,1,1,0,0,0,0,1,1,1,1,1,1,854,674,20260721_t1029_srsSmooth_training_B009,50,30,38.9456344485283,1.57713651657104,1,2,244,1,0,1,1,0,0
20260721_t1029_srsSmooth_training,srs_smooth_training,trial0855.mat,855,855,854,9,51,50,96,76,20,8,1,2,7,2,77,18340,2,0,1,2,1,1,2,2,1,1,CHOSE_LOW_SAL,2,455,1,0,2,1,1,0,173,97,173,97,76,173,1,180,191.5,10,11.5,170,-158.5,158.5,NaN,NaN,NaN,1784646833.73055,3447.0769468,1.30665230751038,0.0111126899719238,0.0127098560333252,0.780817985534668,0.802810430526733,0.789358615875244,0.811899900436401,0.811899900436401,-1,-1,0.830185174942017,1.59716606140137,NaN,22.5412845611572,9.08946990966797,Conflict,Right,Left,Right,Right,Left,0,1,0,1,1,1,1,1,0,0,0,0,1,1,1,0,1,0,1,855,675,20260721_t1029_srsSmooth_training_B009,51,31,38.9917507012685,1.55250906944275,1,1,177,1,0,0,1,1,0
20260721_t1029_srsSmooth_training,srs_smooth_training,trial0856.mat,856,856,855,9,52,51,96,76,20,8,1,1,6,2,42,1660,2,0,2,1,1,2,1,2,1,2,CHOSE_HIGH_SAL,1,455,1,0,5,1,1,0,166,122,166,122,44,166,1,0,190,14.5,170,14.5,155.5,155.5,NaN,NaN,NaN,1784646836.60336,3449.94949896,1.30092263221741,0.013418436050415,0.0148513317108154,0.733468532562256,0.755114555358887,0.741644382476807,0.759168386459351,0.759168386459351,-1,-1,0.793722629547119,1.43289566040039,NaN,17.5240039825439,4.05383110046387,Congruent,Left,Right,Left,Left,Left,0,1,1,0,1,0,1,1,1,1,0,0,0,0,0,0,1,1,1,856,676,20260721_t1029_srsSmooth_training_B009,52,32,39.0396308024724,1.56615376472473,1,1,173,1,0,1,1,0,0
20260721_t1029_srsSmooth_training,srs_smooth_training,trial0857.mat,857,857,856,9,53,52,96,76,20,8,1,2,8,2,81,18079,2,0,2,1,1,2,2,1,1,2,CHOSE_LOW_SAL,2,455,1,0,6,1,1,0,178,86,178,86,92,178,1,0,10,199.5,10,160.5,-150.5,150.5,NaN,NaN,NaN,1784646839.4511,3452.79734904,1.07757520675659,0.015789270401001,0.0212996006011963,0.527750492095947,0.549142837524414,0.535880088806152,0.554804086685181,0.554804086685181,-1,-1,0.577519416809082,5.51033020019531,NaN,18.9239978790283,5.6612491607666,Conflict,Left,Right,Left,Left,Right,0,1,0,1,1,0,1,1,0,1,0,0,1,0,0,1,1,0,1,857,677,20260721_t1029_srsSmooth_training_B009,53,33,39.0870931426684,1.54681777954102,1,2,166,1,0,0,1,1,0
20260721_t1029_srsSmooth_training,srs_smooth_training,trial0858.mat,858,858,857,9,54,53,96,76,20,8,1,2,8,2,86,28618,2,0,2,1,1,2,2,1,1,2,CHOSE_LOW_SAL,2,455,1,0,0,1,1,0,188,104,188,104,84,188,1,180,191,17.5,11,162.5,-151.5,151.5,NaN,NaN,NaN,1784646842.08558,3455.43183464,1.14355969429016,0.0147402286529541,0.0200960636138916,0.591119766235352,0.606429100036621,0.599312305450439,0.608154773712158,0.608154773712158,-1,-1,0.625694990158081,5.3558349609375,NaN,8.84246826171875,1.72567367553711,Conflict,Left,Right,Left,Left,Right,0,1,0,1,1,0,1,1,0,1,0,0,1,0,0,1,1,0,1,858,678,20260721_t1029_srsSmooth_training_B009,54,34,39.1310012261073,1.55690979957581,1,2,178,1,0,0,1,1,0
20260721_t1029_srsSmooth_training,srs_smooth_training,trial0859.mat,859,859,858,9,55,54,96,76,20,8,1,2,7,2,64,21154,2,0,1,2,1,1,2,2,1,1,CHOSE_LOW_SAL,2,455,1,0,1,1,1,0,196,73,196,73,123,196,1,180,198,13,18,167,-149,149,NaN,NaN,NaN,1784646844.7626,3458.10857536,1.09952473640442,0.0128288269042969,0.0148429870605469,0.540814876556396,0.554516792297363,0.548995733261108,0.55939769744873,0.55939769744873,-1,-1,0.573651075363159,2.01416015625,NaN,10.4019641876221,4.88090515136719,Conflict,Right,Left,Right,Right,Left,0,1,0,1,1,1,1,1,0,0,0,0,1,1,1,0,1,0,1,859,679,20260721_t1029_srsSmooth_training_B009,55,35,39.1756181319555,1.53345465660095,1,2,188,1,0,1,1,0,0
20260721_t1029_srsSmooth_training,srs_smooth_training,trial0860.mat,860,860,859,9,56,55,96,76,20,8,1,2,8,2,90,3020,2,0,2,1,1,2,2,1,1,2,CHOSE_LOW_SAL,2,455,1,0,4,1,1,0,200,121,200,121,79,200,1,0,15.5,191.5,15.5,168.5,-153,153,NaN,NaN,NaN,1784646847.41026,3460.75630324,1.34254217147827,0.0152702331542969,0.0167460441589355,0.777061223983765,0.798634052276611,0.784957647323608,0.804442405700684,0.804442405700684,-1,-1,0.826358556747437,1.47581100463867,NaN,19.4847583770752,5.80835342407227,Conflict,Left,Right,Left,Left,Right,0,1,0,1,1,0,1,1,0,1,0,0,1,0,0,1,1,0,1,860,680,20260721_t1029_srsSmooth_training_B009,56,36,39.2197458227475,1.54813671112061,1,1,196,1,0,1,1,0,0
20260721_t1029_srsSmooth_training,srs_smooth_training,trial0861.mat,861,861,860,9,57,56,96,76,20,8,1,1,5,2,24,32223,2,0,1,2,1,1,1,1,1,1,CHOSE_HIGH_SAL,1,455,1,0,7,1,1,0,186,93,186,93,93,186,1,180,11,190.5,169,10.5,158.5,158.5,NaN,NaN,NaN,1784646850.28778,3463.63372196,1.29138159751892,0.0128591060638428,0.0188772678375244,0.708230257034302,0.72955322265625,0.716221332550049,0.736388683319092,0.736388683319092,-1,-1,0.764867067337036,6.01816177368164,NaN,20.167350769043,6.8354606628418,Congruent,Right,Left,Right,Right,Right,0,1,1,0,1,1,1,1,1,0,0,0,0,1,1,1,1,1,1,861,681,20260721_t1029_srsSmooth_training_B009,57,37,39.2677045583725,1.53498196601868,1,2,200,1,0,1,1,0,0
20260721_t1029_srsSmooth_training,srs_smooth_training,trial0862.mat,862,862,861,9,58,57,96,76,20,8,1,1,6,2,54,29044,2,0,2,1,1,2,1,2,1,2,CHOSE_HIGH_SAL,1,455,1,0,10,1,1,0,185,95,185,95,90,185,1,0,197.5,17.5,162.5,17.5,145,145,NaN,NaN,NaN,1784646853.10504,3466.45089804,1.31548643112183,0.0123703479766846,0.0136609077453613,0.740436315536499,0.762400388717651,0.748926162719727,0.767696619033813,0.767696619033813,-1,-1,0.798979997634888,1.29055976867676,NaN,18.7704563140869,5.29623031616211,Congruent,Left,Right,Left,Left,Left,0,1,1,0,1,0,1,1,1,1,0,0,0,0,0,0,1,1,1,862,682,20260721_t1029_srsSmooth_training_B009,58,38,39.314658955733,1.52588224411011,1,1,186,1,0,1,1,0,0
20260721_t1029_srsSmooth_training,srs_smooth_training,trial0863.mat,863,863,862,9,59,58,96,76,20,8,1,2,7,2,72,7266,2,0,1,2,1,1,2,2,1,1,CHOSE_LOW_SAL,2,455,1,0,7,1,1,0,211,114,211,114,97,211,1,0,15.5,197.5,15.5,162.5,-147,147,NaN,NaN,NaN,1784646855.98572,3469.33151796,1.23077988624573,0.0151436328887939,0.0211946964263916,0.62684440612793,0.648501634597778,0.635172605514526,0.654556751251221,0.654556751251221,-1,-1,0.683780908584595,6.05106353759766,NaN,19.3841457366943,6.05511665344238,Conflict,Right,Left,Right,Right,Left,0,1,0,1,1,1,1,1,0,0,0,0,1,1,1,0,1,0,1,863,683,20260721_t1029_srsSmooth_training_B009,59,39,39.3626701633135,1.56518602371216,1,2,185,1,0,1,1,0,0
20260721_t1029_srsSmooth_training,srs_smooth_training,trial0864.mat,864,864,863,9,60,59,96,76,20,8,1,1,5,2,35,22393,2,0,1,2,1,1,1,1,1,1,CHOSE_HIGH_SAL,1,455,1,0,2,1,1,0,192,131,192,131,61,192,1,0,196,10.5,164,10.5,153.5,153.5,NaN,NaN,NaN,1784646858.75972,3472.10568312,1.26128005981445,0.0162496566772461,0.016930103302002,0.718616962432861,0.732944488525391,0.726892471313477,0.737183332443237,0.737183332443237,-1,-1,0.765798330307007,0.680446624755859,NaN,10.2908611297607,4.23884391784668,Congruent,Right,Left,Right,Right,Right,0,1,1,0,1,1,1,1,1,0,0,0,0,1,1,1,1,1,1,864,684,20260721_t1029_srsSmooth_training_B009,60,40,39.4089035352071,1.54322242736816,1,1,211,1,0,0,1,1,0
20260721_t1029_srsSmooth_training,srs_smooth_training,trial0865.mat,865,865,864,9,61,60,96,76,20,8,1,1,5,2,22,12240,2,0,1,2,1,1,1,1,1,1,CHOSE_HIGH_SAL,1,455,1,0,5,1,1,0,173,92,173,92,81,173,1,0,191,14,169,14,155,155,NaN,NaN,NaN,1784646861.58347,3474.92927088,1.33769512176514,0.0176126956939697,0.0230755805969238,0.787597179412842,0.809309959411621,0.795629262924194,0.814661979675293,0.814661979675293,-1,-1,0.83710503578186,5.4628849029541,NaN,19.0327167510986,5.35202026367188,Congruent,Right,Left,Right,Right,Right,0,1,1,0,1,1,1,1,1,0,0,0,0,1,1,1,1,1,1,865,685,20260721_t1029_srsSmooth_training_B009,61,41,39.4559659997622,1.56246781349182,1,1,192,1,0,0,1,1,0
20260721_t1029_srsSmooth_training,srs_smooth_training,trial0866.mat,866,866,865,9,62,61,96,76,20,8,1,2,8,2,80,28410,2,0,2,1,1,2,2,1,1,2,CHOSE_LOW_SAL,2,455,1,0,4,1,1,0,180,112,180,112,68,180,1,0,11,198.5,11,161.5,-150.5,150.5,NaN,NaN,NaN,1784646864.45003,3477.79565552,1.36279535293579,0.0178287029266357,0.0195772647857666,0.795879125595093,0.817859649658203,0.804244756698608,0.823171615600586,0.823171615600586,-1,-1,0.850788116455078,1.74856185913086,NaN,18.9268589019775,5.31196594238281,Conflict,Left,Right,Left,Left,Right,0,1,0,1,1,0,1,1,0,1,0,0,1,0,0,1,1,0,1,866,686,20260721_t1029_srsSmooth_training_B009,62,42,39.50374203523,1.52886700630188,1,1,173,1,0,1,1,0,0
20260721_t1029_srsSmooth_training,srs_smooth_training,trial0867.mat,867,867,866,9,63,62,96,76,20,8,1,1,6,2,50,9230,2,0,2,1,1,2,1,2,1,2,CHOSE_HIGH_SAL,1,455,1,0,3,1,1,0,183,95,183,95,88,183,1,180,11,198.5,169,18.5,150.5,150.5,NaN,NaN,NaN,1784646867.3586,3480.70424544,1.10392355918884,0.017707347869873,0.019782543182373,0.537391424179077,0.559395551681519,0.545584440231323,0.563724517822266,0.563724517822266,-1,-1,0.587092876434326,2.0751953125,NaN,18.1400775909424,4.32896614074707,Congruent,Left,Right,Left,Left,Left,0,1,1,0,1,0,1,1,1,1,0,0,0,0,0,0,1,1,1,867,687,20260721_t1029_srsSmooth_training_B009,63,43,39.5522181709607,1.54577279090881,1,2,180,1,0,0,1,1,0
20260721_t1029_srsSmooth_training,srs_smooth_training,trial0868.mat,868,868,867,9,64,63,96,76,20,8,1,1,6,2,45,2354,2,0,2,1,1,2,1,2,1,2,CHOSE_HIGH_SAL,1,455,1,0,3,1,1,0,197,115,197,115,82,197,1,180,20,193,160,13,147,147,NaN,NaN,NaN,1784646869.9948,3483.34055684,1.23444104194641,0.0149424076080322,0.0195043087005615,0.690883874893188,0.706635475158691,0.699148416519165,0.707635879516602,0.707635879516602,-1,-1,0.725212097167969,4.5619010925293,NaN,8.48746299743652,1.00040435791016,Congruent,Left,Right,Left,Left,Left,0,1,1,0,1,0,1,1,1,1,0,0,0,0,0,0,1,1,1,868,688,20260721_t1029_srsSmooth_training_B009,64,44,39.5961548527082,1.53227734565735,1,2,183,1,0,0,1,1,0
20260721_t1029_srsSmooth_training,srs_smooth_training,trial0869.mat,869,869,868,9,65,64,96,76,20,8,1,2,8,2,85,30237,2,0,2,1,1,2,2,1,1,2,CHOSE_LOW_SAL,2,455,1,0,3,1,1,0,198,102,198,102,96,198,1,180,193,17.5,13,162.5,-149.5,149.5,NaN,NaN,NaN,1784646872.79472,3486.14026376,1.34318161010742,0.0151348114013672,0.0197989940643311,0.801300764083862,0.823499917984009,0.8098304271698,0.829519987106323,0.829519987106323,-1,-1,0.851376056671143,4.66418266296387,NaN,19.6895599365234,6.02006912231445,Conflict,Left,Right,Left,Left,Right,0,1,0,1,1,0,1,1,0,1,0,0,1,0,0,1,1,0,1,869,689,20260721_t1029_srsSmooth_training_B009,65,45,39.6428201317787,1.56547570228577,1,2,197,1,0,0,1,1,0
20260721_t1029_srsSmooth_training,srs_smooth_training,trial0870.mat,870,870,869,9,66,65,96,76,20,8,1,2,7,2,74,4563,2,0,1,2,1,1,2,2,1,1,CHOSE_LOW_SAL,2,455,1,0,1,1,1,0,178,107,178,107,71,178,1,0,13,197.5,13,162.5,-149.5,149.5,NaN,NaN,NaN,1784646875.73077,3489.0763692,1.25725889205933,0.0125300884246826,0.0142917633056641,0.749207496643066,0.762558937072754,0.757025241851807,0.766777276992798,0.766777276992798,-1,-1,0.78130841255188,1.76167488098145,NaN,9.75203514099121,4.21833992004395,Conflict,Right,Left,Right,Right,Left,0,1,0,1,1,1,1,1,0,0,0,0,1,1,1,0,1,0,1,870,690,20260721_t1029_srsSmooth_training_B009,66,46,39.6917543450991,1.59287118911743,1,2,198,1,0,1,1,0,0
20260721_t1029_srsSmooth_training,srs_smooth_training,trial0871.mat,871,871,870,9,67,66,96,76,20,8,1,2,7,2,60,2414,2,0,1,2,1,1,2,2,1,1,CHOSE_LOW_SAL,2,455,1,0,5,1,1,0,183,100,183,100,83,183,1,180,195,12,15,168,-153,153,NaN,NaN,NaN,1784646878.52207,3491.86741628,1.29948711395264,0.0130009651184082,0.0145730972290039,0.733356952667236,0.754696846008301,0.741856813430786,0.761397361755371,0.761397361755371,-1,-1,0.783494710922241,1.5721321105957,NaN,19.540548324585,6.70051574707031,Conflict,Right,Left,Right,Right,Left,0,1,0,1,1,1,1,1,0,0,0,0,1,1,1,0,1,0,1,871,691,20260721_t1029_srsSmooth_training_B009,67,47,39.7382760802905,1.53404521942139,1,1,178,1,0,0,1,1,0
20260721_t1029_srsSmooth_training,srs_smooth_training,trial0872.mat,872,872,871,9,68,67,96,76,20,8,1,1,5,2,25,285,2,0,1,2,1,1,1,1,1,1,CHOSE_HIGH_SAL,1,455,1,0,2,1,1,0,197,105,197,105,92,197,1,0,193,18,167,18,149,149,NaN,NaN,NaN,1784646881.36708,3494.71241584,1.19674897193909,0.0181059837341309,0.0198338031768799,0.631622076034546,0.651463747024536,0.644015073776245,0.652756929397583,0.652756929397583,-1,-1,0.670296907424927,1.72781944274902,NaN,8.74185562133789,1.29318237304688,Congruent,Right,Left,Right,Right,Right,0,1,1,0,1,1,1,1,1,0,0,0,0,1,1,1,1,1,1,872,692,20260721_t1029_srsSmooth_training_B009,68,48,39.7856928626696,1.54551982879639,1,1,183,1,0,0,1,1,0
20260721_t1029_srsSmooth_training,srs_smooth_training,trial0873.mat,873,873,872,9,69,68,96,76,20,8,1,1,5,2,36,10742,2,0,1,2,1,1,1,1,1,1,CHOSE_HIGH_SAL,1,455,1,0,4,1,1,0,176,108,176,108,68,176,1,180,19,196,161,16,145,145,NaN,NaN,NaN,1784646884.1197,3497.46500968,1.19303011894226,0.0155889987945557,0.0212123394012451,0.652309894561768,0.665614128112793,0.65798807144165,0.667200803756714,0.667200803756714,-1,-1,0.692013740539551,5.62334060668945,NaN,9.21273231506348,1.5866756439209,Congruent,Right,Left,Right,Right,Right,0,1,1,0,1,1,1,1,1,0,0,0,0,1,1,1,1,1,1,873,693,20260721_t1029_srsSmooth_training_B009,69,49,39.8315699418386,1.55587577819824,1,1,197,1,0,0,1,1,0
20260721_t1029_srsSmooth_training,srs_smooth_training,trial0874.mat,874,874,873,9,70,69,96,76,20,8,1,1,5,2,38,24063,2,0,1,2,1,1,1,1,1,1,CHOSE_HIGH_SAL,1,455,1,0,5,1,1,0,188,121,188,121,67,188,1,180,19.5,199,160.5,19,141.5,141.5,NaN,NaN,NaN,1784646886.88278,3500.2280694,1.22803711891174,0.019282341003418,0.020881175994873,0.647315263748169,0.669308423995972,0.655502319335938,0.674124717712402,0.674124717712402,-1,-1,0.705674409866333,1.59883499145508,NaN,18.6223983764648,4.81629371643066,Congruent,Right,Left,Right,Right,Right,0,1,1,0,1,1,1,1,1,0,0,0,0,1,1,1,1,1,1,874,694,20260721_t1029_srsSmooth_training_B009,70,50,39.8776212851206,1.57005047798157,1,1,176,1,0,0,1,1,0
20260721_t1029_srsSmooth_training,srs_smooth_training,trial0875.mat,875,875,874,9,71,70,96,76,20,8,1,2,8,2,84,23787,2,0,2,1,1,2,2,1,1,2,CHOSE_LOW_SAL,2,455,1,0,3,1,1,0,195,114,195,114,81,195,1,180,190.5,17.5,10.5,162.5,-152,152,NaN,NaN,NaN,1784646889.68238,3503.02742036,1.24062991142273,0.0198018550872803,0.0218110084533691,0.698035955429077,0.719829797744751,0.706413745880127,0.726489543914795,0.726489543914795,-1,-1,0.747791051864624,2.00915336608887,NaN,20.075798034668,6.65974617004395,Conflict,Left,Right,Left,Left,Right,0,1,0,1,1,0,1,1,0,1,0,0,1,0,0,1,1,0,1,875,695,20260721_t1029_srsSmooth_training_B009,71,51,39.9242811322212,1.5715537071228,1,1,188,1,0,1,1,0,0
20260721_t1029_srsSmooth_training,srs_smooth_training,trial0876.mat,876,876,875,9,72,71,96,76,20,8,1,1,5,2,39,19301,2,0,1,2,1,1,1,1,1,1,CHOSE_HIGH_SAL,1,455,1,0,2,1,1,0,174,117,174,117,57,174,1,0,199,18.5,161,18.5,142.5,142.5,NaN,NaN,NaN,1784646892.47819,3505.82329152,1.06956005096436,0.0157649517059326,0.0179083347320557,0.533509969711304,0.549118757247925,0.542131423950195,0.5499107837677,0.5499107837677,-1,-1,0.568175792694092,2.14338302612305,NaN,7.77935981750488,0.792026519775391,Congruent,Right,Left,Right,Right,Right,0,1,1,0,1,1,1,1,1,0,0,0,0,1,1,1,1,1,1,876,696,20260721_t1029_srsSmooth_training_B009,72,52,39.9708780129751,1.55518293380737,1,2,195,1,0,1,1,0,0
20260721_t1029_srsSmooth_training,srs_smooth_training,trial0877.mat,877,877,876,9,73,72,96,76,20,8,1,2,7,2,69,26711,2,0,1,2,1,1,2,2,1,1,CHOSE_LOW_SAL,2,455,1,0,2,1,1,0,192,113,192,113,79,192,1,180,195,11.5,15,168.5,-153.5,153.5,NaN,NaN,NaN,1784646895.09739,3508.4424482,1.25801086425781,0.0133342742919922,0.0175597667694092,0.697930574417114,0.713362455368042,0.706391572952271,0.714840650558472,0.714840650558472,-1,-1,0.732867240905762,4.22549247741699,NaN,8.44907760620117,1.47819519042969,Conflict,Right,Left,Right,Right,Left,0,1,0,1,1,1,1,1,0,0,0,0,1,1,1,0,1,0,1,877,697,20260721_t1029_srsSmooth_training_B009,73,53,40.0145313382149,1.54963946342468,1,1,174,1,0,0,1,1,0
20260721_t1029_srsSmooth_training,srs_smooth_training,trial0878.mat,878,878,877,9,74,73,96,76,20,8,1,2,7,2,68,31457,2,0,1,2,1,1,2,2,1,1,CHOSE_LOW_SAL,2,455,1,0,3,1,1,0,191,121,191,121,70,191,1,180,199,11,19,169,-150,150,NaN,NaN,NaN,1784646897.88921,3511.23427396,1.34358668327332,0.0132858753204346,0.0147550106048584,0.766674041748047,0.78831672668457,0.774374961853027,0.794288396835327,0.794288396835327,-1,-1,0.816278696060181,1.46913528442383,NaN,19.9134349822998,5.97167015075684,Conflict,Right,Left,Right,Right,Left,0,1,0,1,1,1,1,1,0,0,0,0,1,1,1,0,1,0,1,878,698,20260721_t1029_srsSmooth_training_B009,74,54,40.0610617478689,1.53381371498108,1,1,192,1,0,0,1,1,0
20260721_t1029_srsSmooth_training,srs_smooth_training,trial0879.mat,879,879,878,9,75,74,96,76,20,8,1,2,8,2,79,17110,2,0,2,1,1,2,2,1,1,2,CHOSE_LOW_SAL,2,455,1,0,4,1,1,0,160,109,160,109,51,160,1,180,190,20,10,160,-150,150,NaN,NaN,NaN,1784646900.75232,3514.0973474,1.17213034629822,0.0169556140899658,0.0187699794769287,0.63669753074646,0.658648729324341,0.64475679397583,0.662108421325684,0.662108421325684,-1,-1,0.692181587219238,1.81436538696289,NaN,17.3516273498535,3.45969200134277,Conflict,Left,Right,Left,Left,Right,0,1,0,1,1,0,1,1,0,1,0,0,1,0,0,1,1,0,1,879,699,20260721_t1029_srsSmooth_training_B009,75,55,40.1087802330653,1.51952242851257,1,1,191,1,0,1,1,0,0
20260721_t1029_srsSmooth_training,srs_smooth_training,trial0880.mat,880,880,879,9,76,75,96,76,20,8,1,1,5,2,30,28867,2,0,1,2,1,1,1,1,1,1,CHOSE_HIGH_SAL,1,455,1,0,6,1,1,0,192,108,192,108,84,192,1,0,198,14,162,14,148,148,NaN,NaN,NaN,1784646903.4489,3516.7938544,1.23290586471558,0.0121452808380127,0.0136027336120605,0.648875713348389,0.670504570007324,0.656980752944946,0.676816463470459,0.676816463470459,-1,-1,0.705404281616211,1.45745277404785,NaN,19.8357105255127,6.31189346313477,Congruent,Right,Left,Right,Right,Right,0,1,1,0,1,1,1,1,1,0,0,0,0,1,1,1,1,1,1,880,700,20260721_t1029_srsSmooth_training_B009,76,56,40.1537232875824,1.52445292472839,1,2,160,1,0,1,1,0,0
20260721_t1029_srsSmooth_training,srs_smooth_training,trial0881.mat,881,881,880,9,77,76,96,76,20,8,1,1,5,2,21,29613,2,0,1,2,1,1,1,1,1,1,CHOSE_HIGH_SAL,1,455,1,0,3,1,1,0,173,122,173,122,51,173,1,180,12,197.5,168,17.5,150.5,150.5,NaN,NaN,NaN,1784646906.21266,3519.5574636,1.08460831642151,0.0151669979095459,0.0200355052947998,0.584869861602783,0.598523378372192,0.591410398483276,0.600214242935181,0.600214242935181,-1,-1,0.618246078491211,4.86850738525391,NaN,8.8038444519043,1.69086456298828,Congruent,Right,Left,Right,Right,Right,0,1,1,0,1,1,1,1,1,0,0,0,0,1,1,1,1,1,1,881,701,20260721_t1029_srsSmooth_training_B009,77,57,40.1997858405113,1.5308473110199,1,1,192,1,0,0,1,1,0
20260721_t1029_srsSmooth_training,srs_smooth_training,trial0882.mat,882,882,881,9,78,77,96,76,20,8,1,2,8,2,89,2280,2,0,2,1,1,2,2,1,1,2,CHOSE_LOW_SAL,2,455,1,0,0,1,1,0,183,94,183,94,89,183,1,180,193.5,17.5,13.5,162.5,-149,149,NaN,NaN,NaN,1784646908.8181,3522.16289596,1.20056915283203,0.0181601047515869,0.0197279453277588,0.662667036056519,0.676519155502319,0.671298980712891,0.677207231521606,0.677207231521606,-1,-1,0.695226430892944,1.56784057617188,NaN,5.90825080871582,0.688076019287109,Conflict,Left,Right,Left,Left,Right,0,1,0,1,1,0,1,1,0,1,0,0,1,0,0,1,1,0,1,882,702,20260721_t1029_srsSmooth_training_B009,78,58,40.2432098944982,1.52083492279053,1,1,173,1,0,1,1,0,0
20260721_t1029_srsSmooth_training,srs_smooth_training,trial0883.mat,883,883,882,9,79,78,96,76,20,8,1,1,5,2,37,28462,2,0,1,2,1,1,1,1,1,1,CHOSE_HIGH_SAL,1,455,1,0,5,1,1,0,192,111,192,111,81,192,1,180,18.5,199.5,161.5,19.5,142,142,NaN,NaN,NaN,1784646911.55416,3524.89885244,1.26808166503906,0.0155413150787354,0.0217301845550537,0.710511922836304,0.732236385345459,0.718819379806519,0.7380211353302,0.7380211353302,-1,-1,0.760167121887207,6.18886947631836,NaN,19.2017555236816,5.78474998474121,Congruent,Right,Left,Right,Right,Right,0,1,1,0,1,1,1,1,1,0,0,0,0,1,1,1,1,1,1,883,703,20260721_t1029_srsSmooth_training_B009,79,59,40.2888108849525,1.53549027442932,1,2,183,1,0,1,1,0,0
20260721_t1029_srsSmooth_training,srs_smooth_training,trial0884.mat,884,884,883,9,80,79,96,76,20,8,1,1,6,2,52,12898,2,0,2,1,1,2,1,2,1,2,CHOSE_HIGH_SAL,1,455,1,0,0,1,1,0,205,100,205,100,105,205,1,180,16,191.5,164,11.5,152.5,152.5,NaN,NaN,NaN,1784646914.36205,3527.70668912,1.21106743812561,0.0160908699035645,0.0180974006652832,0.674901008605957,0.691117763519287,0.683624505996704,0.692314147949219,0.692314147949219,-1,-1,0.709685087203979,2.00653076171875,NaN,8.68964195251465,1.19638442993164,Congruent,Left,Right,Left,Left,Left,0,1,1,0,1,0,1,1,1,1,0,0,0,0,0,0,1,1,1,884,704,20260721_t1029_srsSmooth_training_B009,80,60,40.3356091141701,1.5398120880127,1,1,192,1,0,1,1,0,0
20260721_t1029_srsSmooth_training,srs_smooth_training,trial0885.mat,885,885,884,9,81,80,96,76,20,8,1,1,6,2,55,28607,2,0,2,1,1,2,1,2,1,2,CHOSE_HIGH_SAL,1,455,1,0,1,1,1,0,195,130,195,130,65,195,1,0,195,13.5,165,13.5,151.5,151.5,NaN,NaN,NaN,1784646917.11293,3530.45745756,1.06824779510498,0.0153226852416992,0.0171718597412109,0.541168451309204,0.557010650634766,0.551774024963379,0.5582275390625,0.5582275390625,-1,-1,0.577093601226807,1.84917449951172,NaN,6.45351409912109,1.21688842773438,Congruent,Left,Right,Left,Left,Left,0,1,1,0,1,0,1,1,1,1,0,0,0,0,0,0,1,1,1,885,705,20260721_t1029_srsSmooth_training_B009,81,61,40.3814570506414,1.53980875015259,1,2,205,1,0,0,1,1,0
20260721_t1029_srsSmooth_training,srs_smooth_training,trial0886.mat,886,886,885,9,82,81,96,76,20,8,1,2,7,2,70,15594,2,0,1,2,1,1,2,2,1,1,CHOSE_LOW_SAL,2,455,1,0,2,1,1,0,189,106,189,106,83,189,1,0,11,191.5,11,168.5,-157.5,157.5,NaN,NaN,NaN,1784646919.74868,3533.09315888,1.16647243499756,0.0130062103271484,0.014354944229126,0.607861757278442,0.621363401412964,0.616028070449829,0.622354030609131,0.622354030609131,-1,-1,0.640202283859253,1.34873390197754,NaN,6.32596015930176,0.990629196166992,Conflict,Right,Left,Right,Right,Left,0,1,0,1,1,1,1,1,0,0,0,0,1,1,1,0,1,0,1,886,706,20260721_t1029_srsSmooth_training_B009,82,62,40.4253862738609,1.56750559806824,1,2,195,1,0,1,1,0,0
20260721_t1029_srsSmooth_training,srs_smooth_training,trial0887.mat,887,887,886,9,83,82,96,76,20,8,1,1,6,2,49,30328,2,0,2,1,1,2,1,2,1,2,CHOSE_HIGH_SAL,1,455,1,0,4,1,1,0,174,96,174,96,78,174,1,0,193.5,12,166.5,12,154.5,154.5,NaN,NaN,NaN,1784646922.51497,3535.85952048,1.24996948242188,0.0134975910186768,0.0149877071380615,0.708474397659302,0.730192422866821,0.716790914535522,0.736350536346436,0.736350536346436,-1,-1,0.76417875289917,1.49011611938477,NaN,19.5596218109131,6.15811347961426,Congruent,Left,Right,Left,Left,Left,0,1,1,0,1,0,1,1,1,1,0,0,0,0,0,0,1,1,1,887,707,20260721_t1029_srsSmooth_training_B009,83,63,40.4714910189311,1.59981226921082,1,1,189,1,0,1,1,0,0
20260721_t1029_srsSmooth_training,srs_smooth_training,trial0888.mat,888,888,887,9,84,83,96,76,20,8,1,2,7,2,63,21064,2,0,1,2,1,1,2,2,1,1,CHOSE_LOW_SAL,2,455,1,0,4,1,1,0,201,100,201,100,101,201,1,180,197.5,10,17.5,170,-152.5,152.5,NaN,NaN,NaN,1784646925.31743,3538.66195416,1.16476082801819,0.0111451148986816,0.0129444599151611,0.605809211730957,0.627836227416992,0.614215850830078,0.631424188613892,0.631424188613892,-1,-1,0.661777496337891,1.79934501647949,NaN,17.2083377838135,3.58796119689941,Conflict,Right,Left,Right,Right,Left,0,1,0,1,1,1,1,1,0,0,0,0,1,1,1,0,1,0,1,888,708,20260721_t1029_srsSmooth_training_B009,84,64,40.5181987245878,1.55249285697937,1,2,174,1,0,1,1,0,0
20260721_t1029_srsSmooth_training,srs_smooth_training,trial0889.mat,889,889,888,9,85,84,96,76,20,8,1,2,7,2,71,31908,2,0,1,2,1,1,2,2,1,1,CHOSE_LOW_SAL,2,455,1,0,2,1,1,0,176,96,176,96,80,176,1,180,197.5,13.5,17.5,166.5,-149,149,NaN,NaN,NaN,1784646927.99118,3541.33561504,1.28230881690979,0.0124979019165039,0.0139515399932861,0.738763570785522,0.754194259643555,0.747187852859497,0.755302667617798,0.755302667617798,-1,-1,0.772893905639648,1.45363807678223,NaN,8.11481475830078,1.10840797424316,Conflict,Right,Left,Right,Right,Left,0,1,0,1,1,1,1,1,0,0,0,0,1,1,1,0,1,0,1,889,709,20260721_t1029_srsSmooth_training_B009,85,65,40.562761259079,1.50899124145508,1,1,201,1,0,0,1,1,0
20260721_t1029_srsSmooth_training,srs_smooth_training,trial0890.mat,890,890,889,9,86,85,96,76,20,8,1,1,6,2,53,14905,2,0,2,1,1,2,1,2,1,2,CHOSE_HIGH_SAL,1,455,1,0,1,1,1,0,201,120,201,120,81,201,1,180,17.5,198.5,162.5,18.5,144,144,NaN,NaN,NaN,1784646930.81771,3544.16208612,1.08020901679993,0.0194191932678223,0.0207464694976807,0.545811414718628,0.561107158660889,0.553940057754517,0.56262731552124,0.56262731552124,-1,-1,0.580743551254272,1.3272762298584,NaN,8.68725776672363,1.52015686035156,Congruent,Left,Right,Left,Left,Left,0,1,1,0,1,0,1,1,1,1,0,0,0,0,0,0,1,1,1,890,710,20260721_t1029_srsSmooth_training_B009,86,66,40.6098699887594,1.54421496391296,1,1,176,1,0,1,1,0,0
20260721_t1029_srsSmooth_training,srs_smooth_training,trial0891.mat,891,891,890,9,87,86,96,76,20,8,1,1,5,2,26,14821,2,0,1,2,1,1,1,1,1,1,CHOSE_HIGH_SAL,1,455,1,0,3,1,1,0,187,110,187,110,77,187,1,180,11,199,169,19,150,150,NaN,NaN,NaN,1784646933.47157,3546.81584492,1.16878008842468,0.0156590938568115,0.0250487327575684,0.633098125457764,0.657350778579712,0.644033193588257,0.663315534591675,0.663315534591675,-1,-1,0.685004234313965,9.38963890075684,NaN,19.282341003418,5.96475601196289,Congruent,Right,Left,Right,Right,Right,0,1,1,0,1,1,1,1,1,0,0,0,0,1,1,1,1,1,1,891,711,20260721_t1029_srsSmooth_training_B009,87,67,40.6541010777156,1.5736563205719,1,2,201,1,0,1,1,0,0
20260721_t1029_srsSmooth_training,srs_smooth_training,trial0892.mat,892,892,891,9,88,87,96,76,20,8,1,1,5,2,28,20094,2,0,1,2,1,1,1,1,1,1,CHOSE_HIGH_SAL,1,455,1,0,3,1,1,0,198,114,198,114,84,198,1,180,18,190,162,10,152,152,NaN,NaN,NaN,1784646936.2035,3549.54785608,1.29513001441956,0.0171706676483154,0.0184705257415771,0.711833477020264,0.733866453170776,0.720487833023071,0.739454746246338,0.739454746246338,-1,-1,0.761635780334473,1.29985809326172,NaN,18.9669132232666,5.58829307556152,Congruent,Right,Left,Right,Right,Right,0,1,1,0,1,1,1,1,1,0,0,0,0,1,1,1,1,1,1,892,712,20260721_t1029_srsSmooth_training_B009,88,68,40.6996332168579,1.56314826011658,1,1,187,1,0,0,1,1,0
20260721_t1029_srsSmooth_training,srs_smooth_training,trial0893.mat,893,893,892,9,89,88,96,76,20,8,1,2,8,2,93,23062,2,0,2,1,1,2,2,1,1,2,CHOSE_LOW_SAL,2,455,1,0,4,1,1,0,184,102,184,102,82,184,1,0,11.5,196,11.5,164,-152.5,152.5,NaN,NaN,NaN,1784646939.03928,3552.38349208,1.15136075019836,0.0148391723632812,0.0164577960968018,0.584797143936157,0.60653018951416,0.593387842178345,0.612566471099854,0.612566471099854,-1,-1,0.634968280792236,1.61862373352051,NaN,19.1786289215088,6.03628158569336,Conflict,Left,Right,Left,Left,Right,0,1,0,1,1,0,1,1,0,1,0,0,1,0,0,1,1,0,1,893,713,20260721_t1029_srsSmooth_training_B009,89,69,40.7468961596489,1.54064655303955,1,1,198,1,0,1,1,0,0
20260721_t1029_srsSmooth_training,srs_smooth_training,trial0894.mat,894,894,893,9,90,89,96,76,20,8,1,2,8,2,95,26580,2,0,2,1,1,2,2,1,1,2,CHOSE_LOW_SAL,2,455,1,0,4,1,1,0,199,105,199,105,94,199,1,180,192.5,12.5,12.5,167.5,-155,155,NaN,NaN,NaN,1784646941.73799,3555.08206364,1.14214301109314,0.0162296295166016,0.0181915760040283,0.577690839767456,0.599586486816406,0.585772752761841,0.605493545532227,0.605493545532227,-1,-1,0.63495945930481,1.96194648742676,NaN,19.7207927703857,5.90705871582031,Conflict,Left,Right,Left,Left,Right,0,1,0,1,1,0,1,1,0,1,0,0,1,0,0,1,1,0,1,894,714,20260721_t1029_srsSmooth_training_B009,90,70,40.7918747703234,1.54735589027405,1,2,184,1,0,0,1,1,0
20260721_t1029_srsSmooth_training,srs_smooth_training,trial0895.mat,895,895,894,9,91,90,96,76,20,8,1,1,6,2,44,29542,2,0,2,1,1,2,1,2,1,2,CHOSE_HIGH_SAL,1,455,1,0,6,1,1,0,195,104,195,104,91,195,1,0,191,17.5,169,17.5,151.5,151.5,NaN,NaN,NaN,1784646944.40998,3557.75389544,1.18119668960571,0.0193488597869873,0.0209321975708008,0.597482681274414,0.619373083114624,0.60581111907959,0.625141859054565,0.625141859054565,-1,-1,0.653082609176636,1.58333778381348,NaN,19.3307399749756,5.76877593994141,Congruent,Left,Right,Left,Left,Left,0,1,1,0,1,0,1,1,1,1,0,0,0,0,0,0,1,1,1,895,715,20260721_t1029_srsSmooth_training_B009,91,71,40.8364078601201,1.52984237670898,1,2,199,1,0,0,1,1,0
20260721_t1029_srsSmooth_training,srs_smooth_training,trial0896.mat,896,896,895,9,92,91,96,76,20,8,1,1,5,2,32,23464,2,0,1,2,1,1,1,1,1,1,CHOSE_HIGH_SAL,1,455,1,0,1,1,1,0,175,110,175,110,65,175,1,180,16.5,194,163.5,14,149.5,149.5,NaN,NaN,NaN,1784646947.17311,3560.51700496,1.19207048416138,0.0146574974060059,0.0162863731384277,0.684763193130493,0.698017597198486,0.692923545837402,0.699131488800049,0.699131488800049,-1,-1,0.717114210128784,1.62887573242188,NaN,6.20794296264648,1.1138916015625,Congruent,Right,Left,Right,Right,Right,0,1,1,0,1,1,1,1,1,0,0,0,0,1,1,1,1,1,1,896,716,20260721_t1029_srsSmooth_training_B009,92,72,40.8824601014455,1.58193778991699,1,2,195,1,0,1,1,0,0
20260721_t1029_srsSmooth_training,srs_smooth_training,trial0897.mat,897,897,896,9,93,92,96,76,20,8,1,2,7,2,73,6710,2,0,1,2,1,1,2,2,1,1,CHOSE_LOW_SAL,2,455,1,0,0,1,1,0,192,89,192,89,103,192,1,180,191,14.5,11,165.5,-154.5,154.5,NaN,NaN,NaN,1784646949.89016,3563.23412468,1.24205613136292,0.0143868923187256,0.0157022476196289,0.698806762695312,0.714413642883301,0.707468509674072,0.715573072433472,0.715573072433472,-1,-1,0.733995199203491,1.31535530090332,NaN,8.10456275939941,1.1594295501709,Conflict,Right,Left,Right,Right,Left,0,1,0,1,1,1,1,1,0,0,0,0,1,1,1,0,1,0,1,897,717,20260721_t1029_srsSmooth_training_B009,93,73,40.9277441819509,1.52497434616089,1,1,175,1,0,0,1,1,0
20260721_t1029_srsSmooth_training,srs_smooth_training,trial0898.mat,898,898,897,9,94,93,96,76,20,8,1,1,5,2,23,23570,2,0,1,2,1,1,1,1,1,1,CHOSE_HIGH_SAL,1,455,1,0,0,1,1,0,200,91,200,91,109,200,1,0,198.5,15.5,161.5,15.5,146,146,NaN,NaN,NaN,1784646952.69969,3566.04374152,1.0913302898407,0.0133018493652344,0.0146090984344482,0.566445827484131,0.579990863800049,0.574718475341797,0.580685377120972,0.580685377120972,-1,-1,0.590715885162354,1.30724906921387,NaN,5.9669017791748,0.694513320922852,Congruent,Right,Left,Right,Right,Right,0,1,1,0,1,1,1,1,1,0,0,0,0,1,1,1,1,1,1,898,718,20260721_t1029_srsSmooth_training_B009,94,74,40.9745696663856,1.5674729347229,1,1,192,1,0,0,1,1,0
20260721_t1029_srsSmooth_training,srs_smooth_training,trial0899.mat,899,899,898,9,95,94,96,76,20,8,1,2,8,2,83,25002,2,0,2,1,1,2,2,1,1,2,CHOSE_LOW_SAL,2,455,1,0,5,1,1,0,192,98,192,98,94,192,1,180,193,11.5,13,168.5,-155.5,155.5,NaN,NaN,NaN,1784646955.35577,3568.6996664,1.37510418891907,0.0156533718109131,0.0211572647094727,0.794002532958984,0.815685033798218,0.802480936050415,0.821838617324829,0.821838617324829,-1,-1,0.849013090133667,5.50389289855957,NaN,19.3576812744141,6.15358352661133,Conflict,Left,Right,Left,Left,Right,0,1,0,1,1,0,1,1,0,1,0,0,1,0,0,1,1,0,1,899,719,20260721_t1029_srsSmooth_training_B009,95,75,41.0188377737999,1.56475615501404,1,1,200,1,0,1,1,0,0
20260721_t1029_srsSmooth_training,srs_smooth_training,trial0900.mat,900,900,899,9,96,95,96,76,20,8,1,2,8,2,92,20141,2,0,2,1,1,2,2,1,1,2,CHOSE_LOW_SAL,2,455,1,0,3,1,1,0,171,119,171,119,52,171,1,180,193.5,13,13.5,167,-153.5,153.5,NaN,NaN,NaN,1784646958.28271,3571.62636244,1.15941524505615,0.0138320922851562,0.0155119895935059,0.609018325805664,0.630524158477783,0.617366075515747,0.636993885040283,0.636993885040283,-1,-1,0.658351182937622,1.67989730834961,NaN,19.6278095245361,6.4697265625,Conflict,Left,Right,Left,Left,Right,0,1,0,1,1,0,1,1,0,1,0,0,1,0,0,1,1,0,1,900,720,20260721_t1029_srsSmooth_training_B009,96,76,41.0676200429599,1.5518319606781,1,2,192,1,0,0,1,1,0
20260721_t1029_srsSmooth_training,srs_smooth_training,trial0901.mat,901,901,900,10,1,0,100,80,20,8,2,0,4,1,19,1433,1,2,1,2,2,2,2,2,2,2,SINGLE_T2_CORRECT,11,455,1,0,4,1,1,0,79,175,175,79,-96,175,1,0,18.5,199.5,18.5,160.5,-142,142,NaN,NaN,NaN,1784646960.9932,3574.33683964,1.29910826683044,0.0117843151092529,0.013718843460083,0.773017644882202,0.795148372650146,0.781903266906738,0.800350904464722,0.800350904464722,-1,-1,0.826715469360352,1.93452835083008,NaN,18.4476375579834,5.2025318145752,Instruction,Right,Left,Left,Left,Left,1,0,0,0,0,NaN,NaN,NaN,NaN,NaN,NaN,NaN,NaN,1,0,0,0,0,0,901,NaN,20260721_t1029_srsSmooth_training_B010,1,NaN,41.1127948522568,1.5510733127594,NaN,NaN,NaN,0,NaN,NaN,NaN,NaN,0
20260721_t1029_srsSmooth_training,srs_smooth_training,trial0902.mat,902,902,901,10,2,1,100,80,20,8,2,0,3,1,12,5005,1,2,2,1,2,1,2,1,2,1,SINGLE_T2_CORRECT,11,455,1,0,2,1,1,0,88,157,157,88,-69,157,1,180,196,11,16,169,-153,153,NaN,NaN,NaN,1784646963.80878,3577.1524284,1.1889796257019,0.0129806995391846,0.0147016048431396,0.665856838226318,0.679673910140991,0.672559976577759,0.680860042572021,0.680860042572021,-1,-1,0.698981523513794,1.72090530395508,NaN,8.3000659942627,1.18613243103027,Instruction,Left,Right,Right,Right,Right,1,0,0,0,0,NaN,NaN,NaN,NaN,NaN,NaN,NaN,NaN,0,1,1,0,0,0,902,NaN,20260721_t1029_srsSmooth_training_B010,2,NaN,41.1597212115924,1.51647329330444,NaN,NaN,NaN,0,NaN,NaN,NaN,NaN,0
20260721_t1029_srsSmooth_training,srs_smooth_training,trial0903.mat,903,903,902,10,3,2,100,80,20,8,2,0,3,1,13,17830,1,2,2,1,2,1,2,1,2,1,SINGLE_T2_CORRECT,11,455,1,0,3,1,1,0,53,133,133,53,-80,133,1,0,17,195.5,17,164.5,-147.5,147.5,NaN,NaN,NaN,1784646966.5427,3579.88635412,1.19940757751465,0.020838737487793,0.0221786499023438,0.682260990142822,0.704198837280273,0.690300703048706,0.711475849151611,0.711475849151611,-1,-1,0.733675241470337,1.33991241455078,NaN,21.1751461029053,7.27701187133789,Instruction,Left,Right,Right,Right,Right,1,0,0,0,0,NaN,NaN,NaN,NaN,NaN,NaN,NaN,NaN,0,1,1,0,0,0,903,NaN,20260721_t1029_srsSmooth_training_B010,3,NaN,41.2052864988645,1.54493761062622,NaN,NaN,NaN,0,NaN,NaN,NaN,NaN,0
20260721_t1029_srsSmooth_training,srs_smooth_training,trial0904.mat,904,904,903,10,4,3,100,80,20,8,2,0,1,1,1,29040,1,1,1,2,2,2,1,1,1,1,SINGLE_T1_CORRECT,10,455,1,0,4,1,1,0,84,132,132,84,-48,84,1,0,197,11,163,11,152,152,NaN,NaN,NaN,1784646969.26609,3582.60963216,1.08811712265015,0.0142219066619873,0.0161943435668945,0.63414740562439,0.655914545059204,0.642627000808716,0.661126852035522,0.661126852035522,-1,-1,0.689760208129883,1.97243690490723,NaN,18.4998512268066,5.21230697631836,Instruction,Right,Left,Right,Left,Right,1,0,0,0,0,NaN,NaN,NaN,NaN,NaN,NaN,NaN,NaN,1,0,1,0,1,0,904,NaN,20260721_t1029_srsSmooth_training_B010,4,NaN,41.2506763418516,1.52398300170898,NaN,NaN,NaN,0,NaN,NaN,NaN,NaN,0
20260721_t1029_srsSmooth_training,srs_smooth_training,trial0905.mat,905,905,904,10,5,4,100,80,20,8,2,0,3,1,15,7553,1,2,2,1,2,1,2,1,2,1,SINGLE_T2_CORRECT,11,455,1,0,4,1,1,0,69,176,176,69,-107,176,1,0,17.5,190.5,17.5,169.5,-152,152,NaN,NaN,NaN,1784646971.87909,3585.22274636,1.32953667640686,0.0179853439331055,0.0194149017333984,0.779190301895142,0.801350116729736,0.787900447845459,0.807402372360229,0.807402372360229,-1,-1,0.834480047225952,1.42955780029297,NaN,19.5019245147705,6.05225563049316,Instruction,Left,Right,Right,Right,Right,1,0,0,0,0,NaN,NaN,NaN,NaN,NaN,NaN,NaN,NaN,0,1,1,0,0,0,905,NaN,20260721_t1029_srsSmooth_training_B010,5,NaN,41.2942264556885,1.52488970756531,NaN,NaN,NaN,0,NaN,NaN,NaN,NaN,0
20260721_t1029_srsSmooth_training,srs_smooth_training,trial0906.mat,906,906,905,10,6,5,100,80,20,8,2,0,1,1,4,21737,1,1,1,2,2,2,1,1,1,1,SINGLE_T1_CORRECT,10,455,1,0,3,1,1,0,56,143,143,56,-87,56,1,0,193,12,167,12,155,155,NaN,NaN,NaN,1784646974.76873,3588.11217576,0.964806795120239,0.020132303237915,0.0214037895202637,0.548303365707397,0.561821222305298,0.555912733078003,0.566109657287598,0.566109657287598,-1,-1,0.595547676086426,1.27148628234863,NaN,10.1969242095947,4.2884349822998,Instruction,Right,Left,Right,Left,Right,1,0,0,0,0,NaN,NaN,NaN,NaN,NaN,NaN,NaN,NaN,1,0,1,0,1,0,906,NaN,20260721_t1029_srsSmooth_training_B010,6,NaN,41.3423870245616,1.56009745597839,NaN,NaN,NaN,0,NaN,NaN,NaN,NaN,0
20260721_t1029_srsSmooth_training,srs_smooth_training,trial0907.mat,907,907,906,10,7,6,100,80,20,8,2,0,4,1,20,31971,1,2,1,2,2,2,2,2,2,2,SINGLE_T2_CORRECT,11,455,1,0,4,1,1,0,74,161,161,74,-87,161,1,180,195,12,15,168,-153,153,NaN,NaN,NaN,1784646977.30151,3590.6448842,1.19946002960205,0.0124468803405762,0.0138320922851562,0.657565116882324,0.67914080619812,0.665493965148926,0.684492111206055,0.684492111206055,-1,-1,0.706480979919434,1.38521194458008,NaN,18.9981460571289,5.35130500793457,Instruction,Right,Left,Left,Left,Left,1,0,0,0,0,NaN,NaN,NaN,NaN,NaN,NaN,NaN,NaN,1,0,0,0,0,0,907,NaN,20260721_t1029_srsSmooth_training_B010,7,NaN,41.3846001108487,1.5679783821106,NaN,NaN,NaN,0,NaN,NaN,NaN,NaN,0
20260721_t1029_srsSmooth_training,srs_smooth_training,trial0908.mat,908,908,907,10,8,7,100,80,20,8,2,0,4,1,17,7413,1,2,1,2,2,2,2,2,2,2,SINGLE_T2_CORRECT,11,455,1,0,5,1,1,0,62,135,135,62,-73,135,1,180,194,12.5,14,167.5,-153.5,153.5,NaN,NaN,NaN,1784646980.04333,3593.38666724,1.18976473808289,0.0124044418334961,0.0176706314086914,0.698553800582886,0.720765352249146,0.707066059112549,0.728554487228394,0.728554487228394,-1,-1,0.756081104278564,5.26618957519531,NaN,21.4884281158447,7.78913497924805,Instruction,Right,Left,Left,Left,Left,1,0,0,0,0,NaN,NaN,NaN,NaN,NaN,NaN,NaN,NaN,1,0,0,0,0,0,908,NaN,20260721_t1029_srsSmooth_training_B010,8,NaN,41.430297088623,1.54235863685608,NaN,NaN,NaN,0,NaN,NaN,NaN,NaN,0
20260721_t1029_srsSmooth_training,srs_smooth_training,trial0909.mat,909,909,908,10,9,8,100,80,20,8,2,0,1,1,2,22296,1,1,1,2,2,2,1,1,1,1,SINGLE_T1_CORRECT,10,455,1,0,3,1,1,0,78,159,159,78,-81,78,1,180,16.5,191,163.5,11,152.5,152.5,NaN,NaN,NaN,1784646982.79822,3596.14139792,1.19170093536377,0.0159575939178467,0.0176093578338623,0.769089221954346,0.790988922119141,0.777450084686279,0.792757272720337,0.792757272720337,-1,-1,0.80986762046814,1.65176391601562,NaN,15.3071880340576,1.76835060119629,Instruction,Right,Left,Right,Left,Right,1,0,0,0,0,NaN,NaN,NaN,NaN,NaN,NaN,NaN,NaN,1,0,1,0,1,0,909,NaN,20260721_t1029_srsSmooth_training_B010,9,NaN,41.4762118975321,1.56512379646301,NaN,NaN,NaN,0,NaN,NaN,NaN,NaN,0
20260721_t1029_srsSmooth_training,srs_smooth_training,trial0910.mat,910,910,909,10,10,9,100,80,20,8,2,0,1,1,3,3938,1,1,1,2,2,2,1,1,1,1,SINGLE_T1_CORRECT,10,455,1,0,5,1,1,0,63,157,157,63,-94,63,1,180,17,195,163,15,148,148,NaN,NaN,NaN,1784646985.52868,3598.87189088,1.0050745010376,0.0189366340637207,0.0243420600891113,0.555629253387451,0.577291965484619,0.563974380493164,0.582923650741577,0.582923650741577,-1,-1,0.61286735534668,5.40542602539062,NaN,18.9492702484131,5.63168525695801,Instruction,Right,Left,Right,Left,Right,1,0,0,0,0,NaN,NaN,NaN,NaN,NaN,NaN,NaN,NaN,1,0,1,0,1,0,910,NaN,20260721_t1029_srsSmooth_training_B010,10,NaN,41.5217196146647,1.53876209259033,NaN,NaN,NaN,0,NaN,NaN,NaN,NaN,0
20260721_t1029_srsSmooth_training,srs_smooth_training,trial0911.mat,911,911,910,10,11,10,100,80,20,8,2,0,4,1,16,3003,1,2,1,2,2,2,2,2,2,2,SINGLE_T2_CORRECT,11,455,1,0,6,1,1,0,69,155,155,69,-86,155,1,0,12.5,194.5,12.5,165.5,-153,153,NaN,NaN,NaN,1784646988.09386,3601.43716568,1.26468014717102,0.012199878692627,0.0167610645294189,0.740268468856812,0.762228965759277,0.748579978942871,0.767082929611206,0.767082929611206,-1,-1,0.798816680908203,4.56118583679199,NaN,18.502950668335,4.85396385192871,Instruction,Right,Left,Left,Left,Left,1,0,0,0,0,NaN,NaN,NaN,NaN,NaN,NaN,NaN,NaN,1,0,0,0,0,0,911,NaN,20260721_t1029_srsSmooth_training_B010,11,NaN,41.564472480615,1.56009745597839,NaN,NaN,NaN,0,NaN,NaN,NaN,NaN,0
20260721_t1029_srsSmooth_training,srs_smooth_training,trial0912.mat,912,912,911,10,12,11,100,80,20,8,2,0,2,1,6,18957,1,1,2,1,2,1,1,2,1,2,SINGLE_T1_CORRECT,10,455,1,0,6,1,1,0,50,149,149,50,-99,50,1,0,192.5,10,167.5,10,157.5,157.5,NaN,NaN,NaN,1784646990.89418,3604.23732608,1.20688080787659,0.0119876861572266,0.0174951553344727,0.798771142959595,0.820352554321289,0.806851387023926,0.825962543487549,0.825962543487549,-1,-1,0.854519605636597,5.50746917724609,NaN,19.111156463623,5.60998916625977,Instruction,Left,Right,Left,Right,Left,1,0,0,0,0,NaN,NaN,NaN,NaN,NaN,NaN,NaN,NaN,0,1,0,0,1,0,912,NaN,20260721_t1029_srsSmooth_training_B010,12,NaN,41.6111445347468,1.53564310073853,NaN,NaN,NaN,0,NaN,NaN,NaN,NaN,0
20260721_t1029_srsSmooth_training,srs_smooth_training,trial0913.mat,913,913,912,10,13,12,100,80,20,8,2,0,2,1,10,24546,1,1,2,1,2,1,1,2,1,2,SINGLE_T1_CORRECT,10,455,1,0,5,1,1,0,71,149,149,71,-78,71,1,0,190,13,170,13,157,157,NaN,NaN,NaN,1784646993.64839,3606.9914374,1.1528205871582,0.0162193775177002,0.0208790302276611,0.70314884185791,0.724581480026245,0.711400747299194,0.730612516403198,0.730612516403198,-1,-1,0.75206184387207,4.65965270996094,NaN,19.2117691040039,6.03103637695312,Instruction,Left,Right,Left,Right,Left,1,0,0,0,0,NaN,NaN,NaN,NaN,NaN,NaN,NaN,NaN,0,1,0,0,1,0,913,NaN,20260721_t1029_srsSmooth_training_B010,13,NaN,41.657048034668,1.54732918739319,NaN,NaN,NaN,0,NaN,NaN,NaN,NaN,0
20260721_t1029_srsSmooth_training,srs_smooth_training,trial0914.mat,914,914,913,10,14,13,100,80,20,8,2,0,1,1,5,26569,1,1,1,2,2,2,1,1,1,1,SINGLE_T1_CORRECT,10,455,1,0,2,1,1,0,71,162,162,71,-91,71,1,0,191.5,14,168.5,14,154.5,154.5,NaN,NaN,NaN,1784646996.31592,3609.6589798,1.06070971488953,0.0154654979705811,0.0214276313781738,0.625118970870972,0.640489339828491,0.633480548858643,0.642109632492065,0.642109632492065,-1,-1,0.659991979598999,5.96213340759277,NaN,8.62908363342285,1.62029266357422,Instruction,Right,Left,Right,Left,Right,1,0,0,0,0,NaN,NaN,NaN,NaN,NaN,NaN,NaN,NaN,1,0,1,0,1,0,914,NaN,20260721_t1029_srsSmooth_training_B010,14,NaN,41.7015068213145,1.5147066116333,NaN,NaN,NaN,0,NaN,NaN,NaN,NaN,0
20260721_t1029_srsSmooth_training,srs_smooth_training,trial0915.mat,915,915,914,10,15,14,100,80,20,8,2,0,4,1,18,32440,1,2,1,2,2,2,2,2,2,2,SINGLE_T2_CORRECT,11,455,1,0,4,1,1,0,50,133,133,50,-83,133,1,0,18.5,193.5,18.5,166.5,-148,148,NaN,NaN,NaN,1784646998.91087,3612.25376488,1.11352038383484,0.0122849941253662,0.0140633583068848,0.624033212661743,0.645643949508667,0.63232946395874,0.651340484619141,0.651340484619141,-1,-1,0.680241823196411,1.77836418151855,NaN,19.0110206604004,5.69653511047363,Instruction,Right,Left,Left,Left,Left,1,0,0,0,0,NaN,NaN,NaN,NaN,NaN,NaN,NaN,NaN,1,0,0,0,0,0,915,NaN,20260721_t1029_srsSmooth_training_B010,15,NaN,41.744755979379,1.53423976898193,NaN,NaN,NaN,0,NaN,NaN,NaN,NaN,0
20260721_t1029_srsSmooth_training,srs_smooth_training,trial0916.mat,916,916,915,10,16,15,100,80,20,8,2,0,2,1,7,18646,1,1,2,1,2,1,1,2,1,2,SINGLE_T1_CORRECT,10,455,1,0,3,1,1,0,49,158,158,49,-109,49,1,0,198.5,13,161.5,13,148.5,148.5,NaN,NaN,NaN,1784647001.59069,3614.93354212,1.17734742164612,0.0158977508544922,0.016850471496582,0.744559288024902,0.765928030014038,0.752235889434814,0.772573709487915,0.772573709487915,-1,-1,0.794718742370605,0.952720642089844,NaN,20.3378200531006,6.64567947387695,Instruction,Left,Right,Left,Right,Left,1,0,0,0,0,NaN,NaN,NaN,NaN,NaN,NaN,NaN,NaN,0,1,0,0,1,0,916,NaN,20260721_t1029_srsSmooth_training_B010,16,NaN,41.7894197622935,1.56630659103394,NaN,NaN,NaN,0,NaN,NaN,NaN,NaN,0
20260721_t1029_srsSmooth_training,srs_smooth_training,trial0917.mat,917,917,916,10,17,16,100,80,20,8,2,0,3,1,14,27215,1,2,2,1,2,1,2,1,2,1,SINGLE_T2_CORRECT,11,455,1,0,3,1,1,0,69,178,178,69,-109,178,1,180,194.5,15.5,14.5,164.5,-150,150,NaN,NaN,NaN,1784647004.30579,3617.6486786,1.24686074256897,0.0175726413726807,0.0194723606109619,0.687341928482056,0.709267616271973,0.696115732192993,0.715715408325195,0.715715408325195,-1,-1,0.737333059310913,1.89971923828125,NaN,19.5996761322021,6.44779205322266,Instruction,Left,Right,Right,Right,Right,1,0,0,0,0,NaN,NaN,NaN,NaN,NaN,NaN,NaN,NaN,0,1,1,0,0,0,917,NaN,20260721_t1029_srsSmooth_training_B010,17,NaN,41.8346714178721,1.53775191307068,NaN,NaN,NaN,0,NaN,NaN,NaN,NaN,0
20260721_t1029_srsSmooth_training,srs_smooth_training,trial0918.mat,918,918,917,10,18,17,100,80,20,8,2,0,3,1,11,8216,1,2,2,1,2,1,2,1,2,1,SINGLE_T2_CORRECT,11,455,1,0,6,1,1,0,82,156,156,82,-74,156,1,180,199,17.5,19,162.5,-143.5,143.5,NaN,NaN,NaN,1784647007.04781,3620.39057396,1.19357109069824,0.0173351764678955,0.0228185653686523,0.653921365737915,0.675694465637207,0.662214756011963,0.681046962738037,0.681046962738037,-1,-1,0.703511714935303,5.48338890075684,NaN,18.8322067260742,5.35249710083008,Instruction,Left,Right,Right,Right,Right,1,0,0,0,0,NaN,NaN,NaN,NaN,NaN,NaN,NaN,NaN,0,1,1,0,0,0,918,NaN,20260721_t1029_srsSmooth_training_B010,18,NaN,41.8803716381391,1.49515247344971,NaN,NaN,NaN,0,NaN,NaN,NaN,NaN,0
20260721_t1029_srsSmooth_training,srs_smooth_training,trial0919.mat,919,919,918,10,19,18,100,80,20,8,2,0,2,1,9,28836,1,1,2,1,2,1,1,2,1,2,SINGLE_T1_CORRECT,10,455,1,0,1,1,1,0,46,150,150,46,-104,46,1,180,15.5,194.5,164.5,14.5,150,150,NaN,NaN,NaN,1784647009.81808,3623.16069156,0.955078840255737,0.0138332843780518,0.0154714584350586,0.575598478317261,0.588856220245361,0.583435297012329,0.589629888534546,0.589629888534546,-1,-1,0.607627630233765,1.63817405700684,NaN,6.1945915222168,0.77366828918457,Instruction,Left,Right,Left,Right,Left,1,0,0,0,0,NaN,NaN,NaN,NaN,NaN,NaN,NaN,NaN,0,1,0,0,1,0,919,NaN,20260721_t1029_srsSmooth_training_B010,19,NaN,41.9265429417292,1.57670712471008,NaN,NaN,NaN,0,NaN,NaN,NaN,NaN,0
20260721_t1029_srsSmooth_training,srs_smooth_training,trial0920.mat,920,920,919,10,20,19,100,80,20,8,2,0,2,1,8,8489,1,1,2,1,2,1,1,2,1,2,SINGLE_T1_CORRECT,10,455,1,0,2,1,1,0,72,140,140,72,-68,72,1,180,10,197,170,17,153,153,NaN,NaN,NaN,1784647012.33264,3625.67536008,1.23629879951477,0.0160453319549561,0.017606258392334,0.800654649734497,0.816076040267944,0.808960676193237,0.817139148712158,0.817139148712158,-1,-1,0.836568593978882,1.56092643737793,NaN,8.1784725189209,1.06310844421387,Instruction,Left,Right,Left,Right,Left,1,0,0,0,0,NaN,NaN,NaN,NaN,NaN,NaN,NaN,NaN,0,1,0,0,1,0,920,NaN,20260721_t1029_srsSmooth_training_B010,20,NaN,41.9684521913528,1.55947613716125,NaN,NaN,NaN,0,NaN,NaN,NaN,NaN,0
20260721_t1029_srsSmooth_training,srs_smooth_training,trial0921.mat,921,921,920,10,21,20,100,80,20,8,2,2,8,2,95,15487,2,0,2,1,2,1,1,2,2,1,CHOSE_LOW_SAL,2,455,1,0,6,1,1,0,73,144,144,73,-71,144,1,0,190.5,11,169.5,11,158.5,158.5,NaN,NaN,NaN,1784647015.13235,3628.47496408,1.244145154953,0.0164470672607422,0.0219192504882812,0.74464225769043,0.76647686958313,0.75276255607605,0.771859407424927,0.771859407424927,-1,-1,0.800228357315063,5.47218322753906,NaN,19.096851348877,5.38253784179688,Conflict,Left,Right,Right,Right,Left,0,1,0,1,1,1,0,1,0,0,1,0,1,0,1,0,0,1,1,921,721,20260721_t1029_srsSmooth_training_B010,21,1,42.0151140093803,1.56341028213501,1,2,171,0,1,1,0,0,0
20260721_t1029_srsSmooth_training,srs_smooth_training,trial0922.mat,922,922,921,10,22,21,100,80,20,8,2,1,5,2,32,23550,2,0,1,2,2,2,2,2,2,2,CHOSE_HIGH_SAL,1,455,1,0,3,1,1,0,51,144,144,51,-93,144,1,0,14.5,198,14.5,162,-147.5,147.5,NaN,NaN,NaN,1784647017.93971,3631.28223256,1.26228332519531,0.0175328254699707,0.0190765857696533,0.77075719833374,0.792563676834106,0.778959035873413,0.798881769180298,0.798881769180298,-1,-1,0.821298837661743,1.54376029968262,NaN,19.9227333068848,6.31809234619141,Congruent,Right,Left,Left,Left,Left,0,1,1,0,1,0,0,1,1,1,1,0,0,1,0,0,0,0,1,922,722,20260721_t1029_srsSmooth_training_B010,22,2,42.0619033137957,1.56321310997009,2,1,144,1,0,1,1,0,0
20260721_t1029_srsSmooth_training,srs_smooth_training,trial0923.mat,923,923,922,10,23,22,100,80,20,8,2,1,5,2,23,24219,2,0,1,2,2,2,2,2,2,2,CHOSE_HIGH_SAL,1,455,1,0,1,1,1,0,62,163,163,62,-101,163,1,180,191,15,11,165,-154,154,NaN,NaN,NaN,1784647020.74334,3634.08573588,1.30071210861206,0.0140104293823242,0.0159366130828857,0.806926250457764,0.822375535964966,0.815288543701172,0.824108839035034,0.824108839035034,-1,-1,0.841622352600098,1.92618370056152,NaN,8.8202953338623,1.73330307006836,Congruent,Right,Left,Left,Left,Left,0,1,1,0,1,0,0,1,1,1,1,0,0,1,0,0,0,0,1,923,723,20260721_t1029_srsSmooth_training_B010,23,3,42.1086305379868,1.54135012626648,2,2,144,1,0,0,1,1,0
20260721_t1029_srsSmooth_training,srs_smooth_training,trial0924.mat,924,924,923,10,24,23,100,80,20,8,2,2,7,2,71,24789,2,0,1,2,2,2,1,1,2,2,CHOSE_LOW_SAL,2,455,1,0,1,1,1,0,62,150,150,62,-88,150,1,0,190.5,13.5,169.5,13.5,156,156,NaN,NaN,NaN,1784647023.59589,3636.93832216,1.18232679367065,0.0199019908905029,0.0216770172119141,0.656192302703857,0.669927835464478,0.664801359176636,0.670946359634399,0.670946359634399,-1,-1,0.689123868942261,1.77502632141113,NaN,6.14500045776367,1.01852416992188,Conflict,Right,Left,Left,Left,Right,0,1,0,1,1,0,0,1,0,1,1,0,1,1,0,1,0,1,1,924,724,20260721_t1029_srsSmooth_training_B010,24,4,42.1561731100082,1.551842212677,2,2,163,1,0,0,1,1,0
20260721_t1029_srsSmooth_training,srs_smooth_training,trial0925.mat,925,925,924,10,25,24,100,80,20,8,2,1,6,2,51,2486,2,0,2,1,2,1,2,1,2,1,CHOSE_HIGH_SAL,1,455,1,0,5,1,1,0,53,152,152,53,-99,152,1,0,10.5,195.5,10.5,164.5,-154,154,NaN,NaN,NaN,1784647026.35259,3639.69499388,1.20097017288208,0.0133185386657715,0.0151941776275635,0.658105611801147,0.680012464523315,0.666123867034912,0.689614057540894,0.689614057540894,-1,-1,0.715154647827148,1.87563896179199,NaN,23.4901905059814,9.60159301757812,Congruent,Left,Right,Right,Right,Right,0,1,1,0,1,1,0,1,1,0,1,0,0,0,1,1,0,0,1,925,725,20260721_t1029_srsSmooth_training_B010,25,5,42.2021179676056,1.57436466217041,2,2,150,1,0,1,1,0,0
20260721_t1029_srsSmooth_training,srs_smooth_training,trial0926.mat,926,926,925,10,26,25,100,80,20,8,2,2,8,2,99,18961,2,0,2,1,2,1,1,2,2,1,CHOSE_LOW_SAL,2,455,1,0,5,1,1,0,79,156,156,79,-77,156,1,0,198.5,14.5,161.5,14.5,147,147,NaN,NaN,NaN,1784647029.06806,3642.4104432,1.33769249916077,0.014622688293457,0.0195412635803223,0.80940055847168,0.831321477890015,0.817910432815552,0.836780548095703,0.836780548095703,-1,-1,0.864831447601318,4.91857528686523,NaN,18.8701152801514,5.45907020568848,Conflict,Left,Right,Right,Right,Left,0,1,0,1,1,1,0,1,0,0,1,0,1,0,1,0,0,1,1,926,726,20260721_t1029_srsSmooth_training_B010,26,6,42.247375802199,1.51449990272522,2,1,152,1,0,0,1,1,0
20260721_t1029_srsSmooth_training,srs_smooth_training,trial0927.mat,927,927,926,10,27,26,100,80,20,8,2,2,8,2,90,13216,2,0,2,1,2,1,1,2,2,1,CHOSE_LOW_SAL,2,455,1,0,4,1,1,0,66,140,140,66,-74,140,1,180,10.5,196,169.5,16,153.5,153.5,NaN,NaN,NaN,1784647031.96797,3645.31024596,1.04303383827209,0.0148212909698486,0.0195410251617432,0.534804105758667,0.556509256362915,0.543044090270996,0.557905912399292,0.557905912399292,-1,-1,0.57630181312561,4.71973419189453,NaN,14.8618221282959,1.39665603637695,Conflict,Left,Right,Right,Right,Left,0,1,0,1,1,1,0,1,0,0,1,0,1,0,1,0,0,1,1,927,727,20260721_t1029_srsSmooth_training_B010,27,7,42.2957077225049,1.5622227191925,2,1,156,1,0,0,1,1,0
20260721_t1029_srsSmooth_training,srs_smooth_training,trial0928.mat,928,928,927,10,28,27,100,80,20,8,2,2,8,2,85,17649,2,0,2,1,2,1,1,2,2,1,CHOSE_LOW_SAL,2,455,1,0,1,1,1,0,67,147,147,67,-80,147,1,0,194,15.5,166,15.5,150.5,150.5,NaN,NaN,NaN,1784647034.56328,3647.90558448,1.03991961479187,0.0196166038513184,0.0214347839355469,0.564175844192505,0.577971220016479,0.572714567184448,0.57889723777771,0.57889723777771,-1,-1,0.596980810165405,1.81818008422852,NaN,6.18267059326172,0.926017761230469,Conflict,Left,Right,Right,Right,Left,0,1,0,1,1,1,0,1,0,0,1,0,1,0,1,0,0,1,1,928,728,20260721_t1029_srsSmooth_training_B010,28,8,42.3389628370603,1.55227303504944,2,1,140,1,0,0,1,1,0
20260721_t1029_srsSmooth_training,srs_smooth_training,trial0929.mat,929,929,928,10,29,28,100,80,20,8,2,1,6,2,45,5579,2,0,2,1,2,1,2,1,2,1,CHOSE_HIGH_SAL,1,455,1,0,2,1,1,0,71,154,154,71,-83,154,1,180,195,17.5,15,162.5,-147.5,147.5,NaN,NaN,NaN,1784647037.17229,3650.5143688,1.2554988861084,0.0190379619598389,0.0224602222442627,0.738726615905762,0.752399682998657,0.74719500541687,0.753598213195801,0.753598213195801,-1,-1,0.770910501480103,3.42226028442383,NaN,6.40320777893066,1.19853019714355,Congruent,Left,Right,Right,Right,Right,0,1,1,0,1,1,0,1,1,0,1,0,0,0,1,1,0,0,1,929,729,20260721_t1029_srsSmooth_training_B010,29,9,42.3824464122454,1.56909489631653,2,1,147,1,0,0,1,1,0
20260721_t1029_srsSmooth_training,srs_smooth_training,trial0930.mat,930,930,929,10,30,29,100,80,20,8,2,1,5,2,31,2405,2,0,1,2,2,2,2,2,2,2,CHOSE_HIGH_SAL,1,455,1,0,5,1,1,0,58,133,133,58,-75,133,1,0,14.5,197,14.5,163,-148.5,148.5,NaN,NaN,NaN,1784647039.97049,3653.31274192,1.19871401786804,0.0126125812530518,0.0138726234436035,0.690613508224487,0.712639570236206,0.698791742324829,0.717329025268555,0.717329025268555,-1,-1,0.749790906906128,1.26004219055176,NaN,18.5372829437256,4.68945503234863,Congruent,Right,Left,Left,Left,Left,0,1,1,0,1,0,0,1,1,1,1,0,0,1,0,0,0,0,1,930,730,20260721_t1029_srsSmooth_training_B010,30,10,42.4290831009547,1.54270243644714,2,1,154,1,0,1,1,0,0
20260721_t1029_srsSmooth_training,srs_smooth_training,trial0931.mat,931,931,930,10,31,30,100,80,20,8,2,1,6,2,58,12257,2,0,2,1,2,1,2,1,2,1,CHOSE_HIGH_SAL,1,455,1,0,6,1,1,0,48,133,133,48,-85,133,1,0,15.5,197.5,15.5,162.5,-147,147,NaN,NaN,NaN,1784647042.72473,3656.06689624,1.28691720962524,0.0168166160583496,0.0216448307037354,0.769769191741943,0.791846752166748,0.778416633605957,0.797026634216309,0.797026634216309,-1,-1,0.825366973876953,4.82821464538574,NaN,18.6100006103516,5.17988204956055,Congruent,Left,Right,Right,Right,Right,0,1,1,0,1,1,0,1,1,0,1,0,0,0,1,1,0,0,1,931,731,20260721_t1029_srsSmooth_training_B010,31,11,42.4749870498975,1.55552291870117,2,2,133,1,0,1,1,0,0
20260721_t1029_srsSmooth_training,srs_smooth_training,trial0932.mat,932,932,931,10,32,31,100,80,20,8,2,1,6,2,47,9965,2,0,2,1,2,1,2,1,2,1,CHOSE_HIGH_SAL,1,455,1,0,3,1,1,0,49,141,141,49,-92,141,1,180,195.5,10.5,15.5,169.5,-154,154,NaN,NaN,NaN,1784647045.55612,3658.89813632,1.21415233612061,0.0188677310943604,0.0248293876647949,0.697410821914673,0.718894720077515,0.705546140670776,0.720087766647339,0.720087766647339,-1,-1,0.73860239982605,5.96165657043457,NaN,14.5416259765625,1.19304656982422,Congruent,Left,Right,Right,Right,Right,0,1,1,0,1,1,0,1,1,0,1,0,0,0,1,1,0,0,1,932,732,20260721_t1029_srsSmooth_training_B010,32,12,42.5221769332886,1.5444757938385,2,1,133,1,0,0,1,1,0
20260721_t1029_srsSmooth_training,srs_smooth_training,trial0933.mat,933,933,932,10,33,32,100,80,20,8,2,2,8,2,98,26737,2,0,2,1,2,1,1,2,2,1,CHOSE_LOW_SAL,2,455,1,0,3,1,1,0,64,159,159,64,-95,159,1,0,199.5,15,160.5,15,145.5,145.5,NaN,NaN,NaN,1784647048.32559,3661.66759936,1.32787823677063,0.0161709785461426,0.0204102993011475,0.792145490646362,0.807867765426636,0.800382375717163,0.808791160583496,0.808791160583496,-1,-1,0.826753854751587,4.23932075500488,NaN,8.40878486633301,0.923395156860352,Conflict,Left,Right,Right,Right,Left,0,1,0,1,1,1,0,1,0,0,1,0,1,0,1,0,0,1,1,933,733,20260721_t1029_srsSmooth_training_B010,33,13,42.5683347781499,1.5553183555603,2,1,141,1,0,0,1,1,0
20260721_t1029_srsSmooth_training,srs_smooth_training,trial0934.mat,934,934,933,10,34,33,100,80,20,8,2,2,7,2,68,969,2,0,1,2,2,2,1,1,2,2,CHOSE_LOW_SAL,2,455,1,0,3,1,1,0,54,137,137,54,-83,137,1,0,191,17.5,169,17.5,151.5,151.5,NaN,NaN,NaN,1784647051.21063,3664.5525986,1.13383150100708,0.0145766735076904,0.0196797847747803,0.634521484375,0.6479332447052,0.642868995666504,0.648987054824829,0.648987054824829,-1,-1,0.667762994766235,5.10311126708984,NaN,6.1180591583252,1.05381011962891,Conflict,Right,Left,Left,Left,Right,0,1,0,1,1,0,0,1,0,1,1,0,1,1,0,1,0,1,1,934,734,20260721_t1029_srsSmooth_training_B010,34,14,42.6164187868436,1.55716228485107,2,1,159,1,0,1,1,0,0
20260721_t1029_srsSmooth_training,srs_smooth_training,trial0935.mat,935,935,934,10,35,34,100,80,20,8,2,1,6,2,59,5800,2,0,2,1,2,1,2,1,2,1,CHOSE_HIGH_SAL,1,455,1,0,3,1,1,0,45,177,177,45,-132,177,1,0,10.5,196.5,10.5,163.5,-153,153,NaN,NaN,NaN,1784647053.8851,3667.22707548,1.08502817153931,0.0152184963226318,0.0184524059295654,0.560176610946655,0.581907510757446,0.568178176879883,0.587746381759644,0.587746381759644,-1,-1,0.609863042831421,3.23390960693359,NaN,19.5682048797607,5.83887100219727,Congruent,Left,Right,Right,Right,Right,0,1,1,0,1,1,0,1,1,0,1,0,0,0,1,1,0,0,1,935,735,20260721_t1029_srsSmooth_training_B010,35,15,42.66099315087,1.54063034057617,2,2,137,1,0,1,1,0,0
20260721_t1029_srsSmooth_training,srs_smooth_training,trial0936.mat,936,936,935,10,36,35,100,80,20,8,2,1,5,2,39,2118,2,0,1,2,2,2,2,2,2,2,CHOSE_HIGH_SAL,1,455,1,0,5,1,1,0,82,156,156,82,-74,156,1,0,10.5,200,10.5,160,-149.5,149.5,NaN,NaN,NaN,1784647056.52972,3669.8716648,1.27360153198242,0.0123641490936279,0.0137073993682861,0.765442848205566,0.787394523620605,0.773751974105835,0.793446063995361,0.793446063995361,-1,-1,0.821150779724121,1.3432502746582,NaN,19.6940898895264,6.05154037475586,Congruent,Right,Left,Left,Left,Left,0,1,1,0,1,0,0,1,1,1,1,0,0,1,0,0,0,0,1,936,736,20260721_t1029_srsSmooth_training_B010,36,16,42.7050702055295,1.55959510803223,2,1,177,1,0,1,1,0,0
20260721_t1029_srsSmooth_training,srs_smooth_training,trial0937.mat,937,937,936,10,37,36,100,80,20,8,2,2,8,2,82,22469,2,0,2,1,2,1,1,2,2,1,CHOSE_LOW_SAL,2,455,1,0,1,1,1,0,87,143,143,87,-56,143,1,180,20,194,160,14,146,146,NaN,NaN,NaN,1784647059.49077,3672.83266568,1.3058865070343,0.0180950164794922,0.0188252925872803,0.788158655166626,0.809791803359985,0.796348810195923,0.81345796585083,0.81345796585083,-1,-1,0.829019546508789,0.730276107788086,NaN,17.1091556549072,3.66616249084473,Conflict,Left,Right,Right,Right,Left,0,1,0,1,1,1,0,1,0,0,1,0,1,0,1,0,0,1,1,937,737,20260721_t1029_srsSmooth_training_B010,37,17,42.7544210632642,1.68744993209839,2,2,156,1,0,1,1,0,0
20260721_t1029_srsSmooth_training,srs_smooth_training,trial0938.mat,938,938,937,10,38,37,100,80,20,8,2,2,7,2,67,16307,2,0,1,2,2,2,1,1,2,2,CHOSE_LOW_SAL,2,455,1,0,5,1,1,0,65,134,134,65,-69,134,1,180,16.5,190,163.5,10,153.5,153.5,NaN,NaN,NaN,1784647062.35752,3675.69919584,1.29658555984497,0.0181283950805664,0.0196332931518555,0.771314382553101,0.793158531188965,0.779627799987793,0.798534154891968,0.798534154891968,-1,-1,0.828900814056396,1.50489807128906,NaN,18.9063549041748,5.37562370300293,Conflict,Right,Left,Left,Left,Right,0,1,0,1,1,0,0,1,0,1,1,0,1,1,0,1,0,1,1,938,738,20260721_t1029_srsSmooth_training_B010,38,18,42.8022001385689,1.56085801124573,2,1,143,1,0,1,1,0,0
20260721_t1029_srsSmooth_training,srs_smooth_training,trial0939.mat,939,939,938,10,39,38,100,80,20,8,2,1,5,2,27,29001,2,0,1,2,2,2,2,2,2,2,CHOSE_HIGH_SAL,1,455,1,0,3,1,1,0,63,156,156,63,-93,156,1,0,12,199,12,161,-149,149,NaN,NaN,NaN,1784647065.22794,3678.56953276,1.3012330532074,0.0144858360290527,0.0200624465942383,0.784294128417969,0.797848701477051,0.792525053024292,0.798968315124512,0.798968315124512,-1,-1,0.816975355148315,5.57661056518555,NaN,6.44326210021973,1.11961364746094,Congruent,Right,Left,Left,Left,Left,0,1,1,0,1,0,0,1,1,1,1,0,0,1,0,0,0,0,1,939,739,20260721_t1029_srsSmooth_training_B010,39,19,42.8500404834747,1.57383513450623,2,2,134,1,0,0,1,1,0
20260721_t1029_srsSmooth_training,srs_smooth_training,trial0940.mat,940,940,939,10,40,39,100,80,20,8,2,1,5,2,34,30142,2,0,1,2,2,2,2,2,2,2,CHOSE_HIGH_SAL,1,455,1,0,1,1,1,0,52,169,169,52,-117,169,1,180,190.5,17.5,10.5,162.5,-152,152,NaN,NaN,NaN,1784647068.07982,3681.42155056,1.1741247177124,0.0127151012420654,0.0140526294708252,0.674175977706909,0.687741041183472,0.682359933853149,0.688713073730469,0.688713073730469,-1,-1,0.706394195556641,1.33752822875977,NaN,6.35313987731934,0.97203254699707,Congruent,Right,Left,Left,Left,Left,0,1,1,0,1,0,0,1,1,1,1,0,0,1,0,0,0,0,1,940,740,20260721_t1029_srsSmooth_training_B010,40,20,42.8975718259811,1.55064749717712,2,2,156,1,0,0,1,1,0
20260721_t1029_srsSmooth_training,srs_smooth_training,trial0941.mat,941,941,940,10,41,40,100,80,20,8,2,1,6,2,50,12160,2,0,2,1,2,1,2,1,2,1,CHOSE_HIGH_SAL,1,455,1,0,4,1,1,0,69,143,143,69,-74,143,1,180,191.5,16.5,11.5,163.5,-152,152,NaN,NaN,NaN,1784647070.76892,3684.110451,1.16060566902161,0.0153846740722656,0.0217301845550537,0.668819665908813,0.690411806106567,0.677043199539185,0.69650411605835,0.69650411605835,-1,-1,0.718502998352051,6.34551048278809,NaN,19.460916519165,6.09230995178223,Congruent,Left,Right,Right,Right,Right,0,1,1,0,1,1,0,1,1,0,1,0,0,0,1,1,0,0,1,941,741,20260721_t1029_srsSmooth_training_B010,41,21,42.9423901836077,1.51497673988342,2,2,169,1,0,1,1,0,0
20260721_t1029_srsSmooth_training,srs_smooth_training,trial0942.mat,942,942,941,10,42,41,100,80,20,8,2,1,6,2,56,25620,2,0,2,1,2,1,2,1,2,1,CHOSE_HIGH_SAL,1,455,1,0,3,1,1,0,62,164,164,62,-102,164,1,0,11.5,200,11.5,160,-148.5,148.5,NaN,NaN,NaN,1784647073.49938,3686.84080872,1.36604595184326,0.0183627605438232,0.0221822261810303,0.821618318557739,0.843395709991455,0.829792499542236,0.848681688308716,0.848681688308716,-1,-1,0.871403694152832,3.81946563720703,NaN,18.8891887664795,5.28597831726074,Congruent,Left,Right,Right,Right,Right,0,1,1,0,1,1,0,1,1,0,1,0,0,0,1,1,0,0,1,942,742,20260721_t1029_srsSmooth_training_B010,42,22,42.9878978649775,1.56985521316528,2,1,143,1,0,0,1,1,0
20260721_t1029_srsSmooth_training,srs_smooth_training,trial0943.mat,943,943,942,10,43,42,100,80,20,8,2,1,6,2,46,12342,2,0,2,1,2,1,2,1,2,1,CHOSE_HIGH_SAL,1,455,1,0,6,1,1,0,69,153,153,69,-84,153,1,180,191.5,11.5,11.5,168.5,-157,157,NaN,NaN,NaN,1784647076.41329,3689.75464756,1.25775766372681,0.0129010677337646,0.0184447765350342,0.749392747879028,0.77126407623291,0.758029222488403,0.777674198150635,0.777674198150635,-1,-1,0.805631399154663,5.54370880126953,NaN,19.6449756622314,6.41012191772461,Congruent,Left,Right,Right,Right,Right,0,1,1,0,1,1,0,1,1,0,1,0,0,0,1,1,0,0,1,943,743,20260721_t1029_srsSmooth_training_B010,43,23,43.0364630103111,1.54786276817322,2,1,164,1,0,0,1,1,0
20260721_t1029_srsSmooth_training,srs_smooth_training,trial0944.mat,944,944,943,10,44,43,100,80,20,8,2,2,7,2,64,31050,2,0,1,2,2,2,1,1,2,2,CHOSE_LOW_SAL,2,455,1,0,7,1,1,0,84,179,179,84,-95,179,1,180,17.5,199,162.5,19,143.5,143.5,NaN,NaN,NaN,1784647079.21179,3692.55323084,1.18375539779663,0.0145096778869629,0.0193290710449219,0.625982761383057,0.647867441177368,0.634373903274536,0.653780937194824,0.653780937194824,-1,-1,0.682160139083862,4.81939315795898,NaN,19.4070339202881,5.91349601745605,Conflict,Right,Left,Left,Left,Right,0,1,0,1,1,0,0,1,0,1,1,0,1,1,0,1,0,1,1,944,744,20260721_t1029_srsSmooth_training_B010,44,24,43.0831046700478,1.54074192047119,2,1,153,1,0,1,1,0,0
20260721_t1029_srsSmooth_training,srs_smooth_training,trial0945.mat,945,945,944,10,45,44,100,80,20,8,2,1,6,2,49,29040,2,0,2,1,2,1,2,1,2,1,CHOSE_HIGH_SAL,1,455,1,0,4,1,1,0,56,152,152,56,-96,152,1,180,190.5,16.5,10.5,163.5,-153,153,NaN,NaN,NaN,1784647081.93462,3695.2757734,1.11150240898132,0.016779899597168,0.0211942195892334,0.611745595932007,0.633471250534058,0.61991810798645,0.639350175857544,0.639350175857544,-1,-1,0.661284208297729,4.41431999206543,NaN,19.4320678710938,5.87892532348633,Congruent,Left,Right,Right,Right,Right,0,1,1,0,1,1,0,1,1,0,1,0,0,0,1,1,0,0,1,945,745,20260721_t1029_srsSmooth_training_B010,45,25,43.1284852584203,1.53907990455627,2,2,179,1,0,1,1,0,0
20260721_t1029_srsSmooth_training,srs_smooth_training,trial0946.mat,946,946,945,10,46,45,100,80,20,8,2,1,5,2,22,13358,2,0,1,2,2,2,2,2,2,2,CHOSE_HIGH_SAL,1,455,1,0,4,1,1,0,45,136,136,45,-91,136,1,0,17,194.5,17,165.5,-148.5,148.5,NaN,NaN,NaN,1784647084.54853,3697.8898144,1.08141613006592,0.0113105773925781,0.0130124092102051,0.589748620986938,0.611334800720215,0.59810733795166,0.617512226104736,0.617512226104736,-1,-1,0.646954536437988,1.70183181762695,NaN,19.4048881530762,6.17742538452148,Congruent,Right,Left,Left,Left,Left,0,1,1,0,1,0,0,1,1,1,1,0,0,1,0,0,0,0,1,946,746,20260721_t1029_srsSmooth_training_B010,46,26,43.1720503171285,1.50240111351013,2,1,152,1,0,1,1,0,0
20260721_t1029_srsSmooth_training,srs_smooth_training,trial0947.mat,947,947,946,10,47,46,100,80,20,8,2,2,7,2,75,11483,2,0,1,2,2,2,1,1,2,2,CHOSE_LOW_SAL,2,455,1,0,4,1,1,0,94,142,142,94,-48,142,1,180,13,199,167,19,148,148,NaN,NaN,NaN,1784647087.18486,3700.5259612,1.2035448551178,0.0167465209960938,0.0185103416442871,0.678511381149292,0.700107574462891,0.687055826187134,0.706365346908569,0.706365346908569,-1,-1,0.728232622146606,1.76382064819336,NaN,19.3095207214355,6.25777244567871,Conflict,Right,Left,Left,Left,Right,0,1,0,1,1,0,0,1,0,1,1,0,1,1,0,1,0,1,1,947,747,20260721_t1029_srsSmooth_training_B010,47,27,43.2159892042478,1.55491709709167,2,2,136,1,0,0,1,1,0
20260721_t1029_srsSmooth_training,srs_smooth_training,trial0948.mat,948,948,947,10,48,47,100,80,20,8,2,2,8,2,93,25637,2,0,2,1,2,1,1,2,2,1,CHOSE_LOW_SAL,2,455,1,0,5,1,1,0,54,160,160,54,-106,160,1,0,195.5,11.5,164.5,11.5,153,153,NaN,NaN,NaN,1784647089.95866,3703.29983264,1.23096776008606,0.0180580615997314,0.0201234817504883,0.688195705413818,0.709752321243286,0.696497201919556,0.715959787368774,0.715959787368774,-1,-1,0.737931728363037,2.06542015075684,NaN,19.4625854492188,6.20746612548828,Conflict,Left,Right,Right,Right,Left,0,1,0,1,1,1,0,1,0,0,1,0,1,0,1,0,0,1,1,948,748,20260721_t1029_srsSmooth_training_B010,48,28,43.2622191389402,1.57025122642517,2,2,142,1,0,1,1,0,0
20260721_t1029_srsSmooth_training,srs_smooth_training,trial0949.mat,949,949,948,10,49,48,100,80,20,8,2,2,8,2,97,111,2,0,2,1,2,1,1,2,2,1,CHOSE_LOW_SAL,2,455,1,0,3,1,1,0,54,159,159,54,-105,159,1,0,192,15,168,15,153,153,NaN,NaN,NaN,1784647092.75259,3706.09365248,1.08634161949158,0.0159022808074951,0.0179128646850586,0.543895959854126,0.565924406051636,0.552334308624268,0.570966958999634,0.570966958999634,-1,-1,0.593861103057861,2.01058387756348,NaN,18.6326503753662,5.04255294799805,Conflict,Left,Right,Right,Right,Left,0,1,0,1,1,1,0,1,0,0,1,0,1,0,1,0,0,1,1,949,749,20260721_t1029_srsSmooth_training_B010,49,29,43.3087846557299,1.56296324729919,2,1,160,1,0,0,1,1,0
20260721_t1029_srsSmooth_training,srs_smooth_training,trial0950.mat,950,950,949,10,50,49,100,80,20,8,2,1,5,2,36,16702,2,0,1,2,2,2,2,2,2,2,CHOSE_HIGH_SAL,1,455,1,0,1,1,1,0,37,148,148,37,-111,148,1,0,18.5,193.5,18.5,166.5,-148,148,NaN,NaN,NaN,1784647095.38339,3708.72440072,1.06973195075989,0.018538236618042,0.0200083255767822,0.544660329818726,0.560226440429688,0.552819013595581,0.561705827713013,0.561705827713013,-1,-1,0.579741716384888,1.47008895874023,NaN,8.88681411743164,1.4793872833252,Congruent,Right,Left,Left,Left,Left,0,1,1,0,1,0,0,1,1,1,1,0,0,1,0,0,0,0,1,950,750,20260721_t1029_srsSmooth_training_B010,50,30,43.3526313225428,1.54445838928223,2,1,159,1,0,1,1,0,0
20260721_t1029_srsSmooth_training,srs_smooth_training,trial0951.mat,951,951,950,10,51,50,100,80,20,8,2,2,7,2,72,8619,2,0,1,2,2,2,1,1,2,2,CHOSE_LOW_SAL,2,455,1,0,5,1,1,0,74,124,124,74,-50,124,1,0,198,12.5,162,12.5,149.5,149.5,NaN,NaN,NaN,1784647098.00674,3711.34777424,1.10751509666443,0.0202915668487549,0.0227785110473633,0.590025663375854,0.611981391906738,0.598364353179932,0.616092205047607,0.616092205047607,-1,-1,0.64856481552124,2.4869441986084,NaN,17.7278518676758,4.11081314086914,Conflict,Right,Left,Left,Left,Right,0,1,0,1,1,0,0,1,0,1,1,0,1,1,0,1,0,1,1,951,751,20260721_t1029_srsSmooth_training_B010,51,31,43.3963538010915,1.55361676216125,2,2,148,1,0,0,1,1,0
20260721_t1029_srsSmooth_training,srs_smooth_training,trial0952.mat,952,952,951,10,52,51,100,80,20,8,2,1,5,2,37,22294,2,0,1,2,2,2,2,2,2,2,CHOSE_HIGH_SAL,1,455,1,0,3,1,1,0,98,135,135,98,-37,135,1,180,199.5,17.5,19.5,162.5,-143,143,NaN,NaN,NaN,1784647100.70396,3714.04491324,1.12608456611633,0.0148334503173828,0.015883207321167,0.62636923789978,0.648192644119263,0.63486385345459,0.65351414680481,0.65351414680481,-1,-1,0.695374250411987,1.04975700378418,NaN,18.6502933502197,5.32150268554688,Congruent,Right,Left,Left,Left,Left,0,1,1,0,1,0,0,1,1,1,1,0,0,1,0,0,0,0,1,952,752,20260721_t1029_srsSmooth_training_B010,52,32,43.4413076162338,1.58971381187439,2,2,124,1,0,0,1,1,0
20260721_t1029_srsSmooth_training,srs_smooth_training,trial0953.mat,953,953,952,10,53,52,100,80,20,8,2,1,6,2,44,5726,2,0,2,1,2,1,2,1,2,1,CHOSE_HIGH_SAL,1,455,1,0,3,1,1,0,59,159,159,59,-100,159,1,0,12,196,12,164,-152,152,NaN,NaN,NaN,1784647103.37,3716.71083856,1.2604033946991,0.0155658721923828,0.0209863185882568,0.751884698867798,0.773928880691528,0.760530710220337,0.778046131134033,0.778046131134033,-1,-1,0.804612636566162,5.42044639587402,NaN,17.5154209136963,4.11725044250488,Congruent,Left,Right,Right,Right,Right,0,1,1,0,1,1,0,1,1,0,1,0,0,0,1,1,0,0,1,953,753,20260721_t1029_srsSmooth_training_B010,53,33,43.4857415994008,1.53995442390442,2,2,135,1,0,1,1,0,0
20260721_t1029_srsSmooth_training,srs_smooth_training,trial0954.mat,954,954,953,10,54,53,100,80,20,8,2,2,7,2,69,27981,2,0,1,2,2,2,1,1,2,2,CHOSE_LOW_SAL,2,455,1,0,2,1,1,0,78,140,140,78,-62,140,1,0,197.5,19.5,162.5,19.5,143,143,NaN,NaN,NaN,1784647106.1916,3719.53226932,1.14753580093384,0.0190808773040771,0.0249061584472656,0.680729150772095,0.694106578826904,0.689021110534668,0.694810152053833,0.694810152053833,-1,-1,0.704870700836182,5.82528114318848,NaN,5.78904151916504,0.703573226928711,Conflict,Right,Left,Left,Left,Right,0,1,0,1,1,0,0,1,0,1,1,0,1,1,0,1,0,1,1,954,754,20260721_t1029_srsSmooth_training_B010,54,34,43.5327681819598,1.56119155883789,2,1,159,1,0,1,1,0,0
20260721_t1029_srsSmooth_training,srs_smooth_training,trial0955.mat,955,955,954,10,55,54,100,80,20,8,2,2,8,2,87,24294,2,0,2,1,2,1,1,2,2,1,CHOSE_LOW_SAL,2,455,1,0,1,1,1,0,59,143,143,59,-84,143,1,0,191.5,19,168.5,19,149.5,149.5,NaN,NaN,NaN,1784647108.88089,3722.22165768,1.13290190696716,0.0132284164428711,0.0148539543151855,0.655981063842773,0.671587467193604,0.6642746925354,0.673166990280151,0.673166990280151,-1,-1,0.691212892532349,1.62553787231445,NaN,8.89229774475098,1.57952308654785,Conflict,Left,Right,Right,Right,Left,0,1,0,1,1,1,0,1,0,0,1,0,1,0,1,0,0,1,1,955,755,20260721_t1029_srsSmooth_training_B010,55,35,43.5775896668434,1.54175329208374,2,2,140,1,0,1,1,0,0
20260721_t1029_srsSmooth_training,srs_smooth_training,trial0956.mat,956,956,955,10,56,55,100,80,20,8,2,2,7,2,73,28909,2,0,1,2,2,2,1,1,2,2,CHOSE_LOW_SAL,2,455,1,0,4,1,1,0,74,141,141,74,-67,141,1,180,11,194.5,169,14.5,154.5,154.5,NaN,NaN,NaN,1784647111.54723,3724.88795976,1.28308916091919,0.0136585235595703,0.0189952850341797,0.758501291275024,0.78035569190979,0.766858577728271,0.785985469818115,0.785985469818115,-1,-1,0.808279752731323,5.33676147460938,NaN,19.1268920898438,5.6297779083252,Conflict,Right,Left,Left,Left,Right,0,1,0,1,1,0,0,1,0,1,1,0,1,1,0,1,0,1,1,956,756,20260721_t1029_srsSmooth_training_B010,56,36,43.6220286846161,1.53343915939331,2,1,143,1,0,1,1,0,0
20260721_t1029_srsSmooth_training,srs_smooth_training,trial0957.mat,957,957,956,10,57,56,100,80,20,8,2,1,6,2,54,16015,2,0,2,1,2,1,2,1,2,1,CHOSE_HIGH_SAL,1,455,1,0,0,1,1,0,69,139,139,69,-70,139,1,0,15.5,198,15.5,162,-146.5,146.5,NaN,NaN,NaN,1784647114.37652,3727.71714748,1.18702149391174,0.0178096294403076,0.0187547206878662,0.718900442123413,0.73450493812561,0.727409362792969,0.735531806945801,0.735531806945801,-1,-1,0.753262042999268,0.945091247558594,NaN,8.12244415283203,1.02686882019043,Congruent,Left,Right,Right,Right,Right,0,1,1,0,1,1,0,1,1,0,1,0,0,0,1,1,0,0,1,957,757,20260721_t1029_srsSmooth_training_B010,57,37,43.6691835482915,1.54620265960693,2,2,141,1,0,1,1,0,0
20260721_t1029_srsSmooth_training,srs_smooth_training,trial0958.mat,958,958,957,10,58,57,100,80,20,8,2,2,8,2,94,21384,2,0,2,1,2,1,1,2,2,1,CHOSE_LOW_SAL,2,455,1,0,1,1,1,0,67,139,139,67,-72,139,1,0,192,13.5,168,13.5,154.5,154.5,NaN,NaN,NaN,1784647117.08587,3730.42647388,1.0790376663208,0.0169022083282471,0.0183568000793457,0.584441661834717,0.600258350372314,0.592992782592773,0.601871252059937,0.601871252059937,-1,-1,0.619279861450195,1.45459175109863,NaN,8.87846946716309,1.61290168762207,Conflict,Left,Right,Right,Right,Left,0,1,0,1,1,1,0,1,0,0,1,0,1,0,1,0,0,1,1,958,758,20260721_t1029_srsSmooth_training_B010,58,38,43.7143393198649,1.52232480049133,2,1,139,1,0,0,1,1,0
20260721_t1029_srsSmooth_training,srs_smooth_training,trial0959.mat,959,959,958,10,59,58,100,80,20,8,2,2,7,2,78,21723,2,0,1,2,2,2,1,1,2,2,CHOSE_LOW_SAL,2,455,1,0,5,1,1,0,71,187,187,71,-116,187,1,0,191,14,169,14,155,155,NaN,NaN,NaN,1784647119.70455,3733.04521684,1.28439855575562,0.0149834156036377,0.016460657119751,0.709770202636719,0.731678247451782,0.71837306022644,0.737968444824219,0.737968444824219,-1,-1,0.768616199493408,1.47724151611328,NaN,19.5953845977783,6.29019737243652,Conflict,Right,Left,Left,Left,Right,0,1,0,1,1,0,0,1,0,1,1,0,1,1,0,1,0,1,1,959,759,20260721_t1029_srsSmooth_training_B010,59,39,43.7579841216405,1.53965044021606,2,1,139,1,0,1,1,0,0
20260721_t1029_srsSmooth_training,srs_smooth_training,trial0960.mat,960,960,959,10,60,59,100,80,20,8,2,2,8,2,96,20536,2,0,2,1,2,1,1,2,2,1,CHOSE_LOW_SAL,2,455,1,0,6,1,1,0,67,143,143,67,-76,143,1,0,196.5,19.5,163.5,19.5,144,144,NaN,NaN,NaN,1784647122.52701,3735.86742424,1.26867651939392,0.017634391784668,0.0189952850341797,0.737642049789429,0.759330749511719,0.745887279510498,0.765514612197876,0.765514612197876,-1,-1,0.791959047317505,1.36089324951172,NaN,19.6273326873779,6.18386268615723,Conflict,Left,Right,Right,Right,Left,0,1,0,1,1,1,0,1,0,0,1,0,1,0,1,0,0,1,1,960,760,20260721_t1029_srsSmooth_training_B010,60,40,43.805025100708,1.53806018829346,2,2,187,1,0,1,1,0,0
20260721_t1029_srsSmooth_training,srs_smooth_training,trial0961.mat,961,961,960,10,61,60,100,80,20,8,2,2,8,2,88,17896,2,0,2,1,2,1,1,2,2,1,CHOSE_LOW_SAL,2,455,1,0,4,1,1,0,65,150,150,65,-85,150,1,180,17,200,163,20,143,143,NaN,NaN,NaN,1784647125.36174,3738.7020108,1.30276465415955,0.0163474082946777,0.0226020812988281,0.802794456481934,0.82471227645874,0.811034202575684,0.830633401870728,0.830633401870728,-1,-1,0.851848363876343,6.25467300415039,NaN,19.5991992950439,5.9211254119873,Conflict,Left,Right,Right,Right,Left,0,1,0,1,1,1,0,1,0,0,1,0,1,0,1,0,0,1,1,961,761,20260721_t1029_srsSmooth_training_B010,61,41,43.8522706190745,1.56605458259583,2,1,143,1,0,0,1,1,0
20260721_t1029_srsSmooth_training,srs_smooth_training,trial0962.mat,962,962,961,10,62,61,100,80,20,8,2,2,7,2,79,20500,2,0,1,2,2,2,1,1,2,2,CHOSE_LOW_SAL,2,455,1,0,2,1,1,0,88,140,140,88,-52,140,1,180,12.5,198.5,167.5,18.5,149,149,NaN,NaN,NaN,1784647128.20575,3741.54622256,1.28438067436218,0.0141198635101318,0.0151007175445557,0.775535345077515,0.797483444213867,0.783900022506714,0.80307674407959,0.80307674407959,-1,-1,0.81621789932251,0.980854034423828,NaN,19.176721572876,5.59329986572266,Conflict,Right,Left,Left,Left,Right,0,1,0,1,1,0,0,1,0,1,1,0,1,1,0,1,0,1,1,962,762,20260721_t1029_srsSmooth_training_B010,62,42,43.8996707161268,1.54124116897583,2,1,150,1,0,1,1,0,0
20260721_t1029_srsSmooth_training,srs_smooth_training,trial0963.mat,963,963,962,10,63,62,100,80,20,8,2,2,8,2,89,18803,2,0,2,1,2,1,1,2,2,1,CHOSE_LOW_SAL,2,455,1,0,4,1,1,0,46,115,115,46,-69,115,1,180,17.5,196,162.5,16,146.5,146.5,NaN,NaN,NaN,1784647131.02668,3744.3669972,1.2126612663269,0.0183002948760986,0.0196900367736816,0.754609107971191,0.776663303375244,0.76323127746582,0.781637191772461,0.781637191772461,-1,-1,0.804626703262329,1.38974189758301,NaN,18.4059143066406,4.9738883972168,Conflict,Left,Right,Right,Right,Left,0,1,0,1,1,1,0,1,0,0,1,0,1,0,1,0,0,1,1,963,763,20260721_t1029_srsSmooth_training_B010,63,43,43.9466862082481,1.53654885292053,2,2,140,1,0,1,1,0,0
20260721_t1029_srsSmooth_training,srs_smooth_training,trial0964.mat,964,964,963,10,64,63,100,80,20,8,2,1,5,2,26,20344,2,0,1,2,2,2,2,2,2,2,CHOSE_HIGH_SAL,1,455,1,0,4,1,1,0,47,125,125,47,-78,125,1,0,11,196.5,11,163.5,-152.5,152.5,NaN,NaN,NaN,1784647133.8073,3747.14758372,1.08164715766907,0.0127830505371094,0.0141420364379883,0.60734224319458,0.629474878311157,0.616009473800659,0.635261058807373,0.635261058807373,-1,-1,0.661669969558716,1.35898590087891,NaN,19.2515850067139,5.78618049621582,Congruent,Right,Left,Left,Left,Left,0,1,1,0,1,0,0,1,1,1,1,0,0,1,0,0,0,0,1,964,764,20260721_t1029_srsSmooth_training_B010,64,44,43.9930299599965,1.56796383857727,2,1,115,1,0,1,1,0,0
20260721_t1029_srsSmooth_training,srs_smooth_training,trial0965.mat,965,965,964,10,65,64,100,80,20,8,2,1,5,2,24,8079,2,0,1,2,2,2,2,2,2,2,CHOSE_HIGH_SAL,1,455,1,0,4,1,1,0,77,152,152,77,-75,152,1,180,198,18.5,18,161.5,-143.5,143.5,NaN,NaN,NaN,1784647136.44788,3749.78816996,1.2673487663269,0.0139813423156738,0.0154614448547363,0.731570720672607,0.755677461624146,0.742469072341919,0.762353897094727,0.762353897094727,-1,-1,0.783183097839355,1.4801025390625,NaN,19.8848247528076,6.67643547058105,Congruent,Right,Left,Left,Left,Left,0,1,1,0,1,0,0,1,1,1,1,0,0,1,0,0,0,0,1,965,765,20260721_t1029_srsSmooth_training_B010,65,45,44.0370394865672,1.55892443656921,2,2,125,1,0,0,1,1,0
20260721_t1029_srsSmooth_training,srs_smooth_training,trial0966.mat,966,966,965,10,66,65,100,80,20,8,2,1,5,2,40,4982,2,0,1,2,2,2,2,2,2,2,CHOSE_HIGH_SAL,1,455,1,0,3,1,1,0,78,147,147,78,-69,147,1,0,13,190.5,13,169.5,-156.5,156.5,NaN,NaN,NaN,1784647139.24583,3752.58593112,1.31911110877991,0.0161426067352295,0.0178909301757812,0.802273035049438,0.816173553466797,0.810994386672974,0.817090749740601,0.817090749740601,-1,-1,0.834894180297852,1.74832344055176,NaN,6.09636306762695,0.917196273803711,Congruent,Right,Left,Left,Left,Left,0,1,1,0,1,0,0,1,1,1,1,0,0,1,0,0,0,0,1,966,766,20260721_t1029_srsSmooth_training_B010,66,46,44.0836719671885,1.53060007095337,2,2,152,1,0,0,1,1,0
20260721_t1029_srsSmooth_training,srs_smooth_training,trial0967.mat,967,967,966,10,67,66,100,80,20,8,2,2,7,2,80,15312,2,0,1,2,2,2,1,1,2,2,CHOSE_LOW_SAL,2,455,1,0,5,1,1,0,66,163,163,66,-97,163,1,180,11.5,190.5,168.5,10.5,158,158,NaN,NaN,NaN,1784647142.09394,3755.43412864,1.2844979763031,0.0181431770324707,0.0229325294494629,0.746302843093872,0.768171787261963,0.754480361938477,0.773106575012207,0.773106575012207,-1,-1,0.804257869720459,4.78935241699219,NaN,18.6262130737305,4.93478775024414,Conflict,Right,Left,Left,Left,Right,0,1,0,1,1,0,0,1,0,1,1,0,1,1,0,1,0,1,1,967,767,20260721_t1029_srsSmooth_training_B010,67,47,44.1311404943466,1.52900052070618,2,2,147,1,0,0,1,1,0
20260721_t1029_srsSmooth_training,srs_smooth_training,trial0968.mat,968,968,967,10,68,67,100,80,20,8,2,2,8,2,86,22543,2,0,2,1,2,1,1,2,2,1,CHOSE_LOW_SAL,2,455,1,0,5,1,1,0,55,165,165,55,-110,165,1,0,197.5,10.5,162.5,10.5,152,152,NaN,NaN,NaN,1784647144.91732,3758.25740072,1.28095746040344,0.0198719501495361,0.0217878818511963,0.722648620605469,0.744900941848755,0.730861663818359,0.749555110931396,0.749555110931396,-1,-1,0.781246185302734,1.91593170166016,NaN,18.6934471130371,4.6541690826416,Conflict,Left,Right,Right,Right,Left,0,1,0,1,1,1,0,1,0,0,1,0,1,0,1,0,0,1,1,968,768,20260721_t1029_srsSmooth_training_B010,68,48,44.1781968474388,1.53888320922852,2,2,163,1,0,1,1,0,0
20260721_t1029_srsSmooth_training,srs_smooth_training,trial0969.mat,969,969,968,10,69,68,100,80,20,8,2,1,5,2,25,7969,2,0,1,2,2,2,2,2,2,2,CHOSE_HIGH_SAL,1,455,1,0,1,1,1,0,42,163,163,42,-121,163,1,0,12.5,192.5,12.5,167.5,-155,155,NaN,NaN,NaN,1784647147.7374,3761.0774226,1.31664633750916,0.0165669918060303,0.018251895904541,0.792726993560791,0.808264970779419,0.801146984100342,0.80914306640625,0.80914306640625,-1,-1,0.818942308425903,1.68490409851074,NaN,7.9960823059082,0.878095626831055,Congruent,Right,Left,Left,Left,Left,0,1,1,0,1,0,0,1,1,1,1,0,0,1,0,0,0,0,1,969,769,20260721_t1029_srsSmooth_training_B010,69,49,44.2251982132594,1.53912448883057,2,1,165,1,0,1,1,0,0
20260721_t1029_srsSmooth_training,srs_smooth_training,trial0970.mat,970,970,969,10,70,69,100,80,20,8,2,1,6,2,55,4308,2,0,2,1,2,1,2,1,2,1,CHOSE_HIGH_SAL,1,455,1,0,4,1,1,0,78,126,126,78,-48,126,1,180,193,18.5,13,161.5,-148.5,148.5,NaN,NaN,NaN,1784647150.59975,3763.93968284,1.17440104484558,0.0126585960388184,0.0139889717102051,0.699288129806519,0.721020698547363,0.707690000534058,0.726842880249023,0.726842880249023,-1,-1,0.74913501739502,1.33037567138672,NaN,19.1528797149658,5.82218170166016,Congruent,Left,Right,Right,Right,Right,0,1,1,0,1,1,0,1,1,0,1,0,0,0,1,1,0,0,1,970,770,20260721_t1029_srsSmooth_training_B010,70,50,44.2729040980339,1.5457067489624,2,2,163,1,0,1,1,0,0
20260721_t1029_srsSmooth_training,srs_smooth_training,trial0971.mat,971,971,970,10,71,70,100,80,20,8,2,2,8,2,83,5499,2,0,2,1,2,1,1,2,2,1,CHOSE_LOW_SAL,2,455,1,0,3,1,1,0,73,142,142,73,-69,142,1,0,192,11,168,11,157,157,NaN,NaN,NaN,1784647153.33199,3766.67177448,1.21786046028137,0.013864278793335,0.0196647644042969,0.739665508270264,0.755559206008911,0.747775077819824,0.756590127944946,0.756590127944946,-1,-1,0.774918079376221,5.80048561096191,NaN,8.81505012512207,1.03092193603516,Conflict,Left,Right,Right,Right,Left,0,1,0,1,1,1,0,1,0,0,1,0,1,0,1,0,0,1,1,971,771,20260721_t1029_srsSmooth_training_B010,71,51,44.3184413592021,1.55783462524414,2,1,126,1,0,0,1,1,0
20260721_t1029_srsSmooth_training,srs_smooth_training,trial0972.mat,972,972,971,10,72,71,100,80,20,8,2,2,7,2,76,22762,2,0,1,2,2,2,1,1,2,2,CHOSE_LOW_SAL,2,455,1,0,6,1,1,0,68,157,157,68,-89,157,1,0,197,16.5,163,16.5,146.5,146.5,NaN,NaN,NaN,1784647156.10088,3769.44074708,1.10637378692627,0.0117485523223877,0.0173141956329346,0.590097665786743,0.611772775650024,0.598288774490356,0.617283582687378,0.617283582687378,-1,-1,0.648584604263306,5.56564331054688,NaN,18.9948081970215,5.51080703735352,Conflict,Right,Left,Left,Left,Right,0,1,0,1,1,0,0,1,0,1,1,0,1,1,0,1,0,1,1,972,772,20260721_t1029_srsSmooth_training_B010,72,52,44.36458953619,1.55103015899658,2,1,142,1,0,1,1,0,0
20260721_t1029_srsSmooth_training,srs_smooth_training,trial0973.mat,973,973,972,10,73,72,100,80,20,8,2,2,8,2,100,31468,2,0,2,1,2,1,1,2,2,1,CHOSE_LOW_SAL,2,455,1,0,3,1,1,0,53,159,159,53,-106,159,1,180,11,193,169,13,156,156,NaN,NaN,NaN,1784647158.73177,3772.07158076,1.20990872383118,0.0142908096313477,0.0191941261291504,0.681496143341064,0.697650909423828,0.690327882766724,0.69880223274231,0.69880223274231,-1,-1,0.71700119972229,4.90331649780273,NaN,8.47434997558594,1.15132331848145,Conflict,Left,Right,Right,Right,Left,0,1,0,1,1,1,0,1,0,0,1,0,1,0,1,0,0,1,1,973,773,20260721_t1029_srsSmooth_training_B010,73,53,44.4084377805392,1.52452087402344,2,2,157,1,0,1,1,0,0
20260721_t1029_srsSmooth_training,srs_smooth_training,trial0974.mat,974,974,973,10,74,73,100,80,20,8,2,2,7,2,61,14920,2,0,1,2,2,2,1,1,2,2,CHOSE_LOW_SAL,2,455,1,0,6,1,1,0,62,164,164,62,-102,164,1,180,19,193.5,161,13.5,147.5,147.5,NaN,NaN,NaN,1784647161.50167,3774.84145428,1.20637202262878,0.0195000171661377,0.0244166851043701,0.656275749206543,0.67785906791687,0.664319753646851,0.681897163391113,0.681897163391113,-1,-1,0.713381290435791,4.91666793823242,NaN,17.5774097442627,4.03809547424316,Conflict,Right,Left,Left,Left,Right,0,1,0,1,1,0,0,1,0,1,1,0,1,1,0,1,0,1,1,974,774,20260721_t1029_srsSmooth_training_B010,74,54,44.4546027779579,1.55999112129211,2,1,159,1,0,1,1,0,0
20260721_t1029_srsSmooth_training,srs_smooth_training,trial0975.mat,975,975,974,10,75,74,100,80,20,8,2,1,6,2,41,18960,2,0,2,1,2,1,2,1,2,1,CHOSE_HIGH_SAL,1,455,1,0,3,1,1,0,76,147,147,76,-71,147,1,180,192.5,12,12.5,168,-155.5,155.5,NaN,NaN,NaN,1784647164.27403,3777.61363532,1.1177396774292,0.0139141082763672,0.0155820846557617,0.634326219558716,0.647273063659668,0.642139673233032,0.648285627365112,0.648285627365112,-1,-1,0.666194677352905,1.66797637939453,NaN,6.14595413208008,1.01256370544434,Congruent,Left,Right,Right,Right,Right,0,1,1,0,1,1,0,1,1,0,1,0,0,0,1,1,0,0,1,975,775,20260721_t1029_srsSmooth_training_B010,75,55,44.500808775425,1.56598782539368,2,2,164,1,0,1,1,0,0
20260721_t1029_srsSmooth_training,srs_smooth_training,trial0976.mat,976,976,975,10,76,75,100,80,20,8,2,2,7,2,66,32342,2,0,1,2,2,2,1,1,2,2,CHOSE_LOW_SAL,2,455,1,0,4,1,1,0,57,150,150,57,-93,150,1,0,199,18,161,18,143,143,NaN,NaN,NaN,1784647166.94976,3780.28927152,1.27523708343506,0.013291597366333,0.0191390514373779,0.741389036178589,0.763320922851562,0.749937057495117,0.769415140151978,0.769415140151978,-1,-1,0.791279315948486,5.84745407104492,NaN,19.4780826568604,6.09421730041504,Conflict,Right,Left,Left,Left,Right,0,1,0,1,1,0,0,1,0,1,1,0,1,1,0,1,0,1,1,976,776,20260721_t1029_srsSmooth_training_B010,76,56,44.5454042474429,1.55798864364624,2,1,147,1,0,1,1,0,0
20260721_t1029_srsSmooth_training,srs_smooth_training,trial0977.mat,977,977,976,10,77,76,100,80,20,8,2,1,6,2,52,22189,2,0,2,1,2,1,2,1,2,1,CHOSE_HIGH_SAL,1,455,1,0,5,1,1,0,96,155,155,96,-59,155,1,180,190.5,11,10.5,169,-158.5,158.5,NaN,NaN,NaN,1784647169.8077,3783.14732144,1.11702728271484,0.013801097869873,0.0152356624603271,0.575159788131714,0.597158193588257,0.583876609802246,0.603036403656006,0.603036403656006,-1,-1,0.63127064704895,1.4345645904541,NaN,19.1597938537598,5.87821006774902,Congruent,Left,Right,Right,Right,Right,0,1,1,0,1,1,0,1,1,0,1,0,0,0,1,1,0,0,1,977,777,20260721_t1029_srsSmooth_training_B010,77,57,44.5930365085602,1.58269858360291,2,2,150,1,0,1,1,0,0
20260721_t1029_srsSmooth_training,srs_smooth_training,trial0978.mat,978,978,977,10,78,77,100,80,20,8,2,1,6,2,42,16422,2,0,2,1,2,1,2,1,2,1,CHOSE_HIGH_SAL,1,455,1,0,5,1,1,0,78,143,143,78,-65,143,1,180,194.5,19,14.5,161,-146.5,146.5,NaN,NaN,NaN,1784647172.4871,3785.82649796,1.20440864562988,0.0178427696228027,0.0235633850097656,0.679547309875488,0.701202869415283,0.687781810760498,0.707038402557373,0.707038402557373,-1,-1,0.73292875289917,5.72061538696289,NaN,19.256591796875,5.83553314208984,Congruent,Left,Right,Right,Right,Right,0,1,1,0,1,1,0,1,1,0,1,0,0,0,1,1,0,0,1,978,778,20260721_t1029_srsSmooth_training_B010,78,58,44.63769313097,1.56237006187439,2,1,155,1,0,0,1,1,0
20260721_t1029_srsSmooth_training,srs_smooth_training,trial0979.mat,979,979,978,10,79,78,100,80,20,8,2,1,5,2,21,13185,2,0,1,2,2,2,2,2,2,2,CHOSE_HIGH_SAL,1,455,1,0,4,1,1,0,59,165,165,59,-106,165,1,0,19.5,199.5,19.5,160.5,-141,141,NaN,NaN,NaN,1784647175.238,3788.57738528,1.13917970657349,0.0170431137084961,0.021960973739624,0.587041616439819,0.608733177185059,0.595055103302002,0.614220857620239,0.614220857620239,-1,-1,0.642732858657837,4.91786003112793,NaN,19.1657543182373,5.48768043518066,Congruent,Right,Left,Left,Left,Left,0,1,1,0,1,0,0,1,1,1,1,0,0,1,0,0,0,0,1,979,779,20260721_t1029_srsSmooth_training_B010,79,59,44.6835415919622,1.54649901390076,2,1,143,1,0,1,1,0,0
20260721_t1029_srsSmooth_training,srs_smooth_training,trial0980.mat,980,980,979,10,80,79,100,80,20,8,2,2,7,2,70,82,2,0,1,2,2,2,1,1,2,2,CHOSE_LOW_SAL,2,455,1,0,3,1,1,0,78,145,145,78,-67,145,1,0,194.5,18.5,165.5,18.5,147,147,NaN,NaN,NaN,1784647177.93282,3791.27214668,1.05015206336975,0.013993501663208,0.0153481960296631,0.540035009384155,0.555681705474854,0.54855489730835,0.556500434875488,0.556500434875488,-1,-1,0.574419736862183,1.35469436645508,NaN,7.94553756713867,0.818729400634766,Conflict,Right,Left,Left,Left,Right,0,1,0,1,1,0,0,1,0,1,1,0,1,1,0,1,0,1,1,980,780,20260721_t1029_srsSmooth_training_B010,80,60,44.7284552852313,1.55564188957214,2,2,165,1,0,0,1,1,0
20260721_t1029_srsSmooth_training,srs_smooth_training,trial0981.mat,981,981,980,10,81,80,100,80,20,8,2,2,8,2,81,2886,2,0,2,1,2,1,1,2,2,1,CHOSE_LOW_SAL,2,455,1,0,4,1,1,0,80,123,123,80,-43,123,1,180,11.5,190.5,168.5,10.5,158,158,NaN,NaN,NaN,1784647180.5271,3793.86630032,1.21461749076843,0.0198163986206055,0.0223548412322998,0.748277425765991,0.769846200942993,0.756182670593262,0.77610182762146,0.77610182762146,-1,-1,0.797797918319702,2.53844261169434,NaN,19.9191570281982,6.2556266784668,Conflict,Left,Right,Right,Right,Left,0,1,0,1,1,1,0,1,0,0,1,0,1,0,1,0,0,1,1,981,781,20260721_t1029_srsSmooth_training_B010,81,61,44.7716932892799,1.54412817955017,2,2,145,1,0,1,1,0,0
20260721_t1029_srsSmooth_training,srs_smooth_training,trial0982.mat,982,982,981,10,82,81,100,80,20,8,2,1,6,2,48,14200,2,0,2,1,2,1,2,1,2,1,CHOSE_HIGH_SAL,1,455,1,0,3,1,1,0,78,148,148,78,-70,148,1,0,11.5,199,11.5,161,-149.5,149.5,NaN,NaN,NaN,1784647183.3221,3796.66132092,1.17785620689392,0.0165975093841553,0.0187191963195801,0.661554098129272,0.683291435241699,0.670202970504761,0.68569278717041,0.68569278717041,-1,-1,0.702121257781982,2.1216869354248,NaN,15.4898166656494,2.40135192871094,Congruent,Left,Right,Right,Right,Right,0,1,1,0,1,1,0,1,1,0,1,0,0,0,1,1,0,0,1,982,782,20260721_t1029_srsSmooth_training_B010,82,62,44.8182765364647,1.58037734031677,2,1,123,1,0,0,1,1,0
20260721_t1029_srsSmooth_training,srs_smooth_training,trial0983.mat,983,983,982,10,83,82,100,80,20,8,2,2,7,2,62,29713,2,0,1,2,2,2,1,1,2,2,CHOSE_LOW_SAL,2,455,1,0,4,1,1,0,59,150,150,59,-91,150,1,0,197.5,17,162.5,17,145.5,145.5,NaN,NaN,NaN,1784647185.98799,3799.32720052,1.15359330177307,0.0174820423126221,0.0224974155426025,0.653949499130249,0.675840854644775,0.662882089614868,0.681004047393799,0.681004047393799,-1,-1,0.70474100112915,5.01537322998047,NaN,18.1219577789307,5.16319274902344,Conflict,Right,Left,Left,Left,Right,0,1,0,1,1,0,0,1,0,1,1,0,1,1,0,1,0,1,1,983,783,20260721_t1029_srsSmooth_training_B010,83,63,44.8627079923948,1.48803114891052,2,1,148,1,0,1,1,0,0
20260721_t1029_srsSmooth_training,srs_smooth_training,trial0984.mat,984,984,983,10,84,83,100,80,20,8,2,1,5,2,35,20558,2,0,1,2,2,2,2,2,2,2,CHOSE_HIGH_SAL,1,455,1,0,3,1,1,0,62,157,157,62,-95,157,1,180,193,12,13,168,-155,155,NaN,NaN,NaN,1784647188.64578,3801.98478148,1.05507779121399,0.0181310176849365,0.0201869010925293,0.537941455841064,0.551485061645508,0.545974254608154,0.553208827972412,0.553208827972412,-1,-1,0.570573329925537,2.05588340759277,NaN,7.23457336425781,1.7237663269043,Congruent,Right,Left,Left,Left,Left,0,1,1,0,1,0,0,1,1,1,1,0,0,1,0,0,0,0,1,984,784,20260721_t1029_srsSmooth_training_B010,84,64,44.9070044795672,1.50419592857361,2,2,150,1,0,0,1,1,0
20260721_t1029_srsSmooth_training,srs_smooth_training,trial0985.mat,985,985,984,10,85,84,100,80,20,8,2,1,5,2,29,10956,2,0,1,2,2,2,2,2,2,2,CHOSE_HIGH_SAL,1,455,1,0,3,1,1,0,77,150,150,77,-73,150,1,0,19,194,19,166,-147,147,NaN,NaN,NaN,1784647191.23269,3804.57187404,1.20901370048523,0.0146536827087402,0.0162222385406494,0.701038599014282,0.723014354705811,0.709348917007446,0.724230766296387,0.724230766296387,-1,-1,0.74261999130249,1.56855583190918,NaN,14.8818492889404,1.21641159057617,Congruent,Right,Left,Left,Left,Left,0,1,1,0,1,0,0,1,1,1,1,0,0,1,0,0,0,0,1,985,785,20260721_t1029_srsSmooth_training_B010,85,65,44.9501196861267,1.53183460235596,2,2,157,1,0,0,1,1,0
20260721_t1029_srsSmooth_training,srs_smooth_training,trial0986.mat,986,986,985,10,86,85,100,80,20,8,2,2,8,2,84,27349,2,0,2,1,2,1,1,2,2,1,CHOSE_LOW_SAL,2,455,1,0,5,1,1,0,84,160,160,84,-76,160,1,180,17.5,192,162.5,12,150.5,150.5,NaN,NaN,NaN,1784647193.98263,3807.32158836,1.20965242385864,0.0148203372955322,0.016735315322876,0.659502267837524,0.68151330947876,0.668039798736572,0.687351942062378,0.687351942062378,-1,-1,0.716040134429932,1.91497802734375,NaN,19.3121433258057,5.83863258361816,Conflict,Left,Right,Right,Right,Left,0,1,0,1,1,1,0,1,0,0,1,0,1,0,1,0,0,1,1,986,786,20260721_t1029_srsSmooth_training_B010,86,66,44.9959520578384,1.54092860221863,2,2,150,1,0,1,1,0,0
20260721_t1029_srsSmooth_training,srs_smooth_training,trial0987.mat,987,987,986,10,87,86,100,80,20,8,2,2,7,2,65,31231,2,0,1,2,2,2,1,1,2,2,CHOSE_LOW_SAL,2,455,1,0,3,1,1,0,62,140,140,62,-78,140,1,180,12.5,196.5,167.5,16.5,151,151,NaN,NaN,NaN,1784647196.72833,3810.067262,1.07168364524841,0.0192277431488037,0.0206592082977295,0.564213514328003,0.585916519165039,0.572414636611938,0.588714361190796,0.588714361190796,-1,-1,0.604692459106445,1.43146514892578,NaN,16.2997245788574,2.79784202575684,Conflict,Right,Left,Left,Left,Right,0,1,0,1,1,0,0,1,0,1,1,0,1,1,0,1,0,1,1,987,787,20260721_t1029_srsSmooth_training_B010,87,67,45.0417137344678,1.53604817390442,2,1,160,1,0,1,1,0,0
20260721_t1029_srsSmooth_training,srs_smooth_training,trial0988.mat,988,988,987,10,88,87,100,80,20,8,2,1,5,2,30,19452,2,0,1,2,2,2,2,2,2,2,CHOSE_HIGH_SAL,1,455,1,0,1,1,1,0,47,161,161,47,-114,161,1,180,198.5,13,18.5,167,-148.5,148.5,NaN,NaN,NaN,1784647199.35237,3812.69124292,1.21584892272949,0.0119550228118896,0.0165383815765381,0.706745386123657,0.720316171646118,0.714898824691772,0.720971584320068,0.720971584320068,-1,-1,0.738914012908936,4.58335876464844,NaN,6.0727596282959,0.655412673950195,Congruent,Right,Left,Left,Left,Left,0,1,1,0,1,0,0,1,1,1,1,0,0,1,0,0,0,0,1,988,788,20260721_t1029_srsSmooth_training_B010,88,68,45.0854477763176,1.55235886573792,2,2,140,1,0,0,1,1,0
20260721_t1029_srsSmooth_training,srs_smooth_training,trial0989.mat,989,989,988,10,89,88,100,80,20,8,2,1,6,2,60,4289,2,0,2,1,2,1,2,1,2,1,CHOSE_HIGH_SAL,1,455,1,0,1,1,1,0,99,123,123,99,-24,123,1,180,196.5,20,16.5,160,-143.5,143.5,NaN,NaN,NaN,1784647202.11804,3815.45689536,1.24111223220825,0.0130629539489746,0.0145304203033447,0.764801263809204,0.788093328475952,0.773979187011719,0.790549278259277,0.790549278259277,-1,-1,0.807232618331909,1.46746635437012,NaN,16.5700912475586,2.4559497833252,Congruent,Left,Right,Right,Right,Right,0,1,1,0,1,1,0,1,1,0,1,0,0,0,1,1,0,0,1,989,789,20260721_t1029_srsSmooth_training_B010,89,69,45.1315422415733,1.54981899261475,2,2,161,1,0,1,1,0,0
20260721_t1029_srsSmooth_training,srs_smooth_training,trial0990.mat,990,990,989,10,90,89,100,80,20,8,2,1,5,2,38,2589,2,0,1,2,2,2,2,2,2,2,CHOSE_HIGH_SAL,1,455,1,0,6,1,1,0,38,131,131,38,-93,131,1,180,190.5,11,10.5,169,-158.5,158.5,NaN,NaN,NaN,1784647204.93757,3818.27642984,1.11109113693237,0.0186498165130615,0.0238044261932373,0.60503363609314,0.627007961273193,0.613519906997681,0.633137702941895,0.633137702941895,-1,-1,0.660915374755859,5.15460968017578,NaN,19.6177959442139,6.12974166870117,Congruent,Right,Left,Left,Left,Left,0,1,1,0,1,0,0,1,1,1,1,0,0,1,0,0,0,0,1,990,790,20260721_t1029_srsSmooth_training_B010,90,70,45.1785343170166,1.57841229438782,2,1,123,1,0,1,1,0,0
20260721_t1029_srsSmooth_training,srs_smooth_training,trial0991.mat,991,991,990,10,91,90,100,80,20,8,2,1,6,2,53,31252,2,0,2,1,2,1,2,1,2,1,CHOSE_HIGH_SAL,1,455,1,0,3,1,1,0,52,134,134,52,-82,134,1,0,11,192,11,168,-157,157,NaN,NaN,NaN,1784647207.64746,3820.98618244,1.26002502441406,0.0171992778778076,0.0180816650390625,0.778750419616699,0.792230606079102,0.786921262741089,0.79293966293335,0.79293966293335,-1,-1,0.811142683029175,0.882387161254883,NaN,6.01840019226074,0.709056854248047,Congruent,Left,Right,Right,Right,Right,0,1,1,0,1,1,0,1,1,0,1,0,0,0,1,1,0,0,1,991,791,20260721_t1029_srsSmooth_training_B010,91,71,45.2236991524696,1.59879899024963,2,2,131,1,0,1,1,0,0
20260721_t1029_srsSmooth_training,srs_smooth_training,trial0992.mat,992,992,991,10,92,91,100,80,20,8,2,2,8,2,91,11433,2,0,2,1,2,1,1,2,2,1,CHOSE_LOW_SAL,2,455,1,0,4,1,1,0,66,148,148,66,-82,148,1,180,11.5,193.5,168.5,13.5,155,155,NaN,NaN,NaN,1784647210.44307,3823.78166068,1.26675772666931,0.0133638381958008,0.014836311340332,0.741784572601318,0.763394117355347,0.749928951263428,0.769110918045044,0.769110918045044,-1,-1,0.791527509689331,1.47247314453125,NaN,19.1819667816162,5.71680068969727,Conflict,Left,Right,Right,Right,Left,0,1,0,1,1,1,0,1,0,0,1,0,1,0,1,0,0,1,1,992,792,20260721_t1029_srsSmooth_training_B010,92,72,45.2702926953634,1.53558754920959,2,1,134,1,0,0,1,1,0
20260721_t1029_srsSmooth_training,srs_smooth_training,trial0993.mat,993,993,992,10,93,92,100,80,20,8,2,1,5,2,28,7813,2,0,1,2,2,2,2,2,2,2,CHOSE_HIGH_SAL,1,455,1,0,4,1,1,0,63,133,133,63,-70,133,1,180,190.5,13.5,10.5,166.5,-156,156,NaN,NaN,NaN,1784647213.26222,3826.60067848,1.34826898574829,0.0193259716033936,0.0216495990753174,0.822707414627075,0.844359397888184,0.830811262130737,0.850386381149292,0.850386381149292,-1,-1,0.873382806777954,2.32362747192383,NaN,19.5751190185547,6.0269832611084,Congruent,Right,Left,Left,Left,Left,0,1,1,0,1,0,0,1,1,1,1,0,0,1,0,0,0,0,1,993,793,20260721_t1029_srsSmooth_training_B010,93,73,45.3172785242399,1.55239200592041,2,1,148,1,0,1,1,0,0
20260721_t1029_srsSmooth_training,srs_smooth_training,trial0994.mat,994,994,993,10,94,93,100,80,20,8,2,2,8,2,92,6241,2,0,2,1,2,1,1,2,2,1,CHOSE_LOW_SAL,2,455,1,0,3,1,1,0,74,140,140,74,-66,140,1,180,13,195.5,167,15.5,151.5,151.5,NaN,NaN,NaN,1784647216.1345,3829.47303296,1.07493567466736,0.0138564109802246,0.0170226097106934,0.550447940826416,0.572182178497314,0.559146881103516,0.578447103500366,0.578447103500366,-1,-1,0.600995063781738,3.16619873046875,NaN,19.3002223968506,6.26492500305176,Conflict,Left,Right,Right,Right,Left,0,1,0,1,1,1,0,1,0,0,1,0,1,0,1,0,0,1,1,994,794,20260721_t1029_srsSmooth_training_B010,94,74,45.3651498556137,1.52401089668274,2,2,133,1,0,1,1,0,0
20260721_t1029_srsSmooth_training,srs_smooth_training,trial0995.mat,995,995,994,10,95,94,100,80,20,8,2,1,6,2,57,11392,2,0,2,1,2,1,2,1,2,1,CHOSE_HIGH_SAL,1,455,1,0,5,1,1,0,40,132,132,40,-92,132,1,180,193.5,11,13.5,169,-155.5,155.5,NaN,NaN,NaN,1784647218.76799,3832.106473,1.12548089027405,0.0137746334075928,0.0153708457946777,0.608926057815552,0.630466461181641,0.617462158203125,0.637180089950562,0.637180089950562,-1,-1,0.658779621124268,1.59621238708496,NaN,19.7179317474365,6.7136287689209,Congruent,Left,Right,Right,Right,Right,0,1,1,0,1,1,0,1,1,0,1,0,0,0,1,1,0,0,1,995,795,20260721_t1029_srsSmooth_training_B010,95,75,45.4090413331985,1.55855298042297,2,1,140,1,0,0,1,1,0
20260721_t1029_srsSmooth_training,srs_smooth_training,trial0996.mat,996,996,995,10,96,95,100,80,20,8,2,2,7,2,77,28271,2,0,1,2,2,2,1,1,2,2,CHOSE_LOW_SAL,2,455,1,0,4,1,1,0,67,163,163,67,-96,163,1,0,197,20,163,20,143,143,NaN,NaN,NaN,1784647221.44255,3834.78096932,1.14299082756042,0.0143136978149414,0.0201766490936279,0.617738246917725,0.631005048751831,0.624690055847168,0.632003307342529,0.632003307342529,-1,-1,0.649921894073486,5.86295127868652,NaN,7.31325149536133,0.998258590698242,Conflict,Right,Left,Left,Left,Right,0,1,0,1,1,0,0,1,0,1,1,0,1,1,0,1,0,1,1,996,796,20260721_t1029_srsSmooth_training_B010,96,76,45.4536174456278,1.54908585548401,2,1,132,1,0,1,1,0,0
20260721_t1029_srsSmooth_training,srs_smooth_training,trial0997.mat,997,997,996,10,97,96,100,80,20,8,2,1,5,2,33,12389,2,0,1,2,2,2,2,2,2,2,CHOSE_HIGH_SAL,1,455,1,0,1,1,1,0,57,164,164,57,-107,164,1,180,195.5,12,15.5,168,-152.5,152.5,NaN,NaN,NaN,1784647224.17754,3837.51609448,1.1155207157135,0.0127735137939453,0.0142972469329834,0.607686281204224,0.629465579986572,0.6160888671875,0.63042688369751,0.63042688369751,-1,-1,0.649485349655151,1.52373313903809,NaN,14.3380165100098,0.9613037109375,Congruent,Right,Left,Left,Left,Left,0,1,1,0,1,0,0,1,1,1,1,0,0,1,0,0,0,0,1,997,797,20260721_t1029_srsSmooth_training_B010,97,77,45.4992004672686,1.59199047088623,2,2,163,1,0,0,1,1,0
20260721_t1029_srsSmooth_training,srs_smooth_training,trial0998.mat,998,998,997,10,98,97,100,80,20,8,2,2,7,2,63,12587,2,0,1,2,2,2,1,1,2,2,CHOSE_LOW_SAL,2,455,1,0,1,1,1,0,63,164,164,63,-101,164,1,0,195,13.5,165,13.5,151.5,151.5,NaN,NaN,NaN,1784647226.89449,3840.23286424,1.13418841362,0.0125939846038818,0.013455867767334,0.590777635574341,0.612616777420044,0.599214792251587,0.613531351089478,0.613531351089478,-1,-1,0.63142204284668,0.861883163452148,NaN,14.3165588378906,0.914573669433594,Conflict,Right,Left,Left,Left,Right,0,1,0,1,1,0,0,1,0,1,1,0,1,1,0,1,0,1,1,998,798,20260721_t1029_srsSmooth_training_B010,98,78,45.5444830457369,1.60143399238586,2,2,164,1,0,0,1,1,0
20260721_t1029_srsSmooth_training,srs_smooth_training,trial0999.mat,999,999,998,10,99,98,100,80,20,8,2,1,6,2,43,5294,2,0,2,1,2,1,2,1,2,1,CHOSE_HIGH_SAL,1,455,1,0,0,1,1,0,86,165,165,86,-79,165,1,180,195,16,15,164,-149,149,NaN,NaN,NaN,1784649502.93736,6116.2288594,1.09512209892273,0.0177197456359863,0.0194742679595947,0.577169895172119,0.592742919921875,0.585519313812256,0.593764781951904,0.593764781951904,-1,-1,0.611948490142822,1.7545223236084,NaN,8.24546813964844,1.0218620300293,Congruent,Left,Right,Right,Right,Right,0,1,1,0,1,1,0,1,1,0,1,0,0,0,1,1,0,0,1,999,799,20260721_t1029_srsSmooth_training_B010,99,79,83.4785308798154,2274.90868163109,2,2,164,1,0,1,1,0,0
20260721_t1029_srsSmooth_training,srs_smooth_training,trial1000.mat,1000,1000,999,10,100,99,100,80,20,8,2,2,7,2,74,14967,2,0,1,2,2,2,1,1,2,2,CHOSE_LOW_SAL,2,455,1,0,1,1,1,0,63,122,122,63,-59,122,1,0,193.5,15,166.5,15,151.5,151.5,NaN,NaN,NaN,1784649505.76304,6119.0544822,1.03639221191406,0.0171563625335693,0.0182807445526123,0.578488111495972,0.600513458251953,0.586458444595337,0.601682901382446,0.601682901382446,-1,-1,0.619666576385498,1.12438201904297,NaN,15.2244567871094,1.16944313049316,Conflict,Right,Left,Left,Left,Right,0,1,0,1,1,0,0,1,0,1,1,0,1,1,0,1,0,1,1,1000,800,20260721_t1029_srsSmooth_training_B010,100,80,83.5256254712741,1.73055338859558,2,1,165,1,0,1,1,0,0
20260721_t1029_srsSmooth_training,srs_smooth_training,trial1001.mat,1001,1001,1000,11,1,0,104,84,20,8,1,0,1,1,4,4172,1,1,1,2,1,1,1,1,1,1,SINGLE_T1_CORRECT,10,455,1,0,1,1,1,0,179,50,179,50,129,179,1,180,10.5,191,169.5,11,158.5,158.5,NaN,NaN,NaN,1784649508.33146,6121.62289312,1.32750964164734,0.015505313873291,0.0168540477752686,0.816761016845703,0.832204580307007,0.825268507003784,0.83323335647583,0.83323335647583,-1,-1,0.851351261138916,1.34873390197754,NaN,7.9648494720459,1.02877616882324,Instruction,Right,Left,Right,Right,Right,1,0,0,0,0,NaN,NaN,NaN,NaN,NaN,NaN,NaN,NaN,1,1,1,1,1,0,1001,NaN,20260721_t1029_srsSmooth_training_B011,1,NaN,83.5684324701627,1.53202772140503,NaN,NaN,NaN,0,NaN,NaN,NaN,NaN,0
20260721_t1029_srsSmooth_training,srs_smooth_training,trial1002.mat,1002,1002,1001,11,2,1,104,84,20,8,1,0,2,1,8,10756,1,1,2,1,1,2,1,2,1,2,SINGLE_T1_CORRECT,10,455,1,0,0,1,1,0,191,25,191,25,166,191,1,0,198,11,162,11,151,151,NaN,NaN,NaN,1784649511.21766,6124.50896244,1.06564736366272,0.0127480030059814,0.014366626739502,0.540773153305054,0.554435968399048,0.549023389816284,0.556740760803223,0.556740760803223,-1,-1,0.573815584182739,1.61862373352051,NaN,7.71737098693848,2.3047924041748,Instruction,Left,Right,Left,Left,Left,1,0,0,0,0,NaN,NaN,NaN,NaN,NaN,NaN,NaN,NaN,0,0,0,1,1,0,1002,NaN,20260721_t1029_srsSmooth_training_B011,2,NaN,83.6165358781815,1.55869483947754,NaN,NaN,NaN,0,NaN,NaN,NaN,NaN,0
20260721_t1029_srsSmooth_training,srs_smooth_training,trial1003.mat,1003,1003,1002,11,3,2,104,84,20,8,1,0,4,1,20,4353,1,2,1,2,1,1,2,2,2,2,SINGLE_T2_CORRECT,11,455,1,0,0,1,1,0,184,39,184,39,145,39,1,180,199,12.5,19,167.5,-148.5,148.5,NaN,NaN,NaN,1784649513.84852,6127.13982396,1.01026797294617,0.0153262615203857,0.0166921615600586,0.641263008117676,0.657018184661865,0.649789810180664,0.657952070236206,0.657952070236206,-1,-1,0.675625085830688,1.36590003967285,NaN,8.16226005554199,0.93388557434082,Instruction,Right,Left,Left,Right,Left,1,0,0,0,0,NaN,NaN,NaN,NaN,NaN,NaN,NaN,NaN,1,1,0,1,0,0,1003,NaN,20260721_t1029_srsSmooth_training_B011,3,NaN,83.6603835423787,1.56521248817444,NaN,NaN,NaN,0,NaN,NaN,NaN,NaN,0
20260721_t1029_srsSmooth_training,srs_smooth_training,trial1004.mat,1004,1004,1003,11,4,3,104,84,20,8,1,0,3,1,13,30905,1,2,2,1,1,2,2,1,2,1,SINGLE_T2_CORRECT,11,455,1,0,0,1,1,0,182,15,182,15,167,15,1,180,192.5,12,12.5,168,-155.5,155.5,NaN,NaN,NaN,1784649516.37155,6129.66283372,0.886476755142212,0.0173914432525635,0.0188775062561035,0.535141706466675,0.550745487213135,0.543340444564819,0.551498651504517,0.551498651504517,-1,-1,0.569518804550171,1.48606300354004,NaN,8.15820693969727,0.753164291381836,Instruction,Left,Right,Right,Left,Right,1,0,0,0,0,NaN,NaN,NaN,NaN,NaN,NaN,NaN,NaN,0,0,1,1,0,0,1004,NaN,20260721_t1029_srsSmooth_training_B011,4,NaN,83.7024341185888,1.51276659965515,NaN,NaN,NaN,0,NaN,NaN,NaN,NaN,0
20260721_t1029_srsSmooth_training,srs_smooth_training,trial1005.mat,1005,1005,1004,11,5,4,104,84,20,8,1,0,1,1,2,29976,1,1,1,2,1,1,1,1,1,1,SINGLE_T1_CORRECT,10,455,1,0,3,1,1,0,158,19,158,19,139,158,1,180,11,190,169,10,159,159,NaN,NaN,NaN,1784649518.78831,6132.07944656,1.04602146148682,0.0174007415771484,0.0190424919128418,0.537609338760376,0.559089660644531,0.545920610427856,0.568260669708252,0.568260669708252,-1,-1,0.587120771408081,1.64175033569336,NaN,22.3400592803955,9.1710090637207,Instruction,Right,Left,Right,Right,Right,1,0,0,0,0,NaN,NaN,NaN,NaN,NaN,NaN,NaN,NaN,1,1,1,1,1,0,1005,NaN,20260721_t1029_srsSmooth_training_B011,5,NaN,83.7427133321762,1.53027606010437,NaN,NaN,NaN,0,NaN,NaN,NaN,NaN,0
20260721_t1029_srsSmooth_training,srs_smooth_training,trial1006.mat,1006,1006,1005,11,6,5,104,84,20,8,1,0,4,1,19,13587,1,2,1,2,1,1,2,2,2,2,SINGLE_T2_CORRECT,11,455,1,0,1,1,1,0,182,36,182,36,146,36,1,0,14.5,197,14.5,163,-148.5,148.5,NaN,NaN,NaN,1784649521.38473,6134.67584844,1.0157790184021,0.0127456188201904,0.0139460563659668,0.647380113601685,0.662771224975586,0.655717611312866,0.663753271102905,0.663753271102905,-1,-1,0.681703567504883,1.20043754577637,NaN,8.03565979003906,0.982046127319336,Instruction,Right,Left,Left,Right,Left,1,0,0,0,0,NaN,NaN,NaN,NaN,NaN,NaN,NaN,NaN,1,1,0,1,0,0,1006,NaN,20260721_t1029_srsSmooth_training_B011,6,NaN,83.7859870870908,1.55040383338928,NaN,NaN,NaN,0,NaN,NaN,NaN,NaN,0
20260721_t1029_srsSmooth_training,srs_smooth_training,trial1007.mat,1007,1007,1006,11,7,6,104,84,20,8,1,0,1,1,1,20788,1,1,1,2,1,1,1,1,1,1,SINGLE_T1_CORRECT,10,455,1,0,1,1,1,0,175,2,175,2,173,175,1,180,16.5,195,163.5,15,148.5,148.5,NaN,NaN,NaN,1784649523.92961,6137.22061604,1.13759279251099,0.0179738998413086,0.0199761390686035,0.627041578292847,0.642998933792114,0.635555267333984,0.644193649291992,0.644193649291992,-1,-1,0.662325143814087,2.00223922729492,NaN,8.63838195800781,1.19471549987793,Instruction,Right,Left,Right,Right,Right,1,0,0,0,0,NaN,NaN,NaN,NaN,NaN,NaN,NaN,NaN,1,1,1,1,1,0,1007,NaN,20260721_t1029_srsSmooth_training_B011,7,NaN,83.82840162913,1.52909350395203,NaN,NaN,NaN,0,NaN,NaN,NaN,NaN,0
20260721_t1029_srsSmooth_training,srs_smooth_training,trial1008.mat,1008,1008,1007,11,8,7,104,84,20,8,1,0,4,1,17,26977,1,2,1,2,1,1,2,2,2,2,SINGLE_T2_CORRECT,11,455,1,0,2,1,1,0,192,22,192,22,170,22,1,180,200,18.5,20,161.5,-141.5,141.5,NaN,NaN,NaN,1784649526.60327,6139.89433108,0.897874355316162,0.0194149017333984,0.0210807323455811,0.539370059967041,0.561102867126465,0.547885417938232,0.562094688415527,0.562094688415527,-1,-1,0.580175399780273,1.66583061218262,NaN,14.2092704772949,0.9918212890625,Instruction,Right,Left,Left,Right,Left,1,0,0,0,0,NaN,NaN,NaN,NaN,NaN,NaN,NaN,NaN,1,1,0,1,0,0,1008,NaN,20260721_t1029_srsSmooth_training_B011,8,NaN,83.8729627132416,1.53607225418091,NaN,NaN,NaN,0,NaN,NaN,NaN,NaN,0
20260721_t1029_srsSmooth_training,srs_smooth_training,trial1009.mat,1009,1009,1008,11,9,8,104,84,20,8,1,0,2,1,10,5038,1,1,2,1,1,2,1,2,1,2,SINGLE_T1_CORRECT,10,455,1,0,1,1,1,0,166,47,166,47,119,166,1,0,195.5,19,164.5,19,145.5,145.5,NaN,NaN,NaN,1784649529.02497,6142.31602504,1.09258842468262,0.0144751071929932,0.0161669254302979,0.584137201309204,0.606165409088135,0.593050718307495,0.607184648513794,0.607184648513794,-1,-1,0.625710487365723,1.69181823730469,NaN,14.1339302062988,1.01923942565918,Instruction,Left,Right,Left,Left,Left,1,0,0,0,0,NaN,NaN,NaN,NaN,NaN,NaN,NaN,NaN,0,0,0,1,1,0,1009,NaN,20260721_t1029_srsSmooth_training_B011,9,NaN,83.913324423631,1.52382826805115,NaN,NaN,NaN,0,NaN,NaN,NaN,NaN,0
20260721_t1029_srsSmooth_training,srs_smooth_training,trial1010.mat,1010,1010,1009,11,10,9,104,84,20,8,1,0,1,1,5,23675,1,1,1,2,1,1,1,1,1,1,SINGLE_T1_CORRECT,10,455,1,0,0,1,1,0,189,35,189,35,154,189,1,0,195,20,165,20,145,145,NaN,NaN,NaN,1784649531.67878,6144.9696894,1.12222909927368,0.0191042423248291,0.0210740566253662,0.59480357170105,0.610794305801392,0.603648900985718,0.611941814422607,0.611941814422607,-1,-1,0.629782438278198,1.96981430053711,NaN,8.29291343688965,1.14750862121582,Instruction,Right,Left,Right,Right,Right,1,0,0,0,0,NaN,NaN,NaN,NaN,NaN,NaN,NaN,NaN,1,1,1,1,1,0,1010,NaN,20260721_t1029_srsSmooth_training_B011,10,NaN,83.9575545907021,1.56122159957886,NaN,NaN,NaN,0,NaN,NaN,NaN,NaN,0
20260721_t1029_srsSmooth_training,srs_smooth_training,trial1011.mat,1011,1011,1010,11,11,10,104,84,20,8,1,0,4,1,18,31261,1,2,1,2,1,1,2,2,2,2,SINGLE_T2_CORRECT,11,455,1,0,4,1,1,0,194,17,194,17,177,17,1,0,17,196,17,164,-147,147,NaN,NaN,NaN,1784649534.35509,6147.6458056,0.979748964309692,0.0179047584533691,0.0198066234588623,0.579487085342407,0.601262092590332,0.588135957717896,0.61021614074707,0.61021614074707,-1,-1,0.629995822906494,1.90186500549316,NaN,22.0801830291748,8.95404815673828,Instruction,Right,Left,Left,Right,Left,1,0,0,0,0,NaN,NaN,NaN,NaN,NaN,NaN,NaN,NaN,1,1,0,1,0,0,1011,NaN,20260721_t1029_srsSmooth_training_B011,11,NaN,84.002159678936,1.55407619476318,NaN,NaN,NaN,0,NaN,NaN,NaN,NaN,0
20260721_t1029_srsSmooth_training,srs_smooth_training,trial1012.mat,1012,1012,1011,11,12,11,104,84,20,8,1,0,4,1,16,31322,1,2,1,2,1,1,2,2,2,2,SINGLE_T2_CORRECT,11,455,1,0,0,1,1,0,177,34,177,34,143,34,1,180,200,15.5,20,164.5,-144.5,144.5,NaN,NaN,NaN,1784649536.90368,6150.19443724,1.18946766853333,0.0194125175476074,0.024524450302124,0.820407152175903,0.836111545562744,0.828883171081543,0.83724045753479,0.83724045753479,-1,-1,0.855568885803223,5.1119327545166,NaN,8.35728645324707,1.1289119720459,Instruction,Right,Left,Left,Right,Left,1,0,0,0,0,NaN,NaN,NaN,NaN,NaN,NaN,NaN,NaN,1,1,0,1,0,0,1012,NaN,20260721_t1029_srsSmooth_training_B011,12,NaN,84.0446362535159,1.56884551048279,NaN,NaN,NaN,0,NaN,NaN,NaN,NaN,0
