SessionID,ExperimentType,FileName,FileTrialIndex,Attempt,GoodTrialIndexBefore,Block,BlockAttempt,BlockGoodBefore,ExpectedTrialsInBlock,ExpectedChoiceTrialsInBlock,ExpectedInstructionTrialsInBlock,TotalBlocksTarget,BlockRichTarget,TrialType,ConditionID,SchedulePhase,CurrentScheduleRow,TrialSeed,NStim,SingleTargetID,T1Side,T2Side,RichTarget,RichSide,HighSalienceTarget,HighSalienceSide,ChosenTarget,ChosenSide,Outcome,OutcomeCode,TrialEndState,GoodTrial,TrialRepeatFlag,MissedFrames,PassEye,PassJoy,MouseEyeSim,RewardT1Ms,RewardT2Ms,ActualRichRewardMs,ActualPoorRewardMs,RewardDifferenceT1MinusT2Ms,ChosenRewardMs,SalienceType,BackgroundHueDeg,HueT1Deg,HueT2Deg,HueContrastT1Deg,HueContrastT2Deg,HueContrastDifferenceT1MinusT2Deg,HueContrastMagnitudeDeg,MeasuredLuminanceT1CdM2,MeasuredLuminanceT2CdM2,MeasuredLuminanceDifferenceT1MinusT2CdM2,TrialStartPTB,TrialStartDP,TrialDurationSec,FixOnSec,FixAcquiredSec,FixHoldReqMetSec,FixOffSec,SaccadeOnsetSec,SaccadeOffsetSec,TargetAcquiredSec,JoyPressSec,JoyReleaseSec,RewardTimeSec,FixAcquisitionLatencyMs,ReactionTimeMs,SaccadeDurationMs,TargetAcquisitionLatencyMs,TrialTypeLabel,T1SideLabel,T2SideLabel,ChosenSideLabel,RichSideLabel,HighSalienceSideLabel,IsInstruction,IsChoice,IsCongruent,IsConflict,GoodChoice,ChoseRight,ChoseT1,ChoseRich,ChoseHighSalience,ChoseLeft,ChoseT2,ChosePoor,ChoseLowSalience,T1OnRight,RichOnRight,HighSalienceOnRight,T1IsRich,T1IsHighSalience,ChoiceMappingValid,GoodTrialOrdinal,ChoiceOrdinal,BlockUID,GoodTrialInBlock,ChoiceInBlock,SessionElapsedMin,PreTrialIntervalSec,PreviousChosenTarget,PreviousChosenSide,PreviousRewardMs,PreviousChoiceSameBlock,SwitchedTarget,SwitchedSide,StayedTarget,StayedSide,RealEyeChoice
20260720_t1327_srsSmooth_training,srs_smooth_training,trial0001.mat,1,1,0,1,1,0,100,80,20,8,2,0,4,1,18,25622,1,2,1,2,2,2,2,2,2,2,SINGLE_T2_CORRECT,11,455,1,0,12,0,1,0,110,178,178,110,-68,178,1,0,5.5,189.5,5.5,170.5,-165,165,NaN,NaN,NaN,1784568518.25018,11083.3517624,2.10772085189819,0.0288755893707275,0.229928493499756,0.973663806915283,1.00391459465027,1.25679087638855,1.31304979324341,1.31304979324341,-1,-1,1.58525490760803,201.052904129028,252.876281738281,56.2589168548584,309.13519859314,Instruction,Right,Left,Left,Left,Left,1,0,0,0,0,NaN,NaN,NaN,NaN,NaN,NaN,NaN,NaN,1,0,0,0,0,0,1,NaN,20260720_t1327_srsSmooth_training_B001,1,NaN,0,NaN,NaN,NaN,NaN,0,NaN,NaN,NaN,NaN,0
20260720_t1327_srsSmooth_training,srs_smooth_training,trial0002.mat,2,2,1,1,2,1,100,80,20,8,2,0,4,1,17,4886,1,2,1,2,2,2,2,2,2,2,SINGLE_T2_CORRECT,11,455,1,0,4,0,1,0,77,154,154,77,-77,154,1,180,182.5,19.5,2.5,160.5,-158,158,NaN,NaN,NaN,1784568526.45852,11091.55995328,1.99243450164795,0.0208654403686523,0.249417066574097,0.965617656707764,0.987570285797119,1.26561903953552,1.31569576263428,1.31569576263428,-1,-1,1.54110336303711,228.551626205444,278.048753738403,50.0767230987549,328.125476837158,Instruction,Right,Left,Left,Left,Left,1,0,0,0,0,NaN,NaN,NaN,NaN,NaN,NaN,NaN,NaN,1,0,0,0,0,0,2,NaN,20260720_t1327_srsSmooth_training_B001,2,NaN,0.136805601914724,6.10061526298523,NaN,NaN,NaN,0,NaN,NaN,NaN,NaN,0
20260720_t1327_srsSmooth_training,srs_smooth_training,trial0003.mat,3,3,2,1,3,2,100,80,20,8,2,0,2,1,7,24531,1,1,2,1,2,1,1,2,1,2,SINGLE_T1_CORRECT,10,455,1,0,6,0,1,0,72,212,212,72,-140,72,1,180,19,198.5,161,18.5,142.5,142.5,NaN,NaN,NaN,1784568530.20614,11095.30741568,1.61072468757629,0.0150561332702637,0.0225493907928467,0.568092107772827,0.581745147705078,0.859768152236938,0.899329662322998,0.899329662322998,-1,-1,1.20504140853882,7.49325752258301,278.02300453186,39.5615100860596,317.58451461792,Instruction,Left,Right,Left,Right,Left,1,0,0,0,0,NaN,NaN,NaN,NaN,NaN,NaN,NaN,NaN,0,1,0,0,1,0,3,NaN,20260720_t1327_srsSmooth_training_B001,3,NaN,0.199266024430593,1.7551908493042,NaN,NaN,NaN,0,NaN,NaN,NaN,NaN,0
20260720_t1327_srsSmooth_training,srs_smooth_training,trial0004.mat,4,4,3,1,4,3,100,80,20,8,2,0,2,1,10,19128,1,1,2,1,2,1,1,2,1,2,SINGLE_T1_CORRECT,10,455,1,0,3,0,1,0,92,195,195,92,-103,92,1,180,4.5,194,175.5,14,161.5,161.5,NaN,NaN,NaN,1784568533.48174,11098.58322468,1.89078330993652,0.0145881175994873,0.184611558914185,0.859476327896118,0.872956037521362,1.14099526405334,1.19096493721008,1.19096493721008,-1,-1,1.49095416069031,170.023441314697,268.039226531982,49.9696731567383,318.008899688721,Instruction,Left,Right,Left,Right,Left,1,0,0,0,0,NaN,NaN,NaN,NaN,NaN,NaN,NaN,NaN,0,1,0,0,1,0,4,NaN,20260720_t1327_srsSmooth_training_B001,4,NaN,0.253859321276347,1.66487312316895,NaN,NaN,NaN,0,NaN,NaN,NaN,NaN,0
20260720_t1327_srsSmooth_training,srs_smooth_training,trial0005.mat,5,5,4,1,5,4,100,80,20,8,2,0,3,1,11,16654,1,2,2,1,2,1,2,1,2,1,SINGLE_T2_CORRECT,11,455,1,0,4,0,1,0,115,170,170,115,-55,170,1,0,12,189.5,12,170.5,-158.5,158.5,NaN,NaN,NaN,1784568537.09692,11102.19810864,1.96295571327209,0.0162160396575928,0.135123252868652,0.800726175308228,0.824582099914551,1.09422087669373,1.14272117614746,1.14272117614746,-1,-1,1.45707368850708,118.90721321106,269.638776779175,48.5002994537354,318.13907623291,Instruction,Left,Right,Right,Right,Right,1,0,0,0,0,NaN,NaN,NaN,NaN,NaN,NaN,NaN,NaN,0,1,1,0,0,0,5,NaN,20260720_t1327_srsSmooth_training_B001,5,NaN,0.314112373193105,1.72439980506897,NaN,NaN,NaN,0,NaN,NaN,NaN,NaN,0
20260720_t1327_srsSmooth_training,srs_smooth_training,trial0006.mat,6,6,5,1,6,5,100,80,20,8,2,0,1,1,2,24232,1,1,1,2,2,2,1,1,1,1,SINGLE_T1_CORRECT,10,455,1,0,3,0,1,0,87,209,209,87,-122,87,1,180,8,183,172,3,169,169,NaN,NaN,NaN,1784568540.69742,11105.7985554,2.14441919326782,0.0158607959747314,0.199592590332031,0.92709755897522,0.940897703170776,1.36879730224609,1.4165952205658,1.4165952205658,-1,-1,1.72368049621582,183.7317943573,427.899599075317,47.7979183197021,475.69751739502,Instruction,Right,Left,Right,Left,Right,1,0,0,0,0,NaN,NaN,NaN,NaN,NaN,NaN,NaN,NaN,1,0,1,0,1,0,6,NaN,20260720_t1327_srsSmooth_training_B001,6,NaN,0.374120676517487,1.6375424861908,NaN,NaN,NaN,0,NaN,NaN,NaN,NaN,0
20260720_t1327_srsSmooth_training,srs_smooth_training,trial0008.mat,8,8,6,1,8,6,100,80,20,8,2,0,4,1,19,5421,1,2,1,2,2,2,2,2,2,2,SINGLE_T2_CORRECT,11,455,1,0,4,0,1,0,106,187,187,106,-81,187,1,180,188,18.5,8,161.5,-153.5,153.5,NaN,NaN,NaN,1784568546.29936,11111.40046024,1.90986800193787,0.0141444206237793,0.208939552307129,0.833980083465576,0.847511291503906,1.12553000450134,1.17364907264709,1.17364907264709,-1,-1,1.39011192321777,194.79513168335,278.018712997437,48.119068145752,326.137781143188,Instruction,Right,Left,Left,Left,Left,1,0,0,0,0,NaN,NaN,NaN,NaN,NaN,NaN,NaN,NaN,1,0,0,0,0,0,7,NaN,20260720_t1327_srsSmooth_training_B001,7,NaN,0.467486333847046,3.45752024650574,NaN,NaN,NaN,0,NaN,NaN,NaN,NaN,0
20260720_t1327_srsSmooth_training,srs_smooth_training,trial0009.mat,9,9,7,1,9,7,100,80,20,8,2,0,3,1,12,24047,1,2,2,1,2,1,2,1,2,1,SINGLE_T2_CORRECT,11,455,1,0,4,0,1,0,85,181,181,85,-96,181,1,0,6.5,192.5,6.5,167.5,-161,161,NaN,NaN,NaN,1784568549.79898,11114.90003676,1.89386200904846,0.0146670341491699,0.217924833297729,0.842996120452881,0.856367111206055,1.09878015518188,1.14948964118958,1.14948964118958,-1,-1,1.41024613380432,203.25779914856,242.41304397583,50.7094860076904,293.122529983521,Instruction,Left,Right,Right,Right,Right,1,0,0,0,0,NaN,NaN,NaN,NaN,NaN,NaN,NaN,NaN,0,1,1,0,0,0,8,NaN,20260720_t1327_srsSmooth_training_B001,8,NaN,0.525813273588816,1.58974838256836,NaN,NaN,NaN,0,NaN,NaN,NaN,NaN,0
20260720_t1327_srsSmooth_training,srs_smooth_training,trial0010.mat,10,10,8,1,10,8,100,80,20,8,2,0,2,1,8,13039,1,1,2,1,2,1,1,2,1,2,SINGLE_T1_CORRECT,10,455,1,0,2,0,1,0,91,184,184,91,-93,91,1,0,194.5,5.5,165.5,5.5,160,160,NaN,NaN,NaN,1784568553.27556,11118.37640224,1.7396125793457,0.0132265090942383,0.0174112319946289,0.724169254302979,0.738254547119141,0.983033418655396,1.03117251396179,1.03117251396179,-1,-1,1.34872722625732,4.18472290039062,244.778871536255,48.1390953063965,292.917966842651,Instruction,Left,Right,Left,Right,Left,1,0,0,0,0,NaN,NaN,NaN,NaN,NaN,NaN,NaN,NaN,0,1,0,0,1,0,9,NaN,20260720_t1327_srsSmooth_training_B001,9,NaN,0.58375624815623,1.58271646499634,NaN,NaN,NaN,0,NaN,NaN,NaN,NaN,0
20260720_t1327_srsSmooth_training,srs_smooth_training,trial0011.mat,11,11,9,1,11,9,100,80,20,8,2,0,3,1,15,14906,1,2,2,1,2,1,2,1,2,1,SINGLE_T2_CORRECT,11,455,1,0,6,0,1,0,62,180,180,62,-118,180,1,0,4.5,187.5,4.5,172.5,-168,168,NaN,NaN,NaN,1784568556.55123,11121.65213776,1.80883288383484,0.0126833915710449,0.182551383972168,0.724374055862427,0.737712383270264,0.965820789337158,1.01607775688171,1.01607775688171,-1,-1,1.29931592941284,169.867992401123,228.108406066895,50.2569675445557,278.36537361145,Instruction,Left,Right,Right,Right,Right,1,0,0,0,0,NaN,NaN,NaN,NaN,NaN,NaN,NaN,NaN,0,1,1,0,0,0,10,NaN,20260720_t1327_srsSmooth_training_B001,10,NaN,0.638350780804952,1.53605937957764,NaN,NaN,NaN,0,NaN,NaN,NaN,NaN,0
20260720_t1327_srsSmooth_training,srs_smooth_training,trial0012.mat,12,12,10,1,12,10,100,80,20,8,2,0,3,1,13,23874,1,2,2,1,2,1,2,1,2,1,SINGLE_T2_CORRECT,11,455,1,0,6,0,1,0,96,178,178,96,-82,178,1,0,14.5,187,14.5,173,-158.5,158.5,NaN,NaN,NaN,1784568559.94529,11125.04598832,1.8895092010498,0.0187530517578125,0.280165672302246,0.855557918548584,0.868786096572876,1.09686207771301,1.14476490020752,1.14476490020752,-1,-1,1.37923836708069,261.412620544434,228.075981140137,47.9028224945068,275.978803634644,Instruction,Left,Right,Right,Right,Right,1,0,0,0,0,NaN,NaN,NaN,NaN,NaN,NaN,NaN,NaN,0,1,1,0,0,0,11,NaN,20260720_t1327_srsSmooth_training_B001,11,NaN,0.694918537139893,1.5852324962616,NaN,NaN,NaN,0,NaN,NaN,NaN,NaN,0
20260720_t1327_srsSmooth_training,srs_smooth_training,trial0013.mat,13,13,11,1,13,11,100,80,20,8,2,0,1,1,1,868,1,1,1,2,2,2,1,1,1,1,SINGLE_T1_CORRECT,10,455,1,0,5,0,1,0,114,194,194,114,-80,114,1,0,183.5,2.5,176.5,2.5,174,174,NaN,NaN,NaN,1784568563.42502,11128.5257694,1.82205843925476,0.0141665935516357,0.209160327911377,0.890366792678833,0.905868530273438,1.12565016746521,1.17341160774231,1.17341160774231,-1,-1,1.40949177742004,194.993734359741,219.781637191772,47.7614402770996,267.543077468872,Instruction,Right,Left,Right,Left,Right,1,0,0,0,0,NaN,NaN,NaN,NaN,NaN,NaN,NaN,NaN,1,0,1,0,1,0,12,NaN,20260720_t1327_srsSmooth_training_B001,12,NaN,0.752913912137349,1.59021329879761,NaN,NaN,NaN,0,NaN,NaN,NaN,NaN,0
20260720_t1327_srsSmooth_training,srs_smooth_training,trial0014.mat,14,14,12,1,14,12,100,80,20,8,2,0,2,1,6,28104,1,1,2,1,2,1,1,2,1,2,SINGLE_T1_CORRECT,10,455,1,0,3,0,1,0,95,180,180,95,-85,95,1,0,188,12,172,12,160,160,NaN,NaN,NaN,1784568566.85392,11131.95466156,1.83867716789246,0.0187323093414307,0.170184850692749,0.813697576522827,0.827097415924072,1.08047080039978,1.12207794189453,1.12207794189453,-1,-1,1.42214608192444,151.452541351318,253.373384475708,41.607141494751,294.980525970459,Instruction,Left,Right,Left,Right,Left,1,0,0,0,0,NaN,NaN,NaN,NaN,NaN,NaN,NaN,NaN,0,1,0,0,1,0,13,NaN,20260720_t1327_srsSmooth_training_B001,13,NaN,0.810062301158905,1.60684490203857,NaN,NaN,NaN,0,NaN,NaN,NaN,NaN,0
20260720_t1327_srsSmooth_training,srs_smooth_training,trial0015.mat,15,15,13,1,15,13,100,80,20,8,2,0,3,1,14,6362,1,2,2,1,2,1,2,1,2,1,SINGLE_T2_CORRECT,11,455,1,0,5,0,1,0,123,185,185,123,-62,185,1,180,199.5,15.5,19.5,164.5,-145,145,NaN,NaN,NaN,1784568570.31047,11135.41113688,1.83374810218811,0.0123193264007568,0.188395261764526,0.765514612197876,0.779016494750977,1.00748777389526,1.05681943893433,1.05681943893433,-1,-1,1.32156825065613,176.07593536377,228.471279144287,49.3316650390625,277.80294418335,Instruction,Left,Right,Right,Right,Right,1,0,0,0,0,NaN,NaN,NaN,NaN,NaN,NaN,NaN,NaN,0,1,1,0,0,0,14,NaN,20260720_t1327_srsSmooth_training_B001,14,NaN,0.867671434084574,1.61787080764771,NaN,NaN,NaN,0,NaN,NaN,NaN,NaN,0
20260720_t1327_srsSmooth_training,srs_smooth_training,trial0017.mat,17,17,14,1,17,14,100,80,20,8,2,0,2,1,9,16846,1,1,2,1,2,1,1,2,1,2,SINGLE_T1_CORRECT,10,455,1,0,2,0,1,0,67,195,195,67,-128,67,1,0,184,11,176,11,165,165,NaN,NaN,NaN,1784568575.52464,11140.62524332,1.91000604629517,0.0150182247161865,0.268226861953735,0.976067304611206,0.990055799484253,1.21783137321472,1.26618456840515,1.26618456840515,-1,-1,1.54727411270142,253.208637237549,227.775573730469,48.3531951904297,276.128768920898,Instruction,Left,Right,Left,Right,Left,1,0,0,0,0,NaN,NaN,NaN,NaN,NaN,NaN,NaN,NaN,0,1,0,0,1,0,15,NaN,20260720_t1327_srsSmooth_training_B001,15,NaN,0.954574306805929,3.38042426109314,NaN,NaN,NaN,0,NaN,NaN,NaN,NaN,0
20260720_t1327_srsSmooth_training,srs_smooth_training,trial0018.mat,18,18,15,1,18,15,100,80,20,8,2,0,4,1,16,16994,1,2,1,2,2,2,2,2,2,2,SINGLE_T2_CORRECT,11,455,1,0,2,0,1,0,88,152,152,88,-64,152,1,180,192.5,11.5,12.5,168.5,-156,156,NaN,NaN,NaN,1784568579.02104,11144.121436,1.96433925628662,0.0187587738037109,0.162313461303711,0.936663627624512,0.952127695083618,1.21990823745728,1.26090717315674,1.26090717315674,-1,-1,1.51350879669189,143.5546875,267.780542373657,40.9989356994629,308.77947807312,Instruction,Right,Left,Left,Left,Left,1,0,0,0,0,NaN,NaN,NaN,NaN,NaN,NaN,NaN,NaN,1,0,0,0,0,0,16,NaN,20260720_t1327_srsSmooth_training_B001,16,NaN,1.01284757852554,1.58639025688171,NaN,NaN,NaN,0,NaN,NaN,NaN,NaN,0
20260720_t1327_srsSmooth_training,srs_smooth_training,trial0019.mat,19,19,16,1,19,16,100,80,20,8,2,0,1,1,4,21800,1,1,1,2,2,2,1,1,1,1,SINGLE_T1_CORRECT,10,455,1,0,1,0,1,0,73,175,175,73,-102,73,1,0,190.5,3.5,169.5,3.5,166,166,NaN,NaN,NaN,1784568582.59661,11147.69706284,2.02217102050781,0.0183243751525879,0.219319820404053,1.01883149147034,1.03503060340881,1.37140226364136,1.4109320640564,1.4109320640564,-1,-1,1.65142726898193,200.995445251465,336.371660232544,39.5298004150391,375.901460647583,Instruction,Right,Left,Right,Left,Right,1,0,0,0,0,NaN,NaN,NaN,NaN,NaN,NaN,NaN,NaN,1,0,1,0,1,0,17,NaN,20260720_t1327_srsSmooth_training_B001,17,NaN,1.07244046529134,1.61123394966125,NaN,NaN,NaN,0,NaN,NaN,NaN,NaN,0
20260720_t1327_srsSmooth_training,srs_smooth_training,trial0020.mat,20,20,17,1,20,17,100,80,20,8,2,0,1,1,3,10646,1,1,1,2,2,2,1,1,1,1,SINGLE_T1_CORRECT,10,455,1,0,10,0,1,0,84,178,178,84,-94,84,1,0,196.5,0.5,163.5,0.5,163,163,NaN,NaN,NaN,1784568586.24048,11151.34061168,1.68701863288879,0.0162632465362549,0.0446863174438477,0.684073448181152,0.699623346328735,0.969565391540527,1.0167121887207,1.0167121887207,-1,-1,1.300945520401,28.4230709075928,269.942045211792,47.1467971801758,317.088842391968,Instruction,Right,Left,Right,Left,Right,1,0,0,0,0,NaN,NaN,NaN,NaN,NaN,NaN,NaN,NaN,1,0,1,0,1,0,18,NaN,20260720_t1327_srsSmooth_training_B001,18,NaN,1.13317163785299,1.62169933319092,NaN,NaN,NaN,0,NaN,NaN,NaN,NaN,0
20260720_t1327_srsSmooth_training,srs_smooth_training,trial0021.mat,21,21,18,1,21,18,100,80,20,8,2,0,1,1,5,16313,1,1,1,2,2,2,1,1,1,1,SINGLE_T1_CORRECT,10,455,1,0,4,0,1,0,122,189,189,122,-67,122,1,180,5.5,200,174.5,20,154.5,154.5,NaN,NaN,NaN,1784568589.54408,11154.64432228,1.76586198806763,0.0127902030944824,0.199242353439331,0.732511520385742,0.746150970458984,0.974475383758545,1.02182030677795,1.02182030677795,-1,-1,1.3322229385376,186.452150344849,228.324413299561,47.3449230194092,275.66933631897,Instruction,Right,Left,Right,Left,Right,1,0,0,0,0,NaN,NaN,NaN,NaN,NaN,NaN,NaN,NaN,1,0,1,0,1,0,19,NaN,20260720_t1327_srsSmooth_training_B001,19,NaN,1.18823167085648,1.61658334732056,NaN,NaN,NaN,0,NaN,NaN,NaN,NaN,0
20260720_t1327_srsSmooth_training,srs_smooth_training,trial0022.mat,22,22,19,1,22,19,100,80,20,8,2,0,4,1,20,16228,1,2,1,2,2,2,2,2,2,2,SINGLE_T2_CORRECT,11,455,1,0,5,0,1,0,91,188,188,91,-97,188,1,180,191,14,11,166,-155,155,NaN,NaN,NaN,1784568592.94081,11158.04104224,1.82867527008057,0.0161945819854736,0.0174028873443604,0.711424350738525,0.724555492401123,0.994461297988892,1.03403878211975,1.03403878211975,-1,-1,1.30236458778381,1.20830535888672,269.905805587769,39.5774841308594,309.483289718628,Instruction,Right,Left,Left,Left,Left,1,0,0,0,0,NaN,NaN,NaN,NaN,NaN,NaN,NaN,NaN,1,0,0,0,0,0,20,NaN,20260720_t1327_srsSmooth_training_B001,20,NaN,1.24484379688899,1.63086557388306,NaN,NaN,NaN,0,NaN,NaN,NaN,NaN,0
20260720_t1327_srsSmooth_training,srs_smooth_training,trial0023.mat,23,23,20,1,23,20,100,80,20,8,2,1,6,2,59,8018,2,0,2,1,2,1,2,1,2,1,CHOSE_HIGH_SAL,1,455,1,0,6,0,1,0,104,179,179,104,-75,179,1,0,2,194.5,2,165.5,-163.5,163.5,NaN,NaN,NaN,1784568596.34944,11161.4494576,1.86157488822937,0.0160231590270996,0.194313287734985,0.727532863616943,0.741051912307739,1.01952457427979,1.07775497436523,1.07775497436523,-1,-1,1.38516354560852,178.290128707886,278.472661972046,58.2304000854492,336.703062057495,Congruent,Left,Right,Right,Right,Right,0,1,1,0,1,1,0,1,1,0,1,0,0,0,1,1,0,0,1,21,1,20260720_t1327_srsSmooth_training_B001,21,1,1.3016544063886,1.57996129989624,NaN,NaN,NaN,0,NaN,NaN,NaN,NaN,1
20260720_t1327_srsSmooth_training,srs_smooth_training,trial0024.mat,24,24,21,1,24,21,100,80,20,8,2,2,8,2,99,32201,2,0,2,1,2,1,1,2,1,2,CHOSE_HIGH_SAL,1,455,1,0,4,0,1,0,88,190,190,88,-102,88,1,180,18.5,183.5,161.5,3.5,158,158,NaN,NaN,NaN,1784568599.83154,11164.93150776,1.62965416908264,0.0173995494842529,0.136948347091675,0.686952352523804,0.700758457183838,0.945388793945312,0.993363857269287,0.993363857269287,-1,-1,1.24286484718323,119.548797607422,244.630336761475,47.9750633239746,292.605400085449,Conflict,Left,Right,Left,Right,Left,0,1,0,1,1,0,1,0,1,1,0,1,0,0,1,0,0,1,1,22,2,20260720_t1327_srsSmooth_training_B001,22,2,1.35968929926554,1.62051868438721,2,1,179,1,1,1,0,0,1
20260720_t1327_srsSmooth_training,srs_smooth_training,trial0025.mat,25,25,22,1,25,22,100,80,20,8,2,2,7,2,80,12020,2,0,1,2,2,2,1,1,1,1,CHOSE_HIGH_SAL,1,455,1,0,4,0,1,0,97,178,178,97,-81,97,1,0,198.5,2.5,161.5,2.5,159,159,NaN,NaN,NaN,1784568603.06553,11168.16549608,1.8038182258606,0.0168612003326416,0.203386068344116,0.786731481552124,0.800225257873535,1.0449538230896,1.09505772590637,1.09505772590637,-1,-1,1.40681648254395,186.524868011475,244.728565216064,50.1039028167725,294.832468032837,Conflict,Right,Left,Right,Left,Right,0,1,0,1,1,1,1,0,1,0,0,1,0,1,0,1,0,1,1,23,3,20260720_t1327_srsSmooth_training_B001,23,3,1.41358923514684,1.60434198379517,1,2,88,1,0,1,1,0,1
20260720_t1327_srsSmooth_training,srs_smooth_training,trial0026.mat,26,26,23,1,26,23,100,80,20,8,2,2,8,2,90,12221,2,0,2,1,2,1,1,2,1,2,CHOSE_HIGH_SAL,1,455,1,0,5,0,1,0,94,191,191,94,-97,94,1,180,0,197,180,17,163,163,NaN,NaN,NaN,1784568606.47214,11171.57211828,1.94839072227478,0.018723726272583,0.145169973373413,0.863648653030396,0.8770911693573,1.17216897010803,1.22215795516968,1.22215795516968,-1,-1,1.52027893066406,126.44624710083,295.077800750732,49.9889850616455,345.066785812378,Conflict,Left,Right,Left,Right,Left,0,1,0,1,1,0,1,0,1,1,0,1,0,0,1,0,0,1,1,24,4,20260720_t1327_srsSmooth_training_B001,24,4,1.47036596139272,1.60278534889221,1,1,97,1,0,1,1,0,1
20260720_t1327_srsSmooth_training,srs_smooth_training,trial0027.mat,27,27,24,1,27,24,100,80,20,8,2,2,7,2,66,6817,2,0,1,2,2,2,1,1,0,0,,0,11,0,1,3,0,1,0,99,158,158,99,-59,NaN,1,180,19.5,199,160.5,19,141.5,141.5,NaN,NaN,NaN,1784568610.04989,11175.1496694,0.322170257568359,0.0161099433898926,0.210879802703857,-1,-1,-1,-1,-1,-1,-1,-1,194.769859313965,NaN,NaN,NaN,Conflict,Right,Left,None,Left,Right,0,1,0,1,0,NaN,NaN,NaN,NaN,NaN,NaN,NaN,NaN,1,0,1,0,1,0,24,NaN,20260720_t1327_srsSmooth_training_B001,NaN,NaN,1.52999518712362,1.62936282157898,NaN,NaN,NaN,0,NaN,NaN,NaN,NaN,0
20260720_t1327_srsSmooth_training,srs_smooth_training,trial0028.mat,28,28,24,1,28,24,100,80,20,8,2,1,5,2,24,8371,2,0,1,2,2,2,2,2,2,2,CHOSE_HIGH_SAL,1,455,1,0,3,0,1,0,108,179,179,108,-71,179,1,0,12.5,193,12.5,167,-154.5,154.5,NaN,NaN,NaN,1784568611.81837,11176.91815376,2.13487243652344,0.0143709182739258,0.267503023147583,1.00067138671875,1.0144100189209,1.30083394050598,1.35041785240173,1.35041785240173,-1,-1,1.65830731391907,253.132104873657,286.423921585083,49.583911895752,336.007833480835,Congruent,Right,Left,Left,Left,Left,0,1,1,0,1,0,0,1,1,1,1,0,0,1,0,0,0,0,1,25,5,20260720_t1327_srsSmooth_training_B001,25,5,1.55946975549062,1.4463038444519,1,2,94,1,1,0,0,1,1
20260720_t1327_srsSmooth_training,srs_smooth_training,trial0029.mat,29,29,25,1,29,25,100,80,20,8,2,1,5,2,26,3003,2,0,1,2,2,2,2,2,2,2,CHOSE_HIGH_SAL,1,455,1,0,3,0,1,0,113,183,183,113,-70,183,1,0,9,182.5,9,177.5,-168.5,168.5,NaN,NaN,NaN,1784568615.5221,11180.62174636,1.8641505241394,0.0107817649841309,0.211477994918823,0.755809783935547,0.769144535064697,1.02205681800842,1.07036089897156,1.07036089897156,-1,-1,1.38038563728333,200.696229934692,252.912282943726,48.3040809631348,301.21636390686,Congruent,Right,Left,Left,Left,Left,0,1,1,0,1,0,0,1,1,1,1,0,0,1,0,0,0,0,1,26,6,20260720_t1327_srsSmooth_training_B001,26,6,1.62119864622752,1.56886100769043,2,2,179,1,0,0,1,1,1
20260720_t1327_srsSmooth_training,srs_smooth_training,trial0030.mat,30,30,26,1,30,26,100,80,20,8,2,2,7,2,79,2916,2,0,1,2,2,2,1,1,1,1,CHOSE_HIGH_SAL,1,455,1,0,3,0,1,0,52,186,186,52,-134,52,1,0,195.5,7.5,164.5,7.5,157,157,NaN,NaN,NaN,1784568618.95463,11184.05438524,1.9408164024353,0.01171875,0.223605871200562,0.956600904464722,0.970089673995972,1.20674538612366,1.25430774688721,1.25430774688721,-1,-1,1.57434344291687,211.887121200562,236.655712127686,47.5623607635498,284.218072891235,Conflict,Right,Left,Right,Left,Right,0,1,0,1,1,1,1,0,1,0,0,1,0,1,0,1,0,1,1,27,7,20260720_t1327_srsSmooth_training_B001,27,7,1.6784074584643,1.56837821006775,2,2,183,1,1,1,0,0,1
20260720_t1327_srsSmooth_training,srs_smooth_training,trial0031.mat,31,31,27,1,31,27,100,80,20,8,2,1,6,2,56,20222,2,0,2,1,2,1,2,1,2,1,CHOSE_HIGH_SAL,1,455,1,0,4,0,1,0,66,146,146,66,-80,146,1,0,17.5,191.5,17.5,168.5,-151,151,NaN,NaN,NaN,1784568622.45409,11187.55360852,1.83091998100281,0.0123932361602783,0.182079553604126,0.690791130065918,0.704087018966675,1.06363868713379,1.10491061210632,1.10491061210632,-1,-1,1.3792028427124,169.686317443848,359.551668167114,41.2719249725342,400.823593139648,Congruent,Left,Right,Right,Right,Right,0,1,1,0,1,1,0,1,1,0,1,0,0,0,1,1,0,0,1,28,8,20260720_t1327_srsSmooth_training_B001,28,8,1.73673183917999,1.55864644050598,1,1,52,1,1,0,0,1,1
20260720_t1327_srsSmooth_training,srs_smooth_training,trial0032.mat,32,32,28,1,32,28,100,80,20,8,2,1,5,2,28,27925,2,0,1,2,2,2,2,2,2,2,CHOSE_HIGH_SAL,1,455,1,0,1,0,1,0,108,177,177,108,-69,177,1,0,7,192.5,7,167.5,-160.5,160.5,NaN,NaN,NaN,1784568625.87648,11190.97580676,1.72742962837219,0.0151381492614746,0.182613372802734,0.701733112335205,0.715166091918945,0.941253185272217,0.982568979263306,0.982568979263306,-1,-1,1.25100016593933,167.47522354126,226.087093353271,41.3157939910889,267.40288734436,Congruent,Right,Left,Left,Left,Left,0,1,1,0,1,0,0,1,1,1,1,0,0,1,0,0,0,0,1,29,9,20260720_t1327_srsSmooth_training_B001,29,9,1.7937716404597,1.59146809577942,2,1,146,1,0,1,1,0,1
20260720_t1327_srsSmooth_training,srs_smooth_training,trial0033.mat,33,33,29,1,33,29,100,80,20,8,2,2,8,2,96,15214,2,0,2,1,2,1,1,2,1,2,CHOSE_HIGH_SAL,1,455,1,0,4,0,1,0,93,179,179,93,-86,93,1,0,196.5,13.5,163.5,13.5,150,150,NaN,NaN,NaN,1784568629.24101,11194.3404186,1.93821406364441,0.0174088478088379,0.212095737457275,0.887770891189575,0.900776624679565,1.14589023590088,1.19378614425659,1.19378614425659,-1,-1,1.50948143005371,194.686889648438,245.113611221313,47.8959083557129,293.009519577026,Conflict,Left,Right,Left,Right,Left,0,1,0,1,1,0,1,0,1,1,0,1,0,0,1,0,0,1,1,30,10,20260720_t1327_srsSmooth_training_B001,30,10,1.84984709421794,1.63709759712219,2,2,177,1,1,0,0,1,1
20260720_t1327_srsSmooth_training,srs_smooth_training,trial0034.mat,34,34,30,1,34,30,100,80,20,8,2,2,8,2,81,30800,2,0,2,1,2,1,1,2,1,2,CHOSE_HIGH_SAL,1,455,1,0,4,0,1,0,101,190,190,101,-89,101,1,180,15,195.5,165,15.5,149.5,149.5,NaN,NaN,NaN,1784568632.82919,11197.92860168,1.82544660568237,0.0126974582672119,0.206218242645264,0.807720184326172,0.821062564849854,1.07240986824036,1.12192010879517,1.12192010879517,-1,-1,1.38834643363953,193.520784378052,251.347303390503,49.5102405548096,300.857543945312,Conflict,Left,Right,Left,Right,Left,0,1,0,1,1,0,1,0,1,1,0,1,0,0,1,0,0,1,1,31,11,20260720_t1327_srsSmooth_training_B001,31,11,1.90965016682943,1.64997029304504,1,2,93,1,0,0,1,1,1
20260720_t1327_srsSmooth_training,srs_smooth_training,trial0035.mat,35,35,31,1,35,31,100,80,20,8,2,1,6,2,51,3068,2,0,2,1,2,1,2,1,2,1,CHOSE_HIGH_SAL,1,455,1,0,3,0,1,0,112,208,208,112,-96,208,1,180,183,4.5,3,175.5,-172.5,172.5,NaN,NaN,NaN,1784568636.25024,11201.34941468,2.00134444236755,0.0167794227600098,0.219764709472656,0.820054292678833,0.83347749710083,1.14449620246887,1.19450116157532,1.19450116157532,-1,-1,1.44693064689636,202.985286712646,311.018705368042,50.0049591064453,361.023664474487,Congruent,Left,Right,Right,Right,Right,0,1,1,0,1,1,0,1,1,0,1,0,0,0,1,1,0,0,1,32,12,20260720_t1327_srsSmooth_training_B001,32,12,1.9666676958402,1.59560513496399,1,2,101,1,1,1,0,0,1
20260720_t1327_srsSmooth_training,srs_smooth_training,trial0036.mat,36,36,32,1,36,32,100,80,20,8,2,2,8,2,89,16285,2,0,2,1,2,1,1,2,1,2,CHOSE_HIGH_SAL,1,455,1,0,3,0,1,0,80,203,203,80,-123,80,1,0,197.5,7,162.5,7,155.5,155.5,NaN,NaN,NaN,1784568639.87058,11204.96962392,1.90121006965637,0.0132453441619873,0.224601030349731,0.891264915466309,0.904947757720947,1.14142847061157,1.19137382507324,1.19137382507324,-1,-1,1.48722958564758,211.355686187744,236.480712890625,49.9453544616699,286.426067352295,Conflict,Left,Right,Left,Right,Left,0,1,0,1,1,0,1,0,1,1,0,1,0,0,1,0,0,1,1,33,13,20260720_t1327_srsSmooth_training_B001,33,13,2.0270067135493,1.61899662017822,2,1,208,1,1,1,0,0,1
20260720_t1327_srsSmooth_training,srs_smooth_training,trial0037.mat,37,37,33,1,37,33,100,80,20,8,2,2,7,2,62,16517,2,0,1,2,2,2,1,1,0,0,,0,11,0,1,1,0,1,0,110,188,188,110,-78,NaN,1,180,3.5,199.5,176.5,19.5,157,157,NaN,NaN,NaN,1784568643.38943,11208.48849184,0.155592203140259,0.0195331573486328,0.0214126110076904,-1,-1,-1,-1,-1,-1,-1,-1,1.87945365905762,NaN,NaN,NaN,Conflict,Right,Left,None,Left,Right,0,1,0,1,0,NaN,NaN,NaN,NaN,NaN,NaN,NaN,NaN,1,0,1,0,1,0,33,NaN,20260720_t1327_srsSmooth_training_B001,NaN,NaN,2.08565422296524,1.61764049530029,NaN,NaN,NaN,0,NaN,NaN,NaN,NaN,0
20260720_t1327_srsSmooth_training,srs_smooth_training,trial0038.mat,38,38,33,1,38,33,100,80,20,8,2,2,8,2,93,23520,2,0,2,1,2,1,1,2,1,2,CHOSE_HIGH_SAL,1,455,1,0,6,0,1,0,97,197,197,97,-100,97,1,180,8,190.5,172,10.5,161.5,161.5,NaN,NaN,NaN,1784568644.97943,11210.07847852,1.96325278282166,0.0129320621490479,0.207708835601807,0.974334478378296,0.987971067428589,1.24128174781799,1.29095149040222,1.29095149040222,-1,-1,1.52952814102173,194.776773452759,253.310680389404,49.6697425842285,302.980422973633,Conflict,Left,Right,Left,Right,Left,0,1,0,1,1,0,1,0,1,1,0,1,0,0,1,0,0,1,1,34,14,20260720_t1327_srsSmooth_training_B001,34,14,2.11215415795644,1.43440389633179,1,2,80,1,0,0,1,1,1
20260720_t1327_srsSmooth_training,srs_smooth_training,trial0039.mat,39,39,34,1,39,34,100,80,20,8,2,1,5,2,27,18400,2,0,1,2,2,2,2,2,2,2,CHOSE_HIGH_SAL,1,455,1,0,4,0,1,0,99,193,193,99,-94,193,1,180,197,9.5,17,170.5,-153.5,153.5,NaN,NaN,NaN,1784568648.53483,11213.6338138,1.84502816200256,0.0160079002380371,0.21917724609375,0.727152824401855,0.741035938262939,1.04207897186279,1.08580470085144,1.08580470085144,-1,-1,1.30967378616333,203.169345855713,301.043033599854,43.7257289886475,344.768762588501,Congruent,Right,Left,Left,Left,Left,0,1,1,0,1,0,0,1,1,1,1,0,0,1,0,0,0,0,1,35,15,20260720_t1327_srsSmooth_training_B001,35,15,2.17141077518463,1.59214425086975,1,2,97,1,1,0,0,1,1
20260720_t1327_srsSmooth_training,srs_smooth_training,trial0040.mat,40,40,35,1,40,35,100,80,20,8,2,1,5,2,39,7773,2,0,1,2,2,2,2,2,2,2,CHOSE_HIGH_SAL,1,455,1,0,1,0,1,0,78,185,185,78,-107,185,1,0,13.5,181.5,13.5,178.5,-165,165,NaN,NaN,NaN,1784568651.97392,11217.0728694,2.01488280296326,0.0187168121337891,0.180036783218384,0.886620283126831,0.902097702026367,1.15275716781616,1.19518184661865,1.19518184661865,-1,-1,1.50448942184448,161.319971084595,250.659465789795,42.4246788024902,293.084144592285,Congruent,Right,Left,Left,Left,Left,0,1,1,0,1,0,0,1,1,1,1,0,0,1,0,0,0,0,1,36,16,20260720_t1327_srsSmooth_training_B001,36,16,2.22872897783915,1.59406399726868,2,2,193,1,0,0,1,1,1
20260720_t1327_srsSmooth_training,srs_smooth_training,trial0041.mat,41,41,36,1,41,36,100,80,20,8,2,2,7,2,64,21742,2,0,1,2,2,2,1,1,1,1,CHOSE_HIGH_SAL,1,455,1,0,8,0,1,0,96,173,173,96,-77,96,1,180,15,192.5,165,12.5,152.5,152.5,NaN,NaN,NaN,1784568655.58814,11220.68703576,2.03338861465454,0.0129702091217041,0.257891654968262,1.0161292552948,1.02967619895935,1.28262114524841,1.33297324180603,1.33297324180603,-1,-1,1.60626006126404,244.921445846558,252.944946289062,50.3520965576172,303.29704284668,Conflict,Right,Left,Right,Left,Right,0,1,0,1,1,1,1,0,1,0,0,1,0,1,0,1,0,1,1,37,17,20260720_t1327_srsSmooth_training_B001,37,17,2.28896600008011,1.59933853149414,2,2,185,1,1,1,0,0,1
20260720_t1327_srsSmooth_training,srs_smooth_training,trial0042.mat,42,42,37,1,42,37,100,80,20,8,2,1,6,2,42,19895,2,0,2,1,2,1,2,1,2,1,CHOSE_HIGH_SAL,1,455,1,0,5,0,1,0,65,187,187,65,-122,187,1,0,11,189.5,11,170.5,-159.5,159.5,NaN,NaN,NaN,1784568659.20899,11224.3077642,2.0966432094574,0.017265796661377,0.18694543838501,0.945304870605469,0.958968877792358,1.24559497833252,1.29399418830872,1.29399418830872,-1,-1,1.57837319374084,169.679641723633,286.626100540161,48.3992099761963,335.025310516357,Congruent,Left,Right,Right,Right,Right,0,1,1,0,1,1,0,1,1,0,1,0,0,0,1,1,0,0,1,38,18,20260720_t1327_srsSmooth_training_B001,38,18,2.34931344588598,1.58745813369751,1,1,96,1,1,0,0,1,1
20260720_t1327_srsSmooth_training,srs_smooth_training,trial0043.mat,43,43,38,1,43,38,100,80,20,8,2,2,8,2,97,12377,2,0,2,1,2,1,1,2,1,2,CHOSE_HIGH_SAL,1,455,1,0,4,0,1,0,86,199,199,86,-113,86,1,0,197.5,19.5,162.5,19.5,143,143,NaN,NaN,NaN,1784568662.89234,11227.99108644,1.7297945022583,0.0173940658569336,0.0227134227752686,0.718472003936768,0.734088897705078,0.969083786010742,1.01876449584961,1.01876449584961,-1,-1,1.30207848548889,5.31935691833496,234.994888305664,49.6807098388672,284.675598144531,Conflict,Left,Right,Left,Right,Left,0,1,0,1,1,0,1,0,1,1,0,1,0,0,1,0,0,1,1,39,19,20260720_t1327_srsSmooth_training_B001,39,19,2.41070259014765,1.58670544624329,2,1,187,1,1,1,0,0,1
20260720_t1327_srsSmooth_training,srs_smooth_training,trial0044.mat,44,44,39,1,44,39,100,80,20,8,2,2,8,2,84,8670,2,0,2,1,2,1,1,2,1,2,CHOSE_HIGH_SAL,1,455,1,0,1,0,1,0,92,203,203,92,-111,92,1,180,1.5,183,178.5,3,175.5,175.5,NaN,NaN,NaN,1784568666.23406,11231.33270924,1.97928237915039,0.0174646377563477,0.220574855804443,1.01830220222473,1.03417062759399,1.30112600326538,1.34359097480774,1.34359097480774,-1,-1,1.58673930168152,203.110218048096,266.955375671387,42.4649715423584,309.420347213745,Conflict,Left,Right,Left,Right,Left,0,1,0,1,1,0,1,0,1,1,0,1,0,0,1,0,0,1,1,40,20,20260720_t1327_srsSmooth_training_B001,40,20,2.46639804442724,1.6119327545166,1,2,86,1,0,0,1,1,1
20260720_t1327_srsSmooth_training,srs_smooth_training,trial0045.mat,45,45,40,1,45,40,100,80,20,8,2,1,5,2,38,5263,2,0,1,2,2,2,2,2,2,2,CHOSE_HIGH_SAL,1,455,1,0,7,0,1,0,93,204,204,93,-111,204,1,180,180.5,20,0.5,160,-159.5,159.5,NaN,NaN,NaN,1784568669.82115,11234.91960624,2.05120873451233,0.01385498046875,0.131596326828003,0.900272607803345,0.913891315460205,1.1751868724823,1.22551941871643,1.22551941871643,-1,-1,1.51546478271484,117.741346359253,261.295557022095,50.3325462341309,311.628103256226,Congruent,Right,Left,Left,Left,Left,0,1,1,0,1,0,0,1,1,1,1,0,0,1,0,0,0,0,1,41,21,20260720_t1327_srsSmooth_training_B001,41,21,2.52618275483449,1.60780024528503,1,2,92,1,1,0,0,1,1
20260720_t1327_srsSmooth_training,srs_smooth_training,trial0047.mat,47,47,41,1,47,41,100,80,20,8,2,1,5,2,29,23838,2,0,1,2,2,2,2,2,2,2,CHOSE_HIGH_SAL,1,455,1,0,3,0,1,0,74,191,191,74,-117,191,1,0,2.5,194,2.5,166,-163.5,163.5,NaN,NaN,NaN,1784568675.29656,11240.39495476,2.00109219551086,0.0136547088623047,0.205714464187622,0.925251483917236,0.938691854476929,1.19991087913513,1.23973417282104,1.23973417282104,-1,-1,1.47931003570557,192.059755325317,261.219024658203,39.8232936859131,301.042318344116,Congruent,Right,Left,Left,Left,Left,0,1,1,0,1,0,0,1,1,1,1,0,0,1,0,0,0,0,1,42,22,20260720_t1327_srsSmooth_training_B001,42,22,2.61743967533112,3.42420649528503,2,2,204,1,0,0,1,1,1
20260720_t1327_srsSmooth_training,srs_smooth_training,trial0048.mat,48,48,42,1,48,42,100,80,20,8,2,1,6,2,60,18027,2,0,2,1,2,1,2,1,2,1,CHOSE_HIGH_SAL,1,455,1,0,3,0,1,0,87,193,193,87,-106,193,1,180,190,9,10,171,-161,161,NaN,NaN,NaN,1784568678.87473,11243.9731078,1.95628881454468,0.0189578533172607,0.305191040039062,0.855646371841431,0.86899209022522,1.09690022468567,1.14468812942505,1.14468812942505,-1,-1,1.43437433242798,286.233186721802,227.908134460449,47.7879047393799,275.696039199829,Congruent,Left,Right,Right,Right,Right,0,1,1,0,1,1,0,1,1,0,1,0,0,0,1,1,0,0,1,43,23,20260720_t1327_srsSmooth_training_B001,43,23,2.67707586288452,1.57707905769348,2,2,191,1,0,1,1,0,1
20260720_t1327_srsSmooth_training,srs_smooth_training,trial0049.mat,49,49,43,1,49,43,100,80,20,8,2,2,7,2,61,7907,2,0,1,2,2,2,1,1,1,1,CHOSE_HIGH_SAL,1,455,1,0,3,0,1,0,105,174,174,105,-69,105,1,0,198.5,10.5,161.5,10.5,151,151,NaN,NaN,NaN,1784568682.42983,11247.52811128,2.03530240058899,0.0140011310577393,0.2839035987854,1.07561922073364,1.08904314041138,1.31739807128906,1.37585592269897,1.37585592269897,-1,-1,1.62592196464539,269.902467727661,228.354930877686,58.4578514099121,286.812782287598,Conflict,Right,Left,Right,Left,Right,0,1,0,1,1,1,1,0,1,0,0,1,0,1,0,1,0,1,1,44,24,20260720_t1327_srsSmooth_training_B001,44,24,2.73632746934891,1.59880757331848,2,1,193,1,1,0,0,1,1
20260720_t1327_srsSmooth_training,srs_smooth_training,trial0050.mat,50,50,44,1,50,44,100,80,20,8,2,1,6,2,46,22139,2,0,2,1,2,1,2,1,2,1,CHOSE_HIGH_SAL,1,455,1,0,4,0,1,0,75,206,206,75,-131,206,1,0,19.5,192.5,19.5,167.5,-148,148,NaN,NaN,NaN,1784568686.07947,11251.17762424,1.86807465553284,0.0144979953765869,0.190919399261475,0.701288461685181,0.714526414871216,0.999094486236572,1.04210305213928,1.04210305213928,-1,-1,1.31884717941284,176.421403884888,284.568071365356,43.00856590271,327.576637268066,Congruent,Left,Right,Right,Right,Right,0,1,1,0,1,1,0,1,1,0,1,0,0,0,1,1,0,0,1,45,25,20260720_t1327_srsSmooth_training_B001,45,25,2.79715490341187,1.61434364318848,1,1,105,1,1,0,0,1,1
20260720_t1327_srsSmooth_training,srs_smooth_training,trial0051.mat,51,51,45,1,51,45,100,80,20,8,2,1,5,2,37,14836,2,0,1,2,2,2,2,2,2,2,CHOSE_HIGH_SAL,1,455,1,0,7,0,1,0,92,207,207,92,-115,207,1,180,192.5,12.5,12.5,167.5,-155,155,NaN,NaN,NaN,1784568689.56024,11254.65836916,2.06037783622742,0.0172090530395508,0.228752613067627,0.843233346939087,0.858908653259277,1.17063879966736,1.22063755989075,1.22063755989075,-1,-1,1.51912450790405,211.543560028076,311.730146408081,49.9987602233887,361.72890663147,Congruent,Right,Left,Left,Left,Left,0,1,1,0,1,0,0,1,1,1,1,0,0,1,0,0,0,0,1,46,26,20260720_t1327_srsSmooth_training_B001,46,26,2.85516757567724,1.6126856803894,2,1,206,1,0,1,1,0,1
20260720_t1327_srsSmooth_training,srs_smooth_training,trial0053.mat,53,53,46,1,53,46,100,80,20,8,2,2,8,2,98,2096,2,0,2,1,2,1,1,2,1,2,CHOSE_HIGH_SAL,1,455,1,0,3,0,1,0,118,196,196,118,-78,118,1,0,199,17.5,161,17.5,143.5,143.5,NaN,NaN,NaN,1784568695.05021,11260.14832796,2.07353687286377,0.0107827186584473,0.188813209533691,0.955609321594238,0.969153881072998,1.24774575233459,1.30313539505005,1.30313539505005,-1,-1,1.61370062828064,178.030490875244,278.591871261597,55.3896427154541,333.981513977051,Conflict,Left,Right,Left,Right,Left,0,1,0,1,1,0,1,0,1,1,0,1,0,0,1,0,0,1,1,47,27,20260720_t1327_srsSmooth_training_B001,47,27,2.94666716257731,3.4295973777771,2,2,207,1,1,0,0,1,1
20260720_t1327_srsSmooth_training,srs_smooth_training,trial0054.mat,54,54,47,1,54,47,100,80,20,8,2,2,8,2,100,19539,2,0,2,1,2,1,1,2,1,2,CHOSE_HIGH_SAL,1,455,1,0,3,0,1,0,87,175,175,87,-88,87,1,180,4.5,195.5,175.5,15.5,160,160,NaN,NaN,NaN,1784568698.78273,11263.88078884,1.82373452186584,0.0117456912994385,0.287818908691406,0.839941501617432,0.853446006774902,1.13161492347717,1.18171095848083,1.18171095848083,-1,-1,1.43863368034363,276.073217391968,278.168916702271,50.0960350036621,328.264951705933,Conflict,Left,Right,Left,Right,Left,0,1,0,1,1,0,1,0,1,1,0,1,0,0,1,0,0,1,1,48,28,20260720_t1327_srsSmooth_training_B001,48,28,3.00887577533722,1.65897989273071,1,2,118,1,0,0,1,1,1
20260720_t1327_srsSmooth_training,srs_smooth_training,trial0055.mat,55,55,48,1,55,48,100,80,20,8,2,1,5,2,30,17652,2,0,1,2,2,2,2,2,2,2,CHOSE_HIGH_SAL,1,455,1,0,5,0,1,0,94,149,149,94,-55,149,1,0,8,192,8,168,-160,160,NaN,NaN,NaN,1784568702.18576,11267.2838434,1.84701704978943,0.0171792507171631,0.178899526596069,0.770642995834351,0.783876419067383,1.08676981925964,1.13733673095703,1.13733673095703,-1,-1,1.37597489356995,161.720275878906,302.893400192261,50.5669116973877,353.460311889648,Congruent,Right,Left,Left,Left,Left,0,1,1,0,1,0,0,1,1,1,1,0,0,1,0,0,0,0,1,49,29,20260720_t1327_srsSmooth_training_B001,49,29,3.06559302012126,1.57930016517639,1,2,87,1,1,0,0,1,1
20260720_t1327_srsSmooth_training,srs_smooth_training,trial0056.mat,56,56,49,1,56,49,100,80,20,8,2,1,5,2,40,20045,2,0,1,2,2,2,2,2,2,2,CHOSE_HIGH_SAL,1,455,1,0,4,0,1,0,105,160,160,105,-55,160,1,0,1,187.5,1,172.5,-171.5,171.5,NaN,NaN,NaN,1784568705.62568,11270.7235154,1.79788899421692,0.0190596580505371,0.138903141021729,0.72104549407959,0.73575496673584,1.01404285430908,1.05355834960938,1.05355834960938,-1,-1,1.33050990104675,119.843482971191,278.287887573242,39.515495300293,317.803382873535,Congruent,Right,Left,Left,Left,Left,0,1,1,0,1,0,0,1,1,1,1,0,0,1,0,0,0,0,1,50,30,20260720_t1327_srsSmooth_training_B001,50,30,3.12292504310608,1.59290432929993,2,2,149,1,0,0,1,1,1
20260720_t1327_srsSmooth_training,srs_smooth_training,trial0057.mat,57,57,50,1,57,50,100,80,20,8,2,1,6,2,41,14212,2,0,2,1,2,1,2,1,2,1,CHOSE_HIGH_SAL,1,455,1,0,5,0,1,0,83,147,147,83,-64,147,1,0,9,198,9,162,-153,153,NaN,NaN,NaN,1784568709.0404,11274.13812244,1.99212145805359,0.0128068923950195,0.140674352645874,0.915969133377075,0.929509878158569,1.232337474823,1.29127216339111,1.29127216339111,-1,-1,1.54767251014709,127.867460250854,302.827596664429,58.9346885681152,361.762285232544,Congruent,Left,Right,Right,Right,Right,0,1,1,0,1,1,0,1,1,0,1,0,0,0,1,1,0,0,1,51,31,20260720_t1327_srsSmooth_training_B001,51,31,3.17983705600103,1.61683177947998,2,2,160,1,0,1,1,0,1
20260720_t1327_srsSmooth_training,srs_smooth_training,trial0058.mat,58,58,51,1,58,51,100,80,20,8,2,2,7,2,65,1205,2,0,1,2,2,2,1,1,1,1,CHOSE_HIGH_SAL,1,455,1,0,2,0,1,0,92,189,189,92,-97,92,1,0,195,16,165,16,149,149,NaN,NaN,NaN,1784568712.64461,11277.74235024,1.92946434020996,0.017075777053833,0.237025737762451,0.986959457397461,1.00044798851013,1.20327663421631,1.25160217285156,1.25160217285156,-1,-1,1.50437927246094,219.949960708618,202.828645706177,48.3255386352539,251.154184341431,Conflict,Right,Left,Right,Left,Right,0,1,0,1,1,1,1,0,1,0,0,1,0,1,0,1,0,1,1,52,32,20260720_t1327_srsSmooth_training_B001,52,32,3.23990717728933,1.61208581924438,2,1,147,1,1,0,0,1,1
20260720_t1327_srsSmooth_training,srs_smooth_training,trial0059.mat,59,59,52,1,59,52,100,80,20,8,2,1,6,2,43,7755,2,0,2,1,2,1,2,1,2,1,CHOSE_HIGH_SAL,1,455,1,0,3,0,1,0,68,206,206,68,-138,206,1,180,198.5,4,18.5,176,-157.5,157.5,NaN,NaN,NaN,1784568716.17033,11281.26791264,1.80391931533813,0.016495943069458,0.0183675289154053,0.71976900100708,0.733191013336182,0.967572212219238,1.01775908470154,1.01775908470154,-1,-1,1.29486775398254,1.87158584594727,234.381198883057,50.1868724822998,284.568071365356,Congruent,Left,Right,Right,Right,Right,0,1,1,0,1,1,0,1,1,0,1,0,0,0,1,1,0,0,1,53,33,20260720_t1327_srsSmooth_training_B001,53,33,3.29866915543874,1.59625434875488,1,1,92,1,1,0,0,1,1
20260720_t1327_srsSmooth_training,srs_smooth_training,trial0060.mat,60,60,53,1,60,53,100,80,20,8,2,2,7,2,78,20002,2,0,1,2,2,2,1,1,1,1,CHOSE_HIGH_SAL,1,455,1,0,3,0,1,0,110,197,197,110,-87,110,1,0,186,16,174,16,158,158,NaN,NaN,NaN,1784568719.59544,11284.69287388,1.50345683097839,0.0165159702301025,0.0180768966674805,0.559293985366821,0.574871063232422,0.794597148895264,0.842286348342896,0.842286348342896,-1,-1,1.09086513519287,1.56092643737793,219.726085662842,47.6891994476318,267.415285110474,Conflict,Right,Left,Right,Left,Right,0,1,0,1,1,1,1,0,1,0,0,1,0,1,0,1,0,1,1,54,34,20260720_t1327_srsSmooth_training_B001,54,34,3.35575440724691,1.62119579315186,2,1,206,1,1,0,0,1,1
20260720_t1327_srsSmooth_training,srs_smooth_training,trial0061.mat,61,61,54,1,61,54,100,80,20,8,2,1,5,2,33,18086,2,0,1,2,2,2,2,2,2,2,CHOSE_HIGH_SAL,1,455,1,0,4,0,1,0,80,196,196,80,-116,196,1,0,11,180,11,180,-169,169,NaN,NaN,NaN,1784568722.73988,11287.83743696,1.87438678741455,0.0138676166534424,0.15830397605896,0.84198260307312,0.855567693710327,1.07576274871826,1.11729288101196,1.11729288101196,-1,-1,1.33911037445068,144.436359405518,220.195055007935,41.5301322937012,261.725187301636,Congruent,Right,Left,Left,Left,Left,0,1,1,0,1,0,0,1,1,1,1,0,0,1,0,0,0,0,1,55,35,20260720_t1327_srsSmooth_training_B001,55,35,3.40816173156102,1.64098262786865,1,1,110,1,1,1,0,0,1
20260720_t1327_srsSmooth_training,srs_smooth_training,trial0062.mat,62,62,55,1,62,55,100,80,20,8,2,1,5,2,25,17511,2,0,1,2,2,2,2,2,2,2,CHOSE_HIGH_SAL,1,455,1,0,5,0,1,0,95,200,200,95,-105,200,1,180,196,19.5,16,160.5,-144.5,144.5,NaN,NaN,NaN,1784568726.25586,11291.35324524,1.96892309188843,0.014695405960083,0.184361219406128,0.86609935760498,0.881396770477295,1.12407898902893,1.16730141639709,1.16730141639709,-1,-1,1.43715381622314,169.665813446045,242.682218551636,43.2224273681641,285.9046459198,Congruent,Right,Left,Left,Left,Left,0,1,1,0,1,0,0,1,1,1,1,0,0,1,0,0,0,0,1,56,36,20260720_t1327_srsSmooth_training_B001,56,36,3.46676136255264,1.64159107208252,2,2,196,1,0,0,1,1,1
20260720_t1327_srsSmooth_training,srs_smooth_training,trial0064.mat,64,64,56,1,64,56,100,80,20,8,2,1,6,2,48,21217,2,0,2,1,2,1,2,1,2,1,CHOSE_HIGH_SAL,1,455,1,0,5,0,1,0,83,166,166,83,-83,166,1,0,10,180,10,180,-170,170,NaN,NaN,NaN,1784568731.69791,11296.79532476,2.10210871696472,0.0145249366760254,0.242794036865234,0.959166526794434,0.972896099090576,1.25722050666809,1.30082583427429,1.30082583427429,-1,-1,1.60732460021973,228.269100189209,284.324407577515,43.6053276062012,327.929735183716,Congruent,Left,Right,Right,Right,Right,0,1,1,0,1,1,0,1,1,0,1,0,0,0,1,1,0,0,1,57,37,20260720_t1327_srsSmooth_training_B001,57,37,3.55746223926544,3.47312951087952,2,2,200,1,0,1,1,0,1
20260720_t1327_srsSmooth_training,srs_smooth_training,trial0065.mat,65,65,57,1,65,57,100,80,20,8,2,2,7,2,72,8779,2,0,1,2,2,2,1,1,1,1,CHOSE_HIGH_SAL,1,455,1,0,4,0,1,0,74,189,189,74,-115,74,1,0,200,5,160,5,155,155,NaN,NaN,NaN,1784568735.41867,11300.51589876,1.68032073974609,0.0189187526702881,0.205466747283936,0.788639783859253,0.802282810211182,0.988516807556152,1.03851819038391,1.03851819038391,-1,-1,1.30887627601624,186.547994613647,186.233997344971,50.0013828277588,236.235380172729,Conflict,Right,Left,Right,Left,Right,0,1,0,1,1,1,1,0,1,0,0,1,0,1,0,1,0,1,1,58,38,20260720_t1327_srsSmooth_training_B001,58,38,3.61947479645411,1.61864471435547,2,1,166,1,1,0,0,1,1
20260720_t1327_srsSmooth_training,srs_smooth_training,trial0066.mat,66,66,58,1,66,58,100,80,20,8,2,2,7,2,76,10647,2,0,1,2,2,2,1,1,1,1,CHOSE_HIGH_SAL,1,455,1,0,4,0,1,0,69,164,164,69,-95,69,1,0,188,2,172,2,170,170,NaN,NaN,NaN,1784568738.72176,11303.8188944,1.79091262817383,0.0159618854522705,0.017308235168457,0.777230024337769,0.790992736816406,1.06870532035828,1.1267569065094,1.1267569065094,-1,-1,1.38460326194763,1.34634971618652,277.71258354187,58.051586151123,335.764169692993,Conflict,Right,Left,Right,Left,Right,0,1,0,1,1,1,1,0,1,0,0,1,0,1,0,1,0,1,1,59,39,20260720_t1327_srsSmooth_training_B001,59,39,3.67452626228333,1.62276721000671,1,1,74,1,0,0,1,1,1
20260720_t1327_srsSmooth_training,srs_smooth_training,trial0067.mat,67,67,59,1,67,59,100,80,20,8,2,2,8,2,86,13170,2,0,2,1,2,1,1,2,0,0,,0,11,0,1,2,0,1,0,86,192,192,86,-106,NaN,1,180,2.5,187,177.5,7,170.5,170.5,NaN,NaN,NaN,1784568742.14373,11307.24093776,0.154780149459839,0.0191233158111572,0.0204298496246338,-1,-1,-1,-1,-1,-1,-1,-1,1.30653381347656,NaN,NaN,NaN,Conflict,Left,Right,None,Right,Left,0,1,0,1,0,NaN,NaN,NaN,NaN,NaN,NaN,NaN,NaN,0,1,0,0,1,0,59,NaN,20260720_t1327_srsSmooth_training_B001,NaN,NaN,3.73155915339788,1.63106083869934,NaN,NaN,NaN,0,NaN,NaN,NaN,NaN,0
20260720_t1327_srsSmooth_training,srs_smooth_training,trial0068.mat,68,68,59,1,68,59,100,80,20,8,2,2,8,2,88,14817,2,0,2,1,2,1,1,2,1,2,CHOSE_HIGH_SAL,1,455,1,0,4,0,1,0,96,191,191,96,-95,96,1,0,183.5,14.5,176.5,14.5,162,162,NaN,NaN,NaN,1784568743.8102,11308.90724248,2.85767126083374,0.0193815231323242,0.193274259567261,0.955926895141602,0.969419479370117,1.25589609146118,1.30392074584961,1.30392074584961,-1,-1,1.53830146789551,173.892736434937,286.476612091064,48.0246543884277,334.501266479492,Conflict,Left,Right,Left,Right,Left,0,1,0,1,1,0,1,0,1,1,0,1,0,0,1,0,0,1,1,60,40,20260720_t1327_srsSmooth_training_B001,60,40,3.75933372974396,1.51169443130493,1,1,69,1,0,1,1,0,1
20260720_t1327_srsSmooth_training,srs_smooth_training,trial0069.mat,69,69,60,1,69,60,100,80,20,8,2,2,8,2,92,15011,2,0,2,1,2,1,1,2,1,2,CHOSE_HIGH_SAL,1,455,1,0,8,0,1,0,86,173,173,86,-87,86,1,180,18,189,162,9,153,153,NaN,NaN,NaN,1784568749.88743,11314.98429536,1.9722273349762,0.017397403717041,0.17064905166626,0.862318277359009,0.884098768234253,1.1872878074646,1.2435028553009,1.2435028553009,-1,-1,1.52077054977417,153.251647949219,303.189039230347,56.2150478363037,359.40408706665,Conflict,Left,Right,Left,Right,Left,0,1,0,1,1,0,1,0,1,1,0,1,0,0,1,0,0,1,1,61,41,20260720_t1327_srsSmooth_training_B001,61,41,3.86062081257502,3.21955370903015,1,2,96,1,0,0,1,1,1
20260720_t1327_srsSmooth_training,srs_smooth_training,trial0070.mat,70,70,61,1,70,61,100,80,20,8,2,2,8,2,95,11015,2,0,2,1,2,1,1,2,1,2,CHOSE_HIGH_SAL,1,455,1,0,5,0,1,0,89,180,180,89,-91,89,1,180,13,195.5,167,15.5,151.5,151.5,NaN,NaN,NaN,1784568753.50959,11318.60655472,1.782710313797,0.0120487213134766,0.165252208709717,0.731611967086792,0.74541187286377,1.01517057418823,1.05435180664062,1.05435180664062,-1,-1,1.33971619606018,153.20348739624,269.758701324463,39.1812324523926,308.939933776855,Conflict,Left,Right,Left,Right,Left,0,1,0,1,1,0,1,0,1,1,0,1,0,0,1,0,0,1,1,62,42,20260720_t1327_srsSmooth_training_B001,62,42,3.92099012533824,1.64993143081665,1,2,86,1,0,0,1,1,1
20260720_t1327_srsSmooth_training,srs_smooth_training,trial0071.mat,71,71,62,1,71,62,100,80,20,8,2,2,7,2,68,30088,2,0,1,2,2,2,1,1,1,1,CHOSE_HIGH_SAL,1,455,1,0,2,0,1,0,100,158,158,100,-58,100,1,0,182.5,14.5,177.5,14.5,163,163,NaN,NaN,NaN,1784568757.40506,11322.5018356,1.76202511787415,0.0167279243469238,0.0677111148834229,0.753226757049561,0.766757965087891,1.01088190078735,1.05338788032532,1.05338788032532,-1,-1,1.35130763053894,50.983190536499,244.123935699463,42.5059795379639,286.629915237427,Conflict,Right,Left,Right,Left,Right,0,1,0,1,1,1,1,0,1,0,0,1,0,1,0,1,0,1,1,63,43,20260720_t1327_srsSmooth_training_B001,63,43,3.98591472705205,2.11276578903198,1,2,89,1,0,1,1,0,1
20260720_t1327_srsSmooth_training,srs_smooth_training,trial0072.mat,72,72,63,1,72,63,100,80,20,8,2,1,6,2,49,14721,2,0,2,1,2,1,2,1,2,1,CHOSE_HIGH_SAL,1,455,1,0,3,0,1,0,88,175,175,88,-87,175,1,180,198,4.5,18,175.5,-157.5,157.5,NaN,NaN,NaN,1784568760.83507,11325.93169136,1.76580953598022,0.0118551254272461,0.215149879455566,0.74592661857605,0.761884212493896,0.989806890487671,1.03755950927734,1.03755950927734,-1,-1,1.28696799278259,203.29475402832,227.922677993774,47.7526187896729,275.675296783447,Congruent,Left,Right,Right,Right,Right,0,1,1,0,1,1,0,1,1,0,1,0,0,0,1,1,0,0,1,64,44,20260720_t1327_srsSmooth_training_B001,64,44,4.04308153788249,1.6679835319519,1,1,100,1,1,0,0,1,1
20260720_t1327_srsSmooth_training,srs_smooth_training,trial0073.mat,73,73,64,1,73,64,100,80,20,8,2,2,7,2,71,11433,2,0,1,2,2,2,1,1,1,1,CHOSE_HIGH_SAL,1,455,1,0,2,0,1,0,96,200,200,96,-104,96,1,0,195.5,12.5,164.5,12.5,152,152,NaN,NaN,NaN,1784568764.20012,11329.29664204,1.97904205322266,0.0136098861694336,0.239413022994995,0.966740608215332,0.9803147315979,1.22271585464478,1.27552652359009,1.27552652359009,-1,-1,1.56607627868652,225.803136825562,242.401123046875,52.8106689453125,295.211791992188,Conflict,Right,Left,Right,Left,Right,0,1,0,1,1,1,1,0,1,0,0,1,0,1,0,1,0,1,1,65,45,20260720_t1327_srsSmooth_training_B001,65,45,4.09916562636693,1.59923577308655,2,1,175,1,1,0,0,1,1
20260720_t1327_srsSmooth_training,srs_smooth_training,trial0074.mat,74,74,65,1,74,65,100,80,20,8,2,2,8,2,82,30238,2,0,2,1,2,1,1,2,1,2,CHOSE_HIGH_SAL,1,455,1,0,2,0,1,0,101,197,197,101,-96,101,1,180,16.5,188.5,163.5,8.5,155,155,NaN,NaN,NaN,1784568767.79475,11332.8913724,2.25742411613464,0.0191242694854736,0.245118856430054,1.04488086700439,1.06083226203918,1.30338931083679,1.35316276550293,1.35316276550293,-1,-1,1.57256984710693,225.99458694458,242.557048797607,49.7734546661377,292.330503463745,Conflict,Left,Right,Left,Right,Left,0,1,0,1,1,0,1,0,1,1,0,1,0,0,1,0,0,1,1,66,46,20260720_t1327_srsSmooth_training_B001,66,46,4.15907609860102,1.61558628082275,1,1,96,1,0,1,1,0,1
20260720_t1327_srsSmooth_training,srs_smooth_training,trial0075.mat,75,75,66,1,75,66,100,80,20,8,2,2,7,2,63,26255,2,0,1,2,2,2,1,1,1,1,CHOSE_HIGH_SAL,1,455,1,0,1,0,1,0,104,191,191,104,-87,104,1,180,2,183,178,3,175,175,NaN,NaN,NaN,1784568772.06353,11337.16009616,1.91279554367065,0.0171725749969482,0.228318452835083,0.785190582275391,0.800537586212158,1.06929397583008,1.11962795257568,1.11962795257568,-1,-1,1.43242812156677,211.145877838135,268.75638961792,50.3339767456055,319.090366363525,Conflict,Right,Left,Right,Left,Right,0,1,0,1,1,1,1,0,1,0,0,1,0,1,0,1,0,1,1,67,47,20260720_t1327_srsSmooth_training_B001,67,47,4.23022256692251,2.0113639831543,1,2,101,1,0,1,1,0,1
20260720_t1327_srsSmooth_training,srs_smooth_training,trial0076.mat,76,76,67,1,76,67,100,80,20,8,2,2,7,2,69,19923,2,0,1,2,2,2,1,1,1,1,CHOSE_HIGH_SAL,1,455,1,0,3,0,1,0,89,204,204,89,-115,89,1,0,188,12.5,172,12.5,159.5,159.5,NaN,NaN,NaN,1784568776.01272,11341.10913716,1.7979052066803,0.0181441307067871,0.162729501724243,0.846381425857544,0.859843254089355,1.11045742034912,1.15281510353088,1.15281510353088,-1,-1,1.40289878845215,144.585371017456,250.614166259766,42.3576831817627,292.971849441528,Conflict,Right,Left,Right,Left,Right,0,1,0,1,1,1,1,0,1,0,0,1,0,1,0,1,0,1,1,68,48,20260720_t1327_srsSmooth_training_B001,68,48,4.29604233503342,2.03639054298401,1,1,104,1,0,0,1,1,1
20260720_t1327_srsSmooth_training,srs_smooth_training,trial0078.mat,78,78,68,1,78,68,100,80,20,8,2,1,6,2,54,30861,2,0,2,1,2,1,2,1,2,1,CHOSE_HIGH_SAL,1,455,1,0,4,0,1,0,97,183,183,97,-86,183,1,180,189,0,9,180,-171,171,NaN,NaN,NaN,1784568781.17386,11346.27005308,2.01061367988586,0.0155425071716309,0.18534255027771,0.860176801681519,0.873910188674927,1.11028957366943,1.16020941734314,1.16020941734314,-1,-1,1.46575975418091,169.800043106079,236.379384994507,49.9198436737061,286.299228668213,Congruent,Left,Right,Right,Right,Right,0,1,1,0,1,1,0,1,1,0,1,0,0,0,1,1,0,0,1,69,49,20260720_t1327_srsSmooth_training_B001,69,49,4.38206133445104,3.36323475837708,1,1,89,1,1,0,0,1,1
20260720_t1327_srsSmooth_training,srs_smooth_training,trial0079.mat,79,79,69,1,79,69,100,80,20,8,2,1,6,2,53,22730,2,0,2,1,2,1,2,1,2,1,CHOSE_HIGH_SAL,1,455,1,0,6,0,1,0,95,187,187,95,-92,187,1,0,17,181.5,17,178.5,-161.5,161.5,NaN,NaN,NaN,1784568785.08926,11350.18552052,1.61238479614258,0.0169639587402344,0.0179398059844971,0.586996793746948,0.600320816040039,0.811805009841919,0.870112419128418,0.870112419128418,-1,-1,1.10930705070496,0.975847244262695,211.48419380188,58.307409286499,269.791603088379,Congruent,Left,Right,Right,Right,Right,0,1,1,0,1,1,0,1,1,0,1,0,0,0,1,1,0,0,1,70,50,20260720_t1327_srsSmooth_training_B001,70,50,4.44731800953547,1.90478682518005,2,1,183,1,0,0,1,1,1
20260720_t1327_srsSmooth_training,srs_smooth_training,trial0080.mat,80,80,70,1,80,70,100,80,20,8,2,1,6,2,52,15348,2,0,2,1,2,1,2,1,2,1,CHOSE_HIGH_SAL,1,455,1,0,4,0,1,0,87,207,207,87,-120,207,1,0,4.5,193.5,4.5,166.5,-162,162,NaN,NaN,NaN,1784568788.31413,11353.41024628,1.9671037197113,0.0172216892242432,0.253803730010986,0.851733446121216,0.867255449295044,1.09509444236755,1.13454627990723,1.13454627990723,-1,-1,1.43253183364868,236.582040786743,227.83899307251,39.4518375396729,267.290830612183,Congruent,Left,Right,Right,Right,Right,0,1,1,0,1,1,0,1,1,0,1,0,0,0,1,1,0,0,1,71,51,20260720_t1327_srsSmooth_training_B001,71,51,4.5010658621788,1.61248636245728,2,1,187,1,0,0,1,1,1
20260720_t1327_srsSmooth_training,srs_smooth_training,trial0081.mat,81,81,71,1,81,71,100,80,20,8,2,1,5,2,31,22007,2,0,1,2,2,2,2,2,2,2,CHOSE_HIGH_SAL,1,455,1,0,4,0,1,0,101,196,196,101,-95,196,1,0,7.5,194.5,7.5,165.5,-158,158,NaN,NaN,NaN,1784568791.94297,11357.0390814,2.07595109939575,0.0135278701782227,0.266953706741333,0.983409643173218,0.996900796890259,1.23323464393616,1.28131055831909,1.28131055831909,-1,-1,1.56352543830872,253.42583656311,236.333847045898,48.0759143829346,284.409761428833,Congruent,Right,Left,Left,Left,Left,0,1,1,0,1,0,0,1,1,1,1,0,0,1,0,0,0,0,1,72,52,20260720_t1327_srsSmooth_training_B001,72,52,4.56154647668203,1.66173315048218,2,1,207,1,0,1,1,0,1
20260720_t1327_srsSmooth_training,srs_smooth_training,trial0082.mat,82,82,72,1,82,72,100,80,20,8,2,2,7,2,62,16517,2,0,1,2,2,2,1,1,1,1,CHOSE_HIGH_SAL,1,455,1,0,2,0,1,0,89,190,190,89,-101,89,1,180,3,196.5,177,16.5,160.5,160.5,NaN,NaN,NaN,1784568795.64369,11360.73974472,1.63381862640381,0.0129549503326416,0.0144004821777344,0.599274873733521,0.612978935241699,0.848597049713135,0.899417161941528,0.899417161941528,-1,-1,1.20793056488037,1.44553184509277,235.618114471436,50.8201122283936,286.438226699829,Conflict,Right,Left,Right,Left,Right,0,1,0,1,1,1,1,0,1,0,0,1,0,1,0,1,0,1,1,73,53,20260720_t1327_srsSmooth_training_B001,73,53,4.62322514454524,1.62476897239685,2,2,196,1,1,1,0,0,1
20260720_t1327_srsSmooth_training,srs_smooth_training,trial0083.mat,83,83,73,1,83,73,100,80,20,8,2,2,7,2,70,7154,2,0,1,2,2,2,1,1,1,1,CHOSE_HIGH_SAL,1,455,1,0,1,0,1,0,89,173,173,89,-84,89,1,0,198.5,5,161.5,5,156.5,156.5,NaN,NaN,NaN,1784568799.79603,11364.89198068,1.6305034160614,0.0107796192169189,0.0118110179901123,0.586618900299072,0.602469682693481,0.847666263580322,0.903773784637451,0.903773784637451,-1,-1,1.18031167984009,1.03139877319336,245.196580886841,56.1075210571289,301.30410194397,Conflict,Right,Left,Right,Left,Right,0,1,0,1,1,1,1,0,1,0,0,1,0,1,0,1,0,1,1,74,54,20260720_t1327_srsSmooth_training_B001,74,54,4.69243079821269,2.51852059364319,1,1,89,1,0,0,1,1,1
20260720_t1327_srsSmooth_training,srs_smooth_training,trial0084.mat,84,84,74,1,84,74,100,80,20,8,2,2,8,2,86,13170,2,0,2,1,2,1,1,2,1,2,CHOSE_HIGH_SAL,1,455,1,0,3,0,1,0,92,174,174,92,-82,92,1,0,185.5,18,174.5,18,156.5,156.5,NaN,NaN,NaN,1784568805.25563,11370.35153508,2.98132872581482,0.0180609226226807,0.171074867248535,0.695481300354004,0.709754943847656,0.979350328445435,1.02953886985779,1.02953886985779,-1,-1,1.31849980354309,153.013944625854,269.595384597778,50.1885414123535,319.783926010132,Conflict,Left,Right,Left,Right,Left,0,1,0,1,1,0,1,0,1,1,0,1,0,0,1,0,0,1,1,75,55,20260720_t1327_srsSmooth_training_B001,75,55,4.78342415889104,3.82909822463989,1,1,89,1,0,1,1,0,1
20260720_t1327_srsSmooth_training,srs_smooth_training,trial0085.mat,85,85,75,1,85,75,100,80,20,8,2,2,8,2,83,8548,2,0,2,1,2,1,1,2,1,2,CHOSE_HIGH_SAL,1,455,1,0,6,0,1,0,114,202,202,114,-88,114,1,0,187.5,11.5,172.5,11.5,161,161,NaN,NaN,NaN,1784568810.08614,11375.18183088,2.00039553642273,0.0127508640289307,0.199497222900391,0.807950496673584,0.82110333442688,1.09104633331299,1.14137744903564,1.14137744903564,-1,-1,1.41652727127075,186.74635887146,269.942998886108,50.3311157226562,320.274114608765,Conflict,Left,Right,Left,Right,Left,0,1,0,1,1,0,1,0,1,1,0,1,0,0,1,0,0,1,1,76,56,20260720_t1327_srsSmooth_training_B001,76,56,4.86393270492554,1.84918403625488,1,2,92,1,0,0,1,1,1
20260720_t1327_srsSmooth_training,srs_smooth_training,trial0086.mat,86,86,76,1,86,76,100,80,20,8,2,1,6,2,58,4966,2,0,2,1,2,1,2,1,2,1,CHOSE_HIGH_SAL,1,455,1,0,1,0,1,0,106,213,213,106,-107,213,1,180,190,11.5,10,168.5,-158.5,158.5,NaN,NaN,NaN,1784568813.74173,11378.83747316,1.90331983566284,0.0156264305114746,0.159791231155396,0.758242845535278,0.773989200592041,1.04186677932739,1.09174704551697,1.09174704551697,-1,-1,1.35788369178772,144.164800643921,267.877578735352,49.8802661895752,317.757844924927,Congruent,Left,Right,Right,Right,Right,0,1,1,0,1,1,0,1,1,0,1,0,0,0,1,1,0,0,1,77,57,20260720_t1327_srsSmooth_training_B001,77,57,4.92485918601354,1.65519332885742,1,2,114,1,1,1,0,0,1
20260720_t1327_srsSmooth_training,srs_smooth_training,trial0088.mat,88,88,77,1,88,77,100,80,20,8,2,2,8,2,91,12508,2,0,2,1,2,1,1,2,1,2,CHOSE_HIGH_SAL,1,455,1,0,5,0,1,0,96,213,213,96,-117,96,1,180,2.5,199.5,177.5,19.5,158,158,NaN,NaN,NaN,1784568819.15468,11384.25017532,1.91525411605835,0.0112221240997314,0.256078720092773,0.864394426345825,0.877922773361206,1.18138766288757,1.22292280197144,1.22292280197144,-1,-1,1.48939108848572,244.856595993042,303.464889526367,41.5351390838623,345.000028610229,Conflict,Left,Right,Left,Right,Left,0,1,0,1,1,0,1,0,1,1,0,1,0,0,1,0,0,1,1,78,58,20260720_t1327_srsSmooth_training_B001,78,58,5.01507500807444,3.50962948799133,2,1,213,1,1,1,0,0,1
20260720_t1327_srsSmooth_training,srs_smooth_training,trial0089.mat,89,89,78,1,89,78,100,80,20,8,2,2,7,2,73,12628,2,0,1,2,2,2,1,1,1,1,CHOSE_HIGH_SAL,1,455,1,0,5,0,1,0,87,188,188,87,-101,87,1,180,17,189,163,9,154,154,NaN,NaN,NaN,1784568822.64471,11387.74014116,1.82074308395386,0.012995719909668,0.182936429977417,0.765361070632935,0.779692649841309,1.05776166915894,1.10573601722717,1.10573601722717,-1,-1,1.39858174324036,169.940710067749,278.069019317627,47.9743480682373,326.043367385864,Conflict,Right,Left,Right,Left,Right,0,1,0,1,1,1,1,0,1,0,0,1,0,1,0,1,0,1,1,79,59,20260720_t1327_srsSmooth_training_B001,79,59,5.07324216365814,1.57477521896362,1,2,96,1,0,1,1,0,1
20260720_t1327_srsSmooth_training,srs_smooth_training,trial0090.mat,90,90,79,1,90,79,100,80,20,8,2,2,7,2,66,6817,2,0,1,2,2,2,1,1,1,1,CHOSE_HIGH_SAL,1,455,1,0,1,0,1,0,93,152,152,93,-59,93,1,180,11.5,192.5,168.5,12.5,156,156,NaN,NaN,NaN,1784568826.05429,11391.1495286,1.54880595207214,0.0202205181121826,0.0260345935821533,0.556764125823975,0.570241212844849,0.798648118972778,0.84641170501709,0.84641170501709,-1,-1,1.16052007675171,5.8140754699707,228.40690612793,47.7635860443115,276.170492172241,Conflict,Right,Left,Right,Left,Right,0,1,0,1,1,1,1,0,1,0,0,1,0,1,0,1,0,1,1,80,60,20260720_t1327_srsSmooth_training_B001,80,60,5.13006841739019,1.58883213996887,1,1,87,1,0,0,1,1,1
20260720_t1327_srsSmooth_training,srs_smooth_training,trial0091.mat,91,91,80,1,91,80,100,80,20,8,2,1,5,2,36,28126,2,0,1,2,2,2,2,2,2,2,CHOSE_HIGH_SAL,1,455,1,0,4,0,1,0,77,207,207,77,-130,207,1,0,0.5,190.5,0.5,169.5,-169,169,NaN,NaN,NaN,1784568829.17525,11394.27059016,2.02829813957214,0.0160472393035889,0.0175797939300537,0.8111252784729,0.82441234588623,1.16009712219238,1.20957326889038,1.20957326889038,-1,-1,1.52138757705688,1.53255462646484,335.684776306152,49.476146697998,385.16092300415,Congruent,Right,Left,Left,Left,Left,0,1,1,0,1,0,0,1,1,1,1,0,0,1,0,0,0,0,1,81,61,20260720_t1327_srsSmooth_training_B001,81,61,5.18208443721135,1.57215523719788,1,1,93,1,1,1,0,0,1
20260720_t1327_srsSmooth_training,srs_smooth_training,trial0092.mat,92,92,81,1,92,81,100,80,20,8,2,1,5,2,23,14979,2,0,1,2,2,2,2,2,2,2,CHOSE_HIGH_SAL,1,455,1,0,4,0,1,0,99,190,190,99,-91,190,1,180,181,13.5,1,166.5,-165.5,165.5,NaN,NaN,NaN,1784568832.81462,11397.9098494,1.90591144561768,0.018484354019165,0.238467931747437,0.838429689407349,0.851850271224976,1.11283612251282,1.16107225418091,1.16107225418091,-1,-1,1.38803267478943,219.983577728271,260.985851287842,48.2361316680908,309.221982955933,Congruent,Right,Left,Left,Left,Left,0,1,1,0,1,0,0,1,1,1,1,0,0,1,0,0,0,0,1,82,62,20260720_t1327_srsSmooth_training_B001,82,62,5.24274061520894,1.6110725402832,2,2,207,1,0,0,1,1,1
20260720_t1327_srsSmooth_training,srs_smooth_training,trial0093.mat,93,93,82,1,93,82,100,80,20,8,2,1,5,2,32,28202,2,0,1,2,2,2,2,2,2,2,CHOSE_HIGH_SAL,1,455,1,0,6,0,1,0,73,178,178,73,-105,178,1,0,4,189,4,171,-167,167,NaN,NaN,NaN,1784568836.30512,11401.4003342,1.98247909545898,0.0114517211914062,0.297993183135986,0.931502103805542,0.944822072982788,1.205899477005,1.25391125679016,1.25391125679016,-1,-1,1.47250914573669,286.54146194458,261.077404022217,48.0117797851562,309.089183807373,Congruent,Right,Left,Left,Left,Left,0,1,1,0,1,0,0,1,1,1,1,0,0,1,0,0,0,0,1,83,63,20260720_t1327_srsSmooth_training_B001,83,63,5.3009156425794,1.5845901966095,2,2,190,1,0,0,1,1,1
20260720_t1327_srsSmooth_training,srs_smooth_training,trial0094.mat,94,94,83,1,94,83,100,80,20,8,2,1,6,2,55,20693,2,0,2,1,2,1,2,1,1,2,CHOSE_LOW_SAL,2,455,1,0,3,0,1,0,104,169,169,104,-65,104,1,0,16,186,16,174,-158,158,NaN,NaN,NaN,1784568839.8746,11404.96968724,1.52975583076477,0.0171134471893311,0.0186514854431152,0.545228004455566,0.558801412582397,0.795591354370117,0.836411237716675,0.836411237716675,-1,-1,1.12928438186646,1.53803825378418,236.78994178772,40.8198833465576,277.609825134277,Congruent,Left,Right,Left,Right,Right,0,1,1,0,1,0,1,0,0,1,0,1,1,0,1,1,0,0,1,84,64,20260720_t1327_srsSmooth_training_B001,84,64,5.36040691932042,1.58699750900269,2,2,178,1,1,0,0,1,1
20260720_t1327_srsSmooth_training,srs_smooth_training,trial0096.mat,96,96,84,1,96,84,100,80,20,8,2,2,8,2,85,25570,2,0,2,1,2,1,1,2,1,2,CHOSE_HIGH_SAL,1,455,1,0,4,0,1,0,98,181,181,98,-83,98,1,180,5.5,196,174.5,16,158.5,158.5,NaN,NaN,NaN,1784568844.88869,11409.98373688,1.77388000488281,0.0198807716369629,0.214478969573975,0.781546354293823,0.794910907745361,1.01423215866089,1.06250858306885,1.06250858306885,-1,-1,1.33855819702148,194.598197937012,219.321250915527,48.276424407959,267.597675323486,Conflict,Left,Right,Left,Right,Left,0,1,0,1,1,0,1,0,1,1,0,1,0,0,1,0,0,1,1,85,65,20260720_t1327_srsSmooth_training_B001,85,65,5.4439751625061,3.48433876037598,1,2,104,1,0,0,1,1,1
20260720_t1327_srsSmooth_training,srs_smooth_training,trial0097.mat,97,97,85,1,97,85,100,80,20,8,2,2,7,2,75,18187,2,0,1,2,2,2,1,1,1,1,CHOSE_HIGH_SAL,1,455,1,0,4,0,1,0,90,161,161,90,-71,90,1,0,187,12.5,173,12.5,160.5,160.5,NaN,NaN,NaN,1784568848.2745,11413.36933292,1.87171721458435,0.0175323486328125,0.229401826858521,0.895609855651855,0.909233570098877,1.1273832321167,1.16900014877319,1.16900014877319,-1,-1,1.45163702964783,211.869478225708,218.149662017822,41.6169166564941,259.766578674316,Conflict,Right,Left,Right,Left,Right,0,1,0,1,1,1,1,0,1,0,0,1,0,1,0,1,0,1,1,86,66,20260720_t1327_srsSmooth_training_B001,86,66,5.50040538311005,1.61193323135376,1,2,98,1,0,1,1,0,1
20260720_t1327_srsSmooth_training,srs_smooth_training,trial0098.mat,98,98,86,1,98,86,100,80,20,8,2,1,5,2,34,29841,2,0,1,2,2,2,2,2,2,2,CHOSE_HIGH_SAL,1,455,1,0,4,0,1,0,93,189,189,93,-96,189,1,0,14,200,14,160,-146,146,NaN,NaN,NaN,1784568851.77031,11416.86519788,2.0759072303772,0.0135254859924316,0.250211000442505,0.949952125549316,0.963562250137329,1.22320938110352,1.26639008522034,1.26639008522034,-1,-1,1.56712174415588,236.685514450073,259.647130966187,43.1807041168213,302.827835083008,Congruent,Right,Left,Left,Left,Left,0,1,1,0,1,0,0,1,1,1,1,0,0,1,0,0,0,0,1,87,67,20260720_t1327_srsSmooth_training_B001,87,67,5.55866886774699,1.6240918636322,1,1,90,1,1,1,0,0,1
20260720_t1327_srsSmooth_training,srs_smooth_training,trial0099.mat,99,99,87,1,99,87,100,80,20,8,2,2,7,2,77,21251,2,0,1,2,2,2,1,1,1,1,CHOSE_HIGH_SAL,1,455,1,0,2,0,1,0,90,170,170,90,-80,90,1,180,7,191,173,11,162,162,NaN,NaN,NaN,1784568855.4121,11420.50705948,1.94254517555237,0.0135459899902344,0.308324098587036,0.957908868789673,0.971916913986206,1.23293018341064,1.28330206871033,1.28330206871033,-1,-1,1.55018424987793,294.778108596802,261.013269424438,50.3718852996826,311.385154724121,Conflict,Right,Left,Right,Left,Right,0,1,0,1,1,1,1,0,1,0,0,1,0,1,0,1,0,1,1,88,68,20260720_t1327_srsSmooth_training_B001,88,68,5.61936532656352,1.5658802986145,2,2,189,1,1,1,0,0,1
20260720_t1327_srsSmooth_training,srs_smooth_training,trial0100.mat,100,100,88,1,100,88,100,80,20,8,2,1,6,2,44,30589,2,0,2,1,2,1,2,1,0,0,,0,454,0,1,6,0,1,0,73,183,183,73,-110,NaN,1,0,8.5,197.5,8.5,162.5,-154,154,NaN,NaN,NaN,1784568858.93691,11424.03164724,1.31791615486145,0.0138678550720215,0.225547313690186,0.933749914169312,0.947237968444824,1.21664762496948,-1,-1,-1,-1,-1,211.679458618164,269.409656524658,NaN,NaN,Congruent,Left,Right,None,Right,Right,0,1,1,0,0,NaN,NaN,NaN,NaN,NaN,NaN,NaN,NaN,0,1,1,0,0,0,88,NaN,20260720_t1327_srsSmooth_training_B001,NaN,NaN,5.67811224063237,1.5822696685791,NaN,NaN,NaN,0,NaN,NaN,NaN,NaN,0
20260720_t1327_srsSmooth_training,srs_smooth_training,trial0101.mat,101,101,88,1,101,88,100,80,20,8,2,1,5,2,22,20374,2,0,1,2,2,2,2,2,2,2,CHOSE_HIGH_SAL,1,455,1,0,4,0,1,0,105,154,154,105,-49,154,1,180,194,4.5,14,175.5,-161.5,161.5,NaN,NaN,NaN,1784568861.70437,11426.79892404,1.72505116462708,0.0131897926330566,0.0148329734802246,0.633298397064209,0.646547555923462,0.916724443435669,0.964337110519409,0.964337110519409,-1,-1,1.27100920677185,1.64318084716797,270.176887512207,47.6126670837402,317.789554595947,Congruent,Right,Left,Left,Left,Left,0,1,1,0,1,0,0,1,1,1,1,0,0,1,0,0,0,0,1,89,69,20260720_t1327_srsSmooth_training_B001,89,69,5.72423644463221,1.44953608512878,1,1,90,1,1,1,0,0,1
20260720_t1327_srsSmooth_training,srs_smooth_training,trial0102.mat,102,102,89,1,102,89,100,80,20,8,2,2,7,2,74,28779,2,0,1,2,2,2,1,1,1,1,CHOSE_HIGH_SAL,1,455,1,0,3,0,1,0,87,194,194,87,-107,87,1,180,10,198.5,170,18.5,151.5,151.5,NaN,NaN,NaN,1784568865.02124,11430.11586892,2.04206728935242,0.0131149291992188,0.214245319366455,0.990952491760254,1.00482058525085,1.29952526092529,1.34746289253235,1.34746289253235,-1,-1,1.62213897705078,201.130390167236,294.704675674438,47.9376316070557,342.642307281494,Conflict,Right,Left,Right,Left,Right,0,1,0,1,1,1,1,0,1,0,0,1,0,1,0,1,0,1,1,90,70,20260720_t1327_srsSmooth_training_B001,90,70,5.77951761086782,1.59181880950928,2,2,154,1,1,1,0,0,1
20260720_t1327_srsSmooth_training,srs_smooth_training,trial0103.mat,103,103,90,1,103,90,100,80,20,8,2,1,6,2,50,32439,2,0,2,1,2,1,2,1,2,1,CHOSE_HIGH_SAL,1,455,1,0,3,0,1,0,99,193,193,99,-94,193,1,0,0.5,180.5,0.5,179.5,-179,179,NaN,NaN,NaN,1784568868.67453,11433.76920852,2.08942723274231,0.0182971954345703,0.204485416412354,0.804734945297241,0.818328142166138,1.23760747909546,1.27990078926086,1.27990078926086,-1,-1,1.56697344779968,186.188220977783,419.279336929321,42.2933101654053,461.572647094727,Congruent,Left,Right,Right,Right,Right,0,1,1,0,1,1,0,1,1,0,1,0,0,0,1,1,0,0,1,91,71,20260720_t1327_srsSmooth_training_B001,91,71,5.8404058376948,1.61122632026672,1,1,87,1,1,0,0,1,1
20260720_t1327_srsSmooth_training,srs_smooth_training,trial0104.mat,104,104,91,1,104,91,100,80,20,8,2,2,7,2,67,13210,2,0,1,2,2,2,1,1,1,1,CHOSE_HIGH_SAL,1,455,1,0,3,0,1,0,89,201,201,89,-112,89,1,180,11,190,169,10,159,159,NaN,NaN,NaN,1784568872.35466,11437.44917136,1.88402009010315,0.013308048248291,0.199991941452026,0.91509485244751,0.930011034011841,1.17521810531616,1.22481322288513,1.22481322288513,-1,-1,1.49171376228333,186.683893203735,245.207071304321,49.5951175689697,294.802188873291,Conflict,Right,Left,Right,Left,Right,0,1,0,1,1,1,1,0,1,0,0,1,0,1,0,1,0,1,1,92,72,20260720_t1327_srsSmooth_training_B001,92,72,5.9017413576444,1.5907039642334,2,1,193,1,1,0,0,1,1
20260720_t1327_srsSmooth_training,srs_smooth_training,trial0105.mat,105,105,92,1,105,92,100,80,20,8,2,1,6,2,44,30589,2,0,2,1,2,1,2,1,0,0,,0,454,0,1,6,0,1,0,92,164,164,92,-72,NaN,1,0,5.5,193,5.5,167,-161.5,161.5,NaN,NaN,NaN,1784568875.83447,11440.92869504,1.32904410362244,0.0169680118560791,0.170495986938477,0.936937093734741,0.950338125228882,1.22023344039917,-1,-1,-1,-1,-1,153.527975082397,269.895315170288,NaN,NaN,Congruent,Left,Right,None,Right,Right,0,1,1,0,0,NaN,NaN,NaN,NaN,NaN,NaN,NaN,NaN,0,1,1,0,0,0,92,NaN,20260720_t1327_srsSmooth_training_B001,NaN,NaN,5.95973817110062,1.5957887172699,NaN,NaN,NaN,0,NaN,NaN,NaN,NaN,0
20260720_t1327_srsSmooth_training,srs_smooth_training,trial0106.mat,106,106,92,1,106,92,100,80,20,8,2,1,6,2,47,12899,2,0,2,1,2,1,2,1,2,1,CHOSE_HIGH_SAL,1,455,1,0,4,0,1,0,95,194,194,95,-99,194,1,0,8,190,8,170,-162,162,NaN,NaN,NaN,1784568878.61466,11443.70904048,2.09131836891174,0.0202257633209229,0.123394012451172,0.906839609146118,0.920260429382324,1.24008011817932,1.29022836685181,1.29022836685181,-1,-1,1.59601974487305,103.168249130249,319.819688796997,50.1482486724854,369.967937469482,Congruent,Left,Right,Right,Right,Right,0,1,1,0,1,1,0,1,1,0,1,0,0,0,1,1,0,0,1,93,73,20260720_t1327_srsSmooth_training_B001,93,73,6.00607457955678,1.45114040374756,1,1,89,1,1,0,0,1,1
20260720_t1327_srsSmooth_training,srs_smooth_training,trial0107.mat,107,107,93,1,107,93,100,80,20,8,2,1,6,2,45,23049,2,0,2,1,2,1,2,1,2,1,CHOSE_HIGH_SAL,1,455,1,0,2,0,1,0,99,217,217,99,-118,217,1,180,194.5,1.5,14.5,178.5,-164,164,NaN,NaN,NaN,1784568882.33873,11447.43295224,1.94234108924866,0.0129647254943848,0.249487161636353,0.908053398132324,0.921334028244019,1.14966750144958,1.19958424568176,1.19958424568176,-1,-1,1.42834138870239,236.522436141968,228.333473205566,49.9167442321777,278.250217437744,Congruent,Left,Right,Right,Right,Right,0,1,1,0,1,1,0,1,1,0,1,0,0,0,1,1,0,0,1,94,74,20260720_t1327_srsSmooth_training_B001,94,74,6.06814244190852,1.63275337219238,2,1,194,1,0,0,1,1,1
20260720_t1327_srsSmooth_training,srs_smooth_training,trial0108.mat,108,108,94,1,108,94,100,80,20,8,2,1,5,2,21,8493,2,0,1,2,2,2,2,2,2,2,CHOSE_HIGH_SAL,1,455,1,0,1,0,1,0,74,181,181,74,-107,181,1,180,182.5,5.5,2.5,174.5,-172,172,NaN,NaN,NaN,1784568885.85626,11450.9503684,1.894615650177,0.0122382640838623,0.231681346893311,0.890747308731079,0.903940200805664,1.12372136116028,1.17377758026123,1.17377758026123,-1,-1,1.4151303768158,219.443082809448,219.781160354614,50.0562191009521,269.837379455566,Congruent,Right,Left,Left,Left,Left,0,1,1,0,1,0,0,1,1,1,1,0,0,1,0,0,0,0,1,95,75,20260720_t1327_srsSmooth_training_B001,95,75,6.12676794926325,1.57518935203552,2,1,217,1,0,1,1,0,1
20260720_t1327_srsSmooth_training,srs_smooth_training,trial0109.mat,109,109,95,1,109,95,100,80,20,8,2,2,8,2,87,29047,2,0,2,1,2,1,1,2,0,0,,0,11,0,1,4,0,1,0,91,226,226,91,-135,NaN,1,180,3,198,177,18,159,159,NaN,NaN,NaN,1784568889.36471,11454.45883156,0.890113115310669,0.0122599601745605,0.0136067867279053,0.564767360687256,0.578948736190796,0.782038927078247,-1,-1,-1,-1,-1,1.34682655334473,203.090190887451,NaN,NaN,Conflict,Left,Right,None,Right,Left,0,1,0,1,0,NaN,NaN,NaN,NaN,NaN,NaN,NaN,NaN,0,1,0,0,1,0,95,NaN,20260720_t1327_srsSmooth_training_B001,NaN,NaN,6.18524209260941,1.61383295059204,NaN,NaN,NaN,0,NaN,NaN,NaN,NaN,0
20260720_t1327_srsSmooth_training,srs_smooth_training,trial0110.mat,110,110,95,1,110,95,100,80,20,8,2,2,8,2,87,29047,2,0,2,1,2,1,1,2,1,2,CHOSE_HIGH_SAL,1,455,1,0,7,0,1,0,89,194,194,89,-105,89,1,0,198.5,12.5,161.5,12.5,149,149,NaN,NaN,NaN,1784568891.75895,11456.85283708,1.73901629447937,0.0181102752685547,0.179933071136475,0.771483659744263,0.784806251525879,1.02988362312317,1.07999444007874,1.07999444007874,-1,-1,1.31789636611938,161.82279586792,245.07737159729,50.1108169555664,295.188188552856,Conflict,Left,Right,Left,Right,Left,0,1,0,1,1,0,1,0,1,1,0,1,0,0,1,0,0,1,1,96,76,20260720_t1327_srsSmooth_training_B001,96,76,6.22514615456263,1.50413060188293,2,2,181,1,1,0,0,1,1
20260720_t1327_srsSmooth_training,srs_smooth_training,trial0111.mat,111,111,96,1,111,96,100,80,20,8,2,1,6,2,57,21087,2,0,2,1,2,1,2,1,2,1,CHOSE_HIGH_SAL,1,455,1,0,4,0,1,0,100,165,165,100,-65,165,1,180,186.5,18.5,6.5,161.5,-155,155,NaN,NaN,NaN,1784568895.08384,11460.17779708,1.97231650352478,0.0183479785919189,0.202976703643799,0.896609306335449,0.910049915313721,1.1550395488739,1.20507407188416,1.20507407188416,-1,-1,1.51084518432617,184.62872505188,244.989633560181,50.0345230102539,295.024156570435,Congruent,Left,Right,Right,Right,Right,0,1,1,0,1,1,0,1,1,0,1,0,0,0,1,1,0,0,1,97,77,20260720_t1327_srsSmooth_training_B001,97,77,6.28056101004283,1.58587503433228,1,2,89,1,1,1,0,0,1
20260720_t1327_srsSmooth_training,srs_smooth_training,trial0112.mat,112,112,97,1,112,97,100,80,20,8,2,2,8,2,94,23919,2,0,2,1,2,1,1,2,1,2,CHOSE_HIGH_SAL,1,455,1,0,4,0,1,0,122,156,156,122,-34,122,1,180,12,187,168,7,161,161,NaN,NaN,NaN,1784568898.66439,11463.758234,1.97566533088684,0.0129368305206299,0.182393074035645,0.958108425140381,0.971307754516602,1.23284840583801,1.28197884559631,1.28197884559631,-1,-1,1.51624035835266,169.456243515015,261.540651321411,49.1304397583008,310.671091079712,Conflict,Left,Right,Left,Right,Left,0,1,0,1,1,0,1,0,1,1,0,1,0,0,1,0,0,1,1,98,78,20260720_t1327_srsSmooth_training_B001,98,78,6.34023686250051,1.60823464393616,2,1,165,1,1,1,0,0,1
20260720_t1327_srsSmooth_training,srs_smooth_training,trial0113.mat,113,113,98,1,113,98,100,80,20,8,2,1,5,2,35,18244,2,0,1,2,2,2,2,2,2,2,CHOSE_HIGH_SAL,1,455,1,0,2,0,1,0,90,195,195,90,-105,195,1,0,18,180.5,18,179.5,-161.5,161.5,NaN,NaN,NaN,1784568902.2341,11467.3279376,2.08059358596802,0.0183687210083008,0.29650616645813,0.996380090713501,1.0100736618042,1.27921390533447,1.31915330886841,1.31915330886841,-1,-1,1.58452010154724,278.137445449829,269.140243530273,39.9394035339355,309.079647064209,Congruent,Right,Left,Left,Left,Left,0,1,1,0,1,0,0,1,1,1,1,0,0,1,0,0,0,0,1,99,79,20260720_t1327_srsSmooth_training_B001,99,79,6.39973199367523,1.59404253959656,1,2,122,1,1,0,0,1,1
20260720_t1327_srsSmooth_training,srs_smooth_training,trial0114.mat,114,114,99,1,114,99,100,80,20,8,2,1,6,2,44,30589,2,0,2,1,2,1,2,1,2,1,CHOSE_HIGH_SAL,1,455,1,0,4,0,1,0,92,173,173,92,-81,173,1,180,192,9.5,12,170.5,-158.5,158.5,NaN,NaN,NaN,1784568905.91935,11471.013087,1.82892084121704,0.0165915489196777,0.236520290374756,0.811260223388672,0.82495641708374,1.07603287696838,1.12622880935669,1.12622880935669,-1,-1,1.35227632522583,219.928741455078,251.076459884644,50.1959323883057,301.272392272949,Congruent,Left,Right,Right,Right,Right,0,1,1,0,1,1,0,1,1,0,1,0,0,0,1,1,0,0,1,100,80,20260720_t1327_srsSmooth_training_B001,100,80,6.46115290323893,1.604660987854,2,2,195,1,0,1,1,0,1
20260720_t1327_srsSmooth_training,srs_smooth_training,trial0115.mat,115,115,100,2,1,0,108,88,20,8,1,0,1,1,4,1977,1,1,1,2,1,1,1,1,1,1,SINGLE_T1_CORRECT,10,455,1,0,4,0,1,0,155,40,155,40,115,155,1,0,191,15.5,169,15.5,153.5,153.5,NaN,NaN,NaN,1784568909.37409,11474.46775532,1.93284726142883,0.0119953155517578,0.212809085845947,0.947991609573364,0.962032556533813,1.18142199516296,1.23187732696533,1.23187732696533,-1,-1,1.48089814186096,200.813770294189,219.38943862915,50.4553318023682,269.844770431519,Instruction,Right,Left,Right,Right,Right,1,0,0,0,0,NaN,NaN,NaN,NaN,NaN,NaN,NaN,NaN,1,1,1,1,1,0,101,NaN,20260720_t1327_srsSmooth_training_B002,1,NaN,6.51873174905777,1.62580990791321,NaN,NaN,NaN,0,NaN,NaN,NaN,NaN,0
20260720_t1327_srsSmooth_training,srs_smooth_training,trial0116.mat,116,116,101,2,2,1,108,88,20,8,1,0,3,1,14,20246,1,2,2,1,1,2,2,1,2,1,SINGLE_T2_CORRECT,11,455,1,0,4,0,1,0,159,52,159,52,107,52,1,180,190,7,10,173,-163,163,NaN,NaN,NaN,1784568912.9396,11478.03316332,1.67050170898438,0.0132906436920166,0.190941572189331,0.806402921676636,0.821655511856079,1.03319549560547,1.08362674713135,1.08362674713135,-1,-1,1.31398320198059,177.650928497314,211.53998374939,50.4312515258789,261.971235275269,Instruction,Left,Right,Right,Left,Right,1,0,0,0,0,NaN,NaN,NaN,NaN,NaN,NaN,NaN,NaN,0,0,1,1,0,0,102,NaN,20260720_t1327_srsSmooth_training_B002,2,NaN,6.57815693219503,1.63266372680664,NaN,NaN,NaN,0,NaN,NaN,NaN,NaN,0
20260720_t1327_srsSmooth_training,srs_smooth_training,trial0117.mat,117,117,102,2,3,2,108,88,20,8,1,0,1,1,1,21938,1,1,1,2,1,1,1,1,1,1,SINGLE_T1_CORRECT,10,455,1,0,5,0,1,0,127,48,127,48,79,127,1,180,7,193.5,173,13.5,159.5,159.5,NaN,NaN,NaN,1784568916.23818,11481.3315824,1.9270555973053,0.014836311340332,0.234641313552856,0.907630920410156,0.923205375671387,1.15987849235535,1.21010422706604,1.21010422706604,-1,-1,1.46570611000061,219.805002212524,236.67311668396,50.2257347106934,286.898851394653,Instruction,Right,Left,Right,Right,Right,1,0,0,0,0,NaN,NaN,NaN,NaN,NaN,NaN,NaN,NaN,1,1,1,1,1,0,103,NaN,20260720_t1327_srsSmooth_training_B002,3,NaN,6.63313332001368,1.62808156013489,NaN,NaN,NaN,0,NaN,NaN,NaN,NaN,0
20260720_t1327_srsSmooth_training,srs_smooth_training,trial0118.mat,118,118,103,2,4,3,108,88,20,8,1,0,4,1,16,1910,1,2,1,2,1,1,2,2,2,2,SINGLE_T2_CORRECT,11,455,1,0,5,0,1,0,151,37,151,37,114,37,1,0,7.5,180,7.5,180,-172.5,172.5,NaN,NaN,NaN,1784568919.73935,11484.83275972,1.89290046691895,0.0138015747070312,0.216691970825195,0.91724967956543,0.93050479888916,1.20875573158264,1.24957132339478,1.24957132339478,-1,-1,1.51864767074585,202.890396118164,278.250932693481,40.8155918121338,319.066524505615,Instruction,Right,Left,Left,Right,Left,1,0,0,0,0,NaN,NaN,NaN,NaN,NaN,NaN,NaN,NaN,1,1,0,1,0,0,104,NaN,20260720_t1327_srsSmooth_training_B002,4,NaN,6.69148618380229,1.57411623001099,NaN,NaN,NaN,0,NaN,NaN,NaN,NaN,0
20260720_t1327_srsSmooth_training,srs_smooth_training,trial0119.mat,119,119,104,2,5,4,108,88,20,8,1,0,2,1,6,15950,1,1,2,1,1,2,1,2,1,2,SINGLE_T1_CORRECT,10,455,1,0,4,0,1,0,142,64,142,64,78,142,1,180,2,188,178,8,170,170,NaN,NaN,NaN,1784568923.25639,11488.34974392,2.09361362457275,0.0135695934295654,0.250368118286133,0.975322246551514,0.98860764503479,1.2747483253479,1.31532073020935,1.31532073020935,-1,-1,1.6159143447876,236.798524856567,286.14068031311,40.5724048614502,326.713085174561,Instruction,Left,Right,Left,Left,Left,1,0,0,0,0,NaN,NaN,NaN,NaN,NaN,NaN,NaN,NaN,0,0,0,1,1,0,105,NaN,20260720_t1327_srsSmooth_training_B002,5,NaN,6.75010346571604,1.62413644790649,NaN,NaN,NaN,0,NaN,NaN,NaN,NaN,0
20260720_t1327_srsSmooth_training,srs_smooth_training,trial0120.mat,120,120,105,2,6,5,108,88,20,8,1,0,4,1,20,3876,1,2,1,2,1,1,2,2,0,0,,0,11,0,1,0,0,1,0,158,56,158,56,102,NaN,1,0,14.5,187.5,14.5,172.5,-158,158,NaN,NaN,NaN,1784568926.99904,11492.09225104,0.0818245410919189,0.0127263069152832,0.0306687355041504,-1,-1,-1,-1,-1,-1,-1,-1,17.9424285888672,NaN,NaN,NaN,Instruction,Right,Left,None,Right,Left,1,0,0,0,0,NaN,NaN,NaN,NaN,NaN,NaN,NaN,NaN,1,1,0,1,0,0,105,NaN,20260720_t1327_srsSmooth_training_B002,NaN,NaN,6.81248106559118,1.64904236793518,NaN,NaN,NaN,0,NaN,NaN,NaN,NaN,0
20260720_t1327_srsSmooth_training,srs_smooth_training,trial0121.mat,121,121,105,2,7,5,108,88,20,8,1,0,2,1,9,31310,1,1,2,1,1,2,1,2,1,2,SINGLE_T1_CORRECT,10,455,1,0,3,0,1,0,126,76,126,76,50,126,1,180,2.5,189,177.5,9,168.5,168.5,NaN,NaN,NaN,1784568928.71707,11493.81054196,4.20015263557434,0.0114352703094482,0.223314523696899,0.929498195648193,0.944805383682251,1.18715143203735,1.23153710365295,1.23153710365295,-1,-1,1.49692535400391,211.879253387451,242.346048355103,44.3856716156006,286.731719970703,Instruction,Left,Right,Left,Left,Left,1,0,0,0,0,NaN,NaN,NaN,NaN,NaN,NaN,NaN,NaN,0,0,0,1,1,0,106,NaN,20260720_t1327_srsSmooth_training_B002,6,NaN,6.84111481904984,1.63620066642761,NaN,NaN,NaN,0,NaN,NaN,NaN,NaN,0
20260720_t1327_srsSmooth_training,srs_smooth_training,trial0123.mat,123,123,106,2,9,6,108,88,20,8,1,0,2,1,8,4785,1,1,2,1,1,2,1,2,1,2,SINGLE_T1_CORRECT,10,455,1,0,5,0,1,0,139,39,139,39,100,139,1,180,1.5,199.5,178.5,19.5,159,159,NaN,NaN,NaN,1784568936.44617,11501.53932268,1.92903566360474,0.0159704685211182,0.283691644668579,0.908526420593262,0.924339294433594,1.18523931503296,1.22576522827148,1.22576522827148,-1,-1,1.45896482467651,267.721176147461,260.900020599365,40.5259132385254,301.425933837891,Instruction,Left,Right,Left,Left,Left,1,0,0,0,0,NaN,NaN,NaN,NaN,NaN,NaN,NaN,NaN,0,0,0,1,1,0,107,NaN,20260720_t1327_srsSmooth_training_B002,7,NaN,6.96993318398794,3.52894926071167,NaN,NaN,NaN,0,NaN,NaN,NaN,NaN,0
20260720_t1327_srsSmooth_training,srs_smooth_training,trial0124.mat,124,124,107,2,10,7,108,88,20,8,1,0,2,1,10,31473,1,1,2,1,1,2,1,2,1,2,SINGLE_T1_CORRECT,10,455,1,0,7,0,1,0,142,39,142,39,103,142,1,180,6,183,174,3,171,171,NaN,NaN,NaN,1784568940.04897,11505.14198852,1.98400735855103,0.0216460227966309,0.132766008377075,0.839155197143555,0.863346099853516,1.12518858909607,1.17468786239624,1.17468786239624,-1,-1,1.43342566490173,111.119985580444,261.842489242554,49.4992733001709,311.341762542725,Instruction,Left,Right,Left,Left,Left,1,0,0,0,0,NaN,NaN,NaN,NaN,NaN,NaN,NaN,NaN,0,0,0,1,1,0,108,NaN,20260720_t1327_srsSmooth_training_B002,8,NaN,7.02997984091441,1.67376375198364,NaN,NaN,NaN,0,NaN,NaN,NaN,NaN,0
20260720_t1327_srsSmooth_training,srs_smooth_training,trial0125.mat,125,125,108,2,11,8,108,88,20,8,1,0,3,1,13,12448,1,2,2,1,1,2,2,1,2,1,SINGLE_T2_CORRECT,11,455,1,0,3,0,1,0,148,12,148,12,136,12,1,0,20,189,20,171,-151,151,NaN,NaN,NaN,1784568943.68899,11508.78200372,1.95241332054138,0.015101432800293,0.226208448410034,0.959970474243164,0.973472595214844,1.25149512290955,1.3016505241394,1.3016505241394,-1,-1,1.60976815223694,211.107015609741,278.022527694702,50.1554012298584,328.177928924561,Instruction,Left,Right,Right,Left,Right,1,0,0,0,0,NaN,NaN,NaN,NaN,NaN,NaN,NaN,NaN,0,0,1,1,0,0,109,NaN,20260720_t1327_srsSmooth_training_B002,9,NaN,7.09064684708913,1.65601301193237,NaN,NaN,NaN,0,NaN,NaN,NaN,NaN,0
20260720_t1327_srsSmooth_training,srs_smooth_training,trial0127.mat,127,127,109,2,13,9,108,88,20,8,1,0,1,1,5,20369,1,1,1,2,1,1,1,1,1,1,SINGLE_T1_CORRECT,10,455,1,0,4,0,1,0,156,55,156,55,101,156,1,180,15,193,165,13,152,152,NaN,NaN,NaN,1784568949.0342,11514.12703572,1.83225536346436,0.0201029777526855,0.195932388305664,0.787304401397705,0.803466796875,1.04777956008911,1.08742094039917,1.08742094039917,-1,-1,1.34633016586304,175.829410552979,244.312763214111,39.6413803100586,283.95414352417,Instruction,Right,Left,Right,Right,Right,1,0,0,0,0,NaN,NaN,NaN,NaN,NaN,NaN,NaN,NaN,1,1,1,1,1,0,110,NaN,20260720_t1327_srsSmooth_training_B002,10,NaN,7.17973367373149,3.39279627799988,NaN,NaN,NaN,0,NaN,NaN,NaN,NaN,0
20260720_t1327_srsSmooth_training,srs_smooth_training,trial0128.mat,128,128,110,2,14,10,108,88,20,8,1,0,2,1,7,9985,1,1,2,1,1,2,1,2,1,2,SINGLE_T1_CORRECT,10,455,1,0,5,0,1,0,163,35,163,35,128,163,1,180,15,193,165,13,152,152,NaN,NaN,NaN,1784568952.46293,11517.55580072,2.06225800514221,0.0165064334869385,0.201019287109375,0.986469745635986,0.999877452850342,1.24471116065979,1.30329084396362,1.30329084396362,-1,-1,1.58602690696716,184.512853622437,244.833707809448,58.579683303833,303.413391113281,Instruction,Left,Right,Left,Left,Left,1,0,0,0,0,NaN,NaN,NaN,NaN,NaN,NaN,NaN,NaN,0,0,0,1,1,0,111,NaN,20260720_t1327_srsSmooth_training_B002,11,NaN,7.23687920173009,1.59647631645203,NaN,NaN,NaN,0,NaN,NaN,NaN,NaN,0
20260720_t1327_srsSmooth_training,srs_smooth_training,trial0129.mat,129,129,111,2,15,11,108,88,20,8,1,0,3,1,11,28633,1,2,2,1,1,2,2,1,0,0,,0,11,0,1,2,0,1,0,137,58,137,58,79,NaN,1,180,182.5,15.5,2.5,164.5,-162,162,NaN,NaN,NaN,1784568956.12318,11521.21596248,0.141775369644165,0.0147330760955811,0.0178234577178955,-1,-1,-1,-1,-1,-1,-1,-1,3.09038162231445,NaN,NaN,NaN,Instruction,Left,Right,None,Left,Right,1,0,0,0,0,NaN,NaN,NaN,NaN,NaN,NaN,NaN,NaN,0,0,1,1,0,0,111,NaN,20260720_t1327_srsSmooth_training_B002,NaN,NaN,7.2978833715121,1.59799218177795,NaN,NaN,NaN,0,NaN,NaN,NaN,NaN,0
20260720_t1327_srsSmooth_training,srs_smooth_training,trial0130.mat,130,130,111,2,16,11,108,88,20,8,1,0,1,1,3,32393,1,1,1,2,1,1,1,1,1,1,SINGLE_T1_CORRECT,10,455,1,0,3,0,1,0,184,42,184,42,142,184,1,0,199,20,161,20,141,141,NaN,NaN,NaN,1784568957.76267,11522.85546672,2.07067966461182,0.0169816017150879,0.217910289764404,0.936635971069336,0.950352430343628,1.22866272926331,1.27811002731323,1.27811002731323,-1,-1,1.55296969413757,200.928688049316,278.310298919678,49.4472980499268,327.757596969604,Instruction,Right,Left,Right,Right,Right,1,0,0,0,0,NaN,NaN,NaN,NaN,NaN,NaN,NaN,NaN,1,1,1,1,1,0,112,NaN,20260720_t1327_srsSmooth_training_B002,12,NaN,7.32520807981491,1.49770712852478,NaN,NaN,NaN,0,NaN,NaN,NaN,NaN,0
20260720_t1327_srsSmooth_training,srs_smooth_training,trial0131.mat,131,131,112,2,17,12,108,88,20,8,1,0,3,1,12,24579,1,2,2,1,1,2,2,1,2,1,SINGLE_T2_CORRECT,11,455,1,0,4,0,1,0,138,34,138,34,104,34,1,0,3.5,185,3.5,175,-171.5,171.5,NaN,NaN,NaN,1784568961.42664,11526.519307,1.564617395401,0.0198225975036621,0.187828779220581,0.696200609207153,0.711516141891479,0.90439510345459,0.956247329711914,0.956247329711914,-1,-1,1.18789219856262,168.006181716919,192.87896156311,51.8522262573242,244.731187820435,Instruction,Left,Right,Right,Left,Right,1,0,0,0,0,NaN,NaN,NaN,NaN,NaN,NaN,NaN,NaN,0,0,1,1,0,0,113,NaN,20260720_t1327_srsSmooth_training_B002,13,NaN,7.38627427021662,1.59329175949097,NaN,NaN,NaN,0,NaN,NaN,NaN,NaN,0
20260720_t1327_srsSmooth_training,srs_smooth_training,trial0132.mat,132,132,113,2,18,13,108,88,20,8,1,0,3,1,11,28633,1,2,2,1,1,2,2,1,2,1,SINGLE_T2_CORRECT,11,455,1,0,3,0,1,0,133,64,133,64,69,64,1,180,186,14,6,166,-160,160,NaN,NaN,NaN,1784568964.6041,11529.69657692,1.72810196876526,0.0174825191497803,0.196027040481567,0.746007919311523,0.759178638458252,1.03528571128845,1.07730960845947,1.07730960845947,-1,-1,1.328364610672,178.544521331787,276.1070728302,42.0238971710205,318.130970001221,Instruction,Left,Right,Right,Left,Right,1,0,0,0,0,NaN,NaN,NaN,NaN,NaN,NaN,NaN,NaN,0,0,1,1,0,0,114,NaN,20260720_t1327_srsSmooth_training_B002,14,NaN,7.43923201560974,1.61284732818604,NaN,NaN,NaN,0,NaN,NaN,NaN,NaN,0
20260720_t1327_srsSmooth_training,srs_smooth_training,trial0133.mat,133,133,114,2,19,14,108,88,20,8,1,0,3,1,15,23278,1,2,2,1,1,2,2,1,2,1,SINGLE_T2_CORRECT,11,455,1,0,1,0,1,0,131,64,131,64,67,64,1,180,194.5,11,14.5,169,-154.5,154.5,NaN,NaN,NaN,1784568967.95494,11533.04739252,1.6703417301178,0.0167739391326904,0.220140218734741,0.786210536956787,0.800138235092163,1.0428147315979,1.08703088760376,1.08703088760376,-1,-1,1.31198740005493,203.366279602051,242.676496505737,44.2161560058594,286.892652511597,Instruction,Left,Right,Right,Left,Right,1,0,0,0,0,NaN,NaN,NaN,NaN,NaN,NaN,NaN,NaN,0,0,1,1,0,0,115,NaN,20260720_t1327_srsSmooth_training_B002,15,NaN,7.49507935444514,1.62273836135864,NaN,NaN,NaN,0,NaN,NaN,NaN,NaN,0
20260720_t1327_srsSmooth_training,srs_smooth_training,trial0134.mat,134,134,115,2,20,15,108,88,20,8,1,0,4,1,17,18515,1,2,1,2,1,1,2,2,2,2,SINGLE_T2_CORRECT,11,455,1,0,2,0,1,0,156,54,156,54,102,54,1,0,2.5,188.5,2.5,171.5,-169,169,NaN,NaN,NaN,1784568971.2695,11536.362067,1.93896389007568,0.0106799602508545,0.188001871109009,0.853136301040649,0.869047164916992,1.1633288860321,1.20338940620422,1.20338940620422,-1,-1,1.51369690895081,177.321910858154,294.281721115112,40.0605201721191,334.342241287231,Instruction,Right,Left,Left,Right,Left,1,0,0,0,0,NaN,NaN,NaN,NaN,NaN,NaN,NaN,NaN,1,1,0,1,0,0,116,NaN,20260720_t1327_srsSmooth_training_B002,16,NaN,7.55032198826472,1.64421629905701,NaN,NaN,NaN,0,NaN,NaN,NaN,NaN,0
20260720_t1327_srsSmooth_training,srs_smooth_training,trial0135.mat,135,135,116,2,21,16,108,88,20,8,1,0,4,1,19,31913,1,2,1,2,1,1,2,2,2,2,SINGLE_T2_CORRECT,11,455,1,0,6,0,1,0,151,46,151,46,105,46,1,0,8.5,191.5,8.5,168.5,-160,160,NaN,NaN,NaN,1784568974.82011,11539.91239176,1.85583281517029,0.0185432434082031,0.213273525238037,0.846849679946899,0.860244035720825,1.16365170478821,1.21137189865112,1.21137189865112,-1,-1,1.47845530509949,194.730281829834,303.407669067383,47.720193862915,351.127862930298,Instruction,Right,Left,Left,Right,Left,1,0,0,0,0,NaN,NaN,NaN,NaN,NaN,NaN,NaN,NaN,1,1,0,1,0,0,117,NaN,20260720_t1327_srsSmooth_training_B002,17,NaN,7.60949882268906,1.61164617538452,NaN,NaN,NaN,0,NaN,NaN,NaN,NaN,0
20260720_t1327_srsSmooth_training,srs_smooth_training,trial0136.mat,136,136,117,2,22,17,108,88,20,8,1,0,4,1,20,3876,1,2,1,2,1,1,2,2,2,2,SINGLE_T2_CORRECT,11,455,1,0,2,0,1,0,118,68,118,68,50,68,1,0,19,184.5,19,175.5,-156.5,156.5,NaN,NaN,NaN,1784568978.31368,11543.40594104,1.91221833229065,0.0167739391326904,0.161495923995972,0.934466600418091,0.950144052505493,1.22010564804077,1.26988649368286,1.26988649368286,-1,-1,1.54459404945374,144.721984863281,269.961595535278,49.7808456420898,319.742441177368,Instruction,Right,Left,Left,Right,Left,1,0,0,0,0,NaN,NaN,NaN,NaN,NaN,NaN,NaN,NaN,1,1,0,1,0,0,118,NaN,20260720_t1327_srsSmooth_training_B002,18,NaN,7.66772505839666,1.63774132728577,NaN,NaN,NaN,0,NaN,NaN,NaN,NaN,0
20260720_t1327_srsSmooth_training,srs_smooth_training,trial0139.mat,139,139,118,2,25,18,108,88,20,8,1,0,4,1,18,17860,1,2,1,2,1,1,2,2,2,2,SINGLE_T2_CORRECT,11,455,1,0,6,0,1,0,150,38,150,38,112,38,1,180,191.5,17,11.5,163,-151.5,151.5,NaN,NaN,NaN,1784568985.51689,11550.60904596,1.70064735412598,0.0138528347015381,0.192121744155884,0.733903169631958,0.747214794158936,0.992129325866699,1.04221034049988,1.04221034049988,-1,-1,1.33143091201782,178.268909454346,244.914531707764,50.0810146331787,294.995546340942,Instruction,Right,Left,Left,Right,Left,1,0,0,0,0,NaN,NaN,NaN,NaN,NaN,NaN,NaN,NaN,1,1,0,1,0,0,119,NaN,20260720_t1327_srsSmooth_training_B002,19,NaN,7.78777849276861,5.29098773002625,NaN,NaN,NaN,0,NaN,NaN,NaN,NaN,0
20260720_t1327_srsSmooth_training,srs_smooth_training,trial0140.mat,140,140,119,2,26,19,108,88,20,8,1,0,1,1,2,22547,1,1,1,2,1,1,1,1,1,1,SINGLE_T1_CORRECT,10,455,1,0,2,0,1,0,133,64,133,64,69,133,1,0,194,12,166,12,154,154,NaN,NaN,NaN,1784568988.82427,11553.9163094,1.8440682888031,0.0149354934692383,0.173396587371826,0.801702737808228,0.814966201782227,1.05740237236023,1.09941959381104,1.09941959381104,-1,-1,1.41036510467529,158.461093902588,242.436170578003,42.0172214508057,284.453392028809,Instruction,Right,Left,Right,Right,Right,1,0,0,0,0,NaN,NaN,NaN,NaN,NaN,NaN,NaN,NaN,1,1,1,1,1,0,120,NaN,20260720_t1327_srsSmooth_training_B002,20,NaN,7.84290151993434,1.60673427581787,NaN,NaN,NaN,0,NaN,NaN,NaN,NaN,0
20260720_t1327_srsSmooth_training,srs_smooth_training,trial0141.mat,141,141,120,2,27,20,108,88,20,8,1,1,6,2,58,19046,2,0,2,1,1,2,1,2,1,2,CHOSE_HIGH_SAL,1,455,1,0,4,0,1,0,129,28,129,28,101,129,1,180,8,193,172,13,159,159,NaN,NaN,NaN,1784568992.31361,11557.40554532,1.72072291374207,0.0173978805541992,0.179052114486694,0.710145473480225,0.725759983062744,0.987016439437866,1.03500556945801,1.03500556945801,-1,-1,1.27702450752258,161.654233932495,261.256456375122,47.9891300201416,309.245586395264,Congruent,Left,Right,Left,Left,Left,0,1,1,0,1,0,1,1,1,1,0,0,0,0,0,0,1,1,1,121,81,20260720_t1327_srsSmooth_training_B002,21,1,7.90105720758438,1.64527297019958,2,1,173,0,1,1,0,0,1
20260720_t1327_srsSmooth_training,srs_smooth_training,trial0142.mat,142,142,121,2,28,21,108,88,20,8,1,2,7,2,75,11506,2,0,1,2,1,1,2,2,2,2,CHOSE_HIGH_SAL,1,455,1,0,4,0,1,0,141,23,141,23,118,23,1,180,181,1,1,179,-178,178,NaN,NaN,NaN,1784568995.72848,11560.82038508,1.62341213226318,0.0193281173706055,0.206195592880249,0.74507474899292,0.761023998260498,1.00382852554321,1.05618810653687,1.05618810653687,-1,-1,1.27706074714661,186.867475509644,242.804527282715,52.3595809936523,295.164108276367,Conflict,Right,Left,Left,Right,Left,0,1,0,1,1,0,0,0,1,1,1,1,0,1,1,0,1,0,1,122,82,20260720_t1327_srsSmooth_training_B002,22,2,7.95797173976898,1.69414901733398,1,2,129,1,1,0,0,1,1
20260720_t1327_srsSmooth_training,srs_smooth_training,trial0143.mat,143,143,122,2,29,22,108,88,20,8,1,2,7,2,84,13311,2,0,1,2,1,1,2,2,2,2,CHOSE_HIGH_SAL,1,455,1,0,5,0,1,0,141,56,141,56,85,56,1,0,18.5,193.5,18.5,166.5,-148,148,NaN,NaN,NaN,1784568998.97872,11564.0705708,1.75720143318176,0.0192203521728516,0.230445861816406,0.789398670196533,0.802585601806641,1.05587697029114,1.10524392127991,1.10524392127991,-1,-1,1.37204837799072,211.225509643555,253.291368484497,49.3669509887695,302.658319473267,Conflict,Right,Left,Left,Right,Left,0,1,0,1,1,0,0,0,1,1,1,1,0,1,1,0,1,0,1,123,83,20260720_t1327_srsSmooth_training_B002,23,3,8.01214234828949,1.62682437896729,2,2,23,1,0,0,1,1,1
20260720_t1327_srsSmooth_training,srs_smooth_training,trial0144.mat,144,144,123,2,30,23,108,88,20,8,1,1,6,2,52,4637,2,0,2,1,1,2,1,2,1,2,CHOSE_HIGH_SAL,1,455,1,0,5,0,1,0,153,55,153,55,98,153,1,180,7.5,189,172.5,9,163.5,163.5,NaN,NaN,NaN,1784569002.33189,11567.42375492,2.09910202026367,0.0161840915679932,0.269188404083252,1.00883316993713,1.02455687522888,1.31675958633423,1.3609299659729,1.3609299659729,-1,-1,1.61927032470703,253.004312515259,292.202711105347,44.1703796386719,336.373090744019,Congruent,Left,Right,Left,Left,Left,0,1,1,0,1,0,1,1,1,1,0,0,0,0,0,0,1,1,1,124,84,20260720_t1327_srsSmooth_training_B002,24,4,8.06802850564321,1.59596800804138,2,2,56,1,1,0,0,1,1
20260720_t1327_srsSmooth_training,srs_smooth_training,trial0146.mat,146,146,124,2,32,24,108,88,20,8,1,2,8,2,94,1387,2,0,2,1,1,2,2,1,2,1,CHOSE_HIGH_SAL,1,455,1,0,3,0,1,0,153,44,153,44,109,44,1,180,193,13,13,167,-154,154,NaN,NaN,NaN,1784569007.85956,11572.9512822,1.95121645927429,0.0137307643890381,0.191433668136597,0.942057847976685,0.955434322357178,1.27529263496399,1.3232696056366,1.3232696056366,-1,-1,1.60567808151245,177.702903747559,319.858312606812,47.9769706726074,367.835283279419,Conflict,Left,Right,Right,Left,Right,0,1,0,1,1,1,0,0,1,0,1,1,0,0,0,1,1,0,1,125,85,20260720_t1327_srsSmooth_training_B002,25,5,8.16015638113022,3.42857050895691,1,2,153,1,1,1,0,0,1
20260720_t1327_srsSmooth_training,srs_smooth_training,trial0147.mat,147,147,125,2,33,25,108,88,20,8,1,2,8,2,104,5345,2,0,2,1,1,2,2,1,2,1,CHOSE_HIGH_SAL,1,455,1,0,5,0,1,0,149,36,149,36,113,36,1,0,10.5,190.5,10.5,169.5,-159,159,NaN,NaN,NaN,1784569011.43946,11576.53095292,1.89641833305359,0.0173091888427734,0.178186655044556,0.912254333496094,0.925679206848145,1.23730301856995,1.28696894645691,1.28696894645691,-1,-1,1.52663016319275,160.877466201782,311.623811721802,49.6659278869629,361.289739608765,Conflict,Left,Right,Right,Left,Right,0,1,0,1,1,1,0,0,1,0,1,1,0,0,0,1,1,0,1,126,86,20260720_t1327_srsSmooth_training_B002,26,6,8.21982132196426,1.62867999076843,2,1,44,1,0,0,1,1,1
20260720_t1327_srsSmooth_training,srs_smooth_training,trial0148.mat,148,148,126,2,34,26,108,88,20,8,1,2,7,2,71,23983,2,0,1,2,1,1,2,2,2,2,CHOSE_HIGH_SAL,1,455,1,0,5,0,1,0,161,54,161,54,107,54,1,180,198,13.5,18,166.5,-148.5,148.5,NaN,NaN,NaN,1784569014.91009,11580.00169804,1.93403744697571,0.0134868621826172,0.216955184936523,0.974967479705811,0.988525867462158,1.24205374717712,1.28948378562927,1.28948378562927,-1,-1,1.54969525337219,203.468322753906,253.527879714966,47.4300384521484,300.957918167114,Conflict,Right,Left,Left,Right,Left,0,1,0,1,1,0,0,0,1,1,1,1,0,1,1,0,1,0,1,127,87,20260720_t1327_srsSmooth_training_B002,27,7,8.27766509453456,1.57420802116394,2,1,36,1,0,1,1,0,1
20260720_t1327_srsSmooth_training,srs_smooth_training,trial0153.mat,153,153,127,2,39,27,108,88,20,8,1,1,6,2,55,7483,2,0,2,1,1,2,1,2,1,2,CHOSE_HIGH_SAL,1,455,1,0,6,0,1,0,152,47,152,47,105,152,1,0,197.5,11,162.5,11,151.5,151.5,NaN,NaN,NaN,1784569025.79185,11590.88326336,1.98703765869141,0.0154852867126465,0.218773126602173,0.883383750915527,0.89885425567627,1.21873116493225,1.26891469955444,1.26891469955444,-1,-1,1.49986910820007,203.287839889526,319.876909255981,50.1835346221924,370.060443878174,Congruent,Left,Right,Left,Left,Left,0,1,1,0,1,0,1,1,1,1,0,0,0,0,0,0,1,1,1,128,88,20260720_t1327_srsSmooth_training_B002,28,8,8.45902787049611,8.94772911071777,2,2,54,1,1,0,0,1,1
20260720_t1327_srsSmooth_training,srs_smooth_training,trial0154.mat,154,154,128,2,40,28,108,88,20,8,1,2,7,2,78,2250,2,0,1,2,1,1,2,2,2,2,CHOSE_HIGH_SAL,1,455,1,0,6,0,1,0,116,70,116,70,46,70,1,0,14,198,14,162,-148,148,NaN,NaN,NaN,1784569029.40733,11594.49862804,1.96259713172913,0.0168213844299316,0.228406190872192,0.969663858413696,0.983526468276978,1.22820115089417,1.27858877182007,1.27858877182007,-1,-1,1.55943727493286,211.584806442261,244.674682617188,50.3876209259033,295.062303543091,Conflict,Right,Left,Left,Right,Left,0,1,0,1,1,0,0,0,1,1,1,1,0,1,1,0,1,0,1,129,89,20260720_t1327_srsSmooth_training_B002,29,9,8.51928578217824,1.62843704223633,1,2,152,1,1,0,0,1,1
20260720_t1327_srsSmooth_training,srs_smooth_training,trial0156.mat,156,156,129,2,42,29,108,88,20,8,1,1,5,2,22,4832,2,0,1,2,1,1,1,1,1,1,CHOSE_HIGH_SAL,1,455,1,0,5,0,1,0,159,60,159,60,99,159,1,180,11.5,183,168.5,3,165.5,165.5,NaN,NaN,NaN,1784569034.78138,11599.87250204,1.73836159706116,0.0179824829101562,0.187794208526611,0.794180870056152,0.809680223464966,0.988086462020874,1.03788304328918,1.03788304328918,-1,-1,1.27895021438599,169.811725616455,178.406238555908,49.7965812683105,228.202819824219,Congruent,Right,Left,Right,Right,Right,0,1,1,0,1,1,1,1,1,0,0,0,0,1,1,1,1,1,1,130,90,20260720_t1327_srsSmooth_training_B002,30,10,8.60885331630707,3.41145491600037,2,2,70,1,1,1,0,0,1
20260720_t1327_srsSmooth_training,srs_smooth_training,trial0157.mat,157,157,130,2,43,30,108,88,20,8,1,1,6,2,57,4850,2,0,2,1,1,2,1,2,1,2,CHOSE_HIGH_SAL,1,455,1,0,4,0,1,0,142,58,142,58,84,142,1,180,8,196,172,16,156,156,NaN,NaN,NaN,1784569038.1554,11603.246424,2.09886050224304,0.0190994739532471,0.253381729125977,1.02268505096436,1.03580522537231,1.28067350387573,1.3199417591095,1.3199417591095,-1,-1,1.62826824188232,234.282255172729,244.868278503418,39.2682552337646,284.136533737183,Congruent,Left,Right,Left,Left,Left,0,1,1,0,1,0,1,1,1,1,0,0,0,0,0,0,1,1,1,131,91,20260720_t1327_srsSmooth_training_B002,31,11,8.66508694887161,1.63565635681152,1,1,159,1,0,1,1,0,1
20260720_t1327_srsSmooth_training,srs_smooth_training,trial0158.mat,158,158,131,2,44,31,108,88,20,8,1,1,5,2,29,970,2,0,1,2,1,1,1,1,1,1,CHOSE_HIGH_SAL,1,455,1,0,4,0,1,0,167,39,167,39,128,167,1,180,13,188.5,167,8.5,158.5,158.5,NaN,NaN,NaN,1784569041.89409,11606.98496168,1.79747605323792,0.0138912200927734,0.191259145736694,0.825400114059448,0.838924407958984,1.01653623580933,1.06518483161926,1.06518483161926,-1,-1,1.28879070281982,177.367925643921,177.611827850342,48.6485958099365,226.260423660278,Congruent,Right,Left,Right,Right,Right,0,1,1,0,1,1,1,1,1,0,0,0,0,1,1,1,1,1,1,132,92,20260720_t1327_srsSmooth_training_B002,32,12,8.72739843527476,1.6398286819458,1,2,142,1,0,1,1,0,1
20260720_t1327_srsSmooth_training,srs_smooth_training,trial0159.mat,159,159,132,2,45,32,108,88,20,8,1,1,6,2,44,9727,2,0,2,1,1,2,1,2,1,2,CHOSE_HIGH_SAL,1,455,1,0,4,0,1,0,131,74,131,74,57,131,1,0,191,5,169,5,164,164,NaN,NaN,NaN,1784569045.31887,11610.40974148,1.85987234115601,0.0142436027526855,0.257097244262695,0.859023332595825,0.87261176109314,1.14979958534241,1.20035672187805,1.20035672187805,-1,-1,1.43160676956177,242.85364151001,277.187824249268,50.5571365356445,327.744960784912,Congruent,Left,Right,Left,Left,Left,0,1,1,0,1,0,1,1,1,1,0,0,0,0,0,0,1,1,1,133,93,20260720_t1327_srsSmooth_training_B002,33,13,8.78447816371918,1.62730765342712,1,1,167,1,0,1,1,0,1
20260720_t1327_srsSmooth_training,srs_smooth_training,trial0160.mat,160,160,133,2,46,33,108,88,20,8,1,2,8,2,91,7584,2,0,2,1,1,2,2,1,2,1,CHOSE_HIGH_SAL,1,455,1,0,2,0,1,0,134,51,134,51,83,51,1,180,189,11.5,9,168.5,-159.5,159.5,NaN,NaN,NaN,1784569048.80952,11613.90039332,1.93164396286011,0.0154008865356445,0.157804489135742,0.918378114700317,0.932103872299194,1.24351954460144,1.30219650268555,1.30219650268555,-1,-1,1.58268046379089,142.403602600098,311.415672302246,58.6769580841064,370.092630386353,Conflict,Left,Right,Right,Left,Right,0,1,0,1,1,1,0,0,1,0,1,1,0,0,0,1,1,0,1,134,94,20260720_t1327_srsSmooth_training_B002,34,14,8.84265562693278,1.63077545166016,1,2,131,1,1,1,0,0,1
20260720_t1327_srsSmooth_training,srs_smooth_training,trial0161.mat,161,161,134,2,47,34,108,88,20,8,1,1,5,2,27,25746,2,0,1,2,1,1,1,1,1,1,CHOSE_HIGH_SAL,1,455,1,0,2,0,1,0,140,55,140,55,85,140,1,0,185.5,1.5,174.5,1.5,173,173,NaN,NaN,NaN,1784569052.36353,11617.45418792,1.69229888916016,0.0198607444763184,0.0243608951568604,0.69785213470459,0.711554765701294,0.964373588562012,1.0128607749939,1.0128607749939,-1,-1,1.23909735679626,4.50015068054199,252.818822860718,48.4871864318848,301.306009292603,Congruent,Right,Left,Right,Right,Right,0,1,1,0,1,1,1,1,1,0,0,0,0,1,1,1,1,1,1,135,95,20260720_t1327_srsSmooth_training_B002,35,15,8.90188920895259,1.62237095832825,2,1,51,1,1,0,0,1,1
20260720_t1327_srsSmooth_training,srs_smooth_training,trial0162.mat,162,162,135,2,48,35,108,88,20,8,1,2,8,2,89,24614,2,0,2,1,1,2,2,1,2,1,CHOSE_HIGH_SAL,1,455,1,0,2,0,1,0,128,64,128,64,64,64,1,0,3,193,3,167,-164,164,NaN,NaN,NaN,1784569056.26305,11621.35388564,1.88208270072937,0.0121662616729736,0.188240528106689,0.781991481781006,0.795530319213867,1.00651454925537,1.0571665763855,1.0571665763855,-1,-1,1.36859512329102,176.074266433716,210.984230041504,50.652027130127,261.636257171631,Conflict,Left,Right,Right,Left,Right,0,1,0,1,1,1,0,0,1,0,1,1,0,0,0,1,1,0,1,136,96,20260720_t1327_srsSmooth_training_B002,36,16,8.96688112020493,2.20721578598022,1,1,140,1,1,0,0,1,1
20260720_t1327_srsSmooth_training,srs_smooth_training,trial0163.mat,163,163,136,2,49,36,108,88,20,8,1,2,7,2,81,12980,2,0,1,2,1,1,2,2,2,2,CHOSE_HIGH_SAL,1,455,1,0,5,0,1,0,135,60,135,60,75,60,1,180,198.5,3.5,18.5,176.5,-158,158,NaN,NaN,NaN,1784569059.79893,11624.88949268,1.89737868309021,0.0180907249450684,0.196181297302246,0.904201745986938,0.918126821517944,1.22073245048523,1.2712619304657,1.2712619304657,-1,-1,1.50747847557068,178.090572357178,302.605628967285,50.5294799804688,353.135108947754,Conflict,Right,Left,Left,Right,Left,0,1,0,1,1,0,0,0,1,1,1,1,0,1,1,0,1,0,1,137,97,20260720_t1327_srsSmooth_training_B002,37,17,9.02581247886022,1.65379881858826,2,1,64,1,0,1,1,0,1
20260720_t1327_srsSmooth_training,srs_smooth_training,trial0164.mat,164,164,137,2,50,37,108,88,20,8,1,2,7,2,82,19827,2,0,1,2,1,1,2,2,2,2,CHOSE_HIGH_SAL,1,455,1,0,5,0,1,0,137,38,137,38,99,38,1,0,14.5,184.5,14.5,175.5,-161,161,NaN,NaN,NaN,1784569063.31759,11628.40827696,1.71748399734497,0.0162343978881836,0.161005258560181,0.752852916717529,0.76626443862915,1.02806234359741,1.07556509971619,1.07556509971619,-1,-1,1.34514498710632,144.770860671997,261.797904968262,47.5027561187744,309.300661087036,Conflict,Right,Left,Left,Right,Left,0,1,0,1,1,0,0,0,1,1,1,1,0,1,1,0,1,0,1,138,98,20260720_t1327_srsSmooth_training_B002,38,18,9.08445683320363,1.62128257751465,2,2,60,1,0,0,1,1,1
20260720_t1327_srsSmooth_training,srs_smooth_training,trial0166.mat,166,166,138,2,52,38,108,88,20,8,1,1,6,2,63,28868,2,0,2,1,1,2,1,2,1,2,CHOSE_HIGH_SAL,1,455,1,0,5,0,1,0,165,33,165,33,132,165,1,0,187.5,2.5,172.5,2.5,170,170,NaN,NaN,NaN,1784569068.46235,11633.55271468,2.13443470001221,0.0133404731750488,0.174978256225586,0.975502967834473,0.988379716873169,1.28334546089172,1.33246564865112,1.33246564865112,-1,-1,1.64016842842102,161.637783050537,294.965744018555,49.1201877593994,344.085931777954,Congruent,Left,Right,Left,Left,Left,0,1,1,0,1,0,1,1,1,1,0,0,0,0,0,0,1,1,1,139,99,20260720_t1327_srsSmooth_training_B002,39,19,9.17020287911097,3.42727875709534,2,2,38,1,1,0,0,1,1
20260720_t1327_srsSmooth_training,srs_smooth_training,trial0167.mat,167,167,139,2,53,39,108,88,20,8,1,1,6,2,64,9600,2,0,2,1,1,2,1,2,1,2,CHOSE_HIGH_SAL,1,455,1,0,2,0,1,0,124,42,124,42,82,124,1,180,20,181.5,160,1.5,158.5,158.5,NaN,NaN,NaN,1784569072.22634,11637.31682048,2.04108834266663,0.0161643028259277,0.244290590286255,1.02774000167847,1.04120516777039,1.29462599754333,1.34421920776367,1.34421920776367,-1,-1,1.61117219924927,228.126287460327,253.420829772949,49.5932102203369,303.014039993286,Congruent,Left,Right,Left,Left,Left,0,1,1,0,1,0,1,1,1,1,0,0,0,0,0,0,1,1,1,140,100,20260720_t1327_srsSmooth_training_B002,40,20,9.23293605248133,1.62955570220947,1,2,165,1,0,0,1,1,1
20260720_t1327_srsSmooth_training,srs_smooth_training,trial0168.mat,168,168,140,2,54,40,108,88,20,8,1,2,7,2,68,23621,2,0,1,2,1,1,2,2,2,2,CHOSE_HIGH_SAL,1,455,1,0,4,0,1,0,125,46,125,46,79,46,1,0,5.5,190.5,5.5,169.5,-164,164,NaN,NaN,NaN,1784569075.89941,11640.98958748,1.95612525939941,0.0182418823242188,0.219106435775757,0.971088647842407,0.984946966171265,1.24654507637024,1.29444217681885,1.29444217681885,-1,-1,1.57579493522644,200.864553451538,261.598110198975,47.8971004486084,309.495210647583,Conflict,Right,Left,Left,Right,Left,0,1,0,1,1,0,0,0,1,1,1,1,0,1,1,0,1,0,1,141,101,20260720_t1327_srsSmooth_training_B002,41,21,9.294153825442,1.63197803497314,1,2,124,1,1,0,0,1,1
20260720_t1327_srsSmooth_training,srs_smooth_training,trial0169.mat,169,169,141,2,55,41,108,88,20,8,1,2,7,2,70,22196,2,0,1,2,1,1,2,2,2,2,CHOSE_HIGH_SAL,1,455,1,0,6,0,1,0,134,62,134,62,72,62,1,0,19,194,19,166,-147,147,NaN,NaN,NaN,1784569079.44299,11644.53322364,1.84567451477051,0.0164704322814941,0.202946424484253,0.878021001815796,0.891504764556885,1.15313243865967,1.20113706588745,1.20113706588745,-1,-1,1.45029854774475,186.475992202759,261.627674102783,48.0046272277832,309.632301330566,Conflict,Right,Left,Left,Right,Left,0,1,0,1,1,0,0,0,1,1,1,1,0,1,1,0,1,0,1,142,102,20260720_t1327_srsSmooth_training_B002,42,22,9.35321342945099,1.58745098114014,2,2,46,1,0,0,1,1,1
20260720_t1327_srsSmooth_training,srs_smooth_training,trial0170.mat,170,170,142,2,56,42,108,88,20,8,1,1,5,2,28,19979,2,0,1,2,1,1,1,1,1,1,CHOSE_HIGH_SAL,1,455,1,0,4,0,1,0,165,58,165,58,107,165,1,180,6.5,187.5,173.5,7.5,166,166,NaN,NaN,NaN,1784569082.90473,11647.99488364,2.04620552062988,0.0131947994232178,0.199378490447998,0.908054351806641,0.921563625335693,1.22492218017578,1.27280402183533,1.27280402183533,-1,-1,1.54914689064026,186.18369102478,303.358554840088,47.8818416595459,351.240396499634,Congruent,Right,Left,Right,Right,Right,0,1,1,0,1,1,1,1,1,0,0,0,0,1,1,1,1,1,1,143,103,20260720_t1327_srsSmooth_training_B002,43,23,9.41090915997823,1.61606931686401,2,2,62,1,1,1,0,0,1
20260720_t1327_srsSmooth_training,srs_smooth_training,trial0171.mat,171,171,143,2,57,43,108,88,20,8,1,2,7,2,73,30597,2,0,1,2,1,1,2,2,2,2,CHOSE_HIGH_SAL,1,455,1,0,3,0,1,0,137,54,137,54,83,54,1,180,186,8.5,6,171.5,-165.5,165.5,NaN,NaN,NaN,1784569086.54653,11651.6367028,1.83356833457947,0.0132062435150146,0.166437387466431,0.808088779449463,0.821571350097656,1.09944820404053,1.1487889289856,1.1487889289856,-1,-1,1.45374464988708,153.231143951416,277.876853942871,49.3407249450684,327.217578887939,Conflict,Right,Left,Left,Right,Left,0,1,0,1,1,0,0,0,1,1,1,1,0,1,1,0,1,0,1,144,104,20260720_t1327_srsSmooth_training_B002,44,24,9.47160576581955,1.59559082984924,1,1,165,1,1,1,0,0,1
20260720_t1327_srsSmooth_training,srs_smooth_training,trial0172.mat,172,172,144,2,58,44,108,88,20,8,1,1,5,2,36,6472,2,0,1,2,1,1,1,1,1,1,CHOSE_HIGH_SAL,1,455,1,0,3,0,1,0,143,57,143,57,86,143,1,180,1,188.5,179,8.5,170.5,170.5,NaN,NaN,NaN,1784569089.99556,11655.08562728,1.97461819648743,0.0143058300018311,0.273975610733032,0.932284116744995,0.947674989700317,1.18196034431458,1.23425340652466,1.23425340652466,-1,-1,1.49222540855408,259.669780731201,234.285354614258,52.293062210083,286.578416824341,Congruent,Right,Left,Right,Right,Right,0,1,1,0,1,1,1,1,1,0,0,0,0,1,1,1,1,1,1,145,105,20260720_t1327_srsSmooth_training_B002,45,25,9.52908968925476,1.6154670715332,2,2,54,1,1,1,0,0,1
20260720_t1327_srsSmooth_training,srs_smooth_training,trial0173.mat,173,173,145,2,59,45,108,88,20,8,1,2,8,2,97,32360,2,0,2,1,1,2,2,1,2,1,CHOSE_HIGH_SAL,1,455,1,0,7,0,1,0,165,45,165,45,120,45,1,180,185.5,2.5,5.5,177.5,-172,172,NaN,NaN,NaN,1784569093.5646,11658.6543976,1.86566948890686,0.0204095840454102,0.223531246185303,0.948295831680298,0.962112426757812,1.19858002662659,1.24856400489807,1.24856400489807,-1,-1,1.4915087223053,203.121662139893,236.467599868774,49.9839782714844,286.451578140259,Conflict,Left,Right,Right,Left,Right,0,1,0,1,1,1,0,0,1,0,1,1,0,0,0,1,1,0,1,146,106,20260720_t1327_srsSmooth_training_B002,46,26,9.58857361475627,1.59441733360291,1,1,143,1,1,0,0,1,1
20260720_t1327_srsSmooth_training,srs_smooth_training,trial0174.mat,174,174,146,2,60,46,108,88,20,8,1,1,5,2,32,13565,2,0,1,2,1,1,1,1,1,1,CHOSE_HIGH_SAL,1,455,1,0,3,0,1,0,144,46,144,46,98,144,1,180,8.5,191.5,171.5,11.5,160,160,NaN,NaN,NaN,1784569097.08382,11662.17364868,1.89662265777588,0.0179884433746338,0.152594566345215,0.855015277862549,0.868021488189697,1.09378910064697,1.13784956932068,1.13784956932068,-1,-1,1.45410299301147,134.606122970581,225.767612457275,44.0604686737061,269.828081130981,Congruent,Right,Left,Right,Right,Right,0,1,1,0,1,1,1,1,1,0,0,0,0,1,1,1,1,1,1,147,107,20260720_t1327_srsSmooth_training_B002,47,27,9.64722735087077,1.65355467796326,2,1,45,1,1,0,0,1,1
20260720_t1327_srsSmooth_training,srs_smooth_training,trial0176.mat,176,176,147,2,62,47,108,88,20,8,1,1,6,2,61,169,2,0,2,1,1,2,1,2,1,2,CHOSE_HIGH_SAL,1,455,1,0,5,0,1,0,147,23,147,23,124,147,1,0,181.5,6.5,178.5,6.5,172,172,NaN,NaN,NaN,1784569102.49738,11667.58716528,1.92470026016235,0.0129718780517578,0.249535083770752,0.899647951126099,0.913007736206055,1.13279390335083,1.1826069355011,1.1826069355011,-1,-1,1.44818520545959,236.563205718994,219.786167144775,49.8130321502686,269.599199295044,Congruent,Left,Right,Left,Left,Left,0,1,1,0,1,0,1,1,1,1,0,0,0,0,0,0,1,1,1,148,108,20260720_t1327_srsSmooth_training_B002,48,28,9.73745334148407,3.51693677902222,1,1,144,1,0,1,1,0,1
20260720_t1327_srsSmooth_training,srs_smooth_training,trial0177.mat,177,177,148,2,63,48,108,88,20,8,1,1,5,2,41,31074,2,0,1,2,1,1,1,1,1,1,CHOSE_HIGH_SAL,1,455,1,0,6,0,1,0,141,35,141,35,106,141,1,180,11,188,169,8,161,161,NaN,NaN,NaN,1784569106.05604,11671.14576384,1.83317995071411,0.0127840042114258,0.232683658599854,0.805606126785278,0.821149349212646,1.08278703689575,1.13269662857056,1.13269662857056,-1,-1,1.36328363418579,219.899654388428,261.637687683105,49.9095916748047,311.54727935791,Congruent,Right,Left,Right,Right,Right,0,1,1,0,1,1,1,1,1,0,0,0,0,1,1,1,1,1,1,149,109,20260720_t1327_srsSmooth_training_B002,49,29,9.79676433801651,1.63395953178406,1,2,147,1,0,1,1,0,1
20260720_t1327_srsSmooth_training,srs_smooth_training,trial0178.mat,178,178,149,2,64,49,108,88,20,8,1,1,6,2,48,32487,2,0,2,1,1,2,1,2,1,2,CHOSE_HIGH_SAL,1,455,1,0,11,0,1,0,153,33,153,33,120,153,1,180,4,195,176,15,161,161,NaN,NaN,NaN,1784569109.51269,11674.60241748,1.97392392158508,0.0146260261535645,0.209466218948364,0.86759090423584,0.881298065185547,1.13450026512146,1.18476438522339,1.18476438522339,-1,-1,1.4816370010376,194.8401927948,253.202199935913,50.2641201019287,303.466320037842,Congruent,Left,Right,Left,Left,Left,0,1,1,0,1,0,1,1,1,1,0,0,0,0,0,0,1,1,1,150,110,20260720_t1327_srsSmooth_training_B002,50,30,9.85437523921331,1.62347412109375,1,1,141,1,0,1,1,0,1
20260720_t1327_srsSmooth_training,srs_smooth_training,trial0179.mat,179,179,150,2,65,50,108,88,20,8,1,1,5,2,40,12665,2,0,1,2,1,1,1,1,1,1,CHOSE_HIGH_SAL,1,455,1,0,4,0,1,0,141,47,141,47,94,141,1,180,5,188,175,8,167,167,NaN,NaN,NaN,1784569113.14949,11678.23908696,1.6794900894165,0.01961350440979,0.195919990539551,0.739208698272705,0.752975463867188,0.94753885269165,0.997595310211182,0.997595310211182,-1,-1,1.23697781562805,176.306486129761,194.563388824463,50.0564575195312,244.619846343994,Congruent,Right,Left,Right,Right,Right,0,1,1,0,1,1,1,1,1,0,0,0,0,1,1,1,1,1,1,151,111,20260720_t1327_srsSmooth_training_B002,51,31,9.91498844623566,1.66286849975586,1,2,153,1,0,1,1,0,1
20260720_t1327_srsSmooth_training,srs_smooth_training,trial0180.mat,180,180,151,2,66,51,108,88,20,8,1,1,5,2,26,8443,2,0,1,2,1,1,1,1,1,1,CHOSE_HIGH_SAL,1,455,1,0,6,0,1,0,122,53,122,53,69,122,1,180,8,182,172,2,170,170,NaN,NaN,NaN,1784569116.48915,11681.57872152,1.77537965774536,0.0134103298187256,0.216833591461182,0.791196346282959,0.805107593536377,1.03334832191467,1.08305072784424,1.08305072784424,-1,-1,1.32957053184509,203.423261642456,228.240728378296,49.7024059295654,277.943134307861,Congruent,Right,Left,Right,Right,Right,0,1,1,0,1,1,1,1,1,0,0,0,0,1,1,1,1,1,1,152,112,20260720_t1327_srsSmooth_training_B002,52,32,9.97064954837163,1.66017603874207,1,1,141,1,0,0,1,1,1
20260720_t1327_srsSmooth_training,srs_smooth_training,trial0181.mat,181,181,152,2,67,52,108,88,20,8,1,2,7,2,79,11199,2,0,1,2,1,1,2,2,2,2,CHOSE_HIGH_SAL,1,455,1,0,2,0,1,0,146,52,146,52,94,52,1,0,17.5,181,17.5,179,-161.5,161.5,NaN,NaN,NaN,1784569119.89123,11684.9807366,1.47319912910461,0.011469841003418,0.0128986835479736,0.556442260742188,0.569824934005737,0.781497478485107,0.831441879272461,0.831441879272461,-1,-1,1.1225483417511,1.42884254455566,211.67254447937,49.9444007873535,261.616945266724,Conflict,Right,Left,Left,Right,Left,0,1,0,1,1,0,0,0,1,1,1,1,0,1,1,0,1,0,1,153,113,20260720_t1327_srsSmooth_training_B002,53,33,10.0273507595062,1.6266930103302,1,1,122,1,1,1,0,0,1
20260720_t1327_srsSmooth_training,srs_smooth_training,trial0182.mat,182,182,153,2,68,53,108,88,20,8,1,2,7,2,85,2475,2,0,1,2,1,1,2,2,2,2,CHOSE_HIGH_SAL,1,455,1,0,7,0,1,0,151,45,151,45,106,45,1,0,2.5,193,2.5,167,-164.5,164.5,NaN,NaN,NaN,1784569123.01772,11688.10709352,1.86839127540588,0.0184273719787598,0.204694509506226,0.962975978851318,0.976798295974731,1.20475029945374,1.25497698783875,1.25497698783875,-1,-1,1.48684430122375,186.267137527466,227.952003479004,50.2266883850098,278.178691864014,Conflict,Right,Left,Left,Right,Left,0,1,0,1,1,0,0,0,1,1,1,1,0,1,1,0,1,0,1,154,114,20260720_t1327_srsSmooth_training_B002,54,34,10.0794590512911,1.65329837799072,2,2,52,1,0,0,1,1,1
20260720_t1327_srsSmooth_training,srs_smooth_training,trial0183.mat,183,183,154,2,69,54,108,88,20,8,1,1,5,2,38,27468,2,0,1,2,1,1,1,1,1,1,CHOSE_HIGH_SAL,1,455,1,0,6,0,1,0,147,63,147,63,84,147,1,180,0.5,192.5,179.5,12.5,167,167,NaN,NaN,NaN,1784569126.49789,11691.58727648,2.01807498931885,0.013394832611084,0.282742977142334,0.941775798797607,0.955098867416382,1.20004844665527,1.25019502639771,1.25019502639771,-1,-1,1.53939843177795,269.34814453125,244.949579238892,50.1465797424316,295.096158981323,Congruent,Right,Left,Right,Right,Right,0,1,1,0,1,1,1,1,1,0,0,0,0,1,1,1,1,1,1,155,115,20260720_t1327_srsSmooth_training_B002,55,35,10.1374618450801,1.61177635192871,2,2,45,1,1,1,0,0,1
20260720_t1327_srsSmooth_training,srs_smooth_training,trial0184.mat,184,184,155,2,70,55,108,88,20,8,1,2,7,2,76,30502,2,0,1,2,1,1,2,2,2,2,CHOSE_HIGH_SAL,1,455,1,0,4,0,1,0,159,24,159,24,135,24,1,180,188,13,8,167,-159,159,NaN,NaN,NaN,1784569130.16195,11695.25121788,1.48038005828857,0.0161445140838623,0.0175929069519043,0.585676431655884,0.599501371383667,0.835541963577271,0.885515213012695,0.885515213012695,-1,-1,1.13524341583252,1.44839286804199,236.040592193604,49.9732494354248,286.013841629028,Conflict,Right,Left,Left,Right,Left,0,1,0,1,1,0,0,0,1,1,1,1,0,1,1,0,1,0,1,156,116,20260720_t1327_srsSmooth_training_B002,56,36,10.198529501756,1.64598441123962,1,1,147,1,1,1,0,0,1
20260720_t1327_srsSmooth_training,srs_smooth_training,trial0185.mat,185,185,156,2,71,56,108,88,20,8,1,2,7,2,80,451,2,0,1,2,1,1,2,2,0,0,,0,454,0,1,1,0,1,0,115,61,115,61,54,NaN,1,0,18.5,193.5,18.5,166.5,-148,148,NaN,NaN,NaN,1784569133.28966,11698.37886932,1.1173107624054,0.0135529041290283,0.247943162918091,0.783557176589966,0.796916723251343,1.03124952316284,-1,-1,-1,-1,-1,234.390258789062,234.332799911499,NaN,NaN,Conflict,Right,Left,None,Right,Left,0,1,0,1,0,NaN,NaN,NaN,NaN,NaN,NaN,NaN,NaN,1,1,0,1,0,0,156,NaN,20260720_t1327_srsSmooth_training_B002,NaN,NaN,10.2506580591202,1.64733338356018,NaN,NaN,NaN,0,NaN,NaN,NaN,NaN,0
20260720_t1327_srsSmooth_training,srs_smooth_training,trial0186.mat,186,186,156,2,72,56,108,88,20,8,1,2,8,2,88,2790,2,0,2,1,1,2,2,1,2,1,CHOSE_HIGH_SAL,1,455,1,0,5,0,1,0,152,53,152,53,99,53,1,180,183,9,3,171,-168,168,NaN,NaN,NaN,1784569135.87184,11700.96103768,1.66904759407043,0.0148136615753174,0.209602355957031,0.784646272659302,0.798178195953369,1.00111627578735,1.05079412460327,1.05079412460327,-1,-1,1.3159351348877,194.788694381714,202.938079833984,49.677848815918,252.615928649902,Conflict,Left,Right,Right,Left,Right,0,1,0,1,1,1,0,0,1,0,1,1,0,0,0,1,1,0,1,157,117,20260720_t1327_srsSmooth_training_B002,57,37,10.2936942776044,1.46486234664917,2,2,24,1,0,1,1,0,1
20260720_t1327_srsSmooth_training,srs_smooth_training,trial0187.mat,187,187,157,2,73,57,108,88,20,8,1,1,5,2,21,20793,2,0,1,2,1,1,1,1,1,1,CHOSE_HIGH_SAL,1,455,1,0,1,0,1,0,131,52,131,52,79,131,1,180,16.5,192.5,163.5,12.5,151,151,NaN,NaN,NaN,1784569139.19191,11704.28091112,1.79032444953918,0.0115411281585693,0.248377799987793,0.839609861373901,0.853240966796875,1.0311381816864,1.08083724975586,1.08083724975586,-1,-1,1.3600537776947,236.836671829224,177.897214889526,49.699068069458,227.596282958984,Congruent,Right,Left,Right,Right,Right,0,1,1,0,1,1,1,1,1,0,0,0,0,1,1,1,1,1,1,158,118,20260720_t1327_srsSmooth_training_B002,58,38,10.349028758208,1.65102124214172,2,1,53,1,1,0,0,1,1
20260720_t1327_srsSmooth_training,srs_smooth_training,trial0188.mat,188,188,158,2,74,58,108,88,20,8,1,2,8,2,107,8598,2,0,2,1,1,2,2,1,2,1,CHOSE_HIGH_SAL,1,455,1,0,5,0,1,0,124,40,124,40,84,40,1,180,187,16.5,7,163.5,-156.5,156.5,NaN,NaN,NaN,1784569142.62647,11707.71534316,1.61375451087952,0.0187795162200928,0.197072744369507,0.722207069396973,0.735474348068237,0.955227613449097,1.00556087493896,1.00556087493896,-1,-1,1.27635335922241,178.293228149414,219.753265380859,50.3332614898682,270.086526870728,Conflict,Left,Right,Right,Left,Right,0,1,0,1,1,1,0,0,1,0,1,1,0,0,0,1,1,0,1,159,119,20260720_t1327_srsSmooth_training_B002,59,39,10.4062714656194,1.64423799514771,1,1,131,1,1,0,0,1,1
20260720_t1327_srsSmooth_training,srs_smooth_training,trial0189.mat,189,189,159,2,75,59,108,88,20,8,1,2,8,2,95,18147,2,0,2,1,1,2,2,1,2,1,CHOSE_HIGH_SAL,1,455,1,0,5,0,1,0,130,48,130,48,82,48,1,0,6.5,190,6.5,170,-163.5,163.5,NaN,NaN,NaN,1784569145.88356,11710.9724566,1.61578178405762,0.0118100643157959,0.15506911277771,0.69841742515564,0.71183705329895,0.931880950927734,0.981271982192993,0.981271982192993,-1,-1,1.23085165023804,143.259048461914,220.043897628784,49.3910312652588,269.434928894043,Conflict,Left,Right,Right,Left,Right,0,1,0,1,1,1,0,0,1,0,1,1,0,0,0,1,1,0,1,160,120,20260720_t1327_srsSmooth_training_B002,60,40,10.4605564037959,1.64334177970886,2,1,40,1,0,0,1,1,1
20260720_t1327_srsSmooth_training,srs_smooth_training,trial0190.mat,190,190,160,2,76,60,108,88,20,8,1,1,5,2,42,17707,2,0,1,2,1,1,1,1,0,0,,0,454,0,1,3,0,1,0,123,62,123,62,61,NaN,1,0,197,14,163,14,149,149,NaN,NaN,NaN,1784569149.12213,11714.21098408,1.16057729721069,0.0150368213653564,0.201723098754883,0.824786186218262,0.840068817138672,1.06872582435608,-1,-1,-1,-1,-1,186.686277389526,228.657007217407,NaN,NaN,Congruent,Right,Left,None,Right,Right,0,1,1,0,0,NaN,NaN,NaN,NaN,NaN,NaN,NaN,NaN,1,1,1,1,1,0,160,NaN,20260720_t1327_srsSmooth_training_B002,NaN,NaN,10.5145325104396,1.62278461456299,NaN,NaN,NaN,0,NaN,NaN,NaN,NaN,0
20260720_t1327_srsSmooth_training,srs_smooth_training,trial0191.mat,191,191,160,2,77,60,108,88,20,8,1,2,7,2,65,22528,2,0,1,2,1,1,2,2,2,2,CHOSE_HIGH_SAL,1,455,1,0,4,0,1,0,169,38,169,38,131,38,1,180,194.5,19,14.5,161,-146.5,146.5,NaN,NaN,NaN,1784569151.72407,11716.81271148,1.74226808547974,0.0132021903991699,0.224567890167236,0.773961782455444,0.788232326507568,1.08296799659729,1.12476873397827,1.12476873397827,-1,-1,1.36680173873901,211.365699768066,294.735670089722,41.8007373809814,336.536407470703,Conflict,Right,Left,Left,Right,Left,0,1,0,1,1,0,0,0,1,1,1,1,0,1,1,0,1,0,1,161,121,20260720_t1327_srsSmooth_training_B002,61,41,10.5578981161118,1.44135904312134,2,1,48,1,0,1,1,0,1
20260720_t1327_srsSmooth_training,srs_smooth_training,trial0199.mat,199,199,161,2,85,61,108,88,20,8,1,2,8,2,90,24469,2,0,2,1,1,2,2,1,2,1,CHOSE_HIGH_SAL,1,455,1,0,4,0,1,0,130,50,130,50,80,50,1,180,181,19,1,161,-160,160,NaN,NaN,NaN,1784569167.92484,11733.0132318,1.73316550254822,0.0130646228790283,0.138544797897339,0.808003187179565,0.821429967880249,1.05809926986694,1.10799622535706,1.10799622535706,-1,-1,1.36569166183472,125.480175018311,236.669301986694,49.8969554901123,286.566257476807,Conflict,Left,Right,Right,Left,Right,0,1,0,1,1,1,0,0,1,0,1,1,0,0,0,1,1,0,1,162,122,20260720_t1327_srsSmooth_training_B002,62,42,10.8279109597206,14.4585025310516,2,2,38,1,0,1,1,0,1
20260720_t1327_srsSmooth_training,srs_smooth_training,trial0211.mat,211,211,162,2,97,62,108,88,20,8,1,2,8,2,106,30721,2,0,2,1,1,2,2,1,2,1,CHOSE_HIGH_SAL,1,455,1,0,4,0,1,0,148,62,148,62,86,62,1,180,191.5,10,11.5,170,-158.5,158.5,NaN,NaN,NaN,1784569191.33953,11756.42738568,1.86219096183777,0.0159530639648438,0.29443359375,0.950097560882568,0.965989828109741,1.20269012451172,1.25013327598572,1.25013327598572,-1,-1,1.50030446052551,278.480529785156,236.700296401978,47.443151473999,284.143447875977,Conflict,Left,Right,Right,Left,Right,0,1,0,1,1,1,0,0,1,0,1,1,0,0,0,1,1,0,1,163,123,20260720_t1327_srsSmooth_training_B002,63,43,11.2181559085846,21.6815314292908,2,1,50,1,0,0,1,1,1
20260720_t1327_srsSmooth_training,srs_smooth_training,trial0212.mat,212,212,163,2,98,63,108,88,20,8,1,1,6,2,60,3377,2,0,2,1,1,2,1,2,1,2,CHOSE_HIGH_SAL,1,455,1,0,7,0,1,0,142,48,142,48,94,142,1,180,1.5,188.5,178.5,8.5,170,170,NaN,NaN,NaN,1784569194.83031,11759.91804724,2.03811049461365,0.016986608505249,0.295351982116699,1.01202607154846,1.02535963058472,1.26232719421387,1.3121600151062,1.3121600151062,-1,-1,1.56068181991577,278.36537361145,236.96756362915,49.832820892334,286.800384521484,Congruent,Left,Right,Left,Left,Left,0,1,1,0,1,0,1,1,1,1,0,0,0,0,0,0,1,1,1,164,124,20260720_t1327_srsSmooth_training_B002,64,44,11.2763354142507,1.62857937812805,2,1,62,1,1,1,0,0,1
20260720_t1327_srsSmooth_training,srs_smooth_training,trial0213.mat,213,213,164,2,99,64,108,88,20,8,1,2,8,2,93,5304,2,0,2,1,1,2,2,1,2,1,CHOSE_HIGH_SAL,1,455,1,0,4,0,1,0,168,54,168,54,114,54,1,0,11.5,195.5,11.5,164.5,-153,153,NaN,NaN,NaN,1784569198.50462,11763.59235368,1.43792939186096,0.0178186893463135,0.0195255279541016,0.571197986602783,0.584507703781128,0.779414176940918,0.829365968704224,0.829365968704224,-1,-1,1.05422258377075,1.70683860778809,194.90647315979,49.9517917633057,244.858264923096,Conflict,Left,Right,Right,Left,Right,0,1,0,1,1,1,0,0,1,0,1,1,0,0,0,1,1,0,1,165,125,20260720_t1327_srsSmooth_training_B002,65,45,11.3375739415487,1.63620114326477,1,2,142,1,1,1,0,0,1
20260720_t1327_srsSmooth_training,srs_smooth_training,trial0214.mat,214,214,165,2,100,65,108,88,20,8,1,1,5,2,33,30296,2,0,1,2,1,1,1,1,1,1,CHOSE_HIGH_SAL,1,455,1,0,4,0,1,0,120,52,120,52,68,120,1,0,181.5,14.5,178.5,14.5,164,164,NaN,NaN,NaN,1784569201.66958,11766.75731528,1.74824500083923,0.0196495056152344,0.213840961456299,0.806192398071289,0.819681167602539,1.06439208984375,1.11269617080688,1.11269617080688,-1,-1,1.32808566093445,194.191455841064,244.710922241211,48.3040809631348,293.015003204346,Congruent,Right,Left,Right,Right,Right,0,1,1,0,1,1,1,1,1,0,0,0,0,1,1,1,1,1,1,166,126,20260720_t1327_srsSmooth_training_B002,66,46,11.3903232852618,1.72703123092651,2,1,54,1,1,0,0,1,1
20260720_t1327_srsSmooth_training,srs_smooth_training,trial0215.mat,215,215,166,2,101,66,108,88,20,8,1,2,7,2,80,451,2,0,1,2,1,1,2,2,2,2,CHOSE_HIGH_SAL,1,455,1,0,5,0,1,0,149,48,149,48,101,48,1,180,186,9.5,6,170.5,-164.5,164.5,NaN,NaN,NaN,1784569205.02201,11770.10968156,1.83804130554199,0.0173525810241699,0.0236508846282959,0.812202453613281,0.825717210769653,1.09501051902771,1.14376068115234,1.14376068115234,-1,-1,1.46145749092102,6.29830360412598,269.293308258057,48.7501621246338,318.04347038269,Conflict,Right,Left,Left,Right,Left,0,1,0,1,1,0,0,0,1,1,1,1,0,1,1,0,1,0,1,167,127,20260720_t1327_srsSmooth_training_B002,67,47,11.4461971004804,1.60418391227722,1,1,120,1,1,1,0,0,1
20260720_t1327_srsSmooth_training,srs_smooth_training,trial0216.mat,216,216,167,2,102,67,108,88,20,8,1,1,5,2,24,1131,2,0,1,2,1,1,1,1,1,1,CHOSE_HIGH_SAL,1,455,1,0,6,0,1,0,153,11,153,11,142,153,1,180,1.5,198.5,178.5,18.5,160,160,NaN,NaN,NaN,1784569208.49427,11773.58185548,1.87410640716553,0.0118937492370605,0.256744623184204,0.881700992584229,0.895262002944946,1.106520652771,1.15640544891357,1.15640544891357,-1,-1,1.389324426651,244.850873947144,211.25864982605,49.8847961425781,261.143445968628,Congruent,Right,Left,Right,Right,Right,0,1,1,0,1,1,1,1,1,0,0,0,0,1,1,1,1,1,1,168,128,20260720_t1327_srsSmooth_training_B002,68,48,11.5040681282679,1.63422036170959,2,2,48,1,1,1,0,0,1
20260720_t1327_srsSmooth_training,srs_smooth_training,trial0217.mat,217,217,168,2,103,68,108,88,20,8,1,2,7,2,74,14453,2,0,1,2,1,1,2,2,2,2,CHOSE_HIGH_SAL,1,455,1,0,3,0,1,0,128,39,128,39,89,39,1,180,197.5,11.5,17.5,168.5,-151,151,NaN,NaN,NaN,1784569212.01345,11777.10092784,1.68050384521484,0.0178477764129639,0.0195267200469971,0.745996236801147,0.759543418884277,1.02923679351807,1.07682061195374,1.07682061195374,-1,-1,1.3105776309967,1.6789436340332,269.693374633789,47.5838184356689,317.277193069458,Conflict,Right,Left,Left,Right,Left,0,1,0,1,1,0,0,0,1,1,1,1,0,1,1,0,1,0,1,169,129,20260720_t1327_srsSmooth_training_B002,69,49,11.562721212705,1.64507865905762,1,1,153,1,1,1,0,0,1
20260720_t1327_srsSmooth_training,srs_smooth_training,trial0219.mat,219,219,169,2,105,69,108,88,20,8,1,2,7,2,67,29608,2,0,1,2,1,1,2,2,2,2,CHOSE_HIGH_SAL,1,455,1,0,5,0,1,0,153,34,153,34,119,34,1,180,191,19,11,161,-150,150,NaN,NaN,NaN,1784569217.17484,11782.26225096,1.68541049957275,0.0149967670440674,0.260112047195435,0.768151521682739,0.781693935394287,1.01838421821594,1.06789231300354,1.06789231300354,-1,-1,1.3212833404541,245.115280151367,236.690282821655,49.5080947875977,286.198377609253,Conflict,Right,Left,Left,Right,Left,0,1,0,1,1,0,0,0,1,1,1,1,0,1,1,0,1,0,1,170,130,20260720_t1327_srsSmooth_training_B002,70,50,11.6487443407377,3.48088383674622,2,2,39,1,0,0,1,1,1
20260720_t1327_srsSmooth_training,srs_smooth_training,trial0235.mat,235,235,170,2,121,70,108,88,20,8,1,2,8,2,98,29448,2,0,2,1,1,2,2,1,2,1,CHOSE_HIGH_SAL,1,455,1,0,3,0,1,0,131,41,131,41,90,41,1,180,192.5,2,12.5,178,-165.5,165.5,NaN,NaN,NaN,1784569247.87701,11812.9638402,1.92607975006104,0.0140347480773926,0.292083024978638,1.03424501419067,1.04740977287292,1.28400111198425,1.33393931388855,1.33393931388855,-1,-1,1.56637597084045,278.048276901245,236.591339111328,49.9382019042969,286.529541015625,Conflict,Left,Right,Right,Left,Right,0,1,0,1,1,1,0,0,1,0,1,1,0,0,0,1,1,0,1,171,131,20260720_t1327_srsSmooth_training_B002,71,51,12.1604472239812,29.0167624950409,2,2,34,1,0,1,1,0,1
20260720_t1327_srsSmooth_training,srs_smooth_training,trial0244.mat,244,244,171,2,130,71,108,88,20,8,1,1,6,2,49,2207,2,0,2,1,1,2,1,2,1,2,CHOSE_HIGH_SAL,1,455,1,0,4,0,1,0,144,47,144,47,97,144,1,180,3.5,197,176.5,17,159.5,159.5,NaN,NaN,NaN,1784569265.92376,11831.01024768,1.86683225631714,0.0180082321166992,0.203783988952637,0.904313802719116,0.918043375015259,1.13760352134705,1.18817901611328,1.18817901611328,-1,-1,1.41846442222595,185.775756835938,219.560146331787,50.5754947662354,270.135641098022,Congruent,Left,Right,Left,Left,Left,0,1,1,0,1,0,1,1,1,1,0,0,0,0,0,0,1,1,1,172,132,20260720_t1327_srsSmooth_training_B002,72,52,12.4612262527148,16.1206619739532,2,1,41,1,1,1,0,0,1
20260720_t1327_srsSmooth_training,srs_smooth_training,trial0245.mat,245,245,172,2,131,72,108,88,20,8,1,1,6,2,47,5418,2,0,2,1,1,2,1,2,1,2,CHOSE_HIGH_SAL,1,455,1,0,1,0,1,0,143,69,143,69,74,143,1,180,3,188,177,8,169,169,NaN,NaN,NaN,1784569269.45917,11834.54542428,1.93188381195068,0.016066312789917,0.218669414520264,0.910706758499146,0.924435377120972,1.1690137386322,1.21901941299438,1.21901941299438,-1,-1,1.48083114624023,202.603101730347,244.57836151123,50.0056743621826,294.584035873413,Congruent,Left,Right,Left,Left,Left,0,1,1,0,1,0,1,1,1,1,0,0,0,0,0,0,1,1,1,173,133,20260720_t1327_srsSmooth_training_B002,73,53,12.5201498309771,1.66858243942261,1,2,144,1,0,0,1,1,1
20260720_t1327_srsSmooth_training,srs_smooth_training,trial0246.mat,246,246,173,2,132,73,108,88,20,8,1,1,5,2,39,25288,2,0,1,2,1,1,1,1,1,1,CHOSE_HIGH_SAL,1,455,1,0,1,0,1,0,161,40,161,40,121,161,1,0,192.5,8,167.5,8,159.5,159.5,NaN,NaN,NaN,1784569273.04205,11838.1282896,1.96165037155151,0.0166642665863037,0.267677783966064,0.950926542282104,0.966702461242676,1.22797870635986,1.26953721046448,1.26953721046448,-1,-1,1.50287771224976,251.013517379761,261.276245117188,41.5585041046143,302.834749221802,Congruent,Right,Left,Right,Right,Right,0,1,1,0,1,1,1,1,1,0,0,0,0,1,1,1,1,1,1,174,134,20260720_t1327_srsSmooth_training_B002,74,54,12.5798644502958,1.65099334716797,1,2,143,1,0,1,1,0,1
20260720_t1327_srsSmooth_training,srs_smooth_training,trial0247.mat,247,247,174,2,133,74,108,88,20,8,1,1,6,2,54,31648,2,0,2,1,1,2,1,2,1,2,CHOSE_HIGH_SAL,1,455,1,0,4,0,1,0,156,55,156,55,101,156,1,180,2,194.5,178,14.5,163.5,163.5,NaN,NaN,NaN,1784569276.65475,11841.7409752,1.66619372367859,0.012434720993042,0.0179035663604736,0.615648746490479,0.629125833511353,0.874067783355713,0.923088312149048,0.923088312149048,-1,-1,1.17916345596313,5.46884536743164,244.94194984436,49.020528793335,293.962478637695,Congruent,Left,Right,Left,Left,Left,0,1,1,0,1,0,1,1,1,1,0,0,0,0,0,0,1,1,1,175,135,20260720_t1327_srsSmooth_training_B002,75,55,12.6400762279828,1.65105628967285,1,1,161,1,0,1,1,0,1
20260720_t1327_srsSmooth_training,srs_smooth_training,trial0248.mat,248,248,175,2,134,75,108,88,20,8,1,1,6,2,53,1641,2,0,2,1,1,2,1,2,1,2,CHOSE_HIGH_SAL,1,455,1,0,2,0,1,0,182,36,182,36,146,182,1,180,4.5,192.5,175.5,12.5,163,163,NaN,NaN,NaN,1784569279.98607,11845.07232184,2.00999736785889,0.0145859718322754,0.300363540649414,0.975892066955566,0.989625215530396,1.23412346839905,1.2843279838562,1.2843279838562,-1,-1,1.50926470756531,285.777568817139,244.498252868652,50.2045154571533,294.702768325806,Congruent,Left,Right,Left,Left,Left,0,1,1,0,1,0,1,1,1,1,0,0,0,0,0,0,1,1,1,176,136,20260720_t1327_srsSmooth_training_B002,76,56,12.6955981214841,1.66511988639832,1,2,156,1,0,0,1,1,1
20260720_t1327_srsSmooth_training,srs_smooth_training,trial0249.mat,249,249,176,2,135,76,108,88,20,8,1,1,6,2,56,12684,2,0,2,1,1,2,1,2,1,2,CHOSE_HIGH_SAL,1,455,1,0,4,0,1,0,162,42,162,42,120,162,1,0,183.5,13.5,176.5,13.5,163,163,NaN,NaN,NaN,1784569283.64398,11848.73006616,2.06900930404663,0.0151469707489014,0.268113851547241,1.03503274917603,1.04852199554443,1.30171513557434,1.34959697723389,1.34959697723389,-1,-1,1.60858225822449,252.96688079834,253.193140029907,47.8818416595459,301.074981689453,Congruent,Left,Right,Left,Left,Left,0,1,1,0,1,0,1,1,1,1,0,0,0,0,0,0,1,1,1,177,137,20260720_t1327_srsSmooth_training_B002,77,57,12.7565634051959,1.64791965484619,1,2,182,1,0,0,1,1,1
20260720_t1327_srsSmooth_training,srs_smooth_training,trial0250.mat,250,250,177,2,136,77,108,88,20,8,1,2,8,2,87,10893,2,0,2,1,1,2,2,1,2,1,CHOSE_HIGH_SAL,1,455,1,0,5,0,1,0,145,48,145,48,97,48,1,180,183,2.5,3,177.5,-174.5,174.5,NaN,NaN,NaN,1784569287.34354,11852.42953368,1.84473514556885,0.0157341957092285,0.227429866790771,0.910993814468384,0.924104452133179,1.19430494308472,1.24216389656067,1.24216389656067,-1,-1,1.49961972236633,211.695671081543,270.200490951538,47.8589534759521,318.05944442749,Conflict,Left,Right,Right,Left,Right,0,1,0,1,1,1,0,0,1,0,1,1,0,0,0,1,1,0,1,178,138,20260720_t1327_srsSmooth_training_B002,78,58,12.8182227333387,1.63055038452148,1,2,162,1,1,1,0,0,1
20260720_t1327_srsSmooth_training,srs_smooth_training,trial0251.mat,251,251,178,2,137,78,108,88,20,8,1,1,5,2,23,7024,2,0,1,2,1,1,1,1,1,1,CHOSE_HIGH_SAL,1,455,1,0,6,0,1,0,144,54,144,54,90,144,1,180,3.5,193.5,176.5,13.5,163,163,NaN,NaN,NaN,1784569290.82926,11855.91508208,1.90943694114685,0.0134866237640381,0.249230861663818,0.866812944412231,0.880187273025513,1.12533211708069,1.17313504219055,1.17313504219055,-1,-1,1.42313885688782,235.74423789978,245.144844055176,47.8029251098633,292.947769165039,Congruent,Right,Left,Right,Right,Right,0,1,1,0,1,1,1,1,1,0,0,0,0,1,1,1,1,1,1,179,139,20260720_t1327_srsSmooth_training_B002,79,59,12.8763180653254,1.64098477363586,2,1,48,1,1,0,0,1,1
20260720_t1327_srsSmooth_training,srs_smooth_training,trial0252.mat,252,252,179,2,138,79,108,88,20,8,1,1,5,2,25,25365,2,0,1,2,1,1,1,1,1,1,CHOSE_HIGH_SAL,1,455,1,0,4,0,1,0,157,59,157,59,98,157,1,180,20,196,160,16,144,144,NaN,NaN,NaN,1784569294.37675,11859.46270948,1.96975517272949,0.0161435604095459,0.177901983261108,0.869149446487427,0.882844686508179,1.11889791488647,1.16922521591187,1.16922521591187,-1,-1,1.47912526130676,161.758422851562,236.053228378296,50.3273010253906,286.380529403687,Congruent,Right,Left,Right,Right,Right,0,1,1,0,1,1,1,1,1,0,0,0,0,1,1,1,1,1,1,180,140,20260720_t1327_srsSmooth_training_B002,80,60,12.9354427814484,1.63804602622986,1,1,144,1,0,0,1,1,1
20260720_t1327_srsSmooth_training,srs_smooth_training,trial0253.mat,253,253,180,2,139,80,108,88,20,8,1,2,8,2,105,6485,2,0,2,1,1,2,2,1,2,1,CHOSE_HIGH_SAL,1,455,1,0,2,0,1,0,155,30,155,30,125,30,1,180,199.5,7.5,19.5,172.5,-153,153,NaN,NaN,NaN,1784569297.99192,11863.07782204,1.87112784385681,0.0177810192108154,0.220802068710327,0.987281084060669,1.00115299224854,1.23672938346863,1.28555393218994,1.28555393218994,-1,-1,1.52941298484802,203.021049499512,235.576391220093,48.8245487213135,284.400939941406,Conflict,Left,Right,Right,Left,Right,0,1,0,1,1,1,0,0,1,0,1,1,0,0,0,1,1,0,1,181,141,20260720_t1327_srsSmooth_training_B002,81,61,12.9956956585248,1.64541745185852,1,1,157,1,1,0,0,1,1
20260720_t1327_srsSmooth_training,srs_smooth_training,trial0254.mat,254,254,181,2,140,81,108,88,20,8,1,2,7,2,86,20176,2,0,1,2,1,1,2,2,2,2,CHOSE_HIGH_SAL,1,455,1,0,2,0,1,0,148,41,148,41,107,41,1,180,188.5,12.5,8.5,167.5,-159,159,NaN,NaN,NaN,1784569301.51288,11866.59847044,1.89247846603394,0.0136256217956543,0.250058889389038,0.850276231765747,0.863659620285034,1.21713852882385,1.26666903495789,1.26666903495789,-1,-1,1.55596375465393,236.433267593384,353.478908538818,49.5305061340332,403.009414672852,Conflict,Right,Left,Left,Right,Left,0,1,0,1,1,0,0,0,1,1,1,1,0,1,1,0,1,0,1,182,142,20260720_t1327_srsSmooth_training_B002,82,62,13.0543783307076,1.64983248710632,2,1,30,1,0,1,1,0,1
20260720_t1327_srsSmooth_training,srs_smooth_training,trial0255.mat,255,255,182,2,141,82,108,88,20,8,1,1,5,2,30,29810,2,0,1,2,1,1,1,1,1,1,CHOSE_HIGH_SAL,1,455,1,0,5,0,1,0,138,54,138,54,84,138,1,180,14.5,186.5,165.5,6.5,159,159,NaN,NaN,NaN,1784569305.04276,11870.12827848,1.82794165611267,0.0172202587127686,0.253979444503784,0.778996467590332,0.792251110076904,1.02890133857727,1.07612180709839,1.07612180709839,-1,-1,1.36226892471313,236.759185791016,236.650228500366,47.2204685211182,283.870697021484,Congruent,Right,Left,Right,Right,Right,0,1,1,0,1,1,1,1,1,0,0,0,0,1,1,1,1,1,1,183,143,20260720_t1327_srsSmooth_training_B002,83,63,13.1132096370061,1.63739991188049,2,2,41,1,1,1,0,0,1
20260720_t1327_srsSmooth_training,srs_smooth_training,trial0256.mat,256,256,183,2,142,83,108,88,20,8,1,2,8,2,96,22008,2,0,2,1,1,2,2,1,2,1,CHOSE_HIGH_SAL,1,455,1,0,5,0,1,0,166,44,166,44,122,44,1,180,191,1.5,11,178.5,-167.5,167.5,NaN,NaN,NaN,1784569308.50947,11873.59495016,1.5125036239624,0.0173130035400391,0.0224387645721436,0.63749623298645,0.650671005249023,0.870704412460327,0.920794248580933,0.920794248580933,-1,-1,1.13682126998901,5.12576103210449,220.033407211304,50.0898361206055,270.123243331909,Conflict,Left,Right,Right,Left,Right,0,1,0,1,1,1,0,0,1,0,1,1,0,0,0,1,1,0,1,184,144,20260720_t1327_srsSmooth_training_B002,84,64,13.1709881424904,1.63876867294312,1,1,138,1,1,0,0,1,1
20260720_t1327_srsSmooth_training,srs_smooth_training,trial0257.mat,257,257,184,2,143,84,108,88,20,8,1,2,7,2,66,24188,2,0,1,2,1,1,2,2,2,2,CHOSE_HIGH_SAL,1,455,1,0,4,0,1,0,128,64,128,64,64,64,1,180,198,18.5,18,161.5,-143.5,143.5,NaN,NaN,NaN,1784569311.65876,11876.74428908,1.7716817855835,0.0181467533111572,0.0196688175201416,0.754864454269409,0.768175601959229,1.02161192893982,1.0603563785553,1.0603563785553,-1,-1,1.3768162727356,1.52206420898438,253.436326980591,38.7444496154785,292.180776596069,Conflict,Right,Left,Left,Right,Left,0,1,0,1,1,0,0,0,1,1,1,1,0,1,1,0,1,0,1,185,145,20260720_t1327_srsSmooth_training_B002,85,65,13.2234763145447,1.63678669929504,2,1,44,1,0,1,1,0,1
20260720_t1327_srsSmooth_training,srs_smooth_training,trial0258.mat,258,258,185,2,144,85,108,88,20,8,1,1,6,2,43,17925,2,0,2,1,1,2,1,2,1,2,CHOSE_HIGH_SAL,1,455,1,0,4,0,1,0,141,43,141,43,98,141,1,180,19,197,161,17,144,144,NaN,NaN,NaN,1784569315.09449,11880.17991352,1.7446973323822,0.015887975692749,0.0188634395599365,0.677429914474487,0.690913677215576,0.94434666633606,0.993746519088745,0.993746519088745,-1,-1,1.27417969703674,2.9754638671875,253.432989120483,49.3998527526855,302.832841873169,Congruent,Left,Right,Left,Left,Left,0,1,1,0,1,0,1,1,1,1,0,0,0,0,0,0,1,1,1,186,146,20260720_t1327_srsSmooth_training_B002,86,66,13.2807384252548,1.66404485702515,2,2,64,1,1,0,0,1,1
20260720_t1327_srsSmooth_training,srs_smooth_training,trial0259.mat,259,259,186,2,145,86,108,88,20,8,1,2,8,2,108,1336,2,0,2,1,1,2,2,1,2,1,CHOSE_HIGH_SAL,1,455,1,0,4,0,1,0,127,63,127,63,64,63,1,0,14,183.5,14,176.5,-162.5,162.5,NaN,NaN,NaN,1784569318.49323,11883.57853924,1.92115187644958,0.0172736644744873,0.179040670394897,0.895138740539551,0.908975839614868,1.24520993232727,1.29540181159973,1.29540181159973,-1,-1,1.54478406906128,161.76700592041,336.234092712402,50.1918792724609,386.425971984863,Conflict,Left,Right,Right,Left,Right,0,1,0,1,1,1,0,0,1,0,1,1,0,0,0,1,1,0,1,187,147,20260720_t1327_srsSmooth_training_B002,87,67,13.3373841961225,1.65404891967773,1,2,141,1,1,1,0,0,1
20260720_t1327_srsSmooth_training,srs_smooth_training,trial0260.mat,260,260,187,2,146,87,108,88,20,8,1,1,5,2,31,12256,2,0,1,2,1,1,1,1,1,1,CHOSE_HIGH_SAL,1,455,1,0,5,0,1,0,158,46,158,46,112,158,1,180,17.5,182.5,162.5,2.5,160,160,NaN,NaN,NaN,1784569322.05873,11887.14398836,1.9218316078186,0.018587589263916,0.280184507369995,0.788351774215698,0.801950693130493,1.02186870574951,1.06907916069031,1.06907916069031,-1,-1,1.32153463363647,261.596918106079,219.918012619019,47.2104549407959,267.128467559814,Congruent,Right,Left,Right,Right,Right,0,1,1,0,1,1,1,1,1,0,0,0,0,1,1,1,1,1,1,188,148,20260720_t1327_srsSmooth_training_B002,88,68,13.3968090812365,1.64434123039246,2,1,63,1,1,0,0,1,1
20260720_t1327_srsSmooth_training,srs_smooth_training,trial0261.mat,261,261,188,2,147,88,108,88,20,8,1,2,8,2,101,11554,2,0,2,1,1,2,2,1,2,1,CHOSE_HIGH_SAL,1,455,1,0,3,0,1,0,144,43,144,43,101,43,1,0,6,197,6,163,-157,157,NaN,NaN,NaN,1784569327.19438,11892.27969164,1.84660530090332,0.0164642333984375,0.194808483123779,0.833528518676758,0.849829912185669,1.0938127040863,1.14246797561646,1.14246797561646,-1,-1,1.40216279029846,178.344249725342,243.982791900635,48.6552715301514,292.638063430786,Conflict,Left,Right,Right,Left,Right,0,1,0,1,1,1,0,0,1,0,1,1,0,0,0,1,1,0,1,189,149,20260720_t1327_srsSmooth_training_B002,89,69,13.4824033379555,3.2138237953186,1,1,158,1,1,0,0,1,1
20260720_t1327_srsSmooth_training,srs_smooth_training,trial0262.mat,262,262,189,2,148,89,108,88,20,8,1,1,6,2,59,14182,2,0,2,1,1,2,1,2,0,0,,0,453,0,1,2,0,1,0,134,55,134,55,79,NaN,1,0,199,2,161,2,159,159,NaN,NaN,NaN,1784569329.85704,11894.94217356,1.75022840499878,0.0122380256652832,0.206907749176025,1.00753545761108,1.02061104774475,-1,-1,-1,-1,-1,-1,194.669723510742,NaN,NaN,NaN,Congruent,Left,Right,None,Left,Left,0,1,1,0,0,NaN,NaN,NaN,NaN,NaN,NaN,NaN,NaN,0,0,0,1,1,0,189,NaN,20260720_t1327_srsSmooth_training_B002,NaN,NaN,13.5267810583115,0.816057920455933,NaN,NaN,NaN,0,NaN,NaN,NaN,NaN,0
20260720_t1327_srsSmooth_training,srs_smooth_training,trial0263.mat,263,263,189,2,149,89,108,88,20,8,1,2,8,2,103,23044,2,0,2,1,1,2,2,1,2,1,CHOSE_HIGH_SAL,1,455,1,0,1,0,1,0,163,54,163,54,109,54,1,0,9.5,196,9.5,164,-154.5,154.5,NaN,NaN,NaN,1784569333.46149,11898.54670268,1.97313380241394,0.0162639617919922,0.284169912338257,1.02705907821655,1.04130387306213,1.27828860282898,1.32597947120667,1.32597947120667,-1,-1,1.61150360107422,267.905950546265,236.984729766846,47.6908683776855,284.675598144531,Conflict,Left,Right,Right,Left,Right,0,1,0,1,1,1,0,0,1,0,1,1,0,0,0,1,1,0,1,190,150,20260720_t1327_srsSmooth_training_B002,90,70,13.5868551890055,1.85421943664551,2,1,43,1,0,0,1,1,1
20260720_t1327_srsSmooth_training,srs_smooth_training,trial0264.mat,264,264,190,2,150,90,108,88,20,8,1,1,5,2,42,17707,2,0,1,2,1,1,1,1,1,1,CHOSE_HIGH_SAL,1,455,1,0,3,0,1,0,151,58,151,58,93,151,1,0,200,15,160,15,145,145,NaN,NaN,NaN,1784569337.02455,11902.10949236,2.13239479064941,0.0116724967956543,0.18936014175415,0.964731693267822,0.978377819061279,1.34777855873108,1.39810562133789,1.39810562133789,-1,-1,1.64766645431519,177.687644958496,369.4007396698,50.3270626068115,419.727802276611,Congruent,Right,Left,Right,Right,Right,0,1,1,0,1,1,1,1,1,0,0,0,0,1,1,1,1,1,1,191,151,20260720_t1327_srsSmooth_training_B002,91,71,13.6462395628293,1.58992862701416,2,1,54,1,1,0,0,1,1
20260720_t1327_srsSmooth_training,srs_smooth_training,trial0265.mat,265,265,191,2,151,91,108,88,20,8,1,1,5,2,34,14955,2,0,1,2,1,1,1,1,1,1,CHOSE_HIGH_SAL,1,455,1,0,6,0,1,0,142,71,142,71,71,142,1,180,5,183,175,3,172,172,NaN,NaN,NaN,1784569340.80589,11905.89088316,1.99346327781677,0.0138125419616699,0.225514650344849,0.967087507247925,0.980517625808716,1.23387598991394,1.28387808799744,1.28387808799744,-1,-1,1.52446126937866,211.702108383179,253.358364105225,50.0020980834961,303.360462188721,Congruent,Right,Left,Right,Right,Right,0,1,1,0,1,1,1,1,1,0,0,0,0,1,1,1,1,1,1,192,152,20260720_t1327_srsSmooth_training_B002,92,72,13.7092618981997,1.64894533157349,1,1,151,1,0,0,1,1,1
20260720_t1327_srsSmooth_training,srs_smooth_training,trial0266.mat,266,266,192,2,152,92,108,88,20,8,1,1,5,2,35,31710,2,0,1,2,1,1,1,1,1,1,CHOSE_HIGH_SAL,1,455,1,0,4,0,1,0,158,55,158,55,103,158,1,0,193.5,20,166.5,20,146.5,146.5,NaN,NaN,NaN,1784569344.4379,11909.5228896,1.93609547615051,0.0152857303619385,0.268664836883545,0.942994117736816,0.956990003585815,1.17640542984009,1.22657179832458,1.22657179832458,-1,-1,1.44835925102234,253.379106521606,219.415426254272,50.1663684844971,269.58179473877,Congruent,Right,Left,Right,Right,Right,0,1,1,0,1,1,1,1,1,0,0,0,0,1,1,1,1,1,1,193,153,20260720_t1327_srsSmooth_training_B002,93,73,13.7697952429454,1.63853740692139,1,1,142,1,0,0,1,1,1
20260720_t1327_srsSmooth_training,srs_smooth_training,trial0267.mat,267,267,193,2,153,93,108,88,20,8,1,2,8,2,100,2898,2,0,2,1,1,2,2,1,2,1,CHOSE_HIGH_SAL,1,455,1,0,5,0,1,0,134,58,134,58,76,58,1,180,195.5,11.5,15.5,168.5,-153,153,NaN,NaN,NaN,1784569348.01628,11913.1009866,1.99153280258179,0.0120382308959961,0.206738233566284,0.990403652191162,1.00374317169189,1.25716543197632,1.30689883232117,1.30689883232117,-1,-1,1.61484885215759,194.700002670288,253.422260284424,49.7334003448486,303.155660629272,Conflict,Left,Right,Right,Left,Right,0,1,0,1,1,1,0,0,1,0,1,1,0,0,0,1,1,0,1,194,154,20260720_t1327_srsSmooth_training_B002,94,74,13.8294350186984,1.64229106903076,1,1,158,1,1,0,0,1,1
20260720_t1327_srsSmooth_training,srs_smooth_training,trial0268.mat,268,268,194,2,154,94,108,88,20,8,1,1,6,2,62,12923,2,0,2,1,1,2,1,2,1,2,CHOSE_HIGH_SAL,1,455,1,0,5,0,1,0,148,86,148,86,62,148,1,180,6.5,190.5,173.5,10.5,163,163,NaN,NaN,NaN,1784569351.59521,11916.67991268,1.97845673561096,0.0165812969207764,0.310626745223999,0.903215646743774,0.916616201400757,1.1612331867218,1.20942878723145,1.20942878723145,-1,-1,1.50376677513123,294.045448303223,244.616985321045,48.1956005096436,292.812585830688,Congruent,Left,Right,Left,Left,Left,0,1,1,0,1,0,1,1,1,1,0,0,0,0,0,0,1,1,1,195,155,20260720_t1327_srsSmooth_training_B002,95,75,13.8890838384628,1.58739638328552,2,1,58,1,1,1,0,0,1
20260720_t1327_srsSmooth_training,srs_smooth_training,trial0269.mat,269,269,195,2,155,95,108,88,20,8,1,1,6,2,59,14182,2,0,2,1,1,2,1,2,1,2,CHOSE_HIGH_SAL,1,455,1,0,5,0,1,0,138,46,138,46,92,138,1,0,189.5,6,170.5,6,164.5,164.5,NaN,NaN,NaN,1784569355.21438,11920.29897832,1.90704488754272,0.0142202377319336,0.308937311172485,0.842041969299316,0.855919361114502,1.08422493934631,1.13385534286499,1.13385534286499,-1,-1,1.44104862213135,294.717073440552,228.305578231812,49.6304035186768,277.935981750488,Congruent,Left,Right,Left,Left,Left,0,1,1,0,1,0,1,1,1,1,0,0,0,0,0,0,1,1,1,196,156,20260720_t1327_srsSmooth_training_B002,96,76,13.9494033018748,1.64071106910706,1,2,148,1,0,0,1,1,1
20260720_t1327_srsSmooth_training,srs_smooth_training,trial0270.mat,270,270,196,2,156,96,108,88,20,8,1,2,7,2,83,4788,2,0,1,2,1,1,2,2,2,2,CHOSE_HIGH_SAL,1,455,1,0,4,0,1,0,146,73,146,73,73,73,1,180,196,14.5,16,165.5,-149.5,149.5,NaN,NaN,NaN,1784569358.77956,11923.86411564,1.84495568275452,0.015845775604248,0.194169282913208,0.894140958786011,0.907546758651733,1.15081024169922,1.19362878799438,1.19362878799438,-1,-1,1.45791912078857,178.32350730896,243.263483047485,42.818546295166,286.082029342651,Conflict,Right,Left,Left,Right,Left,0,1,0,1,1,0,0,0,1,1,1,1,0,1,1,0,1,0,1,197,157,20260720_t1327_srsSmooth_training_B002,97,77,14.0088229576747,1.65813446044922,1,2,138,1,1,0,0,1,1
20260720_t1327_srsSmooth_training,srs_smooth_training,trial0271.mat,271,271,197,2,157,97,108,88,20,8,1,1,5,2,37,25735,2,0,1,2,1,1,1,1,1,1,CHOSE_HIGH_SAL,1,455,1,0,3,0,1,0,129,19,129,19,110,129,1,180,17,198,163,18,145,145,NaN,NaN,NaN,1784569362.23886,11927.32340252,1.91856217384338,0.0150079727172852,0.201326370239258,0.916226148605347,0.931710004806519,1.11034607887268,1.15972495079041,1.15972495079041,-1,-1,1.45432424545288,186.318397521973,178.636074066162,49.3788719177246,228.014945983887,Congruent,Right,Left,Right,Right,Right,0,1,1,0,1,1,1,1,1,0,0,0,0,1,1,1,1,1,1,198,158,20260720_t1327_srsSmooth_training_B002,98,78,14.0664780537287,1.61435008049011,2,2,73,1,1,1,0,0,1
20260720_t1327_srsSmooth_training,srs_smooth_training,trial0272.mat,272,272,198,2,158,98,108,88,20,8,1,2,7,2,69,21098,2,0,1,2,1,1,2,2,2,2,CHOSE_HIGH_SAL,1,455,1,0,4,0,1,0,137,60,137,60,77,60,1,180,194,15.5,14,164.5,-150.5,150.5,NaN,NaN,NaN,1784569365.80039,11930.8848966,1.54106402397156,0.0119490623474121,0.0135641098022461,0.58179497718811,0.595306158065796,0.832168102264404,0.873247861862183,0.873247861862183,-1,-1,1.14610075950623,1.61504745483398,236.861944198608,41.0797595977783,277.941703796387,Conflict,Right,Left,Left,Right,Left,0,1,0,1,1,0,0,0,1,1,1,1,0,1,1,0,1,0,1,199,159,20260720_t1327_srsSmooth_training_B002,99,79,14.1258368730545,1.64296698570251,1,1,129,1,1,1,0,0,1
20260720_t1327_srsSmooth_training,srs_smooth_training,trial0273.mat,273,273,199,2,159,99,108,88,20,8,1,2,8,2,99,4868,2,0,2,1,1,2,2,1,2,1,CHOSE_HIGH_SAL,1,455,1,0,5,0,1,0,147,44,147,44,103,44,1,180,200,14.5,20,165.5,-145.5,145.5,NaN,NaN,NaN,1784569368.94619,11934.03057936,1.43678998947144,0.0162758827209473,0.0217211246490479,0.569705009460449,0.582963705062866,0.78343653678894,0.827863693237305,0.827863693237305,-1,-1,1.06381344795227,5.44524192810059,200.472831726074,44.4271564483643,244.899988174438,Conflict,Left,Right,Right,Left,Right,0,1,0,1,1,1,0,0,1,0,1,1,0,0,0,1,1,0,1,200,160,20260720_t1327_srsSmooth_training_B002,100,80,14.1782668113709,1.60473227500916,2,2,60,1,0,1,1,0,1
20260720_t1327_srsSmooth_training,srs_smooth_training,trial0274.mat,274,274,200,2,160,100,108,88,20,8,1,2,7,2,72,29446,2,0,1,2,1,1,2,2,2,2,CHOSE_HIGH_SAL,1,455,1,0,6,0,1,0,153,44,153,44,109,44,1,0,11,192,11,168,-157,157,NaN,NaN,NaN,1784569372.02569,11937.11003616,1.7063844203949,0.0118892192840576,0.156600713729858,0.798555374145508,0.811920404434204,1.02361440658569,1.07356381416321,1.07356381416321,-1,-1,1.32346415519714,144.711494445801,211.694002151489,49.9494075775146,261.643409729004,Conflict,Right,Left,Left,Right,Left,0,1,0,1,1,0,0,0,1,1,1,1,0,1,1,0,1,0,1,201,161,20260720_t1327_srsSmooth_training_B002,101,81,14.2295919020971,1.64271545410156,2,1,44,1,0,1,1,0,1
20260720_t1327_srsSmooth_training,srs_smooth_training,trial0275.mat,275,275,201,2,161,101,108,88,20,8,1,1,6,2,46,3875,2,0,2,1,1,2,1,2,1,2,CHOSE_HIGH_SAL,1,455,1,0,5,0,1,0,137,61,137,61,76,137,1,180,15.5,189,164.5,9,155.5,155.5,NaN,NaN,NaN,1784569375.31035,11940.39461588,1.81108355522156,0.0106964111328125,0.164347171783447,0.772231101989746,0.785727262496948,1.04734873771667,1.09529972076416,1.09529972076416,-1,-1,1.3357310295105,153.650760650635,261.621475219727,47.9509830474854,309.572458267212,Congruent,Left,Right,Left,Left,Left,0,1,1,0,1,0,1,1,1,1,0,0,0,0,0,0,1,1,1,202,162,20260720_t1327_srsSmooth_training_B002,102,82,14.2843361179034,1.57826852798462,2,2,44,1,1,0,0,1,1
20260720_t1327_srsSmooth_training,srs_smooth_training,trial0276.mat,276,276,202,2,162,102,108,88,20,8,1,2,7,2,77,31259,2,0,1,2,1,1,2,2,2,2,CHOSE_HIGH_SAL,1,455,1,0,3,0,1,0,155,50,155,50,105,50,1,0,5.5,199.5,5.5,160.5,-155,155,NaN,NaN,NaN,1784569378.72403,11943.80818172,1.87599420547485,0.013812780380249,0.241945743560791,0.950673818588257,0.963849544525146,1.22520041465759,1.27299189567566,1.27299189567566,-1,-1,1.52939200401306,228.132963180542,261.350870132446,47.7914810180664,309.142351150513,Conflict,Right,Left,Left,Right,Left,0,1,0,1,1,0,0,0,1,1,1,1,0,1,1,0,1,0,1,203,163,20260720_t1327_srsSmooth_training_B002,103,83,14.3412308454514,1.60260009765625,1,2,137,1,1,0,0,1,1
20260720_t1327_srsSmooth_training,srs_smooth_training,trial0278.mat,278,278,203,2,164,103,108,88,20,8,1,2,8,2,102,27874,2,0,2,1,1,2,2,1,2,1,CHOSE_HIGH_SAL,1,455,1,0,4,0,1,0,155,56,155,56,99,56,1,180,198,2.5,18,177.5,-159.5,159.5,NaN,NaN,NaN,1784569384.07983,11949.16382024,1.87872290611267,0.0165574550628662,0.125891923904419,0.867923974990845,0.883257627487183,1.1701922416687,1.21986365318298,1.21986365318298,-1,-1,1.50374841690063,109.334468841553,286.934614181519,49.6714115142822,336.606025695801,Conflict,Left,Right,Right,Left,Right,0,1,0,1,1,1,0,0,1,0,1,1,0,0,0,1,1,0,1,204,164,20260720_t1327_srsSmooth_training_B002,104,84,14.4304941296577,3.47980284690857,2,2,50,1,0,1,1,0,1
20260720_t1327_srsSmooth_training,srs_smooth_training,trial0279.mat,279,279,204,2,165,104,108,88,20,8,1,1,6,2,51,14177,2,0,2,1,1,2,1,2,1,2,CHOSE_HIGH_SAL,1,455,1,0,5,0,1,0,130,43,130,43,87,130,1,180,14,194.5,166,14.5,151.5,151.5,NaN,NaN,NaN,1784569387.60287,11952.686859,1.87265396118164,0.0186541080474854,0.153051853179932,0.830206394195557,0.843686103820801,1.09707236289978,1.13853526115417,1.13853526115417,-1,-1,1.41980695724487,134.397745132446,253.386259078979,41.4628982543945,294.849157333374,Congruent,Left,Right,Left,Left,Left,0,1,1,0,1,0,1,1,1,1,0,0,0,0,0,0,1,1,1,205,165,20260720_t1327_srsSmooth_training_B002,105,85,14.4892114679019,1.64431738853455,2,1,56,1,1,1,0,0,1
20260720_t1327_srsSmooth_training,srs_smooth_training,trial0280.mat,280,280,205,2,166,105,108,88,20,8,1,1,6,2,50,24851,2,0,2,1,1,2,1,2,1,2,CHOSE_HIGH_SAL,1,455,1,0,7,0,1,0,126,35,126,35,91,126,1,0,183.5,16.5,176.5,16.5,160,160,NaN,NaN,NaN,1784569391.09712,11956.18094976,1.82574033737183,0.0162029266357422,0.252425670623779,0.794326782226562,0.80790114402771,1.05224967002869,1.10279488563538,1.10279488563538,-1,-1,1.39872574806213,236.222743988037,244.348526000977,50.5452156066895,294.893741607666,Congruent,Left,Right,Left,Left,Left,0,1,1,0,1,0,1,1,1,1,0,0,0,0,0,0,1,1,1,206,166,20260720_t1327_srsSmooth_training_B002,106,86,14.5474490245183,1.62159943580627,1,2,130,1,0,0,1,1,1
20260720_t1327_srsSmooth_training,srs_smooth_training,trial0281.mat,281,281,206,2,167,106,108,88,20,8,1,2,8,2,92,10309,2,0,2,1,1,2,2,1,2,1,CHOSE_HIGH_SAL,1,455,1,0,3,0,1,0,157,56,157,56,101,56,1,180,189,10,9,170,-161,161,NaN,NaN,NaN,1784569394.52233,11959.6061478,1.83669710159302,0.0161278247833252,0.236044645309448,0.894242763519287,0.907829523086548,1.15276384353638,1.20248365402222,1.20248365402222,-1,-1,1.45092344284058,219.916820526123,244.934320449829,49.7198104858398,294.654130935669,Conflict,Left,Right,Right,Left,Right,0,1,0,1,1,1,0,0,1,0,1,1,0,0,0,1,1,0,1,207,167,20260720_t1327_srsSmooth_training_B002,107,87,14.6045358300209,1.59946799278259,1,2,126,1,1,1,0,0,1
20260720_t1327_srsSmooth_training,srs_smooth_training,trial0282.mat,282,282,207,2,168,107,108,88,20,8,1,1,6,2,45,24547,2,0,2,1,1,2,1,2,1,2,CHOSE_HIGH_SAL,1,455,1,0,6,0,1,0,141,37,141,37,104,141,1,0,182.5,2.5,177.5,2.5,175,175,NaN,NaN,NaN,1784569397.98928,11963.07294608,2.02597212791443,0.0159788131713867,0.310855388641357,1.00244355201721,1.01601815223694,1.22755122184753,1.27769136428833,1.27769136428833,-1,-1,1.54408097267151,294.876575469971,211.533069610596,50.1401424407959,261.673212051392,Congruent,Left,Right,Left,Left,Left,0,1,1,0,1,0,1,1,1,1,0,0,0,0,0,0,1,1,1,208,168,20260720_t1327_srsSmooth_training_B002,108,88,14.6623183409373,1.6302535533905,2,1,56,1,1,1,0,0,1
20260720_t1327_srsSmooth_training,srs_smooth_training,trial0283.mat,283,283,208,3,1,0,104,84,20,8,2,0,2,1,10,21984,1,1,2,1,2,1,1,2,1,2,SINGLE_T1_CORRECT,10,455,1,0,5,0,1,0,103,185,185,103,-82,103,1,0,190,7,170,7,163,163,NaN,NaN,NaN,1784569401.67344,11966.7571694,1.86102271080017,0.0152983665466309,0.268532037734985,0.810253620147705,0.823663473129272,1.06855940818787,1.10810375213623,1.10810375213623,-1,-1,1.42606377601624,253.233671188354,244.895935058594,39.5443439483643,284.440279006958,Instruction,Left,Right,Left,Right,Left,1,0,0,0,0,NaN,NaN,NaN,NaN,NaN,NaN,NaN,NaN,0,1,0,0,1,0,209,NaN,20260720_t1327_srsSmooth_training_B003,1,NaN,14.7237209677696,1.65818548202515,NaN,NaN,NaN,0,NaN,NaN,NaN,NaN,0
20260720_t1327_srsSmooth_training,srs_smooth_training,trial0284.mat,284,284,209,3,2,1,104,84,20,8,2,0,1,1,2,2947,1,1,1,2,2,2,1,1,0,0,,0,11,0,1,0,0,1,0,115,180,180,115,-65,NaN,1,180,2.5,195.5,177.5,15.5,162,162,NaN,NaN,NaN,1784569405.19248,11970.27602672,0.557001829147339,0.0130565166473389,0.272572040557861,-1,-1,-1,-1,-1,-1,-1,-1,259.515523910522,NaN,NaN,NaN,Instruction,Right,Left,None,Left,Right,1,0,0,0,0,NaN,NaN,NaN,NaN,NaN,NaN,NaN,NaN,1,0,1,0,1,0,209,NaN,20260720_t1327_srsSmooth_training_B003,NaN,NaN,14.7823717315992,1.65802311897278,NaN,NaN,NaN,0,NaN,NaN,NaN,NaN,0
20260720_t1327_srsSmooth_training,srs_smooth_training,trial0288.mat,288,288,209,3,6,1,104,84,20,8,2,0,2,1,6,25564,1,1,2,1,2,1,1,2,1,2,SINGLE_T1_CORRECT,10,455,1,0,4,0,1,0,85,193,193,85,-108,85,1,180,15.5,186,164.5,6,158.5,158.5,NaN,NaN,NaN,1784569412.74854,11977.83196756,1.71972274780273,0.0156300067901611,0.277179956436157,0.81048846244812,0.823994874954224,1.05222296714783,1.09193873405457,1.09193873405457,-1,-1,1.33215308189392,261.549949645996,228.228092193604,39.7157669067383,267.943859100342,Instruction,Left,Right,Left,Right,Left,1,0,0,0,0,NaN,NaN,NaN,NaN,NaN,NaN,NaN,NaN,0,1,0,0,1,0,210,NaN,20260720_t1327_srsSmooth_training_B003,2,NaN,14.9083059748014,6.99905276298523,NaN,NaN,NaN,0,NaN,NaN,NaN,NaN,0
20260720_t1327_srsSmooth_training,srs_smooth_training,trial0289.mat,289,289,210,3,7,2,104,84,20,8,2,0,1,1,3,11907,1,1,1,2,2,2,1,1,1,1,SINGLE_T1_CORRECT,10,455,1,0,4,0,1,0,81,144,144,81,-63,81,1,0,189.5,5,170.5,5,165.5,165.5,NaN,NaN,NaN,1784569416.08949,11981.17278248,1.71975088119507,0.0164759159088135,0.244899749755859,0.778473138809204,0.791505575180054,0.9783775806427,1.02814221382141,1.02814221382141,-1,-1,1.34181809425354,228.423833847046,186.872005462646,49.7646331787109,236.636638641357,Instruction,Right,Left,Right,Left,Right,1,0,0,0,0,NaN,NaN,NaN,NaN,NaN,NaN,NaN,NaN,1,0,1,0,1,0,211,NaN,20260720_t1327_srsSmooth_training_B003,3,NaN,14.963988494873,1.62122845649719,NaN,NaN,NaN,0,NaN,NaN,NaN,NaN,0
20260720_t1327_srsSmooth_training,srs_smooth_training,trial0310.mat,310,310,211,3,28,3,104,84,20,8,2,0,1,1,1,24033,1,1,1,2,2,2,1,1,0,0,,0,11,0,1,5,0,1,0,77,162,162,77,-85,NaN,1,0,198,10.5,162,10.5,151.5,151.5,NaN,NaN,NaN,1784569455.9742,12021.05674012,0.227779388427734,0.0166594982147217,0.144983053207397,-1,-1,-1,-1,-1,-1,-1,-1,128.323554992676,NaN,NaN,NaN,Instruction,Right,Left,None,Left,Right,1,0,0,0,0,NaN,NaN,NaN,NaN,NaN,NaN,NaN,NaN,1,0,1,0,1,0,211,NaN,20260720_t1327_srsSmooth_training_B003,NaN,NaN,15.6287336945534,38.1649610996246,NaN,NaN,NaN,0,NaN,NaN,NaN,NaN,0
20260720_t1327_srsSmooth_training,srs_smooth_training,trial0311.mat,311,311,211,3,29,3,104,84,20,8,2,0,3,1,11,1009,1,2,2,1,2,1,2,1,2,1,SINGLE_T2_CORRECT,11,455,1,0,4,0,1,0,105,166,166,105,-61,166,1,180,183,6.5,3,173.5,-170.5,170.5,NaN,NaN,NaN,1784569457.70612,12022.78870388,1.85255217552185,0.0181424617767334,0.221370935440063,0.862392663955688,0.876509428024292,1.08784055709839,1.1377432346344,1.1377432346344,-1,-1,1.38256669044495,203.22847366333,211.331129074097,49.9026775360107,261.233806610107,Instruction,Left,Right,Right,Right,Right,1,0,0,0,0,NaN,NaN,NaN,NaN,NaN,NaN,NaN,NaN,0,1,1,0,0,0,212,NaN,20260720_t1327_srsSmooth_training_B003,4,NaN,15.6575990001361,1.5041389465332,NaN,NaN,NaN,0,NaN,NaN,NaN,NaN,0
20260720_t1327_srsSmooth_training,srs_smooth_training,trial0312.mat,312,312,212,3,30,4,104,84,20,8,2,0,3,1,14,8695,1,2,2,1,2,1,2,1,2,1,SINGLE_T2_CORRECT,11,455,1,0,5,0,1,0,89,161,161,89,-72,161,1,0,4,186,4,174,-170,170,NaN,NaN,NaN,1784569461.19849,12026.28104368,1.89726233482361,0.0175809860229492,0.187355279922485,0.837401628494263,0.850946664810181,1.07929587364197,1.12940502166748,1.12940502166748,-1,-1,1.43347477912903,169.774293899536,228.349208831787,50.1091480255127,278.4583568573,Instruction,Left,Right,Right,Right,Right,1,0,0,0,0,NaN,NaN,NaN,NaN,NaN,NaN,NaN,NaN,0,1,1,0,0,0,213,NaN,20260720_t1327_srsSmooth_training_B003,5,NaN,15.7158050934474,1.63981342315674,NaN,NaN,NaN,0,NaN,NaN,NaN,NaN,0
20260720_t1327_srsSmooth_training,srs_smooth_training,trial0313.mat,313,313,213,3,31,5,104,84,20,8,2,0,4,1,18,7188,1,2,1,2,2,2,2,2,2,2,SINGLE_T2_CORRECT,11,455,1,0,2,0,1,0,100,165,165,100,-65,165,1,180,190.5,16.5,10.5,163.5,-153,153,NaN,NaN,NaN,1784569464.73443,12029.81672376,2.0442099571228,0.015108585357666,0.276452541351318,1.01858139038086,1.03181576728821,1.25822687149048,1.30833745002747,1.30833745002747,-1,-1,1.55030488967896,261.343955993652,226.411104202271,50.1105785369873,276.521682739258,Instruction,Right,Left,Left,Left,Left,1,0,0,0,0,NaN,NaN,NaN,NaN,NaN,NaN,NaN,NaN,1,0,0,0,0,0,214,NaN,20260720_t1327_srsSmooth_training_B003,6,NaN,15.7747374931971,1.63868165016174,NaN,NaN,NaN,0,NaN,NaN,NaN,NaN,0
20260720_t1327_srsSmooth_training,srs_smooth_training,trial0314.mat,314,314,214,3,32,6,104,84,20,8,2,0,3,1,13,32467,1,2,2,1,2,1,2,1,2,1,SINGLE_T2_CORRECT,11,455,1,0,7,0,1,0,70,189,189,70,-119,189,1,180,184.5,15.5,4.5,164.5,-160,160,NaN,NaN,NaN,1784569468.40311,12033.48532632,2.00020289421082,0.01324462890625,0.299800872802734,0.882778882980347,0.896612644195557,1.12494111061096,1.17465400695801,1.17465400695801,-1,-1,1.41144752502441,286.556243896484,228.328466415405,49.7128963470459,278.041362762451,Instruction,Left,Right,Right,Right,Right,1,0,0,0,0,NaN,NaN,NaN,NaN,NaN,NaN,NaN,NaN,0,1,1,0,0,0,215,NaN,20260720_t1327_srsSmooth_training_B003,7,NaN,15.8358820756276,1.6244649887085,NaN,NaN,NaN,0,NaN,NaN,NaN,NaN,0
20260720_t1327_srsSmooth_training,srs_smooth_training,trial0315.mat,315,315,215,3,33,7,104,84,20,8,2,0,4,1,20,11532,1,2,1,2,2,2,2,2,2,2,SINGLE_T2_CORRECT,11,455,1,0,5,0,1,0,92,183,183,92,-91,183,1,0,11,189.5,11,170.5,-159.5,159.5,NaN,NaN,NaN,1784569472.02192,12037.10421428,1.89700984954834,0.0195753574371338,0.297752380371094,0.856254577636719,0.869608402252197,1.08109998703003,1.1289496421814,1.1289496421814,-1,-1,1.41213345527649,278.17702293396,211.491584777832,47.8496551513672,259.341239929199,Instruction,Right,Left,Left,Left,Left,1,0,0,0,0,NaN,NaN,NaN,NaN,NaN,NaN,NaN,NaN,1,0,0,0,0,0,216,NaN,20260720_t1327_srsSmooth_training_B003,8,NaN,15.8961956143379,1.61860942840576,NaN,NaN,NaN,0,NaN,NaN,NaN,NaN,0
20260720_t1327_srsSmooth_training,srs_smooth_training,trial0316.mat,316,316,216,3,34,8,104,84,20,8,2,0,3,1,12,18281,1,2,2,1,2,1,2,1,2,1,SINGLE_T2_CORRECT,11,455,1,0,2,0,1,0,105,201,201,105,-96,201,1,180,186.5,13,6.5,167,-160.5,160.5,NaN,NaN,NaN,1784569475.53801,12040.62008844,1.84933686256409,0.0119493007659912,0.196319580078125,0.782142639160156,0.795313119888306,1.065181016922,1.11563110351562,1.11563110351562,-1,-1,1.34569454193115,184.370279312134,269.867897033691,50.4500865936279,320.317983627319,Instruction,Left,Right,Right,Right,Right,1,0,0,0,0,NaN,NaN,NaN,NaN,NaN,NaN,NaN,NaN,0,1,1,0,0,0,217,NaN,20260720_t1327_srsSmooth_training_B003,9,NaN,15.9547972361247,1.61908745765686,NaN,NaN,NaN,0,NaN,NaN,NaN,NaN,0
20260720_t1327_srsSmooth_training,srs_smooth_training,trial0318.mat,318,318,217,3,36,9,104,84,20,8,2,0,1,1,2,2947,1,1,1,2,2,2,1,1,1,1,SINGLE_T1_CORRECT,10,455,1,0,7,0,1,0,103,203,203,103,-100,103,1,180,16,182.5,164,2.5,161.5,161.5,NaN,NaN,NaN,1784569480.84828,12045.93032852,1.86425185203552,0.0185556411743164,0.205435752868652,0.855338573455811,0.868589639663696,1.09693789482117,1.1467297077179,1.1467297077179,-1,-1,1.42677330970764,186.880111694336,228.348255157471,49.7918128967285,278.140068054199,Instruction,Right,Left,Right,Left,Right,1,0,0,0,0,NaN,NaN,NaN,NaN,NaN,NaN,NaN,NaN,1,0,1,0,1,0,218,NaN,20260720_t1327_srsSmooth_training_B003,10,NaN,16.0433017293612,3.46093273162842,NaN,NaN,NaN,0,NaN,NaN,NaN,NaN,0
20260720_t1327_srsSmooth_training,srs_smooth_training,trial0319.mat,319,319,218,3,37,10,104,84,20,8,2,0,4,1,17,21686,1,2,1,2,2,2,2,2,2,2,SINGLE_T2_CORRECT,11,455,1,0,4,0,1,0,67,192,192,67,-125,192,1,180,196,9,16,171,-155,155,NaN,NaN,NaN,1784569484.31738,12049.39932276,1.9282169342041,0.0162644386291504,0.202962636947632,0.819654703140259,0.832963466644287,1.07765769958496,1.12595772743225,1.12595772743225,-1,-1,1.43423867225647,186.698198318481,244.694232940674,48.30002784729,292.994260787964,Instruction,Right,Left,Left,Left,Left,1,0,0,0,0,NaN,NaN,NaN,NaN,NaN,NaN,NaN,NaN,1,0,0,0,0,0,219,NaN,20260720_t1327_srsSmooth_training_B003,11,NaN,16.101119963328,1.60484218597412,NaN,NaN,NaN,0,NaN,NaN,NaN,NaN,0
20260720_t1327_srsSmooth_training,srs_smooth_training,trial0320.mat,320,320,219,3,38,11,104,84,20,8,2,0,2,1,7,18199,1,1,2,1,2,1,1,2,1,2,SINGLE_T1_CORRECT,10,455,1,0,5,0,1,0,102,188,188,102,-86,102,1,0,195,4,165,4,161,161,NaN,NaN,NaN,1784569487.88429,12052.96616656,1.97859835624695,0.0161590576171875,0.219708681106567,1.01968622207642,1.03286600112915,1.27794218063354,1.32557940483093,1.32557940483093,-1,-1,1.56739735603333,203.54962348938,245.076179504395,47.6372241973877,292.713403701782,Instruction,Left,Right,Left,Right,Left,1,0,0,0,0,NaN,NaN,NaN,NaN,NaN,NaN,NaN,NaN,0,1,0,0,1,0,220,NaN,20260720_t1327_srsSmooth_training_B003,12,NaN,16.1605685194333,1.63869643211365,NaN,NaN,NaN,0,NaN,NaN,NaN,NaN,0
20260720_t1327_srsSmooth_training,srs_smooth_training,trial0321.mat,321,321,220,3,39,12,104,84,20,8,2,0,3,1,15,10771,1,2,2,1,2,1,2,1,2,1,SINGLE_T2_CORRECT,11,455,1,0,4,0,1,0,95,174,174,95,-79,174,1,180,198,12.5,18,167.5,-149.5,149.5,NaN,NaN,NaN,1784569491.47943,12056.56124172,2.08387446403503,0.0128328800201416,0.266463994979858,0.999637365341187,1.01287269592285,1.28916692733765,1.3392448425293,1.3392448425293,-1,-1,1.58133459091187,253.631114959717,276.294231414795,50.0779151916504,326.372146606445,Instruction,Left,Right,Right,Right,Right,1,0,0,0,0,NaN,NaN,NaN,NaN,NaN,NaN,NaN,NaN,0,1,1,0,0,0,221,NaN,20260720_t1327_srsSmooth_training_B003,13,NaN,16.2204874277115,1.61653614044189,NaN,NaN,NaN,0,NaN,NaN,NaN,NaN,0
20260720_t1327_srsSmooth_training,srs_smooth_training,trial0322.mat,322,322,221,3,40,13,104,84,20,8,2,0,2,1,9,2968,1,1,2,1,2,1,1,2,1,2,SINGLE_T1_CORRECT,10,455,1,0,7,0,1,0,119,190,190,119,-71,119,1,0,198,19.5,162,19.5,142.5,142.5,NaN,NaN,NaN,1784569495.16937,12060.25111004,1.88565540313721,0.0146996974945068,0.30153226852417,0.834189176559448,0.848065376281738,1.10126304626465,1.1489531993866,1.1489531993866,-1,-1,1.42373514175415,286.832571029663,253.19766998291,47.6901531219482,300.887823104858,Instruction,Left,Right,Left,Right,Left,1,0,0,0,0,NaN,NaN,NaN,NaN,NaN,NaN,NaN,NaN,0,1,0,0,1,0,222,NaN,20260720_t1327_srsSmooth_training_B003,14,NaN,16.2819865345955,1.60607194900513,NaN,NaN,NaN,0,NaN,NaN,NaN,NaN,0
20260720_t1327_srsSmooth_training,srs_smooth_training,trial0323.mat,323,323,222,3,41,14,104,84,20,8,2,0,1,1,1,24033,1,1,1,2,2,2,1,1,1,1,SINGLE_T1_CORRECT,10,455,1,0,6,0,1,0,81,211,211,81,-130,81,1,180,1.5,193,178.5,13,165.5,165.5,NaN,NaN,NaN,1784569498.68896,12063.77071888,1.78709030151367,0.0202488899230957,0.240134716033936,0.807123422622681,0.820279598236084,1.07368445396423,1.12153005599976,1.12153005599976,-1,-1,1.36530613899231,219.88582611084,253.404855728149,47.8456020355225,301.250457763672,Instruction,Right,Left,Right,Left,Right,1,0,0,0,0,NaN,NaN,NaN,NaN,NaN,NaN,NaN,NaN,1,0,1,0,1,0,223,NaN,20260720_t1327_srsSmooth_training_B003,15,NaN,16.3406463623047,1.63393425941467,NaN,NaN,NaN,0,NaN,NaN,NaN,NaN,0
20260720_t1327_srsSmooth_training,srs_smooth_training,trial0325.mat,325,325,223,3,43,15,104,84,20,8,2,0,1,1,4,13917,1,1,1,2,2,2,1,1,1,1,SINGLE_T1_CORRECT,10,455,1,0,3,0,1,0,75,176,176,75,-101,75,1,180,18,196,162,16,146,146,NaN,NaN,NaN,1784569503.92861,12069.01026344,1.83430218696594,0.0141377449035645,0.217362642288208,0.856972694396973,0.872504949569702,1.1006932258606,1.15084624290466,1.15084624290466,-1,-1,1.45895051956177,203.224897384644,228.188276290894,50.1530170440674,278.341293334961,Instruction,Right,Left,Right,Left,Right,1,0,0,0,0,NaN,NaN,NaN,NaN,NaN,NaN,NaN,NaN,1,0,1,0,1,0,224,NaN,20260720_t1327_srsSmooth_training_B003,16,NaN,16.42797387441,3.45256042480469,NaN,NaN,NaN,0,NaN,NaN,NaN,NaN,0
20260720_t1327_srsSmooth_training,srs_smooth_training,trial0326.mat,326,326,224,3,44,16,104,84,20,8,2,0,4,1,19,18628,1,2,1,2,2,2,2,2,2,2,SINGLE_T2_CORRECT,11,455,1,0,6,0,1,0,74,168,168,74,-94,168,1,180,182,12,2,168,-166,166,NaN,NaN,NaN,1784569507.38899,12072.4704932,2.04200863838196,0.0122320652008057,0.240353345870972,0.873930931091309,0.887265682220459,1.17383003234863,1.22386980056763,1.22386980056763,-1,-1,1.53475499153137,228.121280670166,286.564350128174,50.0397682189941,336.604118347168,Instruction,Right,Left,Left,Left,Left,1,0,0,0,0,NaN,NaN,NaN,NaN,NaN,NaN,NaN,NaN,1,0,0,0,0,0,225,NaN,20260720_t1327_srsSmooth_training_B003,17,NaN,16.4856468081474,1.62607383728027,NaN,NaN,NaN,0,NaN,NaN,NaN,NaN,0
20260720_t1327_srsSmooth_training,srs_smooth_training,trial0327.mat,327,327,225,3,45,17,104,84,20,8,2,0,1,1,5,32301,1,1,1,2,2,2,1,1,1,1,SINGLE_T1_CORRECT,10,455,1,0,7,0,1,0,87,168,168,87,-81,87,1,0,195,6,165,6,159,159,NaN,NaN,NaN,1784569511.07123,12076.1526404,1.96768617630005,0.01346755027771,0.183618307113647,0.933097839355469,0.946838855743408,1.18342542648315,1.23329377174377,1.23329377174377,-1,-1,1.53655886650085,170.150756835938,236.586570739746,49.8683452606201,286.454916000366,Instruction,Right,Left,Right,Left,Right,1,0,0,0,0,NaN,NaN,NaN,NaN,NaN,NaN,NaN,NaN,1,0,1,0,1,0,226,NaN,20260720_t1327_srsSmooth_training_B003,18,NaN,16.547017510732,1.64023351669312,NaN,NaN,NaN,0,NaN,NaN,NaN,NaN,0
20260720_t1327_srsSmooth_training,srs_smooth_training,trial0328.mat,328,328,226,3,46,18,104,84,20,8,2,0,2,1,8,20734,1,1,2,1,2,1,1,2,1,2,SINGLE_T1_CORRECT,10,455,1,0,4,0,1,0,95,177,177,95,-82,95,1,180,4,195,176,15,161,161,NaN,NaN,NaN,1784569514.64434,12079.72569576,1.9038827419281,0.0155019760131836,0.168912172317505,0.885560750961304,0.898869752883911,1.14379525184631,1.19381475448608,1.19381475448608,-1,-1,1.47429895401001,153.410196304321,244.925498962402,50.0195026397705,294.945001602173,Instruction,Left,Right,Left,Right,Left,1,0,0,0,0,NaN,NaN,NaN,NaN,NaN,NaN,NaN,NaN,0,1,0,0,1,0,227,NaN,20260720_t1327_srsSmooth_training_B003,19,NaN,16.6065693100293,1.60542178153992,NaN,NaN,NaN,0,NaN,NaN,NaN,NaN,0
20260720_t1327_srsSmooth_training,srs_smooth_training,trial0329.mat,329,329,227,3,47,19,104,84,20,8,2,0,4,1,16,32716,1,2,1,2,2,2,2,2,2,2,SINGLE_T2_CORRECT,11,455,1,0,4,0,1,0,80,183,183,80,-103,183,1,0,11.5,197.5,11.5,162.5,-151,151,NaN,NaN,NaN,1784569518.12419,12083.20552256,1.84062361717224,0.0107841491699219,0.247533082962036,0.76433539390564,0.777482032775879,1.03097176551819,1.07993268966675,1.07993268966675,-1,-1,1.3115701675415,236.748933792114,253.48973274231,48.9609241485596,302.450656890869,Instruction,Right,Left,Left,Left,Left,1,0,0,0,0,NaN,NaN,NaN,NaN,NaN,NaN,NaN,NaN,1,0,0,0,0,0,228,NaN,20260720_t1327_srsSmooth_training_B003,20,NaN,16.6645668903987,1.57597208023071,NaN,NaN,NaN,0,NaN,NaN,NaN,NaN,0
20260720_t1327_srsSmooth_training,srs_smooth_training,trial0330.mat,330,330,228,3,48,20,104,84,20,8,2,2,7,2,67,20465,2,0,1,2,2,2,1,1,1,1,CHOSE_HIGH_SAL,1,455,1,0,7,0,1,0,88,179,179,88,-91,88,1,180,20,187,160,7,153,153,NaN,NaN,NaN,1784569521.57654,12086.65779484,1.72606325149536,0.0169084072113037,0.245388031005859,0.770120859146118,0.783605098724365,0.994959831237793,1.04305052757263,1.04305052757263,-1,-1,1.30176520347595,228.479623794556,211.354732513428,48.0906963348389,259.445428848267,Conflict,Right,Left,Right,Left,Right,0,1,0,1,1,1,1,0,1,0,0,1,0,1,0,1,0,1,1,229,169,20260720_t1327_srsSmooth_training_B003,21,1,16.7221060037613,1.61172318458557,1,2,141,0,0,1,1,0,1
20260720_t1327_srsSmooth_training,srs_smooth_training,trial0331.mat,331,331,229,3,49,21,104,84,20,8,2,2,7,2,78,23093,2,0,1,2,2,2,1,1,0,0,,0,454,0,1,2,0,1,0,115,158,158,115,-43,NaN,1,180,15.5,191.5,164.5,11.5,153,153,NaN,NaN,NaN,1784569524.94818,12090.02927196,1.19877862930298,0.012068510055542,0.23202919960022,0.840496778488159,0.853768348693848,1.11488318443298,-1,-1,-1,-1,-1,219.960689544678,261.114835739136,NaN,NaN,Conflict,Right,Left,None,Left,Right,0,1,0,1,0,NaN,NaN,NaN,NaN,NaN,NaN,NaN,NaN,1,0,1,0,1,0,229,NaN,20260720_t1327_srsSmooth_training_B003,NaN,NaN,16.7782999992371,1.64557647705078,NaN,NaN,NaN,0,NaN,NaN,NaN,NaN,0
20260720_t1327_srsSmooth_training,srs_smooth_training,trial0332.mat,332,332,229,3,50,21,104,84,20,8,2,2,7,2,72,5515,2,0,1,2,2,2,1,1,0,0,,0,453,0,1,3,0,1,0,74,210,210,74,-136,NaN,1,0,185.5,0.5,174.5,0.5,174,174,NaN,NaN,NaN,1784569527.6195,12092.70059144,1.51964044570923,0.0158557891845703,0.260621070861816,1.00239944458008,1.01589488983154,-1,-1,-1,-1,-1,-1,244.765281677246,NaN,NaN,NaN,Conflict,Right,Left,None,Left,Right,0,1,0,1,0,NaN,NaN,NaN,NaN,NaN,NaN,NaN,NaN,1,0,1,0,1,0,229,NaN,20260720_t1327_srsSmooth_training_B003,NaN,NaN,16.822821978728,1.47254014015198,NaN,NaN,NaN,0,NaN,NaN,NaN,NaN,0
20260720_t1327_srsSmooth_training,srs_smooth_training,trial0333.mat,333,333,229,3,51,21,104,84,20,8,2,1,5,2,29,1138,2,0,1,2,2,2,2,2,1,1,CHOSE_LOW_SAL,2,455,1,0,3,0,1,0,99,179,179,99,-80,99,1,180,189.5,1.5,9.5,178.5,-169,169,NaN,NaN,NaN,1784569530.5811,12095.66211224,2.67785739898682,0.0127010345458984,0.240734100341797,1.03854513168335,1.05440878868103,1.26352071762085,1.30510544776917,1.30510544776917,-1,-1,1.55009078979492,228.033065795898,209.111928939819,41.5847301483154,250.696659088135,Congruent,Right,Left,Right,Left,Left,0,1,1,0,1,1,1,0,0,0,0,1,1,1,0,0,0,0,1,230,170,20260720_t1327_srsSmooth_training_B003,22,2,16.872182059288,1.44196438789368,1,1,88,1,0,0,1,1,1
20260720_t1327_srsSmooth_training,srs_smooth_training,trial0334.mat,334,334,230,3,52,22,104,84,20,8,2,2,7,2,83,13415,2,0,1,2,2,2,1,1,1,1,CHOSE_HIGH_SAL,1,455,1,0,3,0,1,0,94,201,201,94,-107,94,1,180,12.5,183,167.5,3,164.5,164.5,NaN,NaN,NaN,1784569535.19368,12100.27467012,1.80404138565063,0.0169703960418701,0.144731760025024,0.684053182601929,0.700330495834351,0.894990205764771,0.945307016372681,0.945307016372681,-1,-1,1.16944909095764,127.761363983154,194.65970993042,50.3168106079102,244.97652053833,Conflict,Right,Left,Right,Left,Right,0,1,0,1,1,1,1,0,1,0,0,1,0,1,0,1,0,1,1,231,171,20260720_t1327_srsSmooth_training_B003,23,3,16.9490584015846,1.9347231388092,1,1,99,1,0,0,1,1,1
20260720_t1327_srsSmooth_training,srs_smooth_training,trial0338.mat,338,338,231,3,56,23,104,84,20,8,2,1,5,2,22,29582,2,0,1,2,2,2,2,2,2,2,CHOSE_HIGH_SAL,1,455,1,0,3,0,1,0,86,209,209,86,-123,209,1,0,4,192,4,168,-164,164,NaN,NaN,NaN,1784569544.08913,12109.16992224,1.91775321960449,0.0135471820831299,0.291648626327515,0.88335394859314,0.896916151046753,1.12456250190735,1.16690182685852,1.16690182685852,-1,-1,1.40511107444763,278.101444244385,227.646350860596,42.3393249511719,269.985675811768,Congruent,Right,Left,Left,Left,Left,0,1,1,0,1,0,0,1,1,1,1,0,0,1,0,0,0,0,1,232,172,20260720_t1327_srsSmooth_training_B003,24,4,17.0973157684008,7.09140062332153,1,1,94,1,1,1,0,0,1
20260720_t1327_srsSmooth_training,srs_smooth_training,trial0339.mat,339,339,232,3,57,24,104,84,20,8,2,1,5,2,28,30734,2,0,1,2,2,2,2,2,2,2,CHOSE_HIGH_SAL,1,455,1,0,3,0,1,0,66,177,177,66,-111,177,1,180,192,11.5,12,168.5,-156.5,156.5,NaN,NaN,NaN,1784569547.63454,12112.71531684,2.22534847259521,0.0182738304138184,0.252144813537598,0.971114158630371,0.984978675842285,1.22973942756653,1.27986478805542,1.27986478805542,-1,-1,1.53532695770264,233.870983123779,244.760751724243,50.1253604888916,294.886112213135,Congruent,Right,Left,Left,Left,Left,0,1,1,0,1,0,0,1,1,1,1,0,0,1,0,0,0,0,1,233,173,20260720_t1327_srsSmooth_training_B003,25,5,17.1564060091972,1.62766122817993,2,2,209,1,0,0,1,1,1
20260720_t1327_srsSmooth_training,srs_smooth_training,trial0340.mat,340,340,233,3,58,25,104,84,20,8,2,2,7,2,68,20503,2,0,1,2,2,2,1,1,1,1,CHOSE_HIGH_SAL,1,455,1,0,6,0,1,0,92,198,198,92,-106,92,1,180,16,191.5,164,11.5,152.5,152.5,NaN,NaN,NaN,1784569551.50302,12116.58360892,2.11307311058044,0.0166115760803223,0.311807870864868,1.10272574424744,1.11665558815002,1.32797026634216,1.37814784049988,1.37814784049988,-1,-1,1.68587875366211,295.196294784546,211.314678192139,50.1775741577148,261.492252349854,Conflict,Right,Left,Right,Left,Right,0,1,0,1,1,1,1,0,1,0,0,1,0,1,0,1,0,1,1,234,174,20260720_t1327_srsSmooth_training_B003,26,6,17.2208806951841,1.64313268661499,2,2,177,1,1,1,0,0,1
20260720_t1327_srsSmooth_training,srs_smooth_training,trial0341.mat,341,341,234,3,59,26,104,84,20,8,2,2,7,2,72,5515,2,0,1,2,2,2,1,1,1,1,CHOSE_HIGH_SAL,1,455,1,0,3,0,1,0,84,188,188,84,-104,84,1,0,185.5,3.5,174.5,3.5,171,171,NaN,NaN,NaN,1784569555.23974,12120.32017668,1.65036845207214,0.013371467590332,0.0833683013916016,0.690632343292236,0.705065727233887,0.991674184799194,1.04168748855591,1.04168748855591,-1,-1,1.27045273780823,69.9968338012695,286.608457565308,50.0133037567139,336.621761322021,Conflict,Right,Left,Right,Left,Right,0,1,0,1,1,1,1,0,1,0,0,1,0,1,0,1,0,1,1,235,175,20260720_t1327_srsSmooth_training_B003,27,7,17.2831593791644,1.62364792823792,1,1,92,1,0,0,1,1,1
20260720_t1327_srsSmooth_training,srs_smooth_training,trial0342.mat,342,342,235,3,60,27,104,84,20,8,2,2,7,2,69,9579,2,0,1,2,2,2,1,1,1,1,CHOSE_HIGH_SAL,1,455,1,0,5,0,1,0,90,182,182,90,-92,90,1,0,187.5,2.5,172.5,2.5,170,170,NaN,NaN,NaN,1784569558.5155,12123.59588068,1.82489228248596,0.0127496719360352,0.207209825515747,0.866246223449707,0.879449367523193,1.14116024971008,1.19111680984497,1.19111680984497,-1,-1,1.43677830696106,194.460153579712,261.71088218689,49.9565601348877,311.667442321777,Conflict,Right,Left,Right,Left,Right,0,1,0,1,1,1,1,0,1,0,0,1,0,1,0,1,0,1,1,236,176,20260720_t1327_srsSmooth_training_B003,28,8,17.3377552469571,1.62538361549377,1,1,84,1,0,0,1,1,1
20260720_t1327_srsSmooth_training,srs_smooth_training,trial0343.mat,343,343,236,3,61,28,104,84,20,8,2,1,5,2,37,29926,2,0,1,2,2,2,2,2,2,2,CHOSE_HIGH_SAL,1,455,1,0,4,0,1,0,74,189,189,74,-115,189,1,180,183.5,18.5,3.5,161.5,-158,158,NaN,NaN,NaN,1784569561.95963,12127.04005644,2.00656628608704,0.0187528133392334,0.305074691772461,0.938354253768921,0.952123165130615,1.18905878067017,1.23679947853088,1.23679947853088,-1,-1,1.52001333236694,286.321878433228,236.935615539551,47.7406978607178,284.676313400269,Congruent,Right,Left,Left,Left,Left,0,1,1,0,1,0,0,1,1,1,1,0,0,1,0,0,0,0,1,237,177,20260720_t1327_srsSmooth_training_B003,29,9,17.3951574405034,1.61923933029175,1,1,90,1,1,1,0,0,1
20260720_t1327_srsSmooth_training,srs_smooth_training,trial0344.mat,344,344,237,3,62,29,104,84,20,8,2,2,8,2,103,16770,2,0,2,1,2,1,1,2,1,2,CHOSE_HIGH_SAL,1,455,1,0,5,0,1,0,84,186,186,84,-102,84,1,180,9.5,190,170.5,10,160.5,160.5,NaN,NaN,NaN,1784569565.59335,12130.67364868,1.98118042945862,0.0185039043426514,0.221683979034424,0.988568782806396,1.00187683105469,1.23885011672974,1.28872394561768,1.28872394561768,-1,-1,1.59855079650879,203.180074691772,236.973285675049,49.8738288879395,286.847114562988,Conflict,Left,Right,Left,Right,Left,0,1,0,1,1,0,1,0,1,1,0,1,0,0,1,0,0,1,1,238,178,20260720_t1327_srsSmooth_training_B003,30,10,17.4557195226351,1.62715864181519,2,2,189,1,1,0,0,1,1
20260720_t1327_srsSmooth_training,srs_smooth_training,trial0346.mat,346,346,238,3,64,30,104,84,20,8,2,1,6,2,48,901,2,0,2,1,2,1,2,1,2,1,CHOSE_HIGH_SAL,1,455,1,0,4,0,1,0,85,179,179,85,-94,179,1,180,196.5,1,16.5,179,-162.5,162.5,NaN,NaN,NaN,1784569571.02279,12136.10307332,1.9272632598877,0.0142810344696045,0.1593337059021,0.817838668823242,0.830980062484741,1.11544418334961,1.15695810317993,1.15695810317993,-1,-1,1.45119571685791,145.052671432495,284.464120864868,41.5139198303223,325.97804069519,Congruent,Left,Right,Right,Right,Right,0,1,1,0,1,1,0,1,1,0,1,0,0,0,1,1,0,0,1,239,179,20260720_t1327_srsSmooth_training_B003,31,11,17.5462101221085,3.44825553894043,1,2,84,1,1,1,0,0,1
20260720_t1327_srsSmooth_training,srs_smooth_training,trial0347.mat,347,347,239,3,65,31,104,84,20,8,2,1,5,2,40,29165,2,0,1,2,2,2,2,2,2,2,CHOSE_HIGH_SAL,1,455,1,0,4,0,1,0,73,186,186,73,-113,186,1,0,10.5,188.5,10.5,171.5,-161,161,NaN,NaN,NaN,1784569574.58428,12139.66443756,1.87400674819946,0.0195927619934082,0.253978252410889,0.773077964782715,0.786289691925049,1.03136277198792,1.08138418197632,1.08138418197632,-1,-1,1.3546130657196,234.38549041748,245.073080062866,50.0214099884033,295.09449005127,Congruent,Right,Left,Left,Left,Left,0,1,1,0,1,0,0,1,1,1,1,0,0,1,0,0,0,0,1,240,180,20260720_t1327_srsSmooth_training_B003,32,12,17.6055683612823,1.63423109054565,2,1,179,1,0,1,1,0,1
20260720_t1327_srsSmooth_training,srs_smooth_training,trial0348.mat,348,348,240,3,66,32,104,84,20,8,2,1,5,2,34,31818,2,0,1,2,2,2,2,2,2,2,CHOSE_HIGH_SAL,1,455,1,0,4,0,1,0,88,171,171,88,-83,171,1,0,8,191.5,8,168.5,-160.5,160.5,NaN,NaN,NaN,1784569578.07203,12143.15210884,1.90270185470581,0.0153131484985352,0.202102422714233,0.902189970016479,0.915349006652832,1.13560080528259,1.18286323547363,1.18286323547363,-1,-1,1.43423676490784,186.789274215698,220.251798629761,47.26243019104,267.514228820801,Congruent,Right,Left,Left,Left,Left,0,1,1,0,1,0,0,1,1,1,1,0,0,1,0,0,0,0,1,241,181,20260720_t1327_srsSmooth_training_B003,33,13,17.6636975049973,1.61374187469482,2,2,186,1,0,0,1,1,1
20260720_t1327_srsSmooth_training,srs_smooth_training,trial0350.mat,350,350,241,3,68,33,104,84,20,8,2,1,6,2,45,26624,2,0,2,1,2,1,2,1,2,1,CHOSE_HIGH_SAL,1,455,1,0,5,0,1,0,99,161,161,99,-62,161,1,0,10.5,185.5,10.5,174.5,-164,164,NaN,NaN,NaN,1784569583.41199,12148.49200464,1.9380669593811,0.0172245502471924,0.261588335037231,0.887280464172363,0.900592565536499,1.13743138313293,1.18708682060242,1.18708682060242,-1,-1,1.44589972496033,244.363784790039,236.838817596436,49.6554374694824,286.494255065918,Congruent,Left,Right,Right,Right,Right,0,1,1,0,1,1,0,1,1,0,1,0,0,0,1,1,0,0,1,242,182,20260720_t1327_srsSmooth_training_B003,34,14,17.7526968955994,3.4372615814209,2,2,171,1,0,1,1,0,1
20260720_t1327_srsSmooth_training,srs_smooth_training,trial0351.mat,351,351,242,3,69,34,104,84,20,8,2,1,5,2,25,4499,2,0,1,2,2,2,2,2,2,2,CHOSE_HIGH_SAL,1,455,1,0,6,0,1,0,75,199,199,75,-124,199,1,180,191.5,12,11.5,168,-156.5,156.5,NaN,NaN,NaN,1784569586.97962,12152.05944564,1.90153980255127,0.0164051055908203,0.244940280914307,0.853243350982666,0.866442203521729,1.1281042098999,1.1701123714447,1.1701123714447,-1,-1,1.39939522743225,228.535175323486,261.662006378174,42.0081615447998,303.670167922974,Congruent,Right,Left,Left,Left,Left,0,1,1,0,1,0,0,1,1,1,1,0,0,1,0,0,0,0,1,243,183,20260720_t1327_srsSmooth_training_B003,35,15,17.8121573050817,1.62955760955811,2,1,161,1,0,1,1,0,1
20260720_t1327_srsSmooth_training,srs_smooth_training,trial0352.mat,352,352,243,3,70,35,104,84,20,8,2,1,6,2,43,29893,2,0,2,1,2,1,2,1,2,1,CHOSE_HIGH_SAL,1,455,1,0,6,0,1,0,73,178,178,73,-105,178,1,0,4,198.5,4,161.5,-157.5,157.5,NaN,NaN,NaN,1784569590.51572,12155.59566404,2.00138688087463,0.0137758255004883,0.283925533294678,1.01733660697937,1.03048205375671,1.24191808700562,1.29220581054688,1.29220581054688,-1,-1,1.51405739784241,270.149707794189,211.436033248901,50.2877235412598,261.723756790161,Congruent,Left,Right,Right,Right,Right,0,1,1,0,1,1,0,1,1,0,1,0,0,0,1,1,0,0,1,244,184,20260720_t1327_srsSmooth_training_B003,36,16,17.8710923075676,1.63456034660339,2,2,199,1,0,1,1,0,1
20260720_t1327_srsSmooth_training,srs_smooth_training,trial0354.mat,354,354,244,3,72,36,104,84,20,8,2,1,6,2,44,25917,2,0,2,1,2,1,2,1,2,1,CHOSE_HIGH_SAL,1,455,1,0,5,0,1,0,103,196,196,103,-93,196,1,180,190,8,10,172,-162,162,NaN,NaN,NaN,1784569595.93027,12161.00993328,1.98686289787292,0.0161018371582031,0.285928249359131,0.944586992263794,0.957804918289185,1.17777848243713,1.22527933120728,1.22527933120728,-1,-1,1.46134543418884,269.826412200928,219.973564147949,47.5008487701416,267.474412918091,Congruent,Left,Right,Right,Right,Right,0,1,1,0,1,1,0,1,1,0,1,0,0,0,1,1,0,0,1,245,185,20260720_t1327_srsSmooth_training_B003,37,17,17.9613348285357,3.41316437721252,2,1,178,1,0,0,1,1,1
20260720_t1327_srsSmooth_training,srs_smooth_training,trial0356.mat,356,356,245,3,74,37,104,84,20,8,2,2,7,2,78,23093,2,0,1,2,2,2,1,1,1,1,CHOSE_HIGH_SAL,1,455,1,0,4,0,1,0,75,187,187,75,-112,75,1,0,195.5,3,164.5,3,161.5,161.5,NaN,NaN,NaN,1784569601.40129,12166.48090056,1.77388453483582,0.0119621753692627,0.181293487548828,0.906629323959351,0.920331001281738,1.13139843940735,1.18177843093872,1.18177843093872,-1,-1,1.40291118621826,169.331312179565,211.06743812561,50.3799915313721,261.447429656982,Conflict,Right,Left,Right,Left,Right,0,1,0,1,1,1,1,0,1,0,0,1,0,1,0,1,0,1,1,246,186,20260720_t1327_srsSmooth_training_B003,38,18,18.0525184551875,3.48415470123291,2,1,196,1,1,0,0,1,1
20260720_t1327_srsSmooth_training,srs_smooth_training,trial0357.mat,357,357,246,3,75,38,104,84,20,8,2,2,8,2,88,24401,2,0,2,1,2,1,1,2,1,2,CHOSE_HIGH_SAL,1,455,1,0,4,0,1,0,124,171,171,124,-47,124,1,0,182.5,15,177.5,15,162.5,162.5,NaN,NaN,NaN,1784569604.87451,12169.95413388,1.865962266922,0.0138771533966064,0.250380277633667,0.847883939743042,0.86391019821167,1.10904049873352,1.14995837211609,1.14995837211609,-1,-1,1.39848399162292,236.503124237061,245.130300521851,40.9178733825684,286.048173904419,Conflict,Left,Right,Left,Right,Left,0,1,0,1,1,0,1,0,1,1,0,1,0,0,1,0,0,1,1,247,187,20260720_t1327_srsSmooth_training_B003,39,19,18.1104054570198,1.69933557510376,1,1,75,1,0,1,1,0,1
20260720_t1327_srsSmooth_training,srs_smooth_training,trial0358.mat,358,358,247,3,76,39,104,84,20,8,2,1,6,2,42,26225,2,0,2,1,2,1,2,1,0,0,,0,11,0,1,1,0,1,0,93,182,182,93,-89,NaN,1,180,181.5,5.5,1.5,174.5,-173,173,NaN,NaN,NaN,1784569608.37099,12173.45056716,0.194716453552246,0.0175268650054932,0.145657777786255,-1,-1,-1,-1,-1,-1,-1,-1,128.130912780762,NaN,NaN,NaN,Congruent,Left,Right,None,Right,Right,0,1,1,0,0,NaN,NaN,NaN,NaN,NaN,NaN,NaN,NaN,0,1,1,0,0,0,247,NaN,20260720_t1327_srsSmooth_training_B003,NaN,NaN,18.1686802268028,1.6305239200592,NaN,NaN,NaN,0,NaN,NaN,NaN,NaN,0
20260720_t1327_srsSmooth_training,srs_smooth_training,trial0359.mat,359,359,247,3,77,39,104,84,20,8,2,1,6,2,52,16695,2,0,2,1,2,1,2,1,2,1,CHOSE_HIGH_SAL,1,455,1,0,6,0,1,0,102,176,176,102,-74,176,1,180,182,7.5,2,172.5,-170.5,170.5,NaN,NaN,NaN,1784569610.08723,12175.1667278,1.97240018844604,0.0263569355010986,0.279614210128784,0.829715251922607,0.843054533004761,1.10469627380371,1.14431309700012,1.14431309700012,-1,-1,1.4591052532196,253.257274627686,261.64174079895,39.6168231964111,301.258563995361,Congruent,Left,Right,Right,Right,Right,0,1,1,0,1,1,0,1,1,0,1,0,0,0,1,1,0,0,1,248,188,20260720_t1327_srsSmooth_training_B003,40,20,18.1972841779391,1.52152061462402,1,2,124,1,1,1,0,0,1
20260720_t1327_srsSmooth_training,srs_smooth_training,trial0362.mat,362,362,248,3,80,40,104,84,20,8,2,2,7,2,64,30210,2,0,1,2,2,2,1,1,1,1,CHOSE_HIGH_SAL,1,455,1,0,5,0,1,0,83,201,201,83,-118,83,1,0,184.5,6,175.5,6,169.5,169.5,NaN,NaN,NaN,1784569617.27831,12182.35769696,1.82268691062927,0.0188858509063721,0.236494779586792,0.830776214599609,0.843917608261108,1.08908677101135,1.13069868087769,1.13069868087769,-1,-1,1.41077446937561,217.60892868042,245.169162750244,41.611909866333,286.781072616577,Conflict,Right,Left,Right,Left,Right,0,1,0,1,1,1,1,0,1,0,0,1,0,1,0,1,0,1,1,249,189,20260720_t1327_srsSmooth_training_B003,41,21,18.3171355605125,5.21868276596069,2,1,176,1,1,0,0,1,1
20260720_t1327_srsSmooth_training,srs_smooth_training,trial0363.mat,363,363,249,3,81,41,104,84,20,8,2,1,5,2,27,12460,2,0,1,2,2,2,2,2,2,2,CHOSE_HIGH_SAL,1,455,1,0,5,0,1,0,69,159,159,69,-90,159,1,0,7.5,196,7.5,164,-156.5,156.5,NaN,NaN,NaN,1784569620.6954,12185.7746272,1.93922090530396,0.0185985565185547,0.296313285827637,0.838324785232544,0.851964712142944,1.09685039520264,1.14685440063477,1.14685440063477,-1,-1,1.4523012638092,277.714729309082,244.885683059692,50.0040054321289,294.889688491821,Congruent,Right,Left,Left,Left,Left,0,1,1,0,1,0,0,1,1,1,1,0,0,1,0,0,0,0,1,250,190,20260720_t1327_srsSmooth_training_B003,42,22,18.3740869959195,1.59439921379089,1,1,83,1,1,1,0,0,1
20260720_t1327_srsSmooth_training,srs_smooth_training,trial0364.mat,364,364,250,3,82,42,104,84,20,8,2,2,7,2,65,30975,2,0,1,2,2,2,1,1,1,1,CHOSE_HIGH_SAL,1,455,1,0,4,0,1,0,71,198,198,71,-127,71,1,0,190,5.5,170,5.5,164.5,164.5,NaN,NaN,NaN,1784569624.27735,12189.35646468,1.84949946403503,0.0117895603179932,0.214834451675415,0.906555414199829,0.920157194137573,1.16470503807068,1.21493291854858,1.21493291854858,-1,-1,1.47848892211914,203.044891357422,244.547843933105,50.2278804779053,294.775724411011,Conflict,Right,Left,Right,Left,Right,0,1,0,1,1,1,1,0,1,0,0,1,0,1,0,1,0,1,1,251,191,20260720_t1327_srsSmooth_training_B003,43,23,18.4337861339251,1.64272737503052,2,2,159,1,1,1,0,0,1
20260720_t1327_srsSmooth_training,srs_smooth_training,trial0365.mat,365,365,251,3,83,43,104,84,20,8,2,1,5,2,38,20892,2,0,1,2,2,2,2,2,2,2,CHOSE_HIGH_SAL,1,455,1,0,7,0,1,0,69,180,180,69,-111,180,1,0,6,189,6,171,-165,165,NaN,NaN,NaN,1784569627.72453,12192.80350444,1.88514828681946,0.0147364139556885,0.293329238891602,0.817816019058228,0.831435203552246,1.09288120269775,1.13455152511597,1.13455152511597,-1,-1,1.37418556213379,278.592824935913,261.445999145508,41.6703224182129,303.116321563721,Congruent,Right,Left,Left,Left,Left,0,1,1,0,1,0,0,1,1,1,1,0,0,1,0,0,0,0,1,252,192,20260720_t1327_srsSmooth_training_B003,44,24,18.4912392338117,1.59768652915955,1,1,71,1,1,1,0,0,1
20260720_t1327_srsSmooth_training,srs_smooth_training,trial0366.mat,366,366,252,3,84,44,104,84,20,8,2,1,6,2,47,29501,2,0,2,1,2,1,2,1,2,1,CHOSE_HIGH_SAL,1,455,1,0,3,0,1,0,80,188,188,80,-108,188,1,0,10.5,185,10.5,175,-164.5,164.5,NaN,NaN,NaN,1784569631.24879,12196.3279062,1.91976833343506,0.0156211853027344,0.168382406234741,0.818817853927612,0.832319974899292,1.11893534660339,1.16899061203003,1.16899061203003,-1,-1,1.43597650527954,152.761220932007,286.615371704102,50.0552654266357,336.670637130737,Congruent,Left,Right,Right,Right,Right,0,1,1,0,1,1,0,1,1,0,1,0,0,0,1,1,0,0,1,253,193,20260720_t1327_srsSmooth_training_B003,45,25,18.5499767700831,1.63910388946533,2,2,180,1,0,1,1,0,1
20260720_t1327_srsSmooth_training,srs_smooth_training,trial0367.mat,367,367,253,3,85,45,104,84,20,8,2,1,5,2,24,1131,2,0,1,2,2,2,2,2,2,2,CHOSE_HIGH_SAL,1,455,1,0,2,0,1,0,83,151,151,83,-68,151,1,0,13.5,188,13.5,172,-158.5,158.5,NaN,NaN,NaN,1784569634.79894,12199.8777908,1.84451293945312,0.0156071186065674,0.283122539520264,0.833466291427612,0.848973274230957,1.08543229103088,1.12513780593872,1.12513780593872,-1,-1,1.39344167709351,267.515420913696,236.459016799927,39.7055149078369,276.164531707764,Congruent,Right,Left,Left,Left,Left,0,1,1,0,1,0,0,1,1,1,1,0,0,1,0,0,0,0,1,254,194,20260720_t1327_srsSmooth_training_B003,46,26,18.6091459711393,1.63038372993469,2,1,188,1,0,1,1,0,1
20260720_t1327_srsSmooth_training,srs_smooth_training,trial0368.mat,368,368,254,3,86,46,104,84,20,8,2,2,7,2,79,20932,2,0,1,2,2,2,1,1,1,1,CHOSE_HIGH_SAL,1,455,1,0,5,0,1,0,96,189,189,96,-93,96,1,0,189.5,11,170.5,11,159.5,159.5,NaN,NaN,NaN,1784569638.26075,12203.33977344,1.64908146858215,0.0122590065002441,0.197840452194214,0.723984956741333,0.737287044525146,0.948891639709473,0.998967409133911,0.998967409133911,-1,-1,1.2314829826355,185.58144569397,211.604595184326,50.0757694244385,261.680364608765,Conflict,Right,Left,Right,Left,Right,0,1,0,1,1,1,1,0,1,0,0,1,0,1,0,1,0,1,1,255,195,20260720_t1327_srsSmooth_training_B003,47,27,18.6668429056803,1.61730313301086,2,2,151,1,1,1,0,0,1
20260720_t1327_srsSmooth_training,srs_smooth_training,trial0369.mat,369,369,255,3,87,47,104,84,20,8,2,2,7,2,66,18218,2,0,1,2,2,2,1,1,1,1,CHOSE_HIGH_SAL,1,455,1,0,4,0,1,0,62,168,168,62,-106,62,1,0,194,13,166,13,153,153,NaN,NaN,NaN,1784569641.51865,12206.59746884,1.85812759399414,0.0128204822540283,0.18259596824646,0.899652719497681,0.912855386734009,1.19086170196533,1.23889994621277,1.23889994621277,-1,-1,1.46660423278809,169.775485992432,278.006315231323,48.0382442474365,326.04455947876,Conflict,Right,Left,Right,Left,Right,0,1,0,1,1,1,1,0,1,0,0,1,0,1,0,1,0,1,1,256,196,20260720_t1327_srsSmooth_training_B003,48,28,18.7211412191391,1.60881733894348,1,1,96,1,0,0,1,1,1
20260720_t1327_srsSmooth_training,srs_smooth_training,trial0370.mat,370,370,256,3,88,48,104,84,20,8,2,1,6,2,62,7413,2,0,2,1,2,1,2,1,2,1,CHOSE_HIGH_SAL,1,455,1,0,2,0,1,0,92,186,186,92,-94,186,1,0,1.5,184,1.5,176,-174.5,174.5,NaN,NaN,NaN,1784569645.02639,12210.10518204,1.98443460464478,0.0135509967803955,0.20862078666687,0.856286525726318,0.871917963027954,1.13138818740845,1.18139600753784,1.18139600753784,-1,-1,1.49505543708801,195.069789886475,259.470224380493,50.0078201293945,309.478044509888,Congruent,Left,Right,Right,Right,Right,0,1,1,0,1,1,0,1,1,0,1,0,0,0,1,1,0,0,1,257,197,20260720_t1327_srsSmooth_training_B003,49,29,18.7796035408974,1.64961171150208,1,1,62,1,1,0,0,1,1
20260720_t1327_srsSmooth_training,srs_smooth_training,trial0371.mat,371,371,257,3,89,49,104,84,20,8,2,1,5,2,30,12392,2,0,1,2,2,2,2,2,2,2,CHOSE_HIGH_SAL,1,455,1,0,6,0,1,0,79,161,161,79,-82,161,1,180,190.5,8,10.5,172,-161.5,161.5,NaN,NaN,NaN,1784569648.65861,12213.73724476,1.78579163551331,0.0148108005523682,0.0164375305175781,0.668319463729858,0.681503772735596,0.934805870056152,0.976378440856934,0.976378440856934,-1,-1,1.29127287864685,1.62672996520996,253.302097320557,41.5725708007812,294.874668121338,Congruent,Right,Left,Left,Left,Left,0,1,1,0,1,0,0,1,1,1,1,0,0,1,0,0,0,0,1,258,198,20260720_t1327_srsSmooth_training_B003,50,30,18.8401404460271,1.64777970314026,2,1,186,1,0,1,1,0,1
20260720_t1327_srsSmooth_training,srs_smooth_training,trial0372.mat,372,372,258,3,90,50,104,84,20,8,2,1,6,2,56,3637,2,0,2,1,2,1,2,1,2,1,CHOSE_HIGH_SAL,1,455,1,0,4,0,1,0,79,181,181,79,-102,181,1,180,197,11.5,17,168.5,-151.5,151.5,NaN,NaN,NaN,1784569652.06483,12217.14338024,1.94595289230347,0.0170547962188721,0.212085723876953,0.86216139793396,0.875421047210693,1.11017084121704,1.16205310821533,1.16205310821533,-1,-1,1.43330764770508,195.030927658081,234.749794006348,51.882266998291,286.632061004639,Congruent,Left,Right,Right,Right,Right,0,1,1,0,1,1,0,1,1,0,1,0,0,0,1,1,0,0,1,259,199,20260720_t1327_srsSmooth_training_B003,51,31,18.8969108263652,1.62043118476868,2,2,161,1,0,1,1,0,1
20260720_t1327_srsSmooth_training,srs_smooth_training,trial0373.mat,373,373,259,3,91,51,104,84,20,8,2,1,5,2,35,19032,2,0,1,2,2,2,2,2,2,2,CHOSE_HIGH_SAL,1,455,1,0,5,0,1,0,68,197,197,68,-129,197,1,0,13,194.5,13,165.5,-152.5,152.5,NaN,NaN,NaN,1784569655.64509,12220.72360008,1.84913349151611,0.0119316577911377,0.290011644363403,0.847916126251221,0.861964702606201,1.07345080375671,1.12332606315613,1.12332606315613,-1,-1,1.3514986038208,278.079986572266,211.486101150513,49.8752593994141,261.361360549927,Congruent,Right,Left,Left,Left,Left,0,1,1,0,1,0,0,1,1,1,1,0,0,1,0,0,0,0,1,260,200,20260720_t1327_srsSmooth_training_B003,52,32,18.9565818627675,1.6343092918396,2,1,181,1,0,1,1,0,1
20260720_t1327_srsSmooth_training,srs_smooth_training,trial0374.mat,374,374,260,3,92,52,104,84,20,8,2,1,6,2,59,27092,2,0,2,1,2,1,2,1,2,1,CHOSE_HIGH_SAL,1,455,1,0,4,0,1,0,112,199,199,112,-87,199,1,0,2,195,2,165,-163,163,NaN,NaN,NaN,1784569659.12859,12224.20699364,1.85755515098572,0.0119054317474365,0.215363502502441,0.781791210174561,0.795269727706909,1.0404326915741,1.08809447288513,1.08809447288513,-1,-1,1.35768246650696,203.458070755005,245.162963867188,47.6617813110352,292.824745178223,Congruent,Left,Right,Right,Right,Right,0,1,1,0,1,1,0,1,1,0,1,0,0,0,1,1,0,0,1,261,201,20260720_t1327_srsSmooth_training_B003,53,33,19.0146401127179,1.63436150550842,2,2,197,1,0,1,1,0,1
20260720_t1327_srsSmooth_training,srs_smooth_training,trial0375.mat,375,375,261,3,93,53,104,84,20,8,2,1,6,2,50,30947,2,0,2,1,2,1,2,1,2,1,CHOSE_HIGH_SAL,1,455,1,0,2,0,1,0,106,167,167,106,-61,167,1,0,0.5,183,0.5,177,-176.5,176.5,NaN,NaN,NaN,1784569662.61488,12227.69327008,1.8190221786499,0.0174131393432617,0.253835439682007,0.820046424865723,0.834111928939819,1.04576349258423,1.09367322921753,1.09367322921753,-1,-1,1.32385849952698,236.422300338745,211.651563644409,47.9097366333008,259.56130027771,Congruent,Left,Right,Right,Right,Right,0,1,1,0,1,1,0,1,1,0,1,0,0,0,1,1,0,0,1,262,202,20260720_t1327_srsSmooth_training_B003,54,34,19.0727450410525,1.62874054908752,2,1,199,1,0,0,1,1,1
20260720_t1327_srsSmooth_training,srs_smooth_training,trial0376.mat,376,376,262,3,94,54,104,84,20,8,2,2,8,2,87,23152,2,0,2,1,2,1,1,2,1,2,CHOSE_HIGH_SAL,1,455,1,0,8,0,1,0,68,174,174,68,-106,68,1,180,12,186.5,168,6.5,161.5,161.5,NaN,NaN,NaN,1784569666.04865,12231.12700904,1.89663219451904,0.0171105861663818,0.295625448226929,0.945552825927734,0.958813428878784,1.18708777427673,1.23724222183228,1.23724222183228,-1,-1,1.49340295791626,278.514862060547,228.274345397949,50.154447555542,278.428792953491,Conflict,Left,Right,Left,Right,Left,0,1,0,1,1,0,1,0,1,1,0,1,0,0,1,0,0,1,1,263,203,20260720_t1327_srsSmooth_training_B003,55,35,19.129974548022,1.61474823951721,2,1,167,1,1,1,0,0,1
20260720_t1327_srsSmooth_training,srs_smooth_training,trial0377.mat,377,377,263,3,95,55,104,84,20,8,2,2,7,2,80,2831,2,0,1,2,2,2,1,1,1,1,CHOSE_HIGH_SAL,1,455,1,0,5,0,1,0,72,196,196,72,-124,72,1,0,191,15,169,15,154,154,NaN,NaN,NaN,1784569669.54689,12234.62518392,1.91944360733032,0.0190153121948242,0.255740404129028,0.997349977493286,1.01072025299072,1.26283049583435,1.3141028881073,1.3141028881073,-1,-1,1.54646301269531,236.725091934204,252.110242843628,51.2723922729492,303.382635116577,Conflict,Right,Left,Right,Left,Right,0,1,0,1,1,1,1,0,1,0,0,1,0,1,0,1,0,1,1,264,204,20260720_t1327_srsSmooth_training_B003,56,36,19.1882784167926,1.60159993171692,1,2,68,1,0,1,1,0,1
20260720_t1327_srsSmooth_training,srs_smooth_training,trial0379.mat,379,379,264,3,97,56,104,84,20,8,2,2,8,2,96,1889,2,0,2,1,2,1,1,2,1,2,CHOSE_HIGH_SAL,1,455,1,0,1,0,1,0,101,180,180,101,-79,101,1,0,198,8,162,8,154,154,NaN,NaN,NaN,1784569674.90144,12239.9795796,1.67761850357056,0.014667272567749,0.224197387695312,0.732405662536621,0.748029470443726,0.99922251701355,1.04289937019348,1.04289937019348,-1,-1,1.27733063697815,209.530115127563,251.193046569824,43.6768531799316,294.869899749756,Conflict,Left,Right,Left,Right,Left,0,1,0,1,1,0,1,0,1,1,0,1,0,0,1,0,0,1,1,265,205,20260720_t1327_srsSmooth_training_B003,57,37,19.2775210181872,3.43511247634888,1,1,72,1,0,1,1,0,1
20260720_t1327_srsSmooth_training,srs_smooth_training,trial0380.mat,380,380,265,3,98,57,104,84,20,8,2,2,8,2,92,22798,2,0,2,1,2,1,1,2,1,2,CHOSE_HIGH_SAL,1,455,1,0,6,0,1,0,89,174,174,89,-85,89,1,180,6.5,186,173.5,6,167.5,167.5,NaN,NaN,NaN,1784569678.22615,12243.3043528,1.79359126091003,0.0150887966156006,0.235003232955933,0.791397094726562,0.806787014007568,1.06857013702393,1.11851167678833,1.11851167678833,-1,-1,1.40796899795532,219.914436340332,261.783123016357,49.9415397644043,311.724662780762,Conflict,Left,Right,Left,Right,Left,0,1,0,1,1,0,1,0,1,1,0,1,0,0,1,0,0,1,1,266,206,20260720_t1327_srsSmooth_training_B003,58,38,19.3329328417778,1.64709091186523,1,2,101,1,0,0,1,1,1
20260720_t1327_srsSmooth_training,srs_smooth_training,trial0381.mat,381,381,266,3,99,58,104,84,20,8,2,2,8,2,100,30344,2,0,2,1,2,1,1,2,1,2,CHOSE_HIGH_SAL,1,455,1,0,4,0,1,0,126,195,195,126,-69,126,1,0,187.5,18.5,172.5,18.5,154,154,NaN,NaN,NaN,1784569681.64463,12246.72272192,1.82570385932922,0.0134103298187256,0.233354806900024,0.775394916534424,0.788441181182861,1.04002714157104,1.08343076705933,1.08343076705933,-1,-1,1.36507225036621,219.944477081299,251.585960388184,43.4036254882812,294.989585876465,Conflict,Left,Right,Left,Right,Left,0,1,0,1,1,0,1,0,1,1,0,1,0,0,1,0,0,1,1,267,207,20260720_t1327_srsSmooth_training_B003,59,39,19.3899074832598,1.62488722801208,1,2,89,1,0,0,1,1,1
20260720_t1327_srsSmooth_training,srs_smooth_training,trial0382.mat,382,382,267,3,100,59,104,84,20,8,2,2,8,2,85,23467,2,0,2,1,2,1,1,2,1,2,CHOSE_HIGH_SAL,1,455,1,0,6,0,1,0,87,176,176,87,-89,87,1,180,18.5,183.5,161.5,3.5,158,158,NaN,NaN,NaN,1784569685.09977,12250.17767276,2.04618763923645,0.0167388916015625,0.211758136749268,1.00301694869995,1.01677775382996,1.26194167137146,1.31195187568665,1.31195187568665,-1,-1,1.62656664848328,195.019245147705,245.163917541504,50.0102043151855,295.174121856689,Conflict,Left,Right,Left,Right,Left,0,1,0,1,1,0,1,0,1,1,0,1,0,0,1,0,0,1,1,268,208,20260720_t1327_srsSmooth_training_B003,60,40,19.447493159771,1.6294367313385,1,2,126,1,0,0,1,1,1
20260720_t1327_srsSmooth_training,srs_smooth_training,trial0384.mat,384,384,268,3,102,60,104,84,20,8,2,2,8,2,94,17087,2,0,2,1,2,1,1,2,1,2,CHOSE_HIGH_SAL,1,455,1,0,10,0,1,0,91,195,195,91,-104,91,1,0,199,1,161,1,160,160,NaN,NaN,NaN,1784569690.60793,12255.68582852,1.9686267375946,0.0254571437835693,0.220103025436401,0.911611318588257,0.925492286682129,1.22880029678345,1.27872347831726,1.27872347831726,-1,-1,1.53658938407898,194.645881652832,303.308010101318,49.9231815338135,353.231191635132,Conflict,Left,Right,Left,Right,Left,0,1,0,1,1,0,1,0,1,1,0,1,0,0,1,0,0,1,1,269,209,20260720_t1327_srsSmooth_training_B003,61,41,19.5392959038417,3.46197700500488,1,2,87,1,0,0,1,1,1
20260720_t1327_srsSmooth_training,srs_smooth_training,trial0385.mat,385,385,269,3,103,61,104,84,20,8,2,2,7,2,73,17783,2,0,1,2,2,2,1,1,1,1,CHOSE_HIGH_SAL,1,455,1,0,6,0,1,0,75,168,168,75,-93,75,1,0,194,8,166,8,158,158,NaN,NaN,NaN,1784569694.20204,12259.27981656,1.96079874038696,0.0148210525512695,0.268289566040039,0.992944955825806,1.00652670860291,1.24299931526184,1.29306983947754,1.29306983947754,-1,-1,1.55038332939148,253.46851348877,236.472606658936,50.0705242156982,286.543130874634,Conflict,Right,Left,Right,Left,Right,0,1,0,1,1,1,1,0,1,0,0,1,0,1,0,1,0,1,1,270,210,20260720_t1327_srsSmooth_training_B003,62,42,19.5991977413495,1.62548351287842,1,2,91,1,0,1,1,0,1
20260720_t1327_srsSmooth_training,srs_smooth_training,trial0386.mat,386,386,270,3,104,62,104,84,20,8,2,1,6,2,58,572,2,0,2,1,2,1,2,1,2,1,CHOSE_HIGH_SAL,1,455,1,0,6,0,1,0,117,188,188,117,-71,188,1,0,18,194.5,18,165.5,-147.5,147.5,NaN,NaN,NaN,1784569697.79722,12262.8750022,2.07358050346375,0.0197849273681641,0.223022222518921,0.948271512985229,0.961489200592041,1.28765654563904,1.33980822563171,1.33980822563171,-1,-1,1.58674621582031,203.237295150757,326.167345046997,52.1516799926758,378.319025039673,Congruent,Left,Right,Right,Right,Right,0,1,1,0,1,1,0,1,1,0,1,0,0,0,1,1,0,0,1,271,211,20260720_t1327_srsSmooth_training_B003,63,43,19.6591173569361,1.63437819480896,1,1,75,1,1,0,0,1,1
20260720_t1327_srsSmooth_training,srs_smooth_training,trial0387.mat,387,387,271,3,105,63,104,84,20,8,2,2,8,2,91,19125,2,0,2,1,2,1,1,2,0,0,,0,454,0,1,5,0,1,0,96,186,186,96,-90,NaN,1,180,10,185,170,5,165,165,NaN,NaN,NaN,1784569701.48014,12266.55763508,1.17359662055969,0.0203487873077393,0.022632360458374,0.807141780853271,0.820381164550781,1.07374358177185,-1,-1,-1,-1,-1,2.28357315063477,253.362417221069,NaN,NaN,Conflict,Left,Right,None,Right,Left,0,1,0,1,0,NaN,NaN,NaN,NaN,NaN,NaN,NaN,NaN,0,1,0,0,1,0,271,NaN,20260720_t1327_srsSmooth_training_B003,NaN,NaN,19.7204992612203,1.60933375358582,NaN,NaN,NaN,0,NaN,NaN,NaN,NaN,0
20260720_t1327_srsSmooth_training,srs_smooth_training,trial0388.mat,388,388,271,3,106,63,104,84,20,8,2,2,7,2,74,3451,2,0,1,2,2,2,1,1,1,1,CHOSE_HIGH_SAL,1,455,1,0,6,0,1,0,79,203,203,79,-124,79,1,0,188.5,11.5,171.5,11.5,160,160,NaN,NaN,NaN,1784569704.07882,12269.1564144,1.98410320281982,0.0134387016296387,0.216796159744263,0.974794864654541,0.988476514816284,1.23265290260315,1.28250789642334,1.28250789642334,-1,-1,1.59727478027344,203.357458114624,244.176387786865,49.8549938201904,294.031381607056,Conflict,Right,Left,Right,Left,Right,0,1,0,1,1,1,1,0,1,0,0,1,0,1,0,1,0,1,1,272,212,20260720_t1327_srsSmooth_training_B003,64,44,19.763810578982,1.42508244514465,2,1,188,1,1,0,0,1,1
20260720_t1327_srsSmooth_training,srs_smooth_training,trial0389.mat,389,389,272,3,107,64,104,84,20,8,2,2,8,2,97,12503,2,0,2,1,2,1,1,2,1,2,CHOSE_HIGH_SAL,1,455,1,0,6,0,1,0,75,207,207,75,-132,75,1,0,184,5.5,176,5.5,170.5,170.5,NaN,NaN,NaN,1784569707.69505,12272.77253428,1.83983492851257,0.0140144824981689,0.258960008621216,0.825827121734619,0.839046478271484,1.10061693191528,1.14799356460571,1.14799356460571,-1,-1,1.44158387184143,244.945526123047,261.570453643799,47.3766326904297,308.947086334229,Conflict,Left,Right,Left,Right,Left,0,1,0,1,1,0,1,0,1,1,0,1,0,0,1,0,0,1,1,273,213,20260720_t1327_srsSmooth_training_B003,65,45,19.8240811308225,1.63212990760803,1,1,79,1,0,1,1,0,1
20260720_t1327_srsSmooth_training,srs_smooth_training,trial0390.mat,390,390,273,3,108,65,104,84,20,8,2,2,7,2,76,10572,2,0,1,2,2,2,1,1,1,1,CHOSE_HIGH_SAL,1,455,1,0,3,0,1,0,109,189,189,109,-80,109,1,180,15.5,186,164.5,6,158.5,158.5,NaN,NaN,NaN,1784569711.16907,12276.24646372,1.77770042419434,0.0151326656341553,0.226985454559326,0.791387557983398,0.806830644607544,1.0411274433136,1.09341859817505,1.09341859817505,-1,-1,1.36782884597778,211.852788925171,234.296798706055,52.2911548614502,286.587953567505,Conflict,Right,Left,Right,Left,Right,0,1,0,1,1,1,1,0,1,0,0,1,0,1,0,1,0,1,1,274,214,20260720_t1327_srsSmooth_training_B003,66,46,19.8819814324379,1.63418316841125,1,2,75,1,0,1,1,0,1
20260720_t1327_srsSmooth_training,srs_smooth_training,trial0391.mat,391,391,274,3,109,66,104,84,20,8,2,1,5,2,23,8154,2,0,1,2,2,2,2,2,2,2,CHOSE_HIGH_SAL,1,455,1,0,9,0,1,0,94,184,184,94,-90,184,1,0,19.5,196,19.5,164,-144.5,144.5,NaN,NaN,NaN,1784569714.58083,12279.65817432,1.89933514595032,0.0118362903594971,0.0182678699493408,0.812998294830322,0.828534841537476,1.08198714256287,1.13208556175232,1.13208556175232,-1,-1,1.38170218467712,6.43157958984375,253.452301025391,50.0984191894531,303.550720214844,Congruent,Right,Left,Left,Left,Left,0,1,1,0,1,0,0,1,1,1,1,0,0,1,0,0,0,0,1,275,215,20260720_t1327_srsSmooth_training_B003,67,47,19.9388441721598,1.6340639591217,1,1,109,1,1,1,0,0,1
20260720_t1327_srsSmooth_training,srs_smooth_training,trial0392.mat,392,392,275,3,110,67,104,84,20,8,2,2,8,2,98,17033,2,0,2,1,2,1,1,2,1,2,CHOSE_HIGH_SAL,1,455,1,0,4,0,1,0,72,208,208,72,-136,72,1,0,183,1,177,1,176,176,NaN,NaN,NaN,1784569718.1199,12283.19722088,1.86070585250854,0.0145740509033203,0.299089431762695,0.943092346191406,0.956279039382935,1.1847972869873,1.23425769805908,1.23425769805908,-1,-1,1.48875975608826,284.515380859375,228.51824760437,49.4604110717773,277.978658676147,Conflict,Left,Right,Left,Right,Left,0,1,0,1,1,0,1,0,1,1,0,1,0,0,1,0,0,1,1,276,216,20260720_t1327_srsSmooth_training_B003,68,48,19.9978286186854,1.63973164558411,2,2,184,1,1,0,0,1,1
20260720_t1327_srsSmooth_training,srs_smooth_training,trial0393.mat,393,393,276,3,111,68,104,84,20,8,2,2,8,2,93,197,2,0,2,1,2,1,1,2,1,2,CHOSE_HIGH_SAL,1,455,1,0,3,0,1,0,96,160,160,96,-64,96,1,180,8,186.5,172,6.5,165.5,165.5,NaN,NaN,NaN,1784569721.59459,12286.67166512,1.80200552940369,0.0150182247161865,0.259640693664551,0.809647560119629,0.823384046554565,1.07448053359985,1.11603236198425,1.11603236198425,-1,-1,1.37173533439636,244.622468948364,251.096487045288,41.5518283843994,292.648315429688,Conflict,Left,Right,Left,Right,Left,0,1,0,1,1,0,1,0,1,1,0,1,0,0,1,0,0,1,1,277,217,20260720_t1327_srsSmooth_training_B003,69,49,20.0557401696841,1.61398720741272,1,2,72,1,0,0,1,1,1
20260720_t1327_srsSmooth_training,srs_smooth_training,trial0394.mat,394,394,277,3,112,69,104,84,20,8,2,1,6,2,55,20032,2,0,2,1,2,1,2,1,2,1,CHOSE_HIGH_SAL,1,455,1,0,3,0,1,0,80,160,160,80,-80,160,1,0,8.5,199.5,8.5,160.5,-152,152,NaN,NaN,NaN,1784569724.99975,12290.0770094,1.88115787506104,0.0183238983154297,0.210855007171631,0.888207674026489,0.901691913604736,1.13825821876526,1.18630194664001,1.18630194664001,-1,-1,1.41128921508789,192.531108856201,236.566305160522,48.0437278747559,284.610033035278,Congruent,Left,Right,Right,Right,Right,0,1,1,0,1,1,0,1,1,0,1,0,0,0,1,1,0,0,1,278,218,20260720_t1327_srsSmooth_training_B003,70,50,20.1124928752581,1.60315680503845,1,2,96,1,1,1,0,0,1
20260720_t1327_srsSmooth_training,srs_smooth_training,trial0395.mat,395,395,278,3,113,70,104,84,20,8,2,1,6,2,60,16142,2,0,2,1,2,1,2,1,2,1,CHOSE_HIGH_SAL,1,455,1,0,5,0,1,0,103,210,210,103,-107,210,1,0,15.5,195,15.5,165,-149.5,149.5,NaN,NaN,NaN,1784569728.54905,12293.62610176,1.99821519851685,0.0191624164581299,0.214015007019043,0.897408246994019,0.910864114761353,1.15583324432373,1.2034900188446,1.2034900188446,-1,-1,1.47394967079163,194.852590560913,244.969129562378,47.656774520874,292.625904083252,Congruent,Left,Right,Right,Right,Right,0,1,1,0,1,1,0,1,1,0,1,0,0,0,1,1,0,0,1,279,219,20260720_t1327_srsSmooth_training_B003,71,51,20.1716479023298,1.66814374923706,2,1,160,1,0,0,1,1,1
20260720_t1327_srsSmooth_training,srs_smooth_training,trial0396.mat,396,396,279,3,114,71,104,84,20,8,2,1,5,2,36,12104,2,0,1,2,2,2,2,2,2,2,CHOSE_HIGH_SAL,1,455,1,0,5,0,1,0,85,190,190,85,-105,190,1,180,192,13.5,12,166.5,-154.5,154.5,NaN,NaN,NaN,1784569732.19943,12297.27637112,1.92691278457642,0.0189352035522461,0.247215986251831,0.88655424118042,0.902303457260132,1.16363954544067,1.21401596069336,1.21401596069336,-1,-1,1.43315291404724,228.280782699585,261.336088180542,50.3764152526855,311.712503433228,Congruent,Right,Left,Left,Left,Left,0,1,1,0,1,0,0,1,1,1,1,0,0,1,0,0,0,0,1,280,220,20260720_t1327_srsSmooth_training_B003,72,52,20.2324874162674,1.65215563774109,2,1,210,1,0,1,1,0,1
20260720_t1327_srsSmooth_training,srs_smooth_training,trial0397.mat,397,397,280,3,115,72,104,84,20,8,2,1,5,2,33,28692,2,0,1,2,2,2,2,2,2,2,CHOSE_HIGH_SAL,1,455,1,0,7,0,1,0,103,177,177,103,-74,177,1,0,17,189,17,171,-154,154,NaN,NaN,NaN,1784569735.75877,12300.83578268,2.01418256759644,0.0180613994598389,0.237894535064697,0.929545879364014,0.943097114562988,1.20467495918274,1.25445556640625,1.25445556640625,-1,-1,1.49501609802246,219.833135604858,261.577844619751,49.7806072235107,311.358451843262,Congruent,Right,Left,Left,Left,Left,0,1,1,0,1,0,0,1,1,1,1,0,0,1,0,0,0,0,1,281,221,20260720_t1327_srsSmooth_training_B003,73,53,20.2918098847071,1.63243532180786,2,2,190,1,0,0,1,1,1
20260720_t1327_srsSmooth_training,srs_smooth_training,trial0398.mat,398,398,281,3,116,73,104,84,20,8,2,2,7,2,70,29526,2,0,1,2,2,2,1,1,1,1,CHOSE_HIGH_SAL,1,455,1,0,7,0,1,0,90,187,187,90,-97,90,1,180,9,187,171,7,164,164,NaN,NaN,NaN,1784569739.41406,12304.49096744,1.99218797683716,0.0129227638244629,0.274174690246582,0.982858419418335,0.996295213699341,1.26591873168945,1.31585359573364,1.31585359573364,-1,-1,1.57340502738953,261.251926422119,269.623517990112,49.9348640441895,319.558382034302,Conflict,Right,Left,Right,Left,Right,0,1,0,1,1,1,1,0,1,0,0,1,0,1,0,1,0,1,1,282,222,20260720_t1327_srsSmooth_training_B003,74,54,20.3527312596639,1.64109992980957,2,2,177,1,1,1,0,0,1
20260720_t1327_srsSmooth_training,srs_smooth_training,trial0399.mat,399,399,282,3,117,74,104,84,20,8,2,2,7,2,75,1281,2,0,1,2,2,2,1,1,1,1,CHOSE_HIGH_SAL,1,455,1,0,7,0,1,0,82,150,150,82,-68,82,1,0,187.5,1.5,172.5,1.5,171,171,NaN,NaN,NaN,1784569743.03386,12308.11061264,1.90535092353821,0.0182583332061768,0.279893636703491,0.938143253326416,0.951628446578979,1.1797981262207,1.22970414161682,1.22970414161682,-1,-1,1.50942611694336,261.635303497314,228.169679641724,49.9060153961182,278.075695037842,Conflict,Right,Left,Right,Left,Right,0,1,0,1,1,1,1,0,1,0,0,1,0,1,0,1,0,1,1,283,223,20260720_t1327_srsSmooth_training_B003,75,55,20.4130613803864,1.62761926651001,1,1,90,1,0,0,1,1,1
20260720_t1327_srsSmooth_training,srs_smooth_training,trial0400.mat,400,400,283,3,118,75,104,84,20,8,2,1,6,2,61,16795,2,0,2,1,2,1,2,1,2,1,CHOSE_HIGH_SAL,1,455,1,0,5,0,1,0,89,188,188,89,-99,188,1,0,2,185,2,175,-173,173,NaN,NaN,NaN,1784569746.5479,12311.62462164,1.99943566322327,0.0126974582672119,0.215978384017944,0.824053287506104,0.837730646133423,1.18271470069885,1.23072791099548,1.23072791099548,-1,-1,1.47611141204834,203.280925750732,344.98405456543,48.0132102966309,392.997264862061,Congruent,Left,Right,Right,Right,Right,0,1,1,0,1,1,0,1,1,0,1,0,0,0,1,1,0,0,1,284,224,20260720_t1327_srsSmooth_training_B003,76,56,20.4716285983721,1.60868215560913,1,1,82,1,1,0,0,1,1
20260720_t1327_srsSmooth_training,srs_smooth_training,trial0401.mat,401,401,284,3,119,76,104,84,20,8,2,1,5,2,41,5877,2,0,1,2,2,2,2,2,2,2,CHOSE_HIGH_SAL,1,455,1,0,6,0,1,0,95,192,192,95,-97,192,1,180,197,16,17,164,-147,147,NaN,NaN,NaN,1784569750.13654,12315.21326212,1.85333156585693,0.0158638954162598,0.219235897064209,0.752580404281616,0.765892744064331,0.984850645065308,1.03382420539856,1.03382420539856,-1,-1,1.33512711524963,203.372001647949,218.957901000977,48.973560333252,267.931461334229,Congruent,Right,Left,Left,Left,Left,0,1,1,0,1,0,0,1,1,1,1,0,0,1,0,0,0,0,1,285,225,20260720_t1327_srsSmooth_training_B003,77,57,20.5314393083254,1.58920693397522,2,1,188,1,0,1,1,0,1
20260720_t1327_srsSmooth_training,srs_smooth_training,trial0402.mat,402,402,285,3,120,77,104,84,20,8,2,1,5,2,26,8197,2,0,1,2,2,2,2,2,2,2,CHOSE_HIGH_SAL,1,455,1,0,7,0,1,0,100,169,169,100,-69,169,1,180,195,16,15,164,-149,149,NaN,NaN,NaN,1784569753.63217,12318.70874984,1.9775652885437,0.0120337009429932,0.257010459899902,0.948660373687744,0.962071657180786,1.19891119003296,1.24879837036133,1.24879837036133,-1,-1,1.47441577911377,244.976758956909,236.839532852173,49.8871803283691,286.726713180542,Congruent,Right,Left,Left,Left,Left,0,1,1,0,1,0,0,1,1,1,1,0,0,1,0,0,0,0,1,286,226,20260720_t1327_srsSmooth_training_B003,78,58,20.5896998802821,1.64230275154114,2,2,192,1,0,0,1,1,1
20260720_t1327_srsSmooth_training,srs_smooth_training,trial0403.mat,403,403,286,3,121,78,104,84,20,8,2,1,6,2,54,16291,2,0,2,1,2,1,2,1,2,1,CHOSE_HIGH_SAL,1,455,1,0,4,0,1,0,116,183,183,116,-67,183,1,180,194,10,14,170,-156,156,NaN,NaN,NaN,1784569757.25681,12322.3334204,1.94164085388184,0.0125439167022705,0.20725417137146,0.882297277450562,0.895911931991577,1.14044141769409,1.18876886367798,1.18876886367798,-1,-1,1.42983293533325,194.710254669189,244.529485702515,48.3274459838867,292.856931686401,Congruent,Left,Right,Right,Right,Right,0,1,1,0,1,1,0,1,1,0,1,0,0,0,1,1,0,0,1,287,227,20260720_t1327_srsSmooth_training_B003,79,59,20.6501104434331,1.6470685005188,2,2,169,1,0,1,1,0,1
20260720_t1327_srsSmooth_training,srs_smooth_training,trial0404.mat,404,404,287,3,122,79,104,84,20,8,2,2,8,2,86,27329,2,0,2,1,2,1,1,2,1,2,CHOSE_HIGH_SAL,1,455,1,0,6,0,1,0,63,174,174,63,-111,63,1,0,187,12,173,12,161,161,NaN,NaN,NaN,1784569760.8491,12325.92549336,1.64925384521484,0.020388126373291,0.0255837440490723,0.782068729400635,0.795418977737427,1.01508188247681,1.06522798538208,1.06522798538208,-1,-1,1.28950977325439,5.19561767578125,219.66290473938,50.1461029052734,269.809007644653,Conflict,Left,Right,Left,Right,Left,0,1,0,1,1,0,1,0,1,1,0,1,0,0,1,0,0,1,1,288,228,20260720_t1327_srsSmooth_training_B003,80,60,20.709982073307,1.65065693855286,2,1,183,1,1,1,0,0,1
20260720_t1327_srsSmooth_training,srs_smooth_training,trial0405.mat,405,405,288,3,123,80,104,84,20,8,2,2,8,2,84,3492,2,0,2,1,2,1,1,2,1,2,CHOSE_HIGH_SAL,1,455,1,0,5,0,1,0,89,173,173,89,-84,89,1,180,7.5,191.5,172.5,11.5,161,161,NaN,NaN,NaN,1784569764.11719,12329.19355896,2.05625104904175,0.0274372100830078,0.278528928756714,1.06425142288208,1.0774781703949,1.35590004920959,1.40370750427246,1.40370750427246,-1,-1,1.63098168373108,251.091718673706,278.421878814697,47.8074550628662,326.229333877563,Conflict,Left,Right,Left,Right,Left,0,1,0,1,1,0,1,0,1,1,0,1,0,0,1,0,0,1,1,289,229,20260720_t1327_srsSmooth_training_B003,81,61,20.7644500891368,1.61882710456848,1,2,63,1,0,0,1,1,1
20260720_t1327_srsSmooth_training,srs_smooth_training,trial0406.mat,406,406,289,3,124,81,104,84,20,8,2,2,8,2,99,27129,2,0,2,1,2,1,1,2,1,2,CHOSE_HIGH_SAL,1,455,1,0,4,0,1,0,90,177,177,90,-87,90,1,0,185,1,175,1,174,174,NaN,NaN,NaN,1784569767.79888,12332.87508552,2.16661047935486,0.0125558376312256,0.305598497390747,1.09110927581787,1.10426616668701,1.42419934272766,1.47435855865479,1.47435855865479,-1,-1,1.74671483039856,293.042659759521,319.933176040649,50.159215927124,370.092391967773,Conflict,Left,Right,Left,Right,Left,0,1,0,1,1,0,1,0,1,1,0,1,0,0,1,0,0,1,1,290,230,20260720_t1327_srsSmooth_training_B003,82,62,20.8258116404215,1.62544202804565,1,2,89,1,0,0,1,1,1
20260720_t1327_srsSmooth_training,srs_smooth_training,trial0407.mat,407,407,290,3,125,82,104,84,20,8,2,2,8,2,90,406,2,0,2,1,2,1,1,2,1,2,CHOSE_HIGH_SAL,1,455,1,0,7,0,1,0,68,195,195,68,-127,68,1,0,200,10,160,10,150,150,NaN,NaN,NaN,1784569771.58334,12336.65951252,1.92386174201965,0.0199077129364014,0.147747993469238,0.947929620742798,0.961611747741699,1.24785184860229,1.28959202766418,1.28959202766418,-1,-1,1.52211904525757,127.840280532837,286.240100860596,41.7401790618896,327.980279922485,Conflict,Left,Right,Left,Right,Left,0,1,0,1,1,0,1,0,1,1,0,1,0,0,1,0,0,1,1,291,231,20260720_t1327_srsSmooth_training_B003,83,63,20.8888860583305,1.61785459518433,1,2,90,1,0,0,1,1,1
20260720_t1327_srsSmooth_training,srs_smooth_training,trial0409.mat,409,409,291,3,127,83,104,84,20,8,2,1,6,2,49,7586,2,0,2,1,2,1,2,1,2,1,CHOSE_HIGH_SAL,1,455,1,0,7,0,1,0,71,190,190,71,-119,190,1,180,191.5,18.5,11.5,161.5,-150,150,NaN,NaN,NaN,1784569776.97211,12342.0482162,2.01905584335327,0.0146875381469727,0.209382295608521,0.984555006027222,0.998060703277588,1.24294924736023,1.29274201393127,1.29274201393127,-1,-1,1.51542258262634,194.694757461548,244.888544082642,49.7927665710449,294.681310653687,Congruent,Left,Right,Right,Right,Right,0,1,1,0,1,1,0,1,1,0,1,0,0,0,1,1,0,0,1,292,232,20260720_t1327_srsSmooth_training_B003,84,64,20.9786988298098,3.46490454673767,1,2,68,1,1,1,0,0,1
20260720_t1327_srsSmooth_training,srs_smooth_training,trial0410.mat,410,410,292,3,128,84,104,84,20,8,2,2,8,2,102,15379,2,0,2,1,2,1,1,2,1,2,CHOSE_HIGH_SAL,1,455,1,0,7,0,1,0,83,188,188,83,-105,83,1,180,20,191,160,11,149,149,NaN,NaN,NaN,1784569780.6283,12345.70427368,2.05492663383484,0.0169763565063477,0.244928121566772,1.01978993415833,1.03368353843689,1.27866315841675,1.32886910438538,1.32886910438538,-1,-1,1.63631892204285,227.951765060425,244.979619979858,50.2059459686279,295.185565948486,Conflict,Left,Right,Left,Right,Left,0,1,0,1,1,0,1,0,1,1,0,1,0,0,1,0,0,1,1,293,233,20260720_t1327_srsSmooth_training_B003,85,65,21.0396353363991,1.63713455200195,2,1,190,1,1,1,0,0,1
20260720_t1327_srsSmooth_training,srs_smooth_training,trial0411.mat,411,411,293,3,129,85,104,84,20,8,2,1,6,2,53,20371,2,0,2,1,2,1,2,1,2,1,CHOSE_HIGH_SAL,1,455,1,0,5,0,1,0,80,177,177,80,-97,177,1,180,191,20,11,160,-149,149,NaN,NaN,NaN,1784569784.33412,12349.409927,2.00713157653809,0.0196399688720703,0.222921371459961,0.939318656921387,0.95301079750061,1.19787979125977,1.24762296676636,1.24762296676636,-1,-1,1.53236842155457,203.281402587891,244.868993759155,49.7431755065918,294.612169265747,Congruent,Left,Right,Right,Right,Right,0,1,1,0,1,1,0,1,1,0,1,0,0,0,1,1,0,0,1,294,234,20260720_t1327_srsSmooth_training_B003,86,66,21.1013989408811,1.65088963508606,1,2,83,1,1,1,0,0,1
20260720_t1327_srsSmooth_training,srs_smooth_training,trial0412.mat,412,412,294,3,130,86,104,84,20,8,2,1,6,2,51,20973,2,0,2,1,2,1,2,1,0,0,,0,11,0,1,1,0,1,0,66,179,179,66,-113,NaN,1,180,196,7.5,16,172.5,-156.5,156.5,NaN,NaN,NaN,1784569787.98452,12353.06026136,1.30602550506592,0.0193843841552734,0.21225380897522,0.964204788208008,0.977756261825562,1.21413350105286,-1,-1,-1,-1,-1,192.869424819946,236.377239227295,NaN,NaN,Congruent,Left,Right,None,Right,Right,0,1,1,0,0,NaN,NaN,NaN,NaN,NaN,NaN,NaN,NaN,0,1,1,0,0,0,294,NaN,20260720_t1327_srsSmooth_training_B003,NaN,NaN,21.1622389515241,1.64326906204224,NaN,NaN,NaN,0,NaN,NaN,NaN,NaN,0
20260720_t1327_srsSmooth_training,srs_smooth_training,trial0413.mat,413,413,294,3,131,86,104,84,20,8,2,1,6,2,42,26225,2,0,2,1,2,1,2,1,2,1,CHOSE_HIGH_SAL,1,455,1,0,2,0,1,0,109,175,175,109,-66,175,1,0,11,190,11,170,-159,159,NaN,NaN,NaN,1784569790.77664,12355.85257548,2.0094690322876,0.0190417766571045,0.213804244995117,0.997279405593872,1.01074767112732,1.25556445121765,1.30547165870667,1.30547165870667,-1,-1,1.53411507606506,194.762468338013,244.816780090332,49.9072074890137,294.723987579346,Congruent,Left,Right,Right,Right,Right,0,1,1,0,1,1,0,1,1,0,1,0,0,0,1,1,0,0,1,295,235,20260720_t1327_srsSmooth_training_B003,87,67,21.208774292469,1.48609495162964,2,1,177,1,0,0,1,1,1
20260720_t1327_srsSmooth_training,srs_smooth_training,trial0415.mat,415,415,295,3,133,87,104,84,20,8,2,2,8,2,89,24134,2,0,2,1,2,1,1,2,1,2,CHOSE_HIGH_SAL,1,455,1,0,7,0,1,0,102,184,184,102,-82,102,1,0,180,4.5,180,4.5,175.5,175.5,NaN,NaN,NaN,1784569796.39353,12361.46934736,1.93170237541199,0.0107073783874512,0.289106607437134,0.872430324554443,0.885742425918579,1.18002605438232,1.23041105270386,1.23041105270386,-1,-1,1.48073673248291,278.399229049683,294.283628463745,50.3849983215332,344.668626785278,Conflict,Left,Right,Left,Right,Left,0,1,0,1,1,0,1,0,1,1,0,1,0,0,1,0,0,1,1,296,236,20260720_t1327_srsSmooth_training_B003,88,68,21.302389117082,3.60742044448853,2,1,175,1,1,1,0,0,1
20260720_t1327_srsSmooth_training,srs_smooth_training,trial0416.mat,416,416,296,3,134,88,104,84,20,8,2,1,6,2,57,7749,2,0,2,1,2,1,2,1,2,1,CHOSE_HIGH_SAL,1,455,1,0,6,0,1,0,100,162,162,100,-62,162,1,0,7,180.5,7,179.5,-172.5,172.5,NaN,NaN,NaN,1784569799.94832,12365.02390076,1.962242603302,0.014392614364624,0.190122365951538,0.841828584671021,0.856092691421509,1.05846571922302,1.10933494567871,1.10933494567871,-1,-1,1.37524127960205,175.729751586914,202.373027801514,50.8692264556885,253.242254257202,Congruent,Left,Right,Right,Right,Right,0,1,1,0,1,1,0,1,1,0,1,0,0,0,1,1,0,0,1,297,237,20260720_t1327_srsSmooth_training_B003,89,69,21.3616355975469,1.62308645248413,1,2,102,1,1,1,0,0,1
20260720_t1327_srsSmooth_training,srs_smooth_training,trial0417.mat,417,417,297,3,135,89,104,84,20,8,2,2,7,2,81,7550,2,0,1,2,2,2,1,1,1,1,CHOSE_HIGH_SAL,1,455,1,0,2,0,1,0,99,186,186,99,-87,99,1,0,190,12.5,170,12.5,157.5,157.5,NaN,NaN,NaN,1784569803.68656,12368.76212988,1.70754885673523,0.0179653167724609,0.22122597694397,0.802519798278809,0.817996501922607,1.02912783622742,1.07738637924194,1.07738637924194,-1,-1,1.30215263366699,203.260660171509,211.13133430481,48.2585430145264,259.389877319336,Conflict,Right,Left,Right,Left,Right,0,1,0,1,1,1,1,0,1,0,0,1,0,1,0,1,0,1,1,298,238,20260720_t1327_srsSmooth_training_B003,90,70,21.4239396174749,1.77599859237671,2,1,162,1,1,0,0,1,1
20260720_t1327_srsSmooth_training,srs_smooth_training,trial0418.mat,418,418,298,3,136,90,104,84,20,8,2,1,5,2,39,15411,2,0,1,2,2,2,2,2,2,2,CHOSE_HIGH_SAL,1,455,1,0,5,0,1,0,97,190,190,97,-93,190,1,0,12.5,184,12.5,176,-163.5,163.5,NaN,NaN,NaN,1784569807.485,12372.5604232,2.16597175598145,0.0196728706359863,0.223101377487183,1.01489877700806,1.02804613113403,1.28120279312134,1.3295042514801,1.3295042514801,-1,-1,1.64502501487732,203.428506851196,253.156661987305,48.3014583587646,301.458120346069,Congruent,Right,Left,Left,Left,Left,0,1,1,0,1,0,0,1,1,1,1,0,0,1,0,0,0,0,1,299,239,20260720_t1327_srsSmooth_training_B003,91,71,21.4872469902039,2.09089350700378,1,1,99,1,1,1,0,0,1
20260720_t1327_srsSmooth_training,srs_smooth_training,trial0419.mat,419,419,299,3,137,91,104,84,20,8,2,2,8,2,95,27437,2,0,2,1,2,1,1,2,1,2,CHOSE_HIGH_SAL,1,455,1,0,7,0,1,0,84,189,189,84,-105,84,1,180,3,183,177,3,174,174,NaN,NaN,NaN,1784569811.28961,12376.36491684,1.8584725856781,0.015214204788208,0.201961278915405,0.859325170516968,0.873581171035767,1.06850004196167,1.11824798583984,1.11824798583984,-1,-1,1.43338060379028,186.747074127197,194.918870925903,49.7479438781738,244.666814804077,Conflict,Left,Right,Left,Right,Left,0,1,0,1,1,0,1,0,1,1,0,1,0,0,1,0,0,1,1,300,240,20260720_t1327_srsSmooth_training_B003,92,72,21.5506571173668,1.63863587379456,2,2,190,1,1,0,0,1,1
20260720_t1327_srsSmooth_training,srs_smooth_training,trial0420.mat,420,420,300,3,138,92,104,84,20,8,2,1,5,2,31,5841,2,0,1,2,2,2,2,2,0,0,,0,11,0,1,0,0,1,0,96,208,208,96,-112,NaN,1,0,4,185,4,175,-171,171,NaN,NaN,NaN,1784569814.76651,12379.84174812,0.116242170333862,0.013446569442749,0.0450141429901123,-1,-1,-1,-1,-1,-1,-1,-1,31.5675735473633,NaN,NaN,NaN,Congruent,Right,Left,None,Left,Left,0,1,1,0,0,NaN,NaN,NaN,NaN,NaN,NaN,NaN,NaN,1,0,0,0,0,0,300,NaN,20260720_t1327_srsSmooth_training_B003,NaN,NaN,21.6086055119832,1.61843109130859,NaN,NaN,NaN,0,NaN,NaN,NaN,NaN,0
20260720_t1327_srsSmooth_training,srs_smooth_training,trial0421.mat,421,421,300,3,139,92,104,84,20,8,2,1,5,2,32,1142,2,0,1,2,2,2,2,2,2,2,CHOSE_HIGH_SAL,1,455,1,0,3,0,1,0,81,174,174,81,-93,174,1,180,199,13.5,19,166.5,-147.5,147.5,NaN,NaN,NaN,1784569816.3768,12381.452018,2.07396864891052,0.0115542411804199,0.25622034072876,1.0398051738739,1.05326128005981,1.31439328193665,1.36423110961914,1.36423110961914,-1,-1,1.60353565216064,244.66609954834,261.132001876831,49.8378276824951,310.969829559326,Congruent,Right,Left,Left,Left,Left,0,1,1,0,1,0,0,1,1,1,1,0,0,1,0,0,0,0,1,301,241,20260720_t1327_srsSmooth_training_B003,93,73,21.6354436715444,1.49404740333557,1,2,84,1,1,0,0,1,1
20260720_t1327_srsSmooth_training,srs_smooth_training,trial0422.mat,422,422,301,3,140,93,104,84,20,8,2,2,8,2,101,17670,2,0,2,1,2,1,1,2,1,2,CHOSE_HIGH_SAL,1,455,1,0,6,0,1,0,105,164,164,105,-59,105,1,180,9,199.5,171,19.5,151.5,151.5,NaN,NaN,NaN,1784569820.07966,12385.1549174,1.95442199707031,0.0171713829040527,0.220575332641602,0.987281084060669,1.00054335594177,1.2540283203125,1.30336928367615,1.30336928367615,-1,-1,1.54628753662109,203.403949737549,253.484964370728,49.3409633636475,302.825927734375,Conflict,Left,Right,Left,Right,Left,0,1,0,1,1,0,1,0,1,1,0,1,0,0,1,0,0,1,1,302,242,20260720_t1327_srsSmooth_training_B003,94,74,21.697158018748,1.62889218330383,2,2,174,1,1,0,0,1,1
20260720_t1327_srsSmooth_training,srs_smooth_training,trial0423.mat,423,423,302,3,141,94,104,84,20,8,2,2,7,2,71,658,2,0,1,2,2,2,1,1,1,1,CHOSE_HIGH_SAL,1,455,1,0,4,0,1,0,65,181,181,65,-116,65,1,180,0,181,180,1,179,179,NaN,NaN,NaN,1784569823.66565,12388.740773,1.85998582839966,0.014660120010376,0.200984001159668,0.884459972381592,0.898028135299683,1.19310736656189,1.24280500411987,1.24280500411987,-1,-1,1.49913191795349,186.323881149292,295.079231262207,49.6976375579834,344.77686882019,Conflict,Right,Left,Right,Left,Right,0,1,0,1,1,1,1,0,1,0,0,1,0,1,0,1,0,1,1,303,243,20260720_t1327_srsSmooth_training_B003,95,75,21.756924422582,1.63156223297119,1,2,105,1,0,1,1,0,1
20260720_t1327_srsSmooth_training,srs_smooth_training,trial0424.mat,424,424,303,3,142,95,104,84,20,8,2,2,8,2,91,19125,2,0,2,1,2,1,1,2,1,2,CHOSE_HIGH_SAL,1,455,1,0,3,0,1,0,91,154,154,91,-63,91,1,180,16,193.5,164,13.5,150.5,150.5,NaN,NaN,NaN,1784569827.16464,12392.23972804,1.90299081802368,0.0157973766326904,0.19420862197876,0.950227499008179,0.965835332870483,1.21952843666077,1.25887370109558,1.25887370109558,-1,-1,1.50912594795227,178.411245346069,253.693103790283,39.3452644348145,293.038368225098,Conflict,Left,Right,Left,Right,Left,0,1,0,1,1,0,1,0,1,1,0,1,0,0,1,0,0,1,1,304,244,20260720_t1327_srsSmooth_training_B003,96,76,21.8152410666148,1.63901281356812,1,1,65,1,0,1,1,0,1
20260720_t1327_srsSmooth_training,srs_smooth_training,trial0425.mat,425,425,304,3,143,96,104,84,20,8,2,1,6,2,46,19973,2,0,2,1,2,1,2,1,2,1,CHOSE_HIGH_SAL,1,455,1,0,5,0,1,0,80,158,158,80,-78,158,1,0,4,195,4,165,-161,161,NaN,NaN,NaN,1784569830.91721,12395.9923068,1.99236512184143,0.0133731365203857,0.241360664367676,0.991529703140259,1.00507879257202,1.19992065429688,1.24918270111084,1.24918270111084,-1,-1,1.48207712173462,227.98752784729,194.841861724854,49.2620468139648,244.103908538818,Congruent,Left,Right,Right,Right,Right,0,1,1,0,1,1,0,1,1,0,1,0,0,0,1,1,0,0,1,305,245,20260720_t1327_srsSmooth_training_B003,97,77,21.8777839064598,1.84957957267761,1,2,91,1,1,1,0,0,1
20260720_t1327_srsSmooth_training,srs_smooth_training,trial0426.mat,426,426,305,3,144,97,104,84,20,8,2,2,8,2,104,30855,2,0,2,1,2,1,1,2,1,2,CHOSE_HIGH_SAL,1,455,1,0,7,0,1,0,96,185,185,96,-89,96,1,180,10.5,199.5,169.5,19.5,150,150,NaN,NaN,NaN,1784569834.56346,12399.63837876,1.9293909072876,0.0172665119171143,0.245524168014526,0.91221284866333,0.92563533782959,1.16177153587341,1.21221470832825,1.21221470832825,-1,-1,1.50325155258179,228.257656097412,236.136198043823,50.443172454834,286.579370498657,Conflict,Left,Right,Left,Right,Left,0,1,0,1,1,0,1,0,1,1,0,1,0,0,1,0,0,1,1,306,246,20260720_t1327_srsSmooth_training_B003,98,78,21.9385547161102,1.65388345718384,2,1,158,1,1,1,0,0,1
20260720_t1327_srsSmooth_training,srs_smooth_training,trial0427.mat,427,427,306,3,145,98,104,84,20,8,2,2,7,2,82,10526,2,0,1,2,2,2,1,1,1,1,CHOSE_HIGH_SAL,1,455,1,0,6,0,1,0,106,192,192,106,-86,106,1,180,3,185.5,177,5.5,171.5,171.5,NaN,NaN,NaN,1784569838.13899,12403.21382688,1.82910752296448,0.0168800354003906,0.167491912841797,0.819946527481079,0.83357834815979,1.07895231246948,1.13703155517578,1.13703155517578,-1,-1,1.3884003162384,150.611877441406,245.373964309692,58.0792427062988,303.453207015991,Conflict,Right,Left,Right,Left,Right,0,1,0,1,1,1,1,0,1,0,0,1,0,1,0,1,0,1,1,307,247,20260720_t1327_srsSmooth_training_B003,99,79,21.9981468041738,1.64613437652588,1,2,96,1,0,1,1,0,1
20260720_t1327_srsSmooth_training,srs_smooth_training,trial0428.mat,428,428,307,3,146,99,104,84,20,8,2,2,7,2,77,30175,2,0,1,2,2,2,1,1,1,1,CHOSE_HIGH_SAL,1,455,1,0,5,0,1,0,84,199,199,84,-115,84,1,180,19.5,184,160.5,4,156.5,156.5,NaN,NaN,NaN,1784569841.60393,12406.67861592,1.6396918296814,0.0187380313873291,0.246819496154785,0.763676404953003,0.777101039886475,0.947142124176025,0.997314453125,0.997314453125,-1,-1,1.25610637664795,228.081464767456,170.041084289551,50.1723289489746,220.213413238525,Conflict,Right,Left,Right,Left,Right,0,1,0,1,1,1,1,0,1,0,0,1,0,1,0,1,0,1,1,308,248,20260720_t1327_srsSmooth_training_B003,100,80,22.0558958570162,1.63583564758301,1,1,106,1,0,0,1,1,1
20260720_t1327_srsSmooth_training,srs_smooth_training,trial0429.mat,429,429,308,3,147,100,104,84,20,8,2,1,6,2,51,20973,2,0,2,1,2,1,2,1,2,1,CHOSE_HIGH_SAL,1,455,1,0,5,0,1,0,70,172,172,70,-102,172,1,180,184,6.5,4,173.5,-169.5,169.5,NaN,NaN,NaN,1784569844.88094,12409.95564416,1.89602088928223,0.0168545246124268,0.237001657485962,0.812048196792603,0.825219631195068,1.10966753959656,1.16194820404053,1.16194820404053,-1,-1,1.39398241043091,220.147132873535,284.447908401489,52.2806644439697,336.728572845459,Congruent,Left,Right,Right,Right,Right,0,1,1,0,1,1,0,1,1,0,1,0,0,0,1,1,0,0,1,309,249,20260720_t1327_srsSmooth_training_B003,101,81,22.1105126976967,1.63731861114502,1,1,84,1,1,0,0,1,1
20260720_t1327_srsSmooth_training,srs_smooth_training,trial0430.mat,430,430,309,3,148,101,104,84,20,8,2,1,5,2,31,5841,2,0,1,2,2,2,2,2,2,2,CHOSE_HIGH_SAL,1,455,1,0,4,0,1,0,101,190,190,101,-89,190,1,180,191.5,15.5,11.5,164.5,-153,153,NaN,NaN,NaN,1784569849.5209,12414.59542452,1.91579937934875,0.0187397003173828,0.180439710617065,0.846984148025513,0.860438585281372,1.10498952865601,1.15263724327087,1.15263724327087,-1,-1,1.4208619594574,161.700010299683,244.550943374634,47.6477146148682,292.198657989502,Congruent,Right,Left,Left,Left,Left,0,1,1,0,1,0,0,1,1,1,1,0,0,1,0,0,0,0,1,310,250,20260720_t1327_srsSmooth_training_B003,102,82,22.1878453969955,2.74394106864929,2,1,172,1,0,1,1,0,1
20260720_t1327_srsSmooth_training,srs_smooth_training,trial0431.mat,431,431,310,3,149,102,104,84,20,8,2,1,5,2,21,1433,2,0,1,2,2,2,2,2,0,0,,0,11,0,1,1,0,1,0,97,173,173,97,-76,NaN,1,0,13.5,197,13.5,163,-149.5,149.5,NaN,NaN,NaN,1784569853.06163,12418.13619608,0.144461154937744,0.0198156833648682,0.0263071060180664,-1,-1,-1,-1,-1,-1,-1,-1,6.49142265319824,NaN,NaN,NaN,Congruent,Right,Left,None,Left,Left,0,1,1,0,0,NaN,NaN,NaN,NaN,NaN,NaN,NaN,NaN,1,0,0,0,0,0,310,NaN,20260720_t1327_srsSmooth_training_B003,NaN,NaN,22.2468575278918,1.62492847442627,NaN,NaN,NaN,0,NaN,NaN,NaN,NaN,0
20260720_t1327_srsSmooth_training,srs_smooth_training,trial0432.mat,432,432,310,3,150,102,104,84,20,8,2,2,7,2,63,5977,2,0,1,2,2,2,1,1,1,1,CHOSE_HIGH_SAL,1,455,1,0,3,0,1,0,83,159,159,83,-76,83,1,0,200,9,160,9,151,151,NaN,NaN,NaN,1784569854.68905,12419.763528,1.9375696182251,0.0174617767333984,0.269853115081787,1.05383038520813,1.06750273704529,1.2451548576355,1.29539370536804,1.29539370536804,-1,-1,1.52020931243896,252.391338348389,177.65212059021,50.2388477325439,227.890968322754,Conflict,Right,Left,Right,Left,Right,0,1,0,1,1,1,1,0,1,0,0,1,0,1,0,1,0,1,1,311,251,20260720_t1327_srsSmooth_training_B003,103,83,22.2739811460177,1.48295593261719,2,2,190,1,1,1,0,0,1
20260720_t1327_srsSmooth_training,srs_smooth_training,trial0433.mat,433,433,311,3,151,103,104,84,20,8,2,1,5,2,21,1433,2,0,1,2,2,2,2,2,2,2,CHOSE_HIGH_SAL,1,455,1,0,4,0,1,0,95,175,175,95,-80,175,1,0,3.5,190.5,3.5,169.5,-166,166,NaN,NaN,NaN,1784569858.27147,12423.3459624,1.90482902526855,0.0185091495513916,0.244798898696899,0.871821403503418,0.885209798812866,1.12185597419739,1.16974329948425,1.16974329948425,-1,-1,1.39412188529968,226.289749145508,236.646175384521,47.8873252868652,284.533500671387,Congruent,Right,Left,Left,Left,Left,0,1,1,0,1,0,0,1,1,1,1,0,0,1,0,0,0,0,1,312,252,20260720_t1327_srsSmooth_training_B003,104,84,22.333688223362,1.64485502243042,1,1,83,1,1,1,0,0,1
