SessionID,ExperimentType,FileName,FileTrialIndex,Attempt,GoodTrialIndexBefore,Block,BlockAttempt,BlockGoodBefore,ExpectedTrialsInBlock,ExpectedChoiceTrialsInBlock,ExpectedInstructionTrialsInBlock,TotalBlocksTarget,BlockRichTarget,TrialType,ConditionID,SchedulePhase,CurrentScheduleRow,TrialSeed,NStim,SingleTargetID,T1Side,T2Side,RichTarget,RichSide,HighSalienceTarget,HighSalienceSide,ChosenTarget,ChosenSide,Outcome,OutcomeCode,TrialEndState,GoodTrial,TrialRepeatFlag,MissedFrames,PassEye,PassJoy,MouseEyeSim,RewardT1Ms,RewardT2Ms,ActualRichRewardMs,ActualPoorRewardMs,RewardDifferenceT1MinusT2Ms,ChosenRewardMs,SalienceType,BackgroundHueDeg,HueT1Deg,HueT2Deg,HueContrastT1Deg,HueContrastT2Deg,HueContrastDifferenceT1MinusT2Deg,HueContrastMagnitudeDeg,MeasuredLuminanceT1CdM2,MeasuredLuminanceT2CdM2,MeasuredLuminanceDifferenceT1MinusT2CdM2,TrialStartPTB,TrialStartDP,TrialDurationSec,FixOnSec,FixAcquiredSec,FixHoldReqMetSec,FixOffSec,SaccadeOnsetSec,SaccadeOffsetSec,TargetAcquiredSec,JoyPressSec,JoyReleaseSec,RewardTimeSec,FixAcquisitionLatencyMs,ReactionTimeMs,SaccadeDurationMs,TargetAcquisitionLatencyMs,TrialTypeLabel,T1SideLabel,T2SideLabel,ChosenSideLabel,RichSideLabel,HighSalienceSideLabel,IsInstruction,IsChoice,IsCongruent,IsConflict,GoodChoice,ChoseRight,ChoseT1,ChoseRich,ChoseHighSalience,ChoseLeft,ChoseT2,ChosePoor,ChoseLowSalience,T1OnRight,RichOnRight,HighSalienceOnRight,T1IsRich,T1IsHighSalience,ChoiceMappingValid,GoodTrialOrdinal,ChoiceOrdinal,BlockUID,GoodTrialInBlock,ChoiceInBlock,SessionElapsedMin,PreTrialIntervalSec,PreviousChosenTarget,PreviousChosenSide,PreviousRewardMs,PreviousChoiceSameBlock,SwitchedTarget,SwitchedSide,StayedTarget,StayedSide,RealEyeChoice
20260804_t1517_srsSmooth_Moretraining,srs_smooth_Moretraining,trial0001.mat,1,1,0,1,1,0,90,40,50,8,1,0,4,1,39,20758,1,2,1,2,1,1,2,2,2,2,SINGLE_T2_CORRECT,11,455,1,0,0,0,0,0,162,47,162,47,115,47,1,180,190,0,10,180,-170,170,NaN,NaN,NaN,1785871068.87649,18611.4152154,2.08652377128601,0.0238814353942871,0.224295854568481,0.824470996856689,1.24059534072876,1.45811748504639,1.49967169761658,1.49967169761658,-1,-1,1.72789120674133,200.414419174194,217.522144317627,41.5542125701904,259.076356887817,Instruction,Right,Left,Left,Right,Left,1,0,0,0,0,NaN,NaN,NaN,NaN,NaN,NaN,NaN,NaN,1,1,0,1,0,0,1,NaN,20260804_t1517_srsSmooth_Moretraining_B001,1,NaN,0,NaN,NaN,NaN,NaN,0,NaN,NaN,NaN,NaN,0
20260804_t1517_srsSmooth_Moretraining,srs_smooth_Moretraining,trial0002.mat,2,2,1,1,2,1,90,40,50,8,1,0,4,1,48,19831,1,2,1,2,1,1,2,2,2,2,SINGLE_T2_CORRECT,11,455,1,0,0,0,0,0,157,5,157,5,152,5,1,180,190,0,10,180,-170,170,NaN,NaN,NaN,1785871073.10474,18615.64345884,2.32467937469482,0.0124592781066895,0.254694938659668,0.929874420166016,1.44584846496582,1.72978806495667,1.77131772041321,1.77131772041321,-1,-1,1.99864149093628,242.235660552979,283.939599990845,41.529655456543,325.469255447388,Instruction,Right,Left,Left,Right,Left,1,0,0,0,0,NaN,NaN,NaN,NaN,NaN,NaN,NaN,NaN,1,1,0,1,0,0,2,NaN,20260804_t1517_srsSmooth_Moretraining_B001,2,NaN,0.0704708655675252,2.1417281627655,NaN,NaN,NaN,0,NaN,NaN,NaN,NaN,0
20260804_t1517_srsSmooth_Moretraining,srs_smooth_Moretraining,trial0017.mat,17,17,2,1,17,2,90,40,50,8,1,0,4,1,46,12039,1,2,1,2,1,1,2,2,2,2,SINGLE_T2_CORRECT,11,455,1,0,0,0,0,0,167,16,167,16,151,16,1,0,10,180,10,180,-170,170,NaN,NaN,NaN,1785871095.49571,18638.03390972,2.17681455612183,0.0140306949615479,0.231188297271729,0.856103420257568,1.31408023834229,1.59802842140198,1.63112568855286,1.63112568855286,-1,-1,1.85894703865051,217.157602310181,283.948183059692,33.0972671508789,317.045450210571,Instruction,Right,Left,Left,Right,Left,1,0,0,0,0,NaN,NaN,NaN,NaN,NaN,NaN,NaN,NaN,1,1,0,1,0,0,3,NaN,20260804_t1517_srsSmooth_Moretraining_B001,3,NaN,0.44365359544754,20.0662844181061,NaN,NaN,NaN,0,NaN,NaN,NaN,NaN,0
20260804_t1517_srsSmooth_Moretraining,srs_smooth_Moretraining,trial0018.mat,18,18,3,1,18,3,90,40,50,8,1,0,1,1,5,24295,1,1,1,2,1,1,1,1,1,1,SINGLE_T1_CORRECT,10,455,1,0,0,0,0,0,171,29,171,29,142,171,1,180,0,190,180,10,170,170,NaN,NaN,NaN,1785871098.81917,18641.35732944,2.36190915107727,0.0156996250152588,0.241158962249756,0.857762575149536,1.24074673652649,1.61629152297974,1.64948201179504,1.64948201179504,-1,-1,1.88573026657104,225.459337234497,375.544786453247,33.1904888153076,408.735275268555,Instruction,Right,Left,Right,Right,Right,1,0,0,0,0,NaN,NaN,NaN,NaN,NaN,NaN,NaN,NaN,1,1,1,1,1,0,4,NaN,20260804_t1517_srsSmooth_Moretraining_B001,4,NaN,0.499044593175252,1.14664530754089,NaN,NaN,NaN,0,NaN,NaN,NaN,NaN,0
20260804_t1517_srsSmooth_Moretraining,srs_smooth_Moretraining,trial0019.mat,19,19,4,1,19,4,90,40,50,8,1,0,3,1,34,27571,1,2,2,1,1,2,2,1,2,1,SINGLE_T2_CORRECT,11,455,1,0,0,0,0,0,163,26,163,26,137,26,1,0,10,180,10,180,-170,170,NaN,NaN,NaN,1785871102.348,18644.88602612,2.20788383483887,0.012000560760498,0.229151248931885,0.787314176559448,1.1703782081604,1.58746743202209,1.6292450428009,1.6292450428009,-1,-1,1.88142037391663,217.150688171387,417.089223861694,41.7776107788086,458.866834640503,Instruction,Left,Right,Right,Left,Right,1,0,0,0,0,NaN,NaN,NaN,NaN,NaN,NaN,NaN,NaN,0,0,1,1,0,0,5,NaN,20260804_t1517_srsSmooth_Moretraining_B001,5,NaN,0.557858530680339,1.16692709922791,NaN,NaN,NaN,0,NaN,NaN,NaN,NaN,0
20260804_t1517_srsSmooth_Moretraining,srs_smooth_Moretraining,trial0020.mat,20,20,5,1,20,5,90,40,50,8,1,0,4,1,49,15206,1,2,1,2,1,1,2,2,2,2,SINGLE_T2_CORRECT,11,455,1,0,0,0,0,0,182,50,182,50,132,50,1,180,190,0,10,180,-170,170,NaN,NaN,NaN,1785871105.68692,18648.22499724,2.37692284584045,0.0148782730102539,0.240344524383545,1.04034972190857,1.45660138130188,1.69868350028992,1.73197865486145,1.73197865486145,-1,-1,2.02587175369263,225.466251373291,242.082118988037,33.2951545715332,275.37727355957,Instruction,Right,Left,Left,Right,Left,1,0,0,0,0,NaN,NaN,NaN,NaN,NaN,NaN,NaN,NaN,1,1,0,1,0,0,6,NaN,20260804_t1517_srsSmooth_Moretraining_B001,6,NaN,0.613507167498271,1.13103437423706,NaN,NaN,NaN,0,NaN,NaN,NaN,NaN,0
20260804_t1517_srsSmooth_Moretraining,srs_smooth_Moretraining,trial0021.mat,21,21,6,1,21,6,90,40,50,8,1,0,2,1,24,17518,1,1,2,1,1,2,1,2,1,2,SINGLE_T1_CORRECT,10,455,1,0,0,0,0,0,170,66,170,66,104,170,1,180,0,190,180,10,170,170,NaN,NaN,NaN,1785871109.20274,18651.74068624,2.20345520973206,0.0158662796020508,0.191664457321167,0.883304119110107,1.22424650192261,1.44171977043152,1.48415279388428,1.48415279388428,-1,-1,1.73514318466187,175.798177719116,217.473268508911,42.4330234527588,259.90629196167,Instruction,Left,Right,Left,Left,Left,1,0,0,0,0,NaN,NaN,NaN,NaN,NaN,NaN,NaN,NaN,0,0,0,1,1,0,7,NaN,20260804_t1517_srsSmooth_Moretraining_B001,7,NaN,0.672104096412659,1.13889288902283,NaN,NaN,NaN,0,NaN,NaN,NaN,NaN,0
20260804_t1517_srsSmooth_Moretraining,srs_smooth_Moretraining,trial0022.mat,22,22,7,1,22,7,90,40,50,8,1,0,4,1,40,15688,1,2,1,2,1,1,2,2,0,0,,0,11,0,1,0,0,0,0,173,44,173,44,129,NaN,1,0,10,180,10,180,-170,170,NaN,NaN,NaN,1785871112.54495,18655.08273308,0.310366153717041,0.0154538154602051,0.241251945495605,-1,-1,-1,-1,-1,-1,-1,-1,225.7981300354,NaN,NaN,NaN,Instruction,Right,Left,None,Right,Left,1,0,0,0,0,NaN,NaN,NaN,NaN,NaN,NaN,NaN,NaN,1,1,0,1,0,0,7,NaN,20260804_t1517_srsSmooth_Moretraining_B001,NaN,NaN,0.727807573477427,1.13875341415405,NaN,NaN,NaN,0,NaN,NaN,NaN,NaN,0
20260804_t1517_srsSmooth_Moretraining,srs_smooth_Moretraining,trial0023.mat,23,23,7,1,23,7,90,40,50,8,1,0,1,1,12,15016,1,1,1,2,1,1,1,1,1,1,SINGLE_T1_CORRECT,10,455,1,0,0,0,0,0,154,39,154,39,115,154,1,0,180,10,180,10,170,170,NaN,NaN,NaN,1785871113.90559,18656.44347056,2.51778197288513,0.0131933689117432,0.238619327545166,0.797114133834839,1.38824772834778,1.72248601913452,1.76401567459106,1.76401567459106,-1,-1,2.06580471992493,225.425958633423,334.238290786743,41.529655456543,375.767946243286,Instruction,Right,Left,Right,Right,Right,1,0,0,0,0,NaN,NaN,NaN,NaN,NaN,NaN,NaN,NaN,1,1,1,1,1,0,8,NaN,20260804_t1517_srsSmooth_Moretraining_B001,8,NaN,0.750485014915466,1.05028033256531,NaN,NaN,NaN,0,NaN,NaN,NaN,NaN,0
20260804_t1517_srsSmooth_Moretraining,srs_smooth_Moretraining,trial0024.mat,24,24,8,1,24,8,90,40,50,8,1,0,2,1,22,1065,1,1,2,1,1,2,1,2,1,2,SINGLE_T1_CORRECT,10,455,1,0,0,0,0,0,147,32,147,32,115,147,1,0,180,10,180,10,170,170,NaN,NaN,NaN,1785871117.58371,18660.1215496,2.36420249938965,0.0185546875,0.235604524612427,0.810713529586792,1.34360647201538,1.57744908332825,1.61897373199463,1.61897373199463,-1,-1,1.91325306892395,217.049837112427,233.842611312866,41.5246486663818,275.367259979248,Instruction,Left,Right,Left,Left,Left,1,0,0,0,0,NaN,NaN,NaN,NaN,NaN,NaN,NaN,NaN,0,0,0,1,1,0,9,NaN,20260804_t1517_srsSmooth_Moretraining_B001,9,NaN,0.811786945660909,1.16033387184143,NaN,NaN,NaN,0,NaN,NaN,NaN,NaN,0
20260804_t1517_srsSmooth_Moretraining,srs_smooth_Moretraining,trial0025.mat,25,25,9,1,25,9,90,40,50,8,1,0,2,1,21,18512,1,1,2,1,1,2,1,2,1,2,SINGLE_T1_CORRECT,10,455,1,0,0,0,0,0,147,32,147,32,115,147,1,0,180,10,180,10,170,170,NaN,NaN,NaN,1785871121.13373,18663.6713562,2.42347145080566,0.018669605255127,0.26067066192627,0.885891675949097,1.393723487854,1.6945903301239,1.72763133049011,1.72763133049011,-1,-1,1.97167277336121,242.001056671143,300.866842269897,33.0410003662109,333.907842636108,Instruction,Left,Right,Left,Left,Left,1,0,0,0,0,NaN,NaN,NaN,NaN,NaN,NaN,NaN,NaN,0,0,0,1,1,0,10,NaN,20260804_t1517_srsSmooth_Moretraining_B001,10,NaN,0.870953996976217,1.18582057952881,NaN,NaN,NaN,0,NaN,NaN,NaN,NaN,0
20260804_t1517_srsSmooth_Moretraining,srs_smooth_Moretraining,trial0027.mat,27,27,10,1,27,10,90,40,50,8,1,0,2,1,25,12465,1,1,2,1,1,2,1,2,1,2,SINGLE_T1_CORRECT,10,455,1,0,0,0,0,0,154,29,154,29,125,154,1,180,0,190,180,10,170,170,NaN,NaN,NaN,1785871126.04969,18668.5873646,2.24928164482117,0.0112354755401611,0.211884021759033,0.828315734863281,1.26961755752563,1.50353360176086,1.54522323608398,1.54522323608398,-1,-1,1.79731631278992,200.648546218872,233.916044235229,41.6896343231201,275.60567855835,Instruction,Left,Right,Left,Left,Left,1,0,0,0,0,NaN,NaN,NaN,NaN,NaN,NaN,NaN,NaN,0,0,0,1,1,0,11,NaN,20260804_t1517_srsSmooth_Moretraining_B001,11,NaN,0.952886644999186,2.49248743057251,NaN,NaN,NaN,0,NaN,NaN,NaN,NaN,0
20260804_t1517_srsSmooth_Moretraining,srs_smooth_Moretraining,trial0028.mat,28,28,11,1,28,11,90,40,50,8,1,0,1,1,9,15145,1,1,1,2,1,1,1,1,1,1,SINGLE_T1_CORRECT,10,455,1,0,0,0,0,0,156,57,156,57,99,156,1,0,180,10,180,10,170,170,NaN,NaN,NaN,1785871129.43861,18671.97621024,2.20135402679443,0.0141193866729736,0.306333303451538,0.822800636291504,1.18083095550537,1.4565167427063,1.49789667129517,1.49789667129517,-1,-1,1.7415919303894,292.213916778564,275.685787200928,41.3799285888672,317.065715789795,Instruction,Right,Left,Right,Right,Right,1,0,0,0,0,NaN,NaN,NaN,NaN,NaN,NaN,NaN,NaN,1,1,1,1,1,0,12,NaN,20260804_t1517_srsSmooth_Moretraining_B001,12,NaN,1.00936857064565,1.13963389396667,NaN,NaN,NaN,0,NaN,NaN,NaN,NaN,0
20260804_t1517_srsSmooth_Moretraining,srs_smooth_Moretraining,trial0029.mat,29,29,12,1,29,12,90,40,50,8,1,0,1,1,10,20402,1,1,1,2,1,1,1,1,1,1,SINGLE_T1_CORRECT,10,455,1,0,0,0,0,0,188,24,188,24,164,188,1,180,0,190,180,10,170,170,NaN,NaN,NaN,1785871132.79279,18675.33017316,2.58102035522461,0.0183951854705811,0.294063806533813,1.04382038116455,1.48511910438538,1.76071929931641,1.80233669281006,1.80233669281006,-1,-1,2.09622883796692,275.668621063232,275.60019493103,41.6173934936523,317.217588424683,Instruction,Right,Left,Right,Right,Right,1,0,0,0,0,NaN,NaN,NaN,NaN,NaN,NaN,NaN,NaN,1,1,1,1,1,0,13,NaN,20260804_t1517_srsSmooth_Moretraining_B001,13,NaN,1.0652717034022,1.15283393859863,NaN,NaN,NaN,0,NaN,NaN,NaN,NaN,0
20260804_t1517_srsSmooth_Moretraining,srs_smooth_Moretraining,trial0030.mat,30,30,13,1,30,13,90,40,50,8,1,0,4,1,45,11885,1,2,1,2,1,1,2,2,2,2,SINGLE_T2_CORRECT,11,455,1,0,0,0,0,0,171,26,171,26,145,26,1,180,190,0,10,180,-170,170,NaN,NaN,NaN,1785871136.51957,18679.05697968,2.24590611457825,0.0167703628540039,0.242372751235962,0.792502880096436,1.34182238578796,1.57592868804932,1.60917830467224,1.60917830467224,-1,-1,1.91965413093567,225.602388381958,234.106302261353,33.2496166229248,267.355918884277,Instruction,Right,Left,Left,Right,Left,1,0,0,0,0,NaN,NaN,NaN,NaN,NaN,NaN,NaN,NaN,1,1,0,1,0,0,14,NaN,20260804_t1517_srsSmooth_Moretraining_B001,14,NaN,1.12738454739253,1.14575028419495,NaN,NaN,NaN,0,NaN,NaN,NaN,NaN,0
20260804_t1517_srsSmooth_Moretraining,srs_smooth_Moretraining,trial0031.mat,31,31,14,1,31,14,90,40,50,8,1,0,1,1,6,13290,1,1,1,2,1,1,1,1,1,1,SINGLE_T1_CORRECT,10,455,1,0,0,0,0,0,166,41,166,41,125,166,1,0,180,10,180,10,170,170,NaN,NaN,NaN,1785871139.8996,18682.43694688,2.33294057846069,0.0118710994720459,0.229016065597534,0.804057121276855,1.25358605384827,1.52905440330505,1.57072997093201,1.57072997093201,-1,-1,1.86429309844971,217.144966125488,275.468349456787,41.6755676269531,317.14391708374,Instruction,Right,Left,Right,Right,Right,1,0,0,0,0,NaN,NaN,NaN,NaN,NaN,NaN,NaN,NaN,1,1,1,1,1,0,15,NaN,20260804_t1517_srsSmooth_Moretraining_B001,15,NaN,1.18371840318044,1.13412523269653,NaN,NaN,NaN,0,NaN,NaN,NaN,NaN,0
20260804_t1517_srsSmooth_Moretraining,srs_smooth_Moretraining,trial0032.mat,32,32,15,1,32,15,90,40,50,8,1,0,3,1,31,23043,1,2,2,1,1,2,2,1,2,1,SINGLE_T2_CORRECT,11,455,1,0,0,0,0,0,149,59,149,59,90,59,1,180,190,0,10,180,-170,170,NaN,NaN,NaN,1785871143.38396,18685.9212782,2.34025382995605,0.0109741687774658,0.219793081283569,0.945039987564087,1.36102724075317,1.62844824790955,1.67001056671143,1.67001056671143,-1,-1,1.98065185546875,208.818912506104,267.421007156372,41.5623188018799,308.983325958252,Instruction,Left,Right,Right,Left,Right,1,0,0,0,0,NaN,NaN,NaN,NaN,NaN,NaN,NaN,NaN,0,0,1,1,0,0,16,NaN,20260804_t1517_srsSmooth_Moretraining_B001,16,NaN,1.24179116884867,1.1514253616333,NaN,NaN,NaN,0,NaN,NaN,NaN,NaN,0
20260804_t1517_srsSmooth_Moretraining,srs_smooth_Moretraining,trial0033.mat,33,33,16,1,33,16,90,40,50,8,1,0,4,1,50,25014,1,2,1,2,1,1,2,2,2,2,SINGLE_T2_CORRECT,11,455,1,0,0,0,0,0,174,30,174,30,144,30,1,180,190,0,10,180,-170,170,NaN,NaN,NaN,1785871146.86729,18689.40445716,2.29803681373596,0.0111169815063477,0.261502265930176,0.961965084075928,1.41950511932373,1.67004942893982,1.70329666137695,1.70329666137695,-1,-1,1.9638614654541,250.385284423828,250.544309616089,33.2472324371338,283.791542053223,Instruction,Right,Left,Left,Right,Left,1,0,0,0,0,NaN,NaN,NaN,NaN,NaN,NaN,NaN,NaN,1,1,0,1,0,0,17,NaN,20260804_t1517_srsSmooth_Moretraining_B001,17,NaN,1.29984662135442,1.14307332038879,NaN,NaN,NaN,0,NaN,NaN,NaN,NaN,0
20260804_t1517_srsSmooth_Moretraining,srs_smooth_Moretraining,trial0034.mat,34,34,17,1,34,17,90,40,50,8,1,0,2,1,16,24749,1,1,2,1,1,2,1,2,1,2,SINGLE_T1_CORRECT,10,455,1,0,0,0,0,0,161,24,161,24,137,161,1,0,180,10,180,10,170,170,NaN,NaN,NaN,1785871150.30439,18692.84158952,2.66212034225464,0.0158224105834961,0.266197681427002,1.05828213691711,1.64921927452087,1.92470264434814,1.95818018913269,1.95818018913269,-1,-1,2.2020959854126,250.375270843506,275.483369827271,33.4775447845459,308.960914611816,Instruction,Left,Right,Left,Left,Left,1,0,0,0,0,NaN,NaN,NaN,NaN,NaN,NaN,NaN,NaN,0,0,0,1,1,0,18,NaN,20260804_t1517_srsSmooth_Moretraining_B001,18,NaN,1.35713154872259,1.13905882835388,NaN,NaN,NaN,0,NaN,NaN,NaN,NaN,0
20260804_t1517_srsSmooth_Moretraining,srs_smooth_Moretraining,trial0035.mat,35,35,18,1,35,18,90,40,50,8,1,0,1,1,2,26969,1,1,1,2,1,1,1,1,1,1,SINGLE_T1_CORRECT,10,455,1,0,0,0,0,0,182,45,182,45,137,182,1,180,0,190,180,10,170,170,NaN,NaN,NaN,1785871154.1172,18696.65417644,2.48322987556458,0.0114901065826416,0.303702116012573,0.820306539535522,1.45321416854858,1.72030639648438,1.753582239151,1.753582239151,-1,-1,1.99746751785278,292.212009429932,267.092227935791,33.275842666626,300.368070602417,Instruction,Right,Left,Right,Right,Right,1,0,0,0,0,NaN,NaN,NaN,NaN,NaN,NaN,NaN,NaN,1,1,1,1,1,0,19,NaN,20260804_t1517_srsSmooth_Moretraining_B001,19,NaN,1.42067845265071,1.15069389343262,NaN,NaN,NaN,0,NaN,NaN,NaN,NaN,0
20260804_t1517_srsSmooth_Moretraining,srs_smooth_Moretraining,trial0036.mat,36,36,19,1,36,19,90,40,50,8,1,0,3,1,28,31566,1,2,2,1,1,2,2,1,2,1,SINGLE_T2_CORRECT,11,455,1,0,0,0,0,0,157,20,157,20,137,20,1,180,190,0,10,180,-170,170,NaN,NaN,NaN,1785871157.74589,18700.2828076,2.12818050384521,0.0162768363952637,0.125412225723267,0.775538682937622,1.13298678398132,1.50838589668274,1.55009126663208,1.55009126663208,-1,-1,1.81091666221619,109.135389328003,375.399112701416,41.7053699493408,417.104482650757,Instruction,Left,Right,Right,Left,Right,1,0,0,0,0,NaN,NaN,NaN,NaN,NaN,NaN,NaN,NaN,0,0,1,1,0,0,20,NaN,20260804_t1517_srsSmooth_Moretraining_B001,20,NaN,1.48115660746892,1.14545941352844,NaN,NaN,NaN,0,NaN,NaN,NaN,NaN,0
20260804_t1517_srsSmooth_Moretraining,srs_smooth_Moretraining,trial0037.mat,37,37,20,1,37,20,90,40,50,8,1,0,1,1,3,25249,1,1,1,2,1,1,1,1,1,1,SINGLE_T1_CORRECT,10,455,1,0,0,0,0,0,147,57,147,57,90,147,1,0,180,10,180,10,170,170,NaN,NaN,NaN,1785871161.02369,18703.56067736,2.3844473361969,0.0136024951934814,0.255635023117065,0.872384786605835,1.38865637779236,1.66404962539673,1.70585632324219,1.70585632324219,-1,-1,1.93300104141235,242.032527923584,275.39324760437,41.806697845459,317.199945449829,Instruction,Right,Left,Right,Right,Right,1,0,0,0,0,NaN,NaN,NaN,NaN,NaN,NaN,NaN,NaN,1,1,1,1,1,0,21,NaN,20260804_t1517_srsSmooth_Moretraining_B001,21,NaN,1.53578664859136,1.14962196350098,NaN,NaN,NaN,0,NaN,NaN,NaN,NaN,0
20260804_t1517_srsSmooth_Moretraining,srs_smooth_Moretraining,trial0039.mat,39,39,21,1,39,21,90,40,50,8,1,0,2,1,15,9470,1,1,2,1,1,2,1,2,1,2,SINGLE_T1_CORRECT,10,455,1,0,0,0,0,0,168,39,168,39,129,168,1,0,180,10,180,10,170,170,NaN,NaN,NaN,1785871165.89713,18708.4338224,2.56965827941895,0.0153532028198242,0.216159105300903,1.00748229026794,1.61541509628296,1.82442331314087,1.86627340316772,1.86627340316772,-1,-1,2.10174155235291,200.805902481079,209.00821685791,41.8500900268555,250.858306884766,Instruction,Left,Right,Left,Left,Left,1,0,0,0,0,NaN,NaN,NaN,NaN,NaN,NaN,NaN,NaN,0,0,0,1,1,0,22,NaN,20260804_t1517_srsSmooth_Moretraining_B001,22,NaN,1.61701066891352,2.48899388313293,NaN,NaN,NaN,0,NaN,NaN,NaN,NaN,0
20260804_t1517_srsSmooth_Moretraining,srs_smooth_Moretraining,trial0040.mat,40,40,22,1,40,22,90,40,50,8,1,0,1,1,8,10779,1,1,1,2,1,1,1,1,1,1,SINGLE_T1_CORRECT,10,455,1,0,0,0,0,0,162,40,162,40,122,162,1,0,180,10,180,10,170,170,NaN,NaN,NaN,1785871169.63603,18712.17272352,2.34734106063843,0.0182645320892334,0.243888854980469,0.893659830093384,1.3349826335907,1.63540959358215,1.66890859603882,1.66890859603882,-1,-1,1.8877866268158,225.624322891235,300.426959991455,33.499002456665,333.92596244812,Instruction,Right,Left,Right,Right,Right,1,0,0,0,0,NaN,NaN,NaN,NaN,NaN,NaN,NaN,NaN,1,1,1,1,1,0,23,NaN,20260804_t1517_srsSmooth_Moretraining_B001,23,NaN,1.67932569583257,1.16924333572388,NaN,NaN,NaN,0,NaN,NaN,NaN,NaN,0
20260804_t1517_srsSmooth_Moretraining,srs_smooth_Moretraining,trial0041.mat,41,41,23,1,41,23,90,40,50,8,1,0,4,1,43,26797,1,2,1,2,1,1,2,2,2,2,SINGLE_T2_CORRECT,11,455,1,0,0,0,0,0,152,44,152,44,108,44,1,180,190,0,10,180,-170,170,NaN,NaN,NaN,1785871173.12222,18715.65893312,2.02789306640625,0.015549898147583,0.0162332057952881,0.599291801452637,1.16559505462646,1.42439413070679,1.45758557319641,1.45758557319641,-1,-1,1.68496012687683,0.683307647705078,258.799076080322,33.191442489624,291.990518569946,Instruction,Right,Left,Left,Right,Left,1,0,0,0,0,NaN,NaN,NaN,NaN,NaN,NaN,NaN,NaN,1,1,0,1,0,0,24,NaN,20260804_t1517_srsSmooth_Moretraining_B001,24,NaN,1.73742877244949,1.13884353637695,NaN,NaN,NaN,0,NaN,NaN,NaN,NaN,0
20260804_t1517_srsSmooth_Moretraining,srs_smooth_Moretraining,trial0042.mat,42,42,24,1,42,24,90,40,50,8,1,0,1,1,7,5159,1,1,1,2,1,1,1,1,1,1,SINGLE_T1_CORRECT,10,455,1,0,0,0,0,0,155,27,155,27,128,155,1,180,0,190,180,10,170,170,NaN,NaN,NaN,1785871176.28795,18718.82447492,2.2540397644043,0.0166051387786865,0.150788068771362,0.700586318969727,1.24998736381531,1.52581334114075,1.56739139556885,1.56739139556885,-1,-1,1.79469704627991,134.182929992676,275.825977325439,41.5780544281006,317.40403175354,Instruction,Right,Left,Right,Right,Right,1,0,0,0,0,NaN,NaN,NaN,NaN,NaN,NaN,NaN,NaN,1,1,1,1,1,0,25,NaN,20260804_t1517_srsSmooth_Moretraining_B001,25,NaN,1.79019103447596,1.13784265518188,NaN,NaN,NaN,0,NaN,NaN,NaN,NaN,0
20260804_t1517_srsSmooth_Moretraining,srs_smooth_Moretraining,trial0043.mat,43,43,25,1,43,25,90,40,50,8,1,0,3,1,32,1886,1,2,2,1,1,2,2,1,2,1,SINGLE_T2_CORRECT,11,455,1,0,0,0,0,0,169,57,169,57,112,57,1,180,190,0,10,180,-170,170,NaN,NaN,NaN,1785871179.70439,18722.24097296,2.35426044464111,0.0169699192047119,0.226155757904053,0.842531681060791,1.35035490989685,1.72585034370422,1.76792907714844,1.76792907714844,-1,-1,1.99477982521057,209.185838699341,375.495433807373,42.0787334442139,417.574167251587,Instruction,Left,Right,Right,Left,Right,1,0,0,0,0,NaN,NaN,NaN,NaN,NaN,NaN,NaN,NaN,0,0,1,1,0,0,26,NaN,20260804_t1517_srsSmooth_Moretraining_B001,26,NaN,1.84713164170583,1.16239666938782,NaN,NaN,NaN,0,NaN,NaN,NaN,NaN,0
20260804_t1517_srsSmooth_Moretraining,srs_smooth_Moretraining,trial0044.mat,44,44,26,1,44,26,90,40,50,8,1,0,4,1,47,32656,1,2,1,2,1,1,2,2,2,2,SINGLE_T2_CORRECT,11,455,1,0,0,0,0,0,181,49,181,49,132,49,1,180,190,0,10,180,-170,170,NaN,NaN,NaN,1785871183.27453,18725.81107236,2.18456768989563,0.0136380195617676,0.239127397537231,0.797399759292603,1.28868818283081,1.53097248077393,1.57249855995178,1.57249855995178,-1,-1,1.833500623703,225.489377975464,242.284297943115,41.5260791778564,283.810377120972,Instruction,Right,Left,Left,Right,Left,1,0,0,0,0,NaN,NaN,NaN,NaN,NaN,NaN,NaN,NaN,1,1,0,1,0,0,27,NaN,20260804_t1517_srsSmooth_Moretraining_B001,27,NaN,1.90663395325343,1.21587824821472,NaN,NaN,NaN,0,NaN,NaN,NaN,NaN,0
20260804_t1517_srsSmooth_Moretraining,srs_smooth_Moretraining,trial0045.mat,45,45,27,1,45,27,90,40,50,8,1,0,4,1,42,10714,1,2,1,2,1,1,2,2,0,0,,0,11,0,1,0,0,0,0,156,27,156,27,129,NaN,1,180,190,0,10,180,-170,170,NaN,NaN,NaN,1785871186.5928,18729.12913928,0.673490047454834,0.012160062789917,0.254449844360352,-1,-1,-1,-1,-1,-1,-1,-1,242.289781570435,NaN,NaN,NaN,Instruction,Right,Left,None,Right,Left,1,0,0,0,0,NaN,NaN,NaN,NaN,NaN,NaN,NaN,NaN,1,1,0,1,0,0,27,NaN,20260804_t1517_srsSmooth_Moretraining_B001,NaN,NaN,1.96193853616714,1.13370728492737,NaN,NaN,NaN,0,NaN,NaN,NaN,NaN,0
20260804_t1517_srsSmooth_Moretraining,srs_smooth_Moretraining,trial0046.mat,46,46,27,1,46,27,90,40,50,8,1,0,3,1,33,4744,1,2,2,1,1,2,2,1,2,1,SINGLE_T2_CORRECT,11,455,1,0,0,0,0,0,150,58,150,58,92,58,1,0,10,180,10,180,-170,170,NaN,NaN,NaN,1785871188.32301,18730.85921692,2.20330500602722,0.0153567790985107,0.240872383117676,0.790771007537842,1.30707478523254,1.59082007408142,1.62439489364624,1.62439489364624,-1,-1,1.84323072433472,225.515604019165,283.745288848877,33.5748195648193,317.320108413696,Instruction,Left,Right,Right,Left,Right,1,0,0,0,0,NaN,NaN,NaN,NaN,NaN,NaN,NaN,NaN,0,0,1,1,0,0,28,NaN,20260804_t1517_srsSmooth_Moretraining_B001,28,NaN,1.99077527523041,1.05671429634094,NaN,NaN,NaN,0,NaN,NaN,NaN,NaN,0
20260804_t1517_srsSmooth_Moretraining,srs_smooth_Moretraining,trial0047.mat,47,47,28,1,47,28,90,40,50,8,1,0,3,1,37,28801,1,2,2,1,1,2,2,1,2,1,SINGLE_T2_CORRECT,11,455,1,0,0,0,0,0,130,32,130,32,98,32,1,0,10,180,10,180,-170,170,NaN,NaN,NaN,1785871191.7006,18734.2369694,2.35043406486511,0.0128953456878662,0.238510608673096,0.913447380065918,1.41295027732849,1.68020987510681,1.72183108329773,1.72183108329773,-1,-1,2.01555323600769,225.615262985229,267.25959777832,41.621208190918,308.880805969238,Instruction,Left,Right,Right,Left,Right,1,0,0,0,0,NaN,NaN,NaN,NaN,NaN,NaN,NaN,NaN,0,0,1,1,0,0,29,NaN,20260804_t1517_srsSmooth_Moretraining_B001,29,NaN,2.04706851641337,1.17428946495056,NaN,NaN,NaN,0,NaN,NaN,NaN,NaN,0
20260804_t1517_srsSmooth_Moretraining,srs_smooth_Moretraining,trial0048.mat,48,48,29,1,48,29,90,40,50,8,1,0,4,1,38,2520,1,2,1,2,1,1,2,2,2,2,SINGLE_T2_CORRECT,11,455,1,0,0,0,0,0,162,18,162,18,144,18,1,180,190,0,10,180,-170,170,NaN,NaN,NaN,1785871195.20254,18737.73875136,2.23198962211609,0.0110986232757568,0.269959688186646,0.81144642829895,1.39448571205139,1.60335063934326,1.63662338256836,1.63662338256836,-1,-1,1.91399073600769,258.861064910889,208.86492729187,33.2727432250977,242.137670516968,Instruction,Right,Left,Left,Right,Left,1,0,0,0,0,NaN,NaN,NaN,NaN,NaN,NaN,NaN,NaN,1,1,0,1,0,0,30,NaN,20260804_t1517_srsSmooth_Moretraining_B001,30,NaN,2.10543409188588,1.15150046348572,NaN,NaN,NaN,0,NaN,NaN,NaN,NaN,0
20260804_t1517_srsSmooth_Moretraining,srs_smooth_Moretraining,trial0049.mat,49,49,30,1,49,30,90,40,50,8,1,0,2,1,17,15970,1,1,2,1,1,2,1,2,0,0,,0,11,0,1,0,0,0,0,155,41,155,41,114,NaN,1,180,0,190,180,10,170,170,NaN,NaN,NaN,1785871198.59893,18741.13513936,0.284648656845093,0.0148351192474365,0.232176542282104,-1,-1,-1,-1,-1,-1,-1,-1,217.341423034668,NaN,NaN,NaN,Instruction,Left,Right,None,Left,Left,1,0,0,0,0,NaN,NaN,NaN,NaN,NaN,NaN,NaN,NaN,0,0,0,1,1,0,30,NaN,20260804_t1517_srsSmooth_Moretraining_B001,NaN,NaN,2.16204070250193,1.1644070148468,NaN,NaN,NaN,0,NaN,NaN,NaN,NaN,0
20260804_t1517_srsSmooth_Moretraining,srs_smooth_Moretraining,trial0095.mat,95,95,30,1,95,30,90,40,50,8,1,0,3,1,36,2053,1,2,2,1,1,2,2,1,2,1,SINGLE_T2_CORRECT,11,455,1,0,0,0,0,0,183,24,183,24,159,24,1,180,190,0,10,180,-170,170,NaN,NaN,NaN,1785871260.92813,18803.46297728,2.34353256225586,0.013096809387207,0.130397081375122,0.847009420394897,1.47148680686951,1.73042345046997,1.76378512382507,1.76378512382507,-1,-1,2.01569199562073,117.300271987915,258.936643600464,33.3616733551025,292.298316955566,Instruction,Left,Right,Right,Left,Right,1,0,0,0,0,NaN,NaN,NaN,NaN,NaN,NaN,NaN,NaN,0,0,1,1,0,0,31,NaN,20260804_t1517_srsSmooth_Moretraining_B001,31,NaN,3.20086064338684,62.0445477962494,NaN,NaN,NaN,0,NaN,NaN,NaN,NaN,0
20260804_t1517_srsSmooth_Moretraining,srs_smooth_Moretraining,trial0110.mat,110,110,31,1,110,31,90,40,50,8,1,0,2,1,14,20983,1,1,2,1,1,2,1,2,1,2,SINGLE_T1_CORRECT,10,455,1,0,0,0,0,0,161,35,161,35,126,161,1,0,180,10,180,10,170,170,NaN,NaN,NaN,1785871283.31371,18825.8481084,2.42443060874939,0.0117254257202148,0.253863334655762,0.953861951828003,1.42844724655151,1.61230039596558,1.65409803390503,1.65409803390503,-1,-1,1.96496605873108,242.137908935547,183.853149414062,41.7976379394531,225.650787353516,Instruction,Left,Right,Left,Left,Left,1,0,0,0,0,NaN,NaN,NaN,NaN,NaN,NaN,NaN,NaN,0,0,0,1,1,0,32,NaN,20260804_t1517_srsSmooth_Moretraining_B001,32,NaN,3.57395363251368,20.0420467853546,NaN,NaN,NaN,0,NaN,NaN,NaN,NaN,0
20260804_t1517_srsSmooth_Moretraining,srs_smooth_Moretraining,trial0130.mat,130,130,32,1,130,32,90,40,50,8,1,0,2,1,20,7065,1,1,2,1,1,2,1,2,0,0,,0,11,0,1,0,0,0,0,161,42,161,42,119,NaN,1,180,0,190,180,10,170,170,NaN,NaN,NaN,1785871312.65058,18855.18434872,0.170293807983398,0.0176618099212646,0.109790325164795,-1,-1,-1,-1,-1,-1,-1,-1,92.1285152435303,NaN,NaN,NaN,Instruction,Left,Right,None,Left,Left,1,0,0,0,0,NaN,NaN,NaN,NaN,NaN,NaN,NaN,NaN,0,0,0,1,1,0,32,NaN,20260804_t1517_srsSmooth_Moretraining_B001,NaN,NaN,4.06290140946706,26.9124360084534,NaN,NaN,NaN,0,NaN,NaN,NaN,NaN,0
20260804_t1517_srsSmooth_Moretraining,srs_smooth_Moretraining,trial0132.mat,132,132,32,1,132,32,90,40,50,8,1,0,2,1,13,28511,1,1,2,1,1,2,1,2,1,2,SINGLE_T1_CORRECT,10,455,1,0,0,0,0,0,147,61,147,61,86,147,1,0,180,10,180,10,170,170,NaN,NaN,NaN,1785871315.26915,18857.80295764,2.32008671760559,0.0158562660217285,0.283277273178101,0.883259773254395,1.42424416542053,1.61638164520264,1.65001034736633,1.65001034736633,-1,-1,1.86903309822083,267.421007156372,192.137479782104,33.6287021636963,225.766181945801,Instruction,Left,Right,Left,Left,Left,1,0,0,0,0,NaN,NaN,NaN,NaN,NaN,NaN,NaN,NaN,0,0,0,1,1,0,33,NaN,20260804_t1517_srsSmooth_Moretraining_B001,33,NaN,4.1065442999204,2.44827961921692,NaN,NaN,NaN,0,NaN,NaN,NaN,NaN,0
20260804_t1517_srsSmooth_Moretraining,srs_smooth_Moretraining,trial0133.mat,133,133,33,1,133,33,90,40,50,8,1,0,2,1,20,7065,1,1,2,1,1,2,1,2,1,2,SINGLE_T1_CORRECT,10,455,1,0,1,0,0,0,163,57,163,57,106,163,1,180,0,190,180,10,170,170,NaN,NaN,NaN,1785871318.73399,18861.26780676,2.63945364952087,0.0178146362304688,0.26038646697998,1.0352566242218,1.65954446792603,1.89343571662903,1.92663168907166,1.92663168907166,-1,-1,2.17063975334167,242.571830749512,233.891248703003,33.195972442627,267.08722114563,Instruction,Left,Right,Left,Left,Left,1,0,0,0,0,NaN,NaN,NaN,NaN,NaN,NaN,NaN,NaN,0,0,0,1,1,0,34,NaN,20260804_t1517_srsSmooth_Moretraining_B001,34,NaN,4.16429167985916,1.14475607872009,NaN,NaN,NaN,0,NaN,NaN,NaN,NaN,0
20260804_t1517_srsSmooth_Moretraining,srs_smooth_Moretraining,trial0134.mat,134,134,34,1,134,34,90,40,50,8,1,0,3,1,30,5430,1,2,2,1,1,2,2,1,2,1,SINGLE_T2_CORRECT,11,455,1,0,0,0,0,0,165,44,165,44,121,44,1,0,10,180,10,180,-170,170,NaN,NaN,NaN,1785871322.5398,18865.07350872,2.42508554458618,0.0121512413024902,0.245987176895142,0.895974397659302,1.48720836639404,1.76270413398743,1.7959611415863,1.7959611415863,-1,-1,2.08160185813904,233.835935592651,275.495767593384,33.257007598877,308.752775192261,Instruction,Left,Right,Right,Left,Right,1,0,0,0,0,NaN,NaN,NaN,NaN,NaN,NaN,NaN,NaN,0,0,1,1,0,0,35,NaN,20260804_t1517_srsSmooth_Moretraining_B001,35,NaN,4.22772185007731,1.16635656356812,NaN,NaN,NaN,0,NaN,NaN,NaN,NaN,0
20260804_t1517_srsSmooth_Moretraining,srs_smooth_Moretraining,trial0155.mat,155,155,35,1,155,35,90,40,50,8,1,0,4,1,41,28217,1,2,1,2,1,1,2,2,2,2,SINGLE_T2_CORRECT,11,455,1,0,0,0,0,0,172,59,172,59,113,59,1,180,190,0,10,180,-170,170,NaN,NaN,NaN,1785871353.26029,18895.7932996,2.40572643280029,0.0178577899932861,0.302111625671387,1.06000566482544,1.50124883651733,1.79332733154297,1.82684731483459,1.82684731483459,-1,-1,2.04584431648254,284.253835678101,292.078495025635,33.519983291626,325.598478317261,Instruction,Right,Left,Left,Right,Left,1,0,0,0,0,NaN,NaN,NaN,NaN,NaN,NaN,NaN,NaN,1,1,0,1,0,0,36,NaN,20260804_t1517_srsSmooth_Moretraining_B001,36,NaN,4.73972989320755,28.2953970432281,NaN,NaN,NaN,0,NaN,NaN,NaN,NaN,0
20260804_t1517_srsSmooth_Moretraining,srs_smooth_Moretraining,trial0157.mat,157,157,36,1,157,36,90,40,50,8,1,0,4,1,40,15688,1,2,1,2,1,1,2,2,2,2,SINGLE_T2_CORRECT,11,455,1,0,0,0,0,0,169,56,169,56,113,56,1,0,10,180,10,180,-170,170,NaN,NaN,NaN,1785871358.14858,18900.68146864,2.40944337844849,0.0130858421325684,0.246898889541626,1.03022766113281,1.52147769927979,1.75521326065063,1.78859853744507,1.78859853744507,-1,-1,2.0490870475769,233.813047409058,233.73556137085,33.3852767944336,267.120838165283,Instruction,Right,Left,Left,Right,Left,1,0,0,0,0,NaN,NaN,NaN,NaN,NaN,NaN,NaN,NaN,1,1,0,1,0,0,37,NaN,20260804_t1517_srsSmooth_Moretraining_B001,37,NaN,4.82120147546132,2.48256850242615,NaN,NaN,NaN,0,NaN,NaN,NaN,NaN,0
20260804_t1517_srsSmooth_Moretraining,srs_smooth_Moretraining,trial0158.mat,158,158,37,1,158,37,90,40,50,8,1,0,1,1,11,1766,1,1,1,2,1,1,1,1,1,1,SINGLE_T1_CORRECT,10,455,1,0,0,0,0,0,149,72,149,72,77,149,1,0,180,10,180,10,170,170,NaN,NaN,NaN,1785871361.73296,18904.26576044,2.46629357337952,0.0121793746948242,0.271070003509521,0.887676239013672,1.42056727409363,1.67087650299072,1.7128484249115,1.7128484249115,-1,-1,2.01533222198486,258.890628814697,250.309228897095,41.9719219207764,292.281150817871,Instruction,Right,Left,Right,Right,Right,1,0,0,0,0,NaN,NaN,NaN,NaN,NaN,NaN,NaN,NaN,1,1,1,1,1,0,38,NaN,20260804_t1517_srsSmooth_Moretraining_B001,38,NaN,4.88094111680985,1.17493510246277,NaN,NaN,NaN,0,NaN,NaN,NaN,NaN,0
20260804_t1517_srsSmooth_Moretraining,srs_smooth_Moretraining,trial0159.mat,159,159,38,1,159,38,90,40,50,8,1,0,3,1,26,3118,1,2,2,1,1,2,2,1,2,1,SINGLE_T2_CORRECT,11,455,1,0,0,0,0,0,176,18,176,18,158,18,1,180,190,0,10,180,-170,170,NaN,NaN,NaN,1785871365.33322,18907.86596452,2.14072823524475,0.0120601654052734,0.20410418510437,0.72081470489502,1.30377721786499,1.54625940322876,1.57949042320251,1.57949042320251,-1,-1,1.82335114479065,192.044019699097,242.48218536377,33.2310199737549,275.713205337524,Instruction,Left,Right,Right,Left,Right,1,0,0,0,0,NaN,NaN,NaN,NaN,NaN,NaN,NaN,NaN,0,0,1,1,0,0,39,NaN,20260804_t1517_srsSmooth_Moretraining_B001,39,NaN,4.94094543457031,1.13396549224854,NaN,NaN,NaN,0,NaN,NaN,NaN,NaN,0
20260804_t1517_srsSmooth_Moretraining,srs_smooth_Moretraining,trial0160.mat,160,160,39,1,160,39,90,40,50,8,1,0,2,1,17,15970,1,1,2,1,1,2,1,2,1,2,SINGLE_T1_CORRECT,10,455,1,0,0,0,0,0,170,34,170,34,136,170,1,180,0,190,180,10,170,170,NaN,NaN,NaN,1785871368.61722,18911.14989048,2.19123864173889,0.0115177631378174,0.0122427940368652,0.645677328109741,1.23656582832336,1.44571089744568,1.47871518135071,1.47871518135071,-1,-1,1.72253131866455,0.725030899047852,209.145069122314,33.0042839050293,242.149353027344,Instruction,Left,Right,Left,Left,Left,1,0,0,0,0,NaN,NaN,NaN,NaN,NaN,NaN,NaN,NaN,0,0,0,1,1,0,40,NaN,20260804_t1517_srsSmooth_Moretraining_B001,40,NaN,4.99567882617315,1.14327526092529,NaN,NaN,NaN,0,NaN,NaN,NaN,NaN,0
20260804_t1517_srsSmooth_Moretraining,srs_smooth_Moretraining,trial0161.mat,161,161,40,1,161,40,90,40,50,8,1,0,4,1,42,10714,1,2,1,2,1,1,2,2,2,2,SINGLE_T2_CORRECT,11,455,1,0,0,0,0,0,158,43,158,43,115,43,1,180,190,0,10,180,-170,170,NaN,NaN,NaN,1785871371.95727,18914.48986144,2.31774663925171,0.0132696628570557,0.264009952545166,0.889017581939697,1.51332783699036,1.68905687332153,1.72231769561768,1.72231769561768,-1,-1,1.97436428070068,250.74028968811,175.729036331177,33.2608222961426,208.989858627319,Instruction,Right,Left,Left,Right,Left,1,0,0,0,0,NaN,NaN,NaN,NaN,NaN,NaN,NaN,NaN,1,1,0,1,0,0,41,NaN,20260804_t1517_srsSmooth_Moretraining_B001,41,NaN,5.05134624242783,1.14880633354187,NaN,NaN,NaN,0,NaN,NaN,NaN,NaN,0
20260804_t1517_srsSmooth_Moretraining,srs_smooth_Moretraining,trial0162.mat,162,162,41,1,162,41,90,40,50,8,1,0,3,1,27,1470,1,2,2,1,1,2,2,1,2,1,SINGLE_T2_CORRECT,11,455,1,0,0,0,0,0,166,31,166,31,135,31,1,0,10,180,10,180,-170,170,NaN,NaN,NaN,1785871375.41915,18917.95167328,2.50585651397705,0.0181841850280762,0.235687494277954,1.0104296207428,1.54324412345886,1.85219120979309,1.89417958259583,1.89417958259583,-1,-1,2.17137289047241,217.503309249878,308.947086334229,41.9883728027344,350.935459136963,Instruction,Left,Right,Right,Left,Right,1,0,0,0,0,NaN,NaN,NaN,NaN,NaN,NaN,NaN,NaN,0,0,1,1,0,0,42,NaN,20260804_t1517_srsSmooth_Moretraining_B001,42,NaN,5.10904435316722,1.14414000511169,NaN,NaN,NaN,0,NaN,NaN,NaN,NaN,0
20260804_t1517_srsSmooth_Moretraining,srs_smooth_Moretraining,trial0191.mat,191,191,42,1,191,42,90,40,50,8,1,0,2,1,19,18733,1,1,2,1,1,2,1,2,1,2,SINGLE_T1_CORRECT,10,455,1,0,0,0,0,0,188,26,188,26,162,188,1,0,180,10,180,10,170,170,NaN,NaN,NaN,1785871417.06557,18959.59730664,2.61982941627502,0.0150582790374756,0.240828275680542,1.01577281951904,1.59845352172852,1.84901309013367,1.88240718841553,1.88240718841553,-1,-1,2.12669539451599,225.769996643066,250.559568405151,33.3940982818604,283.953666687012,Instruction,Left,Right,Left,Left,Left,1,0,0,0,0,NaN,NaN,NaN,NaN,NaN,NaN,NaN,NaN,0,0,0,1,1,0,43,NaN,20260804_t1517_srsSmooth_Moretraining_B001,43,NaN,5.80315132935842,39.1405620574951,NaN,NaN,NaN,0,NaN,NaN,NaN,NaN,0
20260804_t1517_srsSmooth_Moretraining,srs_smooth_Moretraining,trial0192.mat,192,192,43,1,192,43,90,40,50,8,1,0,2,1,23,8485,1,1,2,1,1,2,1,2,1,2,SINGLE_T1_CORRECT,10,455,1,0,0,0,0,0,177,48,177,48,129,177,1,180,0,190,180,10,170,170,NaN,NaN,NaN,1785871420.82223,18963.35394296,2.52182841300964,0.0168819427490234,0.276067972183228,0.925937175750732,1.5502758026123,1.76776933670044,1.80094194412231,1.80094194412231,-1,-1,2.04471826553345,259.186029434204,217.493534088135,33.172607421875,250.66614151001,Instruction,Left,Right,Left,Left,Left,1,0,0,0,0,NaN,NaN,NaN,NaN,NaN,NaN,NaN,NaN,0,0,0,1,1,0,44,NaN,20260804_t1517_srsSmooth_Moretraining_B001,44,NaN,5.86576227347056,1.13682723045349,NaN,NaN,NaN,0,NaN,NaN,NaN,NaN,0
20260804_t1517_srsSmooth_Moretraining,srs_smooth_Moretraining,trial0193.mat,193,193,44,1,193,44,90,40,50,8,1,0,2,1,18,7568,1,1,2,1,1,2,1,2,1,2,SINGLE_T1_CORRECT,10,455,1,0,0,0,0,0,162,38,162,38,124,162,1,180,0,190,180,10,170,170,NaN,NaN,NaN,1785871424.49222,18967.02375532,2.18442511558533,0.0137021541595459,0.230953454971313,0.872631311416626,1.23874998092651,1.47255730628967,1.50597786903381,1.50597786903381,-1,-1,1.72506928443909,217.251300811768,233.807325363159,33.4205627441406,267.2278881073,Instruction,Left,Right,Left,Left,Left,1,0,0,0,0,NaN,NaN,NaN,NaN,NaN,NaN,NaN,NaN,0,0,0,1,1,0,45,NaN,20260804_t1517_srsSmooth_Moretraining_B001,45,NaN,5.92692877054214,1.1481614112854,NaN,NaN,NaN,0,NaN,NaN,NaN,NaN,0
20260804_t1517_srsSmooth_Moretraining,srs_smooth_Moretraining,trial0194.mat,194,194,45,1,194,45,90,40,50,8,1,0,4,1,44,17771,1,2,1,2,1,1,2,2,2,2,SINGLE_T2_CORRECT,11,455,1,0,0,0,0,0,158,39,158,39,119,39,1,180,190,0,10,180,-170,170,NaN,NaN,NaN,1785871427.80441,18970.336035,2.34766912460327,0.0183069705963135,0.235916376113892,1.01079058647156,1.46836400032043,1.68598437309265,1.72734475135803,1.72734475135803,-1,-1,2.00476026535034,217.609405517578,217.620372772217,41.3603782653809,258.980751037598,Instruction,Right,Left,Left,Right,Left,1,0,0,0,0,NaN,NaN,NaN,NaN,NaN,NaN,NaN,NaN,1,1,0,1,0,0,46,NaN,20260804_t1517_srsSmooth_Moretraining_B001,46,NaN,5.98213197390238,1.12776708602905,NaN,NaN,NaN,0,NaN,NaN,NaN,NaN,0
20260804_t1517_srsSmooth_Moretraining,srs_smooth_Moretraining,trial0195.mat,195,195,46,1,195,46,90,40,50,8,1,0,1,1,1,29109,1,1,1,2,1,1,1,1,1,1,SINGLE_T1_CORRECT,10,455,1,0,0,0,0,0,166,23,166,23,143,166,1,180,0,190,180,10,170,170,NaN,NaN,NaN,1785871431.28874,18973.820186,2.52194356918335,0.0174503326416016,0.259880542755127,1.04294657707214,1.39250421524048,1.74295139312744,1.78484582901001,1.78484582901001,-1,-1,2.05373787879944,242.430210113525,350.447177886963,41.8944358825684,392.341613769531,Instruction,Right,Left,Right,Right,Right,1,0,0,0,0,NaN,NaN,NaN,NaN,NaN,NaN,NaN,NaN,1,1,1,1,1,0,47,NaN,20260804_t1517_srsSmooth_Moretraining_B001,47,NaN,6.04020408391952,1.13665747642517,NaN,NaN,NaN,0,NaN,NaN,NaN,NaN,0
20260804_t1517_srsSmooth_Moretraining,srs_smooth_Moretraining,trial0196.mat,196,196,47,1,196,47,90,40,50,8,1,0,3,1,35,4640,1,2,2,1,1,2,2,1,2,1,SINGLE_T2_CORRECT,11,455,1,0,0,0,0,0,175,37,175,37,138,37,1,180,190,0,10,180,-170,170,NaN,NaN,NaN,1785871434.95458,18977.48599124,2.62312388420105,0.0184195041656494,0.210584163665771,0.98560905456543,1.61014938354492,1.96924495697021,2.00267505645752,2.00267505645752,-1,-1,2.28751420974731,192.164659500122,359.095573425293,33.4300994873047,392.525672912598,Instruction,Left,Right,Right,Left,Right,1,0,0,0,0,NaN,NaN,NaN,NaN,NaN,NaN,NaN,NaN,0,0,1,1,0,0,48,NaN,20260804_t1517_srsSmooth_Moretraining_B001,48,NaN,6.10130143165588,1.14389729499817,NaN,NaN,NaN,0,NaN,NaN,NaN,NaN,0
20260804_t1517_srsSmooth_Moretraining,srs_smooth_Moretraining,trial0198.mat,198,198,48,1,198,48,90,40,50,8,1,0,3,1,29,30315,1,2,2,1,1,2,2,1,2,1,SINGLE_T2_CORRECT,11,455,1,0,0,0,0,0,169,36,169,36,133,36,1,0,10,180,10,180,-170,170,NaN,NaN,NaN,1785871440.07055,18982.60182748,2.39918112754822,0.0193154811859131,0.261277198791504,1.03632020950317,1.51104044914246,1.78634309768677,1.81990790367126,1.81990790367126,-1,-1,2.06380176544189,241.961717605591,275.302648544312,33.5648059844971,308.867454528809,Instruction,Left,Right,Right,Left,Right,1,0,0,0,0,NaN,NaN,NaN,NaN,NaN,NaN,NaN,NaN,0,0,1,1,0,0,49,NaN,20260804_t1517_srsSmooth_Moretraining_B001,49,NaN,6.18656763235728,2.49284815788269,NaN,NaN,NaN,0,NaN,NaN,NaN,NaN,0
20260804_t1517_srsSmooth_Moretraining,srs_smooth_Moretraining,trial0224.mat,224,224,49,1,224,49,90,40,50,8,1,0,1,1,4,22995,1,1,1,2,1,1,1,1,1,1,SINGLE_T1_CORRECT,10,455,1,0,0,0,0,0,167,46,167,46,121,167,1,180,0,190,180,10,170,170,NaN,NaN,NaN,1785871477.54063,19020.07118588,2.59710645675659,0.0173735618591309,0.21794581413269,1.00952959060669,1.52576565742493,1.85124611854553,1.88480353355408,1.88480353355408,-1,-1,2.12875199317932,200.57225227356,325.480461120605,33.5574150085449,359.03787612915,Instruction,Right,Left,Right,Right,Right,1,0,0,0,0,NaN,NaN,NaN,NaN,NaN,NaN,NaN,NaN,1,1,1,1,1,0,50,NaN,20260804_t1517_srsSmooth_Moretraining_B001,50,NaN,6.81106901168823,35.070901632309,NaN,NaN,NaN,0,NaN,NaN,NaN,NaN,0
20260804_t1517_srsSmooth_Moretraining,srs_smooth_Moretraining,trial0225.mat,225,225,50,1,225,50,90,40,50,8,1,1,5,2,60,8326,2,0,1,2,1,1,1,1,0,0,,0,11,0,1,0,0,0,0,154,59,154,59,95,NaN,1,0,172.8724866292,17.1275133708,172.8724866292,17.1275133708,155.7449732584,155.7449732584,NaN,NaN,NaN,1785871481.33669,19023.8672172,1.23295831680298,0.0131275653839111,0.230613231658936,0.872360229492188,-1,-1,-1,-1,-1,-1,-1,217.485666275024,NaN,NaN,NaN,Congruent,Right,Left,None,Right,Right,0,1,1,0,0,NaN,NaN,NaN,NaN,NaN,NaN,NaN,NaN,1,1,1,1,1,0,50,NaN,20260804_t1517_srsSmooth_Moretraining_B001,NaN,NaN,6.87433670759201,1.19895529747009,NaN,NaN,NaN,0,NaN,NaN,NaN,NaN,0
20260804_t1517_srsSmooth_Moretraining,srs_smooth_Moretraining,trial0226.mat,226,226,50,1,226,50,90,40,50,8,1,2,8,2,81,18151,2,0,2,1,1,2,2,1,2,1,CHOSE_HIGH_SAL,1,455,1,0,0,0,0,0,204,39,204,39,165,39,1,0,86.8109963941847,103.189003605815,86.8109963941847,103.189003605815,-16.3780072116306,16.3780072116306,NaN,NaN,NaN,1785871483.64014,19026.1705666,2.50678730010986,0.0181076526641846,0.226922988891602,0.952003002166748,1.45149803161621,1.83520913124084,1.86879420280457,1.86879420280457,-1,-1,2.16219902038574,208.815336227417,383.711099624634,33.5850715637207,417.296171188354,Conflict,Left,Right,Right,Left,Right,0,1,0,1,1,1,0,0,1,0,1,1,0,0,0,1,1,0,1,51,1,20260804_t1517_srsSmooth_Moretraining_B001,51,1,6.91272743940353,1.07048559188843,NaN,NaN,NaN,0,NaN,NaN,NaN,NaN,1
20260804_t1517_srsSmooth_Moretraining,srs_smooth_Moretraining,trial0227.mat,227,227,51,1,227,51,90,40,50,8,1,1,5,2,53,24488,2,0,1,2,1,1,1,1,2,2,CHOSE_LOW_SAL,2,455,1,0,0,0,0,0,155,24,155,24,131,24,1,0,171.604471526312,18.3955284736885,171.604471526311,18.3955284736885,153.208943052623,153.208943052623,NaN,NaN,NaN,1785871487.29139,19029.82168172,2.22153234481812,0.0170037746429443,0.176073312759399,0.884286165237427,1.40872573852539,1.58428502082825,1.61747908592224,1.61747908592224,-1,-1,1.89476537704468,159.069538116455,175.559282302856,33.1940650939941,208.753347396851,Congruent,Right,Left,Left,Right,Right,0,1,1,0,1,0,0,0,0,1,1,1,1,1,1,1,1,1,1,52,2,20260804_t1517_srsSmooth_Moretraining_B001,52,2,6.97358157634735,1.14446091651917,2,1,39,1,0,1,1,0,1
20260804_t1517_srsSmooth_Moretraining,srs_smooth_Moretraining,trial0228.mat,228,228,52,1,228,52,90,40,50,8,1,2,7,2,74,28049,2,0,1,2,1,1,2,2,1,1,CHOSE_LOW_SAL,2,455,1,0,0,0,0,0,154,17,154,17,137,154,1,180,220.218561410741,329.781438589259,40.2185614107411,149.781438589259,-109.562877178518,109.562877178518,NaN,NaN,NaN,1785871490.66799,19033.1982328,2.436842918396,0.0155377388000488,0.266421794891357,0.857923030853271,1.48226261138916,1.67468500137329,1.71622943878174,1.71622943878174,-1,-1,1.9772162437439,250.884056091309,192.422389984131,41.5444374084473,233.966827392578,Conflict,Right,Left,Right,Right,Left,0,1,0,1,1,1,1,1,0,0,0,0,1,1,1,0,1,0,1,53,3,20260804_t1517_srsSmooth_Moretraining_B001,53,3,7.02985822757085,1.15506672859192,2,2,24,1,1,1,0,0,1
20260804_t1517_srsSmooth_Moretraining,srs_smooth_Moretraining,trial0229.mat,229,229,53,1,229,53,90,40,50,8,1,2,7,2,76,9887,2,0,1,2,1,1,2,2,1,1,CHOSE_LOW_SAL,2,455,1,0,0,0,0,0,154,53,154,53,101,154,1,180,269.022660884041,280.977339115959,89.0226608840413,100.977339115959,-11.9546782319173,11.9546782319173,NaN,NaN,NaN,1785871494.25166,19036.78187496,2.41153931617737,0.0153388977050781,0.232532262802124,0.957846879959106,1.40705990791321,1.65775609016418,1.69943904876709,1.69943904876709,-1,-1,1.95994877815247,217.193365097046,250.696182250977,41.6829586029053,292.379140853882,Conflict,Right,Left,Right,Right,Left,0,1,0,1,1,1,1,1,0,0,0,0,1,1,1,0,1,0,1,54,4,20260804_t1517_srsSmooth_Moretraining_B001,54,4,7.08958612283071,1.14683079719543,1,1,154,1,0,0,1,1,1
20260804_t1517_srsSmooth_Moretraining,srs_smooth_Moretraining,trial0230.mat,230,230,54,1,230,54,90,40,50,8,1,1,5,2,56,19961,2,0,1,2,1,1,1,1,1,1,CHOSE_HIGH_SAL,1,455,1,0,0,0,0,0,159,35,159,35,124,159,1,0,125.072795929223,64.9272040707772,125.072795929223,64.9272040707772,60.1455918584456,60.1455918584456,NaN,NaN,NaN,1785871497.85863,19040.3888476,2.32950830459595,0.0168402194976807,0.267714500427246,0.917857885360718,1.27522301673889,1.61770033836365,1.65081977844238,1.65081977844238,-1,-1,1.87038421630859,250.874280929565,342.477321624756,33.1194400787354,375.596761703491,Congruent,Right,Left,Right,Right,Right,0,1,1,0,1,1,1,1,1,0,0,0,0,1,1,1,1,1,1,55,5,20260804_t1517_srsSmooth_Moretraining_B001,55,5,7.14970237016678,1.19543552398682,1,1,154,1,0,0,1,1,1
20260804_t1517_srsSmooth_Moretraining,srs_smooth_Moretraining,trial0231.mat,231,231,55,1,231,55,90,40,50,8,1,2,8,2,89,1459,2,0,2,1,1,2,2,1,2,1,CHOSE_HIGH_SAL,1,455,1,0,0,0,0,0,144,30,144,30,114,30,1,180,261.695285117192,288.304714882808,81.6952851171923,108.304714882808,-26.6094297656155,26.6094297656155,NaN,NaN,NaN,1785871501.34322,19043.87332036,2.46170687675476,0.0157248973846436,0.241263866424561,0.866453886032104,1.49911689758301,1.79137825965881,1.82483339309692,1.82483339309692,-1,-1,2.12684297561646,225.538969039917,292.261362075806,33.4551334381104,325.716495513916,Conflict,Left,Right,Right,Left,Right,0,1,0,1,1,1,0,0,1,0,1,1,0,0,0,1,1,0,1,56,6,20260804_t1517_srsSmooth_Moretraining_B001,56,6,7.20777879158656,1.15507698059082,1,1,159,1,1,0,0,1,1
20260804_t1517_srsSmooth_Moretraining,srs_smooth_Moretraining,trial0232.mat,232,232,56,1,232,56,90,40,50,8,1,2,7,2,71,13951,2,0,1,2,1,1,2,2,2,2,CHOSE_HIGH_SAL,1,455,1,0,0,0,0,0,186,40,186,40,146,40,1,180,194.724643319773,355.275356680227,14.7246433197732,175.275356680227,-160.550713360454,160.550713360454,NaN,NaN,NaN,1785871504.96176,19047.4916462,2.26001596450806,0.0139985084533691,0.231094121932983,1.01439213752747,1.40572047233582,1.63935446739197,1.68111228942871,1.68111228942871,-1,-1,1.91709518432617,217.095613479614,233.633995056152,41.7578220367432,275.391817092896,Conflict,Right,Left,Left,Right,Left,0,1,0,1,1,0,0,0,1,1,1,1,0,1,1,0,1,0,1,57,7,20260804_t1517_srsSmooth_Moretraining_B001,57,7,7.26808772881826,1.15682935714722,2,1,30,1,0,1,1,0,1
20260804_t1517_srsSmooth_Moretraining,srs_smooth_Moretraining,trial0233.mat,233,233,57,1,233,57,90,40,50,8,1,2,8,2,82,9962,2,0,2,1,1,2,2,1,2,1,CHOSE_HIGH_SAL,1,455,1,0,0,0,0,0,169,45,169,45,124,45,1,180,254.530106849954,295.469893150046,74.5301068499544,115.469893150046,-40.9397863000911,40.9397863000911,NaN,NaN,NaN,1785871508.37311,19050.90294212,2.040766954422,0.0111165046691895,0.286494016647339,0.845287322998047,1.18616247177124,1.43691372871399,1.4702832698822,1.4702832698822,-1,-1,1.69741415977478,275.377511978149,250.751256942749,33.3695411682129,284.120798110962,Conflict,Left,Right,Right,Left,Right,0,1,0,1,1,1,0,0,1,0,1,1,0,0,0,1,1,0,1,58,8,20260804_t1517_srsSmooth_Moretraining_B001,58,8,7.32494356234868,1.1513340473175,2,2,40,1,0,1,1,0,1
20260804_t1517_srsSmooth_Moretraining,srs_smooth_Moretraining,trial0234.mat,234,234,58,1,234,58,90,40,50,8,1,1,6,2,66,29146,2,0,2,1,1,2,1,2,1,2,CHOSE_HIGH_SAL,1,455,1,0,0,0,0,0,171,49,171,49,122,171,1,180,355.485945616437,194.514054383563,175.485945616437,14.514054383563,160.971891232874,160.971891232874,NaN,NaN,NaN,1785871511.55115,19054.08102568,2.27138686180115,0.0165314674377441,0.267076015472412,0.825326204299927,1.38325238227844,1.53416609764099,1.56736636161804,1.56736636161804,-1,-1,1.79463720321655,250.544548034668,150.913715362549,33.2002639770508,184.1139793396,Congruent,Left,Right,Left,Left,Left,0,1,1,0,1,0,1,1,1,1,0,0,0,0,0,0,1,1,1,59,9,20260804_t1517_srsSmooth_Moretraining_B001,59,9,7.37791096369425,1.13727712631226,2,1,45,1,1,1,0,0,1
20260804_t1517_srsSmooth_Moretraining,srs_smooth_Moretraining,trial0235.mat,235,235,59,1,235,59,90,40,50,8,1,2,7,2,72,17644,2,0,1,2,1,1,2,2,2,2,CHOSE_HIGH_SAL,1,455,1,0,0,0,0,0,131,31,131,31,100,31,1,180,207.102130212173,342.897869787827,27.1021302121731,162.897869787827,-135.795739575654,135.795739575654,NaN,NaN,NaN,1785871514.97193,19057.50147936,2.29264688491821,0.0125541687011719,0.254757881164551,0.90505051612854,1.4042751789093,1.63001489639282,1.67202520370483,1.67202520370483,-1,-1,1.95747756958008,242.203712463379,225.739717483521,42.0103073120117,267.750024795532,Conflict,Right,Left,Left,Right,Left,0,1,0,1,1,0,0,0,1,1,1,1,0,1,1,0,1,0,1,60,10,20260804_t1517_srsSmooth_Moretraining_B001,60,10,7.4349239508311,1.1493923664093,1,2,171,1,1,0,0,1,1
20260804_t1517_srsSmooth_Moretraining,srs_smooth_Moretraining,trial0236.mat,236,236,60,1,236,60,90,40,50,8,1,1,5,2,59,19211,2,0,1,2,1,1,1,1,1,1,CHOSE_HIGH_SAL,1,455,1,0,0,0,0,0,180,37,180,37,143,180,1,0,114.734013831539,75.2659861684607,114.734013831539,75.2659861684607,39.4680276630786,39.4680276630786,NaN,NaN,NaN,1785871518.3993,19060.92886948,2.53154706954956,0.0186548233032227,0.277730941772461,1.03601551055908,1.42704391479492,1.78609442710876,1.8279983997345,1.8279983997345,-1,-1,2.04631757736206,259.076118469238,359.050512313843,41.9039726257324,400.954484939575,Congruent,Right,Left,Right,Right,Right,0,1,1,0,1,1,1,1,1,0,0,0,0,1,1,1,1,1,1,61,11,20260804_t1517_srsSmooth_Moretraining_B001,61,11,7.49204674164454,1.13472056388855,2,2,31,1,1,1,0,0,1
20260804_t1517_srsSmooth_Moretraining,srs_smooth_Moretraining,trial0237.mat,237,237,61,1,237,61,90,40,50,8,1,2,8,2,90,8667,2,0,2,1,1,2,2,1,0,0,,0,11,0,1,0,0,0,0,163,50,163,50,113,NaN,1,0,79.6409912147298,110.35900878527,79.6409912147298,110.35900878527,-30.7180175705405,30.7180175705405,NaN,NaN,NaN,1785871522.08764,19064.61726248,0.466432332992554,0.0137898921966553,0.264357566833496,-1,-1,-1,-1,-1,-1,-1,-1,250.567674636841,NaN,NaN,NaN,Conflict,Left,Right,None,Left,Right,0,1,0,1,0,NaN,NaN,NaN,NaN,NaN,NaN,NaN,NaN,0,0,1,1,0,0,61,NaN,20260804_t1517_srsSmooth_Moretraining_B001,NaN,NaN,7.55351912180583,1.15679574012756,NaN,NaN,NaN,0,NaN,NaN,NaN,NaN,0
20260804_t1517_srsSmooth_Moretraining,srs_smooth_Moretraining,trial0238.mat,238,238,61,1,238,61,90,40,50,8,1,1,6,2,61,1985,2,0,2,1,1,2,1,2,1,2,CHOSE_HIGH_SAL,1,455,1,0,0,0,0,0,180,38,180,38,142,180,1,180,283.246942455726,266.753057544274,103.246942455726,86.7530575442744,16.4938849114512,16.4938849114512,NaN,NaN,NaN,1785871523.60145,19066.13091364,2.14552688598633,0.016704797744751,0.0175747871398926,0.600785732269287,1.1500825881958,1.38433146476746,1.42594838142395,1.42594838142395,-1,-1,1.66123294830322,0.869989395141602,234.248876571655,41.6169166564941,275.865793228149,Congruent,Left,Right,Left,Left,Left,0,1,1,0,1,0,1,1,1,1,0,0,0,0,0,0,1,1,1,62,12,20260804_t1517_srsSmooth_Moretraining_B001,62,12,7.57874930699666,1.04737877845764,1,1,180,1,0,1,1,0,1
20260804_t1517_srsSmooth_Moretraining,srs_smooth_Moretraining,trial0239.mat,239,239,62,1,239,62,90,40,50,8,1,2,8,2,87,10810,2,0,2,1,1,2,2,1,2,1,CHOSE_HIGH_SAL,1,455,1,0,0,0,0,0,166,42,166,42,124,42,1,180,207.026778726268,342.973221273732,27.0267787262678,162.973221273732,-135.946442547464,135.946442547464,NaN,NaN,NaN,1785871526.89813,19069.42770532,2.27394890785217,0.0118181705474854,0.228870630264282,0.828919887542725,1.41187310218811,1.6373279094696,1.67067432403564,1.67067432403564,-1,-1,1.93154358863831,217.052459716797,225.454807281494,33.34641456604,258.801221847534,Conflict,Left,Right,Right,Left,Right,0,1,0,1,1,1,0,0,1,0,1,1,0,0,0,1,1,0,1,63,13,20260804_t1517_srsSmooth_Moretraining_B001,63,13,7.63369402090708,1.15115594863892,1,2,180,1,1,1,0,0,1
20260804_t1517_srsSmooth_Moretraining,srs_smooth_Moretraining,trial0240.mat,240,240,63,1,240,63,90,40,50,8,1,2,7,2,79,15292,2,0,1,2,1,1,2,2,0,0,,0,11,0,1,0,0,0,0,181,24,181,24,157,NaN,1,0,37.7699920044816,152.230007995518,37.7699920044816,152.230007995518,-114.460015991037,114.460015991037,NaN,NaN,NaN,1785871530.33756,19072.86707028,1.24238681793213,0.014197826385498,0.248023986816406,0.756241083145142,-1,-1,-1,-1,-1,-1,-1,233.826160430908,NaN,NaN,NaN,Conflict,Right,Left,None,Right,Left,0,1,0,1,0,NaN,NaN,NaN,NaN,NaN,NaN,NaN,NaN,1,1,0,1,0,0,63,NaN,20260804_t1517_srsSmooth_Moretraining_B001,NaN,NaN,7.69101771910985,1.16547298431396,NaN,NaN,NaN,0,NaN,NaN,NaN,NaN,0
20260804_t1517_srsSmooth_Moretraining,srs_smooth_Moretraining,trial0241.mat,241,241,63,1,241,63,90,40,50,8,1,2,8,2,88,17182,2,0,2,1,1,2,2,1,1,2,CHOSE_LOW_SAL,2,455,1,0,0,0,0,0,169,40,169,40,129,169,1,180,197.309875251546,352.690124748454,17.3098752515457,172.690124748454,-155.380249496909,155.380249496909,NaN,NaN,NaN,1785871532.62718,19075.15666044,2.48799467086792,0.0163323879241943,0.241693019866943,0.991751432418823,1.49972438812256,1.67513060569763,1.70851039886475,1.70851039886475,-1,-1,2.01972699165344,225.360631942749,175.406217575073,33.3797931671143,208.786010742188,Conflict,Left,Right,Left,Left,Right,0,1,0,1,1,0,1,1,0,1,0,0,1,0,0,1,1,0,1,64,14,20260804_t1517_srsSmooth_Moretraining_B001,64,14,7.72917808294296,1.04723501205444,2,1,42,1,1,1,0,0,1
20260804_t1517_srsSmooth_Moretraining,srs_smooth_Moretraining,trial0242.mat,242,242,64,1,242,64,90,40,50,8,1,1,6,2,62,15349,2,0,2,1,1,2,1,2,2,1,,0,11,0,1,0,0,0,0,159,53,159,53,106,53,1,180,358.830100384565,191.169899615435,178.830100384565,11.169899615435,167.66020076913,167.66020076913,NaN,NaN,NaN,1785871536.2578,19078.78718144,1.77282166481018,0.0191879272460938,0.269574165344238,0.81127142906189,1.21923470497131,1.47790217399597,1.51969075202942,1.51969075202942,-1,-1,-1,250.386238098145,258.667469024658,41.7885780334473,300.456047058105,Congruent,Left,Right,Right,Left,Left,0,1,1,0,0,NaN,NaN,NaN,NaN,NaN,NaN,NaN,NaN,0,0,0,1,1,0,64,NaN,20260804_t1517_srsSmooth_Moretraining_B001,NaN,NaN,7.78968840837479,1.1426248550415,NaN,NaN,NaN,0,NaN,NaN,NaN,NaN,0
20260804_t1517_srsSmooth_Moretraining,srs_smooth_Moretraining,trial0243.mat,243,243,64,1,243,64,90,40,50,8,1,1,5,2,57,19080,2,0,1,2,1,1,1,1,2,2,CHOSE_LOW_SAL,2,455,1,0,0,0,0,0,181,46,181,46,135,46,1,0,164.961276063304,25.0387239366957,164.961276063304,25.0387239366957,139.922552126609,139.922552126609,NaN,NaN,NaN,1785871539.08382,19081.61304636,2.31422924995422,0.0182709693908691,0.252117395401001,0.877254962921143,1.41832494735718,1.68564701080322,1.72743940353394,1.72743940353394,-1,-1,1.9713339805603,233.846426010132,267.322063446045,41.7923927307129,309.114456176758,Congruent,Right,Left,Left,Right,Right,0,1,1,0,1,0,0,0,0,1,1,1,1,1,1,1,1,1,1,65,15,20260804_t1517_srsSmooth_Moretraining_B001,65,15,7.83678887287776,1.05320620536804,1,2,169,1,1,0,0,1,1
20260804_t1517_srsSmooth_Moretraining,srs_smooth_Moretraining,trial0244.mat,244,244,65,1,244,65,90,40,50,8,1,1,5,2,55,17876,2,0,1,2,1,1,1,1,0,0,,0,11,0,1,0,0,0,0,177,56,177,56,121,NaN,1,0,100.892721590337,89.1072784096626,100.892721590337,89.1072784096626,11.7854431806747,11.7854431806747,NaN,NaN,NaN,1785871542.57855,19085.10777356,1.11061835289001,0.0153453350067139,0.191174745559692,0.899389505386353,-1,-1,-1,-1,-1,-1,-1,175.829410552979,NaN,NaN,NaN,Congruent,Right,Left,None,Right,Right,0,1,1,0,0,NaN,NaN,NaN,NaN,NaN,NaN,NaN,NaN,1,1,1,1,1,0,65,NaN,20260804_t1517_srsSmooth_Moretraining_B001,NaN,NaN,7.89503433307012,1.18049836158752,NaN,NaN,NaN,0,NaN,NaN,NaN,NaN,0
20260804_t1517_srsSmooth_Moretraining,srs_smooth_Moretraining,trial0245.mat,245,245,65,1,245,65,90,40,50,8,1,2,8,2,83,13410,2,0,2,1,1,2,2,1,2,1,CHOSE_HIGH_SAL,1,455,1,0,0,0,0,0,161,41,161,41,120,41,1,180,233.509781505596,316.490218494404,53.5097815055961,136.490218494404,-82.9804369888078,82.9804369888078,NaN,NaN,NaN,1785871544.74794,19087.27705116,2.40916180610657,0.0127134323120117,0.296822547912598,0.905300140380859,1.45443654060364,1.74674916267395,1.78025221824646,1.78025221824646,-1,-1,2.06576013565063,284.109115600586,292.312622070312,33.5030555725098,325.815677642822,Conflict,Left,Right,Right,Left,Right,0,1,0,1,1,1,0,0,1,0,1,1,0,0,0,1,1,0,1,66,16,20260804_t1517_srsSmooth_Moretraining_B001,66,16,7.93119071324666,1.05876445770264,2,2,46,1,0,1,1,0,1
20260804_t1517_srsSmooth_Moretraining,srs_smooth_Moretraining,trial0246.mat,246,246,66,1,246,66,90,40,50,8,1,2,7,2,79,15292,2,0,1,2,1,1,2,2,1,1,CHOSE_LOW_SAL,2,455,1,0,0,0,0,0,163,38,163,38,125,163,1,0,94.9077957478607,95.0922042521393,94.9077957478607,95.0922042521393,-0.184408504278508,0.184408504278508,NaN,NaN,NaN,1785871548.28432,19090.81328088,2.07257914543152,0.0181343555450439,0.0189471244812012,0.785582780838013,1.30151748657227,1.3030412197113,1.34397125244141,1.34397125244141,-1,-1,1.61248826980591,0.812768936157227,1.52373313903809,40.9300327301025,42.4537658691406,Conflict,Right,Left,Right,Right,Left,0,1,0,1,1,1,1,1,0,0,0,0,1,1,1,0,1,0,1,67,17,20260804_t1517_srsSmooth_Moretraining_B001,67,17,7.9901304324468,1.12722134590149,2,1,41,1,1,0,0,1,1
20260804_t1517_srsSmooth_Moretraining,srs_smooth_Moretraining,trial0247.mat,247,247,67,1,247,67,90,40,50,8,1,1,5,2,58,30958,2,0,1,2,1,1,1,1,1,1,CHOSE_HIGH_SAL,1,455,1,0,0,0,0,0,173,50,173,50,123,173,1,180,336.601391300047,213.398608699953,156.601391300047,33.3986086999527,123.202782600095,123.202782600095,NaN,NaN,NaN,1785871551.49188,19094.02089212,2.33179950714111,0.0190281867980957,0.19482421875,0.903051853179932,1.26907634735107,1.52793478965759,1.56963467597961,1.56963467597961,-1,-1,1.85480403900146,175.796031951904,258.858442306519,41.6998863220215,300.55832862854,Congruent,Right,Left,Right,Right,Right,0,1,1,0,1,1,1,1,1,0,0,0,0,1,1,1,1,1,1,68,18,20260804_t1517_srsSmooth_Moretraining_B001,68,18,8.0435898343722,1.13498497009277,1,1,163,1,0,0,1,1,1
20260804_t1517_srsSmooth_Moretraining,srs_smooth_Moretraining,trial0248.mat,248,248,68,1,248,68,90,40,50,8,1,2,8,2,86,16214,2,0,2,1,1,2,2,1,0,0,,0,11,0,1,0,0,0,0,171,47,171,47,124,NaN,1,180,196.471208779047,353.528791220953,16.471208779047,173.528791220953,-157.057582441906,157.057582441906,NaN,NaN,NaN,1785871554.9629,19097.49192316,1.18496990203857,0.0148093700408936,0.132312536239624,0.715432167053223,-1,-1,-1,-1,-1,-1,-1,117.50316619873,NaN,NaN,NaN,Conflict,Left,Right,None,Left,Right,0,1,0,1,0,NaN,NaN,NaN,NaN,NaN,NaN,NaN,NaN,0,0,1,1,0,0,68,NaN,20260804_t1517_srsSmooth_Moretraining_B001,NaN,NaN,8.10144016742706,1.13922047615051,NaN,NaN,NaN,0,NaN,NaN,NaN,NaN,0
20260804_t1517_srsSmooth_Moretraining,srs_smooth_Moretraining,trial0249.mat,249,249,68,1,249,68,90,40,50,8,1,2,7,2,73,6022,2,0,1,2,1,1,2,2,1,1,CHOSE_LOW_SAL,2,455,1,0,0,0,0,0,168,1,168,1,167,168,1,0,45.0541997380247,144.945800261975,45.0541997380247,144.945800261975,-99.8916005239505,99.8916005239505,NaN,NaN,NaN,1785871557.20665,19099.7356322,2.4086229801178,0.0128111839294434,0.205002069473267,0.90507960319519,1.32952928543091,1.60492753982544,1.64660382270813,1.64660382270813,-1,-1,1.94063425064087,192.190885543823,275.398254394531,41.6762828826904,317.074537277222,Conflict,Right,Left,Right,Right,Left,0,1,0,1,1,1,1,1,0,0,0,0,1,1,1,0,1,0,1,69,19,20260804_t1517_srsSmooth_Moretraining_B001,69,19,8.13883601824443,1.05878114700317,1,1,173,1,0,0,1,1,1
20260804_t1517_srsSmooth_Moretraining,srs_smooth_Moretraining,trial0250.mat,250,250,69,1,250,69,90,40,50,8,1,2,8,2,84,29673,2,0,2,1,1,2,2,1,1,2,CHOSE_LOW_SAL,2,455,1,0,0,0,0,0,165,54,165,54,111,165,1,0,40.9502772854295,149.04972271457,40.9502772854295,149.049722714571,-108.099445429141,108.099445429141,NaN,NaN,NaN,1785871560.77283,19103.30172192,2.19310927391052,0.0134389400482178,0.0141477584838867,0.65569806098938,1.08847951889038,1.47240042686462,1.50559568405151,1.50559568405151,-1,-1,1.7247428894043,0.708818435668945,383.920907974243,33.1952571868896,417.116165161133,Conflict,Left,Right,Left,Left,Right,0,1,0,1,1,0,1,1,0,1,0,0,1,0,0,1,1,0,1,70,20,20260804_t1517_srsSmooth_Moretraining_B001,70,20,8.19827230771383,1.15755438804626,1,1,168,1,0,1,1,0,1
20260804_t1517_srsSmooth_Moretraining,srs_smooth_Moretraining,trial0251.mat,251,251,70,1,251,70,90,40,50,8,1,1,5,2,52,10894,2,0,1,2,1,1,1,1,1,1,CHOSE_HIGH_SAL,1,455,1,0,0,0,0,0,166,54,166,54,112,166,1,0,172.476735374722,17.5232646252781,172.476735374722,17.5232646252781,154.953470749444,154.953470749444,NaN,NaN,NaN,1785871564.11046,19106.63920084,2.41354703903198,0.0176045894622803,0.226505756378174,0.834705114364624,1.33432149887085,1.62651824951172,1.65999007225037,1.65999007225037,-1,-1,1.94567847251892,208.901166915894,292.196750640869,33.4718227386475,325.668573379517,Congruent,Right,Left,Right,Right,Right,0,1,1,0,1,1,1,1,1,0,0,0,0,1,1,1,1,1,1,71,21,20260804_t1517_srsSmooth_Moretraining_B001,71,21,8.25389947891235,1.1445209980011,1,2,165,1,0,1,1,0,1
20260804_t1517_srsSmooth_Moretraining,srs_smooth_Moretraining,trial0252.mat,252,252,71,1,252,71,90,40,50,8,1,2,7,2,80,5061,2,0,1,2,1,1,2,2,1,1,CHOSE_LOW_SAL,2,455,1,0,0,0,0,0,145,39,145,39,106,145,1,0,57.2489845155342,132.751015484466,57.2489845155342,132.751015484466,-75.5020309689316,75.5020309689316,NaN,NaN,NaN,1785871567.66731,19110.19599412,2.18187570571899,0.0192277431488037,0.128170251846313,0.694838762283325,1.15260481834412,1.43676948547363,1.47812175750732,1.47812175750732,-1,-1,1.73900270462036,108.94250869751,284.164667129517,41.3522720336914,325.516939163208,Conflict,Right,Left,Right,Right,Left,0,1,0,1,1,1,1,1,0,0,0,0,1,1,1,0,1,0,1,72,22,20260804_t1517_srsSmooth_Moretraining_B001,72,22,8.31318027575811,1.14330077171326,1,1,166,1,0,0,1,1,1
20260804_t1517_srsSmooth_Moretraining,srs_smooth_Moretraining,trial0253.mat,253,253,72,1,253,72,90,40,50,8,1,2,7,2,75,14646,2,0,1,2,1,1,2,2,1,1,CHOSE_LOW_SAL,2,455,1,0,1,0,0,0,193,28,193,28,165,193,1,180,261.419340438176,288.580659561824,81.4193404381763,108.580659561824,-27.1613191236474,27.1613191236474,NaN,NaN,NaN,1785871571.00408,19113.5326112,2.41180896759033,0.0159223079681396,0.216301679611206,0.749567985534668,1.35764026641846,1.65020751953125,1.69149899482727,1.69149899482727,-1,-1,1.91893458366394,200.379371643066,292.567253112793,41.2914752960205,333.858728408813,Conflict,Right,Left,Right,Right,Left,0,1,0,1,1,1,1,1,0,0,0,0,1,1,1,0,1,0,1,73,23,20260804_t1517_srsSmooth_Moretraining_B001,73,23,8.36879306634267,1.15489172935486,1,1,145,1,0,0,1,1,1
20260804_t1517_srsSmooth_Moretraining,srs_smooth_Moretraining,trial0254.mat,254,254,73,1,254,73,90,40,50,8,1,2,7,2,77,2783,2,0,1,2,1,1,2,2,1,1,CHOSE_LOW_SAL,2,455,1,0,0,0,0,0,196,46,196,46,150,196,1,0,28.3858195791475,161.614180420853,28.3858195791475,161.614180420853,-133.228360841705,133.228360841705,NaN,NaN,NaN,1785871574.56378,19117.0924266,2.41956925392151,0.0146884918212891,0.248555660247803,0.857211351394653,1.33140563964844,1.64039254188538,1.6736044883728,1.6736044883728,-1,-1,1.92563104629517,233.867168426514,308.986902236938,33.2119464874268,342.198848724365,Conflict,Right,Left,Right,Right,Left,0,1,0,1,1,1,1,1,0,0,0,0,1,1,1,0,1,0,1,74,24,20260804_t1517_srsSmooth_Moretraining_B001,74,24,8.42812147935232,1.14789581298828,1,1,193,1,0,0,1,1,1
20260804_t1517_srsSmooth_Moretraining,srs_smooth_Moretraining,trial0255.mat,255,255,74,1,255,74,90,40,50,8,1,1,6,2,67,7061,2,0,2,1,1,2,1,2,2,1,CHOSE_LOW_SAL,2,455,1,0,0,0,0,0,166,50,166,50,116,50,1,0,128.553322687618,61.4466773123822,128.553322687618,61.4466773123822,67.1066453752356,67.1066453752356,NaN,NaN,NaN,1785871578.13364,19120.66214184,2.38259100914001,0.0116372108459473,0.262049198150635,0.820473670959473,1.40335726737976,1.68714499473572,1.72051787376404,1.72051787376404,-1,-1,2.03126502037048,250.411987304688,283.787727355957,33.3728790283203,317.160606384277,Congruent,Left,Right,Right,Left,Left,0,1,1,0,1,1,0,0,0,0,1,1,1,0,0,0,1,1,1,75,25,20260804_t1517_srsSmooth_Moretraining_B001,75,25,8.48761908610662,1.15028715133667,1,1,196,1,1,0,0,1,1
20260804_t1517_srsSmooth_Moretraining,srs_smooth_Moretraining,trial0256.mat,256,256,75,1,256,75,90,40,50,8,1,1,6,2,62,15349,2,0,2,1,1,2,1,2,2,1,CHOSE_LOW_SAL,2,455,1,0,0,0,0,0,142,51,142,51,91,51,1,0,159.881990631612,30.1180093683883,159.881990631612,30.1180093683883,129.763981263223,129.763981263223,NaN,NaN,NaN,1785871581.66035,19124.18878324,2.31473660469055,0.018397331237793,0.244020700454712,0.785857915878296,1.37678241729736,1.67737889289856,1.71892237663269,1.71892237663269,-1,-1,1.96313381195068,225.623369216919,300.596475601196,41.5434837341309,342.139959335327,Congruent,Left,Right,Right,Left,Left,0,1,1,0,1,1,0,0,0,0,1,1,1,0,0,0,1,1,1,76,26,20260804_t1517_srsSmooth_Moretraining_B001,76,26,8.54639758268992,1.14411878585815,2,1,50,1,0,0,1,1,1
20260804_t1517_srsSmooth_Moretraining,srs_smooth_Moretraining,trial0257.mat,257,257,76,1,257,76,90,40,50,8,1,1,6,2,68,17382,2,0,2,1,1,2,1,2,1,2,CHOSE_HIGH_SAL,1,455,1,0,0,0,0,0,180,64,180,64,116,180,1,180,329.147977742115,220.852022257885,149.147977742115,40.8520222578854,108.295955484229,108.295955484229,NaN,NaN,NaN,1785871585.11212,19127.64043268,2.35401916503906,0.0167608261108398,0.275906562805176,0.984130859375,1.33347868919373,1.52554035186768,1.56748914718628,1.56748914718628,-1,-1,1.86929774284363,259.145736694336,192.06166267395,41.9487953186035,234.010457992554,Congruent,Left,Right,Left,Left,Left,0,1,1,0,1,0,1,1,1,1,0,0,0,0,0,0,1,1,1,77,27,20260804_t1517_srsSmooth_Moretraining_B001,77,27,8.60392707586288,1.13703298568726,2,1,51,1,1,1,0,0,1
20260804_t1517_srsSmooth_Moretraining,srs_smooth_Moretraining,trial0258.mat,258,258,77,1,258,77,90,40,50,8,1,1,6,2,69,8298,2,0,2,1,1,2,1,2,1,2,CHOSE_HIGH_SAL,1,455,1,0,0,0,0,0,180,31,180,31,149,180,1,180,319.688521609887,230.311478390113,139.688521609887,50.3114783901131,89.3770432197737,89.3770432197737,NaN,NaN,NaN,1785871588.61263,19131.14101508,2.35509467124939,0.0163886547088623,0.183532953262329,0.983547210693359,1.38310742378235,1.54183983802795,1.57517170906067,1.57517170906067,-1,-1,1.87755870819092,167.144298553467,158.732414245605,33.3318710327148,192.06428527832,Congruent,Left,Right,Left,Left,Left,0,1,1,0,1,0,1,1,1,1,0,0,0,0,0,0,1,1,1,78,28,20260804_t1517_srsSmooth_Moretraining_B001,78,28,8.66226887702942,1.146488904953,1,2,180,1,0,0,1,1,1
20260804_t1517_srsSmooth_Moretraining,srs_smooth_Moretraining,trial0259.mat,259,259,78,1,259,78,90,40,50,8,1,1,6,2,65,24513,2,0,2,1,1,2,1,2,0,0,,0,11,0,1,0,0,0,0,170,9,170,9,161,NaN,1,0,132.389929371102,57.6100706288977,132.389929371102,57.6100706288977,74.7798587422046,74.7798587422046,NaN,NaN,NaN,1785871592.12976,19134.65808544,1.33569431304932,0.0160608291625977,0.258137226104736,0.808237314224243,-1,-1,-1,-1,-1,-1,-1,242.076396942139,NaN,NaN,NaN,Congruent,Left,Right,None,Left,Left,0,1,1,0,0,NaN,NaN,NaN,NaN,NaN,NaN,NaN,NaN,0,0,0,1,1,0,78,NaN,20260804_t1517_srsSmooth_Moretraining_B001,NaN,NaN,8.72088770866394,1.1620352268219,NaN,NaN,NaN,0,NaN,NaN,NaN,NaN,0
20260804_t1517_srsSmooth_Moretraining,srs_smooth_Moretraining,trial0260.mat,260,260,78,1,260,78,90,40,50,8,1,1,6,2,65,24513,2,0,2,1,1,2,1,2,2,1,CHOSE_LOW_SAL,2,455,1,0,0,0,0,0,159,39,159,39,120,39,1,0,157.697831874435,32.3021681255645,157.697831874435,32.3021681255645,125.395663748871,125.395663748871,NaN,NaN,NaN,1785871594.52026,19137.04850148,2.21319937705994,0.0173115730285645,0.226214647293091,0.942764282226562,1.32569575309753,1.55954384803772,1.59281182289124,1.59281182289124,-1,-1,1.87022304534912,208.903074264526,233.848094940186,33.2679748535156,267.116069793701,Congruent,Left,Right,Right,Left,Left,0,1,1,0,1,1,0,0,0,0,1,1,1,0,0,0,1,1,1,79,29,20260804_t1517_srsSmooth_Moretraining_B001,79,29,8.76072952747345,1.05481481552124,1,2,180,1,1,1,0,0,1
20260804_t1517_srsSmooth_Moretraining,srs_smooth_Moretraining,trial0262.mat,262,262,79,1,262,79,90,40,50,8,1,1,5,2,55,17876,2,0,1,2,1,1,1,1,2,2,CHOSE_LOW_SAL,2,455,1,0,0,0,0,0,165,63,165,63,102,63,1,0,168.038216303481,21.9617836965189,168.038216303481,21.9617836965189,146.076432606962,146.076432606962,NaN,NaN,NaN,1785871599.2304,19141.75841288,2.23710203170776,0.0156929492950439,0.199490308761597,0.899536609649658,1.53241896629333,1.5661838054657,1.60780811309814,1.60780811309814,-1,-1,1.86067962646484,183.797359466553,33.7648391723633,41.6243076324463,75.3891468048096,Congruent,Right,Left,Left,Right,Right,0,1,1,0,1,0,0,0,0,1,1,1,1,1,1,1,1,1,1,80,30,20260804_t1517_srsSmooth_Moretraining_B001,80,30,8.83923175732295,2.49693441390991,2,1,39,1,0,1,1,0,1
20260804_t1517_srsSmooth_Moretraining,srs_smooth_Moretraining,trial0263.mat,263,263,80,1,263,80,90,40,50,8,1,1,6,2,64,23357,2,0,2,1,1,2,1,2,2,1,CHOSE_LOW_SAL,2,455,1,0,0,0,0,0,162,58,162,58,104,58,1,0,129.228201652021,60.7717983479785,129.228201652021,60.7717983479785,68.4564033040429,68.4564033040429,NaN,NaN,NaN,1785871602.71637,19145.24448416,2.30089449882507,0.0131874084472656,0.222054243087769,0.772423982620239,1.37157344818115,1.68032598495483,1.71370506286621,1.71370506286621,-1,-1,1.94118881225586,208.866834640503,308.752536773682,33.379077911377,342.131614685059,Congruent,Left,Right,Right,Left,Left,0,1,1,0,1,1,0,0,0,0,1,1,1,0,0,0,1,1,1,81,31,20260804_t1517_srsSmooth_Moretraining_B001,81,31,8.8973313331604,1.24887251853943,2,2,63,1,0,1,1,0,1
20260804_t1517_srsSmooth_Moretraining,srs_smooth_Moretraining,trial0265.mat,265,265,81,1,265,81,90,40,50,8,1,1,5,2,51,12312,2,0,1,2,1,1,1,1,2,2,CHOSE_LOW_SAL,2,455,1,0,0,0,0,0,165,37,165,37,128,37,1,0,165.203847860458,24.7961521395417,165.203847860458,24.7961521395417,140.407695720917,140.407695720917,NaN,NaN,NaN,1785871607.52832,19150.05624836,2.25559425354004,0.018094539642334,0.210135221481323,0.777118921279907,1.38481473922729,1.6518247127533,1.69366669654846,1.69366669654846,-1,-1,1.9210479259491,192.040681838989,267.009973526001,41.841983795166,308.851957321167,Congruent,Right,Left,Left,Right,Right,0,1,1,0,1,0,0,0,0,1,1,1,1,1,1,1,1,1,1,82,32,20260804_t1517_srsSmooth_Moretraining_B001,82,32,8.97753042777379,2.51105117797852,2,1,58,1,0,1,1,0,1
20260804_t1517_srsSmooth_Moretraining,srs_smooth_Moretraining,trial0266.mat,266,266,82,1,266,82,90,40,50,8,1,2,8,2,85,15750,2,0,2,1,1,2,2,1,2,1,CHOSE_HIGH_SAL,1,455,1,0,0,0,0,0,178,25,178,25,153,25,1,0,46.4770779004891,143.522922099511,46.4770779004891,143.522922099511,-97.0458441990219,97.0458441990219,NaN,NaN,NaN,1785871610.94041,19153.46834524,2.27728271484375,0.0144727230072021,0.239979028701782,0.915011167526245,1.25618767738342,1.64003109931946,1.67320942878723,1.67320942878723,-1,-1,1.95056295394897,225.50630569458,383.843421936035,33.1783294677734,417.021751403809,Conflict,Left,Right,Right,Left,Right,0,1,0,1,1,1,0,0,1,0,1,1,0,0,0,1,1,0,1,83,33,20260804_t1517_srsSmooth_Moretraining_B001,83,33,9.03439855972926,1.15649366378784,2,2,37,1,0,1,1,0,1
20260804_t1517_srsSmooth_Moretraining,srs_smooth_Moretraining,trial0268.mat,268,268,83,1,268,83,90,40,50,8,1,2,7,2,78,11655,2,0,1,2,1,1,2,2,1,1,CHOSE_LOW_SAL,2,455,1,0,0,0,0,0,172,51,172,51,121,172,1,0,49.2800406752458,140.719959324754,49.2800406752457,140.719959324754,-91.4399186495085,91.4399186495085,NaN,NaN,NaN,1785871615.72937,19158.25715132,2.46395206451416,0.0173559188842773,0.234720706939697,0.84303879737854,1.43407797813416,1.64306426048279,1.68464326858521,1.68464326858521,-1,-1,1.98725652694702,217.36478805542,208.986282348633,41.579008102417,250.56529045105,Conflict,Right,Left,Right,Right,Left,0,1,0,1,1,1,1,1,0,0,0,0,1,1,1,0,1,0,1,84,34,20260804_t1517_srsSmooth_Moretraining_B001,84,34,9.1142147064209,2.51168608665466,2,1,25,1,1,0,0,1,1
20260804_t1517_srsSmooth_Moretraining,srs_smooth_Moretraining,trial0269.mat,269,269,84,1,269,84,90,40,50,8,1,1,5,2,54,25027,2,0,1,2,1,1,1,1,1,1,CHOSE_HIGH_SAL,1,455,1,0,0,0,0,0,159,27,159,27,132,159,1,0,128.043683489535,61.9563165104649,128.043683489535,61.9563165104649,66.0873669790702,66.0873669790702,NaN,NaN,NaN,1785871619.34449,19161.8722048,2.31483912467957,0.0107100009918213,0.261206388473511,0.794514656066895,1.24409103393555,1.52792239189148,1.56118679046631,1.56118679046631,-1,-1,1.8555428981781,250.496387481689,283.831357955933,33.2643985748291,317.095756530762,Congruent,Right,Left,Right,Right,Right,0,1,1,0,1,1,1,1,1,0,0,0,0,1,1,1,1,1,1,85,35,20260804_t1517_srsSmooth_Moretraining_B001,85,35,9.17446670532227,1.15116786956787,1,1,172,1,0,0,1,1,1
20260804_t1517_srsSmooth_Moretraining,srs_smooth_Moretraining,trial0270.mat,270,270,85,1,270,85,90,40,50,8,1,1,5,2,60,8326,2,0,1,2,1,1,1,1,1,1,CHOSE_HIGH_SAL,1,455,1,0,0,0,0,0,182,55,182,55,127,182,1,180,328.826659028136,221.173340971864,148.826659028136,41.173340971864,107.653318056272,107.653318056272,NaN,NaN,NaN,1785871622.8125,19165.3401426,2.72234582901001,0.0178427696228027,0.276803016662598,0.98506236076355,1.59290385246277,1.89330267906189,1.92674160003662,1.92674160003662,-1,-1,2.23741817474365,258.960247039795,300.398826599121,33.4389209747314,333.837747573853,Congruent,Right,Left,Right,Right,Right,0,1,1,0,1,1,1,1,1,0,0,0,0,1,1,1,1,1,1,86,36,20260804_t1517_srsSmooth_Moretraining_B001,86,36,9.23226674000422,1.15316295623779,1,1,159,1,0,0,1,1,1
20260804_t1517_srsSmooth_Moretraining,srs_smooth_Moretraining,trial0271.mat,271,271,86,1,271,86,90,40,50,8,1,2,8,2,86,16214,2,0,2,1,1,2,2,1,2,1,CHOSE_HIGH_SAL,1,455,1,0,0,0,0,0,188,59,188,59,129,59,1,180,195.36074292376,354.63925707624,15.3607429237597,174.63925707624,-159.278514152481,159.278514152481,NaN,NaN,NaN,1785871626.68502,19169.21258112,1.83216977119446,0.0121335983276367,0.0128750801086426,0.571007251739502,0.94550347328186,1.17935252189636,1.22106122970581,1.22106122970581,-1,-1,1.47316646575928,0.741481781005859,233.849048614502,41.7087078094482,275.55775642395,Conflict,Left,Right,Right,Left,Right,0,1,0,1,1,1,0,0,1,0,1,1,0,0,0,1,1,0,1,87,37,20260804_t1517_srsSmooth_Moretraining_B001,87,37,9.29680884679158,1.15018057823181,1,1,182,1,1,0,0,1,1
20260804_t1517_srsSmooth_Moretraining,srs_smooth_Moretraining,trial0272.mat,272,272,87,1,272,87,90,40,50,8,1,1,6,2,63,3789,2,0,2,1,1,2,1,2,2,1,CHOSE_LOW_SAL,2,455,1,0,0,0,0,0,129,59,129,59,70,59,1,180,324.686065726223,225.313934273777,144.686065726223,45.3139342737774,99.3721314524451,99.3721314524451,NaN,NaN,NaN,1785871629.66539,19172.19293352,2.11946129798889,0.01521897315979,0.182467222213745,0.774127960205078,1.16526389122009,1.45739841461182,1.4990930557251,1.4990930557251,-1,-1,1.75960612297058,167.248249053955,292.134523391724,41.6946411132812,333.829164505005,Congruent,Left,Right,Right,Left,Left,0,1,1,0,1,1,0,0,0,0,1,1,1,0,0,0,1,1,1,88,38,20260804_t1517_srsSmooth_Moretraining_B001,88,38,9.34648158947627,1.14819478988647,2,1,59,1,0,0,1,1,1
20260804_t1517_srsSmooth_Moretraining,srs_smooth_Moretraining,trial0273.mat,273,273,88,1,273,88,90,40,50,8,1,1,6,2,70,30880,2,0,2,1,1,2,1,2,1,2,CHOSE_HIGH_SAL,1,455,1,0,0,0,0,0,161,48,161,48,113,161,1,180,325.617902864809,224.382097135191,145.617902864809,44.3820971351905,101.235805729619,101.235805729619,NaN,NaN,NaN,1785871632.96589,19175.49326956,2.42747187614441,0.0148401260375977,0.248614549636841,1.02381563186646,1.65657114982605,1.65775084495544,1.69885039329529,1.69885039329529,-1,-1,1.96817708015442,233.774423599243,1.17969512939453,41.0995483398438,42.2792434692383,Congruent,Left,Right,Left,Left,Left,0,1,1,0,1,0,1,1,1,1,0,0,0,0,0,0,1,1,1,89,39,20260804_t1517_srsSmooth_Moretraining_B001,89,39,9.40149003664652,1.18104553222656,2,1,59,1,1,1,0,0,1
20260804_t1517_srsSmooth_Moretraining,srs_smooth_Moretraining,trial0274.mat,274,274,89,1,274,89,90,40,50,8,1,2,8,2,90,8667,2,0,2,1,1,2,2,1,2,1,CHOSE_HIGH_SAL,1,455,1,0,0,0,0,0,156,49,156,49,107,49,1,180,217.313782806836,332.686217193164,37.3137828068356,152.686217193164,-115.372434386329,115.372434386329,NaN,NaN,NaN,1785871636.54956,19179.07700592,2.37804579734802,0.014650821685791,0.215052604675293,0.932195425033569,1.48137474060059,1.73217487335205,1.7654504776001,1.7654504776001,-1,-1,2.02601456642151,200.401782989502,250.800132751465,33.2756042480469,284.075736999512,Conflict,Left,Right,Right,Left,Right,0,1,0,1,1,1,0,0,1,0,1,1,0,0,0,1,1,0,1,90,40,20260804_t1517_srsSmooth_Moretraining_B001,90,40,9.46121774117152,1.15619039535522,1,2,161,1,1,1,0,0,1
20260804_t1517_srsSmooth_Moretraining,srs_smooth_Moretraining,trial0275.mat,275,275,90,2,1,0,86,36,50,8,2,0,2,1,15,256,1,1,2,1,2,1,1,2,1,2,SINGLE_T1_CORRECT,10,455,1,0,0,0,0,0,123,205,205,123,-82,123,1,0,180,10,180,10,170,170,NaN,NaN,NaN,1785871640.06631,19182.59348908,2.31881213188171,0.014702320098877,0.273508787155151,0.965157508850098,1.52309441566467,1.59025454521179,1.62362623214722,1.62362623214722,-1,-1,1.89287710189819,258.806467056274,67.1601295471191,33.3716869354248,100.531816482544,Instruction,Left,Right,Left,Right,Left,1,0,0,0,0,NaN,NaN,NaN,NaN,NaN,NaN,NaN,NaN,0,1,0,0,1,0,91,NaN,20260804_t1517_srsSmooth_Moretraining_B002,1,NaN,9.5198302825292,1.13870668411255,NaN,NaN,NaN,0,NaN,NaN,NaN,NaN,0
20260804_t1517_srsSmooth_Moretraining,srs_smooth_Moretraining,trial0276.mat,276,276,91,2,2,1,86,36,50,8,2,0,1,1,1,8090,1,1,1,2,2,2,1,1,1,1,SINGLE_T1_CORRECT,10,455,1,0,0,0,0,0,136,189,189,136,-53,136,1,0,180,10,180,10,170,170,NaN,NaN,NaN,1785871643.52679,19186.05402076,2.40858197212219,0.0126910209655762,0.188492298126221,0.913313150405884,1.50441598892212,1.66339254379272,1.69687056541443,1.69687056541443,-1,-1,1.97403931617737,175.801277160645,158.976554870605,33.4780216217041,192.45457649231,Instruction,Right,Left,Right,Left,Right,1,0,0,0,0,NaN,NaN,NaN,NaN,NaN,NaN,NaN,NaN,1,0,1,0,1,0,92,NaN,20260804_t1517_srsSmooth_Moretraining_B002,2,NaN,9.57750493685404,1.14166712760925,NaN,NaN,NaN,0,NaN,NaN,NaN,NaN,0
20260804_t1517_srsSmooth_Moretraining,srs_smooth_Moretraining,trial0277.mat,277,277,92,2,3,2,86,36,50,8,2,0,2,1,22,9566,1,1,2,1,2,1,1,2,1,2,SINGLE_T1_CORRECT,10,455,1,0,0,0,0,0,139,188,188,139,-49,139,1,0,180,10,180,10,170,170,NaN,NaN,NaN,1785871647.09839,19189.62547512,2.14554905891418,0.0162293910980225,0.19182014465332,0.825117588043213,1.23294353485107,1.39177274703979,1.42527151107788,1.42527151107788,-1,-1,1.70276379585266,175.590753555298,158.829212188721,33.4987640380859,192.327976226807,Instruction,Left,Right,Left,Right,Left,1,0,0,0,0,NaN,NaN,NaN,NaN,NaN,NaN,NaN,NaN,0,1,0,0,1,0,93,NaN,20260804_t1517_srsSmooth_Moretraining_B002,3,NaN,9.637031630675,1.16301965713501,NaN,NaN,NaN,0,NaN,NaN,NaN,NaN,0
20260804_t1517_srsSmooth_Moretraining,srs_smooth_Moretraining,trial0278.mat,278,278,93,2,4,3,86,36,50,8,2,0,1,1,6,10031,1,1,1,2,2,2,1,1,1,1,SINGLE_T1_CORRECT,10,455,1,0,0,0,0,0,139,220,220,139,-81,139,1,180,0,190,180,10,170,170,NaN,NaN,NaN,1785871650.40311,19192.93008772,2.2575740814209,0.0116391181945801,0.220549583435059,0.853942632675171,1.22001934051514,1.50388646125793,1.53727412223816,1.53727412223816,-1,-1,1.81497168540955,208.910465240479,283.867120742798,33.3876609802246,317.254781723022,Instruction,Right,Left,Right,Left,Right,1,0,0,0,0,NaN,NaN,NaN,NaN,NaN,NaN,NaN,NaN,1,0,1,0,1,0,94,NaN,20260804_t1517_srsSmooth_Moretraining_B002,4,NaN,9.69211028416951,1.15917015075684,NaN,NaN,NaN,0,NaN,NaN,NaN,NaN,0
20260804_t1517_srsSmooth_Moretraining,srs_smooth_Moretraining,trial0279.mat,279,279,94,2,5,4,86,36,50,8,2,0,4,1,48,14164,1,2,1,2,2,2,2,2,2,2,SINGLE_T2_CORRECT,11,455,1,0,0,0,0,0,133,198,198,133,-65,198,1,0,10,180,10,180,-170,170,NaN,NaN,NaN,1785871653.81053,19196.33762788,2.26733899116516,0.0126826763153076,0.179986238479614,0.905073165893555,1.2710657119751,1.48015213012695,1.51344466209412,1.51344466209412,-1,-1,1.76554870605469,167.303562164307,209.086418151855,33.2925319671631,242.378950119019,Instruction,Right,Left,Left,Left,Left,1,0,0,0,0,NaN,NaN,NaN,NaN,NaN,NaN,NaN,NaN,1,0,0,0,0,0,95,NaN,20260804_t1517_srsSmooth_Moretraining_B002,5,NaN,9.74890065987905,1.14984846115112,NaN,NaN,NaN,0,NaN,NaN,NaN,NaN,0
20260804_t1517_srsSmooth_Moretraining,srs_smooth_Moretraining,trial0280.mat,280,280,95,2,6,5,86,36,50,8,2,0,1,1,4,28471,1,1,1,2,2,2,1,1,1,1,SINGLE_T1_CORRECT,10,455,1,0,0,0,0,0,115,205,205,115,-90,115,1,0,180,10,180,10,170,170,NaN,NaN,NaN,1785871657.24249,19199.76937776,2.35246229171753,0.0141916275024414,0.181390047073364,0.914638757705688,1.28924059867859,1.63129639625549,1.67314267158508,1.67314267158508,-1,-1,1.93370318412781,167.198419570923,342.055797576904,41.8462753295898,383.902072906494,Instruction,Right,Left,Right,Left,Right,1,0,0,0,0,NaN,NaN,NaN,NaN,NaN,NaN,NaN,NaN,1,0,1,0,1,0,96,NaN,20260804_t1517_srsSmooth_Moretraining_B002,6,NaN,9.80609997908274,1.16462016105652,NaN,NaN,NaN,0,NaN,NaN,NaN,NaN,0
20260804_t1517_srsSmooth_Moretraining,srs_smooth_Moretraining,trial0281.mat,281,281,96,2,7,6,86,36,50,8,2,0,2,1,18,3302,1,1,2,1,2,1,1,2,1,2,SINGLE_T1_CORRECT,10,455,1,0,0,0,0,0,126,199,199,126,-73,126,1,180,0,190,180,10,170,170,NaN,NaN,NaN,1785871660.76168,19203.28853784,2.1330726146698,0.0118045806884766,0.23736572265625,0.745724439620972,1.17851638793945,1.37076091766357,1.40418481826782,1.40418481826782,-1,-1,1.69832634925842,225.561141967773,192.244529724121,33.423900604248,225.668430328369,Instruction,Left,Right,Left,Right,Left,1,0,0,0,0,NaN,NaN,NaN,NaN,NaN,NaN,NaN,NaN,0,1,0,0,1,0,97,NaN,20260804_t1517_srsSmooth_Moretraining_B002,7,NaN,9.86475316286087,1.16672873497009,NaN,NaN,NaN,0,NaN,NaN,NaN,NaN,0
20260804_t1517_srsSmooth_Moretraining,srs_smooth_Moretraining,trial0282.mat,282,282,97,2,8,7,86,36,50,8,2,0,4,1,46,16829,1,2,1,2,2,2,2,2,2,2,SINGLE_T2_CORRECT,11,455,1,0,0,0,0,0,129,180,180,129,-51,180,1,180,190,0,10,180,-170,170,NaN,NaN,NaN,1785871664.0661,19206.59289988,2.32017850875854,0.0158467292785645,0.24960732460022,1.04148268699646,1.47423672676086,1.53335666656494,1.57462096214294,1.57462096214294,-1,-1,1.83546876907349,233.760595321655,59.1199398040771,41.2642955780029,100.38423538208,Instruction,Right,Left,Left,Left,Left,1,0,0,0,0,NaN,NaN,NaN,NaN,NaN,NaN,NaN,NaN,1,0,0,0,0,0,98,NaN,20260804_t1517_srsSmooth_Moretraining_B002,8,NaN,9.91982684135437,1.17134809494019,NaN,NaN,NaN,0,NaN,NaN,NaN,NaN,0
20260804_t1517_srsSmooth_Moretraining,srs_smooth_Moretraining,trial0283.mat,283,283,98,2,9,8,86,36,50,8,2,0,1,1,10,9901,1,1,1,2,2,2,1,1,1,1,SINGLE_T1_CORRECT,10,455,1,0,0,0,0,0,113,188,188,113,-75,113,1,180,0,190,180,10,170,170,NaN,NaN,NaN,1785871667.53353,19210.06035228,2.35303020477295,0.0152180194854736,0.215584516525269,0.948996305465698,1.34860396385193,1.63240933418274,1.66568398475647,1.66568398475647,-1,-1,1.93458890914917,200.366497039795,283.805370330811,33.2746505737305,317.080020904541,Instruction,Right,Left,Right,Left,Right,1,0,0,0,0,NaN,NaN,NaN,NaN,NaN,NaN,NaN,NaN,1,0,1,0,1,0,99,NaN,20260804_t1517_srsSmooth_Moretraining_B002,9,NaN,9.97761735518773,1.14725232124329,NaN,NaN,NaN,0,NaN,NaN,NaN,NaN,0
20260804_t1517_srsSmooth_Moretraining,srs_smooth_Moretraining,trial0284.mat,284,284,99,2,10,9,86,36,50,8,2,0,4,1,42,2098,1,2,1,2,2,2,2,2,0,0,,0,11,0,1,0,0,0,0,141,183,183,141,-42,NaN,1,180,190,0,10,180,-170,170,NaN,NaN,NaN,1785871671.03853,19213.5651416,1.5143358707428,0.0186922550201416,0.252600908279419,0.961199998855591,-1,-1,-1,-1,-1,-1,-1,233.908653259277,NaN,NaN,NaN,Instruction,Right,Left,None,Left,Left,1,0,0,0,0,NaN,NaN,NaN,NaN,NaN,NaN,NaN,NaN,1,0,0,0,0,0,99,NaN,20260804_t1517_srsSmooth_Moretraining_B002,NaN,NaN,10.0360339681307,1.15196657180786,NaN,NaN,NaN,0,NaN,NaN,NaN,NaN,0
20260804_t1517_srsSmooth_Moretraining,srs_smooth_Moretraining,trial0285.mat,285,285,99,2,11,9,86,36,50,8,2,0,4,1,40,9393,1,2,1,2,2,2,2,2,0,0,,0,11,0,1,0,0,0,0,125,164,164,125,-39,NaN,1,180,190,0,10,180,-170,170,NaN,NaN,NaN,1785871673.60946,19216.13601192,0.284244060516357,0.0145282745361328,0.232051849365234,-1,-1,-1,-1,-1,-1,-1,-1,217.523574829102,NaN,NaN,NaN,Instruction,Right,Left,None,Left,Left,1,0,0,0,0,NaN,NaN,NaN,NaN,NaN,NaN,NaN,NaN,1,0,0,0,0,0,99,NaN,20260804_t1517_srsSmooth_Moretraining_B002,NaN,NaN,10.0788828174273,1.05659508705139,NaN,NaN,NaN,0,NaN,NaN,NaN,NaN,0
20260804_t1517_srsSmooth_Moretraining,srs_smooth_Moretraining,trial0286.mat,286,286,99,2,12,9,86,36,50,8,2,0,1,1,11,28189,1,1,1,2,2,2,1,1,1,1,SINGLE_T1_CORRECT,10,455,1,0,0,0,0,0,146,173,173,146,-27,146,1,180,0,190,180,10,170,170,NaN,NaN,NaN,1785871674.93818,19217.46457904,2.26548910140991,0.0192005634307861,0.0203619003295898,0.669600009918213,1.16924571990967,1.48643803596497,1.52798509597778,1.52798509597778,-1,-1,1.81449818611145,1.16133689880371,317.192316055298,41.5470600128174,358.739376068115,Instruction,Right,Left,Right,Left,Right,1,0,0,0,0,NaN,NaN,NaN,NaN,NaN,NaN,NaN,NaN,1,0,1,0,1,0,100,NaN,20260804_t1517_srsSmooth_Moretraining_B002,10,NaN,10.1010280450185,1.04446959495544,NaN,NaN,NaN,0,NaN,NaN,NaN,NaN,0
20260804_t1517_srsSmooth_Moretraining,srs_smooth_Moretraining,trial0287.mat,287,287,100,2,13,10,86,36,50,8,2,0,4,1,44,23866,1,2,1,2,2,2,2,2,0,0,,0,11,0,1,0,0,0,0,144,200,200,144,-56,NaN,1,180,190,0,10,180,-170,170,NaN,NaN,NaN,1785871678.33884,19220.86526224,0.254787683486938,0.0186717510223389,0.202483177185059,-1,-1,-1,-1,-1,-1,-1,-1,183.81142616272,NaN,NaN,NaN,Instruction,Right,Left,None,Left,Left,1,0,0,0,0,NaN,NaN,NaN,NaN,NaN,NaN,NaN,NaN,1,0,0,0,0,0,100,NaN,20260804_t1517_srsSmooth_Moretraining_B002,NaN,NaN,10.1577057441076,1.13517284393311,NaN,NaN,NaN,0,NaN,NaN,NaN,NaN,0
20260804_t1517_srsSmooth_Moretraining,srs_smooth_Moretraining,trial0288.mat,288,288,100,2,14,10,86,36,50,8,2,0,4,1,41,19171,1,2,1,2,2,2,2,2,2,2,SINGLE_T2_CORRECT,11,455,1,0,0,0,0,0,149,197,197,149,-48,197,1,180,190,0,10,180,-170,170,NaN,NaN,NaN,1785871679.63927,19222.16566984,2.38880658149719,0.0182919502258301,0.235466241836548,0.885360240936279,1.34334397315979,1.55235457420349,1.58580613136292,1.58580613136292,-1,-1,1.88827419281006,217.174291610718,209.010601043701,33.4515571594238,242.462158203125,Instruction,Right,Left,Left,Left,Left,1,0,0,0,0,NaN,NaN,NaN,NaN,NaN,NaN,NaN,NaN,1,0,0,0,0,0,101,NaN,20260804_t1517_srsSmooth_Moretraining_B002,11,NaN,10.1793795903524,1.04564309120178,NaN,NaN,NaN,0,NaN,NaN,NaN,NaN,0
20260804_t1517_srsSmooth_Moretraining,srs_smooth_Moretraining,trial0289.mat,289,289,101,2,15,11,86,36,50,8,2,0,3,1,33,1276,1,2,2,1,2,1,2,1,2,1,SINGLE_T2_CORRECT,11,455,1,0,0,0,0,0,111,201,201,111,-90,201,1,180,190,0,10,180,-170,170,NaN,NaN,NaN,1785871683.17154,19225.69778008,2.32397198677063,0.0194921493530273,0.211888790130615,0.770119428634644,1.26120710372925,1.47839617729187,1.51169323921204,1.51169323921204,-1,-1,1.82234454154968,192.396640777588,217.189073562622,33.297061920166,250.486135482788,Instruction,Left,Right,Right,Right,Right,1,0,0,0,0,NaN,NaN,NaN,NaN,NaN,NaN,NaN,NaN,0,1,1,0,0,0,102,NaN,20260804_t1517_srsSmooth_Moretraining_B002,12,NaN,10.2382507880529,1.14346528053284,NaN,NaN,NaN,0,NaN,NaN,NaN,NaN,0
20260804_t1517_srsSmooth_Moretraining,srs_smooth_Moretraining,trial0290.mat,290,290,102,2,16,12,86,36,50,8,2,0,1,1,2,6322,1,1,1,2,2,2,1,1,1,1,SINGLE_T1_CORRECT,10,455,1,0,0,0,0,0,121,185,185,121,-64,121,1,0,180,10,180,10,170,170,NaN,NaN,NaN,1785871686.66269,19229.18891424,2.33298683166504,0.0118160247802734,0.253902673721313,0.762538909912109,1.33686828613281,1.60398650169373,1.6458466053009,1.6458466053009,-1,-1,1.91476011276245,242.08664894104,267.118215560913,41.8601036071777,308.978319168091,Instruction,Right,Left,Right,Left,Right,1,0,0,0,0,NaN,NaN,NaN,NaN,NaN,NaN,NaN,NaN,1,0,1,0,1,0,103,NaN,20260804_t1517_srsSmooth_Moretraining_B002,13,NaN,10.2964365522067,1.16717386245728,NaN,NaN,NaN,0,NaN,NaN,NaN,NaN,0
20260804_t1517_srsSmooth_Moretraining,srs_smooth_Moretraining,trial0291.mat,291,291,103,2,17,13,86,36,50,8,2,0,4,1,42,2098,1,2,1,2,2,2,2,2,2,2,SINGLE_T2_CORRECT,11,455,1,0,0,0,0,0,132,183,183,132,-51,183,1,0,10,180,10,180,-170,170,NaN,NaN,NaN,1785871690.13468,19232.66096496,2.3449285030365,0.0149624347686768,0.123663425445557,0.873827934265137,1.36501526832581,1.50764846801758,1.54931354522705,1.54931354522705,-1,-1,1.85986304283142,108.70099067688,142.633199691772,41.6650772094727,184.298276901245,Instruction,Right,Left,Left,Left,Left,1,0,0,0,0,NaN,NaN,NaN,NaN,NaN,NaN,NaN,NaN,1,0,0,0,0,0,104,NaN,20260804_t1517_srsSmooth_Moretraining_B002,14,NaN,10.3543030659358,1.13900399208069,NaN,NaN,NaN,0,NaN,NaN,NaN,NaN,0
20260804_t1517_srsSmooth_Moretraining,srs_smooth_Moretraining,trial0292.mat,292,292,104,2,18,14,86,36,50,8,2,0,4,1,47,26364,1,2,1,2,2,2,2,2,2,2,SINGLE_T2_CORRECT,11,455,1,0,0,0,0,0,132,189,189,132,-57,189,1,180,190,0,10,180,-170,170,NaN,NaN,NaN,1785871693.64056,19236.16666896,2.30561971664429,0.0175526142120361,0.259991645812988,0.926316261291504,1.342604637146,1.54357933998108,1.57687377929688,1.57687377929688,-1,-1,1.81285524368286,242.439031600952,200.974702835083,33.2944393157959,234.269142150879,Instruction,Right,Left,Left,Left,Left,1,0,0,0,0,NaN,NaN,NaN,NaN,NaN,NaN,NaN,NaN,1,0,0,0,0,0,105,NaN,20260804_t1517_srsSmooth_Moretraining_B002,15,NaN,10.412734413147,1.16095232963562,NaN,NaN,NaN,0,NaN,NaN,NaN,NaN,0
20260804_t1517_srsSmooth_Moretraining,srs_smooth_Moretraining,trial0293.mat,293,293,105,2,19,15,86,36,50,8,2,0,3,1,37,11400,1,2,2,1,2,1,2,1,2,1,SINGLE_T2_CORRECT,11,455,1,0,0,0,0,0,109,200,200,109,-91,200,1,0,10,180,10,180,-170,170,NaN,NaN,NaN,1785871697.09848,19239.62450988,2.55633854866028,0.0180976390838623,0.218785524368286,0.885411262512207,1.47648859024048,1.72695755958557,1.76021432876587,1.76021432876587,-1,-1,2.0543839931488,200.687885284424,250.468969345093,33.2567691802979,283.725738525391,Instruction,Left,Right,Right,Right,Right,1,0,0,0,0,NaN,NaN,NaN,NaN,NaN,NaN,NaN,NaN,0,1,1,0,0,0,106,NaN,20260804_t1517_srsSmooth_Moretraining_B002,16,NaN,10.4703664779663,1.15230417251587,NaN,NaN,NaN,0,NaN,NaN,NaN,NaN,0
20260804_t1517_srsSmooth_Moretraining,srs_smooth_Moretraining,trial0294.mat,294,294,106,2,20,16,86,36,50,8,2,0,2,1,17,28863,1,1,2,1,2,1,1,2,1,2,SINGLE_T1_CORRECT,10,455,1,0,1,0,0,0,99,173,173,99,-74,99,1,0,180,10,180,10,170,170,NaN,NaN,NaN,1785871700.78905,19243.31511388,2.19045257568359,0.0193397998809814,0.21152925491333,0.8364417552948,1.27772283554077,1.48651647567749,1.51985025405884,1.51985025405884,-1,-1,1.78881621360779,192.189455032349,208.793640136719,33.3337783813477,242.127418518066,Instruction,Left,Right,Left,Right,Left,1,0,0,0,0,NaN,NaN,NaN,NaN,NaN,NaN,NaN,NaN,0,1,0,0,1,0,107,NaN,20260804_t1517_srsSmooth_Moretraining_B002,17,NaN,10.5318759759267,1.13423132896423,NaN,NaN,NaN,0,NaN,NaN,NaN,NaN,0
20260804_t1517_srsSmooth_Moretraining,srs_smooth_Moretraining,trial0295.mat,295,295,107,2,21,17,86,36,50,8,2,0,3,1,32,19433,1,2,2,1,2,1,2,1,2,1,SINGLE_T2_CORRECT,11,455,1,0,0,0,0,0,126,198,198,126,-72,198,1,0,10,180,10,180,-170,170,NaN,NaN,NaN,1785871704.12425,19246.65018844,2.57975935935974,0.0176041126251221,0.251439571380615,0.968111515045166,1.55933213233948,1.79317212104797,1.82637548446655,1.82637548446655,-1,-1,2.07868337631226,233.835458755493,233.839988708496,33.2033634185791,267.043352127075,Instruction,Left,Right,Right,Right,Right,1,0,0,0,0,NaN,NaN,NaN,NaN,NaN,NaN,NaN,NaN,0,1,1,0,0,0,108,NaN,20260804_t1517_srsSmooth_Moretraining_B002,18,NaN,10.587462635835,1.14474701881409,NaN,NaN,NaN,0,NaN,NaN,NaN,NaN,0
20260804_t1517_srsSmooth_Moretraining,srs_smooth_Moretraining,trial0296.mat,296,296,108,2,22,18,86,36,50,8,2,0,3,1,29,18551,1,2,2,1,2,1,2,1,2,1,SINGLE_T2_CORRECT,11,455,1,0,0,0,0,0,124,171,171,124,-47,171,1,0,10,180,10,180,-170,170,NaN,NaN,NaN,1785871707.8959,19250.4218786,2.45072078704834,0.0127701759338379,0.196457147598267,0.729864835739136,1.34615635871887,1.62157011032104,1.66338133811951,1.66338133811951,-1,-1,1.97466588020325,183.686971664429,275.413751602173,41.8112277984619,317.224979400635,Instruction,Left,Right,Right,Right,Right,1,0,0,0,0,NaN,NaN,NaN,NaN,NaN,NaN,NaN,NaN,0,1,1,0,0,0,109,NaN,20260804_t1517_srsSmooth_Moretraining_B002,19,NaN,10.6503234505653,1.19188952445984,NaN,NaN,NaN,0,NaN,NaN,NaN,NaN,0
20260804_t1517_srsSmooth_Moretraining,srs_smooth_Moretraining,trial0297.mat,297,297,109,2,23,19,86,36,50,8,2,0,3,1,28,20107,1,2,2,1,2,1,2,1,2,1,SINGLE_T2_CORRECT,11,455,1,0,0,0,0,0,120,220,220,120,-100,220,1,180,190,0,10,180,-170,170,NaN,NaN,NaN,1785871711.48895,19254.01476404,2.41572022438049,0.0115320682525635,0.253666877746582,0.961988925933838,1.36991906166077,1.6370587348938,1.67037844657898,1.67037844657898,-1,-1,1.89765453338623,242.134809494019,267.139673233032,33.3197116851807,300.459384918213,Instruction,Left,Right,Right,Right,Right,1,0,0,0,0,NaN,NaN,NaN,NaN,NaN,NaN,NaN,NaN,0,1,1,0,0,0,110,NaN,20260804_t1517_srsSmooth_Moretraining_B002,20,NaN,10.7102075537046,1.14232540130615,NaN,NaN,NaN,0,NaN,NaN,NaN,NaN,0
20260804_t1517_srsSmooth_Moretraining,srs_smooth_Moretraining,trial0298.mat,298,298,110,2,24,20,86,36,50,8,2,0,4,1,45,25489,1,2,1,2,2,2,2,2,0,0,,0,11,0,1,0,0,0,0,132,211,211,132,-79,NaN,1,0,10,180,10,180,-170,170,NaN,NaN,NaN,1785871715.04701,19257.57280764,1.49875283241272,0.011944055557251,0.287347555160522,0.995685815811157,-1,-1,-1,-1,-1,-1,-1,275.403499603271,NaN,NaN,NaN,Instruction,Right,Left,None,Left,Left,1,0,0,0,0,NaN,NaN,NaN,NaN,NaN,NaN,NaN,NaN,1,0,0,0,0,0,110,NaN,20260804_t1517_srsSmooth_Moretraining_B002,NaN,NaN,10.7695085883141,1.14234185218811,NaN,NaN,NaN,0,NaN,NaN,NaN,NaN,0
20260804_t1517_srsSmooth_Moretraining,srs_smooth_Moretraining,trial0299.mat,299,299,110,2,25,20,86,36,50,8,2,0,3,1,30,19246,1,2,2,1,2,1,2,1,2,1,SINGLE_T2_CORRECT,11,455,1,0,0,0,0,0,130,194,194,130,-64,194,1,180,190,0,10,180,-170,170,NaN,NaN,NaN,1785871717.58941,19260.11520776,2.39903903007507,0.011310338973999,0.211832523345947,0.820152521133423,1.31969547271729,1.62002396583557,1.66178560256958,1.66178560256958,-1,-1,1.90578174591064,200.522184371948,300.328493118286,41.7616367340088,342.090129852295,Instruction,Left,Right,Right,Right,Right,1,0,0,0,0,NaN,NaN,NaN,NaN,NaN,NaN,NaN,NaN,0,1,1,0,0,0,111,NaN,20260804_t1517_srsSmooth_Moretraining_B002,21,NaN,10.8118819157283,1.04364681243896,NaN,NaN,NaN,0,NaN,NaN,NaN,NaN,0
20260804_t1517_srsSmooth_Moretraining,srs_smooth_Moretraining,trial0300.mat,300,300,111,2,26,21,86,36,50,8,2,0,4,1,50,32635,1,2,1,2,2,2,2,2,2,2,SINGLE_T2_CORRECT,11,455,1,0,0,0,0,0,98,196,196,98,-98,196,1,180,190,0,10,180,-170,170,NaN,NaN,NaN,1785871721.18121,19263.70695376,2.56619358062744,0.0113134384155273,0.220211982727051,0.953502178192139,1.51970553398132,1.7286810874939,1.7621431350708,1.7621431350708,-1,-1,2.07256031036377,208.898544311523,208.975553512573,33.4620475769043,242.437601089478,Instruction,Right,Left,Left,Left,Left,1,0,0,0,0,NaN,NaN,NaN,NaN,NaN,NaN,NaN,NaN,1,0,0,0,0,0,112,NaN,20260804_t1517_srsSmooth_Moretraining_B002,22,NaN,10.8717453479767,1.19276690483093,NaN,NaN,NaN,0,NaN,NaN,NaN,NaN,0
20260804_t1517_srsSmooth_Moretraining,srs_smooth_Moretraining,trial0301.mat,301,301,112,2,27,22,86,36,50,8,2,0,3,1,26,17863,1,2,2,1,2,1,2,1,2,1,SINGLE_T2_CORRECT,11,455,1,0,0,0,0,0,91,186,186,91,-95,186,1,180,190,0,10,180,-170,170,NaN,NaN,NaN,1785871724.8898,19267.41538884,2.13190221786499,0.011207103729248,0.211676597595215,0.719891309738159,1.10291719436646,1.345046043396,1.37834787368774,1.37834787368774,-1,-1,1.64762902259827,200.469493865967,242.128849029541,33.301830291748,275.430679321289,Instruction,Left,Right,Right,Right,Right,1,0,0,0,0,NaN,NaN,NaN,NaN,NaN,NaN,NaN,NaN,0,1,1,0,0,0,113,NaN,20260804_t1517_srsSmooth_Moretraining_B002,23,NaN,10.9335551023483,1.14239168167114,NaN,NaN,NaN,0,NaN,NaN,NaN,NaN,0
20260804_t1517_srsSmooth_Moretraining,srs_smooth_Moretraining,trial0302.mat,302,302,113,2,28,23,86,36,50,8,2,0,3,1,36,5429,1,2,2,1,2,1,2,1,2,1,SINGLE_T2_CORRECT,11,455,1,0,0,0,0,0,136,190,190,136,-54,190,1,0,10,180,10,180,-170,170,NaN,NaN,NaN,1785871728.16339,19270.6889576,2.17500567436218,0.0127413272857666,0.204808235168457,0.713224172592163,1.06278324127197,1.37204003334045,1.40518951416016,1.40518951416016,-1,-1,1.68274235725403,192.06690788269,309.256792068481,33.1494808197021,342.406272888184,Instruction,Left,Right,Right,Right,Right,1,0,0,0,0,NaN,NaN,NaN,NaN,NaN,NaN,NaN,NaN,0,1,1,0,0,0,114,NaN,20260804_t1517_srsSmooth_Moretraining_B002,24,NaN,10.9881150166194,1.14169263839722,NaN,NaN,NaN,0,NaN,NaN,NaN,NaN,0
20260804_t1517_srsSmooth_Moretraining,srs_smooth_Moretraining,trial0303.mat,303,303,114,2,29,24,86,36,50,8,2,0,2,1,19,18259,1,1,2,1,2,1,1,2,1,2,SINGLE_T1_CORRECT,10,455,1,0,0,0,0,0,124,210,210,124,-86,124,1,0,180,10,180,10,170,170,NaN,NaN,NaN,1785871731.46854,19273.99406368,2.28691387176514,0.016057014465332,0.216696500778198,0.816691875457764,1.29944086074829,1.53326272964478,1.57496547698975,1.57496547698975,-1,-1,1.86059617996216,200.639486312866,233.821868896484,41.7027473449707,275.524616241455,Instruction,Left,Right,Left,Right,Left,1,0,0,0,0,NaN,NaN,NaN,NaN,NaN,NaN,NaN,NaN,0,1,0,0,1,0,115,NaN,20260804_t1517_srsSmooth_Moretraining_B002,25,NaN,11.0432008226713,1.13014268875122,NaN,NaN,NaN,0,NaN,NaN,NaN,NaN,0
20260804_t1517_srsSmooth_Moretraining,srs_smooth_Moretraining,trial0304.mat,304,304,115,2,30,25,86,36,50,8,2,0,4,1,49,7508,1,2,1,2,2,2,2,2,2,2,SINGLE_T2_CORRECT,11,455,1,0,0,0,0,0,135,174,174,135,-39,174,1,180,190,0,10,180,-170,170,NaN,NaN,NaN,1785871734.89137,19277.41676056,2.19798517227173,0.0183641910552979,0.277217388153076,0.868972778320312,1.31841635704041,1.45237755775452,1.49401068687439,1.49401068687439,-1,-1,1.72112894058228,258.853197097778,133.961200714111,41.633129119873,175.594329833984,Instruction,Right,Left,Left,Left,Left,1,0,0,0,0,NaN,NaN,NaN,NaN,NaN,NaN,NaN,NaN,1,0,0,0,0,0,116,NaN,20260804_t1517_srsSmooth_Moretraining_B002,26,NaN,11.1002479513486,1.13591384887695,NaN,NaN,NaN,0,NaN,NaN,NaN,NaN,0
20260804_t1517_srsSmooth_Moretraining,srs_smooth_Moretraining,trial0305.mat,305,305,116,2,31,26,86,36,50,8,2,0,1,1,8,300,1,1,1,2,2,2,1,1,1,1,SINGLE_T1_CORRECT,10,455,1,0,0,0,0,0,114,178,178,114,-64,114,1,180,0,190,180,10,170,170,NaN,NaN,NaN,1785871738.22356,19280.7489194,2.48206400871277,0.0196361541748047,0.303625345230103,0.978307008743286,1.49469518661499,1.7534773349762,1.79534339904785,1.79534339904785,-1,-1,2.06434035301208,283.989191055298,258.782148361206,41.8660640716553,300.648212432861,Instruction,Right,Left,Right,Left,Right,1,0,0,0,0,NaN,NaN,NaN,NaN,NaN,NaN,NaN,NaN,1,0,1,0,1,0,117,NaN,20260804_t1517_srsSmooth_Moretraining_B002,27,NaN,11.1557845036189,1.13420796394348,NaN,NaN,NaN,0,NaN,NaN,NaN,NaN,0
20260804_t1517_srsSmooth_Moretraining,srs_smooth_Moretraining,trial0306.mat,306,306,117,2,32,27,86,36,50,8,2,0,2,1,20,31380,1,1,2,1,2,1,1,2,1,2,SINGLE_T1_CORRECT,10,455,1,0,0,0,0,0,126,184,184,126,-58,126,1,180,0,190,180,10,170,170,NaN,NaN,NaN,1785871741.84357,19284.36877152,2.32071423530579,0.0164358615875244,0.241943836212158,1.00878953933716,1.60816502571106,1.60904598236084,1.64196395874023,1.64196395874023,-1,-1,1.89413356781006,225.507974624634,0.880956649780273,32.9179763793945,33.7989330291748,Instruction,Left,Right,Left,Right,Left,1,0,0,0,0,NaN,NaN,NaN,NaN,NaN,NaN,NaN,NaN,0,1,0,0,1,0,118,NaN,20260804_t1517_srsSmooth_Moretraining_B002,28,NaN,11.2161180059115,1.13794612884521,NaN,NaN,NaN,0,NaN,NaN,NaN,NaN,0
20260804_t1517_srsSmooth_Moretraining,srs_smooth_Moretraining,trial0307.mat,307,307,118,2,33,28,86,36,50,8,2,0,2,1,14,22437,1,1,2,1,2,1,1,2,1,2,SINGLE_T1_CORRECT,10,455,1,0,0,0,0,0,108,213,213,108,-105,108,1,180,0,190,180,10,170,170,NaN,NaN,NaN,1785871745.31129,19287.83639504,2.19436550140381,0.0155210494995117,0.240921258926392,0.799162626266479,1.25723624229431,1.44942378997803,1.48282527923584,1.48282527923584,-1,-1,1.78498840332031,225.40020942688,192.187547683716,33.4014892578125,225.589036941528,Instruction,Left,Right,Left,Right,Left,1,0,0,0,0,NaN,NaN,NaN,NaN,NaN,NaN,NaN,NaN,0,1,0,0,1,0,119,NaN,20260804_t1517_srsSmooth_Moretraining_B002,29,NaN,11.2739133199056,1.1470046043396,NaN,NaN,NaN,0,NaN,NaN,NaN,NaN,0
20260804_t1517_srsSmooth_Moretraining,srs_smooth_Moretraining,trial0308.mat,308,308,119,2,34,29,86,36,50,8,2,0,1,1,5,12042,1,1,1,2,2,2,1,1,1,1,SINGLE_T1_CORRECT,10,455,1,0,0,0,0,0,110,174,174,110,-64,110,1,180,0,190,180,10,170,170,NaN,NaN,NaN,1785871748.65606,19291.18114812,2.35799646377563,0.0125522613525391,0.229513645172119,0.829554319381714,1.41260838508606,1.66290473937988,1.70457363128662,1.70457363128662,-1,-1,1.94852113723755,216.96138381958,250.296354293823,41.6688919067383,291.965246200562,Instruction,Right,Left,Right,Left,Right,1,0,0,0,0,NaN,NaN,NaN,NaN,NaN,NaN,NaN,NaN,1,0,1,0,1,0,120,NaN,20260804_t1517_srsSmooth_Moretraining_B002,30,NaN,11.3296594341596,1.15040135383606,NaN,NaN,NaN,0,NaN,NaN,NaN,NaN,0
20260804_t1517_srsSmooth_Moretraining,srs_smooth_Moretraining,trial0309.mat,309,309,120,2,35,30,86,36,50,8,2,0,3,1,31,24450,1,2,2,1,2,1,2,1,2,1,SINGLE_T2_CORRECT,11,455,1,0,0,0,0,0,144,198,198,144,-54,198,1,0,10,180,10,180,-170,170,NaN,NaN,NaN,1785871752.20054,19294.72544324,2.22228622436523,0.018207311630249,0.127057313919067,0.735194206237793,1.1932532787323,1.44354271888733,1.48527383804321,1.48527383804321,-1,-1,1.72097635269165,108.850002288818,250.289440155029,41.7311191558838,292.020559310913,Instruction,Left,Right,Right,Right,Right,1,0,0,0,0,NaN,NaN,NaN,NaN,NaN,NaN,NaN,NaN,0,1,1,0,0,0,121,NaN,20260804_t1517_srsSmooth_Moretraining_B002,31,NaN,11.3887342015902,1.18648958206177,NaN,NaN,NaN,0,NaN,NaN,NaN,NaN,0
20260804_t1517_srsSmooth_Moretraining,srs_smooth_Moretraining,trial0310.mat,310,310,121,2,36,31,86,36,50,8,2,0,4,1,43,12193,1,2,1,2,2,2,2,2,2,2,SINGLE_T2_CORRECT,11,455,1,0,0,0,0,0,109,174,174,109,-65,174,1,180,190,0,10,180,-170,170,NaN,NaN,NaN,1785871755.62628,19298.15131564,2.27993750572205,0.0176088809967041,0.268154621124268,0.901330709457397,1.29265880584717,1.51812100410461,1.55140852928162,1.55140852928162,-1,-1,1.80392336845398,250.545740127563,225.462198257446,33.287525177002,258.749723434448,Instruction,Right,Left,Left,Left,Left,1,0,0,0,0,NaN,NaN,NaN,NaN,NaN,NaN,NaN,NaN,1,0,0,0,0,0,122,NaN,20260804_t1517_srsSmooth_Moretraining_B002,32,NaN,11.4458297570546,1.20344710350037,NaN,NaN,NaN,0,NaN,NaN,NaN,NaN,0
20260804_t1517_srsSmooth_Moretraining,srs_smooth_Moretraining,trial0311.mat,311,311,122,2,37,32,86,36,50,8,2,0,1,1,9,8634,1,1,1,2,2,2,1,1,1,1,SINGLE_T1_CORRECT,10,455,1,0,0,0,0,0,147,210,210,147,-63,147,1,0,180,10,180,10,170,170,NaN,NaN,NaN,1785871759.07325,19301.59814212,2.34174227714539,0.0124351978302002,0.196239471435547,0.913214683532715,1.28748607635498,1.55472946166992,1.5963773727417,1.5963773727417,-1,-1,1.89054369926453,183.804273605347,267.243385314941,41.6479110717773,308.891296386719,Instruction,Right,Left,Right,Left,Right,1,0,0,0,0,NaN,NaN,NaN,NaN,NaN,NaN,NaN,NaN,1,0,1,0,1,0,123,NaN,20260804_t1517_srsSmooth_Moretraining_B002,33,NaN,11.5032793521881,1.16703820228577,NaN,NaN,NaN,0,NaN,NaN,NaN,NaN,0
20260804_t1517_srsSmooth_Moretraining,srs_smooth_Moretraining,trial0312.mat,312,312,123,2,38,33,86,36,50,8,2,0,3,1,34,15275,1,2,2,1,2,1,2,1,2,1,SINGLE_T2_CORRECT,11,455,1,0,0,0,0,0,123,159,159,123,-36,159,1,180,190,0,10,180,-170,170,NaN,NaN,NaN,1785871762.56408,19305.08887604,2.57623195648193,0.0134115219116211,0.255577802658081,1.01389217376709,1.54681181907654,1.78052854537964,1.8222348690033,1.8222348690033,-1,-1,2.11632943153381,242.16628074646,233.716726303101,41.7063236236572,275.423049926758,Instruction,Left,Right,Right,Right,Right,1,0,0,0,0,NaN,NaN,NaN,NaN,NaN,NaN,NaN,NaN,0,1,1,0,0,0,124,NaN,20260804_t1517_srsSmooth_Moretraining_B002,34,NaN,11.5614598313967,1.14908647537231,NaN,NaN,NaN,0,NaN,NaN,NaN,NaN,0
20260804_t1517_srsSmooth_Moretraining,srs_smooth_Moretraining,trial0314.mat,314,314,124,2,40,34,86,36,50,8,2,0,3,1,27,984,1,2,2,1,2,1,2,1,2,1,SINGLE_T2_CORRECT,11,455,1,0,0,0,0,0,131,163,163,131,-32,163,1,180,190,0,10,180,-170,170,NaN,NaN,NaN,1785871767.65763,19310.18241328,2.4993052482605,0.0117337703704834,0.220441818237305,0.853861570358276,1.4201226234436,1.6954882144928,1.73715138435364,1.73715138435364,-1,-1,2.03913617134094,208.708047866821,275.365591049194,41.6631698608398,317.028760910034,Instruction,Left,Right,Right,Right,Right,1,0,0,0,0,NaN,NaN,NaN,NaN,NaN,NaN,NaN,NaN,0,1,1,0,0,0,125,NaN,20260804_t1517_srsSmooth_Moretraining_B002,35,NaN,11.6463522434235,2.51731276512146,NaN,NaN,NaN,0,NaN,NaN,NaN,NaN,0
20260804_t1517_srsSmooth_Moretraining,srs_smooth_Moretraining,trial0315.mat,315,315,125,2,41,35,86,36,50,8,2,0,2,1,25,14498,1,1,2,1,2,1,1,2,1,2,SINGLE_T1_CORRECT,10,455,1,0,0,0,0,0,126,182,182,126,-56,126,1,180,0,190,180,10,170,170,NaN,NaN,NaN,1785871771.3069,19313.83159432,2.3000659942627,0.012601375579834,0.196444272994995,0.829590559005737,1.31265234947205,1.57154750823975,1.61311602592468,1.61311602592468,-1,-1,1.87363386154175,183.842897415161,258.8951587677,41.5685176849365,300.463676452637,Instruction,Left,Right,Left,Right,Left,1,0,0,0,0,NaN,NaN,NaN,NaN,NaN,NaN,NaN,NaN,0,1,0,0,1,0,126,NaN,20260804_t1517_srsSmooth_Moretraining_B002,36,NaN,11.7071734984716,1.14997005462646,NaN,NaN,NaN,0,NaN,NaN,NaN,NaN,0
20260804_t1517_srsSmooth_Moretraining,srs_smooth_Moretraining,trial0316.mat,316,316,126,2,42,36,86,36,50,8,2,0,1,1,7,2557,1,1,1,2,2,2,1,1,1,1,SINGLE_T1_CORRECT,10,455,1,0,0,0,0,0,129,200,200,129,-71,129,1,180,0,190,180,10,170,170,NaN,NaN,NaN,1785871774.75235,19317.276831,2.40480184555054,0.0172886848449707,0.226006269454956,0.917776823043823,1.41734266281128,1.667804479599,1.70105624198914,1.70105624198914,-1,-1,1.97841358184814,208.717584609985,250.46181678772,33.2517623901367,283.713579177856,Instruction,Right,Left,Right,Left,Right,1,0,0,0,0,NaN,NaN,NaN,NaN,NaN,NaN,NaN,NaN,1,0,1,0,1,0,127,NaN,20260804_t1517_srsSmooth_Moretraining_B002,37,NaN,11.7645976424217,1.14538264274597,NaN,NaN,NaN,0,NaN,NaN,NaN,NaN,0
20260804_t1517_srsSmooth_Moretraining,srs_smooth_Moretraining,trial0317.mat,317,317,127,2,43,37,86,36,50,8,2,0,2,1,13,25909,1,1,2,1,2,1,1,2,0,0,,0,11,0,1,0,0,0,0,140,175,175,140,-35,NaN,1,180,0,190,180,10,170,170,NaN,NaN,NaN,1785871778.2975,19320.82197488,1.40894365310669,0.0139427185058594,0.230997323989868,0.8393714427948,-1,-1,-1,-1,-1,-1,-1,217.054605484009,NaN,NaN,NaN,Instruction,Left,Right,None,Right,Left,1,0,0,0,0,NaN,NaN,NaN,NaN,NaN,NaN,NaN,NaN,0,1,0,0,1,0,127,NaN,20260804_t1517_srsSmooth_Moretraining_B002,NaN,NaN,11.8236834923426,1.14034914970398,NaN,NaN,NaN,0,NaN,NaN,NaN,NaN,0
20260804_t1517_srsSmooth_Moretraining,srs_smooth_Moretraining,trial0318.mat,318,318,127,2,44,37,86,36,50,8,2,0,2,1,13,25909,1,1,2,1,2,1,1,2,1,2,SINGLE_T1_CORRECT,10,455,1,0,0,0,0,0,123,181,181,123,-58,123,1,0,180,10,180,10,170,170,NaN,NaN,NaN,1785871780.75641,19323.28094316,2.41827869415283,0.0134668350219727,0.230579853057861,0.789038896560669,1.4051878452301,1.65562653541565,1.68892812728882,1.68892812728882,-1,-1,1.99166512489319,217.113018035889,250.438690185547,33.3015918731689,283.740282058716,Instruction,Left,Right,Left,Right,Left,1,0,0,0,0,NaN,NaN,NaN,NaN,NaN,NaN,NaN,NaN,0,1,0,0,1,0,128,NaN,20260804_t1517_srsSmooth_Moretraining_B002,38,NaN,11.8646652420362,1.04996132850647,NaN,NaN,NaN,0,NaN,NaN,NaN,NaN,0
20260804_t1517_srsSmooth_Moretraining,srs_smooth_Moretraining,trial0319.mat,319,319,128,2,45,38,86,36,50,8,2,0,2,1,23,14327,1,1,2,1,2,1,1,2,1,2,SINGLE_T1_CORRECT,10,455,1,0,0,0,0,0,120,181,181,120,-61,120,1,180,0,190,180,10,170,170,NaN,NaN,NaN,1785871784.3149,19326.83918236,2.47604298591614,0.0134458541870117,0.264163494110107,0.939012765884399,1.54683876037598,1.73887228965759,1.77226519584656,1.77226519584656,-1,-1,2.05781817436218,250.717639923096,192.033529281616,33.3929061889648,225.426435470581,Instruction,Left,Right,Left,Right,Left,1,0,0,0,0,NaN,NaN,NaN,NaN,NaN,NaN,NaN,NaN,0,1,0,0,1,0,129,NaN,20260804_t1517_srsSmooth_Moretraining_B002,39,NaN,11.9239734570185,1.14021420478821,NaN,NaN,NaN,0,NaN,NaN,NaN,NaN,0
20260804_t1517_srsSmooth_Moretraining,srs_smooth_Moretraining,trial0320.mat,320,320,129,2,46,39,86,36,50,8,2,0,2,1,24,20754,1,1,2,1,2,1,1,2,1,2,SINGLE_T1_CORRECT,10,455,1,0,0,0,0,0,100,200,200,100,-100,100,1,0,180,10,180,10,170,170,NaN,NaN,NaN,1785871787.93107,19330.45531528,2.31878685951233,0.0140798091888428,0.273067235946655,1.03960394859314,1.39746689796448,1.65637230873108,1.69792056083679,1.69792056083679,-1,-1,1.91722345352173,258.987426757812,258.905410766602,41.5482521057129,300.453662872314,Instruction,Left,Right,Left,Right,Left,1,0,0,0,0,NaN,NaN,NaN,NaN,NaN,NaN,NaN,NaN,0,1,0,0,1,0,130,NaN,20260804_t1517_srsSmooth_Moretraining_B002,40,NaN,11.9842430233955,1.1401309967041,NaN,NaN,NaN,0,NaN,NaN,NaN,NaN,0
20260804_t1517_srsSmooth_Moretraining,srs_smooth_Moretraining,trial0321.mat,321,321,130,2,47,40,86,36,50,8,2,0,2,1,16,32077,1,1,2,1,2,1,1,2,0,0,,0,11,0,1,0,0,0,0,131,194,194,131,-63,NaN,1,180,0,190,180,10,170,170,NaN,NaN,NaN,1785871791.39482,19333.919064,0.220288038253784,0.0171306133270264,0.100852727890015,-1,-1,-1,-1,-1,-1,-1,-1,83.7221145629883,NaN,NaN,NaN,Instruction,Left,Right,None,Right,Left,1,0,0,0,0,NaN,NaN,NaN,NaN,NaN,NaN,NaN,NaN,0,1,0,0,1,0,130,NaN,20260804_t1517_srsSmooth_Moretraining_B002,NaN,NaN,12.0419721921285,1.14496326446533,NaN,NaN,NaN,0,NaN,NaN,NaN,NaN,0
20260804_t1517_srsSmooth_Moretraining,srs_smooth_Moretraining,trial0322.mat,322,322,130,2,48,40,86,36,50,8,2,0,4,1,45,25489,1,2,1,2,2,2,2,2,2,2,SINGLE_T2_CORRECT,11,455,1,0,0,0,0,0,125,174,174,125,-49,174,1,180,190,0,10,180,-170,170,NaN,NaN,NaN,1785871792.67266,19335.19685584,2.26051759719849,0.0143470764160156,0.190102577209473,0.723531007766724,1.3310649394989,1.50692820549011,1.53983473777771,1.53983473777771,-1,-1,1.78415179252625,175.755500793457,175.863265991211,32.9065322875977,208.769798278809,Instruction,Right,Left,Left,Left,Left,1,0,0,0,0,NaN,NaN,NaN,NaN,NaN,NaN,NaN,NaN,1,0,0,0,0,0,131,NaN,20260804_t1517_srsSmooth_Moretraining_B002,41,NaN,12.0632694045703,1.05754470825195,NaN,NaN,NaN,0,NaN,NaN,NaN,NaN,0
20260804_t1517_srsSmooth_Moretraining,srs_smooth_Moretraining,trial0323.mat,323,323,131,2,49,41,86,36,50,8,2,0,1,1,12,31603,1,1,1,2,2,2,1,1,1,1,SINGLE_T1_CORRECT,10,455,1,0,0,0,0,0,125,191,191,125,-66,125,1,0,180,10,180,10,170,170,NaN,NaN,NaN,1785871796.07603,19338.60004256,2.44020771980286,0.0194370746612549,0.27822732925415,0.836541414260864,1.38615608215332,1.71204376220703,1.75353455543518,1.75353455543518,-1,-1,2.01405239105225,258.790254592896,325.887680053711,41.4907932281494,367.37847328186,Instruction,Right,Left,Right,Left,Right,1,0,0,0,0,NaN,NaN,NaN,NaN,NaN,NaN,NaN,NaN,1,0,1,0,1,0,132,NaN,20260804_t1517_srsSmooth_Moretraining_B002,42,NaN,12.1199923356374,1.14285826683044,NaN,NaN,NaN,0,NaN,NaN,NaN,NaN,0
20260804_t1517_srsSmooth_Moretraining,srs_smooth_Moretraining,trial0324.mat,324,324,132,2,50,42,86,36,50,8,2,0,2,1,16,32077,1,1,2,1,2,1,1,2,1,2,SINGLE_T1_CORRECT,10,455,1,0,0,0,0,0,127,179,179,127,-52,127,1,0,180,10,180,10,170,170,NaN,NaN,NaN,1785871799.67911,19342.20299072,1.95418190956116,0.0164968967437744,0.208591461181641,0.742050647735596,1.26654481887817,1.27532982826233,1.30865478515625,1.30865478515625,-1,-1,1.52768135070801,192.094564437866,8.78500938415527,33.3249568939209,42.1099662780762,Instruction,Left,Right,Left,Right,Left,1,0,0,0,0,NaN,NaN,NaN,NaN,NaN,NaN,NaN,NaN,0,1,0,0,1,0,133,NaN,20260804_t1517_srsSmooth_Moretraining_B002,43,NaN,12.1800436576207,1.16287159919739,NaN,NaN,NaN,0,NaN,NaN,NaN,NaN,0
20260804_t1517_srsSmooth_Moretraining,srs_smooth_Moretraining,trial0325.mat,325,325,133,2,51,43,86,36,50,8,2,0,3,1,35,11910,1,2,2,1,2,1,2,1,2,1,SINGLE_T2_CORRECT,11,455,1,0,0,0,0,0,115,187,187,115,-72,187,1,180,190,0,10,180,-170,170,NaN,NaN,NaN,1785871802.79145,19345.31531412,2.25002360343933,0.0126125812530518,0.204735517501831,0.838618755340576,1.19599151611328,1.47170686721802,1.50506067276001,1.50506067276001,-1,-1,1.76582455635071,192.122936248779,275.715351104736,33.3538055419922,309.069156646729,Instruction,Left,Right,Right,Right,Right,1,0,0,0,0,NaN,NaN,NaN,NaN,NaN,NaN,NaN,NaN,0,1,1,0,0,0,134,NaN,20260804_t1517_srsSmooth_Moretraining_B002,44,NaN,12.2319159626961,1.1581563949585,NaN,NaN,NaN,0,NaN,NaN,NaN,NaN,0
20260804_t1517_srsSmooth_Moretraining,srs_smooth_Moretraining,trial0326.mat,326,326,134,2,52,44,86,36,50,8,2,0,4,1,40,9393,1,2,1,2,2,2,2,2,2,2,SINGLE_T2_CORRECT,11,455,1,0,0,0,0,0,94,204,204,94,-110,204,1,180,190,0,10,180,-170,170,NaN,NaN,NaN,1785871806.21036,19348.73420032,2.42282891273499,0.0188353061676025,0.235999822616577,0.777700901031494,1.33555316925049,1.56960725784302,1.61121225357056,1.61121225357056,-1,-1,1.92187166213989,217.164516448975,234.054088592529,41.6049957275391,275.659084320068,Instruction,Right,Left,Left,Left,Left,1,0,0,0,0,NaN,NaN,NaN,NaN,NaN,NaN,NaN,NaN,1,0,0,0,0,0,135,NaN,20260804_t1517_srsSmooth_Moretraining_B002,45,NaN,12.288897784551,1.16888570785522,NaN,NaN,NaN,0,NaN,NaN,NaN,NaN,0
20260804_t1517_srsSmooth_Moretraining,srs_smooth_Moretraining,trial0327.mat,327,327,135,2,53,45,86,36,50,8,2,0,2,1,21,25943,1,1,2,1,2,1,1,2,1,2,SINGLE_T1_CORRECT,10,455,1,0,0,0,0,0,126,180,180,126,-54,126,1,180,0,190,180,10,170,170,NaN,NaN,NaN,1785871809.77621,19352.29995368,2.43222570419312,0.0114524364471436,0.228880405426025,0.9785315990448,1.52817749977112,1.73697638511658,1.77022743225098,1.77022743225098,-1,-1,2.00562882423401,217.427968978882,208.798885345459,33.2510471343994,242.049932479858,Instruction,Left,Right,Left,Right,Left,1,0,0,0,0,NaN,NaN,NaN,NaN,NaN,NaN,NaN,NaN,0,1,0,0,1,0,136,NaN,20260804_t1517_srsSmooth_Moretraining_B002,46,NaN,12.3483286817869,1.14302492141724,NaN,NaN,NaN,0,NaN,NaN,NaN,NaN,0
20260804_t1517_srsSmooth_Moretraining,srs_smooth_Moretraining,trial0328.mat,328,328,136,2,54,46,86,36,50,8,2,0,4,1,44,23866,1,2,1,2,2,2,2,2,2,2,SINGLE_T2_CORRECT,11,455,1,0,0,0,0,0,112,167,167,112,-55,167,1,180,190,0,10,180,-170,170,NaN,NaN,NaN,1785871813.37098,19355.89468328,2.40485334396362,0.0168204307556152,0.275593042373657,1.0093994140625,1.39187359809875,1.6089723110199,1.63420820236206,1.63420820236206,-1,-1,1.93660998344421,258.772611618042,217.098712921143,25.2358913421631,242.334604263306,Instruction,Right,Left,Left,Left,Left,1,0,0,0,0,NaN,NaN,NaN,NaN,NaN,NaN,NaN,NaN,1,0,0,0,0,0,137,NaN,20260804_t1517_srsSmooth_Moretraining_B002,47,NaN,12.4082415302595,1.1625452041626,NaN,NaN,NaN,0,NaN,NaN,NaN,NaN,0
20260804_t1517_srsSmooth_Moretraining,srs_smooth_Moretraining,trial0329.mat,329,329,137,2,55,47,86,36,50,8,2,0,4,1,39,13560,1,2,1,2,2,2,2,2,2,2,SINGLE_T2_CORRECT,11,455,1,0,0,0,0,0,132,210,210,132,-78,210,1,180,190,0,10,180,-170,170,NaN,NaN,NaN,1785871816.92205,19359.44580736,2.66247367858887,0.0158963203430176,0.26671290397644,1.00012445449829,1.62429261207581,1.81658387184143,1.84989404678345,1.84989404678345,-1,-1,2.15260148048401,250.816583633423,192.291259765625,33.3101749420166,225.601434707642,Instruction,Right,Left,Left,Left,Left,1,0,0,0,0,NaN,NaN,NaN,NaN,NaN,NaN,NaN,NaN,1,0,0,0,0,0,138,NaN,20260804_t1517_srsSmooth_Moretraining_B002,48,NaN,12.4674258788427,1.14620757102966,NaN,NaN,NaN,0,NaN,NaN,NaN,NaN,0
20260804_t1517_srsSmooth_Moretraining,srs_smooth_Moretraining,trial0330.mat,330,330,138,2,56,48,86,36,50,8,2,0,1,1,3,27248,1,1,1,2,2,2,1,1,1,1,SINGLE_T1_CORRECT,10,455,1,0,5,0,0,0,115,170,170,115,-55,115,1,0,180,10,180,10,170,170,NaN,NaN,NaN,1785871820.7526,19363.27596876,2.42374563217163,0.0271580219268799,0.269322633743286,1.01919198036194,1.49388217926025,1.72758507728577,1.76092600822449,1.76092600822449,-1,-1,2.00489068031311,242.164611816406,233.702898025513,33.3409309387207,267.043828964233,Instruction,Right,Left,Right,Left,Right,1,0,0,0,0,NaN,NaN,NaN,NaN,NaN,NaN,NaN,NaN,1,0,1,0,1,0,139,NaN,20260804_t1517_srsSmooth_Moretraining_B002,49,NaN,12.5312684337298,1.16807961463928,NaN,NaN,NaN,0,NaN,NaN,NaN,NaN,0
20260804_t1517_srsSmooth_Moretraining,srs_smooth_Moretraining,trial0331.mat,331,331,139,2,57,49,86,36,50,8,2,0,4,1,38,1010,1,2,1,2,2,2,2,2,2,2,SINGLE_T2_CORRECT,11,455,1,0,0,0,0,0,106,186,186,106,-80,186,1,180,190,0,10,180,-170,170,NaN,NaN,NaN,1785871824.32728,19366.85093176,2.29023838043213,0.0109522342681885,0.244845867156982,0.92017936706543,1.30266928672791,1.51154708862305,1.544917345047,1.544917345047,-1,-1,1.80568242073059,233.893632888794,208.877801895142,33.3702564239502,242.248058319092,Instruction,Right,Left,Left,Left,Left,1,0,0,0,0,NaN,NaN,NaN,NaN,NaN,NaN,NaN,NaN,1,0,0,0,0,0,140,NaN,20260804_t1517_srsSmooth_Moretraining_B002,50,NaN,12.5908463835716,1.1509313583374,NaN,NaN,NaN,0,NaN,NaN,NaN,NaN,0
20260804_t1517_srsSmooth_Moretraining,srs_smooth_Moretraining,trial0332.mat,332,332,140,2,58,50,86,36,50,8,2,2,8,2,83,26690,2,0,2,1,2,1,1,2,0,0,,0,11,0,1,0,0,0,0,94,194,194,94,-100,NaN,1,180,354.046007926042,195.953992073958,174.046007926042,15.953992073958,158.092015852084,158.092015852084,NaN,NaN,NaN,1785871827.77815,19370.3016576,1.13863730430603,0.0185472965240479,0.252389430999756,0.835823774337769,-1,-1,-1,-1,-1,-1,-1,233.842134475708,NaN,NaN,NaN,Conflict,Left,Right,None,Right,Left,0,1,0,1,0,NaN,NaN,NaN,NaN,NaN,NaN,NaN,NaN,0,1,0,0,1,0,140,NaN,20260804_t1517_srsSmooth_Moretraining_B002,NaN,NaN,12.6483609159787,1.16063356399536,NaN,NaN,NaN,0,NaN,NaN,NaN,NaN,0
20260804_t1517_srsSmooth_Moretraining,srs_smooth_Moretraining,trial0333.mat,333,333,140,2,59,50,86,36,50,8,2,1,6,2,68,4683,2,0,2,1,2,1,2,1,1,2,CHOSE_LOW_SAL,2,455,1,0,1,0,0,0,134,179,179,134,-45,134,1,180,245.633490752268,304.366509247732,65.6334907522676,124.366509247732,-58.7330184954647,58.7330184954647,NaN,NaN,NaN,1785871829.9743,19372.4976194,2.14344120025635,0.0141499042510986,0.231734275817871,0.806356906890869,1.26419806480408,1.43989419937134,1.48143792152405,1.48143792152405,-1,-1,1.7093505859375,217.584371566772,175.696134567261,41.54372215271,217.239856719971,Congruent,Left,Right,Left,Right,Right,0,1,1,0,1,0,1,0,0,1,0,1,1,0,1,1,0,0,1,141,41,20260804_t1517_srsSmooth_Moretraining_B002,51,1,12.6849634051323,1.05751204490662,2,1,49,0,1,1,0,0,1
20260804_t1517_srsSmooth_Moretraining,srs_smooth_Moretraining,trial0334.mat,334,334,141,2,60,51,86,36,50,8,2,2,8,2,81,14223,2,0,2,1,2,1,1,2,2,1,CHOSE_LOW_SAL,2,455,1,0,0,0,0,0,135,174,174,135,-39,174,1,0,165.2772325006,24.7227674994004,165.2772325006,24.7227674994004,140.554465001199,140.554465001199,NaN,NaN,NaN,1785871833.27495,19375.79832092,2.2264096736908,0.0136277675628662,0.230955839157104,0.806017398834229,1.18033957481384,1.43120765686035,1.46440124511719,1.46440124511719,-1,-1,1.74989342689514,217.328071594238,250.868082046509,33.1935882568359,284.061670303345,Conflict,Left,Right,Right,Right,Left,0,1,0,1,1,1,0,1,0,0,1,0,1,0,1,0,0,1,1,142,42,20260804_t1517_srsSmooth_Moretraining_B002,52,2,12.7399742245674,1.15720796585083,1,2,134,1,1,1,0,0,1
20260804_t1517_srsSmooth_Moretraining,srs_smooth_Moretraining,trial0335.mat,335,335,142,2,61,52,86,36,50,8,2,1,5,2,52,31558,2,0,1,2,2,2,2,2,1,1,CHOSE_LOW_SAL,2,455,1,0,0,0,0,0,126,190,190,126,-64,126,1,180,224.731846395402,325.268153604598,44.7318463954018,145.268153604598,-100.536307209196,100.536307209196,NaN,NaN,NaN,1785871836.65899,19379.1821498,2.32553887367249,0.0130457878112793,0.264008760452271,0.805496692657471,1.30476188659668,1.58009028434753,1.61365461349487,1.61365461349487,-1,-1,1.89940071105957,250.962972640991,275.328397750854,33.5643291473389,308.892726898193,Congruent,Right,Left,Right,Left,Left,0,1,1,0,1,1,1,0,0,0,0,1,1,1,0,0,0,0,1,143,43,20260804_t1517_srsSmooth_Moretraining_B002,53,3,12.7963750084241,1.15763735771179,2,1,174,1,1,0,0,1,1
20260804_t1517_srsSmooth_Moretraining,srs_smooth_Moretraining,trial0336.mat,336,336,143,2,62,53,86,36,50,8,2,2,7,2,73,31591,2,0,1,2,2,2,1,1,2,2,CHOSE_LOW_SAL,2,455,1,0,0,0,0,0,111,230,230,111,-119,230,1,0,144.462920601639,45.5370793983609,144.462920601639,45.5370793983609,98.9258412032782,98.9258412032782,NaN,NaN,NaN,1785871840.13499,19382.65817372,2.46687841415405,0.0121855735778809,0.262632369995117,0.837976694107056,1.43724012374878,1.62131190299988,1.65453696250916,1.65453696250916,-1,-1,1.92304134368896,250.446796417236,184.071779251099,33.2250595092773,217.296838760376,Conflict,Right,Left,Left,Left,Right,0,1,0,1,1,0,0,1,0,1,1,0,1,1,0,1,0,1,1,144,44,20260804_t1517_srsSmooth_Moretraining_B002,54,4,12.8543082475662,1.15045547485352,1,1,126,1,1,1,0,0,1
20260804_t1517_srsSmooth_Moretraining,srs_smooth_Moretraining,trial0337.mat,337,337,144,2,63,54,86,36,50,8,2,2,7,2,72,8398,2,0,1,2,2,2,1,1,1,1,CHOSE_HIGH_SAL,1,455,1,0,0,0,0,0,160,193,193,160,-33,160,1,180,330.634527327028,219.365472672972,150.634527327028,39.3654726729715,111.269054654057,111.269054654057,NaN,NaN,NaN,1785871843.76156,19386.28472948,2.16504144668579,0.0190870761871338,0.227944850921631,0.752951145172119,1.1274631023407,1.38617253303528,1.41968178749084,1.41968178749084,-1,-1,1.70524978637695,208.857774734497,258.70943069458,33.5092544555664,292.218685150146,Conflict,Right,Left,Right,Left,Right,0,1,0,1,1,1,1,0,1,0,0,1,0,1,0,1,0,1,1,145,45,20260804_t1517_srsSmooth_Moretraining_B002,55,5,12.9147511204084,1.15969395637512,2,2,230,1,1,1,0,0,1
20260804_t1517_srsSmooth_Moretraining,srs_smooth_Moretraining,trial0338.mat,338,338,145,2,64,55,86,36,50,8,2,1,6,2,65,5475,2,0,2,1,2,1,2,1,1,2,CHOSE_LOW_SAL,2,455,1,0,0,0,0,0,136,183,183,136,-47,136,1,180,244.7490945907,305.2509054093,64.7490945906998,125.2509054093,-60.5018108186004,60.5018108186004,NaN,NaN,NaN,1785871847.11143,19389.63450812,2.42465734481812,0.011009693145752,0.219988346099854,1.01144576072693,1.43606472015381,1.65322399139404,1.68660235404968,1.68660235404968,-1,-1,1.98903846740723,208.978652954102,217.159271240234,33.3783626556396,250.537633895874,Congruent,Left,Right,Left,Right,Right,0,1,1,0,1,0,1,0,0,1,0,1,1,0,1,1,0,0,1,146,46,20260804_t1517_srsSmooth_Moretraining_B002,56,6,12.9705823421478,1.18483185768127,1,1,160,1,0,1,1,0,1
20260804_t1517_srsSmooth_Moretraining,srs_smooth_Moretraining,trial0339.mat,339,339,146,2,65,56,86,36,50,8,2,2,8,2,78,19446,2,0,2,1,2,1,1,2,2,1,CHOSE_LOW_SAL,2,455,1,0,0,0,0,0,130,158,158,130,-28,158,1,0,118.941906963788,71.0580930362117,118.941906963788,71.0580930362117,47.8838139275766,47.8838139275766,NaN,NaN,NaN,1785871850.70744,19393.23049424,2.2442102432251,0.0151436328887939,0.174014806747437,0.840941667556763,1.24852466583252,1.49070048332214,1.52403402328491,1.52403402328491,-1,-1,1.78441476821899,158.871173858643,242.175817489624,33.3335399627686,275.509357452393,Conflict,Left,Right,Right,Right,Left,0,1,0,1,1,1,0,1,0,0,1,0,1,0,1,0,0,1,1,147,47,20260804_t1517_srsSmooth_Moretraining_B002,57,7,13.0305157780647,1.17134881019592,1,2,136,1,1,1,0,0,1
20260804_t1517_srsSmooth_Moretraining,srs_smooth_Moretraining,trial0340.mat,340,340,147,2,66,57,86,36,50,8,2,1,6,2,63,9825,2,0,2,1,2,1,2,1,2,1,CHOSE_HIGH_SAL,1,455,1,0,0,0,0,0,115,177,177,115,-62,177,1,0,55.3770930116357,134.622906988364,55.3770930116357,134.622906988364,-79.2458139767285,79.2458139767285,NaN,NaN,NaN,1785871854.14459,19396.6675294,2.39098334312439,0.011455774307251,0.253831148147583,0.995224237442017,1.36150789260864,1.58699607849121,1.62866592407227,1.62866592407227,-1,-1,1.9144434928894,242.375373840332,225.488185882568,41.6698455810547,267.158031463623,Congruent,Left,Right,Right,Right,Right,0,1,1,0,1,1,0,1,1,0,1,0,0,0,1,1,0,0,1,148,48,20260804_t1517_srsSmooth_Moretraining_B002,58,8,13.0878016750018,1.19294357299805,2,1,158,1,0,0,1,1,1
20260804_t1517_srsSmooth_Moretraining,srs_smooth_Moretraining,trial0341.mat,341,341,148,2,67,58,86,36,50,8,2,2,7,2,76,31721,2,0,1,2,2,2,1,1,1,1,CHOSE_HIGH_SAL,1,455,1,0,0,0,0,0,120,172,172,120,-52,120,1,180,314.393321205501,235.606678794499,134.393321205501,55.6066787944988,78.7866424110024,78.7866424110024,NaN,NaN,NaN,1785871857.67712,19400.20011872,2.50048923492432,0.0124020576477051,0.221149444580078,1.02116727828979,1.57079601287842,1.80453109741211,1.84621286392212,1.84621286392212,-1,-1,2.08179354667664,208.747386932373,233.735084533691,41.6817665100098,275.416851043701,Conflict,Right,Left,Right,Left,Right,0,1,0,1,1,1,1,0,1,0,0,1,0,1,0,1,0,1,1,149,49,20260804_t1517_srsSmooth_Moretraining_B002,59,9,13.1466770728429,1.14154052734375,2,1,177,1,1,0,0,1,1
20260804_t1517_srsSmooth_Moretraining,srs_smooth_Moretraining,trial0342.mat,342,342,149,2,68,59,86,36,50,8,2,1,5,2,53,32206,2,0,1,2,2,2,2,2,0,0,,0,11,0,1,0,0,0,0,126,173,173,126,-47,NaN,1,180,273.463542198468,276.536457801532,93.4635421984677,96.5364578015323,-3.07291560306464,3.07291560306464,NaN,NaN,NaN,1785871861.36744,19403.89025976,0.274994134902954,0.0138876438140869,0.222829818725586,-1,-1,-1,-1,-1,-1,-1,-1,208.942174911499,NaN,NaN,NaN,Congruent,Right,Left,None,Left,Left,0,1,1,0,0,NaN,NaN,NaN,NaN,NaN,NaN,NaN,NaN,1,0,0,0,0,0,149,NaN,20260804_t1517_srsSmooth_Moretraining_B002,NaN,NaN,13.2081824739774,1.18983483314514,NaN,NaN,NaN,0,NaN,NaN,NaN,NaN,0
20260804_t1517_srsSmooth_Moretraining,srs_smooth_Moretraining,trial0343.mat,343,343,149,2,69,59,86,36,50,8,2,1,5,2,57,32327,2,0,1,2,2,2,2,2,2,2,CHOSE_HIGH_SAL,1,455,1,0,0,0,0,0,136,177,177,136,-41,177,1,180,192.214683100221,357.785316899779,12.2146831002213,177.785316899779,-165.570633799557,165.570633799557,NaN,NaN,NaN,1785871862.69565,19405.21853808,2.34026908874512,0.010735034942627,0.2027587890625,0.969536542892456,1.31078505516052,1.5361545085907,1.56981635093689,1.56981635093689,-1,-1,1.86355924606323,192.023754119873,225.369453430176,33.6618423461914,259.031295776367,Congruent,Right,Left,Left,Left,Left,0,1,1,0,1,0,0,1,1,1,1,0,0,1,0,0,0,0,1,150,50,20260804_t1517_srsSmooth_Moretraining_B002,60,10,13.2303192218145,1.05321073532104,1,1,120,1,1,1,0,0,1
20260804_t1517_srsSmooth_Moretraining,srs_smooth_Moretraining,trial0344.mat,344,344,150,2,70,60,86,36,50,8,2,2,7,2,74,11514,2,0,1,2,2,2,1,1,1,1,CHOSE_HIGH_SAL,1,455,1,0,0,0,0,0,110,178,178,110,-68,110,1,180,359.64699579594,190.35300420406,179.64699579594,10.3530042040597,169.293991591881,169.293991591881,NaN,NaN,NaN,1785871866.19016,19408.71284696,2.26267337799072,0.0163524150848389,0.233818769454956,0.992191553115845,1.3330705165863,1.54219722747803,1.58395314216614,1.58395314216614,-1,-1,1.8526017665863,217.466354370117,209.126710891724,41.7559146881104,250.882625579834,Conflict,Right,Left,Right,Left,Right,0,1,0,1,1,1,1,0,1,0,0,1,0,1,0,1,0,1,1,151,51,20260804_t1517_srsSmooth_Moretraining_B002,61,11,13.2885611971219,1.15424942970276,2,2,177,1,1,1,0,0,1
20260804_t1517_srsSmooth_Moretraining,srs_smooth_Moretraining,trial0345.mat,345,345,151,2,71,61,86,36,50,8,2,1,5,2,55,19415,2,0,1,2,2,2,2,2,1,1,CHOSE_LOW_SAL,2,455,1,0,0,0,0,0,109,189,189,109,-80,109,1,180,245.950384681597,304.049615318403,65.9503846815974,124.049615318403,-58.0992306368051,58.0992306368051,NaN,NaN,NaN,1785871869.59838,19412.12103636,2.4205539226532,0.0166051387786865,0.225854158401489,0.983772039413452,1.44166040420532,1.65889573097229,1.69244956970215,1.69244956970215,-1,-1,2.01101398468018,209.249019622803,217.235326766968,33.5538387298584,250.789165496826,Congruent,Right,Left,Right,Left,Left,0,1,1,0,1,1,1,0,0,0,0,1,1,1,0,0,0,0,1,152,52,20260804_t1517_srsSmooth_Moretraining_B002,62,12,13.3453647494316,1.1455397605896,1,1,110,1,0,0,1,1,1
20260804_t1517_srsSmooth_Moretraining,srs_smooth_Moretraining,trial0346.mat,346,346,152,2,72,62,86,36,50,8,2,2,8,2,80,14683,2,0,2,1,2,1,1,2,2,1,CHOSE_LOW_SAL,2,455,1,0,0,0,0,0,115,177,177,115,-62,177,1,180,295.192223334328,254.807776665672,115.192223334328,74.8077766656716,40.3844466686568,40.3844466686568,NaN,NaN,NaN,1785871873.16983,19415.69226452,3.16721510887146,0.0119571685791016,0.270721912384033,0.829509258270264,1.46201348304749,1.70449757575989,1.73780393600464,1.73780393600464,-1,-1,2.03161144256592,258.764743804932,242.484092712402,33.306360244751,275.790452957153,Conflict,Left,Right,Right,Right,Left,0,1,0,1,1,1,0,1,0,0,1,0,1,0,1,0,0,1,1,153,53,20260804_t1517_srsSmooth_Moretraining_B002,63,13,13.4048889636993,1.15089893341064,1,1,109,1,1,0,0,1,1
20260804_t1517_srsSmooth_Moretraining,srs_smooth_Moretraining,trial0347.mat,347,347,153,2,73,63,86,36,50,8,2,1,6,2,67,14721,2,0,2,1,2,1,2,1,0,0,,0,11,0,1,0,0,0,0,126,190,190,126,-64,NaN,1,0,19.8590313288557,170.140968671144,19.8590313288557,170.140968671144,-150.281937342289,150.281937342289,NaN,NaN,NaN,1785871877.4702,19419.99266628,1.53256320953369,0.0117588043212891,0.228918075561523,0.887250661849976,-1,-1,-1,-1,-1,-1,-1,217.159271240234,NaN,NaN,NaN,Congruent,Left,Right,None,Right,Right,0,1,1,0,0,NaN,NaN,NaN,NaN,NaN,NaN,NaN,NaN,0,1,1,0,0,0,153,NaN,20260804_t1517_srsSmooth_Moretraining_B002,NaN,NaN,13.4765617251396,1.13315057754517,NaN,NaN,NaN,0,NaN,NaN,NaN,NaN,0
20260804_t1517_srsSmooth_Moretraining,srs_smooth_Moretraining,trial0348.mat,348,348,153,2,74,63,86,36,50,8,2,2,7,2,75,27854,2,0,1,2,2,2,1,1,1,1,CHOSE_HIGH_SAL,1,455,1,0,0,0,0,0,128,189,189,128,-61,128,1,180,354.967349821485,195.032650178515,174.967349821485,15.0326501785146,159.934699642971,159.934699642971,NaN,NaN,NaN,1785871880.05036,19422.57289532,2.39467716217041,0.0150244235992432,0.215537786483765,0.924074649810791,1.33174228668213,1.64078259468079,1.68248343467712,1.68248343467712,-1,-1,1.96823740005493,200.513362884521,309.040307998657,41.7008399963379,350.741147994995,Conflict,Right,Left,Right,Left,Right,0,1,0,1,1,1,1,0,1,0,0,1,0,1,0,1,0,1,1,154,54,20260804_t1517_srsSmooth_Moretraining_B002,64,14,13.5195645332336,1.04760527610779,2,1,177,1,1,0,0,1,1
20260804_t1517_srsSmooth_Moretraining,srs_smooth_Moretraining,trial0349.mat,349,349,154,2,75,64,86,36,50,8,2,2,7,2,71,16402,2,0,1,2,2,2,1,1,0,0,,0,11,0,1,0,0,0,0,133,214,214,133,-81,NaN,1,180,320.498154226292,229.501845773708,140.498154226292,49.5018457737077,90.9963084525847,90.9963084525847,NaN,NaN,NaN,1785871883.63211,19426.15448152,1.41229677200317,0.0167555809020996,0.234048128128052,0.90062689781189,-1,-1,-1,-1,-1,-1,-1,217.292547225952,NaN,NaN,NaN,Conflict,Right,Left,None,Left,Right,0,1,0,1,0,NaN,NaN,NaN,NaN,NaN,NaN,NaN,NaN,1,0,1,0,1,0,154,NaN,20260804_t1517_srsSmooth_Moretraining_B002,NaN,NaN,13.5792602260907,1.18706440925598,NaN,NaN,NaN,0,NaN,NaN,NaN,NaN,0
20260804_t1517_srsSmooth_Moretraining,srs_smooth_Moretraining,trial0350.mat,350,350,154,2,76,64,86,36,50,8,2,2,8,2,79,24311,2,0,2,1,2,1,1,2,2,1,CHOSE_LOW_SAL,2,455,1,0,1,0,0,0,109,175,175,109,-66,175,1,0,134.109499213385,55.8905007866148,134.109499213385,55.8905007866148,78.2189984267704,78.2189984267704,NaN,NaN,NaN,1785871886.0815,19428.60377196,2.39724159240723,0.0174605846405029,0.251265525817871,1.03461265563965,1.37584757804871,1.62628078460693,1.66795659065247,1.66795659065247,-1,-1,1.91780233383179,233.804941177368,250.433206558228,41.6758060455322,292.10901260376,Conflict,Left,Right,Right,Right,Left,0,1,0,1,1,1,0,1,0,0,1,0,1,0,1,0,0,1,1,155,55,20260804_t1517_srsSmooth_Moretraining_B002,65,15,13.6200833956401,1.0370934009552,1,1,128,1,1,0,0,1,1
20260804_t1517_srsSmooth_Moretraining,srs_smooth_Moretraining,trial0351.mat,351,351,155,2,77,65,86,36,50,8,2,2,8,2,85,1349,2,0,2,1,2,1,1,2,1,2,CHOSE_HIGH_SAL,1,455,1,0,0,0,0,0,126,175,175,126,-49,126,1,0,139.685023516409,50.3149764835905,139.68502351641,50.3149764835905,89.370047032819,89.370047032819,NaN,NaN,NaN,1785871889.6415,19432.16370492,2.07890176773071,0.0159330368041992,0.141552925109863,0.941406965255737,1.34098482131958,1.39167618751526,1.4248378276825,1.4248378276825,-1,-1,1.65247678756714,125.619888305664,50.6913661956787,33.1616401672363,83.853006362915,Conflict,Left,Right,Left,Right,Left,0,1,0,1,1,0,1,0,1,1,0,1,0,0,1,0,0,1,1,156,56,20260804_t1517_srsSmooth_Moretraining_B002,66,16,13.6794167200724,1.16275787353516,2,1,175,1,1,1,0,0,1
20260804_t1517_srsSmooth_Moretraining,srs_smooth_Moretraining,trial0352.mat,352,352,156,2,78,66,86,36,50,8,2,2,7,2,71,16402,2,0,1,2,2,2,1,1,0,0,,0,11,0,1,0,0,0,0,121,174,174,121,-53,NaN,1,0,139.356082741273,50.6439172587266,139.356082741273,50.6439172587266,88.7121654825467,88.7121654825467,NaN,NaN,NaN,1785871892.85294,19435.3750992,0.115644454956055,0.0129463672637939,0.063730001449585,-1,-1,-1,-1,-1,-1,-1,-1,50.783634185791,NaN,NaN,NaN,Conflict,Right,Left,None,Left,Right,0,1,0,1,0,NaN,NaN,NaN,NaN,NaN,NaN,NaN,NaN,1,0,1,0,1,0,156,NaN,20260804_t1517_srsSmooth_Moretraining_B002,NaN,NaN,13.7329408168793,1.13254404067993,NaN,NaN,NaN,0,NaN,NaN,NaN,NaN,0
20260804_t1517_srsSmooth_Moretraining,srs_smooth_Moretraining,trial0353.mat,353,353,156,2,79,66,86,36,50,8,2,2,7,2,71,16402,2,0,1,2,2,2,1,1,1,1,CHOSE_HIGH_SAL,1,455,1,0,0,0,0,0,122,197,197,122,-75,122,1,180,347.987116442795,202.012883557205,167.987116442795,22.0128835572054,145.974232885589,145.974232885589,NaN,NaN,NaN,1785871894.00651,19436.528655,2.26357769966125,0.0177578926086426,0.193156957626343,0.943140268325806,1.3511438369751,1.57664513587952,1.61005187034607,1.61005187034607,-1,-1,1.83736085891724,175.3990650177,225.501298904419,33.4067344665527,258.908033370972,Conflict,Right,Left,Right,Left,Right,0,1,0,1,1,1,1,0,1,0,0,1,0,1,0,1,0,1,1,157,57,20260804_t1517_srsSmooth_Moretraining_B002,67,17,13.7521669228872,1.03792190551758,1,2,126,1,0,1,1,0,1
20260804_t1517_srsSmooth_Moretraining,srs_smooth_Moretraining,trial0354.mat,354,354,157,2,80,67,86,36,50,8,2,2,8,2,83,26690,2,0,2,1,2,1,1,2,0,0,,0,11,0,1,0,0,0,0,120,169,169,120,-49,NaN,1,180,287.462901010815,262.537098989185,107.462901010815,82.5370989891846,24.9258020216308,24.9258020216308,NaN,NaN,NaN,1785871897.45267,19439.9748766,1.35841512680054,0.0133941173553467,0.230647563934326,0.763882637023926,-1,-1,-1,-1,-1,-1,-1,217.253446578979,NaN,NaN,NaN,Conflict,Left,Right,None,Right,Left,0,1,0,1,0,NaN,NaN,NaN,NaN,NaN,NaN,NaN,NaN,0,1,0,0,1,0,157,NaN,20260804_t1517_srsSmooth_Moretraining_B002,NaN,NaN,13.8096030036608,1.18258714675903,NaN,NaN,NaN,0,NaN,NaN,NaN,NaN,0
20260804_t1517_srsSmooth_Moretraining,srs_smooth_Moretraining,trial0355.mat,355,355,157,2,81,67,86,36,50,8,2,2,8,2,86,20052,2,0,2,1,2,1,1,2,1,2,CHOSE_HIGH_SAL,1,455,1,0,0,0,0,0,134,191,191,134,-57,134,1,180,280.165118625324,269.834881374676,100.165118625324,89.8348813746765,10.3302372506471,10.3302372506471,NaN,NaN,NaN,1785871899.86439,19442.38651852,2.18946003913879,0.0184400081634521,0.193855762481689,0.702259540557861,1.21848607063293,1.41915369033813,1.460693359375,1.460693359375,-1,-1,1.75466012954712,175.415754318237,200.6676197052,41.5396690368652,242.207288742065,Conflict,Left,Right,Left,Right,Left,0,1,0,1,1,0,1,0,1,1,0,1,0,0,1,0,0,1,1,158,58,20260804_t1517_srsSmooth_Moretraining_B002,68,18,13.8497982700666,1.05330085754395,1,1,122,1,0,1,1,0,1
20260804_t1517_srsSmooth_Moretraining,srs_smooth_Moretraining,trial0356.mat,356,356,158,2,82,68,86,36,50,8,2,1,5,2,56,27275,2,0,1,2,2,2,2,2,1,1,CHOSE_LOW_SAL,2,455,1,0,0,0,0,0,116,205,205,116,-89,116,1,180,201.035877986481,348.964122013519,21.035877986481,168.964122013519,-147.928244027038,147.928244027038,NaN,NaN,NaN,1785871903.20374,19445.72581016,2.30817747116089,0.01255202293396,0.230017185211182,0.929921627044678,1.5459451675415,1.62162137031555,1.66300129890442,1.66300129890442,-1,-1,1.89044165611267,217.465162277222,75.6762027740479,41.3799285888672,117.056131362915,Congruent,Right,Left,Right,Left,Left,0,1,1,0,1,1,1,0,0,0,0,1,1,1,0,0,0,0,1,159,59,20260804_t1517_srsSmooth_Moretraining_B002,69,19,13.9054541190465,1.1498908996582,1,2,134,1,0,1,1,0,1
20260804_t1517_srsSmooth_Moretraining,srs_smooth_Moretraining,trial0357.mat,357,357,159,2,83,69,86,36,50,8,2,1,6,2,66,30982,2,0,2,1,2,1,2,1,1,2,CHOSE_LOW_SAL,2,455,1,0,0,0,0,0,117,211,211,117,-94,117,1,0,42.0318328786605,147.96816712134,42.0318328786605,147.96816712134,-105.936334242679,105.936334242679,NaN,NaN,NaN,1785871906.65959,19449.18140972,2.20254373550415,0.015167236328125,0.223994731903076,0.899238348007202,1.38188719749451,1.53259611129761,1.56586337089539,1.56586337089539,-1,-1,1.78489255905151,208.827495574951,150.708913803101,33.2672595977783,183.976173400879,Congruent,Left,Right,Left,Right,Right,0,1,1,0,1,0,1,0,0,1,0,1,1,0,1,1,0,0,1,160,60,20260804_t1517_srsSmooth_Moretraining_B002,70,20,13.9630516846975,1.14767646789551,1,1,116,1,0,1,1,0,1
20260804_t1517_srsSmooth_Moretraining,srs_smooth_Moretraining,trial0358.mat,358,358,160,2,84,70,86,36,50,8,2,1,6,2,61,4912,2,0,2,1,2,1,2,1,0,0,,0,11,0,1,0,0,0,0,125,192,192,125,-67,NaN,1,0,40.5103661869927,149.489633813007,40.5103661869927,149.489633813007,-108.979267626015,108.979267626015,NaN,NaN,NaN,1785871910.02158,19452.54335216,1.58193492889404,0.0116477012634277,0.278960466384888,1.01438999176025,-1,-1,-1,-1,-1,-1,-1,267.31276512146,NaN,NaN,NaN,Congruent,Left,Right,None,Right,Right,0,1,1,0,0,NaN,NaN,NaN,NaN,NaN,NaN,NaN,NaN,0,1,1,0,0,0,160,NaN,20260804_t1517_srsSmooth_Moretraining_B002,NaN,NaN,14.0190847436587,1.1594398021698,NaN,NaN,NaN,0,NaN,NaN,NaN,NaN,0
20260804_t1517_srsSmooth_Moretraining,srs_smooth_Moretraining,trial0359.mat,359,359,160,2,85,70,86,36,50,8,2,1,5,2,58,20866,2,0,1,2,2,2,2,2,1,1,CHOSE_LOW_SAL,2,455,1,0,0,0,0,0,131,165,165,131,-34,131,1,0,12.5946871310135,177.405312868986,12.5946871310135,177.405312868986,-164.810625737973,164.810625737973,NaN,NaN,NaN,1785871912.65011,19455.17193492,2.20469403266907,0.0165493488311768,0.308515071868896,0.817110300064087,1.20826244354248,1.46736121177673,1.5003514289856,1.5003514289856,-1,-1,1.76935958862305,291.96572303772,259.098768234253,32.9902172088623,292.088985443115,Congruent,Right,Left,Right,Left,Left,0,1,1,0,1,1,1,0,0,0,0,1,1,1,0,0,0,0,1,161,61,20260804_t1517_srsSmooth_Moretraining_B002,71,21,14.0628936648369,1.04660034179688,1,2,117,1,0,1,1,0,1
20260804_t1517_srsSmooth_Moretraining,srs_smooth_Moretraining,trial0360.mat,360,360,161,2,86,71,86,36,50,8,2,1,5,2,53,32206,2,0,1,2,2,2,2,2,2,2,CHOSE_HIGH_SAL,1,455,1,0,0,0,0,0,131,197,197,131,-66,197,1,180,242.488320319786,307.511679680214,62.4883203197857,127.511679680214,-65.0233593604287,65.0233593604287,NaN,NaN,NaN,1785871916.00445,19458.52620208,2.25836205482483,0.0123403072357178,0.246320486068726,0.979804754257202,1.47906446456909,1.48786544799805,1.52124691009521,1.52124691009521,-1,-1,1.75689816474915,233.980178833008,8.80098342895508,33.381462097168,42.182445526123,Congruent,Right,Left,Left,Left,Left,0,1,1,0,1,0,0,1,1,1,1,0,0,1,0,0,0,0,1,162,62,20260804_t1517_srsSmooth_Moretraining_B002,72,22,14.1187993327777,1.14964604377747,1,1,131,1,1,1,0,0,1
20260804_t1517_srsSmooth_Moretraining,srs_smooth_Moretraining,trial0361.mat,361,361,162,2,87,72,86,36,50,8,2,1,6,2,67,14721,2,0,2,1,2,1,2,1,0,0,,0,11,0,1,0,0,0,0,100,192,192,100,-92,NaN,1,180,217.629374287098,332.370625712902,37.6293742870982,152.370625712902,-114.741251425804,114.741251425804,NaN,NaN,NaN,1785871919.40247,19461.92414408,0.442229270935059,0.0144531726837158,0.206774711608887,-1,-1,-1,-1,-1,-1,-1,-1,192.321538925171,NaN,NaN,NaN,Congruent,Left,Right,None,Right,Right,0,1,1,0,0,NaN,NaN,NaN,NaN,NaN,NaN,NaN,NaN,0,1,1,0,0,0,162,NaN,20260804_t1517_srsSmooth_Moretraining_B002,NaN,NaN,14.1754330039024,1.13965821266174,NaN,NaN,NaN,0,NaN,NaN,NaN,NaN,0
20260804_t1517_srsSmooth_Moretraining,srs_smooth_Moretraining,trial0362.mat,362,362,162,2,88,72,86,36,50,8,2,2,8,2,83,26690,2,0,2,1,2,1,1,2,2,1,CHOSE_LOW_SAL,2,455,1,0,0,0,0,0,140,168,168,140,-28,168,1,180,356.762317334219,193.237682665781,176.762317334219,13.2376826657805,163.524634668439,163.524634668439,NaN,NaN,NaN,1785871920.89252,19463.4142356,2.36238098144531,0.0161309242248535,0.141829013824463,0.825061082839966,1.35784983634949,1.6418719291687,1.6749541759491,1.6749541759491,-1,-1,1.89402508735657,125.698089599609,284.022092819214,33.0822467803955,317.104339599609,Conflict,Left,Right,Right,Right,Left,0,1,0,1,1,1,0,1,0,0,1,0,1,0,1,0,0,1,1,163,63,20260804_t1517_srsSmooth_Moretraining_B002,73,23,14.200267124176,1.04781794548035,2,2,197,1,0,1,1,0,1
20260804_t1517_srsSmooth_Moretraining,srs_smooth_Moretraining,trial0363.mat,363,363,163,2,89,73,86,36,50,8,2,1,6,2,61,4912,2,0,2,1,2,1,2,1,1,2,CHOSE_LOW_SAL,2,455,1,0,0,0,0,0,147,153,153,147,-6,147,1,180,198.456157585988,351.543842414012,18.456157585988,171.543842414012,-153.087684828024,153.087684828024,NaN,NaN,NaN,1785871924.39731,19466.91884224,2.18269395828247,0.0114786624908447,0.195531368255615,0.837236642837524,1.17819166183472,1.44541144371033,1.48714590072632,1.48714590072632,-1,-1,1.7312605381012,184.052705764771,267.21978187561,41.7344570159912,308.954238891602,Congruent,Left,Right,Left,Right,Right,0,1,1,0,1,0,1,0,0,1,0,1,1,0,1,1,0,0,1,164,64,20260804_t1517_srsSmooth_Moretraining_B002,74,24,14.258680276076,1.1424081325531,2,1,168,1,1,1,0,0,1
20260804_t1517_srsSmooth_Moretraining,srs_smooth_Moretraining,trial0364.mat,364,364,164,2,90,74,86,36,50,8,2,2,7,2,77,1930,2,0,1,2,2,2,1,1,1,1,CHOSE_HIGH_SAL,1,455,1,0,0,0,0,0,136,184,184,136,-48,136,1,0,99.0386548548026,90.9613451451974,99.0386548548026,90.9613451451974,8.07730970960529,8.07730970960529,NaN,NaN,NaN,1785871927.73714,19470.25861352,2.46802020072937,0.0134463310241699,0.222282409667969,1.01398801803589,1.43016839027405,1.68900918960571,1.7305600643158,1.7305600643158,-1,-1,2.03279590606689,208.836078643799,258.840799331665,41.550874710083,300.391674041748,Conflict,Right,Left,Right,Left,Right,0,1,0,1,1,1,1,0,1,0,0,1,0,1,0,1,0,1,1,165,65,20260804_t1517_srsSmooth_Moretraining_B002,75,25,14.314344116052,1.1571364402771,1,2,147,1,0,1,1,0,1
20260804_t1517_srsSmooth_Moretraining,srs_smooth_Moretraining,trial0365.mat,365,365,165,2,91,75,86,36,50,8,2,1,6,2,62,11537,2,0,2,1,2,1,2,1,1,2,CHOSE_LOW_SAL,2,455,1,0,0,0,0,0,143,195,195,143,-52,143,1,180,229.077410600657,320.922589399343,49.0774106006573,140.922589399343,-91.8451787986854,91.8451787986854,NaN,NaN,NaN,1785871931.36669,19473.88812296,2.1214280128479,0.0173764228820801,0.259762525558472,0.851214647293091,1.20908951759338,1.41793918609619,1.45168447494507,1.45168447494507,-1,-1,1.67879056930542,242.386102676392,208.849668502808,33.745288848877,242.594957351685,Congruent,Left,Right,Left,Right,Right,0,1,1,0,1,0,1,0,0,1,0,1,1,0,1,1,0,0,1,166,66,20260804_t1517_srsSmooth_Moretraining_B002,76,26,14.3748365481695,1.16152572631836,1,1,136,1,0,1,1,0,1
20260804_t1517_srsSmooth_Moretraining,srs_smooth_Moretraining,trial0366.mat,366,366,166,2,92,76,86,36,50,8,2,1,6,2,67,14721,2,0,2,1,2,1,2,1,0,0,,0,11,0,1,0,0,0,0,154,194,194,154,-40,NaN,1,0,33.0406194585405,156.959380541459,33.0406194585405,156.959380541459,-123.918761082919,123.918761082919,NaN,NaN,NaN,1785871934.64125,19477.16254912,1.42117500305176,0.0179383754730225,0.285125732421875,0.851824998855591,-1,-1,-1,-1,-1,-1,-1,267.187356948853,NaN,NaN,NaN,Congruent,Left,Right,None,Right,Right,0,1,1,0,0,NaN,NaN,NaN,NaN,NaN,NaN,NaN,NaN,0,1,1,0,0,0,166,NaN,20260804_t1517_srsSmooth_Moretraining_B002,NaN,NaN,14.4294126470884,1.15313792228699,NaN,NaN,NaN,0,NaN,NaN,NaN,NaN,0
20260804_t1517_srsSmooth_Moretraining,srs_smooth_Moretraining,trial0367.mat,367,367,166,2,93,76,86,36,50,8,2,2,7,2,70,3618,2,0,1,2,2,2,1,1,0,0,,0,11,0,1,0,0,0,0,137,183,183,137,-46,NaN,1,0,155.418241659306,34.5817583406941,155.418241659306,34.5817583406941,120.836483318612,120.836483318612,NaN,NaN,NaN,1785871937.12337,19479.64474972,1.23981285095215,0.0109195709228516,0.170178651809692,0.903287410736084,-1,-1,-1,-1,-1,-1,-1,159.259080886841,NaN,NaN,NaN,Conflict,Right,Left,None,Left,Right,0,1,0,1,0,NaN,NaN,NaN,NaN,NaN,NaN,NaN,NaN,1,0,1,0,1,0,166,NaN,20260804_t1517_srsSmooth_Moretraining_B002,NaN,NaN,14.4707812468211,1.06094098091125,NaN,NaN,NaN,0,NaN,NaN,NaN,NaN,0
20260804_t1517_srsSmooth_Moretraining,srs_smooth_Moretraining,trial0368.mat,368,368,166,2,94,76,86,36,50,8,2,2,8,2,82,125,2,0,2,1,2,1,1,2,0,0,,0,11,0,1,0,0,0,0,132,184,184,132,-52,NaN,1,180,290.474334075161,259.525665924839,110.474334075161,79.5256659248393,30.9486681503214,30.9486681503214,NaN,NaN,NaN,1785871939.41985,19481.94109632,0.283770084381104,0.0145304203033447,0.231813430786133,-1,-1,-1,-1,-1,-1,-1,-1,217.283010482788,NaN,NaN,NaN,Conflict,Left,Right,None,Right,Left,0,1,0,1,0,NaN,NaN,NaN,NaN,NaN,NaN,NaN,NaN,0,1,0,0,1,0,166,NaN,20260804_t1517_srsSmooth_Moretraining_B002,NaN,NaN,14.5090559204419,1.05666756629944,NaN,NaN,NaN,0,NaN,NaN,NaN,NaN,0
20260804_t1517_srsSmooth_Moretraining,srs_smooth_Moretraining,trial0369.mat,369,369,166,2,95,76,86,36,50,8,2,1,6,2,67,14721,2,0,2,1,2,1,2,1,2,1,CHOSE_HIGH_SAL,1,455,1,0,0,0,0,0,121,164,164,121,-43,164,1,0,79.2094392966875,110.790560703313,79.2094392966875,110.790560703313,-31.581121406625,31.581121406625,NaN,NaN,NaN,1785871940.75825,19483.2794354,2.43904709815979,0.0178420543670654,0.268448114395142,0.951779842376709,1.46789908409119,1.67694640159607,1.71879601478577,1.71879601478577,-1,-1,1.97064208984375,250.606060028076,209.047317504883,41.8496131896973,250.89693069458,Congruent,Left,Right,Right,Right,Right,0,1,1,0,1,1,0,1,1,0,1,0,0,0,1,1,0,0,1,167,67,20260804_t1517_srsSmooth_Moretraining_B002,77,27,14.531362704436,1.05463695526123,1,2,143,1,1,1,0,0,1
20260804_t1517_srsSmooth_Moretraining,srs_smooth_Moretraining,trial0370.mat,370,370,167,2,96,77,86,36,50,8,2,1,5,2,59,17778,2,0,1,2,2,2,2,2,1,1,CHOSE_LOW_SAL,2,455,1,0,0,0,0,0,102,199,199,102,-97,102,1,0,21.2702571702449,168.729742829755,21.2702571702449,168.729742829755,-147.45948565951,147.45948565951,NaN,NaN,NaN,1785871944.34811,19486.86914124,2.33218908309937,0.011455774307251,0.120496988296509,0.803976058959961,1.41151094436646,1.59547233581543,1.63712739944458,1.63712739944458,-1,-1,1.93201947212219,109.041213989258,183.961391448975,41.6550636291504,225.616455078125,Congruent,Right,Left,Right,Left,Left,0,1,1,0,1,1,1,0,0,0,0,1,1,1,0,0,0,0,1,168,68,20260804_t1517_srsSmooth_Moretraining_B002,78,28,14.591193707784,1.15081310272217,2,1,164,1,1,0,0,1,1
20260804_t1517_srsSmooth_Moretraining,srs_smooth_Moretraining,trial0371.mat,371,371,168,2,97,78,86,36,50,8,2,2,7,2,69,2838,2,0,1,2,2,2,1,1,0,0,,0,11,0,1,0,0,0,0,111,184,184,111,-73,NaN,1,180,338.53718901271,211.46281098729,158.53718901271,31.4628109872903,127.074378025419,127.074378025419,NaN,NaN,NaN,1785871947.82257,19490.34362068,1.49909472465515,0.012141227722168,0.27119779586792,0.945940256118774,-1,-1,-1,-1,-1,-1,-1,259.056568145752,NaN,NaN,NaN,Conflict,Right,Left,None,Left,Right,0,1,0,1,0,NaN,NaN,NaN,NaN,NaN,NaN,NaN,NaN,1,0,1,0,1,0,168,NaN,20260804_t1517_srsSmooth_Moretraining_B002,NaN,NaN,14.6491012334824,1.14226245880127,NaN,NaN,NaN,0,NaN,NaN,NaN,NaN,0
20260804_t1517_srsSmooth_Moretraining,srs_smooth_Moretraining,trial0372.mat,372,372,168,2,98,78,86,36,50,8,2,2,8,2,82,125,2,0,2,1,2,1,1,2,1,2,CHOSE_HIGH_SAL,1,455,1,0,1,0,0,0,130,192,192,130,-62,130,1,180,315.796818659534,234.203181340466,135.796818659534,54.203181340466,81.593637319068,81.593637319068,NaN,NaN,NaN,1785871950.37297,19492.89394448,2.37498140335083,0.0118393898010254,0.229085683822632,0.942243576049805,1.33689141273499,1.58775281906128,1.62940359115601,1.62940359115601,-1,-1,1.93990778923035,217.246294021606,250.861406326294,41.6507720947266,292.512178421021,Conflict,Left,Right,Left,Right,Left,0,1,0,1,1,0,1,0,1,1,0,1,0,0,1,0,0,1,1,169,69,20260804_t1517_srsSmooth_Moretraining_B002,79,29,14.6916079322497,1.0513072013855,1,1,102,1,0,1,1,0,1
20260804_t1517_srsSmooth_Moretraining,srs_smooth_Moretraining,trial0373.mat,373,373,169,2,99,79,86,36,50,8,2,1,5,2,54,26727,2,0,1,2,2,2,2,2,1,1,CHOSE_LOW_SAL,2,455,1,0,0,0,0,0,103,186,186,103,-83,103,1,180,199.335115507913,350.664884492087,19.3351155079131,170.664884492087,-151.329768984174,151.329768984174,NaN,NaN,NaN,1785871953.89645,19496.41739696,2.48474359512329,0.0135006904602051,0.214050054550171,0.914085149765015,1.5302267074585,1.73918724060059,1.78085231781006,1.78085231781006,-1,-1,2.08360290527344,200.549364089966,208.96053314209,41.6650772094727,250.625610351562,Congruent,Right,Left,Right,Left,Left,0,1,1,0,1,1,1,0,0,0,0,1,1,1,0,0,0,0,1,170,70,20260804_t1517_srsSmooth_Moretraining_B002,80,30,14.7503325621287,1.14849638938904,1,2,130,1,0,1,1,0,1
20260804_t1517_srsSmooth_Moretraining,srs_smooth_Moretraining,trial0374.mat,374,374,170,2,100,80,86,36,50,8,2,2,7,2,70,3618,2,0,1,2,2,2,1,1,2,2,CHOSE_LOW_SAL,2,455,1,0,0,0,0,0,111,194,194,111,-83,194,1,0,109.622727643473,80.3772723565267,109.622727643473,80.3772723565267,29.2454552869466,29.2454552869466,NaN,NaN,NaN,1785871957.52714,19500.04789208,2.3038158416748,0.0162861347198486,0.20836877822876,0.85847806930542,1.31633710861206,1.49185538291931,1.53370571136475,1.53370571136475,-1,-1,1.81099367141724,192.082643508911,175.518274307251,41.8503284454346,217.368602752686,Conflict,Right,Left,Left,Left,Right,0,1,0,1,1,0,0,1,0,1,1,0,1,1,0,1,0,1,1,171,71,20260804_t1517_srsSmooth_Moretraining_B002,81,31,14.8108440717061,1.14594697952271,1,1,103,1,1,1,0,0,1
20260804_t1517_srsSmooth_Moretraining,srs_smooth_Moretraining,trial0375.mat,375,375,171,2,101,81,86,36,50,8,2,2,8,2,84,923,2,0,2,1,2,1,1,2,1,2,CHOSE_HIGH_SAL,1,455,1,0,0,0,0,0,139,201,201,139,-62,139,1,180,278.555680009061,271.444319990939,98.5556800090607,91.4443199909393,7.11136001812145,7.11136001812145,NaN,NaN,NaN,1785871960.97411,19503.49492056,2.40749502182007,0.0111105442047119,0.286823511123657,1.00349640846252,1.57783961296082,1.6618800163269,1.69502902030945,1.69502902030945,-1,-1,1.96457552909851,275.712966918945,84.0404033660889,33.1490039825439,117.189407348633,Conflict,Left,Right,Left,Right,Left,0,1,0,1,1,0,1,0,1,1,0,1,0,0,1,0,0,1,1,172,72,20260804_t1517_srsSmooth_Moretraining_B002,82,32,14.8682936946551,1.14316153526306,2,2,194,1,1,0,0,1,1
20260804_t1517_srsSmooth_Moretraining,srs_smooth_Moretraining,trial0376.mat,376,376,172,2,102,82,86,36,50,8,2,1,6,2,60,6328,2,0,2,1,2,1,2,1,1,2,CHOSE_LOW_SAL,2,455,1,0,0,0,0,0,113,198,198,113,-85,113,1,0,34.1686828073993,155.831317192601,34.1686828073993,155.831317192601,-121.662634385201,121.662634385201,NaN,NaN,NaN,1785871964.55763,19507.07844012,2.31499791145325,0.0110747814178467,0.22855019569397,0.986791133880615,1.35279369354248,1.57860445976257,1.61182975769043,1.61182975769043,-1,-1,1.89717173576355,217.475414276123,225.810766220093,33.2252979278564,259.036064147949,Congruent,Left,Right,Left,Right,Right,0,1,1,0,1,0,1,0,0,1,0,1,1,0,1,1,0,0,1,173,73,20260804_t1517_srsSmooth_Moretraining_B002,83,33,14.9280188759168,1.17601585388184,1,2,139,1,0,0,1,1,1
20260804_t1517_srsSmooth_Moretraining,srs_smooth_Moretraining,trial0377.mat,377,377,173,2,103,83,86,36,50,8,2,1,6,2,64,2716,2,0,2,1,2,1,2,1,2,1,CHOSE_HIGH_SAL,1,455,1,0,0,0,0,0,122,163,163,122,-41,163,1,180,191.235844016425,358.764155983575,11.235844016425,178.764155983575,-167.52831196715,167.52831196715,NaN,NaN,NaN,1785871968.01605,19510.53678664,2.19028997421265,0.0111188888549805,0.244845867156982,0.811592102050781,1.32783794403076,1.43661975860596,1.47827076911926,1.47827076911926,-1,-1,1.73020768165588,233.726978302002,108.781814575195,41.6510105133057,150.432825088501,Congruent,Left,Right,Right,Right,Right,0,1,1,0,1,1,0,1,1,0,1,0,0,0,1,1,0,0,1,174,74,20260804_t1517_srsSmooth_Moretraining_B002,84,34,14.98565928936,1.1434268951416,1,2,113,1,1,1,0,0,1
20260804_t1517_srsSmooth_Moretraining,srs_smooth_Moretraining,trial0378.mat,378,378,174,2,104,84,86,36,50,8,2,1,5,2,51,26160,2,0,1,2,2,2,2,2,0,0,,0,11,0,1,0,0,0,0,95,199,199,95,-104,NaN,1,0,10.2004516727283,179.799548327272,10.2004516727283,179.799548327272,-169.599096654543,169.599096654543,NaN,NaN,NaN,1785871971.37914,19513.89971984,0.100402593612671,0.0148255825042725,0.0318448543548584,-1,-1,-1,-1,-1,-1,-1,-1,17.0192718505859,NaN,NaN,NaN,Congruent,Right,Left,None,Left,Left,0,1,1,0,0,NaN,NaN,NaN,NaN,NaN,NaN,NaN,NaN,1,0,0,0,0,0,174,NaN,20260804_t1517_srsSmooth_Moretraining_B002,NaN,NaN,15.0417108416557,1.17280316352844,NaN,NaN,NaN,0,NaN,NaN,NaN,NaN,0
20260804_t1517_srsSmooth_Moretraining,srs_smooth_Moretraining,trial0379.mat,379,379,174,2,105,84,86,36,50,8,2,2,7,2,69,2838,2,0,1,2,2,2,1,1,1,1,CHOSE_HIGH_SAL,1,455,1,0,0,0,0,0,144,207,207,144,-63,144,1,0,102.341046665309,87.6589533346906,102.341046665309,87.6589533346906,14.6820933306187,14.6820933306187,NaN,NaN,NaN,1785871972.52418,19515.0447918,2.4664671421051,0.0115044116973877,0.262090682983398,1.05360651016235,1.47822952270508,1.67854571342468,1.72028851509094,1.72028851509094,-1,-1,2.02303528785706,250.586271286011,200.316190719604,41.7428016662598,242.058992385864,Conflict,Right,Left,Right,Left,Right,0,1,0,1,1,1,1,0,1,0,0,1,0,1,0,1,0,1,1,175,75,20260804_t1517_srsSmooth_Moretraining_B002,85,35,15.0607947150866,1.0446298122406,2,1,163,1,1,0,0,1,1
20260804_t1517_srsSmooth_Moretraining,srs_smooth_Moretraining,trial0380.mat,380,380,175,2,106,85,86,36,50,8,2,1,5,2,51,26160,2,0,1,2,2,2,2,2,1,1,CHOSE_LOW_SAL,2,455,1,0,0,0,0,0,130,158,158,130,-28,130,1,0,34.1038737284701,155.89612627153,34.1038737284701,155.89612627153,-121.79225254306,121.79225254306,NaN,NaN,NaN,1785871976.11851,19518.63911896,2.19671702384949,0.0173103809356689,0.209666967391968,0.71818208694458,1.28402733802795,1.44296264648438,1.47624683380127,1.47624683380127,-1,-1,1.76197218894958,192.356586456299,158.935308456421,33.2841873168945,192.219495773315,Congruent,Right,Left,Right,Left,Left,0,1,1,0,1,1,1,0,0,0,0,1,1,1,0,0,0,0,1,176,76,20260804_t1517_srsSmooth_Moretraining_B002,86,36,15.1207003156344,1.12786889076233,1,1,144,1,0,0,1,1,1
20260804_t1517_srsSmooth_Moretraining,srs_smooth_Moretraining,trial0381.mat,381,381,176,3,1,0,94,44,50,8,1,0,2,1,13,20723,1,1,2,1,1,2,1,2,1,2,SINGLE_T1_CORRECT,10,455,1,0,0,0,0,0,130,79,130,79,51,130,1,0,180,10,180,10,170,170,NaN,NaN,NaN,1785871979.46936,19521.9898294,2.213223695755,0.0165977478027344,0.150351524353027,0.842196702957153,1.2416467666626,1.45056557655334,1.48409700393677,1.48409700393677,-1,-1,1.77768087387085,133.753776550293,208.918809890747,33.5314273834229,242.45023727417,Instruction,Left,Right,Left,Left,Left,1,0,0,0,0,NaN,NaN,NaN,NaN,NaN,NaN,NaN,NaN,0,0,0,1,1,0,177,NaN,20260804_t1517_srsSmooth_Moretraining_B003,1,NaN,15.1765477259954,1.15412759780884,NaN,NaN,NaN,0,NaN,NaN,NaN,NaN,0
20260804_t1517_srsSmooth_Moretraining,srs_smooth_Moretraining,trial0382.mat,382,382,177,3,2,1,94,44,50,8,1,0,4,1,50,9424,1,2,1,2,1,1,2,2,2,2,SINGLE_T2_CORRECT,11,455,1,0,0,0,0,0,133,70,133,70,63,70,1,180,190,0,10,180,-170,170,NaN,NaN,NaN,1785871982.83287,19525.35318908,2.15726113319397,0.0115468502044678,0.220569849014282,0.895364284515381,1.28659677505493,1.48740744590759,1.52047038078308,1.52047038078308,-1,-1,1.78950619697571,209.022998809814,200.810670852661,33.0629348754883,233.873605728149,Instruction,Right,Left,Left,Right,Left,1,0,0,0,0,NaN,NaN,NaN,NaN,NaN,NaN,NaN,NaN,1,1,0,1,0,0,178,NaN,20260804_t1517_srsSmooth_Moretraining_B003,2,NaN,15.2326063394547,1.15029311180115,NaN,NaN,NaN,0,NaN,NaN,NaN,NaN,0
20260804_t1517_srsSmooth_Moretraining,srs_smooth_Moretraining,trial0383.mat,383,383,178,3,3,2,94,44,50,8,1,0,1,1,12,2679,1,1,1,2,1,1,1,1,1,1,SINGLE_T1_CORRECT,10,455,1,0,0,0,0,0,152,79,152,79,73,152,1,0,180,10,180,10,170,170,NaN,NaN,NaN,1785871986.11764,19528.63788736,2.38952612876892,0.0185728073120117,0.227530241012573,0.877754688262939,1.3352906703949,1.61105728149414,1.64404606819153,1.64404606819153,-1,-1,1.93858194351196,208.957433700562,275.766611099243,32.9887866973877,308.755397796631,Instruction,Right,Left,Right,Right,Right,1,0,0,0,0,NaN,NaN,NaN,NaN,NaN,NaN,NaN,NaN,1,1,1,1,1,0,179,NaN,20260804_t1517_srsSmooth_Moretraining_B003,3,NaN,15.2873525261879,1.12751007080078,NaN,NaN,NaN,0,NaN,NaN,NaN,NaN,0
20260804_t1517_srsSmooth_Moretraining,srs_smooth_Moretraining,trial0384.mat,384,384,179,3,4,3,94,44,50,8,1,0,1,1,7,1156,1,1,1,2,1,1,1,1,1,1,SINGLE_T1_CORRECT,10,455,1,0,0,0,0,0,137,85,137,85,52,137,1,0,180,10,180,10,170,170,NaN,NaN,NaN,1785871989.65691,19532.17710532,2.4171724319458,0.0127804279327393,0.18000864982605,0.805059432983398,1.30449843406677,1.63016486167908,1.67176842689514,1.67176842689514,-1,-1,1.98280668258667,167.228221893311,325.666427612305,41.6035652160645,367.269992828369,Instruction,Right,Left,Right,Right,Right,1,0,0,0,0,NaN,NaN,NaN,NaN,NaN,NaN,NaN,NaN,1,1,1,1,1,0,180,NaN,20260804_t1517_srsSmooth_Moretraining_B003,4,NaN,15.3463402628899,1.149738073349,NaN,NaN,NaN,0,NaN,NaN,NaN,NaN,0
20260804_t1517_srsSmooth_Moretraining,srs_smooth_Moretraining,trial0385.mat,385,385,180,3,5,4,94,44,50,8,1,0,2,1,14,26365,1,1,2,1,1,2,1,2,1,2,SINGLE_T1_CORRECT,10,455,1,0,0,0,0,0,189,82,189,82,107,189,1,180,0,190,180,10,170,170,NaN,NaN,NaN,1785871993.21193,19535.73200452,2.12855195999146,0.0162348747253418,0.208441972732544,0.808708190917969,1.25795102119446,1.35841226577759,1.39189410209656,1.39189410209656,-1,-1,1.63579940795898,192.207098007202,100.46124458313,33.4818363189697,133.9430809021,Instruction,Left,Right,Left,Left,Left,1,0,0,0,0,NaN,NaN,NaN,NaN,NaN,NaN,NaN,NaN,0,0,0,1,1,0,181,NaN,20260804_t1517_srsSmooth_Moretraining_B003,5,NaN,15.4055905898412,1.13784718513489,NaN,NaN,NaN,0,NaN,NaN,NaN,NaN,0
20260804_t1517_srsSmooth_Moretraining,srs_smooth_Moretraining,trial0386.mat,386,386,181,3,6,5,94,44,50,8,1,0,1,1,8,31240,1,1,1,2,1,1,1,1,1,1,SINGLE_T1_CORRECT,10,455,1,0,0,0,0,0,146,85,146,85,61,146,1,0,180,10,180,10,170,170,NaN,NaN,NaN,1785871996.47546,19538.9953972,2.29922533035278,0.0111687183380127,0.245061159133911,0.953669548034668,1.34455490112305,1.58711194992065,1.62045216560364,1.62045216560364,-1,-1,1.85586023330688,233.892440795898,242.557048797607,33.3402156829834,275.897264480591,Instruction,Right,Left,Right,Right,Right,1,0,0,0,0,NaN,NaN,NaN,NaN,NaN,NaN,NaN,NaN,1,1,1,1,1,0,182,NaN,20260804_t1517_srsSmooth_Moretraining_B003,6,NaN,15.4599827249845,1.13497614860535,NaN,NaN,NaN,0,NaN,NaN,NaN,NaN,0
20260804_t1517_srsSmooth_Moretraining,srs_smooth_Moretraining,trial0387.mat,387,387,182,3,7,6,94,44,50,8,1,0,2,1,17,14862,1,1,2,1,1,2,1,2,1,2,SINGLE_T1_CORRECT,10,455,1,0,0,0,0,0,113,64,113,64,49,113,1,180,0,190,180,10,170,170,NaN,NaN,NaN,1785871999.93353,19542.45350364,2.09052467346191,0.0115602016448975,0.253735303878784,0.795430660247803,1.16993927955627,1.37890458106995,1.41203117370605,1.41203117370605,-1,-1,1.67253232002258,242.175102233887,208.965301513672,33.1265926361084,242.09189414978,Instruction,Left,Right,Left,Left,Left,1,0,0,0,0,NaN,NaN,NaN,NaN,NaN,NaN,NaN,NaN,0,0,0,1,1,0,183,NaN,20260804_t1517_srsSmooth_Moretraining_B003,7,NaN,15.5176173686981,1.15885329246521,NaN,NaN,NaN,0,NaN,NaN,NaN,NaN,0
20260804_t1517_srsSmooth_Moretraining,srs_smooth_Moretraining,trial0388.mat,388,388,183,3,8,7,94,44,50,8,1,0,3,1,36,508,1,2,2,1,1,2,2,1,2,1,SINGLE_T2_CORRECT,11,455,1,0,0,0,0,0,165,95,165,95,70,95,1,180,190,0,10,180,-170,170,NaN,NaN,NaN,1785872003.17528,19545.69487492,2.24072527885437,0.0532763004302979,0.287076234817505,0.887401580810547,1.26999163627625,1.51242685317993,1.54540705680847,1.54540705680847,-1,-1,1.84769940376282,233.799934387207,242.435216903687,32.98020362854,275.415420532227,Instruction,Left,Right,Right,Left,Right,1,0,0,0,0,NaN,NaN,NaN,NaN,NaN,NaN,NaN,NaN,0,0,1,1,0,0,184,NaN,20260804_t1517_srsSmooth_Moretraining_B003,8,NaN,15.5716464797656,1.15122199058533,NaN,NaN,NaN,0,NaN,NaN,NaN,NaN,0
20260804_t1517_srsSmooth_Moretraining,srs_smooth_Moretraining,trial0389.mat,389,389,184,3,9,8,94,44,50,8,1,0,2,1,23,4428,1,1,2,1,1,2,1,2,1,2,SINGLE_T1_CORRECT,10,455,1,0,0,0,0,0,146,83,146,83,63,146,1,180,0,190,180,10,170,170,NaN,NaN,NaN,1785872006.55346,19549.07339356,2.10478615760803,0.0169000625610352,0.259008646011353,0.767806768417358,1.37528705596924,1.4011538028717,1.44238805770874,1.44238805770874,-1,-1,1.66147541999817,242.108583450317,25.8667469024658,41.2342548370361,67.101001739502,Instruction,Left,Right,Left,Left,Left,1,0,0,0,0,NaN,NaN,NaN,NaN,NaN,NaN,NaN,NaN,0,0,0,1,1,0,185,NaN,20260804_t1517_srsSmooth_Moretraining_B003,9,NaN,15.6279493888219,1.13744926452637,NaN,NaN,NaN,0,NaN,NaN,NaN,NaN,0
20260804_t1517_srsSmooth_Moretraining,srs_smooth_Moretraining,trial0390.mat,390,390,185,3,10,9,94,44,50,8,1,0,1,1,9,19453,1,1,1,2,1,1,1,1,1,1,SINGLE_T1_CORRECT,10,455,1,0,0,0,0,0,139,80,139,80,59,139,1,0,180,10,180,10,170,170,NaN,NaN,NaN,1785872009.80301,19552.32270584,2.50518107414246,0.0174732208251953,0.284632921218872,0.918144702911377,1.53419899940491,1.72670984268188,1.76003670692444,1.76003670692444,-1,-1,2.06227779388428,267.159700393677,192.510843276978,33.3268642425537,225.837707519531,Instruction,Right,Left,Right,Right,Right,1,0,0,0,0,NaN,NaN,NaN,NaN,NaN,NaN,NaN,NaN,1,1,1,1,1,0,186,NaN,20260804_t1517_srsSmooth_Moretraining_B003,10,NaN,15.6821086366971,1.14476871490479,NaN,NaN,NaN,0,NaN,NaN,NaN,NaN,0
20260804_t1517_srsSmooth_Moretraining,srs_smooth_Moretraining,trial0391.mat,391,391,186,3,11,10,94,44,50,8,1,0,2,1,21,20981,1,1,2,1,1,2,1,2,0,0,,0,11,0,1,0,0,0,0,140,80,140,80,60,NaN,1,180,0,190,180,10,170,170,NaN,NaN,NaN,1785872013.44466,19555.96439548,1.49637818336487,0.0176417827606201,0.168306350708008,0.901597261428833,-1,-1,-1,-1,-1,-1,-1,150.664567947388,NaN,NaN,NaN,Instruction,Left,Right,None,Left,Left,1,0,0,0,0,NaN,NaN,NaN,NaN,NaN,NaN,NaN,NaN,0,0,0,1,1,0,186,NaN,20260804_t1517_srsSmooth_Moretraining_B003,NaN,NaN,15.7428028742472,1.13647317886353,NaN,NaN,NaN,0,NaN,NaN,NaN,NaN,0
20260804_t1517_srsSmooth_Moretraining,srs_smooth_Moretraining,trial0392.mat,392,392,186,3,12,10,94,44,50,8,1,0,2,1,25,26046,1,1,2,1,1,2,1,2,1,2,SINGLE_T1_CORRECT,10,455,1,0,0,0,0,0,149,107,149,107,42,149,1,180,0,190,180,10,170,170,NaN,NaN,NaN,1785872015.99163,19558.51128772,2.35037350654602,0.012425422668457,0.213143587112427,1.01289701461792,1.40414643287659,1.63794946670532,1.67138504981995,1.67138504981995,-1,-1,1.89863228797913,200.71816444397,233.803033828735,33.435583114624,267.238616943359,Instruction,Left,Right,Left,Left,Left,1,0,0,0,0,NaN,NaN,NaN,NaN,NaN,NaN,NaN,NaN,0,0,0,1,1,0,187,NaN,20260804_t1517_srsSmooth_Moretraining_B003,11,NaN,15.7852523644765,1.05059123039246,NaN,NaN,NaN,0,NaN,NaN,NaN,NaN,0
20260804_t1517_srsSmooth_Moretraining,srs_smooth_Moretraining,trial0393.mat,393,393,187,3,13,11,94,44,50,8,1,0,4,1,49,26986,1,2,1,2,1,1,2,2,2,2,SINGLE_T2_CORRECT,11,455,1,0,0,0,0,0,175,87,175,87,88,87,1,180,190,0,10,180,-170,170,NaN,NaN,NaN,1785872019.48201,19562.00165552,2.26012682914734,0.013852596282959,0.189552783966064,0.939514398574829,1.56391263008118,1.58138370513916,1.61454248428345,1.61454248428345,-1,-1,1.87508583068848,175.700187683105,17.4710750579834,33.1587791442871,50.6298542022705,Instruction,Right,Left,Left,Right,Left,1,0,0,0,0,NaN,NaN,NaN,NaN,NaN,NaN,NaN,NaN,1,1,0,1,0,0,188,NaN,20260804_t1517_srsSmooth_Moretraining_B003,12,NaN,15.8434253096581,1.1400032043457,NaN,NaN,NaN,0,NaN,NaN,NaN,NaN,0
20260804_t1517_srsSmooth_Moretraining,srs_smooth_Moretraining,trial0394.mat,394,394,188,3,14,12,94,44,50,8,1,0,4,1,48,19986,1,2,1,2,1,1,2,2,2,2,SINGLE_T2_CORRECT,11,455,1,0,0,0,0,0,142,90,142,90,52,90,1,180,190,0,10,180,-170,170,NaN,NaN,NaN,1785872022.89807,19565.41762236,2.14361810684204,0.0145895481109619,0.24034571647644,0.915281534194946,1.27297139167786,1.47347164154053,1.51514792442322,1.51514792442322,-1,-1,1.75116324424744,225.756168365479,200.500249862671,41.6762828826904,242.176532745361,Instruction,Right,Left,Left,Right,Left,1,0,0,0,0,NaN,NaN,NaN,NaN,NaN,NaN,NaN,NaN,1,1,0,1,0,0,189,NaN,20260804_t1517_srsSmooth_Moretraining_B003,13,NaN,15.9003596981366,1.15593647956848,NaN,NaN,NaN,0,NaN,NaN,NaN,NaN,0
20260804_t1517_srsSmooth_Moretraining,srs_smooth_Moretraining,trial0395.mat,395,395,189,3,15,13,94,44,50,8,1,0,2,1,16,32202,1,1,2,1,1,2,1,2,1,2,SINGLE_T1_CORRECT,10,455,1,0,0,0,0,0,156,75,156,75,81,156,1,180,0,190,180,10,170,170,NaN,NaN,NaN,1785872026.17643,19568.69594036,2.09037494659424,0.0113599300384521,0.153755664825439,0.728586196899414,1.16140484809875,1.37012958526611,1.41194105148315,1.41194105148315,-1,-1,1.63120222091675,142.395734786987,208.724737167358,41.811466217041,250.536203384399,Instruction,Left,Right,Left,Left,Left,1,0,0,0,0,NaN,NaN,NaN,NaN,NaN,NaN,NaN,NaN,0,0,0,1,1,0,190,NaN,20260804_t1517_srsSmooth_Moretraining_B003,14,NaN,15.9549989740054,1.13473844528198,NaN,NaN,NaN,0,NaN,NaN,NaN,NaN,0
20260804_t1517_srsSmooth_Moretraining,srs_smooth_Moretraining,trial0397.mat,397,397,190,3,17,14,94,44,50,8,1,0,3,1,33,7366,1,2,2,1,1,2,2,1,2,1,SINGLE_T2_CORRECT,11,455,1,0,0,0,0,0,133,78,133,78,55,78,1,0,10,180,10,180,-170,170,NaN,NaN,NaN,1785872030.74381,19573.2631404,2.19843006134033,0.0191636085510254,0.152996778488159,0.694877862930298,1.25254535675049,1.48658990859985,1.51985597610474,1.51985597610474,-1,-1,1.82207345962524,133.833169937134,234.044551849365,33.2660675048828,267.310619354248,Instruction,Left,Right,Right,Left,Right,1,0,0,0,0,NaN,NaN,NaN,NaN,NaN,NaN,NaN,NaN,0,0,1,1,0,0,191,NaN,20260804_t1517_srsSmooth_Moretraining_B003,15,NaN,16.0311218778292,2.47699928283691,NaN,NaN,NaN,0,NaN,NaN,NaN,NaN,0
20260804_t1517_srsSmooth_Moretraining,srs_smooth_Moretraining,trial0398.mat,398,398,191,3,18,15,94,44,50,8,1,0,1,1,10,17987,1,1,1,2,1,1,1,1,1,1,SINGLE_T1_CORRECT,10,455,1,0,0,0,0,0,140,107,140,107,33,140,1,180,0,190,180,10,170,170,NaN,NaN,NaN,1785872034.09616,19576.61548576,2.26291155815125,0.016937255859375,0.250733137130737,0.859095096588135,1.25031924247742,1.52587509155273,1.56747794151306,1.56747794151306,-1,-1,1.81967282295227,233.795881271362,275.555849075317,41.6028499603271,317.158699035645,Instruction,Right,Left,Right,Right,Right,1,0,0,0,0,NaN,NaN,NaN,NaN,NaN,NaN,NaN,NaN,1,1,1,1,1,0,192,NaN,20260804_t1517_srsSmooth_Moretraining_B003,16,NaN,16.0869944850604,1.15392637252808,NaN,NaN,NaN,0,NaN,NaN,NaN,NaN,0
20260804_t1517_srsSmooth_Moretraining,srs_smooth_Moretraining,trial0399.mat,399,399,192,3,19,16,94,44,50,8,1,0,4,1,45,10590,1,2,1,2,1,1,2,2,2,2,SINGLE_T2_CORRECT,11,455,1,0,0,0,0,0,147,67,147,67,80,67,1,0,10,180,10,180,-170,170,NaN,NaN,NaN,1785872037.51245,19580.03178492,2.07980895042419,0.0174527168273926,0.01837158203125,0.801304578781128,1.21749877929688,1.45967650413513,1.4929506778717,1.4929506778717,-1,-1,1.71179008483887,0.918865203857422,242.177724838257,33.2741737365723,275.451898574829,Instruction,Right,Left,Left,Right,Left,1,0,0,0,0,NaN,NaN,NaN,NaN,NaN,NaN,NaN,NaN,1,1,0,1,0,0,193,NaN,20260804_t1517_srsSmooth_Moretraining_B003,17,NaN,16.143932557106,1.1533727645874,NaN,NaN,NaN,0,NaN,NaN,NaN,NaN,0
20260804_t1517_srsSmooth_Moretraining,srs_smooth_Moretraining,trial0400.mat,400,400,193,3,20,17,94,44,50,8,1,0,3,1,27,17081,1,2,2,1,1,2,2,1,2,1,SINGLE_T2_CORRECT,11,455,1,0,0,0,0,0,148,77,148,77,71,77,1,180,190,0,10,180,-170,170,NaN,NaN,NaN,1785872040.72272,19583.24185548,2.2951352596283,0.0156338214874268,0.216078758239746,0.791269302368164,1.34068584442139,1.58285856246948,1.61619472503662,1.61619472503662,-1,-1,1.91838812828064,200.444936752319,242.172718048096,33.3361625671387,275.508880615234,Instruction,Left,Right,Right,Left,Right,1,0,0,0,0,NaN,NaN,NaN,NaN,NaN,NaN,NaN,NaN,0,0,1,1,0,0,194,NaN,20260804_t1517_srsSmooth_Moretraining_B003,18,NaN,16.1974371592204,1.13046717643738,NaN,NaN,NaN,0,NaN,NaN,NaN,NaN,0
20260804_t1517_srsSmooth_Moretraining,srs_smooth_Moretraining,trial0401.mat,401,401,194,3,21,18,94,44,50,8,1,0,1,1,1,20117,1,1,1,2,1,1,1,1,1,1,SINGLE_T1_CORRECT,10,455,1,0,0,0,0,0,161,87,161,87,74,161,1,180,0,190,180,10,170,170,NaN,NaN,NaN,1785872044.15252,19586.67169496,2.06570529937744,0.0109658241271973,0.203142642974854,0.736515522003174,1.10267496109009,1.3116090297699,1.35307478904724,1.35307478904724,-1,-1,1.605544090271,192.176818847656,208.93406867981,41.4657592773438,250.399827957153,Instruction,Right,Left,Right,Right,Right,1,0,0,0,0,NaN,NaN,NaN,NaN,NaN,NaN,NaN,NaN,1,1,1,1,1,0,195,NaN,20260804_t1517_srsSmooth_Moretraining_B003,19,NaN,16.2546005050341,1.13466548919678,NaN,NaN,NaN,0,NaN,NaN,NaN,NaN,0
20260804_t1517_srsSmooth_Moretraining,srs_smooth_Moretraining,trial0402.mat,402,402,195,3,22,19,94,44,50,8,1,0,4,1,38,20100,1,2,1,2,1,1,2,2,0,0,,0,11,0,1,0,0,0,0,116,88,116,88,28,NaN,1,180,190,0,10,180,-170,170,NaN,NaN,NaN,1785872047.36204,19589.88106152,1.62222695350647,0.0182406902313232,0.26871919631958,1.01046633720398,-1,-1,-1,-1,-1,-1,-1,250.478506088257,NaN,NaN,NaN,Instruction,Right,Left,None,Right,Left,1,0,0,0,0,NaN,NaN,NaN,NaN,NaN,NaN,NaN,NaN,1,1,0,1,0,0,195,NaN,20260804_t1517_srsSmooth_Moretraining_B003,NaN,NaN,16.3080924431483,1.14381098747253,NaN,NaN,NaN,0,NaN,NaN,NaN,NaN,0
20260804_t1517_srsSmooth_Moretraining,srs_smooth_Moretraining,trial0403.mat,403,403,195,3,23,19,94,44,50,8,1,0,2,1,24,18428,1,1,2,1,1,2,1,2,1,2,SINGLE_T1_CORRECT,10,455,1,0,0,0,0,0,149,109,149,109,40,149,1,0,180,10,180,10,170,170,NaN,NaN,NaN,1785872050.04725,19592.56624372,2.35462641716003,0.016463041305542,0.250292778015137,0.816851377487183,1.34151411056519,1.6085045337677,1.64197874069214,1.64197874069214,-1,-1,1.90267014503479,233.829736709595,266.990423202515,33.4742069244385,300.464630126953,Instruction,Left,Right,Left,Left,Left,1,0,0,0,0,NaN,NaN,NaN,NaN,NaN,NaN,NaN,NaN,0,0,0,1,1,0,196,NaN,20260804_t1517_srsSmooth_Moretraining_B003,20,NaN,16.3528460184733,1.06298756599426,NaN,NaN,NaN,0,NaN,NaN,NaN,NaN,0
20260804_t1517_srsSmooth_Moretraining,srs_smooth_Moretraining,trial0404.mat,404,404,196,3,24,20,94,44,50,8,1,0,3,1,31,2681,1,2,2,1,1,2,2,1,2,1,SINGLE_T2_CORRECT,11,455,1,0,0,0,0,0,150,101,150,101,49,101,1,0,10,180,10,180,-170,170,NaN,NaN,NaN,1785872053.5269,19596.04577504,2.37446475028992,0.0119469165802002,0.245891094207764,0.887401580810547,1.51200532913208,1.67069435119629,1.70409870147705,1.70409870147705,-1,-1,1.97288680076599,233.944177627563,158.689022064209,33.4043502807617,192.093372344971,Instruction,Left,Right,Right,Left,Right,1,0,0,0,0,NaN,NaN,NaN,NaN,NaN,NaN,NaN,NaN,0,0,1,1,0,0,197,NaN,20260804_t1517_srsSmooth_Moretraining_B003,21,NaN,16.4108402013779,1.12502455711365,NaN,NaN,NaN,0,NaN,NaN,NaN,NaN,0
20260804_t1517_srsSmooth_Moretraining,srs_smooth_Moretraining,trial0405.mat,405,405,197,3,25,21,94,44,50,8,1,0,1,1,2,31647,1,1,1,2,1,1,1,1,1,1,SINGLE_T1_CORRECT,10,455,1,0,0,0,0,0,134,82,134,82,52,134,1,0,180,10,180,10,170,170,NaN,NaN,NaN,1785872057.05578,19599.57470044,2.36233592033386,0.0165364742279053,0.241915941238403,1.00052762031555,1.34992146492004,1.63369417190552,1.67538905143738,1.67538905143738,-1,-1,1.92760586738586,225.379467010498,283.772706985474,41.6948795318604,325.467586517334,Instruction,Right,Left,Right,Right,Right,1,0,0,0,0,NaN,NaN,NaN,NaN,NaN,NaN,NaN,NaN,1,1,1,1,1,0,198,NaN,20260804_t1517_srsSmooth_Moretraining_B003,22,NaN,16.4696548660596,1.15441513061523,NaN,NaN,NaN,0,NaN,NaN,NaN,NaN,0
20260804_t1517_srsSmooth_Moretraining,srs_smooth_Moretraining,trial0406.mat,406,406,198,3,26,22,94,44,50,8,1,0,3,1,32,32446,1,2,2,1,1,2,2,1,2,1,SINGLE_T2_CORRECT,11,455,1,0,0,0,0,0,141,96,141,96,45,96,1,180,190,0,10,180,-170,170,NaN,NaN,NaN,1785872060.56258,19603.08140304,2.5901951789856,0.0182104110717773,0.268743753433228,1.04389023780823,1.62660670280457,1.83584427833557,1.87744736671448,1.87744736671448,-1,-1,2.18841624259949,250.53334236145,209.237575531006,41.6030883789062,250.840663909912,Instruction,Left,Right,Right,Left,Right,1,0,0,0,0,NaN,NaN,NaN,NaN,NaN,NaN,NaN,NaN,0,0,1,1,0,0,199,NaN,20260804_t1517_srsSmooth_Moretraining_B003,23,NaN,16.528101448218,1.14445900917053,NaN,NaN,NaN,0,NaN,NaN,NaN,NaN,0
20260804_t1517_srsSmooth_Moretraining,srs_smooth_Moretraining,trial0407.mat,407,407,199,3,27,23,94,44,50,8,1,0,2,1,22,11916,1,1,2,1,1,2,1,2,1,2,SINGLE_T1_CORRECT,10,455,1,0,0,0,0,0,152,82,152,82,70,152,1,180,0,190,180,10,170,170,NaN,NaN,NaN,1785872064.29565,19606.81443884,2.26519894599915,0.0186207294464111,0.285858869552612,0.93597936630249,1.31033754348755,1.49423789978027,1.52746510505676,1.52746510505676,-1,-1,1.81421494483948,267.238140106201,183.900356292725,33.2272052764893,217.127561569214,Instruction,Left,Right,Left,Left,Left,1,0,0,0,0,NaN,NaN,NaN,NaN,NaN,NaN,NaN,NaN,0,0,0,1,1,0,200,NaN,20260804_t1517_srsSmooth_Moretraining_B003,24,NaN,16.5903192440669,1.14287257194519,NaN,NaN,NaN,0,NaN,NaN,NaN,NaN,0
20260804_t1517_srsSmooth_Moretraining,srs_smooth_Moretraining,trial0408.mat,408,408,200,3,28,24,94,44,50,8,1,0,3,1,37,9670,1,2,2,1,1,2,2,1,2,1,SINGLE_T2_CORRECT,11,455,1,0,0,0,0,0,186,82,186,82,104,82,1,0,10,180,10,180,-170,170,NaN,NaN,NaN,1785872067.76491,19610.28357592,2.45447087287903,0.0161628723144531,0.233392715454102,0.925070285797119,1.46621894836426,1.76682734489441,1.80016946792603,1.80016946792603,-1,-1,2.06889963150024,217.229843139648,300.608396530151,33.3421230316162,333.950519561768,Instruction,Left,Right,Right,Left,Right,1,0,0,0,0,NaN,NaN,NaN,NaN,NaN,NaN,NaN,NaN,0,0,1,1,0,0,201,NaN,20260804_t1517_srsSmooth_Moretraining_B003,25,NaN,16.648140223821,1.20405983924866,NaN,NaN,NaN,0,NaN,NaN,NaN,NaN,0
20260804_t1517_srsSmooth_Moretraining,srs_smooth_Moretraining,trial0409.mat,409,409,201,3,29,25,94,44,50,8,1,0,4,1,40,26915,1,2,1,2,1,1,2,2,2,2,SINGLE_T2_CORRECT,11,455,1,0,5,0,0,0,153,90,153,90,63,90,1,0,10,180,10,180,-170,170,NaN,NaN,NaN,1785872071.37978,19613.89835484,2.26453161239624,0.0180985927581787,0.260148525238037,0.801881551742554,1.33481669425964,1.55193877220154,1.58576965332031,1.58576965332031,-1,-1,1.87144374847412,242.049932479858,217.122077941895,33.8308811187744,250.952959060669,Instruction,Right,Left,Left,Right,Left,1,0,0,0,0,NaN,NaN,NaN,NaN,NaN,NaN,NaN,NaN,1,1,0,1,0,0,202,NaN,20260804_t1517_srsSmooth_Moretraining_B003,26,NaN,16.7083880623182,1.16039943695068,NaN,NaN,NaN,0,NaN,NaN,NaN,NaN,0
20260804_t1517_srsSmooth_Moretraining,srs_smooth_Moretraining,trial0410.mat,410,410,202,3,30,26,94,44,50,8,1,0,3,1,29,31131,1,2,2,1,1,2,2,1,2,1,SINGLE_T2_CORRECT,11,455,1,0,0,0,0,0,162,99,162,99,63,99,1,0,10,180,10,180,-170,170,NaN,NaN,NaN,1785872074.78868,19617.30728476,2.36344313621521,0.0176639556884766,0.168504476547241,0.851527214050293,1.36771583557129,1.61824154853821,1.65984082221985,1.65984082221985,-1,-1,1.96209192276001,150.840520858765,250.525712966919,41.5992736816406,292.12498664856,Instruction,Left,Right,Right,Left,Right,1,0,0,0,0,NaN,NaN,NaN,NaN,NaN,NaN,NaN,NaN,0,0,1,1,0,0,203,NaN,20260804_t1517_srsSmooth_Moretraining_B003,27,NaN,16.7652030746142,1.14436912536621,NaN,NaN,NaN,0,NaN,NaN,NaN,NaN,0
20260804_t1517_srsSmooth_Moretraining,srs_smooth_Moretraining,trial0411.mat,411,411,203,3,31,27,94,44,50,8,1,0,4,1,42,27135,1,2,1,2,1,1,2,2,2,2,SINGLE_T2_CORRECT,11,455,1,0,0,0,0,0,154,123,154,123,31,123,1,180,190,0,10,180,-170,170,NaN,NaN,NaN,1785872078.31785,19620.83631828,2.37673354148865,0.0136268138885498,0.230976819992065,1.03075957298279,1.41368079185486,1.61420273780823,1.64755153656006,1.64755153656006,-1,-1,1.95003485679626,217.350006103516,200.521945953369,33.3487987518311,233.8707447052,Instruction,Right,Left,Left,Right,Left,1,0,0,0,0,NaN,NaN,NaN,NaN,NaN,NaN,NaN,NaN,1,1,0,1,0,0,204,NaN,20260804_t1517_srsSmooth_Moretraining_B003,28,NaN,16.8240226268768,1.16572999954224,NaN,NaN,NaN,0,NaN,NaN,NaN,NaN,0
20260804_t1517_srsSmooth_Moretraining,srs_smooth_Moretraining,trial0412.mat,412,412,204,3,32,28,94,44,50,8,1,0,1,1,11,430,1,1,1,2,1,1,1,1,1,1,SINGLE_T1_CORRECT,10,455,1,0,0,0,0,0,151,87,151,87,64,151,1,0,180,10,180,10,170,170,NaN,NaN,NaN,1785872081.87,19624.38838016,2.20751619338989,0.0116126537322998,0.203793287277222,0.837361574172974,1.25332808494568,1.47052526473999,1.50377798080444,1.50377798080444,-1,-1,1.75608253479004,192.180633544922,217.197179794312,33.2527160644531,250.449895858765,Instruction,Right,Left,Right,Right,Right,1,0,0,0,0,NaN,NaN,NaN,NaN,NaN,NaN,NaN,NaN,1,1,1,1,1,0,205,NaN,20260804_t1517_srsSmooth_Moretraining_B003,29,NaN,16.8832251429558,1.17541742324829,NaN,NaN,NaN,0,NaN,NaN,NaN,NaN,0
20260804_t1517_srsSmooth_Moretraining,srs_smooth_Moretraining,trial0414.mat,414,414,205,3,34,29,94,44,50,8,1,0,2,1,21,20981,1,1,2,1,1,2,1,2,1,2,SINGLE_T1_CORRECT,10,455,1,0,0,0,0,0,140,106,140,106,34,140,1,180,0,190,180,10,170,170,NaN,NaN,NaN,1785872086.5904,19629.10872072,2.37037968635559,0.0163984298706055,0.191731452941895,0.891955852508545,1.39978432655334,1.60021591186523,1.64190220832825,1.64190220832825,-1,-1,1.92717146873474,175.333023071289,200.43158531189,41.6862964630127,242.117881774902,Instruction,Left,Right,Left,Left,Left,1,0,0,0,0,NaN,NaN,NaN,NaN,NaN,NaN,NaN,NaN,0,0,0,1,1,0,206,NaN,20260804_t1517_srsSmooth_Moretraining_B003,30,NaN,16.9618984500567,2.51288223266602,NaN,NaN,NaN,0,NaN,NaN,NaN,NaN,0
20260804_t1517_srsSmooth_Moretraining,srs_smooth_Moretraining,trial0415.mat,415,415,206,3,35,30,94,44,50,8,1,0,3,1,30,11103,1,2,2,1,1,2,2,1,2,1,SINGLE_T2_CORRECT,11,455,1,0,0,0,0,0,142,101,142,101,41,101,1,0,10,180,10,180,-170,170,NaN,NaN,NaN,1785872090.11127,19632.6295588,2.19123363494873,0.0123331546783447,0.221122264862061,0.771170854568481,1.25404715538025,1.51290583610535,1.54655265808105,1.54655265808105,-1,-1,1.78976845741272,208.789110183716,258.858680725098,33.646821975708,292.505502700806,Instruction,Left,Right,Right,Left,Right,1,0,0,0,0,NaN,NaN,NaN,NaN,NaN,NaN,NaN,NaN,0,0,1,1,0,0,207,NaN,20260804_t1517_srsSmooth_Moretraining_B003,31,NaN,17.0205795844396,1.15048837661743,NaN,NaN,NaN,0,NaN,NaN,NaN,NaN,0
20260804_t1517_srsSmooth_Moretraining,srs_smooth_Moretraining,trial0416.mat,416,416,207,3,36,31,94,44,50,8,1,0,4,1,38,20100,1,2,1,2,1,1,2,2,2,2,SINGLE_T2_CORRECT,11,455,1,0,0,0,0,0,140,90,140,90,50,90,1,180,190,0,10,180,-170,170,NaN,NaN,NaN,1785872093.45949,19635.97761136,2.3354697227478,0.0142366886138916,0.239994525909424,1.02315616607666,1.65596771240234,1.68137311935425,1.71550750732422,1.71550750732422,-1,-1,1.94211435317993,225.757837295532,25.4054069519043,34.1343879699707,59.539794921875,Instruction,Right,Left,Left,Right,Left,1,0,0,0,0,NaN,NaN,NaN,NaN,NaN,NaN,NaN,NaN,1,1,0,1,0,0,208,NaN,20260804_t1517_srsSmooth_Moretraining_B003,32,NaN,17.0763833443324,1.15699195861816,NaN,NaN,NaN,0,NaN,NaN,NaN,NaN,0
20260804_t1517_srsSmooth_Moretraining,srs_smooth_Moretraining,trial0417.mat,417,417,208,3,37,32,94,44,50,8,1,0,2,1,20,27237,1,1,2,1,1,2,1,2,1,2,SINGLE_T1_CORRECT,10,455,1,0,0,0,0,0,135,96,135,96,39,135,1,0,180,10,180,10,170,170,NaN,NaN,NaN,1785872096.94463,19639.46276396,2.46717619895935,0.0125734806060791,0.271380662918091,0.962988615036011,1.53763222694397,1.6883499622345,1.72997832298279,1.72997832298279,-1,-1,2.0318398475647,258.807182312012,150.717735290527,41.628360748291,192.346096038818,Instruction,Left,Right,Left,Left,Left,1,0,0,0,0,NaN,NaN,NaN,NaN,NaN,NaN,NaN,NaN,0,0,0,1,1,0,209,NaN,20260804_t1517_srsSmooth_Moretraining_B003,33,NaN,17.1344688852628,1.149662733078,NaN,NaN,NaN,0,NaN,NaN,NaN,NaN,0
20260804_t1517_srsSmooth_Moretraining,srs_smooth_Moretraining,trial0418.mat,418,418,209,3,38,33,94,44,50,8,1,0,4,1,39,28695,1,2,1,2,1,1,2,2,2,2,SINGLE_T2_CORRECT,11,455,1,0,0,0,0,0,136,112,136,112,24,112,1,180,190,0,10,180,-170,170,NaN,NaN,NaN,1785872100.55554,19643.07356672,2.1060848236084,0.0184650421142578,0.310628175735474,0.835649013519287,1.37685132026672,1.42726683616638,1.46059346199036,1.46059346199036,-1,-1,1.6963517665863,292.163133621216,50.4155158996582,33.3266258239746,83.7421417236328,Instruction,Right,Left,Left,Right,Left,1,0,0,0,0,NaN,NaN,NaN,NaN,NaN,NaN,NaN,NaN,1,1,0,1,0,0,210,NaN,20260804_t1517_srsSmooth_Moretraining_B003,34,NaN,17.1946508010228,1.14373874664307,NaN,NaN,NaN,0,NaN,NaN,NaN,NaN,0
20260804_t1517_srsSmooth_Moretraining,srs_smooth_Moretraining,trial0419.mat,419,419,210,3,39,34,94,44,50,8,1,0,2,1,19,28400,1,1,2,1,1,2,1,2,1,2,SINGLE_T1_CORRECT,10,455,1,0,0,0,0,0,152,63,152,63,89,152,1,180,0,190,180,10,170,170,NaN,NaN,NaN,1785872103.81306,19646.3310064,2.33180594444275,0.0194108486175537,0.228063106536865,0.969879627227783,1.56947088241577,1.60346341133118,1.63653302192688,1.63653302192688,-1,-1,1.88076305389404,208.652257919312,33.9925289154053,33.0696105957031,67.0621395111084,Instruction,Left,Right,Left,Left,Left,1,0,0,0,0,NaN,NaN,NaN,NaN,NaN,NaN,NaN,NaN,0,0,0,1,1,0,211,NaN,20260804_t1517_srsSmooth_Moretraining_B003,35,NaN,17.2489427089691,1.15142965316772,NaN,NaN,NaN,0,NaN,NaN,NaN,NaN,0
20260804_t1517_srsSmooth_Moretraining,srs_smooth_Moretraining,trial0420.mat,420,420,211,3,40,35,94,44,50,8,1,0,1,1,5,17661,1,1,1,2,1,1,1,1,1,1,SINGLE_T1_CORRECT,10,455,1,0,0,0,0,0,151,84,151,84,67,151,1,0,180,10,180,10,170,170,NaN,NaN,NaN,1785872107.29681,19649.81462608,2.26543354988098,0.0191287994384766,0.286610126495361,0.79482102394104,1.20250773429871,1.50330448150635,1.54509162902832,1.54509162902832,-1,-1,1.81414890289307,267.481327056885,300.796747207642,41.7871475219727,342.583894729614,Instruction,Right,Left,Right,Right,Right,1,0,0,0,0,NaN,NaN,NaN,NaN,NaN,NaN,NaN,NaN,1,1,1,1,1,0,212,NaN,20260804_t1517_srsSmooth_Moretraining_B003,36,NaN,17.3070052266121,1.15194511413574,NaN,NaN,NaN,0,NaN,NaN,NaN,NaN,0
20260804_t1517_srsSmooth_Moretraining,srs_smooth_Moretraining,trial0421.mat,421,421,212,3,41,36,94,44,50,8,1,0,4,1,44,5454,1,2,1,2,1,1,2,2,2,2,SINGLE_T2_CORRECT,11,455,1,0,0,0,0,0,130,89,130,89,41,89,1,180,190,0,10,180,-170,170,NaN,NaN,NaN,1785872110.70459,19653.22249408,2.24037170410156,0.0114781856536865,0.211961507797241,0.995556592941284,1.45320105552673,1.55387139320374,1.58719420433044,1.58719420433044,-1,-1,1.84777855873108,200.483322143555,100.670337677002,33.322811126709,133.993148803711,Instruction,Right,Left,Left,Right,Left,1,0,0,0,0,NaN,NaN,NaN,NaN,NaN,NaN,NaN,NaN,1,1,0,1,0,0,213,NaN,20260804_t1517_srsSmooth_Moretraining_B003,37,NaN,17.3638016025225,1.14234900474548,NaN,NaN,NaN,0,NaN,NaN,NaN,NaN,0
20260804_t1517_srsSmooth_Moretraining,srs_smooth_Moretraining,trial0422.mat,422,422,213,3,42,37,94,44,50,8,1,0,1,1,6,16712,1,1,1,2,1,1,1,1,1,1,SINGLE_T1_CORRECT,10,455,1,0,0,0,0,0,156,89,156,89,67,156,1,0,180,10,180,10,170,170,NaN,NaN,NaN,1785872114.10501,19656.62269716,2.33183455467224,0.0111932754516602,0.228464126586914,0.986838817596436,1.36124634742737,1.60357904434204,1.6453104019165,1.6453104019165,-1,-1,1.87228608131409,217.270851135254,242.332696914673,41.7313575744629,284.064054489136,Instruction,Right,Left,Right,Right,Right,1,0,0,0,0,NaN,NaN,NaN,NaN,NaN,NaN,NaN,NaN,1,1,1,1,1,0,214,NaN,20260804_t1517_srsSmooth_Moretraining_B003,38,NaN,17.4204752167066,1.16004514694214,NaN,NaN,NaN,0,NaN,NaN,NaN,NaN,0
20260804_t1517_srsSmooth_Moretraining,srs_smooth_Moretraining,trial0423.mat,423,423,214,3,43,38,94,44,50,8,1,0,4,1,47,31099,1,2,1,2,1,1,2,2,0,0,,0,11,0,1,0,0,0,0,128,78,128,78,50,NaN,1,180,190,0,10,180,-170,170,NaN,NaN,NaN,1785872117.58448,19660.1021476,1.4603374004364,0.0151917934417725,0.240563154220581,0.940694332122803,-1,-1,-1,-1,-1,-1,-1,225.371360778809,NaN,NaN,NaN,Instruction,Right,Left,None,Right,Left,1,0,0,0,0,NaN,NaN,NaN,NaN,NaN,NaN,NaN,NaN,1,1,0,1,0,0,214,NaN,20260804_t1517_srsSmooth_Moretraining_B003,NaN,NaN,17.4784663915634,1.14763593673706,NaN,NaN,NaN,0,NaN,NaN,NaN,NaN,0
20260804_t1517_srsSmooth_Moretraining,srs_smooth_Moretraining,trial0424.mat,424,424,214,3,44,38,94,44,50,8,1,0,2,1,18,29373,1,1,2,1,1,2,1,2,1,2,SINGLE_T1_CORRECT,10,455,1,0,0,0,0,0,145,65,145,65,80,145,1,0,180,10,180,10,170,170,NaN,NaN,NaN,1785872120.13165,19662.64924944,2.40651917457581,0.018122673034668,0.22704291343689,0.851813793182373,1.43484354019165,1.61874341964722,1.66040468215942,1.66040468215942,-1,-1,1.96271848678589,208.920240402222,183.899879455566,41.661262512207,225.561141967773,Instruction,Left,Right,Left,Left,Left,1,0,0,0,0,NaN,NaN,NaN,NaN,NaN,NaN,NaN,NaN,0,0,0,1,1,0,215,NaN,20260804_t1517_srsSmooth_Moretraining_B003,39,NaN,17.5209192117055,1.08683180809021,NaN,NaN,NaN,0,NaN,NaN,NaN,NaN,0
20260804_t1517_srsSmooth_Moretraining,srs_smooth_Moretraining,trial0425.mat,425,425,215,3,45,39,94,44,50,8,1,0,4,1,46,29209,1,2,1,2,1,1,2,2,2,2,SINGLE_T2_CORRECT,11,455,1,0,0,0,0,0,169,84,169,84,85,84,1,0,10,180,10,180,-170,170,NaN,NaN,NaN,1785872123.68746,19666.20508268,2.10882878303528,0.0124492645263672,0.23789381980896,0.787849187850952,1.16249418258667,1.38803553581238,1.42978477478027,1.42978477478027,-1,-1,1.72358846664429,225.444555282593,225.541353225708,41.7492389678955,267.290592193604,Instruction,Right,Left,Left,Right,Left,1,0,0,0,0,NaN,NaN,NaN,NaN,NaN,NaN,NaN,NaN,1,1,0,1,0,0,216,NaN,20260804_t1517_srsSmooth_Moretraining_B003,40,NaN,17.5801827351252,1.14929223060608,NaN,NaN,NaN,0,NaN,NaN,NaN,NaN,0
20260804_t1517_srsSmooth_Moretraining,srs_smooth_Moretraining,trial0426.mat,426,426,216,3,46,40,94,44,50,8,1,0,4,1,43,29282,1,2,1,2,1,1,2,2,2,2,SINGLE_T2_CORRECT,11,455,1,0,0,0,0,0,133,63,133,63,70,63,1,180,190,0,10,180,-170,170,NaN,NaN,NaN,1785872126.95245,19669.46997684,2.29423785209656,0.0142529010772705,0.198038816452026,0.81476902961731,1.44764184951782,1.58976221084595,1.62305045127869,1.62305045127869,-1,-1,1.92562031745911,183.785915374756,142.120361328125,33.2882404327393,175.408601760864,Instruction,Right,Left,Left,Right,Left,1,0,0,0,0,NaN,NaN,NaN,NaN,NaN,NaN,NaN,NaN,1,1,0,1,0,0,217,NaN,20260804_t1517_srsSmooth_Moretraining_B003,41,NaN,17.6345992406209,1.15616154670715,NaN,NaN,NaN,0,NaN,NaN,NaN,NaN,0
20260804_t1517_srsSmooth_Moretraining,srs_smooth_Moretraining,trial0427.mat,427,427,217,3,47,41,94,44,50,8,1,0,1,1,4,7886,1,1,1,2,1,1,1,1,1,1,SINGLE_T1_CORRECT,10,455,1,0,0,0,0,0,126,77,126,77,49,126,1,0,180,10,180,10,170,170,NaN,NaN,NaN,1785872130.40387,19672.9212776,2.45921039581299,0.0129590034484863,0.255282640457153,0.99682879447937,1.44634890556335,1.70527195930481,1.73851132392883,1.73851132392883,-1,-1,2.03256916999817,242.323637008667,258.923053741455,33.2393646240234,292.162418365479,Instruction,Right,Left,Right,Right,Right,1,0,0,0,0,NaN,NaN,NaN,NaN,NaN,NaN,NaN,NaN,1,1,1,1,1,0,218,NaN,20260804_t1517_srsSmooth_Moretraining_B003,42,NaN,17.6921230395635,1.1571900844574,NaN,NaN,NaN,0,NaN,NaN,NaN,NaN,0
20260804_t1517_srsSmooth_Moretraining,srs_smooth_Moretraining,trial0428.mat,428,428,218,3,48,42,94,44,50,8,1,0,3,1,26,11380,1,2,2,1,1,2,2,1,2,1,SINGLE_T2_CORRECT,11,455,1,0,0,0,0,0,135,69,135,69,66,69,1,180,190,0,10,180,-170,170,NaN,NaN,NaN,1785872134.02163,19676.5389824,2.36667084693909,0.0120139122009277,0.18733811378479,0.895944356918335,1.47040390968323,1.71237778663635,1.73775219917297,1.73775219917297,-1,-1,1.99849534034729,175.324201583862,241.973876953125,25.3744125366211,267.348289489746,Instruction,Left,Right,Right,Left,Right,1,0,0,0,0,NaN,NaN,NaN,NaN,NaN,NaN,NaN,NaN,0,0,1,1,0,0,219,NaN,20260804_t1517_srsSmooth_Moretraining_B003,43,NaN,17.752418923378,1.15854263305664,NaN,NaN,NaN,0,NaN,NaN,NaN,NaN,0
20260804_t1517_srsSmooth_Moretraining,srs_smooth_Moretraining,trial0429.mat,429,429,219,3,49,43,94,44,50,8,1,0,2,1,15,14072,1,1,2,1,1,2,1,2,1,2,SINGLE_T1_CORRECT,10,455,1,0,0,0,0,0,130,58,130,58,72,130,1,180,0,190,180,10,170,170,NaN,NaN,NaN,1785872137.54276,19680.06004212,2.11988162994385,0.0160179138183594,0.0167553424835205,0.741418838500977,1.34106993675232,1.35817527770996,1.39156937599182,1.39156937599182,-1,-1,1.68587398529053,0.737428665161133,17.1053409576416,33.3940982818604,50.499439239502,Instruction,Left,Right,Left,Left,Left,1,0,0,0,0,NaN,NaN,NaN,NaN,NaN,NaN,NaN,NaN,0,0,0,1,1,0,220,NaN,20260804_t1517_srsSmooth_Moretraining_B003,44,NaN,17.8111044883728,1.15446305274963,NaN,NaN,NaN,0,NaN,NaN,NaN,NaN,0
20260804_t1517_srsSmooth_Moretraining,srs_smooth_Moretraining,trial0430.mat,430,430,220,3,50,44,94,44,50,8,1,0,1,1,3,22532,1,1,1,2,1,1,1,1,1,1,SINGLE_T1_CORRECT,10,455,1,0,3,0,0,0,155,104,155,104,51,155,1,0,180,10,180,10,170,170,NaN,NaN,NaN,1785872140.8133,19683.32986008,2.12418556213379,0.0456089973449707,0.213122844696045,0.746099233627319,1.16231894493103,1.36279392242432,1.40439462661743,1.40439462661743,-1,-1,1.66505479812622,167.513847351074,200.474977493286,41.6007041931152,242.075681686401,Instruction,Right,Left,Right,Right,Right,1,0,0,0,0,NaN,NaN,NaN,NaN,NaN,NaN,NaN,NaN,1,1,1,1,1,0,221,NaN,20260804_t1517_srsSmooth_Moretraining_B003,45,NaN,17.8656134565671,1.1506564617157,NaN,NaN,NaN,0,NaN,NaN,NaN,NaN,0
20260804_t1517_srsSmooth_Moretraining,srs_smooth_Moretraining,trial0431.mat,431,431,221,3,51,45,94,44,50,8,1,0,4,1,47,31099,1,2,1,2,1,1,2,2,2,2,SINGLE_T2_CORRECT,11,455,1,0,0,0,0,0,163,79,163,79,84,79,1,0,10,180,10,180,-170,170,NaN,NaN,NaN,1785872144.11477,19686.63199216,2.05630469322205,0.0192661285400391,0.127954959869385,0.728242874145508,1.12764239311218,1.36141848564148,1.39467310905457,1.39467310905457,-1,-1,1.68034219741821,108.688831329346,233.776092529297,33.2546234130859,267.030715942383,Instruction,Right,Left,Left,Right,Left,1,0,0,0,0,NaN,NaN,NaN,NaN,NaN,NaN,NaN,NaN,1,1,0,1,0,0,222,NaN,20260804_t1517_srsSmooth_Moretraining_B003,46,NaN,17.9206379652023,1.17728495597839,NaN,NaN,NaN,0,NaN,NaN,NaN,NaN,0
20260804_t1517_srsSmooth_Moretraining,srs_smooth_Moretraining,trial0432.mat,432,432,222,3,52,46,94,44,50,8,1,0,4,1,41,5527,1,2,1,2,1,1,2,2,2,2,SINGLE_T2_CORRECT,11,455,1,0,0,0,0,0,128,64,128,64,64,64,1,180,190,0,10,180,-170,170,NaN,NaN,NaN,1785872147.31854,19689.8356022,2.11948895454407,0.0156238079071045,0.241146087646484,0.774427652359009,1.24900484085083,1.44116282463074,1.48284864425659,1.48284864425659,-1,-1,1.75178074836731,225.52227973938,192.157983779907,41.6858196258545,233.843803405762,Instruction,Right,Left,Left,Right,Left,1,0,0,0,0,NaN,NaN,NaN,NaN,NaN,NaN,NaN,NaN,1,1,0,1,0,0,223,NaN,20260804_t1517_srsSmooth_Moretraining_B003,47,NaN,17.9740340908368,1.14746284484863,NaN,NaN,NaN,0,NaN,NaN,NaN,NaN,0
20260804_t1517_srsSmooth_Moretraining,srs_smooth_Moretraining,trial0433.mat,433,433,223,3,53,47,94,44,50,8,1,0,3,1,35,25622,1,2,2,1,1,2,2,1,2,1,SINGLE_T2_CORRECT,11,455,1,0,0,0,0,0,136,107,136,107,29,107,1,180,190,0,10,180,-170,170,NaN,NaN,NaN,1785872150.63278,19693.14977908,2.59749341011047,0.0181758403778076,0.176846504211426,0.977025032043457,1.59323787689209,1.85189247131348,1.89356064796448,1.89356064796448,-1,-1,2.18735885620117,158.670663833618,258.654594421387,41.668176651001,300.322771072388,Instruction,Left,Right,Right,Left,Right,1,0,0,0,0,NaN,NaN,NaN,NaN,NaN,NaN,NaN,NaN,0,0,1,1,0,0,224,NaN,20260804_t1517_srsSmooth_Moretraining_B003,48,NaN,18.0292714913686,1.19475507736206,NaN,NaN,NaN,0,NaN,NaN,NaN,NaN,0
20260804_t1517_srsSmooth_Moretraining,srs_smooth_Moretraining,trial0434.mat,434,434,224,3,54,48,94,44,50,8,1,0,3,1,34,26752,1,2,2,1,1,2,2,1,2,1,SINGLE_T2_CORRECT,11,455,1,0,0,0,0,0,170,100,170,100,70,100,1,0,10,180,10,180,-170,170,NaN,NaN,NaN,1785872154.37059,19696.88760136,2.22627830505371,0.0138523578643799,0.147669792175293,0.839333295822144,1.2639012336731,1.51431250572205,1.54767656326294,1.54767656326294,-1,-1,1.82461476325989,133.817434310913,250.41127204895,33.3640575408936,283.775329589844,Instruction,Left,Right,Right,Left,Right,1,0,0,0,0,NaN,NaN,NaN,NaN,NaN,NaN,NaN,NaN,0,0,1,1,0,0,225,NaN,20260804_t1517_srsSmooth_Moretraining_B003,49,NaN,18.0915682156881,1.14031004905701,NaN,NaN,NaN,0,NaN,NaN,NaN,NaN,0
20260804_t1517_srsSmooth_Moretraining,srs_smooth_Moretraining,trial0435.mat,435,435,225,3,55,49,94,44,50,8,1,0,3,1,28,26468,1,2,2,1,1,2,2,1,2,1,SINGLE_T2_CORRECT,11,455,1,0,0,0,0,0,156,74,156,74,82,74,1,0,10,180,10,180,-170,170,NaN,NaN,NaN,1785872157.73322,19700.25019416,2.39766001701355,0.0180134773254395,0.202170848846436,0.976835489273071,1.52640652656555,1.75178074836731,1.78507781028748,1.78507781028748,-1,-1,2.02075433731079,184.157371520996,225.374221801758,33.297061920166,258.671283721924,Instruction,Left,Right,Right,Left,Right,1,0,0,0,0,NaN,NaN,NaN,NaN,NaN,NaN,NaN,NaN,0,0,1,1,0,0,226,NaN,20260804_t1517_srsSmooth_Moretraining_B003,50,NaN,18.1476121624311,1.13635849952698,NaN,NaN,NaN,0,NaN,NaN,NaN,NaN,0
20260804_t1517_srsSmooth_Moretraining,srs_smooth_Moretraining,trial0436.mat,436,436,226,3,56,50,94,44,50,8,1,1,5,2,55,5107,2,0,1,2,1,1,1,1,2,2,CHOSE_LOW_SAL,2,455,1,0,0,0,0,0,147,76,147,76,71,76,1,0,151.204887474035,38.795112525965,151.204887474035,38.795112525965,112.40977494807,112.40977494807,NaN,NaN,NaN,1785872161.2813,19703.79810296,2.11566567420959,0.0117368698120117,0.278866291046143,0.870517015457153,1.23678493499756,1.47885918617249,1.51220417022705,1.51220417022705,-1,-1,1.73918914794922,267.129421234131,242.074251174927,33.3449840545654,275.419235229492,Congruent,Right,Left,Left,Right,Right,0,1,1,0,1,0,0,0,0,1,1,1,1,1,1,1,1,1,1,227,77,20260804_t1517_srsSmooth_Moretraining_B003,51,1,18.2067468722661,1.1504225730896,1,1,130,0,1,1,0,0,1
20260804_t1517_srsSmooth_Moretraining,srs_smooth_Moretraining,trial0437.mat,437,437,227,3,57,51,94,44,50,8,1,1,6,2,66,10409,2,0,2,1,1,2,1,2,2,1,CHOSE_LOW_SAL,2,455,1,0,0,0,0,0,148,81,148,81,67,81,1,0,160.949774791504,29.0502252084958,160.949774791504,29.0502252084958,131.899549583008,131.899549583008,NaN,NaN,NaN,1785872164.54805,19707.06479696,2.13256692886353,0.0117840766906738,0.195479393005371,0.787210464477539,1.22016406059265,1.4206018447876,1.46237778663635,1.46237778663635,-1,-1,1.74782371520996,183.695316314697,200.437784194946,41.7759418487549,242.213726043701,Congruent,Left,Right,Right,Left,Left,0,1,1,0,1,1,0,0,0,0,1,1,1,0,0,0,1,1,1,228,78,20260804_t1517_srsSmooth_Moretraining_B003,52,2,18.2611926714579,1.15108227729797,2,2,76,1,0,1,1,0,1
20260804_t1517_srsSmooth_Moretraining,srs_smooth_Moretraining,trial0438.mat,438,438,228,3,58,52,94,44,50,8,1,1,6,2,70,28804,2,0,2,1,1,2,1,2,2,1,CHOSE_LOW_SAL,2,455,1,0,0,0,0,0,113,98,113,98,15,98,1,0,133.737460019637,56.2625399803632,133.737460019637,56.2625399803632,77.4749200392737,77.4749200392737,NaN,NaN,NaN,1785872167.8286,19710.34524352,2.11095428466797,0.0147037506103516,0.140060424804688,0.648503065109253,1.09807968139648,1.41510462760925,1.44846534729004,1.44846534729004,-1,-1,1.70951461791992,125.356674194336,317.024946212769,33.3607196807861,350.385665893555,Congruent,Left,Right,Right,Left,Left,0,1,1,0,1,1,0,0,0,0,1,1,1,0,0,0,1,1,1,229,79,20260804_t1517_srsSmooth_Moretraining_B003,53,3,18.3158683776855,1.1479754447937,2,1,81,1,0,0,1,1,1
20260804_t1517_srsSmooth_Moretraining,srs_smooth_Moretraining,trial0439.mat,439,439,229,3,59,53,94,44,50,8,1,2,7,2,82,28041,2,0,1,2,1,1,2,2,2,2,CHOSE_HIGH_SAL,1,455,1,0,0,0,0,0,152,85,152,85,67,85,1,180,266.708426846538,283.291573153462,86.7084268465383,103.291573153462,-16.5831463069235,16.5831463069235,NaN,NaN,NaN,1785872171.12337,19713.64005548,2.14135932922363,0.02005934715271,0.212445735931396,0.895628213882446,1.42011427879333,1.47908425331116,1.51223587989807,1.51223587989807,-1,-1,1.75644850730896,192.386388778687,58.9699745178223,33.1516265869141,92.1216011047363,Conflict,Right,Left,Left,Right,Left,0,1,0,1,1,0,0,0,1,1,1,1,0,1,1,0,1,0,1,230,80,20260804_t1517_srsSmooth_Moretraining_B003,54,4,18.3707812666893,1.18381905555725,2,1,98,1,0,1,1,0,1
20260804_t1517_srsSmooth_Moretraining,srs_smooth_Moretraining,trial0440.mat,440,440,230,3,60,54,94,44,50,8,1,2,7,2,76,32598,2,0,1,2,1,1,2,2,1,1,CHOSE_LOW_SAL,2,455,1,0,0,0,0,0,132,74,132,74,58,132,1,180,201.839078193714,348.160921806286,21.839078193714,168.160921806286,-146.321843612572,146.321843612572,NaN,NaN,NaN,1785872174.42102,19716.93753116,2.28522539138794,0.0142049789428711,0.247956514358521,0.814850091934204,1.42259407043457,1.58151698112488,1.62344288825989,1.62344288825989,-1,-1,1.85085558891296,233.751535415649,158.922910690308,41.9259071350098,200.848817825317,Conflict,Right,Left,Right,Right,Left,0,1,0,1,1,1,1,1,0,0,0,0,1,1,1,0,1,0,1,231,81,20260804_t1517_srsSmooth_Moretraining_B003,55,5,18.425742105643,1.15629100799561,2,2,85,1,1,1,0,0,1
20260804_t1517_srsSmooth_Moretraining,srs_smooth_Moretraining,trial0441.mat,441,441,231,3,61,55,94,44,50,8,1,2,7,2,81,2882,2,0,1,2,1,1,2,2,1,1,CHOSE_LOW_SAL,2,455,1,0,0,0,0,0,151,82,151,82,69,151,1,180,211.995943799028,338.004056200972,31.995943799028,158.004056200972,-126.008112401944,126.008112401944,NaN,NaN,NaN,1785872177.84027,19720.35668372,2.18329262733459,0.0117523670196533,0.137242317199707,0.712172031402588,1.22013330459595,1.47899031639099,1.51228260993958,1.51228260993958,-1,-1,1.73151516914368,125.489950180054,258.857011795044,33.292293548584,292.149305343628,Conflict,Right,Left,Right,Right,Left,0,1,0,1,1,1,1,1,0,0,0,0,1,1,1,0,1,0,1,232,82,20260804_t1517_srsSmooth_Moretraining_B003,56,6,18.4827296654383,1.13402819633484,1,1,132,1,0,0,1,1,1
20260804_t1517_srsSmooth_Moretraining,srs_smooth_Moretraining,trial0442.mat,442,442,232,3,62,56,94,44,50,8,1,2,8,2,87,637,2,0,2,1,1,2,2,1,0,0,,0,11,0,1,0,0,0,0,150,98,150,98,52,NaN,1,0,38.2290404472749,151.770959552725,38.2290404472749,151.770959552725,-113.54191910545,113.54191910545,NaN,NaN,NaN,1785872181.17659,19723.6929894,1.39662265777588,0.01723313331604,0.217918157577515,0.984925985336304,-1,-1,-1,-1,-1,-1,-1,200.685024261475,NaN,NaN,NaN,Conflict,Left,Right,None,Left,Right,0,1,0,1,0,NaN,NaN,NaN,NaN,NaN,NaN,NaN,NaN,0,0,1,1,0,0,232,NaN,20260804_t1517_srsSmooth_Moretraining_B003,NaN,NaN,18.5383349537849,1.15302467346191,NaN,NaN,NaN,0,NaN,NaN,NaN,NaN,0
20260804_t1517_srsSmooth_Moretraining,srs_smooth_Moretraining,trial0443.mat,443,443,232,3,63,56,94,44,50,8,1,1,5,2,57,3263,2,0,1,2,1,1,1,1,0,0,,0,11,0,1,0,0,0,0,141,83,141,83,58,NaN,1,180,354.423693050515,195.576306949485,174.423693050515,15.5763069494847,158.84738610103,158.84738610103,NaN,NaN,NaN,1785872183.63847,19726.15481392,1.30888557434082,0.0137808322906494,0.230938673019409,0.872720718383789,-1,-1,-1,-1,-1,-1,-1,217.15784072876,NaN,NaN,NaN,Congruent,Right,Left,None,Right,Right,0,1,1,0,0,NaN,NaN,NaN,NaN,NaN,NaN,NaN,NaN,1,1,1,1,1,0,232,NaN,20260804_t1517_srsSmooth_Moretraining_B003,NaN,NaN,18.5793663263321,1.0652596950531,NaN,NaN,NaN,0,NaN,NaN,NaN,NaN,0
20260804_t1517_srsSmooth_Moretraining,srs_smooth_Moretraining,trial0445.mat,445,445,232,3,65,56,94,44,50,8,1,1,5,2,56,30316,2,0,1,2,1,1,1,1,1,1,CHOSE_HIGH_SAL,1,455,1,0,0,0,0,0,126,56,126,56,70,126,1,0,96.8014761020818,93.1985238979182,96.8014761020818,93.1985238979182,3.60295220416356,3.60295220416356,NaN,NaN,NaN,1785872187.34414,19729.86041348,2.25487470626831,0.0165886878967285,0.242157697677612,0.842183351516724,1.22496962547302,1.47553658485413,1.5171844959259,1.5171844959259,-1,-1,1.82825565338135,225.569009780884,250.566959381104,41.6479110717773,292.214870452881,Congruent,Right,Left,Right,Right,Right,0,1,1,0,1,1,1,1,1,0,0,0,0,1,1,1,1,1,1,233,83,20260804_t1517_srsSmooth_Moretraining_B003,57,7,18.6411275108655,2.39678549766541,1,1,151,1,0,0,1,1,1
20260804_t1517_srsSmooth_Moretraining,srs_smooth_Moretraining,trial0446.mat,446,446,233,3,66,57,94,44,50,8,1,2,7,2,77,9020,2,0,1,2,1,1,2,2,1,1,CHOSE_LOW_SAL,2,455,1,0,0,0,0,0,154,77,154,77,77,154,1,180,225.383769497454,324.616230502546,45.3837694974543,144.616230502546,-99.2324610050914,99.2324610050914,NaN,NaN,NaN,1785872190.73394,19733.25014832,2.53226161003113,0.0185935497283936,0.235831022262573,0.969197273254395,1.54365348815918,1.76923084259033,1.8107054233551,1.8107054233551,-1,-1,2.07996153831482,217.23747253418,225.577354431152,41.4745807647705,267.051935195923,Conflict,Right,Left,Right,Right,Left,0,1,0,1,1,1,1,1,0,0,0,0,1,1,1,0,1,0,1,234,84,20260804_t1517_srsSmooth_Moretraining_B003,58,8,18.697624095281,1.13492035865784,1,1,126,1,0,0,1,1,1
20260804_t1517_srsSmooth_Moretraining,srs_smooth_Moretraining,trial0447.mat,447,447,234,3,67,58,94,44,50,8,1,1,6,2,62,31832,2,0,2,1,1,2,1,2,2,1,CHOSE_LOW_SAL,2,455,1,0,0,0,0,0,151,85,151,85,66,85,1,180,353.249402706942,196.750597293058,173.249402706942,16.7505972930583,156.498805413883,156.498805413883,NaN,NaN,NaN,1785872194.41564,19736.93177196,2.21614718437195,0.0120387077331543,0.237709045410156,0.845811367034912,1.23708653450012,1.55419540405273,1.58749771118164,1.58749771118164,-1,-1,1.83108615875244,225.670337677002,317.108869552612,33.3023071289062,350.411176681519,Congruent,Left,Right,Right,Left,Left,0,1,1,0,1,1,0,0,0,0,1,1,1,0,0,0,1,1,1,235,85,20260804_t1517_srsSmooth_Moretraining_B003,59,9,18.7589857618014,1.14943838119507,1,1,154,1,1,0,0,1,1
20260804_t1517_srsSmooth_Moretraining,srs_smooth_Moretraining,trial0448.mat,448,448,235,3,68,59,94,44,50,8,1,1,5,2,53,7918,2,0,1,2,1,1,1,1,2,2,CHOSE_LOW_SAL,2,455,1,0,0,0,0,0,123,107,123,107,16,107,1,180,355.283894311606,194.716105688394,175.283894311606,14.7161056883937,160.567788623213,160.567788623213,NaN,NaN,NaN,1785872197.76708,19740.28296416,2.22408628463745,0.0190632343292236,0.20334529876709,0.844662427902222,1.34411525726318,1.50282526016235,1.53619694709778,1.53619694709778,-1,-1,1.81322979927063,184.282064437866,158.71000289917,33.3716869354248,192.081689834595,Congruent,Right,Left,Left,Right,Right,0,1,1,0,1,0,0,0,0,1,1,1,1,1,1,1,1,1,1,236,86,20260804_t1517_srsSmooth_Moretraining_B003,60,10,18.8148431022962,1.13529324531555,2,1,85,1,0,1,1,0,1
20260804_t1517_srsSmooth_Moretraining,srs_smooth_Moretraining,trial0449.mat,449,449,236,3,69,60,94,44,50,8,1,2,7,2,80,32173,2,0,1,2,1,1,2,2,1,1,CHOSE_LOW_SAL,2,455,1,0,0,0,0,0,140,122,140,122,18,140,1,0,91.9423021948145,98.0576978051855,91.9423021948145,98.0576978051855,-6.11539561037091,6.11539561037091,NaN,NaN,NaN,1785872201.13043,19743.6465288,2.31018781661987,0.0141823291778564,0.25629997253418,0.839783906936646,1.34756827354431,1.59804081916809,1.63135480880737,1.63135480880737,-1,-1,1.8672661781311,242.117643356323,250.472545623779,33.3139896392822,283.786535263062,Conflict,Right,Left,Right,Right,Left,0,1,0,1,1,1,1,1,0,0,0,0,1,1,1,0,1,0,1,237,87,20260804_t1517_srsSmooth_Moretraining_B003,61,11,18.870898882548,1.1392605304718,2,2,107,1,1,1,0,0,1
20260804_t1517_srsSmooth_Moretraining,srs_smooth_Moretraining,trial0450.mat,450,450,237,3,70,61,94,44,50,8,1,1,6,2,67,32401,2,0,2,1,1,2,1,2,2,1,CHOSE_LOW_SAL,2,455,1,0,0,0,0,0,134,81,134,81,53,81,1,0,119.357776775011,70.6422232249894,119.357776775011,70.6422232249894,48.7155535500212,48.7155535500212,NaN,NaN,NaN,1785872204.59221,19747.10811616,2.18987774848938,0.0192010402679443,0.2365882396698,0.803313970565796,1.30258464813232,1.51994252204895,1.56142544746399,1.56142544746399,-1,-1,1.8058648109436,217.387199401855,217.357873916626,41.4829254150391,258.840799331665,Congruent,Left,Right,Right,Left,Left,0,1,1,0,1,1,0,0,0,0,1,1,1,0,0,0,1,1,1,238,88,20260804_t1517_srsSmooth_Moretraining_B003,62,12,18.9285952885946,1.1515965461731,1,1,140,1,1,0,0,1,1
20260804_t1517_srsSmooth_Moretraining,srs_smooth_Moretraining,trial0451.mat,451,451,238,3,71,62,94,44,50,8,1,1,6,2,69,18107,2,0,2,1,1,2,1,2,1,2,CHOSE_HIGH_SAL,1,455,1,0,4,0,0,0,160,82,160,82,78,160,1,0,115.975052991966,74.0249470080344,115.975052991966,74.0249470080344,41.9501059839312,41.9501059839312,NaN,NaN,NaN,1785872207.93448,19750.45036796,2.46465492248535,0.0187315940856934,0.277836799621582,0.869242906570435,1.50212359428406,1.72775936126709,1.76938509941101,1.76938509941101,-1,-1,2.00702476501465,259.105205535889,225.635766983032,41.6257381439209,267.261505126953,Congruent,Left,Right,Left,Left,Left,0,1,1,0,1,0,1,1,1,1,0,0,0,0,0,0,1,1,1,239,89,20260804_t1517_srsSmooth_Moretraining_B003,63,13,18.9842997471491,1.15238976478577,2,1,81,1,1,1,0,0,1
20260804_t1517_srsSmooth_Moretraining,srs_smooth_Moretraining,trial0452.mat,452,452,239,3,72,63,94,44,50,8,1,1,5,2,61,19093,2,0,1,2,1,1,1,1,1,1,CHOSE_HIGH_SAL,1,455,1,0,0,0,0,0,140,115,140,115,25,140,1,0,156.477481818886,33.5225181811136,156.477481818886,33.5225181811136,122.954963637773,122.954963637773,NaN,NaN,NaN,1785872211.55695,19754.0726734,2.41737103462219,0.013066291809082,0.255092620849609,1.03869438171387,1.37978744506836,1.64734601974487,1.68056464195251,1.68056464195251,-1,-1,1.97429275512695,242.026329040527,267.558574676514,33.2186222076416,300.777196884155,Congruent,Right,Left,Right,Right,Right,0,1,1,0,1,1,1,1,1,0,0,0,0,1,1,1,1,1,1,240,90,20260804_t1517_srsSmooth_Moretraining_B003,64,14,19.0446743130684,1.15781903266907,1,2,160,1,0,1,1,0,1
20260804_t1517_srsSmooth_Moretraining,srs_smooth_Moretraining,trial0453.mat,453,453,240,3,73,64,94,44,50,8,1,2,8,2,94,32700,2,0,2,1,1,2,2,1,2,1,CHOSE_HIGH_SAL,1,455,1,0,0,0,0,0,142,88,142,88,54,88,1,180,192.133815414712,357.866184585288,12.1338154147122,177.866184585288,-165.732369170576,165.732369170576,NaN,NaN,NaN,1785872215.12925,19757.64497612,2.19524765014648,0.0159115791320801,0.224717378616333,0.966344594955444,1.49097084999084,1.52478766441345,1.55793523788452,1.55793523788452,-1,-1,1.81020569801331,208.805799484253,33.8168144226074,33.1475734710693,66.9643878936768,Conflict,Left,Right,Right,Left,Right,0,1,0,1,1,1,0,0,1,0,1,1,0,0,0,1,1,0,1,241,91,20260804_t1517_srsSmooth_Moretraining_B003,65,15,19.1042125741641,1.15492463111877,1,1,140,1,1,0,0,1,1
20260804_t1517_srsSmooth_Moretraining,srs_smooth_Moretraining,trial0454.mat,454,454,241,3,74,65,94,44,50,8,1,1,5,2,58,26829,2,0,1,2,1,1,1,1,1,1,CHOSE_HIGH_SAL,1,455,1,0,0,0,0,0,139,101,139,101,38,139,1,0,114.25949927139,75.74050072861,114.25949927139,75.74050072861,38.5189985427801,38.5189985427801,NaN,NaN,NaN,1785872218.46335,19760.97896888,2.17826247215271,0.0152783393859863,0.265958309173584,0.80741286277771,1.20699238777161,1.44101715087891,1.47421336174011,1.47421336174011,-1,-1,1.7347559928894,250.679969787598,234.0247631073,33.1962108612061,267.220973968506,Congruent,Right,Left,Right,Right,Right,0,1,1,0,1,1,1,1,1,0,0,0,0,1,1,1,1,1,1,242,92,20260804_t1517_srsSmooth_Moretraining_B003,66,16,19.1597808837891,1.13885092735291,2,1,88,1,1,0,0,1,1
20260804_t1517_srsSmooth_Moretraining,srs_smooth_Moretraining,trial0455.mat,455,455,242,3,75,66,94,44,50,8,1,1,5,2,59,2559,2,0,1,2,1,1,1,1,0,0,,0,11,0,1,0,0,0,0,151,83,151,83,68,NaN,1,0,179.351489931854,10.6485100681462,179.351489931854,10.6485100681462,168.702979863708,168.702979863708,NaN,NaN,NaN,1785872221.77548,19764.29093304,1.38163304328918,0.0116088390350342,0.179173469543457,0.887542009353638,-1,-1,-1,-1,-1,-1,-1,167.564630508423,NaN,NaN,NaN,Congruent,Right,Left,None,Right,Right,0,1,1,0,0,NaN,NaN,NaN,NaN,NaN,NaN,NaN,NaN,1,1,1,1,1,0,242,NaN,20260804_t1517_srsSmooth_Moretraining_B003,NaN,NaN,19.2149831096331,1.13387107849121,NaN,NaN,NaN,0,NaN,NaN,NaN,NaN,0
20260804_t1517_srsSmooth_Moretraining,srs_smooth_Moretraining,trial0456.mat,456,456,242,3,76,66,94,44,50,8,1,2,7,2,79,2893,2,0,1,2,1,1,2,2,1,1,CHOSE_LOW_SAL,2,455,1,0,0,0,0,0,174,73,174,73,101,174,1,0,82.7677176348682,107.232282365132,82.7677176348682,107.232282365132,-24.4645647302635,24.4645647302635,NaN,NaN,NaN,1785872224.21015,19766.72563628,2.31501936912537,0.0186972618103027,0.219315528869629,0.769367933273315,1.32708215713501,1.50249433517456,1.54432225227356,1.54432225227356,-1,-1,1.838463306427,200.618267059326,175.412178039551,41.827917098999,217.24009513855,Conflict,Right,Left,Right,Right,Left,0,1,0,1,1,1,1,1,0,0,0,0,1,1,1,0,1,0,1,243,93,20260804_t1517_srsSmooth_Moretraining_B003,67,17,19.2555610179901,1.05304145812988,1,1,139,1,0,0,1,1,1
20260804_t1517_srsSmooth_Moretraining,srs_smooth_Moretraining,trial0457.mat,457,457,243,3,77,67,94,44,50,8,1,1,5,2,57,3263,2,0,1,2,1,1,1,1,1,1,CHOSE_HIGH_SAL,1,455,1,0,0,0,0,0,142,86,142,86,56,142,1,180,315.812286026595,234.187713973405,135.812286026595,54.1877139734054,81.6245720531893,81.6245720531893,NaN,NaN,NaN,1785872227.66661,19770.18213248,2.5590455532074,0.0123751163482666,0.246498584747314,1.02149271965027,1.47909998893738,1.77140474319458,1.80472445487976,1.80472445487976,-1,-1,2.11526584625244,234.123468399048,292.304754257202,33.3197116851807,325.624465942383,Congruent,Right,Left,Right,Right,Right,0,1,1,0,1,1,1,1,1,0,0,0,0,1,1,1,1,1,1,244,94,20260804_t1517_srsSmooth_Moretraining_B003,68,18,19.3131686528524,1.14143872261047,1,1,174,1,0,0,1,1,1
20260804_t1517_srsSmooth_Moretraining,srs_smooth_Moretraining,trial0458.mat,458,458,244,3,78,68,94,44,50,8,1,1,5,2,59,2559,2,0,1,2,1,1,1,1,2,2,CHOSE_LOW_SAL,2,455,1,0,0,0,0,0,150,87,150,87,63,87,1,0,132.626574595224,57.3734254047759,132.626574595224,57.3734254047758,75.2531491904483,75.2531491904483,NaN,NaN,NaN,1785872231.38967,19773.90510456,2.45237016677856,0.0144596099853516,0.189874887466431,0.873457431793213,1.46451759338379,1.73196387290955,1.77346539497375,1.77346539497375,-1,-1,2.06733179092407,175.415277481079,267.446279525757,41.501522064209,308.947801589966,Congruent,Right,Left,Left,Right,Right,0,1,1,0,1,0,0,0,0,1,1,1,1,1,1,1,1,1,1,245,95,20260804_t1517_srsSmooth_Moretraining_B003,69,19,19.3752196947734,1.16401696205139,1,1,142,1,1,1,0,0,1
20260804_t1517_srsSmooth_Moretraining,srs_smooth_Moretraining,trial0460.mat,460,460,245,3,80,69,94,44,50,8,1,2,7,2,75,4513,2,0,1,2,1,1,2,2,1,1,CHOSE_LOW_SAL,2,455,1,0,0,0,0,0,159,108,159,108,51,159,1,0,55.3622267919775,134.637773208023,55.3622267919775,134.637773208023,-79.275546416045,79.275546416045,NaN,NaN,NaN,1785872236.34754,19778.86280964,2.30339908599854,0.0151259899139404,0.157311201095581,0.890695333480835,1.29017615318298,1.50723218917847,1.54074835777283,1.54074835777283,-1,-1,1.84291672706604,142.185211181641,217.056035995483,33.5161685943604,250.572204589844,Conflict,Right,Left,Right,Right,Left,0,1,0,1,1,1,1,1,0,0,0,0,1,1,1,0,1,0,1,246,96,20260804_t1517_srsSmooth_Moretraining_B003,70,20,19.457850754261,2.50549340248108,2,2,87,1,1,1,0,0,1
20260804_t1517_srsSmooth_Moretraining,srs_smooth_Moretraining,trial0461.mat,461,461,246,3,81,70,94,44,50,8,1,1,6,2,65,17753,2,0,2,1,1,2,1,2,2,1,CHOSE_LOW_SAL,2,455,1,0,0,0,0,0,122,84,122,84,38,84,1,180,339.658532857658,210.341467142342,159.658532857658,30.3414671423423,129.317065715315,129.317065715315,NaN,NaN,NaN,1785872239.81341,19782.32868732,2.39546489715576,0.0160551071166992,0.216490268707275,0.949958324432373,1.45777916908264,1.68329119682312,1.71648907661438,1.71648907661438,-1,-1,2.0109760761261,200.435161590576,225.512027740479,33.1978797912598,258.709907531738,Congruent,Left,Right,Right,Left,Left,0,1,1,0,1,1,0,0,0,0,1,1,1,0,0,0,1,1,1,247,97,20260804_t1517_srsSmooth_Moretraining_B003,71,21,19.5156153202057,1.16247487068176,1,1,159,1,1,0,0,1,1
20260804_t1517_srsSmooth_Moretraining,srs_smooth_Moretraining,trial0462.mat,462,462,247,3,82,71,94,44,50,8,1,1,5,2,51,19072,2,0,1,2,1,1,1,1,1,1,CHOSE_HIGH_SAL,1,455,1,0,0,0,0,0,149,100,149,100,49,149,1,180,301.089119189244,248.910880810756,121.089119189244,68.9108808107563,52.1782383784875,52.1782383784875,NaN,NaN,NaN,1785872243.35956,19785.87471176,2.38242840766907,0.0117149353027344,0.253961086273193,0.762110710144043,1.34510087966919,1.62057042121887,1.65388703346252,1.65388703346252,-1,-1,1.93142151832581,242.246150970459,275.469541549683,33.3166122436523,308.786153793335,Congruent,Right,Left,Right,Right,Right,0,1,1,0,1,1,1,1,1,0,0,0,0,1,1,1,1,1,1,248,98,20260804_t1517_srsSmooth_Moretraining_B003,72,22,19.5747177561124,1.15068125724792,2,1,84,1,1,0,0,1,1
20260804_t1517_srsSmooth_Moretraining,srs_smooth_Moretraining,trial0463.mat,463,463,248,3,83,72,94,44,50,8,1,2,8,2,87,637,2,0,2,1,1,2,2,1,0,0,,0,11,0,1,0,0,0,0,152,98,152,98,54,NaN,1,0,56.2538547196903,133.74614528031,56.2538547196903,133.74614528031,-77.4922905606194,77.4922905606194,NaN,NaN,NaN,1785872246.89168,19789.40686152,0.348701000213623,0.0130650997161865,0.288581609725952,-1,-1,-1,-1,-1,-1,-1,-1,275.516510009766,NaN,NaN,NaN,Conflict,Left,Right,None,Left,Right,0,1,0,1,0,NaN,NaN,NaN,NaN,NaN,NaN,NaN,NaN,0,0,1,1,0,0,248,NaN,20260804_t1517_srsSmooth_Moretraining_B003,NaN,NaN,19.6335864702861,1.14969444274902,NaN,NaN,NaN,0,NaN,NaN,NaN,NaN,0
20260804_t1517_srsSmooth_Moretraining,srs_smooth_Moretraining,trial0464.mat,464,464,248,3,84,72,94,44,50,8,1,1,6,2,63,32582,2,0,2,1,1,2,1,2,2,1,CHOSE_LOW_SAL,2,455,1,0,0,0,0,0,149,91,149,91,58,91,1,180,308.526105018023,241.473894981976,128.526105018023,61.4738949819765,67.052210036047,67.052210036047,NaN,NaN,NaN,1785872248.33857,19790.8537146,2.22943830490112,0.0162370204925537,0.216767072677612,0.800172805786133,1.33295488357544,1.56689548492432,1.60006260871887,1.60006260871887,-1,-1,1.8361394405365,200.530052185059,233.940601348877,33.1671237945557,267.107725143433,Congruent,Left,Right,Right,Left,Left,0,1,1,0,1,1,0,0,0,0,1,1,1,0,0,0,1,1,1,249,99,20260804_t1517_srsSmooth_Moretraining_B003,73,23,19.6577012221018,1.09818410873413,1,1,149,1,1,0,0,1,1
20260804_t1517_srsSmooth_Moretraining,srs_smooth_Moretraining,trial0465.mat,465,465,249,3,85,73,94,44,50,8,1,2,8,2,93,14397,2,0,2,1,1,2,2,1,1,2,CHOSE_LOW_SAL,2,455,1,0,0,0,0,0,135,102,135,102,33,135,1,0,14.2749183020185,175.725081697982,14.2749183020184,175.725081697982,-161.450163395963,161.450163395963,NaN,NaN,NaN,1785872251.70974,19794.22463216,2.35805726051331,0.0118594169616699,0.278927803039551,0.96265721321106,1.31191062927246,1.5876259803772,1.62075042724609,1.62075042724609,-1,-1,1.92364931106567,267.068386077881,275.715351104736,33.1244468688965,308.839797973633,Conflict,Left,Right,Left,Left,Right,0,1,0,1,1,0,1,1,0,1,0,0,1,0,0,1,1,0,1,250,100,20260804_t1517_srsSmooth_Moretraining_B003,74,24,19.7138874967893,1.14173817634583,2,1,91,1,1,1,0,0,1
20260804_t1517_srsSmooth_Moretraining,srs_smooth_Moretraining,trial0466.mat,466,466,250,3,86,74,94,44,50,8,1,1,6,2,71,25574,2,0,2,1,1,2,1,2,2,1,CHOSE_LOW_SAL,2,455,1,0,2,0,0,0,133,93,133,93,40,93,1,180,346.196465146646,203.803534853354,166.196465146646,23.8035348533537,142.392930293293,142.392930293293,NaN,NaN,NaN,1785872255.2192,19797.73420208,2.17329859733582,0.0192058086395264,0.203058242797852,0.844907283782959,1.2275857925415,1.51960158348083,1.56130576133728,1.56130576133728,-1,-1,1.78058695793152,183.852434158325,292.015790939331,41.7041778564453,333.719968795776,Congruent,Left,Right,Right,Left,Left,0,1,1,0,1,1,0,0,0,0,1,1,1,0,0,0,1,1,1,251,101,20260804_t1517_srsSmooth_Moretraining_B003,75,25,19.7723784764608,1.15140151977539,1,2,135,1,1,1,0,0,1
20260804_t1517_srsSmooth_Moretraining,srs_smooth_Moretraining,trial0467.mat,467,467,251,3,87,75,94,44,50,8,1,1,5,2,60,38,2,0,1,2,1,1,1,1,0,0,,0,11,0,1,0,0,0,0,144,70,144,70,74,NaN,1,0,176.2340570952,13.7659429048002,176.2340570952,13.7659429048002,162.4681141904,162.4681141904,NaN,NaN,NaN,1785872258.54049,19801.0554276,0.217621088027954,0.014716625213623,0.0156793594360352,-1,-1,-1,-1,-1,-1,-1,-1,0.962734222412109,NaN,NaN,NaN,Congruent,Right,Left,None,Right,Right,0,1,1,0,0,NaN,NaN,NaN,NaN,NaN,NaN,NaN,NaN,1,1,1,1,1,0,251,NaN,20260804_t1517_srsSmooth_Moretraining_B003,NaN,NaN,19.8277332266172,1.14798641204834,NaN,NaN,NaN,0,NaN,NaN,NaN,NaN,0
20260804_t1517_srsSmooth_Moretraining,srs_smooth_Moretraining,trial0468.mat,468,468,251,3,88,75,94,44,50,8,1,2,8,2,84,7563,2,0,2,1,1,2,2,1,1,2,CHOSE_LOW_SAL,2,455,1,0,0,0,0,0,138,96,138,96,42,138,1,0,10.221878854083,179.778121145917,10.2218788540829,179.778121145917,-169.556242291834,169.556242291834,NaN,NaN,NaN,1785872259.8385,19802.35341924,2.33826375007629,0.0167500972747803,0.22589635848999,0.859230041503906,1.38347005844116,1.58413076400757,1.61745262145996,1.61745262145996,-1,-1,1.89493775367737,209.14626121521,200.660705566406,33.3218574523926,233.982563018799,Conflict,Left,Right,Left,Left,Right,0,1,0,1,1,0,1,1,0,1,0,0,1,0,0,1,1,0,1,252,102,20260804_t1517_srsSmooth_Moretraining_B003,76,26,19.8493668556213,1.08039665222168,2,1,93,1,1,1,0,0,1
20260804_t1517_srsSmooth_Moretraining,srs_smooth_Moretraining,trial0469.mat,469,469,252,3,89,76,94,44,50,8,1,1,5,2,60,38,2,0,1,2,1,1,1,1,1,1,CHOSE_HIGH_SAL,1,455,1,0,0,0,0,0,139,100,139,100,39,139,1,0,164.688190026117,25.3118099738828,164.688190026117,25.3118099738828,139.376380052234,139.376380052234,NaN,NaN,NaN,1785872263.32131,19805.83603704,2.55535316467285,0.0174095630645752,0.22663688659668,0.98454475402832,1.59247159957886,1.82671356201172,1.86822295188904,1.86822295188904,-1,-1,2.11210012435913,209.227323532104,234.241962432861,41.5093898773193,275.751352310181,Congruent,Right,Left,Right,Right,Right,0,1,1,0,1,1,1,1,1,0,0,0,0,1,1,1,1,1,1,253,103,20260804_t1517_srsSmooth_Moretraining_B003,77,27,19.9074136773745,1.14454555511475,1,2,138,1,0,1,1,0,1
20260804_t1517_srsSmooth_Moretraining,srs_smooth_Moretraining,trial0470.mat,470,470,253,3,90,77,94,44,50,8,1,2,8,2,86,10814,2,0,2,1,1,2,2,1,2,1,CHOSE_HIGH_SAL,1,455,1,0,0,0,0,0,132,80,132,80,52,80,1,180,239.359183305795,310.640816694205,59.3591833057949,130.640816694205,-71.2816333884102,71.2816333884102,NaN,NaN,NaN,1785872267.02006,19809.53465232,2.43998146057129,0.0188102722167969,0.219377279281616,0.961099624633789,1.48553466796875,1.71142196655273,1.75260663032532,1.75260663032532,-1,-1,2.05551624298096,200.567007064819,225.887298583984,41.184663772583,267.071962356567,Conflict,Left,Right,Right,Left,Right,0,1,0,1,1,1,0,0,1,0,1,1,0,0,0,1,1,0,1,254,104,20260804_t1517_srsSmooth_Moretraining_B003,78,28,19.9690593957901,1.14338994026184,1,1,139,1,1,0,0,1,1
20260804_t1517_srsSmooth_Moretraining,srs_smooth_Moretraining,trial0471.mat,471,471,254,3,91,78,94,44,50,8,1,2,8,2,88,5549,2,0,2,1,1,2,2,1,2,1,CHOSE_HIGH_SAL,1,455,1,0,0,0,0,0,134,95,134,95,39,95,1,180,239.344598589225,310.655401410775,59.3445985892247,130.655401410775,-71.3108028215506,71.3108028215506,NaN,NaN,NaN,1785872270.60901,19813.12358604,2.37617993354797,0.0133278369903564,0.247315168380737,1.00567555427551,1.47171783447266,1.6889533996582,1.73078942298889,1.73078942298889,-1,-1,1.98349571228027,233.987331390381,217.235565185547,41.8360233306885,259.071588516235,Conflict,Left,Right,Right,Left,Right,0,1,0,1,1,1,0,0,1,0,1,1,0,0,0,1,1,0,1,255,105,20260804_t1517_srsSmooth_Moretraining_B003,79,29,20.0288753231366,1.14897418022156,2,1,80,1,0,0,1,1,1
20260804_t1517_srsSmooth_Moretraining,srs_smooth_Moretraining,trial0472.mat,472,472,255,3,92,79,94,44,50,8,1,1,6,2,72,23600,2,0,2,1,1,2,1,2,2,1,CHOSE_LOW_SAL,2,455,1,0,0,0,0,0,135,120,135,120,15,120,1,180,347.414990400835,202.585009599165,167.414990400835,22.5850095991651,144.82998080167,144.82998080167,NaN,NaN,NaN,1785872274.13408,19816.64860468,2.22618222236633,0.0134007930755615,0.1975417137146,0.888887405395508,1.23011469841003,1.50550699234009,1.53891897201538,1.53891897201538,-1,-1,1.80805993080139,184.140920639038,275.392293930054,33.411979675293,308.804273605347,Congruent,Left,Right,Right,Left,Left,0,1,1,0,1,1,0,0,0,0,1,1,1,0,0,0,1,1,1,256,106,20260804_t1517_srsSmooth_Moretraining_B003,80,30,20.0876263936361,1.14888429641724,2,1,95,1,0,0,1,1,1
20260804_t1517_srsSmooth_Moretraining,srs_smooth_Moretraining,trial0473.mat,473,473,256,3,93,80,94,44,50,8,1,1,5,2,54,27741,2,0,1,2,1,1,1,1,1,1,CHOSE_HIGH_SAL,1,455,1,0,5,0,0,0,160,79,160,79,81,160,1,0,116.455266805229,73.5447331947706,116.455266805229,73.5447331947706,42.9105336104587,42.9105336104587,NaN,NaN,NaN,1785872277.5086,19820.02306084,2.53532028198242,0.0140047073364258,0.239784955978394,0.99805474281311,1.52239561080933,1.73949217796326,1.78109264373779,1.78109264373779,-1,-1,2.07521772384644,225.780248641968,217.096567153931,41.6004657745361,258.697032928467,Congruent,Right,Left,Right,Right,Right,0,1,1,0,1,1,1,1,1,0,0,0,0,1,1,1,1,1,1,257,107,20260804_t1517_srsSmooth_Moretraining_B003,81,31,20.1438685099284,1.14834475517273,2,1,120,1,1,0,0,1,1
20260804_t1517_srsSmooth_Moretraining,srs_smooth_Moretraining,trial0474.mat,474,474,257,3,94,81,94,44,50,8,1,1,6,2,68,24254,2,0,2,1,1,2,1,2,2,1,CHOSE_LOW_SAL,2,455,1,0,0,0,0,0,163,77,163,77,86,77,1,0,108.757805127072,81.2421948729281,108.757805127072,81.2421948729281,27.5156102541439,27.5156102541439,NaN,NaN,NaN,1785872281.24761,19823.7620798,2.22069764137268,0.0168111324310303,0.292558670043945,0.834223508834839,1.283527135849,1.56748747825623,1.60897397994995,1.60897397994995,-1,-1,1.84440112113953,275.747537612915,283.960342407227,41.4865016937256,325.446844100952,Congruent,Left,Right,Right,Left,Left,0,1,1,0,1,1,0,0,0,0,1,1,1,0,0,0,1,1,1,258,108,20260804_t1517_srsSmooth_Moretraining_B003,82,32,20.2061852534612,1.20368432998657,1,1,160,1,1,0,0,1,1
20260804_t1517_srsSmooth_Moretraining,srs_smooth_Moretraining,trial0475.mat,475,475,258,3,95,82,94,44,50,8,1,2,7,2,73,968,2,0,1,2,1,1,2,2,2,2,CHOSE_HIGH_SAL,1,455,1,0,0,0,0,0,137,100,137,100,37,100,1,180,251.417180159371,298.582819840629,71.417180159371,118.582819840629,-47.165639681258,47.165639681258,NaN,NaN,NaN,1785872284.61204,19827.12630936,2.22297191619873,0.0191736221313477,0.211502075195312,0.861712455749512,1.2858898639679,1.49501705169678,1.53638935089111,1.53638935089111,-1,-1,1.82222104072571,192.328453063965,209.127187728882,41.3722991943359,250.499486923218,Conflict,Right,Left,Left,Right,Left,0,1,0,1,1,0,0,0,1,1,1,1,0,1,1,0,1,0,1,259,109,20260804_t1517_srsSmooth_Moretraining_B003,83,33,20.2622591574987,1.14373660087585,2,1,77,1,0,1,1,0,1
20260804_t1517_srsSmooth_Moretraining,srs_smooth_Moretraining,trial0476.mat,476,476,259,3,96,83,94,44,50,8,1,2,8,2,92,16607,2,0,2,1,1,2,2,1,1,2,CHOSE_LOW_SAL,2,455,1,0,0,0,0,0,123,86,123,86,37,123,1,0,48.5679213478869,141.432078652113,48.5679213478869,141.432078652113,-92.8641573042262,92.8641573042262,NaN,NaN,NaN,1785872287.97059,19830.48479668,2.55765295028687,0.0190873146057129,0.236355066299438,1.02010035514832,1.65248417854309,1.82813930511475,1.86980032920837,1.86980032920837,-1,-1,2.13053607940674,217.267751693726,175.655126571655,41.6610240936279,217.316150665283,Conflict,Left,Right,Left,Left,Right,0,1,0,1,1,0,1,1,0,1,0,0,1,0,0,1,1,0,1,260,110,20260804_t1517_srsSmooth_Moretraining_B003,84,34,20.31823498408,1.13557767868042,2,2,100,1,1,0,0,1,1
20260804_t1517_srsSmooth_Moretraining,srs_smooth_Moretraining,trial0477.mat,477,477,260,3,97,84,94,44,50,8,1,2,8,2,85,23765,2,0,2,1,1,2,2,1,2,1,CHOSE_HIGH_SAL,1,455,1,0,0,0,0,0,154,67,154,67,87,67,1,180,229.670541298556,320.329458701444,49.6705412985556,140.329458701444,-90.6589174028887,90.6589174028887,NaN,NaN,NaN,1785872291.66663,19834.180872,2.34376096725464,0.014862060546875,0.207264423370361,0.965526103973389,1.48991918563843,1.70703792572021,1.74873423576355,1.74873423576355,-1,-1,1.97646331787109,192.402362823486,217.118740081787,41.696310043335,258.815050125122,Conflict,Left,Right,Right,Left,Right,0,1,0,1,1,1,0,0,1,0,1,1,0,0,0,1,1,0,1,261,111,20260804_t1517_srsSmooth_Moretraining_B003,85,35,20.3798355698585,1.13838219642639,1,2,123,1,1,1,0,0,1
20260804_t1517_srsSmooth_Moretraining,srs_smooth_Moretraining,trial0478.mat,478,478,261,3,98,85,94,44,50,8,1,2,7,2,74,9666,2,0,1,2,1,1,2,2,0,0,,0,11,0,1,0,0,0,0,150,91,150,91,59,NaN,1,180,245.515635708926,304.484364291074,65.5156357089259,124.484364291074,-58.9687285821483,58.9687285821483,NaN,NaN,NaN,1785872295.18502,19837.69896656,1.42546701431274,0.0132682323455811,0.222655534744263,0.838864326477051,-1,-1,-1,-1,-1,-1,-1,209.387302398682,NaN,NaN,NaN,Conflict,Right,Left,None,Right,Left,0,1,0,1,0,NaN,NaN,NaN,NaN,NaN,NaN,NaN,NaN,1,1,0,1,0,0,261,NaN,20260804_t1517_srsSmooth_Moretraining_B003,NaN,NaN,20.4384755015373,1.17463493347168,NaN,NaN,NaN,0,NaN,NaN,NaN,NaN,0
20260804_t1517_srsSmooth_Moretraining,srs_smooth_Moretraining,trial0479.mat,479,479,261,3,99,85,94,44,50,8,1,2,8,2,87,637,2,0,2,1,1,2,2,1,0,0,,0,11,0,1,0,0,0,0,129,79,129,79,50,NaN,1,0,31.1007363803413,158.899263619659,31.1007363803413,158.899263619659,-127.798527239317,127.798527239317,NaN,NaN,NaN,1785872297.66928,19840.183207,0.265302896499634,0.0124413967132568,0.213091850280762,-1,-1,-1,-1,-1,-1,-1,-1,200.650453567505,NaN,NaN,NaN,Conflict,Left,Right,None,Left,Right,0,1,0,1,0,NaN,NaN,NaN,NaN,NaN,NaN,NaN,NaN,0,0,1,1,0,0,261,NaN,20260804_t1517_srsSmooth_Moretraining_B003,NaN,NaN,20.4798797806104,1.05878973007202,NaN,NaN,NaN,0,NaN,NaN,NaN,NaN,0
20260804_t1517_srsSmooth_Moretraining,srs_smooth_Moretraining,trial0481.mat,481,481,261,3,101,85,94,44,50,8,1,2,8,2,90,30635,2,0,2,1,1,2,2,1,1,2,CHOSE_LOW_SAL,2,455,1,0,1,0,0,0,153,65,153,65,88,153,1,0,23.2142602691117,166.785739730888,23.2142602691117,166.785739730888,-143.571479461777,143.571479461777,NaN,NaN,NaN,1785872300.37957,19842.8935738,2.2729651927948,0.0189173221588135,0.228060722351074,0.919501543045044,1.47730731964111,1.55304408073425,1.58607840538025,1.58607840538025,-1,-1,1.81850242614746,209.143400192261,75.7367610931396,33.0343246459961,108.771085739136,Conflict,Left,Right,Left,Left,Right,0,1,0,1,1,0,1,1,0,1,0,0,1,0,0,1,1,0,1,262,112,20260804_t1517_srsSmooth_Moretraining_B003,86,36,20.5250513672829,2.44499230384827,2,1,67,1,1,1,0,0,1
20260804_t1517_srsSmooth_Moretraining,srs_smooth_Moretraining,trial0482.mat,482,482,262,3,102,86,94,44,50,8,1,2,7,2,83,13784,2,0,1,2,1,1,2,2,1,1,CHOSE_LOW_SAL,2,455,1,0,0,0,0,0,155,98,155,98,57,155,1,180,193.099515927634,356.900484072366,13.0995159276342,176.900484072366,-163.800968144732,163.800968144732,NaN,NaN,NaN,1785872303.8234,19846.33729596,2.37972021102905,0.0168914794921875,0.292514801025391,0.925947427749634,1.34194254875183,1.64256763458252,1.68410181999207,1.68410181999207,-1,-1,1.91996288299561,275.623321533203,300.625085830688,41.5341854095459,342.159271240234,Conflict,Right,Left,Right,Right,Left,0,1,0,1,1,1,1,1,0,0,0,0,1,1,1,0,1,0,1,263,113,20260804_t1517_srsSmooth_Moretraining_B003,87,37,20.5824484626452,1.17086052894592,1,2,153,1,0,1,1,0,1
20260804_t1517_srsSmooth_Moretraining,srs_smooth_Moretraining,trial0483.mat,483,483,263,3,103,87,94,44,50,8,1,2,7,2,74,9666,2,0,1,2,1,1,2,2,1,1,CHOSE_LOW_SAL,2,455,1,0,0,0,0,0,163,94,163,94,69,163,1,0,15.7347687261574,174.265231273843,15.7347687261574,174.265231273843,-158.530462547685,158.530462547685,NaN,NaN,NaN,1785872307.33607,19849.8497324,2.37558507919312,0.0126926898956299,0.18008279800415,0.871571063995361,1.39608001708984,1.63005137443542,1.66344738006592,1.66344738006592,-1,-1,1.91539716720581,167.390108108521,233.971357345581,33.3960056304932,267.367362976074,Conflict,Right,Left,Right,Right,Left,0,1,0,1,1,1,1,1,0,0,0,0,1,1,1,0,1,0,1,264,114,20260804_t1517_srsSmooth_Moretraining_B003,88,38,20.6409929235776,1.13294744491577,1,1,155,1,0,0,1,1,1
20260804_t1517_srsSmooth_Moretraining,srs_smooth_Moretraining,trial0484.mat,484,484,264,3,104,88,94,44,50,8,1,1,5,2,52,2929,2,0,1,2,1,1,1,1,1,1,CHOSE_HIGH_SAL,1,455,1,0,0,0,0,0,156,93,156,93,63,156,1,0,154.740877534755,35.2591224652447,154.740877534755,35.2591224652447,119.481755069511,119.481755069511,NaN,NaN,NaN,1785872310.84584,19853.35957708,2.45731592178345,0.0197205543518066,0.186881542205811,0.945260763168335,1.50311136245728,1.72069907188416,1.76229476928711,1.76229476928711,-1,-1,1.99793243408203,167.160987854004,217.58770942688,41.5956974029541,259.183406829834,Congruent,Right,Left,Right,Right,Right,0,1,1,0,1,1,1,1,1,0,0,0,0,1,1,1,1,1,1,265,115,20260804_t1517_srsSmooth_Moretraining_B003,89,39,20.6994891643524,1.13418936729431,1,1,163,1,0,0,1,1,1
20260804_t1517_srsSmooth_Moretraining,srs_smooth_Moretraining,trial0485.mat,485,485,265,3,105,89,94,44,50,8,1,2,8,2,87,637,2,0,2,1,1,2,2,1,2,1,CHOSE_HIGH_SAL,1,455,1,0,0,0,0,0,137,72,137,72,65,72,1,0,91.5339143005088,98.4660856994912,91.5339143005088,98.4660856994912,-6.9321713989824,6.9321713989824,NaN,NaN,NaN,1785872314.44053,19856.954342,2.16310286521912,0.0168402194976807,0.0178079605102539,0.775815010070801,1.20855307579041,1.45070314407349,1.48399496078491,1.48399496078491,-1,-1,1.78657579421997,0.967741012573242,242.150068283081,33.2918167114258,275.441884994507,Conflict,Left,Right,Right,Left,Right,0,1,0,1,1,1,0,0,1,0,1,1,0,0,0,1,1,0,1,266,116,20260804_t1517_srsSmooth_Moretraining_B003,90,40,20.7594006021818,1.13737034797668,1,1,156,1,1,0,0,1,1
20260804_t1517_srsSmooth_Moretraining,srs_smooth_Moretraining,trial0486.mat,486,486,266,3,106,90,94,44,50,8,1,2,7,2,78,21697,2,0,1,2,1,1,2,2,1,1,CHOSE_LOW_SAL,2,455,1,0,0,0,0,0,144,97,144,97,47,144,1,180,272.154941748533,277.845058251467,92.1549417485326,97.8450582514674,-5.69011650293487,5.69011650293487,NaN,NaN,NaN,1785872317.76959,19860.28324232,2.45976972579956,0.0129120349884033,0.255102872848511,1.01358008384705,1.44630002975464,1.66384601593018,1.70543241500854,1.70543241500854,-1,-1,2.01642370223999,242.190837860107,217.545986175537,41.5863990783691,259.132385253906,Conflict,Right,Left,Right,Right,Left,0,1,0,1,1,1,1,1,0,0,0,0,1,1,1,0,1,0,1,267,117,20260804_t1517_srsSmooth_Moretraining_B003,91,41,20.8148848891258,1.16595435142517,2,1,72,1,1,0,0,1,1
20260804_t1517_srsSmooth_Moretraining,srs_smooth_Moretraining,trial0487.mat,487,487,267,3,107,91,94,44,50,8,1,2,8,2,89,24592,2,0,2,1,1,2,2,1,2,1,CHOSE_HIGH_SAL,1,455,1,0,0,0,0,0,152,90,152,90,62,90,1,0,83.4773787855887,106.522621214411,83.4773787855887,106.522621214411,-23.0452424288226,23.0452424288226,NaN,NaN,NaN,1785872321.44429,19863.95788052,2.19345426559448,0.0133464336395264,0.280655145645142,0.980553865432739,1.538405418396,1.54744863510132,1.58072328567505,1.58072328567505,-1,-1,1.80060696601868,267.308712005615,9.04321670532227,33.2746505737305,42.3178672790527,Conflict,Left,Right,Right,Left,Right,0,1,0,1,1,1,0,0,1,0,1,1,0,0,0,1,1,0,1,268,118,20260804_t1517_srsSmooth_Moretraining_B003,92,42,20.8761300166448,1.21493792533875,1,1,144,1,1,0,0,1,1
20260804_t1517_srsSmooth_Moretraining,srs_smooth_Moretraining,trial0488.mat,488,488,268,3,108,92,94,44,50,8,1,1,6,2,64,21001,2,0,2,1,1,2,1,2,2,1,CHOSE_LOW_SAL,2,455,1,0,0,0,0,0,149,90,149,90,59,90,1,180,335.81596265734,214.18403734266,155.81596265734,34.1840373426602,121.63192531468,121.63192531468,NaN,NaN,NaN,1785872324.81856,19867.33213164,2.04356622695923,0.0142102241516113,0.231350421905518,0.739698648452759,1.28926014900208,1.34820604324341,1.38133692741394,1.38133692741394,-1,-1,1.65035772323608,217.140197753906,58.945894241333,33.1308841705322,92.0767784118652,Congruent,Left,Right,Right,Left,Left,0,1,1,0,1,1,0,0,0,0,1,1,1,0,0,0,1,1,1,269,119,20260804_t1517_srsSmooth_Moretraining_B003,93,43,20.9323677857717,1.18081188201904,2,1,90,1,0,0,1,1,1
20260804_t1517_srsSmooth_Moretraining,srs_smooth_Moretraining,trial0489.mat,489,489,269,3,109,93,94,44,50,8,1,2,8,2,91,20976,2,0,2,1,1,2,2,1,2,1,CHOSE_HIGH_SAL,1,455,1,0,0,0,0,0,147,94,147,94,53,94,1,180,195.168608922009,354.831391077991,15.1686089220086,174.831391077991,-159.662782155983,159.662782155983,NaN,NaN,NaN,1785872328.00735,19870.52073812,2.19661164283752,0.0172133445739746,0.117560386657715,0.759270906448364,1.2505943775177,1.49280190467834,1.51798629760742,1.51798629760742,-1,-1,1.80353999137878,100.34704208374,242.207527160645,25.1843929290771,267.391920089722,Conflict,Left,Right,Right,Left,Right,0,1,0,1,1,1,0,0,1,0,1,1,0,0,0,1,1,0,1,270,120,20260804_t1517_srsSmooth_Moretraining_B003,94,44,20.9855142474174,1.1452214717865,2,1,90,1,0,0,1,1,1
20260804_t1517_srsSmooth_Moretraining,srs_smooth_Moretraining,trial0490.mat,490,490,270,4,1,0,74,24,50,8,2,0,2,1,25,23438,1,1,2,1,2,1,1,2,1,2,SINGLE_T1_CORRECT,10,455,1,0,0,0,0,0,105,173,173,105,-68,105,1,180,0,190,180,10,170,170,NaN,NaN,NaN,1785872331.35925,19873.87267236,2.46126651763916,0.0154409408569336,0.257635593414307,0.999237537384033,1.63217091560364,1.76635146141052,1.80797648429871,1.80797648429871,-1,-1,2.05173659324646,242.194652557373,134.180545806885,41.6250228881836,175.805568695068,Instruction,Left,Right,Left,Right,Left,1,0,0,0,0,NaN,NaN,NaN,NaN,NaN,NaN,NaN,NaN,0,1,0,0,1,0,271,NaN,20260804_t1517_srsSmooth_Moretraining_B004,1,NaN,21.0413792729378,1.15528988838196,NaN,NaN,NaN,0,NaN,NaN,NaN,NaN,0
20260804_t1517_srsSmooth_Moretraining,srs_smooth_Moretraining,trial0491.mat,491,491,271,4,2,1,74,24,50,8,2,0,3,1,26,20098,1,2,2,1,2,1,2,1,2,1,SINGLE_T2_CORRECT,11,455,1,0,0,0,0,0,92,155,155,92,-63,155,1,0,10,180,10,180,-170,170,NaN,NaN,NaN,1785872334.9692,19877.48257912,2.46018862724304,0.0139641761779785,0.247971057891846,1.00602984428406,1.53068923950195,1.72322177886963,1.75654125213623,1.75654125213623,-1,-1,2.00065922737122,234.006881713867,192.532539367676,33.3194732666016,225.852012634277,Instruction,Left,Right,Right,Right,Right,1,0,0,0,0,NaN,NaN,NaN,NaN,NaN,NaN,NaN,NaN,0,1,1,0,0,0,272,NaN,20260804_t1517_srsSmooth_Moretraining_B004,2,NaN,21.1015451192856,1.14868426322937,NaN,NaN,NaN,0,NaN,NaN,NaN,NaN,0
20260804_t1517_srsSmooth_Moretraining,srs_smooth_Moretraining,trial0492.mat,492,492,272,4,3,2,74,24,50,8,2,0,1,1,9,5824,1,1,1,2,2,2,1,1,1,1,SINGLE_T1_CORRECT,10,455,1,0,0,0,0,0,93,125,125,93,-32,93,1,180,0,190,180,10,170,170,NaN,NaN,NaN,1785872338.57531,19881.08858252,2.38755321502686,0.0163283348083496,0.225234746932983,0.80052638053894,1.42471623420715,1.66708135604858,1.70034289360046,1.70034289360046,-1,-1,1.99448418617249,208.906412124634,242.365121841431,33.2615375518799,275.626659393311,Instruction,Right,Left,Right,Left,Right,1,0,0,0,0,NaN,NaN,NaN,NaN,NaN,NaN,NaN,NaN,1,0,1,0,1,0,273,NaN,20260804_t1517_srsSmooth_Moretraining_B004,3,NaN,21.1616469343503,1.14592027664185,NaN,NaN,NaN,0,NaN,NaN,NaN,NaN,0
20260804_t1517_srsSmooth_Moretraining,srs_smooth_Moretraining,trial0493.mat,493,493,273,4,4,3,74,24,50,8,2,0,2,1,19,11973,1,1,2,1,2,1,1,2,1,2,SINGLE_T1_CORRECT,10,455,1,0,0,0,0,0,92,132,132,92,-40,92,1,0,180,10,180,10,170,170,NaN,NaN,NaN,1785872342.10701,19884.62018928,2.16400337219238,0.0181014537811279,0.252090692520142,0.977035045623779,1.48482537269592,1.51882886886597,1.55194115638733,1.55194115638733,-1,-1,1.77086448669434,233.989238739014,34.0034961700439,33.1122875213623,67.1157836914062,Instruction,Left,Right,Left,Right,Left,1,0,0,0,0,NaN,NaN,NaN,NaN,NaN,NaN,NaN,NaN,0,1,0,0,1,0,274,NaN,20260804_t1517_srsSmooth_Moretraining_B004,4,NaN,21.220508547624,1.14414358139038,NaN,NaN,NaN,0,NaN,NaN,NaN,NaN,0
20260804_t1517_srsSmooth_Moretraining,srs_smooth_Moretraining,trial0494.mat,494,494,274,4,5,4,74,24,50,8,2,0,4,1,46,31429,1,2,1,2,2,2,2,2,0,0,,0,11,0,1,0,0,0,0,82,171,171,82,-89,NaN,1,0,10,180,10,180,-170,170,NaN,NaN,NaN,1785872345.44653,19887.95959036,1.33274054527283,0.0120415687561035,0.254173755645752,0.862622499465942,-1,-1,-1,-1,-1,-1,-1,242.132186889648,NaN,NaN,NaN,Instruction,Right,Left,None,Left,Left,1,0,0,0,0,NaN,NaN,NaN,NaN,NaN,NaN,NaN,NaN,1,0,0,0,0,0,274,NaN,20260804_t1517_srsSmooth_Moretraining_B004,NaN,NaN,21.2761672616005,1.17551946640015,NaN,NaN,NaN,0,NaN,NaN,NaN,NaN,0
20260804_t1517_srsSmooth_Moretraining,srs_smooth_Moretraining,trial0495.mat,495,495,274,4,6,4,74,24,50,8,2,0,1,1,4,15502,1,1,1,2,2,2,1,1,1,1,SINGLE_T1_CORRECT,10,455,1,0,0,0,0,0,93,128,128,93,-35,93,1,180,0,190,180,10,170,170,NaN,NaN,NaN,1785872347.84503,19890.35810084,2.3848032951355,0.0136368274688721,0.197528123855591,0.905884265899658,1.37202310562134,1.65597605705261,1.68929743766785,1.68929743766785,-1,-1,1.9913649559021,183.891296386719,283.952951431274,33.3213806152344,317.274332046509,Instruction,Right,Left,Right,Left,Right,1,0,0,0,0,NaN,NaN,NaN,NaN,NaN,NaN,NaN,NaN,1,0,1,0,1,0,275,NaN,20260804_t1517_srsSmooth_Moretraining_B004,5,NaN,21.3161422212919,1.06575703620911,NaN,NaN,NaN,0,NaN,NaN,NaN,NaN,0
20260804_t1517_srsSmooth_Moretraining,srs_smooth_Moretraining,trial0496.mat,496,496,275,4,7,5,74,24,50,8,2,0,3,1,30,7119,1,2,2,1,2,1,2,1,2,1,SINGLE_T2_CORRECT,11,455,1,0,0,0,0,0,104,153,153,104,-49,153,1,180,190,0,10,180,-170,170,NaN,NaN,NaN,1785872351.43315,19893.94614712,2.20558905601501,0.0173165798187256,0.209517240524292,0.793026208877563,1.20902967453003,1.49289202690125,1.53449320793152,1.53449320793152,-1,-1,1.75362229347229,192.200660705566,283.862352371216,41.6011810302734,325.463533401489,Instruction,Left,Right,Right,Right,Right,1,0,0,0,0,NaN,NaN,NaN,NaN,NaN,NaN,NaN,NaN,0,1,1,0,0,0,276,NaN,20260804_t1517_srsSmooth_Moretraining_B004,6,NaN,21.3759443442027,1.20332407951355,NaN,NaN,NaN,0,NaN,NaN,NaN,NaN,0
20260804_t1517_srsSmooth_Moretraining,srs_smooth_Moretraining,trial0497.mat,497,497,276,4,8,6,74,24,50,8,2,0,4,1,41,17160,1,2,1,2,2,2,2,2,2,2,SINGLE_T2_CORRECT,11,455,1,0,0,0,0,0,116,150,150,116,-34,150,1,0,10,180,10,180,-170,170,NaN,NaN,NaN,1785872354.83408,19897.34692444,2.31253123283386,0.0165250301361084,0.292238712310791,0.967176914215088,1.34991002082825,1.52559733390808,1.56729507446289,1.56729507446289,-1,-1,1.86130714416504,275.713682174683,175.687313079834,41.6977405548096,217.385053634644,Instruction,Right,Left,Left,Left,Left,1,0,0,0,0,NaN,NaN,NaN,NaN,NaN,NaN,NaN,NaN,1,0,0,0,0,0,277,NaN,20260804_t1517_srsSmooth_Moretraining_B004,7,NaN,21.4326264063517,1.19533467292786,NaN,NaN,NaN,0,NaN,NaN,NaN,NaN,0
20260804_t1517_srsSmooth_Moretraining,srs_smooth_Moretraining,trial0498.mat,498,498,277,4,9,7,74,24,50,8,2,0,3,1,29,7125,1,2,2,1,2,1,2,1,2,1,SINGLE_T2_CORRECT,11,455,1,0,0,0,0,0,113,157,157,113,-44,157,1,180,190,0,10,180,-170,170,NaN,NaN,NaN,1785872358.30309,19900.8158926,2.43524312973022,0.0143144130706787,0.24015212059021,1.02351927757263,1.48937249183655,1.70646810531616,1.74833965301514,1.74833965301514,-1,-1,1.9759202003479,225.837707519531,217.095613479614,41.8715476989746,258.967161178589,Instruction,Left,Right,Right,Right,Right,1,0,0,0,0,NaN,NaN,NaN,NaN,NaN,NaN,NaN,NaN,0,1,1,0,0,0,278,NaN,20260804_t1517_srsSmooth_Moretraining_B004,8,NaN,21.4904432654381,1.15648031234741,NaN,NaN,NaN,0,NaN,NaN,NaN,NaN,0
20260804_t1517_srsSmooth_Moretraining,srs_smooth_Moretraining,trial0499.mat,499,499,278,4,10,8,74,24,50,8,2,0,1,1,5,1331,1,1,1,2,2,2,1,1,1,1,SINGLE_T1_CORRECT,10,455,1,0,0,0,0,0,96,118,118,96,-22,96,1,0,180,10,180,10,170,170,NaN,NaN,NaN,1785872361.89426,19904.40706016,2.39434123039246,0.0149486064910889,0.240341186523438,0.882241725921631,1.3566677570343,1.72411203384399,1.76547694206238,1.76547694206238,-1,-1,1.9931218624115,225.392580032349,367.444276809692,41.3649082183838,408.809185028076,Instruction,Right,Left,Right,Left,Right,1,0,0,0,0,NaN,NaN,NaN,NaN,NaN,NaN,NaN,NaN,1,0,1,0,1,0,279,NaN,20260804_t1517_srsSmooth_Moretraining_B004,9,NaN,21.5502961436907,1.15592956542969,NaN,NaN,NaN,0,NaN,NaN,NaN,NaN,0
20260804_t1517_srsSmooth_Moretraining,srs_smooth_Moretraining,trial0500.mat,500,500,279,4,11,9,74,24,50,8,2,0,3,1,33,7999,1,2,2,1,2,1,2,1,2,1,SINGLE_T2_CORRECT,11,455,1,0,0,0,0,0,97,163,163,97,-66,163,1,0,10,180,10,180,-170,170,NaN,NaN,NaN,1785872365.42401,19907.93674068,2.48136329650879,0.0186741352081299,0.252337455749512,0.994437456130981,1.4937310218811,1.72760248184204,1.76085662841797,1.76085662841797,-1,-1,2.01310276985168,233.663320541382,233.871459960938,33.2541465759277,267.125606536865,Instruction,Left,Right,Right,Right,Right,1,0,0,0,0,NaN,NaN,NaN,NaN,NaN,NaN,NaN,NaN,0,1,1,0,0,0,280,NaN,20260804_t1517_srsSmooth_Moretraining_B004,10,NaN,21.6091252366702,1.13540434837341,NaN,NaN,NaN,0,NaN,NaN,NaN,NaN,0
20260804_t1517_srsSmooth_Moretraining,srs_smooth_Moretraining,trial0501.mat,501,501,280,4,12,10,74,24,50,8,2,0,2,1,14,31721,1,1,2,1,2,1,1,2,1,2,SINGLE_T1_CORRECT,10,455,1,0,0,0,0,0,100,148,148,100,-48,100,1,180,0,190,180,10,170,170,NaN,NaN,NaN,1785872369.0554,19911.56809304,2.11671566963196,0.0124242305755615,0.221116065979004,0.846220254898071,1.18747019767761,1.37959933280945,1.42116498947144,1.42116498947144,-1,-1,1.71549892425537,208.691835403442,192.129135131836,41.5656566619873,233.694791793823,Instruction,Left,Right,Left,Right,Left,1,0,0,0,0,NaN,NaN,NaN,NaN,NaN,NaN,NaN,NaN,0,1,0,0,1,0,281,NaN,20260804_t1517_srsSmooth_Moretraining_B004,11,NaN,21.6696484168371,1.15002751350403,NaN,NaN,NaN,0,NaN,NaN,NaN,NaN,0
20260804_t1517_srsSmooth_Moretraining,srs_smooth_Moretraining,trial0502.mat,502,502,281,4,13,11,74,24,50,8,2,0,3,1,32,15876,1,2,2,1,2,1,2,1,2,1,SINGLE_T2_CORRECT,11,455,1,0,0,0,0,0,100,109,109,100,-9,109,1,0,10,180,10,180,-170,170,NaN,NaN,NaN,1785872372.30709,19914.8195698,2.63231754302979,0.0191938877105713,0.278144598007202,1.03643035888672,1.64425683021545,1.91973519325256,1.96128940582275,1.96128940582275,-1,-1,2.22188472747803,258.950710296631,275.478363037109,41.5542125701904,317.0325756073,Instruction,Left,Right,Right,Right,Right,1,0,0,0,0,NaN,NaN,NaN,NaN,NaN,NaN,NaN,NaN,0,1,1,0,0,0,282,NaN,20260804_t1517_srsSmooth_Moretraining_B004,12,NaN,21.7238432725271,1.13497567176819,NaN,NaN,NaN,0,NaN,NaN,NaN,NaN,0
20260804_t1517_srsSmooth_Moretraining,srs_smooth_Moretraining,trial0503.mat,503,503,282,4,14,12,74,24,50,8,2,0,2,1,16,17264,1,1,2,1,2,1,1,2,0,0,,0,11,0,1,0,0,0,0,90,159,159,90,-69,NaN,1,0,180,10,180,10,170,170,NaN,NaN,NaN,1785872376.08434,19918.59689464,1.35370683670044,0.0170881748199463,0.234097957611084,0.809219360351562,-1,-1,-1,-1,-1,-1,-1,217.009782791138,NaN,NaN,NaN,Instruction,Left,Right,None,Right,Left,1,0,0,0,0,NaN,NaN,NaN,NaN,NaN,NaN,NaN,NaN,0,1,0,0,1,0,282,NaN,20260804_t1517_srsSmooth_Moretraining_B004,NaN,NaN,21.7867974837621,1.144935131073,NaN,NaN,NaN,0,NaN,NaN,NaN,NaN,0
20260804_t1517_srsSmooth_Moretraining,srs_smooth_Moretraining,trial0504.mat,504,504,282,4,15,12,74,24,50,8,2,0,4,1,40,8441,1,2,1,2,2,2,2,2,2,2,SINGLE_T2_CORRECT,11,455,1,0,0,0,0,0,99,141,141,99,-42,141,1,180,190,0,10,180,-170,170,NaN,NaN,NaN,1785872378.51728,19921.02961284,2.24734091758728,0.0175747871398926,0.276266098022461,0.90132212638855,1.30929183959961,1.50150847434998,1.5346040725708,1.5346040725708,-1,-1,1.80341386795044,258.691310882568,192.216634750366,33.0955982208252,225.312232971191,Instruction,Right,Left,Left,Left,Left,1,0,0,0,0,NaN,NaN,NaN,NaN,NaN,NaN,NaN,NaN,1,0,0,0,0,0,283,NaN,20260804_t1517_srsSmooth_Moretraining_B004,13,NaN,21.8273465077082,1.07923460006714,NaN,NaN,NaN,0,NaN,NaN,NaN,NaN,0
20260804_t1517_srsSmooth_Moretraining,srs_smooth_Moretraining,trial0505.mat,505,505,283,4,16,13,74,24,50,8,2,0,4,1,49,20981,1,2,1,2,2,2,2,2,0,0,,0,11,0,1,0,0,0,0,85,126,126,85,-41,NaN,1,0,10,180,10,180,-170,170,NaN,NaN,NaN,1785872381.9574,19924.46985356,1.33219265937805,0.0109279155731201,0.253144025802612,0.786370992660522,-1,-1,-1,-1,-1,-1,-1,242.216110229492,NaN,NaN,NaN,Instruction,Right,Left,None,Left,Left,1,0,0,0,0,NaN,NaN,NaN,NaN,NaN,NaN,NaN,NaN,1,0,0,0,0,0,283,NaN,20260804_t1517_srsSmooth_Moretraining_B004,NaN,NaN,21.8846817572912,1.19277405738831,NaN,NaN,NaN,0,NaN,NaN,NaN,NaN,0
20260804_t1517_srsSmooth_Moretraining,srs_smooth_Moretraining,trial0506.mat,506,506,283,4,17,13,74,24,50,8,2,0,4,1,39,20210,1,2,1,2,2,2,2,2,2,2,SINGLE_T2_CORRECT,11,455,1,0,0,0,0,0,120,127,127,120,-7,127,1,180,190,0,10,180,-170,170,NaN,NaN,NaN,1785872384.35817,19926.87058004,2.21440434455872,0.0185811519622803,0.194128274917603,0.885877847671509,1.28529739379883,1.46919202804565,1.50226593017578,1.50226593017578,-1,-1,1.78844094276428,175.547122955322,183.894634246826,33.073902130127,216.968536376953,Instruction,Right,Left,Left,Left,Left,1,0,0,0,0,NaN,NaN,NaN,NaN,NaN,NaN,NaN,NaN,1,0,0,0,0,0,284,NaN,20260804_t1517_srsSmooth_Moretraining_B004,14,NaN,21.9246946493785,1.06858086585999,NaN,NaN,NaN,0,NaN,NaN,NaN,NaN,0
20260804_t1517_srsSmooth_Moretraining,srs_smooth_Moretraining,trial0507.mat,507,507,284,4,18,14,74,24,50,8,2,0,3,1,31,27985,1,2,2,1,2,1,2,1,0,0,,0,11,0,1,0,0,0,0,111,138,138,111,-27,NaN,1,0,10,180,10,180,-170,170,NaN,NaN,NaN,1785872387.70569,19930.21784568,1.53295993804932,0.0128593444824219,0.288471937179565,0.996703386306763,-1,-1,-1,-1,-1,-1,-1,275.612592697144,NaN,NaN,NaN,Instruction,Left,Right,None,Right,Right,1,0,0,0,0,NaN,NaN,NaN,NaN,NaN,NaN,NaN,NaN,0,1,1,0,0,0,284,NaN,20260804_t1517_srsSmooth_Moretraining_B004,NaN,NaN,21.9804866313934,1.13311457633972,NaN,NaN,NaN,0,NaN,NaN,NaN,NaN,0
20260804_t1517_srsSmooth_Moretraining,srs_smooth_Moretraining,trial0508.mat,508,508,284,4,19,14,74,24,50,8,2,0,3,1,27,27007,1,2,2,1,2,1,2,1,0,0,,0,454,0,1,0,0,0,0,97,159,159,97,-62,NaN,1,0,10,180,10,180,-170,170,NaN,NaN,NaN,1785872390.28045,19932.7926662,1.34212827682495,0.0131974220275879,0.230233430862427,0.738652229309082,1.1049063205719,1.26375341415405,-1,-1,-1,-1,-1,217.036008834839,158.847093582153,NaN,NaN,Instruction,Left,Right,None,Right,Right,1,0,0,0,0,NaN,NaN,NaN,NaN,NaN,NaN,NaN,NaN,0,1,1,0,0,0,284,NaN,20260804_t1517_srsSmooth_Moretraining_B004,NaN,NaN,22.0233993490537,1.04180312156677,NaN,NaN,NaN,0,NaN,NaN,NaN,NaN,0
20260804_t1517_srsSmooth_Moretraining,srs_smooth_Moretraining,trial0509.mat,509,509,284,4,20,14,74,24,50,8,2,0,1,1,8,17533,1,1,1,2,2,2,1,1,1,1,SINGLE_T1_CORRECT,10,455,1,0,0,0,0,0,75,155,155,75,-80,75,1,0,180,10,180,10,170,170,NaN,NaN,NaN,1785872392.60515,19935.11729056,2.07573056221008,0.0135946273803711,0.197445392608643,0.756091356277466,1.15530562400818,1.43087792396545,1.4643247127533,1.4643247127533,-1,-1,1.70007705688477,183.850765228271,275.572299957275,33.4467887878418,309.019088745117,Instruction,Right,Left,Right,Left,Right,1,0,0,0,0,NaN,NaN,NaN,NaN,NaN,NaN,NaN,NaN,1,0,1,0,1,0,285,NaN,20260804_t1517_srsSmooth_Moretraining_B004,15,NaN,22.0621442437172,0.982565402984619,NaN,NaN,NaN,0,NaN,NaN,NaN,NaN,0
20260804_t1517_srsSmooth_Moretraining,srs_smooth_Moretraining,trial0510.mat,510,510,285,4,21,15,74,24,50,8,2,0,4,1,43,20317,1,2,1,2,2,2,2,2,0,0,,0,11,0,1,0,0,0,0,86,159,159,86,-73,NaN,1,0,10,180,10,180,-170,170,NaN,NaN,NaN,1785872395.81118,19938.32333408,1.37816190719604,0.0160248279571533,0.175264596939087,0.783499717712402,-1,-1,-1,-1,-1,-1,-1,159.239768981934,NaN,NaN,NaN,Instruction,Right,Left,None,Left,Left,1,0,0,0,0,NaN,NaN,NaN,NaN,NaN,NaN,NaN,NaN,1,0,0,0,0,0,285,NaN,20260804_t1517_srsSmooth_Moretraining_B004,NaN,NaN,22.1155780593554,1.13029837608337,NaN,NaN,NaN,0,NaN,NaN,NaN,NaN,0
20260804_t1517_srsSmooth_Moretraining,srs_smooth_Moretraining,trial0514.mat,514,514,285,4,25,15,74,24,50,8,2,0,2,1,21,9577,1,1,2,1,2,1,1,2,1,2,SINGLE_T1_CORRECT,10,455,1,0,0,0,0,0,106,165,165,106,-59,106,1,0,180,10,180,10,170,170,NaN,NaN,NaN,1785872402.25823,19944.77012452,2.14783620834351,0.0108919143676758,0.295038223266602,0.803182601928711,1.26094102859497,1.46161603927612,1.49492287635803,1.49492287635803,-1,-1,1.73894858360291,284.146308898926,200.675010681152,33.3068370819092,233.981847763062,Instruction,Left,Right,Left,Right,Left,1,0,0,0,0,NaN,NaN,NaN,NaN,NaN,NaN,NaN,NaN,0,1,0,0,1,0,286,NaN,20260804_t1517_srsSmooth_Moretraining_B004,16,NaN,22.223028922081,5.0688898563385,NaN,NaN,NaN,0,NaN,NaN,NaN,NaN,0
20260804_t1517_srsSmooth_Moretraining,srs_smooth_Moretraining,trial0515.mat,515,515,286,4,26,16,74,24,50,8,2,0,2,1,17,28804,1,1,2,1,2,1,1,2,1,2,SINGLE_T1_CORRECT,10,455,1,0,0,0,0,0,83,163,163,83,-80,83,1,180,0,190,180,10,170,170,NaN,NaN,NaN,1785872405.54466,19948.0566558,2.19582152366638,0.0162589550018311,0.216718673706055,0.891828536987305,1.29130911827087,1.51672530174255,1.5585150718689,1.5585150718689,-1,-1,1.81113839149475,200.459718704224,225.41618347168,41.7897701263428,267.205953598022,Instruction,Left,Right,Left,Right,Left,1,0,0,0,0,NaN,NaN,NaN,NaN,NaN,NaN,NaN,NaN,0,1,0,0,1,0,287,NaN,20260804_t1517_srsSmooth_Moretraining_B004,17,NaN,22.2778027375539,1.13859272003174,NaN,NaN,NaN,0,NaN,NaN,NaN,NaN,0
20260804_t1517_srsSmooth_Moretraining,srs_smooth_Moretraining,trial0516.mat,516,516,287,4,27,17,74,24,50,8,2,0,3,1,36,3222,1,2,2,1,2,1,2,1,2,1,SINGLE_T2_CORRECT,11,455,1,0,0,0,0,0,118,149,149,118,-31,149,1,180,190,0,10,180,-170,170,NaN,NaN,NaN,1785872408.88045,19951.39230948,2.42674517631531,0.0139281749725342,0.189401388168335,0.931274890899658,1.46398544311523,1.68142461776733,1.72318553924561,1.72318553924561,-1,-1,1.97539114952087,175.473213195801,217.4391746521,41.7609214782715,259.200096130371,Instruction,Left,Right,Right,Right,Right,1,0,0,0,0,NaN,NaN,NaN,NaN,NaN,NaN,NaN,NaN,0,1,1,0,0,0,288,NaN,20260804_t1517_srsSmooth_Moretraining_B004,18,NaN,22.3333993156751,1.13997316360474,NaN,NaN,NaN,0,NaN,NaN,NaN,NaN,0
20260804_t1517_srsSmooth_Moretraining,srs_smooth_Moretraining,trial0517.mat,517,517,288,4,28,18,74,24,50,8,2,0,4,1,47,14542,1,2,1,2,2,2,2,2,2,2,SINGLE_T2_CORRECT,11,455,1,0,0,0,0,0,110,144,144,110,-34,144,1,0,10,180,10,180,-170,170,NaN,NaN,NaN,1785872412.48764,19954.9993912,2.33612036705017,0.0152134895324707,0.299289703369141,1.03243064880371,1.39026761054993,1.59081530570984,1.62413263320923,1.62413263320923,-1,-1,1.89281344413757,284.07621383667,200.547695159912,33.3173274993896,233.865022659302,Instruction,Right,Left,Left,Left,Left,1,0,0,0,0,NaN,NaN,NaN,NaN,NaN,NaN,NaN,NaN,1,0,0,0,0,0,289,NaN,20260804_t1517_srsSmooth_Moretraining_B004,19,NaN,22.3935191432635,1.18044447898865,NaN,NaN,NaN,0,NaN,NaN,NaN,NaN,0
20260804_t1517_srsSmooth_Moretraining,srs_smooth_Moretraining,trial0518.mat,518,518,289,4,29,19,74,24,50,8,2,0,4,1,50,31197,1,2,1,2,2,2,2,2,2,2,SINGLE_T2_CORRECT,11,455,1,0,0,0,0,0,111,127,127,111,-16,127,1,180,190,0,10,180,-170,170,NaN,NaN,NaN,1785872415.97069,19958.48240004,2.46162939071655,0.0156378746032715,0.291034698486328,0.957898139953613,1.51569700241089,1.716233253479,1.74949908256531,1.74949908256531,-1,-1,2.03513956069946,275.396823883057,200.536251068115,33.2658290863037,233.802080154419,Instruction,Right,Left,Left,Left,Left,1,0,0,0,0,NaN,NaN,NaN,NaN,NaN,NaN,NaN,NaN,1,0,0,0,0,0,290,NaN,20260804_t1517_srsSmooth_Moretraining_B004,20,NaN,22.4515699068705,1.14692544937134,NaN,NaN,NaN,0,NaN,NaN,NaN,NaN,0
20260804_t1517_srsSmooth_Moretraining,srs_smooth_Moretraining,trial0519.mat,519,519,290,4,30,20,74,24,50,8,2,0,2,1,20,4786,1,1,2,1,2,1,1,2,1,2,SINGLE_T1_CORRECT,10,455,1,0,0,0,0,0,100,137,137,100,-37,100,1,180,0,190,180,10,170,170,NaN,NaN,NaN,1785872419.59297,19962.1046628,2.2726686000824,0.018500804901123,0.235540628433228,0.902382612228394,1.4018886089325,1.61053252220154,1.63550686836243,1.63550686836243,-1,-1,1.87129163742065,217.039823532104,208.643913269043,24.9743461608887,233.618259429932,Instruction,Left,Right,Left,Right,Left,1,0,0,0,0,NaN,NaN,NaN,NaN,NaN,NaN,NaN,NaN,0,1,0,0,1,0,291,NaN,20260804_t1517_srsSmooth_Moretraining_B004,21,NaN,22.5119412263234,1.16064977645874,NaN,NaN,NaN,0,NaN,NaN,NaN,NaN,0
20260804_t1517_srsSmooth_Moretraining,srs_smooth_Moretraining,trial0520.mat,520,520,291,4,31,21,74,24,50,8,2,0,4,1,46,31429,1,2,1,2,2,2,2,2,2,2,SINGLE_T2_CORRECT,11,455,1,0,0,0,0,0,82,149,149,82,-67,149,1,180,190,0,10,180,-170,170,NaN,NaN,NaN,1785872423.00697,19965.51860224,2.32512474060059,0.0129592418670654,0.246695041656494,0.813261747360229,1.33801126480103,1.58832931518555,1.6216926574707,1.6216926574707,-1,-1,1.87392473220825,233.735799789429,250.318050384521,33.3633422851562,283.681392669678,Instruction,Right,Left,Left,Left,Left,1,0,0,0,0,NaN,NaN,NaN,NaN,NaN,NaN,NaN,NaN,1,0,0,0,0,0,292,NaN,20260804_t1517_srsSmooth_Moretraining_B004,22,NaN,22.5688413659732,1.14133977890015,NaN,NaN,NaN,0,NaN,NaN,NaN,NaN,0
20260804_t1517_srsSmooth_Moretraining,srs_smooth_Moretraining,trial0521.mat,521,521,292,4,32,22,74,24,50,8,2,0,3,1,37,23139,1,2,2,1,2,1,2,1,2,1,SINGLE_T2_CORRECT,11,455,1,0,0,0,0,0,99,159,159,99,-60,159,1,180,190,0,10,180,-170,170,NaN,NaN,NaN,1785872426.47646,19968.98799392,2.35592246055603,0.0186121463775635,0.244367837905884,0.802946329116821,1.31866312026978,1.55295920372009,1.59463429450989,1.59463429450989,-1,-1,1.89725685119629,225.75569152832,234.296083450317,41.6750907897949,275.971174240112,Instruction,Left,Right,Right,Right,Right,1,0,0,0,0,NaN,NaN,NaN,NaN,NaN,NaN,NaN,NaN,0,1,1,0,0,0,293,NaN,20260804_t1517_srsSmooth_Moretraining_B004,23,NaN,22.6266661047936,1.14435958862305,NaN,NaN,NaN,0,NaN,NaN,NaN,NaN,0
20260804_t1517_srsSmooth_Moretraining,srs_smooth_Moretraining,trial0522.mat,522,522,293,4,33,23,74,24,50,8,2,0,4,1,42,15287,1,2,1,2,2,2,2,2,2,2,SINGLE_T2_CORRECT,11,455,1,0,0,0,0,0,70,159,159,70,-89,159,1,0,10,180,10,180,-170,170,NaN,NaN,NaN,1785872429.98052,19972.49202232,2.50213122367859,0.0146844387054443,0.281832695007324,0.948562860488892,1.53974413871765,1.79051303863525,1.82356882095337,1.82356882095337,-1,-1,2.04286980628967,267.14825630188,250.768899917603,33.0557823181152,283.824682235718,Instruction,Right,Left,Left,Left,Left,1,0,0,0,0,NaN,NaN,NaN,NaN,NaN,NaN,NaN,NaN,1,0,0,0,0,0,294,NaN,20260804_t1517_srsSmooth_Moretraining_B004,24,NaN,22.6850671807925,1.14814209938049,NaN,NaN,NaN,0,NaN,NaN,NaN,NaN,0
20260804_t1517_srsSmooth_Moretraining,srs_smooth_Moretraining,trial0523.mat,523,523,294,4,34,24,74,24,50,8,2,0,2,1,24,32364,1,1,2,1,2,1,1,2,1,2,SINGLE_T1_CORRECT,10,455,1,0,0,0,0,0,95,154,154,95,-59,95,1,0,180,10,180,10,170,170,NaN,NaN,NaN,1785872433.62562,19976.13690972,2.45716142654419,0.0113952159881592,0.128528356552124,0.903529405593872,1.51145434379578,1.75362825393677,1.78676295280457,1.78676295280457,-1,-1,2.06404566764832,117.133140563965,242.173910140991,33.1346988677979,275.308609008789,Instruction,Left,Right,Left,Right,Left,1,0,0,0,0,NaN,NaN,NaN,NaN,NaN,NaN,NaN,NaN,0,1,0,0,1,0,295,NaN,20260804_t1517_srsSmooth_Moretraining_B004,25,NaN,22.7458188335101,1.14296793937683,NaN,NaN,NaN,0,NaN,NaN,NaN,NaN,0
20260804_t1517_srsSmooth_Moretraining,srs_smooth_Moretraining,trial0524.mat,524,524,295,4,35,25,74,24,50,8,2,0,1,1,11,4955,1,1,1,2,2,2,1,1,1,1,SINGLE_T1_CORRECT,10,455,1,0,0,0,0,0,117,135,135,117,-18,117,1,0,180,10,180,10,170,170,NaN,NaN,NaN,1785872437.23837,19979.74964224,2.11958718299866,0.0154528617858887,0.216146230697632,0.732959270477295,1.1488311290741,1.39136791229248,1.42437481880188,1.42437481880188,-1,-1,1.70142292976379,200.693368911743,242.536783218384,33.0069065093994,275.543689727783,Instruction,Right,Left,Right,Left,Right,1,0,0,0,0,NaN,NaN,NaN,NaN,NaN,NaN,NaN,NaN,1,0,1,0,1,0,296,NaN,20260804_t1517_srsSmooth_Moretraining_B004,26,NaN,22.8060313542684,1.15558981895447,NaN,NaN,NaN,0,NaN,NaN,NaN,NaN,0
20260804_t1517_srsSmooth_Moretraining,srs_smooth_Moretraining,trial0525.mat,525,525,296,4,36,26,74,24,50,8,2,0,1,1,10,23151,1,1,1,2,2,2,1,1,1,1,SINGLE_T1_CORRECT,10,455,1,0,0,0,0,0,85,154,154,85,-69,85,1,180,0,190,180,10,170,170,NaN,NaN,NaN,1785872440.56231,19983.07334484,2.20422840118408,0.0166506767272949,0.217222452163696,0.725381851196289,1.20003080368042,1.49218201637268,1.53408575057983,1.53408575057983,-1,-1,1.81979894638062,200.571775436401,292.151212692261,41.9037342071533,334.054946899414,Instruction,Right,Left,Right,Left,Right,1,0,0,0,0,NaN,NaN,NaN,NaN,NaN,NaN,NaN,NaN,1,0,1,0,1,0,297,NaN,20260804_t1517_srsSmooth_Moretraining_B004,27,NaN,22.8614302436511,1.20434617996216,NaN,NaN,NaN,0,NaN,NaN,NaN,NaN,0
20260804_t1517_srsSmooth_Moretraining,srs_smooth_Moretraining,trial0526.mat,526,526,297,4,37,27,74,24,50,8,2,0,2,1,15,2771,1,1,2,1,2,1,1,2,1,2,SINGLE_T1_CORRECT,10,455,1,0,0,0,0,0,86,156,156,86,-70,86,1,0,180,10,180,10,170,170,NaN,NaN,NaN,1785872443.93921,19986.45036204,2.31068158149719,0.0148799419403076,0.240722417831421,0.915481805801392,1.40660095214844,1.61548948287964,1.64882850646973,1.64882850646973,-1,-1,1.92617583274841,225.842475891113,208.888530731201,33.3390235900879,242.227554321289,Instruction,Left,Right,Left,Right,Left,1,0,0,0,0,NaN,NaN,NaN,NaN,NaN,NaN,NaN,NaN,0,1,0,0,1,0,298,NaN,20260804_t1517_srsSmooth_Moretraining_B004,28,NaN,22.9177119731903,1.17267537117004,NaN,NaN,NaN,0,NaN,NaN,NaN,NaN,0
20260804_t1517_srsSmooth_Moretraining,srs_smooth_Moretraining,trial0527.mat,527,527,298,4,38,28,74,24,50,8,2,0,4,1,38,32320,1,2,1,2,2,2,2,2,2,2,SINGLE_T2_CORRECT,11,455,1,0,0,0,0,0,120,119,119,120,1,119,1,0,10,180,10,180,-170,170,NaN,NaN,NaN,1785872447.37983,19989.89092276,2.02818703651428,0.0160658359527588,0.208231449127197,0.741458892822266,1.10777568817139,1.30825114250183,1.34986758232117,1.34986758232117,-1,-1,1.61068439483643,192.165613174438,200.475454330444,41.6164398193359,242.09189414978,Instruction,Right,Left,Left,Left,Left,1,0,0,0,0,NaN,NaN,NaN,NaN,NaN,NaN,NaN,NaN,1,0,0,0,0,0,299,NaN,20260804_t1517_srsSmooth_Moretraining_B004,29,NaN,22.9750555753708,1.12993454933167,NaN,NaN,NaN,0,NaN,NaN,NaN,NaN,0
20260804_t1517_srsSmooth_Moretraining,srs_smooth_Moretraining,trial0528.mat,528,528,299,4,39,29,74,24,50,8,2,0,4,1,49,20981,1,2,1,2,2,2,2,2,2,2,SINGLE_T2_CORRECT,11,455,1,0,0,0,0,0,122,150,150,122,-28,150,1,0,10,180,10,180,-170,170,NaN,NaN,NaN,1785872450.56845,19993.079382,2.36549234390259,0.0192315578460693,0.236291885375977,0.844706058502197,1.39428544044495,1.63636374473572,1.66974925994873,1.66974925994873,-1,-1,1.91368746757507,217.060327529907,242.078304290771,33.3855152130127,275.463819503784,Instruction,Right,Left,Left,Left,Left,1,0,0,0,0,NaN,NaN,NaN,NaN,NaN,NaN,NaN,NaN,1,0,0,0,0,0,300,NaN,20260804_t1517_srsSmooth_Moretraining_B004,30,NaN,23.0281993627548,1.16044020652771,NaN,NaN,NaN,0,NaN,NaN,NaN,NaN,0
20260804_t1517_srsSmooth_Moretraining,srs_smooth_Moretraining,trial0529.mat,529,529,300,4,40,30,74,24,50,8,2,0,3,1,35,29042,1,2,2,1,2,1,2,1,2,1,SINGLE_T2_CORRECT,11,455,1,0,0,0,0,0,88,154,154,88,-66,154,1,0,10,180,10,180,-170,170,NaN,NaN,NaN,1785872454.08369,19996.59469756,2.11628818511963,0.0124690532684326,0.129549503326416,0.737916707992554,1.09584498405457,1.36299705505371,1.40457510948181,1.40457510948181,-1,-1,1.66529130935669,117.080450057983,267.152070999146,41.5780544281006,308.730125427246,Instruction,Left,Right,Right,Right,Right,1,0,0,0,0,NaN,NaN,NaN,NaN,NaN,NaN,NaN,NaN,0,1,1,0,0,0,301,NaN,20260804_t1517_srsSmooth_Moretraining_B004,31,NaN,23.086786588033,1.14974117279053,NaN,NaN,NaN,0,NaN,NaN,NaN,NaN,0
20260804_t1517_srsSmooth_Moretraining,srs_smooth_Moretraining,trial0530.mat,530,530,301,4,41,31,74,24,50,8,2,0,4,1,44,17532,1,2,1,2,2,2,2,2,2,2,SINGLE_T2_CORRECT,11,455,1,0,0,0,0,0,97,169,169,97,-72,169,1,0,10,180,10,180,-170,170,NaN,NaN,NaN,1785872457.3374,19999.84828688,2.23853135108948,0.0172145366668701,0.143029928207397,0.701247215270996,1.25893068313599,1.49300193786621,1.53455686569214,1.53455686569214,-1,-1,1.7710645198822,125.815391540527,234.071254730225,41.5549278259277,275.626182556152,Instruction,Right,Left,Left,Left,Left,1,0,0,0,0,NaN,NaN,NaN,NaN,NaN,NaN,NaN,NaN,1,0,0,0,0,0,302,NaN,20260804_t1517_srsSmooth_Moretraining_B004,32,NaN,23.1410151958466,1.13742828369141,NaN,NaN,NaN,0,NaN,NaN,NaN,NaN,0
20260804_t1517_srsSmooth_Moretraining,srs_smooth_Moretraining,trial0531.mat,531,531,302,4,42,32,74,24,50,8,2,0,3,1,34,32161,1,2,2,1,2,1,2,1,2,1,SINGLE_T2_CORRECT,11,455,1,0,0,0,0,0,92,149,149,92,-57,149,1,0,10,180,10,180,-170,170,NaN,NaN,NaN,1785872460.70961,20003.22045584,2.14160943031311,0.011812686920166,0.195924043655396,0.779028415679932,1.16185832023621,1.4039888381958,1.44593811035156,1.44593811035156,-1,-1,1.68934535980225,184.111356735229,242.130517959595,41.9492721557617,284.079790115356,Instruction,Left,Right,Right,Right,Right,1,0,0,0,0,NaN,NaN,NaN,NaN,NaN,NaN,NaN,NaN,0,1,1,0,0,0,303,NaN,20260804_t1517_srsSmooth_Moretraining_B004,33,NaN,23.1972185452779,1.13366961479187,NaN,NaN,NaN,0,NaN,NaN,NaN,NaN,0
20260804_t1517_srsSmooth_Moretraining,srs_smooth_Moretraining,trial0532.mat,532,532,303,4,43,33,74,24,50,8,2,0,4,1,48,11145,1,2,1,2,2,2,2,2,2,2,SINGLE_T2_CORRECT,11,455,1,0,0,0,0,0,84,165,165,84,-81,165,1,180,190,0,10,180,-170,170,NaN,NaN,NaN,1785872464.01525,20006.525854,2.49380016326904,0.0146334171295166,0.248387575149536,1.03185677528381,1.52302646636963,1.71505618095398,1.74850797653198,1.74850797653198,-1,-1,2.02564311027527,233.75415802002,192.029714584351,33.4517955780029,225.481510162354,Instruction,Right,Left,Left,Left,Left,1,0,0,0,0,NaN,NaN,NaN,NaN,NaN,NaN,NaN,NaN,1,0,0,0,0,0,304,NaN,20260804_t1517_srsSmooth_Moretraining_B004,34,NaN,23.252312596639,1.16403365135193,NaN,NaN,NaN,0,NaN,NaN,NaN,NaN,0
20260804_t1517_srsSmooth_Moretraining,srs_smooth_Moretraining,trial0533.mat,533,533,304,4,44,34,74,24,50,8,2,0,2,1,22,29706,1,1,2,1,2,1,1,2,1,2,SINGLE_T1_CORRECT,10,455,1,0,0,0,0,0,82,151,151,82,-69,82,1,0,180,10,180,10,170,170,NaN,NaN,NaN,1785872467.66217,20010.17281316,1.96375918388367,0.0178594589233398,0.243465423583984,0.926616907119751,1.2929105758667,1.3184335231781,1.35178112983704,1.35178112983704,-1,-1,1.57909893989563,225.605964660645,25.5229473114014,33.3476066589355,58.8705539703369,Instruction,Left,Right,Left,Right,Left,1,0,0,0,0,NaN,NaN,NaN,NaN,NaN,NaN,NaN,NaN,0,1,0,0,1,0,305,NaN,20260804_t1517_srsSmooth_Moretraining_B004,35,NaN,23.3130945642789,1.15311789512634,NaN,NaN,NaN,0,NaN,NaN,NaN,NaN,0
20260804_t1517_srsSmooth_Moretraining,srs_smooth_Moretraining,trial0534.mat,534,534,305,4,45,35,74,24,50,8,2,0,3,1,27,27007,1,2,2,1,2,1,2,1,2,1,SINGLE_T2_CORRECT,11,455,1,0,1,0,0,0,110,104,104,110,6,104,1,0,10,180,10,180,-170,170,NaN,NaN,NaN,1785872470.77185,20013.28241572,2.35418486595154,0.0166358947753906,0.234284162521362,0.7589111328125,1.36668848991394,1.62535381317139,1.66725206375122,1.66725206375122,-1,-1,1.95281672477722,217.648267745972,258.665323257446,41.898250579834,300.56357383728,Instruction,Left,Right,Right,Right,Right,1,0,0,0,0,NaN,NaN,NaN,NaN,NaN,NaN,NaN,NaN,0,1,1,0,0,0,306,NaN,20260804_t1517_srsSmooth_Moretraining_B004,36,NaN,23.3649225751559,1.14592146873474,NaN,NaN,NaN,0,NaN,NaN,NaN,NaN,0
20260804_t1517_srsSmooth_Moretraining,srs_smooth_Moretraining,trial0535.mat,535,535,306,4,46,36,74,24,50,8,2,0,2,1,13,7323,1,1,2,1,2,1,1,2,0,0,,0,11,0,1,0,0,0,0,88,139,139,88,-51,NaN,1,0,180,10,180,10,170,170,NaN,NaN,NaN,1785872474.2988,20016.80938792,0.834314107894897,0.0148217678070068,0.198605060577393,-1,-1,-1,-1,-1,-1,-1,-1,183.783292770386,NaN,NaN,NaN,Instruction,Left,Right,None,Right,Left,1,0,0,0,0,NaN,NaN,NaN,NaN,NaN,NaN,NaN,NaN,0,1,0,0,1,0,306,NaN,20260804_t1517_srsSmooth_Moretraining_B004,NaN,NaN,23.423705124855,1.17276811599731,NaN,NaN,NaN,0,NaN,NaN,NaN,NaN,0
20260804_t1517_srsSmooth_Moretraining,srs_smooth_Moretraining,trial0536.mat,536,536,306,4,47,36,74,24,50,8,2,0,3,1,28,26080,1,2,2,1,2,1,2,1,2,1,SINGLE_T2_CORRECT,11,455,1,0,0,0,0,0,104,163,163,104,-59,163,1,0,10,180,10,180,-170,170,NaN,NaN,NaN,1785872476.17589,20018.68634596,2.40075349807739,0.0128083229064941,0.188602447509766,0.980386972427368,1.3711953163147,1.63040733337402,1.67214941978455,1.67214941978455,-1,-1,1.93277764320374,175.794124603271,259.212017059326,41.7420864105225,300.954103469849,Instruction,Left,Right,Right,Right,Right,1,0,0,0,0,NaN,NaN,NaN,NaN,NaN,NaN,NaN,NaN,0,1,1,0,0,0,307,NaN,20260804_t1517_srsSmooth_Moretraining_B004,37,NaN,23.454989918073,1.04277348518372,NaN,NaN,NaN,0,NaN,NaN,NaN,NaN,0
20260804_t1517_srsSmooth_Moretraining,srs_smooth_Moretraining,trial0537.mat,537,537,307,4,48,37,74,24,50,8,2,0,2,1,18,10277,1,1,2,1,2,1,1,2,1,2,SINGLE_T1_CORRECT,10,455,1,0,0,0,0,0,92,159,159,92,-67,92,1,0,180,10,180,10,170,170,NaN,NaN,NaN,1785872479.71314,20022.2235252,2.38888072967529,0.0173640251159668,0.242796897888184,0.809416055679321,1.40908527374268,1.65969610214233,1.69282269477844,1.69282269477844,-1,-1,1.99496221542358,225.432872772217,250.610828399658,33.1265926361084,283.737421035767,Instruction,Left,Right,Left,Right,Left,1,0,0,0,0,NaN,NaN,NaN,NaN,NaN,NaN,NaN,NaN,0,1,0,0,1,0,308,NaN,20260804_t1517_srsSmooth_Moretraining_B004,38,NaN,23.5139441013336,1.13649749755859,NaN,NaN,NaN,0,NaN,NaN,NaN,NaN,0
20260804_t1517_srsSmooth_Moretraining,srs_smooth_Moretraining,trial0538.mat,538,538,308,4,49,38,74,24,50,8,2,0,4,1,45,24909,1,2,1,2,2,2,2,2,2,2,SINGLE_T2_CORRECT,11,455,1,0,0,0,0,0,99,135,135,99,-36,135,1,0,10,180,10,180,-170,170,NaN,NaN,NaN,1785872483.23724,20025.74749116,2.42296838760376,0.0184004306793213,0.252245664596558,0.91884970664978,1.46012330055237,1.71915173530579,1.75225758552551,1.75225758552551,-1,-1,1.98822069168091,233.845233917236,259.028434753418,33.1058502197266,292.134284973145,Instruction,Right,Left,Left,Left,Left,1,0,0,0,0,NaN,NaN,NaN,NaN,NaN,NaN,NaN,NaN,1,0,0,0,0,0,309,NaN,20260804_t1517_srsSmooth_Moretraining_B004,39,NaN,23.5726791501045,1.13522219657898,NaN,NaN,NaN,0,NaN,NaN,NaN,NaN,0
20260804_t1517_srsSmooth_Moretraining,srs_smooth_Moretraining,trial0539.mat,539,539,309,4,50,39,74,24,50,8,2,0,3,1,31,27985,1,2,2,1,2,1,2,1,2,1,SINGLE_T2_CORRECT,11,455,1,0,0,0,0,0,121,140,140,121,-19,140,1,0,10,180,10,180,-170,170,NaN,NaN,NaN,1785872486.81524,20029.3254808,2.41155219078064,0.015545129776001,0.15802264213562,0.924842834472656,1.41560006141663,1.70809388160706,1.74119353294373,1.74119353294373,-1,-1,1.96890950202942,142.477512359619,292.49382019043,33.0996513366699,325.5934715271,Instruction,Left,Right,Right,Right,Right,1,0,0,0,0,NaN,NaN,NaN,NaN,NaN,NaN,NaN,NaN,0,1,1,0,0,0,310,NaN,20260804_t1517_srsSmooth_Moretraining_B004,40,NaN,23.632312421004,1.15502786636353,NaN,NaN,NaN,0,NaN,NaN,NaN,NaN,0
20260804_t1517_srsSmooth_Moretraining,srs_smooth_Moretraining,trial0540.mat,540,540,310,4,51,40,74,24,50,8,2,0,1,1,6,2376,1,1,1,2,2,2,1,1,1,1,SINGLE_T1_CORRECT,10,455,1,0,0,0,0,0,84,141,141,84,-57,84,1,180,0,190,180,10,170,170,NaN,NaN,NaN,1785872490.36463,20032.87483164,2.3534369468689,0.0162878036499023,0.300223588943481,0.916930198669434,1.39134216308594,1.6419095993042,1.67564940452576,1.67564940452576,-1,-1,1.96951031684875,283.935785293579,250.567436218262,33.7398052215576,284.307241439819,Instruction,Right,Left,Right,Left,Right,1,0,0,0,0,NaN,NaN,NaN,NaN,NaN,NaN,NaN,NaN,1,0,1,0,1,0,311,NaN,20260804_t1517_srsSmooth_Moretraining_B004,41,NaN,23.6914690375328,1.1378448009491,NaN,NaN,NaN,0,NaN,NaN,NaN,NaN,0
20260804_t1517_srsSmooth_Moretraining,srs_smooth_Moretraining,trial0541.mat,541,541,311,4,52,41,74,24,50,8,2,0,2,1,16,17264,1,1,2,1,2,1,1,2,1,2,SINGLE_T1_CORRECT,10,455,1,0,0,0,0,0,88,145,145,88,-57,88,1,0,180,10,180,10,170,170,NaN,NaN,NaN,1785872493.84484,20036.35502248,2.12353205680847,0.0195562839508057,0.211738586425781,0.895162343978882,1.26960563659668,1.47008609771729,1.51169872283936,1.51169872283936,-1,-1,1.73098707199097,192.182302474976,200.480461120605,41.6126251220703,242.093086242676,Instruction,Left,Right,Left,Right,Left,1,0,0,0,0,NaN,NaN,NaN,NaN,NaN,NaN,NaN,NaN,0,1,0,0,1,0,312,NaN,20260804_t1517_srsSmooth_Moretraining_B004,42,NaN,23.7494724114736,1.12676548957825,NaN,NaN,NaN,0,NaN,NaN,NaN,NaN,0
20260804_t1517_srsSmooth_Moretraining,srs_smooth_Moretraining,trial0542.mat,542,542,312,4,53,42,74,24,50,8,2,0,1,1,12,109,1,1,1,2,2,2,1,1,1,1,SINGLE_T1_CORRECT,10,455,1,0,0,0,0,0,93,147,147,93,-54,93,1,0,180,10,180,10,170,170,NaN,NaN,NaN,1785872497.09655,20039.60657592,2.51423048973083,0.0179755687713623,0.226847648620605,0.960228204727173,1.55136895179749,1.81017804145813,1.8519332408905,1.8519332408905,-1,-1,2.12097764015198,208.872079849243,258.809089660645,41.755199432373,300.564289093018,Instruction,Right,Left,Right,Left,Right,1,0,0,0,0,NaN,NaN,NaN,NaN,NaN,NaN,NaN,NaN,1,0,1,0,1,0,313,NaN,20260804_t1517_srsSmooth_Moretraining_B004,43,NaN,23.8036675572395,1.12817668914795,NaN,NaN,NaN,0,NaN,NaN,NaN,NaN,0
20260804_t1517_srsSmooth_Moretraining,srs_smooth_Moretraining,trial0543.mat,543,543,313,4,54,43,74,24,50,8,2,0,1,1,7,17015,1,1,1,2,2,2,1,1,1,1,SINGLE_T1_CORRECT,10,455,1,0,0,0,0,0,103,147,147,103,-44,103,1,180,0,190,180,10,170,170,NaN,NaN,NaN,1785872500.74852,20043.25849556,2.39604091644287,0.0161447525024414,0.208297967910767,0.900293588638306,1.46620154380798,1.64996218681335,1.69164705276489,1.69164705276489,-1,-1,1.99394106864929,192.153215408325,183.760643005371,41.6848659515381,225.445508956909,Instruction,Right,Left,Right,Left,Right,1,0,0,0,0,NaN,NaN,NaN,NaN,NaN,NaN,NaN,NaN,1,0,1,0,1,0,314,NaN,20260804_t1517_srsSmooth_Moretraining_B004,44,NaN,23.8645337939262,1.13774371147156,NaN,NaN,NaN,0,NaN,NaN,NaN,NaN,0
20260804_t1517_srsSmooth_Moretraining,srs_smooth_Moretraining,trial0544.mat,544,544,314,4,55,44,74,24,50,8,2,0,1,1,2,16378,1,1,1,2,2,2,1,1,1,1,SINGLE_T1_CORRECT,10,455,1,0,0,0,0,0,94,166,166,94,-72,94,1,180,0,190,180,10,170,170,NaN,NaN,NaN,1785872504.28731,20046.79723612,2.39867734909058,0.0191619396209717,0.269687414169312,0.894726276397705,1.46921873092651,1.7199330329895,1.76144027709961,1.76144027709961,-1,-1,2.00567364692688,250.52547454834,250.714302062988,41.5072441101074,292.221546173096,Instruction,Right,Left,Right,Left,Right,1,0,0,0,0,NaN,NaN,NaN,NaN,NaN,NaN,NaN,NaN,1,0,1,0,1,0,315,NaN,20260804_t1517_srsSmooth_Moretraining_B004,45,NaN,23.9235135912895,1.142746925354,NaN,NaN,NaN,0,NaN,NaN,NaN,NaN,0
20260804_t1517_srsSmooth_Moretraining,srs_smooth_Moretraining,trial0545.mat,545,545,315,4,56,45,74,24,50,8,2,0,4,1,43,20317,1,2,1,2,2,2,2,2,0,0,,0,11,0,1,0,0,0,0,141,173,173,141,-32,NaN,1,180,190,0,10,180,-170,170,NaN,NaN,NaN,1785872507.8556,20050.36537992,1.17092752456665,0.0176799297332764,0.226414680480957,0.943111658096313,-1,-1,-1,-1,-1,-1,-1,208.734750747681,NaN,NaN,NaN,Instruction,Right,Left,None,Left,Left,1,0,0,0,0,NaN,NaN,NaN,NaN,NaN,NaN,NaN,NaN,1,0,0,0,0,0,315,NaN,20260804_t1517_srsSmooth_Moretraining_B004,NaN,NaN,23.9829850713412,1.16961145401001,NaN,NaN,NaN,0,NaN,NaN,NaN,NaN,0
20260804_t1517_srsSmooth_Moretraining,srs_smooth_Moretraining,trial0547.mat,547,547,315,4,58,45,74,24,50,8,2,0,4,1,43,20317,1,2,1,2,2,2,2,2,2,2,SINGLE_T2_CORRECT,11,455,1,0,0,0,0,0,108,130,130,108,-22,130,1,0,10,180,10,180,-170,170,NaN,NaN,NaN,1785872511.44029,20053.94996424,2.24573493003845,0.0164575576782227,0.300085783004761,0.95040488243103,1.31650829315186,1.54218626022339,1.58357834815979,1.58357834815979,-1,-1,1.81077194213867,283.628225326538,225.677967071533,41.3920879364014,267.070055007935,Instruction,Right,Left,Left,Left,Left,1,0,0,0,0,NaN,NaN,NaN,NaN,NaN,NaN,NaN,NaN,1,0,0,0,0,0,316,NaN,20260804_t1517_srsSmooth_Moretraining_B004,46,NaN,24.0427299976349,2.41376805305481,NaN,NaN,NaN,0,NaN,NaN,NaN,NaN,0
20260804_t1517_srsSmooth_Moretraining,srs_smooth_Moretraining,trial0548.mat,548,548,316,4,59,46,74,24,50,8,2,0,2,1,13,7323,1,1,2,1,2,1,1,2,1,2,SINGLE_T1_CORRECT,10,455,1,0,0,0,0,0,104,137,137,104,-33,104,1,180,0,190,180,10,170,170,NaN,NaN,NaN,1785872514.83184,20057.341519,2.43825674057007,0.0167112350463867,0.217185497283936,0.93400764465332,1.50010228157043,1.69240212440491,1.72553586959839,1.72553586959839,-1,-1,2.036137342453,200.474262237549,192.299842834473,33.1337451934814,225.433588027954,Instruction,Left,Right,Left,Right,Left,1,0,0,0,0,NaN,NaN,NaN,NaN,NaN,NaN,NaN,NaN,0,1,0,0,1,0,317,NaN,20260804_t1517_srsSmooth_Moretraining_B004,47,NaN,24.0992557525635,1.14581036567688,NaN,NaN,NaN,0,NaN,NaN,NaN,NaN,0
20260804_t1517_srsSmooth_Moretraining,srs_smooth_Moretraining,trial0549.mat,549,549,317,4,60,47,74,24,50,8,2,0,1,1,3,7017,1,1,1,2,2,2,1,1,1,1,SINGLE_T1_CORRECT,10,455,1,0,0,0,0,0,106,143,143,106,-37,106,1,0,180,10,180,10,170,170,NaN,NaN,NaN,1785872518.43582,20060.94546484,2.40892577171326,0.0128700733184814,0.196826934814453,0.996686697006226,1.44625926017761,1.6882791519165,1.72997736930847,1.72997736930847,-1,-1,1.99863696098328,183.956861495972,242.019891738892,41.6982173919678,283.718109130859,Instruction,Right,Left,Right,Left,Right,1,0,0,0,0,NaN,NaN,NaN,NaN,NaN,NaN,NaN,NaN,1,0,1,0,1,0,318,NaN,20260804_t1517_srsSmooth_Moretraining_B004,48,NaN,24.1593221028646,1.16572427749634,NaN,NaN,NaN,0,NaN,NaN,NaN,NaN,0
20260804_t1517_srsSmooth_Moretraining,srs_smooth_Moretraining,trial0550.mat,550,550,318,4,61,48,74,24,50,8,2,0,2,1,23,22058,1,1,2,1,2,1,1,2,0,0,,0,11,0,1,0,0,0,0,91,153,153,91,-62,NaN,1,0,180,10,180,10,170,170,NaN,NaN,NaN,1785872522.00156,20064.51101728,1.53419303894043,0.0139353275299072,0.23961615562439,1.01462364196777,-1,-1,-1,-1,-1,-1,-1,225.680828094482,NaN,NaN,NaN,Instruction,Left,Right,None,Right,Left,1,0,0,0,0,NaN,NaN,NaN,NaN,NaN,NaN,NaN,NaN,0,1,0,0,1,0,318,NaN,20260804_t1517_srsSmooth_Moretraining_B004,NaN,NaN,24.2187511006991,1.15681409835815,NaN,NaN,NaN,0,NaN,NaN,NaN,NaN,0
20260804_t1517_srsSmooth_Moretraining,srs_smooth_Moretraining,trial0551.mat,551,551,318,4,62,48,74,24,50,8,2,0,2,1,23,22058,1,1,2,1,2,1,1,2,1,2,SINGLE_T1_CORRECT,10,455,1,0,0,0,0,0,97,141,141,97,-44,97,1,0,180,10,180,10,170,170,NaN,NaN,NaN,1785872524.5867,20067.09627356,2.26614308357239,0.0122249126434326,0.204570055007935,0.962736368179321,1.3289430141449,1.55459260940552,1.58776068687439,1.58776068687439,-1,-1,1.86567354202271,192.345142364502,225.64959526062,33.1680774688721,258.817672729492,Instruction,Left,Right,Left,Right,Left,1,0,0,0,0,NaN,NaN,NaN,NaN,NaN,NaN,NaN,NaN,0,1,0,0,1,0,319,NaN,20260804_t1517_srsSmooth_Moretraining_B004,49,NaN,24.2618368228277,1.05095028877258,NaN,NaN,NaN,0,NaN,NaN,NaN,NaN,0
20260804_t1517_srsSmooth_Moretraining,srs_smooth_Moretraining,trial0552.mat,552,552,319,4,63,49,74,24,50,8,2,0,1,1,1,24652,1,1,1,2,2,2,1,1,1,1,SINGLE_T1_CORRECT,10,455,1,0,0,0,0,0,119,169,169,119,-50,119,1,0,180,10,180,10,170,170,NaN,NaN,NaN,1785872528.00812,20070.51764744,2.24554514884949,0.0159409046173096,0.125098943710327,0.783397197723389,1.25765585899353,1.53320860862732,1.57495307922363,1.57495307922363,-1,-1,1.82708621025085,109.158039093018,275.552749633789,41.7444705963135,317.297220230103,Instruction,Right,Left,Right,Left,Right,1,0,0,0,0,NaN,NaN,NaN,NaN,NaN,NaN,NaN,NaN,1,0,1,0,1,0,320,NaN,20260804_t1517_srsSmooth_Moretraining_B004,50,NaN,24.3188604394595,1.15527391433716,NaN,NaN,NaN,0,NaN,NaN,NaN,NaN,0
20260804_t1517_srsSmooth_Moretraining,srs_smooth_Moretraining,trial0553.mat,553,553,320,4,64,50,74,24,50,8,2,2,8,2,69,1484,2,0,2,1,2,1,1,2,2,1,CHOSE_LOW_SAL,2,455,1,0,0,0,0,0,102,157,157,102,-55,157,1,180,279.022784136297,270.977215863703,99.0227841362967,90.9772158637033,8.0455682725933,8.0455682725933,NaN,NaN,NaN,1785872531.4215,20073.93083248,2.20777344703674,0.0193583965301514,0.219950675964355,0.736744165420532,1.22773861885071,1.48692965507507,1.52015829086304,1.52015829086304,-1,-1,1.74728536605835,200.592279434204,259.191036224365,33.2286357879639,292.419672012329,Conflict,Left,Right,Right,Right,Left,0,1,0,1,1,1,0,1,0,0,1,0,1,0,1,0,0,1,1,321,121,20260804_t1517_srsSmooth_Moretraining_B004,51,1,24.3757501284281,1.16783618927002,2,1,94,0,0,0,1,1,1
20260804_t1517_srsSmooth_Moretraining,srs_smooth_Moretraining,trial0555.mat,555,555,321,4,66,51,74,24,50,8,2,1,5,2,54,28935,2,0,1,2,2,2,2,2,1,1,CHOSE_LOW_SAL,2,455,1,0,0,0,0,0,118,150,150,118,-32,118,1,180,252.515043507318,297.484956492682,72.515043507318,117.484956492682,-44.969912985364,44.969912985364,NaN,NaN,NaN,1785872536.13309,20078.64247312,2.41178274154663,0.016282320022583,0.258324384689331,0.97528862953186,1.39133548736572,1.65854692459106,1.69176435470581,1.69176435470581,-1,-1,1.99411845207214,242.042064666748,267.211437225342,33.2174301147461,300.428867340088,Congruent,Right,Left,Right,Left,Left,0,1,1,0,1,1,1,0,0,0,0,1,1,1,0,0,0,0,1,322,122,20260804_t1517_srsSmooth_Moretraining_B004,52,2,24.4542766650518,2.50381875038147,2,1,157,1,1,0,0,1,1
20260804_t1517_srsSmooth_Moretraining,srs_smooth_Moretraining,trial0556.mat,556,556,322,4,67,52,74,24,50,8,2,1,5,2,55,12908,2,0,1,2,2,2,2,2,1,1,CHOSE_LOW_SAL,2,455,1,0,0,0,0,0,117,160,160,117,-43,117,1,0,45.6261605754255,144.373839424574,45.6261605754255,144.373839424574,-98.747678849149,98.747678849149,NaN,NaN,NaN,1785872539.68101,20082.19024004,2.27302217483521,0.0185031890869141,0.235645771026611,0.902642965316772,1.27688550949097,1.51943445205688,1.56090712547302,1.56090712547302,-1,-1,1.85489130020142,217.142581939697,242.548942565918,41.4726734161377,284.021615982056,Congruent,Right,Left,Right,Left,Left,0,1,1,0,1,1,1,0,0,0,0,1,1,1,0,0,0,0,1,323,123,20260804_t1517_srsSmooth_Moretraining_B004,53,3,24.5134085973104,1.13613319396973,1,1,118,1,0,0,1,1,1
20260804_t1517_srsSmooth_Moretraining,srs_smooth_Moretraining,trial0557.mat,557,557,323,4,68,53,74,24,50,8,2,2,7,2,63,21194,2,0,1,2,2,2,1,1,2,2,CHOSE_LOW_SAL,2,455,1,0,0,0,0,0,96,148,148,96,-52,148,1,0,95.6857441877944,94.3142558122056,95.6857441877943,94.3142558122057,1.37148837558868,1.37148837558868,NaN,NaN,NaN,1785872543.08591,20085.59502796,2.15920352935791,0.0137333869934082,0.181181192398071,0.947745084762573,1.28044939041138,1.42264366149902,1.45581340789795,1.45581340789795,-1,-1,1.70857429504395,167.447805404663,142.194271087646,33.1697463989258,175.364017486572,Conflict,Right,Left,Left,Left,Right,0,1,0,1,1,0,0,1,0,1,1,0,1,1,0,1,0,1,1,324,124,20260804_t1517_srsSmooth_Moretraining_B004,54,4,24.5701569477717,1.13187885284424,1,1,117,1,1,1,0,0,1
20260804_t1517_srsSmooth_Moretraining,srs_smooth_Moretraining,trial0558.mat,558,558,324,4,69,54,74,24,50,8,2,2,8,2,70,21602,2,0,2,1,2,1,1,2,2,1,CHOSE_LOW_SAL,2,455,1,0,0,0,0,0,105,150,150,105,-45,150,1,0,138.082856156941,51.9171438430589,138.082856156941,51.9171438430589,86.1657123138823,86.1657123138823,NaN,NaN,NaN,1785872546.39136,20088.90048816,2.11274170875549,0.0167479515075684,0.208873748779297,0.867155790328979,1.33346605300903,1.40925598144531,1.44215989112854,1.44215989112854,-1,-1,1.66176581382751,192.125797271729,75.7899284362793,32.9039096832275,108.693838119507,Conflict,Left,Right,Right,Right,Left,0,1,0,1,1,1,0,1,0,0,1,0,1,0,1,0,0,1,1,325,125,20260804_t1517_srsSmooth_Moretraining_B004,55,5,24.6252477208773,1.14624285697937,2,2,148,1,0,1,1,0,1
20260804_t1517_srsSmooth_Moretraining,srs_smooth_Moretraining,trial0559.mat,559,559,325,4,70,55,74,24,50,8,2,1,6,2,58,30008,2,0,2,1,2,1,2,1,2,1,CHOSE_HIGH_SAL,1,455,1,0,0,0,0,0,100,160,160,100,-60,160,1,0,57.2956271777408,132.704372822259,57.2956271777408,132.704372822259,-75.4087456445183,75.4087456445183,NaN,NaN,NaN,1785872549.65738,20092.16638284,2.31377601623535,0.017512321472168,0.210053443908691,0.89318585395813,1.28422832489014,1.54313254356384,1.58495879173279,1.58495879173279,-1,-1,1.85401082038879,192.541122436523,258.904218673706,41.8262481689453,300.730466842651,Congruent,Left,Right,Right,Right,Right,0,1,1,0,1,1,0,1,1,0,1,0,0,0,1,1,0,0,1,326,126,20260804_t1517_srsSmooth_Moretraining_B004,56,6,24.6796815315882,1.15328693389893,2,1,150,1,0,0,1,1,1
20260804_t1517_srsSmooth_Moretraining,srs_smooth_Moretraining,trial0560.mat,560,560,326,4,71,56,74,24,50,8,2,2,8,2,72,30066,2,0,2,1,2,1,1,2,2,1,CHOSE_LOW_SAL,2,455,1,0,0,0,0,0,84,165,165,84,-81,165,1,180,346.877413390097,203.122586609903,166.877413390097,23.1225866099029,143.754826780194,143.754826780194,NaN,NaN,NaN,1785872553.11165,20095.62060492,2.68483209609985,0.0133829116821289,0.238926649093628,1.03079462051392,1.64677906036377,1.96383762359619,1.99747848510742,1.99747848510742,-1,-1,2.21661829948425,225.543737411499,317.058563232422,33.6408615112305,350.699424743652,Conflict,Left,Right,Right,Right,Left,0,1,0,1,1,1,0,1,0,0,1,0,1,0,1,0,0,1,1,327,127,20260804_t1517_srsSmooth_Moretraining_B004,57,7,24.7372525890668,1.14048743247986,2,1,160,1,0,0,1,1,1
20260804_t1517_srsSmooth_Moretraining,srs_smooth_Moretraining,trial0563.mat,563,563,327,4,74,57,74,24,50,8,2,2,7,2,65,2094,2,0,1,2,2,2,1,1,1,1,CHOSE_HIGH_SAL,1,455,1,0,0,0,0,0,68,144,144,68,-76,68,1,180,294.546312574738,255.453687425262,114.546312574738,75.4536874252619,39.0926251494762,39.0926251494762,NaN,NaN,NaN,1785872559.67979,20102.18859476,2.37461709976196,0.0121605396270752,0.245861053466797,0.962621212005615,1.52888631820679,1.73791408538818,1.77958869934082,1.77958869934082,-1,-1,2.00702166557312,233.700513839722,209.027767181396,41.6746139526367,250.702381134033,Conflict,Right,Left,Right,Left,Right,0,1,0,1,1,1,1,0,1,0,0,1,0,1,0,1,0,1,1,328,128,20260804_t1517_srsSmooth_Moretraining_B004,58,8,24.8467216293017,3.88331031799316,2,1,165,1,1,0,0,1,1
20260804_t1517_srsSmooth_Moretraining,srs_smooth_Moretraining,trial0564.mat,564,564,328,4,75,58,74,24,50,8,2,2,8,2,73,13777,2,0,2,1,2,1,1,2,1,2,CHOSE_HIGH_SAL,1,455,1,0,0,0,0,0,110,135,135,110,-25,110,1,180,347.203011714465,202.796988285535,167.203011714465,22.7969882855351,144.40602342893,144.40602342893,NaN,NaN,NaN,1785872563.20813,20105.71677744,2.20461177825928,0.0172929763793945,0.217899560928345,0.784684181213379,1.25067400932312,1.45123982429504,1.49305534362793,1.49305534362793,-1,-1,1.79509925842285,200.60658454895,200.565814971924,41.8155193328857,242.38133430481,Conflict,Left,Right,Left,Right,Left,0,1,0,1,1,0,1,0,1,1,0,1,0,0,1,0,0,1,1,329,129,20260804_t1517_srsSmooth_Moretraining_B004,59,9,24.9055272539457,1.15372037887573,1,1,68,1,0,1,1,0,1
20260804_t1517_srsSmooth_Moretraining,srs_smooth_Moretraining,trial0565.mat,565,565,329,4,76,59,74,24,50,8,2,2,8,2,71,3360,2,0,2,1,2,1,1,2,2,1,CHOSE_LOW_SAL,2,455,1,0,0,0,0,0,118,154,154,118,-36,154,1,180,329.345986441137,220.654013558863,149.345986441137,40.6540135588625,108.691972882275,108.691972882275,NaN,NaN,NaN,1785872566.55951,20109.06827328,2.39539861679077,0.0160400867462158,0.258016586303711,1.00020718574524,1.43276214599609,1.65814781188965,1.69978046417236,1.69978046417236,-1,-1,1.94379377365112,241.976499557495,225.385665893555,41.6326522827148,267.01831817627,Conflict,Left,Right,Right,Right,Left,0,1,0,1,1,1,0,1,0,0,1,0,1,0,1,0,0,1,1,330,130,20260804_t1517_srsSmooth_Moretraining_B004,60,10,24.9613836367925,1.14677119255066,1,2,110,1,1,1,0,0,1
20260804_t1517_srsSmooth_Moretraining,srs_smooth_Moretraining,trial0566.mat,566,566,330,4,77,60,74,24,50,8,2,2,8,2,74,19144,2,0,2,1,2,1,1,2,2,1,CHOSE_LOW_SAL,2,455,1,0,0,0,0,0,73,149,149,73,-76,149,1,0,159.446630134245,30.5533698657548,159.446630134245,30.5533698657548,128.89326026849,128.89326026849,NaN,NaN,NaN,1785872570.09756,20112.6062444,2.26559233665466,0.0114643573760986,0.153595685958862,0.695181608200073,1.22817850112915,1.50397062301636,1.54560685157776,1.54560685157776,-1,-1,1.81411099433899,142.131328582764,275.792121887207,41.6362285614014,317.428350448608,Conflict,Left,Right,Right,Right,Left,0,1,0,1,1,1,0,1,0,0,1,0,1,0,1,0,0,1,1,331,131,20260804_t1517_srsSmooth_Moretraining_B004,61,11,25.0203510642052,1.14264702796936,2,1,154,1,0,0,1,1,1
20260804_t1517_srsSmooth_Moretraining,srs_smooth_Moretraining,trial0568.mat,568,568,331,4,79,61,74,24,50,8,2,2,7,2,67,12662,2,0,1,2,2,2,1,1,2,2,CHOSE_LOW_SAL,2,455,1,0,0,0,0,0,116,137,137,116,-21,137,1,0,132.005917014585,57.9940829854154,132.005917014585,57.9940829854154,74.0118340291692,74.0118340291692,NaN,NaN,NaN,1785872574.87777,20117.38630756,2.29350256919861,0.014768123626709,0.224799394607544,0.757060289382935,1.34815311431885,1.59021854400635,1.62353777885437,1.62353777885437,-1,-1,1.85925722122192,210.031270980835,242.0654296875,33.3192348480225,275.384664535522,Conflict,Right,Left,Left,Left,Right,0,1,0,1,1,0,0,1,0,1,1,0,1,1,0,1,0,1,1,332,132,20260804_t1517_srsSmooth_Moretraining_B004,62,12,25.1000213185946,2.51462292671204,2,1,149,1,0,1,1,0,1
20260804_t1517_srsSmooth_Moretraining,srs_smooth_Moretraining,trial0569.mat,569,569,332,4,80,62,74,24,50,8,2,2,7,2,66,14365,2,0,1,2,2,2,1,1,1,1,CHOSE_HIGH_SAL,1,455,1,0,0,0,0,0,98,136,136,98,-38,98,1,0,172.439584769444,17.5604152305555,172.439584769444,17.5604152305555,154.879169538889,154.879169538889,NaN,NaN,NaN,1785872578.31383,20120.82228344,2.34209299087524,0.0121724605560303,0.179309129714966,0.829314947128296,1.42889428138733,1.67937612533569,1.72142148017883,1.72142148017883,-1,-1,1.93971085548401,167.136669158936,250.481843948364,42.0453548431396,292.527198791504,Conflict,Right,Left,Right,Left,Right,0,1,0,1,1,1,1,0,1,0,0,1,0,1,0,1,0,1,1,333,133,20260804_t1517_srsSmooth_Moretraining_B004,63,13,25.1572890162468,1.14255928993225,2,2,137,1,1,1,0,0,1
20260804_t1517_srsSmooth_Moretraining,srs_smooth_Moretraining,trial0570.mat,570,570,333,4,81,63,74,24,50,8,2,1,6,2,60,7455,2,0,2,1,2,1,2,1,2,1,CHOSE_HIGH_SAL,1,455,1,0,0,0,0,0,106,147,147,106,-41,147,1,180,195.617840875544,354.382159124456,15.6178408755435,174.382159124456,-158.764318248913,158.764318248913,NaN,NaN,NaN,1785872581.81511,20124.32351208,2.33156132698059,0.0110294818878174,0.203544616699219,0.936383724212646,1.36108136177063,1.56173825263977,1.5950288772583,1.5950288772583,-1,-1,1.8802330493927,192.515134811401,200.656890869141,33.2906246185303,233.947515487671,Congruent,Left,Right,Right,Right,Right,0,1,1,0,1,1,0,1,1,0,1,0,0,0,1,1,0,0,1,334,134,20260804_t1517_srsSmooth_Moretraining_B004,64,14,25.2156436642011,1.15918588638306,1,1,98,1,1,0,0,1,1
20260804_t1517_srsSmooth_Moretraining,srs_smooth_Moretraining,trial0571.mat,571,571,334,4,82,64,74,24,50,8,2,2,7,2,64,8841,2,0,1,2,2,2,1,1,0,0,,0,11,0,1,0,0,0,0,80,132,132,80,-52,NaN,1,180,356.848497941958,193.151502058042,176.848497941958,13.1515020580418,163.696995883917,163.696995883917,NaN,NaN,NaN,1785872585.28957,20127.79786404,1.32378578186035,0.0117027759552002,0.21220588684082,0.837331056594849,-1,-1,-1,-1,-1,-1,-1,200.50311088562,NaN,NaN,NaN,Conflict,Right,Left,None,Left,Right,0,1,0,1,0,NaN,NaN,NaN,NaN,NaN,NaN,NaN,NaN,1,0,1,0,1,0,334,NaN,20260804_t1517_srsSmooth_Moretraining_B004,NaN,NaN,25.2735513607661,1.14290046691895,NaN,NaN,NaN,0,NaN,NaN,NaN,NaN,0
20260804_t1517_srsSmooth_Moretraining,srs_smooth_Moretraining,trial0590.mat,590,590,334,4,101,64,74,24,50,8,2,1,5,2,53,29491,2,0,1,2,2,2,2,2,0,0,,0,11,0,1,0,0,0,0,110,163,163,110,-53,NaN,1,180,193.882911293562,356.117088706438,13.8829112935617,176.117088706438,-162.234177412877,162.234177412877,NaN,NaN,NaN,1785872612.3675,20154.87534104,0.796172857284546,0.0181634426116943,0.135154962539673,-1,-1,-1,-1,-1,-1,-1,-1,116.991519927979,NaN,NaN,NaN,Congruent,Right,Left,None,Left,Left,0,1,1,0,0,NaN,NaN,NaN,NaN,NaN,NaN,NaN,NaN,1,0,0,0,0,0,334,NaN,20260804_t1517_srsSmooth_Moretraining_B004,NaN,NaN,25.7248501141866,25.7541394233704,NaN,NaN,NaN,0,NaN,NaN,NaN,NaN,0
20260804_t1517_srsSmooth_Moretraining,srs_smooth_Moretraining,trial0604.mat,604,604,334,4,115,64,74,24,50,8,2,1,5,2,51,7603,2,0,1,2,2,2,2,2,0,0,,0,11,0,1,0,0,0,0,77,135,135,77,-58,NaN,1,0,92.8482918364757,97.1517081635243,92.8482918364757,97.1517081635243,-4.30341632704858,4.30341632704858,NaN,NaN,NaN,1785872631.84866,20174.35605256,0.66559886932373,0.0127639770507812,0.229885816574097,-1,-1,-1,-1,-1,-1,-1,-1,217.121839523315,NaN,NaN,NaN,Congruent,Right,Left,None,Left,Left,0,1,1,0,0,NaN,NaN,NaN,NaN,NaN,NaN,NaN,NaN,1,0,0,0,0,0,334,NaN,20260804_t1517_srsSmooth_Moretraining_B004,NaN,NaN,26.0495360891024,18.6849856376648,NaN,NaN,NaN,0,NaN,NaN,NaN,NaN,0
20260804_t1517_srsSmooth_Moretraining,srs_smooth_Moretraining,trial0606.mat,606,606,334,4,117,64,74,24,50,8,2,1,6,2,59,8565,2,0,2,1,2,1,2,1,0,0,,0,11,0,1,0,0,0,0,96,169,169,96,-73,NaN,1,180,192.516588907744,357.483411092256,12.5165889077439,177.483411092256,-164.966822184512,164.966822184512,NaN,NaN,NaN,1785872634.92009,20177.42736564,0.285702466964722,0.0164518356323242,0.233576774597168,-1,-1,-1,-1,-1,-1,-1,-1,217.124938964844,NaN,NaN,NaN,Congruent,Left,Right,None,Right,Right,0,1,1,0,0,NaN,NaN,NaN,NaN,NaN,NaN,NaN,NaN,0,1,1,0,0,0,334,NaN,20260804_t1517_srsSmooth_Moretraining_B004,NaN,NaN,26.1007266243299,2.40583324432373,NaN,NaN,NaN,0,NaN,NaN,NaN,NaN,0
20260804_t1517_srsSmooth_Moretraining,srs_smooth_Moretraining,trial0608.mat,608,608,334,4,119,64,74,24,50,8,2,1,6,2,57,12920,2,0,2,1,2,1,2,1,0,0,,0,11,0,1,0,0,0,0,110,146,146,110,-36,NaN,1,180,196.96335045168,353.03664954832,16.9633504516795,173.03664954832,-156.073299096641,156.073299096641,NaN,NaN,NaN,1785872637.60579,20180.11299696,1.42648506164551,0.0141942501068115,0.289716005325317,1.04812407493591,-1,-1,-1,-1,-1,-1,-1,275.521755218506,NaN,NaN,NaN,Congruent,Left,Right,None,Right,Right,0,1,1,0,0,NaN,NaN,NaN,NaN,NaN,NaN,NaN,NaN,0,1,1,0,0,0,334,NaN,20260804_t1517_srsSmooth_Moretraining_B004,NaN,NaN,26.1454882184664,2.39999318122864,NaN,NaN,NaN,0,NaN,NaN,NaN,NaN,0
20260804_t1517_srsSmooth_Moretraining,srs_smooth_Moretraining,trial0609.mat,609,609,334,4,120,64,74,24,50,8,2,1,6,2,57,12920,2,0,2,1,2,1,2,1,0,0,,0,11,0,1,0,0,0,0,97,137,137,97,-40,NaN,1,180,228.565507626989,321.434492373011,48.5655076269895,141.434492373011,-92.8689847460211,92.8689847460211,NaN,NaN,NaN,1785872640.09375,20182.60093484,0.212205410003662,0.0179953575134277,0.152002096176147,-1,-1,-1,-1,-1,-1,-1,-1,134.00673866272,NaN,NaN,NaN,Congruent,Left,Right,None,Right,Right,0,1,1,0,0,NaN,NaN,NaN,NaN,NaN,NaN,NaN,NaN,0,1,1,0,0,0,334,NaN,20260804_t1517_srsSmooth_Moretraining_B004,NaN,NaN,26.1869542678197,1.06147789955139,NaN,NaN,NaN,0,NaN,NaN,NaN,NaN,0
20260804_t1517_srsSmooth_Moretraining,srs_smooth_Moretraining,trial0629.mat,629,629,334,4,140,64,74,24,50,8,2,1,6,2,57,12920,2,0,2,1,2,1,2,1,0,0,,0,11,0,1,0,0,0,0,92,129,129,92,-37,NaN,1,0,33.6448871156285,156.355112884371,33.6448871156285,156.355112884371,-122.710225768743,122.710225768743,NaN,NaN,NaN,1785872667.16373,20209.67043612,0.502436399459839,0.0157418251037598,0.199663162231445,-1,-1,-1,-1,-1,-1,-1,-1,183.921337127686,NaN,NaN,NaN,Congruent,Left,Right,None,Right,Right,0,1,1,0,0,NaN,NaN,NaN,NaN,NaN,NaN,NaN,NaN,0,1,1,0,0,0,334,NaN,20260804_t1517_srsSmooth_Moretraining_B004,NaN,NaN,26.6381205916405,26.8577740192413,NaN,NaN,NaN,0,NaN,NaN,NaN,NaN,0
20260804_t1517_srsSmooth_Moretraining,srs_smooth_Moretraining,trial0678.mat,678,678,334,4,189,64,74,24,50,8,2,1,5,2,56,24302,2,0,1,2,2,2,2,2,0,0,,0,11,0,1,0,0,0,0,92,136,136,92,-44,NaN,1,180,192.556319670512,357.443680329488,12.5563196705118,177.443680329488,-164.887360658976,164.887360658976,NaN,NaN,NaN,1785872733.29976,20275.80517104,0.702091693878174,0.0156447887420654,0.158232688903809,-1,-1,-1,-1,-1,-1,-1,-1,142.587900161743,NaN,NaN,NaN,Congruent,Right,Left,None,Left,Left,0,1,1,0,0,NaN,NaN,NaN,NaN,NaN,NaN,NaN,NaN,1,0,0,0,0,0,334,NaN,20260804_t1517_srsSmooth_Moretraining_B004,NaN,NaN,27.7403877894084,65.6335954666138,NaN,NaN,NaN,0,NaN,NaN,NaN,NaN,0
20260804_t1517_srsSmooth_Moretraining,srs_smooth_Moretraining,trial0821.mat,821,821,334,4,332,64,74,24,50,8,2,1,6,2,62,4068,2,0,2,1,2,1,2,1,0,0,,0,11,0,1,0,0,0,0,90,139,139,90,-49,NaN,1,180,207.979626595162,342.020373404838,27.9796265951616,162.020373404838,-134.040746809677,134.040746809677,NaN,NaN,NaN,1785872927.30303,20469.80456456,0.848000049591064,0.0115964412689209,0.203734874725342,0.787388324737549,-1,-1,-1,-1,-1,-1,-1,192.138433456421,NaN,NaN,NaN,Congruent,Left,Right,None,Right,Right,0,1,1,0,0,NaN,NaN,NaN,NaN,NaN,NaN,NaN,NaN,0,1,1,0,0,0,334,NaN,20260804_t1517_srsSmooth_Moretraining_B004,NaN,NaN,30.9737756331762,193.30117893219,NaN,NaN,NaN,0,NaN,NaN,NaN,NaN,0
20260804_t1517_srsSmooth_Moretraining,srs_smooth_Moretraining,trial0824.mat,824,824,334,4,335,64,74,24,50,8,2,1,5,2,53,29491,2,0,1,2,2,2,2,2,0,0,,0,11,0,1,0,0,0,0,111,129,129,111,-18,NaN,1,0,22.7588058431483,167.241194156852,22.7588058431483,167.241194156852,-144.482388313703,144.482388313703,NaN,NaN,NaN,1785872931.8778,20474.37921,1.19035768508911,0.0120072364807129,0.254154920578003,0.854144096374512,-1,-1,-1,-1,-1,-1,-1,242.14768409729,NaN,NaN,NaN,Congruent,Right,Left,None,Left,Left,0,1,1,0,0,NaN,NaN,NaN,NaN,NaN,NaN,NaN,NaN,1,0,0,0,0,0,334,NaN,20260804_t1517_srsSmooth_Moretraining_B004,NaN,NaN,31.0500217636426,3.72676777839661,NaN,NaN,NaN,0,NaN,NaN,NaN,NaN,0
20260804_t1517_srsSmooth_Moretraining,srs_smooth_Moretraining,trial0903.mat,903,903,334,4,414,64,74,24,50,8,2,1,6,2,61,4060,2,0,2,1,2,1,2,1,1,2,CHOSE_LOW_SAL,2,455,1,0,0,0,0,0,89,149,149,89,-60,89,1,0,80.8903087204745,109.109691279525,80.8903087204745,109.109691279525,-28.2193825590509,28.2193825590509,NaN,NaN,NaN,1785873039.89936,20582.3985348,2.33233451843262,0.0113601684570312,0.286839962005615,0.820277452468872,1.42808318138123,1.67070293426514,1.71192622184753,1.71192622184753,-1,-1,1.93885707855225,275.479793548584,242.619752883911,41.2232875823975,283.843040466309,Congruent,Left,Right,Left,Right,Right,0,1,1,0,1,0,1,0,0,1,0,1,1,0,1,1,0,0,1,335,135,20260804_t1517_srsSmooth_Moretraining_B004,65,15,32.8503811875979,106.831207752228,2,1,147,1,1,1,0,0,1
20260804_t1517_srsSmooth_Moretraining,srs_smooth_Moretraining,trial0929.mat,929,929,335,4,440,65,74,24,50,8,2,1,5,2,51,7603,2,0,1,2,2,2,2,2,0,0,,0,11,0,1,0,0,0,0,111,165,165,111,-54,NaN,1,180,203.716558730116,346.283441269884,23.7165587301158,166.283441269884,-142.566882539768,142.566882539768,NaN,NaN,NaN,1785873077.20428,20619.70267824,0.585761785507202,0.0162360668182373,0.0172324180603027,-1,-1,-1,-1,-1,-1,-1,-1,0.99635124206543,NaN,NaN,NaN,Congruent,Right,Left,None,Left,Left,0,1,1,0,0,NaN,NaN,NaN,NaN,NaN,NaN,NaN,NaN,1,0,0,0,0,0,335,NaN,20260804_t1517_srsSmooth_Moretraining_B004,NaN,NaN,33.4721297820409,34.9725811481476,NaN,NaN,NaN,0,NaN,NaN,NaN,NaN,0
20260804_t1517_srsSmooth_Moretraining,srs_smooth_Moretraining,trial0939.mat,939,939,335,4,450,65,74,24,50,8,2,2,7,2,64,8841,2,0,1,2,2,2,1,1,0,0,,0,11,0,1,0,0,0,0,100,130,130,100,-30,NaN,1,180,356.874342112626,193.125657887374,176.874342112626,13.1256578873737,163.748684225253,163.748684225253,NaN,NaN,NaN,1785873090.89453,20633.3926428,0.546332120895386,0.018183708190918,0.210296630859375,-1,-1,-1,-1,-1,-1,-1,-1,192.112922668457,NaN,NaN,NaN,Conflict,Right,Left,None,Left,Right,0,1,0,1,0,NaN,NaN,NaN,NaN,NaN,NaN,NaN,NaN,1,0,1,0,1,0,335,NaN,20260804_t1517_srsSmooth_Moretraining_B004,NaN,NaN,33.7003006100655,13.1044878959656,NaN,NaN,NaN,0,NaN,NaN,NaN,NaN,0
20260804_t1517_srsSmooth_Moretraining,srs_smooth_Moretraining,trial0948.mat,948,948,335,4,459,65,74,24,50,8,2,1,5,2,51,7603,2,0,1,2,2,2,2,2,0,0,,0,11,0,1,0,0,0,0,83,149,149,83,-66,NaN,1,180,248.500891878191,301.499108121809,68.5008918781907,121.499108121809,-52.9982162436186,52.9982162436186,NaN,NaN,NaN,1785873103.32331,20645.82105556,0.717589139938354,0.0148818492889404,0.282309770584106,-1,-1,-1,-1,-1,-1,-1,-1,267.427921295166,NaN,NaN,NaN,Congruent,Right,Left,None,Left,Left,0,1,1,0,0,NaN,NaN,NaN,NaN,NaN,NaN,NaN,NaN,1,0,0,0,0,0,335,NaN,20260804_t1517_srsSmooth_Moretraining_B004,NaN,NaN,33.9074469923973,11.8824508190155,NaN,NaN,NaN,0,NaN,NaN,NaN,NaN,0
20260804_t1517_srsSmooth_Moretraining,srs_smooth_Moretraining,trial1003.mat,1003,1003,335,4,514,65,74,24,50,8,2,1,5,2,56,24302,2,0,1,2,2,2,2,2,0,0,,0,11,0,1,0,0,0,0,104,159,159,104,-55,NaN,1,0,10.6423541830139,179.357645816986,10.6423541830139,179.357645816986,-168.715291633972,168.715291633972,NaN,NaN,NaN,1785873178.41529,20720.91163284,0.204033613204956,0.0174863338470459,0.142989158630371,-1,-1,-1,-1,-1,-1,-1,-1,125.502824783325,NaN,NaN,NaN,Congruent,Right,Left,None,Left,Left,0,1,1,0,0,NaN,NaN,NaN,NaN,NaN,NaN,NaN,NaN,1,0,0,0,0,0,335,NaN,20260804_t1517_srsSmooth_Moretraining_B004,NaN,NaN,35.1589799483617,74.374388217926,NaN,NaN,NaN,0,NaN,NaN,NaN,NaN,0
20260804_t1517_srsSmooth_Moretraining,srs_smooth_Moretraining,trial1087.mat,1087,1087,335,4,598,65,74,24,50,8,2,1,6,2,57,12920,2,0,2,1,2,1,2,1,0,0,,0,11,0,1,0,0,0,0,118,163,163,118,-45,NaN,1,0,33.132461519258,156.867538480742,33.132461519258,156.867538480742,-123.735076961484,123.735076961484,NaN,NaN,NaN,1785873612.35763,21154.84513716,0.962347507476807,0.0171589851379395,0.284249305725098,0.834443330764771,-1,-1,-1,-1,-1,-1,-1,267.090320587158,NaN,NaN,NaN,Congruent,Left,Right,None,Right,Right,0,1,1,0,0,NaN,NaN,NaN,NaN,NaN,NaN,NaN,NaN,0,1,1,0,0,0,335,NaN,20260804_t1517_srsSmooth_Moretraining_B004,NaN,NaN,42.3913523038228,433.738307714462,NaN,NaN,NaN,0,NaN,NaN,NaN,NaN,0
20260804_t1517_srsSmooth_Moretraining,srs_smooth_Moretraining,trial1116.mat,1116,1116,335,4,627,65,74,24,50,8,2,1,5,2,52,7125,2,0,1,2,2,2,2,2,0,0,,0,11,0,1,0,0,0,0,127,152,152,127,-25,NaN,1,0,62.366457569293,127.633542430707,62.366457569293,127.633542430707,-65.267084861414,65.267084861414,NaN,NaN,NaN,1785873651.99712,21194.48400996,0.16496753692627,0.0125718116760254,0.113364219665527,-1,-1,-1,-1,-1,-1,-1,-1,100.792407989502,NaN,NaN,NaN,Congruent,Right,Left,None,Left,Left,0,1,1,0,0,NaN,NaN,NaN,NaN,NaN,NaN,NaN,NaN,1,0,0,0,0,0,335,NaN,20260804_t1517_srsSmooth_Moretraining_B004,NaN,NaN,43.0520103931427,38.6771378517151,NaN,NaN,NaN,0,NaN,NaN,NaN,NaN,0
20260804_t1517_srsSmooth_Moretraining,srs_smooth_Moretraining,trial1159.mat,1159,1159,335,4,670,65,74,24,50,8,2,1,5,2,53,29491,2,0,1,2,2,2,2,2,0,0,,0,11,0,1,0,0,0,0,100,167,167,100,-67,NaN,1,0,76.2686040142036,113.731395985796,76.2686040142036,113.731395985796,-37.4627919715929,37.4627919715929,NaN,NaN,NaN,1785873709.79541,21252.28121332,0.919530391693115,0.0165205001831055,0.0176610946655273,0.667133092880249,-1,-1,-1,-1,-1,-1,-1,1.14059448242188,NaN,NaN,NaN,Congruent,Right,Left,None,Left,Left,0,1,1,0,0,NaN,NaN,NaN,NaN,NaN,NaN,NaN,NaN,1,0,0,0,0,0,335,NaN,20260804_t1517_srsSmooth_Moretraining_B004,NaN,NaN,44.0153152624766,57.6333246231079,NaN,NaN,NaN,0,NaN,NaN,NaN,NaN,0
20260804_t1517_srsSmooth_Moretraining,srs_smooth_Moretraining,trial1171.mat,1171,1171,335,4,682,65,74,24,50,8,2,1,5,2,56,24302,2,0,1,2,2,2,2,2,0,0,,0,11,0,1,0,0,0,0,114,151,151,114,-37,NaN,1,180,269.004505801376,280.995494198624,89.0045058013756,100.995494198624,-11.9909883972489,11.9909883972489,NaN,NaN,NaN,1785873726.53885,21269.02420032,0.393173217773438,0.0153906345367432,0.282538890838623,-1,-1,-1,-1,-1,-1,-1,-1,267.14825630188,NaN,NaN,NaN,Congruent,Right,Left,None,Left,Left,0,1,1,0,0,NaN,NaN,NaN,NaN,NaN,NaN,NaN,NaN,1,0,0,0,0,0,335,NaN,20260804_t1517_srsSmooth_Moretraining_B004,NaN,NaN,44.2943726936976,15.8239154815674,NaN,NaN,NaN,0,NaN,NaN,NaN,NaN,0
20260804_t1517_srsSmooth_Moretraining,srs_smooth_Moretraining,trial1182.mat,1182,1182,335,4,693,65,74,24,50,8,2,1,5,2,53,29491,2,0,1,2,2,2,2,2,0,0,,0,454,0,1,0,0,0,0,102,157,157,102,-55,NaN,1,0,17.6024164182571,172.397583581743,17.6024164182571,172.397583581743,-154.795167163486,154.795167163486,NaN,NaN,NaN,1785873741.48354,21283.9685238,1.54152774810791,0.0129470825195312,0.146862983703613,0.680127620697021,1.10465598106384,1.40546536445618,-1,-1,-1,-1,-1,133.915901184082,300.809383392334,NaN,NaN,Congruent,Right,Left,None,Left,Left,0,1,1,0,0,NaN,NaN,NaN,NaN,NaN,NaN,NaN,NaN,1,0,0,0,0,0,335,NaN,20260804_t1517_srsSmooth_Moretraining_B004,NaN,NaN,44.5434508721034,14.5515174865723,NaN,NaN,NaN,0,NaN,NaN,NaN,NaN,0
20260804_t1517_srsSmooth_Moretraining,srs_smooth_Moretraining,trial1226.mat,1226,1226,335,4,737,65,74,24,50,8,2,1,5,2,51,7603,2,0,1,2,2,2,2,2,0,0,,0,11,0,1,0,0,0,0,139,151,151,139,-12,NaN,1,0,67.166960638605,122.833039361395,67.166960638605,122.833039361395,-55.66607872279,55.66607872279,NaN,NaN,NaN,1785873803.32054,21345.80439068,0.606655359268188,0.011704683303833,0.237162113189697,-1,-1,-1,-1,-1,-1,-1,-1,225.457429885864,NaN,NaN,NaN,Congruent,Right,Left,None,Left,Left,0,1,1,0,0,NaN,NaN,NaN,NaN,NaN,NaN,NaN,NaN,1,0,0,0,0,0,335,NaN,20260804_t1517_srsSmooth_Moretraining_B004,NaN,NaN,45.5740673780441,60.2954626083374,NaN,NaN,NaN,0,NaN,NaN,NaN,NaN,0
